# PIMCID: 90c3473b-d754-47ac-8e97-3e968a3d4b81
#      0.000E+00       5.000E-01       1.000E+00       1.500E+00       2.000E+00       2.500E+00       3.000E+00       3.500E+00       4.000E+00       4.500E+00       5.000E+00       5.500E+00       6.000E+00       6.500E+00       7.000E+00       7.500E+00       8.000E+00       8.500E+00       9.000E+00       9.500E+00       1.000E+01       1.050E+01       1.100E+01       1.150E+01       1.200E+01       1.250E+01       1.300E+01       1.350E+01       1.400E+01       1.450E+01       1.500E+01       1.550E+01       1.600E+01       1.650E+01       1.700E+01       1.750E+01       1.800E+01       1.850E+01       1.900E+01       1.950E+01       2.000E+01       2.050E+01       2.100E+01       2.150E+01       2.200E+01       2.250E+01       2.300E+01       2.350E+01       2.400E+01       2.450E+01       2.500E+01       2.550E+01       2.600E+01       2.650E+01       2.700E+01       2.750E+01       2.800E+01       2.850E+01       2.900E+01       2.950E+01       3.000E+01       3.050E+01       3.100E+01       3.150E+01       3.200E+01       3.250E+01       3.300E+01       3.350E+01       3.400E+01       3.450E+01       3.500E+01       3.550E+01       3.600E+01       3.650E+01       3.700E+01       3.750E+01       3.800E+01       3.850E+01       3.900E+01       3.950E+01       4.000E+01       4.050E+01       4.100E+01       4.150E+01       4.200E+01       4.250E+01       4.300E+01       4.350E+01       4.400E+01       4.450E+01       4.500E+01       4.550E+01       4.600E+01       4.650E+01       4.700E+01       4.750E+01       4.800E+01       4.850E+01       4.900E+01       4.950E+01       5.000E+01       5.050E+01       5.100E+01       5.150E+01       5.200E+01       5.250E+01       5.300E+01       5.350E+01       5.400E+01       5.450E+01       5.500E+01       5.550E+01       5.600E+01       5.650E+01       5.700E+01       5.750E+01       5.800E+01       5.850E+01       5.900E+01       5.950E+01       6.000E+01       6.050E+01       6.100E+01       6.150E+01       6.200E+01       6.250E+01       6.300E+01       6.350E+01       6.400E+01       6.450E+01       6.500E+01       6.550E+01       6.600E+01       6.650E+01       6.700E+01       6.750E+01       6.800E+01       6.850E+01       6.900E+01       6.950E+01       7.000E+01       7.050E+01       7.100E+01       7.150E+01       7.200E+01       7.250E+01       7.300E+01       7.350E+01       7.400E+01       7.450E+01       7.500E+01       7.550E+01       7.600E+01       7.650E+01       7.700E+01       7.750E+01       7.800E+01       7.850E+01       7.900E+01       7.950E+01       8.000E+01       8.050E+01       8.100E+01       8.150E+01       8.200E+01       8.250E+01       8.300E+01       8.350E+01       8.400E+01       8.450E+01       8.500E+01       8.550E+01       8.600E+01       8.650E+01       8.700E+01       8.750E+01       8.800E+01       8.850E+01       8.900E+01       8.950E+01       9.000E+01       9.050E+01       9.100E+01       9.150E+01       9.200E+01       9.250E+01       9.300E+01       9.350E+01       9.400E+01       9.450E+01       9.500E+01       9.550E+01       9.600E+01       9.650E+01       9.700E+01       9.750E+01       9.800E+01       9.850E+01       9.900E+01       9.950E+01
  3.19750437E-01  3.85483645E-01  3.75249862E-01  3.02691430E-01  2.31934762E-01  2.10762452E-01  2.63361949E-01  3.48757737E-01  3.92755155E-01  3.56355451E-01  2.78685611E-01  2.16899730E-01  2.16667791E-01  2.89779014E-01  3.75297508E-01  3.91324232E-01  3.32103511E-01  2.52993021E-01  2.04902595E-01  2.33990279E-01  3.25242983E-01  3.91198833E-01  3.76758811E-01  3.04799149E-01  2.29034805E-01  2.04089723E-01  2.63932647E-01  3.55106563E-01  3.93587751E-01  3.57423934E-01  2.76554100E-01  2.12001727E-01  2.18548852E-01  2.96496897E-01  3.76609951E-01  3.88098529E-01  3.31391707E-01  2.49554799E-01  2.04153877E-01  2.40729378E-01  3.30561078E-01  3.88713786E-01  3.76963827E-01  3.03370373E-01  2.21964893E-01  2.05743722E-01  2.69745243E-01  3.58065950E-01  3.95011090E-01  3.56562720E-01  2.72298904E-01  2.07917583E-01  2.20437974E-01  3.01534861E-01  3.79143609E-01  3.88159903E-01  3.27759644E-01  2.45751777E-01  2.05345437E-01  2.42991530E-01  3.34948454E-01  3.91446520E-01  3.70422281E-01  2.99703214E-01  2.26044747E-01  2.06216121E-01  2.69423488E-01  3.62079531E-01  3.93392690E-01  3.51438845E-01  2.74794237E-01  2.13112335E-01  2.19728739E-01  3.01382768E-01  3.79093419E-01  3.83960000E-01  3.26696286E-01  2.52007963E-01  2.08121646E-01  2.42426520E-01  3.32988798E-01  3.84633857E-01  3.67014208E-01  3.01211815E-01  2.31953528E-01  2.14758615E-01  2.72689001E-01  3.53339176E-01  3.84242664E-01  3.46677519E-01  2.76191707E-01  2.22879625E-01  2.30580518E-01  2.96627328E-01  3.63967932E-01  3.76035403E-01  3.28850997E-01  2.60292843E-01  2.21421599E-01  2.46978454E-01  3.19489863E-01  3.70731672E-01  3.62354080E-01  3.10316771E-01  2.47507706E-01  2.23366744E-01  2.67751829E-01  3.38019838E-01  3.72116512E-01  3.50319818E-01  2.91317281E-01  2.34770813E-01  2.33176430E-01  2.87787719E-01  3.52241994E-01  3.70453858E-01  3.33373223E-01  2.70528578E-01  2.30464438E-01  2.49194426E-01  3.11194221E-01  3.62248392E-01  3.59989259E-01  3.14835904E-01  2.55609231E-01  2.33053832E-01  2.70068883E-01  3.32791215E-01  3.61577837E-01  3.46171184E-01  2.95659477E-01  2.41891569E-01  2.42070461E-01  2.95561393E-01  3.45246364E-01  3.59828708E-01  3.30860212E-01  2.72613417E-01  2.33476737E-01  2.58461579E-01  3.17696884E-01  3.54700851E-01  3.50359507E-01  3.12706577E-01  2.54186523E-01  2.34476561E-01  2.78141326E-01  3.35329825E-01  3.58198379E-01  3.43728437E-01  2.91018868E-01  2.37084346E-01  2.40831063E-01  2.98213721E-01  3.48987209E-01  3.63489610E-01  3.30776216E-01  2.67836274E-01  2.27284669E-01  2.51795366E-01  3.18795974E-01  3.64928966E-01  3.58727145E-01  3.09907514E-01  2.47625997E-01  2.23501212E-01  2.72522881E-01  3.42053330E-01  3.70400212E-01  3.47231854E-01  2.86955231E-01  2.30284566E-01  2.30788398E-01  2.97149385E-01  3.60442998E-01  3.70033252E-01  3.30691824E-01  2.63521626E-01  2.18715632E-01  2.46375992E-01  3.22195019E-01  3.73149878E-01  3.65419016E-01  3.08185519E-01  2.40324181E-01  2.16838164E-01  2.67756049E-01  3.44336962E-01  3.82234768E-01  3.52414529E-01  2.79714655E-01  2.21707738E-01  2.24031847E-01  2.91211779E-01  3.66968663E-01  3.86956750E-01  3.31465651E-01  2.53454090E-01  2.12287257E-01  2.40477332E-01
  2.61641586E-01  2.91911629E-01  3.28252731E-01  3.33000236E-01  3.15349606E-01  2.93228286E-01  2.64358299E-01  2.64033076E-01  3.04391762E-01  3.34085085E-01  3.27319933E-01  3.10373793E-01  2.86460871E-01  2.57745148E-01  2.73247719E-01  3.19389303E-01  3.36790719E-01  3.20868604E-01  3.03476132E-01  2.73542836E-01  2.56572902E-01  2.90745553E-01  3.31666962E-01  3.29971935E-01  3.12596661E-01  2.95838102E-01  2.65342399E-01  2.63332074E-01  3.07334898E-01  3.37818223E-01  3.24985851E-01  3.04670298E-01  2.87126543E-01  2.61002717E-01  2.73326726E-01  3.20999674E-01  3.36326972E-01  3.21151275E-01  3.03104968E-01  2.74548946E-01  2.55636977E-01  2.87443878E-01  3.31602642E-01  3.35227156E-01  3.16545060E-01  2.93008864E-01  2.63628516E-01  2.60256920E-01  3.04812334E-01  3.39449696E-01  3.30177015E-01  3.09767154E-01  2.82151304E-01  2.55731246E-01  2.72319025E-01  3.21758162E-01  3.44329222E-01  3.25427458E-01  2.97062326E-01  2.69215621E-01  2.57074441E-01  2.88767833E-01  3.32600327E-01  3.41320585E-01  3.16637832E-01  2.87790144E-01  2.60614211E-01  2.62036549E-01  3.05666930E-01  3.41389836E-01  3.35653745E-01  3.06491643E-01  2.77801526E-01  2.54303493E-01  2.72033862E-01  3.21156670E-01  3.44879923E-01  3.26422963E-01  2.99713120E-01  2.66506722E-01  2.53270122E-01  2.86311613E-01  3.31859476E-01  3.42173813E-01  3.22451896E-01  2.87036482E-01  2.53057044E-01  2.60709404E-01  3.04705860E-01  3.39214832E-01  3.40566110E-01  3.13435948E-01  2.71003765E-01  2.50552986E-01  2.75437403E-01  3.19419532E-01  3.41711348E-01  3.33755690E-01  2.96796401E-01  2.58068986E-01  2.54662122E-01  2.93626073E-01  3.32885479E-01  3.45267693E-01  3.22681219E-01  2.78214228E-01  2.50449535E-01  2.68707801E-01  3.11806990E-01  3.43967854E-01  3.42853946E-01  3.03868811E-01  2.59023904E-01  2.50399366E-01  2.85980723E-01  3.32974573E-01  3.50326456E-01  3.30372876E-01  2.83802650E-01  2.47033801E-01  2.59567141E-01  3.08470507E-01  3.44897092E-01  3.46261210E-01  3.14390115E-01  2.64687575E-01  2.45278102E-01  2.76694841E-01  3.28588468E-01  3.49834451E-01  3.34947501E-01  2.93693193E-01  2.56178668E-01  2.53098703E-01  2.95019661E-01  3.38883294E-01  3.42183164E-01  3.19160392E-01  2.83918801E-01  2.52919362E-01  2.64197086E-01  3.11798540E-01  3.40525388E-01  3.38010425E-01  3.12036393E-01  2.73473443E-01  2.52381014E-01  2.73816183E-01  3.21902098E-01  3.45266500E-01  3.31122521E-01  2.98022634E-01  2.65450932E-01  2.52221028E-01  2.88725340E-01  3.37148166E-01  3.42614165E-01  3.19362686E-01  2.88817140E-01  2.57251912E-01  2.58154098E-01  3.07804627E-01  3.41867760E-01  3.33767321E-01  3.13248466E-01  2.79637259E-01  2.51012613E-01  2.71513727E-01  3.21837215E-01  3.37641728E-01  3.30161224E-01  3.04888276E-01  2.67648508E-01  2.52531915E-01  2.89075738E-01  3.29162420E-01  3.37185615E-01  3.25955243E-01  2.92569318E-01  2.59717971E-01  2.60897045E-01  2.99955970E-01  3.31530977E-01  3.37056348E-01  3.18163289E-01  2.83808594E-01  2.58322426E-01  2.72288082E-01  3.09116294E-01  3.34421641E-01  3.32179907E-01  3.05545757E-01  2.76980390E-01  2.59261570E-01  2.82662038E-01  3.18654553E-01  3.35967086E-01  3.22082706E-01  2.98566259E-01  2.71553419E-01
  2.45522865E-01  3.39360341E-01  3.94150632E-01  3.74488039E-01  2.96885304E-01  2.19280405E-01  2.05407018E-01  2.74394577E-01  3.62445554E-01  3.95841562E-01  3.56231435E-01  2.70580501E-01  2.02667074E-01  2.18961049E-01  3.05049208E-01  3.82884703E-01  3.93692956E-01  3.31530280E-01  2.41635562E-01  1.95831470E-01  2.40835453E-01  3.34290418E-01  3.95701707E-01  3.81347311E-01  3.01994737E-01  2.18354074E-01  2.00879025E-01  2.70677063E-01  3.63318499E-01  3.97909934E-01  3.57225604E-01  2.71250537E-01  2.04382632E-01  2.17632931E-01  3.04657647E-01  3.81362938E-01  3.92958033E-01  3.30047041E-01  2.42199449E-01  1.99715737E-01  2.43423378E-01  3.35320279E-01  3.94610536E-01  3.75837439E-01  2.97888658E-01  2.20935844E-01  2.03143001E-01  2.72510647E-01  3.64748679E-01  3.93526092E-01  3.52610692E-01  2.72579619E-01  2.07725964E-01  2.19039395E-01  3.04727881E-01  3.78747188E-01  3.84638405E-01  3.27969794E-01  2.47439792E-01  2.04387602E-01  2.43957556E-01  3.30850557E-01  3.87501991E-01  3.69776172E-01  3.03627269E-01  2.28129578E-01  2.07690117E-01  2.73686025E-01  3.57030412E-01  3.85567768E-01  3.51651763E-01  2.78358199E-01  2.13535106E-01  2.25133084E-01  3.03189853E-01  3.67938888E-01  3.76320202E-01  3.34653650E-01  2.55125773E-01  2.07185287E-01  2.48882621E-01  3.27271444E-01  3.69966381E-01  3.70529362E-01  3.14699348E-01  2.31888141E-01  2.13161693E-01  2.74818419E-01  3.42054431E-01  3.73831121E-01  3.59148440E-01  2.86760227E-01  2.14779041E-01  2.28667982E-01  3.02024641E-01  3.57021114E-01  3.72948897E-01  3.40554343E-01  2.57243171E-01  2.10379278E-01  2.52067920E-01  3.26412901E-01  3.65421433E-01  3.64854942E-01  3.13008817E-01  2.35483585E-01  2.15890289E-01  2.78170146E-01  3.46976401E-01  3.69261401E-01  3.51264201E-01  2.88705802E-01  2.19063913E-01  2.29375383E-01  3.03032244E-01  3.60613836E-01  3.69969185E-01  3.34104963E-01  2.58369530E-01  2.11790898E-01  2.48543455E-01  3.25602608E-01  3.72564429E-01  3.65426568E-01  3.08838907E-01  2.34977596E-01  2.14142675E-01  2.75072454E-01  3.47100043E-01  3.77364562E-01  3.53171309E-01  2.85051225E-01  2.16156069E-01  2.25674999E-01  3.02520197E-01  3.64709000E-01  3.77525159E-01  3.33170015E-01  2.53687677E-01  2.09584649E-01  2.48652918E-01  3.28622329E-01  3.79397907E-01  3.70270754E-01  3.01940172E-01  2.29217218E-01  2.15712657E-01  2.75282153E-01  3.52302322E-01  3.86339804E-01  3.50238305E-01  2.72937482E-01  2.15019506E-01  2.28968690E-01  3.03455483E-01  3.76692115E-01  3.80943243E-01  3.22007490E-01  2.45043967E-01  2.10632517E-01  2.51767949E-01  3.37693116E-01  3.85748934E-01  3.63848054E-01  2.94012129E-01  2.26948290E-01  2.14795370E-01  2.78391819E-01  3.63332261E-01  3.87647325E-01  3.41733705E-01  2.72587980E-01  2.12920652E-01  2.27490730E-01  3.12406733E-01  3.80478811E-01  3.75274883E-01  3.21440377E-01  2.44931072E-01  2.07389396E-01  2.53424364E-01  3.41977149E-01  3.88258692E-01  3.65924283E-01  2.97729366E-01  2.19706043E-01  2.09388544E-01  2.82000928E-01  3.67001812E-01  3.91337215E-01  3.48735524E-01  2.65807806E-01  2.05252685E-01  2.25923513E-01  3.10284979E-01  3.84748649E-01  3.86442813E-01  3.23249446E-01  2.38265535E-01  2.02371115E-01
  3.27911167E-01  3.40341902E-01  3.13973300E-01  2.79760125E-01  2.69467512E-01  2.75493006E-01  3.00084447E-01  3.36065838E-01  3.38546891E-01  2.97151139E-01  2.68728480E-01  2.72825750E-01  2.87201061E-01  3.13951082E-01  3.40517166E-01  3.22502905E-01  2.81533826E-01  2.72500485E-01  2.82112933E-01  2.95797254E-01  3.24178292E-01  3.34313571E-01  3.07040365E-01  2.72049682E-01  2.75827853E-01  2.90869063E-01  3.05145364E-01  3.27374240E-01  3.26957098E-01  2.89910856E-01  2.71721197E-01  2.84421759E-01  2.96775714E-01  3.09311817E-01  3.28664499E-01  3.19383611E-01  2.82060395E-01  2.72201276E-01  2.86127954E-01  2.98147125E-01  3.16157898E-01  3.35122499E-01  3.11068060E-01  2.73424401E-01  2.71759071E-01  2.88146115E-01  3.06274317E-01  3.29720828E-01  3.32778410E-01  2.94262985E-01  2.66714432E-01  2.73846945E-01  2.91618077E-01  3.18000461E-01  3.42845328E-01  3.21664028E-01  2.80437362E-01  2.63964448E-01  2.73887844E-01  2.97291979E-01  3.34117945E-01  3.44409619E-01  3.06376511E-01  2.70127870E-01  2.61011225E-01  2.75585149E-01  3.14946321E-01  3.47281792E-01  3.36445280E-01  2.91465874E-01  2.59233690E-01  2.55356646E-01  2.89300436E-01  3.34530276E-01  3.56212318E-01  3.23071111E-01  2.74429439E-01  2.48799532E-01  2.61276330E-01  3.02143173E-01  3.49458021E-01  3.55735342E-01  3.07892440E-01  2.59564478E-01  2.48020736E-01  2.73570960E-01  3.16879551E-01  3.55377947E-01  3.46740276E-01  2.93183829E-01  2.49964729E-01  2.53073297E-01  2.86785209E-01  3.27121971E-01  3.56014030E-01  3.34953425E-01  2.78098842E-01  2.50285438E-01  2.58042916E-01  2.94198037E-01  3.40933507E-01  3.57449309E-01  3.15322017E-01  2.69909166E-01  2.50391895E-01  2.64550088E-01  3.11772554E-01  3.48271228E-01  3.42934297E-01  3.04087967E-01  2.62461839E-01  2.49480152E-01  2.76708846E-01  3.22056632E-01  3.51988000E-01  3.35115311E-01  2.86543686E-01  2.52686429E-01  2.55463024E-01  2.93255803E-01  3.37225541E-01  3.52386423E-01  3.19185595E-01  2.76241132E-01  2.49337431E-01  2.63275610E-01  3.06347709E-01  3.44730020E-01  3.44907520E-01  3.10222613E-01  2.67225925E-01  2.48780688E-01  2.75152589E-01  3.16607112E-01  3.48628097E-01  3.40374662E-01  3.00126310E-01  2.56176124E-01  2.49257915E-01  2.83981640E-01  3.32106296E-01  3.53880493E-01  3.28570762E-01  2.83779251E-01  2.50254109E-01  2.58725088E-01  2.97979336E-01  3.43339336E-01  3.48793666E-01  3.14108638E-01  2.67816929E-01  2.50475336E-01  2.69967632E-01  3.16047758E-01  3.49352428E-01  3.37908776E-01  3.00371141E-01  2.61869708E-01  2.53635696E-01  2.84176590E-01  3.27639525E-01  3.47191183E-01  3.27683573E-01  2.87093120E-01  2.57245523E-01  2.63639580E-01  2.99626223E-01  3.36812333E-01  3.42337306E-01  3.12906922E-01  2.75025312E-01  2.58170857E-01  2.72147237E-01  3.11701385E-01  3.43228086E-01  3.32526349E-01  2.98205294E-01  2.71556286E-01  2.61079615E-01  2.82420618E-01  3.24930627E-01  3.46451400E-01  3.19502191E-01  2.87623484E-01  2.70007409E-01  2.65826973E-01  2.93099111E-01  3.40719229E-01  3.43042026E-01  3.03688663E-01  2.78368832E-01  2.65637183E-01  2.69564057E-01  3.12167527E-01  3.48800078E-01  3.28906673E-01  2.94170453E-01  2.73255490E-01  2.66180167E-01  2.86095232E-01
  4.07667215E-01  3.88658496E-01  3.02901693E-01  2.05167801E-01  1.87703781E-01  2.67606098E-01  3.69038231E-01  4.09781154E-01  3.65351536E-01  2.66626863E-01  1.91354309E-01  2.06839907E-01  3.02928003E-01  3.92906676E-01  4.03709149E-01  3.34090219E-01  2.35275207E-01  1.83406701E-01  2.33328992E-01  3.39582081E-01  4.09716261E-01  3.85929505E-01  2.99167380E-01  2.08591420E-01  1.87538161E-01  2.66498034E-01  3.71520341E-01  4.11693635E-01  3.64892362E-01  2.68996357E-01  1.89498595E-01  2.02345060E-01  3.01537657E-01  3.94905845E-01  4.09243297E-01  3.40537829E-01  2.33015455E-01  1.76817241E-01  2.28753661E-01  3.39382605E-01  4.10704742E-01  4.00044125E-01  3.05253955E-01  1.99289344E-01  1.80896487E-01  2.65943757E-01  3.71803788E-01  4.20330115E-01  3.76244477E-01  2.64682148E-01  1.78383566E-01  1.97719982E-01  3.00709299E-01  3.95402279E-01  4.20079339E-01  3.46890927E-01  2.27644576E-01  1.71524987E-01  2.25394798E-01  3.36133059E-01  4.13922089E-01  4.07823934E-01  3.09107443E-01  1.96244153E-01  1.75874839E-01  2.58141337E-01  3.63054329E-01  4.23854608E-01  3.86844524E-01  2.71758160E-01  1.78170983E-01  1.91607835E-01  2.92212608E-01  3.90872496E-01  4.23153337E-01  3.56120175E-01  2.32818998E-01  1.67253866E-01  2.19832508E-01  3.29452536E-01  4.13363924E-01  4.11350501E-01  3.14917684E-01  2.00250574E-01  1.73821181E-01  2.53686842E-01  3.65819814E-01  4.23595986E-01  3.85951568E-01  2.73956781E-01  1.79691573E-01  1.92276320E-01  2.90510641E-01  3.92270343E-01  4.24839109E-01  3.55510686E-01  2.32173022E-01  1.69677549E-01  2.18920269E-01  3.26935162E-01  4.18235546E-01  4.16245194E-01  3.12515212E-01  1.98878610E-01  1.73162995E-01  2.50479672E-01  3.67490108E-01  4.29529961E-01  3.88737835E-01  2.70316742E-01  1.77510683E-01  1.88306994E-01  2.91639787E-01  3.96578413E-01  4.28728651E-01  3.53785027E-01  2.30543978E-01  1.66822913E-01  2.16555886E-01  3.31629663E-01  4.22124829E-01  4.13622351E-01  3.10429577E-01  1.98518721E-01  1.70582855E-01  2.51477630E-01  3.71335618E-01  4.28920025E-01  3.83143024E-01  2.70164372E-01  1.78720409E-01  1.87658957E-01  2.93652823E-01  4.01643660E-01  4.19805864E-01  3.50195496E-01  2.33248261E-01  1.68836586E-01  2.19318858E-01  3.37587474E-01  4.14964422E-01  4.03112120E-01  3.13096962E-01  2.01443769E-01  1.76020144E-01  2.57897316E-01  3.68729789E-01  4.17109397E-01  3.80261878E-01  2.74245358E-01  1.82053982E-01  1.93200040E-01  2.98279786E-01  3.91416529E-01  4.11987725E-01  3.50681754E-01  2.36469907E-01  1.72849832E-01  2.24177950E-01  3.34001874E-01  4.09899317E-01  4.01740744E-01  3.13134908E-01  2.04799850E-01  1.78854017E-01  2.59560029E-01  3.65083901E-01  4.13750105E-01  3.80892624E-01  2.74447717E-01  1.82700634E-01  1.97738945E-01  2.98532501E-01  3.90036314E-01  4.11431546E-01  3.48946637E-01  2.34495551E-01  1.75277947E-01  2.26758173E-01  3.35800189E-01  4.07247602E-01  4.00566178E-01  3.09636338E-01  2.03732082E-01  1.81991288E-01  2.62521828E-01  3.70609951E-01  4.14107510E-01  3.72605037E-01  2.68958435E-01  1.82496783E-01  2.02614473E-01  3.06318556E-01  3.95839932E-01  4.05917147E-01  3.37884566E-01  2.30005345E-01  1.79502550E-01  2.33443894E-01  3.42216214E-01
  2.54355757E-01  2.62335481E-01  2.75976196E-01  3.09986030E-01  3.67297052E-01  3.46891141E-01  2.71956477E-01  2.53588821E-01  2.70356649E-01  2.85252463E-01  3.29899127E-01  3.71596080E-01  3.22882401E-01  2.62470652E-01  2.58085869E-01  2.67396847E-01  2.92557540E-01  3.48025934E-01  3.66117365E-01  3.01520270E-01  2.57593154E-01  2.59734172E-01  2.69332262E-01  3.11125896E-01  3.72419814E-01  3.54227892E-01  2.74061131E-01  2.51057346E-01  2.57227539E-01  2.80787432E-01  3.43943289E-01  3.84202492E-01  3.19397690E-01  2.50723894E-01  2.52021477E-01  2.64686141E-01  2.97944753E-01  3.69688383E-01  3.68898778E-01  2.85117246E-01  2.46153078E-01  2.59478281E-01  2.72767121E-01  3.26393116E-01  3.80746157E-01  3.37705419E-01  2.60328441E-01  2.48344919E-01  2.62051467E-01  2.88517387E-01  3.57167841E-01  3.77666860E-01  3.05375798E-01  2.46789617E-01  2.53236992E-01  2.64752457E-01  3.10037656E-01  3.79103661E-01  3.57088672E-01  2.72807073E-01  2.47411345E-01  2.60211861E-01  2.77416539E-01  3.37222948E-01  3.81540995E-01  3.25296347E-01  2.54516902E-01  2.48328508E-01  2.66277546E-01  2.98625972E-01  3.60685809E-01  3.74524262E-01  2.96579906E-01  2.40795136E-01  2.52087440E-01  2.76212500E-01  3.16492590E-01  3.81653574E-01  3.53431807E-01  2.63344169E-01  2.38921775E-01  2.54495503E-01  2.87609763E-01  3.52474210E-01  3.80774824E-01  3.18713373E-01  2.52904496E-01  2.36225338E-01  2.56724090E-01  3.07306011E-01  3.68913949E-01  3.71327222E-01  2.99162456E-01  2.36327451E-01  2.31283965E-01  2.73620854E-01  3.37017345E-01  3.76855619E-01  3.49735426E-01  2.75342021E-01  2.25289492E-01  2.38141183E-01  2.91891944E-01  3.51605742E-01  3.78576549E-01  3.30546254E-01  2.53552618E-01  2.21047109E-01  2.55153074E-01  3.08915953E-01  3.63834153E-01  3.74929063E-01  3.11310344E-01  2.31483447E-01  2.25235364E-01  2.73300874E-01  3.27431458E-01  3.74289036E-01  3.64264959E-01  2.79872977E-01  2.18996484E-01  2.39022412E-01  2.87861997E-01  3.42682819E-01  3.84568758E-01  3.45900516E-01  2.52543807E-01  2.14813271E-01  2.57345588E-01  3.07304756E-01  3.60763096E-01  3.77464960E-01  3.16448744E-01  2.32647848E-01  2.25990097E-01  2.67896600E-01  3.25649836E-01  3.71479339E-01  3.64274752E-01  2.88910973E-01  2.26288395E-01  2.40146884E-01  2.90288551E-01  3.38694720E-01  3.67753786E-01  3.47596145E-01  2.65503487E-01  2.31423290E-01  2.58697345E-01  2.98400416E-01  3.38224873E-01  3.69797136E-01  3.21639550E-01  2.52726787E-01  2.47759968E-01  2.74861539E-01  3.09264110E-01  3.50178412E-01  3.55747901E-01  2.93384618E-01  2.45299751E-01  2.60050525E-01  2.88061961E-01  3.22606741E-01  3.54918972E-01  3.38026332E-01  2.68431570E-01  2.48987502E-01  2.73993324E-01  2.97700951E-01  3.28393699E-01  3.57935596E-01  3.13410477E-01  2.56330947E-01  2.59477325E-01  2.81463969E-01  3.02842595E-01  3.38903307E-01  3.51908309E-01  2.94119636E-01  2.56411899E-01  2.68994472E-01  2.81080818E-01  3.07981147E-01  3.56958512E-01  3.42736611E-01  2.75398758E-01  2.54705887E-01  2.70659346E-01  2.81073955E-01  3.27861362E-01  3.66564505E-01  3.21122690E-01  2.61037110E-01  2.61787559E-01  2.70729112E-01  2.88778701E-01  3.48143516E-01  3.65257918E-01  3.00593680E-01
  2.90425528E-01  2.20808193E-01  2.17135027E-01  2.88866578E-01  3.61044649E-01  3.78617678E-01  3.43470422E-01  2.65424900E-01  2.11774563E-01  2.38655870E-01  3.17019191E-01  3.70589863E-01  3.71746080E-01  3.21019713E-01  2.43426456E-01  2.12296317E-01  2.62293960E-01  3.36297735E-01  3.73913227E-01  3.61143289E-01  2.96944677E-01  2.26498955E-01  2.25492607E-01  2.87923853E-01  3.48646720E-01  3.77013295E-01  3.48192550E-01  2.70214678E-01  2.18747678E-01  2.42589069E-01  3.06189288E-01  3.63644891E-01  3.76317543E-01  3.25018041E-01  2.44617137E-01  2.17193377E-01  2.62303360E-01  3.30121390E-01  3.77256266E-01  3.62381823E-01  2.93770916E-01  2.28253522E-01  2.27715557E-01  2.86268191E-01  3.54239100E-01  3.78684997E-01  3.36304490E-01  2.66692154E-01  2.22055639E-01  2.46069041E-01  3.13014969E-01  3.69796558E-01  3.66593127E-01  3.11427458E-01  2.44654149E-01  2.22954672E-01  2.68062962E-01  3.39466010E-01  3.73739542E-01  3.49250063E-01  2.88839070E-01  2.31480384E-01  2.31623580E-01  2.93315450E-01  3.58343978E-01  3.69333136E-01  3.28697881E-01  2.65578472E-01  2.23662269E-01  2.47859030E-01  3.18125147E-01  3.70146553E-01  3.61709773E-01  3.07075682E-01  2.47460618E-01  2.26458595E-01  2.70198791E-01  3.39662636E-01  3.68538511E-01  3.42901337E-01  2.90258879E-01  2.36825539E-01  2.36806076E-01  2.95131775E-01  3.50122586E-01  3.62325375E-01  3.28820219E-01  2.70835498E-01  2.31238176E-01  2.55755947E-01  3.15944041E-01  3.55629082E-01  3.52593108E-01  3.10641998E-01  2.55503555E-01  2.36231391E-01  2.75574077E-01  3.29463710E-01  3.56257560E-01  3.41790628E-01  2.96231260E-01  2.44267169E-01  2.41294324E-01  2.90516457E-01  3.43564390E-01  3.60327891E-01  3.31172651E-01  2.77760217E-01  2.36021813E-01  2.50185072E-01  3.08833602E-01  3.55328922E-01  3.58125644E-01  3.15364072E-01  2.57002069E-01  2.32609169E-01  2.68074937E-01  3.28732595E-01  3.61767016E-01  3.49460003E-01  2.95724850E-01  2.40429372E-01  2.36678048E-01  2.91802481E-01  3.45563012E-01  3.59945986E-01  3.36389888E-01  2.80191169E-01  2.30492379E-01  2.48562697E-01  3.11809814E-01  3.50418378E-01  3.58729644E-01  3.25295410E-01  2.58557206E-01  2.23829610E-01  2.63827008E-01  3.26631637E-01  3.61312292E-01  3.58765821E-01  3.05046458E-01  2.36460970E-01  2.25514294E-01  2.85138726E-01  3.45624353E-01  3.68724250E-01  3.45642938E-01  2.80402396E-01  2.22736677E-01  2.38582813E-01  3.05017170E-01  3.59676327E-01  3.72210548E-01  3.28770866E-01  2.52756461E-01  2.13797636E-01  2.55577779E-01  3.30471435E-01  3.74421512E-01  3.62618782E-01  3.04311616E-01  2.31564438E-01  2.16999241E-01  2.81908212E-01  3.53324207E-01  3.76358332E-01  3.48173394E-01  2.76469389E-01  2.13615388E-01  2.32489007E-01  3.10362498E-01  3.71357509E-01  3.74489846E-01  3.25914315E-01  2.46096006E-01  2.06564806E-01  2.56168432E-01  3.39439329E-01  3.78948181E-01  3.63537675E-01  2.99446851E-01  2.22440633E-01  2.14422537E-01  2.86097018E-01  3.58503497E-01  3.83377134E-01  3.46633340E-01  2.66278439E-01  2.08963808E-01  2.32926298E-01  3.13161390E-01  3.77673340E-01  3.78020028E-01  3.18970820E-01  2.39244735E-01  2.06620729E-01  2.56641941E-01  3.44399824E-01  3.84385301E-01  3.61862479E-01
  3.10128191E-01  2.74504934E-01  2.53049329E-01  2.66449355E-01  3.19227143E-01  3.53964374E-01  3.29793457E-01  2.92350218E-01  2.64896886E-01  2.51092578E-01  2.82182904E-01  3.43040439E-01  3.55054627E-01  3.14417635E-01  2.78490890E-01  2.56375628E-01  2.54773250E-01  3.03139818E-01  3.59398832E-01  3.46653487E-01  2.95638576E-01  2.65984228E-01  2.50371041E-01  2.67361072E-01  3.29143418E-01  3.66881753E-01  3.27885595E-01  2.82623677E-01  2.57436110E-01  2.50792984E-01  2.86920290E-01  3.51409568E-01  3.60176819E-01  3.11944689E-01  2.70998519E-01  2.50967255E-01  2.53626628E-01  3.08026294E-01  3.67446376E-01  3.48803674E-01  2.94957907E-01  2.62945843E-01  2.45886742E-01  2.67833812E-01  3.34298387E-01  3.68103282E-01  3.30964632E-01  2.80370262E-01  2.55059044E-01  2.46754177E-01  2.86803429E-01  3.49582214E-01  3.62383108E-01  3.15915790E-01  2.72557092E-01  2.46152010E-01  2.50592432E-01  3.05491381E-01  3.63863219E-01  3.54499942E-01  3.01260421E-01  2.62603450E-01  2.40703378E-01  2.60288423E-01  3.30107799E-01  3.71631842E-01  3.40421726E-01  2.89722005E-01  2.51690782E-01  2.36227300E-01  2.74657827E-01  3.48286796E-01  3.72448574E-01  3.31002412E-01  2.78797797E-01  2.39240041E-01  2.37176384E-01  2.96927171E-01  3.67266360E-01  3.63573445E-01  3.14231181E-01  2.65408722E-01  2.30414582E-01  2.50442853E-01  3.23658654E-01  3.73489392E-01  3.50703423E-01  2.98466609E-01  2.48410156E-01  2.32152253E-01  2.73628366E-01  3.43580211E-01  3.68868856E-01  3.33620955E-01  2.82427159E-01  2.41159088E-01  2.41063075E-01  2.96124460E-01  3.56370677E-01  3.56908761E-01  3.15747256E-01  2.68587888E-01  2.38933298E-01  2.57653098E-01  3.19599251E-01  3.56833318E-01  3.42427336E-01  3.03113781E-01  2.62435123E-01  2.41261829E-01  2.73111700E-01  3.33060417E-01  3.58243080E-01  3.28375164E-01  2.88612565E-01  2.54044875E-01  2.47794525E-01  2.92068354E-01  3.47945777E-01  3.49993365E-01  3.15171939E-01  2.79616726E-01  2.50534764E-01  2.56649705E-01  3.10992820E-01  3.54004061E-01  3.38443323E-01  3.06698398E-01  2.71879807E-01  2.45835538E-01  2.67989379E-01  3.30182890E-01  3.55548002E-01  3.30146637E-01  2.94605271E-01  2.56369280E-01  2.47401545E-01  2.89521286E-01  3.45037706E-01  3.52394682E-01  3.17962109E-01  2.78928478E-01  2.49962852E-01  2.59149043E-01  3.11059316E-01  3.54117998E-01  3.40656958E-01  3.04337016E-01  2.67280683E-01  2.46461629E-01  2.73879830E-01  3.30922166E-01  3.56510145E-01  3.29105482E-01  2.91333330E-01  2.57848429E-01  2.51196514E-01  2.92644551E-01  3.46772078E-01  3.50843004E-01  3.13913562E-01  2.81707592E-01  2.53605182E-01  2.60546353E-01  3.12490735E-01  3.52474717E-01  3.37870225E-01  3.05053834E-01  2.74024535E-01  2.48922640E-01  2.75597842E-01  3.30753362E-01  3.51928037E-01  3.28196266E-01  2.96056382E-01  2.59098585E-01  2.50048425E-01  2.93311224E-01  3.40863244E-01  3.47977702E-01  3.20392966E-01  2.82129332E-01  2.50723629E-01  2.62318107E-01  3.10428354E-01  3.47572709E-01  3.42910039E-01  3.07375989E-01  2.66495605E-01  2.50878302E-01  2.77397185E-01  3.23429081E-01  3.49113391E-01  3.33985641E-01  2.90523753E-01  2.56921781E-01  2.56907067E-01  2.94988078E-01  3.40644045E-01  3.46986522E-01
  2.88105969E-01  2.86144163E-01  2.97981583E-01  3.14738237E-01  3.11628604E-01  2.99474877E-01  2.93048460E-01  2.88556922E-01  2.91460753E-01  3.03590205E-01  3.13995068E-01  3.09728563E-01  2.95474763E-01  2.90877999E-01  2.92624374E-01  2.95812597E-01  3.04788334E-01  3.12011681E-01  3.06193181E-01  2.92780313E-01  2.92619562E-01  2.96324437E-01  2.99031996E-01  3.05856946E-01  3.08973528E-01  2.99077656E-01  2.90707015E-01  2.95337757E-01  2.98873915E-01  3.03790124E-01  3.06418386E-01  3.04201658E-01  2.95419122E-01  2.93279340E-01  2.97649553E-01  2.99602545E-01  3.04682853E-01  3.06119156E-01  3.02164956E-01  2.93205001E-01  2.94516406E-01  2.97681424E-01  2.99174524E-01  3.05283258E-01  3.06767331E-01  2.97538248E-01  2.94319755E-01  2.97443020E-01  2.97754974E-01  3.02362436E-01  3.06845559E-01  3.01645221E-01  2.95639329E-01  2.97689548E-01  2.99115418E-01  3.01430804E-01  3.04040512E-01  3.02208670E-01  2.98529681E-01  2.95744115E-01  3.00033911E-01  3.02159604E-01  3.01694041E-01  3.03983202E-01  3.01060290E-01  2.94375610E-01  2.96342387E-01  3.03146119E-01  3.02380401E-01  3.04049974E-01  3.04008851E-01  2.98411360E-01  2.92798217E-01  2.97878332E-01  3.01020910E-01  3.03462251E-01  3.05605117E-01  3.02430110E-01  2.96208271E-01  2.96089601E-01  3.00953746E-01  3.00464106E-01  3.05317858E-01  3.05869974E-01  2.99241475E-01  2.93931782E-01  2.98142893E-01  3.01030018E-01  3.00072175E-01  3.05598944E-01  3.05572685E-01  2.98277151E-01  2.94728522E-01  2.99762238E-01  2.99742488E-01  3.00159359E-01  3.05764005E-01  3.03129776E-01  2.95829729E-01  2.98491711E-01  3.02907570E-01  2.98577827E-01  3.02017176E-01  3.04527379E-01  2.99000458E-01  2.98904517E-01  3.02247678E-01  2.99021984E-01  2.96731893E-01  3.02545012E-01  3.03483066E-01  3.01962790E-01  3.00240001E-01  2.99779983E-01  2.96890168E-01  2.94847158E-01  3.03779980E-01  3.06466867E-01  3.01561964E-01  2.98244824E-01  2.98659462E-01  2.92202934E-01  2.96044234E-01  3.09504363E-01  3.10181959E-01  2.99257065E-01  2.95234730E-01  2.92747133E-01  2.88819856E-01  3.03655677E-01  3.16990497E-01  3.09718921E-01  2.96202750E-01  2.90262058E-01  2.86146251E-01  2.95522798E-01  3.10449936E-01  3.16995620E-01  3.08480442E-01  2.92046400E-01  2.83236655E-01  2.87827253E-01  3.02296565E-01  3.14258003E-01  3.16501491E-01  3.03317236E-01  2.88380153E-01  2.81706432E-01  2.89507605E-01  3.07587060E-01  3.18414442E-01  3.14640748E-01  2.99151946E-01  2.81319055E-01  2.79470649E-01  2.95682159E-01  3.14960946E-01  3.18280462E-01  3.11350969E-01  2.92591309E-01  2.77321149E-01  2.84687787E-01  3.05354388E-01  3.17091390E-01  3.14625274E-01  3.05663645E-01  2.85171233E-01  2.78708092E-01  2.90693962E-01  3.10460903E-01  3.18867288E-01  3.11926174E-01  2.97317521E-01  2.84879419E-01  2.81794804E-01  2.93421623E-01  3.14682590E-01  3.19692120E-01  3.07431115E-01  2.93398109E-01  2.84950546E-01  2.82932746E-01  2.96960233E-01  3.18201684E-01  3.13432979E-01  3.03297069E-01  2.95312991E-01  2.82981481E-01  2.82226023E-01  3.05851324E-01  3.19325405E-01  3.08520774E-01  3.01741899E-01  2.89914766E-01  2.81079389E-01  2.88466864E-01  3.12935082E-01  3.16455283E-01  3.05277277E-01  2.96303499E-01
  2.88105969E-01  2.86144163E-01  2.97981583E-01  3.14738237E-01  3.11628604E-01  2.99474877E-01  2.93048460E-01  2.88556922E-01  2.91460753E-01  3.03590205E-01  3.13995068E-01  3.09728563E-01  2.95474763E-01  2.90877999E-01  2.92624374E-01  2.95812597E-01  3.04788334E-01  3.12011681E-01  3.06193181E-01  2.92780313E-01  2.92619562E-01  2.96324437E-01  2.99031996E-01  3.05856946E-01  3.08973528E-01  2.99077656E-01  2.90707015E-01  2.95337757E-01  2.98873915E-01  3.03790124E-01  3.06418386E-01  3.04201658E-01  2.95419122E-01  2.93279340E-01  2.97649553E-01  2.99602545E-01  3.04682853E-01  3.06119156E-01  3.02164956E-01  2.93205001E-01  2.94516406E-01  2.97681424E-01  2.99174524E-01  3.05283258E-01  3.06767331E-01  2.97538248E-01  2.94319755E-01  2.97443020E-01  2.97754974E-01  3.02362436E-01  3.06845559E-01  3.01645221E-01  2.95639329E-01  2.97689548E-01  2.99115418E-01  3.01430804E-01  3.04040512E-01  3.02208670E-01  2.98529681E-01  2.95744115E-01  3.00033911E-01  3.02159604E-01  3.01694041E-01  3.03983202E-01  3.01060290E-01  2.94375610E-01  2.96342387E-01  3.03146119E-01  3.02380401E-01  3.04049974E-01  3.04008851E-01  2.98411360E-01  2.92798217E-01  2.97878332E-01  3.01020910E-01  3.03462251E-01  3.05605117E-01  3.02430110E-01  2.96208271E-01  2.96089601E-01  3.00953746E-01  3.00464106E-01  3.05317858E-01  3.05869974E-01  2.99241475E-01  2.93931782E-01  2.98142893E-01  3.01030018E-01  3.00072175E-01  3.05598944E-01  3.05572685E-01  2.98277151E-01  2.94728522E-01  2.99762238E-01  2.99742488E-01  3.00159359E-01  3.05764005E-01  3.03129776E-01  2.95829729E-01  2.98491711E-01  3.02907570E-01  2.98577827E-01  3.02017176E-01  3.04527379E-01  2.99000458E-01  2.98904517E-01  3.02247678E-01  2.99021984E-01  2.96731893E-01  3.02545012E-01  3.03483066E-01  3.01962790E-01  3.00240001E-01  2.99779983E-01  2.96890168E-01  2.94847158E-01  3.03779980E-01  3.06466867E-01  3.01561964E-01  2.98244824E-01  2.98659462E-01  2.92202934E-01  2.96044234E-01  3.09504363E-01  3.10181959E-01  2.99257065E-01  2.95234730E-01  2.92747133E-01  2.88819856E-01  3.03655677E-01  3.16990497E-01  3.09718921E-01  2.96202750E-01  2.90262058E-01  2.86146251E-01  2.95522798E-01  3.10449936E-01  3.16995620E-01  3.08480442E-01  2.92046400E-01  2.83236655E-01  2.87827253E-01  3.02296565E-01  3.14258003E-01  3.16501491E-01  3.03317236E-01  2.88380153E-01  2.81706432E-01  2.89507605E-01  3.07587060E-01  3.18414442E-01  3.14640748E-01  2.99151946E-01  2.81319055E-01  2.79470649E-01  2.95682159E-01  3.14960946E-01  3.18280462E-01  3.11350969E-01  2.92591309E-01  2.77321149E-01  2.84687787E-01  3.05354388E-01  3.17091390E-01  3.14625274E-01  3.05663645E-01  2.85171233E-01  2.78708092E-01  2.90693962E-01  3.10460903E-01  3.18867288E-01  3.11926174E-01  2.97317521E-01  2.84879419E-01  2.81794804E-01  2.93421623E-01  3.14682590E-01  3.19692120E-01  3.07431115E-01  2.93398109E-01  2.84950546E-01  2.82932746E-01  2.96960233E-01  3.18201684E-01  3.13432979E-01  3.03297069E-01  2.95312991E-01  2.82981481E-01  2.82226023E-01  3.05851324E-01  3.19325405E-01  3.08520774E-01  3.01741899E-01  2.89914766E-01  2.81079389E-01  2.88466864E-01  3.12935082E-01  3.16455283E-01  3.05277277E-01  2.96303499E-01
  2.57504682E-01  2.91953204E-01  3.45778084E-01  3.53719570E-01  3.12267333E-01  2.70547491E-01  2.50292833E-01  2.63332552E-01  3.14387710E-01  3.53009908E-01  3.39912154E-01  2.99298509E-01  2.64004081E-01  2.50451908E-01  2.78502964E-01  3.34167588E-01  3.53384014E-01  3.24677066E-01  2.84919419E-01  2.52162775E-01  2.55231470E-01  3.00416197E-01  3.50727877E-01  3.46423681E-01  3.07643181E-01  2.65803233E-01  2.45727442E-01  2.73097764E-01  3.26213384E-01  3.55968520E-01  3.32511472E-01  2.88702056E-01  2.51998193E-01  2.55199690E-01  2.92951695E-01  3.43124344E-01  3.53866130E-01  3.23466817E-01  2.70450874E-01  2.42068638E-01  2.65616895E-01  3.16686154E-01  3.57095951E-01  3.49039147E-01  3.05245582E-01  2.50147343E-01  2.37761507E-01  2.81840507E-01  3.43367631E-01  3.64267348E-01  3.34923835E-01  2.81156469E-01  2.35663784E-01  2.43570942E-01  3.03090862E-01  3.65028122E-01  3.62563920E-01  3.15016146E-01  2.63708835E-01  2.31209346E-01  2.57237478E-01  3.30540621E-01  3.77114307E-01  3.51009329E-01  2.93670060E-01  2.42680387E-01  2.27756469E-01  2.80159022E-01  3.59361504E-01  3.75274375E-01  3.32922594E-01  2.74611586E-01  2.29782791E-01  2.40879742E-01  3.07909033E-01  3.72916344E-01  3.66633612E-01  3.11695220E-01  2.55085390E-01  2.26080962E-01  2.52587211E-01  3.33889822E-01  3.82890684E-01  3.50012107E-01  2.92551469E-01  2.42877522E-01  2.23484573E-01  2.74744619E-01  3.62153884E-01  3.80757736E-01  3.33614390E-01  2.78768251E-01  2.28998074E-01  2.23469380E-01  3.04373848E-01  3.81020768E-01  3.72904065E-01  3.20178830E-01  2.57165232E-01  2.11063746E-01  2.39337049E-01  3.35722926E-01  3.92804018E-01  3.67476004E-01  3.00159142E-01  2.31069442E-01  2.03600701E-01  2.60157399E-01  3.61986357E-01  4.04645678E-01  3.54597902E-01  2.73751761E-01  2.08408388E-01  2.09557558E-01  2.91729527E-01  3.86165859E-01  3.98765918E-01  3.32892699E-01  2.45525446E-01  2.01309738E-01  2.26877645E-01  3.15700356E-01  4.00834676E-01  3.87995892E-01  3.06639125E-01  2.27102712E-01  2.04367985E-01  2.51573846E-01  3.47385469E-01  4.07201762E-01  3.63149373E-01  2.77299679E-01  2.13132139E-01  2.11495653E-01  2.80784310E-01  3.71987270E-01  3.94700069E-01  3.37425309E-01  2.55090292E-01  2.13259857E-01  2.32085282E-01  3.08525053E-01  3.86944655E-01  3.82617283E-01  3.03690066E-01  2.38337264E-01  2.20138202E-01  2.50561546E-01  3.37032314E-01  3.98638602E-01  3.57674960E-01  2.73574440E-01  2.33498273E-01  2.31981475E-01  2.72741764E-01  3.58729325E-01  3.89712450E-01  3.26828272E-01  2.62253989E-01  2.38985100E-01  2.41274633E-01  2.96705091E-01  3.73173885E-01  3.71203806E-01  3.01898140E-01  2.57689328E-01  2.38796162E-01  2.53658647E-01  3.23204244E-01  3.76863016E-01  3.43353921E-01  2.84242507E-01  2.54296115E-01  2.43088429E-01  2.76457945E-01  3.47542110E-01  3.69237294E-01  3.20308099E-01  2.71269052E-01  2.49457098E-01  2.53061370E-01  2.99425574E-01  3.58689798E-01  3.57973328E-01  3.03975622E-01  2.64354536E-01  2.50308710E-01  2.62574122E-01  3.14059610E-01  3.64033302E-01  3.45364920E-01  2.90022768E-01  2.56992222E-01  2.52080557E-01  2.77257980E-01  3.29877842E-01  3.64767664E-01  3.29079713E-01  2.75699374E-01  2.54770363E-01
  3.65423375E-01  3.52083347E-01  2.84245248E-01  2.37696907E-01  2.46142840E-01  2.86324909E-01  3.41393186E-01  3.72997889E-01  3.33307699E-01  2.62931783E-01  2.32208887E-01  2.54054682E-01  3.05258011E-01  3.59900953E-01  3.66828696E-01  3.12070252E-01  2.46934617E-01  2.35674264E-01  2.67110315E-01  3.19634070E-01  3.66189727E-01  3.56317943E-01  2.91142093E-01  2.40282674E-01  2.41964804E-01  2.83053161E-01  3.37846542E-01  3.66017891E-01  3.39684605E-01  2.71737542E-01  2.35254437E-01  2.55662692E-01  3.05372775E-01  3.48490973E-01  3.58485016E-01  3.21110978E-01  2.56926200E-01  2.34981554E-01  2.69804445E-01  3.21075412E-01  3.55556030E-01  3.53637570E-01  3.01353875E-01  2.46121918E-01  2.42279539E-01  2.85214470E-01  3.33700971E-01  3.56698803E-01  3.40589768E-01  2.83275452E-01  2.37922335E-01  2.53430018E-01  3.02272896E-01  3.42029216E-01  3.57539870E-01  3.28110855E-01  2.63606918E-01  2.36862855E-01  2.71103369E-01  3.14059401E-01  3.49077875E-01  3.54230165E-01  3.03969542E-01  2.47916132E-01  2.46786282E-01  2.86119602E-01  3.27136599E-01  3.55857212E-01  3.41260199E-01  2.83695868E-01  2.43586939E-01  2.58292374E-01  2.99823475E-01  3.38023143E-01  3.55951592E-01  3.24509448E-01  2.66706024E-01  2.43568036E-01  2.72069535E-01  3.11805728E-01  3.44220333E-01  3.52358275E-01  3.07695038E-01  2.53977552E-01  2.49992340E-01  2.86408255E-01  3.20567666E-01  3.49142251E-01  3.43373808E-01  2.88548192E-01  2.47903229E-01  2.61526469E-01  2.98057964E-01  3.29483032E-01  3.50238792E-01  3.25602489E-01  2.71426620E-01  2.52010740E-01  2.72802571E-01  3.06661517E-01  3.37173637E-01  3.46036183E-01  3.10585030E-01  2.64672644E-01  2.54892984E-01  2.80126065E-01  3.18326981E-01  3.45639997E-01  3.38847267E-01  2.95891585E-01  2.54823108E-01  2.55391213E-01  2.94136431E-01  3.30193277E-01  3.45847058E-01  3.31880396E-01  2.81013829E-01  2.46278105E-01  2.63532413E-01  3.03029324E-01  3.38330360E-01  3.47925452E-01  3.20058050E-01  2.67020800E-01  2.44280243E-01  2.71205824E-01  3.16791762E-01  3.45968122E-01  3.45027292E-01  3.03802525E-01  2.54125390E-01  2.50248242E-01  2.87652817E-01  3.28105405E-01  3.50146147E-01  3.38213360E-01  2.82628884E-01  2.45722977E-01  2.61537383E-01  3.01808771E-01  3.41316909E-01  3.55513968E-01  3.17557345E-01  2.57067355E-01  2.44223443E-01  2.76768563E-01  3.20979799E-01  3.56809917E-01  3.48622146E-01  2.88059946E-01  2.41570925E-01  2.52445274E-01  2.94373268E-01  3.41581717E-01  3.62341440E-01  3.25130242E-01  2.64550141E-01  2.38886850E-01  2.63611581E-01  3.14422313E-01  3.55143556E-01  3.51328340E-01  3.01868972E-01  2.49310062E-01  2.42630049E-01  2.79379977E-01  3.34118949E-01  3.60306432E-01  3.37041450E-01  2.77787585E-01  2.40217263E-01  2.52771757E-01  2.99200204E-01  3.52289223E-01  3.59683633E-01  3.14020267E-01  2.56120535E-01  2.41189262E-01  2.68616222E-01  3.21597357E-01  3.61369411E-01  3.48648659E-01  2.89806021E-01  2.43809197E-01  2.47831273E-01  2.86152117E-01  3.39856580E-01  3.65955749E-01  3.31465098E-01  2.64295555E-01  2.38263226E-01  2.59050617E-01  3.03084024E-01  3.53274768E-01  3.64110512E-01  3.09189541E-01  2.47296244E-01  2.39409077E-01  2.72920827E-01  3.23467513E-01
  2.69939526E-01  2.93343634E-01  3.32426033E-01  3.34028299E-01  3.03861008E-01  2.82036536E-01  2.71536229E-01  2.76972838E-01  3.09191946E-01  3.34321947E-01  3.26026203E-01  2.98667607E-01  2.75198275E-01  2.71054487E-01  2.86677095E-01  3.20323189E-01  3.36508952E-01  3.21096649E-01  2.87951091E-01  2.65590834E-01  2.74053681E-01  3.01486370E-01  3.29827152E-01  3.36246176E-01  3.09066329E-01  2.72937341E-01  2.64148008E-01  2.87749759E-01  3.16125863E-01  3.36615449E-01  3.25636072E-01  2.93386325E-01  2.61960402E-01  2.72869487E-01  3.04051414E-01  3.29662478E-01  3.33737356E-01  3.10800879E-01  2.74937454E-01  2.60838521E-01  2.85634931E-01  3.18724967E-01  3.36341594E-01  3.27047958E-01  2.95633647E-01  2.64062026E-01  2.65635103E-01  2.99692947E-01  3.29724049E-01  3.38867993E-01  3.14538020E-01  2.79347760E-01  2.60137355E-01  2.76127385E-01  3.12332611E-01  3.37905520E-01  3.33332957E-01  3.00784266E-01  2.68219206E-01  2.60920081E-01  2.87978590E-01  3.25959008E-01  3.42259121E-01  3.23359647E-01  2.86551323E-01  2.59449480E-01  2.64045804E-01  3.00148407E-01  3.37301936E-01  3.42136137E-01  3.12645617E-01  2.73723852E-01  2.54434777E-01  2.74243975E-01  3.14847970E-01  3.42201124E-01  3.35674897E-01  2.99149639E-01  2.62936883E-01  2.58764705E-01  2.84839769E-01  3.26117708E-01  3.46218454E-01  3.23496096E-01  2.85767696E-01  2.58937265E-01  2.66825425E-01  3.02238430E-01  3.37286533E-01  3.36440696E-01  3.07842556E-01  2.75107694E-01  2.60221294E-01  2.78955053E-01  3.18773537E-01  3.36761102E-01  3.24428929E-01  2.99095943E-01  2.72918583E-01  2.65891671E-01  2.90470286E-01  3.23633713E-01  3.30699701E-01  3.16166696E-01  2.93984985E-01  2.71755967E-01  2.70632947E-01  2.97865150E-01  3.25961072E-01  3.28400836E-01  3.13847047E-01  2.88676286E-01  2.69329680E-01  2.75742419E-01  3.05239056E-01  3.24540833E-01  3.19906567E-01  3.04691254E-01  2.87140675E-01  2.73517317E-01  2.84983997E-01  3.14400223E-01  3.21652713E-01  3.10645320E-01  3.01683954E-01  2.81643288E-01  2.76152995E-01  2.99618347E-01  3.17807300E-01  3.13278142E-01  3.07455204E-01  2.96597479E-01  2.79503514E-01  2.82578402E-01  3.05489993E-01  3.16048987E-01  3.10463472E-01  3.08409612E-01  2.95466705E-01  2.76683801E-01  2.86401207E-01  3.09863318E-01  3.16084380E-01  3.10902775E-01  3.06227138E-01  2.87090942E-01  2.76572156E-01  2.91689409E-01  3.14122034E-01  3.18007171E-01  3.11114789E-01  2.97653436E-01  2.80840316E-01  2.76263606E-01  2.98286227E-01  3.21520867E-01  3.21223871E-01  3.05465091E-01  2.90598294E-01  2.76735150E-01  2.79340662E-01  3.04504207E-01  3.29327675E-01  3.18398380E-01  2.96731958E-01  2.83732951E-01  2.75304214E-01  2.81224973E-01  3.17040758E-01  3.33158323E-01  3.11251023E-01  2.91277192E-01  2.78374503E-01  2.71105965E-01  2.90741451E-01  3.26044611E-01  3.32110260E-01  3.08094493E-01  2.88360769E-01  2.71614379E-01  2.70972546E-01  2.98562663E-01  3.33436858E-01  3.29347873E-01  3.03815047E-01  2.83921109E-01  2.69729149E-01  2.73936489E-01  3.06373668E-01  3.39485564E-01  3.27836028E-01  2.97156543E-01  2.76837122E-01  2.66417283E-01  2.80502381E-01  3.19128347E-01  3.41851126E-01  3.18295954E-01  2.89566787E-01  2.71784014E-01
  3.40251093E-01  3.24817509E-01  2.85863818E-01  2.63890872E-01  2.70500392E-01  2.96488344E-01  3.30228440E-01  3.43674262E-01  3.12430661E-01  2.74151964E-01  2.65884563E-01  2.78765117E-01  3.05448762E-01  3.37121028E-01  3.39596442E-01  2.97737907E-01  2.69870859E-01  2.69911237E-01  2.83712101E-01  3.13312996E-01  3.44125280E-01  3.32287672E-01  2.89013337E-01  2.64143376E-01  2.67533746E-01  2.91521769E-01  3.28213659E-01  3.46375309E-01  3.22839283E-01  2.77205304E-01  2.56872541E-01  2.70046611E-01  2.99501742E-01  3.38491250E-01  3.50987861E-01  3.10462702E-01  2.63989451E-01  2.54678771E-01  2.76057033E-01  3.15425291E-01  3.54038561E-01  3.43898414E-01  2.88796938E-01  2.51837475E-01  2.57669152E-01  2.89588798E-01  3.34541736E-01  3.57672526E-01  3.26274141E-01  2.68097641E-01  2.45685113E-01  2.64996844E-01  3.07917513E-01  3.50230573E-01  3.53258545E-01  3.01695853E-01  2.53684382E-01  2.48056996E-01  2.79718186E-01  3.28803030E-01  3.60009165E-01  3.37925255E-01  2.82089198E-01  2.42533244E-01  2.50465926E-01  2.96495299E-01  3.45641769E-01  3.60391954E-01  3.24111288E-01  2.63558548E-01  2.36848831E-01  2.64129679E-01  3.15748714E-01  3.56216985E-01  3.57517924E-01  3.02491241E-01  2.44072881E-01  2.41759033E-01  2.82512407E-01  3.31750498E-01  3.63433329E-01  3.43764081E-01  2.78037803E-01  2.35565561E-01  2.55204343E-01  3.03353042E-01  3.47429605E-01  3.61139511E-01  3.20172018E-01  2.54995731E-01  2.36357275E-01  2.75428546E-01  3.24683553E-01  3.54889024E-01  3.50834285E-01  2.91380953E-01  2.35194386E-01  2.50225229E-01  3.02491334E-01  3.39857767E-01  3.56794467E-01  3.28949004E-01  2.62089456E-01  2.31138811E-01  2.71655143E-01  3.23179099E-01  3.50395170E-01  3.49239668E-01  3.01424940E-01  2.43457008E-01  2.42694837E-01  2.95980103E-01  3.37779809E-01  3.51003036E-01  3.34704533E-01  2.75250377E-01  2.35940242E-01  2.61324837E-01  3.15493495E-01  3.44708387E-01  3.48012865E-01  3.14163622E-01  2.56680550E-01  2.40830315E-01  2.79692682E-01  3.24322936E-01  3.47747477E-01  3.41979224E-01  2.97504753E-01  2.46811357E-01  2.50741398E-01  2.97957680E-01  3.33246012E-01  3.46118335E-01  3.33093726E-01  2.83227826E-01  2.42518904E-01  2.62466052E-01  3.06454730E-01  3.38957463E-01  3.46014875E-01  3.19466916E-01  2.67138911E-01  2.44957633E-01  2.74806750E-01  3.15976364E-01  3.41523562E-01  3.45975743E-01  3.05034479E-01  2.54245762E-01  2.52937196E-01  2.86358003E-01  3.23003735E-01  3.46811731E-01  3.39368322E-01  2.86071851E-01  2.48791093E-01  2.60285871E-01  2.96452357E-01  3.32102953E-01  3.46528084E-01  3.25101718E-01  2.73355634E-01  2.49579591E-01  2.71958404E-01  3.11205775E-01  3.37602959E-01  3.39914361E-01  3.04419320E-01  2.62962216E-01  2.55419072E-01  2.82880642E-01  3.18905655E-01  3.42241579E-01  3.31051373E-01  2.93118637E-01  2.60480646E-01  2.62486150E-01  2.96079189E-01  3.25886882E-01  3.36757901E-01  3.21247157E-01  2.82614520E-01  2.58879021E-01  2.73105736E-01  3.03002068E-01  3.30231588E-01  3.38256907E-01  3.13950824E-01  2.69380071E-01  2.58443254E-01  2.81309077E-01  3.12800791E-01  3.35594655E-01  3.33900728E-01  2.97609829E-01  2.63449513E-01  2.64461627E-01  2.89521018E-01  3.20651410E-01
  3.42670395E-01  2.90306628E-01  2.42669212E-01  2.39282253E-01  2.91889092E-01  3.50119897E-01  3.64782865E-01  3.25456709E-01  2.70983523E-01  2.36066888E-01  2.51302954E-01  3.13186798E-01  3.62322201E-01  3.55803219E-01  3.08432137E-01  2.52892054E-01  2.31222521E-01  2.70587604E-01  3.34410867E-01  3.65472140E-01  3.46662399E-01  2.89284355E-01  2.35457171E-01  2.37641232E-01  2.95125613E-01  3.51338498E-01  3.64635419E-01  3.28365272E-01  2.64911116E-01  2.31514099E-01  2.54624184E-01  3.17463148E-01  3.65309532E-01  3.57870206E-01  3.02454237E-01  2.45569027E-01  2.33825620E-01  2.74721013E-01  3.36980936E-01  3.71894958E-01  3.44424790E-01  2.79917082E-01  2.35144092E-01  2.41061680E-01  2.93443485E-01  3.53738650E-01  3.73200155E-01  3.24481756E-01  2.58568612E-01  2.29883871E-01  2.54947327E-01  3.18143490E-01  3.70821299E-01  3.60564572E-01  2.98068890E-01  2.40868089E-01  2.33753637E-01  2.74807865E-01  3.44773987E-01  3.74995469E-01  3.38732076E-01  2.72551810E-01  2.32515212E-01  2.44935889E-01  3.02971843E-01  3.63514845E-01  3.69624880E-01  3.14532835E-01  2.53753036E-01  2.29976440E-01  2.61504877E-01  3.25447270E-01  3.70475042E-01  3.53457905E-01  2.93586078E-01  2.43946601E-01  2.36710878E-01  2.80181441E-01  3.42164188E-01  3.69208752E-01  3.35552458E-01  2.76877246E-01  2.38056864E-01  2.46814977E-01  2.98539378E-01  3.55739481E-01  3.65580890E-01  3.17360217E-01  2.61376818E-01  2.35946494E-01  2.61331002E-01  3.17275421E-01  3.64354444E-01  3.55026481E-01  2.99351595E-01  2.49427491E-01  2.38087975E-01  2.73919205E-01  3.38175273E-01  3.72799241E-01  3.38582913E-01  2.81399285E-01  2.39511335E-01  2.40759812E-01  2.93065030E-01  3.56909596E-01  3.70698038E-01  3.19984475E-01  2.63620945E-01  2.32348414E-01  2.51887071E-01  3.16967321E-01  3.71738464E-01  3.59138233E-01  2.99895853E-01  2.47817961E-01  2.30904246E-01  2.70872324E-01  3.42497191E-01  3.76640580E-01  3.38697654E-01  2.76426089E-01  2.36356564E-01  2.39131495E-01  2.95024403E-01  3.64590542E-01  3.72155738E-01  3.15516573E-01  2.59660786E-01  2.31022201E-01  2.52068974E-01  3.20923280E-01  3.76931549E-01  3.57841197E-01  2.95807305E-01  2.45339385E-01  2.30440121E-01  2.70818278E-01  3.45468154E-01  3.76277632E-01  3.40836721E-01  2.79264504E-01  2.35064124E-01  2.36078634E-01  2.93830620E-01  3.62444376E-01  3.70897394E-01  3.23029124E-01  2.62683917E-01  2.28775859E-01  2.49885721E-01  3.16875669E-01  3.71109834E-01  3.60619225E-01  3.03612411E-01  2.47550037E-01  2.31226633E-01  2.69298469E-01  3.35779565E-01  3.72056872E-01  3.43941161E-01  2.85562488E-01  2.39739133E-01  2.37807930E-01  2.91087171E-01  3.55288158E-01  3.65058365E-01  3.24134269E-01  2.71263999E-01  2.36746089E-01  2.51435171E-01  3.12792143E-01  3.60292884E-01  3.53329002E-01  3.08201841E-01  2.56554588E-01  2.37588368E-01  2.72769615E-01  3.31866992E-01  3.60241322E-01  3.37564811E-01  2.91203236E-01  2.47036526E-01  2.44598992E-01  2.90947102E-01  3.44381891E-01  3.56293296E-01  3.24452310E-01  2.76085960E-01  2.40179787E-01  2.53090434E-01  3.11058470E-01  3.54829866E-01  3.51125385E-01  3.10656074E-01  2.59238185E-01  2.35701304E-01  2.69168719E-01  3.33717034E-01  3.63811572E-01
  3.27433595E-01  3.13130882E-01  2.87407041E-01  2.64324723E-01  2.72865516E-01  3.07739272E-01  3.32462551E-01  3.31711673E-01  3.11431671E-01  2.76417486E-01  2.56283504E-01  2.77182508E-01  3.18434406E-01  3.36767395E-01  3.32152306E-01  3.02328576E-01  2.65554063E-01  2.55083632E-01  2.88689067E-01  3.28239833E-01  3.43034692E-01  3.26942639E-01  2.87085368E-01  2.52644002E-01  2.62309502E-01  3.04872972E-01  3.40986339E-01  3.42768800E-01  3.12121132E-01  2.68772517E-01  2.51251883E-01  2.75279510E-01  3.19893657E-01  3.44821944E-01  3.35107159E-01  2.98635410E-01  2.58521548E-01  2.56898269E-01  2.91657233E-01  3.29407203E-01  3.43832311E-01  3.25158483E-01  2.80313435E-01  2.53345554E-01  2.68111240E-01  3.10287749E-01  3.37807478E-01  3.38273961E-01  3.10615355E-01  2.66850726E-01  2.55594033E-01  2.81867951E-01  3.21687235E-01  3.40389561E-01  3.28685804E-01  2.93818340E-01  2.64297051E-01  2.62160323E-01  2.96159100E-01  3.30642804E-01  3.34507549E-01  3.12541514E-01  2.83183711E-01  2.65897746E-01  2.74154268E-01  3.10952553E-01  3.36780162E-01  3.24928146E-01  2.99184584E-01  2.75375370E-01  2.68041515E-01  2.87546260E-01  3.21709704E-01  3.35267370E-01  3.14076319E-01  2.88073103E-01  2.73179668E-01  2.73458643E-01  2.98282430E-01  3.28098248E-01  3.28468665E-01  3.05029250E-01  2.82959234E-01  2.72430941E-01  2.80469259E-01  3.11505077E-01  3.30652059E-01  3.20100100E-01  2.95941838E-01  2.77615608E-01  2.71614294E-01  2.92028950E-01  3.22570275E-01  3.29974448E-01  3.12667968E-01  2.86658770E-01  2.71970093E-01  2.78412734E-01  3.05846269E-01  3.27753433E-01  3.23894114E-01  3.03114489E-01  2.78625511E-01  2.72297812E-01  2.85822197E-01  3.14523696E-01  3.29269696E-01  3.17318118E-01  2.93115342E-01  2.76410349E-01  2.75371243E-01  2.95746039E-01  3.23464053E-01  3.27910727E-01  3.09671218E-01  2.85178444E-01  2.73611518E-01  2.80365341E-01  3.05379758E-01  3.25805231E-01  3.24631125E-01  3.03591111E-01  2.79577586E-01  2.70927701E-01  2.85119552E-01  3.13601880E-01  3.30907181E-01  3.23101541E-01  2.94787617E-01  2.70687660E-01  2.69436926E-01  2.91597143E-01  3.20875194E-01  3.36769748E-01  3.17730078E-01  2.82801651E-01  2.65852998E-01  2.75450700E-01  2.98852136E-01  3.29197593E-01  3.37956070E-01  3.08676576E-01  2.73751111E-01  2.65912608E-01  2.80645737E-01  3.09261485E-01  3.37402103E-01  3.29929007E-01  2.94082607E-01  2.69530936E-01  2.70700746E-01  2.91445857E-01  3.21436634E-01  3.35827426E-01  3.18358960E-01  2.85012047E-01  2.68473100E-01  2.76826674E-01  3.02037820E-01  3.29423493E-01  3.28695093E-01  3.05884024E-01  2.80769119E-01  2.70642010E-01  2.81669823E-01  3.11935735E-01  3.29664980E-01  3.21654226E-01  2.99858135E-01  2.78658145E-01  2.69725314E-01  2.89207225E-01  3.21070248E-01  3.30720965E-01  3.14766263E-01  2.93483068E-01  2.75766150E-01  2.70830914E-01  3.00032173E-01  3.26874325E-01  3.24022980E-01  3.08786641E-01  2.88673083E-01  2.68781945E-01  2.76750032E-01  3.11811153E-01  3.30036847E-01  3.20232249E-01  3.03277923E-01  2.79275932E-01  2.66271363E-01  2.91216583E-01  3.23564717E-01  3.28235992E-01  3.15184179E-01  2.94854432E-01  2.69724629E-01  2.68006441E-01  3.02191543E-01  3.29652284E-01
  2.55873400E-01  2.33853501E-01  2.73146822E-01  3.36996954E-01  3.61534653E-01  3.41662959E-01  2.91687708E-01  2.38550286E-01  2.37604509E-01  2.98738361E-01  3.55084219E-01  3.58588760E-01  3.26596145E-01  2.71165099E-01  2.27389944E-01  2.51204945E-01  3.25620827E-01  3.66070334E-01  3.49831788E-01  3.07663460E-01  2.52671990E-01  2.26416042E-01  2.72411961E-01  3.47413519E-01  3.67754380E-01  3.37232159E-01  2.90309646E-01  2.38024422E-01  2.33042498E-01  2.99028346E-01  3.61906480E-01  3.60466078E-01  3.22627410E-01  2.71111234E-01  2.28732867E-01  2.48832172E-01  3.23200530E-01  3.70849129E-01  3.52274679E-01  3.06743911E-01  2.49411755E-01  2.26830559E-01  2.72789247E-01  3.46031590E-01  3.72358463E-01  3.39736008E-01  2.84904347E-01  2.33809319E-01  2.35454567E-01  2.98854071E-01  3.65671374E-01  3.66780873E-01  3.21795084E-01  2.63391006E-01  2.25252021E-01  2.49768108E-01  3.29919467E-01  3.76431100E-01  3.54173937E-01  3.00677201E-01  2.45489094E-01  2.24355184E-01  2.75001119E-01  3.57792646E-01  3.77086468E-01  3.35714680E-01  2.78506118E-01  2.28388796E-01  2.32173417E-01  3.06376343E-01  3.74420356E-01  3.68139485E-01  3.15584682E-01  2.57442516E-01  2.21671112E-01  2.53619697E-01  3.35663473E-01  3.81115701E-01  3.50817774E-01  2.95491478E-01  2.40567952E-01  2.25510150E-01  2.80751397E-01  3.60648943E-01  3.74553370E-01  3.31339548E-01  2.75175577E-01  2.28543659E-01  2.37394550E-01  3.11482286E-01  3.73024742E-01  3.62185486E-01  3.15092597E-01  2.55098781E-01  2.22075071E-01  2.57034921E-01  3.38188780E-01  3.73973963E-01  3.50138430E-01  2.93917243E-01  2.40049259E-01  2.28166077E-01  2.80509087E-01  3.55361799E-01  3.70484024E-01  3.32149501E-01  2.76586844E-01  2.30633628E-01  2.36615215E-01  3.06705051E-01  3.67088768E-01  3.63705290E-01  3.14426243E-01  2.57154535E-01  2.26321557E-01  2.57105282E-01  3.29256966E-01  3.69300840E-01  3.51077652E-01  3.00070090E-01  2.42530702E-01  2.31773608E-01  2.80201085E-01  3.44184779E-01  3.63404497E-01  3.36304998E-01  2.81559487E-01  2.37844620E-01  2.46995471E-01  3.01908258E-01  3.48741064E-01  3.55475893E-01  3.21383808E-01  2.65359185E-01  2.36911605E-01  2.62813231E-01  3.16836026E-01  3.53889068E-01  3.49791962E-01  3.04176908E-01  2.52415917E-01  2.42952167E-01  2.79975374E-01  3.28166412E-01  3.57205331E-01  3.38910522E-01  2.84603515E-01  2.43991558E-01  2.51456113E-01  2.92685795E-01  3.40462984E-01  3.59408935E-01  3.23212668E-01  2.68481115E-01  2.43703687E-01  2.62162513E-01  3.05069604E-01  3.50404773E-01  3.49223499E-01  3.06040556E-01  2.60495094E-01  2.48395937E-01  2.73776379E-01  3.18493866E-01  3.53677109E-01  3.42976151E-01  2.92934205E-01  2.48870129E-01  2.50067020E-01  2.89075562E-01  3.33049737E-01  3.53436578E-01  3.30401447E-01  2.75887327E-01  2.42042118E-01  2.61368272E-01  3.02666562E-01  3.45017638E-01  3.53298148E-01  3.15299959E-01  2.59617338E-01  2.40086683E-01  2.73573225E-01  3.22217926E-01  3.51966786E-01  3.44984733E-01  2.97332486E-01  2.45951874E-01  2.47291033E-01  2.91204932E-01  3.34432848E-01  3.56510734E-01  3.31767177E-01  2.76239714E-01  2.37827194E-01  2.58561915E-01  3.11695010E-01  3.52982317E-01  3.51448609E-01  3.12189422E-01
  3.58099045E-01  2.74657044E-01  2.16055352E-01  2.26093351E-01  2.92890034E-01  3.67521760E-01  3.89219111E-01  3.32542737E-01  2.47994908E-01  2.10833343E-01  2.45756341E-01  3.20236544E-01  3.86486755E-01  3.77919979E-01  2.97788065E-01  2.29481737E-01  2.19045247E-01  2.68652363E-01  3.45907519E-01  3.92866573E-01  3.55102227E-01  2.70508640E-01  2.17910130E-01  2.30127591E-01  2.94203943E-01  3.71125180E-01  3.93569694E-01  3.25406372E-01  2.41857128E-01  2.12587520E-01  2.49537380E-01  3.22699956E-01  3.91344976E-01  3.80181303E-01  2.92302293E-01  2.21197617E-01  2.19170565E-01  2.71266297E-01  3.50633777E-01  4.00090001E-01  3.56554653E-01  2.60141867E-01  2.10125079E-01  2.32305790E-01  3.00909165E-01  3.75587185E-01  3.95904242E-01  3.24358072E-01  2.33734245E-01  2.08543277E-01  2.51098236E-01  3.26862765E-01  3.92958781E-01  3.82132850E-01  2.93399681E-01  2.17235311E-01  2.16322031E-01  2.71799230E-01  3.49416921E-01  3.99988199E-01  3.60739663E-01  2.63746953E-01  2.06843851E-01  2.26683755E-01  2.94517460E-01  3.75580794E-01  4.01430124E-01  3.30966376E-01  2.35273417E-01  2.03486170E-01  2.43333105E-01  3.23763624E-01  3.95239454E-01  3.88912018E-01  2.96087473E-01  2.14678829E-01  2.08853923E-01  2.68246324E-01  3.51836818E-01  4.05319421E-01  3.63066403E-01  2.62613237E-01  2.03550563E-01  2.24285433E-01  2.97867941E-01  3.77570534E-01  4.02607141E-01  3.31144195E-01  2.31100618E-01  2.03027270E-01  2.50679030E-01  3.26417817E-01  3.90455457E-01  3.84947344E-01  2.94575006E-01  2.14844893E-01  2.15801114E-01  2.77804056E-01  3.49580593E-01  3.95423201E-01  3.58883781E-01  2.63119770E-01  2.07671972E-01  2.35489872E-01  3.02281486E-01  3.69792982E-01  3.92465177E-01  3.27883902E-01  2.35755008E-01  2.10471768E-01  2.55935550E-01  3.25987610E-01  3.83444899E-01  3.76757600E-01  2.96196819E-01  2.21097666E-01  2.21271533E-01  2.78225904E-01  3.48832022E-01  3.89356019E-01  3.51704534E-01  2.67740422E-01  2.16302227E-01  2.36943120E-01  2.99340338E-01  3.66285039E-01  3.85752786E-01  3.26754271E-01  2.45737454E-01  2.15781302E-01  2.53845036E-01  3.24373197E-01  3.81453782E-01  3.70492663E-01  2.95738026E-01  2.31117784E-01  2.26448192E-01  2.73850975E-01  3.48591809E-01  3.85381843E-01  3.46717514E-01  2.72783496E-01  2.23623146E-01  2.34193238E-01  3.00830106E-01  3.68346515E-01  3.76222195E-01  3.21995277E-01  2.52110148E-01  2.18553628E-01  2.51871352E-01  3.28692750E-01  3.79828392E-01  3.62876879E-01  2.99427046E-01  2.31862409E-01  2.22917915E-01  2.76591460E-01  3.49763762E-01  3.81454895E-01  3.49091077E-01  2.73774586E-01  2.19043152E-01  2.34575817E-01  2.99909972E-01  3.68017551E-01  3.80895591E-01  3.27863889E-01  2.50219584E-01  2.14573097E-01  2.49576864E-01  3.22029892E-01  3.78951995E-01  3.75275587E-01  3.04186213E-01  2.29737705E-01  2.18424950E-01  2.69373318E-01  3.41137434E-01  3.88777533E-01  3.59452612E-01  2.75817590E-01  2.17722690E-01  2.28141915E-01  2.91249658E-01  3.64252293E-01  3.89675545E-01  3.33586068E-01  2.49773850E-01  2.13326385E-01  2.43849610E-01  3.17744484E-01  3.83793430E-01  3.79559317E-01  3.03633726E-01  2.28052916E-01  2.15341583E-01  2.65950494E-01  3.44182635E-01  3.91089749E-01
  1.97160670E-01  3.38998405E-01  4.35392744E-01  4.06316586E-01  3.09392245E-01  2.07269040E-01  1.56680338E-01  2.38243692E-01  3.88497048E-01  4.39763259E-01  3.75091003E-01  2.73087308E-01  1.78074866E-01  1.70211293E-01  2.86046070E-01  4.20407915E-01  4.31610951E-01  3.39451115E-01  2.35129624E-01  1.65176679E-01  1.97722539E-01  3.36407708E-01  4.41601465E-01  4.06760636E-01  3.04176349E-01  2.05981469E-01  1.62701596E-01  2.35984206E-01  3.82556660E-01  4.44367740E-01  3.78027040E-01  2.67774009E-01  1.81773817E-01  1.73481387E-01  2.80312176E-01  4.17739978E-01  4.30834076E-01  3.38517971E-01  2.40423131E-01  1.71418175E-01  1.95347348E-01  3.27335185E-01  4.35904298E-01  4.08993884E-01  3.10969536E-01  2.09778598E-01  1.62012135E-01  2.31157167E-01  3.77283073E-01  4.39193573E-01  3.80939580E-01  2.76641667E-01  1.83212806E-01  1.66693642E-01  2.77504369E-01  4.15151996E-01  4.34711517E-01  3.51578753E-01  2.42920811E-01  1.61335020E-01  1.86982570E-01  3.24423149E-01  4.36129825E-01  4.21567673E-01  3.21976330E-01  2.07591773E-01  1.56989547E-01  2.23377056E-01  3.65897810E-01  4.45818915E-01  4.01175203E-01  2.83311222E-01  1.80849521E-01  1.64504470E-01  2.66175478E-01  3.99395752E-01  4.42914164E-01  3.67413444E-01  2.46754598E-01  1.64123595E-01  1.86840293E-01  3.07771850E-01  4.24436793E-01  4.28959771E-01  3.32313033E-01  2.14563601E-01  1.60927981E-01  2.16099544E-01  3.45727600E-01  4.39718761E-01  4.09582490E-01  2.94540858E-01  1.90202050E-01  1.64675286E-01  2.49523867E-01  3.87782440E-01  4.45930141E-01  3.72791220E-01  2.56534095E-01  1.73059562E-01  1.84249308E-01  3.00709871E-01  4.20998987E-01  4.23008614E-01  3.27721965E-01  2.26422672E-01  1.69950565E-01  2.21777439E-01  3.50777709E-01  4.27471888E-01  3.89438507E-01  2.94826791E-01  2.02988066E-01  1.77949455E-01  2.69304153E-01  3.87414122E-01  4.18623049E-01  3.54929393E-01  2.60347793E-01  1.86984266E-01  2.01344753E-01  3.17792205E-01  4.09988873E-01  3.96449675E-01  3.18339101E-01  2.36387816E-01  1.84494347E-01  2.34332696E-01  3.57727650E-01  4.13521667E-01  3.68665516E-01  2.91906975E-01  2.13971351E-01  1.92978219E-01  2.83067173E-01  3.87142744E-01  3.95848811E-01  3.42861716E-01  2.65124869E-01  1.98574183E-01  2.19578047E-01  3.25490244E-01  3.95724803E-01  3.80012855E-01  3.20020644E-01  2.38687627E-01  1.95875511E-01  2.54030606E-01  3.56793296E-01  3.96810204E-01  3.62113848E-01  2.90310800E-01  2.12942546E-01  2.04240936E-01  2.91169060E-01  3.81199070E-01  3.88454100E-01  3.43606637E-01  2.62959647E-01  1.93956818E-01  2.23492532E-01  3.25685486E-01  3.92449932E-01  3.79980919E-01  3.21383044E-01  2.33112734E-01  1.88642589E-01  2.51615476E-01  3.61023455E-01  4.04561529E-01  3.69370647E-01  2.87808146E-01  2.01817659E-01  1.93384231E-01  2.90120244E-01  3.91803470E-01  4.04719063E-01  3.48180209E-01  2.51714030E-01  1.80483725E-01  2.10765198E-01  3.29331000E-01  4.15576640E-01  3.99294942E-01  3.14735109E-01  2.16314051E-01  1.66349521E-01  2.40773560E-01  3.75587359E-01  4.31256606E-01  3.76530065E-01  2.78495924E-01  1.83372320E-01  1.73698011E-01  2.83266766E-01  4.11786543E-01  4.28027576E-01  3.48336121E-01  2.41248377E-01  1.64931663E-01
  2.93946689E-01  3.66165796E-01  3.85574792E-01  3.13197752E-01  2.43862311E-01  2.29940253E-01  2.56524047E-01  3.16661754E-01  3.85411943E-01  3.72044397E-01  2.83658883E-01  2.25880577E-01  2.35899920E-01  2.76601483E-01  3.45348596E-01  3.92196825E-01  3.47080991E-01  2.54705369E-01  2.17868827E-01  2.45452832E-01  3.02059999E-01  3.69423043E-01  3.88800328E-01  3.13968430E-01  2.34815362E-01  2.24481866E-01  2.59139192E-01  3.20627091E-01  3.87415467E-01  3.74423474E-01  2.83275623E-01  2.19815587E-01  2.28922088E-01  2.74589736E-01  3.49244562E-01  4.01517903E-01  3.49315722E-01  2.53459154E-01  2.09531732E-01  2.38625484E-01  3.01937830E-01  3.76917149E-01  3.96901372E-01  3.22968223E-01  2.23684451E-01  2.10442683E-01  2.56670531E-01  3.27599488E-01  3.92453843E-01  3.86598105E-01  2.87329807E-01  2.08014183E-01  2.19607017E-01  2.78129629E-01  3.51336127E-01  4.03823177E-01  3.60003349E-01  2.50748208E-01  2.03255211E-01  2.39591781E-01  3.02425590E-01  3.74082530E-01  4.01434752E-01  3.22978172E-01  2.27093624E-01  2.08892012E-01  2.58101474E-01  3.29603788E-01  3.90318844E-01  3.82570494E-01  2.87314823E-01  2.11551758E-01  2.21670003E-01  2.80583838E-01  3.56400318E-01  4.03964345E-01  3.54914289E-01  2.46890993E-01  2.03431340E-01  2.39068099E-01  3.06358338E-01  3.81632859E-01  4.01706751E-01  3.18216418E-01  2.22272847E-01  2.10691700E-01  2.58211539E-01  3.29864823E-01  3.98796203E-01  3.88939889E-01  2.81557552E-01  2.05902098E-01  2.18633226E-01  2.78270864E-01  3.54533317E-01  4.07327954E-01  3.59516189E-01  2.49788754E-01  2.04945157E-01  2.36412567E-01  2.99217741E-01  3.73920609E-01  4.03589303E-01  3.26461829E-01  2.27815233E-01  2.09827487E-01  2.56179234E-01  3.26429610E-01  3.91757222E-01  3.82557832E-01  2.90608302E-01  2.11748760E-01  2.20542590E-01  2.80958636E-01  3.54258890E-01  3.94954880E-01  3.55556144E-01  2.56787191E-01  2.09638682E-01  2.40224484E-01  3.06166337E-01  3.65862568E-01  3.86951864E-01  3.24922060E-01  2.39153325E-01  2.18202941E-01  2.65803703E-01  3.22990698E-01  3.71569311E-01  3.74547679E-01  2.97259741E-01  2.20580821E-01  2.31145192E-01  2.84056327E-01  3.38944665E-01  3.79615845E-01  3.55098369E-01  2.68104798E-01  2.18517512E-01  2.45762430E-01  3.00156748E-01  3.56476587E-01  3.86352092E-01  3.27193535E-01  2.39011493E-01  2.22278309E-01  2.65821414E-01  3.21057870E-01  3.75939557E-01  3.72793708E-01  2.89302953E-01  2.24597968E-01  2.32537636E-01  2.83867837E-01  3.43185975E-01  3.88305281E-01  3.44933956E-01  2.58538086E-01  2.20383784E-01  2.44590307E-01  3.03093865E-01  3.69846085E-01  3.84008114E-01  3.10816838E-01  2.35763201E-01  2.21562814E-01  2.59190332E-01  3.29629108E-01  3.89615990E-01  3.65659817E-01  2.79869092E-01  2.25588490E-01  2.27621673E-01  2.79452199E-01  3.52108464E-01  3.89718863E-01  3.41475075E-01  2.58219805E-01  2.23799356E-01  2.39208120E-01  3.01349122E-01  3.75155947E-01  3.84899151E-01  3.08116510E-01  2.39260488E-01  2.25405104E-01  2.56576367E-01  3.23715520E-01  3.85687366E-01  3.67096789E-01  2.81184436E-01  2.30679893E-01  2.37036791E-01  2.78100111E-01  3.42821500E-01  3.87327481E-01  3.37668254E-01  2.61149776E-01  2.32239209E-01  2.46308761E-01
  2.81724294E-01  1.98762712E-01  2.19201945E-01  3.01709196E-01  3.61860789E-01  3.97091098E-01  3.55824764E-01  2.41890647E-01  1.88235466E-01  2.42317731E-01  3.21993563E-01  3.79553129E-01  4.02828107E-01  3.20887121E-01  2.10659139E-01  1.94004116E-01  2.68732843E-01  3.42397278E-01  3.94805467E-01  3.87509659E-01  2.82116616E-01  1.91157960E-01  2.15807554E-01  3.00617773E-01  3.64975092E-01  4.01894420E-01  3.54824759E-01  2.42524294E-01  1.89048505E-01  2.41753260E-01  3.24077784E-01  3.86765848E-01  3.96064658E-01  3.17875930E-01  2.15055346E-01  1.93284307E-01  2.68767446E-01  3.57860216E-01  4.01357356E-01  3.72967150E-01  2.76495510E-01  1.91830431E-01  2.12360726E-01  3.06532419E-01  3.84770750E-01  3.97778507E-01  3.42754905E-01  2.36121382E-01  1.84750026E-01  2.36965928E-01  3.42815430E-01  4.00654262E-01  3.88230698E-01  3.05162680E-01  2.06721582E-01  1.93336619E-01  2.73499279E-01  3.70314276E-01  4.10470194E-01  3.66829796E-01  2.61243529E-01  1.90019211E-01  2.15574166E-01  3.07682056E-01  3.92528309E-01  4.04817569E-01  3.30770959E-01  2.30521690E-01  1.88675619E-01  2.37789757E-01  3.40936569E-01  4.08746705E-01  3.84860995E-01  2.95980705E-01  2.07780146E-01  1.91718899E-01  2.73111208E-01  3.77826367E-01  4.08789498E-01  3.57485461E-01  2.61576124E-01  1.87091656E-01  2.11522517E-01  3.16723860E-01  4.05150089E-01  3.96611178E-01  3.20631669E-01  2.25179711E-01  1.84018892E-01  2.45419012E-01  3.61098406E-01  4.13133312E-01  3.73982305E-01  2.83620330E-01  1.99590797E-01  1.94382144E-01  2.91958276E-01  3.93963376E-01  4.03750671E-01  3.43859661E-01  2.49468256E-01  1.82320400E-01  2.19079570E-01  3.34041048E-01  4.11417358E-01  3.89437502E-01  3.13350337E-01  2.16877392E-01  1.77835731E-01  2.54755036E-01  3.74188552E-01  4.15532074E-01  3.66045154E-01  2.76741576E-01  1.90059001E-01  1.95242238E-01  2.99150144E-01  3.95904897E-01  4.05033858E-01  3.41596134E-01  2.43218289E-01  1.79777747E-01  2.23731558E-01  3.34321302E-01  4.07522031E-01  3.88720483E-01  3.10001179E-01  2.16523095E-01  1.85825845E-01  2.57719753E-01  3.61229972E-01  4.09517796E-01  3.67473658E-01  2.80867226E-01  1.98704004E-01  2.05390023E-01  2.91304486E-01  3.74257699E-01  3.96843928E-01  3.47319115E-01  2.54579906E-01  1.92464562E-01  2.29623893E-01  3.23050982E-01  3.85825914E-01  3.83305646E-01  3.16686388E-01  2.28262540E-01  1.94855760E-01  2.57436899E-01  3.50083573E-01  3.93614550E-01  3.65852056E-01  2.85517218E-01  2.09282343E-01  2.06434852E-01  2.86206214E-01  3.73678849E-01  3.93341641E-01  3.39403262E-01  2.61341953E-01  2.03029407E-01  2.27205615E-01  3.13036597E-01  3.81594311E-01  3.80158587E-01  3.20122731E-01  2.36983667E-01  2.00016778E-01  2.54566677E-01  3.39565472E-01  3.83120860E-01  3.67976005E-01  2.98413926E-01  2.15164233E-01  2.11496537E-01  2.84318305E-01  3.55115107E-01  3.84537602E-01  3.56695458E-01  2.68883579E-01  2.04463629E-01  2.30615863E-01  3.01121770E-01  3.60891165E-01  3.87490965E-01  3.39777488E-01  2.45831148E-01  2.02652725E-01  2.50768595E-01  3.18782878E-01  3.76949680E-01  3.85902257E-01  3.12846334E-01  2.19005430E-01  2.07836393E-01  2.76346189E-01  3.44458021E-01  3.84807083E-01  3.68952347E-01
  2.30909896E-01  2.70753803E-01  3.44914244E-01  3.96902018E-01  3.49088667E-01  2.57253300E-01  2.20433309E-01  2.42192408E-01  2.94252881E-01  3.74433686E-01  3.94128019E-01  3.11301153E-01  2.31701186E-01  2.23923716E-01  2.57930181E-01  3.24558702E-01  3.97573263E-01  3.72105900E-01  2.75866892E-01  2.19789763E-01  2.30536993E-01  2.78166012E-01  3.56017566E-01  4.01402868E-01  3.42824021E-01  2.48646463E-01  2.19262749E-01  2.42598065E-01  3.04050811E-01  3.84126919E-01  3.90034536E-01  3.04327241E-01  2.27828622E-01  2.23861079E-01  2.60987795E-01  3.34405054E-01  3.99092122E-01  3.70306399E-01  2.70682824E-01  2.20581997E-01  2.31258960E-01  2.77278655E-01  3.59125116E-01  4.04904634E-01  3.39202714E-01  2.48488238E-01  2.20963060E-01  2.39305885E-01  3.00296687E-01  3.84851988E-01  3.90755382E-01  3.03803028E-01  2.37259630E-01  2.22098381E-01  2.56269892E-01  3.31132228E-01  3.92599066E-01  3.65068430E-01  2.80536999E-01  2.28734811E-01  2.25799172E-01  2.74582288E-01  3.57648713E-01  3.95364969E-01  3.35297805E-01  2.57737194E-01  2.25691980E-01  2.40006607E-01  3.02182143E-01  3.77982322E-01  3.79240936E-01  3.06049464E-01  2.45004776E-01  2.23139939E-01  2.54154093E-01  3.30761092E-01  3.84287647E-01  3.58564202E-01  2.85829776E-01  2.31489097E-01  2.26529220E-01  2.76800628E-01  3.50975334E-01  3.82684576E-01  3.41904626E-01  2.64805416E-01  2.21174808E-01  2.37023860E-01  2.99939397E-01  3.69325810E-01  3.79746683E-01  3.16540124E-01  2.44660918E-01  2.20551623E-01  2.52906527E-01  3.25395966E-01  3.79046514E-01  3.64086726E-01  2.91329687E-01  2.32491269E-01  2.31525258E-01  2.79545365E-01  3.41471341E-01  3.76069960E-01  3.41443384E-01  2.70573599E-01  2.30762701E-01  2.46607773E-01  2.99697812E-01  3.56218770E-01  3.70081152E-01  3.17492550E-01  2.53591935E-01  2.30478890E-01  2.63065529E-01  3.21179083E-01  3.70121652E-01  3.58064709E-01  2.91888141E-01  2.38691233E-01  2.38607648E-01  2.80172227E-01  3.43290361E-01  3.74926395E-01  3.38775579E-01  2.67450019E-01  2.32788524E-01  2.51822586E-01  3.01441376E-01  3.61104698E-01  3.70739855E-01  3.11243099E-01  2.46430171E-01  2.37593829E-01  2.65599231E-01  3.25213072E-01  3.75148168E-01  3.55266899E-01  2.81531579E-01  2.37724610E-01  2.41977905E-01  2.87667683E-01  3.51788763E-01  3.74430019E-01  3.29038958E-01  2.62941779E-01  2.35757476E-01  2.55625120E-01  3.09614277E-01  3.63056493E-01  3.66056755E-01  3.06759016E-01  2.48161998E-01  2.38163835E-01  2.70048133E-01  3.29206953E-01  3.71675859E-01  3.50601043E-01  2.83368752E-01  2.40631552E-01  2.45660181E-01  2.83885442E-01  3.46156290E-01  3.74094365E-01  3.33686192E-01  2.66950799E-01  2.36653996E-01  2.48657621E-01  3.00221715E-01  3.61370495E-01  3.71390979E-01  3.16180782E-01  2.51762662E-01  2.33148717E-01  2.55355143E-01  3.18846005E-01  3.78923056E-01  3.66535888E-01  2.91402905E-01  2.36441400E-01  2.33879646E-01  2.74428505E-01  3.43492600E-01  3.86022303E-01  3.47709744E-01  2.67310700E-01  2.26883230E-01  2.40892505E-01  2.93648428E-01  3.65476632E-01  3.86328821E-01  3.18245855E-01  2.43175411E-01  2.27404577E-01  2.55092461E-01  3.17093141E-01  3.85654272E-01  3.69574919E-01  2.86916045E-01  2.29011610E-01
  2.99101378E-01  3.32319984E-01  3.44442286E-01  3.16816669E-01  2.74002865E-01  2.53720519E-01  2.70742913E-01  3.11786886E-01  3.44987462E-01  3.42986290E-01  3.00712638E-01  2.60685217E-01  2.54436440E-01  2.80930879E-01  3.23903038E-01  3.49180227E-01  3.32176035E-01  2.88238842E-01  2.56165553E-01  2.57077630E-01  2.91662484E-01  3.35214452E-01  3.51348443E-01  3.19565899E-01  2.75893390E-01  2.54784961E-01  2.65240985E-01  3.06370750E-01  3.45853552E-01  3.43233605E-01  3.04171937E-01  2.68458840E-01  2.52381652E-01  2.75335868E-01  3.21816924E-01  3.51937686E-01  3.34130402E-01  2.91845596E-01  2.57664638E-01  2.54279032E-01  2.90453429E-01  3.37431503E-01  3.51977495E-01  3.23008245E-01  2.78958309E-01  2.50827358E-01  2.59750243E-01  3.06961701E-01  3.50956325E-01  3.48324045E-01  3.03475860E-01  2.64835352E-01  2.50635417E-01  2.72948612E-01  3.24834380E-01  3.58864681E-01  3.34180150E-01  2.87506214E-01  2.56425380E-01  2.54069912E-01  2.87575926E-01  3.41829498E-01  3.58503519E-01  3.19500105E-01  2.72489825E-01  2.50036353E-01  2.61138636E-01  3.10560092E-01  3.54930555E-01  3.46546514E-01  2.98541493E-01  2.61857663E-01  2.50932794E-01  2.76933576E-01  3.29686198E-01  3.57814362E-01  3.30357714E-01  2.82127337E-01  2.55381113E-01  2.56171967E-01  2.96719362E-01  3.48390954E-01  3.52116373E-01  3.09384978E-01  2.69494285E-01  2.52548860E-01  2.66082830E-01  3.17343919E-01  3.56890210E-01  3.35928919E-01  2.94356645E-01  2.65546622E-01  2.53918989E-01  2.78975061E-01  3.35465010E-01  3.53121688E-01  3.23400540E-01  2.83761986E-01  2.58486460E-01  2.58272289E-01  2.99428940E-01  3.45500576E-01  3.47866974E-01  3.09464639E-01  2.73948066E-01  2.55724201E-01  2.64725915E-01  3.17413502E-01  3.53281216E-01  3.34607742E-01  2.96298781E-01  2.69099967E-01  2.53418638E-01  2.77698155E-01  3.34587566E-01  3.49941882E-01  3.22205536E-01  2.89415570E-01  2.60962746E-01  2.54335227E-01  2.98318171E-01  3.45047671E-01  3.40858521E-01  3.12785604E-01  2.79918649E-01  2.50579729E-01  2.62900166E-01  3.18930247E-01  3.49581586E-01  3.32913821E-01  3.02562144E-01  2.67040419E-01  2.46565672E-01  2.80184423E-01  3.32028324E-01  3.46085141E-01  3.22439478E-01  2.92875824E-01  2.56965366E-01  2.53272331E-01  2.99740458E-01  3.40739131E-01  3.38272785E-01  3.12556475E-01  2.79189903E-01  2.52306639E-01  2.67177349E-01  3.17840449E-01  3.43358660E-01  3.23834470E-01  2.99176863E-01  2.69321197E-01  2.55385031E-01  2.87082869E-01  3.33864263E-01  3.37317566E-01  3.16887191E-01  2.89040136E-01  2.59823961E-01  2.61798732E-01  3.08063895E-01  3.39378499E-01  3.33086754E-01  3.08460591E-01  2.77591577E-01  2.53411570E-01  2.72224560E-01  3.24108118E-01  3.44865398E-01  3.25377823E-01  2.98520965E-01  2.65918565E-01  2.52695290E-01  2.88459364E-01  3.34657142E-01  3.41650919E-01  3.20871427E-01  2.88331651E-01  2.56262920E-01  2.59301382E-01  3.04810963E-01  3.40134158E-01  3.38174587E-01  3.13078568E-01  2.75199002E-01  2.53172724E-01  2.74536213E-01  3.18880299E-01  3.39202976E-01  3.33422326E-01  3.02236751E-01  2.63760357E-01  2.56240350E-01  2.88594288E-01  3.25972660E-01  3.39632350E-01  3.27748780E-01  2.88764788E-01  2.56788033E-01  2.64767482E-01
  2.96598305E-01  3.29876554E-01  3.53786591E-01  3.43302345E-01  2.76850414E-01  2.32537798E-01  2.61088765E-01  3.09227927E-01  3.38932234E-01  3.54855108E-01  3.19766143E-01  2.54783978E-01  2.39490403E-01  2.79270277E-01  3.20659848E-01  3.42699774E-01  3.46605887E-01  2.99206340E-01  2.46125993E-01  2.55199612E-01  2.92949223E-01  3.25101412E-01  3.48773897E-01  3.38272861E-01  2.78352429E-01  2.42451114E-01  2.61519593E-01  3.06646042E-01  3.34683402E-01  3.48038396E-01  3.21543147E-01  2.62665786E-01  2.43601897E-01  2.81210178E-01  3.15086428E-01  3.38408698E-01  3.45796055E-01  3.02363280E-01  2.46599920E-01  2.54397505E-01  3.02868259E-01  3.22972854E-01  3.40792121E-01  3.39995990E-01  2.76276852E-01  2.37452140E-01  2.76681093E-01  3.12657719E-01  3.25801195E-01  3.54812246E-01  3.28556127E-01  2.48399301E-01  2.40238617E-01  2.91264319E-01  3.23611417E-01  3.34814944E-01  3.53626059E-01  2.98757563E-01  2.36083425E-01  2.55275408E-01  3.08749259E-01  3.24707556E-01  3.40190472E-01  3.37911985E-01  2.74291228E-01  2.41223804E-01  2.79278135E-01  3.23360344E-01  3.20558787E-01  3.35275835E-01  3.20562331E-01  2.62209789E-01  2.49229923E-01  3.00986175E-01  3.18714977E-01  3.18420537E-01  3.35395414E-01  3.05434875E-01  2.51772643E-01  2.72955142E-01  3.13069543E-01  3.08001976E-01  3.18669834E-01  3.34266505E-01  2.88883262E-01  2.58703613E-01  2.96357027E-01  3.08956435E-01  2.94609536E-01  3.21408175E-01  3.28690633E-01  2.80121622E-01  2.72906874E-01  3.08568336E-01  2.99805880E-01  2.94097507E-01  3.21931692E-01  3.15003117E-01  2.74909686E-01  2.88894084E-01  3.10687479E-01  2.97158783E-01  3.00296520E-01  3.18836181E-01  3.00308008E-01  2.76531185E-01  3.01301262E-01  3.11683108E-01  3.00621594E-01  3.04029180E-01  3.09016524E-01  2.80685331E-01  2.83019954E-01  3.16165178E-01  3.14250561E-01  2.93983657E-01  3.01620805E-01  3.01506946E-01  2.73923397E-01  2.98606134E-01  3.29230008E-01  3.07534852E-01  2.86519669E-01  3.01962516E-01  2.88154128E-01  2.84380991E-01  3.21984892E-01  3.26833169E-01  2.90725923E-01  2.86232982E-01  2.93429877E-01  2.86408926E-01  3.00410693E-01  3.29485567E-01  3.16784748E-01  2.86994242E-01  2.83843982E-01  2.89472806E-01  2.96975913E-01  3.09159487E-01  3.21611617E-01  3.10144778E-01  2.87061837E-01  2.84409249E-01  3.00214245E-01  2.92624530E-01  3.05185730E-01  3.24177559E-01  3.04685075E-01  2.87878919E-01  2.98800540E-01  2.92997995E-01  2.83955190E-01  3.12753535E-01  3.22087615E-01  3.00812996E-01  2.97476198E-01  2.97714007E-01  2.76183849E-01  2.85099578E-01  3.16930476E-01  3.14073581E-01  3.08077249E-01  3.11366539E-01  2.90168067E-01  2.70095853E-01  2.91513017E-01  3.12251159E-01  3.14091749E-01  3.16969737E-01  3.11747187E-01  2.84794421E-01  2.65439636E-01  2.87258219E-01  3.13010138E-01  3.25142744E-01  3.29453432E-01  3.05484978E-01  2.65220307E-01  2.59690880E-01  2.92782971E-01  3.21912261E-01  3.40734237E-01  3.33276139E-01  2.83242997E-01  2.45061476E-01  2.64040040E-01  3.07861189E-01  3.30600984E-01  3.49683592E-01  3.25615275E-01  2.60667363E-01  2.34830223E-01  2.78440462E-01  3.17097526E-01  3.41872240E-01  3.54004057E-01  3.09149367E-01  2.37618582E-01  2.42749696E-01
  3.06011427E-01  2.66867629E-01  2.59634619E-01  2.78147770E-01  3.14325048E-01  3.44684505E-01  3.36488579E-01  2.93557973E-01  2.60162040E-01  2.61932479E-01  2.85842765E-01  3.25570331E-01  3.51049160E-01  3.28118772E-01  2.81372644E-01  2.53976646E-01  2.60027774E-01  2.94707481E-01  3.42148086E-01  3.53305632E-01  3.15268202E-01  2.70766024E-01  2.45815305E-01  2.63552845E-01  3.15240758E-01  3.57736742E-01  3.46093417E-01  3.01559541E-01  2.57634181E-01  2.43116284E-01  2.72656103E-01  3.34495030E-01  3.65514713E-01  3.38535418E-01  2.82131478E-01  2.43445855E-01  2.44333819E-01  2.95027373E-01  3.53151645E-01  3.64486010E-01  3.20653695E-01  2.63417256E-01  2.35443301E-01  2.58902201E-01  3.18173460E-01  3.62840682E-01  3.54477370E-01  2.99980369E-01  2.47182876E-01  2.35569989E-01  2.77726085E-01  3.39057569E-01  3.68280713E-01  3.42967962E-01  2.78911255E-01  2.34733863E-01  2.41422144E-01  2.95875967E-01  3.54229738E-01  3.72335903E-01  3.22667902E-01  2.56846538E-01  2.29898083E-01  2.56059414E-01  3.17685493E-01  3.68055713E-01  3.62187642E-01  3.00454044E-01  2.40203754E-01  2.31672095E-01  2.74261078E-01  3.38440185E-01  3.77042841E-01  3.46869411E-01  2.75006558E-01  2.30834195E-01  2.41611528E-01  2.94690874E-01  3.56979302E-01  3.73344874E-01  3.26516248E-01  2.57864433E-01  2.26679401E-01  2.52702352E-01  3.18055544E-01  3.70198625E-01  3.63868937E-01  3.03301835E-01  2.41039908E-01  2.28712732E-01  2.75293046E-01  3.39120247E-01  3.72225932E-01  3.47500964E-01  2.79928401E-01  2.30005171E-01  2.42502801E-01  2.97478149E-01  3.52511107E-01  3.66962437E-01  3.26006970E-01  2.60680505E-01  2.29564655E-01  2.59508510E-01  3.19432137E-01  3.60140754E-01  3.54996092E-01  3.04302155E-01  2.47457339E-01  2.37682891E-01  2.78231341E-01  3.34255953E-01  3.63586710E-01  3.39788512E-01  2.83686692E-01  2.41206540E-01  2.49460803E-01  2.99992931E-01  3.48957236E-01  3.55366824E-01  3.18040710E-01  2.67412522E-01  2.42248325E-01  2.65096249E-01  3.19569392E-01  3.56311988E-01  3.42954073E-01  2.98093294E-01  2.55153487E-01  2.47136003E-01  2.81902606E-01  3.38316993E-01  3.55820130E-01  3.26412546E-01  2.80391696E-01  2.49614976E-01  2.55649580E-01  3.01266571E-01  3.48998829E-01  3.48738523E-01  3.12245042E-01  2.67810482E-01  2.48082032E-01  2.70758063E-01  3.21292891E-01  3.49666795E-01  3.37919762E-01  2.99272316E-01  2.56834951E-01  2.52288758E-01  2.87768331E-01  3.34256650E-01  3.47633860E-01  3.26241896E-01  2.84465010E-01  2.52794147E-01  2.63221210E-01  3.05819495E-01  3.41045259E-01  3.40016099E-01  3.10771780E-01  2.72332094E-01  2.55431930E-01  2.78368911E-01  3.18163750E-01  3.43497420E-01  3.29746204E-01  2.95883611E-01  2.65328145E-01  2.61659722E-01  2.90545231E-01  3.28796099E-01  3.41716990E-01  3.20573912E-01  2.84430556E-01  2.59587470E-01  2.68327468E-01  3.02157950E-01  3.36359350E-01  3.38508428E-01  3.09209861E-01  2.71755358E-01  2.59554097E-01  2.81545171E-01  3.14468982E-01  3.40595732E-01  3.33581563E-01  2.93931576E-01  2.61440219E-01  2.63790692E-01  2.91407581E-01  3.28247848E-01  3.46126439E-01  3.19199516E-01  2.76423456E-01  2.58071583E-01  2.73314209E-01  3.04949878E-01  3.39190939E-01  3.40186896E-01
  3.28792102E-01  2.88863456E-01  2.50723010E-01  2.66836587E-01  3.10095626E-01  3.32541260E-01  3.41568435E-01  3.21595355E-01  2.66276607E-01  2.48985495E-01  2.83932696E-01  3.17748154E-01  3.34097211E-01  3.40994856E-01  3.00891888E-01  2.52325777E-01  2.60090614E-01  2.98682424E-01  3.20303637E-01  3.37361386E-01  3.35547564E-01  2.85354679E-01  2.48539492E-01  2.68113810E-01  3.02947588E-01  3.29389983E-01  3.48129231E-01  3.25205101E-01  2.68030874E-01  2.47794994E-01  2.75703871E-01  3.11140312E-01  3.38190878E-01  3.51427172E-01  3.10682521E-01  2.54475133E-01  2.49156320E-01  2.88588915E-01  3.20919280E-01  3.49747472E-01  3.48047569E-01  2.87982566E-01  2.40547850E-01  2.52710610E-01  2.97549383E-01  3.37797995E-01  3.62129000E-01  3.31344260E-01  2.64176673E-01  2.34681163E-01  2.65623707E-01  3.11233532E-01  3.55287683E-01  3.63890096E-01  3.06343432E-01  2.45638933E-01  2.39506296E-01  2.81606070E-01  3.33286548E-01  3.67730887E-01  3.42928187E-01  2.81309863E-01  2.36563809E-01  2.47204638E-01  3.03669412E-01  3.55408418E-01  3.60586098E-01  3.19963309E-01  2.65512347E-01  2.33932048E-01  2.64913158E-01  3.22452634E-01  3.61234965E-01  3.51452854E-01  3.05045723E-01  2.48567226E-01  2.33141382E-01  2.81393648E-01  3.38521536E-01  3.65655026E-01  3.43657241E-01  2.85696895E-01  2.31329199E-01  2.43951242E-01  3.05776935E-01  3.49965267E-01  3.64258919E-01  3.26720793E-01  2.64926119E-01  2.29188683E-01  2.60601507E-01  3.19487455E-01  3.59117346E-01  3.56837271E-01  3.11013208E-01  2.46605589E-01  2.30894330E-01  2.83062904E-01  3.35343003E-01  3.58171689E-01  3.43080684E-01  2.88809015E-01  2.35145547E-01  2.48344784E-01  3.00014401E-01  3.44422078E-01  3.58670642E-01  3.29202971E-01  2.66484217E-01  2.35254076E-01  2.63259599E-01  3.14216520E-01  3.48931897E-01  3.54774501E-01  3.09065199E-01  2.49936436E-01  2.40042659E-01  2.78119648E-01  3.25992872E-01  3.52884755E-01  3.41590508E-01  2.89570414E-01  2.45333686E-01  2.55116227E-01  3.00642840E-01  3.31059428E-01  3.42417729E-01  3.23050273E-01  2.76205253E-01  2.52690791E-01  2.75540895E-01  3.10880200E-01  3.29740738E-01  3.33562027E-01  3.08268076E-01  2.70150846E-01  2.57401156E-01  2.88963541E-01  3.13759153E-01  3.25639835E-01  3.32420259E-01  3.02712615E-01  2.57354180E-01  2.65165774E-01  3.02631337E-01  3.14282531E-01  3.29430142E-01  3.32618363E-01  2.86704612E-01  2.51347869E-01  2.76537278E-01  3.05498448E-01  3.17969374E-01  3.36410705E-01  3.22746340E-01  2.69195612E-01  2.54479739E-01  2.87074143E-01  3.06440721E-01  3.25220091E-01  3.37250611E-01  3.08378102E-01  2.61179203E-01  2.63111725E-01  2.92180699E-01  3.09780861E-01  3.33560117E-01  3.31677654E-01  2.89173091E-01  2.58117785E-01  2.76961958E-01  3.03538776E-01  3.20747547E-01  3.29610767E-01  3.11993527E-01  2.77436927E-01  2.62143736E-01  2.91052075E-01  3.10606803E-01  3.22150105E-01  3.27659699E-01  3.03240563E-01  2.63503912E-01  2.68758478E-01  3.03776242E-01  3.20055402E-01  3.27447247E-01  3.15757976E-01  2.84097653E-01  2.54995049E-01  2.84071247E-01  3.17114602E-01  3.25301724E-01  3.27567552E-01  3.08048542E-01  2.64322560E-01  2.58175711E-01  2.96056536E-01  3.24418410E-01  3.35534685E-01
  2.73062964E-01  2.94142882E-01  3.25173153E-01  3.30138539E-01  3.09678892E-01  2.85690304E-01  2.73500921E-01  2.77065875E-01  3.06461060E-01  3.31770530E-01  3.23246627E-01  2.97345344E-01  2.78479719E-01  2.73524438E-01  2.88091153E-01  3.20474275E-01  3.32695371E-01  3.11496310E-01  2.86689649E-01  2.74094376E-01  2.78020389E-01  3.02137008E-01  3.29713617E-01  3.26424749E-01  3.00471889E-01  2.77950074E-01  2.73691680E-01  2.85655837E-01  3.11943278E-01  3.33001943E-01  3.21670529E-01  2.92526118E-01  2.74780779E-01  2.74209681E-01  2.92063618E-01  3.21668618E-01  3.36753834E-01  3.14409809E-01  2.81230257E-01  2.69880138E-01  2.77906560E-01  2.99050487E-01  3.30600846E-01  3.37478635E-01  3.02156365E-01  2.74552885E-01  2.70803273E-01  2.79815299E-01  3.08365320E-01  3.42377180E-01  3.32908171E-01  2.89740785E-01  2.69360073E-01  2.69619156E-01  2.83771577E-01  3.23836857E-01  3.48577297E-01  3.18329444E-01  2.79547638E-01  2.67717465E-01  2.71379191E-01  2.96279373E-01  3.36982880E-01  3.42459038E-01  3.03929796E-01  2.73527423E-01  2.63678591E-01  2.76700389E-01  3.11757102E-01  3.45557280E-01  3.31372705E-01  2.89306149E-01  2.66897629E-01  2.66030516E-01  2.86867163E-01  3.27977820E-01  3.45686442E-01  3.16154160E-01  2.79545623E-01  2.65544834E-01  2.69345307E-01  2.98691431E-01  3.39031561E-01  3.39764959E-01  3.01813838E-01  2.75940472E-01  2.65140468E-01  2.72579482E-01  3.13298733E-01  3.45854490E-01  3.29964261E-01  2.94245298E-01  2.70185373E-01  2.60598737E-01  2.84330278E-01  3.28151193E-01  3.46454121E-01  3.18977173E-01  2.84729582E-01  2.62387695E-01  2.64850521E-01  2.98703843E-01  3.39078821E-01  3.41684628E-01  3.08179038E-01  2.74846874E-01  2.59084610E-01  2.73705290E-01  3.12212748E-01  3.43131320E-01  3.33192540E-01  2.96305086E-01  2.69452199E-01  2.59623831E-01  2.84005649E-01  3.27507646E-01  3.44815812E-01  3.18740312E-01  2.88120480E-01  2.65282165E-01  2.63886043E-01  2.97053078E-01  3.37871582E-01  3.41648745E-01  3.07823786E-01  2.78517391E-01  2.63467397E-01  2.70156942E-01  3.08694509E-01  3.45868852E-01  3.33715237E-01  2.97808247E-01  2.72238947E-01  2.61538187E-01  2.77911009E-01  3.24228408E-01  3.46669848E-01  3.21554817E-01  2.87106356E-01  2.68745213E-01  2.64940686E-01  2.90129416E-01  3.35467612E-01  3.42593140E-01  3.08743483E-01  2.77793772E-01  2.65387611E-01  2.71395835E-01  3.06338803E-01  3.42479549E-01  3.31686519E-01  2.95363918E-01  2.73075412E-01  2.68329243E-01  2.81012599E-01  3.18694911E-01  3.41800689E-01  3.19139616E-01  2.86219589E-01  2.72682255E-01  2.71008850E-01  2.90049247E-01  3.30695249E-01  3.37215148E-01  3.08625775E-01  2.81681837E-01  2.70038127E-01  2.72121007E-01  3.02635150E-01  3.37190378E-01  3.33252153E-01  2.97203568E-01  2.75868721E-01  2.68824904E-01  2.80562918E-01  3.17809307E-01  3.40409477E-01  3.19546699E-01  2.86967521E-01  2.74686813E-01  2.72815145E-01  2.92163652E-01  3.27214166E-01  3.33697539E-01  3.09052420E-01  2.84666282E-01  2.72279464E-01  2.76220437E-01  3.04674539E-01  3.32045753E-01  3.26264173E-01  3.02662832E-01  2.80579780E-01  2.70640272E-01  2.84389165E-01  3.16867246E-01  3.32697300E-01  3.17177009E-01  2.94218298E-01  2.74318919E-01
  2.88987289E-01  2.50845165E-01  2.36614749E-01  2.62069421E-01  3.43817454E-01  3.86893396E-01  3.35910736E-01  2.74308899E-01  2.46297059E-01  2.38396748E-01  2.85135448E-01  3.68656016E-01  3.74372009E-01  3.09869812E-01  2.62789113E-01  2.41962381E-01  2.46695516E-01  3.13498239E-01  3.77956984E-01  3.55815013E-01  2.95129345E-01  2.55127389E-01  2.36310172E-01  2.60309361E-01  3.39140005E-01  3.83962154E-01  3.37469405E-01  2.76754889E-01  2.44583639E-01  2.37237377E-01  2.84640750E-01  3.64418048E-01  3.78115557E-01  3.13793045E-01  2.58878375E-01  2.37235217E-01  2.45858601E-01  3.15135543E-01  3.84211983E-01  3.59260838E-01  2.85574453E-01  2.46935632E-01  2.34708892E-01  2.65281246E-01  3.47026128E-01  3.88278749E-01  3.31588544E-01  2.65868246E-01  2.34816542E-01  2.38095344E-01  2.90862608E-01  3.74039471E-01  3.80920328E-01  3.07070949E-01  2.47023305E-01  2.30965621E-01  2.49253062E-01  3.22192460E-01  3.91056495E-01  3.64169073E-01  2.81264707E-01  2.32575382E-01  2.27825272E-01  2.69126547E-01  3.51313195E-01  3.95298230E-01  3.40460720E-01  2.60646909E-01  2.24466339E-01  2.32889171E-01  2.93493537E-01  3.74429997E-01  3.90238274E-01  3.13527867E-01  2.43929729E-01  2.18788651E-01  2.44676713E-01  3.22026851E-01  3.93960568E-01  3.73690265E-01  2.88594677E-01  2.26214374E-01  2.22083357E-01  2.67691932E-01  3.50258444E-01  3.97259834E-01  3.51369781E-01  2.63706924E-01  2.17190390E-01  2.31054247E-01  2.93562325E-01  3.74874425E-01  3.93695661E-01  3.22395315E-01  2.40982209E-01  2.15702650E-01  2.44827194E-01  3.17970227E-01  3.92620285E-01  3.79808230E-01  2.89504665E-01  2.27548727E-01  2.21905943E-01  2.62249544E-01  3.47524035E-01  4.03998932E-01  3.50296041E-01  2.63604376E-01  2.21140196E-01  2.27529264E-01  2.88576176E-01  3.77176357E-01  3.94246142E-01  3.20350119E-01  2.44200757E-01  2.17481939E-01  2.44965845E-01  3.20936777E-01  3.92596489E-01  3.77087465E-01  2.93712116E-01  2.27544070E-01  2.19905418E-01  2.68231732E-01  3.48298396E-01  3.99845592E-01  3.56506176E-01  2.61556361E-01  2.17505253E-01  2.34629364E-01  2.92663112E-01  3.76784679E-01  3.97333485E-01  3.20431529E-01  2.37009994E-01  2.19475217E-01  2.49449827E-01  3.21041166E-01  3.96887192E-01  3.79591846E-01  2.85735118E-01  2.24834366E-01  2.25648830E-01  2.67453198E-01  3.49458345E-01  4.04760266E-01  3.49627206E-01  2.58080555E-01  2.21266812E-01  2.35647873E-01  2.88448554E-01  3.75182018E-01  3.97199672E-01  3.18726465E-01  2.43575994E-01  2.25611626E-01  2.43605033E-01  3.14290931E-01  3.95254099E-01  3.79178781E-01  2.89699348E-01  2.34627204E-01  2.26804539E-01  2.60494560E-01  3.48300324E-01  4.01856949E-01  3.45347557E-01  2.65405300E-01  2.31259444E-01  2.33226673E-01  2.86991100E-01  3.73559890E-01  3.89406344E-01  3.16363785E-01  2.52872837E-01  2.29880412E-01  2.42865258E-01  3.15464188E-01  3.89409242E-01  3.66884116E-01  2.91354268E-01  2.44688938E-01  2.31057573E-01  2.61678062E-01  3.43317444E-01  3.92111380E-01  3.40774434E-01  2.70261171E-01  2.40767806E-01  2.37286616E-01  2.86367116E-01  3.69506085E-01  3.81549391E-01  3.11400535E-01  2.56740162E-01  2.37603420E-01  2.46059904E-01  3.16150629E-01  3.85738798E-01  3.59277451E-01
  3.09332146E-01  3.34330043E-01  3.25593187E-01  2.91332657E-01  2.72459337E-01  2.75308098E-01  2.91244392E-01  3.17455920E-01  3.35779742E-01  3.15657819E-01  2.84473623E-01  2.71388778E-01  2.78641647E-01  2.96696488E-01  3.26534544E-01  3.32610856E-01  3.05330232E-01  2.77746217E-01  2.69084714E-01  2.80810289E-01  3.08055273E-01  3.34126788E-01  3.28119819E-01  2.94713517E-01  2.69987633E-01  2.69834549E-01  2.89495557E-01  3.21649217E-01  3.37951255E-01  3.14795118E-01  2.85118666E-01  2.66633676E-01  2.71009169E-01  3.01549796E-01  3.32146640E-01  3.31800303E-01  3.07181894E-01  2.77865387E-01  2.65916064E-01  2.79056223E-01  3.12244736E-01  3.34340333E-01  3.25049139E-01  2.96413052E-01  2.70941486E-01  2.69101174E-01  2.90077313E-01  3.19075667E-01  3.33816172E-01  3.17501978E-01  2.86912371E-01  2.67543730E-01  2.72579563E-01  2.99255459E-01  3.26441432E-01  3.34090682E-01  3.05789772E-01  2.76460350E-01  2.66513938E-01  2.80979136E-01  3.09735456E-01  3.34794480E-01  3.27464682E-01  2.94465017E-01  2.67686331E-01  2.66157987E-01  2.90908448E-01  3.24200432E-01  3.38093497E-01  3.17754176E-01  2.83248116E-01  2.61014653E-01  2.70755282E-01  3.04900891E-01  3.34386109E-01  3.35679556E-01  3.04096574E-01  2.72501675E-01  2.61373100E-01  2.81111401E-01  3.17873930E-01  3.41838907E-01  3.26086555E-01  2.91323905E-01  2.63969343E-01  2.64222135E-01  2.95075559E-01  3.32479367E-01  3.41110557E-01  3.14725601E-01  2.78793981E-01  2.60453749E-01  2.72302809E-01  3.08662563E-01  3.38625979E-01  3.34697370E-01  3.02333816E-01  2.68184825E-01  2.61015118E-01  2.87183950E-01  3.22326943E-01  3.38140123E-01  3.25630276E-01  2.88838488E-01  2.61465306E-01  2.68560193E-01  3.00062801E-01  3.30348758E-01  3.36742590E-01  3.13291903E-01  2.78165510E-01  2.61686808E-01  2.81273130E-01  3.12186403E-01  3.33023989E-01  3.31344309E-01  3.01250739E-01  2.68956370E-01  2.66491360E-01  2.93822890E-01  3.20224444E-01  3.34234418E-01  3.23453353E-01  2.87539842E-01  2.65000097E-01  2.77544148E-01  3.03341954E-01  3.25837889E-01  3.34038359E-01  3.12730761E-01  2.73772207E-01  2.66266351E-01  2.88597558E-01  3.12495403E-01  3.31012837E-01  3.31559811E-01  2.96549783E-01  2.65623575E-01  2.73205818E-01  2.97088976E-01  3.19711935E-01  3.34965404E-01  3.20126843E-01  2.82804674E-01  2.67776633E-01  2.82947418E-01  3.02008100E-01  3.23486487E-01  3.34342909E-01  3.09941166E-01  2.75531488E-01  2.71452216E-01  2.87385123E-01  3.08059787E-01  3.28246909E-01  3.28582580E-01  2.99034746E-01  2.73906573E-01  2.75991333E-01  2.91310877E-01  3.13664449E-01  3.31591421E-01  3.23095996E-01  2.88054898E-01  2.70261392E-01  2.78580328E-01  2.96863027E-01  3.20987862E-01  3.34807161E-01  3.12654801E-01  2.79046814E-01  2.72335872E-01  2.81451234E-01  3.04321839E-01  3.29408098E-01  3.30380438E-01  3.01055208E-01  2.77264962E-01  2.73078231E-01  2.83712898E-01  3.12864831E-01  3.35916473E-01  3.21483464E-01  2.92540469E-01  2.74379283E-01  2.72870502E-01  2.92178971E-01  3.20903381E-01  3.32934068E-01  3.15166634E-01  2.85114201E-01  2.69551495E-01  2.78194973E-01  3.01689956E-01  3.26604970E-01  3.32736206E-01  3.04121057E-01  2.75216710E-01  2.72181404E-01  2.84161711E-01
  3.29271471E-01  2.91949444E-01  2.62901647E-01  2.55797235E-01  2.91805078E-01  3.38947500E-01  3.43931143E-01  3.12787805E-01  2.81550783E-01  2.61560450E-01  2.68969611E-01  3.09201610E-01  3.40742370E-01  3.33313170E-01  2.99855995E-01  2.73856529E-01  2.65027233E-01  2.82503423E-01  3.22656953E-01  3.41021297E-01  3.19578423E-01  2.86997819E-01  2.69594700E-01  2.68728742E-01  2.96156160E-01  3.33668248E-01  3.34922069E-01  3.05726341E-01  2.80662742E-01  2.66765055E-01  2.76049191E-01  3.12844958E-01  3.36987072E-01  3.23164330E-01  2.96562655E-01  2.74182845E-01  2.64771667E-01  2.88848122E-01  3.24606576E-01  3.33679880E-01  3.15281297E-01  2.89296163E-01  2.68919126E-01  2.67808179E-01  2.98993576E-01  3.31236375E-01  3.30633736E-01  3.10107413E-01  2.85246427E-01  2.66024032E-01  2.70878059E-01  3.09043561E-01  3.34270535E-01  3.27118806E-01  3.04535787E-01  2.75277886E-01  2.62684744E-01  2.81508773E-01  3.20111785E-01  3.38050138E-01  3.21819118E-01  2.92135706E-01  2.67224203E-01  2.64514198E-01  2.93841436E-01  3.31855685E-01  3.38286198E-01  3.13204728E-01  2.81642478E-01  2.64214142E-01  2.71919696E-01  3.07642936E-01  3.38739085E-01  3.32233027E-01  3.01311942E-01  2.72191496E-01  2.64794468E-01  2.81417226E-01  3.18561892E-01  3.40169071E-01  3.24097341E-01  2.91153006E-01  2.69054429E-01  2.67229720E-01  2.91137382E-01  3.27211468E-01  3.37638207E-01  3.14910702E-01  2.84304969E-01  2.65755284E-01  2.73608090E-01  3.03614666E-01  3.35026584E-01  3.32101590E-01  3.07271021E-01  2.74404307E-01  2.63921297E-01  2.81575716E-01  3.13998781E-01  3.36208547E-01  3.30190364E-01  2.97784625E-01  2.65657647E-01  2.64341692E-01  2.88197841E-01  3.22864134E-01  3.39695556E-01  3.25806758E-01  2.86883167E-01  2.59506587E-01  2.65585228E-01  2.99018158E-01  3.31720759E-01  3.41330459E-01  3.17912984E-01  2.76408051E-01  2.55544531E-01  2.67875401E-01  3.09146193E-01  3.41867687E-01  3.41247487E-01  3.05294212E-01  2.66493648E-01  2.49322051E-01  2.76773876E-01  3.27734632E-01  3.52174594E-01  3.32173950E-01  2.91429765E-01  2.52086697E-01  2.50245792E-01  2.95188203E-01  3.45888197E-01  3.53777819E-01  3.17252335E-01  2.70746031E-01  2.46351464E-01  2.61429799E-01  3.16701656E-01  3.57283584E-01  3.43470411E-01  3.01184926E-01  2.59688929E-01  2.41327725E-01  2.75195379E-01  3.38083963E-01  3.58480308E-01  3.34047655E-01  2.88367926E-01  2.44954892E-01  2.44818791E-01  2.98930125E-01  3.52906052E-01  3.57242390E-01  3.19839960E-01  2.67664366E-01  2.35718864E-01  2.56936122E-01  3.22153069E-01  3.62096110E-01  3.51330544E-01  3.03544129E-01  2.48600693E-01  2.31696541E-01  2.78164196E-01  3.43140753E-01  3.65218462E-01  3.35982197E-01  2.83507809E-01  2.39205510E-01  2.45524516E-01  3.03331853E-01  3.56452223E-01  3.57392577E-01  3.17415506E-01  2.62893132E-01  2.34959297E-01  2.64262413E-01  3.28395796E-01  3.60656160E-01  3.44567634E-01  2.96002640E-01  2.50080202E-01  2.41002561E-01  2.87263772E-01  3.46888426E-01  3.56303931E-01  3.26563800E-01  2.75672780E-01  2.43685365E-01  2.56321599E-01  3.12672776E-01  3.51760209E-01  3.44963609E-01  3.07011041E-01  2.67839480E-01  2.47352574E-01  2.73560628E-01  3.26790930E-01  3.50863582E-01
  3.17879998E-01  4.04146067E-01  3.98054945E-01  3.01298841E-01  2.14347226E-01  2.02967332E-01  2.56105051E-01  3.50752051E-01  4.15003493E-01  3.70922485E-01  2.64451118E-01  2.02737186E-01  2.16998169E-01  2.85885232E-01  3.79193933E-01  4.10296491E-01  3.36133822E-01  2.38083473E-01  2.01284758E-01  2.32224296E-01  3.15669748E-01  4.02011854E-01  3.97665870E-01  3.02195783E-01  2.17644808E-01  2.02596931E-01  2.55109182E-01  3.49106536E-01  4.13258736E-01  3.70579787E-01  2.67888580E-01  2.03109736E-01  2.11648159E-01  2.85778246E-01  3.79643756E-01  4.11574320E-01  3.38618273E-01  2.38559041E-01  1.96590000E-01  2.33244198E-01  3.17840690E-01  3.97908148E-01  3.97672715E-01  3.04774176E-01  2.16077678E-01  2.02433819E-01  2.55655219E-01  3.48030924E-01  4.12415937E-01  3.73800432E-01  2.68706434E-01  2.01731905E-01  2.12422895E-01  2.87188473E-01  3.78624432E-01  4.09843091E-01  3.40653835E-01  2.37474678E-01  1.96961851E-01  2.36417684E-01  3.19310847E-01  3.94350102E-01  3.96830491E-01  3.04074788E-01  2.15714057E-01  2.04595906E-01  2.63965348E-01  3.47785125E-01  4.04217766E-01  3.69978047E-01  2.69777288E-01  2.04451982E-01  2.22307974E-01  2.90318332E-01  3.74416958E-01  4.05094031E-01  3.36153795E-01  2.35626460E-01  2.03103733E-01  2.41845200E-01  3.19710986E-01  3.94685063E-01  3.91175391E-01  2.97399514E-01  2.16948756E-01  2.11370337E-01  2.64652667E-01  3.48992624E-01  4.04159294E-01  3.64232658E-01  2.67221948E-01  2.07841354E-01  2.23457857E-01  2.91819966E-01  3.75570277E-01  4.00508482E-01  3.30082104E-01  2.38288680E-01  2.08412034E-01  2.45586481E-01  3.22029836E-01  3.91790518E-01  3.82634825E-01  2.95355935E-01  2.20921207E-01  2.16091150E-01  2.69279728E-01  3.49206724E-01  4.00829412E-01  3.58566437E-01  2.64129238E-01  2.11554124E-01  2.28101819E-01  2.98466728E-01  3.74999560E-01  3.95362219E-01  3.25178937E-01  2.37248543E-01  2.09390047E-01  2.49879785E-01  3.28230227E-01  3.91271889E-01  3.80598615E-01  2.90446657E-01  2.16684574E-01  2.17008078E-01  2.73300302E-01  3.55430088E-01  4.03624557E-01  3.54887660E-01  2.57301134E-01  2.07782334E-01  2.29511619E-01  3.00581578E-01  3.83394506E-01  4.01238900E-01  3.21283918E-01  2.30397160E-01  2.05240511E-01  2.48601312E-01  3.29206253E-01  4.01777232E-01  3.86160348E-01  2.90508036E-01  2.12556229E-01  2.10508128E-01  2.70316509E-01  3.58623793E-01  4.08965298E-01  3.64124359E-01  2.56660029E-01  1.98674725E-01  2.24369547E-01  2.99627805E-01  3.83519015E-01  4.08218625E-01  3.27239904E-01  2.24584034E-01  2.01214467E-01  2.46829767E-01  3.27825281E-01  4.05866562E-01  3.92159244E-01  2.86622063E-01  2.09838938E-01  2.10779260E-01  2.66152118E-01  3.54171870E-01  4.17945144E-01  3.65762531E-01  2.53979059E-01  2.00789680E-01  2.22078092E-01  2.89826813E-01  3.83000638E-01  4.18141911E-01  3.31997977E-01  2.26980609E-01  1.99623843E-01  2.35294263E-01  3.19396883E-01  4.09872982E-01  4.01395028E-01  2.93632485E-01  2.11364029E-01  2.03065652E-01  2.55583955E-01  3.54296079E-01  4.20535360E-01  3.71189510E-01  2.61029762E-01  2.01606140E-01  2.16028670E-01  2.86548374E-01  3.82554423E-01  4.13131679E-01  3.35534520E-01  2.37037648E-01  1.98787033E-01  2.33128161E-01
  3.03523355E-01  2.78529956E-01  2.68331661E-01  2.72535104E-01  3.09208595E-01  3.45519129E-01  3.28038374E-01  2.93021594E-01  2.75269481E-01  2.65043034E-01  2.82093180E-01  3.28527299E-01  3.44500847E-01  3.12591222E-01  2.83647996E-01  2.69926469E-01  2.67866351E-01  2.99840108E-01  3.41265432E-01  3.33505794E-01  2.96754656E-01  2.76595569E-01  2.70719393E-01  2.77934486E-01  3.18604356E-01  3.43201906E-01  3.18978775E-01  2.84165700E-01  2.73739216E-01  2.71360569E-01  2.92554787E-01  3.34403298E-01  3.38436312E-01  3.03523083E-01  2.77244173E-01  2.71657902E-01  2.78795733E-01  3.10636743E-01  3.39902812E-01  3.23905112E-01  2.92925119E-01  2.75584665E-01  2.71332755E-01  2.90125101E-01  3.26205331E-01  3.35233193E-01  3.10602713E-01  2.85093775E-01  2.74441757E-01  2.78142334E-01  3.03787411E-01  3.30448424E-01  3.24890574E-01  3.00780218E-01  2.83147730E-01  2.76405226E-01  2.83095232E-01  3.11249626E-01  3.29137002E-01  3.17540098E-01  2.98341759E-01  2.84218249E-01  2.75734176E-01  2.90682496E-01  3.15662043E-01  3.22117837E-01  3.14960521E-01  2.99728811E-01  2.79073730E-01  2.77350866E-01  2.96795524E-01  3.16788404E-01  3.20790916E-01  3.13722081E-01  2.93487734E-01  2.76060244E-01  2.81191722E-01  3.00350286E-01  3.15293448E-01  3.23095857E-01  3.12686664E-01  2.87672093E-01  2.74854965E-01  2.86069830E-01  3.04460600E-01  3.16679057E-01  3.22507724E-01  3.10557755E-01  2.81697961E-01  2.75617341E-01  2.92124126E-01  3.06771350E-01  3.18989012E-01  3.24777820E-01  3.00660557E-01  2.74614205E-01  2.77586886E-01  2.95688116E-01  3.10505828E-01  3.24661581E-01  3.19846204E-01  2.89429125E-01  2.73378450E-01  2.84365944E-01  2.98588195E-01  3.15900067E-01  3.28514835E-01  3.09124762E-01  2.78166429E-01  2.75561351E-01  2.88079438E-01  3.06841561E-01  3.23701266E-01  3.24682650E-01  2.95851125E-01  2.70704696E-01  2.77629799E-01  2.98805868E-01  3.17787637E-01  3.30649584E-01  3.15776609E-01  2.80485234E-01  2.64815178E-01  2.84007544E-01  3.06140807E-01  3.25845527E-01  3.30847960E-01  3.03533417E-01  2.66830316E-01  2.65815002E-01  2.91593294E-01  3.17377691E-01  3.34314915E-01  3.24195173E-01  2.84762656E-01  2.61137720E-01  2.73705561E-01  3.01028594E-01  3.27040602E-01  3.37663757E-01  3.12022513E-01  2.72387066E-01  2.62313941E-01  2.80067433E-01  3.11148779E-01  3.37345807E-01  3.33971178E-01  2.97404820E-01  2.65501213E-01  2.65204360E-01  2.88380100E-01  3.19945290E-01  3.41178915E-01  3.27727894E-01  2.82315793E-01  2.60011523E-01  2.69881242E-01  2.98040618E-01  3.30998661E-01  3.42359613E-01  3.08631575E-01  2.72731084E-01  2.64249141E-01  2.76086242E-01  3.08038574E-01  3.43414427E-01  3.33647399E-01  2.93111615E-01  2.69154035E-01  2.66677316E-01  2.83629831E-01  3.22133679E-01  3.43929993E-01  3.18521489E-01  2.85273782E-01  2.67625995E-01  2.68331901E-01  2.94655852E-01  3.33738897E-01  3.39611009E-01  3.06296528E-01  2.79045020E-01  2.67640568E-01  2.71967422E-01  3.07417996E-01  3.43125727E-01  3.30780285E-01  2.95440772E-01  2.73225604E-01  2.67495109E-01  2.79793013E-01  3.22483747E-01  3.46480982E-01  3.19009337E-01  2.85547648E-01  2.68528165E-01  2.66318246E-01  2.93397645E-01  3.38829137E-01  3.40551893E-01
  3.21619300E-01  3.35371940E-01  3.19910510E-01  2.92772065E-01  2.70541190E-01  2.66429713E-01  2.96612201E-01  3.30687484E-01  3.31791189E-01  3.10367903E-01  2.85165011E-01  2.65055311E-01  2.73912032E-01  3.11212872E-01  3.33891407E-01  3.27383895E-01  3.01378824E-01  2.76537142E-01  2.65919321E-01  2.84620825E-01  3.19128637E-01  3.33254032E-01  3.18961311E-01  2.92646292E-01  2.71510083E-01  2.69223972E-01  2.94210804E-01  3.23963819E-01  3.29478203E-01  3.14124666E-01  2.89262280E-01  2.70087131E-01  2.71084064E-01  2.99573984E-01  3.29243265E-01  3.31883934E-01  3.09509330E-01  2.81422826E-01  2.65933117E-01  2.75928108E-01  3.08216135E-01  3.35230538E-01  3.31023254E-01  3.01769673E-01  2.74182588E-01  2.62906398E-01  2.80806836E-01  3.20688458E-01  3.41635279E-01  3.25677888E-01  2.90012711E-01  2.66445434E-01  2.64136203E-01  2.93626284E-01  3.32117196E-01  3.39800665E-01  3.13964929E-01  2.80969298E-01  2.61277530E-01  2.68487346E-01  3.08039248E-01  3.39388969E-01  3.35687204E-01  3.04666601E-01  2.72531448E-01  2.56933495E-01  2.78477454E-01  3.20709497E-01  3.42931669E-01  3.30570270E-01  2.93877317E-01  2.63406944E-01  2.58101900E-01  2.91000195E-01  3.29773850E-01  3.44002187E-01  3.24007470E-01  2.85101019E-01  2.57026272E-01  2.62587422E-01  3.02996680E-01  3.38264926E-01  3.43045413E-01  3.12498572E-01  2.72987664E-01  2.52292883E-01  2.70790016E-01  3.16879296E-01  3.45901839E-01  3.37207589E-01  3.02566623E-01  2.63262521E-01  2.52320789E-01  2.84816837E-01  3.28315630E-01  3.48225723E-01  3.30496843E-01  2.85503840E-01  2.54149239E-01  2.59078527E-01  3.00415804E-01  3.40094484E-01  3.47879584E-01  3.15895193E-01  2.71672580E-01  2.49778444E-01  2.69508398E-01  3.16339142E-01  3.47966094E-01  3.40217992E-01  3.01146843E-01  2.61002839E-01  2.49238321E-01  2.84022745E-01  3.33009815E-01  3.49439619E-01  3.26647029E-01  2.85279354E-01  2.52594849E-01  2.60686822E-01  3.03956174E-01  3.40398224E-01  3.42042502E-01  3.11798566E-01  2.72825879E-01  2.54960178E-01  2.75385743E-01  3.17749926E-01  3.42806155E-01  3.33143723E-01  2.97958317E-01  2.64964989E-01  2.58616449E-01  2.91146930E-01  3.28494329E-01  3.39742166E-01  3.20781963E-01  2.85554030E-01  2.60247952E-01  2.68218306E-01  3.06129043E-01  3.35190458E-01  3.35626833E-01  3.05896619E-01  2.73937296E-01  2.62482916E-01  2.81097120E-01  3.17626521E-01  3.39115789E-01  3.24125248E-01  2.92665301E-01  2.69486467E-01  2.66559612E-01  2.93572009E-01  3.29320675E-01  3.37815577E-01  3.11922709E-01  2.82088708E-01  2.66073058E-01  2.73237372E-01  3.06747915E-01  3.35376120E-01  3.31951927E-01  2.99783330E-01  2.75285827E-01  2.64737239E-01  2.82907318E-01  3.18723855E-01  3.39492774E-01  3.19271114E-01  2.88913142E-01  2.70389590E-01  2.70177281E-01  2.95614268E-01  3.29917718E-01  3.34859549E-01  3.09008105E-01  2.81268085E-01  2.65925377E-01  2.74527415E-01  3.11641856E-01  3.37638696E-01  3.27219477E-01  2.96678994E-01  2.73611919E-01  2.65441024E-01  2.90892931E-01  3.25688317E-01  3.34632696E-01  3.14429518E-01  2.87962462E-01  2.66635833E-01  2.71922256E-01  3.08039654E-01  3.34311253E-01  3.27931540E-01  3.02196651E-01  2.78468838E-01  2.63284080E-01  2.83889755E-01
  2.83707172E-01  2.97816528E-01  3.27143594E-01  3.29081128E-01  2.96944633E-01  2.79543427E-01  2.82295043E-01  2.85974481E-01  3.05641084E-01  3.30194481E-01  3.21393117E-01  2.90897523E-01  2.79607941E-01  2.83289782E-01  2.92308305E-01  3.12133929E-01  3.29484997E-01  3.08938959E-01  2.82911326E-01  2.82752636E-01  2.89808921E-01  2.99400622E-01  3.17933982E-01  3.19965046E-01  2.96843553E-01  2.82573604E-01  2.87529956E-01  2.93445744E-01  3.03174732E-01  3.21529612E-01  3.12954188E-01  2.87126783E-01  2.85332629E-01  2.93028261E-01  2.94781939E-01  3.09439310E-01  3.23838982E-01  3.02610801E-01  2.82361887E-01  2.89591918E-01  2.97961510E-01  2.95515166E-01  3.13727931E-01  3.19495592E-01  2.93419433E-01  2.85005829E-01  2.97462655E-01  2.96381873E-01  2.99100122E-01  3.18128790E-01  3.11251084E-01  2.89008996E-01  2.89813648E-01  2.98049421E-01  2.95708564E-01  3.02285690E-01  3.18481327E-01  3.03536548E-01  2.86524572E-01  2.95257846E-01  2.99649292E-01  2.93584829E-01  3.06489610E-01  3.14577360E-01  2.96096731E-01  2.86734921E-01  2.99606519E-01  2.99056239E-01  2.95669772E-01  3.12335944E-01  3.09321691E-01  2.86861714E-01  2.92391930E-01  3.01621850E-01  2.94909765E-01  3.01715379E-01  3.17270055E-01  3.00800557E-01  2.85327116E-01  2.97648079E-01  2.98885210E-01  2.93647080E-01  3.09114385E-01  3.15161725E-01  2.93834536E-01  2.89208820E-01  2.99672930E-01  2.93135288E-01  2.95673445E-01  3.16957157E-01  3.09721551E-01  2.88338248E-01  2.95015160E-01  2.99356286E-01  2.90786189E-01  3.02507096E-01  3.19922032E-01  3.04113333E-01  2.85466322E-01  2.94232858E-01  2.96082751E-01  2.94882100E-01  3.12853570E-01  3.17228433E-01  2.92491325E-01  2.85074768E-01  2.96893138E-01  2.97610114E-01  3.03286534E-01  3.18023334E-01  3.08233416E-01  2.85090187E-01  2.86182462E-01  2.98818461E-01  2.99966739E-01  3.08750290E-01  3.19956340E-01  3.01512602E-01  2.82153401E-01  2.89396064E-01  2.99626005E-01  3.01435389E-01  3.15903613E-01  3.16248691E-01  2.92255245E-01  2.80853528E-01  2.94467929E-01  3.00240496E-01  3.07032971E-01  3.20686176E-01  3.09755907E-01  2.83814704E-01  2.81447081E-01  2.96482207E-01  3.02049244E-01  3.13784201E-01  3.24145861E-01  3.03542826E-01  2.75021594E-01  2.81204355E-01  2.98191163E-01  3.07033620E-01  3.23227072E-01  3.24321307E-01  2.88938892E-01  2.67554157E-01  2.86045997E-01  3.03823543E-01  3.13410846E-01  3.30587155E-01  3.14809540E-01  2.74691946E-01  2.70711002E-01  2.91975368E-01  3.04333205E-01  3.22324886E-01  3.33939320E-01  3.02047288E-01  2.67339127E-01  2.76289742E-01  2.94269565E-01  3.05551328E-01  3.32036111E-01  3.32800037E-01  2.87612077E-01  2.66132709E-01  2.81950164E-01  2.96021952E-01  3.13481318E-01  3.38740582E-01  3.19545611E-01  2.76460026E-01  2.69584075E-01  2.85821152E-01  3.00813724E-01  3.23353996E-01  3.35901214E-01  3.04742594E-01  2.72555496E-01  2.73204436E-01  2.89659284E-01  3.05200192E-01  3.29902660E-01  3.30072290E-01  2.90637851E-01  2.70276249E-01  2.80734455E-01  2.92701762E-01  3.11866021E-01  3.34427836E-01  3.18144650E-01  2.81105400E-01  2.73173316E-01  2.83985791E-01  2.95101500E-01  3.20679591E-01  3.34650946E-01  3.06821258E-01  2.76760904E-01  2.79572492E-01
  2.99765588E-01  3.85154594E-01  4.05423708E-01  3.51021012E-01  2.42323181E-01  1.76642281E-01  2.29153398E-01  3.33694252E-01  3.99536129E-01  3.95501453E-01  3.18555544E-01  2.09076376E-01  1.80265452E-01  2.63479016E-01  3.62939495E-01  4.09102961E-01  3.77547294E-01  2.78811706E-01  1.84900642E-01  2.00904461E-01  2.97198601E-01  3.84299179E-01  4.09061352E-01  3.50240356E-01  2.40522294E-01  1.81330316E-01  2.26991956E-01  3.24182140E-01  4.03074710E-01  3.97893645E-01  3.16211605E-01  2.14116727E-01  1.88747695E-01  2.55083782E-01  3.58428866E-01  4.09119878E-01  3.78799593E-01  2.80276237E-01  1.92811811E-01  2.05352454E-01  2.92668664E-01  3.83122789E-01  4.09720347E-01  3.48067541E-01  2.38694026E-01  1.89546673E-01  2.30666681E-01  3.21154253E-01  3.97762890E-01  4.00887262E-01  3.13045633E-01  2.12029663E-01  1.95593101E-01  2.55934654E-01  3.52636900E-01  4.12866636E-01  3.78741832E-01  2.73809109E-01  1.97435852E-01  2.05399010E-01  2.83355555E-01  3.84256931E-01  4.16701812E-01  3.44145904E-01  2.41238810E-01  1.91065441E-01  2.23445753E-01  3.16494071E-01  4.04706629E-01  4.01071522E-01  3.12310537E-01  2.17942912E-01  1.91825213E-01  2.51235276E-01  3.52377835E-01  4.15647850E-01  3.76524741E-01  2.76042438E-01  1.99707317E-01  2.06215555E-01  2.84997434E-01  3.77612744E-01  4.07060522E-01  3.49414728E-01  2.47183432E-01  1.92383852E-01  2.26859359E-01  3.14967103E-01  3.93859664E-01  4.00977762E-01  3.18281947E-01  2.19530218E-01  1.94768927E-01  2.54182191E-01  3.45876864E-01  4.09079971E-01  3.81047684E-01  2.80056622E-01  1.98249292E-01  2.09293527E-01  2.87586358E-01  3.73751308E-01  4.07735832E-01  3.47259594E-01  2.44433467E-01  1.96119584E-01  2.34538082E-01  3.17475832E-01  3.89673564E-01  3.94768986E-01  3.13361127E-01  2.18869476E-01  2.02507912E-01  2.62238806E-01  3.46630501E-01  4.00105550E-01  3.73844835E-01  2.77620121E-01  2.03055074E-01  2.16135456E-01  2.90313372E-01  3.72061610E-01  4.05461546E-01  3.42437254E-01  2.40660695E-01  1.99394622E-01  2.38383788E-01  3.19881948E-01  3.90454931E-01  3.91486051E-01  3.08869221E-01  2.17804362E-01  2.02248144E-01  2.65250796E-01  3.48526182E-01  3.97154016E-01  3.73694246E-01  2.76880585E-01  1.99582621E-01  2.13707960E-01  2.92064723E-01  3.71231259E-01  4.03343118E-01  3.49625582E-01  2.40935817E-01  1.89112915E-01  2.35159360E-01  3.21853953E-01  3.90011113E-01  3.96119531E-01  3.14960834E-01  2.09979085E-01  1.92958360E-01  2.64597638E-01  3.52194036E-01  4.02823459E-01  3.82633198E-01  2.75941757E-01  1.86922801E-01  2.08823922E-01  2.94203641E-01  3.75718226E-01  4.12429638E-01  3.55884794E-01  2.31469711E-01  1.77482949E-01  2.30800166E-01  3.29977730E-01  4.00218506E-01  4.02225266E-01  3.16313722E-01  2.02182106E-01  1.78838702E-01  2.61140724E-01  3.64655904E-01  4.12072261E-01  3.81094537E-01  2.76889477E-01  1.78714256E-01  1.94621888E-01  2.98609531E-01  3.88220731E-01  4.13125354E-01  3.54164272E-01  2.34018151E-01  1.72793257E-01  2.26322416E-01  3.32510191E-01  4.03957231E-01  4.01732203E-01  3.17137004E-01  2.03849640E-01  1.80415484E-01  2.60979048E-01  3.62829818E-01  4.09620117E-01  3.80122408E-01  2.78565528E-01  1.82780061E-01  1.98734275E-01
  2.80110680E-01  3.34106250E-01  3.54735482E-01  3.38304713E-01  2.94901985E-01  2.41115055E-01  2.40519076E-01  3.00905120E-01  3.50621580E-01  3.52894844E-01  3.28612030E-01  2.72215458E-01  2.27553947E-01  2.55577083E-01  3.25865388E-01  3.58459223E-01  3.48456926E-01  3.11942531E-01  2.49903705E-01  2.25099987E-01  2.80236186E-01  3.44013655E-01  3.59078523E-01  3.37317777E-01  2.91431954E-01  2.33252406E-01  2.35805163E-01  3.08457967E-01  3.60022201E-01  3.54846617E-01  3.21753361E-01  2.68018825E-01  2.26858775E-01  2.57176135E-01  3.28834855E-01  3.64386170E-01  3.46276584E-01  3.04415824E-01  2.48337372E-01  2.23740819E-01  2.79498819E-01  3.49211508E-01  3.68142678E-01  3.36535325E-01  2.83971153E-01  2.30320944E-01  2.34665555E-01  3.03250437E-01  3.60801060E-01  3.63271223E-01  3.22853083E-01  2.63728368E-01  2.24595839E-01  2.55815426E-01  3.26083117E-01  3.66729812E-01  3.54177823E-01  3.02963780E-01  2.46014634E-01  2.29204262E-01  2.77754106E-01  3.45797247E-01  3.67743644E-01  3.38215284E-01  2.84797577E-01  2.34409852E-01  2.37364436E-01  2.99511251E-01  3.60187374E-01  3.63991983E-01  3.24749197E-01  2.66667228E-01  2.25582887E-01  2.52164548E-01  3.25524105E-01  3.67011556E-01  3.52596047E-01  3.10466536E-01  2.49147275E-01  2.23701577E-01  2.74850682E-01  3.44385932E-01  3.66814770E-01  3.42834462E-01  2.91372936E-01  2.32215664E-01  2.31482790E-01  2.99450601E-01  3.57734591E-01  3.63854241E-01  3.29635517E-01  2.70555546E-01  2.21427779E-01  2.49100544E-01  3.24066999E-01  3.66175176E-01  3.55029801E-01  3.15096424E-01  2.46836684E-01  2.18057620E-01  2.73557233E-01  3.43550280E-01  3.65161346E-01  3.47742304E-01  2.96174555E-01  2.28238707E-01  2.27606010E-01  2.98759279E-01  3.56633810E-01  3.64392969E-01  3.31046265E-01  2.71260697E-01  2.22493762E-01  2.47939987E-01  3.20774038E-01  3.64624780E-01  3.54114272E-01  3.11878840E-01  2.53206055E-01  2.26059192E-01  2.72489325E-01  3.38955802E-01  3.60746774E-01  3.43148348E-01  2.94383355E-01  2.39160775E-01  2.35808787E-01  2.97665108E-01  3.48282142E-01  3.54244734E-01  3.28418438E-01  2.77631012E-01  2.34731126E-01  2.53540134E-01  3.15877856E-01  3.52876605E-01  3.47495678E-01  3.11826272E-01  2.63688456E-01  2.38380610E-01  2.70772525E-01  3.31077134E-01  3.56113695E-01  3.36435058E-01  2.92428825E-01  2.53017750E-01  2.48086538E-01  2.92521433E-01  3.39017855E-01  3.48950988E-01  3.24055121E-01  2.80289859E-01  2.48013934E-01  2.60865625E-01  3.12766696E-01  3.45518527E-01  3.40397980E-01  3.10289593E-01  2.68967132E-01  2.45404554E-01  2.78045857E-01  3.26306575E-01  3.44800245E-01  3.34234811E-01  2.97055255E-01  2.54817759E-01  2.49774610E-01  2.94766394E-01  3.35364363E-01  3.43920677E-01  3.25128782E-01  2.82128010E-01  2.46301371E-01  2.62581821E-01  3.11966167E-01  3.43646803E-01  3.43275739E-01  3.08602803E-01  2.64868572E-01  2.45869019E-01  2.76716065E-01  3.27707488E-01  3.50718993E-01  3.34032953E-01  2.92766825E-01  2.51357612E-01  2.50144786E-01  2.95694251E-01  3.40386171E-01  3.49381122E-01  3.24791272E-01  2.76243109E-01  2.41409301E-01  2.61302149E-01  3.17393147E-01  3.48111251E-01  3.46286007E-01  3.11966384E-01  2.57265800E-01  2.36953594E-01
  2.05695899E-01  2.29323821E-01  3.17510367E-01  3.76144751E-01  3.72429042E-01  3.26192501E-01  2.43163019E-01  2.05597613E-01  2.63177655E-01  3.42695665E-01  3.74390533E-01  3.61851465E-01  2.98776082E-01  2.20894616E-01  2.22201027E-01  2.96744279E-01  3.55753410E-01  3.71589973E-01  3.43622679E-01  2.68006370E-01  2.14314397E-01  2.45737531E-01  3.19442565E-01  3.63645062E-01  3.65075636E-01  3.22853027E-01  2.44273326E-01  2.14987554E-01  2.68523951E-01  3.40017000E-01  3.69074143E-01  3.57275058E-01  2.97703211E-01  2.22994838E-01  2.25106506E-01  2.94764549E-01  3.56015670E-01  3.70819450E-01  3.44433983E-01  2.64824861E-01  2.09986831E-01  2.46001956E-01  3.21029093E-01  3.64902424E-01  3.73411738E-01  3.19825148E-01  2.33410877E-01  2.12708328E-01  2.71362739E-01  3.34248819E-01  3.73782033E-01  3.67196914E-01  2.92111262E-01  2.15481724E-01  2.25847479E-01  2.92136868E-01  3.52160642E-01  3.79001388E-01  3.48110726E-01  2.62307256E-01  2.07686579E-01  2.41252118E-01  3.14697178E-01  3.68746545E-01  3.79150905E-01  3.23896796E-01  2.35286063E-01  2.07825551E-01  2.60015377E-01  3.33271627E-01  3.81655704E-01  3.74830227E-01  2.94844122E-01  2.16963224E-01  2.17394278E-01  2.81911545E-01  3.54504381E-01  3.90231068E-01  3.53842691E-01  2.65049075E-01  2.06054190E-01  2.32857196E-01  3.06521464E-01  3.73626164E-01  3.88960693E-01  3.28563700E-01  2.35424804E-01  2.04742829E-01  2.53735238E-01  3.33650929E-01  3.89390634E-01  3.79897214E-01  2.94482055E-01  2.12950304E-01  2.11614263E-01  2.76773736E-01  3.57789453E-01  3.98937989E-01  3.58743172E-01  2.62723277E-01  2.03837553E-01  2.21434855E-01  2.97489629E-01  3.81242119E-01  4.01734762E-01  3.30605021E-01  2.35297226E-01  2.00299596E-01  2.39018879E-01  3.28802412E-01  4.00593553E-01  3.86726192E-01  2.98901242E-01  2.15436118E-01  2.04602853E-01  2.65458859E-01  3.56530777E-01  4.03603382E-01  3.63169009E-01  2.68405735E-01  2.04707124E-01  2.18384806E-01  2.93680680E-01  3.81095350E-01  4.00911486E-01  3.30890915E-01  2.38482912E-01  2.02952091E-01  2.38239128E-01  3.28065363E-01  3.98817685E-01  3.84663666E-01  2.99269313E-01  2.17541543E-01  2.04337096E-01  2.64014969E-01  3.56850918E-01  4.10935427E-01  3.64064199E-01  2.62327829E-01  2.01398602E-01  2.15372983E-01  2.93132237E-01  3.88538722E-01  4.10967258E-01  3.28541749E-01  2.30370065E-01  1.96851013E-01  2.35953042E-01  3.28200213E-01  4.11492594E-01  3.93231162E-01  2.89156990E-01  2.08143830E-01  2.02293206E-01  2.64334981E-01  3.64333293E-01  4.17027964E-01  3.62904973E-01  2.56906701E-01  1.97281506E-01  2.16630152E-01  3.00559801E-01  3.90718247E-01  4.05171290E-01  3.26857268E-01  2.29270956E-01  1.95074920E-01  2.43673686E-01  3.37009639E-01  4.01958658E-01  3.82034047E-01  2.93081277E-01  2.09917913E-01  2.05805626E-01  2.76388249E-01  3.66415165E-01  4.01632680E-01  3.54263480E-01  2.60896104E-01  1.98517277E-01  2.24376563E-01  3.10186704E-01  3.85914627E-01  3.91143050E-01  3.24318832E-01  2.34178503E-01  1.99940033E-01  2.50845359E-01  3.40974948E-01  3.90867122E-01  3.72203293E-01  2.95845626E-01  2.16140437E-01  2.09894698E-01  2.80983515E-01  3.65700549E-01  3.88451834E-01  3.49313685E-01  2.69827144E-01
  2.77755901E-01  3.09550930E-01  3.34937068E-01  3.30958869E-01  3.01890358E-01  2.70670339E-01  2.63640249E-01  2.86745760E-01  3.19289506E-01  3.34173040E-01  3.19850630E-01  2.91390039E-01  2.68083788E-01  2.69021793E-01  2.97281766E-01  3.29850268E-01  3.30060652E-01  3.07595074E-01  2.83369978E-01  2.68333434E-01  2.77435378E-01  3.09513118E-01  3.31425796E-01  3.22999126E-01  3.00496417E-01  2.78451477E-01  2.68577091E-01  2.86099255E-01  3.17957391E-01  3.31900080E-01  3.15834390E-01  2.93175660E-01  2.74538644E-01  2.72214962E-01  2.95769509E-01  3.25153045E-01  3.30625588E-01  3.08450801E-01  2.84177417E-01  2.72722839E-01  2.80679025E-01  3.06623935E-01  3.29315675E-01  3.23393038E-01  2.99162963E-01  2.79353392E-01  2.73031707E-01  2.88217212E-01  3.16488174E-01  3.30502322E-01  3.15437847E-01  2.92312308E-01  2.74247292E-01  2.74043448E-01  2.95911090E-01  3.24744010E-01  3.30432782E-01  3.10014093E-01  2.83518578E-01  2.72630676E-01  2.79324357E-01  3.03902059E-01  3.30659900E-01  3.25693227E-01  3.00892083E-01  2.78251834E-01  2.73124062E-01  2.82936158E-01  3.12406746E-01  3.35580362E-01  3.21489003E-01  2.89459305E-01  2.75434109E-01  2.75922348E-01  2.88414237E-01  3.20678184E-01  3.34988512E-01  3.15369886E-01  2.86863256E-01  2.75020798E-01  2.73132100E-01  2.93952596E-01  3.29763942E-01  3.34980103E-01  3.06828934E-01  2.84268106E-01  2.70046922E-01  2.73533611E-01  3.03993302E-01  3.39196533E-01  3.30022257E-01  2.98465852E-01  2.77109079E-01  2.68376712E-01  2.81214767E-01  3.21251155E-01  3.40817204E-01  3.19213409E-01  2.90739787E-01  2.72666240E-01  2.67609653E-01  2.91792686E-01  3.32209493E-01  3.37341576E-01  3.10054839E-01  2.84151753E-01  2.66844033E-01  2.73451533E-01  3.07367931E-01  3.37484805E-01  3.30767996E-01  3.00830180E-01  2.75004456E-01  2.63459386E-01  2.82570055E-01  3.22907012E-01  3.41250519E-01  3.19875728E-01  2.91105906E-01  2.67273012E-01  2.64527332E-01  2.97644741E-01  3.35866705E-01  3.37261183E-01  3.08882011E-01  2.83078577E-01  2.58410429E-01  2.71269471E-01  3.17198755E-01  3.43208894E-01  3.27162503E-01  3.00526263E-01  2.70432526E-01  2.55722332E-01  2.85530347E-01  3.33202127E-01  3.45044423E-01  3.17037894E-01  2.85273603E-01  2.60226711E-01  2.63725438E-01  3.05463343E-01  3.44581740E-01  3.38878790E-01  3.03653042E-01  2.71370102E-01  2.57821571E-01  2.75213797E-01  3.23155526E-01  3.49281539E-01  3.26617688E-01  2.89455041E-01  2.64410696E-01  2.59905257E-01  2.90557734E-01  3.38317189E-01  3.45184422E-01  3.12004048E-01  2.79567128E-01  2.58527526E-01  2.65193109E-01  3.09026885E-01  3.47310808E-01  3.37131973E-01  2.98556698E-01  2.68597001E-01  2.58232645E-01  2.80481885E-01  3.25337033E-01  3.47990024E-01  3.23280186E-01  2.85335968E-01  2.62989424E-01  2.64984628E-01  2.96097106E-01  3.35675340E-01  3.43184003E-01  3.10213276E-01  2.74743162E-01  2.61121821E-01  2.74645872E-01  3.11822145E-01  3.43265126E-01  3.31351150E-01  2.95479044E-01  2.67692601E-01  2.64530469E-01  2.85488618E-01  3.23194193E-01  3.41815945E-01  3.21835577E-01  2.86248598E-01  2.63565140E-01  2.66532547E-01  2.98908351E-01  3.34337235E-01  3.37910827E-01  3.10556685E-01  2.76461429E-01  2.62314451E-01
  3.59408825E-01  4.57257970E-01  3.97358352E-01  2.82828267E-01  1.84184412E-01  1.55982437E-01  2.56862231E-01  4.13057286E-01  4.43442870E-01  3.58647103E-01  2.49837794E-01  1.62211858E-01  1.76643415E-01  3.14312163E-01  4.38673200E-01  4.23903408E-01  3.26368117E-01  2.11260293E-01  1.51284069E-01  2.10062413E-01  3.66056206E-01  4.41113142E-01  3.91639381E-01  2.91644233E-01  1.93065040E-01  1.58926898E-01  2.58144196E-01  4.00491970E-01  4.35295700E-01  3.63264892E-01  2.57056103E-01  1.74674488E-01  1.80101107E-01  2.94866820E-01  4.16168531E-01  4.29508876E-01  3.34453431E-01  2.25651520E-01  1.69851044E-01  2.04725101E-01  3.26107214E-01  4.33259266E-01  4.09254276E-01  3.02195062E-01  2.05983178E-01  1.73016199E-01  2.32816057E-01  3.67330458E-01  4.37693902E-01  3.73357923E-01  2.68165482E-01  1.94852160E-01  1.84018087E-01  2.66471505E-01  3.97186498E-01  4.30628184E-01  3.43677467E-01  2.41883174E-01  1.87242335E-01  1.99572273E-01  3.06739291E-01  4.22759011E-01  4.14101181E-01  3.06433327E-01  2.20381353E-01  1.83881623E-01  2.28716616E-01  3.50646463E-01  4.31791900E-01  3.80594133E-01  2.73435512E-01  2.04306949E-01  1.92554170E-01  2.67503859E-01  3.90107450E-01  4.24865853E-01  3.39674298E-01  2.45709436E-01  1.98214427E-01  2.10519010E-01  3.08394678E-01  4.12342688E-01  4.03414275E-01  3.06258242E-01  2.23992176E-01  1.97106741E-01  2.40011976E-01  3.54355902E-01  4.18398781E-01  3.66500165E-01  2.71478465E-01  2.14267868E-01  2.02721470E-01  2.75842547E-01  3.80016869E-01  4.10621664E-01  3.37671344E-01  2.52889108E-01  2.05852122E-01  2.13340547E-01  3.10324638E-01  4.08394525E-01  3.96429354E-01  3.06200890E-01  2.33512279E-01  1.98043944E-01  2.37984569E-01  3.52755546E-01  4.23797514E-01  3.65678262E-01  2.73129750E-01  2.20159232E-01  2.05323530E-01  2.69495095E-01  3.81947521E-01  4.18706969E-01  3.37469863E-01  2.52478475E-01  2.06580591E-01  2.14577137E-01  3.07352380E-01  4.12581838E-01  4.03107658E-01  3.05000576E-01  2.32576060E-01  1.97046158E-01  2.39946944E-01  3.52966230E-01  4.26240043E-01  3.71873672E-01  2.76580615E-01  2.12397114E-01  1.97481066E-01  2.77641459E-01  3.92327818E-01  4.19969882E-01  3.36346776E-01  2.49934669E-01  1.97126834E-01  2.18779295E-01  3.24230649E-01  4.16548989E-01  4.00525989E-01  3.03546452E-01  2.20770225E-01  1.89376047E-01  2.47295520E-01  3.71932007E-01  4.29939312E-01  3.72001310E-01  2.65347378E-01  1.94801562E-01  1.96954102E-01  2.92804959E-01  4.09466169E-01  4.23831654E-01  3.28872077E-01  2.26341062E-01  1.85831441E-01  2.28417431E-01  3.38296997E-01  4.30783902E-01  3.99455063E-01  2.85274616E-01  2.05406817E-01  1.91007989E-01  2.57191439E-01  3.80259170E-01  4.43577835E-01  3.59414789E-01  2.48140360E-01  1.88384765E-01  1.97846872E-01  2.94609713E-01  4.25986370E-01  4.33662992E-01  3.21990478E-01  2.21974255E-01  1.74396410E-01  2.14721168E-01  3.44894634E-01  4.48021530E-01  4.03660300E-01  2.86378127E-01  1.95418302E-01  1.74180793E-01  2.51625495E-01  3.95711572E-01  4.50859484E-01  3.64118195E-01  2.45716770E-01  1.71498605E-01  1.84498750E-01  3.03653772E-01  4.33076404E-01  4.35342865E-01  3.23982255E-01  2.13359873E-01  1.59744819E-01  2.09364998E-01
  3.59408825E-01  4.57257970E-01  3.97358352E-01  2.82828267E-01  1.84184412E-01  1.55982437E-01  2.56862231E-01  4.13057286E-01  4.43442870E-01  3.58647103E-01  2.49837794E-01  1.62211858E-01  1.76643415E-01  3.14312163E-01  4.38673200E-01  4.23903408E-01  3.26368117E-01  2.11260293E-01  1.51284069E-01  2.10062413E-01  3.66056206E-01  4.41113142E-01  3.91639381E-01  2.91644233E-01  1.93065040E-01  1.58926898E-01  2.58144196E-01  4.00491970E-01  4.35295700E-01  3.63264892E-01  2.57056103E-01  1.74674488E-01  1.80101107E-01  2.94866820E-01  4.16168531E-01  4.29508876E-01  3.34453431E-01  2.25651520E-01  1.69851044E-01  2.04725101E-01  3.26107214E-01  4.33259266E-01  4.09254276E-01  3.02195062E-01  2.05983178E-01  1.73016199E-01  2.32816057E-01  3.67330458E-01  4.37693902E-01  3.73357923E-01  2.68165482E-01  1.94852160E-01  1.84018087E-01  2.66471505E-01  3.97186498E-01  4.30628184E-01  3.43677467E-01  2.41883174E-01  1.87242335E-01  1.99572273E-01  3.06739291E-01  4.22759011E-01  4.14101181E-01  3.06433327E-01  2.20381353E-01  1.83881623E-01  2.28716616E-01  3.50646463E-01  4.31791900E-01  3.80594133E-01  2.73435512E-01  2.04306949E-01  1.92554170E-01  2.67503859E-01  3.90107450E-01  4.24865853E-01  3.39674298E-01  2.45709436E-01  1.98214427E-01  2.10519010E-01  3.08394678E-01  4.12342688E-01  4.03414275E-01  3.06258242E-01  2.23992176E-01  1.97106741E-01  2.40011976E-01  3.54355902E-01  4.18398781E-01  3.66500165E-01  2.71478465E-01  2.14267868E-01  2.02721470E-01  2.75842547E-01  3.80016869E-01  4.10621664E-01  3.37671344E-01  2.52889108E-01  2.05852122E-01  2.13340547E-01  3.10324638E-01  4.08394525E-01  3.96429354E-01  3.06200890E-01  2.33512279E-01  1.98043944E-01  2.37984569E-01  3.52755546E-01  4.23797514E-01  3.65678262E-01  2.73129750E-01  2.20159232E-01  2.05323530E-01  2.69495095E-01  3.81947521E-01  4.18706969E-01  3.37469863E-01  2.52478475E-01  2.06580591E-01  2.14577137E-01  3.07352380E-01  4.12581838E-01  4.03107658E-01  3.05000576E-01  2.32576060E-01  1.97046158E-01  2.39946944E-01  3.52966230E-01  4.26240043E-01  3.71873672E-01  2.76580615E-01  2.12397114E-01  1.97481066E-01  2.77641459E-01  3.92327818E-01  4.19969882E-01  3.36346776E-01  2.49934669E-01  1.97126834E-01  2.18779295E-01  3.24230649E-01  4.16548989E-01  4.00525989E-01  3.03546452E-01  2.20770225E-01  1.89376047E-01  2.47295520E-01  3.71932007E-01  4.29939312E-01  3.72001310E-01  2.65347378E-01  1.94801562E-01  1.96954102E-01  2.92804959E-01  4.09466169E-01  4.23831654E-01  3.28872077E-01  2.26341062E-01  1.85831441E-01  2.28417431E-01  3.38296997E-01  4.30783902E-01  3.99455063E-01  2.85274616E-01  2.05406817E-01  1.91007989E-01  2.57191439E-01  3.80259170E-01  4.43577835E-01  3.59414789E-01  2.48140360E-01  1.88384765E-01  1.97846872E-01  2.94609713E-01  4.25986370E-01  4.33662992E-01  3.21990478E-01  2.21974255E-01  1.74396410E-01  2.14721168E-01  3.44894634E-01  4.48021530E-01  4.03660300E-01  2.86378127E-01  1.95418302E-01  1.74180793E-01  2.51625495E-01  3.95711572E-01  4.50859484E-01  3.64118195E-01  2.45716770E-01  1.71498605E-01  1.84498750E-01  3.03653772E-01  4.33076404E-01  4.35342865E-01  3.23982255E-01  2.13359873E-01  1.59744819E-01  2.09364998E-01
  2.17503281E-01  2.38702977E-01  3.12697062E-01  3.75790807E-01  3.77514989E-01  3.12201018E-01  2.37816106E-01  2.13807147E-01  2.62152047E-01  3.38843343E-01  3.87795549E-01  3.62810014E-01  2.82135673E-01  2.19558530E-01  2.23036110E-01  2.85912283E-01  3.62334646E-01  3.90708846E-01  3.41246814E-01  2.53490407E-01  2.10642592E-01  2.36331325E-01  3.10882018E-01  3.81721993E-01  3.84824336E-01  3.10533296E-01  2.34950537E-01  2.10248033E-01  2.52316108E-01  3.37766827E-01  3.96192101E-01  3.66767806E-01  2.84653117E-01  2.19065966E-01  2.14463633E-01  2.74716000E-01  3.64351321E-01  3.97833784E-01  3.42661001E-01  2.55981316E-01  2.13573949E-01  2.30859260E-01  3.01682038E-01  3.80187651E-01  3.87213344E-01  3.12247639E-01  2.39975828E-01  2.16520966E-01  2.51691014E-01  3.28602277E-01  3.87889761E-01  3.65104019E-01  2.86497647E-01  2.30685312E-01  2.26027729E-01  2.76181096E-01  3.52502515E-01  3.82647102E-01  3.37734160E-01  2.68800185E-01  2.26987415E-01  2.41865246E-01  3.04384117E-01  3.65191213E-01  3.69174256E-01  3.14849046E-01  2.49986757E-01  2.27740219E-01  2.63718973E-01  3.29013265E-01  3.71243061E-01  3.51810169E-01  2.88056053E-01  2.38817589E-01  2.38422073E-01  2.88113212E-01  3.45895116E-01  3.69238805E-01  3.31395092E-01  2.67971657E-01  2.32321244E-01  2.53408685E-01  3.09432938E-01  3.59899918E-01  3.59870147E-01  3.13359673E-01  2.50532378E-01  2.31603211E-01  2.71790746E-01  3.31338876E-01  3.62463847E-01  3.49902387E-01  2.91252277E-01  2.37564716E-01  2.42132312E-01  2.88525077E-01  3.42053670E-01  3.69646048E-01  3.36855980E-01  2.68884098E-01  2.31643933E-01  2.53258623E-01  3.04689344E-01  3.59901678E-01  3.67923718E-01  3.10990563E-01  2.48697147E-01  2.33294147E-01  2.68775498E-01  3.29303451E-01  3.69902727E-01  3.51336523E-01  2.88817056E-01  2.35960364E-01  2.40143001E-01  2.92061763E-01  3.46897718E-01  3.66735254E-01  3.33842784E-01  2.68485833E-01  2.31033651E-01  2.54171607E-01  3.12241360E-01  3.60008740E-01  3.61097595E-01  3.10992792E-01  2.49295207E-01  2.34141187E-01  2.74750131E-01  3.31722296E-01  3.62106857E-01  3.45319356E-01  2.89724784E-01  2.39502303E-01  2.44134285E-01  2.94537454E-01  3.45531946E-01  3.58932540E-01  3.30370689E-01  2.70000183E-01  2.36291770E-01  2.59507948E-01  3.14185027E-01  3.53371827E-01  3.53981861E-01  3.10703468E-01  2.54352015E-01  2.39809591E-01  2.76644184E-01  3.29779593E-01  3.59946547E-01  3.44365065E-01  2.92647679E-01  2.41153434E-01  2.44001061E-01  2.95219964E-01  3.49550456E-01  3.60301444E-01  3.27886279E-01  2.69319861E-01  2.33466742E-01  2.57605764E-01  3.17866066E-01  3.59934461E-01  3.55758947E-01  3.09309558E-01  2.50939938E-01  2.31437455E-01  2.73272713E-01  3.37634167E-01  3.69421461E-01  3.45559138E-01  2.87915075E-01  2.35888467E-01  2.35180122E-01  2.91546687E-01  3.57181359E-01  3.72181912E-01  3.29714048E-01  2.66295130E-01  2.26236839E-01  2.47320472E-01  3.15630116E-01  3.69549395E-01  3.63858332E-01  3.12078373E-01  2.48601742E-01  2.23676833E-01  2.67087132E-01  3.39087166E-01  3.73158573E-01  3.56206720E-01  2.92295954E-01  2.28634300E-01  2.27479061E-01  2.87689998E-01  3.56761995E-01  3.78441998E-01  3.41968937E-01  2.64535875E-01
  2.86278999E-01  2.52603991E-01  2.58747275E-01  3.11225996E-01  3.45051696E-01  3.33958824E-01  3.11449434E-01  2.76404528E-01  2.48768276E-01  2.71658232E-01  3.23786605E-01  3.42564832E-01  3.27513462E-01  3.02707433E-01  2.68241718E-01  2.51136202E-01  2.88283196E-01  3.34245988E-01  3.35906942E-01  3.20011077E-01  2.93520106E-01  2.59759332E-01  2.60383252E-01  3.04992990E-01  3.35179029E-01  3.28684653E-01  3.15188341E-01  2.84166855E-01  2.55525681E-01  2.74409537E-01  3.18471507E-01  3.32473356E-01  3.25021972E-01  3.09181267E-01  2.70739238E-01  2.55537079E-01  2.91052003E-01  3.25615889E-01  3.31211989E-01  3.24631910E-01  2.96398401E-01  2.56007040E-01  2.62700414E-01  3.05893893E-01  3.30619803E-01  3.32394592E-01  3.19802493E-01  2.77705300E-01  2.48561955E-01  2.74691109E-01  3.16716807E-01  3.37331956E-01  3.34321878E-01  3.06553605E-01  2.61098118E-01  2.50864849E-01  2.88097679E-01  3.27719668E-01  3.42079928E-01  3.33704492E-01  2.90320601E-01  2.47068742E-01  2.56391572E-01  3.03065381E-01  3.37697909E-01  3.45530527E-01  3.23557125E-01  2.72906588E-01  2.39892711E-01  2.68030978E-01  3.21085598E-01  3.46571194E-01  3.41204728E-01  3.09072068E-01  2.55369686E-01  2.40101419E-01  2.86811900E-01  3.36574464E-01  3.50664234E-01  3.34586453E-01  2.89345638E-01  2.40977848E-01  2.48217012E-01  3.04543557E-01  3.46675858E-01  3.51876919E-01  3.21089722E-01  2.67668639E-01  2.36729243E-01  2.65627893E-01  3.24534435E-01  3.55470078E-01  3.40202521E-01  3.01760023E-01  2.53473257E-01  2.40920165E-01  2.85620370E-01  3.41967672E-01  3.52594166E-01  3.27743728E-01  2.85588183E-01  2.45962062E-01  2.51174745E-01  3.06987039E-01  3.51250805E-01  3.46061009E-01  3.13654666E-01  2.71990672E-01  2.43082482E-01  2.65936513E-01  3.28203168E-01  3.53084954E-01  3.34732782E-01  3.01170248E-01  2.58547694E-01  2.44678332E-01  2.90781840E-01  3.40460355E-01  3.46478770E-01  3.24356950E-01  2.85837401E-01  2.47528007E-01  2.59649194E-01  3.15183798E-01  3.46498949E-01  3.34771700E-01  3.07849859E-01  2.72128000E-01  2.49645294E-01  2.79167804E-01  3.31207926E-01  3.44501480E-01  3.22291219E-01  2.95334521E-01  2.61570238E-01  2.54696072E-01  2.99976312E-01  3.43279718E-01  3.37519476E-01  3.09157476E-01  2.80517966E-01  2.53311586E-01  2.67984537E-01  3.20197015E-01  3.49822712E-01  3.27911029E-01  2.96669612E-01  2.69556047E-01  2.55173808E-01  2.85435768E-01  3.34678660E-01  3.44501124E-01  3.17122467E-01  2.87503737E-01  2.61619202E-01  2.59826402E-01  3.03421061E-01  3.46553438E-01  3.34377651E-01  3.04914473E-01  2.81553781E-01  2.55610894E-01  2.68201940E-01  3.20975594E-01  3.48318827E-01  3.26832667E-01  2.99344415E-01  2.69926488E-01  2.53025095E-01  2.81858923E-01  3.33366507E-01  3.44425774E-01  3.20686624E-01  2.93082525E-01  2.61780268E-01  2.52584169E-01  2.98238712E-01  3.43916296E-01  3.39862602E-01  3.13119847E-01  2.83887445E-01  2.50731456E-01  2.58997993E-01  3.15938487E-01  3.49665832E-01  3.33352594E-01  3.06449984E-01  2.70933847E-01  2.44597976E-01  2.74657638E-01  3.33323987E-01  3.47032223E-01  3.26641796E-01  2.98434848E-01  2.59352050E-01  2.48352653E-01  2.93564005E-01  3.40549738E-01  3.42067418E-01  3.18582784E-01
  3.12258169E-01  2.05194191E-01  1.71851358E-01  2.33728212E-01  3.62440487E-01  4.41776241E-01  3.96603754E-01  2.68355167E-01  1.81246106E-01  1.80382523E-01  2.72960857E-01  3.99336949E-01  4.48743443E-01  3.56955929E-01  2.24239446E-01  1.68805426E-01  1.99171043E-01  3.15020630E-01  4.38487295E-01  4.32648193E-01  3.01941346E-01  1.97247797E-01  1.72146757E-01  2.34184852E-01  3.66081828E-01  4.47456251E-01  3.90456719E-01  2.63056858E-01  1.85797809E-01  1.85594234E-01  2.74978983E-01  3.99117429E-01  4.42308458E-01  3.49353474E-01  2.26899806E-01  1.76917513E-01  2.09439604E-01  3.16860616E-01  4.21528403E-01  4.24195584E-01  3.05225253E-01  2.03282051E-01  1.78831688E-01  2.37134837E-01  3.58363142E-01  4.44814572E-01  3.85105652E-01  2.59137011E-01  1.88687360E-01  1.88627933E-01  2.74186280E-01  4.03197490E-01  4.42241610E-01  3.40967493E-01  2.27968179E-01  1.78356175E-01  2.04400854E-01  3.16716133E-01  4.29279211E-01  4.23684229E-01  2.98019984E-01  2.05443051E-01  1.78909676E-01  2.32693677E-01  3.60001555E-01  4.47229403E-01  3.85542075E-01  2.61167237E-01  1.86100716E-01  1.85318531E-01  2.79270361E-01  4.01776334E-01  4.40016539E-01  3.41327924E-01  2.27955264E-01  1.78908248E-01  2.09769228E-01  3.20277698E-01  4.24582852E-01  4.15309734E-01  3.04483687E-01  2.07248972E-01  1.77169342E-01  2.42192148E-01  3.61174352E-01  4.30117919E-01  3.84909325E-01  2.71347900E-01  1.87691915E-01  1.87772092E-01  2.81378568E-01  3.94293280E-01  4.30102642E-01  3.51681394E-01  2.39966035E-01  1.74105429E-01  2.05622105E-01  3.22929008E-01  4.18578264E-01  4.14693623E-01  3.17992586E-01  2.09272430E-01  1.74120526E-01  2.40240236E-01  3.54256826E-01  4.29871816E-01  3.96390675E-01  2.80066695E-01  1.87953883E-01  1.87137780E-01  2.71934185E-01  3.85487060E-01  4.29762540E-01  3.64444877E-01  2.45966078E-01  1.78830540E-01  2.03287344E-01  3.06884149E-01  4.13155890E-01  4.21926950E-01  3.26921604E-01  2.14632474E-01  1.77189138E-01  2.31315590E-01  3.47257054E-01  4.32450564E-01  4.03569948E-01  2.82061695E-01  1.89541258E-01  1.88417276E-01  2.66875125E-01  3.87110089E-01  4.40640052E-01  3.59825537E-01  2.36949956E-01  1.76919148E-01  2.09952473E-01  3.11426328E-01  4.21988839E-01  4.19338244E-01  3.15354778E-01  2.08224987E-01  1.76759469E-01  2.35563613E-01  3.52909259E-01  4.38831001E-01  3.95891508E-01  2.73296714E-01  1.88168030E-01  1.83690743E-01  2.69514955E-01  3.99871542E-01  4.39127080E-01  3.53225575E-01  2.37824364E-01  1.74702099E-01  2.01328171E-01  3.17609396E-01  4.25196174E-01  4.17261833E-01  3.15663185E-01  2.11520687E-01  1.72830344E-01  2.35226354E-01  3.61229040E-01  4.36459025E-01  3.87898374E-01  2.74648499E-01  1.88978987E-01  1.78872187E-01  2.74689264E-01  4.03818554E-01  4.34118270E-01  3.47835009E-01  2.39909906E-01  1.76696051E-01  2.04303932E-01  3.23922877E-01  4.28011107E-01  4.15114735E-01  3.10498646E-01  2.05645398E-01  1.74743372E-01  2.37286374E-01  3.61013464E-01  4.41283728E-01  3.92474391E-01  2.67628404E-01  1.82490723E-01  1.84537067E-01  2.78248827E-01  3.99293901E-01  4.42726768E-01  3.50919372E-01  2.31804326E-01  1.71376859E-01  2.04301229E-01  3.22831352E-01  4.28413806E-01  4.19963879E-01
  2.94762752E-01  2.94753790E-01  2.94341929E-01  2.88587774E-01  3.02449004E-01  3.17821926E-01  3.07702212E-01  2.94215167E-01  2.94724345E-01  2.91386179E-01  2.89846756E-01  3.07134168E-01  3.17150331E-01  3.04358173E-01  2.97555114E-01  2.96331442E-01  2.86505055E-01  2.90680717E-01  3.13766255E-01  3.15592587E-01  2.96810918E-01  2.95115971E-01  2.96365494E-01  2.86993831E-01  2.99491901E-01  3.16638408E-01  3.08826603E-01  2.96193137E-01  2.94948451E-01  2.94386532E-01  2.89658987E-01  3.08511638E-01  3.14387969E-01  3.01316907E-01  2.93800076E-01  2.93453301E-01  2.89744432E-01  3.00160539E-01  3.15171266E-01  3.08431771E-01  2.92549581E-01  2.94279812E-01  2.96748825E-01  2.95923242E-01  3.08780894E-01  3.11709341E-01  3.00442759E-01  2.90543009E-01  2.97479192E-01  2.98532311E-01  2.98846585E-01  3.09025148E-01  3.10875537E-01  2.93977727E-01  2.89310909E-01  3.00759314E-01  2.98318474E-01  3.02022122E-01  3.14837438E-01  3.06811012E-01  2.89026531E-01  2.88008970E-01  2.96899821E-01  2.99491777E-01  3.09007291E-01  3.15572816E-01  3.00698547E-01  2.86933922E-01  2.87680096E-01  2.95735603E-01  3.01015767E-01  3.14305897E-01  3.15893159E-01  2.96433456E-01  2.80092256E-01  2.87687802E-01  2.95128230E-01  3.08728221E-01  3.22232962E-01  3.14884316E-01  2.86890271E-01  2.79779723E-01  2.86220911E-01  2.95558012E-01  3.16045117E-01  3.27159658E-01  3.08344582E-01  2.81720885E-01  2.78761681E-01  2.82566690E-01  2.99718321E-01  3.22839370E-01  3.26523103E-01  3.02628226E-01  2.81395378E-01  2.78932935E-01  2.89942881E-01  3.05905916E-01  3.21778161E-01  3.20950047E-01  2.98095227E-01  2.80916496E-01  2.83946960E-01  2.94245805E-01  3.05792125E-01  3.21169505E-01  3.19007979E-01  2.92531871E-01  2.80760089E-01  2.87871947E-01  2.95860775E-01  3.09205893E-01  3.22464266E-01  3.09900679E-01  2.87325815E-01  2.89134043E-01  2.89182658E-01  2.98978411E-01  3.15870926E-01  3.15751243E-01  2.97922726E-01  2.89269302E-01  2.93657274E-01  2.93251409E-01  3.03271380E-01  3.12368209E-01  3.08731371E-01  2.95229959E-01  2.95476658E-01  2.97417847E-01  2.94095981E-01  3.04205397E-01  3.12147430E-01  3.00461712E-01  2.93876890E-01  2.99383067E-01  2.96543008E-01  2.96795282E-01  3.09970331E-01  3.05212656E-01  2.95706198E-01  2.98967905E-01  2.99489412E-01  2.94163776E-01  2.99827579E-01  3.09040206E-01  3.00471539E-01  2.95945332E-01  2.96834160E-01  2.98215899E-01  2.97181570E-01  3.09334712E-01  3.06042655E-01  2.94158589E-01  2.91323130E-01  2.96973238E-01  3.00726816E-01  3.00630649E-01  3.09946535E-01  3.03569016E-01  2.90077612E-01  2.92738566E-01  3.00575574E-01  2.96998698E-01  3.05650285E-01  3.16780822E-01  2.96734121E-01  2.89326091E-01  2.95474093E-01  2.97408929E-01  2.94894271E-01  3.10382189E-01  3.13074195E-01  2.91562484E-01  2.91014986E-01  3.01908183E-01  2.94465287E-01  2.94356018E-01  3.13982434E-01  3.09391087E-01  2.89025783E-01  2.95784469E-01  3.03389317E-01  2.88485744E-01  2.98558576E-01  3.20715463E-01  3.02398980E-01  2.90121414E-01  2.97835965E-01  2.95961195E-01  2.89992317E-01  3.08645063E-01  3.15812063E-01  2.96901167E-01  2.91055220E-01  2.99040146E-01  2.92497723E-01  2.93246432E-01  3.14211727E-01  3.12709442E-01
  3.60802046E-01  3.68033758E-01  3.28218618E-01  2.45919733E-01  2.14029317E-01  2.63241387E-01  3.34124488E-01  3.67713130E-01  3.59813933E-01  3.02879025E-01  2.25493249E-01  2.19416229E-01  2.90960481E-01  3.52924766E-01  3.70115524E-01  3.47105754E-01  2.71173499E-01  2.11099881E-01  2.42137955E-01  3.17436802E-01  3.61922123E-01  3.65421732E-01  3.23714384E-01  2.45006677E-01  2.14638658E-01  2.68021684E-01  3.37781452E-01  3.69077543E-01  3.58071435E-01  2.94557371E-01  2.25295039E-01  2.28287190E-01  2.94692507E-01  3.54906893E-01  3.72068196E-01  3.39925798E-01  2.69404969E-01  2.15340450E-01  2.45427505E-01  3.20956861E-01  3.63472637E-01  3.67945582E-01  3.20707459E-01  2.40511776E-01  2.17107252E-01  2.72698759E-01  3.39157005E-01  3.70778367E-01  3.58036267E-01  2.90253836E-01  2.22208555E-01  2.29121522E-01  2.99205697E-01  3.59777456E-01  3.71675307E-01  3.34294171E-01  2.60787502E-01  2.14298466E-01  2.49890155E-01  3.23628418E-01  3.72315980E-01  3.63081711E-01  3.09240910E-01  2.37867649E-01  2.17453240E-01  2.73433167E-01  3.48921805E-01  3.76159751E-01  3.46621955E-01  2.82739761E-01  2.19926310E-01  2.26402387E-01  3.04300112E-01  3.64721304E-01  3.67098455E-01  3.31337957E-01  2.64003456E-01  2.11381568E-01  2.46878058E-01  3.24589024E-01  3.71991254E-01  3.62172468E-01  3.15054995E-01  2.40677258E-01  2.09321651E-01  2.67642995E-01  3.47503763E-01  3.76340832E-01  3.54423142E-01  2.91860936E-01  2.21389012E-01  2.19093949E-01  2.94706843E-01  3.66064119E-01  3.76315031E-01  3.37036831E-01  2.68771809E-01  2.12071755E-01  2.38537594E-01  3.17433769E-01  3.74691884E-01  3.69284185E-01  3.20656976E-01  2.47093850E-01  2.10521797E-01  2.54833528E-01  3.37971463E-01  3.82574583E-01  3.60976221E-01  2.99330980E-01  2.27558264E-01  2.15059156E-01  2.79822616E-01  3.58096903E-01  3.84308530E-01  3.49995127E-01  2.75935473E-01  2.10233272E-01  2.27657914E-01  3.09630501E-01  3.74726006E-01  3.76075915E-01  3.30912006E-01  2.49529159E-01  2.04168723E-01  2.51132422E-01  3.39417508E-01  3.81178884E-01  3.69819316E-01  3.03769002E-01  2.22818107E-01  2.10179392E-01  2.80624289E-01  3.58730590E-01  3.85189930E-01  3.52047603E-01  2.72137084E-01  2.08134311E-01  2.29600325E-01  3.09529441E-01  3.73465583E-01  3.77927083E-01  3.32487808E-01  2.43677146E-01  2.02488147E-01  2.54718624E-01  3.38244180E-01  3.79422788E-01  3.71876123E-01  3.00730005E-01  2.19386233E-01  2.15347390E-01  2.86665259E-01  3.56968573E-01  3.82361656E-01  3.50502885E-01  2.68948039E-01  2.06868242E-01  2.35918981E-01  3.13041657E-01  3.69253597E-01  3.78092850E-01  3.24104573E-01  2.40402297E-01  2.12096517E-01  2.63219024E-01  3.33919013E-01  3.73464686E-01  3.65075790E-01  2.97476398E-01  2.23122845E-01  2.27132070E-01  2.89675556E-01  3.45492617E-01  3.75257562E-01  3.49223487E-01  2.66815463E-01  2.14910281E-01  2.42633060E-01  3.10591354E-01  3.62682996E-01  3.73534418E-01  3.24261202E-01  2.44744161E-01  2.14611111E-01  2.63392759E-01  3.31480504E-01  3.68590842E-01  3.65587415E-01  3.03948220E-01  2.26132062E-01  2.22287841E-01  2.85775016E-01  3.49001923E-01  3.73545393E-01  3.49965775E-01  2.74090283E-01  2.15028502E-01  2.40274574E-01  3.12507526E-01
  3.00548182E-01  3.07369414E-01  3.23189422E-01  3.14304238E-01  2.83294955E-01  2.77118950E-01  2.94660266E-01  3.02090864E-01  3.15192485E-01  3.27160920E-01  3.03314341E-01  2.74096217E-01  2.81265292E-01  3.00308399E-01  3.08644161E-01  3.22041018E-01  3.19140306E-01  2.90163198E-01  2.74200645E-01  2.87561542E-01  3.04807063E-01  3.12307622E-01  3.21575045E-01  3.12949163E-01  2.80558766E-01  2.73917649E-01  2.96561921E-01  3.07973797E-01  3.14698557E-01  3.22876114E-01  3.02306028E-01  2.74130275E-01  2.80438536E-01  2.99861947E-01  3.10368248E-01  3.17980887E-01  3.17714588E-01  2.94251878E-01  2.73969534E-01  2.83169235E-01  3.01803569E-01  3.11183314E-01  3.18531828E-01  3.15567881E-01  2.85771098E-01  2.74829171E-01  2.89214437E-01  3.06812708E-01  3.13156729E-01  3.18919545E-01  3.06337416E-01  2.82240419E-01  2.77639019E-01  2.91940429E-01  3.07609894E-01  3.16509191E-01  3.18640065E-01  3.01042634E-01  2.80604260E-01  2.79383617E-01  2.94553785E-01  3.08538886E-01  3.20194670E-01  3.18075797E-01  2.94888181E-01  2.77633696E-01  2.81904030E-01  2.99177807E-01  3.11030460E-01  3.22837603E-01  3.12012020E-01  2.87142709E-01  2.76544978E-01  2.86496371E-01  3.01445952E-01  3.19127816E-01  3.21894343E-01  3.05288720E-01  2.79571365E-01  2.76958761E-01  2.91694533E-01  3.07832670E-01  3.20751503E-01  3.20820966E-01  2.96490475E-01  2.74950379E-01  2.83028007E-01  2.96487406E-01  3.10039524E-01  3.25161890E-01  3.13765766E-01  2.83200038E-01  2.76930430E-01  2.91517906E-01  3.00722870E-01  3.15299643E-01  3.25802672E-01  3.02584314E-01  2.75415261E-01  2.80660428E-01  2.96542991E-01  3.05939677E-01  3.20839808E-01  3.18850170E-01  2.91149261E-01  2.75386510E-01  2.88065767E-01  3.00041590E-01  3.11462965E-01  3.21117108E-01  3.07194054E-01  2.82942849E-01  2.80147315E-01  2.94933221E-01  3.04302188E-01  3.14156389E-01  3.17028234E-01  3.01552998E-01  2.80823439E-01  2.87503297E-01  2.96788373E-01  3.01605567E-01  3.15341030E-01  3.19635529E-01  2.94820271E-01  2.80289453E-01  2.91104736E-01  2.95861481E-01  3.03564110E-01  3.23815021E-01  3.16762711E-01  2.85865439E-01  2.78708768E-01  2.92007096E-01  2.97210185E-01  3.11529607E-01  3.25103362E-01  3.07400637E-01  2.82123172E-01  2.84462585E-01  2.94087740E-01  2.97630355E-01  3.16789254E-01  3.23007413E-01  2.98157546E-01  2.82791088E-01  2.88642943E-01  2.90511888E-01  3.00591544E-01  3.21567020E-01  3.16092277E-01  2.93868552E-01  2.87581585E-01  2.89536749E-01  2.89046209E-01  3.07916845E-01  3.23478563E-01  3.07003166E-01  2.88896738E-01  2.91426003E-01  2.91075140E-01  2.92570760E-01  3.16688611E-01  3.19802523E-01  2.94045619E-01  2.85448152E-01  2.93897146E-01  2.92509327E-01  3.01649588E-01  3.23515018E-01  3.09094860E-01  2.83553264E-01  2.86997774E-01  2.96152480E-01  2.96031435E-01  3.14580747E-01  3.23372841E-01  2.94928644E-01  2.78366297E-01  2.91896269E-01  2.99948920E-01  3.04498571E-01  3.19311326E-01  3.12833636E-01  2.85643697E-01  2.83486319E-01  2.99277241E-01  3.00283664E-01  3.07386680E-01  3.20179085E-01  3.01803678E-01  2.81408953E-01  2.90532332E-01  3.00976738E-01  3.00500165E-01  3.15033864E-01  3.19823967E-01  2.93692598E-01  2.78127944E-01  2.92178163E-01
  3.61137905E-01  3.38966496E-01  2.96486344E-01  2.52376563E-01  2.38407779E-01  2.87282782E-01  3.50570833E-01  3.61355181E-01  3.23417345E-01  2.75212779E-01  2.37975189E-01  2.48883940E-01  3.15902376E-01  3.64264911E-01  3.50642345E-01  3.05110884E-01  2.58215148E-01  2.32292814E-01  2.69460882E-01  3.41127969E-01  3.69813904E-01  3.36499123E-01  2.83497491E-01  2.40856556E-01  2.38201603E-01  2.97760619E-01  3.61485517E-01  3.64021186E-01  3.15189532E-01  2.62804049E-01  2.35830621E-01  2.53985346E-01  3.23021903E-01  3.72273862E-01  3.52952701E-01  2.93531268E-01  2.49399180E-01  2.33182709E-01  2.72313654E-01  3.48568638E-01  3.77138319E-01  3.34999848E-01  2.75257690E-01  2.38982261E-01  2.35846856E-01  2.95972790E-01  3.71662760E-01  3.73827663E-01  3.10648405E-01  2.57239524E-01  2.33337491E-01  2.47356196E-01  3.23724065E-01  3.82762007E-01  3.56773838E-01  2.92839316E-01  2.46492301E-01  2.28339001E-01  2.67459137E-01  3.51226001E-01  3.84008436E-01  3.35061550E-01  2.76401623E-01  2.33967448E-01  2.33272493E-01  2.95782972E-01  3.72582055E-01  3.72878743E-01  3.13179186E-01  2.60061480E-01  2.30226239E-01  2.45217629E-01  3.27662312E-01  3.84380043E-01  3.48783997E-01  2.93176813E-01  2.52438113E-01  2.27005335E-01  2.63782770E-01  3.55058666E-01  3.81360498E-01  3.30693941E-01  2.79348878E-01  2.42664176E-01  2.31878555E-01  2.92756079E-01  3.70485498E-01  3.65543112E-01  3.12662870E-01  2.72037497E-01  2.34318108E-01  2.44371144E-01  3.19930664E-01  3.75054897E-01  3.48752665E-01  3.02999251E-01  2.61029913E-01  2.29467408E-01  2.62832809E-01  3.39813416E-01  3.71453940E-01  3.34716848E-01  2.94648359E-01  2.49770766E-01  2.29306611E-01  2.85522553E-01  3.58988601E-01  3.59528240E-01  3.22176782E-01  2.83304696E-01  2.39143067E-01  2.41979508E-01  3.08768232E-01  3.62197546E-01  3.50060817E-01  3.16256742E-01  2.69414314E-01  2.31614545E-01  2.57394212E-01  3.31065280E-01  3.61213646E-01  3.38906758E-01  3.06245865E-01  2.55288832E-01  2.30209437E-01  2.80079848E-01  3.45896559E-01  3.52989730E-01  3.32490012E-01  2.94597131E-01  2.44865588E-01  2.40480850E-01  3.03193315E-01  3.48603099E-01  3.41317451E-01  3.23534137E-01  2.84681362E-01  2.36022016E-01  2.52423832E-01  3.20814099E-01  3.48673507E-01  3.40616255E-01  3.20367453E-01  2.66267266E-01  2.29669938E-01  2.71569102E-01  3.35114791E-01  3.49036273E-01  3.39178027E-01  3.05299788E-01  2.48018493E-01  2.34506742E-01  2.94469383E-01  3.43359120E-01  3.47399901E-01  3.31417470E-01  2.87014682E-01  2.36131621E-01  2.49924593E-01  3.13807621E-01  3.50133831E-01  3.42060528E-01  3.19516793E-01  2.69815102E-01  2.28609281E-01  2.65528548E-01  3.36570817E-01  3.51863429E-01  3.32670440E-01  3.04006636E-01  2.48744479E-01  2.32359270E-01  2.94888967E-01  3.53550606E-01  3.49165137E-01  3.23456304E-01  2.82821821E-01  2.35884510E-01  2.48449106E-01  3.19602349E-01  3.59255258E-01  3.38358191E-01  3.10659694E-01  2.66900233E-01  2.32265836E-01  2.71468084E-01  3.43775138E-01  3.54966691E-01  3.26430456E-01  2.93012752E-01  2.49627414E-01  2.39976776E-01  3.01953103E-01  3.56905463E-01  3.47968303E-01  3.14811383E-01  2.72772554E-01  2.38772515E-01  2.59512641E-01  3.28807636E-01
  2.69984691E-01  2.65352277E-01  2.94161672E-01  3.27827240E-01  3.31421073E-01  3.15791735E-01  2.87832571E-01  2.63920351E-01  2.70755038E-01  3.06741772E-01  3.32399408E-01  3.27896420E-01  3.08914075E-01  2.77414036E-01  2.60089912E-01  2.81637727E-01  3.20529840E-01  3.32150127E-01  3.24520683E-01  2.99517526E-01  2.62776344E-01  2.63390582E-01  3.00734041E-01  3.30367576E-01  3.30687343E-01  3.20397448E-01  2.81790445E-01  2.56672931E-01  2.74843712E-01  3.13100166E-01  3.31113284E-01  3.33445780E-01  3.10381032E-01  2.68158085E-01  2.55672202E-01  2.85413684E-01  3.21251489E-01  3.37300186E-01  3.33569710E-01  2.96660830E-01  2.56428772E-01  2.58543052E-01  2.95714113E-01  3.31188395E-01  3.45956258E-01  3.26277595E-01  2.76348930E-01  2.47464161E-01  2.67945216E-01  3.10889597E-01  3.41820815E-01  3.46355804E-01  3.07920168E-01  2.58114646E-01  2.48863950E-01  2.81865114E-01  3.21780722E-01  3.50401595E-01  3.41181316E-01  2.89646248E-01  2.48918837E-01  2.57039922E-01  2.93876393E-01  3.37486643E-01  3.55562750E-01  3.25975814E-01  2.72102100E-01  2.46450282E-01  2.63051915E-01  3.08118951E-01  3.48752219E-01  3.49836959E-01  3.08754429E-01  2.59783583E-01  2.46810202E-01  2.73192470E-01  3.24011677E-01  3.57967303E-01  3.41245489E-01  2.91954570E-01  2.51787451E-01  2.48299986E-01  2.85288586E-01  3.42067399E-01  3.61745487E-01  3.26330808E-01  2.72106004E-01  2.46120922E-01  2.56252068E-01  3.09061013E-01  3.59152360E-01  3.54465497E-01  3.01609061E-01  2.59095408E-01  2.45121554E-01  2.68751614E-01  3.32702626E-01  3.68166290E-01  3.37804589E-01  2.84054720E-01  2.50668574E-01  2.45373080E-01  2.86031372E-01  3.50650386E-01  3.66324104E-01  3.20912179E-01  2.71874763E-01  2.43213107E-01  2.52665069E-01  3.09093956E-01  3.61685767E-01  3.54619754E-01  3.06735530E-01  2.60262214E-01  2.41156256E-01  2.65647380E-01  3.27426833E-01  3.64854234E-01  3.42893442E-01  2.92029737E-01  2.51483970E-01  2.41983585E-01  2.81393969E-01  3.45120191E-01  3.65031294E-01  3.26312034E-01  2.76853554E-01  2.45481992E-01  2.48174673E-01  3.00833194E-01  3.56024012E-01  3.52166072E-01  3.11812093E-01  2.70176354E-01  2.44730041E-01  2.57717213E-01  3.18226898E-01  3.60815499E-01  3.45105426E-01  2.98510632E-01  2.57732800E-01  2.43322389E-01  2.76835777E-01  3.32710915E-01  3.57668754E-01  3.33678532E-01  2.86395166E-01  2.49642448E-01  2.50469747E-01  2.95677115E-01  3.43008899E-01  3.49860624E-01  3.17492763E-01  2.75323570E-01  2.50744050E-01  2.66920359E-01  3.09367202E-01  3.45158503E-01  3.39276532E-01  3.03516461E-01  2.66287331E-01  2.54808373E-01  2.80035130E-01  3.21023208E-01  3.45433808E-01  3.27132320E-01  2.88616436E-01  2.62760126E-01  2.67629051E-01  2.95960888E-01  3.27437378E-01  3.37453596E-01  3.12293806E-01  2.79754864E-01  2.65180386E-01  2.79370440E-01  3.06331505E-01  3.31806974E-01  3.31818411E-01  2.99829806E-01  2.70778901E-01  2.68544356E-01  2.87615095E-01  3.16086854E-01  3.35974686E-01  3.21955601E-01  2.89214563E-01  2.67276236E-01  2.71901150E-01  2.97669798E-01  3.26495181E-01  3.33897679E-01  3.09608133E-01  2.78226056E-01  2.66043586E-01  2.80631277E-01  3.12224935E-01  3.33096548E-01  3.24968456E-01  2.97786572E-01
