# PIMCID: 2837db30-7e69-4934-be99-7ae85e7a13b3
#      0.000E+00       5.000E-01       1.000E+00       1.500E+00       2.000E+00       2.500E+00       3.000E+00       3.500E+00       4.000E+00       4.500E+00       5.000E+00       5.500E+00       6.000E+00       6.500E+00       7.000E+00       7.500E+00       8.000E+00       8.500E+00       9.000E+00       9.500E+00       1.000E+01       1.050E+01       1.100E+01       1.150E+01       1.200E+01       1.250E+01       1.300E+01       1.350E+01       1.400E+01       1.450E+01       1.500E+01       1.550E+01       1.600E+01       1.650E+01       1.700E+01       1.750E+01       1.800E+01       1.850E+01       1.900E+01       1.950E+01       2.000E+01       2.050E+01       2.100E+01       2.150E+01       2.200E+01       2.250E+01       2.300E+01       2.350E+01       2.400E+01       2.450E+01       2.500E+01       2.550E+01       2.600E+01       2.650E+01       2.700E+01       2.750E+01       2.800E+01       2.850E+01       2.900E+01       2.950E+01       3.000E+01       3.050E+01       3.100E+01       3.150E+01       3.200E+01       3.250E+01       3.300E+01       3.350E+01       3.400E+01       3.450E+01       3.500E+01       3.550E+01       3.600E+01       3.650E+01       3.700E+01       3.750E+01       3.800E+01       3.850E+01       3.900E+01       3.950E+01       4.000E+01       4.050E+01       4.100E+01       4.150E+01       4.200E+01       4.250E+01       4.300E+01       4.350E+01       4.400E+01       4.450E+01       4.500E+01       4.550E+01       4.600E+01       4.650E+01       4.700E+01       4.750E+01       4.800E+01       4.850E+01       4.900E+01       4.950E+01       5.000E+01       5.050E+01       5.100E+01       5.150E+01       5.200E+01       5.250E+01       5.300E+01       5.350E+01       5.400E+01       5.450E+01       5.500E+01       5.550E+01       5.600E+01       5.650E+01       5.700E+01       5.750E+01       5.800E+01       5.850E+01       5.900E+01       5.950E+01       6.000E+01       6.050E+01       6.100E+01       6.150E+01       6.200E+01       6.250E+01       6.300E+01       6.350E+01       6.400E+01       6.450E+01       6.500E+01       6.550E+01       6.600E+01       6.650E+01       6.700E+01       6.750E+01       6.800E+01       6.850E+01       6.900E+01       6.950E+01       7.000E+01       7.050E+01       7.100E+01       7.150E+01       7.200E+01       7.250E+01       7.300E+01       7.350E+01       7.400E+01       7.450E+01       7.500E+01       7.550E+01       7.600E+01       7.650E+01       7.700E+01       7.750E+01       7.800E+01       7.850E+01       7.900E+01       7.950E+01       8.000E+01       8.050E+01       8.100E+01       8.150E+01       8.200E+01       8.250E+01       8.300E+01       8.350E+01       8.400E+01       8.450E+01       8.500E+01       8.550E+01       8.600E+01       8.650E+01       8.700E+01       8.750E+01       8.800E+01       8.850E+01       8.900E+01       8.950E+01       9.000E+01       9.050E+01       9.100E+01       9.150E+01       9.200E+01       9.250E+01       9.300E+01       9.350E+01       9.400E+01       9.450E+01       9.500E+01       9.550E+01       9.600E+01       9.650E+01       9.700E+01       9.750E+01       9.800E+01       9.850E+01       9.900E+01       9.950E+01
 -8.60779568E+01 -8.64608482E+01 -8.54340580E+01 -8.63376192E+01 -8.67480828E+01 -8.59601110E+01 -8.60224464E+01 -8.66256483E+01 -8.61899485E+01 -8.52386798E+01 -8.65015946E+01 -8.65732540E+01 -8.58633453E+01 -8.57249105E+01 -8.65772665E+01 -8.58411525E+01 -8.55775387E+01 -8.63889286E+01 -8.62808155E+01 -8.56840915E+01 -8.63312696E+01 -8.62471596E+01 -8.54451061E+01 -8.58557331E+01 -8.64349784E+01 -8.58691535E+01 -8.56487249E+01 -8.69010429E+01 -8.56865995E+01 -8.47392668E+01 -8.61476950E+01 -8.62792594E+01 -8.56886397E+01 -8.61762039E+01 -8.66038977E+01 -8.51604856E+01 -8.53588644E+01 -8.64098667E+01 -8.58787233E+01 -8.53971693E+01 -8.64388365E+01 -8.59461312E+01 -8.53214737E+01 -8.57092368E+01 -8.65551758E+01 -8.57001852E+01 -8.54998880E+01 -8.68107698E+01 -8.61330497E+01 -8.57689711E+01 -8.59993861E+01 -8.65184917E+01 -8.51612995E+01 -8.60552713E+01 -8.67829318E+01 -8.58726567E+01 -8.54453150E+01 -8.65343249E+01 -8.64575107E+01 -8.47953039E+01 -8.65696465E+01 -8.61443577E+01 -8.51281460E+01 -8.51143324E+01 -8.66551283E+01 -8.59665375E+01 -8.54872686E+01 -8.66748910E+01 -8.58503520E+01 -8.49226942E+01 -8.60343671E+01 -8.66372590E+01 -8.53591817E+01 -8.64373331E+01 -8.64365618E+01 -8.50412278E+01 -8.46927808E+01 -8.64961786E+01 -8.63878908E+01 -8.52122577E+01 -8.65993732E+01 -8.59666087E+01 -8.47530632E+01 -8.52239949E+01 -8.67341752E+01 -8.59478141E+01 -8.61342564E+01 -8.65841520E+01 -8.58485693E+01 -8.49444073E+01 -8.60535302E+01 -8.65166914E+01 -8.56270578E+01 -8.60940036E+01 -8.63584640E+01 -8.49051389E+01 -8.52552308E+01 -8.66347602E+01 -8.64858911E+01 -8.58743781E+01 -8.64429254E+01 -8.60681467E+01 -8.44264082E+01 -8.60203185E+01 -8.67914549E+01 -8.62287844E+01 -8.58097221E+01 -8.64662824E+01 -8.55963980E+01 -8.47218106E+01 -8.62912022E+01 -8.67872947E+01 -8.52424848E+01 -8.60121805E+01 -8.65066310E+01 -8.48624446E+01 -8.57792618E+01 -8.64201782E+01 -8.66480401E+01 -8.57424413E+01 -8.62873279E+01 -8.60807868E+01 -8.49213999E+01 -8.63136509E+01 -8.66988994E+01 -8.58620995E+01 -8.58090574E+01 -8.58291884E+01 -8.54909950E+01 -8.54419609E+01 -8.65441267E+01 -8.66849706E+01 -8.56334311E+01 -8.59648352E+01 -8.61793832E+01 -8.50266867E+01 -8.61077765E+01 -8.62732210E+01 -8.61763638E+01 -8.53161082E+01 -8.58406558E+01 -8.62454797E+01 -8.54400316E+01 -8.62997895E+01 -8.65195086E+01 -8.59079490E+01 -8.50777182E+01 -8.60716429E+01 -8.58728382E+01 -8.58933197E+01 -8.64507415E+01 -8.66566539E+01 -8.54094384E+01 -8.50230068E+01 -8.63038393E+01 -8.52749899E+01 -8.62148314E+01 -8.67576478E+01 -8.65750960E+01 -8.51167536E+01 -8.54636862E+01 -8.60966361E+01 -8.57264319E+01 -8.64623493E+01 -8.68012168E+01 -8.61155409E+01 -8.51256247E+01 -8.60175631E+01 -8.54898118E+01 -8.61195279E+01 -8.66185480E+01 -8.66079292E+01 -8.56494704E+01 -8.52905491E+01 -8.66040079E+01 -8.53064774E+01 -8.61551009E+01 -8.67770721E+01 -8.66527080E+01 -8.58749523E+01 -8.58839887E+01 -8.66182763E+01 -8.56413310E+01 -8.64605976E+01 -8.67501065E+01 -8.61078149E+01 -8.54872822E+01 -8.61290643E+01 -8.57550448E+01 -8.57708051E+01 -8.64644603E+01 -8.67101487E+01 -8.57015589E+01 -8.55724756E+01 -8.67996148E+01 -8.58054216E+01 -8.60671299E+01 -8.64322674E+01 -8.66401873E+01 -8.58115161E+01
 -8.49895461E+01 -8.54250800E+01 -8.60537357E+01 -8.65562200E+01 -8.68601545E+01 -8.63522895E+01 -8.43736438E+01 -8.51059035E+01 -8.54751729E+01 -8.64899052E+01 -8.69271741E+01 -8.66270623E+01 -8.55921205E+01 -8.43379725E+01 -8.51241300E+01 -8.58688257E+01 -8.67665925E+01 -8.68637660E+01 -8.63901673E+01 -8.49272709E+01 -8.40397586E+01 -8.50417246E+01 -8.58011287E+01 -8.65626373E+01 -8.68839892E+01 -8.57840594E+01 -8.43627986E+01 -8.46647591E+01 -8.51235123E+01 -8.58424387E+01 -8.67892731E+01 -8.67883033E+01 -8.58174381E+01 -8.38489239E+01 -8.49838631E+01 -8.52832911E+01 -8.61808350E+01 -8.68064011E+01 -8.66262749E+01 -8.46546479E+01 -8.38615096E+01 -8.52640004E+01 -8.51984375E+01 -8.66039411E+01 -8.69011785E+01 -8.60066664E+01 -8.40041632E+01 -8.41491907E+01 -8.55089721E+01 -8.57690123E+01 -8.67546971E+01 -8.66830946E+01 -8.52603536E+01 -8.37116687E+01 -8.45785654E+01 -8.56828877E+01 -8.62777917E+01 -8.68209136E+01 -8.63593667E+01 -8.47493070E+01 -8.40090355E+01 -8.53044157E+01 -8.57284295E+01 -8.67837490E+01 -8.66545082E+01 -8.61647112E+01 -8.45528259E+01 -8.43602634E+01 -8.59616616E+01 -8.60047854E+01 -8.68543103E+01 -8.65243923E+01 -8.56910978E+01 -8.44300532E+01 -8.51970006E+01 -8.58341642E+01 -8.66506971E+01 -8.69505508E+01 -8.63397725E+01 -8.50660695E+01 -8.38530155E+01 -8.56679310E+01 -8.56440063E+01 -8.68769368E+01 -8.69604481E+01 -8.59971887E+01 -8.42486219E+01 -8.50730212E+01 -8.58492188E+01 -8.62394206E+01 -8.69590953E+01 -8.68812257E+01 -8.50671968E+01 -8.39276460E+01 -8.55954108E+01 -8.54756363E+01 -8.68214772E+01 -8.66171823E+01 -8.61476972E+01 -8.39023095E+01 -8.44863029E+01 -8.58629346E+01 -8.59380739E+01 -8.69174047E+01 -8.65517643E+01 -8.49151522E+01 -8.38985216E+01 -8.50971459E+01 -8.54990031E+01 -8.65744212E+01 -8.67849382E+01 -8.63513218E+01 -8.43118683E+01 -8.40598487E+01 -8.53724840E+01 -8.57159739E+01 -8.69061946E+01 -8.67284098E+01 -8.56794662E+01 -8.44860240E+01 -8.42287914E+01 -8.57297333E+01 -8.63844777E+01 -8.69229838E+01 -8.67715118E+01 -8.55140993E+01 -8.44326038E+01 -8.48525532E+01 -8.61612175E+01 -8.63868330E+01 -8.65915628E+01 -8.66497310E+01 -8.53389645E+01 -8.41728457E+01 -8.53368673E+01 -8.62117558E+01 -8.66325580E+01 -8.67129438E+01 -8.63176963E+01 -8.47658513E+01 -8.47450917E+01 -8.56888703E+01 -8.62775171E+01 -8.68339592E+01 -8.67138665E+01 -8.59505420E+01 -8.43110944E+01 -8.53089255E+01 -8.56300431E+01 -8.67321094E+01 -8.69427572E+01 -8.68091210E+01 -8.52103854E+01 -8.43224870E+01 -8.51833925E+01 -8.58285797E+01 -8.69235932E+01 -8.66680088E+01 -8.65276629E+01 -8.46007709E+01 -8.41689345E+01 -8.51472617E+01 -8.62491827E+01 -8.67038949E+01 -8.65275735E+01 -8.62781199E+01 -8.34093927E+01 -8.49139709E+01 -8.55133055E+01 -8.63330732E+01 -8.66404012E+01 -8.67704175E+01 -8.52815152E+01 -8.32876972E+01 -8.54020631E+01 -8.60177943E+01 -8.65733400E+01 -8.64734716E+01 -8.63524094E+01 -8.39574646E+01 -8.40953059E+01 -8.52612271E+01 -8.61375849E+01 -8.63949982E+01 -8.64851769E+01 -8.62374243E+01 -8.38248193E+01 -8.55449893E+01 -8.53053461E+01 -8.63966692E+01 -8.63889478E+01 -8.68851103E+01 -8.52945197E+01 -8.47603875E+01 -8.52460037E+01 -8.58164529E+01 -8.65491768E+01 -8.67521242E+01 -8.65128779E+01 -8.51248394E+01
 -8.55424766E+01 -8.68355588E+01 -8.64185725E+01 -8.51778361E+01 -8.51216087E+01 -8.41104843E+01 -8.50021672E+01 -8.57721412E+01 -8.70382775E+01 -8.63323603E+01 -8.50915706E+01 -8.45267018E+01 -8.47664778E+01 -8.54775807E+01 -8.60892201E+01 -8.69078712E+01 -8.59138590E+01 -8.52484072E+01 -8.40126784E+01 -8.50351158E+01 -8.54153280E+01 -8.64921274E+01 -8.67161404E+01 -8.56463339E+01 -8.52659838E+01 -8.43044442E+01 -8.49448203E+01 -8.57249449E+01 -8.70396753E+01 -8.63894049E+01 -8.54975300E+01 -8.48081164E+01 -8.44227904E+01 -8.50714255E+01 -8.59101128E+01 -8.69437076E+01 -8.56922750E+01 -8.52347203E+01 -8.44989478E+01 -8.51999064E+01 -8.51872868E+01 -8.68593673E+01 -8.65827833E+01 -8.57383448E+01 -8.52963450E+01 -8.49078247E+01 -8.51312602E+01 -8.54843351E+01 -8.71788053E+01 -8.61506536E+01 -8.56418730E+01 -8.47966370E+01 -8.48750655E+01 -8.50980670E+01 -8.63846166E+01 -8.69080403E+01 -8.62514151E+01 -8.54278754E+01 -8.50943486E+01 -8.51951349E+01 -8.52519426E+01 -8.70645142E+01 -8.64290992E+01 -8.60846357E+01 -8.53207513E+01 -8.44874680E+01 -8.51777879E+01 -8.58943166E+01 -8.70992648E+01 -8.62502436E+01 -8.57753241E+01 -8.53629130E+01 -8.46176904E+01 -8.51569717E+01 -8.65327682E+01 -8.67274699E+01 -8.62784848E+01 -8.58184521E+01 -8.52910472E+01 -8.49379297E+01 -8.50144969E+01 -8.69477966E+01 -8.66051294E+01 -8.63729262E+01 -8.56234716E+01 -8.55322923E+01 -8.49278893E+01 -8.55817983E+01 -8.70042050E+01 -8.66489151E+01 -8.59621557E+01 -8.52351943E+01 -8.54759859E+01 -8.46895817E+01 -8.64606062E+01 -8.67885355E+01 -8.65463459E+01 -8.55400215E+01 -8.51304916E+01 -8.52061908E+01 -8.48948343E+01 -8.66176383E+01 -8.66306481E+01 -8.60161429E+01 -8.49070828E+01 -8.54101451E+01 -8.48805362E+01 -8.56863371E+01 -8.66089275E+01 -8.64287747E+01 -8.53433003E+01 -8.49189191E+01 -8.54831733E+01 -8.49700704E+01 -8.63753594E+01 -8.67590389E+01 -8.60783828E+01 -8.49696686E+01 -8.56178836E+01 -8.53628186E+01 -8.56762974E+01 -8.67637819E+01 -8.68725168E+01 -8.59025714E+01 -8.47616342E+01 -8.58777053E+01 -8.55760394E+01 -8.63590858E+01 -8.70319646E+01 -8.68340801E+01 -8.54923649E+01 -8.50848907E+01 -8.54272943E+01 -8.55606358E+01 -8.69034587E+01 -8.71184422E+01 -8.66826899E+01 -8.45564699E+01 -8.50660362E+01 -8.52507908E+01 -8.56401984E+01 -8.72617802E+01 -8.71227713E+01 -8.61689647E+01 -8.43654232E+01 -8.49766374E+01 -8.54720878E+01 -8.65692368E+01 -8.71382010E+01 -8.70850174E+01 -8.53905260E+01 -8.44983264E+01 -8.57027602E+01 -8.55022954E+01 -8.69901315E+01 -8.71749981E+01 -8.68040088E+01 -8.54063469E+01 -8.46760166E+01 -8.55527685E+01 -8.56376651E+01 -8.71025593E+01 -8.70658060E+01 -8.61773863E+01 -8.48886454E+01 -8.47472916E+01 -8.58920774E+01 -8.62398504E+01 -8.70870031E+01 -8.69761761E+01 -8.58353816E+01 -8.38059415E+01 -8.47697732E+01 -8.52585898E+01 -8.68209476E+01 -8.69850544E+01 -8.62524303E+01 -8.52850853E+01 -8.34152965E+01 -8.51116189E+01 -8.50424634E+01 -8.69700486E+01 -8.67442850E+01 -8.61745196E+01 -8.44732883E+01 -8.38693996E+01 -8.52436863E+01 -8.59465217E+01 -8.70554657E+01 -8.65239096E+01 -8.56597883E+01 -8.40661868E+01 -8.47186680E+01 -8.52214646E+01 -8.67610145E+01 -8.66294403E+01 -8.58604770E+01 -8.51670423E+01 -8.37271607E+01 -8.52439905E+01
 -8.60161723E+01 -8.52212043E+01 -8.62164248E+01 -8.69036612E+01 -8.63732163E+01 -8.42109530E+01 -8.43690824E+01 -8.57484079E+01 -8.58213665E+01 -8.65642518E+01 -8.64979202E+01 -8.56179677E+01 -8.35546782E+01 -8.49785123E+01 -8.50012009E+01 -8.63599182E+01 -8.67877704E+01 -8.63766118E+01 -8.49887561E+01 -8.34238099E+01 -8.53292355E+01 -8.58323414E+01 -8.63636720E+01 -8.71296057E+01 -8.61784811E+01 -8.42371610E+01 -8.44471650E+01 -8.52033252E+01 -8.63012484E+01 -8.67343337E+01 -8.66579710E+01 -8.58483203E+01 -8.35018913E+01 -8.51272228E+01 -8.53017413E+01 -8.62894391E+01 -8.69800959E+01 -8.62346886E+01 -8.52157037E+01 -8.35501900E+01 -8.51313899E+01 -8.58618358E+01 -8.66910021E+01 -8.66462922E+01 -8.64562840E+01 -8.35616933E+01 -8.45663797E+01 -8.56160765E+01 -8.64224361E+01 -8.69977375E+01 -8.67316654E+01 -8.58261873E+01 -8.31627608E+01 -8.48689105E+01 -8.59395001E+01 -8.64985055E+01 -8.71330208E+01 -8.66616591E+01 -8.54045164E+01 -8.37046624E+01 -8.48950435E+01 -8.64085191E+01 -8.69307222E+01 -8.72051361E+01 -8.67406688E+01 -8.37420954E+01 -8.42299711E+01 -8.56151754E+01 -8.64380639E+01 -8.70091237E+01 -8.68387771E+01 -8.64438222E+01 -8.36035422E+01 -8.44205124E+01 -8.58844189E+01 -8.66584731E+01 -8.69464614E+01 -8.68941354E+01 -8.56395830E+01 -8.35337068E+01 -8.47950971E+01 -8.61669068E+01 -8.69561033E+01 -8.72276771E+01 -8.70182584E+01 -8.46779300E+01 -8.39082709E+01 -8.52787418E+01 -8.62517276E+01 -8.69473547E+01 -8.71413586E+01 -8.65193265E+01 -8.36351584E+01 -8.48578019E+01 -8.57589348E+01 -8.63446601E+01 -8.71355994E+01 -8.69465553E+01 -8.58772658E+01 -8.37605924E+01 -8.50350624E+01 -8.58373336E+01 -8.67617693E+01 -8.70269001E+01 -8.66505826E+01 -8.42414997E+01 -8.40196354E+01 -8.53982838E+01 -8.56870077E+01 -8.68487249E+01 -8.69602304E+01 -8.63995758E+01 -8.33062087E+01 -8.46072340E+01 -8.55439899E+01 -8.60647667E+01 -8.69296180E+01 -8.66727703E+01 -8.55537370E+01 -8.31299279E+01 -8.51477735E+01 -8.53651284E+01 -8.65087414E+01 -8.71557847E+01 -8.64254217E+01 -8.39657054E+01 -8.30886578E+01 -8.58604624E+01 -8.56437747E+01 -8.65894796E+01 -8.70309138E+01 -8.63690466E+01 -8.38055963E+01 -8.41790879E+01 -8.54369095E+01 -8.58273476E+01 -8.70993441E+01 -8.68286608E+01 -8.52401616E+01 -8.33580092E+01 -8.47822767E+01 -8.56170648E+01 -8.62547367E+01 -8.72212434E+01 -8.66859273E+01 -8.45303867E+01 -8.36278906E+01 -8.56955842E+01 -8.56141335E+01 -8.66314669E+01 -8.68620440E+01 -8.64791528E+01 -8.36254419E+01 -8.47589609E+01 -8.56209840E+01 -8.58540734E+01 -8.70757609E+01 -8.69102051E+01 -8.53087704E+01 -8.34681808E+01 -8.53677438E+01 -8.53884093E+01 -8.60463416E+01 -8.70068734E+01 -8.65711870E+01 -8.43785183E+01 -8.36951794E+01 -8.57484924E+01 -8.55036141E+01 -8.65594606E+01 -8.69431886E+01 -8.63084995E+01 -8.30611704E+01 -8.47586826E+01 -8.55802406E+01 -8.54098961E+01 -8.70764148E+01 -8.68855716E+01 -8.50344802E+01 -8.35526856E+01 -8.60322393E+01 -8.54194428E+01 -8.60971384E+01 -8.69322584E+01 -8.67402056E+01 -8.42693507E+01 -8.39443546E+01 -8.57443721E+01 -8.51821382E+01 -8.65098496E+01 -8.68840374E+01 -8.61382257E+01 -8.37995756E+01 -8.55337374E+01 -8.54879180E+01 -8.57779589E+01 -8.68960392E+01 -8.66552997E+01 -8.51178313E+01 -8.40120194E+01
 -8.72053707E+01 -8.54824159E+01 -8.43023185E+01 -8.58160290E+01 -8.55409262E+01 -8.64662527E+01 -8.69984853E+01 -8.70014589E+01 -8.45856619E+01 -8.48571234E+01 -8.51716042E+01 -8.61157674E+01 -8.63929979E+01 -8.72013062E+01 -8.66055958E+01 -8.42313845E+01 -8.51084993E+01 -8.53002049E+01 -8.62096516E+01 -8.67859603E+01 -8.70947445E+01 -8.58132090E+01 -8.42343487E+01 -8.53684886E+01 -8.49520557E+01 -8.66555368E+01 -8.67346191E+01 -8.68676004E+01 -8.45446304E+01 -8.36307918E+01 -8.56444782E+01 -8.58923136E+01 -8.67656470E+01 -8.71782284E+01 -8.64109704E+01 -8.36022935E+01 -8.43607534E+01 -8.54988385E+01 -8.62904755E+01 -8.69423588E+01 -8.72740634E+01 -8.53532079E+01 -8.36897706E+01 -8.48748088E+01 -8.60646201E+01 -8.68595829E+01 -8.72199035E+01 -8.69099239E+01 -8.43281339E+01 -8.34367943E+01 -8.54029459E+01 -8.65174132E+01 -8.69847343E+01 -8.73041762E+01 -8.61737411E+01 -8.35975707E+01 -8.35681582E+01 -8.59286303E+01 -8.67490912E+01 -8.71043554E+01 -8.73132949E+01 -8.48062310E+01 -8.39266951E+01 -8.46721188E+01 -8.61249183E+01 -8.66230083E+01 -8.73236362E+01 -8.69714234E+01 -8.47259595E+01 -8.40357814E+01 -8.53677049E+01 -8.65464784E+01 -8.69063950E+01 -8.74183130E+01 -8.63967210E+01 -8.43790574E+01 -8.43735319E+01 -8.55736936E+01 -8.65511945E+01 -8.70226142E+01 -8.73302185E+01 -8.55657255E+01 -8.44338818E+01 -8.49314467E+01 -8.58043977E+01 -8.61084599E+01 -8.71070475E+01 -8.70355587E+01 -8.50493383E+01 -8.42127493E+01 -8.52828606E+01 -8.61091214E+01 -8.62464220E+01 -8.71690448E+01 -8.61656842E+01 -8.41167115E+01 -8.47575120E+01 -8.53577676E+01 -8.58353240E+01 -8.65756113E+01 -8.72652396E+01 -8.54478959E+01 -8.34585106E+01 -8.49556915E+01 -8.51442968E+01 -8.57809374E+01 -8.69440010E+01 -8.69479924E+01 -8.48098926E+01 -8.40487313E+01 -8.44884561E+01 -8.56631591E+01 -8.60319953E+01 -8.70594647E+01 -8.62748572E+01 -8.44982148E+01 -8.39988508E+01 -8.46073067E+01 -8.59213984E+01 -8.64943466E+01 -8.71039920E+01 -8.55311241E+01 -8.34948763E+01 -8.38993506E+01 -8.54069352E+01 -8.57834139E+01 -8.68772321E+01 -8.66309446E+01 -8.50337596E+01 -8.29337671E+01 -8.45479527E+01 -8.58798504E+01 -8.59588827E+01 -8.69436744E+01 -8.60147706E+01 -8.35327847E+01 -8.42217655E+01 -8.46407728E+01 -8.54337054E+01 -8.62835738E+01 -8.70395616E+01 -8.56879132E+01 -8.28969149E+01 -8.49442205E+01 -8.53663311E+01 -8.55850622E+01 -8.66254064E+01 -8.67170258E+01 -8.43595675E+01 -8.31452292E+01 -8.50806791E+01 -8.54012643E+01 -8.61488226E+01 -8.69201433E+01 -8.66036429E+01 -8.34603518E+01 -8.45076322E+01 -8.45845139E+01 -8.56093489E+01 -8.63841013E+01 -8.71560713E+01 -8.57115009E+01 -8.32987764E+01 -8.52000707E+01 -8.43565616E+01 -8.59636595E+01 -8.66480779E+01 -8.68338043E+01 -8.41366768E+01 -8.37399275E+01 -8.49825649E+01 -8.54052799E+01 -8.64089491E+01 -8.69378272E+01 -8.62142365E+01 -8.31832871E+01 -8.49682061E+01 -8.46308880E+01 -8.58140571E+01 -8.65119352E+01 -8.72978388E+01 -8.53770965E+01 -8.32803667E+01 -8.56272253E+01 -8.54829478E+01 -8.61479350E+01 -8.69767848E+01 -8.69415859E+01 -8.43843706E+01 -8.46059475E+01 -8.52927394E+01 -8.60996000E+01 -8.63808121E+01 -8.71543754E+01 -8.64885984E+01 -8.40223915E+01 -8.49765590E+01 -8.52276335E+01 -8.60951461E+01 -8.67494197E+01
 -8.75027150E+01 -8.75345095E+01 -8.75457680E+01 -8.75040047E+01 -8.74692023E+01 -8.74835991E+01 -8.74833013E+01 -8.74778506E+01 -8.74670595E+01 -8.75060983E+01 -8.74489953E+01 -8.74679923E+01 -8.74533869E+01 -8.74931070E+01 -8.74688093E+01 -8.74057936E+01 -8.74710801E+01 -8.74612185E+01 -8.74249436E+01 -8.75174408E+01 -8.74493746E+01 -8.74706964E+01 -8.74767292E+01 -8.74896255E+01 -8.75315979E+01 -8.74669171E+01 -8.74748553E+01 -8.74967854E+01 -8.74663435E+01 -8.74946744E+01 -8.74244887E+01 -8.74190347E+01 -8.74383337E+01 -8.74494936E+01 -8.75356465E+01 -8.74921603E+01 -8.74665979E+01 -8.74104835E+01 -8.74492882E+01 -8.74765728E+01 -8.74384020E+01 -8.74835159E+01 -8.74306273E+01 -8.74272645E+01 -8.74498801E+01 -8.74869680E+01 -8.74856784E+01 -8.74687793E+01 -8.74415551E+01 -8.74506816E+01 -8.74772831E+01 -8.74964683E+01 -8.74557220E+01 -8.74022745E+01 -8.74805238E+01 -8.75006913E+01 -8.74563152E+01 -8.75262975E+01 -8.75119228E+01 -8.75639655E+01 -8.74833676E+01 -8.75233142E+01 -8.74927865E+01 -8.74428405E+01 -8.74258464E+01 -8.74690092E+01 -8.74593898E+01 -8.74759384E+01 -8.75373314E+01 -8.75502341E+01 -8.75437550E+01 -8.75109082E+01 -8.75377918E+01 -8.74345990E+01 -8.75083774E+01 -8.74799205E+01 -8.74806100E+01 -8.74414198E+01 -8.73984790E+01 -8.74520300E+01 -8.74190326E+01 -8.74634460E+01 -8.74946328E+01 -8.73962013E+01 -8.74468397E+01 -8.74773447E+01 -8.74440717E+01 -8.74505765E+01 -8.74117978E+01 -8.74469689E+01 -8.73891368E+01 -8.74969310E+01 -8.74895196E+01 -8.74957276E+01 -8.74145204E+01 -8.74449461E+01 -8.74789077E+01 -8.74654137E+01 -8.74506144E+01 -8.74624158E+01 -8.74687563E+01 -8.74777486E+01 -8.75323140E+01 -8.74607311E+01 -8.74224452E+01 -8.74207688E+01 -8.75336279E+01 -8.75495488E+01 -8.74740431E+01 -8.75407202E+01 -8.75265667E+01 -8.74688961E+01 -8.74746435E+01 -8.75521020E+01 -8.74347940E+01 -8.74950738E+01 -8.74957310E+01 -8.74801502E+01 -8.74462603E+01 -8.75259113E+01 -8.74781281E+01 -8.74422489E+01 -8.74940674E+01 -8.75348629E+01 -8.75771714E+01 -8.75364480E+01 -8.75330878E+01 -8.75268631E+01 -8.74253737E+01 -8.74808801E+01 -8.74543292E+01 -8.74859452E+01 -8.74882957E+01 -8.74845227E+01 -8.74484967E+01 -8.74385379E+01 -8.75178813E+01 -8.75393271E+01 -8.75073576E+01 -8.75587144E+01 -8.74939482E+01 -8.75085937E+01 -8.74857892E+01 -8.74692419E+01 -8.74692973E+01 -8.74955999E+01 -8.75081001E+01 -8.75116338E+01 -8.75174148E+01 -8.74625932E+01 -8.74688823E+01 -8.75014173E+01 -8.74844737E+01 -8.75046166E+01 -8.75183124E+01 -8.75005053E+01 -8.74566518E+01 -8.74911175E+01 -8.75794828E+01 -8.75261126E+01 -8.74658215E+01 -8.74721831E+01 -8.75054802E+01 -8.74984448E+01 -8.73989789E+01 -8.74765429E+01 -8.75182492E+01 -8.74830623E+01 -8.74402011E+01 -8.73639361E+01 -8.74280937E+01 -8.74323270E+01 -8.74384108E+01 -8.74739288E+01 -8.75190272E+01 -8.75125969E+01 -8.74445249E+01 -8.74406659E+01 -8.75245434E+01 -8.75393451E+01 -8.74444612E+01 -8.74428310E+01 -8.75211105E+01 -8.75241598E+01 -8.73951591E+01 -8.75159275E+01 -8.74885610E+01 -8.74365367E+01 -8.74620282E+01 -8.74126055E+01 -8.74692951E+01 -8.74796126E+01 -8.74924730E+01 -8.74360265E+01 -8.74358822E+01 -8.74975053E+01 -8.74767208E+01 -8.74056457E+01 -8.74256099E+01 -8.74591722E+01
 -8.35046354E+01 -8.48708211E+01 -8.64673433E+01 -8.58475752E+01 -8.62884100E+01 -8.66765456E+01 -8.51947308E+01 -8.32694659E+01 -8.58789503E+01 -8.64319263E+01 -8.56599475E+01 -8.67091034E+01 -8.60342653E+01 -8.44984152E+01 -8.41652956E+01 -8.66074556E+01 -8.61071099E+01 -8.58853258E+01 -8.64040039E+01 -8.58924936E+01 -8.33269326E+01 -8.55620438E+01 -8.68410944E+01 -8.56926147E+01 -8.62388519E+01 -8.63936347E+01 -8.52557449E+01 -8.39864642E+01 -8.61836998E+01 -8.66691191E+01 -8.55405457E+01 -8.64922488E+01 -8.58671227E+01 -8.45756361E+01 -8.47541027E+01 -8.68936639E+01 -8.63102918E+01 -8.56855437E+01 -8.66004363E+01 -8.58736947E+01 -8.43141335E+01 -8.59584927E+01 -8.71881467E+01 -8.59404760E+01 -8.59958063E+01 -8.65012244E+01 -8.49626782E+01 -8.42355061E+01 -8.63920343E+01 -8.69213305E+01 -8.54875440E+01 -8.65485680E+01 -8.58796628E+01 -8.42625562E+01 -8.48569290E+01 -8.67052931E+01 -8.63996037E+01 -8.51692591E+01 -8.64511491E+01 -8.56426350E+01 -8.42472934E+01 -8.54582975E+01 -8.69430469E+01 -8.55002192E+01 -8.59504781E+01 -8.62279245E+01 -8.53662928E+01 -8.42196671E+01 -8.60622525E+01 -8.68195027E+01 -8.53523498E+01 -8.62221190E+01 -8.61556004E+01 -8.49434971E+01 -8.47586268E+01 -8.67526732E+01 -8.65483926E+01 -8.51787556E+01 -8.64778951E+01 -8.57765082E+01 -8.39219074E+01 -8.56695039E+01 -8.71012980E+01 -8.57973770E+01 -8.57014083E+01 -8.65810701E+01 -8.54120584E+01 -8.42064633E+01 -8.63698794E+01 -8.68149950E+01 -8.48940784E+01 -8.62547749E+01 -8.60594062E+01 -8.51091843E+01 -8.47737740E+01 -8.66845016E+01 -8.61463490E+01 -8.50085524E+01 -8.58842355E+01 -8.56896248E+01 -8.41163744E+01 -8.57484725E+01 -8.66511788E+01 -8.56375646E+01 -8.56510547E+01 -8.58569834E+01 -8.50688308E+01 -8.41340561E+01 -8.61235590E+01 -8.66020143E+01 -8.51405024E+01 -8.60076242E+01 -8.55900008E+01 -8.43758207E+01 -8.45466574E+01 -8.65473841E+01 -8.63584203E+01 -8.55093022E+01 -8.62654720E+01 -8.55413021E+01 -8.32498056E+01 -8.54168960E+01 -8.66770161E+01 -8.58222453E+01 -8.59879653E+01 -8.55612206E+01 -8.47798102E+01 -8.36400587E+01 -8.59056585E+01 -8.63037483E+01 -8.57040541E+01 -8.61129191E+01 -8.58081220E+01 -8.40172960E+01 -8.43187926E+01 -8.65647443E+01 -8.61549483E+01 -8.54614708E+01 -8.62207638E+01 -8.57847752E+01 -8.39526741E+01 -8.58311903E+01 -8.65242354E+01 -8.58740071E+01 -8.60542300E+01 -8.62432801E+01 -8.54997906E+01 -8.44446070E+01 -8.62449791E+01 -8.63435551E+01 -8.48965725E+01 -8.63473745E+01 -8.58806411E+01 -8.44137100E+01 -8.48126204E+01 -8.67401906E+01 -8.60770802E+01 -8.52536894E+01 -8.62812299E+01 -8.56280239E+01 -8.39884316E+01 -8.55923553E+01 -8.66496873E+01 -8.53603166E+01 -8.61331940E+01 -8.61097517E+01 -8.54042006E+01 -8.40714930E+01 -8.64819033E+01 -8.62583717E+01 -8.51838619E+01 -8.63884307E+01 -8.62254563E+01 -8.40586647E+01 -8.50430802E+01 -8.64547833E+01 -8.59622680E+01 -8.61787986E+01 -8.63271759E+01 -8.51038183E+01 -8.31386432E+01 -8.55963978E+01 -8.63384651E+01 -8.61333858E+01 -8.64207032E+01 -8.62081507E+01 -8.44030371E+01 -8.42644247E+01 -8.63633888E+01 -8.66321286E+01 -8.60981375E+01 -8.66391548E+01 -8.60741129E+01 -8.43931414E+01 -8.49149730E+01 -8.64483348E+01 -8.60634190E+01 -8.61586800E+01 -8.68763702E+01 -8.55761116E+01
 -8.60290202E+01 -8.49345327E+01 -8.53060488E+01 -8.63307009E+01 -8.63074240E+01 -8.49002633E+01 -8.50556780E+01 -8.56112249E+01 -8.50543190E+01 -8.59348774E+01 -8.64179007E+01 -8.59684717E+01 -8.49074712E+01 -8.59560571E+01 -8.55453274E+01 -8.53812088E+01 -8.62442678E+01 -8.62053549E+01 -8.58220686E+01 -8.50402941E+01 -8.59172992E+01 -8.54181882E+01 -8.54824626E+01 -8.64034817E+01 -8.62169189E+01 -8.52635218E+01 -8.57204075E+01 -8.55824555E+01 -8.56268563E+01 -8.62056783E+01 -8.64505101E+01 -8.59489164E+01 -8.54238275E+01 -8.61098832E+01 -8.53565799E+01 -8.58175259E+01 -8.64707406E+01 -8.63591906E+01 -8.51656549E+01 -8.51815262E+01 -8.61955617E+01 -8.58318160E+01 -8.60429394E+01 -8.65919536E+01 -8.61546048E+01 -8.49654022E+01 -8.56751328E+01 -8.60511225E+01 -8.60676355E+01 -8.62048721E+01 -8.68632691E+01 -8.57773537E+01 -8.48527327E+01 -8.61024003E+01 -8.60000930E+01 -8.61390924E+01 -8.65731839E+01 -8.67387858E+01 -8.56741976E+01 -8.51438193E+01 -8.63091771E+01 -8.62319053E+01 -8.62513934E+01 -8.64939802E+01 -8.64758683E+01 -8.52241594E+01 -8.55890567E+01 -8.63556348E+01 -8.56468389E+01 -8.62176894E+01 -8.67481451E+01 -8.60372088E+01 -8.49787465E+01 -8.58913256E+01 -8.62526105E+01 -8.52671580E+01 -8.61924996E+01 -8.66084679E+01 -8.53495311E+01 -8.49852874E+01 -8.57737004E+01 -8.61441637E+01 -8.59901768E+01 -8.64841954E+01 -8.61458719E+01 -8.50609647E+01 -8.55482611E+01 -8.58776830E+01 -8.58850916E+01 -8.61304759E+01 -8.64461573E+01 -8.58462606E+01 -8.51175326E+01 -8.55219610E+01 -8.61355480E+01 -8.58439092E+01 -8.63334085E+01 -8.61811386E+01 -8.52299454E+01 -8.48745353E+01 -8.56238842E+01 -8.61861293E+01 -8.64947107E+01 -8.62434504E+01 -8.57806808E+01 -8.50273661E+01 -8.48113888E+01 -8.57568177E+01 -8.58673122E+01 -8.64846243E+01 -8.61249532E+01 -8.53618106E+01 -8.46797766E+01 -8.51610555E+01 -8.59475782E+01 -8.62948808E+01 -8.63295567E+01 -8.59682699E+01 -8.50650854E+01 -8.49200040E+01 -8.55101478E+01 -8.61556846E+01 -8.62588745E+01 -8.59982222E+01 -8.54203512E+01 -8.41557613E+01 -8.49238755E+01 -8.56349060E+01 -8.58162591E+01 -8.61799033E+01 -8.58352806E+01 -8.53756518E+01 -8.44520299E+01 -8.52200223E+01 -8.53798265E+01 -8.59579879E+01 -8.61064822E+01 -8.57220660E+01 -8.44920148E+01 -8.45411953E+01 -8.56158009E+01 -8.58571251E+01 -8.61188687E+01 -8.61319705E+01 -8.57873930E+01 -8.47554305E+01 -8.53662154E+01 -8.55898173E+01 -8.58295840E+01 -8.61376046E+01 -8.63717410E+01 -8.55933384E+01 -8.46149741E+01 -8.55301818E+01 -8.57370726E+01 -8.62716818E+01 -8.61225251E+01 -8.62418530E+01 -8.54092764E+01 -8.50985377E+01 -8.55047995E+01 -8.56828818E+01 -8.60282187E+01 -8.63054039E+01 -8.61135212E+01 -8.47533044E+01 -8.48702793E+01 -8.52497954E+01 -8.59002946E+01 -8.61402602E+01 -8.64925243E+01 -8.52971769E+01 -8.43075483E+01 -8.52782345E+01 -8.52659052E+01 -8.55416507E+01 -8.64039921E+01 -8.64082486E+01 -8.54781854E+01 -8.42346368E+01 -8.56835288E+01 -8.56034543E+01 -8.57692199E+01 -8.63782309E+01 -8.60061454E+01 -8.51146408E+01 -8.48202637E+01 -8.52326267E+01 -8.57506511E+01 -8.58072449E+01 -8.64073419E+01 -8.60366992E+01 -8.50301110E+01 -8.57222885E+01 -8.53625728E+01 -8.54252683E+01 -8.60563974E+01 -8.61242150E+01 -8.56393853E+01 -8.46557098E+01
 -8.44062435E+01 -8.38479942E+01 -8.44505935E+01 -8.57886508E+01 -8.69806657E+01 -8.61081339E+01 -8.33013932E+01 -8.43182838E+01 -8.42562183E+01 -8.49387744E+01 -8.63836171E+01 -8.72825277E+01 -8.49933909E+01 -8.35201164E+01 -8.50777071E+01 -8.47025540E+01 -8.53537394E+01 -8.69589367E+01 -8.69701102E+01 -8.43963801E+01 -8.47510733E+01 -8.52862814E+01 -8.46356160E+01 -8.59977330E+01 -8.72151825E+01 -8.63813447E+01 -8.34934644E+01 -8.54107047E+01 -8.51047767E+01 -8.50421709E+01 -8.65128899E+01 -8.73238810E+01 -8.56670682E+01 -8.39091169E+01 -8.56734249E+01 -8.47494081E+01 -8.54008766E+01 -8.67317392E+01 -8.72540803E+01 -8.50542831E+01 -8.49721854E+01 -8.55508629E+01 -8.47434058E+01 -8.57786862E+01 -8.71479269E+01 -8.68553160E+01 -8.42813337E+01 -8.55845812E+01 -8.49228328E+01 -8.47458678E+01 -8.62540503E+01 -8.72927258E+01 -8.63866424E+01 -8.44171779E+01 -8.54742714E+01 -8.48834440E+01 -8.53629528E+01 -8.68501192E+01 -8.71358090E+01 -8.50518754E+01 -8.46608822E+01 -8.52081460E+01 -8.46794987E+01 -8.62473016E+01 -8.73644395E+01 -8.66958214E+01 -8.43513845E+01 -8.51757847E+01 -8.48941317E+01 -8.51480579E+01 -8.63595158E+01 -8.73381810E+01 -8.58135022E+01 -8.43799703E+01 -8.55981713E+01 -8.44646445E+01 -8.52165928E+01 -8.67941485E+01 -8.68053681E+01 -8.46751560E+01 -8.48759572E+01 -8.53370902E+01 -8.46613451E+01 -8.57692717E+01 -8.73299951E+01 -8.60082405E+01 -8.41878076E+01 -8.50858218E+01 -8.49770994E+01 -8.50039826E+01 -8.64119975E+01 -8.71479541E+01 -8.55259155E+01 -8.45160454E+01 -8.53415324E+01 -8.50614342E+01 -8.57020083E+01 -8.70118080E+01 -8.67285870E+01 -8.50501137E+01 -8.44507373E+01 -8.45940085E+01 -8.55612376E+01 -8.59989699E+01 -8.71899049E+01 -8.60515164E+01 -8.47826943E+01 -8.45566202E+01 -8.45815750E+01 -8.52418840E+01 -8.64055488E+01 -8.73708911E+01 -8.58095902E+01 -8.54347536E+01 -8.46039608E+01 -8.48681392E+01 -8.53749563E+01 -8.70814355E+01 -8.70490900E+01 -8.55717869E+01 -8.53659059E+01 -8.46644726E+01 -8.53779884E+01 -8.58006689E+01 -8.72585563E+01 -8.61988589E+01 -8.55071305E+01 -8.50941119E+01 -8.50186481E+01 -8.54181634E+01 -8.62641994E+01 -8.72550979E+01 -8.54128872E+01 -8.58678151E+01 -8.49512412E+01 -8.50064153E+01 -8.50976315E+01 -8.69224014E+01 -8.69728155E+01 -8.52057595E+01 -8.54844884E+01 -8.56619712E+01 -8.53917449E+01 -8.56430938E+01 -8.72071313E+01 -8.62752630E+01 -8.54168732E+01 -8.51836170E+01 -8.52200767E+01 -8.50545169E+01 -8.61855110E+01 -8.73227599E+01 -8.54618911E+01 -8.51124504E+01 -8.47148284E+01 -8.48771560E+01 -8.49646659E+01 -8.68415840E+01 -8.69141874E+01 -8.53754086E+01 -8.47092370E+01 -8.43928140E+01 -8.54177589E+01 -8.57569494E+01 -8.71750100E+01 -8.64773082E+01 -8.49777500E+01 -8.44686877E+01 -8.47677354E+01 -8.53378827E+01 -8.64229084E+01 -8.71389911E+01 -8.53915659E+01 -8.46621729E+01 -8.45840911E+01 -8.51841507E+01 -8.52997713E+01 -8.66991439E+01 -8.68662377E+01 -8.48558790E+01 -8.47312804E+01 -8.44754182E+01 -8.53021862E+01 -8.56529659E+01 -8.68727032E+01 -8.62870660E+01 -8.43696538E+01 -8.49748453E+01 -8.43013576E+01 -8.50027354E+01 -8.64464321E+01 -8.71677692E+01 -8.50710883E+01 -8.39140466E+01 -8.43649370E+01 -8.42813513E+01 -8.52260459E+01 -8.67654306E+01 -8.68250844E+01 -8.41290810E+01
 -8.66753737E+01 -8.58255578E+01 -8.53240438E+01 -8.61766904E+01 -8.62661870E+01 -8.59762496E+01 -8.64606113E+01 -8.63474839E+01 -8.55232654E+01 -8.57317768E+01 -8.58498243E+01 -8.55678771E+01 -8.56444030E+01 -8.63497334E+01 -8.61042548E+01 -8.51505421E+01 -8.57078037E+01 -8.56241214E+01 -8.51619071E+01 -8.56262640E+01 -8.62547403E+01 -8.58005460E+01 -8.47552341E+01 -8.61832995E+01 -8.50756206E+01 -8.55008870E+01 -8.54651557E+01 -8.64740075E+01 -8.56250999E+01 -8.48638927E+01 -8.60647998E+01 -8.55993948E+01 -8.54528133E+01 -8.62469929E+01 -8.62255513E+01 -8.48508586E+01 -8.52724404E+01 -8.60637670E+01 -8.51993225E+01 -8.55424668E+01 -8.67768306E+01 -8.60707424E+01 -8.52904643E+01 -8.58229355E+01 -8.55967077E+01 -8.51378493E+01 -8.57276713E+01 -8.67318046E+01 -8.57794410E+01 -8.56249692E+01 -8.57831229E+01 -8.49747071E+01 -8.52324714E+01 -8.62645608E+01 -8.65362392E+01 -8.55786080E+01 -8.60995904E+01 -8.56118874E+01 -8.50423518E+01 -8.57783644E+01 -8.67095245E+01 -8.59726464E+01 -8.56079194E+01 -8.61519168E+01 -8.54230070E+01 -8.53530903E+01 -8.62809481E+01 -8.65048627E+01 -8.56161578E+01 -8.61330833E+01 -8.56243255E+01 -8.51643252E+01 -8.57704763E+01 -8.65360920E+01 -8.60807995E+01 -8.52757151E+01 -8.63878032E+01 -8.51120527E+01 -8.47724926E+01 -8.61677527E+01 -8.69003951E+01 -8.58268027E+01 -8.58068986E+01 -8.54462015E+01 -8.47053476E+01 -8.46859158E+01 -8.64739430E+01 -8.66662761E+01 -8.55493679E+01 -8.59395130E+01 -8.49580284E+01 -8.45154877E+01 -8.56071350E+01 -8.66531427E+01 -8.61587187E+01 -8.55514107E+01 -8.60392770E+01 -8.51874414E+01 -8.44304424E+01 -8.62632805E+01 -8.70780445E+01 -8.61635616E+01 -8.57283178E+01 -8.58664022E+01 -8.51718821E+01 -8.50963246E+01 -8.63975818E+01 -8.70352471E+01 -8.53127410E+01 -8.58318229E+01 -8.59124386E+01 -8.46471891E+01 -8.56160196E+01 -8.65366270E+01 -8.66289878E+01 -8.51314021E+01 -8.63795944E+01 -8.56102193E+01 -8.49189415E+01 -8.60204384E+01 -8.69084829E+01 -8.60621758E+01 -8.57404917E+01 -8.61159248E+01 -8.53540956E+01 -8.60303688E+01 -8.60984562E+01 -8.69100762E+01 -8.54090911E+01 -8.63049272E+01 -8.59320005E+01 -8.49330076E+01 -8.58890569E+01 -8.65152479E+01 -8.66145580E+01 -8.52764461E+01 -8.63181647E+01 -8.57850336E+01 -8.48259940E+01 -8.60693648E+01 -8.65416883E+01 -8.62032553E+01 -8.54898369E+01 -8.64309047E+01 -8.54625883E+01 -8.55714399E+01 -8.60717383E+01 -8.66752870E+01 -8.55104639E+01 -8.62940154E+01 -8.64894483E+01 -8.55672423E+01 -8.59813282E+01 -8.61942448E+01 -8.64799787E+01 -8.54893311E+01 -8.65361803E+01 -8.66659446E+01 -8.58896503E+01 -8.59039416E+01 -8.65300292E+01 -8.57160903E+01 -8.54379882E+01 -8.63672612E+01 -8.63580442E+01 -8.57327798E+01 -8.56772687E+01 -8.68985570E+01 -8.56903212E+01 -8.58801701E+01 -8.65152362E+01 -8.59648796E+01 -8.58378169E+01 -8.62191594E+01 -8.68693430E+01 -8.54150412E+01 -8.62811625E+01 -8.63472311E+01 -8.58034716E+01 -8.59183600E+01 -8.69573723E+01 -8.65376157E+01 -8.57412616E+01 -8.63121972E+01 -8.62157110E+01 -8.57567829E+01 -8.63192483E+01 -8.70109903E+01 -8.57471049E+01 -8.59606111E+01 -8.62954570E+01 -8.56909688E+01 -8.61284443E+01 -8.65083654E+01 -8.63432643E+01 -8.52550274E+01 -8.60119923E+01 -8.61361607E+01 -8.59792978E+01 -8.61687364E+01
 -8.61675938E+01 -8.69620764E+01 -8.68309017E+01 -8.59201882E+01 -8.51364969E+01 -8.53409353E+01 -8.52608471E+01 -8.66086976E+01 -8.69832074E+01 -8.64605115E+01 -8.56376200E+01 -8.53936588E+01 -8.52074954E+01 -8.59193878E+01 -8.70375058E+01 -8.69323692E+01 -8.61903109E+01 -8.47883525E+01 -8.52907823E+01 -8.45837078E+01 -8.67261710E+01 -8.71753942E+01 -8.70801625E+01 -8.52496406E+01 -8.48279247E+01 -8.50000510E+01 -8.51076108E+01 -8.67699081E+01 -8.70022635E+01 -8.65159725E+01 -8.49051011E+01 -8.47856751E+01 -8.45989970E+01 -8.57921315E+01 -8.72151360E+01 -8.69970912E+01 -8.56200835E+01 -8.41371169E+01 -8.50691780E+01 -8.47725555E+01 -8.65368789E+01 -8.71195804E+01 -8.67958098E+01 -8.52799884E+01 -8.47432172E+01 -8.43616648E+01 -8.58316373E+01 -8.67503416E+01 -8.69394958E+01 -8.62578421E+01 -8.46911825E+01 -8.51260460E+01 -8.42056664E+01 -8.60869306E+01 -8.67057505E+01 -8.68525353E+01 -8.59862263E+01 -8.45796973E+01 -8.46038137E+01 -8.51798032E+01 -8.62821290E+01 -8.69117611E+01 -8.67680041E+01 -8.56481790E+01 -8.51086262E+01 -8.40256642E+01 -8.58814681E+01 -8.64316041E+01 -8.68598232E+01 -8.67812472E+01 -8.52049317E+01 -8.48102093E+01 -8.45703712E+01 -8.58013650E+01 -8.66728051E+01 -8.68609131E+01 -8.63771206E+01 -8.52829417E+01 -8.47715157E+01 -8.51211272E+01 -8.61660208E+01 -8.67958547E+01 -8.69990485E+01 -8.58049232E+01 -8.52582873E+01 -8.45775426E+01 -8.55512537E+01 -8.66100451E+01 -8.69411018E+01 -8.67999556E+01 -8.54834739E+01 -8.51155275E+01 -8.51466971E+01 -8.59172579E+01 -8.69437767E+01 -8.69893108E+01 -8.65070984E+01 -8.52667758E+01 -8.51378203E+01 -8.51298962E+01 -8.61881877E+01 -8.67638864E+01 -8.72040603E+01 -8.53250891E+01 -8.51353849E+01 -8.53798449E+01 -8.55636881E+01 -8.66964308E+01 -8.69621363E+01 -8.68710606E+01 -8.49306101E+01 -8.48962233E+01 -8.55037080E+01 -8.56215352E+01 -8.65779628E+01 -8.69065117E+01 -8.63644229E+01 -8.56179550E+01 -8.46961984E+01 -8.54564311E+01 -8.60811022E+01 -8.67296953E+01 -8.70406694E+01 -8.59253869E+01 -8.46569654E+01 -8.55862462E+01 -8.55831638E+01 -8.64375643E+01 -8.69105734E+01 -8.67235258E+01 -8.52791236E+01 -8.46196686E+01 -8.57523324E+01 -8.55822004E+01 -8.64715090E+01 -8.70420717E+01 -8.63158819E+01 -8.52317447E+01 -8.52734475E+01 -8.54317121E+01 -8.59127294E+01 -8.66312308E+01 -8.71301837E+01 -8.60189908E+01 -8.54199033E+01 -8.59551548E+01 -8.51848621E+01 -8.60957751E+01 -8.68698480E+01 -8.69113799E+01 -8.59495725E+01 -8.55627476E+01 -8.57392765E+01 -8.53432702E+01 -8.60331021E+01 -8.71687967E+01 -8.65763639E+01 -8.56946298E+01 -8.55591143E+01 -8.53790315E+01 -8.60043503E+01 -8.62422649E+01 -8.71479544E+01 -8.61913038E+01 -8.51307245E+01 -8.53608117E+01 -8.52296813E+01 -8.60359121E+01 -8.68223692E+01 -8.68237406E+01 -8.56379788E+01 -8.53040563E+01 -8.53669108E+01 -8.55823285E+01 -8.59282723E+01 -8.69386545E+01 -8.63862505E+01 -8.52208237E+01 -8.54036445E+01 -8.50066303E+01 -8.60923730E+01 -8.60797963E+01 -8.70879998E+01 -8.60658936E+01 -8.50265295E+01 -8.54087017E+01 -8.51701383E+01 -8.61177462E+01 -8.64974971E+01 -8.66830210E+01 -8.57896096E+01 -8.51929220E+01 -8.50126794E+01 -8.56447537E+01 -8.65194866E+01 -8.68858424E+01 -8.60359404E+01 -8.52265646E+01 -8.54432813E+01 -8.51282715E+01
 -8.49253886E+01 -8.62823512E+01 -8.44424509E+01 -8.54206614E+01 -8.61556967E+01 -8.69011009E+01 -8.54750226E+01 -8.59485466E+01 -8.57787242E+01 -8.41186292E+01 -8.55225899E+01 -8.68170589E+01 -8.66161003E+01 -8.51851344E+01 -8.63306240E+01 -8.48896613E+01 -8.43635497E+01 -8.57362802E+01 -8.68855281E+01 -8.59425620E+01 -8.52121563E+01 -8.58627980E+01 -8.46395107E+01 -8.48924548E+01 -8.59825183E+01 -8.67422305E+01 -8.49658132E+01 -8.56552074E+01 -8.52798680E+01 -8.47293873E+01 -8.55177258E+01 -8.67639742E+01 -8.64993693E+01 -8.48603430E+01 -8.60101744E+01 -8.52738802E+01 -8.49525091E+01 -8.56145075E+01 -8.68869102E+01 -8.59587478E+01 -8.52068700E+01 -8.56356305E+01 -8.44689220E+01 -8.52197304E+01 -8.62201099E+01 -8.67470297E+01 -8.51265545E+01 -8.59853409E+01 -8.49594156E+01 -8.46980581E+01 -8.55589761E+01 -8.66172504E+01 -8.61642382E+01 -8.54920063E+01 -8.60828496E+01 -8.44593147E+01 -8.47848784E+01 -8.59073647E+01 -8.63645401E+01 -8.56232537E+01 -8.58969768E+01 -8.54824555E+01 -8.40717063E+01 -8.55446020E+01 -8.61734837E+01 -8.63357748E+01 -8.53162881E+01 -8.60159079E+01 -8.50293263E+01 -8.43263901E+01 -8.58610197E+01 -8.66220424E+01 -8.61126312E+01 -8.54070231E+01 -8.58625587E+01 -8.48029616E+01 -8.50915481E+01 -8.65429061E+01 -8.68156628E+01 -8.58348268E+01 -8.57954462E+01 -8.54152257E+01 -8.48323967E+01 -8.56528685E+01 -8.67019746E+01 -8.63638409E+01 -8.55409871E+01 -8.61569413E+01 -8.47146466E+01 -8.45665665E+01 -8.63075686E+01 -8.68737708E+01 -8.60305817E+01 -8.58486328E+01 -8.56337773E+01 -8.44914562E+01 -8.50815088E+01 -8.65909449E+01 -8.68756162E+01 -8.57813849E+01 -8.59057124E+01 -8.50663136E+01 -8.45276690E+01 -8.57237449E+01 -8.65553948E+01 -8.66534317E+01 -8.56125315E+01 -8.60338734E+01 -8.46700324E+01 -8.47858609E+01 -8.58471158E+01 -8.66989093E+01 -8.61347876E+01 -8.57675383E+01 -8.60070482E+01 -8.45703944E+01 -8.53126930E+01 -8.62270891E+01 -8.66709220E+01 -8.59982970E+01 -8.61347964E+01 -8.56509525E+01 -8.47593046E+01 -8.58834518E+01 -8.61437978E+01 -8.65368054E+01 -8.59824498E+01 -8.61171374E+01 -8.54631970E+01 -8.49774005E+01 -8.55572132E+01 -8.61129034E+01 -8.63457564E+01 -8.55580419E+01 -8.60870665E+01 -8.51677419E+01 -8.46841065E+01 -8.55677198E+01 -8.62451828E+01 -8.66308407E+01 -8.62876041E+01 -8.59132273E+01 -8.47512892E+01 -8.45559373E+01 -8.57789548E+01 -8.70166761E+01 -8.65381131E+01 -8.63473629E+01 -8.57160731E+01 -8.43135157E+01 -8.51194852E+01 -8.63676389E+01 -8.68416504E+01 -8.64622669E+01 -8.63822384E+01 -8.46538946E+01 -8.45006539E+01 -8.53553720E+01 -8.68476227E+01 -8.65975294E+01 -8.65700407E+01 -8.58407380E+01 -8.46069818E+01 -8.47752197E+01 -8.60002075E+01 -8.69256131E+01 -8.65473050E+01 -8.64012962E+01 -8.54048589E+01 -8.42997399E+01 -8.49541635E+01 -8.65490517E+01 -8.65076418E+01 -8.60837338E+01 -8.63111199E+01 -8.50605801E+01 -8.41126219E+01 -8.53905310E+01 -8.69111297E+01 -8.61368218E+01 -8.57149094E+01 -8.60243503E+01 -8.48913599E+01 -8.50158109E+01 -8.60606477E+01 -8.67893162E+01 -8.60495239E+01 -8.56369911E+01 -8.57162947E+01 -8.47109944E+01 -8.51673082E+01 -8.68556238E+01 -8.65634504E+01 -8.52998399E+01 -8.58975856E+01 -8.52233872E+01 -8.48879897E+01 -8.56923392E+01 -8.70823505E+01 -8.59078804E+01
 -8.58947180E+01 -8.58239156E+01 -8.55994434E+01 -8.34788361E+01 -8.54667584E+01 -8.70488709E+01 -8.66031961E+01 -8.55724534E+01 -8.57682625E+01 -8.47634438E+01 -8.40822152E+01 -8.63392771E+01 -8.70049047E+01 -8.66516804E+01 -8.53044182E+01 -8.58145402E+01 -8.40754875E+01 -8.46296510E+01 -8.67937056E+01 -8.69705339E+01 -8.61780426E+01 -8.57900208E+01 -8.52753295E+01 -8.42853582E+01 -8.53876161E+01 -8.71183682E+01 -8.70637939E+01 -8.57796291E+01 -8.56363806E+01 -8.41677623E+01 -8.40558588E+01 -8.60374039E+01 -8.69639447E+01 -8.70214811E+01 -8.56306991E+01 -8.56803521E+01 -8.43092881E+01 -8.43858220E+01 -8.67362488E+01 -8.70300650E+01 -8.65353340E+01 -8.55119803E+01 -8.53961468E+01 -8.46209316E+01 -8.49016971E+01 -8.70072687E+01 -8.70424092E+01 -8.59224994E+01 -8.57780148E+01 -8.52000497E+01 -8.47462285E+01 -8.58408795E+01 -8.71295938E+01 -8.67925951E+01 -8.55065841E+01 -8.58853638E+01 -8.52912642E+01 -8.46768719E+01 -8.64872948E+01 -8.71021955E+01 -8.63812962E+01 -8.54218233E+01 -8.58358795E+01 -8.49440282E+01 -8.51282732E+01 -8.68161574E+01 -8.70859245E+01 -8.58052242E+01 -8.58069895E+01 -8.56345414E+01 -8.48162901E+01 -8.59567054E+01 -8.72272056E+01 -8.66847788E+01 -8.53129727E+01 -8.59922543E+01 -8.53443007E+01 -8.50767779E+01 -8.66268410E+01 -8.71636002E+01 -8.58200507E+01 -8.53297042E+01 -8.58807183E+01 -8.50269415E+01 -8.52933366E+01 -8.69046345E+01 -8.68048688E+01 -8.52389816E+01 -8.57870497E+01 -8.57769307E+01 -8.50068397E+01 -8.56193279E+01 -8.72225983E+01 -8.64598425E+01 -8.46476761E+01 -8.61079513E+01 -8.52328288E+01 -8.53847768E+01 -8.65879115E+01 -8.72578946E+01 -8.56676276E+01 -8.48337056E+01 -8.61553126E+01 -8.52443305E+01 -8.55426969E+01 -8.68778238E+01 -8.67679448E+01 -8.47282723E+01 -8.52101256E+01 -8.57952415E+01 -8.53514427E+01 -8.60642944E+01 -8.72177467E+01 -8.60760557E+01 -8.46044786E+01 -8.58790671E+01 -8.49041814E+01 -8.52999834E+01 -8.63299878E+01 -8.69936199E+01 -8.56926957E+01 -8.49267874E+01 -8.61371182E+01 -8.49753544E+01 -8.56271672E+01 -8.69716822E+01 -8.63846733E+01 -8.50866101E+01 -8.56245675E+01 -8.56313052E+01 -8.54528189E+01 -8.57620758E+01 -8.71246346E+01 -8.61362744E+01 -8.47745926E+01 -8.61025783E+01 -8.50397142E+01 -8.56195825E+01 -8.67240321E+01 -8.70330066E+01 -8.55811716E+01 -8.55318148E+01 -8.61112797E+01 -8.50376210E+01 -8.58551859E+01 -8.72653183E+01 -8.65964206E+01 -8.51661540E+01 -8.58593761E+01 -8.57615089E+01 -8.53075096E+01 -8.63036344E+01 -8.71023847E+01 -8.58510347E+01 -8.54476807E+01 -8.63287972E+01 -8.50739903E+01 -8.55353921E+01 -8.66443341E+01 -8.69852696E+01 -8.55390635E+01 -8.55848347E+01 -8.59614881E+01 -8.49350422E+01 -8.56338890E+01 -8.70813787E+01 -8.66486930E+01 -8.55026124E+01 -8.57736266E+01 -8.57312386E+01 -8.52268217E+01 -8.62943426E+01 -8.72140996E+01 -8.63696267E+01 -8.53219536E+01 -8.60930140E+01 -8.51897902E+01 -8.53198852E+01 -8.68482143E+01 -8.69240559E+01 -8.60105277E+01 -8.55231292E+01 -8.60712026E+01 -8.42628275E+01 -8.58667386E+01 -8.72647563E+01 -8.66029686E+01 -8.56444768E+01 -8.58902830E+01 -8.50772411E+01 -8.42284528E+01 -8.62337728E+01 -8.70271540E+01 -8.64654153E+01 -8.53809723E+01 -8.59305208E+01 -8.40913799E+01 -8.47329291E+01 -8.67662403E+01 -8.68621393E+01
 -8.51921024E+01 -8.49430551E+01 -8.44848968E+01 -8.57185308E+01 -8.66403891E+01 -8.70588799E+01 -8.61883329E+01 -8.50668321E+01 -8.47463886E+01 -8.40112854E+01 -8.60117519E+01 -8.70166212E+01 -8.67348379E+01 -8.55854189E+01 -8.41054814E+01 -8.38502144E+01 -8.46697557E+01 -8.65173660E+01 -8.72218925E+01 -8.66263924E+01 -8.54131282E+01 -8.46763021E+01 -8.37642736E+01 -8.53872229E+01 -8.68876564E+01 -8.70290370E+01 -8.61419916E+01 -8.49461094E+01 -8.44567142E+01 -8.41227947E+01 -8.61907276E+01 -8.70443821E+01 -8.67756376E+01 -8.59325229E+01 -8.44802126E+01 -8.37967815E+01 -8.51580419E+01 -8.66585974E+01 -8.69595800E+01 -8.65577397E+01 -8.54028161E+01 -8.47627321E+01 -8.40186095E+01 -8.56038137E+01 -8.66307684E+01 -8.69545291E+01 -8.63173172E+01 -8.48977895E+01 -8.50273210E+01 -8.45877952E+01 -8.63952487E+01 -8.68247394E+01 -8.67812646E+01 -8.59053581E+01 -8.48721403E+01 -8.44651762E+01 -8.49860776E+01 -8.64829357E+01 -8.70677331E+01 -8.66874942E+01 -8.55022444E+01 -8.52081309E+01 -8.35991318E+01 -8.59527316E+01 -8.67738736E+01 -8.69112391E+01 -8.62695096E+01 -8.54066569E+01 -8.46481771E+01 -8.41477448E+01 -8.65126016E+01 -8.71344115E+01 -8.65875467E+01 -8.59745596E+01 -8.52226865E+01 -8.44733913E+01 -8.55414769E+01 -8.68314768E+01 -8.72267569E+01 -8.66693479E+01 -8.52052356E+01 -8.45743147E+01 -8.39205933E+01 -8.59083931E+01 -8.69576036E+01 -8.72072281E+01 -8.59241604E+01 -8.45230345E+01 -8.45411406E+01 -8.45836525E+01 -8.65733002E+01 -8.71727842E+01 -8.68696376E+01 -8.54753941E+01 -8.42528273E+01 -8.45698318E+01 -8.58502381E+01 -8.67766205E+01 -8.72331520E+01 -8.64084852E+01 -8.52456484E+01 -8.42814160E+01 -8.47960002E+01 -8.63263513E+01 -8.68509312E+01 -8.72504911E+01 -8.57207383E+01 -8.48295912E+01 -8.49109562E+01 -8.53395063E+01 -8.66368702E+01 -8.70423814E+01 -8.70478660E+01 -8.58726312E+01 -8.43874781E+01 -8.44961383E+01 -8.62118869E+01 -8.68212584E+01 -8.70719330E+01 -8.66847548E+01 -8.53901264E+01 -8.41760942E+01 -8.45184289E+01 -8.63604938E+01 -8.68348528E+01 -8.73095158E+01 -8.62358821E+01 -8.40894844E+01 -8.37281119E+01 -8.50747199E+01 -8.65836606E+01 -8.71155632E+01 -8.69343220E+01 -8.56854318E+01 -8.36066197E+01 -8.43671409E+01 -8.60002037E+01 -8.68135796E+01 -8.71989707E+01 -8.66495451E+01 -8.46473962E+01 -8.37322230E+01 -8.47536156E+01 -8.61264696E+01 -8.71246711E+01 -8.72991986E+01 -8.61653827E+01 -8.44972351E+01 -8.45908004E+01 -8.51956813E+01 -8.64897863E+01 -8.71721403E+01 -8.71843722E+01 -8.57157998E+01 -8.36845966E+01 -8.45924279E+01 -8.55719746E+01 -8.68531733E+01 -8.72477767E+01 -8.66765891E+01 -8.45962092E+01 -8.38937306E+01 -8.49489932E+01 -8.59176383E+01 -8.69457064E+01 -8.71689839E+01 -8.59184890E+01 -8.38760969E+01 -8.46858964E+01 -8.44484405E+01 -8.62135552E+01 -8.72016723E+01 -8.67245770E+01 -8.55522142E+01 -8.35363030E+01 -8.41499744E+01 -8.51348583E+01 -8.65701276E+01 -8.73690481E+01 -8.62128989E+01 -8.43932901E+01 -8.44594332E+01 -8.42315880E+01 -8.55848415E+01 -8.67987003E+01 -8.71517399E+01 -8.59583808E+01 -8.42191357E+01 -8.46826728E+01 -8.50177023E+01 -8.61174052E+01 -8.72334392E+01 -8.69315430E+01 -8.55041096E+01 -8.44143697E+01 -8.47873099E+01 -8.52551135E+01 -8.62815684E+01 -8.71450231E+01 -8.65398032E+01
 -8.64931036E+01 -8.42516976E+01 -8.43238598E+01 -8.52136751E+01 -8.70603278E+01 -8.66918222E+01 -8.65607050E+01 -8.57893378E+01 -8.41779869E+01 -8.40168129E+01 -8.62278672E+01 -8.72605445E+01 -8.65665881E+01 -8.66905265E+01 -8.50936715E+01 -8.49619440E+01 -8.47772063E+01 -8.66883696E+01 -8.70100728E+01 -8.61682599E+01 -8.63222190E+01 -8.49864688E+01 -8.49010355E+01 -8.56536142E+01 -8.69629809E+01 -8.66188934E+01 -8.62319175E+01 -8.58427873E+01 -8.56070222E+01 -8.52272019E+01 -8.62553527E+01 -8.72740720E+01 -8.61549920E+01 -8.65791316E+01 -8.55411233E+01 -8.52719479E+01 -8.50481833E+01 -8.64686402E+01 -8.68771563E+01 -8.60332465E+01 -8.67018238E+01 -8.54240696E+01 -8.46699131E+01 -8.52754077E+01 -8.67097433E+01 -8.64218257E+01 -8.65385017E+01 -8.63955299E+01 -8.49949650E+01 -8.47437627E+01 -8.54986418E+01 -8.71083581E+01 -8.64751034E+01 -8.69787820E+01 -8.55300675E+01 -8.50462618E+01 -8.45032900E+01 -8.63555696E+01 -8.71081626E+01 -8.68384340E+01 -8.66447664E+01 -8.51800626E+01 -8.49977996E+01 -8.49405195E+01 -8.67801949E+01 -8.70905870E+01 -8.71514833E+01 -8.59694792E+01 -8.52680207E+01 -8.42519140E+01 -8.56186687E+01 -8.69926413E+01 -8.69173615E+01 -8.70975279E+01 -8.55941077E+01 -8.48244340E+01 -8.43337111E+01 -8.60653197E+01 -8.67627490E+01 -8.68414786E+01 -8.64625419E+01 -8.50152851E+01 -8.43629678E+01 -8.48092025E+01 -8.64842347E+01 -8.68104139E+01 -8.68506063E+01 -8.59979699E+01 -8.45963997E+01 -8.39558225E+01 -8.53726128E+01 -8.66942195E+01 -8.65786620E+01 -8.67109060E+01 -8.52085067E+01 -8.41337094E+01 -8.40952842E+01 -8.58993147E+01 -8.68658936E+01 -8.64770648E+01 -8.64395760E+01 -8.41010251E+01 -8.40685480E+01 -8.40843633E+01 -8.62443058E+01 -8.64981742E+01 -8.65957955E+01 -8.61162123E+01 -8.37514845E+01 -8.37077064E+01 -8.46835467E+01 -8.63531280E+01 -8.62074371E+01 -8.67871529E+01 -8.51848933E+01 -8.37408517E+01 -8.35172274E+01 -8.57796780E+01 -8.67090127E+01 -8.58581173E+01 -8.64897672E+01 -8.45702630E+01 -8.40668045E+01 -8.37693525E+01 -8.65472582E+01 -8.68342693E+01 -8.63855871E+01 -8.62905826E+01 -8.41106844E+01 -8.37989520E+01 -8.52105341E+01 -8.69553621E+01 -8.67631734E+01 -8.66903455E+01 -8.56488088E+01 -8.37916694E+01 -8.34533065E+01 -8.60712539E+01 -8.70956652E+01 -8.59931544E+01 -8.68944939E+01 -8.50349746E+01 -8.38704071E+01 -8.42443440E+01 -8.67056037E+01 -8.69496886E+01 -8.63764924E+01 -8.67181749E+01 -8.43833386E+01 -8.42723303E+01 -8.51524712E+01 -8.68077545E+01 -8.63301235E+01 -8.69371519E+01 -8.55570271E+01 -8.45484806E+01 -8.40482602E+01 -8.63001626E+01 -8.69760768E+01 -8.64298750E+01 -8.68827500E+01 -8.48631060E+01 -8.41978381E+01 -8.45449281E+01 -8.70202734E+01 -8.65833763E+01 -8.66944233E+01 -8.62757886E+01 -8.45622289E+01 -8.38033715E+01 -8.59328237E+01 -8.72206785E+01 -8.62405384E+01 -8.69873324E+01 -8.55581686E+01 -8.42231839E+01 -8.41590512E+01 -8.66263082E+01 -8.71277060E+01 -8.66834377E+01 -8.66579852E+01 -8.49685988E+01 -8.42897697E+01 -8.56911383E+01 -8.71644592E+01 -8.66833437E+01 -8.66670018E+01 -8.59211918E+01 -8.39461229E+01 -8.39216073E+01 -8.61434784E+01 -8.71763141E+01 -8.63757828E+01 -8.65114837E+01 -8.50317953E+01 -8.40533608E+01 -8.45890782E+01 -8.66747189E+01 -8.70385433E+01 -8.63989221E+01
 -8.46528734E+01 -8.50596324E+01 -8.62242762E+01 -8.74142123E+01 -8.71218286E+01 -8.69206300E+01 -8.47872141E+01 -8.46925566E+01 -8.56588014E+01 -8.68994981E+01 -8.74973618E+01 -8.69491935E+01 -8.61043982E+01 -8.49046537E+01 -8.43382285E+01 -8.60365793E+01 -8.71314770E+01 -8.73406947E+01 -8.70697497E+01 -8.54353985E+01 -8.47243797E+01 -8.50862474E+01 -8.60593070E+01 -8.72872799E+01 -8.70791347E+01 -8.66363304E+01 -8.52050269E+01 -8.44478874E+01 -8.53624123E+01 -8.68303006E+01 -8.73744773E+01 -8.71178239E+01 -8.58739048E+01 -8.51683814E+01 -8.44868613E+01 -8.61741733E+01 -8.70884957E+01 -8.74667576E+01 -8.68973266E+01 -8.51512956E+01 -8.44961504E+01 -8.44613839E+01 -8.68718358E+01 -8.74857210E+01 -8.73319868E+01 -8.64201723E+01 -8.47954325E+01 -8.40534584E+01 -8.52444456E+01 -8.71485886E+01 -8.74347784E+01 -8.70386134E+01 -8.56713648E+01 -8.48975386E+01 -8.43527475E+01 -8.57655500E+01 -8.71939917E+01 -8.75191726E+01 -8.66376567E+01 -8.54057953E+01 -8.51123721E+01 -8.41246504E+01 -8.60885160E+01 -8.70912322E+01 -8.72506297E+01 -8.63041208E+01 -8.51348544E+01 -8.43215706E+01 -8.44609304E+01 -8.61795301E+01 -8.73378309E+01 -8.69797695E+01 -8.59050989E+01 -8.49949276E+01 -8.39957103E+01 -8.52724526E+01 -8.66608571E+01 -8.74599075E+01 -8.64837301E+01 -8.57504516E+01 -8.40307022E+01 -8.42522815E+01 -8.60475089E+01 -8.72595605E+01 -8.72016501E+01 -8.60155789E+01 -8.49603270E+01 -8.43208120E+01 -8.51879543E+01 -8.66187465E+01 -8.74233626E+01 -8.68647972E+01 -8.57156822E+01 -8.41997807E+01 -8.35569234E+01 -8.56835581E+01 -8.71158927E+01 -8.74065771E+01 -8.64762163E+01 -8.49286639E+01 -8.37485767E+01 -8.42535922E+01 -8.59573684E+01 -8.74810979E+01 -8.73165747E+01 -8.59456222E+01 -8.44983646E+01 -8.42325739E+01 -8.43809041E+01 -8.65829852E+01 -8.75608205E+01 -8.71473093E+01 -8.56514477E+01 -8.39921615E+01 -8.38415351E+01 -8.47151906E+01 -8.69427620E+01 -8.74326102E+01 -8.66190293E+01 -8.51022187E+01 -8.40017876E+01 -8.41168566E+01 -8.57834949E+01 -8.74912887E+01 -8.74147411E+01 -8.65759499E+01 -8.45268671E+01 -8.43789136E+01 -8.44720746E+01 -8.63748736E+01 -8.74718222E+01 -8.71630209E+01 -8.58599853E+01 -8.41227899E+01 -8.40486091E+01 -8.46925453E+01 -8.70649754E+01 -8.75169692E+01 -8.69696342E+01 -8.54468512E+01 -8.39501156E+01 -8.42366671E+01 -8.55869977E+01 -8.74542961E+01 -8.74062014E+01 -8.66726546E+01 -8.47646422E+01 -8.41449514E+01 -8.48409009E+01 -8.64773923E+01 -8.74739366E+01 -8.72523791E+01 -8.60987633E+01 -8.43536964E+01 -8.47997931E+01 -8.49709373E+01 -8.70011191E+01 -8.74349027E+01 -8.70641465E+01 -8.47709693E+01 -8.44860153E+01 -8.49239214E+01 -8.60197657E+01 -8.73316199E+01 -8.73694690E+01 -8.68080090E+01 -8.44331282E+01 -8.51532567E+01 -8.51460971E+01 -8.64599842E+01 -8.74334582E+01 -8.72030485E+01 -8.59606418E+01 -8.44401488E+01 -8.48119323E+01 -8.52757225E+01 -8.72359900E+01 -8.75029458E+01 -8.70461233E+01 -8.55827003E+01 -8.47631759E+01 -8.51879742E+01 -8.59950372E+01 -8.73606966E+01 -8.72882700E+01 -8.65761353E+01 -8.48412773E+01 -8.50238808E+01 -8.51813578E+01 -8.66885223E+01 -8.74649054E+01 -8.69151345E+01 -8.64333314E+01 -8.49411997E+01 -8.54033110E+01 -8.54501132E+01 -8.73160015E+01 -8.73403061E+01 -8.66450466E+01 -8.57257765E+01
 -8.70841331E+01 -8.59707962E+01 -8.51241801E+01 -8.53286051E+01 -8.44721687E+01 -8.59959698E+01 -8.73447304E+01 -8.69463678E+01 -8.54521818E+01 -8.51334477E+01 -8.49901603E+01 -8.44121227E+01 -8.66012863E+01 -8.73736663E+01 -8.64930737E+01 -8.50206676E+01 -8.49398807E+01 -8.47420064E+01 -8.51148552E+01 -8.69175808E+01 -8.72958729E+01 -8.57235712E+01 -8.44329715E+01 -8.50541756E+01 -8.40590782E+01 -8.59740181E+01 -8.73100133E+01 -8.68810052E+01 -8.52860158E+01 -8.50100018E+01 -8.47541205E+01 -8.45332145E+01 -8.67863823E+01 -8.72668509E+01 -8.65669920E+01 -8.51461054E+01 -8.51017832E+01 -8.40769944E+01 -8.53370963E+01 -8.71427799E+01 -8.69373747E+01 -8.60217266E+01 -8.46398383E+01 -8.52064841E+01 -8.40033764E+01 -8.62637563E+01 -8.73009889E+01 -8.67624999E+01 -8.51777266E+01 -8.48884863E+01 -8.50673263E+01 -8.52189582E+01 -8.69348446E+01 -8.71672346E+01 -8.62885392E+01 -8.48219909E+01 -8.51289379E+01 -8.45796073E+01 -8.57887150E+01 -8.70763857E+01 -8.66753661E+01 -8.57380260E+01 -8.51058260E+01 -8.53351213E+01 -8.44865799E+01 -8.63263018E+01 -8.71888030E+01 -8.63796256E+01 -8.53198844E+01 -8.55411149E+01 -8.49958658E+01 -8.51424273E+01 -8.66838446E+01 -8.70930741E+01 -8.61662237E+01 -8.53251074E+01 -8.55925896E+01 -8.52010912E+01 -8.58164551E+01 -8.72296563E+01 -8.69371234E+01 -8.52136890E+01 -8.54319808E+01 -8.52081657E+01 -8.50191675E+01 -8.62515003E+01 -8.72852305E+01 -8.66789251E+01 -8.53280857E+01 -8.55324579E+01 -8.51787824E+01 -8.52180925E+01 -8.69031429E+01 -8.70376026E+01 -8.64126224E+01 -8.50312936E+01 -8.55863558E+01 -8.47888541E+01 -8.59327551E+01 -8.73538557E+01 -8.69118648E+01 -8.59429008E+01 -8.51655798E+01 -8.48933027E+01 -8.47499882E+01 -8.65698192E+01 -8.73263669E+01 -8.70123192E+01 -8.55113140E+01 -8.55968803E+01 -8.47868285E+01 -8.53998998E+01 -8.69950965E+01 -8.72671706E+01 -8.68454048E+01 -8.52336496E+01 -8.56413992E+01 -8.44927389E+01 -8.58662906E+01 -8.71873689E+01 -8.73414741E+01 -8.63799879E+01 -8.46142736E+01 -8.53546239E+01 -8.42278441E+01 -8.62070864E+01 -8.74510105E+01 -8.73172408E+01 -8.52322651E+01 -8.51349288E+01 -8.52450838E+01 -8.48333455E+01 -8.68973883E+01 -8.74367358E+01 -8.69972029E+01 -8.48168019E+01 -8.51851275E+01 -8.46596600E+01 -8.57383542E+01 -8.71426871E+01 -8.74214733E+01 -8.61863500E+01 -8.43903725E+01 -8.54653079E+01 -8.42319963E+01 -8.64706681E+01 -8.73137251E+01 -8.71936847E+01 -8.53993336E+01 -8.46682757E+01 -8.52485003E+01 -8.49823802E+01 -8.69422342E+01 -8.73814933E+01 -8.67559947E+01 -8.44500123E+01 -8.49067542E+01 -8.47941501E+01 -8.53073280E+01 -8.70790987E+01 -8.73875313E+01 -8.59880180E+01 -8.49773775E+01 -8.49479625E+01 -8.44165043E+01 -8.57929876E+01 -8.72632135E+01 -8.69758373E+01 -8.48526347E+01 -8.45526853E+01 -8.47493751E+01 -8.44584792E+01 -8.66093402E+01 -8.72280440E+01 -8.63154494E+01 -8.48865827E+01 -8.49402847E+01 -8.47176576E+01 -8.54170052E+01 -8.71686927E+01 -8.71281791E+01 -8.59407117E+01 -8.52243576E+01 -8.54844875E+01 -8.45582801E+01 -8.61978106E+01 -8.73891375E+01 -8.69636689E+01 -8.53989329E+01 -8.52998086E+01 -8.51497180E+01 -8.48720892E+01 -8.68179808E+01 -8.71607667E+01 -8.64324443E+01 -8.52729477E+01 -8.50585186E+01 -8.49969137E+01 -8.53529624E+01 -8.71671431E+01
 -8.44717451E+01 -8.41412804E+01 -8.49447813E+01 -8.61703784E+01 -8.66698800E+01 -8.72792592E+01 -8.55005407E+01 -8.44164555E+01 -8.39830539E+01 -8.53171042E+01 -8.62330030E+01 -8.69848665E+01 -8.69221560E+01 -8.50086219E+01 -8.45800038E+01 -8.47028993E+01 -8.57232075E+01 -8.60091076E+01 -8.70498632E+01 -8.64649687E+01 -8.52675348E+01 -8.45049839E+01 -8.49184544E+01 -8.59818722E+01 -8.66246432E+01 -8.72513174E+01 -8.59285393E+01 -8.53317271E+01 -8.42626231E+01 -8.54849240E+01 -8.63421289E+01 -8.69146580E+01 -8.69985946E+01 -8.52711972E+01 -8.45501629E+01 -8.45709799E+01 -8.61661589E+01 -8.63195531E+01 -8.72300684E+01 -8.66468043E+01 -8.50952550E+01 -8.50213800E+01 -8.48333089E+01 -8.63935592E+01 -8.66836461E+01 -8.73963483E+01 -8.57478888E+01 -8.54340368E+01 -8.49782332E+01 -8.53384017E+01 -8.65955012E+01 -8.72042489E+01 -8.70603051E+01 -8.48190112E+01 -8.52507686E+01 -8.48073346E+01 -8.58788031E+01 -8.68645493E+01 -8.73412316E+01 -8.63175983E+01 -8.47826595E+01 -8.49729136E+01 -8.48529656E+01 -8.63717167E+01 -8.68725775E+01 -8.73674861E+01 -8.53801144E+01 -8.50072324E+01 -8.48454493E+01 -8.47529839E+01 -8.64384582E+01 -8.69253777E+01 -8.70622127E+01 -8.48651746E+01 -8.53210662E+01 -8.45689807E+01 -8.51967892E+01 -8.63747821E+01 -8.71355902E+01 -8.63699504E+01 -8.47409477E+01 -8.47968160E+01 -8.45880781E+01 -8.58650691E+01 -8.68304966E+01 -8.72439077E+01 -8.54710124E+01 -8.48777826E+01 -8.47516175E+01 -8.50933675E+01 -8.64110940E+01 -8.70902433E+01 -8.71526378E+01 -8.51546138E+01 -8.47107954E+01 -8.50247961E+01 -8.59386975E+01 -8.67257259E+01 -8.71140813E+01 -8.67783417E+01 -8.52282439E+01 -8.47289515E+01 -8.49753459E+01 -8.63274803E+01 -8.70126258E+01 -8.72396129E+01 -8.57474843E+01 -8.50983305E+01 -8.50388718E+01 -8.55578546E+01 -8.65006938E+01 -8.71376686E+01 -8.72341153E+01 -8.51872961E+01 -8.46175106E+01 -8.50793174E+01 -8.62348704E+01 -8.63353652E+01 -8.72102166E+01 -8.65606583E+01 -8.47684635E+01 -8.43812064E+01 -8.52696847E+01 -8.65735635E+01 -8.64644778E+01 -8.72899413E+01 -8.60616541E+01 -8.43874891E+01 -8.45998049E+01 -8.62075219E+01 -8.64198409E+01 -8.69383086E+01 -8.71342307E+01 -8.56082051E+01 -8.39144840E+01 -8.45414643E+01 -8.63754973E+01 -8.62831419E+01 -8.72172081E+01 -8.67121317E+01 -8.53847643E+01 -8.38155210E+01 -8.50220282E+01 -8.62928561E+01 -8.65140108E+01 -8.71731309E+01 -8.63302603E+01 -8.42990683E+01 -8.38521415E+01 -8.57964360E+01 -8.64142345E+01 -8.68207814E+01 -8.70224376E+01 -8.56216230E+01 -8.38240985E+01 -8.40497809E+01 -8.59570864E+01 -8.67919744E+01 -8.69776925E+01 -8.65916572E+01 -8.48260992E+01 -8.34849554E+01 -8.46953822E+01 -8.64131097E+01 -8.69781335E+01 -8.71273903E+01 -8.62277440E+01 -8.38591918E+01 -8.35763359E+01 -8.53257439E+01 -8.67404719E+01 -8.69306279E+01 -8.71464077E+01 -8.52889623E+01 -8.36542680E+01 -8.37632600E+01 -8.59561617E+01 -8.70649361E+01 -8.71590715E+01 -8.67998189E+01 -8.44269102E+01 -8.34882186E+01 -8.44451808E+01 -8.63073092E+01 -8.70192102E+01 -8.72000133E+01 -8.62463727E+01 -8.39867809E+01 -8.43956641E+01 -8.54549353E+01 -8.63578631E+01 -8.71080952E+01 -8.70395207E+01 -8.53851970E+01 -8.40520273E+01 -8.45120922E+01 -8.61206344E+01 -8.65690309E+01 -8.73423000E+01 -8.66774676E+01
 -8.74093893E+01 -8.75568769E+01 -8.74132858E+01 -8.59675282E+01 -8.31304391E+01 -8.53557854E+01 -8.69215801E+01 -8.75048876E+01 -8.75446766E+01 -8.71235784E+01 -8.47437889E+01 -8.31084203E+01 -8.60501988E+01 -8.71736605E+01 -8.74949560E+01 -8.74631180E+01 -8.64598880E+01 -8.36552539E+01 -8.43013905E+01 -8.65661236E+01 -8.74177612E+01 -8.75029485E+01 -8.71109258E+01 -8.57006947E+01 -8.22053319E+01 -8.54047352E+01 -8.72504015E+01 -8.75108855E+01 -8.74942292E+01 -8.68797998E+01 -8.48328452E+01 -8.26338577E+01 -8.63768194E+01 -8.73890398E+01 -8.75410845E+01 -8.74041725E+01 -8.64106392E+01 -8.32426042E+01 -8.30083264E+01 -8.68011498E+01 -8.75768366E+01 -8.75354506E+01 -8.70955520E+01 -8.54865184E+01 -8.19524277E+01 -8.48111987E+01 -8.73542159E+01 -8.75581484E+01 -8.74927234E+01 -8.68016930E+01 -8.43616045E+01 -8.14495145E+01 -8.62629401E+01 -8.73796684E+01 -8.75171358E+01 -8.73541323E+01 -8.61297086E+01 -8.33999678E+01 -8.30770896E+01 -8.71081983E+01 -8.74688659E+01 -8.75266302E+01 -8.71420155E+01 -8.53707083E+01 -8.18089117E+01 -8.52831972E+01 -8.73954603E+01 -8.75580935E+01 -8.74398452E+01 -8.67189494E+01 -8.40943665E+01 -8.16713534E+01 -8.63172224E+01 -8.74182635E+01 -8.74999109E+01 -8.74297472E+01 -8.59571110E+01 -8.30723557E+01 -8.34767229E+01 -8.69329854E+01 -8.74961632E+01 -8.75001312E+01 -8.73308746E+01 -8.52260044E+01 -8.16805960E+01 -8.51411486E+01 -8.71278222E+01 -8.74725443E+01 -8.74801183E+01 -8.70175322E+01 -8.41160132E+01 -8.16164855E+01 -8.61873181E+01 -8.73275353E+01 -8.74992390E+01 -8.73984122E+01 -8.60656802E+01 -8.25764766E+01 -8.29686795E+01 -8.68591412E+01 -8.74060203E+01 -8.74947396E+01 -8.71601249E+01 -8.47415554E+01 -8.11047372E+01 -8.46712182E+01 -8.70931545E+01 -8.74775836E+01 -8.75175751E+01 -8.69186730E+01 -8.29904628E+01 -8.13247966E+01 -8.60583202E+01 -8.72861172E+01 -8.75491225E+01 -8.74576530E+01 -8.59356593E+01 -8.16197445E+01 -8.31811236E+01 -8.67893236E+01 -8.74399630E+01 -8.75034707E+01 -8.71370643E+01 -8.48081289E+01 -8.11482146E+01 -8.46399996E+01 -8.71186330E+01 -8.75182682E+01 -8.75224598E+01 -8.70300771E+01 -8.37201767E+01 -8.16446745E+01 -8.57452863E+01 -8.72142005E+01 -8.74833653E+01 -8.73759667E+01 -8.61751719E+01 -8.27054617E+01 -8.27799343E+01 -8.66433931E+01 -8.74082752E+01 -8.75219821E+01 -8.73573013E+01 -8.55032403E+01 -8.19195522E+01 -8.43416564E+01 -8.68119380E+01 -8.75046006E+01 -8.75340914E+01 -8.70888111E+01 -8.41794664E+01 -8.13730519E+01 -8.59940136E+01 -8.71624159E+01 -8.75283937E+01 -8.73331156E+01 -8.65003622E+01 -8.20975207E+01 -8.33849092E+01 -8.63339061E+01 -8.73414456E+01 -8.75060126E+01 -8.73131902E+01 -8.57775221E+01 -8.21904303E+01 -8.52554980E+01 -8.69934552E+01 -8.75088273E+01 -8.75021668E+01 -8.71388035E+01 -8.49421363E+01 -8.21955076E+01 -8.61119797E+01 -8.72072964E+01 -8.75882416E+01 -8.75529468E+01 -8.67481720E+01 -8.37584341E+01 -8.37710948E+01 -8.63992829E+01 -8.73435610E+01 -8.75499400E+01 -8.74131420E+01 -8.60966091E+01 -8.28963136E+01 -8.51008369E+01 -8.69041774E+01 -8.74723290E+01 -8.75439112E+01 -8.71806861E+01 -8.53357194E+01 -8.31377413E+01 -8.60635824E+01 -8.72220393E+01 -8.74917697E+01 -8.74316442E+01 -8.68633769E+01 -8.41200432E+01 -8.45154386E+01 -8.65095932E+01
 -8.63866858E+01 -8.46800343E+01 -8.47422387E+01 -8.57096860E+01 -8.52714352E+01 -8.61364677E+01 -8.67002173E+01 -8.60672173E+01 -8.53422580E+01 -8.49863095E+01 -8.61434069E+01 -8.55498138E+01 -8.63908171E+01 -8.68635987E+01 -8.56324281E+01 -8.54693329E+01 -8.53501592E+01 -8.58527775E+01 -8.58278741E+01 -8.64767709E+01 -8.61838232E+01 -8.51733149E+01 -8.44682910E+01 -8.56416995E+01 -8.60525594E+01 -8.61865399E+01 -8.67063084E+01 -8.57753477E+01 -8.49538422E+01 -8.50778396E+01 -8.54368098E+01 -8.64206306E+01 -8.65596870E+01 -8.67673536E+01 -8.56389306E+01 -8.51663133E+01 -8.51756218E+01 -8.58295812E+01 -8.61079012E+01 -8.67836868E+01 -8.64957919E+01 -8.52607022E+01 -8.48044584E+01 -8.53203237E+01 -8.60169703E+01 -8.65670452E+01 -8.69904053E+01 -8.59735724E+01 -8.49441763E+01 -8.52036777E+01 -8.54615642E+01 -8.58817841E+01 -8.65690946E+01 -8.67890780E+01 -8.57409228E+01 -8.49483147E+01 -8.49259575E+01 -8.57412241E+01 -8.60873580E+01 -8.67763003E+01 -8.65987142E+01 -8.52162575E+01 -8.53616260E+01 -8.51813694E+01 -8.59409648E+01 -8.62578279E+01 -8.69686339E+01 -8.62225832E+01 -8.52174666E+01 -8.52958151E+01 -8.56778680E+01 -8.56707848E+01 -8.65108421E+01 -8.69349914E+01 -8.54706179E+01 -8.52766612E+01 -8.54479576E+01 -8.59015790E+01 -8.60953501E+01 -8.65617550E+01 -8.66974813E+01 -8.50099248E+01 -8.51879252E+01 -8.52713268E+01 -8.55381982E+01 -8.61376128E+01 -8.68725097E+01 -8.63630818E+01 -8.50019362E+01 -8.51635956E+01 -8.56158688E+01 -8.57081955E+01 -8.59949641E+01 -8.68198415E+01 -8.55785462E+01 -8.49134555E+01 -8.49640976E+01 -8.57218948E+01 -8.55784853E+01 -8.65611932E+01 -8.65260852E+01 -8.51075712E+01 -8.46180839E+01 -8.53150751E+01 -8.56572942E+01 -8.57768706E+01 -8.67011953E+01 -8.63286805E+01 -8.49651727E+01 -8.48152082E+01 -8.56266224E+01 -8.55221865E+01 -8.63106929E+01 -8.67276137E+01 -8.59926992E+01 -8.47628478E+01 -8.47457955E+01 -8.56725847E+01 -8.55254951E+01 -8.67470531E+01 -8.64211972E+01 -8.55087545E+01 -8.39957353E+01 -8.55592379E+01 -8.55086725E+01 -8.62459014E+01 -8.67643031E+01 -8.62095282E+01 -8.46407385E+01 -8.48989608E+01 -8.56835508E+01 -8.51130931E+01 -8.65978451E+01 -8.67880535E+01 -8.59733173E+01 -8.39936767E+01 -8.56137095E+01 -8.50215742E+01 -8.54942729E+01 -8.67468753E+01 -8.67125163E+01 -8.53505577E+01 -8.43515034E+01 -8.54905906E+01 -8.46975780E+01 -8.59657085E+01 -8.69491679E+01 -8.65738224E+01 -8.43163201E+01 -8.46192596E+01 -8.48528030E+01 -8.51124492E+01 -8.67902572E+01 -8.71309482E+01 -8.60943585E+01 -8.38962726E+01 -8.50571613E+01 -8.43952607E+01 -8.58612368E+01 -8.69670572E+01 -8.68276882E+01 -8.54532998E+01 -8.43477103E+01 -8.51571053E+01 -8.48351849E+01 -8.61152491E+01 -8.70645761E+01 -8.64354592E+01 -8.48105813E+01 -8.47256586E+01 -8.47226491E+01 -8.55421483E+01 -8.64081328E+01 -8.67424369E+01 -8.58669626E+01 -8.44015765E+01 -8.50856834E+01 -8.47632269E+01 -8.58029061E+01 -8.68413468E+01 -8.65394076E+01 -8.51718659E+01 -8.42428848E+01 -8.45111283E+01 -8.53539025E+01 -8.61891860E+01 -8.67733457E+01 -8.58870258E+01 -8.48395205E+01 -8.45190488E+01 -8.49005746E+01 -8.54391200E+01 -8.63201684E+01 -8.68157949E+01 -8.46748629E+01 -8.45913747E+01 -8.47061225E+01 -8.55782303E+01 -8.57456826E+01 -8.65916820E+01
 -8.48080874E+01 -8.47529172E+01 -8.52928093E+01 -8.54429833E+01 -8.56850244E+01 -8.63295543E+01 -8.62537780E+01 -8.44615269E+01 -8.49135947E+01 -8.51787158E+01 -8.53426771E+01 -8.56018052E+01 -8.67352134E+01 -8.56484566E+01 -8.46796165E+01 -8.52152339E+01 -8.51099541E+01 -8.55352737E+01 -8.59343968E+01 -8.67700269E+01 -8.49251689E+01 -8.52600039E+01 -8.50705549E+01 -8.52699809E+01 -8.50037816E+01 -8.65051251E+01 -8.62008029E+01 -8.45422059E+01 -8.55716752E+01 -8.50592743E+01 -8.51229328E+01 -8.55374690E+01 -8.66542163E+01 -8.50294448E+01 -8.42181273E+01 -8.51505385E+01 -8.53678824E+01 -8.55571592E+01 -8.61633733E+01 -8.64812419E+01 -8.46763237E+01 -8.44815296E+01 -8.56656642E+01 -8.55249534E+01 -8.59494545E+01 -8.63323434E+01 -8.56728184E+01 -8.41713369E+01 -8.50854592E+01 -8.55034691E+01 -8.55263786E+01 -8.59142288E+01 -8.66147628E+01 -8.50432317E+01 -8.38010498E+01 -8.53126929E+01 -8.51273665E+01 -8.57463557E+01 -8.58505899E+01 -8.61784486E+01 -8.42827336E+01 -8.48211875E+01 -8.53465857E+01 -8.55598469E+01 -8.57747759E+01 -8.62278319E+01 -8.59678803E+01 -8.43181524E+01 -8.51879783E+01 -8.56586426E+01 -8.55871872E+01 -8.59304305E+01 -8.64876963E+01 -8.56032552E+01 -8.46948326E+01 -8.50806831E+01 -8.57104140E+01 -8.57929649E+01 -8.59404716E+01 -8.65132143E+01 -8.51626715E+01 -8.53629367E+01 -8.55638118E+01 -8.61138239E+01 -8.58777426E+01 -8.63391545E+01 -8.59099121E+01 -8.51076517E+01 -8.51335096E+01 -8.57369808E+01 -8.58278876E+01 -8.60614725E+01 -8.64910411E+01 -8.49916163E+01 -8.48874508E+01 -8.54153957E+01 -8.60374883E+01 -8.57295181E+01 -8.61302802E+01 -8.64459521E+01 -8.43728901E+01 -8.47916993E+01 -8.57583650E+01 -8.59090034E+01 -8.58635985E+01 -8.64800567E+01 -8.59303386E+01 -8.42176755E+01 -8.54035067E+01 -8.58332488E+01 -8.60645736E+01 -8.59043906E+01 -8.61911218E+01 -8.49758960E+01 -8.45013917E+01 -8.58838150E+01 -8.56795118E+01 -8.60615075E+01 -8.61116184E+01 -8.64514962E+01 -8.49759633E+01 -8.50249826E+01 -8.61605839E+01 -8.60178240E+01 -8.55769121E+01 -8.62537702E+01 -8.60342493E+01 -8.48274901E+01 -8.57282231E+01 -8.63482711E+01 -8.62886525E+01 -8.60076643E+01 -8.64042319E+01 -8.48528640E+01 -8.42707030E+01 -8.60404457E+01 -8.64196100E+01 -8.61882329E+01 -8.62026993E+01 -8.61907294E+01 -8.43472845E+01 -8.51204824E+01 -8.62701461E+01 -8.62490027E+01 -8.56076698E+01 -8.63005082E+01 -8.55734577E+01 -8.41353501E+01 -8.54409748E+01 -8.64681207E+01 -8.61718577E+01 -8.55466342E+01 -8.65709051E+01 -8.51449566E+01 -8.46265731E+01 -8.58322433E+01 -8.62457640E+01 -8.57140530E+01 -8.61898747E+01 -8.62168812E+01 -8.45809096E+01 -8.50375180E+01 -8.63270623E+01 -8.60757262E+01 -8.60235349E+01 -8.66056404E+01 -8.61138212E+01 -8.42211208E+01 -8.55708769E+01 -8.61646434E+01 -8.59884124E+01 -8.58078897E+01 -8.67309862E+01 -8.56243054E+01 -8.49465396E+01 -8.55606588E+01 -8.59681822E+01 -8.60750892E+01 -8.64209594E+01 -8.65423581E+01 -8.52902515E+01 -8.50911176E+01 -8.60104830E+01 -8.58066661E+01 -8.60909011E+01 -8.67206293E+01 -8.65834589E+01 -8.49665370E+01 -8.54131939E+01 -8.61426498E+01 -8.56771499E+01 -8.56367256E+01 -8.66862782E+01 -8.58553932E+01 -8.47444493E+01 -8.53796470E+01 -8.58001529E+01 -8.51842234E+01 -8.59938334E+01 -8.63852167E+01
 -8.59063150E+01 -8.63722806E+01 -8.62117896E+01 -8.54353946E+01 -8.53505147E+01 -8.54147036E+01 -8.60373344E+01 -8.57096910E+01 -8.63795207E+01 -8.61356316E+01 -8.52397280E+01 -8.54822472E+01 -8.55153230E+01 -8.61835484E+01 -8.60638386E+01 -8.66494860E+01 -8.58874966E+01 -8.49150213E+01 -8.54007809E+01 -8.57616704E+01 -8.58899173E+01 -8.59916348E+01 -8.67524788E+01 -8.54634667E+01 -8.54173832E+01 -8.59623357E+01 -8.60711551E+01 -8.57885877E+01 -8.65086433E+01 -8.63423263E+01 -8.53145838E+01 -8.55177802E+01 -8.60349414E+01 -8.61032281E+01 -8.61033152E+01 -8.67097498E+01 -8.57805594E+01 -8.49602398E+01 -8.58633137E+01 -8.60483435E+01 -8.59818634E+01 -8.63928054E+01 -8.69431045E+01 -8.50879826E+01 -8.53921504E+01 -8.62142482E+01 -8.59376443E+01 -8.59751346E+01 -8.66273676E+01 -8.67348051E+01 -8.50458194E+01 -8.56906762E+01 -8.60152483E+01 -8.59958742E+01 -8.60382316E+01 -8.67929613E+01 -8.61620336E+01 -8.51462535E+01 -8.60364752E+01 -8.60089266E+01 -8.61603957E+01 -8.63883677E+01 -8.68705330E+01 -8.57962199E+01 -8.56879856E+01 -8.59380997E+01 -8.62231120E+01 -8.61360962E+01 -8.66482487E+01 -8.66448182E+01 -8.53796476E+01 -8.58944937E+01 -8.56706648E+01 -8.64663531E+01 -8.67194998E+01 -8.65217847E+01 -8.64110839E+01 -8.56810248E+01 -8.57164871E+01 -8.59742959E+01 -8.64187771E+01 -8.67412691E+01 -8.67800702E+01 -8.57613386E+01 -8.60416298E+01 -8.49823411E+01 -8.62407709E+01 -8.62254643E+01 -8.66538430E+01 -8.68469401E+01 -8.59226379E+01 -8.56327697E+01 -8.56248046E+01 -8.61254305E+01 -8.64998813E+01 -8.66981597E+01 -8.63665457E+01 -8.57546184E+01 -8.54467075E+01 -8.63174430E+01 -8.64328830E+01 -8.61916607E+01 -8.67797046E+01 -8.57813665E+01 -8.53685589E+01 -8.56929593E+01 -8.62635815E+01 -8.66171752E+01 -8.64794028E+01 -8.67186103E+01 -8.53228092E+01 -8.49473712E+01 -8.60383426E+01 -8.62403193E+01 -8.66731449E+01 -8.66968904E+01 -8.63079643E+01 -8.50997502E+01 -8.52652451E+01 -8.63754617E+01 -8.61683411E+01 -8.67836453E+01 -8.68938517E+01 -8.55227777E+01 -8.47834535E+01 -8.56736858E+01 -8.61509410E+01 -8.60348146E+01 -8.66466521E+01 -8.68619290E+01 -8.54842189E+01 -8.49543785E+01 -8.60503956E+01 -8.62386926E+01 -8.65156607E+01 -8.66555012E+01 -8.63720621E+01 -8.51073708E+01 -8.55389570E+01 -8.60491990E+01 -8.60601532E+01 -8.66454857E+01 -8.65006519E+01 -8.58953649E+01 -8.50891977E+01 -8.59451018E+01 -8.57227497E+01 -8.61022986E+01 -8.64384556E+01 -8.63607935E+01 -8.55320149E+01 -8.55038257E+01 -8.56273860E+01 -8.56543075E+01 -8.62661538E+01 -8.62521471E+01 -8.61540279E+01 -8.51875023E+01 -8.54993407E+01 -8.54612714E+01 -8.59299260E+01 -8.62162329E+01 -8.66834413E+01 -8.55866636E+01 -8.51086202E+01 -8.49181881E+01 -8.55623297E+01 -8.59479608E+01 -8.62350523E+01 -8.64876638E+01 -8.50921399E+01 -8.53692689E+01 -8.49810639E+01 -8.59807541E+01 -8.61343598E+01 -8.64888005E+01 -8.58377939E+01 -8.53147635E+01 -8.52566611E+01 -8.55857512E+01 -8.60318195E+01 -8.60640377E+01 -8.60383623E+01 -8.58651564E+01 -8.52869762E+01 -8.56947986E+01 -8.59763496E+01 -8.59481417E+01 -8.63371364E+01 -8.59108500E+01 -8.52352185E+01 -8.54557011E+01 -8.58473882E+01 -8.59728294E+01 -8.61001220E+01 -8.63660024E+01 -8.58128493E+01 -8.53235245E+01 -8.52922589E+01 -8.56118711E+01
 -8.73770511E+01 -8.72808530E+01 -8.49474580E+01 -8.22540647E+01 -8.41362200E+01 -8.63483710E+01 -8.69895918E+01 -8.74603033E+01 -8.69992174E+01 -8.36504997E+01 -8.36735115E+01 -8.48110600E+01 -8.64445757E+01 -8.73388122E+01 -8.74891460E+01 -8.62056837E+01 -8.21555259E+01 -8.42302861E+01 -8.54032976E+01 -8.66821251E+01 -8.74417825E+01 -8.73645689E+01 -8.47917352E+01 -8.22943845E+01 -8.40757021E+01 -8.56444927E+01 -8.69180881E+01 -8.74590013E+01 -8.70301401E+01 -8.28149200E+01 -8.36532663E+01 -8.50255288E+01 -8.57148650E+01 -8.72820559E+01 -8.74689992E+01 -8.63987893E+01 -8.21711588E+01 -8.44011365E+01 -8.54096925E+01 -8.64143031E+01 -8.74552125E+01 -8.74694528E+01 -8.49819589E+01 -8.29282094E+01 -8.49182088E+01 -8.59504021E+01 -8.69470939E+01 -8.74961344E+01 -8.71467773E+01 -8.31418274E+01 -8.38957214E+01 -8.55559125E+01 -8.60834146E+01 -8.72338721E+01 -8.74935212E+01 -8.65189783E+01 -8.20875534E+01 -8.45144633E+01 -8.56072617E+01 -8.64922183E+01 -8.73779918E+01 -8.74406393E+01 -8.53652497E+01 -8.29003402E+01 -8.51727111E+01 -8.57450713E+01 -8.68676629E+01 -8.75029866E+01 -8.71934976E+01 -8.39959799E+01 -8.35379039E+01 -8.54452669E+01 -8.58750105E+01 -8.72836234E+01 -8.75355736E+01 -8.68151665E+01 -8.30843489E+01 -8.46390663E+01 -8.58427519E+01 -8.66417861E+01 -8.74596551E+01 -8.74073643E+01 -8.56039821E+01 -8.25346276E+01 -8.52604427E+01 -8.59222969E+01 -8.71253705E+01 -8.74607632E+01 -8.72308832E+01 -8.39719665E+01 -8.37921718E+01 -8.55265110E+01 -8.61306057E+01 -8.71573765E+01 -8.74072383E+01 -8.66519393E+01 -8.35666009E+01 -8.40906098E+01 -8.57164644E+01 -8.66133009E+01 -8.74034556E+01 -8.74542862E+01 -8.54787162E+01 -8.33591930E+01 -8.47647217E+01 -8.49903899E+01 -8.69868266E+01 -8.75012643E+01 -8.73238052E+01 -8.40898045E+01 -8.37837669E+01 -8.46289838E+01 -8.61953560E+01 -8.72380357E+01 -8.74744753E+01 -8.64617629E+01 -8.33719104E+01 -8.43936709E+01 -8.47285591E+01 -8.63540421E+01 -8.73979549E+01 -8.73886240E+01 -8.52225998E+01 -8.32625951E+01 -8.41993721E+01 -8.50312491E+01 -8.70036561E+01 -8.74360027E+01 -8.70399708E+01 -8.35225140E+01 -8.34529896E+01 -8.44467659E+01 -8.56840646E+01 -8.73182062E+01 -8.74676075E+01 -8.59411511E+01 -8.24601167E+01 -8.41150630E+01 -8.50899622E+01 -8.65652406E+01 -8.74869398E+01 -8.73798515E+01 -8.48558414E+01 -8.24879538E+01 -8.39485527E+01 -8.52010931E+01 -8.71905828E+01 -8.75193852E+01 -8.69271780E+01 -8.35386116E+01 -8.31891060E+01 -8.45798093E+01 -8.60834666E+01 -8.73649127E+01 -8.75201627E+01 -8.57362279E+01 -8.25035323E+01 -8.32339967E+01 -8.50808323E+01 -8.65560558E+01 -8.74534437E+01 -8.72273963E+01 -8.46019383E+01 -8.20470351E+01 -8.39549399E+01 -8.53823745E+01 -8.73355569E+01 -8.75395997E+01 -8.69288747E+01 -8.30066137E+01 -8.25821476E+01 -8.45394194E+01 -8.60521213E+01 -8.74272217E+01 -8.74677040E+01 -8.62577884E+01 -8.19146594E+01 -8.33823622E+01 -8.48470926E+01 -8.66208952E+01 -8.75244685E+01 -8.74416786E+01 -8.45848564E+01 -8.27658569E+01 -8.33274395E+01 -8.56506514E+01 -8.70017023E+01 -8.74719574E+01 -8.69566901E+01 -8.33639979E+01 -8.35717545E+01 -8.39388715E+01 -8.63915488E+01 -8.73930460E+01 -8.74808182E+01 -8.62473738E+01 -8.27973266E+01 -8.33173149E+01 -8.53069897E+01 -8.68036687E+01
 -8.54820157E+01 -8.64734149E+01 -8.64247006E+01 -8.57178144E+01 -8.59122023E+01 -8.54227242E+01 -8.49621833E+01 -8.62010463E+01 -8.65989788E+01 -8.61798397E+01 -8.55893193E+01 -8.56737646E+01 -8.48108520E+01 -8.50200851E+01 -8.64694073E+01 -8.64764262E+01 -8.53717563E+01 -8.58164167E+01 -8.53537427E+01 -8.41867943E+01 -8.57631437E+01 -8.64838794E+01 -8.61859398E+01 -8.50209495E+01 -8.56451457E+01 -8.50054245E+01 -8.45042083E+01 -8.58938863E+01 -8.64245097E+01 -8.56177679E+01 -8.58837308E+01 -8.53895740E+01 -8.45704315E+01 -8.51256039E+01 -8.61309474E+01 -8.63581454E+01 -8.55603776E+01 -8.56293796E+01 -8.51598520E+01 -8.44284478E+01 -8.59391971E+01 -8.60057128E+01 -8.61299144E+01 -8.60897033E+01 -8.55259911E+01 -8.43005213E+01 -8.51000538E+01 -8.62194913E+01 -8.59498042E+01 -8.56283141E+01 -8.57225580E+01 -8.55121041E+01 -8.45021469E+01 -8.56328046E+01 -8.59360164E+01 -8.64874414E+01 -8.58646894E+01 -8.60703086E+01 -8.50380830E+01 -8.50447863E+01 -8.60163210E+01 -8.61679945E+01 -8.62988346E+01 -8.59121508E+01 -8.59599309E+01 -8.52591672E+01 -8.53394916E+01 -8.61347347E+01 -8.61606664E+01 -8.62714260E+01 -8.58563744E+01 -8.57639436E+01 -8.54132989E+01 -8.57013503E+01 -8.59861268E+01 -8.64552388E+01 -8.61397615E+01 -8.57076021E+01 -8.56046814E+01 -8.49590034E+01 -8.60013968E+01 -8.58615545E+01 -8.66499484E+01 -8.55703932E+01 -8.53032747E+01 -8.60234485E+01 -8.54615220E+01 -8.59510896E+01 -8.65755744E+01 -8.64248541E+01 -8.58295258E+01 -8.56582925E+01 -8.57201259E+01 -8.59173409E+01 -8.55123852E+01 -8.66702413E+01 -8.62675117E+01 -8.62303755E+01 -8.60008816E+01 -8.57872576E+01 -8.60456365E+01 -8.62942889E+01 -8.63492117E+01 -8.58081872E+01 -8.61580559E+01 -8.60778617E+01 -8.60356564E+01 -8.57996899E+01 -8.64662266E+01 -8.60577145E+01 -8.59986512E+01 -8.62204768E+01 -8.60355297E+01 -8.58428657E+01 -8.57118823E+01 -8.63642048E+01 -8.58579578E+01 -8.58391956E+01 -8.61398260E+01 -8.53440385E+01 -8.58817731E+01 -8.58525824E+01 -8.61405474E+01 -8.55534834E+01 -8.58733311E+01 -8.64435087E+01 -8.55544750E+01 -8.58669784E+01 -8.62579245E+01 -8.59377509E+01 -8.57160401E+01 -8.64287890E+01 -8.59283878E+01 -8.56096950E+01 -8.56436130E+01 -8.65230235E+01 -8.55396483E+01 -8.59836672E+01 -8.66301631E+01 -8.55490442E+01 -8.58400040E+01 -8.62325001E+01 -8.61168947E+01 -8.54625832E+01 -8.66287109E+01 -8.62759148E+01 -8.57701399E+01 -8.59923395E+01 -8.66161216E+01 -8.60602088E+01 -8.56080654E+01 -8.66574406E+01 -8.56230241E+01 -8.59014192E+01 -8.62008998E+01 -8.68295140E+01 -8.56444792E+01 -8.60438006E+01 -8.62072770E+01 -8.53704379E+01 -8.59596037E+01 -8.64103484E+01 -8.63943558E+01 -8.53634261E+01 -8.64266117E+01 -8.58839964E+01 -8.52033624E+01 -8.59164690E+01 -8.65492445E+01 -8.60873914E+01 -8.57797909E+01 -8.61031770E+01 -8.50744682E+01 -8.49956312E+01 -8.63070329E+01 -8.65788737E+01 -8.59041282E+01 -8.62058391E+01 -8.58737282E+01 -8.45858226E+01 -8.54135640E+01 -8.61750429E+01 -8.66143867E+01 -8.57958808E+01 -8.62087677E+01 -8.56173974E+01 -8.49744760E+01 -8.59768281E+01 -8.63265292E+01 -8.62591270E+01 -8.59595293E+01 -8.57743828E+01 -8.48470229E+01 -8.53453195E+01 -8.61160913E+01 -8.64555015E+01 -8.60388420E+01 -8.58935471E+01 -8.57479470E+01 -8.45871158E+01
 -8.36955872E+01 -8.47583517E+01 -8.67382523E+01 -8.72156675E+01 -8.68647334E+01 -8.64107078E+01 -8.49208973E+01 -8.35080612E+01 -8.56159719E+01 -8.72056821E+01 -8.69941352E+01 -8.67708623E+01 -8.60996884E+01 -8.41434595E+01 -8.43190723E+01 -8.61508483E+01 -8.72828678E+01 -8.70517217E+01 -8.63817273E+01 -8.55167378E+01 -8.39183951E+01 -8.44456699E+01 -8.70058557E+01 -8.71218188E+01 -8.67970367E+01 -8.63992906E+01 -8.46315389E+01 -8.42501822E+01 -8.53230566E+01 -8.73544525E+01 -8.69977541E+01 -8.64396582E+01 -8.60670558E+01 -8.45377388E+01 -8.41124526E+01 -8.61023777E+01 -8.73529203E+01 -8.68374226E+01 -8.63248279E+01 -8.55592998E+01 -8.43013220E+01 -8.44900310E+01 -8.67561301E+01 -8.72577547E+01 -8.68226811E+01 -8.63318783E+01 -8.49945595E+01 -8.35372169E+01 -8.51789751E+01 -8.71971657E+01 -8.70262798E+01 -8.66175765E+01 -8.61161819E+01 -8.44575625E+01 -8.31829634E+01 -8.61616758E+01 -8.71342799E+01 -8.68963221E+01 -8.63363853E+01 -8.58301516E+01 -8.33024484E+01 -8.41332818E+01 -8.67564030E+01 -8.69800802E+01 -8.69390164E+01 -8.62921899E+01 -8.52555939E+01 -8.24857430E+01 -8.48398538E+01 -8.68503358E+01 -8.66793905E+01 -8.65393199E+01 -8.64923818E+01 -8.44214643E+01 -8.27491689E+01 -8.59698168E+01 -8.68017941E+01 -8.65542356E+01 -8.64355637E+01 -8.64719385E+01 -8.33296084E+01 -8.40118573E+01 -8.65507036E+01 -8.65686678E+01 -8.64426124E+01 -8.66941455E+01 -8.52276973E+01 -8.26325106E+01 -8.55938916E+01 -8.67855075E+01 -8.66724020E+01 -8.65949364E+01 -8.63395635E+01 -8.40870415E+01 -8.37229670E+01 -8.62774138E+01 -8.69116374E+01 -8.69472860E+01 -8.65093443E+01 -8.54717770E+01 -8.33576387E+01 -8.48838965E+01 -8.67096008E+01 -8.69337236E+01 -8.67006518E+01 -8.61386730E+01 -8.48235423E+01 -8.35154673E+01 -8.56683703E+01 -8.70729052E+01 -8.71436448E+01 -8.67993385E+01 -8.61117574E+01 -8.41544578E+01 -8.46344920E+01 -8.66033546E+01 -8.70308175E+01 -8.68931629E+01 -8.63350812E+01 -8.57600529E+01 -8.35121361E+01 -8.55098519E+01 -8.70053217E+01 -8.70881147E+01 -8.68431860E+01 -8.62737557E+01 -8.49407038E+01 -8.40559421E+01 -8.62711873E+01 -8.72376510E+01 -8.71485004E+01 -8.68275824E+01 -8.62263600E+01 -8.38626187E+01 -8.49918778E+01 -8.68583738E+01 -8.70972604E+01 -8.69112211E+01 -8.65874684E+01 -8.55769194E+01 -8.40357116E+01 -8.56359248E+01 -8.71501324E+01 -8.71769474E+01 -8.67031025E+01 -8.66693268E+01 -8.45103129E+01 -8.43720903E+01 -8.59814927E+01 -8.72069190E+01 -8.69881227E+01 -8.67288767E+01 -8.61923270E+01 -8.37095354E+01 -8.42399602E+01 -8.63745424E+01 -8.72002715E+01 -8.68906419E+01 -8.67557492E+01 -8.53495744E+01 -8.34311753E+01 -8.45330692E+01 -8.68496599E+01 -8.71830662E+01 -8.69232537E+01 -8.67014305E+01 -8.45354174E+01 -8.38606605E+01 -8.56134012E+01 -8.71575642E+01 -8.70129552E+01 -8.68007989E+01 -8.61677783E+01 -8.36034570E+01 -8.38315730E+01 -8.64455579E+01 -8.71075701E+01 -8.69588688E+01 -8.67143222E+01 -8.56590166E+01 -8.33080592E+01 -8.47006045E+01 -8.67441758E+01 -8.71315680E+01 -8.68486793E+01 -8.63414984E+01 -8.46465805E+01 -8.30126339E+01 -8.57005898E+01 -8.71100795E+01 -8.70512166E+01 -8.66061687E+01 -8.60126983E+01 -8.39668353E+01 -8.39618639E+01 -8.62913903E+01 -8.71572131E+01 -8.69288478E+01 -8.64332242E+01 -8.52420388E+01
 -8.59386889E+01 -8.67647371E+01 -8.63658619E+01 -8.65799433E+01 -8.53413018E+01 -8.36214720E+01 -8.53338544E+01 -8.59422516E+01 -8.66175522E+01 -8.64335259E+01 -8.64150357E+01 -8.48636353E+01 -8.40313329E+01 -8.54740760E+01 -8.66225407E+01 -8.65188457E+01 -8.64742263E+01 -8.60944505E+01 -8.39393314E+01 -8.50973534E+01 -8.56113568E+01 -8.68564282E+01 -8.63445491E+01 -8.67708109E+01 -8.52717977E+01 -8.44762368E+01 -8.56862004E+01 -8.57380423E+01 -8.67428394E+01 -8.67973826E+01 -8.66067565E+01 -8.44642164E+01 -8.41639773E+01 -8.53409527E+01 -8.61600969E+01 -8.68864254E+01 -8.69340616E+01 -8.58848438E+01 -8.35906116E+01 -8.50819229E+01 -8.55223118E+01 -8.65421904E+01 -8.67184272E+01 -8.67088236E+01 -8.47062107E+01 -8.34711285E+01 -8.53280893E+01 -8.60263674E+01 -8.67946778E+01 -8.67155771E+01 -8.63667051E+01 -8.36675893E+01 -8.37214847E+01 -8.54559659E+01 -8.62352504E+01 -8.67736533E+01 -8.66131343E+01 -8.55471267E+01 -8.29310298E+01 -8.42692372E+01 -8.58478572E+01 -8.66477851E+01 -8.66622399E+01 -8.65703582E+01 -8.48648497E+01 -8.29954211E+01 -8.53419868E+01 -8.62922474E+01 -8.66467653E+01 -8.64265146E+01 -8.65001184E+01 -8.45501315E+01 -8.39619636E+01 -8.56995431E+01 -8.61737684E+01 -8.64532044E+01 -8.62389023E+01 -8.59200400E+01 -8.39220297E+01 -8.48118476E+01 -8.56871334E+01 -8.61938979E+01 -8.62792158E+01 -8.63492478E+01 -8.48522128E+01 -8.37348276E+01 -8.51349941E+01 -8.56855615E+01 -8.60867133E+01 -8.65341117E+01 -8.62396137E+01 -8.41181604E+01 -8.42193017E+01 -8.50834158E+01 -8.59860609E+01 -8.64632546E+01 -8.64492821E+01 -8.53744470E+01 -8.41024590E+01 -8.46782431E+01 -8.55558422E+01 -8.60867585E+01 -8.64657497E+01 -8.62607101E+01 -8.47168406E+01 -8.39064703E+01 -8.53337790E+01 -8.57858597E+01 -8.65905550E+01 -8.66886419E+01 -8.59517900E+01 -8.41150060E+01 -8.43580457E+01 -8.58946962E+01 -8.61615277E+01 -8.70139028E+01 -8.64110433E+01 -8.56652314E+01 -8.45726911E+01 -8.49080077E+01 -8.60895711E+01 -8.67662648E+01 -8.65259304E+01 -8.64375096E+01 -8.45925704E+01 -8.40103566E+01 -8.56035164E+01 -8.59012359E+01 -8.69152348E+01 -8.65900384E+01 -8.61057510E+01 -8.46979470E+01 -8.46557813E+01 -8.57535832E+01 -8.61843781E+01 -8.67476025E+01 -8.65602728E+01 -8.56192052E+01 -8.40164725E+01 -8.47924395E+01 -8.58454205E+01 -8.64480515E+01 -8.62257813E+01 -8.63057599E+01 -8.55426512E+01 -8.35691438E+01 -8.51505260E+01 -8.55688247E+01 -8.65937538E+01 -8.59229958E+01 -8.61538447E+01 -8.45696907E+01 -8.37843555E+01 -8.53333999E+01 -8.60877174E+01 -8.62089715E+01 -8.64634221E+01 -8.59695290E+01 -8.32348556E+01 -8.45450196E+01 -8.49321121E+01 -8.64455607E+01 -8.64414788E+01 -8.63955112E+01 -8.54135589E+01 -8.31811583E+01 -8.46061383E+01 -8.57484295E+01 -8.68374281E+01 -8.63616199E+01 -8.64320002E+01 -8.47568360E+01 -8.38188991E+01 -8.50337431E+01 -8.65117795E+01 -8.65833248E+01 -8.63921734E+01 -8.59166374E+01 -8.39102102E+01 -8.43346911E+01 -8.55334775E+01 -8.68840601E+01 -8.65264334E+01 -8.67406488E+01 -8.54080177E+01 -8.33816170E+01 -8.46530135E+01 -8.57639914E+01 -8.68319881E+01 -8.66769600E+01 -8.65494406E+01 -8.44951303E+01 -8.36816171E+01 -8.52792410E+01 -8.64794612E+01 -8.67050273E+01 -8.67510201E+01 -8.58035811E+01 -8.40686198E+01 -8.48025897E+01
 -8.61079186E+01 -8.69567075E+01 -8.71185511E+01 -8.61281131E+01 -8.44327141E+01 -8.42870508E+01 -8.50964141E+01 -8.62896278E+01 -8.70738557E+01 -8.68650788E+01 -8.48986806E+01 -8.36502270E+01 -8.45031544E+01 -8.56056275E+01 -8.66459455E+01 -8.69755927E+01 -8.66399327E+01 -8.45171171E+01 -8.44760753E+01 -8.47724929E+01 -8.58947675E+01 -8.67818661E+01 -8.68606576E+01 -8.57382489E+01 -8.38842715E+01 -8.46555827E+01 -8.49875871E+01 -8.63980710E+01 -8.71346832E+01 -8.68903277E+01 -8.47700499E+01 -8.37035578E+01 -8.41644135E+01 -8.55789291E+01 -8.67672981E+01 -8.69173756E+01 -8.65917247E+01 -8.36291296E+01 -8.38536708E+01 -8.46068032E+01 -8.61592010E+01 -8.67000607E+01 -8.68144124E+01 -8.53370082E+01 -8.30450139E+01 -8.41438569E+01 -8.50133011E+01 -8.60344488E+01 -8.68910814E+01 -8.67588178E+01 -8.42036181E+01 -8.30492604E+01 -8.46606429E+01 -8.53941903E+01 -8.61458597E+01 -8.69367642E+01 -8.62090232E+01 -8.32511344E+01 -8.35224689E+01 -8.48398108E+01 -8.58401886E+01 -8.62314241E+01 -8.68618034E+01 -8.53367990E+01 -8.28348906E+01 -8.41909145E+01 -8.52655744E+01 -8.59650830E+01 -8.67268163E+01 -8.66653246E+01 -8.46612337E+01 -8.34640791E+01 -8.47042008E+01 -8.55023663E+01 -8.62541928E+01 -8.63043502E+01 -8.63968890E+01 -8.42472206E+01 -8.45511441E+01 -8.49096349E+01 -8.58195636E+01 -8.64624149E+01 -8.64486763E+01 -8.57008213E+01 -8.40611667E+01 -8.47734266E+01 -8.51887781E+01 -8.60048045E+01 -8.67465955E+01 -8.67047285E+01 -8.48657432E+01 -8.42851708E+01 -8.50870745E+01 -8.50529043E+01 -8.62157177E+01 -8.69139377E+01 -8.63853769E+01 -8.40537866E+01 -8.45528624E+01 -8.47724944E+01 -8.58439146E+01 -8.65389160E+01 -8.70989821E+01 -8.57400607E+01 -8.37259111E+01 -8.45046960E+01 -8.46563492E+01 -8.62759808E+01 -8.66512285E+01 -8.67607855E+01 -8.45503397E+01 -8.37903837E+01 -8.48830667E+01 -8.56618239E+01 -8.63546788E+01 -8.70299463E+01 -8.66366366E+01 -8.38582118E+01 -8.41285681E+01 -8.51230957E+01 -8.64970890E+01 -8.67562596E+01 -8.70955620E+01 -8.57083504E+01 -8.33105907E+01 -8.41693642E+01 -8.50860961E+01 -8.65151835E+01 -8.70606351E+01 -8.69575641E+01 -8.49841684E+01 -8.37152183E+01 -8.47615570E+01 -8.60490104E+01 -8.65309425E+01 -8.72551350E+01 -8.66502011E+01 -8.38441864E+01 -8.48237059E+01 -8.54511114E+01 -8.60402737E+01 -8.66461095E+01 -8.72689526E+01 -8.65185643E+01 -8.35793881E+01 -8.51835624E+01 -8.59040291E+01 -8.60816418E+01 -8.72403457E+01 -8.72555419E+01 -8.56489233E+01 -8.44172861E+01 -8.54117609E+01 -8.61317815E+01 -8.67024866E+01 -8.73599091E+01 -8.70372178E+01 -8.44350870E+01 -8.50016615E+01 -8.57646678E+01 -8.62367490E+01 -8.70062226E+01 -8.72671380E+01 -8.65123126E+01 -8.43701883E+01 -8.53152277E+01 -8.58233383E+01 -8.62503029E+01 -8.71696985E+01 -8.71208167E+01 -8.55177221E+01 -8.41758675E+01 -8.55681498E+01 -8.58045077E+01 -8.63445557E+01 -8.71704131E+01 -8.67330052E+01 -8.45663528E+01 -8.46224457E+01 -8.57310286E+01 -8.60166538E+01 -8.69940500E+01 -8.73158983E+01 -8.60376885E+01 -8.39542475E+01 -8.48798410E+01 -8.57441347E+01 -8.62220743E+01 -8.70551864E+01 -8.71278891E+01 -8.54711544E+01 -8.44857674E+01 -8.52819591E+01 -8.58893581E+01 -8.68665033E+01 -8.71541361E+01 -8.65969527E+01 -8.46091396E+01 -8.43018334E+01 -8.51627429E+01
 -8.59230502E+01 -8.19055914E+01 -8.44547896E+01 -8.62446237E+01 -8.68447803E+01 -8.70133933E+01 -8.71711480E+01 -8.51510159E+01 -8.19131357E+01 -8.51381681E+01 -8.62303834E+01 -8.68858054E+01 -8.70813909E+01 -8.68988403E+01 -8.38358126E+01 -8.28939453E+01 -8.59980588E+01 -8.66899700E+01 -8.71572158E+01 -8.70476628E+01 -8.65137404E+01 -8.19883524E+01 -8.47173937E+01 -8.64358860E+01 -8.70670081E+01 -8.70258908E+01 -8.68707386E+01 -8.52203976E+01 -8.26144865E+01 -8.57986101E+01 -8.66084349E+01 -8.71085935E+01 -8.68890335E+01 -8.68364291E+01 -8.38055425E+01 -8.30408066E+01 -8.62590696E+01 -8.68722001E+01 -8.68752186E+01 -8.69701459E+01 -8.60206886E+01 -8.19986016E+01 -8.40618969E+01 -8.67259635E+01 -8.67493405E+01 -8.67660188E+01 -8.69576210E+01 -8.42005416E+01 -8.14931326E+01 -8.55374709E+01 -8.67919827E+01 -8.68385618E+01 -8.70687276E+01 -8.64696129E+01 -8.28539089E+01 -8.29368427E+01 -8.60027158E+01 -8.69588301E+01 -8.69270738E+01 -8.71277485E+01 -8.59892276E+01 -8.18638502E+01 -8.41719778E+01 -8.67208940E+01 -8.68169503E+01 -8.69951113E+01 -8.71571209E+01 -8.49912550E+01 -8.20902476E+01 -8.50996059E+01 -8.68807339E+01 -8.68935154E+01 -8.70386251E+01 -8.67562580E+01 -8.33813268E+01 -8.29664895E+01 -8.57924048E+01 -8.71418138E+01 -8.69805653E+01 -8.70473501E+01 -8.60038964E+01 -8.22129066E+01 -8.41304129E+01 -8.63988427E+01 -8.70486810E+01 -8.72073518E+01 -8.65794015E+01 -8.44305010E+01 -8.22378225E+01 -8.44720306E+01 -8.68521422E+01 -8.67757911E+01 -8.71184708E+01 -8.61139908E+01 -8.26686636E+01 -8.24632570E+01 -8.53658459E+01 -8.69274499E+01 -8.69196936E+01 -8.68964108E+01 -8.53220136E+01 -8.14126740E+01 -8.32511998E+01 -8.61045439E+01 -8.64822667E+01 -8.72394805E+01 -8.64761684E+01 -8.41379219E+01 -8.10217104E+01 -8.38633611E+01 -8.63596368E+01 -8.67371841E+01 -8.71727067E+01 -8.60322050E+01 -8.29636524E+01 -8.30028169E+01 -8.50198663E+01 -8.62710926E+01 -8.71073112E+01 -8.69757480E+01 -8.50922092E+01 -8.25129912E+01 -8.34142826E+01 -8.59720936E+01 -8.64138755E+01 -8.71016532E+01 -8.65855415E+01 -8.41234388E+01 -8.23540835E+01 -8.51214088E+01 -8.63934011E+01 -8.68683237E+01 -8.70543003E+01 -8.62738711E+01 -8.35888330E+01 -8.27175172E+01 -8.55844403E+01 -8.64921678E+01 -8.71381394E+01 -8.71985039E+01 -8.53465041E+01 -8.23851600E+01 -8.39869010E+01 -8.57807806E+01 -8.67117232E+01 -8.70538646E+01 -8.68014228E+01 -8.46113261E+01 -8.21572441E+01 -8.47881125E+01 -8.60271480E+01 -8.69281499E+01 -8.72462438E+01 -8.61755986E+01 -8.35885956E+01 -8.27813418E+01 -8.52370207E+01 -8.64287110E+01 -8.71821551E+01 -8.71304215E+01 -8.52793990E+01 -8.21822163E+01 -8.35000712E+01 -8.58886884E+01 -8.68003917E+01 -8.72143361E+01 -8.69095240E+01 -8.41310820E+01 -8.17346957E+01 -8.48465664E+01 -8.65628357E+01 -8.70342573E+01 -8.71127526E+01 -8.64670127E+01 -8.31536293E+01 -8.24505405E+01 -8.56996219E+01 -8.64390770E+01 -8.71475395E+01 -8.69171076E+01 -8.58264451E+01 -8.16284705E+01 -8.42939610E+01 -8.55146077E+01 -8.69156088E+01 -8.72354689E+01 -8.69691546E+01 -8.44724465E+01 -8.22875109E+01 -8.50436763E+01 -8.63047455E+01 -8.71378527E+01 -8.69829759E+01 -8.68349374E+01 -8.34048670E+01 -8.34713315E+01 -8.57336469E+01 -8.66877311E+01 -8.71082208E+01 -8.70311696E+01
 -8.50690545E+01 -8.54042653E+01 -8.68147725E+01 -8.70414599E+01 -8.68285695E+01 -8.54874327E+01 -8.53767658E+01 -8.46771973E+01 -8.61510425E+01 -8.66820532E+01 -8.69704729E+01 -8.63056275E+01 -8.55083753E+01 -8.53015111E+01 -8.48360084E+01 -8.61816599E+01 -8.67504764E+01 -8.69130477E+01 -8.58147739E+01 -8.56408478E+01 -8.48326242E+01 -8.56401688E+01 -8.66483711E+01 -8.68331798E+01 -8.68477638E+01 -8.60756755E+01 -8.50330552E+01 -8.41112855E+01 -8.60530814E+01 -8.64941611E+01 -8.68168732E+01 -8.62943491E+01 -8.61615150E+01 -8.46680349E+01 -8.51298310E+01 -8.63183289E+01 -8.66675916E+01 -8.68148008E+01 -8.62908966E+01 -8.55951863E+01 -8.45891392E+01 -8.56151873E+01 -8.65857982E+01 -8.63982581E+01 -8.67357181E+01 -8.60954076E+01 -8.48528753E+01 -8.46047869E+01 -8.58823266E+01 -8.62939164E+01 -8.62210392E+01 -8.65474762E+01 -8.53111961E+01 -8.41811979E+01 -8.46435971E+01 -8.59270954E+01 -8.63700276E+01 -8.65480335E+01 -8.59351775E+01 -8.46037331E+01 -8.40533286E+01 -8.49538607E+01 -8.60783706E+01 -8.60617549E+01 -8.63348436E+01 -8.53905940E+01 -8.46677518E+01 -8.42898378E+01 -8.57735718E+01 -8.62409359E+01 -8.63466501E+01 -8.60157339E+01 -8.43201675E+01 -8.45803145E+01 -8.50576034E+01 -8.61266055E+01 -8.58167985E+01 -8.67523519E+01 -8.52465016E+01 -8.43970991E+01 -8.43659684E+01 -8.53065332E+01 -8.63004839E+01 -8.63460802E+01 -8.66031777E+01 -8.48370641E+01 -8.51367081E+01 -8.46054259E+01 -8.58289336E+01 -8.63994155E+01 -8.67751169E+01 -8.62805418E+01 -8.41786584E+01 -8.49369161E+01 -8.48403288E+01 -8.62757334E+01 -8.63356664E+01 -8.69589484E+01 -8.50662678E+01 -8.45811133E+01 -8.46800109E+01 -8.54793803E+01 -8.65633401E+01 -8.69524622E+01 -8.66843802E+01 -8.40954147E+01 -8.49807854E+01 -8.48693653E+01 -8.61669686E+01 -8.61597256E+01 -8.69898969E+01 -8.60250141E+01 -8.46099395E+01 -8.51544010E+01 -8.51996519E+01 -8.65112655E+01 -8.63672202E+01 -8.71454338E+01 -8.54254510E+01 -8.47840528E+01 -8.52670908E+01 -8.55043521E+01 -8.63725843E+01 -8.65659773E+01 -8.69705359E+01 -8.45157975E+01 -8.51274827E+01 -8.54857311E+01 -8.60235785E+01 -8.61512960E+01 -8.70029404E+01 -8.62784871E+01 -8.44185529E+01 -8.55818890E+01 -8.51700668E+01 -8.60479602E+01 -8.60550795E+01 -8.70957372E+01 -8.53289511E+01 -8.47807805E+01 -8.55518959E+01 -8.54234127E+01 -8.61682761E+01 -8.64842249E+01 -8.70861655E+01 -8.47156322E+01 -8.49608658E+01 -8.51403271E+01 -8.57488857E+01 -8.64477128E+01 -8.68015955E+01 -8.65770266E+01 -8.50699679E+01 -8.54342618E+01 -8.46212412E+01 -8.60727161E+01 -8.65046101E+01 -8.69950871E+01 -8.53100625E+01 -8.46389946E+01 -8.54509872E+01 -8.47947417E+01 -8.63729379E+01 -8.68194734E+01 -8.67276715E+01 -8.49360470E+01 -8.49074117E+01 -8.49747441E+01 -8.55287499E+01 -8.68490592E+01 -8.69362114E+01 -8.63641889E+01 -8.49744315E+01 -8.49373985E+01 -8.48731251E+01 -8.63956660E+01 -8.69477220E+01 -8.70244617E+01 -8.60866775E+01 -8.55839370E+01 -8.52689065E+01 -8.50573302E+01 -8.67741082E+01 -8.70098637E+01 -8.70027675E+01 -8.56960410E+01 -8.50167515E+01 -8.51415518E+01 -8.55748913E+01 -8.68987313E+01 -8.71005428E+01 -8.61578198E+01 -8.55043857E+01 -8.50278557E+01 -8.47085601E+01 -8.64028087E+01 -8.69454753E+01 -8.69052571E+01 -8.53663943E+01 -8.52884434E+01
 -8.60474179E+01 -8.64300028E+01 -8.68017475E+01 -8.58400424E+01 -8.59638254E+01 -8.53423832E+01 -8.50565543E+01 -8.60483727E+01 -8.66250846E+01 -8.66235420E+01 -8.58875107E+01 -8.59476944E+01 -8.54027609E+01 -8.53357807E+01 -8.60956376E+01 -8.68936658E+01 -8.66247882E+01 -8.58005219E+01 -8.59462459E+01 -8.48796885E+01 -8.56479572E+01 -8.61115680E+01 -8.69681312E+01 -8.60434201E+01 -8.61932596E+01 -8.52323457E+01 -8.46827768E+01 -8.55916628E+01 -8.66519963E+01 -8.66414156E+01 -8.61475247E+01 -8.60837710E+01 -8.46933664E+01 -8.45728220E+01 -8.56743637E+01 -8.66079771E+01 -8.65567359E+01 -8.60336423E+01 -8.57656901E+01 -8.46767211E+01 -8.55819401E+01 -8.63533916E+01 -8.64972476E+01 -8.63722902E+01 -8.62645783E+01 -8.54785226E+01 -8.49076332E+01 -8.60482011E+01 -8.66521823E+01 -8.66045842E+01 -8.58748701E+01 -8.59545395E+01 -8.54185900E+01 -8.57872133E+01 -8.62982060E+01 -8.66182546E+01 -8.62989676E+01 -8.57150749E+01 -8.60125278E+01 -8.46696062E+01 -8.57693904E+01 -8.64533567E+01 -8.67871948E+01 -8.57737066E+01 -8.59070037E+01 -8.57425675E+01 -8.49885241E+01 -8.56251156E+01 -8.64456240E+01 -8.67231193E+01 -8.53468995E+01 -8.60253363E+01 -8.52016491E+01 -8.49563557E+01 -8.60306663E+01 -8.64100749E+01 -8.61497887E+01 -8.54679891E+01 -8.63415040E+01 -8.46421146E+01 -8.53340831E+01 -8.63843852E+01 -8.63808857E+01 -8.54937440E+01 -8.59830166E+01 -8.54171683E+01 -8.50651895E+01 -8.57854882E+01 -8.66952650E+01 -8.63105179E+01 -8.51957172E+01 -8.58740445E+01 -8.52353319E+01 -8.53210419E+01 -8.63264571E+01 -8.67943718E+01 -8.56885711E+01 -8.54227953E+01 -8.58609864E+01 -8.51625050E+01 -8.49236648E+01 -8.64750396E+01 -8.66906035E+01 -8.51140408E+01 -8.53395775E+01 -8.57918861E+01 -8.45478354E+01 -8.52201199E+01 -8.64620458E+01 -8.64502363E+01 -8.49456199E+01 -8.57807010E+01 -8.57243809E+01 -8.41656917E+01 -8.53312371E+01 -8.64517468E+01 -8.60164949E+01 -8.51392169E+01 -8.59844696E+01 -8.47970186E+01 -8.43536450E+01 -8.56136638E+01 -8.65002678E+01 -8.49866551E+01 -8.56119983E+01 -8.60456493E+01 -8.45127111E+01 -8.49305972E+01 -8.60866516E+01 -8.64128762E+01 -8.48524120E+01 -8.58696704E+01 -8.50677032E+01 -8.42857641E+01 -8.53782726E+01 -8.60389646E+01 -8.57878432E+01 -8.49937412E+01 -8.56836498E+01 -8.44231550E+01 -8.48432648E+01 -8.62253852E+01 -8.67686440E+01 -8.54696537E+01 -8.56827621E+01 -8.54848998E+01 -8.45647702E+01 -8.53729615E+01 -8.62765920E+01 -8.65892050E+01 -8.51204890E+01 -8.58161728E+01 -8.51622529E+01 -8.49881856E+01 -8.57684645E+01 -8.65642026E+01 -8.59950194E+01 -8.50593383E+01 -8.56925262E+01 -8.43869024E+01 -8.56536612E+01 -8.61785837E+01 -8.68750947E+01 -8.57099098E+01 -8.55134131E+01 -8.49671244E+01 -8.45188369E+01 -8.61706741E+01 -8.63294548E+01 -8.66039571E+01 -8.55632987E+01 -8.59260190E+01 -8.37573938E+01 -8.49852555E+01 -8.61939877E+01 -8.68016826E+01 -8.57989366E+01 -8.55904307E+01 -8.57550405E+01 -8.38113905E+01 -8.59218452E+01 -8.66248935E+01 -8.68709643E+01 -8.55557625E+01 -8.59046824E+01 -8.46370547E+01 -8.44223323E+01 -8.62078501E+01 -8.67617170E+01 -8.63724993E+01 -8.52016038E+01 -8.62789444E+01 -8.41683913E+01 -8.52365751E+01 -8.66438659E+01 -8.68765418E+01 -8.59721481E+01 -8.56313829E+01 -8.60398914E+01 -8.52017982E+01
 -8.73212017E+01 -8.74150640E+01 -8.74288076E+01 -8.74629004E+01 -8.73686422E+01 -8.68534493E+01 -8.69139155E+01 -8.74620610E+01 -8.75935399E+01 -8.75269557E+01 -8.74993952E+01 -8.71379657E+01 -8.68543112E+01 -8.71342736E+01 -8.73526201E+01 -8.74541329E+01 -8.74601731E+01 -8.74471533E+01 -8.71658171E+01 -8.67553294E+01 -8.74181759E+01 -8.75326848E+01 -8.75009050E+01 -8.75068215E+01 -8.75360144E+01 -8.71418550E+01 -8.69986247E+01 -8.75004430E+01 -8.75289085E+01 -8.75294872E+01 -8.75317705E+01 -8.72994076E+01 -8.67629766E+01 -8.73094399E+01 -8.75401504E+01 -8.75318328E+01 -8.75596362E+01 -8.75455898E+01 -8.73430673E+01 -8.68652628E+01 -8.74656531E+01 -8.74602570E+01 -8.75096137E+01 -8.75358437E+01 -8.74451325E+01 -8.69432036E+01 -8.70855038E+01 -8.75133500E+01 -8.75495238E+01 -8.74563054E+01 -8.75028388E+01 -8.74734939E+01 -8.68708219E+01 -8.73197812E+01 -8.74412233E+01 -8.74853830E+01 -8.74970600E+01 -8.75023085E+01 -8.73600312E+01 -8.69279433E+01 -8.73269714E+01 -8.75216565E+01 -8.74887906E+01 -8.74729653E+01 -8.74326497E+01 -8.71067808E+01 -8.68670497E+01 -8.74327712E+01 -8.75650292E+01 -8.75680817E+01 -8.75021221E+01 -8.74428020E+01 -8.69961692E+01 -8.72543414E+01 -8.74944807E+01 -8.74909024E+01 -8.74465089E+01 -8.74975679E+01 -8.74692491E+01 -8.71568930E+01 -8.73840253E+01 -8.74791607E+01 -8.75161494E+01 -8.74984329E+01 -8.74668410E+01 -8.73748347E+01 -8.71676249E+01 -8.74368509E+01 -8.74890952E+01 -8.75472448E+01 -8.75148531E+01 -8.74881696E+01 -8.70517616E+01 -8.71907604E+01 -8.74418315E+01 -8.74407721E+01 -8.74837243E+01 -8.74727018E+01 -8.73749480E+01 -8.71290444E+01 -8.72562312E+01 -8.75423671E+01 -8.74882702E+01 -8.74706805E+01 -8.74095059E+01 -8.71359617E+01 -8.70667934E+01 -8.73795791E+01 -8.74078578E+01 -8.74698354E+01 -8.75444457E+01 -8.74214291E+01 -8.67297988E+01 -8.69609138E+01 -8.73936593E+01 -8.75376181E+01 -8.74388124E+01 -8.74079635E+01 -8.70508408E+01 -8.68325099E+01 -8.71081405E+01 -8.74990260E+01 -8.74962341E+01 -8.74903333E+01 -8.74590508E+01 -8.67356862E+01 -8.68643789E+01 -8.73770492E+01 -8.74447563E+01 -8.74400182E+01 -8.75077525E+01 -8.72902089E+01 -8.66473207E+01 -8.72355988E+01 -8.75687812E+01 -8.75905406E+01 -8.74499526E+01 -8.74689684E+01 -8.69085002E+01 -8.68654737E+01 -8.72382370E+01 -8.74358743E+01 -8.75215724E+01 -8.75441558E+01 -8.74972435E+01 -8.67633226E+01 -8.71613470E+01 -8.74608269E+01 -8.74744272E+01 -8.75198707E+01 -8.75098953E+01 -8.72786848E+01 -8.67163703E+01 -8.71623451E+01 -8.74581419E+01 -8.74998888E+01 -8.75100452E+01 -8.74568832E+01 -8.69559967E+01 -8.68278421E+01 -8.74150450E+01 -8.74875944E+01 -8.74834994E+01 -8.74747318E+01 -8.74583190E+01 -8.68316289E+01 -8.71898127E+01 -8.75634018E+01 -8.75327748E+01 -8.75115632E+01 -8.75444659E+01 -8.72895031E+01 -8.70546859E+01 -8.73714851E+01 -8.74705632E+01 -8.75501092E+01 -8.74912218E+01 -8.73950615E+01 -8.69802844E+01 -8.70697694E+01 -8.74252055E+01 -8.74780293E+01 -8.75410558E+01 -8.75137193E+01 -8.74332127E+01 -8.68240258E+01 -8.70242456E+01 -8.75156023E+01 -8.75432502E+01 -8.75215067E+01 -8.74713492E+01 -8.70161619E+01 -8.70008600E+01 -8.72088404E+01 -8.74187966E+01 -8.74373555E+01 -8.74465701E+01 -8.73804783E+01 -8.68958259E+01 -8.69972541E+01
 -8.71939731E+01 -8.56722532E+01 -8.52481726E+01 -8.33972074E+01 -8.55745691E+01 -8.73068683E+01 -8.75083178E+01 -8.66037716E+01 -8.56375724E+01 -8.51139707E+01 -8.36147278E+01 -8.63747472E+01 -8.74342205E+01 -8.73274854E+01 -8.61979197E+01 -8.57742843E+01 -8.43307966E+01 -8.48865541E+01 -8.69908176E+01 -8.74732008E+01 -8.70996828E+01 -8.61837185E+01 -8.54236406E+01 -8.36886481E+01 -8.53372099E+01 -8.73678835E+01 -8.74999322E+01 -8.66969458E+01 -8.57614500E+01 -8.52664980E+01 -8.30289116E+01 -8.60053598E+01 -8.74910378E+01 -8.72499603E+01 -8.62577575E+01 -8.59174864E+01 -8.44288454E+01 -8.38654132E+01 -8.70900382E+01 -8.75082735E+01 -8.71404573E+01 -8.63752377E+01 -8.55603940E+01 -8.39098254E+01 -8.51325958E+01 -8.74095526E+01 -8.74748230E+01 -8.69115466E+01 -8.61867152E+01 -8.51228253E+01 -8.42074571E+01 -8.63149939E+01 -8.75282680E+01 -8.74415939E+01 -8.65351906E+01 -8.54652386E+01 -8.43005540E+01 -8.47850675E+01 -8.71927803E+01 -8.74753910E+01 -8.71702279E+01 -8.65754974E+01 -8.52936730E+01 -8.40713388E+01 -8.57444797E+01 -8.74209073E+01 -8.74394850E+01 -8.69686144E+01 -8.59510823E+01 -8.51496210E+01 -8.40874987E+01 -8.63674562E+01 -8.74286171E+01 -8.74359722E+01 -8.67016572E+01 -8.53842197E+01 -8.42841916E+01 -8.48190459E+01 -8.70592031E+01 -8.75098471E+01 -8.72971239E+01 -8.59187866E+01 -8.44224693E+01 -8.37564033E+01 -8.56331169E+01 -8.73436298E+01 -8.74771780E+01 -8.69887816E+01 -8.55878481E+01 -8.37575932E+01 -8.39852693E+01 -8.61271472E+01 -8.74026908E+01 -8.73952847E+01 -8.63784025E+01 -8.46638130E+01 -8.39166164E+01 -8.48163632E+01 -8.67193088E+01 -8.74270604E+01 -8.72894881E+01 -8.57647553E+01 -8.39039228E+01 -8.35031448E+01 -8.52664070E+01 -8.71515977E+01 -8.73348026E+01 -8.66785723E+01 -8.54871112E+01 -8.33961813E+01 -8.41407004E+01 -8.59676332E+01 -8.75086494E+01 -8.72898575E+01 -8.62619553E+01 -8.48847030E+01 -8.28197158E+01 -8.43983561E+01 -8.67117129E+01 -8.73530721E+01 -8.69242534E+01 -8.60962966E+01 -8.41098460E+01 -8.34132090E+01 -8.56586002E+01 -8.72503970E+01 -8.73989148E+01 -8.67564571E+01 -8.54374386E+01 -8.39380857E+01 -8.39069109E+01 -8.66886946E+01 -8.75118941E+01 -8.72893482E+01 -8.63972920E+01 -8.48095567E+01 -8.39167942E+01 -8.46250234E+01 -8.69505781E+01 -8.74667189E+01 -8.70799804E+01 -8.58250009E+01 -8.44047494E+01 -8.37660387E+01 -8.56681667E+01 -8.72320055E+01 -8.74834418E+01 -8.69485294E+01 -8.53150833E+01 -8.46495602E+01 -8.42717114E+01 -8.65774138E+01 -8.74469275E+01 -8.74040939E+01 -8.66182151E+01 -8.47390423E+01 -8.44037268E+01 -8.48043386E+01 -8.69448314E+01 -8.74348271E+01 -8.72113986E+01 -8.58070499E+01 -8.41168483E+01 -8.41800314E+01 -8.55977906E+01 -8.72705764E+01 -8.75213074E+01 -8.69629645E+01 -8.50998806E+01 -8.41721114E+01 -8.40212797E+01 -8.61737563E+01 -8.74572230E+01 -8.74552220E+01 -8.64559784E+01 -8.51598518E+01 -8.38500454E+01 -8.44984505E+01 -8.68481385E+01 -8.74415424E+01 -8.71637276E+01 -8.57904069E+01 -8.49595612E+01 -8.34868208E+01 -8.55113960E+01 -8.74068119E+01 -8.74343854E+01 -8.69013803E+01 -8.54045175E+01 -8.47465830E+01 -8.37424710E+01 -8.61621908E+01 -8.75143190E+01 -8.75120651E+01 -8.61374623E+01 -8.54837862E+01 -8.40109595E+01 -8.44552151E+01 -8.69971668E+01 -8.75566565E+01
 -8.58802164E+01 -8.44756741E+01 -8.38039772E+01 -8.48435403E+01 -8.65680747E+01 -8.64250750E+01 -8.62519064E+01 -8.56718893E+01 -8.34394630E+01 -8.46387382E+01 -8.52519292E+01 -8.68058697E+01 -8.60084838E+01 -8.62685624E+01 -8.51658801E+01 -8.40586243E+01 -8.51948881E+01 -8.56617717E+01 -8.65545627E+01 -8.64073163E+01 -8.63437893E+01 -8.51397522E+01 -8.43016817E+01 -8.51777597E+01 -8.65717620E+01 -8.63348246E+01 -8.64227787E+01 -8.60483326E+01 -8.49781112E+01 -8.49354714E+01 -8.52438285E+01 -8.67231040E+01 -8.61040165E+01 -8.61267817E+01 -8.52487254E+01 -8.49315751E+01 -8.51959290E+01 -8.57360004E+01 -8.66819590E+01 -8.59251552E+01 -8.61016096E+01 -8.50134047E+01 -8.45202988E+01 -8.45974282E+01 -8.65686586E+01 -8.64354613E+01 -8.56290381E+01 -8.54580434E+01 -8.44338231E+01 -8.45283397E+01 -8.52545963E+01 -8.69976303E+01 -8.60458381E+01 -8.58761312E+01 -8.50953895E+01 -8.46405017E+01 -8.47738408E+01 -8.61427674E+01 -8.68198849E+01 -8.50861136E+01 -8.55268153E+01 -8.51068773E+01 -8.47419402E+01 -8.50859696E+01 -8.67475935E+01 -8.64959821E+01 -8.54958205E+01 -8.49242959E+01 -8.49039414E+01 -8.49011064E+01 -8.57266251E+01 -8.70575460E+01 -8.57701879E+01 -8.57710563E+01 -8.45715560E+01 -8.47123596E+01 -8.51860650E+01 -8.60214775E+01 -8.67057793E+01 -8.59401289E+01 -8.55342533E+01 -8.50796177E+01 -8.47628231E+01 -8.47517016E+01 -8.67398564E+01 -8.64887700E+01 -8.56593129E+01 -8.49667644E+01 -8.43417250E+01 -8.47866671E+01 -8.48705083E+01 -8.69153688E+01 -8.61839162E+01 -8.56024619E+01 -8.46107698E+01 -8.41635300E+01 -8.42501414E+01 -8.59295635E+01 -8.70217742E+01 -8.58362417E+01 -8.59046939E+01 -8.48418924E+01 -8.39097280E+01 -8.46568494E+01 -8.68014167E+01 -8.68489049E+01 -8.61261397E+01 -8.53909382E+01 -8.49068262E+01 -8.38411930E+01 -8.50845993E+01 -8.68675604E+01 -8.62080577E+01 -8.60890027E+01 -8.50369938E+01 -8.40014993E+01 -8.41396511E+01 -8.60676889E+01 -8.67205420E+01 -8.57168666E+01 -8.58850869E+01 -8.47511175E+01 -8.39588847E+01 -8.46817898E+01 -8.63255029E+01 -8.65699074E+01 -8.57878409E+01 -8.56707151E+01 -8.43630852E+01 -8.42293154E+01 -8.51168587E+01 -8.70450386E+01 -8.61085988E+01 -8.57445389E+01 -8.44333816E+01 -8.42729699E+01 -8.39331047E+01 -8.61661292E+01 -8.73013715E+01 -8.60758033E+01 -8.57913338E+01 -8.47212374E+01 -8.38146853E+01 -8.45281123E+01 -8.68560371E+01 -8.67199577E+01 -8.60515894E+01 -8.51080327E+01 -8.40555943E+01 -8.44161756E+01 -8.54817935E+01 -8.71692890E+01 -8.61852474E+01 -8.61027017E+01 -8.46428531E+01 -8.39802776E+01 -8.46411379E+01 -8.61640053E+01 -8.67682136E+01 -8.62921433E+01 -8.53664347E+01 -8.44558539E+01 -8.39715960E+01 -8.49017259E+01 -8.67242800E+01 -8.63363713E+01 -8.63400149E+01 -8.50936945E+01 -8.38518594E+01 -8.45196170E+01 -8.55700226E+01 -8.69785037E+01 -8.62235663E+01 -8.59314480E+01 -8.50637125E+01 -8.38230249E+01 -8.50923046E+01 -8.62831127E+01 -8.67525597E+01 -8.60463717E+01 -8.54073752E+01 -8.46613048E+01 -8.39360830E+01 -8.54643128E+01 -8.68800424E+01 -8.64506807E+01 -8.60577814E+01 -8.51306268E+01 -8.38192159E+01 -8.42583695E+01 -8.57249629E+01 -8.69496111E+01 -8.63131643E+01 -8.56456820E+01 -8.44416512E+01 -8.34919511E+01 -8.47005043E+01 -8.60844190E+01 -8.68876748E+01 -8.60863526E+01
 -8.51668148E+01 -8.53998695E+01 -8.67835169E+01 -8.68590762E+01 -8.59350857E+01 -8.47671988E+01 -8.47149336E+01 -8.54493248E+01 -8.60885483E+01 -8.67096487E+01 -8.67325744E+01 -8.57450528E+01 -8.41644300E+01 -8.52701605E+01 -8.52194044E+01 -8.62661629E+01 -8.67168648E+01 -8.65229989E+01 -8.47320908E+01 -8.41436074E+01 -8.58724438E+01 -8.56940721E+01 -8.64082500E+01 -8.68236200E+01 -8.63306758E+01 -8.44135214E+01 -8.47954210E+01 -8.56074742E+01 -8.55695943E+01 -8.64936423E+01 -8.66839142E+01 -8.55306197E+01 -8.36982921E+01 -8.51495902E+01 -8.47600410E+01 -8.58587350E+01 -8.67734065E+01 -8.63641704E+01 -8.46986495E+01 -8.38135430E+01 -8.57424895E+01 -8.49879407E+01 -8.60733069E+01 -8.67832310E+01 -8.62416590E+01 -8.38470795E+01 -8.48095846E+01 -8.54518607E+01 -8.57915961E+01 -8.67675103E+01 -8.64880982E+01 -8.54474469E+01 -8.35851535E+01 -8.55043096E+01 -8.50267146E+01 -8.59991652E+01 -8.67863614E+01 -8.61903855E+01 -8.44256241E+01 -8.41580324E+01 -8.59748122E+01 -8.51867991E+01 -8.66144472E+01 -8.66723846E+01 -8.58623542E+01 -8.39755775E+01 -8.55126453E+01 -8.55553771E+01 -8.60308349E+01 -8.67086055E+01 -8.65072694E+01 -8.52223861E+01 -8.42707411E+01 -8.65176859E+01 -8.52989578E+01 -8.64882678E+01 -8.68396886E+01 -8.63015366E+01 -8.45501191E+01 -8.47632945E+01 -8.63192376E+01 -8.53286734E+01 -8.69887441E+01 -8.68287025E+01 -8.58130390E+01 -8.41356498E+01 -8.57016717E+01 -8.60774860E+01 -8.61452562E+01 -8.69114606E+01 -8.65019637E+01 -8.48055811E+01 -8.43215455E+01 -8.60986559E+01 -8.59367800E+01 -8.63319386E+01 -8.67293809E+01 -8.60561190E+01 -8.44849994E+01 -8.47494096E+01 -8.62788300E+01 -8.62214777E+01 -8.63818075E+01 -8.62937224E+01 -8.55451254E+01 -8.36901604E+01 -8.52247132E+01 -8.63246441E+01 -8.62241718E+01 -8.65169238E+01 -8.62934557E+01 -8.45579876E+01 -8.36792701E+01 -8.60783428E+01 -8.62792856E+01 -8.62670908E+01 -8.68135835E+01 -8.63713122E+01 -8.44051676E+01 -8.44020795E+01 -8.64026641E+01 -8.58316455E+01 -8.64223949E+01 -8.65568738E+01 -8.60691340E+01 -8.41181532E+01 -8.53346785E+01 -8.59685244E+01 -8.55588024E+01 -8.65941786E+01 -8.66170404E+01 -8.52919583E+01 -8.41852863E+01 -8.57024694E+01 -8.56156805E+01 -8.57989866E+01 -8.66866326E+01 -8.67174369E+01 -8.45919895E+01 -8.41723862E+01 -8.60708158E+01 -8.56524462E+01 -8.65789784E+01 -8.67722106E+01 -8.64481697E+01 -8.41622147E+01 -8.48657493E+01 -8.58663149E+01 -8.55730545E+01 -8.68216253E+01 -8.67126047E+01 -8.59285136E+01 -8.43382700E+01 -8.52895032E+01 -8.54626998E+01 -8.60449019E+01 -8.67758821E+01 -8.66517443E+01 -8.51967626E+01 -8.47471363E+01 -8.53963401E+01 -8.52625172E+01 -8.66179731E+01 -8.70076931E+01 -8.63420195E+01 -8.44683552E+01 -8.54937277E+01 -8.54589859E+01 -8.54371649E+01 -8.68757643E+01 -8.70693812E+01 -8.51411295E+01 -8.41741677E+01 -8.51179979E+01 -8.50041801E+01 -8.62040237E+01 -8.68752959E+01 -8.66591901E+01 -8.46147159E+01 -8.47689482E+01 -8.51959009E+01 -8.46329291E+01 -8.68000737E+01 -8.70017817E+01 -8.58223911E+01 -8.45230132E+01 -8.47821961E+01 -8.52398745E+01 -8.51948927E+01 -8.68171757E+01 -8.69977124E+01 -8.50879841E+01 -8.48918844E+01 -8.48899883E+01 -8.49385238E+01 -8.63826350E+01 -8.69741264E+01 -8.66597384E+01 -8.48513540E+01 -8.45730590E+01
 -8.71394743E+01 -8.64442608E+01 -8.47942170E+01 -8.45456249E+01 -8.52982895E+01 -8.60799720E+01 -8.67458246E+01 -8.70986510E+01 -8.60905874E+01 -8.40896188E+01 -8.49900686E+01 -8.52838411E+01 -8.61417309E+01 -8.71383926E+01 -8.69250191E+01 -8.53360918E+01 -8.41964638E+01 -8.49224712E+01 -8.55302276E+01 -8.63143155E+01 -8.72244269E+01 -8.66832601E+01 -8.46188417E+01 -8.46458409E+01 -8.47125805E+01 -8.61930883E+01 -8.67888013E+01 -8.70725445E+01 -8.61525254E+01 -8.44742341E+01 -8.46722102E+01 -8.48112844E+01 -8.63568744E+01 -8.72249766E+01 -8.65460667E+01 -8.50397827E+01 -8.45596011E+01 -8.45801594E+01 -8.55434848E+01 -8.63018463E+01 -8.70657394E+01 -8.60930765E+01 -8.49975060E+01 -8.46790567E+01 -8.47183295E+01 -8.59873811E+01 -8.69400969E+01 -8.70449741E+01 -8.54451768E+01 -8.47236970E+01 -8.47095685E+01 -8.49981154E+01 -8.60278942E+01 -8.71046100E+01 -8.64707964E+01 -8.50837724E+01 -8.47288373E+01 -8.46081971E+01 -8.53762232E+01 -8.64928690E+01 -8.69011948E+01 -8.56861258E+01 -8.49091368E+01 -8.48596798E+01 -8.45590311E+01 -8.58295143E+01 -8.68306803E+01 -8.68152364E+01 -8.53221425E+01 -8.46588492E+01 -8.47473583E+01 -8.50690327E+01 -8.63766977E+01 -8.69337482E+01 -8.64074871E+01 -8.48943233E+01 -8.44057891E+01 -8.45954146E+01 -8.56561448E+01 -8.65081838E+01 -8.70109528E+01 -8.63685286E+01 -8.47047415E+01 -8.44319535E+01 -8.47345516E+01 -8.57258292E+01 -8.66909673E+01 -8.69901968E+01 -8.59149499E+01 -8.47107628E+01 -8.47945197E+01 -8.54994614E+01 -8.62406804E+01 -8.71682758E+01 -8.67896295E+01 -8.55711506E+01 -8.45172238E+01 -8.51250808E+01 -8.55504111E+01 -8.65131400E+01 -8.72294148E+01 -8.61584251E+01 -8.49977621E+01 -8.45322869E+01 -8.54519466E+01 -8.59988085E+01 -8.71025182E+01 -8.72010046E+01 -8.60387154E+01 -8.50124414E+01 -8.49657445E+01 -8.57656830E+01 -8.64694554E+01 -8.72728242E+01 -8.68142508E+01 -8.52561238E+01 -8.47144640E+01 -8.52677937E+01 -8.57637110E+01 -8.67600462E+01 -8.71007707E+01 -8.65967017E+01 -8.48721330E+01 -8.45497492E+01 -8.55277563E+01 -8.58984235E+01 -8.70996386E+01 -8.69352401E+01 -8.61113860E+01 -8.48637987E+01 -8.49171698E+01 -8.60739705E+01 -8.63621691E+01 -8.72066778E+01 -8.65204234E+01 -8.57631402E+01 -8.46969773E+01 -8.50940014E+01 -8.58680528E+01 -8.68252546E+01 -8.69523442E+01 -8.65028647E+01 -8.47711652E+01 -8.43828014E+01 -8.49647154E+01 -8.61889144E+01 -8.70419003E+01 -8.64610076E+01 -8.61201279E+01 -8.44789875E+01 -8.42893704E+01 -8.53062103E+01 -8.66466212E+01 -8.71147745E+01 -8.65774365E+01 -8.51850494E+01 -8.44136470E+01 -8.47546088E+01 -8.58887701E+01 -8.68834400E+01 -8.69785749E+01 -8.66971951E+01 -8.44608352E+01 -8.47051423E+01 -8.50282896E+01 -8.64563323E+01 -8.70786675E+01 -8.68469943E+01 -8.57529372E+01 -8.42911760E+01 -8.51021362E+01 -8.54366565E+01 -8.65457637E+01 -8.72126139E+01 -8.65125874E+01 -8.52745648E+01 -8.44360633E+01 -8.48118818E+01 -8.59401798E+01 -8.67069779E+01 -8.71449300E+01 -8.66198111E+01 -8.36485681E+01 -8.47145167E+01 -8.49724005E+01 -8.64219526E+01 -8.70340609E+01 -8.71410461E+01 -8.59659557E+01 -8.36130049E+01 -8.53310595E+01 -8.54109213E+01 -8.62218197E+01 -8.69158907E+01 -8.69040558E+01 -8.49736845E+01 -8.42350310E+01 -8.50350525E+01 -8.58987714E+01 -8.64629318E+01
 -8.51078592E+01 -8.61335568E+01 -8.70470599E+01 -8.69635535E+01 -8.56616110E+01 -8.39279664E+01 -8.47341732E+01 -8.45021369E+01 -8.62663670E+01 -8.70896758E+01 -8.64638977E+01 -8.50126492E+01 -8.41384855E+01 -8.46501569E+01 -8.52402619E+01 -8.66693350E+01 -8.69048234E+01 -8.61220626E+01 -8.48459010E+01 -8.38391535E+01 -8.42656461E+01 -8.54281320E+01 -8.69381140E+01 -8.65825176E+01 -8.59719613E+01 -8.43697127E+01 -8.43678802E+01 -8.50820449E+01 -8.57536141E+01 -8.66550262E+01 -8.65200679E+01 -8.55437560E+01 -8.46168992E+01 -8.49243415E+01 -8.52183568E+01 -8.64735001E+01 -8.66222343E+01 -8.64651011E+01 -8.52199835E+01 -8.44609915E+01 -8.50712040E+01 -8.53161672E+01 -8.68461072E+01 -8.64828744E+01 -8.61231161E+01 -8.46476547E+01 -8.42452426E+01 -8.55490425E+01 -8.59807992E+01 -8.70100272E+01 -8.63068119E+01 -8.57997303E+01 -8.42662142E+01 -8.50530763E+01 -8.54794690E+01 -8.64923178E+01 -8.64472516E+01 -8.62235344E+01 -8.51742241E+01 -8.37818393E+01 -8.55090846E+01 -8.56450550E+01 -8.69525368E+01 -8.60733218E+01 -8.64304637E+01 -8.43978824E+01 -8.42890328E+01 -8.56450426E+01 -8.63339199E+01 -8.66431552E+01 -8.59676543E+01 -8.62216819E+01 -8.44768989E+01 -8.50143436E+01 -8.56332746E+01 -8.63014546E+01 -8.60934019E+01 -8.65486199E+01 -8.55645586E+01 -8.44872472E+01 -8.50448812E+01 -8.56975457E+01 -8.65385710E+01 -8.59099813E+01 -8.66931074E+01 -8.48852288E+01 -8.43708033E+01 -8.51362165E+01 -8.62074360E+01 -8.66838199E+01 -8.63849245E+01 -8.62122646E+01 -8.41449063E+01 -8.43633929E+01 -8.53532613E+01 -8.65249901E+01 -8.63414349E+01 -8.65650363E+01 -8.52576954E+01 -8.38547034E+01 -8.49827957E+01 -8.58090327E+01 -8.68074245E+01 -8.59853813E+01 -8.63344921E+01 -8.40014406E+01 -8.49270933E+01 -8.50773835E+01 -8.63645617E+01 -8.66290968E+01 -8.60900261E+01 -8.60253477E+01 -8.37621047E+01 -8.51238709E+01 -8.53705654E+01 -8.65130104E+01 -8.63930177E+01 -8.65669083E+01 -8.49162320E+01 -8.44698450E+01 -8.49720834E+01 -8.60491648E+01 -8.70743925E+01 -8.62745574E+01 -8.66936020E+01 -8.39804201E+01 -8.48969458E+01 -8.51255613E+01 -8.63222033E+01 -8.69949610E+01 -8.64483986E+01 -8.59940876E+01 -8.38639492E+01 -8.52807392E+01 -8.55489942E+01 -8.67782073E+01 -8.65578933E+01 -8.68763565E+01 -8.45185926E+01 -8.44783449E+01 -8.56679244E+01 -8.59766900E+01 -8.67692577E+01 -8.66619467E+01 -8.63827558E+01 -8.36826856E+01 -8.49624200E+01 -8.56281650E+01 -8.64040817E+01 -8.68619035E+01 -8.66203315E+01 -8.54540126E+01 -8.36292459E+01 -8.54421973E+01 -8.56745922E+01 -8.65606223E+01 -8.64339117E+01 -8.68360744E+01 -8.45262642E+01 -8.46103419E+01 -8.56115386E+01 -8.59290022E+01 -8.68635491E+01 -8.65872626E+01 -8.64844686E+01 -8.39019588E+01 -8.52018281E+01 -8.55695469E+01 -8.64783036E+01 -8.67866346E+01 -8.69882226E+01 -8.53488251E+01 -8.37661535E+01 -8.52469403E+01 -8.57708042E+01 -8.69676480E+01 -8.68926914E+01 -8.66557013E+01 -8.44753422E+01 -8.47331794E+01 -8.56438419E+01 -8.61502046E+01 -8.69809548E+01 -8.67128043E+01 -8.58084269E+01 -8.41136027E+01 -8.50337541E+01 -8.53715523E+01 -8.67644905E+01 -8.66191703E+01 -8.67277723E+01 -8.51505978E+01 -8.37895100E+01 -8.53037524E+01 -8.55237683E+01 -8.68463561E+01 -8.64891346E+01 -8.60476452E+01 -8.43680728E+01 -8.44170257E+01
 -8.44924604E+01 -8.40789490E+01 -8.56666872E+01 -8.73374041E+01 -8.64952461E+01 -8.49706787E+01 -8.53235513E+01 -8.36473110E+01 -8.42635951E+01 -8.60236291E+01 -8.72199585E+01 -8.56456844E+01 -8.48676591E+01 -8.45911222E+01 -8.37766250E+01 -8.50608023E+01 -8.67980817E+01 -8.70421659E+01 -8.52531351E+01 -8.51799417E+01 -8.35226597E+01 -8.46330091E+01 -8.54057141E+01 -8.72393476E+01 -8.62274619E+01 -8.47464322E+01 -8.50559552E+01 -8.32717443E+01 -8.51681703E+01 -8.59223889E+01 -8.73065704E+01 -8.56255486E+01 -8.47150137E+01 -8.37922302E+01 -8.34050954E+01 -8.55269141E+01 -8.68301504E+01 -8.71094985E+01 -8.50314441E+01 -8.50808093E+01 -8.36617142E+01 -8.45790100E+01 -8.60865353E+01 -8.72190647E+01 -8.66959224E+01 -8.41329919E+01 -8.48307370E+01 -8.40054403E+01 -8.49640540E+01 -8.66149074E+01 -8.74213086E+01 -8.56830197E+01 -8.47356573E+01 -8.42456008E+01 -8.38646808E+01 -8.54880701E+01 -8.69303505E+01 -8.70535408E+01 -8.48365349E+01 -8.47172035E+01 -8.41200352E+01 -8.45199759E+01 -8.59849935E+01 -8.73092519E+01 -8.66511988E+01 -8.38636040E+01 -8.48299487E+01 -8.41763678E+01 -8.48043189E+01 -8.66440856E+01 -8.74544059E+01 -8.60017027E+01 -8.44181039E+01 -8.42009105E+01 -8.47334856E+01 -8.53780409E+01 -8.72392835E+01 -8.73080774E+01 -8.51932869E+01 -8.48125365E+01 -8.41404724E+01 -8.48270113E+01 -8.62580425E+01 -8.74408606E+01 -8.71094429E+01 -8.47726499E+01 -8.44971524E+01 -8.45409809E+01 -8.50882214E+01 -8.68738477E+01 -8.73948657E+01 -8.62750386E+01 -8.44624358E+01 -8.36343063E+01 -8.46832391E+01 -8.55684015E+01 -8.71661182E+01 -8.73811050E+01 -8.57466889E+01 -8.43208150E+01 -8.38359614E+01 -8.43995834E+01 -8.59802090E+01 -8.73665892E+01 -8.70242815E+01 -8.50048175E+01 -8.39575724E+01 -8.37839087E+01 -8.50334387E+01 -8.65746416E+01 -8.74640305E+01 -8.64769059E+01 -8.41691148E+01 -8.40075715E+01 -8.41221438E+01 -8.55561579E+01 -8.70976217E+01 -8.73983954E+01 -8.55102257E+01 -8.43279936E+01 -8.33927345E+01 -8.42537035E+01 -8.62047242E+01 -8.74387128E+01 -8.71114359E+01 -8.52351751E+01 -8.40035462E+01 -8.36667733E+01 -8.49562671E+01 -8.66663378E+01 -8.74407692E+01 -8.63180397E+01 -8.48268648E+01 -8.44248274E+01 -8.37322221E+01 -8.53864870E+01 -8.67317924E+01 -8.73704312E+01 -8.54598558E+01 -8.49307037E+01 -8.40136787E+01 -8.35924198E+01 -8.60954434E+01 -8.71972888E+01 -8.70096184E+01 -8.53029876E+01 -8.53570612E+01 -8.38317852E+01 -8.43503976E+01 -8.65025891E+01 -8.74240210E+01 -8.65080994E+01 -8.51617569E+01 -8.47639482E+01 -8.39801852E+01 -8.47116016E+01 -8.70730087E+01 -8.73935917E+01 -8.58216096E+01 -8.55016752E+01 -8.44078945E+01 -8.44821235E+01 -8.60338230E+01 -8.73475803E+01 -8.69402431E+01 -8.56416232E+01 -8.50671731E+01 -8.44606717E+01 -8.52675662E+01 -8.67936796E+01 -8.72642493E+01 -8.64050905E+01 -8.52916761E+01 -8.43791927E+01 -8.43182844E+01 -8.62563382E+01 -8.67376562E+01 -8.72859100E+01 -8.58237729E+01 -8.51156706E+01 -8.38707244E+01 -8.53074185E+01 -8.61145385E+01 -8.72194271E+01 -8.68066987E+01 -8.50012509E+01 -8.47330047E+01 -8.39405142E+01 -8.52051929E+01 -8.62990177E+01 -8.73926391E+01 -8.59386525E+01 -8.51138866E+01 -8.51794297E+01 -8.43720699E+01 -8.53289832E+01 -8.68246608E+01 -8.71613591E+01 -8.51748955E+01 -8.53938587E+01
 -8.74951275E+01 -8.74723113E+01 -8.75120384E+01 -8.73737881E+01 -8.62639628E+01 -8.64075530E+01 -8.71669983E+01 -8.74567435E+01 -8.74747263E+01 -8.74969413E+01 -8.71103000E+01 -8.63014174E+01 -8.65648331E+01 -8.73864935E+01 -8.74976418E+01 -8.74887649E+01 -8.74605535E+01 -8.69042006E+01 -8.64275258E+01 -8.68857809E+01 -8.74801320E+01 -8.74627221E+01 -8.74761524E+01 -8.75019134E+01 -8.64425514E+01 -8.62485441E+01 -8.73954823E+01 -8.75226861E+01 -8.75383903E+01 -8.74970923E+01 -8.73476790E+01 -8.64939501E+01 -8.64258580E+01 -8.74425965E+01 -8.75052201E+01 -8.75313520E+01 -8.74575037E+01 -8.69334221E+01 -8.64356797E+01 -8.68222334E+01 -8.74373567E+01 -8.74480863E+01 -8.75383676E+01 -8.74137924E+01 -8.65667913E+01 -8.64821143E+01 -8.70360176E+01 -8.74764733E+01 -8.74724405E+01 -8.74983534E+01 -8.72231780E+01 -8.62478888E+01 -8.64507217E+01 -8.73036728E+01 -8.74842145E+01 -8.75095532E+01 -8.74360718E+01 -8.68407253E+01 -8.61028691E+01 -8.66350922E+01 -8.75025532E+01 -8.75284820E+01 -8.74928075E+01 -8.74135453E+01 -8.64494791E+01 -8.64096889E+01 -8.67559402E+01 -8.74763087E+01 -8.75135384E+01 -8.74421844E+01 -8.69759363E+01 -8.65155643E+01 -8.63501385E+01 -8.71681567E+01 -8.74431103E+01 -8.74663365E+01 -8.74194894E+01 -8.64258484E+01 -8.65637468E+01 -8.66520145E+01 -8.73674038E+01 -8.74804610E+01 -8.75329235E+01 -8.73946634E+01 -8.62127395E+01 -8.63957332E+01 -8.71063560E+01 -8.74146386E+01 -8.75486029E+01 -8.75152773E+01 -8.72489717E+01 -8.64339240E+01 -8.68245742E+01 -8.71158141E+01 -8.74184343E+01 -8.74956131E+01 -8.74080141E+01 -8.67644538E+01 -8.63934094E+01 -8.68263268E+01 -8.74003398E+01 -8.74916301E+01 -8.74736920E+01 -8.73934390E+01 -8.63205940E+01 -8.68642879E+01 -8.69300258E+01 -8.75289185E+01 -8.75115470E+01 -8.74801390E+01 -8.70915811E+01 -8.61912465E+01 -8.66074650E+01 -8.72675491E+01 -8.75374171E+01 -8.75015676E+01 -8.74786415E+01 -8.66268129E+01 -8.64500867E+01 -8.68968062E+01 -8.73744534E+01 -8.74300702E+01 -8.75246722E+01 -8.74006075E+01 -8.65163378E+01 -8.65761685E+01 -8.70715750E+01 -8.74892229E+01 -8.75101338E+01 -8.75320786E+01 -8.71286186E+01 -8.67022403E+01 -8.66759052E+01 -8.72513642E+01 -8.74768274E+01 -8.75189202E+01 -8.75018181E+01 -8.66730126E+01 -8.66982671E+01 -8.67959312E+01 -8.74411283E+01 -8.75426338E+01 -8.75192426E+01 -8.74351869E+01 -8.64955856E+01 -8.66305566E+01 -8.71289262E+01 -8.74246216E+01 -8.73916845E+01 -8.74375947E+01 -8.72394609E+01 -8.65654375E+01 -8.67054301E+01 -8.74277929E+01 -8.74755637E+01 -8.74482810E+01 -8.74076023E+01 -8.68404451E+01 -8.64289805E+01 -8.69995874E+01 -8.75382754E+01 -8.75710215E+01 -8.75024544E+01 -8.73044992E+01 -8.67430127E+01 -8.65973366E+01 -8.72833704E+01 -8.74668328E+01 -8.74362427E+01 -8.74431264E+01 -8.69930189E+01 -8.65690919E+01 -8.67189290E+01 -8.73317729E+01 -8.74031136E+01 -8.74345777E+01 -8.74640002E+01 -8.67265259E+01 -8.63979816E+01 -8.69229629E+01 -8.73772708E+01 -8.75035640E+01 -8.74913939E+01 -8.73847629E+01 -8.63157420E+01 -8.64280368E+01 -8.71973687E+01 -8.75191015E+01 -8.75653055E+01 -8.74870086E+01 -8.69730962E+01 -8.61295399E+01 -8.65502807E+01 -8.74047163E+01 -8.74546289E+01 -8.74551150E+01 -8.74061860E+01 -8.62578021E+01 -8.62793381E+01 -8.67768023E+01
 -8.62667103E+01 -8.47157315E+01 -8.29768605E+01 -8.51223397E+01 -8.65254070E+01 -8.71926454E+01 -8.65248786E+01 -8.62532876E+01 -8.47325456E+01 -8.34278629E+01 -8.57226223E+01 -8.68288602E+01 -8.69600637E+01 -8.63003152E+01 -8.60082686E+01 -8.45362822E+01 -8.46874677E+01 -8.59744353E+01 -8.71980433E+01 -8.69090697E+01 -8.61623335E+01 -8.56335730E+01 -8.40183702E+01 -8.52578470E+01 -8.60569520E+01 -8.73562169E+01 -8.67239136E+01 -8.63138538E+01 -8.52161659E+01 -8.38242616E+01 -8.60532226E+01 -8.69623535E+01 -8.72906300E+01 -8.67080852E+01 -8.59934563E+01 -8.44481217E+01 -8.39441699E+01 -8.64056583E+01 -8.72534326E+01 -8.70262661E+01 -8.66422468E+01 -8.57444960E+01 -8.37173425E+01 -8.55033779E+01 -8.68151739E+01 -8.72589754E+01 -8.66809306E+01 -8.61598363E+01 -8.50255643E+01 -8.35433457E+01 -8.61636187E+01 -8.70545863E+01 -8.70727056E+01 -8.63722434E+01 -8.59364169E+01 -8.45998844E+01 -8.42695100E+01 -8.65588613E+01 -8.69936637E+01 -8.68217242E+01 -8.61711472E+01 -8.57377034E+01 -8.32150800E+01 -8.52732082E+01 -8.68575500E+01 -8.71176708E+01 -8.67766531E+01 -8.57922105E+01 -8.48802937E+01 -8.27884631E+01 -8.62913946E+01 -8.69723755E+01 -8.70655798E+01 -8.63650112E+01 -8.56315275E+01 -8.39412155E+01 -8.41732024E+01 -8.65425461E+01 -8.69081165E+01 -8.69004005E+01 -8.61333205E+01 -8.58016981E+01 -8.37593152E+01 -8.54888009E+01 -8.68024678E+01 -8.69381930E+01 -8.65745811E+01 -8.62236131E+01 -8.52360344E+01 -8.38684987E+01 -8.62546132E+01 -8.69631160E+01 -8.68784145E+01 -8.62227456E+01 -8.61447693E+01 -8.41566590E+01 -8.43259919E+01 -8.69332249E+01 -8.70460126E+01 -8.67767999E+01 -8.65122002E+01 -8.57552388E+01 -8.34570066E+01 -8.57620078E+01 -8.70944487E+01 -8.68223849E+01 -8.67565116E+01 -8.62460722E+01 -8.49012116E+01 -8.38450301E+01 -8.67126780E+01 -8.70194922E+01 -8.66954992E+01 -8.66147865E+01 -8.57414250E+01 -8.37584174E+01 -8.47855361E+01 -8.68374006E+01 -8.71765081E+01 -8.69655885E+01 -8.64567106E+01 -8.50233258E+01 -8.37829512E+01 -8.58298957E+01 -8.70850805E+01 -8.71672529E+01 -8.66862808E+01 -8.60527603E+01 -8.43173483E+01 -8.39537712E+01 -8.64023836E+01 -8.71818607E+01 -8.69532961E+01 -8.64571487E+01 -8.57806365E+01 -8.38686910E+01 -8.46955856E+01 -8.69144172E+01 -8.72094569E+01 -8.68428081E+01 -8.63789136E+01 -8.55634458E+01 -8.35222814E+01 -8.56239590E+01 -8.70036466E+01 -8.72711552E+01 -8.68700684E+01 -8.64398914E+01 -8.44296845E+01 -8.32100099E+01 -8.60668905E+01 -8.69540539E+01 -8.72327400E+01 -8.63558052E+01 -8.61134941E+01 -8.33640632E+01 -8.41066510E+01 -8.62816768E+01 -8.72442433E+01 -8.69564349E+01 -8.60265159E+01 -8.56082953E+01 -8.31183957E+01 -8.49238673E+01 -8.66937342E+01 -8.72803723E+01 -8.66324789E+01 -8.63334504E+01 -8.45443322E+01 -8.28924491E+01 -8.56509505E+01 -8.67227530E+01 -8.73680620E+01 -8.65650688E+01 -8.58988810E+01 -8.32744484E+01 -8.39757484E+01 -8.59950610E+01 -8.69739375E+01 -8.69696398E+01 -8.61891506E+01 -8.47790413E+01 -8.24888037E+01 -8.49838397E+01 -8.62893378E+01 -8.71980748E+01 -8.63533622E+01 -8.61307462E+01 -8.37381609E+01 -8.29876370E+01 -8.55372074E+01 -8.66198383E+01 -8.72061847E+01 -8.62893641E+01 -8.57443423E+01 -8.33558666E+01 -8.40441284E+01 -8.61634015E+01 -8.71997337E+01 -8.68449164E+01
 -8.71590043E+01 -8.70114659E+01 -8.51035572E+01 -8.47651552E+01 -8.64673672E+01 -8.69433436E+01 -8.67508231E+01 -8.73996654E+01 -8.67838370E+01 -8.47456646E+01 -8.54636667E+01 -8.70448389E+01 -8.66744202E+01 -8.67067161E+01 -8.72702519E+01 -8.60517391E+01 -8.47441265E+01 -8.62392002E+01 -8.71013241E+01 -8.64430116E+01 -8.69677737E+01 -8.72448747E+01 -8.54392200E+01 -8.50500334E+01 -8.68807053E+01 -8.67464798E+01 -8.64347593E+01 -8.71053068E+01 -8.67386271E+01 -8.49118196E+01 -8.57962303E+01 -8.71497303E+01 -8.64772060E+01 -8.63107465E+01 -8.69860732E+01 -8.61072245E+01 -8.48516792E+01 -8.63722647E+01 -8.69457690E+01 -8.63448280E+01 -8.64075996E+01 -8.66004302E+01 -8.55820994E+01 -8.46665415E+01 -8.68130454E+01 -8.70753835E+01 -8.62196317E+01 -8.65638368E+01 -8.61944387E+01 -8.49066488E+01 -8.53591042E+01 -8.71266549E+01 -8.67088206E+01 -8.63518458E+01 -8.64791507E+01 -8.61463678E+01 -8.50660736E+01 -8.64760022E+01 -8.71036495E+01 -8.61931227E+01 -8.67670296E+01 -8.66038382E+01 -8.54013301E+01 -8.54453708E+01 -8.68126446E+01 -8.68305981E+01 -8.62576484E+01 -8.68787449E+01 -8.62585089E+01 -8.54174245E+01 -8.55432890E+01 -8.71076513E+01 -8.63639589E+01 -8.67913341E+01 -8.67396908E+01 -8.58417882E+01 -8.52575916E+01 -8.65239292E+01 -8.69453642E+01 -8.64414722E+01 -8.68359258E+01 -8.66779860E+01 -8.53738840E+01 -8.54196552E+01 -8.70766382E+01 -8.69025987E+01 -8.64359931E+01 -8.65983731E+01 -8.64108235E+01 -8.52682976E+01 -8.64318806E+01 -8.70967856E+01 -8.64634887E+01 -8.63999767E+01 -8.66567065E+01 -8.58620441E+01 -8.54251054E+01 -8.65193567E+01 -8.71544797E+01 -8.64951930E+01 -8.68417718E+01 -8.67655923E+01 -8.51353292E+01 -8.56689028E+01 -8.68933058E+01 -8.69637651E+01 -8.62380186E+01 -8.68529099E+01 -8.65223722E+01 -8.49291676E+01 -8.60422306E+01 -8.71422160E+01 -8.66731244E+01 -8.68196885E+01 -8.71379206E+01 -8.59574694E+01 -8.48555271E+01 -8.62249023E+01 -8.72863986E+01 -8.63151200E+01 -8.70590595E+01 -8.68719785E+01 -8.49764491E+01 -8.50430566E+01 -8.67400555E+01 -8.69671966E+01 -8.66592731E+01 -8.71148611E+01 -8.64124287E+01 -8.41690211E+01 -8.55426150E+01 -8.71485147E+01 -8.67234350E+01 -8.70681588E+01 -8.70896040E+01 -8.55824116E+01 -8.43902875E+01 -8.61893146E+01 -8.71018708E+01 -8.64410607E+01 -8.71284741E+01 -8.67388272E+01 -8.50162676E+01 -8.52863340E+01 -8.66019175E+01 -8.70491645E+01 -8.66343901E+01 -8.71837712E+01 -8.64196681E+01 -8.48744848E+01 -8.54525687E+01 -8.68840829E+01 -8.67257876E+01 -8.69582916E+01 -8.69501428E+01 -8.57310621E+01 -8.47860652E+01 -8.58459350E+01 -8.69249507E+01 -8.63388795E+01 -8.69830360E+01 -8.66422297E+01 -8.55764631E+01 -8.51446185E+01 -8.65178695E+01 -8.70043976E+01 -8.62668180E+01 -8.69286877E+01 -8.61545229E+01 -8.51212359E+01 -8.53347146E+01 -8.69266405E+01 -8.66592065E+01 -8.67328787E+01 -8.69463687E+01 -8.60176272E+01 -8.49269734E+01 -8.60984024E+01 -8.71517958E+01 -8.64653504E+01 -8.70074843E+01 -8.68530255E+01 -8.56029154E+01 -8.48266114E+01 -8.64600712E+01 -8.69679118E+01 -8.64883139E+01 -8.69962471E+01 -8.64332687E+01 -8.45616202E+01 -8.52810033E+01 -8.69822276E+01 -8.66864563E+01 -8.69750472E+01 -8.69784167E+01 -8.61172544E+01 -8.43774414E+01 -8.57266682E+01 -8.70946356E+01 -8.68372206E+01
 -8.50525477E+01 -8.51248188E+01 -8.55467585E+01 -8.64708320E+01 -8.65056833E+01 -8.60600956E+01 -8.55751022E+01 -8.49492180E+01 -8.50106757E+01 -8.60713693E+01 -8.64698891E+01 -8.65789508E+01 -8.59384397E+01 -8.52084783E+01 -8.47912993E+01 -8.55462812E+01 -8.59423719E+01 -8.66544632E+01 -8.62349930E+01 -8.57003194E+01 -8.50325283E+01 -8.48182450E+01 -8.61966024E+01 -8.60491399E+01 -8.68030203E+01 -8.61887325E+01 -8.52809700E+01 -8.49585734E+01 -8.48192779E+01 -8.62778400E+01 -8.62763597E+01 -8.67554868E+01 -8.58637577E+01 -8.45483297E+01 -8.47550257E+01 -8.52462917E+01 -8.60017683E+01 -8.67045249E+01 -8.66072793E+01 -8.48781178E+01 -8.48050827E+01 -8.44896891E+01 -8.56974961E+01 -8.57092161E+01 -8.67673645E+01 -8.59614158E+01 -8.47757751E+01 -8.45041631E+01 -8.46877990E+01 -8.59592989E+01 -8.61826590E+01 -8.67633556E+01 -8.52426735E+01 -8.47003345E+01 -8.46457881E+01 -8.55165911E+01 -8.58077870E+01 -8.65071294E+01 -8.65729394E+01 -8.46944471E+01 -8.43763579E+01 -8.52990248E+01 -8.57407856E+01 -8.58411428E+01 -8.67989923E+01 -8.60007988E+01 -8.44696486E+01 -8.45249857E+01 -8.55722489E+01 -8.61227818E+01 -8.64933276E+01 -8.66990201E+01 -8.50623188E+01 -8.32894821E+01 -8.46506208E+01 -8.56528886E+01 -8.61873626E+01 -8.65405116E+01 -8.65458270E+01 -8.45769727E+01 -8.39303322E+01 -8.43463284E+01 -8.57990010E+01 -8.63571317E+01 -8.64625572E+01 -8.58934949E+01 -8.41733525E+01 -8.46906945E+01 -8.51717371E+01 -8.62309062E+01 -8.64028979E+01 -8.66506055E+01 -8.56704189E+01 -8.43951331E+01 -8.46558141E+01 -8.55274532E+01 -8.61043283E+01 -8.63759306E+01 -8.64789887E+01 -8.55536859E+01 -8.44018099E+01 -8.52289714E+01 -8.58661717E+01 -8.60259190E+01 -8.65792247E+01 -8.63029888E+01 -8.53770299E+01 -8.49771288E+01 -8.56810449E+01 -8.60471580E+01 -8.63066769E+01 -8.67699232E+01 -8.60990862E+01 -8.53139441E+01 -8.51268925E+01 -8.59888403E+01 -8.60958927E+01 -8.63976168E+01 -8.65642685E+01 -8.58024026E+01 -8.52906385E+01 -8.56721509E+01 -8.62892165E+01 -8.61308257E+01 -8.64247182E+01 -8.63958637E+01 -8.59839615E+01 -8.48536263E+01 -8.60499203E+01 -8.60769292E+01 -8.62877073E+01 -8.65902111E+01 -8.59698215E+01 -8.51497817E+01 -8.50085694E+01 -8.63941407E+01 -8.58662509E+01 -8.63964080E+01 -8.64600797E+01 -8.61193674E+01 -8.50381785E+01 -8.54421845E+01 -8.63405287E+01 -8.59911440E+01 -8.66672685E+01 -8.62437497E+01 -8.58818107E+01 -8.56080350E+01 -8.59706477E+01 -8.58494081E+01 -8.64318225E+01 -8.68798787E+01 -8.63250211E+01 -8.55075510E+01 -8.51592698E+01 -8.62373443E+01 -8.58616975E+01 -8.65044257E+01 -8.66359068E+01 -8.60383436E+01 -8.47962316E+01 -8.56808750E+01 -8.58391232E+01 -8.61070073E+01 -8.64783129E+01 -8.60525850E+01 -8.53578048E+01 -8.47422062E+01 -8.55032198E+01 -8.59299875E+01 -8.66594788E+01 -8.60804119E+01 -8.57631808E+01 -8.51784060E+01 -8.52360112E+01 -8.56308224E+01 -8.60884245E+01 -8.66211840E+01 -8.60323504E+01 -8.56150036E+01 -8.48741479E+01 -8.55962401E+01 -8.56621481E+01 -8.62323578E+01 -8.63583658E+01 -8.60339753E+01 -8.55937049E+01 -8.53093067E+01 -8.54911347E+01 -8.58210090E+01 -8.67522845E+01 -8.64695424E+01 -8.58221906E+01 -8.51288409E+01 -8.50887597E+01 -8.51177904E+01 -8.60330277E+01 -8.67910894E+01 -8.62676467E+01 -8.58473774E+01
 -8.61523916E+01 -8.58715876E+01 -8.56251293E+01 -8.63943889E+01 -8.55752069E+01 -8.33767506E+01 -8.58706488E+01 -8.66994312E+01 -8.54008529E+01 -8.60794678E+01 -8.65655380E+01 -8.43835165E+01 -8.45270039E+01 -8.63608365E+01 -8.60248171E+01 -8.45506825E+01 -8.66283476E+01 -8.61900553E+01 -8.38214862E+01 -8.51892866E+01 -8.66956593E+01 -8.52678433E+01 -8.51472343E+01 -8.68986549E+01 -8.53443026E+01 -8.36760234E+01 -8.62381059E+01 -8.66889574E+01 -8.45857653E+01 -8.62382889E+01 -8.65982169E+01 -8.41559228E+01 -8.49174609E+01 -8.67774763E+01 -8.61184380E+01 -8.46773777E+01 -8.67806844E+01 -8.58865118E+01 -8.38934641E+01 -8.55620599E+01 -8.68704220E+01 -8.53619990E+01 -8.52880737E+01 -8.68399764E+01 -8.50458837E+01 -8.42679938E+01 -8.62146326E+01 -8.66591146E+01 -8.48585940E+01 -8.62024937E+01 -8.67619131E+01 -8.40748308E+01 -8.45701966E+01 -8.64562349E+01 -8.61047983E+01 -8.51996541E+01 -8.65931254E+01 -8.64197500E+01 -8.35235169E+01 -8.49986454E+01 -8.70416407E+01 -8.57432101E+01 -8.58471400E+01 -8.69075153E+01 -8.51129667E+01 -8.33367263E+01 -8.55605362E+01 -8.67329921E+01 -8.52473456E+01 -8.64935335E+01 -8.66811088E+01 -8.42135707E+01 -8.35527593E+01 -8.64096840E+01 -8.63325786E+01 -8.52572037E+01 -8.65925864E+01 -8.64782814E+01 -8.31322281E+01 -8.45714103E+01 -8.66544587E+01 -8.57926889E+01 -8.58298891E+01 -8.67947252E+01 -8.54543941E+01 -8.30346069E+01 -8.57495842E+01 -8.67274984E+01 -8.53400680E+01 -8.62911789E+01 -8.66291818E+01 -8.40860781E+01 -8.31982525E+01 -8.64897727E+01 -8.60636130E+01 -8.51928756E+01 -8.67992196E+01 -8.62902964E+01 -8.24912855E+01 -8.49314201E+01 -8.67869424E+01 -8.56472766E+01 -8.54715426E+01 -8.70998849E+01 -8.49613422E+01 -8.29801177E+01 -8.60448504E+01 -8.66347101E+01 -8.54472157E+01 -8.63694716E+01 -8.65343226E+01 -8.35142187E+01 -8.43646903E+01 -8.65444370E+01 -8.64275342E+01 -8.54619825E+01 -8.66864305E+01 -8.58835838E+01 -8.42335146E+01 -8.57138742E+01 -8.68125521E+01 -8.59645310E+01 -8.58573798E+01 -8.63263294E+01 -8.53532895E+01 -8.38441647E+01 -8.59723441E+01 -8.67573450E+01 -8.55272751E+01 -8.61713362E+01 -8.60219205E+01 -8.48468748E+01 -8.47790283E+01 -8.61330414E+01 -8.61913643E+01 -8.53125598E+01 -8.64250422E+01 -8.62195230E+01 -8.47177227E+01 -8.53524966E+01 -8.66577212E+01 -8.56236222E+01 -8.61763861E+01 -8.64289785E+01 -8.57150965E+01 -8.49721184E+01 -8.57933822E+01 -8.67619268E+01 -8.51232846E+01 -8.62807828E+01 -8.62517799E+01 -8.51336340E+01 -8.52442220E+01 -8.64360473E+01 -8.63261842E+01 -8.54774217E+01 -8.65926314E+01 -8.66424638E+01 -8.53417169E+01 -8.55325915E+01 -8.65516303E+01 -8.58985038E+01 -8.56413986E+01 -8.66447410E+01 -8.63020460E+01 -8.45098845E+01 -8.59190340E+01 -8.64704896E+01 -8.56577470E+01 -8.62928945E+01 -8.68099008E+01 -8.55023508E+01 -8.47760944E+01 -8.62841438E+01 -8.64154582E+01 -8.56811047E+01 -8.65896726E+01 -8.68264881E+01 -8.45381005E+01 -8.47453949E+01 -8.66257636E+01 -8.60657075E+01 -8.59856858E+01 -8.66605342E+01 -8.60662293E+01 -8.34571802E+01 -8.59534436E+01 -8.66044085E+01 -8.56061163E+01 -8.60684595E+01 -8.66203036E+01 -8.49257443E+01 -8.43201403E+01 -8.61841034E+01 -8.63647427E+01 -8.55252053E+01 -8.63397307E+01 -8.61914148E+01 -8.41657071E+01 -8.49649238E+01
 -8.46789590E+01 -8.62058469E+01 -8.62260797E+01 -8.68598984E+01 -8.70979213E+01 -8.55735901E+01 -8.40443693E+01 -8.55954988E+01 -8.64200406E+01 -8.61885146E+01 -8.71667250E+01 -8.66751319E+01 -8.41149454E+01 -8.42568414E+01 -8.60822654E+01 -8.64514250E+01 -8.64069626E+01 -8.71162727E+01 -8.61054153E+01 -8.39431651E+01 -8.45713057E+01 -8.65240444E+01 -8.62840981E+01 -8.66264526E+01 -8.69240506E+01 -8.47653094E+01 -8.40825171E+01 -8.58927781E+01 -8.67353855E+01 -8.60083022E+01 -8.67336640E+01 -8.66776499E+01 -8.38525257E+01 -8.43504027E+01 -8.63253443E+01 -8.65104876E+01 -8.63280174E+01 -8.68425646E+01 -8.60296708E+01 -8.38128209E+01 -8.53747840E+01 -8.63872355E+01 -8.64693865E+01 -8.63184340E+01 -8.67781294E+01 -8.51399050E+01 -8.39421318E+01 -8.58845601E+01 -8.63024535E+01 -8.61507430E+01 -8.66198991E+01 -8.64635769E+01 -8.42260400E+01 -8.48198207E+01 -8.62402378E+01 -8.63392973E+01 -8.61249678E+01 -8.68784457E+01 -8.59193774E+01 -8.37618146E+01 -8.53736876E+01 -8.62362517E+01 -8.63802178E+01 -8.65709988E+01 -8.67566902E+01 -8.47535065E+01 -8.34564335E+01 -8.55274709E+01 -8.63575860E+01 -8.58931842E+01 -8.68830685E+01 -8.65372683E+01 -8.41040972E+01 -8.42688552E+01 -8.62817205E+01 -8.63329440E+01 -8.62240965E+01 -8.69346233E+01 -8.58984932E+01 -8.31459870E+01 -8.49742427E+01 -8.62217914E+01 -8.63596432E+01 -8.65818832E+01 -8.64155179E+01 -8.53305386E+01 -8.30516201E+01 -8.56787108E+01 -8.63167611E+01 -8.59638348E+01 -8.68610235E+01 -8.60802005E+01 -8.39270201E+01 -8.38038617E+01 -8.60649259E+01 -8.61485862E+01 -8.65520817E+01 -8.66914757E+01 -8.56401093E+01 -8.32259938E+01 -8.48155947E+01 -8.65338476E+01 -8.59674342E+01 -8.69420754E+01 -8.62051758E+01 -8.47163595E+01 -8.34390026E+01 -8.57585272E+01 -8.64068518E+01 -8.62446522E+01 -8.70773127E+01 -8.58758001E+01 -8.39958236E+01 -8.39130655E+01 -8.64484706E+01 -8.62856991E+01 -8.69688494E+01 -8.68619196E+01 -8.56328381E+01 -8.37745717E+01 -8.47617244E+01 -8.67974944E+01 -8.65116872E+01 -8.71842187E+01 -8.64384889E+01 -8.48352226E+01 -8.37731104E+01 -8.55654888E+01 -8.66347900E+01 -8.68926743E+01 -8.70511988E+01 -8.62498443E+01 -8.44160831E+01 -8.35844647E+01 -8.63009814E+01 -8.65058682E+01 -8.70308744E+01 -8.68921628E+01 -8.57183241E+01 -8.37133496E+01 -8.43908152E+01 -8.68288107E+01 -8.66930324E+01 -8.70625328E+01 -8.66317555E+01 -8.51772212E+01 -8.30636557E+01 -8.51454037E+01 -8.67451205E+01 -8.70222152E+01 -8.71432640E+01 -8.61886005E+01 -8.40691333E+01 -8.35123014E+01 -8.63113040E+01 -8.65130948E+01 -8.69692971E+01 -8.71034291E+01 -8.61358300E+01 -8.36521058E+01 -8.44004593E+01 -8.64486246E+01 -8.64874119E+01 -8.70171633E+01 -8.67171656E+01 -8.53446535E+01 -8.38505873E+01 -8.54849830E+01 -8.64875410E+01 -8.67056395E+01 -8.71881722E+01 -8.65402210E+01 -8.43193041E+01 -8.42901061E+01 -8.61326252E+01 -8.62716299E+01 -8.64612484E+01 -8.70232040E+01 -8.61392835E+01 -8.39139760E+01 -8.51141943E+01 -8.61271246E+01 -8.62475768E+01 -8.65558225E+01 -8.69306181E+01 -8.52647263E+01 -8.40232597E+01 -8.54897542E+01 -8.60011897E+01 -8.62937244E+01 -8.71445932E+01 -8.67763194E+01 -8.45177331E+01 -8.40592000E+01 -8.56788074E+01 -8.64526018E+01 -8.65416166E+01 -8.70581309E+01 -8.63147244E+01 -8.36575729E+01
 -8.50917245E+01 -8.47990516E+01 -8.60058406E+01 -8.62497750E+01 -8.67477085E+01 -8.68628043E+01 -8.54634284E+01 -8.52230900E+01 -8.48615166E+01 -8.60340909E+01 -8.68570007E+01 -8.67163908E+01 -8.60353538E+01 -8.52875765E+01 -8.53214177E+01 -8.52936827E+01 -8.61109148E+01 -8.65668784E+01 -8.70361888E+01 -8.55981870E+01 -8.47975579E+01 -8.58972955E+01 -8.59496396E+01 -8.64157284E+01 -8.67161522E+01 -8.69428604E+01 -8.50325428E+01 -8.40700250E+01 -8.58046878E+01 -8.57466193E+01 -8.64359562E+01 -8.68053555E+01 -8.62338389E+01 -8.45432219E+01 -8.46855599E+01 -8.53184860E+01 -8.58696668E+01 -8.59666165E+01 -8.69209503E+01 -8.56268124E+01 -8.41465315E+01 -8.48801907E+01 -8.50357948E+01 -8.57498410E+01 -8.64536647E+01 -8.68287729E+01 -8.51098628E+01 -8.38844723E+01 -8.47410208E+01 -8.47906304E+01 -8.59603127E+01 -8.69599789E+01 -8.63259002E+01 -8.53390761E+01 -8.43423224E+01 -8.36500920E+01 -8.58461147E+01 -8.63833260E+01 -8.69805236E+01 -8.59586685E+01 -8.43904280E+01 -8.50880621E+01 -8.49570998E+01 -8.57683262E+01 -8.67910247E+01 -8.65884893E+01 -8.57594846E+01 -8.47221921E+01 -8.52969455E+01 -8.49947011E+01 -8.60674101E+01 -8.68705096E+01 -8.68011851E+01 -8.54235239E+01 -8.51178100E+01 -8.45539902E+01 -8.55732270E+01 -8.57424368E+01 -8.67659377E+01 -8.59408909E+01 -8.47869157E+01 -8.54406180E+01 -8.51386511E+01 -8.55045088E+01 -8.58313077E+01 -8.66292431E+01 -8.55585062E+01 -8.39782684E+01 -8.53772501E+01 -8.51602046E+01 -8.54258963E+01 -8.61344856E+01 -8.63366821E+01 -8.49424552E+01 -8.45317663E+01 -8.50404866E+01 -8.52671871E+01 -8.61621266E+01 -8.64733651E+01 -8.58051400E+01 -8.49059615E+01 -8.51250752E+01 -8.44596703E+01 -8.59177772E+01 -8.63086644E+01 -8.66165384E+01 -8.52932527E+01 -8.46731713E+01 -8.46192186E+01 -8.41172887E+01 -8.61747548E+01 -8.67996426E+01 -8.66376253E+01 -8.46483991E+01 -8.46991409E+01 -8.44892643E+01 -8.48905769E+01 -8.65205423E+01 -8.70890565E+01 -8.59071149E+01 -8.42688557E+01 -8.47001227E+01 -8.38555235E+01 -8.58098109E+01 -8.68755169E+01 -8.72214715E+01 -8.44763780E+01 -8.37638819E+01 -8.49169476E+01 -8.46056144E+01 -8.61767171E+01 -8.73271418E+01 -8.68272600E+01 -8.37964516E+01 -8.39023658E+01 -8.43187361E+01 -8.56089528E+01 -8.65358009E+01 -8.73945243E+01 -8.53295263E+01 -8.36441364E+01 -8.53164638E+01 -8.48358691E+01 -8.57024292E+01 -8.69433694E+01 -8.72817137E+01 -8.44565656E+01 -8.43398435E+01 -8.54351385E+01 -8.57807188E+01 -8.60528070E+01 -8.70532053E+01 -8.68040909E+01 -8.49795362E+01 -8.51118209E+01 -8.51528088E+01 -8.61000646E+01 -8.63955220E+01 -8.71058766E+01 -8.57717371E+01 -8.47143808E+01 -8.57984889E+01 -8.49058932E+01 -8.61462015E+01 -8.65286873E+01 -8.69975658E+01 -8.53879213E+01 -8.50387516E+01 -8.53879127E+01 -8.58226952E+01 -8.61099099E+01 -8.66536538E+01 -8.68663149E+01 -8.48556675E+01 -8.54113264E+01 -8.50411817E+01 -8.60778574E+01 -8.64254210E+01 -8.69034321E+01 -8.60336845E+01 -8.56536060E+01 -8.51987212E+01 -8.53999731E+01 -8.62967129E+01 -8.69562361E+01 -8.67981093E+01 -8.53462041E+01 -8.59052495E+01 -8.46940383E+01 -8.61366408E+01 -8.63379820E+01 -8.67746733E+01 -8.64427548E+01 -8.47082777E+01 -8.58438852E+01 -8.54028991E+01 -8.61231916E+01 -8.65961563E+01 -8.68750394E+01 -8.59113035E+01
 -8.74959059E+01 -8.68126696E+01 -8.55156288E+01 -8.44708207E+01 -8.40621663E+01 -8.62699661E+01 -8.74626410E+01 -8.73705391E+01 -8.60769969E+01 -8.52071797E+01 -8.44487018E+01 -8.44486291E+01 -8.68300103E+01 -8.75050468E+01 -8.68652301E+01 -8.57254713E+01 -8.52967602E+01 -8.44452728E+01 -8.45150315E+01 -8.71346918E+01 -8.74970583E+01 -8.64840491E+01 -8.56526802E+01 -8.52487888E+01 -8.42734989E+01 -8.57046738E+01 -8.73007556E+01 -8.72561091E+01 -8.59965031E+01 -8.52870754E+01 -8.48240340E+01 -8.44778097E+01 -8.65030779E+01 -8.73851240E+01 -8.66854109E+01 -8.58881692E+01 -8.55661609E+01 -8.42629964E+01 -8.53469495E+01 -8.69116332E+01 -8.74585520E+01 -8.61821755E+01 -8.54562421E+01 -8.51689277E+01 -8.46192022E+01 -8.58300750E+01 -8.72289669E+01 -8.70262406E+01 -8.53377143E+01 -8.53738000E+01 -8.43407670E+01 -8.43981065E+01 -8.64316297E+01 -8.74030031E+01 -8.66185261E+01 -8.56404589E+01 -8.53724901E+01 -8.38847809E+01 -8.52625004E+01 -8.71735723E+01 -8.74462056E+01 -8.61485713E+01 -8.54600023E+01 -8.47309714E+01 -8.44729616E+01 -8.62080223E+01 -8.73832948E+01 -8.71606777E+01 -8.55660423E+01 -8.49484582E+01 -8.46024064E+01 -8.46030358E+01 -8.68602649E+01 -8.74935731E+01 -8.69695271E+01 -8.52239006E+01 -8.47754695E+01 -8.38122468E+01 -8.54615811E+01 -8.71999509E+01 -8.74416508E+01 -8.64413950E+01 -8.51202528E+01 -8.45335351E+01 -8.34115654E+01 -8.64723252E+01 -8.74481708E+01 -8.73019717E+01 -8.58072770E+01 -8.51093144E+01 -8.41188527E+01 -8.48115641E+01 -8.71302813E+01 -8.74610488E+01 -8.72561081E+01 -8.56111413E+01 -8.49900492E+01 -8.37715845E+01 -8.63518196E+01 -8.72991839E+01 -8.74171577E+01 -8.66335046E+01 -8.56694094E+01 -8.47940025E+01 -8.50463886E+01 -8.70079070E+01 -8.74635306E+01 -8.74585775E+01 -8.61412226E+01 -8.52133132E+01 -8.46449141E+01 -8.58302393E+01 -8.72377271E+01 -8.75727866E+01 -8.72141393E+01 -8.57654367E+01 -8.46320505E+01 -8.47109969E+01 -8.64276090E+01 -8.74137750E+01 -8.74808043E+01 -8.64622251E+01 -8.54271021E+01 -8.41263802E+01 -8.55580008E+01 -8.68527767E+01 -8.74946425E+01 -8.74453096E+01 -8.57501105E+01 -8.48760774E+01 -8.44702165E+01 -8.56697925E+01 -8.73608111E+01 -8.75147219E+01 -8.70872278E+01 -8.53521685E+01 -8.48274077E+01 -8.51145951E+01 -8.58799493E+01 -8.74036800E+01 -8.75652604E+01 -8.67605324E+01 -8.49344355E+01 -8.44397388E+01 -8.54579056E+01 -8.65003401E+01 -8.74858361E+01 -8.73402288E+01 -8.63562462E+01 -8.51336514E+01 -8.41781479E+01 -8.52099690E+01 -8.67817982E+01 -8.74606886E+01 -8.71834912E+01 -8.55488859E+01 -8.45022363E+01 -8.42614977E+01 -8.54079223E+01 -8.70159277E+01 -8.74139761E+01 -8.67830818E+01 -8.48365273E+01 -8.41895549E+01 -8.40995906E+01 -8.60316290E+01 -8.74010092E+01 -8.74095315E+01 -8.63279563E+01 -8.39852551E+01 -8.41089659E+01 -8.48363835E+01 -8.68477248E+01 -8.75019022E+01 -8.72875361E+01 -8.56387218E+01 -8.40298898E+01 -8.47150708E+01 -8.54144176E+01 -8.73848668E+01 -8.75108225E+01 -8.66613162E+01 -8.52333850E+01 -8.37862984E+01 -8.47183116E+01 -8.62508916E+01 -8.75199833E+01 -8.74919067E+01 -8.64462729E+01 -8.53025609E+01 -8.39056195E+01 -8.47237906E+01 -8.69906978E+01 -8.74842875E+01 -8.72094930E+01 -8.58456004E+01 -8.44663557E+01 -8.42986599E+01 -8.56687736E+01 -8.73036185E+01
 -8.61032665E+01 -8.48000873E+01 -8.69157280E+01 -8.59803323E+01 -8.59582284E+01 -8.56397838E+01 -8.65614525E+01 -8.54694713E+01 -8.56681454E+01 -8.66740140E+01 -8.56694953E+01 -8.57253095E+01 -8.63911394E+01 -8.62522282E+01 -8.49985270E+01 -8.63427703E+01 -8.62208303E+01 -8.58872626E+01 -8.53732541E+01 -8.65474128E+01 -8.56641407E+01 -8.52826234E+01 -8.68006237E+01 -8.56944775E+01 -8.56939692E+01 -8.54815594E+01 -8.64369001E+01 -8.48775457E+01 -8.59363904E+01 -8.66125302E+01 -8.55242535E+01 -8.53489340E+01 -8.59745437E+01 -8.61200561E+01 -8.48694566E+01 -8.65267912E+01 -8.58293819E+01 -8.56342714E+01 -8.50979929E+01 -8.60295446E+01 -8.53340887E+01 -8.52996149E+01 -8.65438144E+01 -8.55468256E+01 -8.53396494E+01 -8.52197896E+01 -8.55370851E+01 -8.50818922E+01 -8.56450851E+01 -8.63860978E+01 -8.50851449E+01 -8.43362220E+01 -8.51768032E+01 -8.55925215E+01 -8.50372280E+01 -8.62790339E+01 -8.57911404E+01 -8.50316129E+01 -8.44588950E+01 -8.59556711E+01 -8.52337058E+01 -8.54338622E+01 -8.64728307E+01 -8.56029247E+01 -8.47923710E+01 -8.56611846E+01 -8.56870464E+01 -8.51028741E+01 -8.57559918E+01 -8.61621225E+01 -8.55740826E+01 -8.52336734E+01 -8.61882262E+01 -8.54574474E+01 -8.52672344E+01 -8.62320868E+01 -8.57812208E+01 -8.55411201E+01 -8.54422684E+01 -8.61490489E+01 -8.50221983E+01 -8.58629102E+01 -8.66120187E+01 -8.60087419E+01 -8.54147060E+01 -8.53325298E+01 -8.57943578E+01 -8.53170153E+01 -8.61137942E+01 -8.62888032E+01 -8.55977473E+01 -8.54194077E+01 -8.61209325E+01 -8.54549707E+01 -8.56793642E+01 -8.61531068E+01 -8.57490020E+01 -8.54997410E+01 -8.54222811E+01 -8.61297673E+01 -8.55069917E+01 -8.57171199E+01 -8.66466526E+01 -8.56624461E+01 -8.53571755E+01 -8.53142661E+01 -8.63234780E+01 -8.55685999E+01 -8.58483746E+01 -8.65538315E+01 -8.54901850E+01 -8.50327298E+01 -8.54676577E+01 -8.57238872E+01 -8.55588254E+01 -8.62511253E+01 -8.60153255E+01 -8.54144620E+01 -8.48981017E+01 -8.61172688E+01 -8.51944657E+01 -8.55790136E+01 -8.63037289E+01 -8.57635370E+01 -8.52198650E+01 -8.50636001E+01 -8.64059135E+01 -8.53541914E+01 -8.59535883E+01 -8.66277891E+01 -8.52941408E+01 -8.52502954E+01 -8.56158143E+01 -8.61344193E+01 -8.47762315E+01 -8.63312242E+01 -8.62867539E+01 -8.49865342E+01 -8.48329107E+01 -8.64034043E+01 -8.54435675E+01 -8.43377411E+01 -8.66788768E+01 -8.56320815E+01 -8.54308402E+01 -8.53164934E+01 -8.63453404E+01 -8.43585507E+01 -8.51580388E+01 -8.64901510E+01 -8.52639807E+01 -8.52973706E+01 -8.61051774E+01 -8.62640289E+01 -8.43953039E+01 -8.60249180E+01 -8.62263872E+01 -8.55042089E+01 -8.52926760E+01 -8.68125266E+01 -8.56398909E+01 -8.40734540E+01 -8.66550338E+01 -8.56932847E+01 -8.55035539E+01 -8.59939439E+01 -8.66424004E+01 -8.51971289E+01 -8.51866816E+01 -8.68218286E+01 -8.55635531E+01 -8.57065512E+01 -8.63872497E+01 -8.64170168E+01 -8.45022399E+01 -8.58747127E+01 -8.61336275E+01 -8.55543981E+01 -8.56893056E+01 -8.65412956E+01 -8.63963879E+01 -8.43362566E+01 -8.64129653E+01 -8.56531445E+01 -8.55832248E+01 -8.57490097E+01 -8.66362370E+01 -8.55498355E+01 -8.50220395E+01 -8.61944680E+01 -8.56002757E+01 -8.57039149E+01 -8.63291236E+01 -8.64722661E+01 -8.46390735E+01 -8.64532925E+01 -8.59544626E+01 -8.56104747E+01 -8.54434592E+01 -8.65959417E+01
