# PIMCID: 70e3a439-024d-4062-bf5b-0640e6b539fb
#      0.000E+00       5.000E-01       1.000E+00       1.500E+00       2.000E+00       2.500E+00       3.000E+00       3.500E+00       4.000E+00       4.500E+00       5.000E+00       5.500E+00       6.000E+00       6.500E+00       7.000E+00       7.500E+00       8.000E+00       8.500E+00       9.000E+00       9.500E+00       1.000E+01       1.050E+01       1.100E+01       1.150E+01       1.200E+01       1.250E+01       1.300E+01       1.350E+01       1.400E+01       1.450E+01       1.500E+01       1.550E+01       1.600E+01       1.650E+01       1.700E+01       1.750E+01       1.800E+01       1.850E+01       1.900E+01       1.950E+01       2.000E+01       2.050E+01       2.100E+01       2.150E+01       2.200E+01       2.250E+01       2.300E+01       2.350E+01       2.400E+01       2.450E+01       2.500E+01       2.550E+01       2.600E+01       2.650E+01       2.700E+01       2.750E+01       2.800E+01       2.850E+01       2.900E+01       2.950E+01       3.000E+01       3.050E+01       3.100E+01       3.150E+01       3.200E+01       3.250E+01       3.300E+01       3.350E+01       3.400E+01       3.450E+01       3.500E+01       3.550E+01       3.600E+01       3.650E+01       3.700E+01       3.750E+01       3.800E+01       3.850E+01       3.900E+01       3.950E+01       4.000E+01       4.050E+01       4.100E+01       4.150E+01       4.200E+01       4.250E+01       4.300E+01       4.350E+01       4.400E+01       4.450E+01       4.500E+01       4.550E+01       4.600E+01       4.650E+01       4.700E+01       4.750E+01       4.800E+01       4.850E+01       4.900E+01       4.950E+01       5.000E+01       5.050E+01       5.100E+01       5.150E+01       5.200E+01       5.250E+01       5.300E+01       5.350E+01       5.400E+01       5.450E+01       5.500E+01       5.550E+01       5.600E+01       5.650E+01       5.700E+01       5.750E+01       5.800E+01       5.850E+01       5.900E+01       5.950E+01       6.000E+01       6.050E+01       6.100E+01       6.150E+01       6.200E+01       6.250E+01       6.300E+01       6.350E+01       6.400E+01       6.450E+01       6.500E+01       6.550E+01       6.600E+01       6.650E+01       6.700E+01       6.750E+01       6.800E+01       6.850E+01       6.900E+01       6.950E+01       7.000E+01       7.050E+01       7.100E+01       7.150E+01       7.200E+01       7.250E+01       7.300E+01       7.350E+01       7.400E+01       7.450E+01       7.500E+01       7.550E+01       7.600E+01       7.650E+01       7.700E+01       7.750E+01       7.800E+01       7.850E+01       7.900E+01       7.950E+01       8.000E+01       8.050E+01       8.100E+01       8.150E+01       8.200E+01       8.250E+01       8.300E+01       8.350E+01       8.400E+01       8.450E+01       8.500E+01       8.550E+01       8.600E+01       8.650E+01       8.700E+01       8.750E+01       8.800E+01       8.850E+01       8.900E+01       8.950E+01       9.000E+01       9.050E+01       9.100E+01       9.150E+01       9.200E+01       9.250E+01       9.300E+01       9.350E+01       9.400E+01       9.450E+01       9.500E+01       9.550E+01       9.600E+01       9.650E+01       9.700E+01       9.750E+01       9.800E+01       9.850E+01       9.900E+01       9.950E+01
 -8.00089648E+01 -7.86145087E+01 -7.85767847E+01 -8.05634239E+01 -8.28403714E+01 -8.24699531E+01 -8.06440149E+01 -7.92641081E+01 -7.90152731E+01 -7.93543366E+01 -8.20179086E+01 -8.34219509E+01 -8.14175682E+01 -7.99010962E+01 -7.88914833E+01 -7.92007111E+01 -8.02217250E+01 -8.27649158E+01 -8.25656744E+01 -8.10337226E+01 -7.97085844E+01 -7.91484362E+01 -7.93226153E+01 -8.11075336E+01 -8.29863007E+01 -8.17937982E+01 -8.02557256E+01 -7.96306017E+01 -7.90316761E+01 -7.92865699E+01 -8.20312905E+01 -8.26319334E+01 -8.11333591E+01 -7.96786575E+01 -7.96788673E+01 -7.91577859E+01 -7.99053349E+01 -8.23874513E+01 -8.28343727E+01 -8.06374657E+01 -7.97208371E+01 -7.91311330E+01 -7.94919749E+01 -8.08554652E+01 -8.29579509E+01 -8.19505135E+01 -7.99515988E+01 -7.98916360E+01 -7.89684884E+01 -7.92439164E+01 -8.16616485E+01 -8.29550226E+01 -8.12945609E+01 -8.02379809E+01 -7.94497716E+01 -7.85745887E+01 -7.94862404E+01 -8.24494364E+01 -8.32353289E+01 -8.07636607E+01 -7.97763453E+01 -7.85278574E+01 -7.84371497E+01 -8.08771586E+01 -8.30867606E+01 -8.30037280E+01 -8.00897927E+01 -7.94186005E+01 -7.88753163E+01 -7.98033066E+01 -8.16374098E+01 -8.36405485E+01 -8.20604880E+01 -7.94485907E+01 -7.90634217E+01 -7.86015622E+01 -8.02258469E+01 -8.21111693E+01 -8.37113172E+01 -8.11705466E+01 -7.97185961E+01 -7.86828998E+01 -7.90831799E+01 -8.08096295E+01 -8.29214960E+01 -8.31018433E+01 -8.04038092E+01 -8.00488011E+01 -7.82481176E+01 -7.98264980E+01 -8.11971582E+01 -8.29510505E+01 -8.22063400E+01 -8.03456016E+01 -7.90517184E+01 -7.82530600E+01 -8.08406697E+01 -8.22931564E+01 -8.34048883E+01 -8.17625273E+01 -8.05343799E+01 -7.81560094E+01 -7.95755742E+01 -8.17780498E+01 -8.31146419E+01 -8.32983291E+01 -8.14779893E+01 -7.89692693E+01 -7.77614597E+01 -8.05515748E+01 -8.20029962E+01 -8.32459436E+01 -8.29153248E+01 -8.07911295E+01 -7.80639311E+01 -7.81459401E+01 -8.07607824E+01 -8.22229316E+01 -8.32870392E+01 -8.23025389E+01 -8.00040170E+01 -7.81589323E+01 -7.91660606E+01 -8.14044900E+01 -8.23135649E+01 -8.33073401E+01 -8.18147275E+01 -7.97707931E+01 -7.81777568E+01 -7.97122441E+01 -8.19423531E+01 -8.29384758E+01 -8.34417200E+01 -8.17642967E+01 -7.83717522E+01 -7.91304609E+01 -8.08376122E+01 -8.20129210E+01 -8.31351442E+01 -8.26878807E+01 -8.04940368E+01 -7.85168856E+01 -7.97527822E+01 -8.15055943E+01 -8.22681598E+01 -8.35182540E+01 -8.23554015E+01 -7.94660716E+01 -7.86269036E+01 -8.05310842E+01 -8.15555525E+01 -8.34600666E+01 -8.26020264E+01 -8.08071313E+01 -7.84393551E+01 -7.90635448E+01 -8.15894977E+01 -8.18156085E+01 -8.30642299E+01 -8.22333320E+01 -8.01270916E+01 -7.87303099E+01 -7.98218498E+01 -8.14045941E+01 -8.27794537E+01 -8.29773317E+01 -8.14784811E+01 -7.96624885E+01 -7.92843496E+01 -8.05861690E+01 -8.15717523E+01 -8.36544443E+01 -8.24508690E+01 -8.09125719E+01 -7.89521774E+01 -8.00177504E+01 -8.06422548E+01 -8.19030247E+01 -8.35666415E+01 -8.19062064E+01 -7.98912414E+01 -7.91254416E+01 -7.99867959E+01 -8.04946503E+01 -8.27342963E+01 -8.25795082E+01 -8.07525934E+01 -7.89779526E+01 -7.86512466E+01 -7.96828490E+01 -8.11220681E+01 -8.32916748E+01 -8.19789874E+01 -8.00713466E+01 -7.87415581E+01 -7.82670405E+01 -7.97133725E+01 -8.20782170E+01 -8.31110674E+01 -8.12940085E+01
 -8.39422266E+01 -7.74628559E+01 -7.45206370E+01 -7.55266002E+01 -8.06199140E+01 -8.51052192E+01 -8.57490288E+01 -8.18920240E+01 -7.59295716E+01 -7.45345704E+01 -7.71842057E+01 -8.28274086E+01 -8.52068547E+01 -8.51327766E+01 -7.95624214E+01 -7.45556236E+01 -7.55306612E+01 -7.87592278E+01 -8.38089719E+01 -8.59017040E+01 -8.36210269E+01 -7.77005398E+01 -7.51462071E+01 -7.62915721E+01 -8.08240982E+01 -8.44034573E+01 -8.59058752E+01 -8.19619429E+01 -7.63335920E+01 -7.53648326E+01 -7.78297459E+01 -8.23177890E+01 -8.51246692E+01 -8.56762414E+01 -7.96268527E+01 -7.52260440E+01 -7.51354949E+01 -7.96584595E+01 -8.31027571E+01 -8.57411854E+01 -8.42091765E+01 -7.77247001E+01 -7.44517476E+01 -7.64846737E+01 -8.14577768E+01 -8.44203807E+01 -8.61852646E+01 -8.25935007E+01 -7.70097754E+01 -7.40728520E+01 -7.79192619E+01 -8.23413542E+01 -8.49818760E+01 -8.60509733E+01 -8.05493751E+01 -7.51198926E+01 -7.39458322E+01 -7.99161797E+01 -8.30293467E+01 -8.60344424E+01 -8.46677605E+01 -7.80476315E+01 -7.37210681E+01 -7.55377693E+01 -8.10053214E+01 -8.38229120E+01 -8.64452777E+01 -8.25997797E+01 -7.62481391E+01 -7.44335418E+01 -7.74237360E+01 -8.25215975E+01 -8.51106839E+01 -8.55918824E+01 -8.03591448E+01 -7.46818918E+01 -7.41613372E+01 -8.00148588E+01 -8.33385455E+01 -8.60432340E+01 -8.44813031E+01 -7.78505352E+01 -7.40990797E+01 -7.60270721E+01 -8.15896043E+01 -8.43838615E+01 -8.61346664E+01 -8.21441100E+01 -7.57939239E+01 -7.43799495E+01 -7.84419438E+01 -8.27788405E+01 -8.52384230E+01 -8.55467117E+01 -7.97025147E+01 -7.41914677E+01 -7.50692057E+01 -8.04263481E+01 -8.41398205E+01 -8.61309293E+01 -8.42721124E+01 -7.73761275E+01 -7.37787752E+01 -7.70108518E+01 -8.17140795E+01 -8.48054636E+01 -8.61273647E+01 -8.18499752E+01 -7.50829271E+01 -7.41294982E+01 -7.83253576E+01 -8.24881846E+01 -8.52759968E+01 -8.57385043E+01 -7.97143461E+01 -7.42723122E+01 -7.45973158E+01 -7.94787130E+01 -8.34366567E+01 -8.58546677E+01 -8.42055485E+01 -7.73894813E+01 -7.39111233E+01 -7.63726868E+01 -8.08246101E+01 -8.46269825E+01 -8.59007724E+01 -8.20465433E+01 -7.59184179E+01 -7.44440791E+01 -7.73429158E+01 -8.24530236E+01 -8.48390479E+01 -8.52776442E+01 -7.93155422E+01 -7.48873039E+01 -7.54372380E+01 -8.00185946E+01 -8.36975644E+01 -8.55321971E+01 -8.36325964E+01 -7.72206985E+01 -7.50394722E+01 -7.63948120E+01 -8.16498695E+01 -8.44073686E+01 -8.58297318E+01 -8.16329789E+01 -7.65663992E+01 -7.58333030E+01 -7.82127295E+01 -8.27388865E+01 -8.51969180E+01 -8.52368848E+01 -7.94960106E+01 -7.63636363E+01 -7.57073440E+01 -7.95723541E+01 -8.35809804E+01 -8.58652752E+01 -8.43318249E+01 -7.76839012E+01 -7.62965828E+01 -7.60143666E+01 -8.09778203E+01 -8.46462204E+01 -8.61095195E+01 -8.21601167E+01 -7.57455794E+01 -7.52449511E+01 -7.72321675E+01 -8.27545622E+01 -8.54570274E+01 -8.56230058E+01 -7.95539443E+01 -7.52856975E+01 -7.51618764E+01 -7.93920577E+01 -8.38817888E+01 -8.58240293E+01 -8.41912544E+01 -7.74325371E+01 -7.50941998E+01 -7.61502478E+01 -8.13640893E+01 -8.50014642E+01 -8.59976190E+01 -8.18669452E+01 -7.61300485E+01 -7.48206111E+01 -7.79857143E+01 -8.25639113E+01 -8.53209353E+01 -8.53982963E+01 -8.00232294E+01 -7.53257357E+01 -7.46432860E+01 -7.91072309E+01 -8.38162361E+01 -8.57095802E+01
 -8.06258489E+01 -7.95692454E+01 -8.06927559E+01 -8.32208735E+01 -8.09719572E+01 -8.00621492E+01 -8.00159515E+01 -8.05285105E+01 -7.83310809E+01 -8.24515602E+01 -8.25403824E+01 -8.02235178E+01 -7.96506788E+01 -8.06010387E+01 -8.01934625E+01 -7.90100594E+01 -8.34211523E+01 -8.17406156E+01 -8.01331600E+01 -7.96029017E+01 -8.10212762E+01 -7.89701372E+01 -8.07679986E+01 -8.30502669E+01 -8.10908892E+01 -7.97168139E+01 -7.97937041E+01 -8.00104011E+01 -7.83955116E+01 -8.22740759E+01 -8.24701010E+01 -8.05122496E+01 -7.93617755E+01 -8.00055504E+01 -7.93223584E+01 -7.89242898E+01 -8.29656821E+01 -8.21828412E+01 -8.01397301E+01 -7.93826899E+01 -8.03201152E+01 -7.86948616E+01 -8.02724513E+01 -8.30714679E+01 -8.15895070E+01 -7.96525499E+01 -8.04766541E+01 -8.09217698E+01 -7.85005961E+01 -8.18524134E+01 -8.29490519E+01 -8.07939505E+01 -7.96777880E+01 -8.06411322E+01 -7.95726261E+01 -7.88687963E+01 -8.28781604E+01 -8.19720450E+01 -7.97544047E+01 -7.96979204E+01 -8.10224710E+01 -7.88860902E+01 -8.01223089E+01 -8.30534946E+01 -8.10365406E+01 -7.90001104E+01 -8.06619383E+01 -8.08110728E+01 -7.88754736E+01 -8.15036648E+01 -8.27011818E+01 -8.09909526E+01 -7.94376949E+01 -8.08851224E+01 -8.00201269E+01 -7.88556049E+01 -8.28671222E+01 -8.18780339E+01 -8.01475443E+01 -7.99595650E+01 -8.13381919E+01 -7.93300531E+01 -8.01650975E+01 -8.25799015E+01 -8.13136990E+01 -7.93306613E+01 -8.01044017E+01 -8.12752506E+01 -7.89332103E+01 -8.12676934E+01 -8.19994737E+01 -8.06178849E+01 -7.91734158E+01 -8.17592735E+01 -8.04690118E+01 -7.97108706E+01 -8.26240219E+01 -8.10544190E+01 -7.99421025E+01 -7.93682988E+01 -8.17783171E+01 -7.94518396E+01 -8.09390370E+01 -8.27931237E+01 -8.13082839E+01 -7.92404948E+01 -8.03240814E+01 -8.12937682E+01 -7.89471523E+01 -8.19291778E+01 -8.24706320E+01 -8.02608462E+01 -7.87481596E+01 -8.11721426E+01 -7.96525884E+01 -7.90809544E+01 -8.25198627E+01 -8.17076706E+01 -7.99982741E+01 -7.92713599E+01 -8.12099945E+01 -7.85738281E+01 -8.05533473E+01 -8.30352719E+01 -8.11769317E+01 -7.95733175E+01 -8.04512786E+01 -8.07286679E+01 -7.83543447E+01 -8.16581581E+01 -8.29154462E+01 -8.04742498E+01 -7.94482323E+01 -8.07784687E+01 -7.94176601E+01 -7.86205225E+01 -8.30295392E+01 -8.16454460E+01 -7.97551158E+01 -7.93842254E+01 -8.05093135E+01 -7.82354399E+01 -8.04930224E+01 -8.31560200E+01 -8.13810065E+01 -7.88782423E+01 -7.97147749E+01 -8.00786709E+01 -7.83860199E+01 -8.16180277E+01 -8.27369371E+01 -8.05070131E+01 -7.82383043E+01 -8.06389851E+01 -7.97416364E+01 -7.87974210E+01 -8.30772068E+01 -8.19264694E+01 -7.90240288E+01 -7.84520707E+01 -8.12511328E+01 -7.82444168E+01 -7.98621607E+01 -8.26279189E+01 -8.08394495E+01 -7.83379712E+01 -7.97699864E+01 -8.06722654E+01 -7.76474465E+01 -8.15217138E+01 -8.24950353E+01 -7.96234059E+01 -7.83973888E+01 -8.08066101E+01 -7.98905910E+01 -7.85084029E+01 -8.29269652E+01 -8.12725794E+01 -7.92687791E+01 -7.99263194E+01 -8.08624029E+01 -7.90884789E+01 -8.02250954E+01 -8.29613570E+01 -8.07944729E+01 -7.90440806E+01 -7.97816215E+01 -8.05804535E+01 -7.90778196E+01 -8.19913191E+01 -8.21685753E+01 -8.02425133E+01 -7.91348464E+01 -8.06074987E+01 -8.02771925E+01 -7.95291899E+01 -8.31850023E+01 -8.13799054E+01 -8.00223120E+01 -7.97974317E+01
 -7.72967241E+01 -7.86751282E+01 -8.25105486E+01 -8.41433031E+01 -8.25569452E+01 -7.83728964E+01 -7.72985683E+01 -7.73806591E+01 -7.95087144E+01 -8.29772015E+01 -8.39428700E+01 -8.09782430E+01 -7.70645838E+01 -7.75987039E+01 -7.79681961E+01 -8.15220010E+01 -8.34661591E+01 -8.31761888E+01 -7.93207283E+01 -7.68963043E+01 -7.80061530E+01 -7.88163744E+01 -8.18818106E+01 -8.42788494E+01 -8.22109019E+01 -7.75934114E+01 -7.70201169E+01 -7.82421027E+01 -8.05273704E+01 -8.35256162E+01 -8.43312559E+01 -8.06365067E+01 -7.72381002E+01 -7.68770619E+01 -7.83754858E+01 -8.15631165E+01 -8.42240413E+01 -8.33111459E+01 -7.98295372E+01 -7.66724083E+01 -7.78001464E+01 -7.91407851E+01 -8.29233152E+01 -8.43817541E+01 -8.21526640E+01 -7.89092061E+01 -7.68964046E+01 -7.75596432E+01 -8.03428199E+01 -8.38165228E+01 -8.40999643E+01 -8.13320577E+01 -7.75175764E+01 -7.66711730E+01 -7.81097004E+01 -8.18886122E+01 -8.41724547E+01 -8.37123263E+01 -8.04180499E+01 -7.58373580E+01 -7.69560306E+01 -7.93775151E+01 -8.23143694E+01 -8.43178419E+01 -8.30689106E+01 -7.85677550E+01 -7.58551533E+01 -7.73290027E+01 -8.10248567E+01 -8.32933951E+01 -8.42786871E+01 -8.18148309E+01 -7.78228655E+01 -7.59735727E+01 -7.91165521E+01 -8.19928225E+01 -8.38613843E+01 -8.39688136E+01 -8.10472107E+01 -7.68717679E+01 -7.65711447E+01 -7.98077506E+01 -8.25964839E+01 -8.41581732E+01 -8.31518494E+01 -7.97796490E+01 -7.63966414E+01 -7.78313451E+01 -8.07076325E+01 -8.29088358E+01 -8.34800532E+01 -8.26268385E+01 -7.88546511E+01 -7.61837537E+01 -7.84074482E+01 -8.16997245E+01 -8.30571265E+01 -8.30796716E+01 -8.16583630E+01 -7.74518340E+01 -7.66693946E+01 -8.00158905E+01 -8.21735303E+01 -8.33747899E+01 -8.30718735E+01 -8.01498173E+01 -7.67364079E+01 -7.75777843E+01 -8.09049266E+01 -8.31022982E+01 -8.33079773E+01 -8.26294173E+01 -7.90833745E+01 -7.60229085E+01 -7.88171229E+01 -8.15133517E+01 -8.37160106E+01 -8.31490336E+01 -8.16276324E+01 -7.82889120E+01 -7.57348464E+01 -7.92832380E+01 -8.26148867E+01 -8.41274986E+01 -8.29963871E+01 -8.01894636E+01 -7.67703683E+01 -7.65012358E+01 -8.07356197E+01 -8.35132286E+01 -8.43005559E+01 -8.23421542E+01 -7.94516813E+01 -7.64001686E+01 -7.73878227E+01 -8.18549626E+01 -8.39113213E+01 -8.36254081E+01 -8.11922832E+01 -7.82762553E+01 -7.59671183E+01 -7.88763461E+01 -8.27235343E+01 -8.40010655E+01 -8.27190629E+01 -8.01275576E+01 -7.72180226E+01 -7.57084563E+01 -8.00869287E+01 -8.32808771E+01 -8.39964559E+01 -8.17119063E+01 -7.89652463E+01 -7.60537686E+01 -7.71150172E+01 -8.18307336E+01 -8.37272214E+01 -8.30202547E+01 -8.04137123E+01 -7.75464114E+01 -7.58288417E+01 -7.92807649E+01 -8.25848574E+01 -8.38586998E+01 -8.19594261E+01 -7.96352930E+01 -7.69647167E+01 -7.68755458E+01 -8.04986851E+01 -8.31117758E+01 -8.39228451E+01 -8.15185134E+01 -7.84496501E+01 -7.62479832E+01 -7.85012126E+01 -8.13775317E+01 -8.36357062E+01 -8.30530441E+01 -8.07864811E+01 -7.74650417E+01 -7.64047435E+01 -7.94685463E+01 -8.20221339E+01 -8.43126812E+01 -8.24365113E+01 -7.98444518E+01 -7.66935354E+01 -7.74367428E+01 -7.96761627E+01 -8.37056767E+01 -8.40232537E+01 -8.15867283E+01 -7.77625039E+01 -7.68463862E+01 -7.77576174E+01 -8.09605699E+01 -8.41229330E+01 -8.35173719E+01 -8.01592898E+01 -7.72124620E+01
 -8.32713044E+01 -8.08226260E+01 -7.78287275E+01 -7.94309589E+01 -8.34067049E+01 -8.29678299E+01 -8.25233612E+01 -8.30287852E+01 -7.94515128E+01 -7.76585773E+01 -8.13156966E+01 -8.33516341E+01 -8.27949657E+01 -8.28618877E+01 -8.17111861E+01 -7.80787940E+01 -7.86714505E+01 -8.25368433E+01 -8.31723307E+01 -8.24784553E+01 -8.27849180E+01 -8.05440219E+01 -7.73712367E+01 -7.96809034E+01 -8.28401908E+01 -8.28682672E+01 -8.26861547E+01 -8.22451417E+01 -7.89510781E+01 -7.77004773E+01 -8.10726003E+01 -8.30808567E+01 -8.25198368E+01 -8.28169223E+01 -8.17455040E+01 -7.81877001E+01 -7.84105429E+01 -8.19744362E+01 -8.28845569E+01 -8.24831417E+01 -8.26046394E+01 -8.03578449E+01 -7.77456423E+01 -7.95748332E+01 -8.23329291E+01 -8.25219164E+01 -8.27477529E+01 -8.20661081E+01 -7.96404029E+01 -7.76138204E+01 -8.02237065E+01 -8.27909729E+01 -8.22649464E+01 -8.23410875E+01 -8.16216848E+01 -7.82507933E+01 -7.85715854E+01 -8.14376387E+01 -8.27415373E+01 -8.23391722E+01 -8.24900258E+01 -8.08899625E+01 -7.81402207E+01 -7.97478802E+01 -8.26436273E+01 -8.20070594E+01 -8.21806691E+01 -8.22905537E+01 -7.95703547E+01 -7.77414879E+01 -8.02981496E+01 -8.28881991E+01 -8.27443826E+01 -8.24391816E+01 -8.17043054E+01 -7.82391916E+01 -7.85261046E+01 -8.21997116E+01 -8.30633108E+01 -8.25250435E+01 -8.25695490E+01 -7.98246782E+01 -7.73056071E+01 -8.00425986E+01 -8.30591462E+01 -8.29603642E+01 -8.21747962E+01 -8.20409979E+01 -7.82219803E+01 -7.77141139E+01 -8.15102725E+01 -8.28574657E+01 -8.24402379E+01 -8.21635259E+01 -8.13235425E+01 -7.75586130E+01 -7.91396306E+01 -8.21441286E+01 -8.26290239E+01 -8.16604681E+01 -8.20033017E+01 -8.02373643E+01 -7.73727791E+01 -8.00212910E+01 -8.23173481E+01 -8.25004999E+01 -8.11361236E+01 -8.20927267E+01 -7.85749300E+01 -7.84323010E+01 -8.14989474E+01 -8.25525260E+01 -8.21635908E+01 -8.17488808E+01 -8.12151191E+01 -7.76229355E+01 -7.97063163E+01 -8.16983659E+01 -8.23399405E+01 -8.14370039E+01 -8.22017540E+01 -8.01258657E+01 -7.77125477E+01 -8.04634314E+01 -8.22020863E+01 -8.27204434E+01 -8.16497370E+01 -8.26656560E+01 -7.91256971E+01 -7.89541446E+01 -8.10706410E+01 -8.28047275E+01 -8.23276932E+01 -8.19963903E+01 -8.22933167E+01 -7.82865312E+01 -7.93427778E+01 -8.17441159E+01 -8.26020580E+01 -8.15722984E+01 -8.28261763E+01 -8.08391968E+01 -7.81190559E+01 -8.04546461E+01 -8.22500923E+01 -8.24696842E+01 -8.14381720E+01 -8.30379993E+01 -7.87194722E+01 -7.85836090E+01 -8.06565996E+01 -8.27075026E+01 -8.20860504E+01 -8.24654268E+01 -8.19479833E+01 -7.73040390E+01 -7.93596291E+01 -8.16569392E+01 -8.31392030E+01 -8.15895997E+01 -8.27728045E+01 -8.02316571E+01 -7.76530043E+01 -7.99725213E+01 -8.26867393E+01 -8.27084258E+01 -8.21131335E+01 -8.26553751E+01 -7.87447954E+01 -7.85047182E+01 -8.09205549E+01 -8.32350801E+01 -8.19966586E+01 -8.24203438E+01 -8.16490098E+01 -7.75296467E+01 -7.95400065E+01 -8.18951221E+01 -8.27057373E+01 -8.16434791E+01 -8.27560415E+01 -8.00345647E+01 -7.76156961E+01 -7.99749679E+01 -8.23378760E+01 -8.19971134E+01 -8.16207656E+01 -8.26344136E+01 -7.89327173E+01 -7.77640353E+01 -8.09817864E+01 -8.31041949E+01 -8.18736809E+01 -8.25608293E+01 -8.16894311E+01 -7.82631228E+01 -7.85396293E+01 -8.21996875E+01 -8.31855100E+01 -8.18376441E+01
 -7.98499164E+01 -8.10961699E+01 -8.28640886E+01 -8.27386550E+01 -8.15458995E+01 -8.07247145E+01 -7.96010881E+01 -7.98924101E+01 -8.14459344E+01 -8.30618976E+01 -8.22045164E+01 -8.20674970E+01 -8.09051862E+01 -8.00355388E+01 -8.02320175E+01 -8.22977846E+01 -8.31593399E+01 -8.17933746E+01 -8.21871653E+01 -8.07063183E+01 -7.94288669E+01 -8.11375579E+01 -8.29346279E+01 -8.22306970E+01 -8.21254135E+01 -8.13964269E+01 -7.94333189E+01 -7.90030891E+01 -8.15973568E+01 -8.26734763E+01 -8.22414196E+01 -8.26129794E+01 -8.09448969E+01 -7.88136152E+01 -7.94542965E+01 -8.19266889E+01 -8.25144714E+01 -8.20786475E+01 -8.23959710E+01 -7.99836107E+01 -7.90227570E+01 -8.01025320E+01 -8.21673763E+01 -8.24840515E+01 -8.23389123E+01 -8.16122320E+01 -7.94942685E+01 -7.89499919E+01 -8.13615385E+01 -8.29425281E+01 -8.26706969E+01 -8.25095965E+01 -8.11106986E+01 -7.93514738E+01 -7.96769323E+01 -8.18542812E+01 -8.28647469E+01 -8.24159250E+01 -8.19017361E+01 -8.01363710E+01 -7.97600380E+01 -8.05683877E+01 -8.24615482E+01 -8.25418512E+01 -8.21925660E+01 -8.08592555E+01 -7.92299950E+01 -8.02099972E+01 -8.12282882E+01 -8.23096075E+01 -8.18571005E+01 -8.15601731E+01 -8.02266163E+01 -7.94385282E+01 -8.06250831E+01 -8.15681018E+01 -8.20581969E+01 -8.16841412E+01 -8.12399531E+01 -7.94442897E+01 -7.96581009E+01 -8.07085607E+01 -8.15167838E+01 -8.22727467E+01 -8.15385863E+01 -8.08612294E+01 -7.88089218E+01 -7.95727957E+01 -8.06630656E+01 -8.18060690E+01 -8.19653021E+01 -8.15375996E+01 -8.05055461E+01 -7.90467079E+01 -8.00134273E+01 -8.10315149E+01 -8.24621521E+01 -8.14795602E+01 -8.13823922E+01 -7.93544647E+01 -7.95043877E+01 -8.00737946E+01 -8.14141442E+01 -8.28688125E+01 -8.18437929E+01 -8.14171597E+01 -7.93224529E+01 -8.05863605E+01 -8.06794171E+01 -8.22957846E+01 -8.23586563E+01 -8.14383884E+01 -8.05340808E+01 -7.97483277E+01 -8.11784275E+01 -8.13200702E+01 -8.29158841E+01 -8.20370799E+01 -8.17195037E+01 -7.98618292E+01 -8.06167362E+01 -8.08209539E+01 -8.23408495E+01 -8.31518147E+01 -8.19767862E+01 -8.13405083E+01 -7.93644547E+01 -8.02868322E+01 -8.06843098E+01 -8.28154912E+01 -8.25031953E+01 -8.15651397E+01 -7.96152161E+01 -7.93212214E+01 -7.99268389E+01 -8.14901946E+01 -8.31955063E+01 -8.15542732E+01 -8.08768240E+01 -7.97243744E+01 -7.96082384E+01 -8.00445490E+01 -8.23720139E+01 -8.27489701E+01 -8.13092613E+01 -8.05460264E+01 -7.96239992E+01 -7.91652141E+01 -8.08371808E+01 -8.27828799E+01 -8.24328374E+01 -8.12274729E+01 -8.01503142E+01 -7.97034129E+01 -7.93259602E+01 -8.18025119E+01 -8.32158792E+01 -8.17644480E+01 -8.10158436E+01 -8.01588330E+01 -7.94545244E+01 -8.05939823E+01 -8.22823163E+01 -8.34136142E+01 -8.10937038E+01 -8.04410675E+01 -8.01018456E+01 -7.96562361E+01 -8.14507127E+01 -8.31106576E+01 -8.24085669E+01 -8.05407521E+01 -8.04210204E+01 -8.01049164E+01 -8.05503238E+01 -8.17024914E+01 -8.30704759E+01 -8.07904724E+01 -8.05923463E+01 -7.98687219E+01 -7.95700119E+01 -8.09108544E+01 -8.26870439E+01 -8.24397312E+01 -8.05142965E+01 -8.04551990E+01 -7.97089904E+01 -7.98035899E+01 -8.15553196E+01 -8.29501787E+01 -8.13832258E+01 -8.12118584E+01 -8.03361189E+01 -7.96646388E+01 -8.04313612E+01 -8.23020249E+01 -8.30494422E+01 -8.13363321E+01 -8.15304900E+01 -7.96027601E+01
 -8.15751463E+01 -8.32483157E+01 -8.17861229E+01 -7.99872919E+01 -7.99253589E+01 -7.88575679E+01 -7.89052274E+01 -8.23658569E+01 -8.28218817E+01 -8.14280529E+01 -8.01331678E+01 -7.96517973E+01 -7.89119940E+01 -8.01468526E+01 -8.25252595E+01 -8.21508303E+01 -8.07821193E+01 -7.99205980E+01 -7.91582660E+01 -7.91865869E+01 -8.12031187E+01 -8.28200572E+01 -8.18394155E+01 -8.06290498E+01 -7.91371416E+01 -7.89561982E+01 -7.89928863E+01 -8.20944554E+01 -8.29520259E+01 -8.15890700E+01 -8.05237922E+01 -7.88254397E+01 -7.93830765E+01 -8.01677091E+01 -8.26872469E+01 -8.25176593E+01 -8.10982408E+01 -7.97714413E+01 -7.92880650E+01 -7.88079824E+01 -8.10539681E+01 -8.27584928E+01 -8.22530638E+01 -8.03883090E+01 -7.89172130E+01 -7.86129728E+01 -7.91465680E+01 -8.22609082E+01 -8.24757569E+01 -8.17418081E+01 -7.97017951E+01 -7.83483099E+01 -7.86967106E+01 -8.08241235E+01 -8.27032621E+01 -8.27777302E+01 -8.15395586E+01 -7.91021077E+01 -7.89087699E+01 -7.84931788E+01 -8.20475082E+01 -8.29295041E+01 -8.25130030E+01 -8.13454595E+01 -7.89650253E+01 -7.84036230E+01 -7.99578480E+01 -8.25919815E+01 -8.26112842E+01 -8.24713411E+01 -8.03484409E+01 -7.85127092E+01 -7.82526698E+01 -8.16572360E+01 -8.23775145E+01 -8.24784044E+01 -8.22386120E+01 -7.95844760E+01 -7.82573101E+01 -7.95621873E+01 -8.22303417E+01 -8.20726428E+01 -8.23145331E+01 -8.12810848E+01 -7.86422700E+01 -7.88349082E+01 -8.06172441E+01 -8.23387062E+01 -8.18746062E+01 -8.24868882E+01 -8.05635492E+01 -7.93548324E+01 -7.89509147E+01 -8.20005897E+01 -8.18849357E+01 -8.22867275E+01 -8.18902442E+01 -8.00028596E+01 -7.92698982E+01 -7.95099130E+01 -8.27986473E+01 -8.22491299E+01 -8.21938997E+01 -8.16502575E+01 -7.97202499E+01 -7.85598682E+01 -8.16291641E+01 -8.26632887E+01 -8.22946627E+01 -8.24494648E+01 -8.09692118E+01 -7.85686889E+01 -7.92179174E+01 -8.22227289E+01 -8.22563730E+01 -8.23187498E+01 -8.24426193E+01 -7.95472832E+01 -7.80457583E+01 -8.02276695E+01 -8.24415496E+01 -8.22564500E+01 -8.23807552E+01 -8.15233627E+01 -7.86984170E+01 -7.81246310E+01 -8.06867718E+01 -8.24818239E+01 -8.24264251E+01 -8.22574781E+01 -8.02722151E+01 -7.82570582E+01 -7.86196508E+01 -8.14480587E+01 -8.24173060E+01 -8.22612117E+01 -8.18923012E+01 -7.94493061E+01 -7.84122275E+01 -7.94069091E+01 -8.25549389E+01 -8.23661378E+01 -8.17290364E+01 -8.06705903E+01 -7.92226855E+01 -7.84834998E+01 -8.04447880E+01 -8.28207737E+01 -8.20084995E+01 -8.13427250E+01 -7.96715887E+01 -7.90663105E+01 -7.86687936E+01 -8.12033862E+01 -8.28899788E+01 -8.22709807E+01 -8.07634947E+01 -7.94629962E+01 -7.88009554E+01 -7.90452144E+01 -8.17564701E+01 -8.30173546E+01 -8.15381014E+01 -7.94478931E+01 -7.91345296E+01 -7.86319973E+01 -7.98755542E+01 -8.22446250E+01 -8.30571983E+01 -8.08601090E+01 -7.93314862E+01 -7.90237823E+01 -7.88859518E+01 -8.03855536E+01 -8.31343419E+01 -8.28477056E+01 -8.01034960E+01 -7.91724386E+01 -7.92199958E+01 -7.88828007E+01 -8.16997826E+01 -8.35354667E+01 -8.18802684E+01 -7.94768071E+01 -7.94726641E+01 -7.86356382E+01 -7.85010760E+01 -8.26741375E+01 -8.31770907E+01 -8.07867657E+01 -7.95232759E+01 -7.94595193E+01 -7.83170888E+01 -8.03352200E+01 -8.26208217E+01 -8.23609443E+01 -8.00726120E+01 -7.98472709E+01 -7.92549745E+01 -7.85346288E+01
 -8.36854548E+01 -8.19277284E+01 -7.78535437E+01 -7.67534773E+01 -7.88147905E+01 -8.15243391E+01 -8.36106440E+01 -8.36466602E+01 -7.96284663E+01 -7.73951277E+01 -7.70300302E+01 -7.92034930E+01 -8.29948131E+01 -8.33609160E+01 -8.27928410E+01 -7.83070014E+01 -7.68402773E+01 -7.73546163E+01 -8.07277311E+01 -8.33553647E+01 -8.33497109E+01 -8.16068910E+01 -7.71628662E+01 -7.57670496E+01 -7.80977091E+01 -8.18412037E+01 -8.29432054E+01 -8.35570124E+01 -8.00143274E+01 -7.68607634E+01 -7.68253079E+01 -7.94243808E+01 -8.26199733E+01 -8.34583685E+01 -8.34274091E+01 -7.91515584E+01 -7.64973476E+01 -7.71560369E+01 -8.10300295E+01 -8.32790610E+01 -8.39925631E+01 -8.23097465E+01 -7.75702772E+01 -7.64631098E+01 -7.84284897E+01 -8.22921583E+01 -8.33091111E+01 -8.39185994E+01 -8.06296632E+01 -7.68740121E+01 -7.65768940E+01 -7.95115267E+01 -8.27839271E+01 -8.34883586E+01 -8.31356259E+01 -7.90423018E+01 -7.68894405E+01 -7.70995908E+01 -8.10640286E+01 -8.27026939E+01 -8.37534137E+01 -8.19057603E+01 -7.75792364E+01 -7.70729182E+01 -7.88752239E+01 -8.14154857E+01 -8.29585316E+01 -8.39226180E+01 -8.01474653E+01 -7.67618360E+01 -7.71743913E+01 -8.00760874E+01 -8.22067303E+01 -8.39642541E+01 -8.31927957E+01 -7.81525006E+01 -7.61028805E+01 -7.75475481E+01 -8.10669386E+01 -8.30651579E+01 -8.45329760E+01 -8.15645195E+01 -7.68175219E+01 -7.64773866E+01 -7.88850662E+01 -8.14949364E+01 -8.37071595E+01 -8.44914120E+01 -8.04594013E+01 -7.66906032E+01 -7.65968598E+01 -7.94268435E+01 -8.19558751E+01 -8.45839885E+01 -8.33903328E+01 -7.89300896E+01 -7.58294136E+01 -7.77350436E+01 -8.02095852E+01 -8.35462607E+01 -8.47320893E+01 -8.18534297E+01 -7.79498730E+01 -7.65419349E+01 -7.83718417E+01 -8.12491160E+01 -8.46106201E+01 -8.43902362E+01 -8.02926832E+01 -7.70343634E+01 -7.70314309E+01 -7.88279505E+01 -8.26015322E+01 -8.50221913E+01 -8.34029596E+01 -7.86755884E+01 -7.64887117E+01 -7.78777703E+01 -8.00264580E+01 -8.34763884E+01 -8.50461454E+01 -8.15829777E+01 -7.75781392E+01 -7.60207382E+01 -7.82633008E+01 -8.19211068E+01 -8.47212301E+01 -8.41795108E+01 -8.00385884E+01 -7.58578224E+01 -7.70666023E+01 -7.95997506E+01 -8.28303897E+01 -8.52812353E+01 -8.27396390E+01 -7.82448145E+01 -7.52921110E+01 -7.72126420E+01 -8.06673093E+01 -8.37592889E+01 -8.48989287E+01 -8.10028844E+01 -7.64295040E+01 -7.58336024E+01 -7.79725006E+01 -8.11943761E+01 -8.43896218E+01 -8.37620039E+01 -7.92361015E+01 -7.56807752E+01 -7.65549928E+01 -7.95504006E+01 -8.22119375E+01 -8.46423400E+01 -8.29245486E+01 -7.82148068E+01 -7.57737985E+01 -7.71634475E+01 -8.05156483E+01 -8.33358945E+01 -8.43588016E+01 -8.18020095E+01 -7.76536817E+01 -7.60376630E+01 -7.84389434E+01 -8.21962907E+01 -8.37347600E+01 -8.39092324E+01 -8.03711216E+01 -7.71983127E+01 -7.62656575E+01 -7.96040834E+01 -8.26208575E+01 -8.36917597E+01 -8.33146161E+01 -7.88582547E+01 -7.61797240E+01 -7.72958660E+01 -8.11443950E+01 -8.35813485E+01 -8.39861729E+01 -8.19057183E+01 -7.74817594E+01 -7.54918994E+01 -7.86215082E+01 -8.16820068E+01 -8.36663938E+01 -8.37103907E+01 -8.02190472E+01 -7.71527650E+01 -7.71547924E+01 -7.97880345E+01 -8.21808072E+01 -8.39259719E+01 -8.33199997E+01 -7.90739526E+01 -7.67482992E+01 -7.75182661E+01 -8.01194706E+01 -8.34735635E+01
 -8.06904615E+01 -8.11167977E+01 -7.60953114E+01 -7.47409257E+01 -8.06101541E+01 -8.44784657E+01 -8.26486891E+01 -8.10004851E+01 -7.97402021E+01 -7.48595988E+01 -7.67765730E+01 -8.28261158E+01 -8.47259343E+01 -8.13157572E+01 -8.10647633E+01 -7.77955319E+01 -7.36358254E+01 -7.87285629E+01 -8.41785444E+01 -8.40223065E+01 -8.12523707E+01 -7.99030774E+01 -7.53284107E+01 -7.41288303E+01 -8.06182161E+01 -8.49002814E+01 -8.26214729E+01 -8.08410029E+01 -7.86355233E+01 -7.44427126E+01 -7.64366177E+01 -8.29093258E+01 -8.48903980E+01 -8.19210563E+01 -8.07911681E+01 -7.75120910E+01 -7.45473983E+01 -7.86885473E+01 -8.42758387E+01 -8.41195193E+01 -8.14131361E+01 -7.97403060E+01 -7.61317010E+01 -7.43530629E+01 -8.12688481E+01 -8.45743132E+01 -8.30463799E+01 -8.11366800E+01 -7.84421988E+01 -7.45862283E+01 -7.63672226E+01 -8.26547825E+01 -8.45987500E+01 -8.17631171E+01 -8.03979673E+01 -7.66627555E+01 -7.39687638E+01 -7.92781353E+01 -8.38062657E+01 -8.40178616E+01 -8.07431084E+01 -8.01221234E+01 -7.49770144E+01 -7.49575628E+01 -8.14482905E+01 -8.45776666E+01 -8.31181639E+01 -8.07313352E+01 -7.89647321E+01 -7.35580871E+01 -7.74698218E+01 -8.27005933E+01 -8.47930619E+01 -8.17684734E+01 -8.06701868E+01 -7.71630197E+01 -7.42317741E+01 -8.02496117E+01 -8.42578285E+01 -8.43721720E+01 -8.11633093E+01 -8.03278147E+01 -7.62372624E+01 -7.60287278E+01 -8.11436135E+01 -8.48080475E+01 -8.33707968E+01 -8.01259334E+01 -7.93268528E+01 -7.47509892E+01 -7.78083471E+01 -8.28654984E+01 -8.52139840E+01 -8.17965122E+01 -8.00948509E+01 -7.81000853E+01 -7.49822355E+01 -7.96291543E+01 -8.37677714E+01 -8.42425396E+01 -8.02875103E+01 -7.97859727E+01 -7.66354579E+01 -7.61797079E+01 -8.15263842E+01 -8.46525270E+01 -8.26041512E+01 -8.02728572E+01 -7.92584924E+01 -7.53883942E+01 -7.76721784E+01 -8.25057482E+01 -8.45231062E+01 -8.13343908E+01 -8.04069992E+01 -7.80660244E+01 -7.51544135E+01 -8.02607356E+01 -8.32459465E+01 -8.35497482E+01 -8.03845867E+01 -7.99956170E+01 -7.61807509E+01 -7.65646517E+01 -8.14440210E+01 -8.38704744E+01 -8.20289415E+01 -8.04181311E+01 -7.88819488E+01 -7.49965773E+01 -7.81994596E+01 -8.22135812E+01 -8.41590444E+01 -8.12981472E+01 -8.07983619E+01 -7.81170573E+01 -7.49352431E+01 -7.96343038E+01 -8.39771616E+01 -8.34168235E+01 -8.08132148E+01 -8.04826152E+01 -7.57439410E+01 -7.62815956E+01 -8.13938578E+01 -8.47087550E+01 -8.26180699E+01 -8.10630247E+01 -7.90595114E+01 -7.45352832E+01 -7.78527308E+01 -8.29679981E+01 -8.47702876E+01 -8.24936189E+01 -8.13761698E+01 -7.67836166E+01 -7.43505693E+01 -7.95529785E+01 -8.40624032E+01 -8.39638216E+01 -8.18256379E+01 -8.08032166E+01 -7.57218910E+01 -7.58342244E+01 -8.11090335E+01 -8.44258248E+01 -8.35499370E+01 -8.18949543E+01 -7.95945111E+01 -7.45806483E+01 -7.77718841E+01 -8.29078967E+01 -8.47016727E+01 -8.32210329E+01 -8.13679719E+01 -7.88917284E+01 -7.48198537E+01 -7.97046393E+01 -8.38539194E+01 -8.44467269E+01 -8.19076003E+01 -8.09148199E+01 -7.66309626E+01 -7.59819602E+01 -8.06481804E+01 -8.41959562E+01 -8.32343254E+01 -8.10603140E+01 -7.98205083E+01 -7.48529949E+01 -7.64712531E+01 -8.19960185E+01 -8.44948517E+01 -8.13822374E+01 -8.11601692E+01 -7.79224143E+01 -7.46495651E+01 -7.81869440E+01 -8.36987504E+01 -8.37921983E+01
 -8.23530987E+01 -8.08050904E+01 -8.10955312E+01 -7.87535887E+01 -7.52623422E+01 -7.92522454E+01 -8.17032858E+01 -8.07146381E+01 -8.08203004E+01 -8.02642483E+01 -7.75889787E+01 -7.71149992E+01 -8.00821982E+01 -8.14719108E+01 -8.13602474E+01 -8.12756666E+01 -8.02218053E+01 -7.70315209E+01 -7.83189143E+01 -8.07930158E+01 -8.18147086E+01 -8.14540298E+01 -8.10398929E+01 -7.91253079E+01 -7.69031851E+01 -7.93022993E+01 -8.13288769E+01 -8.15670589E+01 -8.13645530E+01 -8.14857743E+01 -7.77222458E+01 -7.74320493E+01 -8.02372932E+01 -8.16248025E+01 -8.20933957E+01 -8.18508714E+01 -8.01831012E+01 -7.68035688E+01 -7.91852172E+01 -8.04812216E+01 -8.16403251E+01 -8.18352940E+01 -8.14637553E+01 -7.76578091E+01 -7.68220153E+01 -7.98480998E+01 -8.09411612E+01 -8.18164778E+01 -8.13473688E+01 -7.96320460E+01 -7.59688390E+01 -7.80320316E+01 -8.00263398E+01 -7.99761957E+01 -8.13749073E+01 -8.07348906E+01 -7.82080497E+01 -7.60635279E+01 -7.90094741E+01 -7.95957877E+01 -8.03101148E+01 -8.11542888E+01 -8.05528344E+01 -7.70071195E+01 -7.70832938E+01 -8.03326501E+01 -7.98884669E+01 -8.17861736E+01 -8.14305013E+01 -8.00017891E+01 -7.76185189E+01 -7.89696343E+01 -8.04119889E+01 -8.05459470E+01 -8.11399118E+01 -8.18087374E+01 -7.95264916E+01 -7.80114685E+01 -8.02047912E+01 -8.04562093E+01 -8.12262788E+01 -8.10304916E+01 -8.15212556E+01 -7.81188531E+01 -7.84645948E+01 -7.98410160E+01 -8.04507865E+01 -8.14207421E+01 -8.15212856E+01 -8.09336702E+01 -7.76039035E+01 -7.88117215E+01 -8.03980248E+01 -8.10744934E+01 -8.11516027E+01 -8.13081230E+01 -7.96072457E+01 -7.73970774E+01 -8.00171068E+01 -8.11685464E+01 -8.11086827E+01 -8.03075024E+01 -8.13978800E+01 -7.90349184E+01 -7.79160120E+01 -8.00574967E+01 -8.18290099E+01 -8.05767109E+01 -8.01351909E+01 -8.13473146E+01 -7.89744761E+01 -7.89547575E+01 -8.15654318E+01 -8.22169697E+01 -8.01986976E+01 -8.06665977E+01 -8.06277976E+01 -7.84052475E+01 -7.93627617E+01 -8.23367845E+01 -8.20596771E+01 -8.01427018E+01 -8.09395823E+01 -7.98308061E+01 -7.76258999E+01 -8.00657708E+01 -8.23402692E+01 -8.12322682E+01 -7.95420042E+01 -8.08753210E+01 -7.87636116E+01 -7.80860271E+01 -8.19005762E+01 -8.24730920E+01 -8.04234642E+01 -8.02923601E+01 -8.08601623E+01 -7.75836998E+01 -7.88710153E+01 -8.18521364E+01 -8.21703920E+01 -7.99688658E+01 -8.18260207E+01 -8.01650680E+01 -7.66102438E+01 -7.97613035E+01 -8.26037083E+01 -8.11705149E+01 -8.04798229E+01 -8.17216261E+01 -7.79157750E+01 -7.69490532E+01 -8.10650429E+01 -8.24218851E+01 -8.02808180E+01 -8.07631152E+01 -8.13337171E+01 -7.59584878E+01 -7.86677184E+01 -8.17698579E+01 -8.25039271E+01 -8.06618150E+01 -8.10103350E+01 -7.95173899E+01 -7.59897375E+01 -8.06269265E+01 -8.24073365E+01 -8.17062099E+01 -8.05841503E+01 -8.11435813E+01 -7.76216124E+01 -7.64707644E+01 -8.10783420E+01 -8.29070757E+01 -8.15840424E+01 -8.01103032E+01 -7.99902440E+01 -7.57353648E+01 -7.86690154E+01 -8.17713528E+01 -8.27141518E+01 -8.06032289E+01 -8.02068615E+01 -7.87275044E+01 -7.56505078E+01 -7.99964009E+01 -8.27996626E+01 -8.20184149E+01 -8.03862252E+01 -8.03130190E+01 -7.70576733E+01 -7.72881456E+01 -8.10304333E+01 -8.32191651E+01 -8.11802821E+01 -8.05338323E+01 -8.01835741E+01 -7.61917470E+01 -7.78440852E+01 -8.14109146E+01
 -8.02113895E+01 -8.06536722E+01 -8.12229799E+01 -8.23451515E+01 -8.15645622E+01 -7.78921119E+01 -7.86333293E+01 -8.07716485E+01 -8.03013399E+01 -8.17567515E+01 -8.20620120E+01 -7.98653285E+01 -7.77183377E+01 -7.92598976E+01 -8.06073561E+01 -8.01749998E+01 -8.20805719E+01 -8.15989157E+01 -7.89703926E+01 -7.81931401E+01 -8.00050658E+01 -8.06069857E+01 -8.06514976E+01 -8.23524401E+01 -8.14551427E+01 -7.86928347E+01 -7.86345621E+01 -8.08642821E+01 -8.02579552E+01 -8.09910515E+01 -8.19543597E+01 -8.07921527E+01 -7.84783013E+01 -7.91007281E+01 -8.11916169E+01 -8.06849824E+01 -8.18232911E+01 -8.18119595E+01 -7.98423165E+01 -7.82121616E+01 -7.95968432E+01 -8.10485122E+01 -8.09245695E+01 -8.20847794E+01 -8.15028903E+01 -7.82522780E+01 -7.78285113E+01 -8.03346266E+01 -7.98788998E+01 -8.15793482E+01 -8.20827890E+01 -8.09536413E+01 -7.76781613E+01 -7.82274876E+01 -8.04661923E+01 -7.98730812E+01 -8.19128076E+01 -8.20388430E+01 -7.92855034E+01 -7.68283700E+01 -7.91315829E+01 -8.00494875E+01 -8.03213674E+01 -8.20341771E+01 -8.18237795E+01 -7.72236037E+01 -7.66116320E+01 -8.02849221E+01 -7.98311126E+01 -8.08652034E+01 -8.28678745E+01 -8.04618471E+01 -7.56478642E+01 -7.82758580E+01 -8.07404622E+01 -8.04384539E+01 -8.19612312E+01 -8.29698956E+01 -7.89223254E+01 -7.56708223E+01 -7.99115545E+01 -8.03907300E+01 -8.08209582E+01 -8.27221440E+01 -8.21754348E+01 -7.72441964E+01 -7.69218294E+01 -8.04330567E+01 -8.05616824E+01 -8.12526393E+01 -8.31020823E+01 -8.14474083E+01 -7.60180205E+01 -7.90200584E+01 -8.10881325E+01 -8.09434335E+01 -8.18910731E+01 -8.25783390E+01 -7.93089923E+01 -7.59966714E+01 -8.01379404E+01 -8.12047560E+01 -8.10787279E+01 -8.23481503E+01 -8.16384960E+01 -7.72929912E+01 -7.73501533E+01 -8.06302498E+01 -8.08442528E+01 -8.12927398E+01 -8.28947508E+01 -8.09805229E+01 -7.63846090E+01 -7.91703849E+01 -8.13310839E+01 -8.08732951E+01 -8.12684398E+01 -8.29525393E+01 -7.94333659E+01 -7.62009031E+01 -8.06401083E+01 -8.12216780E+01 -8.02277628E+01 -8.23509399E+01 -8.21837847E+01 -7.71276659E+01 -7.74447931E+01 -8.12190316E+01 -8.08478769E+01 -8.10541344E+01 -8.31369535E+01 -8.10664893E+01 -7.65449963E+01 -7.89628779E+01 -8.08722413E+01 -8.09323155E+01 -8.19686638E+01 -8.31775820E+01 -7.96470883E+01 -7.60949279E+01 -8.05188961E+01 -8.11686294E+01 -8.07609936E+01 -8.23724919E+01 -8.26904870E+01 -7.85293814E+01 -7.77016544E+01 -8.07192794E+01 -8.09853496E+01 -8.10586264E+01 -8.26093952E+01 -8.15859679E+01 -7.70037170E+01 -7.88341663E+01 -8.13329616E+01 -8.14006421E+01 -8.17769888E+01 -8.26704176E+01 -8.02188320E+01 -7.66585065E+01 -8.00297025E+01 -8.13250567E+01 -8.13294562E+01 -8.16099316E+01 -8.24449646E+01 -7.91295059E+01 -7.72289734E+01 -8.05853697E+01 -8.10004964E+01 -8.06486675E+01 -8.23415992E+01 -8.22669292E+01 -7.84866027E+01 -7.88598385E+01 -8.08786357E+01 -8.10555142E+01 -8.15184019E+01 -8.24282071E+01 -8.06354349E+01 -7.76201220E+01 -8.04625377E+01 -8.10559559E+01 -8.11839100E+01 -8.16933304E+01 -8.23120961E+01 -7.86641110E+01 -7.83730249E+01 -8.13648139E+01 -8.10090191E+01 -8.17242766E+01 -8.26018085E+01 -8.14331948E+01 -7.78937197E+01 -7.94739546E+01 -8.15523832E+01 -8.08900049E+01 -8.20705011E+01 -8.22093876E+01 -7.95851896E+01 -7.83598730E+01
 -7.76525680E+01 -7.87970390E+01 -8.50651526E+01 -8.40393822E+01 -8.17330821E+01 -8.01393453E+01 -7.90242030E+01 -7.77547769E+01 -8.10661271E+01 -8.44762731E+01 -8.32269871E+01 -8.08715740E+01 -7.90478946E+01 -7.90596783E+01 -7.83393570E+01 -8.34443080E+01 -8.39668644E+01 -8.27510929E+01 -8.02381836E+01 -7.83009187E+01 -7.78920475E+01 -7.96271439E+01 -8.30368843E+01 -8.48612063E+01 -8.21257566E+01 -7.90614018E+01 -7.83098331E+01 -7.70925134E+01 -8.05981714E+01 -8.46398138E+01 -8.44083307E+01 -8.02166595E+01 -7.91468818E+01 -7.79621702E+01 -7.75880923E+01 -8.24885061E+01 -8.49585207E+01 -8.26534538E+01 -7.92645121E+01 -7.81347917E+01 -7.66940940E+01 -7.87469735E+01 -8.39635143E+01 -8.45449650E+01 -8.18387276E+01 -7.99572960E+01 -7.75200208E+01 -7.62623711E+01 -8.14447623E+01 -8.48082669E+01 -8.44111672E+01 -8.05376038E+01 -7.97296705E+01 -7.47835713E+01 -7.73801431E+01 -8.31242916E+01 -8.52883481E+01 -8.32845448E+01 -7.95369580E+01 -7.71230229E+01 -7.52452267E+01 -7.84763303E+01 -8.46650601E+01 -8.48863568E+01 -8.19341872E+01 -8.02458196E+01 -7.64866036E+01 -7.66734460E+01 -8.09525283E+01 -8.53107065E+01 -8.38093666E+01 -8.07637089E+01 -7.86160019E+01 -7.67483054E+01 -7.76903774E+01 -8.35050584E+01 -8.48333835E+01 -8.25668022E+01 -7.93923640E+01 -7.70245648E+01 -7.63088374E+01 -7.94998086E+01 -8.48702399E+01 -8.45963336E+01 -8.13063580E+01 -7.90426805E+01 -7.66827053E+01 -7.72382825E+01 -8.22262352E+01 -8.53178838E+01 -8.38750157E+01 -8.03602450E+01 -7.63977183E+01 -7.69620408E+01 -7.92249494E+01 -8.39678978E+01 -8.47004637E+01 -8.26315188E+01 -7.84922516E+01 -7.63205472E+01 -7.71688312E+01 -8.09595072E+01 -8.52225014E+01 -8.41164277E+01 -8.12719416E+01 -7.72750992E+01 -7.73689227E+01 -7.84292408E+01 -8.33538591E+01 -8.53665442E+01 -8.31554236E+01 -8.03190299E+01 -7.69773939E+01 -7.76084998E+01 -7.93929335E+01 -8.42905183E+01 -8.49294427E+01 -8.24647785E+01 -7.92795197E+01 -7.63855638E+01 -7.80970104E+01 -8.11717789E+01 -8.52256433E+01 -8.43428985E+01 -8.17141581E+01 -7.75153078E+01 -7.74786456E+01 -7.84348300E+01 -8.24855013E+01 -8.54943379E+01 -8.38450393E+01 -8.03404675E+01 -7.70840394E+01 -7.91611980E+01 -7.89838239E+01 -8.36408946E+01 -8.51315938E+01 -8.26306152E+01 -7.93624755E+01 -7.80038728E+01 -7.92598617E+01 -7.96999023E+01 -8.57339351E+01 -8.46127912E+01 -8.05372038E+01 -7.75335122E+01 -7.82878105E+01 -7.79711549E+01 -8.25861673E+01 -8.58845685E+01 -8.38294515E+01 -7.93587191E+01 -7.78791157E+01 -7.87359186E+01 -7.81916327E+01 -8.48924263E+01 -8.51568015E+01 -8.17697819E+01 -7.80453242E+01 -7.79857359E+01 -7.89623592E+01 -7.91746259E+01 -8.58399788E+01 -8.41845267E+01 -8.09486802E+01 -7.78733429E+01 -7.90641433E+01 -7.90880416E+01 -8.17803127E+01 -8.54451188E+01 -8.30717829E+01 -7.89961978E+01 -7.77830522E+01 -7.81443877E+01 -7.82104243E+01 -8.37693341E+01 -8.44952951E+01 -8.20005228E+01 -7.88872934E+01 -7.88024455E+01 -7.89296615E+01 -7.95417241E+01 -8.50847990E+01 -8.38292436E+01 -8.14478803E+01 -7.84826811E+01 -7.90122727E+01 -7.78305048E+01 -8.22205531E+01 -8.57937581E+01 -8.37262157E+01 -8.02755498E+01 -7.89819934E+01 -7.94833258E+01 -7.77602856E+01 -8.37679629E+01 -8.46460724E+01 -8.24090558E+01 -7.99711367E+01 -7.90532268E+01
 -7.91187982E+01 -8.17211430E+01 -8.37352352E+01 -8.27150905E+01 -8.12018054E+01 -7.92378906E+01 -7.87320070E+01 -7.93757903E+01 -8.24749298E+01 -8.36595466E+01 -8.18260582E+01 -8.05095599E+01 -7.89486014E+01 -7.83493680E+01 -8.02689151E+01 -8.36990264E+01 -8.30232248E+01 -8.13018453E+01 -7.97206531E+01 -7.89454382E+01 -7.83746859E+01 -8.13375229E+01 -8.41780840E+01 -8.21792356E+01 -8.06826505E+01 -7.92590202E+01 -7.88634381E+01 -7.87705864E+01 -8.24230814E+01 -8.36173908E+01 -8.17887468E+01 -7.96070942E+01 -7.93885101E+01 -7.82002526E+01 -7.94715094E+01 -8.33855964E+01 -8.32240586E+01 -8.13264781E+01 -7.87632687E+01 -7.92250546E+01 -7.83179007E+01 -8.09468595E+01 -8.39915742E+01 -8.30154406E+01 -8.00308811E+01 -7.97291424E+01 -7.92377152E+01 -7.84284833E+01 -8.23636981E+01 -8.41227093E+01 -8.24633579E+01 -7.98631781E+01 -8.01579112E+01 -7.87566334E+01 -7.93626572E+01 -8.34785867E+01 -8.36550703E+01 -8.11896157E+01 -7.96986155E+01 -7.99935655E+01 -7.86704965E+01 -8.05092167E+01 -8.38050742E+01 -8.31767595E+01 -7.96536774E+01 -8.02958558E+01 -7.92752787E+01 -7.84459156E+01 -8.21535619E+01 -8.38792556E+01 -8.25248633E+01 -7.90720101E+01 -7.98132905E+01 -7.91158424E+01 -7.90865855E+01 -8.32164647E+01 -8.38630653E+01 -8.08314815E+01 -7.97021447E+01 -7.99791633E+01 -7.85063145E+01 -8.04130655E+01 -8.40122968E+01 -8.30993986E+01 -7.98057713E+01 -7.94351118E+01 -7.97846234E+01 -7.79896635E+01 -8.19420813E+01 -8.37713125E+01 -8.19701473E+01 -7.91975849E+01 -7.99136814E+01 -7.84934762E+01 -7.86397324E+01 -8.29290850E+01 -8.36450355E+01 -8.09668150E+01 -7.90796658E+01 -7.99711810E+01 -7.82019915E+01 -8.01231740E+01 -8.36640685E+01 -8.31376720E+01 -8.06832379E+01 -7.89973137E+01 -7.94572108E+01 -7.82454895E+01 -8.21496282E+01 -8.40599069E+01 -8.25902542E+01 -7.97439457E+01 -7.93129183E+01 -7.84262272E+01 -7.92528213E+01 -8.36792681E+01 -8.39930155E+01 -8.17910670E+01 -7.97582058E+01 -7.89988649E+01 -7.81182974E+01 -8.11123006E+01 -8.43549648E+01 -8.29034547E+01 -8.11707818E+01 -7.95836709E+01 -7.89391347E+01 -7.86879120E+01 -8.27596849E+01 -8.40017799E+01 -8.19315224E+01 -8.03585197E+01 -7.92534904E+01 -7.83305308E+01 -7.96130835E+01 -8.36789949E+01 -8.29518115E+01 -8.12369507E+01 -8.01354439E+01 -7.86658524E+01 -7.78943417E+01 -8.04673516E+01 -8.40951600E+01 -8.22047055E+01 -8.09466184E+01 -7.95892526E+01 -7.82867311E+01 -7.86186314E+01 -8.26127488E+01 -8.33359227E+01 -8.17768245E+01 -8.02621417E+01 -7.92535582E+01 -7.79604773E+01 -8.02680219E+01 -8.32924267E+01 -8.28016782E+01 -8.14676421E+01 -7.99789315E+01 -7.82594762E+01 -7.86566703E+01 -8.15683819E+01 -8.33228727E+01 -8.23687535E+01 -8.10698712E+01 -7.93650296E+01 -7.83405101E+01 -7.97035558E+01 -8.24335144E+01 -8.31591601E+01 -8.24497213E+01 -8.06367529E+01 -7.90767914E+01 -7.89364894E+01 -8.05725148E+01 -8.29160264E+01 -8.31648059E+01 -8.15091247E+01 -8.00830655E+01 -7.84997889E+01 -7.95207099E+01 -8.19941234E+01 -8.31776090E+01 -8.30767033E+01 -8.06480583E+01 -7.93453931E+01 -7.85686986E+01 -8.06692040E+01 -8.28021041E+01 -8.32081541E+01 -8.25423244E+01 -8.01753655E+01 -7.89451710E+01 -7.91251129E+01 -8.13008339E+01 -8.30682976E+01 -8.30428871E+01 -8.19690371E+01 -7.97895925E+01 -7.84683634E+01
 -8.25103565E+01 -8.29154120E+01 -8.06848284E+01 -7.69617688E+01 -7.82380881E+01 -8.12121981E+01 -8.19508877E+01 -8.26377094E+01 -8.27410725E+01 -7.90886702E+01 -7.71627971E+01 -7.93537365E+01 -8.14864874E+01 -8.22848804E+01 -8.27288929E+01 -8.17721059E+01 -7.75503285E+01 -7.74366242E+01 -8.04994011E+01 -8.21062939E+01 -8.27440115E+01 -8.25038688E+01 -8.00145587E+01 -7.71156943E+01 -7.89889878E+01 -8.15336038E+01 -8.29331644E+01 -8.28297447E+01 -8.22282358E+01 -7.83798491E+01 -7.68269606E+01 -7.99153650E+01 -8.19012367E+01 -8.29953834E+01 -8.28588494E+01 -8.11712703E+01 -7.74545702E+01 -7.79070749E+01 -8.10981236E+01 -8.24159589E+01 -8.30112009E+01 -8.28300724E+01 -8.01609850E+01 -7.72127356E+01 -7.84390380E+01 -8.16825730E+01 -8.27226985E+01 -8.28385919E+01 -8.25031464E+01 -7.84743979E+01 -7.72546093E+01 -8.00247617E+01 -8.17214351E+01 -8.28406121E+01 -8.31969257E+01 -8.12257835E+01 -7.72392589E+01 -7.76839606E+01 -8.06217350E+01 -8.17869335E+01 -8.31569743E+01 -8.30931627E+01 -7.97705744E+01 -7.70808685E+01 -7.84661313E+01 -8.05982810E+01 -8.24724175E+01 -8.33876862E+01 -8.24847197E+01 -7.84822434E+01 -7.73035456E+01 -7.91775764E+01 -8.09734668E+01 -8.27446289E+01 -8.36755204E+01 -8.10003087E+01 -7.71133983E+01 -7.74302632E+01 -8.02274659E+01 -8.17528213E+01 -8.33511575E+01 -8.34770678E+01 -8.00413735E+01 -7.71202173E+01 -7.86375106E+01 -8.04934497E+01 -8.21525827E+01 -8.36115645E+01 -8.24973946E+01 -7.88111253E+01 -7.69715461E+01 -7.91451291E+01 -8.10832703E+01 -8.27627028E+01 -8.37077533E+01 -8.17147151E+01 -7.73912241E+01 -7.68453028E+01 -8.01905931E+01 -8.16139204E+01 -8.35432515E+01 -8.34063708E+01 -8.01608813E+01 -7.62951690E+01 -7.82827046E+01 -8.09013189E+01 -8.23528992E+01 -8.40987557E+01 -8.30225032E+01 -7.83068804E+01 -7.59011711E+01 -8.00239925E+01 -8.15331403E+01 -8.32821604E+01 -8.38256838E+01 -8.18546572E+01 -7.70365691E+01 -7.70053882E+01 -8.08237966E+01 -8.18712138E+01 -8.36212488E+01 -8.35698170E+01 -8.05571381E+01 -7.58246835E+01 -7.86487476E+01 -8.13596009E+01 -8.25259387E+01 -8.38703373E+01 -8.32673331E+01 -7.93224334E+01 -7.65722947E+01 -7.98051207E+01 -8.20226060E+01 -8.29875880E+01 -8.38911459E+01 -8.24777267E+01 -7.78237627E+01 -7.74396472E+01 -8.07668882E+01 -8.24850388E+01 -8.32748382E+01 -8.36918760E+01 -8.13283005E+01 -7.65556730E+01 -7.89009437E+01 -8.18365948E+01 -8.24925531E+01 -8.34568801E+01 -8.32944319E+01 -7.95020325E+01 -7.67586006E+01 -7.99944304E+01 -8.22167027E+01 -8.28870335E+01 -8.35649312E+01 -8.28934409E+01 -7.76460688E+01 -7.74413846E+01 -8.10601274E+01 -8.27103023E+01 -8.29110585E+01 -8.36170218E+01 -8.17083565E+01 -7.63269745E+01 -7.84156968E+01 -8.18512916E+01 -8.26396195E+01 -8.30372075E+01 -8.32150196E+01 -7.92478363E+01 -7.60387170E+01 -7.94261299E+01 -8.21807071E+01 -8.25673102E+01 -8.33283209E+01 -8.28770654E+01 -7.75028257E+01 -7.69003037E+01 -8.04346380E+01 -8.20317154E+01 -8.28468761E+01 -8.33837047E+01 -8.15359433E+01 -7.70672661E+01 -7.81851420E+01 -8.12360734E+01 -8.20808038E+01 -8.30424307E+01 -8.31054653E+01 -7.95426368E+01 -7.72435687E+01 -7.92061788E+01 -8.19020100E+01 -8.28095457E+01 -8.26340941E+01 -8.22169351E+01 -7.80747282E+01 -7.79191746E+01 -8.05901513E+01 -8.19016010E+01
 -8.06909326E+01 -8.33492065E+01 -8.28974730E+01 -8.32576374E+01 -8.14062507E+01 -7.78900022E+01 -7.84910564E+01 -8.24093607E+01 -8.30996656E+01 -8.29067767E+01 -8.31143247E+01 -8.01025487E+01 -7.79677438E+01 -7.97526459E+01 -8.28698705E+01 -8.29279341E+01 -8.30872659E+01 -8.23285315E+01 -7.95109578E+01 -7.85932122E+01 -8.06808658E+01 -8.29505279E+01 -8.24779560E+01 -8.30633527E+01 -8.16993980E+01 -7.95426294E+01 -7.79332751E+01 -8.16559543E+01 -8.34410253E+01 -8.19786322E+01 -8.30103159E+01 -8.09828765E+01 -7.85076032E+01 -7.84817666E+01 -8.30008511E+01 -8.22247507E+01 -8.22783468E+01 -8.27333811E+01 -8.00389241E+01 -7.71412881E+01 -7.96351032E+01 -8.35276291E+01 -8.20959584E+01 -8.27417722E+01 -8.22092519E+01 -7.87206224E+01 -7.68612548E+01 -8.18197421E+01 -8.34107071E+01 -8.27094020E+01 -8.29429067E+01 -8.14487344E+01 -7.74474003E+01 -7.83427305E+01 -8.33997645E+01 -8.31485006E+01 -8.23925503E+01 -8.22968716E+01 -7.99437925E+01 -7.66119925E+01 -8.01727213E+01 -8.32688112E+01 -8.24587026E+01 -8.23770517E+01 -8.13309923E+01 -7.85510056E+01 -7.59599699E+01 -8.22801680E+01 -8.26395454E+01 -8.32711053E+01 -8.24225282E+01 -8.08330201E+01 -7.66429798E+01 -7.81916382E+01 -8.28983638E+01 -8.26575748E+01 -8.35418688E+01 -8.17693196E+01 -7.99382184E+01 -7.56731488E+01 -8.06635797E+01 -8.25549320E+01 -8.30156110E+01 -8.26885533E+01 -8.16139341E+01 -7.69002782E+01 -7.65743129E+01 -8.20371251E+01 -8.26237045E+01 -8.36492889E+01 -8.22853739E+01 -8.04253667E+01 -7.58909447E+01 -7.87556510E+01 -8.29636228E+01 -8.26565729E+01 -8.35176503E+01 -8.18303319E+01 -7.83014752E+01 -7.59309383E+01 -8.12712332E+01 -8.30798500E+01 -8.32474954E+01 -8.28452614E+01 -8.12350134E+01 -7.68822200E+01 -7.80518785E+01 -8.27652692E+01 -8.26424628E+01 -8.36231302E+01 -8.23566359E+01 -8.01415866E+01 -7.62193521E+01 -8.05228495E+01 -8.32309341E+01 -8.25547871E+01 -8.36530828E+01 -8.10249175E+01 -7.73099481E+01 -7.73098096E+01 -8.20511192E+01 -8.28837082E+01 -8.33102835E+01 -8.29421347E+01 -7.95676287E+01 -7.62269391E+01 -7.88213046E+01 -8.23344877E+01 -8.22751907E+01 -8.43087898E+01 -8.19959325E+01 -7.82330668E+01 -7.69344455E+01 -7.93387520E+01 -8.24034194E+01 -8.29559727E+01 -8.39576238E+01 -8.07332309E+01 -7.82423070E+01 -7.73436867E+01 -8.09307527E+01 -8.27858468E+01 -8.44434016E+01 -8.25833380E+01 -7.92951011E+01 -7.79802034E+01 -7.83536875E+01 -8.25256201E+01 -8.30901231E+01 -8.44615795E+01 -8.19200220E+01 -7.87564915E+01 -7.79844986E+01 -8.01074986E+01 -8.33009646E+01 -8.37688160E+01 -8.44023966E+01 -8.07557774E+01 -7.80778803E+01 -7.73291497E+01 -8.13432596E+01 -8.36328477E+01 -8.43740984E+01 -8.30135064E+01 -7.98642341E+01 -7.74475309E+01 -7.79609029E+01 -8.20603637E+01 -8.39403988E+01 -8.45368230E+01 -8.24626083E+01 -7.85497145E+01 -7.59791587E+01 -7.85892481E+01 -8.31081435E+01 -8.36667173E+01 -8.41513186E+01 -8.07896325E+01 -7.74591443E+01 -7.60842606E+01 -8.09506108E+01 -8.34354661E+01 -8.41802090E+01 -8.31952947E+01 -8.04627325E+01 -7.68797297E+01 -7.76603170E+01 -8.27443489E+01 -8.31735733E+01 -8.35552411E+01 -8.24189967E+01 -7.93730347E+01 -7.62830165E+01 -7.97164014E+01 -8.30898403E+01 -8.28754939E+01 -8.33128000E+01 -8.20880695E+01 -7.85437462E+01 -7.68603724E+01
 -8.12798052E+01 -8.00967963E+01 -8.18221913E+01 -8.11155281E+01 -8.02815559E+01 -7.64834724E+01 -7.97719597E+01 -8.08230206E+01 -8.07222595E+01 -8.15925983E+01 -8.07044858E+01 -7.93571859E+01 -7.69937831E+01 -8.04639590E+01 -8.04187980E+01 -8.10390184E+01 -8.15231030E+01 -8.02629013E+01 -7.85567080E+01 -7.75615790E+01 -8.07046743E+01 -8.02994718E+01 -8.13556865E+01 -8.08565743E+01 -7.98086046E+01 -7.78473395E+01 -7.86567973E+01 -8.06878123E+01 -8.05537030E+01 -8.13874560E+01 -8.06257346E+01 -7.88258872E+01 -7.76293280E+01 -7.98603805E+01 -8.06780045E+01 -8.11039755E+01 -8.07549054E+01 -7.98633051E+01 -7.85353959E+01 -7.85888348E+01 -8.02533765E+01 -8.03153377E+01 -8.12090573E+01 -8.02996712E+01 -7.90129848E+01 -7.84647023E+01 -7.94439045E+01 -8.06662712E+01 -8.09806202E+01 -8.09100759E+01 -8.00866817E+01 -7.86837609E+01 -7.79394808E+01 -7.99352835E+01 -8.07237071E+01 -8.18175224E+01 -8.06609429E+01 -7.90605495E+01 -7.79978188E+01 -7.83337384E+01 -8.05949085E+01 -8.08151325E+01 -8.20757241E+01 -8.05459707E+01 -7.84132500E+01 -7.82449927E+01 -7.98368673E+01 -8.00653483E+01 -8.14843528E+01 -8.11405416E+01 -7.98333337E+01 -7.89949617E+01 -7.90642736E+01 -8.07379568E+01 -7.98791856E+01 -8.20805512E+01 -8.06517290E+01 -7.97170670E+01 -7.88261960E+01 -7.92425261E+01 -8.09227273E+01 -8.05009375E+01 -8.19439172E+01 -8.05774809E+01 -7.94741885E+01 -7.82363776E+01 -7.94540587E+01 -8.06984167E+01 -8.16876620E+01 -8.12592050E+01 -8.04331849E+01 -7.87993816E+01 -7.72679672E+01 -8.08205103E+01 -8.08335236E+01 -8.21349906E+01 -8.08504909E+01 -7.99477693E+01 -7.73373058E+01 -7.80210448E+01 -8.13588136E+01 -8.09320964E+01 -8.16953796E+01 -8.03617510E+01 -8.00947986E+01 -7.68135618E+01 -7.95773078E+01 -8.17030174E+01 -8.09509017E+01 -8.08203673E+01 -8.09470708E+01 -7.88829596E+01 -7.69475921E+01 -8.06141713E+01 -7.98020934E+01 -8.06242951E+01 -8.03890224E+01 -8.08653822E+01 -7.76623722E+01 -7.83739992E+01 -8.10281527E+01 -7.90671094E+01 -8.07274986E+01 -8.13694097E+01 -8.11236852E+01 -7.70864178E+01 -7.93705148E+01 -7.98755453E+01 -7.95082765E+01 -8.11652740E+01 -8.18643273E+01 -7.99553180E+01 -7.72772827E+01 -8.06298074E+01 -7.93845353E+01 -8.05401044E+01 -8.08487251E+01 -8.19581421E+01 -7.79969537E+01 -7.85694350E+01 -8.10668210E+01 -7.85170511E+01 -8.04778584E+01 -8.06708654E+01 -8.09711314E+01 -7.69524000E+01 -7.97265477E+01 -7.98027931E+01 -7.89780629E+01 -7.99928275E+01 -8.13620285E+01 -7.97511614E+01 -7.70515270E+01 -8.07189194E+01 -7.89189386E+01 -8.05448465E+01 -7.97360542E+01 -8.13485389E+01 -7.87953674E+01 -7.79044962E+01 -8.04031589E+01 -7.95602296E+01 -8.04902219E+01 -8.01821689E+01 -8.14272260E+01 -7.70020769E+01 -7.89894505E+01 -8.02793705E+01 -7.97984990E+01 -7.99965080E+01 -8.05983019E+01 -8.00983645E+01 -7.65431693E+01 -8.09341472E+01 -8.00108476E+01 -8.03025475E+01 -8.01057349E+01 -8.16236892E+01 -7.80624500E+01 -7.75880355E+01 -8.17567187E+01 -8.01422357E+01 -8.12350044E+01 -8.08311057E+01 -8.03718330E+01 -7.61007937E+01 -7.99307318E+01 -8.14087026E+01 -8.02667218E+01 -8.15358798E+01 -8.03059443E+01 -7.85256819E+01 -7.62115310E+01 -8.11398663E+01 -8.01138927E+01 -8.11554859E+01 -8.14317513E+01 -8.03584516E+01 -7.70481807E+01 -7.73502109E+01
 -8.29513633E+01 -8.25350324E+01 -8.17357892E+01 -7.95079450E+01 -8.04265449E+01 -8.14774620E+01 -8.27226166E+01 -8.31123716E+01 -8.19966818E+01 -8.10343972E+01 -7.93176287E+01 -8.10455782E+01 -8.15225061E+01 -8.31047124E+01 -8.17721213E+01 -8.15274123E+01 -7.99563137E+01 -7.98553934E+01 -8.15369597E+01 -8.15979327E+01 -8.26103237E+01 -8.09876008E+01 -8.15282080E+01 -7.93091223E+01 -8.00680249E+01 -8.14801861E+01 -8.24457059E+01 -8.18584165E+01 -8.09977925E+01 -8.11135817E+01 -7.92757453E+01 -8.09672770E+01 -8.17322803E+01 -8.25700946E+01 -8.14119300E+01 -8.13435557E+01 -8.01784975E+01 -8.00056441E+01 -8.13940660E+01 -8.18346844E+01 -8.22146899E+01 -8.10291642E+01 -8.13496857E+01 -7.96595510E+01 -8.05580324E+01 -8.11666278E+01 -8.26126566E+01 -8.18357412E+01 -8.13524689E+01 -8.08899967E+01 -7.93886338E+01 -8.08758204E+01 -8.17491102E+01 -8.23737427E+01 -8.17258398E+01 -8.12850684E+01 -7.97022465E+01 -7.98169646E+01 -8.13394895E+01 -8.25894541E+01 -8.18346592E+01 -8.15712017E+01 -8.05878845E+01 -7.94814287E+01 -8.07354392E+01 -8.20768265E+01 -8.25040648E+01 -8.14433288E+01 -8.12719969E+01 -7.99029934E+01 -7.91660020E+01 -8.16247869E+01 -8.17537130E+01 -8.21491787E+01 -8.10789617E+01 -8.09198580E+01 -7.90142064E+01 -7.98284322E+01 -8.18899019E+01 -8.19778046E+01 -8.18392625E+01 -8.12016530E+01 -8.08904842E+01 -7.87997825E+01 -8.07008595E+01 -8.17600962E+01 -8.22463930E+01 -8.13646239E+01 -8.14636099E+01 -7.98890737E+01 -7.88686666E+01 -8.12058238E+01 -8.18234251E+01 -8.25279455E+01 -8.17010197E+01 -8.09822465E+01 -7.94597670E+01 -7.99521352E+01 -8.16526193E+01 -8.19170312E+01 -8.21726077E+01 -8.13469319E+01 -8.03269002E+01 -7.94058713E+01 -8.11418116E+01 -8.18331958E+01 -8.20735559E+01 -8.21417379E+01 -8.12219367E+01 -8.01961994E+01 -7.96462778E+01 -8.12920073E+01 -8.17108129E+01 -8.20338457E+01 -8.15754185E+01 -8.08575337E+01 -7.95174733E+01 -8.01962329E+01 -8.17455122E+01 -8.17682327E+01 -8.16254982E+01 -8.16579018E+01 -8.04162988E+01 -7.97568940E+01 -8.08494346E+01 -8.15272624E+01 -8.17573177E+01 -8.23019658E+01 -8.11566689E+01 -7.93443200E+01 -7.97263601E+01 -8.13627419E+01 -8.12951015E+01 -8.24025167E+01 -8.23796897E+01 -8.04062516E+01 -7.89509200E+01 -8.01992242E+01 -8.16623487E+01 -8.11839981E+01 -8.26190091E+01 -8.16533228E+01 -7.95739765E+01 -7.89676573E+01 -8.06798290E+01 -8.06979302E+01 -8.18256013E+01 -8.27586431E+01 -8.09646464E+01 -7.97357049E+01 -7.94984034E+01 -8.13214910E+01 -8.04837701E+01 -8.27897302E+01 -8.18399395E+01 -8.08508970E+01 -7.96684634E+01 -8.00995940E+01 -8.08092597E+01 -8.17933932E+01 -8.27924289E+01 -8.12960517E+01 -8.10917828E+01 -7.98988303E+01 -8.09927680E+01 -8.03237825E+01 -8.23864703E+01 -8.23839233E+01 -8.15735789E+01 -8.10023436E+01 -8.00066692E+01 -8.09390623E+01 -8.04985578E+01 -8.28268948E+01 -8.18955220E+01 -8.16775990E+01 -8.04168029E+01 -8.02267154E+01 -8.07398211E+01 -8.13398627E+01 -8.27430563E+01 -8.13227383E+01 -8.12927904E+01 -8.00852348E+01 -8.04640929E+01 -8.07571970E+01 -8.18492545E+01 -8.26134443E+01 -8.16123905E+01 -8.08953531E+01 -7.99747641E+01 -8.07167303E+01 -8.10984595E+01 -8.26039446E+01 -8.22699358E+01 -8.20066349E+01 -8.02429291E+01 -7.94780013E+01 -8.10958743E+01 -8.17974713E+01
 -7.69103453E+01 -7.68678776E+01 -8.21860167E+01 -8.32337753E+01 -8.13878975E+01 -7.99586108E+01 -7.84560597E+01 -7.55776771E+01 -7.85124313E+01 -8.29986230E+01 -8.28583720E+01 -8.08711213E+01 -7.93546815E+01 -7.75579909E+01 -7.55406066E+01 -8.08577974E+01 -8.33861160E+01 -8.24913889E+01 -8.10158730E+01 -7.89759972E+01 -7.64007958E+01 -7.70880069E+01 -8.23133141E+01 -8.29086696E+01 -8.20372370E+01 -8.09448206E+01 -7.87616495E+01 -7.52565420E+01 -7.91682122E+01 -8.27331153E+01 -8.26202902E+01 -8.19586147E+01 -8.05024673E+01 -7.59188448E+01 -7.56778115E+01 -8.09914090E+01 -8.27503230E+01 -8.28382864E+01 -8.12853395E+01 -7.86678420E+01 -7.52277029E+01 -7.66586567E+01 -8.14397378E+01 -8.27519317E+01 -8.22171211E+01 -8.06722088E+01 -7.77405803E+01 -7.57759736E+01 -7.83853711E+01 -8.19614378E+01 -8.26457793E+01 -8.15061662E+01 -8.03276802E+01 -7.77993108E+01 -7.67351154E+01 -7.95409216E+01 -8.28042225E+01 -8.17857868E+01 -8.15232099E+01 -8.00343692E+01 -7.81960099E+01 -7.70509785E+01 -8.11362336E+01 -8.23701291E+01 -8.15017467E+01 -8.17419292E+01 -7.95517953E+01 -7.75717202E+01 -7.87924554E+01 -8.21359405E+01 -8.27031096E+01 -8.20679474E+01 -8.10238790E+01 -7.83781547E+01 -7.71297136E+01 -7.95427307E+01 -8.24581086E+01 -8.28367290E+01 -8.23138050E+01 -7.95064889E+01 -7.69953719E+01 -7.71454024E+01 -8.03407154E+01 -8.27248390E+01 -8.28810455E+01 -8.07845427E+01 -7.73473999E+01 -7.61239381E+01 -7.75785253E+01 -8.19297470E+01 -8.27552298E+01 -8.15447166E+01 -7.94318288E+01 -7.63189362E+01 -7.68721680E+01 -7.88150099E+01 -8.23568919E+01 -8.28758418E+01 -8.10999012E+01 -7.84002319E+01 -7.59295852E+01 -7.75319069E+01 -8.12433628E+01 -8.34227504E+01 -8.24693889E+01 -8.06098209E+01 -7.75664357E+01 -7.53694666E+01 -7.78321131E+01 -8.19509439E+01 -8.32721633E+01 -8.19207642E+01 -7.99086420E+01 -7.62994885E+01 -7.59263642E+01 -7.95764248E+01 -8.29088990E+01 -8.26352182E+01 -8.13170742E+01 -7.97887456E+01 -7.61701971E+01 -7.73524537E+01 -8.13296146E+01 -8.32753518E+01 -8.21571446E+01 -8.05840479E+01 -7.84571214E+01 -7.63154253E+01 -7.85905675E+01 -8.27131520E+01 -8.33308862E+01 -8.14329672E+01 -8.02714563E+01 -7.79551177E+01 -7.63749144E+01 -8.01535510E+01 -8.30233235E+01 -8.23583876E+01 -8.07538957E+01 -7.97936565E+01 -7.65594465E+01 -7.62690591E+01 -8.10998914E+01 -8.31812574E+01 -8.22480281E+01 -8.01978492E+01 -7.88288617E+01 -7.57868799E+01 -7.77383025E+01 -8.23970232E+01 -8.30561148E+01 -8.18581648E+01 -7.93724344E+01 -7.76712807E+01 -7.52639692E+01 -7.92613954E+01 -8.32467680E+01 -8.29174003E+01 -8.10537578E+01 -7.94368858E+01 -7.59485102E+01 -7.63409131E+01 -8.10424323E+01 -8.36834580E+01 -8.27530566E+01 -8.00566070E+01 -7.89834386E+01 -7.58492666E+01 -7.82381354E+01 -8.25570328E+01 -8.33046919E+01 -8.15732573E+01 -7.97102647E+01 -7.72623079E+01 -7.58220938E+01 -7.93915871E+01 -8.32966643E+01 -8.27510392E+01 -8.04278455E+01 -7.92516673E+01 -7.62044567E+01 -7.70811358E+01 -8.15273395E+01 -8.33462587E+01 -8.20094144E+01 -7.96186023E+01 -7.86643186E+01 -7.60904078E+01 -7.82504182E+01 -8.21764937E+01 -8.30834466E+01 -8.10990599E+01 -7.98494234E+01 -7.76364138E+01 -7.62056422E+01 -8.04937780E+01 -8.33813551E+01 -8.25197471E+01 -8.03722089E+01 -7.96160223E+01
 -8.04338003E+01 -8.01691418E+01 -8.19932596E+01 -8.20107145E+01 -8.22212187E+01 -8.03822377E+01 -8.00042948E+01 -7.98506364E+01 -8.05195685E+01 -8.20478693E+01 -8.21003188E+01 -8.14833020E+01 -7.95824313E+01 -8.03314017E+01 -8.00463617E+01 -8.09994757E+01 -8.22076591E+01 -8.23496997E+01 -8.09926511E+01 -7.92821500E+01 -8.08723158E+01 -8.05640273E+01 -8.19084282E+01 -8.22611704E+01 -8.23100104E+01 -8.00065484E+01 -7.98499413E+01 -8.07545990E+01 -8.12207801E+01 -8.24534501E+01 -8.22133969E+01 -8.17377860E+01 -7.94484263E+01 -8.07627104E+01 -8.04641708E+01 -8.17199487E+01 -8.22613619E+01 -8.21387565E+01 -8.09250247E+01 -7.98616260E+01 -8.10674022E+01 -8.05048089E+01 -8.20290631E+01 -8.23862601E+01 -8.21320784E+01 -8.00941601E+01 -8.00830229E+01 -8.08759116E+01 -8.10458554E+01 -8.22313465E+01 -8.19015279E+01 -8.15202851E+01 -7.92750863E+01 -8.00619491E+01 -8.11150959E+01 -8.18656984E+01 -8.19412824E+01 -8.14309012E+01 -8.07227601E+01 -7.93267682E+01 -8.08745099E+01 -8.07321305E+01 -8.20265608E+01 -8.18686893E+01 -8.15053731E+01 -7.99355723E+01 -8.01189977E+01 -8.08914708E+01 -8.10638167E+01 -8.22201716E+01 -8.20854020E+01 -8.12573222E+01 -7.97402666E+01 -8.08869602E+01 -8.10002649E+01 -8.15708585E+01 -8.25058594E+01 -8.19576944E+01 -8.08177688E+01 -8.01749069E+01 -8.12734820E+01 -8.11081683E+01 -8.22777499E+01 -8.25111726E+01 -8.13200627E+01 -8.01535823E+01 -8.04682112E+01 -8.08934724E+01 -8.15024185E+01 -8.27693144E+01 -8.22817248E+01 -8.06947731E+01 -7.98001557E+01 -8.08192862E+01 -8.12211718E+01 -8.21790925E+01 -8.26975363E+01 -8.20195026E+01 -8.00077967E+01 -7.94560313E+01 -8.09410974E+01 -8.12891717E+01 -8.26029707E+01 -8.27541955E+01 -8.14839981E+01 -7.92844321E+01 -8.02097302E+01 -8.10767008E+01 -8.12893396E+01 -8.24394326E+01 -8.29291037E+01 -8.09382488E+01 -7.96653475E+01 -8.05908573E+01 -8.09064623E+01 -8.17735432E+01 -8.29209127E+01 -8.23025086E+01 -8.01097189E+01 -8.01809055E+01 -8.04246841E+01 -8.07911753E+01 -8.24368254E+01 -8.33577243E+01 -8.19397486E+01 -8.01721874E+01 -7.98707896E+01 -8.01261777E+01 -8.08654098E+01 -8.26919790E+01 -8.33059892E+01 -8.07745167E+01 -7.95504970E+01 -8.01212395E+01 -8.01788130E+01 -8.16657923E+01 -8.32213433E+01 -8.22125013E+01 -8.02544169E+01 -8.00831855E+01 -7.99930428E+01 -8.04634730E+01 -8.24377304E+01 -8.30792283E+01 -8.12696324E+01 -8.04998933E+01 -7.98048081E+01 -7.97619727E+01 -8.10661217E+01 -8.30994430E+01 -8.26114419E+01 -8.07079618E+01 -8.03912686E+01 -7.98583022E+01 -7.98596724E+01 -8.19172490E+01 -8.30734386E+01 -8.19888143E+01 -8.07161617E+01 -8.02993060E+01 -7.98110704E+01 -8.02833684E+01 -8.26583876E+01 -8.29840403E+01 -8.13787732E+01 -8.08384097E+01 -8.00771974E+01 -7.93738069E+01 -8.12561570E+01 -8.30286433E+01 -8.21555731E+01 -8.11172443E+01 -8.07149076E+01 -7.98492151E+01 -8.02556161E+01 -8.22256904E+01 -8.29319237E+01 -8.16839162E+01 -8.11785662E+01 -8.00614793E+01 -7.98451978E+01 -8.03820462E+01 -8.27589593E+01 -8.22517911E+01 -8.17194427E+01 -8.08350942E+01 -7.97864237E+01 -8.01046136E+01 -8.13767960E+01 -8.30724987E+01 -8.19842333E+01 -8.18611364E+01 -8.00978683E+01 -8.01867241E+01 -8.04756067E+01 -8.18589294E+01 -8.23057261E+01 -8.19453844E+01 -8.14181487E+01 -7.97075095E+01
 -7.86040709E+01 -7.42624717E+01 -7.53133411E+01 -8.08787756E+01 -8.39723290E+01 -8.41128251E+01 -8.13959372E+01 -7.71799117E+01 -7.49439033E+01 -7.75808896E+01 -8.21863588E+01 -8.42130659E+01 -8.40579968E+01 -8.05169537E+01 -7.56001710E+01 -7.48430708E+01 -7.96082115E+01 -8.37066613E+01 -8.43530270E+01 -8.29138581E+01 -7.80055241E+01 -7.44219897E+01 -7.66019359E+01 -8.13553743E+01 -8.43114670E+01 -8.44834957E+01 -8.11155945E+01 -7.55651323E+01 -7.48631730E+01 -7.78373275E+01 -8.22039796E+01 -8.40562191E+01 -8.38943177E+01 -7.95432941E+01 -7.40284465E+01 -7.62343429E+01 -7.91875632E+01 -8.35107840E+01 -8.43722635E+01 -8.30609507E+01 -7.74267559E+01 -7.42282990E+01 -7.79535672E+01 -8.11310479E+01 -8.36415925E+01 -8.45367939E+01 -8.10014193E+01 -7.44149136E+01 -7.47912964E+01 -7.90660718E+01 -8.26328840E+01 -8.42218422E+01 -8.46701886E+01 -7.86118534E+01 -7.46052593E+01 -7.66952194E+01 -8.06175173E+01 -8.37014506E+01 -8.46277563E+01 -8.33639483E+01 -7.60793845E+01 -7.40522771E+01 -7.78136723E+01 -8.20747841E+01 -8.40256225E+01 -8.46991149E+01 -8.13703911E+01 -7.47928424E+01 -7.51702723E+01 -7.88692550E+01 -8.34728263E+01 -8.43986577E+01 -8.45417962E+01 -7.86728558E+01 -7.42020393E+01 -7.63195610E+01 -8.06762467E+01 -8.37493098E+01 -8.44963355E+01 -8.36360502E+01 -7.65267246E+01 -7.54426400E+01 -7.69152150E+01 -8.18517131E+01 -8.36196489E+01 -8.45159835E+01 -8.11507685E+01 -7.55713362E+01 -7.58591011E+01 -7.84777057E+01 -8.26191118E+01 -8.41001204E+01 -8.38834174E+01 -7.79962700E+01 -7.51237482E+01 -7.59545331E+01 -7.97209822E+01 -8.31562703E+01 -8.39179297E+01 -8.24315601E+01 -7.63089597E+01 -7.53304030E+01 -7.68762472E+01 -8.10811904E+01 -8.32877732E+01 -8.41495325E+01 -8.02373874E+01 -7.54773965E+01 -7.47951778E+01 -7.86926016E+01 -8.17701079E+01 -8.34398334E+01 -8.37844670E+01 -7.79433645E+01 -7.50047871E+01 -7.54776689E+01 -7.98346157E+01 -8.21834929E+01 -8.42579729E+01 -8.21825810E+01 -7.71163240E+01 -7.45171256E+01 -7.66740159E+01 -8.03610477E+01 -8.30773107E+01 -8.43485945E+01 -8.03479898E+01 -7.58459861E+01 -7.39631928E+01 -7.77148663E+01 -8.15267222E+01 -8.44690070E+01 -8.37428973E+01 -7.89020445E+01 -7.47674449E+01 -7.44153276E+01 -7.91077506E+01 -8.29103204E+01 -8.48768053E+01 -8.26457963E+01 -7.72529264E+01 -7.39702621E+01 -7.50429139E+01 -8.02158435E+01 -8.37824603E+01 -8.44363373E+01 -8.13156801E+01 -7.66217398E+01 -7.41403315E+01 -7.70876400E+01 -8.20904320E+01 -8.48116691E+01 -8.40673181E+01 -7.91836902E+01 -7.65066993E+01 -7.47851770E+01 -7.82707742E+01 -8.34315117E+01 -8.49366281E+01 -8.23542038E+01 -7.74106117E+01 -7.48944645E+01 -7.56525229E+01 -8.05562065E+01 -8.43165397E+01 -8.43388128E+01 -8.12881858E+01 -7.74814216E+01 -7.43620593E+01 -7.68080642E+01 -8.21537552E+01 -8.43923941E+01 -8.34357317E+01 -7.94992862E+01 -7.57937938E+01 -7.45601825E+01 -7.86202096E+01 -8.33582485E+01 -8.43090432E+01 -8.21523423E+01 -7.89446690E+01 -7.41751556E+01 -7.49044257E+01 -7.99182630E+01 -8.35186420E+01 -8.37592696E+01 -8.13016518E+01 -7.75482170E+01 -7.33950267E+01 -7.63151500E+01 -8.20067853E+01 -8.39739385E+01 -8.28980566E+01 -7.96607932E+01 -7.51663708E+01 -7.39865283E+01 -7.87346884E+01 -8.29079431E+01 -8.41519982E+01 -8.25281311E+01
 -8.34039807E+01 -8.37672638E+01 -8.37357390E+01 -7.98131831E+01 -7.70360734E+01 -7.94421638E+01 -8.16248950E+01 -8.37051769E+01 -8.40183399E+01 -8.31490157E+01 -7.82507979E+01 -7.77235369E+01 -8.02069242E+01 -8.22418709E+01 -8.34064645E+01 -8.42611239E+01 -8.17482385E+01 -7.71261935E+01 -7.81525232E+01 -8.10548725E+01 -8.30033443E+01 -8.39512662E+01 -8.39098755E+01 -7.97378931E+01 -7.74150417E+01 -7.96233437E+01 -8.17701171E+01 -8.34135012E+01 -8.39327624E+01 -8.30744367E+01 -7.89160675E+01 -7.77671487E+01 -8.03162895E+01 -8.22466107E+01 -8.36917490E+01 -8.40025638E+01 -8.17881163E+01 -7.82967045E+01 -7.84779171E+01 -8.08874215E+01 -8.31274506E+01 -8.39813389E+01 -8.37763001E+01 -8.02193386E+01 -7.81688886E+01 -7.90347545E+01 -8.14404323E+01 -8.34910055E+01 -8.38945147E+01 -8.26748430E+01 -7.92298113E+01 -7.75022781E+01 -7.98853986E+01 -8.22033387E+01 -8.37069183E+01 -8.35869247E+01 -8.19500475E+01 -7.84840939E+01 -7.86606393E+01 -8.08378426E+01 -8.29119704E+01 -8.31443271E+01 -8.35200079E+01 -8.06654858E+01 -7.81611975E+01 -7.93395824E+01 -8.15574851E+01 -8.32669551E+01 -8.38427358E+01 -8.28197511E+01 -7.94230613E+01 -7.77921654E+01 -7.98563460E+01 -8.17514361E+01 -8.35577448E+01 -8.37774846E+01 -8.16746907E+01 -7.77263984E+01 -7.80153123E+01 -8.04707692E+01 -8.19909556E+01 -8.37724230E+01 -8.33254187E+01 -7.97406833E+01 -7.73747688E+01 -7.91252703E+01 -8.04922208E+01 -8.23280933E+01 -8.42528506E+01 -8.21636407E+01 -7.87240193E+01 -7.74478047E+01 -7.97540826E+01 -8.08647132E+01 -8.32957236E+01 -8.41704061E+01 -8.07025896E+01 -7.75865107E+01 -7.81071582E+01 -7.94477512E+01 -8.12385828E+01 -8.39822953E+01 -8.33182720E+01 -7.94646866E+01 -7.72120079E+01 -7.86010261E+01 -8.00273741E+01 -8.23477697E+01 -8.45007768E+01 -8.17757024E+01 -7.87038570E+01 -7.67374922E+01 -7.93593987E+01 -8.08014305E+01 -8.33946280E+01 -8.41973819E+01 -8.08920942E+01 -7.72243749E+01 -7.74070573E+01 -7.99256926E+01 -8.12804653E+01 -8.42357360E+01 -8.31671213E+01 -7.98671114E+01 -7.66443826E+01 -7.87407435E+01 -8.05511917E+01 -8.27512086E+01 -8.41973817E+01 -8.20616472E+01 -7.82744183E+01 -7.72571018E+01 -7.96387807E+01 -8.13837980E+01 -8.36143938E+01 -8.40815072E+01 -8.10873740E+01 -7.73205984E+01 -7.74421099E+01 -8.01176607E+01 -8.24937514E+01 -8.40387579E+01 -8.37354573E+01 -8.02269030E+01 -7.74677350E+01 -7.84689635E+01 -8.10127363E+01 -8.26625746E+01 -8.42426867E+01 -8.28714267E+01 -7.85967057E+01 -7.74366680E+01 -7.89281062E+01 -8.18223366E+01 -8.34074503E+01 -8.44588169E+01 -8.13546062E+01 -7.77264139E+01 -7.72178444E+01 -8.00579893E+01 -8.24759773E+01 -8.39685347E+01 -8.38311867E+01 -7.97591142E+01 -7.73296073E+01 -7.84003390E+01 -8.13800847E+01 -8.25957516E+01 -8.43073014E+01 -8.28812193E+01 -7.85087916E+01 -7.80826705E+01 -7.98317513E+01 -8.19926431E+01 -8.32915369E+01 -8.44106113E+01 -8.15207293E+01 -7.81726929E+01 -7.81986672E+01 -8.09123129E+01 -8.25789448E+01 -8.37707099E+01 -8.39762600E+01 -8.06747214E+01 -7.77871487E+01 -7.87107772E+01 -8.13864630E+01 -8.30938641E+01 -8.39034292E+01 -8.28089665E+01 -7.88591526E+01 -7.74404808E+01 -8.00020758E+01 -8.23494674E+01 -8.36118079E+01 -8.37263074E+01 -8.16489041E+01 -7.74311682E+01 -7.80357614E+01 -8.11829836E+01
 -8.20485619E+01 -7.98943620E+01 -7.62831256E+01 -7.68752609E+01 -7.97234342E+01 -8.27825976E+01 -8.31474081E+01 -8.13815003E+01 -7.85243293E+01 -7.55669468E+01 -7.71822327E+01 -8.11246094E+01 -8.38066532E+01 -8.23341806E+01 -8.08224036E+01 -7.66066622E+01 -7.57560971E+01 -7.84848887E+01 -8.25454695E+01 -8.36104836E+01 -8.19435439E+01 -7.89727837E+01 -7.56318098E+01 -7.57752675E+01 -7.97975636E+01 -8.34089448E+01 -8.28480132E+01 -8.08990152E+01 -7.87904524E+01 -7.54131153E+01 -7.59960375E+01 -8.10254047E+01 -8.39419507E+01 -8.18594915E+01 -8.09120384E+01 -7.78108555E+01 -7.54047661E+01 -7.73375617E+01 -8.25323383E+01 -8.35949470E+01 -8.09527518E+01 -8.03480825E+01 -7.77448350E+01 -7.62444537E+01 -7.92621693E+01 -8.31538485E+01 -8.25965118E+01 -8.01690637E+01 -7.96014764E+01 -7.69422600E+01 -7.64917955E+01 -8.05020506E+01 -8.39501050E+01 -8.15404333E+01 -8.07060590E+01 -7.91070487E+01 -7.58379949E+01 -7.65561479E+01 -8.22568674E+01 -8.41550370E+01 -8.07428888E+01 -8.05098429E+01 -7.83742021E+01 -7.48722387E+01 -7.87603446E+01 -8.39575535E+01 -8.28003663E+01 -8.03020252E+01 -7.99815325E+01 -7.67763469E+01 -7.53751204E+01 -8.07425495E+01 -8.49522939E+01 -8.20450060E+01 -7.95735935E+01 -7.83629325E+01 -7.51194394E+01 -7.71331065E+01 -8.28857758E+01 -8.52306790E+01 -8.03566968E+01 -7.89005869E+01 -7.69464751E+01 -7.45754646E+01 -7.84391131E+01 -8.40755738E+01 -8.38825085E+01 -7.95319638E+01 -7.84095762E+01 -7.54880480E+01 -7.51295708E+01 -8.00249508E+01 -8.51174298E+01 -8.19688924E+01 -7.92508740E+01 -7.79813672E+01 -7.48805676E+01 -7.65501162E+01 -8.19353617E+01 -8.41001653E+01 -8.03420116E+01 -7.99151461E+01 -7.75265798E+01 -7.53544740E+01 -7.80029471E+01 -8.37213931E+01 -8.31985568E+01 -8.04952339E+01 -7.91766747E+01 -7.65618417E+01 -7.60299525E+01 -7.97966666E+01 -8.45484761E+01 -8.19135375E+01 -8.03695251E+01 -7.89659230E+01 -7.65462805E+01 -7.69213280E+01 -8.16517902E+01 -8.40373119E+01 -8.09287442E+01 -8.05268772E+01 -7.79560667E+01 -7.71511973E+01 -7.82137816E+01 -8.33668897E+01 -8.24753671E+01 -8.08243088E+01 -7.95746329E+01 -7.71102315E+01 -7.72791330E+01 -8.02984349E+01 -8.40494893E+01 -8.15564430E+01 -8.06111208E+01 -7.85078566E+01 -7.68815973E+01 -7.74313021E+01 -8.13276322E+01 -8.34614707E+01 -8.11197024E+01 -8.03020902E+01 -7.79449293E+01 -7.70247421E+01 -7.82731388E+01 -8.28714872E+01 -8.26903748E+01 -8.09229167E+01 -7.96681953E+01 -7.77071847E+01 -7.70786589E+01 -8.03336828E+01 -8.34636238E+01 -8.25194015E+01 -8.06507082E+01 -7.87908763E+01 -7.65909509E+01 -7.79231085E+01 -8.19143154E+01 -8.38184775E+01 -8.18342072E+01 -8.04137641E+01 -7.77690543E+01 -7.65624855E+01 -7.99263007E+01 -8.30114157E+01 -8.35853724E+01 -8.10862755E+01 -7.89236373E+01 -7.65372637E+01 -7.69408326E+01 -8.11675465E+01 -8.37033614E+01 -8.27705367E+01 -8.02112407E+01 -7.77212344E+01 -7.57885736E+01 -7.79070222E+01 -8.20557195E+01 -8.35273397E+01 -8.23224580E+01 -8.02192138E+01 -7.71460817E+01 -7.55732921E+01 -7.93505675E+01 -8.30013853E+01 -8.33279493E+01 -8.16728550E+01 -7.90017037E+01 -7.63448036E+01 -7.73481071E+01 -8.09376215E+01 -8.35931647E+01 -8.27892396E+01 -8.06064974E+01 -7.76103087E+01 -7.58017997E+01 -7.78922347E+01 -8.24417417E+01 -8.37746369E+01
 -7.96010275E+01 -7.73465351E+01 -7.96892485E+01 -8.39490719E+01 -8.18377657E+01 -8.02445407E+01 -8.01684730E+01 -7.91994422E+01 -7.67649836E+01 -8.07888575E+01 -8.38029400E+01 -8.04474501E+01 -8.01980879E+01 -8.04058088E+01 -7.82929653E+01 -7.72866543E+01 -8.28847297E+01 -8.36755504E+01 -8.10014124E+01 -8.07205681E+01 -7.98350388E+01 -7.74562275E+01 -7.85598111E+01 -8.42552612E+01 -8.27713523E+01 -8.09574646E+01 -8.06927101E+01 -7.90528471E+01 -7.73064520E+01 -8.05910801E+01 -8.41404804E+01 -8.15615708E+01 -8.11754650E+01 -8.05565304E+01 -7.82465426E+01 -7.75145036E+01 -8.22533450E+01 -8.32514627E+01 -8.08885894E+01 -8.07757523E+01 -7.99835341E+01 -7.78045855E+01 -7.91612167E+01 -8.28318359E+01 -8.22926508E+01 -8.06599241E+01 -8.03761131E+01 -7.89997753E+01 -7.74997663E+01 -8.02107274E+01 -8.32701226E+01 -8.16638826E+01 -8.02223623E+01 -7.95553294E+01 -7.81612600E+01 -7.79623511E+01 -8.19407725E+01 -8.27255531E+01 -8.08816832E+01 -8.06185831E+01 -7.95920441E+01 -7.83768767E+01 -7.88237367E+01 -8.30362470E+01 -8.25024770E+01 -8.12292572E+01 -8.05723251E+01 -7.94306314E+01 -7.80563717E+01 -8.03403200E+01 -8.29490314E+01 -8.20351506E+01 -8.07283155E+01 -8.01834600E+01 -7.90669942E+01 -7.76016736E+01 -8.18382079E+01 -8.31391387E+01 -8.12782106E+01 -8.05562564E+01 -7.93797938E+01 -7.82734437E+01 -7.90327367E+01 -8.26879867E+01 -8.24037166E+01 -7.97278778E+01 -8.00711387E+01 -7.89602293E+01 -7.74674121E+01 -8.02207692E+01 -8.31376768E+01 -8.17904236E+01 -8.02323843E+01 -8.01070062E+01 -7.84916252E+01 -7.78429246E+01 -8.22961855E+01 -8.36420608E+01 -8.07467381E+01 -8.07393080E+01 -7.93466877E+01 -7.69917609E+01 -7.81450614E+01 -8.32697665E+01 -8.26055286E+01 -8.01908180E+01 -8.06419068E+01 -7.85171348E+01 -7.65520041E+01 -8.04145476E+01 -8.40984587E+01 -8.12770243E+01 -8.09427085E+01 -8.00377560E+01 -7.74409845E+01 -7.74195674E+01 -8.25346388E+01 -8.39513738E+01 -8.03762606E+01 -8.01081255E+01 -7.86518900E+01 -7.64583245E+01 -7.87521685E+01 -8.36527099E+01 -8.30093079E+01 -8.02086948E+01 -7.96115018E+01 -7.77189552E+01 -7.66058841E+01 -8.12896436E+01 -8.40662354E+01 -8.12709651E+01 -7.99474259E+01 -7.88260389E+01 -7.64711466E+01 -7.80937903E+01 -8.29738961E+01 -8.36746512E+01 -8.00801147E+01 -7.95777115E+01 -7.85167053E+01 -7.63152066E+01 -7.97731607E+01 -8.41465983E+01 -8.26380827E+01 -7.95023788E+01 -7.95790866E+01 -7.73132147E+01 -7.67784358E+01 -8.13835024E+01 -8.46879982E+01 -8.11679714E+01 -7.97355627E+01 -7.92784919E+01 -7.65675982E+01 -7.78539336E+01 -8.30288424E+01 -8.39697153E+01 -8.02956200E+01 -7.99179113E+01 -7.91379570E+01 -7.66734626E+01 -7.92933050E+01 -8.44607134E+01 -8.23160869E+01 -7.96700310E+01 -8.02179547E+01 -7.86846519E+01 -7.72568004E+01 -8.13796449E+01 -8.45144733E+01 -8.10387202E+01 -8.03814152E+01 -7.97801331E+01 -7.77862131E+01 -7.78762368E+01 -8.32350288E+01 -8.36587601E+01 -7.99593575E+01 -8.02928779E+01 -7.93855615E+01 -7.70449765E+01 -7.97257284E+01 -8.42585477E+01 -8.16670041E+01 -7.96101090E+01 -7.95818219E+01 -7.87152073E+01 -7.72215078E+01 -8.14264116E+01 -8.39035022E+01 -8.04458729E+01 -8.00043336E+01 -7.98591376E+01 -7.75221998E+01 -7.77697481E+01 -8.31221186E+01 -8.27566034E+01 -8.03051225E+01 -8.04351131E+01
 -7.97928153E+01 -8.08818921E+01 -8.05223211E+01 -8.18595322E+01 -7.87535456E+01 -7.77408870E+01 -7.86385174E+01 -8.01965600E+01 -8.04817266E+01 -8.08474937E+01 -8.16957960E+01 -7.77983527E+01 -7.81868628E+01 -7.94963632E+01 -8.06424048E+01 -8.08002696E+01 -8.20392795E+01 -8.10842357E+01 -7.75150921E+01 -7.92049245E+01 -8.03042644E+01 -8.09788441E+01 -8.11631934E+01 -8.24629062E+01 -7.94719949E+01 -7.77219995E+01 -7.98756591E+01 -8.08049094E+01 -8.09115798E+01 -8.13400600E+01 -8.18336492E+01 -7.75600924E+01 -7.82746119E+01 -7.97891185E+01 -8.10781155E+01 -8.15545368E+01 -8.21564947E+01 -8.01489736E+01 -7.69159103E+01 -7.88375970E+01 -8.00064115E+01 -8.11389695E+01 -8.13127938E+01 -8.20985916E+01 -7.80009616E+01 -7.70144637E+01 -7.88191449E+01 -8.07174267E+01 -8.12482383E+01 -8.21260641E+01 -8.09732897E+01 -7.75516643E+01 -7.70316432E+01 -7.99365679E+01 -8.08657190E+01 -8.11302696E+01 -8.22307425E+01 -7.94057022E+01 -7.65448672E+01 -7.78518185E+01 -8.07006482E+01 -8.05126371E+01 -8.14215571E+01 -8.14917843E+01 -7.89587282E+01 -7.69685518E+01 -7.93934177E+01 -8.09773265E+01 -7.99147490E+01 -8.14735972E+01 -8.10902058E+01 -7.76043338E+01 -7.75169297E+01 -7.99605801E+01 -8.05873543E+01 -8.04002998E+01 -8.11744165E+01 -7.98595938E+01 -7.69715789E+01 -7.78881477E+01 -8.02019618E+01 -8.01198584E+01 -8.11919655E+01 -8.04067966E+01 -7.88075191E+01 -7.69987721E+01 -7.81722647E+01 -8.02356965E+01 -8.06574986E+01 -8.12058206E+01 -7.97502874E+01 -7.77831679E+01 -7.74633281E+01 -7.88272103E+01 -8.07388073E+01 -8.08550669E+01 -8.07353265E+01 -7.90864253E+01 -7.72079173E+01 -7.83547390E+01 -7.97834565E+01 -8.11507657E+01 -8.07238397E+01 -8.02443862E+01 -7.79843559E+01 -7.81296523E+01 -7.89236329E+01 -8.07736069E+01 -8.08344663E+01 -8.09698234E+01 -8.00584130E+01 -7.70296214E+01 -7.76123964E+01 -8.03915133E+01 -8.15644553E+01 -8.11806399E+01 -8.13366055E+01 -7.88387407E+01 -7.68110834E+01 -7.84588794E+01 -8.10870472E+01 -8.15046870E+01 -8.14706249E+01 -8.11274896E+01 -7.84595485E+01 -7.72956746E+01 -7.95370675E+01 -8.18511818E+01 -8.17240262E+01 -8.12944902E+01 -8.03938590E+01 -7.73777641E+01 -7.75642862E+01 -8.06785764E+01 -8.19303976E+01 -8.13558311E+01 -8.11770966E+01 -7.87568628E+01 -7.66826997E+01 -7.83666727E+01 -8.10878379E+01 -8.13868528E+01 -8.16937138E+01 -8.09350975E+01 -7.78610610E+01 -7.72773275E+01 -7.91733803E+01 -8.12810617E+01 -8.15943983E+01 -8.12518506E+01 -8.01868634E+01 -7.71107620E+01 -7.74938005E+01 -8.00403884E+01 -8.11990815E+01 -8.09136379E+01 -8.11138057E+01 -7.90345784E+01 -7.63750298E+01 -7.86506210E+01 -8.06270792E+01 -8.10085496E+01 -8.13978590E+01 -8.08368457E+01 -7.80983406E+01 -7.73597334E+01 -7.96117658E+01 -8.15991384E+01 -8.07080346E+01 -8.18867403E+01 -8.01841195E+01 -7.80481720E+01 -7.84457535E+01 -8.09249456E+01 -8.06517631E+01 -8.07439807E+01 -8.15635560E+01 -7.96268954E+01 -7.73437520E+01 -7.88429568E+01 -8.11224471E+01 -8.10189215E+01 -8.15254738E+01 -8.09244848E+01 -7.77491175E+01 -7.75133911E+01 -7.94842642E+01 -8.10489471E+01 -8.04930863E+01 -8.12704688E+01 -7.94488252E+01 -7.76098287E+01 -7.82277929E+01 -7.93855855E+01 -8.10886955E+01 -8.04469211E+01 -8.13568209E+01 -7.94908720E+01 -7.77208352E+01 -7.85308467E+01
 -8.33555373E+01 -8.23745359E+01 -7.88289086E+01 -7.72762056E+01 -7.85701432E+01 -7.90084180E+01 -8.14839597E+01 -8.34681951E+01 -8.16440654E+01 -7.83100699E+01 -7.73068739E+01 -7.88074191E+01 -7.94504355E+01 -8.25379012E+01 -8.34563696E+01 -8.03089876E+01 -7.76386832E+01 -7.80405909E+01 -7.90602531E+01 -8.06214107E+01 -8.36269549E+01 -8.25790177E+01 -7.91993607E+01 -7.74615940E+01 -7.97041738E+01 -7.96128960E+01 -8.21457849E+01 -8.38687290E+01 -8.15035635E+01 -7.81416683E+01 -7.83078782E+01 -8.04931356E+01 -8.02774094E+01 -8.26258092E+01 -8.33764541E+01 -8.07138436E+01 -7.73322412E+01 -7.92068267E+01 -8.09750391E+01 -8.06078630E+01 -8.36385806E+01 -8.26565320E+01 -7.92971213E+01 -7.77395331E+01 -7.99805533E+01 -8.06578789E+01 -8.11436029E+01 -8.34016219E+01 -8.23261196E+01 -7.83790244E+01 -7.85410631E+01 -8.05234323E+01 -8.05925856E+01 -8.19608388E+01 -8.29450609E+01 -8.09113597E+01 -7.80518002E+01 -7.90496755E+01 -8.09048262E+01 -8.06505328E+01 -8.26386638E+01 -8.27325006E+01 -7.94351456E+01 -7.76173169E+01 -7.97962298E+01 -8.08666058E+01 -8.09468677E+01 -8.31943111E+01 -8.20955264E+01 -7.83319577E+01 -7.81319617E+01 -8.04770368E+01 -8.02294116E+01 -8.19134243E+01 -8.33245493E+01 -8.07716727E+01 -7.76287016E+01 -7.87552435E+01 -8.06771167E+01 -8.02366353E+01 -8.28235834E+01 -8.34019379E+01 -7.92954413E+01 -7.79725460E+01 -7.94608608E+01 -8.04210047E+01 -8.09944899E+01 -8.35335461E+01 -8.21831890E+01 -7.79056878E+01 -7.77718409E+01 -8.00006557E+01 -8.01070337E+01 -8.21289581E+01 -8.37558123E+01 -8.09567179E+01 -7.67716937E+01 -7.81793467E+01 -8.00670257E+01 -8.09038336E+01 -8.30116075E+01 -8.35012215E+01 -7.89977046E+01 -7.73050211E+01 -7.89152981E+01 -8.00652494E+01 -8.10739102E+01 -8.33959146E+01 -8.19178827E+01 -7.76574846E+01 -7.72694586E+01 -7.92552538E+01 -8.01557950E+01 -8.20206657E+01 -8.33236121E+01 -8.00905008E+01 -7.66677049E+01 -7.79000591E+01 -7.98020734E+01 -8.04857028E+01 -8.28634862E+01 -8.21272633E+01 -7.87055028E+01 -7.70863512E+01 -7.82582393E+01 -8.03429012E+01 -8.15169012E+01 -8.32758176E+01 -8.16928813E+01 -7.77173422E+01 -7.78578130E+01 -7.96237518E+01 -8.00512481E+01 -8.18750010E+01 -8.29683193E+01 -8.07155155E+01 -7.70659284E+01 -7.82077566E+01 -7.99054512E+01 -8.04426681E+01 -8.23277156E+01 -8.31643459E+01 -7.93020387E+01 -7.70916930E+01 -7.87914708E+01 -7.98667897E+01 -8.06353356E+01 -8.32675867E+01 -8.22361763E+01 -7.85863959E+01 -7.74051711E+01 -7.92263189E+01 -8.03283673E+01 -8.12104635E+01 -8.37251264E+01 -8.12873108E+01 -7.80693131E+01 -7.79108962E+01 -7.91856100E+01 -8.04565655E+01 -8.24048264E+01 -8.31422240E+01 -7.96391927E+01 -7.84553359E+01 -7.84952263E+01 -7.96211191E+01 -8.08307627E+01 -8.35382904E+01 -8.19699616E+01 -7.83830259E+01 -7.75427357E+01 -7.86765056E+01 -7.97753153E+01 -8.19052309E+01 -8.34855992E+01 -8.05764898E+01 -7.76432458E+01 -7.75509727E+01 -7.95840431E+01 -8.04063423E+01 -8.30955391E+01 -8.31490896E+01 -7.96534673E+01 -7.74757372E+01 -7.89754896E+01 -7.97150227E+01 -8.16241292E+01 -8.37909227E+01 -8.16000266E+01 -7.81037937E+01 -7.79240184E+01 -7.97934633E+01 -8.02894791E+01 -8.30107369E+01 -8.34228422E+01 -8.00220346E+01 -7.76448291E+01 -7.77051481E+01 -7.98170913E+01 -8.08269987E+01
 -8.06968077E+01 -8.12130734E+01 -7.93966417E+01 -7.63915620E+01 -7.89350834E+01 -8.31317872E+01 -7.96081714E+01 -8.10909207E+01 -8.06413803E+01 -7.82348897E+01 -7.54851762E+01 -8.09161550E+01 -8.17419889E+01 -8.03779861E+01 -8.13203801E+01 -7.94941353E+01 -7.64977961E+01 -7.60032782E+01 -8.25869709E+01 -8.06645082E+01 -8.07295040E+01 -8.04998481E+01 -7.83556691E+01 -7.49919370E+01 -7.84696476E+01 -8.24253565E+01 -7.98275324E+01 -8.09874063E+01 -7.94972120E+01 -7.78889499E+01 -7.51809069E+01 -8.14294114E+01 -8.14276480E+01 -7.98601859E+01 -8.08251655E+01 -7.95521023E+01 -7.61839275E+01 -7.72780100E+01 -8.32373682E+01 -8.08862821E+01 -8.11353047E+01 -8.07864886E+01 -7.89510443E+01 -7.65428705E+01 -8.00191482E+01 -8.36003813E+01 -8.05845979E+01 -8.10618175E+01 -7.98462319E+01 -7.78557562E+01 -7.64739546E+01 -8.20126594E+01 -8.20371690E+01 -7.98209243E+01 -8.06867262E+01 -7.93486486E+01 -7.74242870E+01 -7.78716931E+01 -8.31388642E+01 -8.10213886E+01 -8.03390762E+01 -8.01296658E+01 -7.83980940E+01 -7.66487791E+01 -8.02500307E+01 -8.30851637E+01 -8.05408024E+01 -8.08901438E+01 -7.90952345E+01 -7.77965520E+01 -7.74231065E+01 -8.20309158E+01 -8.23260708E+01 -8.01391126E+01 -8.02688505E+01 -7.83674591E+01 -7.80857765E+01 -7.91609107E+01 -8.30043507E+01 -8.15949308E+01 -8.07032410E+01 -8.01849803E+01 -7.88867920E+01 -7.83097138E+01 -8.06787516E+01 -8.35608854E+01 -8.04475034E+01 -8.07223005E+01 -7.92358512E+01 -7.85277035E+01 -7.83093135E+01 -8.15832839E+01 -8.25302405E+01 -8.00276116E+01 -8.02880903E+01 -7.85453499E+01 -7.88744139E+01 -7.85918215E+01 -8.31727059E+01 -8.15485904E+01 -8.03617888E+01 -7.99963765E+01 -7.83357124E+01 -7.81632023E+01 -8.03710668E+01 -8.38527035E+01 -8.09903180E+01 -8.06941524E+01 -8.02049574E+01 -7.88711363E+01 -7.86378776E+01 -8.17928492E+01 -8.31352924E+01 -8.03508523E+01 -8.07740621E+01 -7.97707660E+01 -7.83459596E+01 -7.88875023E+01 -8.26443128E+01 -8.16402229E+01 -8.05512517E+01 -8.11174922E+01 -7.98370895E+01 -7.77597890E+01 -7.91285285E+01 -8.31252369E+01 -8.05785423E+01 -8.08279850E+01 -8.08307350E+01 -7.89278014E+01 -7.76134050E+01 -8.07303238E+01 -8.22768623E+01 -8.01493956E+01 -8.11128849E+01 -8.00887275E+01 -7.83625634E+01 -7.80143847E+01 -8.19928997E+01 -8.11246590E+01 -8.01337231E+01 -8.11408257E+01 -7.89484687E+01 -7.79627336E+01 -7.93168906E+01 -8.21938205E+01 -7.97677669E+01 -8.01464715E+01 -8.08509599E+01 -7.86132811E+01 -7.75379576E+01 -8.08642485E+01 -8.16602959E+01 -7.88433463E+01 -8.05982919E+01 -7.98127079E+01 -7.79485281E+01 -7.81923160E+01 -8.20589466E+01 -8.06732579E+01 -7.93146654E+01 -8.10964644E+01 -7.90301134E+01 -7.76077460E+01 -7.94587634E+01 -8.24362549E+01 -7.92389782E+01 -8.00006019E+01 -8.06028869E+01 -7.75604271E+01 -7.69922933E+01 -8.02582003E+01 -8.15981007E+01 -7.86316039E+01 -8.12010396E+01 -7.95904307E+01 -7.70343870E+01 -7.76549633E+01 -8.14881483E+01 -8.05768935E+01 -8.05756542E+01 -8.12941097E+01 -7.92343663E+01 -7.68885360E+01 -7.87549946E+01 -8.22845611E+01 -7.96913601E+01 -8.07570014E+01 -8.04004466E+01 -7.82256359E+01 -7.66323868E+01 -8.09910474E+01 -8.19987485E+01 -7.94665826E+01 -8.14030649E+01 -7.94969341E+01 -7.73534916E+01 -7.71763675E+01 -8.24236553E+01 -8.04661230E+01
 -8.35369631E+01 -8.22018791E+01 -7.97363741E+01 -7.64832705E+01 -7.98316573E+01 -8.17126447E+01 -8.35182669E+01 -8.28951358E+01 -8.10611156E+01 -7.83495891E+01 -7.72447719E+01 -8.09099906E+01 -8.26900536E+01 -8.34411555E+01 -8.23350709E+01 -8.05026025E+01 -7.65487703E+01 -7.82262160E+01 -8.14904073E+01 -8.30751508E+01 -8.31939155E+01 -8.15921042E+01 -7.91047047E+01 -7.64115187E+01 -7.97873755E+01 -8.24904682E+01 -8.32588641E+01 -8.22991753E+01 -8.07277232E+01 -7.75471273E+01 -7.70701129E+01 -8.10832182E+01 -8.31881999E+01 -8.34486247E+01 -8.17743878E+01 -8.07750295E+01 -7.62214089E+01 -7.84881833E+01 -8.21490251E+01 -8.34820666E+01 -8.24847521E+01 -8.15605000E+01 -7.95997649E+01 -7.58325404E+01 -8.01618198E+01 -8.24744542E+01 -8.29456492E+01 -8.24278156E+01 -8.19308239E+01 -7.81288194E+01 -7.67157502E+01 -8.15862807E+01 -8.30124765E+01 -8.26348896E+01 -8.21122484E+01 -8.07699904E+01 -7.63918140E+01 -7.85437618E+01 -8.25835404E+01 -8.30232539E+01 -8.23101168E+01 -8.15830079E+01 -7.94514385E+01 -7.63005376E+01 -8.03617254E+01 -8.27844890E+01 -8.30778691E+01 -8.16579532E+01 -8.12827212E+01 -7.78013592E+01 -7.71934595E+01 -8.21216351E+01 -8.31574309E+01 -8.26749276E+01 -8.14122477E+01 -8.10879962E+01 -7.68154941E+01 -7.91970521E+01 -8.23027803E+01 -8.28912763E+01 -8.15656669E+01 -8.14523068E+01 -7.99433728E+01 -7.65754799E+01 -8.05119360E+01 -8.24332252E+01 -8.24800609E+01 -8.12213761E+01 -8.12812396E+01 -7.83483433E+01 -7.78891777E+01 -8.21238551E+01 -8.26108594E+01 -8.22619032E+01 -8.18162660E+01 -8.06642445E+01 -7.75575725E+01 -7.87895320E+01 -8.19524426E+01 -8.27498755E+01 -8.22074222E+01 -8.17477418E+01 -7.96808198E+01 -7.66618936E+01 -8.04431593E+01 -8.20918423E+01 -8.26537497E+01 -8.21272842E+01 -8.17262511E+01 -7.84363385E+01 -7.75007848E+01 -8.14724454E+01 -8.21609187E+01 -8.29128880E+01 -8.21307565E+01 -8.08491223E+01 -7.67813230E+01 -7.85523861E+01 -8.19399565E+01 -8.29459287E+01 -8.27969753E+01 -8.23560010E+01 -7.92445162E+01 -7.66216189E+01 -8.02287268E+01 -8.27372464E+01 -8.36542911E+01 -8.21799036E+01 -8.20182169E+01 -7.81260439E+01 -7.76639385E+01 -8.15489179E+01 -8.30986986E+01 -8.34699383E+01 -8.23991408E+01 -8.07842258E+01 -7.70768583E+01 -7.91715051E+01 -8.16114273E+01 -8.29885524E+01 -8.27082801E+01 -8.23627527E+01 -7.90852513E+01 -7.70648660E+01 -7.97477114E+01 -8.13955662E+01 -8.32151901E+01 -8.27946579E+01 -8.16887385E+01 -7.79958319E+01 -7.77729870E+01 -8.08741966E+01 -8.20608409E+01 -8.30113764E+01 -8.26195783E+01 -8.04239220E+01 -7.68561121E+01 -7.91687748E+01 -8.18613685E+01 -8.26299482E+01 -8.28255732E+01 -8.22346911E+01 -7.92474726E+01 -7.72237735E+01 -8.07889102E+01 -8.25164114E+01 -8.25965910E+01 -8.21575474E+01 -8.15763172E+01 -7.85032129E+01 -7.84263512E+01 -8.17604329E+01 -8.23842179E+01 -8.28268604E+01 -8.26060345E+01 -8.00771433E+01 -7.76905672E+01 -7.86579661E+01 -8.21748200E+01 -8.28824506E+01 -8.30572038E+01 -8.22024985E+01 -7.92023055E+01 -7.70468283E+01 -8.01768818E+01 -8.23181729E+01 -8.35848222E+01 -8.27775536E+01 -8.16048942E+01 -7.81109444E+01 -7.70730907E+01 -8.09396520E+01 -8.27106961E+01 -8.34134003E+01 -8.26475523E+01 -8.07240489E+01 -7.73402463E+01 -7.85310362E+01 -8.15202716E+01 -8.30059476E+01
 -8.15911442E+01 -7.85487702E+01 -7.94764116E+01 -8.12221310E+01 -8.04891301E+01 -8.23203980E+01 -8.28717483E+01 -7.99189089E+01 -7.77561581E+01 -8.07094571E+01 -8.06626972E+01 -8.12091392E+01 -8.32399372E+01 -8.12455453E+01 -7.88396883E+01 -7.81742751E+01 -8.07675185E+01 -8.04804384E+01 -8.17225104E+01 -8.29348476E+01 -8.02283092E+01 -7.78122746E+01 -7.98299043E+01 -8.10593255E+01 -8.07791044E+01 -8.28623850E+01 -8.24586512E+01 -7.95613203E+01 -7.78538745E+01 -8.05595557E+01 -8.11075279E+01 -8.15636554E+01 -8.32688657E+01 -8.16694055E+01 -7.88488502E+01 -7.90413275E+01 -8.13925129E+01 -8.06926453E+01 -8.20050158E+01 -8.30415066E+01 -8.10762923E+01 -7.87236028E+01 -8.01418932E+01 -8.09450316E+01 -8.11316447E+01 -8.28371101E+01 -8.25305857E+01 -8.00613216E+01 -7.89627383E+01 -8.03782889E+01 -8.02976090E+01 -8.08206205E+01 -8.25793270E+01 -8.18413298E+01 -7.94554740E+01 -7.90936015E+01 -8.02082949E+01 -8.02903131E+01 -8.17930806E+01 -8.28357301E+01 -8.12701067E+01 -7.90234309E+01 -7.96399956E+01 -8.07247043E+01 -8.04059633E+01 -8.25930888E+01 -8.25490054E+01 -8.06158113E+01 -7.86088617E+01 -8.06343905E+01 -8.11431356E+01 -8.12517172E+01 -8.30011006E+01 -8.19668292E+01 -7.97514803E+01 -7.88212509E+01 -8.08797580E+01 -8.12246832E+01 -8.20268856E+01 -8.31933934E+01 -8.10932372E+01 -7.89591098E+01 -7.95451103E+01 -8.14384414E+01 -8.10964420E+01 -8.28319353E+01 -8.28930620E+01 -8.01197511E+01 -7.82169553E+01 -8.08221599E+01 -8.09424149E+01 -8.10244086E+01 -8.31259381E+01 -8.22497397E+01 -7.96161980E+01 -7.89187299E+01 -8.13432613E+01 -8.05266955E+01 -8.21997937E+01 -8.29061272E+01 -8.11644189E+01 -7.87908056E+01 -7.99893192E+01 -8.11454121E+01 -8.05883660E+01 -8.27028343E+01 -8.27084433E+01 -8.01772385E+01 -7.86104711E+01 -8.13419099E+01 -8.06542380E+01 -8.07639994E+01 -8.33155098E+01 -8.19637322E+01 -7.95886286E+01 -7.88262094E+01 -8.12754463E+01 -7.99594083E+01 -8.19993802E+01 -8.32641725E+01 -8.13016201E+01 -7.81934707E+01 -7.99467740E+01 -8.08708193E+01 -7.96478036E+01 -8.32420357E+01 -8.23014708E+01 -7.99515542E+01 -7.82596030E+01 -8.10452455E+01 -8.02274148E+01 -8.07799863E+01 -8.33118486E+01 -8.14764167E+01 -7.82578792E+01 -7.88464523E+01 -8.15488904E+01 -7.98946573E+01 -8.27259838E+01 -8.30335834E+01 -8.03500248E+01 -7.75427616E+01 -8.04248033E+01 -8.13690357E+01 -8.06611885E+01 -8.33403035E+01 -8.23383200E+01 -7.90250445E+01 -7.86653635E+01 -8.12677689E+01 -8.05778953E+01 -8.13813181E+01 -8.33242881E+01 -8.18898361E+01 -7.88264136E+01 -7.93900157E+01 -8.13901318E+01 -8.01051771E+01 -8.25611266E+01 -8.34578771E+01 -8.10295114E+01 -7.81519100E+01 -8.07506711E+01 -8.20038365E+01 -8.05775936E+01 -8.33843122E+01 -8.31404384E+01 -7.97683453E+01 -7.82831319E+01 -8.16000210E+01 -8.07835445E+01 -8.13069667E+01 -8.35467232E+01 -8.22819768E+01 -7.85958887E+01 -7.90764898E+01 -8.15447933E+01 -8.04671252E+01 -8.17070190E+01 -8.36702035E+01 -8.14492905E+01 -7.77755357E+01 -7.98097446E+01 -8.05185425E+01 -8.02541886E+01 -8.28971164E+01 -8.30347549E+01 -8.02940877E+01 -7.80239088E+01 -8.09180027E+01 -8.05649864E+01 -8.10240279E+01 -8.31115298E+01 -8.24412153E+01 -7.92888704E+01 -7.90257383E+01 -8.10389774E+01 -8.05074096E+01 -8.16920851E+01 -8.32898526E+01
 -7.90490499E+01 -8.21536089E+01 -8.34245298E+01 -8.46541107E+01 -8.01324934E+01 -7.40289295E+01 -7.42571966E+01 -8.13125285E+01 -8.16592520E+01 -8.43303632E+01 -8.38789917E+01 -7.82817312E+01 -7.25549276E+01 -7.74147094E+01 -8.16337106E+01 -8.24677324E+01 -8.49804425E+01 -8.25756579E+01 -7.62230922E+01 -7.27834408E+01 -7.88140994E+01 -8.15022481E+01 -8.29647455E+01 -8.48933683E+01 -8.04734115E+01 -7.28390958E+01 -7.39289370E+01 -8.06400774E+01 -8.14671707E+01 -8.41532350E+01 -8.37578104E+01 -7.75873195E+01 -7.02618683E+01 -7.69936886E+01 -8.13877407E+01 -8.26636288E+01 -8.51519541E+01 -8.25542228E+01 -7.53468909E+01 -7.22480312E+01 -7.98624732E+01 -8.12299315E+01 -8.38340114E+01 -8.48163312E+01 -8.03993102E+01 -7.27235044E+01 -7.45776310E+01 -7.99234051E+01 -8.18272822E+01 -8.48338265E+01 -8.39383683E+01 -7.71299436E+01 -7.12410438E+01 -7.66044567E+01 -8.08331535E+01 -8.33631909E+01 -8.57549197E+01 -8.24296327E+01 -7.48004397E+01 -7.25453180E+01 -7.81980634E+01 -8.08013678E+01 -8.45891681E+01 -8.55218106E+01 -8.00497122E+01 -7.33551755E+01 -7.36688113E+01 -7.92028584E+01 -8.14313233E+01 -8.51057228E+01 -8.39873465E+01 -7.74573499E+01 -7.28980146E+01 -7.49122080E+01 -8.02061373E+01 -8.28636184E+01 -8.54235915E+01 -8.21075382E+01 -7.61162809E+01 -7.33041173E+01 -7.76407069E+01 -8.07137813E+01 -8.36461343E+01 -8.45616300E+01 -7.98485191E+01 -7.50373457E+01 -7.45962873E+01 -7.96937910E+01 -8.16311980E+01 -8.48444181E+01 -8.32213313E+01 -7.78776856E+01 -7.43834836E+01 -7.72480142E+01 -8.04043780E+01 -8.26878143E+01 -8.48781185E+01 -8.18605392E+01 -7.56099810E+01 -7.41444890E+01 -7.77637497E+01 -8.06877341E+01 -8.31967879E+01 -8.46178462E+01 -7.96654334E+01 -7.40637606E+01 -7.52325973E+01 -7.88620213E+01 -8.15563028E+01 -8.42781430E+01 -8.38805665E+01 -7.71391837E+01 -7.37264442E+01 -7.61241359E+01 -8.03887245E+01 -8.31199995E+01 -8.46521322E+01 -8.22921547E+01 -7.51898041E+01 -7.27683471E+01 -7.72011478E+01 -8.16553455E+01 -8.39795569E+01 -8.50568250E+01 -8.10062381E+01 -7.43955705E+01 -7.25648446E+01 -7.93188956E+01 -8.27543983E+01 -8.43082018E+01 -8.39971508E+01 -7.87087913E+01 -7.25110382E+01 -7.55003259E+01 -8.07178959E+01 -8.28376804E+01 -8.40975055E+01 -8.26824038E+01 -7.60794022E+01 -7.13481828E+01 -7.77252156E+01 -8.17641882E+01 -8.32476633E+01 -8.44808132E+01 -8.09984578E+01 -7.35798118E+01 -7.22626702E+01 -7.89659321E+01 -8.31587990E+01 -8.40603356E+01 -8.38369448E+01 -7.91082572E+01 -7.23066666E+01 -7.42733413E+01 -8.13875861E+01 -8.36071749E+01 -8.42326008E+01 -8.27294906E+01 -7.68079622E+01 -7.15806369E+01 -7.73978891E+01 -8.28137174E+01 -8.34284016E+01 -8.38862484E+01 -8.10872611E+01 -7.38898987E+01 -7.28629469E+01 -8.04144216E+01 -8.27580326E+01 -8.36237602E+01 -8.37802260E+01 -7.89434974E+01 -7.09987406E+01 -7.50904501E+01 -8.18574192E+01 -8.26308159E+01 -8.39102347E+01 -8.29922527E+01 -7.62223295E+01 -7.15684233E+01 -7.86659640E+01 -8.20278381E+01 -8.26791305E+01 -8.42675108E+01 -8.07480461E+01 -7.29321518E+01 -7.33022274E+01 -8.05606551E+01 -8.19509389E+01 -8.39360409E+01 -8.37899417E+01 -7.80266701E+01 -7.14016169E+01 -7.61154719E+01 -8.15004470E+01 -8.26306553E+01 -8.44457547E+01 -8.26411815E+01 -7.58612588E+01 -7.27305096E+01
 -7.98322584E+01 -7.89920582E+01 -8.09712779E+01 -8.15345837E+01 -7.99466395E+01 -7.98491289E+01 -8.10781081E+01 -8.02224948E+01 -7.93037582E+01 -8.12455050E+01 -8.14295161E+01 -7.93817956E+01 -8.01365833E+01 -8.08494040E+01 -7.89743901E+01 -8.03622790E+01 -8.17335214E+01 -8.16083044E+01 -7.93181046E+01 -8.09051023E+01 -8.02538161E+01 -7.91534272E+01 -8.14982335E+01 -8.22746790E+01 -8.04796719E+01 -8.00945596E+01 -8.10947372E+01 -7.97301933E+01 -7.96119872E+01 -8.18324266E+01 -8.20781997E+01 -7.94211163E+01 -8.01642717E+01 -8.11608770E+01 -7.88615105E+01 -8.09555784E+01 -8.19664894E+01 -8.06211562E+01 -7.91162956E+01 -7.99722393E+01 -8.00068744E+01 -7.87715848E+01 -8.20779773E+01 -8.21346756E+01 -7.93370810E+01 -7.91327942E+01 -8.01467002E+01 -7.89461596E+01 -8.01789333E+01 -8.25237920E+01 -8.16488747E+01 -7.96602116E+01 -7.96849661E+01 -7.93543435E+01 -7.86398207E+01 -8.10645119E+01 -8.26449706E+01 -8.07580693E+01 -7.93977091E+01 -8.02144699E+01 -7.89040069E+01 -7.83553763E+01 -8.16685128E+01 -8.23696505E+01 -8.01430830E+01 -7.99354710E+01 -8.08741065E+01 -7.82405594E+01 -7.93699822E+01 -8.25861494E+01 -8.14547450E+01 -7.93583989E+01 -8.03841190E+01 -7.95579655E+01 -7.80524826E+01 -8.08509111E+01 -8.24906102E+01 -8.04714748E+01 -7.97037618E+01 -8.10236849E+01 -7.89797697E+01 -7.88548668E+01 -8.21814047E+01 -8.15384119E+01 -8.02971536E+01 -8.06046694E+01 -8.09590870E+01 -7.79369632E+01 -8.00198132E+01 -8.23444053E+01 -8.09340444E+01 -8.03519990E+01 -8.17249826E+01 -8.01721971E+01 -7.80889703E+01 -8.05022548E+01 -8.20591897E+01 -8.10988570E+01 -8.03825537E+01 -8.09883268E+01 -7.90857177E+01 -7.81376388E+01 -8.14379756E+01 -8.21915987E+01 -8.03582483E+01 -8.07284078E+01 -8.10359853E+01 -7.87238485E+01 -7.96160303E+01 -8.16675126E+01 -8.15329501E+01 -8.01797820E+01 -8.05413323E+01 -8.04500646E+01 -7.87469829E+01 -7.99339060E+01 -8.16259532E+01 -8.13555037E+01 -7.98983459E+01 -8.05507849E+01 -8.02806099E+01 -7.87160099E+01 -8.02187331E+01 -8.21680780E+01 -8.16850604E+01 -7.97896967E+01 -8.09659039E+01 -7.95726634E+01 -7.88086252E+01 -8.12021646E+01 -8.23358531E+01 -8.03602125E+01 -8.01382227E+01 -8.03556617E+01 -7.86786033E+01 -7.95032622E+01 -8.15057206E+01 -8.21607263E+01 -7.94852895E+01 -8.06545225E+01 -7.93641688E+01 -7.77543432E+01 -8.04897484E+01 -8.22117757E+01 -8.13105042E+01 -7.89971274E+01 -8.12136546E+01 -7.79475312E+01 -7.88519476E+01 -8.17980012E+01 -8.25604737E+01 -7.94137429E+01 -7.96313102E+01 -8.06116648E+01 -7.73522348E+01 -7.96693981E+01 -8.24240498E+01 -8.21158633E+01 -7.90420600E+01 -8.08810365E+01 -7.93148130E+01 -7.70776542E+01 -8.07798445E+01 -8.25902797E+01 -8.15032151E+01 -7.93384204E+01 -8.08584847E+01 -7.81090515E+01 -7.78067138E+01 -8.19443543E+01 -8.20985173E+01 -8.02399518E+01 -7.93725358E+01 -8.00862380E+01 -7.70159135E+01 -7.93169310E+01 -8.19301108E+01 -8.18109545E+01 -7.90384315E+01 -7.98853329E+01 -7.92050746E+01 -7.73105039E+01 -8.09415644E+01 -8.17147982E+01 -8.11859571E+01 -7.87801258E+01 -8.04115047E+01 -7.88531144E+01 -7.84281584E+01 -8.17141977E+01 -8.14265801E+01 -7.97361228E+01 -7.96649247E+01 -8.04121784E+01 -7.86865067E+01 -7.97882343E+01 -8.12656179E+01 -8.11627459E+01 -7.93781575E+01 -8.05209199E+01
 -8.17062521E+01 -8.27650787E+01 -8.17945957E+01 -7.85821741E+01 -7.58765773E+01 -8.04419684E+01 -8.27946259E+01 -8.17280491E+01 -8.23902905E+01 -8.09113404E+01 -7.72586437E+01 -7.75131860E+01 -8.14997156E+01 -8.18233691E+01 -8.19228167E+01 -8.22896186E+01 -7.96620997E+01 -7.61977876E+01 -7.87634961E+01 -8.17979339E+01 -8.14699976E+01 -8.16809516E+01 -8.19488354E+01 -7.81054698E+01 -7.64515850E+01 -8.00701550E+01 -8.20831360E+01 -8.19503300E+01 -8.22272071E+01 -8.05531560E+01 -7.72316275E+01 -7.73358827E+01 -8.14467330E+01 -8.21905755E+01 -8.17796967E+01 -8.14187674E+01 -7.90442609E+01 -7.70484451E+01 -7.85003481E+01 -8.15890484E+01 -8.26611684E+01 -8.19989039E+01 -8.05279657E+01 -7.84123595E+01 -7.74114922E+01 -7.95118786E+01 -8.21365366E+01 -8.25855014E+01 -8.15143724E+01 -8.04651782E+01 -7.83860322E+01 -7.77041674E+01 -8.08876824E+01 -8.25050953E+01 -8.21656579E+01 -8.12916943E+01 -8.02996003E+01 -7.75149251E+01 -7.85880166E+01 -8.17190332E+01 -8.26895963E+01 -8.16654208E+01 -8.11734709E+01 -7.95893488E+01 -7.66351965E+01 -7.97243435E+01 -8.26397839E+01 -8.29964075E+01 -8.14580669E+01 -8.12251992E+01 -7.77471499E+01 -7.66972799E+01 -8.09886272E+01 -8.29617147E+01 -8.23857970E+01 -8.14911113E+01 -8.05480161E+01 -7.62012989E+01 -7.78180783E+01 -8.24666103E+01 -8.35166537E+01 -8.15655453E+01 -8.16743203E+01 -7.90644104E+01 -7.58992127E+01 -7.97762141E+01 -8.30942967E+01 -8.23046811E+01 -8.14761812E+01 -8.15164669E+01 -7.75345218E+01 -7.72524543E+01 -8.18187358E+01 -8.31937102E+01 -8.18551279E+01 -8.19439492E+01 -8.03573392E+01 -7.71337050E+01 -7.94362449E+01 -8.23195432E+01 -8.27719362E+01 -8.17452521E+01 -8.14416932E+01 -7.87131495E+01 -7.81720457E+01 -8.08392345E+01 -8.28593154E+01 -8.22261111E+01 -8.19466969E+01 -8.09522195E+01 -7.74594626E+01 -7.81643458E+01 -8.15128368E+01 -8.28238690E+01 -8.21036656E+01 -8.22530507E+01 -7.92342889E+01 -7.73488365E+01 -7.93949390E+01 -8.23354367E+01 -8.27811390E+01 -8.21607605E+01 -8.16602998E+01 -7.80803271E+01 -7.75758370E+01 -8.08227881E+01 -8.23927030E+01 -8.22801818E+01 -8.23757681E+01 -8.06637530E+01 -7.71793661E+01 -7.81686055E+01 -8.19300704E+01 -8.21351562E+01 -8.18478881E+01 -8.20138804E+01 -7.94678937E+01 -7.62300637E+01 -7.92902646E+01 -8.17722587E+01 -8.16519442E+01 -8.17871658E+01 -8.15462287E+01 -7.78130874E+01 -7.64868586E+01 -8.00659008E+01 -8.17553250E+01 -8.17975473E+01 -8.17484846E+01 -8.04865465E+01 -7.67331115E+01 -7.76237058E+01 -8.07153421E+01 -8.18224168E+01 -8.18918677E+01 -8.13465748E+01 -7.92385898E+01 -7.63710644E+01 -7.86738410E+01 -8.16705918E+01 -8.21885221E+01 -8.13708274E+01 -8.09998801E+01 -7.81025470E+01 -7.67160430E+01 -8.02417974E+01 -8.21190117E+01 -8.15616036E+01 -8.12973087E+01 -8.00346999E+01 -7.69785375E+01 -7.82358955E+01 -8.16774145E+01 -8.20374111E+01 -8.14746036E+01 -8.10113241E+01 -7.97012824E+01 -7.66224106E+01 -7.97162739E+01 -8.23086353E+01 -8.19129385E+01 -8.16740195E+01 -8.10128026E+01 -7.85498560E+01 -7.71738696E+01 -8.04913656E+01 -8.20199087E+01 -8.20571952E+01 -8.22162015E+01 -8.04730682E+01 -7.73334478E+01 -7.76890027E+01 -8.14583525E+01 -8.22673924E+01 -8.18138615E+01 -8.21395086E+01 -8.00656703E+01 -7.60859328E+01 -7.87090894E+01 -8.23763188E+01
 -8.11935123E+01 -8.04092998E+01 -8.20676393E+01 -8.27995746E+01 -8.01058022E+01 -7.96696248E+01 -8.17034957E+01 -8.15843429E+01 -8.07671236E+01 -8.25963733E+01 -8.23229561E+01 -7.91820234E+01 -8.02378184E+01 -8.22131093E+01 -8.11881052E+01 -8.10737938E+01 -8.30115662E+01 -8.10277948E+01 -7.87852645E+01 -8.08165536E+01 -8.22335342E+01 -8.07372972E+01 -8.20400098E+01 -8.29141495E+01 -8.01753196E+01 -7.92107908E+01 -8.15497346E+01 -8.15053787E+01 -8.05821209E+01 -8.26234471E+01 -8.21797455E+01 -7.92917362E+01 -7.95039929E+01 -8.14383577E+01 -8.09007411E+01 -8.15969532E+01 -8.23034502E+01 -8.11919577E+01 -7.90635676E+01 -8.04771842E+01 -8.17050598E+01 -8.05914088E+01 -8.21460077E+01 -8.25191829E+01 -8.01403681E+01 -7.91594823E+01 -8.12650590E+01 -8.11853905E+01 -8.07873848E+01 -8.25754221E+01 -8.17538071E+01 -7.91010564E+01 -7.96911677E+01 -8.18134803E+01 -8.11017705E+01 -8.12212601E+01 -8.24972726E+01 -8.05890875E+01 -7.90636227E+01 -8.04557932E+01 -8.18813315E+01 -8.07692537E+01 -8.13277211E+01 -8.20577377E+01 -7.97941910E+01 -7.96624417E+01 -8.12191833E+01 -8.16307704E+01 -8.10278238E+01 -8.21437904E+01 -8.14973004E+01 -7.93583389E+01 -7.97224809E+01 -8.13662550E+01 -8.13314902E+01 -8.08042384E+01 -8.24389014E+01 -8.10394550E+01 -7.92773534E+01 -8.04942283E+01 -8.15542139E+01 -8.10041341E+01 -8.11882396E+01 -8.21406714E+01 -8.06591683E+01 -7.95210720E+01 -8.08992075E+01 -8.10600143E+01 -8.07172717E+01 -8.17369483E+01 -8.21523347E+01 -7.95813435E+01 -8.01303861E+01 -8.11531851E+01 -8.09877954E+01 -8.09483928E+01 -8.25038380E+01 -8.17800238E+01 -7.93429741E+01 -8.03871667E+01 -8.08959545E+01 -8.06088697E+01 -8.11706842E+01 -8.30471891E+01 -8.04351811E+01 -7.95714532E+01 -8.07330178E+01 -8.11080188E+01 -8.02784314E+01 -8.17308449E+01 -8.22882188E+01 -7.88148873E+01 -7.99276090E+01 -8.08448281E+01 -8.07050433E+01 -8.10332212E+01 -8.24347156E+01 -8.14149028E+01 -7.84673792E+01 -8.05365406E+01 -8.08749985E+01 -8.09929076E+01 -8.17263989E+01 -8.25612148E+01 -8.03003796E+01 -7.93978936E+01 -8.03529635E+01 -8.11412252E+01 -8.12669435E+01 -8.18256291E+01 -8.25374043E+01 -7.93317672E+01 -7.96519069E+01 -8.07352497E+01 -8.13108232E+01 -8.18661860E+01 -8.25103969E+01 -8.18357444E+01 -7.90876923E+01 -7.97864456E+01 -8.03464394E+01 -8.13611751E+01 -8.18208329E+01 -8.30311912E+01 -8.02586485E+01 -7.94376788E+01 -8.02504252E+01 -8.06357093E+01 -8.16836617E+01 -8.24300117E+01 -8.27483022E+01 -7.92808188E+01 -7.98812002E+01 -8.02223987E+01 -8.04333069E+01 -8.17996714E+01 -8.27802564E+01 -8.12198379E+01 -7.94757138E+01 -8.02913008E+01 -8.01924225E+01 -8.10509968E+01 -8.25685057E+01 -8.26612373E+01 -8.01622119E+01 -7.95562523E+01 -8.00617035E+01 -8.03026754E+01 -8.14636382E+01 -8.28536562E+01 -8.20730696E+01 -7.92698275E+01 -7.97719868E+01 -8.06363926E+01 -8.04571711E+01 -8.15738731E+01 -8.28645571E+01 -8.08316860E+01 -7.88682283E+01 -8.03954102E+01 -8.10592440E+01 -8.03658462E+01 -8.22073068E+01 -8.27277000E+01 -7.99960329E+01 -7.91113392E+01 -8.09089791E+01 -8.10189209E+01 -8.08195180E+01 -8.25245528E+01 -8.23073171E+01 -7.90608096E+01 -7.97252595E+01 -8.12319830E+01 -8.07409674E+01 -8.16935612E+01 -8.25607931E+01 -8.12823503E+01 -7.95001096E+01 -8.04788519E+01
 -7.92052738E+01 -7.82217122E+01 -7.93710923E+01 -8.02223008E+01 -8.28749790E+01 -8.47857245E+01 -8.17313593E+01 -7.89844500E+01 -7.82721553E+01 -7.96263627E+01 -8.08478712E+01 -8.37792192E+01 -8.45367352E+01 -8.05486693E+01 -7.84335057E+01 -7.87442517E+01 -7.98855859E+01 -8.12151160E+01 -8.44591796E+01 -8.37514088E+01 -7.96464934E+01 -7.80933544E+01 -7.95204847E+01 -7.97603640E+01 -8.22588199E+01 -8.48495566E+01 -8.20988853E+01 -7.83453608E+01 -7.83594593E+01 -7.97527629E+01 -8.06426516E+01 -8.37279049E+01 -8.42320568E+01 -8.07483276E+01 -7.73637657E+01 -7.83146865E+01 -7.98523817E+01 -8.18506048E+01 -8.42976605E+01 -8.37061668E+01 -7.95582356E+01 -7.74601158E+01 -7.92402843E+01 -8.06157097E+01 -8.26079065E+01 -8.43197515E+01 -8.25371782E+01 -7.81626831E+01 -7.83242767E+01 -7.93119374E+01 -8.10146159E+01 -8.34263852E+01 -8.45595247E+01 -8.09153521E+01 -7.78923450E+01 -7.81013925E+01 -7.94543807E+01 -8.16616048E+01 -8.40645290E+01 -8.38588912E+01 -7.92000851E+01 -7.75897587E+01 -7.85767338E+01 -8.02536643E+01 -8.27035477E+01 -8.42795709E+01 -8.17434652E+01 -7.83188205E+01 -7.85809302E+01 -7.94190748E+01 -8.12921419E+01 -8.32026184E+01 -8.42748075E+01 -8.03648237E+01 -7.77346302E+01 -7.84323852E+01 -8.02469024E+01 -8.16212492E+01 -8.37290563E+01 -8.33523331E+01 -7.89497436E+01 -7.85223807E+01 -7.89136945E+01 -8.01433358E+01 -8.20343674E+01 -8.39888906E+01 -8.16425078E+01 -7.85107592E+01 -7.88363459E+01 -7.92411004E+01 -8.08886183E+01 -8.23639125E+01 -8.38515009E+01 -8.02658564E+01 -7.82884809E+01 -7.79026672E+01 -7.95087978E+01 -8.15255330E+01 -8.29714441E+01 -8.30039147E+01 -7.89758435E+01 -7.82403177E+01 -7.85223528E+01 -8.06223499E+01 -8.13746360E+01 -8.33424592E+01 -8.17342036E+01 -7.84775564E+01 -7.84358887E+01 -7.94610229E+01 -8.11677055E+01 -8.16304725E+01 -8.33235876E+01 -8.06589564E+01 -7.80351370E+01 -7.92215412E+01 -8.05278071E+01 -8.15412794E+01 -8.23735240E+01 -8.28808467E+01 -7.89080378E+01 -7.84735573E+01 -7.96955115E+01 -8.09792195E+01 -8.15526833E+01 -8.32568105E+01 -8.19611036E+01 -7.78539675E+01 -7.94233927E+01 -7.99909919E+01 -8.12665795E+01 -8.22004635E+01 -8.34376689E+01 -8.10206630E+01 -7.80585861E+01 -7.99013357E+01 -8.04387070E+01 -8.13454154E+01 -8.29460750E+01 -8.34400241E+01 -7.92126819E+01 -7.76606334E+01 -7.95198983E+01 -8.07436743E+01 -8.15788036E+01 -8.38316301E+01 -8.22833586E+01 -7.80816274E+01 -7.92201736E+01 -7.98924260E+01 -8.10097928E+01 -8.22692963E+01 -8.40071428E+01 -8.06796599E+01 -7.80364583E+01 -7.92004704E+01 -8.01024028E+01 -8.10375055E+01 -8.32334264E+01 -8.27958544E+01 -7.90762002E+01 -7.86668436E+01 -7.93377699E+01 -8.09170762E+01 -8.20551031E+01 -8.35044656E+01 -8.17232189E+01 -7.86677577E+01 -7.89302443E+01 -8.01764150E+01 -8.11589994E+01 -8.29268309E+01 -8.35076423E+01 -7.98809478E+01 -7.81542033E+01 -7.88365046E+01 -8.03593015E+01 -8.21121283E+01 -8.33861060E+01 -8.27846066E+01 -7.85092398E+01 -7.76415533E+01 -7.92733015E+01 -8.11904180E+01 -8.28494959E+01 -8.42256408E+01 -8.12393938E+01 -7.79121655E+01 -7.81664497E+01 -7.96318377E+01 -8.16918462E+01 -8.35805746E+01 -8.38928216E+01 -7.96462592E+01 -7.74516813E+01 -7.89108892E+01 -8.02723890E+01 -8.21363760E+01 -8.44518925E+01 -8.30232947E+01
 -8.23948172E+01 -8.17889524E+01 -7.94761076E+01 -7.75597988E+01 -8.07408026E+01 -8.27671265E+01 -8.29694683E+01 -8.22018653E+01 -8.12879722E+01 -7.86633474E+01 -7.85125451E+01 -8.13041027E+01 -8.29982733E+01 -8.24267618E+01 -8.24379990E+01 -8.09439370E+01 -7.80458271E+01 -8.00067656E+01 -8.24627474E+01 -8.30500265E+01 -8.22179790E+01 -8.25750269E+01 -7.94523570E+01 -7.85231475E+01 -8.08114579E+01 -8.28908123E+01 -8.24218981E+01 -8.21482475E+01 -8.21429433E+01 -7.78802706E+01 -7.89844261E+01 -8.14842504E+01 -8.32293717E+01 -8.18709870E+01 -8.26389435E+01 -8.07482273E+01 -7.74297567E+01 -7.97408599E+01 -8.25132991E+01 -8.32638717E+01 -8.16344202E+01 -8.29196974E+01 -7.94071362E+01 -7.78062157E+01 -8.02310781E+01 -8.31898284E+01 -8.26777329E+01 -8.22383569E+01 -8.27876086E+01 -7.82373337E+01 -7.85466073E+01 -8.07552734E+01 -8.32447894E+01 -8.19346800E+01 -8.30917189E+01 -8.13130392E+01 -7.82404011E+01 -7.95124135E+01 -8.18223278E+01 -8.28960844E+01 -8.22288959E+01 -8.29985021E+01 -7.98299479E+01 -7.85687100E+01 -8.04437915E+01 -8.28044484E+01 -8.23757431E+01 -8.29947927E+01 -8.26277738E+01 -7.87461308E+01 -7.94579104E+01 -8.08656339E+01 -8.28496258E+01 -8.22888050E+01 -8.33025949E+01 -8.10572654E+01 -7.83896214E+01 -7.94923883E+01 -8.18530051E+01 -8.28425964E+01 -8.27908355E+01 -8.28447427E+01 -7.94602564E+01 -7.88504248E+01 -8.05750508E+01 -8.27048518E+01 -8.23923252E+01 -8.27170799E+01 -8.17367645E+01 -7.80426055E+01 -7.90291964E+01 -8.10978947E+01 -8.27709385E+01 -8.17639197E+01 -8.27186637E+01 -8.04147488E+01 -7.78410464E+01 -8.07094970E+01 -8.16380691E+01 -8.22196956E+01 -8.25122790E+01 -8.27971666E+01 -7.89508725E+01 -7.88305130E+01 -8.10807549E+01 -8.22784226E+01 -8.17728735E+01 -8.31240543E+01 -8.12057427E+01 -7.74391262E+01 -7.96316380E+01 -8.10928078E+01 -8.26698561E+01 -8.20017425E+01 -8.30047506E+01 -7.99933242E+01 -7.77369108E+01 -8.06083387E+01 -8.17993500E+01 -8.23923059E+01 -8.20349569E+01 -8.21460620E+01 -7.85554919E+01 -7.91730998E+01 -8.08582155E+01 -8.25045400E+01 -8.18738665E+01 -8.23683685E+01 -8.06648645E+01 -7.78982640E+01 -7.98790417E+01 -8.20617976E+01 -8.25189885E+01 -8.23132681E+01 -8.23974267E+01 -7.95424679E+01 -7.80879042E+01 -8.01565664E+01 -8.23765738E+01 -8.20471699E+01 -8.22024268E+01 -8.14621582E+01 -7.88790149E+01 -7.80878679E+01 -8.08388571E+01 -8.22134923E+01 -8.18307010E+01 -8.23199980E+01 -8.12408203E+01 -7.83853487E+01 -7.90678505E+01 -8.17814198E+01 -8.22942474E+01 -8.22354648E+01 -8.21567298E+01 -8.08471491E+01 -7.86910631E+01 -7.97137883E+01 -8.21004279E+01 -8.18835677E+01 -8.21575098E+01 -8.22056654E+01 -8.00726314E+01 -7.79288730E+01 -8.03790138E+01 -8.21870128E+01 -8.22521120E+01 -8.23607072E+01 -8.11638479E+01 -7.92004314E+01 -7.81031625E+01 -8.18038762E+01 -8.27449060E+01 -8.25627018E+01 -8.19938924E+01 -8.03170258E+01 -7.78008819E+01 -7.90309537E+01 -8.27136497E+01 -8.29280493E+01 -8.23708645E+01 -8.19667971E+01 -8.00814293E+01 -7.70190173E+01 -8.04684919E+01 -8.26829086E+01 -8.22525864E+01 -8.22591259E+01 -8.13609925E+01 -7.87443480E+01 -7.74564529E+01 -8.16504198E+01 -8.28077611E+01 -8.22180380E+01 -8.21073978E+01 -8.05353600E+01 -7.75026976E+01 -7.88534183E+01 -8.24452988E+01 -8.27839714E+01
 -8.09363938E+01 -7.94031016E+01 -7.67073782E+01 -7.85664365E+01 -8.19587339E+01 -8.33768004E+01 -8.20296930E+01 -8.09780748E+01 -7.85506384E+01 -7.65210100E+01 -7.94796437E+01 -8.25941655E+01 -8.33351977E+01 -8.15837433E+01 -8.01405607E+01 -7.81334974E+01 -7.78884359E+01 -8.11559398E+01 -8.30977846E+01 -8.29675720E+01 -8.08725673E+01 -7.99103975E+01 -7.79820261E+01 -7.97315626E+01 -8.17246826E+01 -8.31740582E+01 -8.26780534E+01 -8.04406421E+01 -7.91244202E+01 -7.75454589E+01 -8.02396096E+01 -8.25845868E+01 -8.36824714E+01 -8.14014883E+01 -8.00622258E+01 -7.89798360E+01 -7.78464948E+01 -8.13137717E+01 -8.28348940E+01 -8.30622670E+01 -8.06957024E+01 -8.04216091E+01 -7.80109750E+01 -7.85503073E+01 -8.18336235E+01 -8.29776341E+01 -8.20897997E+01 -8.04728616E+01 -7.98661876E+01 -7.78752574E+01 -7.94151631E+01 -8.15796894E+01 -8.29737835E+01 -8.17887281E+01 -8.07327908E+01 -7.93517792E+01 -7.81129345E+01 -8.01313860E+01 -8.19528670E+01 -8.26699700E+01 -8.15087671E+01 -8.05725395E+01 -7.87000192E+01 -7.81927043E+01 -8.09405323E+01 -8.24322163E+01 -8.17778924E+01 -8.04485763E+01 -8.00774313E+01 -7.84149272E+01 -7.92468038E+01 -8.21518545E+01 -8.24572936E+01 -8.09017437E+01 -8.04070792E+01 -7.96495040E+01 -7.84193217E+01 -8.06443027E+01 -8.28015926E+01 -8.26993426E+01 -8.04075187E+01 -8.06435361E+01 -7.89006811E+01 -7.89225667E+01 -8.19535145E+01 -8.32088142E+01 -8.14723848E+01 -8.07933412E+01 -8.05898925E+01 -7.85663007E+01 -7.97979109E+01 -8.27275947E+01 -8.29484376E+01 -8.10528009E+01 -8.10955311E+01 -7.95598816E+01 -7.86558209E+01 -8.08209154E+01 -8.29234559E+01 -8.22758880E+01 -8.09532458E+01 -8.01038302E+01 -7.88946739E+01 -7.89959209E+01 -8.16071025E+01 -8.28150597E+01 -8.14214682E+01 -8.07689479E+01 -7.91556179E+01 -7.84343813E+01 -7.90558087E+01 -8.17324479E+01 -8.28937758E+01 -8.04526271E+01 -8.01728453E+01 -7.89887361E+01 -7.74637418E+01 -7.97743196E+01 -8.19145339E+01 -8.24183753E+01 -7.98894013E+01 -7.98446076E+01 -7.84186034E+01 -7.81009404E+01 -8.06766596E+01 -8.31787238E+01 -8.12815855E+01 -7.96679554E+01 -7.95956932E+01 -7.79618338E+01 -7.88368551E+01 -8.17978831E+01 -8.31616770E+01 -8.09098641E+01 -8.01829428E+01 -7.87189615E+01 -7.75871105E+01 -8.00343236E+01 -8.23587838E+01 -8.24886148E+01 -8.07836216E+01 -8.01892270E+01 -7.81126567E+01 -7.82250000E+01 -8.11679159E+01 -8.32201831E+01 -8.19897618E+01 -8.05839347E+01 -7.94336420E+01 -7.71800201E+01 -7.90937689E+01 -8.22125836E+01 -8.27534822E+01 -8.16303851E+01 -8.09974396E+01 -7.83316469E+01 -7.66084642E+01 -8.01712442E+01 -8.26331885E+01 -8.21561031E+01 -8.10646389E+01 -8.02194757E+01 -7.61777914E+01 -7.81257715E+01 -8.08478234E+01 -8.29315989E+01 -8.17931459E+01 -8.06227059E+01 -7.88095038E+01 -7.62666784E+01 -7.92779390E+01 -8.15556984E+01 -8.29563087E+01 -8.09778955E+01 -8.09134529E+01 -7.74748522E+01 -7.69831414E+01 -8.03058450E+01 -8.31005604E+01 -8.24280205E+01 -8.09700490E+01 -8.00307380E+01 -7.68085186E+01 -7.88205638E+01 -8.14398431E+01 -8.31983976E+01 -8.18143455E+01 -8.05679358E+01 -7.90079179E+01 -7.67178912E+01 -7.98526662E+01 -8.27615967E+01 -8.29691332E+01 -8.09396510E+01 -8.00957346E+01 -7.73628550E+01 -7.73455079E+01 -8.07243148E+01 -8.32707654E+01 -8.25326329E+01
 -7.77672497E+01 -7.90345924E+01 -8.11051648E+01 -8.28040352E+01 -8.29841991E+01 -8.26481175E+01 -7.90498718E+01 -7.63218879E+01 -7.99367924E+01 -8.21237092E+01 -8.28274160E+01 -8.28219709E+01 -8.11697106E+01 -7.80625758E+01 -7.75157723E+01 -8.03659359E+01 -8.26569298E+01 -8.22535811E+01 -8.18959510E+01 -8.04324758E+01 -7.81777918E+01 -7.89953262E+01 -8.12445426E+01 -8.28836495E+01 -8.21930305E+01 -8.10401408E+01 -8.04440752E+01 -7.83078795E+01 -7.95856497E+01 -8.15625607E+01 -8.27359974E+01 -8.16030686E+01 -8.06790668E+01 -7.96358667E+01 -7.87314759E+01 -8.06538767E+01 -8.19599788E+01 -8.19951974E+01 -8.06591243E+01 -8.08618181E+01 -7.89021251E+01 -7.96866205E+01 -8.03765700E+01 -8.18643718E+01 -8.12746219E+01 -8.04929509E+01 -7.99787873E+01 -7.84008752E+01 -7.89786109E+01 -8.05284093E+01 -8.16954109E+01 -8.07126593E+01 -8.09186007E+01 -7.97040900E+01 -7.88116546E+01 -7.94443159E+01 -8.10865717E+01 -8.14396274E+01 -8.05318079E+01 -8.08391614E+01 -7.94798068E+01 -7.81751976E+01 -7.98336019E+01 -8.13235062E+01 -8.09693269E+01 -7.99832969E+01 -8.05933973E+01 -7.87438657E+01 -7.92248195E+01 -8.05965020E+01 -8.25447156E+01 -8.07316811E+01 -8.06236056E+01 -8.00007061E+01 -7.90514187E+01 -7.98506360E+01 -8.25160590E+01 -8.24705614E+01 -8.06682556E+01 -8.10193885E+01 -7.94033279E+01 -7.90735228E+01 -8.06108301E+01 -8.24910736E+01 -8.22838545E+01 -8.07452118E+01 -8.08743865E+01 -7.91925059E+01 -7.89581257E+01 -8.17494605E+01 -8.29689542E+01 -8.15450892E+01 -8.17923136E+01 -8.05256229E+01 -7.83704860E+01 -7.92161862E+01 -8.22659123E+01 -8.28175400E+01 -8.13524350E+01 -8.13847001E+01 -7.94365124E+01 -7.78801624E+01 -7.92884654E+01 -8.25970415E+01 -8.19928135E+01 -8.06112095E+01 -8.08716910E+01 -7.83338396E+01 -7.80338085E+01 -8.08603007E+01 -8.26227402E+01 -8.09964330E+01 -8.10984573E+01 -7.93495037E+01 -7.75237450E+01 -7.85715613E+01 -8.23765002E+01 -8.26086208E+01 -8.13754875E+01 -8.01228716E+01 -7.90634296E+01 -7.79344911E+01 -8.01848942E+01 -8.27474059E+01 -8.30357535E+01 -8.16621097E+01 -7.96467565E+01 -7.79609941E+01 -7.87540654E+01 -8.11007033E+01 -8.28452361E+01 -8.26933165E+01 -8.06371705E+01 -7.91373247E+01 -7.79795375E+01 -7.93882905E+01 -8.20032067E+01 -8.31340184E+01 -8.25746239E+01 -8.02196429E+01 -7.78124207E+01 -7.88507608E+01 -8.00436569E+01 -8.27857269E+01 -8.29893041E+01 -8.23787987E+01 -7.93310352E+01 -7.77992367E+01 -7.98930925E+01 -8.05434951E+01 -8.33559498E+01 -8.33666353E+01 -8.18612509E+01 -7.93033701E+01 -7.84633844E+01 -8.04120423E+01 -8.17552877E+01 -8.33885497E+01 -8.34693036E+01 -8.02228488E+01 -7.74266551E+01 -7.89939779E+01 -8.01822190E+01 -8.35687629E+01 -8.36925939E+01 -8.30018858E+01 -7.94548955E+01 -7.72292949E+01 -8.01597747E+01 -8.07059837E+01 -8.36039357E+01 -8.31954303E+01 -8.19583612E+01 -7.83190113E+01 -7.77392930E+01 -8.10435003E+01 -8.15374121E+01 -8.30073353E+01 -8.29376312E+01 -8.07464696E+01 -7.76173602E+01 -7.91424881E+01 -8.08469247E+01 -8.29883540E+01 -8.24575526E+01 -8.22416781E+01 -7.95798723E+01 -7.72315831E+01 -8.01256768E+01 -8.16303763E+01 -8.31549311E+01 -8.29035977E+01 -8.14236197E+01 -7.88979522E+01 -7.78974773E+01 -8.07914283E+01 -8.26790230E+01 -8.28371436E+01 -8.29287461E+01 -8.02870737E+01
 -7.94417065E+01 -8.25391401E+01 -8.32082009E+01 -8.32994092E+01 -8.27112621E+01 -7.83907150E+01 -7.74510061E+01 -8.12928254E+01 -8.29612042E+01 -8.30638191E+01 -8.33315217E+01 -8.15125768E+01 -7.68372570E+01 -7.90527457E+01 -8.23576264E+01 -8.33042060E+01 -8.34840239E+01 -8.34535022E+01 -8.02585301E+01 -7.68037104E+01 -7.97444139E+01 -8.24438991E+01 -8.29130126E+01 -8.40233148E+01 -8.24783024E+01 -7.79240209E+01 -7.66740122E+01 -8.04752418E+01 -8.22346261E+01 -8.33887071E+01 -8.43229933E+01 -8.08037850E+01 -7.67994916E+01 -7.78392242E+01 -8.14467736E+01 -8.26736867E+01 -8.40256576E+01 -8.30821127E+01 -7.91407752E+01 -7.61157447E+01 -7.99559433E+01 -8.24185970E+01 -8.33405774E+01 -8.42190233E+01 -8.19114768E+01 -7.75337080E+01 -7.75816796E+01 -8.12690950E+01 -8.25139916E+01 -8.36064075E+01 -8.41855671E+01 -8.00973146E+01 -7.72182257E+01 -7.94368041E+01 -8.17555590E+01 -8.31490160E+01 -8.39894087E+01 -8.32164555E+01 -7.82486302E+01 -7.76556382E+01 -8.05138923E+01 -8.23250932E+01 -8.30721782E+01 -8.39801263E+01 -8.12677205E+01 -7.68021705E+01 -7.85848872E+01 -8.12228596E+01 -8.25862940E+01 -8.34608398E+01 -8.36249036E+01 -7.90214702E+01 -7.62949644E+01 -7.96130385E+01 -8.17923207E+01 -8.30791831E+01 -8.37554270E+01 -8.22976757E+01 -7.69428596E+01 -7.70548573E+01 -8.01258757E+01 -8.26305697E+01 -8.36703705E+01 -8.34251790E+01 -8.08945135E+01 -7.67942706E+01 -7.85070721E+01 -8.12937991E+01 -8.30736378E+01 -8.34902784E+01 -8.29861097E+01 -7.94718947E+01 -7.60869776E+01 -7.98778627E+01 -8.25927138E+01 -8.40078383E+01 -8.29495902E+01 -8.25582906E+01 -7.78990330E+01 -7.68963913E+01 -8.10617723E+01 -8.33222557E+01 -8.35727106E+01 -8.32184570E+01 -8.09304131E+01 -7.61550297E+01 -7.81245620E+01 -8.19961560E+01 -8.39009073E+01 -8.30242781E+01 -8.28265944E+01 -7.90773812E+01 -7.56515558E+01 -8.06440909E+01 -8.28025760E+01 -8.38317670E+01 -8.29266577E+01 -8.19442020E+01 -7.70471317E+01 -7.67777936E+01 -8.16465001E+01 -8.31225347E+01 -8.30617889E+01 -8.26153856E+01 -8.06160907E+01 -7.52639331E+01 -7.88722309E+01 -8.17088748E+01 -8.34378444E+01 -8.20716484E+01 -8.30997602E+01 -7.89199126E+01 -7.54720153E+01 -7.99302581E+01 -8.23218446E+01 -8.33474221E+01 -8.25353866E+01 -8.24605272E+01 -7.70746514E+01 -7.67341829E+01 -8.09224197E+01 -8.35583185E+01 -8.28870956E+01 -8.28847547E+01 -8.08327718E+01 -7.59417988E+01 -7.83479913E+01 -8.19973821E+01 -8.37760008E+01 -8.28493352E+01 -8.30538989E+01 -7.90115279E+01 -7.60676188E+01 -7.92209966E+01 -8.34277068E+01 -8.37741089E+01 -8.33327522E+01 -8.31216855E+01 -7.74792214E+01 -7.61183190E+01 -8.04728296E+01 -8.43399388E+01 -8.31596159E+01 -8.33720292E+01 -8.15454806E+01 -7.61488294E+01 -7.66269809E+01 -8.22438458E+01 -8.37629586E+01 -8.30993142E+01 -8.32128650E+01 -8.01266890E+01 -7.55779590E+01 -7.79950757E+01 -8.32683534E+01 -8.34295438E+01 -8.32224434E+01 -8.27693892E+01 -7.90029165E+01 -7.62811736E+01 -7.99653053E+01 -8.35454180E+01 -8.33147099E+01 -8.36681126E+01 -8.19736710E+01 -7.84339013E+01 -7.74686474E+01 -8.16140616E+01 -8.33537914E+01 -8.32302405E+01 -8.31860994E+01 -8.09816490E+01 -7.71648191E+01 -7.83364128E+01 -8.24200445E+01 -8.29616061E+01 -8.30707130E+01 -8.25730192E+01 -8.00946341E+01 -7.62109019E+01
 -7.86160889E+01 -7.73499945E+01 -8.07134288E+01 -8.23306982E+01 -8.26242068E+01 -8.09094890E+01 -7.96698196E+01 -7.77733521E+01 -7.81650568E+01 -8.19708854E+01 -8.28349369E+01 -8.21787734E+01 -7.99765823E+01 -7.97369359E+01 -7.71204860E+01 -7.89132911E+01 -8.24075618E+01 -8.28218101E+01 -8.17148384E+01 -8.01376946E+01 -7.93894079E+01 -7.68945067E+01 -8.02521874E+01 -8.28507753E+01 -8.31048889E+01 -8.09020498E+01 -7.93447823E+01 -7.79246919E+01 -7.67169047E+01 -8.17121414E+01 -8.25322385E+01 -8.26836441E+01 -7.96684789E+01 -7.83806238E+01 -7.60895420E+01 -7.82063475E+01 -8.19860742E+01 -8.33288434E+01 -8.20738619E+01 -7.90862436E+01 -7.79339699E+01 -7.57504435E+01 -7.91366879E+01 -8.25986367E+01 -8.36010110E+01 -8.11590913E+01 -7.85364495E+01 -7.70782244E+01 -7.69497740E+01 -8.01573386E+01 -8.29682683E+01 -8.32838837E+01 -7.97450654E+01 -7.85730981E+01 -7.65023775E+01 -7.77387837E+01 -8.09367521E+01 -8.36423160E+01 -8.23227889E+01 -7.90205749E+01 -7.82339441E+01 -7.63246285E+01 -7.88019747E+01 -8.23487972E+01 -8.32822359E+01 -8.10275534E+01 -7.78998123E+01 -7.78166494E+01 -7.61069395E+01 -8.00322869E+01 -8.33362934E+01 -8.24852009E+01 -7.92390933E+01 -7.80530618E+01 -7.62464903E+01 -7.72311528E+01 -8.13287155E+01 -8.32338457E+01 -8.16383410E+01 -7.89451271E+01 -7.80543463E+01 -7.65276510E+01 -7.86125415E+01 -8.24215655E+01 -8.28723709E+01 -8.06414294E+01 -7.87401606E+01 -7.83794305E+01 -7.67008772E+01 -8.01724178E+01 -8.28445858E+01 -8.18653855E+01 -7.87051182E+01 -7.86942402E+01 -7.73276772E+01 -7.79468564E+01 -8.13447707E+01 -8.30868071E+01 -8.04431514E+01 -7.82304323E+01 -7.87251137E+01 -7.71976156E+01 -7.92634621E+01 -8.20615512E+01 -8.25779036E+01 -7.96173518E+01 -7.82864537E+01 -7.86766847E+01 -7.81183677E+01 -8.01621474E+01 -8.30725867E+01 -8.17571492E+01 -7.83309137E+01 -7.78710488E+01 -7.80120993E+01 -7.84026812E+01 -8.08380395E+01 -8.25694894E+01 -8.06140716E+01 -7.79831883E+01 -7.82895155E+01 -7.77587258E+01 -7.87960284E+01 -8.18298442E+01 -8.20918902E+01 -7.95885164E+01 -7.83960557E+01 -7.79923729E+01 -7.74608586E+01 -8.01562016E+01 -8.23514087E+01 -8.14156989E+01 -7.89338444E+01 -7.88724212E+01 -7.75096865E+01 -7.77687484E+01 -8.07151279E+01 -8.26631963E+01 -8.04485005E+01 -7.93335733E+01 -7.90259706E+01 -7.77345241E+01 -7.84916137E+01 -8.20835455E+01 -8.19958381E+01 -7.93247887E+01 -7.92636176E+01 -7.86003382E+01 -7.72902422E+01 -7.94251934E+01 -8.21266792E+01 -8.09153034E+01 -7.93550943E+01 -7.94701975E+01 -7.81737564E+01 -7.76622779E+01 -8.11163204E+01 -8.20648338E+01 -7.96347114E+01 -7.92009012E+01 -7.87178666E+01 -7.72550592E+01 -7.89792579E+01 -8.20733774E+01 -8.13904230E+01 -7.93986617E+01 -7.96891560E+01 -7.81571728E+01 -7.75676252E+01 -8.00392562E+01 -8.24765698E+01 -8.11001635E+01 -7.90595777E+01 -7.96666373E+01 -7.81171211E+01 -7.73549020E+01 -8.18761940E+01 -8.20293163E+01 -8.08311989E+01 -7.99427943E+01 -7.87270360E+01 -7.69916064E+01 -7.92319263E+01 -8.26397017E+01 -8.20053424E+01 -8.04162976E+01 -7.97640814E+01 -7.80215273E+01 -7.85748602E+01 -8.10157184E+01 -8.20656141E+01 -8.12643501E+01 -8.00048570E+01 -7.90505891E+01 -7.76705700E+01 -7.89781657E+01 -8.16324707E+01 -8.20281782E+01 -8.13507710E+01 -7.95634500E+01
 -7.86160889E+01 -7.73499945E+01 -8.07134288E+01 -8.23306982E+01 -8.26242068E+01 -8.09094890E+01 -7.96698196E+01 -7.77733521E+01 -7.81650568E+01 -8.19708854E+01 -8.28349369E+01 -8.21787734E+01 -7.99765823E+01 -7.97369359E+01 -7.71204860E+01 -7.89132911E+01 -8.24075618E+01 -8.28218101E+01 -8.17148384E+01 -8.01376946E+01 -7.93894079E+01 -7.68945067E+01 -8.02521874E+01 -8.28507753E+01 -8.31048889E+01 -8.09020498E+01 -7.93447823E+01 -7.79246919E+01 -7.67169047E+01 -8.17121414E+01 -8.25322385E+01 -8.26836441E+01 -7.96684789E+01 -7.83806238E+01 -7.60895420E+01 -7.82063475E+01 -8.19860742E+01 -8.33288434E+01 -8.20738619E+01 -7.90862436E+01 -7.79339699E+01 -7.57504435E+01 -7.91366879E+01 -8.25986367E+01 -8.36010110E+01 -8.11590913E+01 -7.85364495E+01 -7.70782244E+01 -7.69497740E+01 -8.01573386E+01 -8.29682683E+01 -8.32838837E+01 -7.97450654E+01 -7.85730981E+01 -7.65023775E+01 -7.77387837E+01 -8.09367521E+01 -8.36423160E+01 -8.23227889E+01 -7.90205749E+01 -7.82339441E+01 -7.63246285E+01 -7.88019747E+01 -8.23487972E+01 -8.32822359E+01 -8.10275534E+01 -7.78998123E+01 -7.78166494E+01 -7.61069395E+01 -8.00322869E+01 -8.33362934E+01 -8.24852009E+01 -7.92390933E+01 -7.80530618E+01 -7.62464903E+01 -7.72311528E+01 -8.13287155E+01 -8.32338457E+01 -8.16383410E+01 -7.89451271E+01 -7.80543463E+01 -7.65276510E+01 -7.86125415E+01 -8.24215655E+01 -8.28723709E+01 -8.06414294E+01 -7.87401606E+01 -7.83794305E+01 -7.67008772E+01 -8.01724178E+01 -8.28445858E+01 -8.18653855E+01 -7.87051182E+01 -7.86942402E+01 -7.73276772E+01 -7.79468564E+01 -8.13447707E+01 -8.30868071E+01 -8.04431514E+01 -7.82304323E+01 -7.87251137E+01 -7.71976156E+01 -7.92634621E+01 -8.20615512E+01 -8.25779036E+01 -7.96173518E+01 -7.82864537E+01 -7.86766847E+01 -7.81183677E+01 -8.01621474E+01 -8.30725867E+01 -8.17571492E+01 -7.83309137E+01 -7.78710488E+01 -7.80120993E+01 -7.84026812E+01 -8.08380395E+01 -8.25694894E+01 -8.06140716E+01 -7.79831883E+01 -7.82895155E+01 -7.77587258E+01 -7.87960284E+01 -8.18298442E+01 -8.20918902E+01 -7.95885164E+01 -7.83960557E+01 -7.79923729E+01 -7.74608586E+01 -8.01562016E+01 -8.23514087E+01 -8.14156989E+01 -7.89338444E+01 -7.88724212E+01 -7.75096865E+01 -7.77687484E+01 -8.07151279E+01 -8.26631963E+01 -8.04485005E+01 -7.93335733E+01 -7.90259706E+01 -7.77345241E+01 -7.84916137E+01 -8.20835455E+01 -8.19958381E+01 -7.93247887E+01 -7.92636176E+01 -7.86003382E+01 -7.72902422E+01 -7.94251934E+01 -8.21266792E+01 -8.09153034E+01 -7.93550943E+01 -7.94701975E+01 -7.81737564E+01 -7.76622779E+01 -8.11163204E+01 -8.20648338E+01 -7.96347114E+01 -7.92009012E+01 -7.87178666E+01 -7.72550592E+01 -7.89792579E+01 -8.20733774E+01 -8.13904230E+01 -7.93986617E+01 -7.96891560E+01 -7.81571728E+01 -7.75676252E+01 -8.00392562E+01 -8.24765698E+01 -8.11001635E+01 -7.90595777E+01 -7.96666373E+01 -7.81171211E+01 -7.73549020E+01 -8.18761940E+01 -8.20293163E+01 -8.08311989E+01 -7.99427943E+01 -7.87270360E+01 -7.69916064E+01 -7.92319263E+01 -8.26397017E+01 -8.20053424E+01 -8.04162976E+01 -7.97640814E+01 -7.80215273E+01 -7.85748602E+01 -8.10157184E+01 -8.20656141E+01 -8.12643501E+01 -8.00048570E+01 -7.90505891E+01 -7.76705700E+01 -7.89781657E+01 -8.16324707E+01 -8.20281782E+01 -8.13507710E+01 -7.95634500E+01
 -7.85031866E+01 -7.81800528E+01 -8.21363152E+01 -8.35716423E+01 -8.29390116E+01 -8.05455839E+01 -7.93689914E+01 -7.83279926E+01 -7.92002796E+01 -8.30942756E+01 -8.34441147E+01 -8.19402439E+01 -8.04133479E+01 -7.94657034E+01 -7.79923962E+01 -8.07723689E+01 -8.37883552E+01 -8.34284955E+01 -8.11486423E+01 -8.08144712E+01 -7.91920888E+01 -7.85663190E+01 -8.18167908E+01 -8.37624870E+01 -8.27261425E+01 -8.11379817E+01 -8.11387275E+01 -7.85620631E+01 -7.94482910E+01 -8.25164258E+01 -8.39079864E+01 -8.17035206E+01 -8.12731702E+01 -8.02106259E+01 -7.82351523E+01 -7.99601016E+01 -8.34649900E+01 -8.32103122E+01 -8.06887966E+01 -8.15109872E+01 -7.92379852E+01 -7.82532794E+01 -8.08316070E+01 -8.41570528E+01 -8.23979484E+01 -8.11902538E+01 -8.10664629E+01 -7.83258284E+01 -7.86486868E+01 -8.19009187E+01 -8.38369585E+01 -8.17751307E+01 -8.12354875E+01 -8.00906530E+01 -7.83076629E+01 -7.94419981E+01 -8.30054035E+01 -8.34204307E+01 -8.07903013E+01 -8.08187927E+01 -7.89263884E+01 -7.80088365E+01 -8.07394394E+01 -8.36356657E+01 -8.27254189E+01 -8.06404494E+01 -8.03735321E+01 -7.80377022E+01 -7.87231508E+01 -8.21050945E+01 -8.36848051E+01 -8.22005134E+01 -8.04790239E+01 -7.94993013E+01 -7.79251680E+01 -7.98152593E+01 -8.28614155E+01 -8.32916705E+01 -8.16295786E+01 -8.09054682E+01 -7.91550732E+01 -7.78875821E+01 -8.13454092E+01 -8.30904316E+01 -8.32874686E+01 -8.10970070E+01 -8.11270236E+01 -7.83425700E+01 -7.92413917E+01 -8.21081913E+01 -8.32276305E+01 -8.26992270E+01 -8.09843256E+01 -8.03311525E+01 -7.76281242E+01 -8.05200425E+01 -8.29526224E+01 -8.30351921E+01 -8.20726852E+01 -8.05925639E+01 -7.88486655E+01 -7.81367878E+01 -8.15932883E+01 -8.33814242E+01 -8.33716103E+01 -8.12872376E+01 -8.07744619E+01 -7.84165917E+01 -7.88340551E+01 -8.27736668E+01 -8.34330695E+01 -8.29071223E+01 -8.07719200E+01 -8.03818305E+01 -7.77800285E+01 -8.00774435E+01 -8.33999626E+01 -8.39282452E+01 -8.21332588E+01 -8.08756303E+01 -7.91667578E+01 -7.81197810E+01 -8.17409386E+01 -8.35563816E+01 -8.33456916E+01 -8.11556519E+01 -7.98967011E+01 -7.84382315E+01 -7.96660715E+01 -8.31043214E+01 -8.35345744E+01 -8.23117819E+01 -8.03716593E+01 -7.89643153E+01 -7.82145080E+01 -8.11216717E+01 -8.35513877E+01 -8.25197971E+01 -8.14804685E+01 -8.04776476E+01 -7.81651641E+01 -7.82185407E+01 -8.21582773E+01 -8.29295368E+01 -8.24461582E+01 -8.09574349E+01 -8.00033146E+01 -7.80379676E+01 -7.97163276E+01 -8.32078885E+01 -8.27909770E+01 -8.21975617E+01 -8.04625624E+01 -7.97320621E+01 -7.74810657E+01 -8.08661675E+01 -8.35225313E+01 -8.24896577E+01 -8.16634090E+01 -8.01623953E+01 -7.87473819E+01 -7.80765099E+01 -8.21436467E+01 -8.32290544E+01 -8.22869733E+01 -8.08352004E+01 -8.00874239E+01 -7.79026537E+01 -7.94469010E+01 -8.30852006E+01 -8.28274800E+01 -8.21397413E+01 -8.05027818E+01 -7.93140496E+01 -7.72900858E+01 -8.10025355E+01 -8.32302192E+01 -8.26636547E+01 -8.11678067E+01 -8.03643714E+01 -7.85269606E+01 -7.80262230E+01 -8.21034493E+01 -8.28716884E+01 -8.25607991E+01 -8.05565908E+01 -8.03987465E+01 -7.76911936E+01 -7.91444214E+01 -8.27321390E+01 -8.29836635E+01 -8.19431044E+01 -8.01146874E+01 -7.99485269E+01 -7.75782972E+01 -8.07019505E+01 -8.30333295E+01 -8.31169374E+01 -8.12621265E+01 -8.03422328E+01
 -7.96622751E+01 -7.88080874E+01 -7.90836641E+01 -8.15242029E+01 -8.17885253E+01 -8.29069432E+01 -7.99783824E+01 -8.00904375E+01 -7.83312629E+01 -7.99254755E+01 -8.15826193E+01 -8.24897303E+01 -8.19950717E+01 -7.93440457E+01 -7.97604950E+01 -7.80779046E+01 -8.14955279E+01 -8.16257165E+01 -8.22152067E+01 -8.06843088E+01 -7.94581605E+01 -7.85513503E+01 -7.91822135E+01 -8.15964273E+01 -8.19381471E+01 -8.25596284E+01 -7.91609008E+01 -7.98361403E+01 -7.73639284E+01 -7.97512097E+01 -8.11855854E+01 -8.22203791E+01 -8.14293044E+01 -7.92180212E+01 -7.87720498E+01 -7.71157367E+01 -8.08902557E+01 -8.15863593E+01 -8.22325803E+01 -8.02100655E+01 -7.90536011E+01 -7.76698509E+01 -7.84117269E+01 -8.07859665E+01 -8.17039601E+01 -8.19449582E+01 -7.93268228E+01 -7.92488294E+01 -7.67883607E+01 -7.95746298E+01 -8.07143204E+01 -8.19069407E+01 -8.09031199E+01 -7.91486996E+01 -7.80116738E+01 -7.73168826E+01 -8.03945352E+01 -8.03872170E+01 -8.21378068E+01 -7.97798280E+01 -7.88124574E+01 -7.69267774E+01 -7.86577346E+01 -8.03994609E+01 -8.14299367E+01 -8.14444193E+01 -7.95201002E+01 -7.85071981E+01 -7.75229053E+01 -8.04514677E+01 -8.13763408E+01 -8.26229966E+01 -8.05772020E+01 -7.97054871E+01 -7.86231678E+01 -7.85302294E+01 -8.05879100E+01 -8.14990257E+01 -8.23513055E+01 -8.00332426E+01 -7.95330985E+01 -7.85404017E+01 -7.90844694E+01 -8.11022158E+01 -8.24208485E+01 -8.15517068E+01 -8.00551880E+01 -7.93511388E+01 -7.82645710E+01 -8.03715312E+01 -8.12082550E+01 -8.25955124E+01 -8.08444786E+01 -8.04830239E+01 -7.89491785E+01 -7.89518683E+01 -8.05802526E+01 -8.14951229E+01 -8.18975546E+01 -8.10126243E+01 -8.00876353E+01 -7.88822688E+01 -7.96349845E+01 -8.09469486E+01 -8.22114035E+01 -8.17546467E+01 -8.00485259E+01 -7.92268251E+01 -7.82479582E+01 -7.96637694E+01 -8.14341842E+01 -8.27468697E+01 -8.19568388E+01 -7.91468746E+01 -7.89733991E+01 -7.79326722E+01 -8.03595899E+01 -8.20356225E+01 -8.28373042E+01 -8.09635391E+01 -7.89599205E+01 -7.84426174E+01 -7.84775471E+01 -8.07453539E+01 -8.21924664E+01 -8.28183328E+01 -7.99912498E+01 -7.92186053E+01 -7.82753145E+01 -7.92606319E+01 -8.09757133E+01 -8.28038661E+01 -8.23765773E+01 -7.94952721E+01 -7.94845050E+01 -7.86347103E+01 -8.05763688E+01 -8.18101924E+01 -8.25982199E+01 -8.17569562E+01 -7.89477874E+01 -7.89728665E+01 -7.92396202E+01 -8.13263325E+01 -8.23255946E+01 -8.28639504E+01 -8.03960976E+01 -7.91970003E+01 -7.81097616E+01 -8.03340809E+01 -8.14523215E+01 -8.22742885E+01 -8.26609574E+01 -7.94122725E+01 -7.87374855E+01 -7.91986826E+01 -8.11145757E+01 -8.10622938E+01 -8.25132134E+01 -8.14815377E+01 -7.91013271E+01 -7.82101799E+01 -7.95322578E+01 -8.13747906E+01 -8.12401310E+01 -8.30244847E+01 -8.03599567E+01 -7.89548084E+01 -7.77590553E+01 -8.02277146E+01 -8.08456393E+01 -8.12420724E+01 -8.26864116E+01 -7.99648383E+01 -7.93017216E+01 -7.77064867E+01 -8.11397068E+01 -8.06565559E+01 -8.16381042E+01 -8.18835853E+01 -7.99180664E+01 -7.90041827E+01 -7.88107638E+01 -8.13946736E+01 -8.04374207E+01 -8.26554001E+01 -8.05335355E+01 -7.93861471E+01 -7.85155113E+01 -7.96488149E+01 -8.08554811E+01 -8.17197306E+01 -8.23089595E+01 -7.94816034E+01 -7.99215704E+01 -7.84702058E+01 -8.07691634E+01 -8.09251688E+01 -8.26978571E+01 -8.09747339E+01
 -8.09907526E+01 -7.88464856E+01 -7.98620060E+01 -8.04055670E+01 -8.10550101E+01 -8.28325638E+01 -8.24906607E+01 -8.04485660E+01 -7.88588082E+01 -8.04478561E+01 -8.02779853E+01 -8.16208691E+01 -8.23916154E+01 -8.22032121E+01 -7.95247497E+01 -7.97779675E+01 -8.06884832E+01 -8.05933222E+01 -8.20759461E+01 -8.26562651E+01 -8.16995610E+01 -7.92165513E+01 -8.00507098E+01 -8.03672895E+01 -8.09252851E+01 -8.26276370E+01 -8.29636555E+01 -8.02249645E+01 -7.94598308E+01 -7.99994240E+01 -8.03583082E+01 -8.15468421E+01 -8.27131389E+01 -8.22445432E+01 -7.99312558E+01 -7.94652181E+01 -8.10048722E+01 -8.11613763E+01 -8.24857891E+01 -8.27734802E+01 -8.14653788E+01 -7.96435562E+01 -8.01161691E+01 -8.11221024E+01 -8.18509657E+01 -8.25475777E+01 -8.24204896E+01 -8.04955801E+01 -7.89482629E+01 -8.07250634E+01 -8.12408327E+01 -8.20039208E+01 -8.24918649E+01 -8.23054997E+01 -7.96241470E+01 -7.95315416E+01 -8.07574777E+01 -8.12596778E+01 -8.26571075E+01 -8.24293206E+01 -8.12203956E+01 -7.89359523E+01 -8.00606425E+01 -8.11202262E+01 -8.20993800E+01 -8.29816789E+01 -8.24185596E+01 -8.05369264E+01 -7.87723107E+01 -8.09213937E+01 -8.14846412E+01 -8.27623811E+01 -8.26408522E+01 -8.21066160E+01 -7.90738405E+01 -7.96441098E+01 -8.12927704E+01 -8.18408212E+01 -8.26765651E+01 -8.28006629E+01 -8.15089286E+01 -7.89042698E+01 -8.02779996E+01 -8.12246991E+01 -8.22400404E+01 -8.25366646E+01 -8.22593417E+01 -8.03067601E+01 -7.86948787E+01 -8.06527770E+01 -8.16202111E+01 -8.27427465E+01 -8.27398669E+01 -8.23249789E+01 -7.87247128E+01 -7.88249208E+01 -8.14711239E+01 -8.16350271E+01 -8.28684496E+01 -8.25942055E+01 -8.13897033E+01 -7.73075462E+01 -7.98003856E+01 -8.15628128E+01 -8.20568761E+01 -8.24182510E+01 -8.23562041E+01 -8.00703968E+01 -7.79387236E+01 -8.09030337E+01 -8.19374866E+01 -8.19561713E+01 -8.28024184E+01 -8.21388896E+01 -7.84044100E+01 -7.86857764E+01 -8.15636210E+01 -8.19290406E+01 -8.25789345E+01 -8.29786958E+01 -8.10822355E+01 -7.82883998E+01 -7.96452857E+01 -8.15549821E+01 -8.21690945E+01 -8.33287574E+01 -8.27878730E+01 -7.96060172E+01 -7.79131052E+01 -8.03213357E+01 -8.16485364E+01 -8.27412239E+01 -8.32114002E+01 -8.21605553E+01 -7.89534954E+01 -7.80983978E+01 -8.12070630E+01 -8.18288252E+01 -8.28908519E+01 -8.35061318E+01 -8.10330800E+01 -7.75235697E+01 -7.95290131E+01 -8.12370338E+01 -8.19541202E+01 -8.32606969E+01 -8.32260016E+01 -7.94310415E+01 -7.76150050E+01 -8.06676310E+01 -8.12827122E+01 -8.19717453E+01 -8.36747873E+01 -8.23260538E+01 -7.90133104E+01 -7.88870383E+01 -8.11446275E+01 -8.13897735E+01 -8.25820115E+01 -8.41012681E+01 -8.13592341E+01 -7.82243319E+01 -7.97722810E+01 -8.07965225E+01 -8.17293132E+01 -8.35682106E+01 -8.36574271E+01 -8.04855135E+01 -7.80618456E+01 -8.06744807E+01 -8.06391716E+01 -8.21256580E+01 -8.40726114E+01 -8.28053250E+01 -7.88230094E+01 -7.89041203E+01 -8.10075706E+01 -8.08665464E+01 -8.27158095E+01 -8.39737760E+01 -8.13144520E+01 -7.79758420E+01 -8.00046458E+01 -8.09799011E+01 -8.12005716E+01 -8.33505421E+01 -8.30407061E+01 -8.00410638E+01 -7.79355550E+01 -8.10634829E+01 -8.02592865E+01 -8.20989739E+01 -8.32776418E+01 -8.19652498E+01 -7.89529960E+01 -7.90788642E+01 -8.07756649E+01 -8.06756849E+01 -8.28109526E+01 -8.29813550E+01
 -8.18613411E+01 -8.07352079E+01 -8.12483720E+01 -7.93819970E+01 -7.83626129E+01 -8.09102316E+01 -8.30603601E+01 -8.11299066E+01 -8.12424954E+01 -8.10557278E+01 -7.88411651E+01 -7.89578710E+01 -8.25349118E+01 -8.25121114E+01 -8.09369877E+01 -8.12190354E+01 -8.03123324E+01 -7.81139891E+01 -7.99946973E+01 -8.31808799E+01 -8.21676290E+01 -8.09961935E+01 -8.17501003E+01 -7.95220779E+01 -7.78988898E+01 -8.14896592E+01 -8.35215513E+01 -8.16590848E+01 -8.11444425E+01 -8.09096674E+01 -7.90144962E+01 -7.87095084E+01 -8.31165979E+01 -8.32324191E+01 -8.10034399E+01 -8.10797161E+01 -8.04084422E+01 -7.88165637E+01 -7.95987826E+01 -8.42050186E+01 -8.22693935E+01 -8.04534635E+01 -8.10656952E+01 -7.98396877E+01 -7.83539859E+01 -8.17159835E+01 -8.41061662E+01 -8.18685323E+01 -8.05239536E+01 -8.09128037E+01 -7.94900007E+01 -7.87197404E+01 -8.34561673E+01 -8.33371113E+01 -8.09336436E+01 -8.02877190E+01 -8.06921534E+01 -7.88801908E+01 -8.01826607E+01 -8.39120903E+01 -8.27874073E+01 -8.05447625E+01 -8.08674810E+01 -8.05410519E+01 -7.89132556E+01 -8.13916006E+01 -8.36876715E+01 -8.22554327E+01 -8.09199818E+01 -8.10098817E+01 -8.02516159E+01 -7.89116500E+01 -8.28118419E+01 -8.36415178E+01 -8.19620327E+01 -8.09966651E+01 -8.07608278E+01 -7.95861963E+01 -7.96968906E+01 -8.34542759E+01 -8.33074139E+01 -8.18265028E+01 -8.10903856E+01 -8.01989143E+01 -7.93404884E+01 -8.09658027E+01 -8.37768628E+01 -8.27467211E+01 -8.15677286E+01 -8.07679770E+01 -7.99809211E+01 -7.89415296E+01 -8.20791719E+01 -8.35048653E+01 -8.21000335E+01 -8.11542263E+01 -7.99650022E+01 -7.93724524E+01 -7.96897260E+01 -8.31664330E+01 -8.33328473E+01 -8.11777019E+01 -8.04051458E+01 -7.99309653E+01 -7.90270271E+01 -8.04929161E+01 -8.33131467E+01 -8.24841963E+01 -8.07637251E+01 -8.00285018E+01 -7.92464714E+01 -7.85575560E+01 -8.15291542E+01 -8.32647888E+01 -8.17911292E+01 -8.04381010E+01 -8.00465405E+01 -7.89739299E+01 -7.88924867E+01 -8.25918182E+01 -8.33935371E+01 -8.12709133E+01 -7.98864454E+01 -7.91924298E+01 -7.85227652E+01 -8.01488488E+01 -8.34701670E+01 -8.29664253E+01 -8.10099010E+01 -8.01126256E+01 -7.90140784E+01 -7.84877393E+01 -8.16638166E+01 -8.33442386E+01 -8.25697739E+01 -8.07935923E+01 -8.00661392E+01 -7.89499801E+01 -7.95418230E+01 -8.24358844E+01 -8.33066801E+01 -8.18409042E+01 -8.05200590E+01 -7.96299930E+01 -7.86864833E+01 -8.05780356E+01 -8.30333943E+01 -8.22771149E+01 -8.06101649E+01 -7.97368289E+01 -7.94232755E+01 -7.83866896E+01 -8.17338597E+01 -8.27823184E+01 -8.14102677E+01 -8.02968651E+01 -7.97743705E+01 -7.91026598E+01 -7.96253596E+01 -8.27710928E+01 -8.24586876E+01 -8.10182318E+01 -8.04000574E+01 -7.93546411E+01 -7.90152101E+01 -8.09561832E+01 -8.27765300E+01 -8.19463267E+01 -8.07450556E+01 -7.98664677E+01 -7.92535211E+01 -7.98875149E+01 -8.21984451E+01 -8.24975941E+01 -8.10952151E+01 -8.08221626E+01 -8.03169404E+01 -7.95454004E+01 -8.06648258E+01 -8.26656199E+01 -8.23154348E+01 -8.10486182E+01 -8.09641962E+01 -7.99850439E+01 -7.93926413E+01 -8.11541533E+01 -8.26814399E+01 -8.16313239E+01 -8.14290314E+01 -8.09041364E+01 -7.92763853E+01 -7.96459137E+01 -8.19994943E+01 -8.26572384E+01 -8.10612834E+01 -8.10836034E+01 -7.98993594E+01 -7.82300075E+01 -8.01069686E+01 -8.29173974E+01
 -8.45569296E+01 -8.00468223E+01 -7.89802418E+01 -7.74043557E+01 -7.88417857E+01 -8.30141023E+01 -8.57241538E+01 -8.30816364E+01 -7.94488530E+01 -7.76098157E+01 -7.73138725E+01 -7.92003853E+01 -8.38775893E+01 -8.54987236E+01 -8.17891228E+01 -7.89465428E+01 -7.67704717E+01 -7.73347751E+01 -8.09137321E+01 -8.48448888E+01 -8.47625351E+01 -8.02829984E+01 -7.81378851E+01 -7.66473402E+01 -7.75894608E+01 -8.28884953E+01 -8.55244798E+01 -8.35473201E+01 -7.87285017E+01 -7.67484939E+01 -7.68811934E+01 -7.93413160E+01 -8.41788804E+01 -8.54746284E+01 -8.17453137E+01 -7.79286914E+01 -7.68112346E+01 -7.72328412E+01 -8.06958160E+01 -8.51643672E+01 -8.48352013E+01 -8.04730543E+01 -7.76474797E+01 -7.69636674E+01 -7.77357494E+01 -8.18918017E+01 -8.54094026E+01 -8.33886727E+01 -7.94064526E+01 -7.78721154E+01 -7.71260222E+01 -7.86832783E+01 -8.38404391E+01 -8.50534295E+01 -8.19389901E+01 -7.80776551E+01 -7.75409608E+01 -7.73033163E+01 -8.08514230E+01 -8.49548572E+01 -8.42378329E+01 -8.10976266E+01 -7.79530494E+01 -7.72174122E+01 -7.80292314E+01 -8.24878376E+01 -8.51361497E+01 -8.33063267E+01 -7.92386705E+01 -7.75130430E+01 -7.75750771E+01 -7.94234074E+01 -8.37835495E+01 -8.45871145E+01 -8.20393733E+01 -7.84476969E+01 -7.79333690E+01 -7.78313077E+01 -8.05915082E+01 -8.48502821E+01 -8.43715188E+01 -8.07252958E+01 -7.81040695E+01 -7.75663110E+01 -7.79695592E+01 -8.23973619E+01 -8.56646633E+01 -8.39441942E+01 -7.94887176E+01 -7.69403656E+01 -7.70495532E+01 -7.87960633E+01 -8.41245709E+01 -8.57439770E+01 -8.26741617E+01 -7.85248530E+01 -7.65296885E+01 -7.73211877E+01 -8.04852272E+01 -8.49947895E+01 -8.49698591E+01 -8.11923683E+01 -7.73053871E+01 -7.67109046E+01 -7.74090495E+01 -8.20732477E+01 -8.54484294E+01 -8.40242839E+01 -7.96962441E+01 -7.70171086E+01 -7.66958374E+01 -7.80047350E+01 -8.37304410E+01 -8.54429529E+01 -8.27642146E+01 -7.87826875E+01 -7.67269667E+01 -7.73048255E+01 -8.01572032E+01 -8.50295274E+01 -8.49498791E+01 -8.10586655E+01 -7.84292031E+01 -7.69830416E+01 -7.79618380E+01 -8.26551611E+01 -8.59378996E+01 -8.39173924E+01 -7.96196864E+01 -7.80518090E+01 -7.73183381E+01 -7.95698964E+01 -8.47047795E+01 -8.54789606E+01 -8.23291282E+01 -7.94622560E+01 -7.75585672E+01 -7.74111871E+01 -8.14759141E+01 -8.56317226E+01 -8.45939527E+01 -8.10918510E+01 -7.90980509E+01 -7.66707656E+01 -7.75784721E+01 -8.30402540E+01 -8.54219976E+01 -8.34851740E+01 -8.02928077E+01 -7.87234555E+01 -7.64874126E+01 -7.88772746E+01 -8.44367612E+01 -8.51988409E+01 -8.23618385E+01 -7.96584310E+01 -7.81047524E+01 -7.72668758E+01 -8.13030755E+01 -8.55813876E+01 -8.42957587E+01 -8.08684307E+01 -7.95967733E+01 -7.74551644E+01 -7.84392997E+01 -8.30577255E+01 -8.57486577E+01 -8.29540203E+01 -7.99740575E+01 -7.88947985E+01 -7.72857528E+01 -7.96764951E+01 -8.45841097E+01 -8.52972621E+01 -8.17793099E+01 -7.96818039E+01 -7.78115917E+01 -7.77083482E+01 -8.13306529E+01 -8.53213325E+01 -8.42920263E+01 -8.06056858E+01 -7.89660401E+01 -7.72068532E+01 -7.84805509E+01 -8.25523726E+01 -8.56791910E+01 -8.33007987E+01 -7.99954693E+01 -7.82412919E+01 -7.71459017E+01 -7.97436228E+01 -8.41673923E+01 -8.54260155E+01 -8.18070991E+01 -7.91626292E+01 -7.73775563E+01 -7.81429620E+01 -8.13886819E+01 -8.51455219E+01
 -7.99469791E+01 -8.05446975E+01 -8.15028115E+01 -8.12362685E+01 -8.04143601E+01 -8.12898193E+01 -8.20833075E+01 -7.96199928E+01 -8.13942886E+01 -8.12668642E+01 -8.08282431E+01 -8.01587491E+01 -8.20404048E+01 -8.10783911E+01 -7.98538267E+01 -8.11203097E+01 -8.11784899E+01 -8.06206278E+01 -8.01323114E+01 -8.24356374E+01 -7.98940147E+01 -8.03686789E+01 -8.07206360E+01 -8.14356347E+01 -7.98080215E+01 -8.08771303E+01 -8.19742798E+01 -7.96084775E+01 -8.06401934E+01 -8.02628218E+01 -8.07572514E+01 -7.95102944E+01 -8.13490933E+01 -8.08426633E+01 -7.97384899E+01 -8.06935942E+01 -8.07025961E+01 -8.00900583E+01 -7.94860350E+01 -8.20390140E+01 -8.04058770E+01 -7.98954416E+01 -8.04142911E+01 -8.07125953E+01 -7.95915338E+01 -8.05177480E+01 -8.17187406E+01 -7.97934456E+01 -8.08413205E+01 -8.09924060E+01 -8.10846269E+01 -7.96093709E+01 -8.16274510E+01 -8.10837131E+01 -8.02357514E+01 -8.10601542E+01 -8.12198366E+01 -8.09173465E+01 -7.98448724E+01 -8.19026020E+01 -8.06960871E+01 -8.05253232E+01 -8.10713178E+01 -8.12408129E+01 -7.99867692E+01 -8.08636036E+01 -8.18509179E+01 -8.02150259E+01 -8.08597946E+01 -8.11188054E+01 -8.17300723E+01 -7.94473894E+01 -8.15843167E+01 -8.16873572E+01 -8.00600242E+01 -8.09184698E+01 -8.16533058E+01 -8.05704986E+01 -7.96750180E+01 -8.23622470E+01 -8.13552113E+01 -8.05025653E+01 -8.17950540E+01 -8.17479483E+01 -7.96443433E+01 -8.03196687E+01 -8.25678436E+01 -8.01539057E+01 -8.08881683E+01 -8.18335516E+01 -8.11541144E+01 -7.87946651E+01 -8.10225951E+01 -8.19969810E+01 -8.02878151E+01 -8.14147472E+01 -8.15572817E+01 -8.01068219E+01 -7.92305774E+01 -8.17560980E+01 -8.11631694E+01 -8.01638630E+01 -8.10742952E+01 -8.16502928E+01 -7.89259252E+01 -7.94032273E+01 -8.20695870E+01 -7.99905633E+01 -8.03891874E+01 -8.17065094E+01 -8.05629858E+01 -7.85387571E+01 -8.08517081E+01 -8.17847282E+01 -7.88880714E+01 -8.11714202E+01 -8.20830999E+01 -7.95288615E+01 -7.88799876E+01 -8.17366292E+01 -8.04071798E+01 -7.86548635E+01 -8.16631329E+01 -8.13180234E+01 -7.88853756E+01 -8.03370482E+01 -8.19313624E+01 -7.89336670E+01 -7.97955024E+01 -8.22135022E+01 -8.04106990E+01 -7.88683517E+01 -8.09365224E+01 -8.08355217E+01 -7.83428939E+01 -8.06344360E+01 -8.20173321E+01 -7.97960390E+01 -7.96716106E+01 -8.15712488E+01 -7.94998093E+01 -7.86994279E+01 -8.11952108E+01 -8.13465668E+01 -7.92759463E+01 -8.09815368E+01 -8.17148893E+01 -7.85604302E+01 -7.96784844E+01 -8.12309456E+01 -8.03851079E+01 -7.96010753E+01 -8.17399498E+01 -8.04629378E+01 -7.88035904E+01 -8.10027663E+01 -8.14395504E+01 -8.03808002E+01 -8.07996652E+01 -8.20518746E+01 -7.96150802E+01 -7.96706019E+01 -8.12927498E+01 -8.08290263E+01 -8.02255396E+01 -8.14174433E+01 -8.12907852E+01 -7.95010339E+01 -8.01488963E+01 -8.12388079E+01 -8.08113422E+01 -8.06191570E+01 -8.19656223E+01 -8.11207776E+01 -8.00069048E+01 -8.10473727E+01 -8.11354600E+01 -8.05376348E+01 -8.09641928E+01 -8.19619232E+01 -8.01201849E+01 -8.07426578E+01 -8.13021992E+01 -8.10342517E+01 -8.05540839E+01 -8.14886959E+01 -8.21914751E+01 -8.02812864E+01 -8.13844525E+01 -8.07510900E+01 -8.08665765E+01 -8.05649613E+01 -8.22223457E+01 -8.11792332E+01 -7.99547276E+01 -8.14521492E+01 -8.09326269E+01 -8.04212747E+01 -8.09006443E+01 -8.25546980E+01
 -8.47297789E+01 -8.11439772E+01 -7.48432301E+01 -7.50182712E+01 -7.86730241E+01 -8.42339442E+01 -8.57551945E+01 -8.39791954E+01 -7.88660051E+01 -7.44230241E+01 -7.57047714E+01 -8.05336576E+01 -8.56488186E+01 -8.52441868E+01 -8.32617974E+01 -7.67663436E+01 -7.44729069E+01 -7.72841180E+01 -8.27022757E+01 -8.58223190E+01 -8.47021970E+01 -8.15877057E+01 -7.51399458E+01 -7.47962360E+01 -7.92872357E+01 -8.42118972E+01 -8.58180615E+01 -8.44103236E+01 -7.92040727E+01 -7.38066318E+01 -7.67759023E+01 -8.15796533E+01 -8.51502816E+01 -8.53588468E+01 -8.32585694E+01 -7.63296226E+01 -7.35893592E+01 -7.88423520E+01 -8.33077363E+01 -8.57278060E+01 -8.52178809E+01 -8.15496185E+01 -7.42951367E+01 -7.46085808E+01 -8.07207632E+01 -8.42827073E+01 -8.57016388E+01 -8.46146231E+01 -7.88643697E+01 -7.30784411E+01 -7.63323097E+01 -8.18017695E+01 -8.50702316E+01 -8.53271161E+01 -8.29479857E+01 -7.62029657E+01 -7.36827421E+01 -7.87712295E+01 -8.31478344E+01 -8.59112026E+01 -8.49350365E+01 -8.09650173E+01 -7.47108785E+01 -7.51181793E+01 -7.98055339E+01 -8.42343521E+01 -8.58570837E+01 -8.40054736E+01 -7.91676027E+01 -7.39240586E+01 -7.55804045E+01 -8.16239488E+01 -8.55899992E+01 -8.57766158E+01 -8.26999027E+01 -7.66104808E+01 -7.32974475E+01 -7.73074534E+01 -8.37018413E+01 -8.63192755E+01 -8.54574122E+01 -8.12657792E+01 -7.47369774E+01 -7.30690863E+01 -7.93910516E+01 -8.47785879E+01 -8.64938612E+01 -8.44762479E+01 -7.94992428E+01 -7.30863763E+01 -7.46732905E+01 -8.15429799E+01 -8.53368491E+01 -8.61701996E+01 -8.31588914E+01 -7.71513564E+01 -7.17170476E+01 -7.73888125E+01 -8.29070709E+01 -8.59152546E+01 -8.57019104E+01 -8.16846379E+01 -7.43201843E+01 -7.27582897E+01 -7.90116670E+01 -8.45950978E+01 -8.61453344E+01 -8.50019658E+01 -7.97429684E+01 -7.20168230E+01 -7.52242908E+01 -8.12770394E+01 -8.54944112E+01 -8.63368870E+01 -8.38976160E+01 -7.71405301E+01 -7.25862917E+01 -7.64693463E+01 -8.27888976E+01 -8.61677887E+01 -8.56179614E+01 -8.18625441E+01 -7.47720830E+01 -7.32556912E+01 -7.78279910E+01 -8.42839038E+01 -8.61762043E+01 -8.47337552E+01 -7.99120384E+01 -7.27782521E+01 -7.42688845E+01 -8.01565212E+01 -8.53963419E+01 -8.62359744E+01 -8.32932292E+01 -7.65846778E+01 -7.25346764E+01 -7.70842125E+01 -8.28173330E+01 -8.61584544E+01 -8.55644814E+01 -8.10255754E+01 -7.39396508E+01 -7.39660048E+01 -7.86675522E+01 -8.45600264E+01 -8.65412333E+01 -8.38951218E+01 -7.88434566E+01 -7.26336171E+01 -7.43469351E+01 -8.10054551E+01 -8.56802442E+01 -8.58857297E+01 -8.26258790E+01 -7.70909355E+01 -7.26960846E+01 -7.60091083E+01 -8.30650303E+01 -8.62921649E+01 -8.51173546E+01 -8.15997703E+01 -7.46590268E+01 -7.25286750E+01 -7.88832413E+01 -8.48686076E+01 -8.62620574E+01 -8.42052471E+01 -7.92624338E+01 -7.28042158E+01 -7.45603155E+01 -8.17540792E+01 -8.58937146E+01 -8.55865108E+01 -8.26818080E+01 -7.71630849E+01 -7.27036259E+01 -7.71752628E+01 -8.34136983E+01 -8.63005500E+01 -8.47972068E+01 -8.14100138E+01 -7.54957023E+01 -7.35942178E+01 -7.94327862E+01 -8.44197252E+01 -8.58767570E+01 -8.40709457E+01 -7.93730396E+01 -7.35768137E+01 -7.51465048E+01 -8.14973370E+01 -8.54781593E+01 -8.54356693E+01 -8.30906871E+01 -7.70599258E+01 -7.25764391E+01 -7.71499208E+01 -8.29367738E+01 -8.57655740E+01
 -8.05601183E+01 -8.60996572E+01 -8.59951641E+01 -8.27124592E+01 -7.72867974E+01 -7.48489096E+01 -7.85711171E+01 -8.28074111E+01 -8.66697971E+01 -8.54536755E+01 -8.06323643E+01 -7.54306726E+01 -7.59296024E+01 -7.98985807E+01 -8.49435682E+01 -8.66745493E+01 -8.41375252E+01 -7.84387577E+01 -7.51825706E+01 -7.71316678E+01 -8.16365065E+01 -8.58381261E+01 -8.60197087E+01 -8.31078799E+01 -7.73171373E+01 -7.62651655E+01 -7.88715579E+01 -8.41237382E+01 -8.64177827E+01 -8.49067889E+01 -8.19124312E+01 -7.66674245E+01 -7.55742334E+01 -8.02340008E+01 -8.56425979E+01 -8.61583995E+01 -8.43014940E+01 -7.98146416E+01 -7.51617145E+01 -7.51792164E+01 -8.28038072E+01 -8.62390350E+01 -8.56579791E+01 -8.32468559E+01 -7.81336801E+01 -7.46764924E+01 -7.71076015E+01 -8.43295484E+01 -8.59032298E+01 -8.45582037E+01 -8.24168494E+01 -7.74052787E+01 -7.41882151E+01 -7.90604566E+01 -8.52254362E+01 -8.51933621E+01 -8.37411369E+01 -8.10772458E+01 -7.60575740E+01 -7.40944351E+01 -8.17199990E+01 -8.52491936E+01 -8.52380619E+01 -8.26608793E+01 -7.90425734E+01 -7.43170761E+01 -7.59071974E+01 -8.36869727E+01 -8.53715647E+01 -8.44590881E+01 -8.16945107E+01 -7.67083080E+01 -7.30804475E+01 -7.93453163E+01 -8.45269064E+01 -8.49325145E+01 -8.35349150E+01 -7.98357438E+01 -7.47011228E+01 -7.37918653E+01 -8.20522447E+01 -8.47875670E+01 -8.53954909E+01 -8.32824403E+01 -7.89023526E+01 -7.50413419E+01 -7.56374356E+01 -8.33041178E+01 -8.52313137E+01 -8.47758808E+01 -8.21144277E+01 -7.74882831E+01 -7.38809632E+01 -7.90938674E+01 -8.44075157E+01 -8.54328229E+01 -8.41004070E+01 -7.98341697E+01 -7.61467619E+01 -7.47035665E+01 -8.20825394E+01 -8.51410893E+01 -8.51052080E+01 -8.35250061E+01 -7.81029351E+01 -7.57109005E+01 -7.75872187E+01 -8.40262672E+01 -8.52274909E+01 -8.43325272E+01 -8.20681207E+01 -7.68368975E+01 -7.68132433E+01 -8.04353047E+01 -8.44291353E+01 -8.49330793E+01 -8.38948127E+01 -8.05388600E+01 -7.73138939E+01 -7.69564173E+01 -8.16576341E+01 -8.47257428E+01 -8.52384768E+01 -8.31213282E+01 -7.74697645E+01 -7.63455576E+01 -7.86687199E+01 -8.25662428E+01 -8.51457063E+01 -8.52390436E+01 -8.18428611E+01 -7.60795794E+01 -7.66772031E+01 -7.99431412E+01 -8.36630314E+01 -8.60466806E+01 -8.44628586E+01 -7.93830338E+01 -7.67650712E+01 -7.71342381E+01 -8.08074992E+01 -8.48948786E+01 -8.58677865E+01 -8.28801527E+01 -7.72312942E+01 -7.72812482E+01 -7.82670969E+01 -8.22949382E+01 -8.57646961E+01 -8.51871505E+01 -8.06262778E+01 -7.71759090E+01 -7.73345686E+01 -7.93062448E+01 -8.38954564E+01 -8.57079909E+01 -8.40087588E+01 -7.87924924E+01 -7.66433048E+01 -7.71169812E+01 -8.02185750E+01 -8.53159239E+01 -8.51558725E+01 -8.22243085E+01 -7.69349890E+01 -7.69780668E+01 -7.79107044E+01 -8.16406125E+01 -8.57597802E+01 -8.46490019E+01 -8.01319523E+01 -7.66263327E+01 -7.75816718E+01 -7.84482663E+01 -8.40293431E+01 -8.55040155E+01 -8.36762145E+01 -7.84321700E+01 -7.67602385E+01 -7.79260082E+01 -8.03957700E+01 -8.55244683E+01 -8.50316676E+01 -8.32080705E+01 -7.65014969E+01 -7.64600490E+01 -7.82555430E+01 -8.22692211E+01 -8.64367264E+01 -8.47993118E+01 -8.03406118E+01 -7.54641092E+01 -7.69434824E+01 -7.88612945E+01 -8.50988877E+01 -8.67333786E+01 -8.35917802E+01 -7.83065951E+01 -7.58125008E+01 -7.72952758E+01
