# PIMCID: da03fbc4-8ec4-4b18-8380-d712af500267
#      0.000E+00       5.000E-01       1.000E+00       1.500E+00       2.000E+00       2.500E+00       3.000E+00       3.500E+00       4.000E+00       4.500E+00       5.000E+00       5.500E+00       6.000E+00       6.500E+00       7.000E+00       7.500E+00       8.000E+00       8.500E+00       9.000E+00       9.500E+00       1.000E+01       1.050E+01       1.100E+01       1.150E+01       1.200E+01       1.250E+01       1.300E+01       1.350E+01       1.400E+01       1.450E+01       1.500E+01       1.550E+01       1.600E+01       1.650E+01       1.700E+01       1.750E+01       1.800E+01       1.850E+01       1.900E+01       1.950E+01       2.000E+01       2.050E+01       2.100E+01       2.150E+01       2.200E+01       2.250E+01       2.300E+01       2.350E+01       2.400E+01       2.450E+01       2.500E+01       2.550E+01       2.600E+01       2.650E+01       2.700E+01       2.750E+01       2.800E+01       2.850E+01       2.900E+01       2.950E+01       3.000E+01       3.050E+01       3.100E+01       3.150E+01       3.200E+01       3.250E+01       3.300E+01       3.350E+01       3.400E+01       3.450E+01       3.500E+01       3.550E+01       3.600E+01       3.650E+01       3.700E+01       3.750E+01       3.800E+01       3.850E+01       3.900E+01       3.950E+01       4.000E+01       4.050E+01       4.100E+01       4.150E+01       4.200E+01       4.250E+01       4.300E+01       4.350E+01       4.400E+01       4.450E+01       4.500E+01       4.550E+01       4.600E+01       4.650E+01       4.700E+01       4.750E+01       4.800E+01       4.850E+01       4.900E+01       4.950E+01       5.000E+01       5.050E+01       5.100E+01       5.150E+01       5.200E+01       5.250E+01       5.300E+01       5.350E+01       5.400E+01       5.450E+01       5.500E+01       5.550E+01       5.600E+01       5.650E+01       5.700E+01       5.750E+01       5.800E+01       5.850E+01       5.900E+01       5.950E+01       6.000E+01       6.050E+01       6.100E+01       6.150E+01       6.200E+01       6.250E+01       6.300E+01       6.350E+01       6.400E+01       6.450E+01       6.500E+01       6.550E+01       6.600E+01       6.650E+01       6.700E+01       6.750E+01       6.800E+01       6.850E+01       6.900E+01       6.950E+01       7.000E+01       7.050E+01       7.100E+01       7.150E+01       7.200E+01       7.250E+01       7.300E+01       7.350E+01       7.400E+01       7.450E+01       7.500E+01       7.550E+01       7.600E+01       7.650E+01       7.700E+01       7.750E+01       7.800E+01       7.850E+01       7.900E+01       7.950E+01       8.000E+01       8.050E+01       8.100E+01       8.150E+01       8.200E+01       8.250E+01       8.300E+01       8.350E+01       8.400E+01       8.450E+01       8.500E+01       8.550E+01       8.600E+01       8.650E+01       8.700E+01       8.750E+01       8.800E+01       8.850E+01       8.900E+01       8.950E+01       9.000E+01       9.050E+01       9.100E+01       9.150E+01       9.200E+01       9.250E+01       9.300E+01       9.350E+01       9.400E+01       9.450E+01       9.500E+01       9.550E+01       9.600E+01       9.650E+01       9.700E+01       9.750E+01       9.800E+01       9.850E+01       9.900E+01       9.950E+01
  3.51844895E-01  3.56943696E-01  3.09384053E-01  2.59746443E-01  2.47210980E-01  2.69000686E-01  3.22461019E-01  3.62939205E-01  3.42454612E-01  2.86134403E-01  2.48777316E-01  2.51383536E-01  2.88887618E-01  3.44796397E-01  3.63870319E-01  3.21686272E-01  2.64119977E-01  2.43394338E-01  2.62468384E-01  3.11363956E-01  3.60637746E-01  3.56006176E-01  2.96762521E-01  2.47417157E-01  2.46103417E-01  2.77853722E-01  3.33761975E-01  3.69833382E-01  3.36092915E-01  2.72220012E-01  2.42541401E-01  2.51993917E-01  2.97380759E-01  3.54758273E-01  3.65085590E-01  3.11492333E-01  2.57802528E-01  2.41169423E-01  2.64710302E-01  3.19846392E-01  3.68468620E-01  3.50759153E-01  2.89613177E-01  2.47935348E-01  2.41961423E-01  2.79056955E-01  3.44095246E-01  3.73055904E-01  3.30761989E-01  2.72103527E-01  2.41799873E-01  2.48685571E-01  3.00549243E-01  3.60516518E-01  3.65414206E-01  3.11826226E-01  2.57550387E-01  2.38456416E-01  2.61009883E-01  3.21127364E-01  3.71297145E-01  3.52246938E-01  2.89937496E-01  2.44912970E-01  2.40782427E-01  2.78048443E-01  3.43855746E-01  3.74829850E-01  3.32628614E-01  2.69835742E-01  2.39896604E-01  2.48552067E-01  2.94381166E-01  3.58973961E-01  3.71436124E-01  3.14505791E-01  2.54863705E-01  2.38187849E-01  2.59781418E-01  3.15410993E-01  3.71166701E-01  3.59431788E-01  2.90772956E-01  2.44729159E-01  2.42182059E-01  2.73106986E-01  3.36512365E-01  3.78733392E-01  3.39414938E-01  2.70757932E-01  2.41447353E-01  2.47207712E-01  2.89979460E-01  3.57294163E-01  3.71738653E-01  3.16383648E-01  2.61006593E-01  2.40534660E-01  2.54516267E-01  3.07851898E-01  3.64500097E-01  3.58746250E-01  3.02854239E-01  2.55412342E-01  2.41897608E-01  2.62423586E-01  3.26550022E-01  3.69158599E-01  3.44483347E-01  2.87838457E-01  2.50490598E-01  2.43238170E-01  2.79368976E-01  3.41934335E-01  3.65304703E-01  3.29266827E-01  2.76018264E-01  2.46817414E-01  2.48117407E-01  2.96398603E-01  3.56171888E-01  3.61748355E-01  3.12994215E-01  2.64409138E-01  2.43540736E-01  2.55803648E-01  3.16862217E-01  3.64701740E-01  3.48302162E-01  2.98912458E-01  2.56537367E-01  2.40237029E-01  2.70126022E-01  3.35362748E-01  3.64428971E-01  3.37585448E-01  2.85025515E-01  2.47513579E-01  2.42207757E-01  2.88689872E-01  3.48488429E-01  3.61559681E-01  3.22181201E-01  2.72062650E-01  2.42954873E-01  2.52686899E-01  3.07991922E-01  3.57734441E-01  3.54029326E-01  3.06616186E-01  2.60062435E-01  2.40986840E-01  2.66133709E-01  3.27673608E-01  3.64203519E-01  3.41751761E-01  2.90200416E-01  2.49519721E-01  2.44234254E-01  2.86491363E-01  3.47313034E-01  3.62916422E-01  3.23883494E-01  2.71891265E-01  2.42720175E-01  2.53325734E-01  3.08237541E-01  3.58581820E-01  3.53595650E-01  3.06508938E-01  2.59437642E-01  2.43161028E-01  2.69845942E-01  3.24951261E-01  3.59823943E-01  3.41980859E-01  2.89722659E-01  2.50299969E-01  2.48645474E-01  2.87811638E-01  3.44658088E-01  3.59630523E-01  3.22615621E-01  2.69242080E-01  2.42327679E-01  2.62572519E-01  3.15337981E-01  3.57541696E-01  3.47793091E-01  2.98533484E-01  2.53742732E-01  2.46913507E-01  2.79976335E-01  3.37210623E-01  3.61926290E-01  3.29752676E-01  2.76177249E-01  2.45830381E-01  2.56931746E-01  3.00868463E-01
  3.08168984E-01  2.67094962E-01  2.56557244E-01  2.84915188E-01  3.21555652E-01  3.38650820E-01  3.32895315E-01  2.93365843E-01  2.57974442E-01  2.58725044E-01  2.96822041E-01  3.31624041E-01  3.40544949E-01  3.20592472E-01  2.82546445E-01  2.53256970E-01  2.66724838E-01  3.10193473E-01  3.35590405E-01  3.35480265E-01  3.11796356E-01  2.70192472E-01  2.51592521E-01  2.80446386E-01  3.18916462E-01  3.41620999E-01  3.33548106E-01  2.96243309E-01  2.57172723E-01  2.55696540E-01  2.93410660E-01  3.31119203E-01  3.46818808E-01  3.27993731E-01  2.80436134E-01  2.49347484E-01  2.63155420E-01  3.06455769E-01  3.42092412E-01  3.46552390E-01  3.14380932E-01  2.65555195E-01  2.46671842E-01  2.74950746E-01  3.22646536E-01  3.49998903E-01  3.34500219E-01  2.93973102E-01  2.57593974E-01  2.55224032E-01  2.94785143E-01  3.33791734E-01  3.41752031E-01  3.21910939E-01  2.82779626E-01  2.53967505E-01  2.68782280E-01  3.09070120E-01  3.33942821E-01  3.36089914E-01  3.10690270E-01  2.69412680E-01  2.57714595E-01  2.84470560E-01  3.17020423E-01  3.34941125E-01  3.31325689E-01  2.96399126E-01  2.61330077E-01  2.65994043E-01  2.96282424E-01  3.22122766E-01  3.35181499E-01  3.23061952E-01  2.81418400E-01  2.59379942E-01  2.78408052E-01  3.08417760E-01  3.27171673E-01  3.30074895E-01  3.08502482E-01  2.73074377E-01  2.63702453E-01  2.92253856E-01  3.15673011E-01  3.26850950E-01  3.23610472E-01  2.99443373E-01  2.69870988E-01  2.72645517E-01  2.99793265E-01  3.17309281E-01  3.25450782E-01  3.17834950E-01  2.92216556E-01  2.71466953E-01  2.83176929E-01  3.02488146E-01  3.18247980E-01  3.26689715E-01  3.10079165E-01  2.82893130E-01  2.75592862E-01  2.88404414E-01  3.04821989E-01  3.22612154E-01  3.22756671E-01  2.97795907E-01  2.78179777E-01  2.81089234E-01  2.97475442E-01  3.13111533E-01  3.21637604E-01  3.13073764E-01  2.86834869E-01  2.75311550E-01  2.91869191E-01  3.07513252E-01  3.14380037E-01  3.21209404E-01  3.04013311E-01  2.77866696E-01  2.79453532E-01  2.99310465E-01  3.11632956E-01  3.16327547E-01  3.13471906E-01  2.95059871E-01  2.77145591E-01  2.84254953E-01  3.06223992E-01  3.13963050E-01  3.13573357E-01  3.07843132E-01  2.88153067E-01  2.77652415E-01  2.91127979E-01  3.07529018E-01  3.12773852E-01  3.14209832E-01  3.06148399E-01  2.84667107E-01  2.81505017E-01  2.95247972E-01  3.07057147E-01  3.09959377E-01  3.15095402E-01  3.03011786E-01  2.80019254E-01  2.82291200E-01  3.01489767E-01  3.09184553E-01  3.11592093E-01  3.14511938E-01  2.95441439E-01  2.78837587E-01  2.88811114E-01  3.02400732E-01  3.06514809E-01  3.16458823E-01  3.14898577E-01  2.86712780E-01  2.77041836E-01  2.93602634E-01  3.06505287E-01  3.13075807E-01  3.19434556E-01  3.00320670E-01  2.77519984E-01  2.79390324E-01  2.98638212E-01  3.14073827E-01  3.20997433E-01  3.15556083E-01  2.90468224E-01  2.71652096E-01  2.82759684E-01  3.04892954E-01  3.19644574E-01  3.23863538E-01  3.10648805E-01  2.80474890E-01  2.68633225E-01  2.87675726E-01  3.15196177E-01  3.27239566E-01  3.24817251E-01  2.97621436E-01  2.66772283E-01  2.68943846E-01  2.98843949E-01  3.23094027E-01  3.33903498E-01  3.19892806E-01  2.82149516E-01  2.58042545E-01  2.74440785E-01  3.09767904E-01  3.34198909E-01  3.36744934E-01
  3.04148460E-01  3.21622359E-01  3.12539626E-01  2.96192687E-01  2.88534742E-01  2.85576424E-01  2.88604804E-01  3.09178358E-01  3.19057394E-01  3.05279361E-01  2.95036775E-01  2.92211788E-01  2.86404685E-01  2.94181959E-01  3.13730926E-01  3.12152979E-01  3.00721158E-01  2.96854961E-01  2.91931622E-01  2.82750054E-01  2.97311421E-01  3.14596141E-01  3.12650645E-01  3.06045611E-01  2.97455499E-01  2.84291516E-01  2.83135866E-01  3.01002690E-01  3.15551139E-01  3.14781686E-01  3.03294644E-01  2.90613498E-01  2.80728545E-01  2.86235849E-01  3.10232694E-01  3.20974270E-01  3.09136762E-01  2.98155557E-01  2.88508580E-01  2.79627169E-01  2.91496336E-01  3.17362639E-01  3.19255073E-01  3.01092755E-01  2.93468595E-01  2.87081995E-01  2.83305092E-01  3.00337086E-01  3.20472788E-01  3.10157707E-01  2.97639396E-01  2.90499746E-01  2.85993176E-01  2.89378093E-01  3.08094714E-01  3.16392891E-01  3.07074878E-01  2.96623135E-01  2.88440540E-01  2.85664205E-01  2.95000316E-01  3.09915262E-01  3.15728695E-01  3.02621909E-01  2.91387551E-01  2.87663913E-01  2.91176633E-01  3.01845784E-01  3.09782139E-01  3.08887811E-01  3.00569256E-01  2.85871431E-01  2.91202844E-01  2.99835504E-01  3.02428515E-01  3.08917992E-01  3.08191963E-01  2.91620046E-01  2.84822440E-01  2.96920182E-01  3.05203879E-01  3.05964034E-01  3.08920300E-01  3.03028065E-01  2.85514924E-01  2.87740495E-01  3.02882758E-01  3.08186776E-01  3.05341379E-01  3.09363642E-01  2.98816777E-01  2.82405842E-01  2.92424853E-01  3.07762860E-01  3.05425818E-01  3.07202457E-01  3.09331410E-01  2.91249719E-01  2.80535126E-01  3.00786818E-01  3.12671624E-01  3.05111189E-01  3.06379723E-01  3.03869236E-01  2.80606812E-01  2.88675722E-01  3.14507272E-01  3.11598274E-01  3.01336478E-01  3.05178054E-01  2.95072566E-01  2.78035282E-01  3.00739030E-01  3.15755981E-01  3.07060958E-01  3.02792904E-01  3.04649360E-01  2.84795710E-01  2.80087457E-01  3.10623111E-01  3.18770189E-01  3.06079027E-01  3.03407108E-01  2.94062655E-01  2.78147352E-01  2.93333570E-01  3.21234367E-01  3.14391514E-01  3.00996519E-01  2.98244182E-01  2.86661044E-01  2.82935824E-01  3.09418784E-01  3.19098795E-01  3.07586779E-01  2.96651099E-01  2.94133162E-01  2.87074022E-01  2.93906414E-01  3.10903925E-01  3.14286126E-01  3.05738544E-01  2.97261798E-01  2.89170784E-01  2.86785198E-01  2.99003070E-01  3.13862384E-01  3.16411545E-01  3.04445797E-01  2.92453157E-01  2.85832858E-01  2.91418978E-01  3.03064151E-01  3.14798426E-01  3.16508221E-01  3.00193718E-01  2.86624663E-01  2.82221227E-01  2.96277479E-01  3.09640428E-01  3.19705715E-01  3.15569717E-01  2.95729160E-01  2.79936358E-01  2.85868828E-01  2.99062979E-01  3.10597635E-01  3.20411898E-01  3.16763742E-01  2.92224807E-01  2.79732657E-01  2.90428102E-01  2.98678193E-01  3.09933762E-01  3.22853445E-01  3.10993824E-01  2.87437311E-01  2.85764374E-01  2.89380755E-01  2.96202006E-01  3.15981076E-01  3.22414015E-01  3.01657581E-01  2.88167463E-01  2.90664894E-01  2.88707497E-01  2.96537036E-01  3.18583917E-01  3.17426364E-01  2.98746224E-01  2.91843035E-01  2.88730611E-01  2.86497453E-01  2.99320796E-01  3.19460048E-01  3.14316942E-01  2.99311286E-01  2.90223247E-01  2.83966934E-01  2.84236831E-01
  2.98392674E-01  2.86385554E-01  2.81755430E-01  2.86599565E-01  3.06679472E-01  3.26813447E-01  3.08963285E-01  2.95174948E-01  2.86517353E-01  2.77961897E-01  2.86868367E-01  3.22312399E-01  3.27844403E-01  3.05680390E-01  2.91085594E-01  2.80676905E-01  2.73713314E-01  2.95421707E-01  3.33722924E-01  3.32628405E-01  3.01098369E-01  2.80392520E-01  2.70280618E-01  2.76106084E-01  3.12548810E-01  3.44429732E-01  3.24960731E-01  2.88504736E-01  2.73512230E-01  2.67965587E-01  2.84759457E-01  3.28167531E-01  3.48396897E-01  3.13181075E-01  2.82689336E-01  2.70120135E-01  2.69000712E-01  2.95648418E-01  3.41968034E-01  3.38901692E-01  2.99317069E-01  2.79151381E-01  2.69668114E-01  2.66196347E-01  3.12074861E-01  3.49537601E-01  3.25860428E-01  2.91148343E-01  2.79731563E-01  2.63669031E-01  2.79447490E-01  3.36474820E-01  3.42302096E-01  3.05206281E-01  2.86192626E-01  2.73826829E-01  2.70069711E-01  3.01281603E-01  3.40426958E-01  3.29897883E-01  2.94596531E-01  2.82582913E-01  2.74918594E-01  2.81509127E-01  3.18787302E-01  3.36418568E-01  3.05957052E-01  2.86939501E-01  2.86910474E-01  2.77989395E-01  2.98299908E-01  3.27148529E-01  3.19587301E-01  2.95460375E-01  2.92128678E-01  2.85876308E-01  2.89254921E-01  3.10666953E-01  3.23691774E-01  3.04487596E-01  2.91722081E-01  2.92762068E-01  2.85367807E-01  2.96368335E-01  3.16746673E-01  3.16383591E-01  3.01390210E-01  2.88928246E-01  2.85448521E-01  2.87635497E-01  3.06024868E-01  3.19151883E-01  3.11734575E-01  2.91686023E-01  2.86348408E-01  2.92959531E-01  2.97455504E-01  3.08395923E-01  3.18583631E-01  3.04214115E-01  2.88023680E-01  2.95099233E-01  2.96896809E-01  2.94044736E-01  3.05503433E-01  3.10472374E-01  2.98642370E-01  2.97735590E-01  3.05957790E-01  2.96017785E-01  2.90405501E-01  3.02140578E-01  3.02483048E-01  3.00759118E-01  3.13072871E-01  3.11286670E-01  2.87900943E-01  2.82221794E-01  2.99562474E-01  3.04976002E-01  3.12148278E-01  3.20816115E-01  3.01371630E-01  2.73685444E-01  2.81607547E-01  3.04886827E-01  3.13116887E-01  3.22991518E-01  3.18834012E-01  2.86340335E-01  2.66695808E-01  2.83065269E-01  3.09952491E-01  3.23157914E-01  3.27551724E-01  3.04922680E-01  2.70562766E-01  2.63754523E-01  2.93075336E-01  3.22128107E-01  3.28775699E-01  3.22500791E-01  2.90288950E-01  2.58704237E-01  2.68133779E-01  3.05006505E-01  3.30645991E-01  3.30956405E-01  3.09796732E-01  2.76796312E-01  2.58563742E-01  2.78711329E-01  3.22420998E-01  3.35257625E-01  3.19850891E-01  2.96803921E-01  2.70822194E-01  2.61107789E-01  2.96043890E-01  3.32126121E-01  3.30742386E-01  3.07460404E-01  2.88361387E-01  2.67411297E-01  2.69730528E-01  3.12327228E-01  3.36625130E-01  3.23350849E-01  2.95270750E-01  2.79127588E-01  2.70522539E-01  2.86669444E-01  3.20420817E-01  3.35657670E-01  3.10214871E-01  2.84683818E-01  2.76953418E-01  2.75450233E-01  3.01957549E-01  3.31237054E-01  3.24435514E-01  2.89287045E-01  2.79554766E-01  2.82076573E-01  2.87794771E-01  3.17897032E-01  3.33706695E-01  3.04818531E-01  2.78747615E-01  2.83922996E-01  2.84748820E-01  3.03793678E-01  3.31738798E-01  3.17580638E-01  2.89199095E-01  2.78881666E-01  2.82207154E-01  2.94210577E-01  3.20509824E-01  3.21700282E-01
  3.39812555E-01  2.96871577E-01  2.47323798E-01  2.50066077E-01  2.90879142E-01  3.33935309E-01  3.52269091E-01  3.30946838E-01  2.77180541E-01  2.41604050E-01  2.59046026E-01  3.05885076E-01  3.44106231E-01  3.49908239E-01  3.16322856E-01  2.61770527E-01  2.43754573E-01  2.72470773E-01  3.20000298E-01  3.48212855E-01  3.43702149E-01  2.98288378E-01  2.52386516E-01  2.49854198E-01  2.85938331E-01  3.30926873E-01  3.52045762E-01  3.32925970E-01  2.80595316E-01  2.46660624E-01  2.58772635E-01  3.02038311E-01  3.42289357E-01  3.50797608E-01  3.13248253E-01  2.62389538E-01  2.47247311E-01  2.74781497E-01  3.17315245E-01  3.47883745E-01  3.40737680E-01  2.95356891E-01  2.51209535E-01  2.53941096E-01  2.88177521E-01  3.28472328E-01  3.49719918E-01  3.26553760E-01  2.81012866E-01  2.54078514E-01  2.64263715E-01  2.96491595E-01  3.37900341E-01  3.46488966E-01  3.12459652E-01  2.69560920E-01  2.56232476E-01  2.73081211E-01  3.13269815E-01  3.44637641E-01  3.36023132E-01  2.96239402E-01  2.63451691E-01  2.61083768E-01  2.85777518E-01  3.26331717E-01  3.43660944E-01  3.23717220E-01  2.83721714E-01  2.63288651E-01  2.68322510E-01  2.98084288E-01  3.35262876E-01  3.39145645E-01  3.07993441E-01  2.77017803E-01  2.65004206E-01  2.76968428E-01  3.11750058E-01  3.36816597E-01  3.26260162E-01  2.97007680E-01  2.74991437E-01  2.70716071E-01  2.88276152E-01  3.19313304E-01  3.34402006E-01  3.12977010E-01  2.89295222E-01  2.77902024E-01  2.78479973E-01  2.96119783E-01  3.25472276E-01  3.26867423E-01  3.07139318E-01  2.85451821E-01  2.75983157E-01  2.84140581E-01  3.08205439E-01  3.26541285E-01  3.20553113E-01  2.98879446E-01  2.82321158E-01  2.77982576E-01  2.89980502E-01  3.15515739E-01  3.28070187E-01  3.18580469E-01  2.94457063E-01  2.77714971E-01  2.73783518E-01  2.95672588E-01  3.22683482E-01  3.31267904E-01  3.13600717E-01  2.89577481E-01  2.73577934E-01  2.74976215E-01  3.03179519E-01  3.29885148E-01  3.28858416E-01  3.08730560E-01  2.83667063E-01  2.66735898E-01  2.79878663E-01  3.16082019E-01  3.35313555E-01  3.27855778E-01  2.97415780E-01  2.69005949E-01  2.68203125E-01  2.95303888E-01  3.24002707E-01  3.36766507E-01  3.19449194E-01  2.83828953E-01  2.66237930E-01  2.78695314E-01  3.03022256E-01  3.29035381E-01  3.36429181E-01  3.07961598E-01  2.71789069E-01  2.64291289E-01  2.87816810E-01  3.14962686E-01  3.34856473E-01  3.31447764E-01  2.94555003E-01  2.62046877E-01  2.70893229E-01  2.95486374E-01  3.23797107E-01  3.40431990E-01  3.20970672E-01  2.76360013E-01  2.62624430E-01  2.75090650E-01  3.05409785E-01  3.34685569E-01  3.38213669E-01  3.04476168E-01  2.68347911E-01  2.60647794E-01  2.83866257E-01  3.18782287E-01  3.38414376E-01  3.31137406E-01  2.91568912E-01  2.57431780E-01  2.64937145E-01  2.97902181E-01  3.26714910E-01  3.39278124E-01  3.20274317E-01  2.75736039E-01  2.56033012E-01  2.75240987E-01  3.11122944E-01  3.35209256E-01  3.38396350E-01  3.02948370E-01  2.60559457E-01  2.55292227E-01  2.87178364E-01  3.28237037E-01  3.44470441E-01  3.25902682E-01  2.82718059E-01  2.49205213E-01  2.65955197E-01  3.07061927E-01  3.39622559E-01  3.41090873E-01  3.13114172E-01  2.63498935E-01  2.46105605E-01  2.79925112E-01  3.23553736E-01  3.46268749E-01
  2.89241130E-01  2.83163744E-01  2.94747145E-01  3.01533154E-01  3.07890942E-01  3.16684473E-01  3.06010793E-01  2.85795928E-01  2.84248290E-01  2.94639890E-01  3.05158091E-01  3.14556526E-01  3.15527691E-01  2.99036589E-01  2.83319991E-01  2.83245523E-01  2.95998265E-01  3.10217789E-01  3.16902369E-01  3.13543476E-01  2.98474991E-01  2.79820418E-01  2.80234823E-01  2.97785305E-01  3.12580114E-01  3.19319548E-01  3.16141948E-01  2.92139661E-01  2.72009554E-01  2.80023548E-01  3.00498767E-01  3.19351629E-01  3.24701652E-01  3.13065047E-01  2.83951244E-01  2.65769380E-01  2.79675883E-01  3.09225025E-01  3.25785408E-01  3.27569783E-01  3.07845886E-01  2.73284620E-01  2.62746256E-01  2.89747836E-01  3.15443502E-01  3.29014085E-01  3.24391869E-01  2.96977456E-01  2.65884479E-01  2.69479124E-01  3.01310713E-01  3.23259972E-01  3.29946946E-01  3.14862237E-01  2.82433846E-01  2.61804542E-01  2.82124705E-01  3.11065982E-01  3.26475049E-01  3.24836967E-01  3.07667069E-01  2.74615277E-01  2.65967773E-01  2.86371783E-01  3.11366338E-01  3.30833325E-01  3.27047698E-01  3.01922603E-01  2.73344737E-01  2.63865376E-01  2.86559500E-01  3.22006631E-01  3.32992276E-01  3.19229034E-01  2.95923912E-01  2.70375569E-01  2.65649174E-01  2.94313143E-01  3.26262859E-01  3.30717174E-01  3.13857978E-01  2.88572983E-01  2.67372434E-01  2.71251658E-01  3.02182786E-01  3.26479666E-01  3.27660918E-01  3.10686470E-01  2.82973422E-01  2.66771794E-01  2.79512420E-01  3.09559065E-01  3.26580124E-01  3.22722530E-01  3.04809172E-01  2.76835753E-01  2.69615773E-01  2.91802520E-01  3.15303507E-01  3.23027567E-01  3.19698830E-01  2.97450077E-01  2.71701629E-01  2.75720213E-01  3.02082604E-01  3.17386904E-01  3.22232686E-01  3.14860075E-01  2.88583353E-01  2.70367902E-01  2.85485981E-01  3.07461812E-01  3.16481322E-01  3.22068487E-01  3.06274595E-01  2.78256466E-01  2.77760552E-01  2.97158012E-01  3.10937408E-01  3.16256408E-01  3.17040321E-01  2.94333809E-01  2.75152272E-01  2.86015952E-01  3.06185586E-01  3.13970755E-01  3.17701368E-01  3.09717708E-01  2.84909427E-01  2.77200973E-01  2.95514837E-01  3.12038390E-01  3.15941609E-01  3.14171565E-01  2.98519824E-01  2.81078419E-01  2.84155555E-01  3.03500233E-01  3.12584400E-01  3.12923187E-01  3.08965069E-01  2.90297953E-01  2.80840663E-01  2.94653875E-01  3.05285415E-01  3.11664704E-01  3.12817707E-01  2.99548262E-01  2.84229967E-01  2.91179645E-01  3.00480801E-01  3.07080564E-01  3.13941664E-01  3.07160859E-01  2.90058555E-01  2.86369289E-01  2.98050374E-01  3.04190758E-01  3.10078796E-01  3.12102544E-01  2.99333222E-01  2.85366498E-01  2.91537708E-01  3.03261279E-01  3.07750262E-01  3.13717037E-01  3.08534374E-01  2.88324259E-01  2.83580192E-01  2.98778226E-01  3.05911666E-01  3.09361622E-01  3.15871137E-01  3.01028362E-01  2.83245526E-01  2.88691739E-01  3.02013497E-01  3.03239571E-01  3.14605675E-01  3.15728686E-01  2.91389236E-01  2.80138382E-01  2.95124292E-01  3.02750828E-01  3.06726427E-01  3.17878833E-01  3.07542623E-01  2.82733665E-01  2.85703539E-01  2.99800978E-01  3.03355372E-01  3.11087451E-01  3.15000168E-01  2.97051275E-01  2.82308618E-01  2.91832840E-01  3.00486714E-01  3.03871513E-01  3.15777151E-01  3.12549204E-01
  3.14419516E-01  3.15339586E-01  2.96641671E-01  2.71197288E-01  2.79764512E-01  3.06876354E-01  3.11719335E-01  3.18779719E-01  3.18226054E-01  2.85733211E-01  2.65281539E-01  2.87504413E-01  3.11544957E-01  3.16829290E-01  3.20784091E-01  3.08585273E-01  2.76577748E-01  2.70895721E-01  2.99688063E-01  3.12305584E-01  3.15510741E-01  3.20270435E-01  2.96638751E-01  2.72654589E-01  2.80363470E-01  3.05169191E-01  3.13423947E-01  3.17523939E-01  3.13798041E-01  2.87615826E-01  2.73033000E-01  2.88352230E-01  3.09343593E-01  3.11810710E-01  3.19148443E-01  3.09408806E-01  2.82858606E-01  2.74862027E-01  2.97314234E-01  3.13101898E-01  3.13441409E-01  3.17043171E-01  3.00028130E-01  2.75808724E-01  2.77879185E-01  3.04378530E-01  3.17311081E-01  3.13580374E-01  3.09350051E-01  2.90776337E-01  2.75784562E-01  2.87053253E-01  3.08828605E-01  3.17876432E-01  3.13616774E-01  3.06344017E-01  2.86502103E-01  2.75810065E-01  2.91836487E-01  3.12928861E-01  3.19718405E-01  3.13189847E-01  3.00349618E-01  2.82274270E-01  2.79789464E-01  2.97124155E-01  3.18998545E-01  3.22002778E-01  3.06130298E-01  2.92281245E-01  2.81572803E-01  2.81765605E-01  3.06619533E-01  3.25301167E-01  3.16815412E-01  2.99297875E-01  2.89511959E-01  2.77838058E-01  2.88479079E-01  3.16305860E-01  3.20708598E-01  3.10966811E-01  2.98086669E-01  2.82612181E-01  2.77090731E-01  2.99903270E-01  3.19141747E-01  3.20376169E-01  3.09698175E-01  2.94529425E-01  2.75985158E-01  2.80305651E-01  3.01921591E-01  3.19606608E-01  3.27266481E-01  3.11411877E-01  2.87715749E-01  2.71624053E-01  2.79264344E-01  3.05815607E-01  3.28249989E-01  3.27862124E-01  3.05439864E-01  2.77071225E-01  2.70464608E-01  2.87706978E-01  3.16844316E-01  3.32743737E-01  3.22094006E-01  2.92685690E-01  2.71434526E-01  2.73997837E-01  2.94658465E-01  3.23431838E-01  3.36465769E-01  3.15402912E-01  2.81242454E-01  2.64136468E-01  2.77044371E-01  3.05846597E-01  3.33346319E-01  3.36685213E-01  3.04806014E-01  2.68978792E-01  2.64239464E-01  2.83998176E-01  3.16506977E-01  3.41195324E-01  3.26360749E-01  2.87990992E-01  2.66837610E-01  2.74803524E-01  2.91118120E-01  3.26236087E-01  3.44037248E-01  3.13283150E-01  2.69061522E-01  2.68939694E-01  2.83213538E-01  3.03611004E-01  3.35783383E-01  3.34233547E-01  2.93177077E-01  2.65103056E-01  2.78623126E-01  2.90933027E-01  3.15849355E-01  3.36317273E-01  3.20121691E-01  2.78981216E-01  2.73425400E-01  2.84067803E-01  2.97031829E-01  3.20948433E-01  3.28794442E-01  3.05227395E-01  2.77152387E-01  2.79352045E-01  2.89048940E-01  3.07234474E-01  3.24064351E-01  3.21421099E-01  2.97134460E-01  2.76153356E-01  2.78987517E-01  2.95098035E-01  3.14673947E-01  3.21869754E-01  3.16231739E-01  2.89062266E-01  2.72871016E-01  2.82212281E-01  3.04939407E-01  3.17946474E-01  3.22948311E-01  3.07760115E-01  2.78718049E-01  2.70926772E-01  2.91722989E-01  3.11475897E-01  3.19604508E-01  3.19089677E-01  2.99915387E-01  2.70437920E-01  2.73711029E-01  3.02301970E-01  3.15376978E-01  3.18274607E-01  3.11681543E-01  2.88512473E-01  2.71160093E-01  2.84992388E-01  3.09607585E-01  3.16791427E-01  3.14081043E-01  3.04153960E-01  2.80152200E-01  2.73348171E-01  2.98547233E-01  3.14091353E-01
  2.91259751E-01  2.77507080E-01  2.85125606E-01  3.19023216E-01  3.25092206E-01  3.02719579E-01  2.95424520E-01  2.89884823E-01  2.75327498E-01  2.97460086E-01  3.26406942E-01  3.14246975E-01  2.97989962E-01  2.98036757E-01  2.83296683E-01  2.77383880E-01  3.08399307E-01  3.23970159E-01  3.08586429E-01  2.99386514E-01  2.94177290E-01  2.79425656E-01  2.89131606E-01  3.15031608E-01  3.15677028E-01  3.04039823E-01  2.98633664E-01  2.90407169E-01  2.82911186E-01  2.99052585E-01  3.14334061E-01  3.10838256E-01  3.05139797E-01  2.97146946E-01  2.85205675E-01  2.86544290E-01  3.07712503E-01  3.14018267E-01  3.03129179E-01  3.03536009E-01  2.96239491E-01  2.84210900E-01  2.96853239E-01  3.10532705E-01  3.06191275E-01  3.05517498E-01  3.04292516E-01  2.89274270E-01  2.85531975E-01  3.02719764E-01  3.10653002E-01  3.08232910E-01  3.10012326E-01  2.95993224E-01  2.83694215E-01  2.92267530E-01  3.05246511E-01  3.08556403E-01  3.12422069E-01  3.06073098E-01  2.92233819E-01  2.85049941E-01  2.93478321E-01  3.03947568E-01  3.12999686E-01  3.15270097E-01  3.06751132E-01  2.90245749E-01  2.80947013E-01  2.88767020E-01  3.00983742E-01  3.14648179E-01  3.22353917E-01  3.09092387E-01  2.85592492E-01  2.75709981E-01  2.89738670E-01  3.05587100E-01  3.17029450E-01  3.21637823E-01  3.06394424E-01  2.77844085E-01  2.75420822E-01  2.97461078E-01  3.11450635E-01  3.15937639E-01  3.19785206E-01  2.98616864E-01  2.74565585E-01  2.84499036E-01  3.01635469E-01  3.10125850E-01  3.20754355E-01  3.15571760E-01  2.87272018E-01  2.73394658E-01  2.88724189E-01  3.06958832E-01  3.18261229E-01  3.21060384E-01  3.06386066E-01  2.78494394E-01  2.74056497E-01  2.95655852E-01  3.12558509E-01  3.17909125E-01  3.20795492E-01  2.96745756E-01  2.70968800E-01  2.79466111E-01  3.05777679E-01  3.18527983E-01  3.20364971E-01  3.11169970E-01  2.83784472E-01  2.67328948E-01  2.89499528E-01  3.15977029E-01  3.21503007E-01  3.17425680E-01  2.99863968E-01  2.73563489E-01  2.73741754E-01  3.00663421E-01  3.22854123E-01  3.21290305E-01  3.09715147E-01  2.88999630E-01  2.69878498E-01  2.81278724E-01  3.16333851E-01  3.27843142E-01  3.15291213E-01  2.99008285E-01  2.77295998E-01  2.69740951E-01  2.96104081E-01  3.25268040E-01  3.26586921E-01  3.10526988E-01  2.87717270E-01  2.68326335E-01  2.78228761E-01  3.10865460E-01  3.30252735E-01  3.20002878E-01  3.01246116E-01  2.79933504E-01  2.68047325E-01  2.90443220E-01  3.23547175E-01  3.27828277E-01  3.13668747E-01  2.92912778E-01  2.73065927E-01  2.70234213E-01  3.04907913E-01  3.30487629E-01  3.24310674E-01  3.03742735E-01  2.84885986E-01  2.67253280E-01  2.81200621E-01  3.18176557E-01  3.30077125E-01  3.15905482E-01  2.98882581E-01  2.79001509E-01  2.65690695E-01  2.93145039E-01  3.28474961E-01  3.28667423E-01  3.06890076E-01  2.91054206E-01  2.71351416E-01  2.72295268E-01  3.08645926E-01  3.30269339E-01  3.18405685E-01  2.99658032E-01  2.85582978E-01  2.71279639E-01  2.85635410E-01  3.16920832E-01  3.22774218E-01  3.06999783E-01  2.97093704E-01  2.82881215E-01  2.73537661E-01  2.96796941E-01  3.23880579E-01  3.16731290E-01  3.02153474E-01  2.92547144E-01  2.79079702E-01  2.78402066E-01  3.08820450E-01  3.26359882E-01  3.11889161E-01  2.95754897E-01
  2.90027735E-01  2.98240381E-01  3.16433836E-01  3.11009206E-01  2.96863838E-01  2.95737466E-01  2.89126098E-01  2.85518694E-01  3.08217355E-01  3.20690643E-01  3.04571628E-01  2.97245073E-01  2.94150530E-01  2.81175610E-01  2.89386468E-01  3.18231039E-01  3.18154408E-01  3.00289354E-01  2.97133619E-01  2.87633974E-01  2.79181701E-01  3.01708030E-01  3.23253115E-01  3.09980058E-01  3.01619895E-01  2.97012345E-01  2.78627123E-01  2.83606535E-01  3.14128257E-01  3.20673510E-01  3.05821766E-01  3.01581386E-01  2.89645242E-01  2.76764106E-01  2.93880954E-01  3.18962339E-01  3.14306337E-01  3.03987999E-01  3.00484650E-01  2.83986439E-01  2.78430925E-01  3.06951734E-01  3.20243676E-01  3.07522894E-01  3.05620594E-01  2.96488618E-01  2.76776448E-01  2.87946492E-01  3.16868688E-01  3.12077600E-01  3.05882905E-01  3.07280700E-01  2.89706209E-01  2.77753915E-01  2.98708626E-01  3.13332663E-01  3.07644109E-01  3.08429095E-01  3.04940863E-01  2.85225761E-01  2.84170230E-01  3.03233653E-01  3.07842680E-01  3.05828404E-01  3.09697806E-01  3.01322978E-01  2.84083821E-01  2.90097385E-01  3.04436195E-01  3.02025826E-01  3.06046352E-01  3.11013013E-01  2.98972325E-01  2.85450886E-01  2.97637733E-01  3.03477616E-01  2.97886084E-01  3.07997976E-01  3.10436227E-01  2.93455481E-01  2.92202501E-01  3.02418357E-01  2.94178507E-01  2.99547767E-01  3.12682894E-01  3.03482469E-01  2.92169769E-01  3.00838449E-01  3.00449677E-01  2.90927133E-01  3.03318384E-01  3.10706781E-01  2.97644672E-01  2.97405891E-01  3.07083172E-01  2.92482226E-01  2.88384336E-01  3.05612950E-01  3.03599093E-01  2.98911442E-01  3.11029702E-01  3.04189795E-01  2.83637470E-01  2.89488503E-01  3.02000773E-01  3.00650385E-01  3.08179577E-01  3.15509686E-01  2.95649769E-01  2.84910968E-01  2.93382064E-01  2.98691540E-01  3.00858681E-01  3.14197164E-01  3.10380256E-01  2.90642656E-01  2.90509031E-01  2.95284049E-01  2.96750968E-01  3.06336336E-01  3.13776198E-01  3.03718983E-01  2.91458791E-01  2.91752126E-01  2.96107966E-01  3.03253221E-01  3.07940565E-01  3.07077740E-01  2.96933645E-01  2.89949874E-01  2.94135227E-01  3.02663711E-01  3.08770102E-01  3.04107246E-01  2.99829381E-01  2.95203842E-01  2.91274190E-01  2.97433795E-01  3.10927571E-01  3.06344981E-01  2.98110793E-01  2.98511604E-01  2.97026166E-01  2.91284641E-01  3.02679616E-01  3.07451547E-01  3.03629029E-01  3.00115002E-01  3.01092823E-01  2.95395567E-01  2.92598462E-01  3.00782967E-01  3.03480692E-01  3.05694503E-01  3.05316224E-01  3.03819860E-01  2.94951541E-01  2.90068083E-01  2.96564992E-01  3.03588909E-01  3.04972116E-01  3.07967511E-01  3.03855375E-01  2.92255171E-01  2.90598696E-01  2.99504571E-01  3.01979804E-01  3.02847010E-01  3.07939112E-01  3.04098936E-01  2.89228855E-01  2.92795705E-01  3.00848354E-01  3.00467443E-01  3.04366442E-01  3.10073605E-01  2.98306935E-01  2.86366222E-01  2.97219730E-01  3.02322375E-01  2.95704270E-01  3.04021960E-01  3.12906077E-01  2.97000188E-01  2.89212135E-01  2.98976169E-01  2.96836879E-01  2.95877526E-01  3.10686589E-01  3.11600547E-01  2.93113895E-01  2.92496443E-01  2.96796559E-01  2.95286661E-01  2.98352479E-01  3.13894210E-01  3.09002512E-01  2.93945675E-01  2.94697001E-01  2.98436309E-01
  2.29264666E-01  2.04462782E-01  2.59813755E-01  3.55390615E-01  4.00598204E-01  3.56356712E-01  2.75030221E-01  2.13113280E-01  2.15620725E-01  2.92000391E-01  3.81998365E-01  3.93138116E-01  3.29159205E-01  2.51617306E-01  2.06076076E-01  2.33857473E-01  3.24093740E-01  3.90769038E-01  3.79921392E-01  3.08531700E-01  2.32568668E-01  2.04702803E-01  2.56762431E-01  3.51217170E-01  4.00450097E-01  3.60701732E-01  2.81146119E-01  2.14850029E-01  2.11853052E-01  2.88238174E-01  3.78615426E-01  3.92115290E-01  3.32697584E-01  2.59418084E-01  2.09483465E-01  2.31904894E-01  3.18992358E-01  3.90534012E-01  3.72917255E-01  3.09334231E-01  2.41933594E-01  2.10438524E-01  2.54244457E-01  3.44755212E-01  3.88172995E-01  3.59858897E-01  2.94789906E-01  2.27080911E-01  2.13535511E-01  2.78970693E-01  3.59802651E-01  3.84426566E-01  3.45617567E-01  2.72873899E-01  2.15931767E-01  2.28533283E-01  3.04107432E-01  3.74770754E-01  3.79304689E-01  3.27622545E-01  2.50119136E-01  2.06017795E-01  2.45218075E-01  3.32238807E-01  3.85554322E-01  3.68323874E-01  3.02432121E-01  2.27456927E-01  2.10698727E-01  2.73431734E-01  3.55762801E-01  3.86872068E-01  3.54501823E-01  2.75240552E-01  2.11177748E-01  2.24442275E-01  3.01675903E-01  3.72523136E-01  3.84382911E-01  3.31372132E-01  2.48566785E-01  2.08703858E-01  2.47885354E-01  3.25704135E-01  3.80903712E-01  3.73022892E-01  3.04688366E-01  2.30284255E-01  2.14250491E-01  2.72015232E-01  3.48165947E-01  3.85612313E-01  3.55875179E-01  2.78300231E-01  2.16118152E-01  2.27388055E-01  2.94395252E-01  3.66902324E-01  3.85304889E-01  3.32544358E-01  2.51941817E-01  2.12924680E-01  2.43164982E-01  3.21788728E-01  3.87320126E-01  3.77651863E-01  3.04362961E-01  2.29099235E-01  2.08236810E-01  2.61560429E-01  3.50438800E-01  4.04363641E-01  3.62803505E-01  2.71665215E-01  2.07717885E-01  2.13492418E-01  2.88171232E-01  3.87013158E-01  4.09436600E-01  3.32081718E-01  2.38609773E-01  1.95036949E-01  2.26588923E-01  3.25800356E-01  4.17706004E-01  3.96132905E-01  2.94487535E-01  2.10353328E-01  1.93581722E-01  2.54796858E-01  3.69502551E-01  4.30987306E-01  3.64404826E-01  2.53763616E-01  1.92364267E-01  2.04758812E-01  2.96480448E-01  4.08154338E-01  4.19216174E-01  3.23165605E-01  2.25498019E-01  1.86913372E-01  2.28289802E-01  3.39666043E-01  4.27730897E-01  3.90478170E-01  2.84100446E-01  2.04250605E-01  1.92037761E-01  2.62580536E-01  3.86676990E-01  4.24098955E-01  3.51387754E-01  2.50920539E-01  1.93642643E-01  2.10923894E-01  3.10794023E-01  4.07750887E-01  3.99787358E-01  3.14700562E-01  2.27485543E-01  1.92403817E-01  2.41916981E-01  3.48834295E-01  4.13852881E-01  3.71620714E-01  2.80899589E-01  2.08284214E-01  2.02246035E-01  2.78645897E-01  3.83801960E-01  4.05408530E-01  3.37873921E-01  2.51750928E-01  2.00254581E-01  2.24184343E-01  3.21271837E-01  4.00797334E-01  3.84177102E-01  3.02736300E-01  2.29295738E-01  2.01436610E-01  2.55222816E-01  3.54331205E-01  3.99422584E-01  3.57935298E-01  2.78392868E-01  2.15104268E-01  2.09664898E-01  2.87117650E-01  3.80221948E-01  3.94440358E-01  3.33740460E-01  2.54451709E-01  2.01678955E-01  2.28966759E-01  3.25639127E-01  3.95054728E-01  3.78639047E-01  3.05275685E-01
  2.65969077E-01  2.38958723E-01  2.70933513E-01  3.17156543E-01  3.47216219E-01  3.48672421E-01  3.05792701E-01  2.45817601E-01  2.40954931E-01  2.87751699E-01  3.33850171E-01  3.52998369E-01  3.39287069E-01  2.81451555E-01  2.32223712E-01  2.53769260E-01  3.06646883E-01  3.39496979E-01  3.56609576E-01  3.25979419E-01  2.58891116E-01  2.33924327E-01  2.71667354E-01  3.17425392E-01  3.47094930E-01  3.53932903E-01  3.07287297E-01  2.43004584E-01  2.42497017E-01  2.90033662E-01  3.32365242E-01  3.52653947E-01  3.42502079E-01  2.81156510E-01  2.35746900E-01  2.57607933E-01  3.10677612E-01  3.41409725E-01  3.51638517E-01  3.22272215E-01  2.57073419E-01  2.37737817E-01  2.79223126E-01  3.27883016E-01  3.49815277E-01  3.46596451E-01  2.96303203E-01  2.39209162E-01  2.44859106E-01  3.01861759E-01  3.40502264E-01  3.52115711E-01  3.33120252E-01  2.73642975E-01  2.30523201E-01  2.64013612E-01  3.18079986E-01  3.46736374E-01  3.53817693E-01  3.16661515E-01  2.50037164E-01  2.31457467E-01  2.82822093E-01  3.37338867E-01  3.54573879E-01  3.43767719E-01  2.91417384E-01  2.33713882E-01  2.42734851E-01  3.09498788E-01  3.46736025E-01  3.49557563E-01  3.29511276E-01  2.70923459E-01  2.26945255E-01  2.63094381E-01  3.27177320E-01  3.47907189E-01  3.43870242E-01  3.16210079E-01  2.52736803E-01  2.31404107E-01  2.87920330E-01  3.38157171E-01  3.44975752E-01  3.39115727E-01  2.95349391E-01  2.39414029E-01  2.46498555E-01  3.07853756E-01  3.40814189E-01  3.46081620E-01  3.28361669E-01  2.74574081E-01  2.34902338E-01  2.66605201E-01  3.20799596E-01  3.44624502E-01  3.46994461E-01  3.14074923E-01  2.55252734E-01  2.36232953E-01  2.82418769E-01  3.32783649E-01  3.51881693E-01  3.39679263E-01  2.93184310E-01  2.42080547E-01  2.47127882E-01  3.01071670E-01  3.43799319E-01  3.53301457E-01  3.26281087E-01  2.73704176E-01  2.39827917E-01  2.59863276E-01  3.16318813E-01  3.48015019E-01  3.48526911E-01  3.16185684E-01  2.60298213E-01  2.36597596E-01  2.79063990E-01  3.29646984E-01  3.51167698E-01  3.42681239E-01  2.97661580E-01  2.45621830E-01  2.48125430E-01  2.98636725E-01  3.37430900E-01  3.49823896E-01  3.32017773E-01  2.76862341E-01  2.39195319E-01  2.68417921E-01  3.17502129E-01  3.38761131E-01  3.45155657E-01  3.14252964E-01  2.56704397E-01  2.42624420E-01  2.89858295E-01  3.31509608E-01  3.40951926E-01  3.35103645E-01  2.92138639E-01  2.42898525E-01  2.58165121E-01  3.10606569E-01  3.36518521E-01  3.38960353E-01  3.19892108E-01  2.72765383E-01  2.44633385E-01  2.73121968E-01  3.21690934E-01  3.40204230E-01  3.33074707E-01  3.06817289E-01  2.64454318E-01  2.47904255E-01  2.85051508E-01  3.31266832E-01  3.41346633E-01  3.30277327E-01  2.98335472E-01  2.56099000E-01  2.49729743E-01  2.95968099E-01  3.34726353E-01  3.40141736E-01  3.27895516E-01  2.88321772E-01  2.46854848E-01  2.58956157E-01  3.06000402E-01  3.34613675E-01  3.42879320E-01  3.24766114E-01  2.73614255E-01  2.40455302E-01  2.72542612E-01  3.15903912E-01  3.38250260E-01  3.45376942E-01  3.13208818E-01  2.55152633E-01  2.43709724E-01  2.85620444E-01  3.22103824E-01  3.45603114E-01  3.42460882E-01  2.88768907E-01  2.43534388E-01  2.55829907E-01  2.99780525E-01  3.34901437E-01  3.51551069E-01  3.25688808E-01
  3.27005685E-01  2.25019871E-01  2.04051093E-01  2.35031692E-01  3.15458752E-01  4.08004333E-01  4.06008630E-01  2.90574427E-01  2.09651712E-01  2.04297636E-01  2.53611157E-01  3.49322497E-01  4.22764982E-01  3.73562961E-01  2.58910035E-01  1.98424748E-01  2.13432571E-01  2.81810116E-01  3.82106749E-01  4.25129740E-01  3.37033943E-01  2.25620986E-01  1.96339739E-01  2.30314126E-01  3.11220759E-01  4.08811594E-01  4.02305856E-01  2.96699210E-01  2.13842139E-01  2.05068030E-01  2.49860965E-01  3.47472094E-01  4.20272563E-01  3.67597806E-01  2.64182782E-01  2.09640210E-01  2.12530959E-01  2.77661735E-01  3.84656617E-01  4.10168617E-01  3.29167442E-01  2.45069067E-01  2.09846515E-01  2.26595350E-01  3.14716910E-01  4.09294000E-01  3.85840534E-01  2.96746916E-01  2.32070404E-01  2.10256947E-01  2.54413654E-01  3.50483448E-01  4.05552288E-01  3.59103035E-01  2.74871860E-01  2.20226721E-01  2.19569285E-01  2.80585353E-01  3.71255516E-01  3.98708237E-01  3.34903460E-01  2.55617559E-01  2.16754372E-01  2.36373730E-01  3.12193976E-01  3.90284071E-01  3.83394086E-01  3.03534016E-01  2.34740692E-01  2.19698866E-01  2.55738623E-01  3.41628102E-01  4.00807157E-01  3.61885669E-01  2.71790453E-01  2.26377249E-01  2.25859001E-01  2.79270267E-01  3.74702679E-01  4.07059957E-01  3.27431844E-01  2.46634902E-01  2.17461917E-01  2.34898972E-01  3.18380739E-01  4.05618411E-01  3.87327376E-01  2.82691293E-01  2.24471746E-01  2.20050195E-01  2.59962245E-01  3.62432616E-01  4.23726863E-01  3.46933221E-01  2.43877736E-01  2.13100003E-01  2.25752523E-01  3.01915497E-01  4.09595392E-01  4.04610241E-01  2.94026458E-01  2.16444814E-01  2.10083137E-01  2.55816807E-01  3.54302387E-01  4.25362843E-01  3.62708852E-01  2.46950787E-01  2.03146354E-01  2.22885096E-01  2.91106237E-01  3.94016605E-01  4.18960273E-01  3.17333133E-01  2.19259225E-01  2.03460314E-01  2.44034165E-01  3.30819848E-01  4.16030070E-01  3.89542051E-01  2.76131105E-01  2.07152426E-01  2.13350224E-01  2.72464565E-01  3.59320793E-01  4.15450236E-01  3.55437287E-01  2.48436440E-01  1.98097722E-01  2.29709117E-01  3.05230952E-01  3.88823887E-01  4.04845656E-01  3.15822638E-01  2.21026251E-01  2.01681271E-01  2.52974898E-01  3.41897729E-01  4.10093346E-01  3.85273054E-01  2.76601824E-01  2.01188835E-01  2.10042838E-01  2.79840549E-01  3.67124088E-01  4.18521300E-01  3.58836192E-01  2.41789632E-01  1.93120425E-01  2.29479858E-01  3.04544639E-01  3.83267253E-01  4.09722354E-01  3.23438322E-01  2.20021998E-01  2.02801707E-01  2.52406388E-01  3.22847022E-01  3.98410021E-01  3.91392957E-01  2.87864103E-01  2.11413895E-01  2.17074586E-01  2.64789036E-01  3.47569977E-01  4.12267059E-01  3.64127002E-01  2.58130940E-01  2.07450108E-01  2.25669870E-01  2.84242505E-01  3.72961992E-01  4.09591762E-01  3.36421779E-01  2.39573675E-01  2.09361282E-01  2.35323654E-01  3.00973591E-01  3.88376398E-01  4.01703735E-01  3.09693280E-01  2.23707145E-01  2.11639782E-01  2.48464974E-01  3.26442637E-01  4.06843364E-01  3.83256542E-01  2.77085131E-01  2.11215113E-01  2.19817527E-01  2.68432859E-01  3.55808837E-01  4.11603014E-01  3.57324415E-01  2.49639045E-01  2.08752362E-01  2.29443384E-01  2.87578156E-01  3.80533030E-01  4.13583880E-01
  3.18232718E-01  3.55218945E-01  3.46418666E-01  2.97173693E-01  2.48708975E-01  2.41145125E-01  2.85323188E-01  3.37868113E-01  3.55924518E-01  3.32906326E-01  2.82331907E-01  2.38009920E-01  2.50592996E-01  3.05568904E-01  3.46591291E-01  3.52473285E-01  3.21632886E-01  2.68065153E-01  2.34054201E-01  2.67448511E-01  3.19603973E-01  3.46233995E-01  3.46122637E-01  3.10490977E-01  2.57388442E-01  2.41406331E-01  2.78037766E-01  3.23912798E-01  3.49308841E-01  3.43662754E-01  2.98673320E-01  2.48599982E-01  2.48339487E-01  2.88638550E-01  3.26650873E-01  3.53680769E-01  3.40662800E-01  2.82647332E-01  2.41098086E-01  2.55805030E-01  2.98482547E-01  3.39219583E-01  3.59620331E-01  3.26816007E-01  2.62375135E-01  2.32877889E-01  2.66380564E-01  3.15364953E-01  3.54393660E-01  3.58585865E-01  3.07698650E-01  2.41634916E-01  2.33806889E-01  2.82495736E-01  3.32984543E-01  3.63086049E-01  3.51284428E-01  2.81034702E-01  2.27203564E-01  2.47923585E-01  3.00981069E-01  3.46311864E-01  3.69805114E-01  3.31328379E-01  2.53437435E-01  2.27485401E-01  2.67122483E-01  3.14482116E-01  3.60641399E-01  3.70011939E-01  3.03280274E-01  2.32314963E-01  2.34401766E-01  2.81345997E-01  3.31904678E-01  3.74831223E-01  3.57976593E-01  2.72825605E-01  2.19891987E-01  2.46985003E-01  3.02797602E-01  3.52857964E-01  3.77445721E-01  3.28304077E-01  2.43221838E-01  2.23106979E-01  2.66710272E-01  3.23739019E-01  3.68400123E-01  3.69721528E-01  2.94521057E-01  2.29414333E-01  2.31464593E-01  2.85761062E-01  3.46374682E-01  3.78571677E-01  3.42770442E-01  2.63314519E-01  2.26153298E-01  2.49986346E-01  3.08883696E-01  3.63927833E-01  3.70950318E-01  3.10494003E-01  2.46281927E-01  2.31928948E-01  2.69148895E-01  3.30674942E-01  3.72048106E-01  3.51516155E-01  2.83580656E-01  2.35780933E-01  2.44550552E-01  2.95003191E-01  3.51455358E-01  3.67148228E-01  3.24781398E-01  2.60327434E-01  2.35323205E-01  2.66137593E-01  3.20179731E-01  3.57282818E-01  3.51648673E-01  2.99939828E-01  2.47830656E-01  2.45344759E-01  2.90942554E-01  3.35392215E-01  3.54609947E-01  3.33013343E-01  2.78907023E-01  2.42381307E-01  2.66167279E-01  3.09475878E-01  3.41901012E-01  3.47993075E-01  3.17149291E-01  2.62899745E-01  2.47247209E-01  2.80199880E-01  3.17706281E-01  3.41401234E-01  3.42406817E-01  3.02313896E-01  2.52757375E-01  2.55127236E-01  2.93380218E-01  3.27453405E-01  3.41485300E-01  3.33617534E-01  2.84780480E-01  2.47452120E-01  2.66109983E-01  3.05576490E-01  3.33137479E-01  3.43803173E-01  3.21189862E-01  2.67313202E-01  2.47839788E-01  2.80021794E-01  3.15599548E-01  3.39063849E-01  3.43060626E-01  3.03075471E-01  2.51785359E-01  2.55744853E-01  2.92275526E-01  3.26021656E-01  3.45624099E-01  3.36461811E-01  2.82029674E-01  2.43448728E-01  2.60400545E-01  3.05982508E-01  3.37529018E-01  3.49892661E-01  3.22159745E-01  2.62877431E-01  2.42024510E-01  2.74495332E-01  3.19578038E-01  3.45097699E-01  3.45440585E-01  3.03604595E-01  2.50946618E-01  2.45872386E-01  2.88607914E-01  3.31165596E-01  3.50717913E-01  3.36499297E-01  2.81256293E-01  2.40460676E-01  2.55309848E-01  3.03459026E-01  3.43353493E-01  3.54237235E-01  3.18729251E-01  2.61356551E-01  2.38828335E-01  2.68676359E-01
  2.90879940E-01  2.23111024E-01  1.96487393E-01  2.66732916E-01  3.81816243E-01  4.03768197E-01  3.40797308E-01  2.66309727E-01  2.05665294E-01  2.07248632E-01  3.06314747E-01  4.01873924E-01  3.91638795E-01  3.18514897E-01  2.40688979E-01  1.92318557E-01  2.31802864E-01  3.46362566E-01  4.14320598E-01  3.73223450E-01  2.92633173E-01  2.19159186E-01  1.92998142E-01  2.62760890E-01  3.79498192E-01  4.10419960E-01  3.49167790E-01  2.70836223E-01  2.02069143E-01  2.07431795E-01  3.00564380E-01  3.98106144E-01  3.99288348E-01  3.28451303E-01  2.40649013E-01  1.94517963E-01  2.33571616E-01  3.38432854E-01  4.04789901E-01  3.80994689E-01  2.97644790E-01  2.18479862E-01  2.01870183E-01  2.67171425E-01  3.63128083E-01  4.04709186E-01  3.56710566E-01  2.66096126E-01  2.06624643E-01  2.18679384E-01  2.99803080E-01  3.85308023E-01  3.95657384E-01  3.25336143E-01  2.39805776E-01  2.03200715E-01  2.42005587E-01  3.32748784E-01  3.97553653E-01  3.76077550E-01  2.90300352E-01  2.22184787E-01  2.13255222E-01  2.73116060E-01  3.59371664E-01  4.00370656E-01  3.47245475E-01  2.59093207E-01  2.13282781E-01  2.31330005E-01  3.03281197E-01  3.80823210E-01  3.91893267E-01  3.13419992E-01  2.38626856E-01  2.14749924E-01  2.52716744E-01  3.38100446E-01  3.98037908E-01  3.63547387E-01  2.81261530E-01  2.23009710E-01  2.24212886E-01  2.83615761E-01  3.69361576E-01  3.94199335E-01  3.29708803E-01  2.52431850E-01  2.22139491E-01  2.38029153E-01  3.15422183E-01  3.91443731E-01  3.75248447E-01  2.98640119E-01  2.38511751E-01  2.22476668E-01  2.57815507E-01  3.44402675E-01  3.95043212E-01  3.52349507E-01  2.74537468E-01  2.29439467E-01  2.25840075E-01  2.85693114E-01  3.71364801E-01  3.87343282E-01  3.27496179E-01  2.56321545E-01  2.18550327E-01  2.34670471E-01  3.17340208E-01  3.93673208E-01  3.74568862E-01  2.97949411E-01  2.37010862E-01  2.16706497E-01  2.57533882E-01  3.54209057E-01  3.97961857E-01  3.46434554E-01  2.74964804E-01  2.26945745E-01  2.24252613E-01  2.90362491E-01  3.79560769E-01  3.82204809E-01  3.18324720E-01  2.57723481E-01  2.25641715E-01  2.44489604E-01  3.26835370E-01  3.84012086E-01  3.56482879E-01  2.91806121E-01  2.46199825E-01  2.32811222E-01  2.70844255E-01  3.49003582E-01  3.77240244E-01  3.33074866E-01  2.77094845E-01  2.38813287E-01  2.40579866E-01  2.96228368E-01  3.60124821E-01  3.64442724E-01  3.16490144E-01  2.64374827E-01  2.32854467E-01  2.52056297E-01  3.15493548E-01  3.68178359E-01  3.55496172E-01  3.03998941E-01  2.50584913E-01  2.28830257E-01  2.66200970E-01  3.34121522E-01  3.71979935E-01  3.49759874E-01  2.85808419E-01  2.32397277E-01  2.31178964E-01  2.85912174E-01  3.53950070E-01  3.81051958E-01  3.32347512E-01  2.62959583E-01  2.20366871E-01  2.38852730E-01  3.08270391E-01  3.76176340E-01  3.77330491E-01  3.16077866E-01  2.40447835E-01  2.10989459E-01  2.50864393E-01  3.36498293E-01  3.91187052E-01  3.69744555E-01  2.90688195E-01  2.21414805E-01  2.10479041E-01  2.69274602E-01  3.66164406E-01  4.02438948E-01  3.47947988E-01  2.64337463E-01  2.07024353E-01  2.15398999E-01  3.00725164E-01  3.93760348E-01  3.93232788E-01  3.18429336E-01  2.40505955E-01  1.99021147E-01  2.34545900E-01  3.43561277E-01  4.07860509E-01  3.66747346E-01
  2.67078957E-01  2.81733705E-01  2.98431496E-01  3.25513328E-01  3.44031365E-01  3.14242124E-01  2.72147332E-01  2.73912981E-01  2.90707044E-01  3.05961803E-01  3.38487746E-01  3.37172105E-01  2.90761988E-01  2.71108367E-01  2.83263712E-01  2.91141689E-01  3.19876350E-01  3.45828953E-01  3.20480963E-01  2.79872348E-01  2.75540739E-01  2.81740299E-01  2.96189284E-01  3.34574247E-01  3.43624835E-01  3.05193683E-01  2.76096470E-01  2.77303952E-01  2.84534446E-01  3.08971818E-01  3.43828524E-01  3.30751905E-01  2.93967491E-01  2.75091857E-01  2.75140483E-01  2.89133571E-01  3.23335829E-01  3.41572552E-01  3.23005294E-01  2.90848030E-01  2.74591282E-01  2.73758642E-01  2.95481375E-01  3.30890955E-01  3.40839723E-01  3.18033030E-01  2.84067247E-01  2.66625015E-01  2.76244563E-01  3.09241203E-01  3.38318442E-01  3.37558423E-01  3.10172628E-01  2.75714604E-01  2.60205364E-01  2.82384389E-01  3.19407883E-01  3.43128958E-01  3.38112890E-01  3.01419408E-01  2.58763097E-01  2.57318376E-01  2.92033701E-01  3.34016726E-01  3.50972632E-01  3.35433185E-01  2.82485757E-01  2.45272522E-01  2.61910871E-01  3.09194102E-01  3.49496874E-01  3.53815070E-01  3.19077083E-01  2.62439860E-01  2.39162374E-01  2.73459126E-01  3.28188358E-01  3.60201573E-01  3.55686611E-01  3.01087545E-01  2.41866220E-01  2.41958581E-01  2.89010429E-01  3.42625324E-01  3.73965005E-01  3.45587446E-01  2.68726547E-01  2.32395575E-01  2.54239720E-01  3.02939584E-01  3.63929393E-01  3.80243998E-01  3.15921726E-01  2.42955936E-01  2.30905187E-01  2.68087828E-01  3.34293817E-01  3.84345062E-01  3.64158871E-01  2.76786205E-01  2.28814457E-01  2.39802878E-01  2.88877447E-01  3.63206533E-01  3.94230282E-01  3.26665256E-01  2.45271615E-01  2.27224880E-01  2.55467322E-01  3.18659449E-01  3.91373063E-01  3.77643892E-01  2.84771122E-01  2.29042442E-01  2.34461615E-01  2.77465068E-01  3.55703087E-01  3.99966124E-01  3.41648721E-01  2.55037279E-01  2.23839102E-01  2.45401657E-01  3.09846792E-01  3.84593347E-01  3.83075882E-01  3.03890159E-01  2.37222563E-01  2.27399550E-01  2.66563778E-01  3.40658413E-01  3.91864526E-01  3.59405530E-01  2.77943165E-01  2.28168636E-01  2.36994719E-01  2.90347363E-01  3.63374170E-01  3.91961173E-01  3.33073427E-01  2.54241180E-01  2.26117333E-01  2.53130868E-01  3.17543087E-01  3.80378872E-01  3.76423886E-01  3.05014813E-01  2.35800535E-01  2.31289965E-01  2.77589767E-01  3.40942630E-01  3.80852540E-01  3.54827665E-01  2.80058782E-01  2.30661381E-01  2.45845411E-01  2.99341742E-01  3.52855589E-01  3.76534916E-01  3.34442675E-01  2.59937999E-01  2.33090118E-01  2.65284931E-01  3.16314830E-01  3.57299084E-01  3.66930703E-01  3.11737822E-01  2.49189830E-01  2.40303948E-01  2.80852055E-01  3.28822026E-01  3.60933779E-01  3.53441868E-01  2.89952995E-01  2.41237493E-01  2.55908218E-01  2.98395623E-01  3.32160351E-01  3.60528723E-01  3.35720442E-01  2.71101045E-01  2.49947569E-01  2.77614792E-01  3.05740975E-01  3.34531025E-01  3.54946159E-01  3.15306490E-01  2.60684981E-01  2.63236316E-01  2.91432527E-01  3.08817758E-01  3.39288235E-01  3.43278508E-01  2.98192393E-01  2.65013852E-01  2.74932783E-01  2.92511047E-01  3.14876689E-01  3.41444964E-01  3.32438949E-01  2.84945083E-01
  3.32372977E-01  2.93370768E-01  2.60299762E-01  2.63332976E-01  2.91641351E-01  3.26993249E-01  3.46339563E-01  3.24527260E-01  2.76584842E-01  2.57595437E-01  2.67549129E-01  3.02202766E-01  3.41178705E-01  3.47819303E-01  3.08546950E-01  2.67687926E-01  2.56853723E-01  2.76755328E-01  3.12504143E-01  3.46071552E-01  3.37522168E-01  2.96611907E-01  2.62767175E-01  2.59462120E-01  2.83432721E-01  3.24492396E-01  3.50754473E-01  3.27083699E-01  2.81982468E-01  2.59126164E-01  2.64321787E-01  2.98324674E-01  3.39560819E-01  3.43733196E-01  3.09890783E-01  2.71057974E-01  2.56561130E-01  2.75570096E-01  3.15251469E-01  3.42524775E-01  3.34201995E-01  2.96527028E-01  2.63392121E-01  2.60264285E-01  2.89996986E-01  3.26095350E-01  3.41624998E-01  3.24430826E-01  2.83067877E-01  2.56533288E-01  2.68719371E-01  3.06037919E-01  3.34548209E-01  3.40866687E-01  3.10057118E-01  2.66386304E-01  2.59230846E-01  2.82995188E-01  3.17426063E-01  3.38509615E-01  3.33967669E-01  2.91859550E-01  2.61625838E-01  2.68799963E-01  2.94427705E-01  3.21614703E-01  3.37740626E-01  3.23890879E-01  2.80020731E-01  2.62278890E-01  2.77040195E-01  3.01805590E-01  3.28286907E-01  3.41772649E-01  3.08482122E-01  2.68247826E-01  2.66142676E-01  2.84802940E-01  3.08056622E-01  3.42373825E-01  3.35255323E-01  2.87870787E-01  2.65795127E-01  2.72019041E-01  2.89125999E-01  3.25332089E-01  3.52681589E-01  3.15961561E-01  2.73635477E-01  2.64859757E-01  2.75093897E-01  2.99668232E-01  3.43706943E-01  3.47840700E-01  2.96036354E-01  2.62653108E-01  2.64176013E-01  2.79062263E-01  3.16789892E-01  3.55729756E-01  3.32887742E-01  2.78447172E-01  2.59544874E-01  2.69654934E-01  2.90603848E-01  3.32102523E-01  3.54963674E-01  3.13799724E-01  2.67465844E-01  2.65308954E-01  2.74458648E-01  2.99997817E-01  3.43990640E-01  3.45721083E-01  2.95915763E-01  2.67212217E-01  2.66772163E-01  2.77082237E-01  3.14142838E-01  3.48019472E-01  3.30967548E-01  2.86218132E-01  2.66541038E-01  2.66962132E-01  2.85354718E-01  3.27708262E-01  3.52162186E-01  3.12880527E-01  2.72776375E-01  2.67068606E-01  2.71591761E-01  2.97258336E-01  3.40756025E-01  3.39801976E-01  2.97884723E-01  2.73196465E-01  2.67516678E-01  2.75890099E-01  3.11255788E-01  3.45419542E-01  3.27073564E-01  2.87882948E-01  2.71788010E-01  2.69056571E-01  2.87309570E-01  3.25416169E-01  3.41864203E-01  3.13907438E-01  2.80869714E-01  2.67489968E-01  2.72337618E-01  2.98493324E-01  3.33269673E-01  3.35719094E-01  3.04266324E-01  2.75778728E-01  2.64997558E-01  2.81321674E-01  3.11275889E-01  3.34315441E-01  3.26984786E-01  2.95440157E-01  2.67543442E-01  2.66631109E-01  2.93327582E-01  3.22897687E-01  3.33655800E-01  3.20477710E-01  2.84933076E-01  2.62120252E-01  2.71346897E-01  3.04803862E-01  3.27817334E-01  3.35240844E-01  3.10512430E-01  2.74658109E-01  2.60365508E-01  2.80675392E-01  3.15154775E-01  3.38000146E-01  3.30276495E-01  2.97191520E-01  2.63354292E-01  2.63038094E-01  2.95516248E-01  3.27981067E-01  3.38620170E-01  3.21090095E-01  2.80021525E-01  2.56301059E-01  2.73199459E-01  3.12000361E-01  3.38303832E-01  3.35157946E-01  3.05257704E-01  2.67181850E-01  2.61038380E-01  2.83580508E-01  3.17851399E-01  3.41010937E-01
  3.09572976E-01  2.68790300E-01  2.54045174E-01  2.77467123E-01  3.20436483E-01  3.47976767E-01  3.33343082E-01  2.91733005E-01  2.59762811E-01  2.62560256E-01  2.93396305E-01  3.33549783E-01  3.44255566E-01  3.16911646E-01  2.77733346E-01  2.59296893E-01  2.70268580E-01  3.11437698E-01  3.41879410E-01  3.34773875E-01  2.97944210E-01  2.67965348E-01  2.59858359E-01  2.87605808E-01  3.28192894E-01  3.40357362E-01  3.15610802E-01  2.85437035E-01  2.65758119E-01  2.68093980E-01  3.05087929E-01  3.37739854E-01  3.31038341E-01  3.01740148E-01  2.79415009E-01  2.63698283E-01  2.80238535E-01  3.22568582E-01  3.39930229E-01  3.18296664E-01  2.92739499E-01  2.70195169E-01  2.64615828E-01  2.98327683E-01  3.32606498E-01  3.32712534E-01  3.10440174E-01  2.83662453E-01  2.63482938E-01  2.74305211E-01  3.10744484E-01  3.35261876E-01  3.24747876E-01  3.04216981E-01  2.76917485E-01  2.62264468E-01  2.84964751E-01  3.19998428E-01  3.28803550E-01  3.18038542E-01  2.99021152E-01  2.72981307E-01  2.68762578E-01  2.94871438E-01  3.21849557E-01  3.22589527E-01  3.14774097E-01  2.94590895E-01  2.69776579E-01  2.75634975E-01  3.06279296E-01  3.21966766E-01  3.18019080E-01  3.10550461E-01  2.86349502E-01  2.70329875E-01  2.85755080E-01  3.13907529E-01  3.19960216E-01  3.15112068E-01  3.05400093E-01  2.81002226E-01  2.71036932E-01  2.93439036E-01  3.17248789E-01  3.21920917E-01  3.13406366E-01  2.92708693E-01  2.74575241E-01  2.76605584E-01  3.01906342E-01  3.22291529E-01  3.20706435E-01  3.07051957E-01  2.86412957E-01  2.75185943E-01  2.79910078E-01  3.09171169E-01  3.26031477E-01  3.19714825E-01  3.02035856E-01  2.81344231E-01  2.71715817E-01  2.85723267E-01  3.16308167E-01  3.30000502E-01  3.16890065E-01  2.96180424E-01  2.74439194E-01  2.69752190E-01  2.95690998E-01  3.26352883E-01  3.29374171E-01  3.13118842E-01  2.87911092E-01  2.66752483E-01  2.70973034E-01  3.07933229E-01  3.35171598E-01  3.28055893E-01  3.08192158E-01  2.78240027E-01  2.58203034E-01  2.76898212E-01  3.16579063E-01  3.39751446E-01  3.31028731E-01  2.98256955E-01  2.62871856E-01  2.56230378E-01  2.87059197E-01  3.30233218E-01  3.45329841E-01  3.24729213E-01  2.85777928E-01  2.51806793E-01  2.58258464E-01  3.07118786E-01  3.43489041E-01  3.44141868E-01  3.12403036E-01  2.66918350E-01  2.47368807E-01  2.75388849E-01  3.25066983E-01  3.52067143E-01  3.36161677E-01  2.91602533E-01  2.54628351E-01  2.53190114E-01  2.89569912E-01  3.37610757E-01  3.55839502E-01  3.23425531E-01  2.76410278E-01  2.50582964E-01  2.59407046E-01  3.03741921E-01  3.49033867E-01  3.50983626E-01  3.08743046E-01  2.64190798E-01  2.47214037E-01  2.71300346E-01  3.23008493E-01  3.52820798E-01  3.40158578E-01  2.95392586E-01  2.54387893E-01  2.51295163E-01  2.91279651E-01  3.34366476E-01  3.52239263E-01  3.24748139E-01  2.78788908E-01  2.48217543E-01  2.65316507E-01  3.10486362E-01  3.44384792E-01  3.41104116E-01  3.09121169E-01  2.68032995E-01  2.52781732E-01  2.80095264E-01  3.21670005E-01  3.44686398E-01  3.32223438E-01  2.95546256E-01  2.62621525E-01  2.59062404E-01  2.90534841E-01  3.28221196E-01  3.45376702E-01  3.25309803E-01  2.83552947E-01  2.56091793E-01  2.64187500E-01  3.02212483E-01  3.38984411E-01  3.45298684E-01
  1.57478116E-01  9.89949052E-02  1.90899265E-01  3.97753255E-01  5.23729184E-01  4.41716700E-01  2.58647019E-01  1.19473051E-01  1.03747086E-01  2.47569120E-01  4.65129719E-01  5.23110168E-01  3.83341613E-01  1.98564332E-01  9.68309407E-02  1.35253768E-01  3.26291777E-01  5.11203365E-01  4.89450990E-01  3.16702211E-01  1.53823545E-01  9.43152667E-02  1.85805631E-01  4.01829840E-01  5.25792018E-01  4.33457737E-01  2.59237465E-01  1.29663004E-01  1.04845572E-01  2.51189863E-01  4.68097934E-01  5.07586463E-01  3.67642260E-01  2.13545776E-01  1.14128540E-01  1.39257233E-01  3.22340528E-01  5.02728620E-01  4.73309370E-01  3.14323267E-01  1.71466159E-01  1.10725163E-01  1.91248420E-01  3.89684263E-01  5.15124665E-01  4.23143026E-01  2.58837997E-01  1.42542584E-01  1.22537716E-01  2.51924929E-01  4.55463526E-01  5.00568292E-01  3.61433710E-01  2.13549562E-01  1.27809890E-01  1.49188737E-01  3.22412268E-01  4.90640481E-01  4.65815160E-01  3.08077216E-01  1.80737135E-01  1.14787184E-01  1.84143869E-01  3.90197599E-01  5.10669759E-01  4.22807447E-01  2.67394291E-01  1.45822564E-01  1.14740526E-01  2.44047736E-01  4.51920472E-01  5.03663504E-01  3.82706354E-01  2.21291721E-01  1.17199191E-01  1.33808440E-01  3.10024877E-01  4.94319108E-01  4.90994652E-01  3.32745087E-01  1.73037383E-01  9.99451923E-02  1.70832242E-01  3.79437619E-01  5.34548204E-01  4.54296693E-01  2.69270995E-01  1.30938538E-01  1.05410116E-01  2.27810599E-01  4.56061581E-01  5.36239692E-01  3.93742275E-01  2.08574197E-01  1.04132475E-01  1.25165673E-01  3.04662258E-01  5.08524927E-01  4.98818678E-01  3.28241005E-01  1.72818002E-01  9.95403534E-02  1.69373096E-01  3.84655582E-01  5.23469001E-01  4.49899429E-01  2.76982944E-01  1.37760360E-01  1.08794379E-01  2.30012905E-01  4.37457696E-01  5.20792167E-01  4.05923676E-01  2.20782544E-01  1.13301407E-01  1.36874839E-01  3.01575569E-01  4.83485561E-01  4.99005479E-01  3.38567353E-01  1.70387142E-01  1.06412731E-01  1.89460333E-01  3.71391061E-01  5.08028748E-01  4.52358636E-01  2.73149684E-01  1.35272808E-01  1.22317572E-01  2.49947300E-01  4.38113767E-01  5.05418937E-01  3.84596224E-01  2.15730198E-01  1.23645825E-01  1.58254842E-01  3.12864493E-01  4.73347301E-01  4.76215841E-01  3.26138095E-01  1.72666782E-01  1.19218425E-01  1.99440230E-01  3.72855094E-01  4.97745628E-01  4.40800894E-01  2.66548417E-01  1.42233374E-01  1.31179831E-01  2.51575811E-01  4.24223833E-01  5.00273666E-01  3.93339226E-01  2.19673913E-01  1.26024620E-01  1.59546899E-01  3.08375031E-01  4.70517252E-01  4.85976917E-01  3.31570758E-01  1.72799354E-01  1.19302287E-01  2.02398599E-01  3.70290039E-01  4.96897049E-01  4.45510837E-01  2.73983642E-01  1.40300501E-01  1.29114367E-01  2.48188920E-01  4.27957940E-01  5.04171767E-01  3.93061420E-01  2.18054744E-01  1.17084671E-01  1.56023389E-01  3.14485863E-01  4.73585162E-01  4.85115303E-01  3.35495116E-01  1.68596668E-01  1.11611020E-01  1.96279506E-01  3.74063009E-01  5.01677539E-01  4.53394910E-01  2.68711095E-01  1.28883518E-01  1.17729889E-01  2.51220783E-01  4.42902312E-01  5.21745307E-01  3.89267415E-01  2.03164248E-01  1.07018656E-01  1.46756608E-01  3.16524547E-01  4.98789269E-01  4.93823452E-01  3.21396656E-01
  2.87988369E-01  3.05037689E-01  3.24395321E-01  3.27271315E-01  2.99533871E-01  2.75733092E-01  2.76115211E-01  2.91936451E-01  3.15564471E-01  3.31633029E-01  3.18301396E-01  2.87933828E-01  2.70025874E-01  2.75713747E-01  3.01313396E-01  3.27352595E-01  3.30633711E-01  3.06153676E-01  2.78615493E-01  2.69827074E-01  2.80934814E-01  3.12621634E-01  3.33426618E-01  3.21866129E-01  2.95637062E-01  2.76175352E-01  2.73383143E-01  2.89232871E-01  3.22199833E-01  3.34161665E-01  3.08349030E-01  2.88558127E-01  2.76101538E-01  2.75215754E-01  2.97260839E-01  3.30982729E-01  3.27422866E-01  3.02823830E-01  2.82210489E-01  2.72908640E-01  2.78929859E-01  3.09499514E-01  3.34328119E-01  3.20664666E-01  2.94868460E-01  2.80051984E-01  2.72183705E-01  2.80099983E-01  3.18058608E-01  3.34233006E-01  3.17928779E-01  2.94465747E-01  2.72482354E-01  2.66221230E-01  2.90270033E-01  3.25235086E-01  3.32517589E-01  3.12024164E-01  2.88285525E-01  2.69336327E-01  2.68241748E-01  2.99186993E-01  3.29306206E-01  3.23956047E-01  3.03952465E-01  2.82641831E-01  2.71454137E-01  2.78848746E-01  3.10023862E-01  3.25554290E-01  3.13174194E-01  2.94607340E-01  2.84302476E-01  2.75925068E-01  2.91436946E-01  3.16585716E-01  3.14897242E-01  2.98478167E-01  2.94992375E-01  2.87750464E-01  2.79301618E-01  2.97819409E-01  3.19916074E-01  3.09810837E-01  2.91696291E-01  2.93691948E-01  2.90119411E-01  2.87361687E-01  3.05939677E-01  3.15344379E-01  2.94804801E-01  2.92770827E-01  2.96451055E-01  2.94351398E-01  2.95659303E-01  3.07902175E-01  3.03262086E-01  2.86277014E-01  2.96826883E-01  3.05179449E-01  2.95942291E-01  2.97729133E-01  3.08941246E-01  2.99837037E-01  2.90336677E-01  2.99572394E-01  3.00863107E-01  2.97040426E-01  2.99868344E-01  3.05670740E-01  2.98928251E-01  2.94183117E-01  3.00426902E-01  3.01130865E-01  2.94558476E-01  3.02871547E-01  3.05236502E-01  2.98172118E-01  3.00580983E-01  3.05941548E-01  2.94787052E-01  2.92727051E-01  3.03731469E-01  3.03375249E-01  3.01578155E-01  3.05084535E-01  3.00393179E-01  2.91297435E-01  2.98435467E-01  3.04958319E-01  3.02400555E-01  2.99413551E-01  3.04213181E-01  2.98305965E-01  2.96598871E-01  3.00947225E-01  3.02962854E-01  3.02065172E-01  3.00849651E-01  3.02694635E-01  2.97480649E-01  2.94731441E-01  3.00581387E-01  3.07226469E-01  3.04292519E-01  3.02084972E-01  2.98032946E-01  2.89788987E-01  2.98917204E-01  3.10805177E-01  3.07866549E-01  3.01511690E-01  3.00450110E-01  2.94095411E-01  2.91315709E-01  3.02281471E-01  3.10601654E-01  3.09765408E-01  3.03583013E-01  2.97002116E-01  2.89657537E-01  2.95429407E-01  3.06479479E-01  3.15585917E-01  3.12501038E-01  2.97566690E-01  2.91772803E-01  2.90977225E-01  2.98188790E-01  3.10203234E-01  3.18102808E-01  3.05585956E-01  2.89219621E-01  2.88846235E-01  2.99430794E-01  3.06439573E-01  3.14446498E-01  3.17000616E-01  2.99031092E-01  2.84137175E-01  2.88218925E-01  3.05048652E-01  3.12621673E-01  3.18832567E-01  3.11290784E-01  2.87352652E-01  2.77596478E-01  2.98200144E-01  3.08848356E-01  3.16063451E-01  3.20860115E-01  2.98573793E-01  2.75276543E-01  2.85505317E-01  3.04001572E-01  3.13200708E-01  3.21998694E-01  3.12728339E-01  2.85965435E-01  2.76107208E-01
  3.25208929E-01  2.40737277E-01  1.96619114E-01  2.29098446E-01  3.26985861E-01  4.06160116E-01  3.92670239E-01  2.99702830E-01  2.14420252E-01  1.96840103E-01  2.54559955E-01  3.54348442E-01  4.16997001E-01  3.64397094E-01  2.64163983E-01  2.10237440E-01  2.08024762E-01  2.81892795E-01  3.96375680E-01  4.13175078E-01  3.22461372E-01  2.43098173E-01  2.00978076E-01  2.17440653E-01  3.26091582E-01  4.16334076E-01  3.85411452E-01  2.97778900E-01  2.29594201E-01  1.91945208E-01  2.47240497E-01  3.70093314E-01  4.12393624E-01  3.61215051E-01  2.73259309E-01  2.05541813E-01  1.94303335E-01  2.86862320E-01  3.95836265E-01  4.07854884E-01  3.34716130E-01  2.47998245E-01  1.89066907E-01  2.08956852E-01  3.25888502E-01  4.18562472E-01  3.91530884E-01  3.00748334E-01  2.23588503E-01  1.82860227E-01  2.42502335E-01  3.72162074E-01  4.23200778E-01  3.58672538E-01  2.69723942E-01  1.99996580E-01  1.92575034E-01  2.90427169E-01  4.06773284E-01  4.05082795E-01  3.22748425E-01  2.39273935E-01  1.94782669E-01  2.17633162E-01  3.34697157E-01  4.13075976E-01  3.82756279E-01  2.92810335E-01  2.23638209E-01  1.99537892E-01  2.54018028E-01  3.68575596E-01  4.11086550E-01  3.48174189E-01  2.61922412E-01  2.14924367E-01  2.15216060E-01  2.95518737E-01  3.96225147E-01  3.97934248E-01  3.09862953E-01  2.36572395E-01  2.10450069E-01  2.39059405E-01  3.37008585E-01  4.12820865E-01  3.74048844E-01  2.73414409E-01  2.19884840E-01  2.12827593E-01  2.72721785E-01  3.70559008E-01  4.11257296E-01  3.40263254E-01  2.52593325E-01  2.08000798E-01  2.27273266E-01  3.09814374E-01  3.94007116E-01  3.90043154E-01  3.07237263E-01  2.36179720E-01  2.09022617E-01  2.53760241E-01  3.47751556E-01  4.05677454E-01  3.63922720E-01  2.79711294E-01  2.18047910E-01  2.13790467E-01  2.87324769E-01  3.78063844E-01  3.99723384E-01  3.34274690E-01  2.52559213E-01  2.08669045E-01  2.31588960E-01  3.22738701E-01  3.96434448E-01  3.83847024E-01  3.03281041E-01  2.33501740E-01  2.04879384E-01  2.51401825E-01  3.51002546E-01  4.04756814E-01  3.63661387E-01  2.81200573E-01  2.15067377E-01  2.07258995E-01  2.82550264E-01  3.76558733E-01  4.03707414E-01  3.43740204E-01  2.56248057E-01  2.02203729E-01  2.28478334E-01  3.16056075E-01  3.90302109E-01  3.93953060E-01  3.16756864E-01  2.31343221E-01  2.01918526E-01  2.51078748E-01  3.40933113E-01  4.04830246E-01  3.81432609E-01  2.85917840E-01  2.09087730E-01  2.08363370E-01  2.71585136E-01  3.71469966E-01  4.15247319E-01  3.54501403E-01  2.52138740E-01  1.95358863E-01  2.18519132E-01  3.12640054E-01  4.03741743E-01  4.00772329E-01  3.18045626E-01  2.22433543E-01  1.90384697E-01  2.44456234E-01  3.54827725E-01  4.17874715E-01  3.79414930E-01  2.80444623E-01  2.00240323E-01  1.95160381E-01  2.79773514E-01  3.90342194E-01  4.14942275E-01  3.45998960E-01  2.46090477E-01  1.91729934E-01  2.16284835E-01  3.16716200E-01  4.00450968E-01  4.03245441E-01  3.18918834E-01  2.25789018E-01  1.91288018E-01  2.39005648E-01  3.41424549E-01  4.12305238E-01  3.82746989E-01  2.85913696E-01  2.10910679E-01  1.98912417E-01  2.63410720E-01  3.68971330E-01  4.15936172E-01  3.53091797E-01  2.59002920E-01  2.00893235E-01  2.08448800E-01  2.96703521E-01  3.96374388E-01  4.02906708E-01
  3.64027532E-01  2.60764198E-01  1.88188101E-01  2.03803726E-01  3.07720211E-01  4.05851773E-01  4.13469499E-01  3.30923099E-01  2.24304773E-01  1.73738197E-01  2.26950181E-01  3.53889838E-01  4.31356387E-01  3.93055812E-01  2.91962862E-01  1.97542637E-01  1.72108510E-01  2.62801882E-01  3.97872263E-01  4.43782947E-01  3.62991496E-01  2.50098740E-01  1.73624582E-01  1.90079584E-01  3.09365701E-01  4.29786878E-01  4.31346720E-01  3.26043313E-01  2.11626548E-01  1.62222500E-01  2.18992377E-01  3.61773641E-01  4.50317765E-01  4.03046787E-01  2.82328320E-01  1.80913753E-01  1.57284087E-01  2.54980238E-01  4.10808485E-01  4.52446501E-01  3.68571699E-01  2.40512373E-01  1.55211017E-01  1.74976885E-01  3.08987954E-01  4.41099121E-01  4.44237336E-01  3.29317294E-01  2.03164594E-01  1.43802032E-01  2.08524326E-01  3.69205605E-01  4.63980801E-01  4.10765161E-01  2.82082095E-01  1.70942219E-01  1.53394891E-01  2.59623751E-01  4.06493634E-01  4.63109159E-01  3.71694110E-01  2.30351546E-01  1.54487324E-01  1.82411025E-01  3.03391039E-01  4.38224665E-01  4.54283620E-01  3.21960133E-01  1.91590573E-01  1.56319895E-01  2.10214655E-01  3.45683633E-01  4.66201553E-01  4.32679831E-01  2.70026665E-01  1.67295805E-01  1.62847970E-01  2.46194651E-01  3.98720290E-01  4.79054428E-01  3.80334959E-01  2.27776805E-01  1.55007866E-01  1.83495949E-01  3.02755259E-01  4.38144849E-01  4.56744515E-01  3.23997121E-01  1.92089087E-01  1.52920776E-01  2.13191312E-01  3.58633197E-01  4.65308651E-01  4.14669286E-01  2.68883738E-01  1.71953712E-01  1.67648671E-01  2.56849265E-01  4.06630953E-01  4.61715906E-01  3.57284105E-01  2.29633579E-01  1.66463224E-01  1.88799624E-01  3.09573186E-01  4.40129721E-01  4.33887359E-01  3.12533683E-01  2.03931592E-01  1.68368387E-01  2.24413662E-01  3.57074426E-01  4.46159692E-01  3.94889560E-01  2.71245483E-01  1.95913610E-01  1.87666632E-01  2.55681761E-01  3.89267996E-01  4.37176287E-01  3.47964243E-01  2.47774664E-01  1.99852640E-01  2.05621083E-01  2.94200451E-01  4.11668105E-01  4.06760924E-01  3.11469788E-01  2.36486464E-01  1.95100470E-01  2.29182490E-01  3.37155989E-01  4.12503130E-01  3.77992031E-01  2.90153104E-01  2.21633807E-01  2.06314258E-01  2.55604620E-01  3.57153921E-01  4.03450539E-01  3.51265192E-01  2.73404166E-01  2.21634021E-01  2.14849643E-01  2.84725683E-01  3.87429361E-01  3.92602191E-01  3.20640007E-01  2.48824612E-01  2.12233879E-01  2.36247606E-01  3.31312956E-01  3.98716812E-01  3.76606357E-01  2.90150624E-01  2.27338522E-01  2.10253163E-01  2.65317355E-01  3.58869951E-01  4.02984415E-01  3.51739556E-01  2.66279550E-01  2.10847492E-01  2.17079384E-01  2.94120867E-01  3.85931838E-01  3.94050469E-01  3.21881744E-01  2.45348282E-01  2.02627250E-01  2.35631874E-01  3.32783886E-01  4.03248244E-01  3.71247962E-01  2.99848912E-01  2.31009853E-01  2.05972575E-01  2.64462978E-01  3.63709909E-01  4.06595923E-01  3.47624825E-01  2.74966611E-01  2.09214844E-01  2.11802196E-01  2.92601085E-01  3.95824644E-01  4.01771946E-01  3.25555464E-01  2.45632979E-01  1.97168314E-01  2.28021032E-01  3.38294582E-01  4.14605541E-01  3.84614601E-01  2.98802460E-01  2.10340256E-01  1.87654183E-01  2.63100794E-01  3.79651967E-01  4.20210642E-01
  3.58508228E-01  3.13978827E-01  2.64509716E-01  2.44708626E-01  2.64683494E-01  3.15981560E-01  3.54983486E-01  3.42552528E-01  2.97943208E-01  2.59814533E-01  2.48882788E-01  2.79836403E-01  3.33726343E-01  3.48276254E-01  3.21356844E-01  2.86593673E-01  2.59648058E-01  2.59486060E-01  2.99246691E-01  3.37256274E-01  3.33513751E-01  3.10305419E-01  2.81480493E-01  2.63163225E-01  2.68667606E-01  3.11759784E-01  3.36947041E-01  3.25828575E-01  3.03668699E-01  2.79114271E-01  2.59324016E-01  2.78336048E-01  3.24806081E-01  3.37739270E-01  3.18192086E-01  2.95460559E-01  2.70975703E-01  2.62158187E-01  2.96924073E-01  3.35141398E-01  3.32226291E-01  3.11914519E-01  2.86428155E-01  2.63628908E-01  2.70795188E-01  3.11424032E-01  3.36559259E-01  3.29336833E-01  3.03810966E-01  2.76023940E-01  2.63408815E-01  2.84699396E-01  3.17170771E-01  3.34354070E-01  3.24275946E-01  2.96988814E-01  2.70791602E-01  2.68475372E-01  2.94027013E-01  3.21796069E-01  3.32576665E-01  3.17185863E-01  2.91197248E-01  2.70042370E-01  2.72896266E-01  3.01754645E-01  3.29971600E-01  3.27035857E-01  3.07766709E-01  2.87712731E-01  2.70207514E-01  2.76805729E-01  3.15433844E-01  3.30786954E-01  3.15401089E-01  3.01237028E-01  2.84221771E-01  2.69967635E-01  2.89639855E-01  3.23403176E-01  3.24725206E-01  3.14401806E-01  2.97253538E-01  2.74266265E-01  2.73083215E-01  3.04156489E-01  3.26959225E-01  3.20106423E-01  3.10470427E-01  2.90241488E-01  2.72024973E-01  2.80513100E-01  3.12261079E-01  3.26385178E-01  3.18391123E-01  3.02342410E-01  2.80326652E-01  2.72808042E-01  2.93860463E-01  3.17353269E-01  3.21810145E-01  3.19616705E-01  2.98499149E-01  2.75996334E-01  2.76913239E-01  2.98655128E-01  3.19736106E-01  3.25023362E-01  3.18379318E-01  2.92676305E-01  2.72144495E-01  2.74116922E-01  3.02801947E-01  3.27199489E-01  3.27278443E-01  3.12353678E-01  2.84748983E-01  2.65805910E-01  2.77351574E-01  3.13044457E-01  3.32515120E-01  3.31651601E-01  3.05849939E-01  2.71103672E-01  2.60006778E-01  2.85376265E-01  3.23735306E-01  3.43355971E-01  3.27386555E-01  2.89195035E-01  2.57367866E-01  2.62704846E-01  2.99320986E-01  3.38728371E-01  3.45397821E-01  3.12820621E-01  2.70954040E-01  2.56544759E-01  2.73465676E-01  3.16895931E-01  3.52286206E-01  3.36171458E-01  2.91092160E-01  2.60208131E-01  2.54463760E-01  2.85205435E-01  3.36347127E-01  3.54762639E-01  3.19273351E-01  2.74592594E-01  2.55088467E-01  2.60781835E-01  3.02359525E-01  3.50326672E-01  3.47974380E-01  2.94615460E-01  2.60601527E-01  2.56719017E-01  2.74941769E-01  3.23997045E-01  3.61444193E-01  3.26831666E-01  2.75400902E-01  2.53525945E-01  2.60044292E-01  2.95721656E-01  3.46488535E-01  3.54081375E-01  3.04113310E-01  2.61135658E-01  2.52444022E-01  2.72555548E-01  3.17996012E-01  3.59679099E-01  3.40653451E-01  2.82705797E-01  2.46632204E-01  2.55552496E-01  2.92043257E-01  3.43456572E-01  3.62464790E-01  3.16309512E-01  2.59856387E-01  2.42341347E-01  2.63686017E-01  3.12282312E-01  3.60813224E-01  3.52783961E-01  2.94138640E-01  2.48932421E-01  2.45270480E-01  2.77715837E-01  3.32245779E-01  3.65615740E-01  3.33677059E-01  2.75574053E-01  2.47953015E-01  2.52920038E-01  2.94382106E-01  3.47403124E-01
  2.61490824E-01  3.01094540E-01  3.58011886E-01  3.49569796E-01  2.92736275E-01  2.64275589E-01  2.58644065E-01  2.68378271E-01  3.23422337E-01  3.64194068E-01  3.29592490E-01  2.77792485E-01  2.61149014E-01  2.57986856E-01  2.85395464E-01  3.45783030E-01  3.57241419E-01  3.03904011E-01  2.71336822E-01  2.63445804E-01  2.64423366E-01  3.07283293E-01  3.54241502E-01  3.34306132E-01  2.89774528E-01  2.73672123E-01  2.66660387E-01  2.75973159E-01  3.25548687E-01  3.51601456E-01  3.14653721E-01  2.80273802E-01  2.74068850E-01  2.68692791E-01  2.92622326E-01  3.39317718E-01  3.38899027E-01  2.98066940E-01  2.79033304E-01  2.72723460E-01  2.74535542E-01  3.09885483E-01  3.43662322E-01  3.24050219E-01  2.89475848E-01  2.76853491E-01  2.69495913E-01  2.83053250E-01  3.25314842E-01  3.42001804E-01  3.12740980E-01  2.86105365E-01  2.70194171E-01  2.66220256E-01  2.95944344E-01  3.37058552E-01  3.36123224E-01  3.05653949E-01  2.77564531E-01  2.64861612E-01  2.73874645E-01  3.11080316E-01  3.40403239E-01  3.28778495E-01  2.96163722E-01  2.74963494E-01  2.63192339E-01  2.77459574E-01  3.20633971E-01  3.43731862E-01  3.22328357E-01  2.90616666E-01  2.69262924E-01  2.62963759E-01  2.82749643E-01  3.26597638E-01  3.44756221E-01  3.18594734E-01  2.84134834E-01  2.64755430E-01  2.63772837E-01  2.90641317E-01  3.37003868E-01  3.47169865E-01  3.13555721E-01  2.75853192E-01  2.59932817E-01  2.64473138E-01  3.01822757E-01  3.46060107E-01  3.42996952E-01  3.03247610E-01  2.71827105E-01  2.57904396E-01  2.70502161E-01  3.17506162E-01  3.45636185E-01  3.30902254E-01  2.96771186E-01  2.69345048E-01  2.58655684E-01  2.83212603E-01  3.26188161E-01  3.40636758E-01  3.23813033E-01  2.90952374E-01  2.66788117E-01  2.64048179E-01  2.94534786E-01  3.30273555E-01  3.37451623E-01  3.14649908E-01  2.85027118E-01  2.64703315E-01  2.69472716E-01  3.07357149E-01  3.36045083E-01  3.30222238E-01  3.05416231E-01  2.77986310E-01  2.62777295E-01  2.81452626E-01  3.21896501E-01  3.35782279E-01  3.20585045E-01  2.96070218E-01  2.70867345E-01  2.67458902E-01  2.98502204E-01  3.30363811E-01  3.30785199E-01  3.10131546E-01  2.83265692E-01  2.66871864E-01  2.79050319E-01  3.14103175E-01  3.34324370E-01  3.23278748E-01  2.96336772E-01  2.73942295E-01  2.69809811E-01  2.95601019E-01  3.26244645E-01  3.28392862E-01  3.10438544E-01  2.87395087E-01  2.71305145E-01  2.79212463E-01  3.07844907E-01  3.29816518E-01  3.23913430E-01  2.99738677E-01  2.81473185E-01  2.69104782E-01  2.85757378E-01  3.21128515E-01  3.33785026E-01  3.16971523E-01  2.93456212E-01  2.72240575E-01  2.68787237E-01  2.99021337E-01  3.33879348E-01  3.31836009E-01  3.06224680E-01  2.83484906E-01  2.64586477E-01  2.73671126E-01  3.17189740E-01  3.41934388E-01  3.24471093E-01  2.94168611E-01  2.76136201E-01  2.60894927E-01  2.82158151E-01  3.33065970E-01  3.44108972E-01  3.13901513E-01  2.86223312E-01  2.65746993E-01  2.63272132E-01  3.00614189E-01  3.44926830E-01  3.40510517E-01  3.01590774E-01  2.74465976E-01  2.59886770E-01  2.69788480E-01  3.18119424E-01  3.56343498E-01  3.31484251E-01  2.85334490E-01  2.64652728E-01  2.59575818E-01  2.82222197E-01  3.40608443E-01  3.59306234E-01  3.12820156E-01  2.70509523E-01  2.61521267E-01
  3.01332855E-01  2.49451202E-01  2.34796241E-01  2.77667756E-01  3.44709837E-01  3.72226362E-01  3.42172935E-01  2.82763055E-01  2.41393876E-01  2.41229568E-01  2.91218316E-01  3.55816218E-01  3.74108657E-01  3.25493335E-01  2.66433382E-01  2.33537548E-01  2.48484643E-01  3.10664970E-01  3.71120329E-01  3.59781220E-01  3.04152098E-01  2.55586727E-01  2.38204834E-01  2.63721131E-01  3.34171713E-01  3.70981388E-01  3.38273456E-01  2.85110844E-01  2.51782970E-01  2.43839430E-01  2.83383933E-01  3.48859752E-01  3.67127239E-01  3.21739492E-01  2.78048266E-01  2.47052536E-01  2.50048044E-01  2.98961049E-01  3.56794561E-01  3.56951798E-01  3.11672841E-01  2.65750392E-01  2.43246724E-01  2.63513402E-01  3.18309111E-01  3.64226406E-01  3.44959870E-01  2.91133718E-01  2.54712827E-01  2.51558055E-01  2.75866436E-01  3.37422436E-01  3.64207653E-01  3.24485298E-01  2.75089962E-01  2.55203172E-01  2.60834880E-01  2.99360717E-01  3.53302664E-01  3.49781486E-01  2.98363785E-01  2.66238913E-01  2.58839880E-01  2.80311915E-01  3.28555705E-01  3.50668225E-01  3.20269970E-01  2.86614857E-01  2.66149996E-01  2.61350499E-01  3.02004648E-01  3.47156758E-01  3.36185458E-01  2.99193090E-01  2.75835944E-01  2.58465890E-01  2.76073441E-01  3.30971428E-01  3.49412429E-01  3.20619108E-01  2.83924404E-01  2.64779056E-01  2.58283452E-01  2.93758217E-01  3.40455708E-01  3.48783564E-01  3.12148248E-01  2.75225951E-01  2.53579347E-01  2.57859042E-01  3.09801184E-01  3.58166143E-01  3.39392529E-01  2.98207897E-01  2.68174571E-01  2.45306936E-01  2.69178619E-01  3.27713278E-01  3.59994333E-01  3.28161512E-01  2.90271685E-01  2.56742500E-01  2.45659449E-01  2.90467254E-01  3.48614552E-01  3.45185821E-01  3.10201136E-01  2.82018009E-01  2.52073298E-01  2.62023310E-01  3.20023596E-01  3.54443224E-01  3.29165083E-01  2.95114227E-01  2.67456312E-01  2.53471153E-01  2.87677586E-01  3.41457317E-01  3.44937760E-01  3.02699843E-01  2.82060065E-01  2.64312251E-01  2.65203887E-01  3.16370454E-01  3.55528146E-01  3.18410986E-01  2.82413403E-01  2.76404504E-01  2.65620373E-01  2.89701584E-01  3.38604263E-01  3.44735505E-01  3.00618759E-01  2.72101240E-01  2.64389375E-01  2.78444174E-01  3.12185618E-01  3.41081703E-01  3.30639311E-01  2.86597937E-01  2.65114319E-01  2.71207999E-01  2.89121349E-01  3.21256355E-01  3.43007164E-01  3.17550914E-01  2.75674617E-01  2.68596009E-01  2.74887588E-01  2.99179022E-01  3.29605404E-01  3.35515711E-01  3.03375863E-01  2.73725900E-01  2.66764023E-01  2.78299821E-01  3.09370795E-01  3.34546813E-01  3.30948979E-01  2.99336874E-01  2.71327371E-01  2.61393692E-01  2.82649268E-01  3.15984661E-01  3.34825917E-01  3.32073876E-01  2.99483390E-01  2.65615330E-01  2.58204210E-01  2.83137421E-01  3.19439280E-01  3.47653413E-01  3.34022161E-01  2.93614020E-01  2.58076346E-01  2.53525727E-01  2.83803849E-01  3.30937388E-01  3.54909524E-01  3.29521760E-01  2.80698680E-01  2.56823476E-01  2.53455664E-01  2.88892683E-01  3.42129953E-01  3.57721843E-01  3.22081258E-01  2.73872279E-01  2.41546757E-01  2.51876719E-01  3.05325442E-01  3.59705646E-01  3.60176807E-01  3.13465119E-01  2.60084478E-01  2.33403613E-01  2.55995978E-01  3.26907395E-01  3.67913378E-01  3.55504505E-01
  2.66387464E-01  2.27887210E-01  2.43826645E-01  3.13412977E-01  3.76278916E-01  3.64780845E-01  3.07217895E-01  2.45149771E-01  2.21091431E-01  2.64025649E-01  3.40231310E-01  3.81687241E-01  3.53548397E-01  2.83596045E-01  2.28269622E-01  2.32438711E-01  2.87642729E-01  3.59520184E-01  3.81784532E-01  3.33161812E-01  2.56135086E-01  2.20124465E-01  2.48284109E-01  3.13726286E-01  3.71787322E-01  3.75712213E-01  3.07156812E-01  2.34139465E-01  2.24199668E-01  2.70550123E-01  3.32457803E-01  3.80161558E-01  3.58468659E-01  2.80248812E-01  2.22118364E-01  2.37008707E-01  2.91161657E-01  3.47887224E-01  3.80204381E-01  3.39267519E-01  2.53598449E-01  2.17128543E-01  2.52630584E-01  3.10285308E-01  3.61796245E-01  3.75731592E-01  3.13994708E-01  2.37855300E-01  2.25508119E-01  2.70614060E-01  3.26685834E-01  3.73058618E-01  3.59837468E-01  2.87573825E-01  2.29537559E-01  2.39538175E-01  2.90436340E-01  3.44433179E-01  3.76295327E-01  3.37516985E-01  2.62037827E-01  2.27405230E-01  2.55730167E-01  3.09296983E-01  3.59640368E-01  3.71096120E-01  3.16442116E-01  2.44160439E-01  2.30104771E-01  2.72195754E-01  3.22561097E-01  3.71042098E-01  3.65286451E-01  2.89180905E-01  2.27451933E-01  2.39301249E-01  2.87268328E-01  3.44554587E-01  3.82038194E-01  3.42420154E-01  2.56431293E-01  2.25045574E-01  2.53545066E-01  3.04456448E-01  3.65141982E-01  3.82412563E-01  3.10791165E-01  2.31394425E-01  2.26987338E-01  2.72013514E-01  3.29431302E-01  3.84485207E-01  3.65095391E-01  2.72412073E-01  2.17882558E-01  2.40267477E-01  2.91888503E-01  3.55156455E-01  3.91261211E-01  3.34242787E-01  2.42582917E-01  2.16231536E-01  2.56072879E-01  3.15207396E-01  3.77335925E-01  3.79912299E-01  2.98193675E-01  2.24652231E-01  2.26035823E-01  2.76329829E-01  3.40982295E-01  3.88745539E-01  3.54412182E-01  2.66818399E-01  2.16615707E-01  2.37291419E-01  2.99767190E-01  3.66788037E-01  3.89605575E-01  3.24641229E-01  2.41180830E-01  2.14597409E-01  2.54468471E-01  3.24755280E-01  3.85399369E-01  3.74020113E-01  2.94916015E-01  2.27079507E-01  2.24765755E-01  2.77067273E-01  3.48200938E-01  3.86215185E-01  3.49164376E-01  2.68643783E-01  2.23192711E-01  2.39969280E-01  2.95101139E-01  3.59960108E-01  3.83364411E-01  3.25563740E-01  2.50667438E-01  2.26124677E-01  2.54153158E-01  3.12231343E-01  3.73309523E-01  3.71003081E-01  2.99069883E-01  2.40675735E-01  2.30165067E-01  2.69332393E-01  3.30957878E-01  3.77414759E-01  3.49850281E-01  2.81454487E-01  2.36862868E-01  2.40493631E-01  2.86828329E-01  3.47825798E-01  3.73659536E-01  3.27166008E-01  2.64861880E-01  2.38529807E-01  2.57123195E-01  3.06867200E-01  3.60917238E-01  3.60898569E-01  3.04091261E-01  2.52836428E-01  2.40293930E-01  2.69015000E-01  3.25204466E-01  3.72867463E-01  3.47866711E-01  2.83394910E-01  2.43230557E-01  2.45778662E-01  2.80754386E-01  3.45484355E-01  3.75864557E-01  3.30357402E-01  2.66337129E-01  2.36067395E-01  2.50436665E-01  3.03090598E-01  3.66451707E-01  3.65794208E-01  3.09603557E-01  2.49773163E-01  2.34059050E-01  2.64341532E-01  3.27990221E-01  3.76717415E-01  3.48310375E-01  2.87574596E-01  2.37311264E-01  2.34548994E-01  2.84994045E-01  3.55229612E-01  3.75038843E-01  3.28645067E-01
  3.36965076E-01  2.98473744E-01  2.70804466E-01  2.57364446E-01  2.84055830E-01  3.26235770E-01  3.45836961E-01  3.24634826E-01  2.93067784E-01  2.65931293E-01  2.63367514E-01  2.96507555E-01  3.36329434E-01  3.41048289E-01  3.10870088E-01  2.83015600E-01  2.64244050E-01  2.73992327E-01  3.16511758E-01  3.36664072E-01  3.27444770E-01  2.99315745E-01  2.76643929E-01  2.68563277E-01  2.93444998E-01  3.27386370E-01  3.29893957E-01  3.08222850E-01  2.89772544E-01  2.69478870E-01  2.80529332E-01  3.17534098E-01  3.35561898E-01  3.15443183E-01  2.92048054E-01  2.75509821E-01  2.71141918E-01  2.95755078E-01  3.35688093E-01  3.33799664E-01  3.03990466E-01  2.75852135E-01  2.70162501E-01  2.81502257E-01  3.16972360E-01  3.42564322E-01  3.26160343E-01  2.89474079E-01  2.66338927E-01  2.67801467E-01  2.99219721E-01  3.34312094E-01  3.37811886E-01  3.13827315E-01  2.76104748E-01  2.59127543E-01  2.75766788E-01  3.13127164E-01  3.39272306E-01  3.34023059E-01  2.99402766E-01  2.58367443E-01  2.59118104E-01  2.93485392E-01  3.29395678E-01  3.39270231E-01  3.25054037E-01  2.84538285E-01  2.52827256E-01  2.65044303E-01  3.04212036E-01  3.35997396E-01  3.43684565E-01  3.15862145E-01  2.67011596E-01  2.45781909E-01  2.70504567E-01  3.15481974E-01  3.49810863E-01  3.47590343E-01  2.99359870E-01  2.51045270E-01  2.43311617E-01  2.80161103E-01  3.30238222E-01  3.65830647E-01  3.37764777E-01  2.77840854E-01  2.40284564E-01  2.51371725E-01  2.96393391E-01  3.46852470E-01  3.57382764E-01  3.21248424E-01  2.67527446E-01  2.38061284E-01  2.54989866E-01  3.17595365E-01  3.59756070E-01  3.48887986E-01  3.05285286E-01  2.58958880E-01  2.30080440E-01  2.67988742E-01  3.40429852E-01  3.62034643E-01  3.39410790E-01  2.96176443E-01  2.40488110E-01  2.30800022E-01  2.93069610E-01  3.54130063E-01  3.56725233E-01  3.27565026E-01  2.82435366E-01  2.31780961E-01  2.44846377E-01  3.16460456E-01  3.59128826E-01  3.45931364E-01  3.21110670E-01  2.64148328E-01  2.24739533E-01  2.62638351E-01  3.36760114E-01  3.56486833E-01  3.41305657E-01  3.05668235E-01  2.45198745E-01  2.32355291E-01  2.89220121E-01  3.44215482E-01  3.47363546E-01  3.35485474E-01  2.89243604E-01  2.36651409E-01  2.45387571E-01  3.04412989E-01  3.41360949E-01  3.50668804E-01  3.28911851E-01  2.69669975E-01  2.35203029E-01  2.64833473E-01  3.13379002E-01  3.42607174E-01  3.49470918E-01  3.12253354E-01  2.53261026E-01  2.43014416E-01  2.79996865E-01  3.23346988E-01  3.47521898E-01  3.40290976E-01  2.92624467E-01  2.48849088E-01  2.51416126E-01  2.88755949E-01  3.28762734E-01  3.52500677E-01  3.30277921E-01  2.77621458E-01  2.47818190E-01  2.61601620E-01  3.02290444E-01  3.38580294E-01  3.48282862E-01  3.12017857E-01  2.66674447E-01  2.52160446E-01  2.75540891E-01  3.11723434E-01  3.44271949E-01  3.43931852E-01  2.97272482E-01  2.59933238E-01  2.59466803E-01  2.81325943E-01  3.23033437E-01  3.51501945E-01  3.33436227E-01  2.84713129E-01  2.57621725E-01  2.61686852E-01  2.93509267E-01  3.35098616E-01  3.55329927E-01  3.22928534E-01  2.71369694E-01  2.53290592E-01  2.68118882E-01  3.06186292E-01  3.46960614E-01  3.46817606E-01  3.09690314E-01  2.68423893E-01  2.55432372E-01  2.72030003E-01  3.19212730E-01  3.47141621E-01
  2.69468458E-01  3.33345716E-01  3.80156854E-01  3.69956682E-01  2.83735552E-01  2.14835644E-01  2.32009281E-01  2.98899593E-01  3.54776401E-01  3.78112941E-01  3.43171100E-01  2.52518261E-01  2.11498877E-01  2.57547926E-01  3.24211195E-01  3.62158345E-01  3.71596799E-01  3.14282620E-01  2.26265680E-01  2.19908357E-01  2.88108392E-01  3.42833726E-01  3.66589560E-01  3.62285821E-01  2.79595247E-01  2.10771756E-01  2.39141397E-01  3.13145759E-01  3.50919780E-01  3.70221646E-01  3.41015569E-01  2.48317753E-01  2.07778330E-01  2.65875907E-01  3.27742238E-01  3.58566102E-01  3.70105942E-01  3.11732546E-01  2.22125292E-01  2.19051978E-01  2.88147134E-01  3.39846503E-01  3.66075294E-01  3.61536320E-01  2.82618486E-01  2.12059491E-01  2.37955593E-01  3.05934377E-01  3.47091221E-01  3.70394337E-01  3.45469760E-01  2.57233880E-01  2.09521662E-01  2.58274111E-01  3.23236218E-01  3.57997986E-01  3.70103291E-01  3.20515039E-01  2.30694834E-01  2.14783648E-01  2.80789307E-01  3.37228100E-01  3.67780064E-01  3.66161058E-01  2.88639325E-01  2.10975304E-01  2.31554087E-01  3.06227201E-01  3.50711691E-01  3.73898736E-01  3.47728542E-01  2.55904780E-01  2.04998804E-01  2.50899996E-01  3.24120708E-01  3.65173444E-01  3.75509530E-01  3.17946401E-01  2.29843401E-01  2.10093875E-01  2.76204591E-01  3.39622744E-01  3.75266363E-01  3.65044359E-01  2.85953942E-01  2.11772037E-01  2.28801887E-01  3.01989298E-01  3.54366769E-01  3.76808124E-01  3.43471672E-01  2.55997515E-01  2.08460750E-01  2.52170814E-01  3.19534386E-01  3.63826944E-01  3.73343619E-01  3.17986231E-01  2.33417197E-01  2.18043752E-01  2.77249821E-01  3.36277607E-01  3.72081694E-01  3.59919881E-01  2.87046157E-01  2.19385329E-01  2.34969051E-01  3.00926202E-01  3.54048809E-01  3.74305936E-01  3.37592444E-01  2.56555633E-01  2.18116381E-01  2.55141100E-01  3.21222338E-01  3.65750605E-01  3.70107321E-01  3.10457813E-01  2.35343564E-01  2.22089001E-01  2.74232398E-01  3.38936517E-01  3.75254026E-01  3.56119924E-01  2.83178159E-01  2.23152396E-01  2.34835130E-01  2.94921763E-01  3.55489360E-01  3.78719934E-01  3.37625793E-01  2.56674470E-01  2.18266318E-01  2.51717398E-01  3.14524201E-01  3.70887416E-01  3.75263959E-01  3.09763976E-01  2.34613971E-01  2.20692813E-01  2.70065506E-01  3.37936435E-01  3.82856336E-01  3.61200218E-01  2.80222582E-01  2.16046625E-01  2.29525772E-01  2.96827740E-01  3.60079254E-01  3.84125412E-01  3.37256641E-01  2.49569568E-01  2.09298175E-01  2.48584698E-01  3.19791656E-01  3.72289336E-01  3.79043459E-01  3.12840925E-01  2.27156037E-01  2.15579656E-01  2.68556455E-01  3.35885586E-01  3.82595271E-01  3.70995159E-01  2.81949603E-01  2.12441797E-01  2.26831256E-01  2.88503945E-01  3.50929131E-01  3.92037220E-01  3.49684443E-01  2.51660311E-01  2.09552272E-01  2.45475675E-01  3.07848547E-01  3.71225885E-01  3.90537422E-01  3.18229821E-01  2.28774852E-01  2.16914783E-01  2.63324689E-01  3.30557644E-01  3.84555238E-01  3.76126067E-01  2.85403788E-01  2.14184699E-01  2.27926517E-01  2.86737891E-01  3.50688555E-01  3.87734003E-01  3.52221296E-01  2.56821821E-01  2.12286769E-01  2.43242050E-01  3.12567479E-01  3.69375958E-01  3.82599301E-01  3.18990132E-01  2.32851321E-01  2.15285154E-01
  3.08585938E-01  2.40644051E-01  2.20811381E-01  2.62634107E-01  3.37816896E-01  3.87072936E-01  3.57903050E-01  2.78918186E-01  2.24223605E-01  2.29343029E-01  2.91842534E-01  3.64349797E-01  3.84327710E-01  3.28600704E-01  2.51848192E-01  2.20895600E-01  2.50581003E-01  3.17447625E-01  3.79854032E-01  3.68923165E-01  2.99592622E-01  2.35984773E-01  2.25492707E-01  2.71264346E-01  3.43317013E-01  3.83463762E-01  3.49353560E-01  2.75401395E-01  2.27880635E-01  2.35240102E-01  2.90002561E-01  3.62773634E-01  3.81889410E-01  3.25346031E-01  2.55434824E-01  2.26547318E-01  2.50197633E-01  3.17806196E-01  3.74879907E-01  3.65650908E-01  3.02094882E-01  2.39569267E-01  2.31525865E-01  2.71755415E-01  3.38636937E-01  3.78529133E-01  3.47064741E-01  2.77017501E-01  2.34424926E-01  2.40077596E-01  2.89885040E-01  3.58040787E-01  3.75619502E-01  3.25774602E-01  2.60406508E-01  2.29430930E-01  2.51060146E-01  3.15206257E-01  3.68154017E-01  3.63146298E-01  3.05184635E-01  2.45172713E-01  2.30291587E-01  2.70035394E-01  3.35662672E-01  3.72964696E-01  3.46015693E-01  2.83252224E-01  2.39408519E-01  2.38563167E-01  2.87828738E-01  3.53903801E-01  3.72108591E-01  3.27731355E-01  2.65204989E-01  2.33685237E-01  2.47538553E-01  3.13793309E-01  3.70308220E-01  3.62310082E-01  3.03916523E-01  2.50868189E-01  2.27722561E-01  2.63899450E-01  3.39589215E-01  3.78258974E-01  3.44846436E-01  2.84146348E-01  2.37013968E-01  2.34842039E-01  2.92324791E-01  3.57012872E-01  3.71650630E-01  3.26325692E-01  2.62839046E-01  2.30021527E-01  2.52659122E-01  3.16445518E-01  3.71208612E-01  3.62655542E-01  3.00421341E-01  2.43591209E-01  2.27679641E-01  2.72109317E-01  3.43611869E-01  3.79230049E-01  3.44579058E-01  2.77358470E-01  2.29490836E-01  2.34984322E-01  2.97063363E-01  3.64398777E-01  3.75411416E-01  3.23577080E-01  2.56592151E-01  2.25333823E-01  2.54740344E-01  3.20807836E-01  3.70720900E-01  3.61258194E-01  2.99346933E-01  2.44298160E-01  2.34901980E-01  2.77786466E-01  3.37791441E-01  3.74177993E-01  3.41639521E-01  2.77153315E-01  2.39978258E-01  2.44895779E-01  2.94997580E-01  3.56450306E-01  3.69754543E-01  3.18396116E-01  2.61931756E-01  2.38751731E-01  2.55786845E-01  3.13995606E-01  3.70171398E-01  3.58709033E-01  2.94605218E-01  2.49977272E-01  2.41068640E-01  2.67627480E-01  3.34084557E-01  3.76378442E-01  3.41909045E-01  2.79799355E-01  2.41152356E-01  2.41782265E-01  2.87289411E-01  3.51480299E-01  3.71992807E-01  3.26478812E-01  2.63246231E-01  2.34500028E-01  2.50651415E-01  3.07545289E-01  3.66030720E-01  3.64134788E-01  3.02415444E-01  2.49438649E-01  2.34562999E-01  2.63109843E-01  3.28852256E-01  3.80061678E-01  3.48165238E-01  2.80264694E-01  2.40131068E-01  2.37733540E-01  2.80644210E-01  3.54377292E-01  3.78021941E-01  3.25289695E-01  2.63351498E-01  2.32723512E-01  2.45208378E-01  3.06532510E-01  3.71389879E-01  3.67324626E-01  3.02995369E-01  2.46037069E-01  2.29519022E-01  2.63967430E-01  3.33868974E-01  3.81587212E-01  3.48266176E-01  2.77610631E-01  2.33380751E-01  2.33510466E-01  2.85930297E-01  3.57887547E-01  3.81353899E-01  3.30654709E-01  2.59725180E-01  2.22574856E-01  2.43372313E-01  3.10392390E-01  3.75840757E-01  3.75542360E-01
  3.83705240E-01  3.13159036E-01  2.26052851E-01  2.16311145E-01  2.70856617E-01  3.39555519E-01  3.86067722E-01  3.66595700E-01  2.77557850E-01  2.13324579E-01  2.29196738E-01  2.97164548E-01  3.61665499E-01  3.86624901E-01  3.36495814E-01  2.48184164E-01  2.10957444E-01  2.51210262E-01  3.23716388E-01  3.76077606E-01  3.73776291E-01  3.03579938E-01  2.29238988E-01  2.19930865E-01  2.77101453E-01  3.44526173E-01  3.77029831E-01  3.49216980E-01  2.79803145E-01  2.22449403E-01  2.33372615E-01  3.01942210E-01  3.60169670E-01  3.68277258E-01  3.29971450E-01  2.58358500E-01  2.15062897E-01  2.54910018E-01  3.30529405E-01  3.67921891E-01  3.56739284E-01  3.07288571E-01  2.35931613E-01  2.20809268E-01  2.83387790E-01  3.49463097E-01  3.69650538E-01  3.45019226E-01  2.83187554E-01  2.21015671E-01  2.36144251E-01  3.09583658E-01  3.60452769E-01  3.64204778E-01  3.27294422E-01  2.56797606E-01  2.17505731E-01  2.60171918E-01  3.33961863E-01  3.66252114E-01  3.57279495E-01  3.03502399E-01  2.33586818E-01  2.22373410E-01  2.89274208E-01  3.52645913E-01  3.65730217E-01  3.43021783E-01  2.79609928E-01  2.19871110E-01  2.41810037E-01  3.17363008E-01  3.60026602E-01  3.60837243E-01  3.26579985E-01  2.55074883E-01  2.13872865E-01  2.64074248E-01  3.38737060E-01  3.66072469E-01  3.56237328E-01  3.05442307E-01  2.29015547E-01  2.21566150E-01  2.92002354E-01  3.53697742E-01  3.67120381E-01  3.43929857E-01  2.75949478E-01  2.16654517E-01  2.42182630E-01  3.18132133E-01  3.61881797E-01  3.64075032E-01  3.22723882E-01  2.49548677E-01  2.20124766E-01  2.66965514E-01  3.30720941E-01  3.62696236E-01  3.58556083E-01  3.01464483E-01  2.32113141E-01  2.29259328E-01  2.87413779E-01  3.43386181E-01  3.68581227E-01  3.47642109E-01  2.76620972E-01  2.24717167E-01  2.41411272E-01  3.06884713E-01  3.56373161E-01  3.68147769E-01  3.28773208E-01  2.57569447E-01  2.21371945E-01  2.55053248E-01  3.22620926E-01  3.66514843E-01  3.67128140E-01  3.08893120E-01  2.36933367E-01  2.25207385E-01  2.76285286E-01  3.38941228E-01  3.71209839E-01  3.55941309E-01  2.80447403E-01  2.22039851E-01  2.38010493E-01  3.00673545E-01  3.52392157E-01  3.76657104E-01  3.35044273E-01  2.51889931E-01  2.20896262E-01  2.59660830E-01  3.20399699E-01  3.62836481E-01  3.69619289E-01  3.05351315E-01  2.34667977E-01  2.27385515E-01  2.81642334E-01  3.36566382E-01  3.70320517E-01  3.53463698E-01  2.81315686E-01  2.21579346E-01  2.41855126E-01  3.03326655E-01  3.52230020E-01  3.70532055E-01  3.34533082E-01  2.52999129E-01  2.18512562E-01  2.60468373E-01  3.22011900E-01  3.63434525E-01  3.64361092E-01  3.06469701E-01  2.34212903E-01  2.25702928E-01  2.79807595E-01  3.38835946E-01  3.70999286E-01  3.55851628E-01  2.79554020E-01  2.18111474E-01  2.36487134E-01  2.98496807E-01  3.53520923E-01  3.76769179E-01  3.37274531E-01  2.53639144E-01  2.14501318E-01  2.52679148E-01  3.18692530E-01  3.67056550E-01  3.75019888E-01  3.13270961E-01  2.31930805E-01  2.19047107E-01  2.72237167E-01  3.38229648E-01  3.74938344E-01  3.62296019E-01  2.84482738E-01  2.17901833E-01  2.29458324E-01  2.93731554E-01  3.54691581E-01  3.82639158E-01  3.44684234E-01  2.51889909E-01  2.09699979E-01  2.48157826E-01  3.15801434E-01  3.70568180E-01
  3.11230393E-01  4.07933958E-01  3.88764009E-01  2.92819612E-01  2.30720250E-01  2.13422872E-01  2.50052628E-01  3.53605776E-01  4.14907692E-01  3.53686671E-01  2.65641294E-01  2.21223580E-01  2.18192082E-01  2.85219639E-01  3.89442442E-01  4.00690252E-01  3.15561557E-01  2.45796722E-01  2.15366251E-01  2.32331563E-01  3.24492708E-01  4.07460409E-01  3.75826682E-01  2.88055248E-01  2.32349131E-01  2.15907172E-01  2.56756598E-01  3.58585122E-01  4.06710716E-01  3.42946651E-01  2.64736333E-01  2.26025395E-01  2.26486636E-01  2.87762778E-01  3.80489253E-01  3.93438398E-01  3.12598222E-01  2.46412789E-01  2.20327351E-01  2.37137443E-01  3.19777077E-01  3.97141545E-01  3.72259834E-01  2.91055778E-01  2.36304004E-01  2.19688636E-01  2.56534747E-01  3.51471825E-01  3.95396879E-01  3.47473611E-01  2.75528360E-01  2.30851768E-01  2.23116768E-01  2.79859383E-01  3.66092721E-01  3.91509172E-01  3.29672903E-01  2.63658461E-01  2.20711339E-01  2.27546695E-01  3.05129006E-01  3.91176654E-01  3.80385870E-01  3.06463648E-01  2.49290618E-01  2.09489500E-01  2.39037452E-01  3.39790260E-01  4.08129828E-01  3.64991672E-01  2.87055033E-01  2.24752104E-01  2.04522358E-01  2.64106387E-01  3.78385412E-01  4.14357822E-01  3.42923174E-01  2.59604476E-01  2.05143948E-01  2.14717900E-01  3.05090586E-01  4.11917135E-01  4.00570449E-01  3.08889796E-01  2.29795341E-01  1.97478127E-01  2.38802899E-01  3.55280491E-01  4.25623284E-01  3.71291960E-01  2.73117050E-01  2.10000866E-01  1.99397078E-01  2.75060824E-01  3.96920410E-01  4.17268217E-01  3.31191597E-01  2.45015206E-01  1.98212746E-01  2.18142315E-01  3.17921942E-01  4.20015328E-01  3.92377661E-01  2.97249756E-01  2.22390392E-01  1.99871436E-01  2.47598646E-01  3.57679851E-01  4.23844470E-01  3.62168805E-01  2.63024826E-01  2.09501996E-01  2.17057179E-01  2.84488418E-01  3.92599521E-01  4.06659227E-01  3.18812534E-01  2.38235997E-01  2.10857019E-01  2.34365114E-01  3.32405946E-01  4.10685312E-01  3.71694428E-01  2.83277465E-01  2.26126812E-01  2.18553130E-01  2.64032672E-01  3.72010460E-01  4.04848872E-01  3.38013930E-01  2.61613308E-01  2.21899577E-01  2.17855368E-01  2.96074071E-01  3.88213960E-01  3.87688893E-01  3.15618890E-01  2.52402926E-01  2.13946847E-01  2.33813484E-01  3.27497398E-01  4.01865966E-01  3.67571123E-01  2.94583135E-01  2.37651904E-01  2.06751215E-01  2.51268925E-01  3.63580201E-01  4.03614330E-01  3.47159235E-01  2.77033626E-01  2.17499308E-01  2.08739600E-01  2.87482973E-01  3.86438261E-01  3.96298885E-01  3.27715683E-01  2.51078004E-01  2.06075181E-01  2.30815758E-01  3.21631478E-01  4.00411549E-01  3.80020174E-01  3.01280913E-01  2.28240307E-01  2.03454583E-01  2.49587106E-01  3.57178497E-01  4.13432065E-01  3.57620119E-01  2.73469120E-01  2.11322748E-01  2.11332760E-01  2.82348143E-01  3.85829091E-01  4.06527398E-01  3.30769867E-01  2.43132369E-01  2.07975830E-01  2.26413024E-01  3.15918021E-01  4.01498652E-01  3.85219959E-01  2.99587454E-01  2.30488331E-01  2.06925670E-01  2.48924941E-01  3.47009067E-01  4.07247008E-01  3.64418222E-01  2.69196729E-01  2.16538737E-01  2.11113149E-01  2.77431719E-01  3.76149630E-01  4.09125583E-01  3.35018480E-01  2.46232453E-01  2.09788641E-01  2.26687954E-01
  3.54268065E-01  3.62474637E-01  3.20088934E-01  2.63497160E-01  2.39049196E-01  2.54792027E-01  3.17919256E-01  3.65666311E-01  3.52087872E-01  2.97367433E-01  2.49943012E-01  2.39934104E-01  2.75149795E-01  3.37332273E-01  3.63223917E-01  3.37246057E-01  2.80332287E-01  2.42606402E-01  2.51401706E-01  2.96512562E-01  3.46891927E-01  3.60531957E-01  3.18961149E-01  2.62381324E-01  2.43312763E-01  2.63443939E-01  3.14907757E-01  3.58778000E-01  3.49531825E-01  2.94510488E-01  2.49294819E-01  2.49634719E-01  2.82412550E-01  3.34579718E-01  3.58258233E-01  3.28657500E-01  2.75146987E-01  2.49822079E-01  2.59258714E-01  3.03518779E-01  3.48946643E-01  3.48002826E-01  3.06902103E-01  2.65805815E-01  2.52557930E-01  2.69337749E-01  3.21502397E-01  3.53041832E-01  3.34143813E-01  2.92175971E-01  2.61165043E-01  2.52542505E-01  2.84206114E-01  3.35231502E-01  3.47435317E-01  3.22101549E-01  2.86358807E-01  2.58835374E-01  2.55695256E-01  3.01751677E-01  3.41828682E-01  3.42647167E-01  3.13673359E-01  2.80436521E-01  2.49927347E-01  2.67071424E-01  3.20503492E-01  3.44004701E-01  3.30715973E-01  3.03692916E-01  2.63064688E-01  2.49752285E-01  2.85685587E-01  3.35527067E-01  3.41615878E-01  3.25872775E-01  2.87597004E-01  2.52948431E-01  2.56142182E-01  3.06968500E-01  3.42371504E-01  3.37851649E-01  3.13143416E-01  2.74674988E-01  2.47366912E-01  2.70229837E-01  3.23012360E-01  3.43085394E-01  3.33651990E-01  3.03164278E-01  2.61565840E-01  2.47292907E-01  2.88560937E-01  3.35567644E-01  3.39536282E-01  3.27391964E-01  2.91196321E-01  2.52088300E-01  2.58001162E-01  3.09592675E-01  3.38732612E-01  3.34422749E-01  3.16707442E-01  2.80565416E-01  2.46455537E-01  2.75665497E-01  3.27189711E-01  3.33879124E-01  3.25593167E-01  3.12363927E-01  2.68873191E-01  2.50670892E-01  2.94043999E-01  3.30636275E-01  3.27381277E-01  3.23301413E-01  3.03555134E-01  2.64551550E-01  2.60819377E-01  3.05077026E-01  3.29067408E-01  3.25571657E-01  3.20539330E-01  2.92234123E-01  2.57404906E-01  2.73264275E-01  3.16672057E-01  3.26583128E-01  3.27437123E-01  3.16853292E-01  2.80449123E-01  2.53676797E-01  2.85772617E-01  3.19628394E-01  3.29688091E-01  3.33428420E-01  3.11490176E-01  2.66326819E-01  2.53903655E-01  2.94331696E-01  3.21536420E-01  3.37418682E-01  3.38944957E-01  2.98338134E-01  2.49268905E-01  2.59649528E-01  2.99570915E-01  3.26786629E-01  3.46825275E-01  3.29465883E-01  2.75482311E-01  2.45266902E-01  2.67832107E-01  3.08410955E-01  3.38415207E-01  3.47629498E-01  3.12380604E-01  2.60257118E-01  2.44142822E-01  2.82055712E-01  3.26603949E-01  3.45457931E-01  3.32944820E-01  2.92988445E-01  2.46790788E-01  2.51554130E-01  3.00756597E-01  3.43172027E-01  3.49310181E-01  3.20616503E-01  2.67757872E-01  2.35042017E-01  2.66737885E-01  3.27429129E-01  3.60286387E-01  3.41552904E-01  2.92670994E-01  2.48346603E-01  2.41123558E-01  2.89920093E-01  3.49709887E-01  3.62414147E-01  3.21718797E-01  2.68150773E-01  2.36665858E-01  2.55597780E-01  3.17079335E-01  3.64040675E-01  3.51803050E-01  3.00565776E-01  2.53862457E-01  2.36610712E-01  2.73710846E-01  3.39154652E-01  3.65548770E-01  3.35937320E-01  2.81674531E-01  2.43677356E-01  2.43948641E-01  2.91088064E-01
  2.72982193E-01  2.53001279E-01  2.73693781E-01  3.11079852E-01  3.38878004E-01  3.37235851E-01  3.02193550E-01  2.63893291E-01  2.55928511E-01  2.90107883E-01  3.29340662E-01  3.36817750E-01  3.23099624E-01  2.88368610E-01  2.58476628E-01  2.69535236E-01  3.09441827E-01  3.25841403E-01  3.28023764E-01  3.16702065E-01  2.76958516E-01  2.61390351E-01  2.88383021E-01  3.14082476E-01  3.23782750E-01  3.29702677E-01  3.02291984E-01  2.68597453E-01  2.67094382E-01  2.97599215E-01  3.20710733E-01  3.28765738E-01  3.19286754E-01  2.90998154E-01  2.65696291E-01  2.77334994E-01  3.04937779E-01  3.25694467E-01  3.25455450E-01  3.06214295E-01  2.77991996E-01  2.69682595E-01  2.90034295E-01  3.16323252E-01  3.28008180E-01  3.18522270E-01  2.93177100E-01  2.69759326E-01  2.75686190E-01  3.02427147E-01  3.23268680E-01  3.28465683E-01  3.11757614E-01  2.80393849E-01  2.66485595E-01  2.84993720E-01  3.12859727E-01  3.28224827E-01  3.26312354E-01  3.01547957E-01  2.69396774E-01  2.67660420E-01  2.96348535E-01  3.22177320E-01  3.31852446E-01  3.23440676E-01  2.88220204E-01  2.64407881E-01  2.71884401E-01  2.99741819E-01  3.30622614E-01  3.39669997E-01  3.13794654E-01  2.78007888E-01  2.59097153E-01  2.72282832E-01  3.13878848E-01  3.46128641E-01  3.38277728E-01  2.96463976E-01  2.65815276E-01  2.53468169E-01  2.86762232E-01  3.34242161E-01  3.53849020E-01  3.23527320E-01  2.80935146E-01  2.53714061E-01  2.59467767E-01  3.05889244E-01  3.51490823E-01  3.47903335E-01  3.08929092E-01  2.69395451E-01  2.46187615E-01  2.69520137E-01  3.30447465E-01  3.60393146E-01  3.33992767E-01  2.91149218E-01  2.55412727E-01  2.46182064E-01  2.89552691E-01  3.45827143E-01  3.58567890E-01  3.23551212E-01  2.77527227E-01  2.44708728E-01  2.50955572E-01  3.09291690E-01  3.61024250E-01  3.55081130E-01  3.07614695E-01  2.60057968E-01  2.37208686E-01  2.63490070E-01  3.30028197E-01  3.67770049E-01  3.48342159E-01  2.93695673E-01  2.44394637E-01  2.35132713E-01  2.82973937E-01  3.48976114E-01  3.69926907E-01  3.33732563E-01  2.71766235E-01  2.29383724E-01  2.42109585E-01  3.09203305E-01  3.68185909E-01  3.63794289E-01  3.11090083E-01  2.52425489E-01  2.26226345E-01  2.56214869E-01  3.30761029E-01  3.74661538E-01  3.51954914E-01  2.94752196E-01  2.41871653E-01  2.25891006E-01  2.76832109E-01  3.53350608E-01  3.73502516E-01  3.34638126E-01  2.78134039E-01  2.30751846E-01  2.33754610E-01  3.04762208E-01  3.67182908E-01  3.63772868E-01  3.19572299E-01  2.59678290E-01  2.25957584E-01  2.53957195E-01  3.25763640E-01  3.66136115E-01  3.54925244E-01  3.01342886E-01  2.45962473E-01  2.30077711E-01  2.76281676E-01  3.38563450E-01  3.63902688E-01  3.43773331E-01  2.83643662E-01  2.36197002E-01  2.41335954E-01  2.98371539E-01  3.46641898E-01  3.59521096E-01  3.26497129E-01  2.65830338E-01  2.34093004E-01  2.61361341E-01  3.14399667E-01  3.46742103E-01  3.53979612E-01  3.10943694E-01  2.53616351E-01  2.40955624E-01  2.77831696E-01  3.19824387E-01  3.48633431E-01  3.46129955E-01  2.94191005E-01  2.49849457E-01  2.53997640E-01  2.89926850E-01  3.25028421E-01  3.50130826E-01  3.30430542E-01  2.80921600E-01  2.54203123E-01  2.64115806E-01  2.98058554E-01  3.31037562E-01  3.45802960E-01  3.15885038E-01
  3.42901403E-01  3.67325878E-01  3.34457306E-01  2.60841190E-01  2.30254912E-01  2.63329133E-01  3.12061976E-01  3.55951304E-01  3.62650617E-01  3.12147491E-01  2.41651503E-01  2.34695850E-01  2.78501991E-01  3.28052139E-01  3.66212789E-01  3.54248645E-01  2.84572140E-01  2.30797186E-01  2.45328974E-01  2.95580554E-01  3.44083464E-01  3.67781779E-01  3.32402268E-01  2.62761565E-01  2.29873313E-01  2.59411769E-01  3.10943213E-01  3.57404935E-01  3.58810212E-01  3.08717200E-01  2.46151329E-01  2.34495536E-01  2.76012455E-01  3.33145176E-01  3.61640594E-01  3.45780734E-01  2.85905807E-01  2.33261479E-01  2.39057447E-01  2.98328139E-01  3.47373004E-01  3.58919377E-01  3.34416469E-01  2.65644847E-01  2.20441401E-01  2.54698937E-01  3.21275883E-01  3.56121600E-01  3.60198706E-01  3.18544067E-01  2.42613890E-01  2.17201884E-01  2.70242450E-01  3.35926301E-01  3.67103167E-01  3.62050658E-01  2.94051977E-01  2.19445403E-01  2.24954833E-01  2.93116202E-01  3.50139668E-01  3.79415445E-01  3.48952907E-01  2.61703358E-01  2.10238409E-01  2.43201028E-01  3.07863003E-01  3.65188192E-01  3.84231199E-01  3.23393215E-01  2.36998902E-01  2.14406989E-01  2.60461964E-01  3.24764503E-01  3.80032196E-01  3.73257094E-01  2.94432532E-01  2.21765613E-01  2.23370574E-01  2.81598598E-01  3.47142881E-01  3.84863668E-01  3.52823390E-01  2.67530937E-01  2.14759753E-01  2.39853854E-01  2.98760084E-01  3.64821138E-01  3.88030547E-01  3.29032832E-01  2.42305959E-01  2.14481416E-01  2.53811865E-01  3.21664669E-01  3.81308014E-01  3.76480268E-01  3.01917678E-01  2.23429447E-01  2.19483883E-01  2.73110643E-01  3.43430062E-01  3.87577603E-01  3.61825714E-01  2.70906242E-01  2.10006508E-01  2.32244744E-01  2.99811294E-01  3.62839403E-01  3.88095244E-01  3.37966259E-01  2.41631074E-01  2.04581945E-01  2.53676108E-01  3.26254380E-01  3.82172360E-01  3.81759649E-01  3.02252151E-01  2.14478584E-01  2.14067466E-01  2.78985697E-01  3.50365555E-01  3.91830419E-01  3.61187011E-01  2.65064252E-01  2.02608581E-01  2.32229350E-01  3.07846740E-01  3.70565295E-01  3.92858838E-01  3.31522473E-01  2.29698257E-01  2.03913318E-01  2.60420513E-01  3.33379530E-01  3.82816187E-01  3.80891967E-01  2.92848468E-01  2.12503322E-01  2.21028073E-01  2.87250148E-01  3.53193041E-01  3.95326571E-01  3.54096091E-01  2.53481213E-01  2.08074576E-01  2.44232173E-01  3.08329363E-01  3.77366600E-01  3.89212588E-01  3.14656362E-01  2.28764490E-01  2.17905359E-01  2.66312190E-01  3.35654402E-01  3.86304722E-01  3.69836217E-01  2.81629161E-01  2.20284810E-01  2.34158850E-01  2.87159773E-01  3.50235123E-01  3.84813012E-01  3.42158534E-01  2.57773732E-01  2.23721515E-01  2.53271438E-01  3.11156998E-01  3.64623176E-01  3.71716554E-01  3.09684102E-01  2.41851627E-01  2.29326608E-01  2.73648382E-01  3.32487448E-01  3.71363126E-01  3.50660750E-01  2.84335179E-01  2.34022109E-01  2.46838836E-01  2.95044978E-01  3.40685329E-01  3.64453150E-01  3.33964569E-01  2.65029174E-01  2.33552977E-01  2.64788757E-01  3.12534918E-01  3.51063441E-01  3.58220607E-01  3.10718005E-01  2.48236770E-01  2.40475100E-01  2.79075712E-01  3.25794884E-01  3.61192301E-01  3.52604910E-01  2.86732028E-01  2.33446374E-01  2.47790035E-01  2.96637637E-01
  3.52731741E-01  3.79036569E-01  3.48609948E-01  2.68584717E-01  2.16285216E-01  2.39028296E-01  3.07438994E-01  3.65446731E-01  3.79081250E-01  3.25981377E-01  2.43955238E-01  2.16187777E-01  2.59957314E-01  3.27477110E-01  3.76218728E-01  3.67733527E-01  2.98092566E-01  2.28896526E-01  2.27992425E-01  2.82138184E-01  3.48203215E-01  3.79843298E-01  3.47386768E-01  2.68995391E-01  2.22260128E-01  2.42936494E-01  3.06158983E-01  3.63918894E-01  3.73375212E-01  3.21039129E-01  2.50205255E-01  2.24047008E-01  2.60515727E-01  3.27767878E-01  3.72044985E-01  3.58034601E-01  2.97848898E-01  2.35620209E-01  2.32451053E-01  2.86154080E-01  3.48025901E-01  3.72444114E-01  3.39992838E-01  2.68454359E-01  2.25994830E-01  2.47336284E-01  3.08081368E-01  3.61062765E-01  3.70149618E-01  3.15779203E-01  2.46234503E-01  2.26888984E-01  2.67107489E-01  3.27657614E-01  3.69630423E-01  3.56737498E-01  2.91729130E-01  2.31923556E-01  2.37307062E-01  2.89868017E-01  3.44448311E-01  3.71305048E-01  3.39276128E-01  2.64900729E-01  2.22623426E-01  2.53283267E-01  3.10045478E-01  3.58568410E-01  3.67289397E-01  3.16858943E-01  2.43298260E-01  2.26889210E-01  2.70821742E-01  3.31673262E-01  3.66709906E-01  3.56531968E-01  2.91177455E-01  2.28617533E-01  2.36473138E-01  2.96770172E-01  3.48396596E-01  3.66407807E-01  3.37159650E-01  2.65392681E-01  2.24481923E-01  2.56049724E-01  3.14810060E-01  3.56688661E-01  3.61857400E-01  3.16462993E-01  2.44780014E-01  2.27282308E-01  2.73583294E-01  3.31966598E-01  3.64147163E-01  3.53227290E-01  2.90637162E-01  2.31910305E-01  2.39422180E-01  2.92517740E-01  3.43924570E-01  3.66942385E-01  3.37502646E-01  2.67757220E-01  2.27249427E-01  2.54531468E-01  3.07862310E-01  3.51888089E-01  3.64240692E-01  3.19970609E-01  2.47848110E-01  2.26846314E-01  2.71993422E-01  3.25790815E-01  3.57433579E-01  3.57941634E-01  2.96120209E-01  2.34313034E-01  2.36926906E-01  2.91249371E-01  3.36554663E-01  3.63807978E-01  3.45578709E-01  2.74397159E-01  2.26650231E-01  2.49562433E-01  3.06989285E-01  3.48928799E-01  3.66088809E-01  3.26980375E-01  2.51093798E-01  2.22095111E-01  2.65658251E-01  3.26775300E-01  3.62022265E-01  3.62259654E-01  3.00662294E-01  2.29027950E-01  2.25322935E-01  2.87892423E-01  3.46688383E-01  3.72998833E-01  3.49954432E-01  2.70545631E-01  2.16310338E-01  2.40738900E-01  3.09582044E-01  3.59980116E-01  3.75340006E-01  3.24829810E-01  2.47930701E-01  2.19873006E-01  2.61307123E-01  3.26013555E-01  3.71041711E-01  3.63624974E-01  3.00340881E-01  2.32174048E-01  2.28448805E-01  2.83345720E-01  3.41654995E-01  3.72994312E-01  3.46777367E-01  2.78819582E-01  2.28403728E-01  2.41735314E-01  3.02543663E-01  3.58513003E-01  3.68269084E-01  3.25235279E-01  2.57236525E-01  2.22687894E-01  2.59012595E-01  3.24008058E-01  3.68584660E-01  3.62742628E-01  3.06286031E-01  2.33367742E-01  2.24269587E-01  2.81622021E-01  3.43143908E-01  3.74304282E-01  3.51652699E-01  2.77799666E-01  2.20180787E-01  2.38894533E-01  3.04261083E-01  3.59426253E-01  3.73034296E-01  3.29607428E-01  2.50358521E-01  2.17217617E-01  2.57983043E-01  3.28985308E-01  3.74450233E-01  3.66528412E-01  2.99307542E-01  2.26888984E-01  2.23073988E-01  2.83556768E-01
  3.53173893E-01  3.51791494E-01  3.06670312E-01  2.52289031E-01  2.44784141E-01  2.78194191E-01  3.28295307E-01  3.54990290E-01  3.40117210E-01  2.88730164E-01  2.45451662E-01  2.52333190E-01  2.94778142E-01  3.40669349E-01  3.55929319E-01  3.26699226E-01  2.71646496E-01  2.40721885E-01  2.62912505E-01  3.11898415E-01  3.50738366E-01  3.52905886E-01  3.12724547E-01  2.54507540E-01  2.37949150E-01  2.74678845E-01  3.28909623E-01  3.59292368E-01  3.45626201E-01  2.91729268E-01  2.40315892E-01  2.43104168E-01  2.90900031E-01  3.43760114E-01  3.61015356E-01  3.30763688E-01  2.71873065E-01  2.37659551E-01  2.56470248E-01  3.08752560E-01  3.52080259E-01  3.56300968E-01  3.10821391E-01  2.57078162E-01  2.38650502E-01  2.70772771E-01  3.24613701E-01  3.61641670E-01  3.44666878E-01  2.90889257E-01  2.44734539E-01  2.45742261E-01  2.87259307E-01  3.39375682E-01  3.61902180E-01  3.30348212E-01  2.72918641E-01  2.38177196E-01  2.53315347E-01  3.03611201E-01  3.53670860E-01  3.60499709E-01  3.14071848E-01  2.53988991E-01  2.37167943E-01  2.68122783E-01  3.23057288E-01  3.63594121E-01  3.51302703E-01  2.92714693E-01  2.42784624E-01  2.40727476E-01  2.84331751E-01  3.42698911E-01  3.64657723E-01  3.34925255E-01  2.72685841E-01  2.34772647E-01  2.49850804E-01  3.07509267E-01  3.54962450E-01  3.63550737E-01  3.16445126E-01  2.53000021E-01  2.30892947E-01  2.67262372E-01  3.26542055E-01  3.67591383E-01  3.53474827E-01  2.89006733E-01  2.36918179E-01  2.39591856E-01  2.88853970E-01  3.45829927E-01  3.71330992E-01  3.34621459E-01  2.68315280E-01  2.29714876E-01  2.49265407E-01  3.09952211E-01  3.63991010E-01  3.67515631E-01  3.11566232E-01  2.44605543E-01  2.28716358E-01  2.68348785E-01  3.34917905E-01  3.76409237E-01  3.51253568E-01  2.82474078E-01  2.30663613E-01  2.36265740E-01  2.92610323E-01  3.58596393E-01  3.77734973E-01  3.29077666E-01  2.55233897E-01  2.22847204E-01  2.51766041E-01  3.22682755E-01  3.76441205E-01  3.65378001E-01  2.98278843E-01  2.36675764E-01  2.25426018E-01  2.76087947E-01  3.50943216E-01  3.80525529E-01  3.39420060E-01  2.71801535E-01  2.26519479E-01  2.40192391E-01  3.05180287E-01  3.68248189E-01  3.70848358E-01  3.15351443E-01  2.50533933E-01  2.29004349E-01  2.62318418E-01  3.26259085E-01  3.73275871E-01  3.57585970E-01  2.90148287E-01  2.40545554E-01  2.36313108E-01  2.80688297E-01  3.42654197E-01  3.71207292E-01  3.36485508E-01  2.74088810E-01  2.37310967E-01  2.46828460E-01  2.98031042E-01  3.56001234E-01  3.67318307E-01  3.17847668E-01  2.60497006E-01  2.36198693E-01  2.58544405E-01  3.16945370E-01  3.63828899E-01  3.56746096E-01  2.99211275E-01  2.50531864E-01  2.38723711E-01  2.74672717E-01  3.32239424E-01  3.66475413E-01  3.40740334E-01  2.82971017E-01  2.43930058E-01  2.50253207E-01  2.92582587E-01  3.45965697E-01  3.62740621E-01  3.21150186E-01  2.65176948E-01  2.43124257E-01  2.63840802E-01  3.11737326E-01  3.54872406E-01  3.53098874E-01  3.01521511E-01  2.53998099E-01  2.45871267E-01  2.79520416E-01  3.27924986E-01  3.57821861E-01  3.39526565E-01  2.83466653E-01  2.45023271E-01  2.53347528E-01  2.95252347E-01  3.42488341E-01  3.60108605E-01  3.22469716E-01  2.65945984E-01  2.42343148E-01  2.64818716E-01  3.11799365E-01
  2.98890190E-01  2.40143203E-01  2.30837978E-01  2.64906094E-01  3.33244542E-01  3.86838747E-01  3.48680292E-01  2.71448855E-01  2.36134174E-01  2.47553255E-01  2.85707817E-01  3.55247078E-01  3.78202172E-01  3.14443003E-01  2.54122806E-01  2.45904778E-01  2.62098486E-01  3.12771483E-01  3.71010096E-01  3.54306474E-01  2.86535957E-01  2.50493896E-01  2.52839540E-01  2.79301235E-01  3.38416977E-01  3.70616871E-01  3.28334198E-01  2.69538790E-01  2.47577093E-01  2.63566653E-01  3.00272318E-01  3.54237866E-01  3.64177238E-01  3.04202121E-01  2.54375189E-01  2.50098651E-01  2.76080035E-01  3.19522172E-01  3.66020665E-01  3.44027156E-01  2.78909072E-01  2.48330784E-01  2.59865581E-01  2.92385574E-01  3.44794003E-01  3.70077774E-01  3.19857227E-01  2.56404368E-01  2.44313466E-01  2.69725419E-01  3.13407098E-01  3.63253683E-01  3.59953712E-01  2.91321533E-01  2.44620628E-01  2.47746096E-01  2.84296352E-01  3.37740978E-01  3.72284830E-01  3.34386755E-01  2.70243282E-01  2.38973082E-01  2.49977549E-01  2.95749498E-01  3.58592542E-01  3.73101525E-01  3.16333480E-01  2.54501278E-01  2.35435977E-01  2.56757875E-01  3.17973140E-01  3.75156172E-01  3.63517615E-01  2.95147924E-01  2.45664505E-01  2.32690676E-01  2.67430361E-01  3.38636551E-01  3.87374908E-01  3.44387022E-01  2.73866710E-01  2.38500809E-01  2.32958509E-01  2.80678780E-01  3.67194387E-01  3.89968068E-01  3.22053666E-01  2.59181374E-01  2.25408944E-01  2.35201722E-01  3.07825257E-01  3.86908743E-01  3.80891760E-01  3.04538012E-01  2.43207971E-01  2.14717194E-01  2.45286983E-01  3.35356727E-01  3.99316369E-01  3.65431394E-01  2.84917554E-01  2.25475241E-01  2.11562422E-01  2.74390883E-01  3.62270685E-01  3.96115293E-01  3.48420010E-01  2.63379684E-01  2.08622730E-01  2.22359400E-01  3.00100119E-01  3.82249962E-01  3.89327797E-01  3.21781566E-01  2.37814575E-01  2.02534949E-01  2.43394429E-01  3.28635740E-01  3.93961403E-01  3.77061849E-01  2.92721318E-01  2.17215889E-01  2.13998534E-01  2.67309089E-01  3.56285553E-01  3.99436319E-01  3.49463077E-01  2.66518656E-01  2.11765166E-01  2.22230464E-01  2.95055972E-01  3.82103709E-01  3.88767442E-01  3.22669531E-01  2.43259742E-01  2.14124923E-01  2.40679900E-01  3.25210344E-01  3.96863931E-01  3.73868007E-01  2.91957058E-01  2.23630338E-01  2.16719349E-01  2.64685116E-01  3.54037425E-01  4.04303830E-01  3.51402446E-01  2.60914714E-01  2.15684953E-01  2.25892872E-01  2.92127952E-01  3.81974764E-01  3.95665098E-01  3.20704694E-01  2.41501689E-01  2.13277634E-01  2.39599727E-01  3.20895491E-01  4.01462279E-01  3.81448928E-01  2.92202238E-01  2.23333996E-01  2.09399910E-01  2.60620075E-01  3.53887449E-01  4.09032566E-01  3.57789035E-01  2.68213932E-01  2.12788061E-01  2.14636939E-01  2.88858137E-01  3.79496955E-01  3.99970566E-01  3.27581034E-01  2.49423456E-01  2.10570851E-01  2.31633480E-01  3.18440125E-01  3.94375578E-01  3.79465064E-01  2.99497101E-01  2.37621702E-01  2.14993073E-01  2.58819464E-01  3.41858570E-01  3.96511113E-01  3.56540369E-01  2.79742476E-01  2.25544296E-01  2.25098683E-01  2.84863829E-01  3.61782564E-01  3.92242330E-01  3.32616203E-01  2.59265515E-01  2.22920867E-01  2.42140045E-01  3.06445003E-01  3.79266075E-01  3.76161646E-01
  2.32167068E-01  2.22688601E-01  2.91787941E-01  3.65410332E-01  3.74327317E-01  3.33556966E-01  2.65193758E-01  2.18349365E-01  2.41058000E-01  3.25479706E-01  3.80720719E-01  3.66030470E-01  3.09098155E-01  2.41985804E-01  2.16423679E-01  2.66703153E-01  3.55480127E-01  3.85953445E-01  3.50792858E-01  2.81907670E-01  2.24048264E-01  2.22179596E-01  2.94887707E-01  3.78428916E-01  3.83927187E-01  3.22178059E-01  2.49073459E-01  2.15564675E-01  2.44915856E-01  3.28881899E-01  3.93047608E-01  3.71655538E-01  2.90387310E-01  2.25322873E-01  2.16297321E-01  2.69044340E-01  3.58036230E-01  3.99361124E-01  3.46996272E-01  2.59477831E-01  2.14548459E-01  2.24587230E-01  2.94590759E-01  3.81892763E-01  3.97402842E-01  3.24301487E-01  2.36799439E-01  2.01756719E-01  2.39305377E-01  3.29574658E-01  3.99086348E-01  3.84070135E-01  2.94873513E-01  2.15890836E-01  2.00261819E-01  2.64298259E-01  3.59483670E-01  4.06977457E-01  3.64940011E-01  2.67209256E-01  2.00393209E-01  2.12337709E-01  2.95945227E-01  3.80497061E-01  4.07403924E-01  3.37373929E-01  2.33254917E-01  1.94910970E-01  2.37710722E-01  3.29173936E-01  4.00299911E-01  3.91911595E-01  2.97784871E-01  2.11214104E-01  2.01215959E-01  2.67807515E-01  3.58296048E-01  4.07674278E-01  3.65022687E-01  2.65520658E-01  2.01296505E-01  2.17244480E-01  2.91333430E-01  3.80386863E-01  4.08307813E-01  3.33919905E-01  2.37041250E-01  1.97959437E-01  2.33745314E-01  3.22544399E-01  4.06380066E-01  3.90591063E-01  2.96987435E-01  2.21593814E-01  2.02329096E-01  2.58087083E-01  3.58423746E-01  4.10401599E-01  3.57603770E-01  2.70164141E-01  2.10378534E-01  2.11316608E-01  2.87216074E-01  3.78307246E-01  3.91317535E-01  3.33201222E-01  2.60385747E-01  2.10470552E-01  2.28031095E-01  3.14014036E-01  3.87099222E-01  3.76669311E-01  3.12125910E-01  2.43113943E-01  2.10922179E-01  2.48566763E-01  3.42412700E-01  3.95081697E-01  3.60425101E-01  2.85844887E-01  2.28179900E-01  2.17650775E-01  2.72069570E-01  3.63922387E-01  3.95145550E-01  3.39714163E-01  2.61635066E-01  2.19227725E-01  2.31971129E-01  3.06025370E-01  3.78521209E-01  3.84126320E-01  3.12586029E-01  2.43604160E-01  2.18694882E-01  2.50479346E-01  3.30379959E-01  3.87056261E-01  3.64850912E-01  2.87778396E-01  2.33831253E-01  2.24770589E-01  2.73529942E-01  3.55425144E-01  3.82551853E-01  3.36786713E-01  2.69916637E-01  2.29397430E-01  2.41205672E-01  3.00450905E-01  3.65269908E-01  3.71937871E-01  3.18619307E-01  2.57037034E-01  2.33462749E-01  2.53131212E-01  3.16128483E-01  3.69480063E-01  3.62144115E-01  2.96726183E-01  2.49063326E-01  2.35612771E-01  2.66982335E-01  3.38088259E-01  3.76476292E-01  3.41159336E-01  2.80351227E-01  2.38644313E-01  2.40431078E-01  2.97217328E-01  3.58546223E-01  3.65638025E-01  3.19254250E-01  2.62162663E-01  2.34851813E-01  2.60012039E-01  3.20492784E-01  3.63609613E-01  3.53085348E-01  3.00187738E-01  2.44589454E-01  2.34009279E-01  2.78550594E-01  3.38565132E-01  3.70829997E-01  3.40990841E-01  2.78832652E-01  2.30585353E-01  2.42022797E-01  3.01765598E-01  3.65130798E-01  3.69907260E-01  3.19228214E-01  2.54555775E-01  2.21525504E-01  2.56058301E-01  3.39357449E-01  3.78677596E-01  3.52680083E-01  2.95179349E-01
  2.61057102E-01  2.67111481E-01  2.99549804E-01  3.35682904E-01  3.39592821E-01  3.07847746E-01  2.72631742E-01  2.61271681E-01  2.76279083E-01  3.16098881E-01  3.44661074E-01  3.27316483E-01  2.89521154E-01  2.66283990E-01  2.62247519E-01  2.88999265E-01  3.33822272E-01  3.44589334E-01  3.13562981E-01  2.76624454E-01  2.61325821E-01  2.70963759E-01  3.07785687E-01  3.43268957E-01  3.33977274E-01  2.98266213E-01  2.66017802E-01  2.61216371E-01  2.84863719E-01  3.27328429E-01  3.40357640E-01  3.21763943E-01  2.87878067E-01  2.58281860E-01  2.63651328E-01  3.03633829E-01  3.34266697E-01  3.39573704E-01  3.15187293E-01  2.73497088E-01  2.51462203E-01  2.74533011E-01  3.17011062E-01  3.41260203E-01  3.35415315E-01  3.00385660E-01  2.61948584E-01  2.58253480E-01  2.92220217E-01  3.25882417E-01  3.39573796E-01  3.22317443E-01  2.87156564E-01  2.57919647E-01  2.70658419E-01  3.07124831E-01  3.27753942E-01  3.29987009E-01  3.13260639E-01  2.78550272E-01  2.59978982E-01  2.83970712E-01  3.14079707E-01  3.28351929E-01  3.24572973E-01  2.98179742E-01  2.69751476E-01  2.70961769E-01  2.94475291E-01  3.17160451E-01  3.29961038E-01  3.18272266E-01  2.85387811E-01  2.69763067E-01  2.80315595E-01  3.00941622E-01  3.24829165E-01  3.31714492E-01  3.03048627E-01  2.79847040E-01  2.74650327E-01  2.86950166E-01  3.09926395E-01  3.32957523E-01  3.22077132E-01  2.95295722E-01  2.78147528E-01  2.76470981E-01  2.93475900E-01  3.18162178E-01  3.28845558E-01  3.15925717E-01  2.94170205E-01  2.76362793E-01  2.78784340E-01  2.96174717E-01  3.21568368E-01  3.26866327E-01  3.10917573E-01  2.89301179E-01  2.74468236E-01  2.82501164E-01  3.03014686E-01  3.24142637E-01  3.25225863E-01  3.05789021E-01  2.82212670E-01  2.75142463E-01  2.87796980E-01  3.08214490E-01  3.25189468E-01  3.21187866E-01  2.98435256E-01  2.80013310E-01  2.80815633E-01  2.90670220E-01  3.08593031E-01  3.27365271E-01  3.19693857E-01  2.91905284E-01  2.77411219E-01  2.81118390E-01  2.91354326E-01  3.16679425E-01  3.31045851E-01  3.10833253E-01  2.86023036E-01  2.80293660E-01  2.80316826E-01  2.95951058E-01  3.24715154E-01  3.24411368E-01  3.04475698E-01  2.87173006E-01  2.78606321E-01  2.78135336E-01  3.06213061E-01  3.29495542E-01  3.21905328E-01  2.98670139E-01  2.83491248E-01  2.72824161E-01  2.81770545E-01  3.17293636E-01  3.32336282E-01  3.17188056E-01  2.93347546E-01  2.75160511E-01  2.71422140E-01  2.94527094E-01  3.26816892E-01  3.33424448E-01  3.09001610E-01  2.84086596E-01  2.72357434E-01  2.75680555E-01  3.04446471E-01  3.35581787E-01  3.29797008E-01  3.00498977E-01  2.76451403E-01  2.65903403E-01  2.83081018E-01  3.21727116E-01  3.38796511E-01  3.20701707E-01  2.89152904E-01  2.67481296E-01  2.68062934E-01  3.00788391E-01  3.34279192E-01  3.36472143E-01  3.05722285E-01  2.74468688E-01  2.64626262E-01  2.80182470E-01  3.16074218E-01  3.40276100E-01  3.26475404E-01  2.90627307E-01  2.68327044E-01  2.67212283E-01  2.90082613E-01  3.29589455E-01  3.38484125E-01  3.13869349E-01  2.81266766E-01  2.62725663E-01  2.70368758E-01  3.06635839E-01  3.36912980E-01  3.33946514E-01  3.00927602E-01  2.69760226E-01  2.60094098E-01  2.82321055E-01  3.23582643E-01  3.41789473E-01  3.22756355E-01  2.86611648E-01
  3.69703429E-01  3.31674205E-01  2.71113306E-01  2.47376154E-01  2.57029274E-01  2.96791202E-01  3.52759214E-01  3.66079890E-01  3.08039511E-01  2.55277560E-01  2.44514046E-01  2.71295136E-01  3.19067287E-01  3.67490993E-01  3.48718935E-01  2.83551971E-01  2.43206535E-01  2.50505197E-01  2.87035342E-01  3.42466526E-01  3.72066854E-01  3.27653844E-01  2.60082674E-01  2.36298031E-01  2.60685804E-01  3.07916303E-01  3.63301099E-01  3.63671111E-01  2.99072627E-01  2.42899814E-01  2.41521414E-01  2.76834635E-01  3.31073622E-01  3.70979470E-01  3.43337610E-01  2.75727301E-01  2.36010233E-01  2.48277967E-01  2.94366117E-01  3.50033778E-01  3.69717381E-01  3.25728138E-01  2.54499433E-01  2.31347458E-01  2.62461034E-01  3.12571732E-01  3.64395535E-01  3.64120259E-01  3.00118233E-01  2.39381628E-01  2.36235274E-01  2.76166921E-01  3.33646907E-01  3.75082175E-01  3.50795542E-01  2.75680074E-01  2.27073076E-01  2.45545317E-01  2.96177268E-01  3.50230108E-01  3.77417356E-01  3.32599537E-01  2.53373159E-01  2.27450178E-01  2.56820799E-01  3.07794313E-01  3.66376907E-01  3.75978957E-01  3.06103138E-01  2.39965966E-01  2.34319522E-01  2.71264098E-01  3.21372045E-01  3.73264306E-01  3.59300321E-01  2.87415518E-01  2.36963883E-01  2.41919125E-01  2.78989521E-01  3.39335620E-01  3.75864535E-01  3.37940602E-01  2.71622685E-01  2.38520118E-01  2.49765009E-01  2.94387963E-01  3.49594264E-01  3.69136845E-01  3.21044946E-01  2.61562644E-01  2.39811270E-01  2.55829391E-01  3.00950691E-01  3.61664034E-01  3.64149680E-01  3.04056476E-01  2.51357155E-01  2.42658727E-01  2.62453857E-01  3.18072330E-01  3.73224310E-01  3.54418540E-01  2.85399451E-01  2.44274768E-01  2.44043389E-01  2.74468002E-01  3.43852972E-01  3.78818172E-01  3.29609575E-01  2.66656322E-01  2.40537939E-01  2.48363128E-01  2.95479901E-01  3.64816340E-01  3.68050986E-01  3.07857520E-01  2.55157250E-01  2.38501444E-01  2.59096121E-01  3.24416299E-01  3.76795668E-01  3.47648479E-01  2.85273572E-01  2.46915127E-01  2.40195023E-01  2.76420944E-01  3.50351482E-01  3.76249732E-01  3.23696716E-01  2.70242542E-01  2.42524863E-01  2.43236631E-01  2.99394772E-01  3.70582341E-01  3.65292566E-01  3.05953565E-01  2.59341115E-01  2.33191930E-01  2.55436717E-01  3.28963778E-01  3.76994534E-01  3.44181308E-01  2.88555505E-01  2.46948919E-01  2.34993121E-01  2.81211397E-01  3.54544623E-01  3.68146902E-01  3.22488365E-01  2.71757417E-01  2.38190830E-01  2.50124368E-01  3.08471264E-01  3.64674992E-01  3.57082471E-01  3.05571070E-01  2.56287347E-01  2.38777321E-01  2.66051207E-01  3.28604721E-01  3.75234826E-01  3.45011264E-01  2.83597434E-01  2.41517929E-01  2.43819893E-01  2.86074374E-01  3.48553366E-01  3.72282202E-01  3.25952111E-01  2.63813379E-01  2.37862927E-01  2.55163897E-01  3.07260584E-01  3.66673341E-01  3.62304413E-01  3.01143543E-01  2.49300975E-01  2.43313810E-01  2.72270829E-01  3.31979950E-01  3.73361326E-01  3.42913678E-01  2.76778111E-01  2.42982411E-01  2.50692216E-01  2.91298147E-01  3.55592277E-01  3.68125263E-01  3.13285450E-01  2.60520948E-01  2.46097362E-01  2.62043314E-01  3.13135870E-01  3.68957415E-01  3.51567531E-01  2.90365265E-01  2.52589035E-01  2.52264652E-01  2.77508922E-01  3.33435076E-01
  3.04379411E-01  2.42332113E-01  2.32469808E-01  2.76646003E-01  3.38166326E-01  3.68939063E-01  3.43801783E-01  2.80877344E-01  2.31786949E-01  2.41194014E-01  2.99925919E-01  3.56787636E-01  3.65192607E-01  3.20850462E-01  2.61063072E-01  2.28289974E-01  2.56391151E-01  3.24420197E-01  3.69348997E-01  3.50659981E-01  2.98177220E-01  2.47743064E-01  2.33185407E-01  2.75691520E-01  3.46490433E-01  3.68772131E-01  3.35423795E-01  2.80060818E-01  2.36471423E-01  2.39038927E-01  3.02454420E-01  3.62518914E-01  3.64016068E-01  3.16308920E-01  2.62549754E-01  2.29578697E-01  2.55086663E-01  3.26276749E-01  3.71332462E-01  3.53280047E-01  2.96950107E-01  2.45905795E-01  2.32076133E-01  2.78161567E-01  3.45013599E-01  3.71814792E-01  3.40732616E-01  2.78095630E-01  2.34965177E-01  2.40284749E-01  2.98559524E-01  3.61173628E-01  3.69500570E-01  3.19757188E-01  2.59116262E-01  2.29139445E-01  2.55124845E-01  3.22939776E-01  3.73452903E-01  3.60776538E-01  2.98442705E-01  2.40418690E-01  2.28411051E-01  2.74674715E-01  3.47663416E-01  3.81467168E-01  3.45747955E-01  2.76197893E-01  2.27399783E-01  2.32714419E-01  2.99168544E-01  3.68511422E-01  3.79586079E-01  3.24106964E-01  2.52484680E-01  2.20587427E-01  2.52262918E-01  3.27372417E-01  3.79398996E-01  3.64827913E-01  2.98835458E-01  2.35705270E-01  2.23693805E-01  2.76720953E-01  3.48961844E-01  3.82237462E-01  3.47231925E-01  2.75470343E-01  2.21351474E-01  2.36847748E-01  3.00464352E-01  3.66952030E-01  3.77567713E-01  3.24626927E-01  2.49089318E-01  2.23162862E-01  2.57646625E-01  3.24589471E-01  3.75265141E-01  3.62845757E-01  2.97024175E-01  2.35847845E-01  2.31991223E-01  2.78138640E-01  3.43361406E-01  3.74928830E-01  3.43272757E-01  2.74160384E-01  2.29781931E-01  2.43465210E-01  2.99638413E-01  3.61063772E-01  3.72076476E-01  3.21439292E-01  2.53959050E-01  2.27347841E-01  2.57976842E-01  3.18640525E-01  3.71655020E-01  3.64712641E-01  2.98800256E-01  2.36461932E-01  2.30647847E-01  2.71882319E-01  3.38502042E-01  3.79935738E-01  3.50945191E-01  2.72789285E-01  2.30022888E-01  2.37078638E-01  2.86938591E-01  3.60041760E-01  3.82437416E-01  3.27040172E-01  2.53847929E-01  2.29927568E-01  2.50017482E-01  3.07462335E-01  3.72733854E-01  3.75096864E-01  3.04485980E-01  2.38699502E-01  2.31969574E-01  2.68117168E-01  3.31718805E-01  3.78468530E-01  3.57085638E-01  2.80073656E-01  2.29968494E-01  2.38040562E-01  2.88442659E-01  3.51768669E-01  3.77343351E-01  3.35783639E-01  2.58375185E-01  2.25673737E-01  2.51722903E-01  3.06235673E-01  3.64487370E-01  3.71827705E-01  3.11169304E-01  2.39169316E-01  2.30868509E-01  2.67364774E-01  3.29193264E-01  3.77058808E-01  3.56682395E-01  2.77508850E-01  2.29157666E-01  2.38448779E-01  2.90194027E-01  3.54479226E-01  3.75583744E-01  3.28767078E-01  2.56971569E-01  2.26770802E-01  2.52191660E-01  3.15546282E-01  3.68414819E-01  3.65488685E-01  3.02816677E-01  2.40139789E-01  2.28516845E-01  2.73506346E-01  3.37045084E-01  3.70717770E-01  3.49194929E-01  2.82829106E-01  2.30058800E-01  2.41216876E-01  2.92046520E-01  3.50422327E-01  3.71299176E-01  3.29182896E-01  2.59785002E-01  2.27846931E-01  2.57209878E-01  3.16123809E-01  3.62975995E-01  3.60421787E-01
  2.40822390E-01  9.95090264E-02  1.24353496E-01  2.66120028E-01  4.30551429E-01  5.13102042E-01  3.98317861E-01  1.92897465E-01  9.93887857E-02  1.47093978E-01  3.08113451E-01  4.70372019E-01  4.94236052E-01  3.45765178E-01  1.63341349E-01  9.60385441E-02  1.80509373E-01  3.64710360E-01  4.89384871E-01  4.71091059E-01  2.97885218E-01  1.27256499E-01  1.00500425E-01  2.28083531E-01  4.13444029E-01  5.12668057E-01  4.39540513E-01  2.26308946E-01  9.46964901E-02  1.19485314E-01  2.97637746E-01  4.76326786E-01  5.15367601E-01  3.55841126E-01  1.75159445E-01  9.04484139E-02  1.70225325E-01  3.68787694E-01  5.09376258E-01  4.68538041E-01  2.94043611E-01  1.34741622E-01  9.79241980E-02  2.42839638E-01  4.48363720E-01  5.11632030E-01  4.00641079E-01  2.23542962E-01  1.03989251E-01  1.37370755E-01  3.31207496E-01  4.93505604E-01  4.88957541E-01  3.29817514E-01  1.60692642E-01  9.49662208E-02  2.01745280E-01  4.08871639E-01  5.23629480E-01  4.44864939E-01  2.51447083E-01  1.17353866E-01  1.10227618E-01  2.73504094E-01  4.76550770E-01  5.18854805E-01  3.71238591E-01  1.85338296E-01  9.29821373E-02  1.58137555E-01  3.57566664E-01  5.22378193E-01  4.85351942E-01  2.94784573E-01  1.31316048E-01  9.60986086E-02  2.22902443E-01  4.41602333E-01  5.43165183E-01  4.16271196E-01  2.17050244E-01  9.48760123E-02  1.23493356E-01  3.16336070E-01  5.13024138E-01  5.09659915E-01  3.36765805E-01  1.55636157E-01  8.18906313E-02  1.85961422E-01  4.16603452E-01  5.53079840E-01  4.47005279E-01  2.50093900E-01  1.02739587E-01  9.39910407E-02  2.67642723E-01  4.97953559E-01  5.46478905E-01  3.80389636E-01  1.73399960E-01  6.70188694E-02  1.35740123E-01  3.69995302E-01  5.58739877E-01  5.13581383E-01  2.83707664E-01  1.02772135E-01  6.88218648E-02  2.19354783E-01  4.59869133E-01  5.86507874E-01  4.24113015E-01  1.92916089E-01  7.08631046E-02  1.17369749E-01  3.23401358E-01  5.43152935E-01  5.37191065E-01  3.20409825E-01  1.23605543E-01  6.70637220E-02  1.87713861E-01  4.37607210E-01  5.81285569E-01  4.52657375E-01  2.21253244E-01  7.72368127E-02  9.13111829E-02  2.73122455E-01  5.29829594E-01  5.58006185E-01  3.55737383E-01  1.52485683E-01  6.95220013E-02  1.48654031E-01  3.73767337E-01  5.61350331E-01  5.01709879E-01  2.70191267E-01  1.02712798E-01  8.55201110E-02  2.21234117E-01  4.46517661E-01  5.58996465E-01  4.27606147E-01  2.02589761E-01  7.96559438E-02  1.22958313E-01  3.04736197E-01  5.02734665E-01  5.35948503E-01  3.48171838E-01  1.41520458E-01  7.20775357E-02  1.67604302E-01  3.75378059E-01  5.24575858E-01  4.93136661E-01  2.88135430E-01  1.04893237E-01  8.24260659E-02  2.16380587E-01  4.17134804E-01  5.37129994E-01  4.40340868E-01  2.34361270E-01  8.60014653E-02  9.43134535E-02  2.57470974E-01  4.68525178E-01  5.37206613E-01  3.96716702E-01  1.87499273E-01  7.16758199E-02  1.21108843E-01  3.04803588E-01  4.97179097E-01  5.29567749E-01  3.47875710E-01  1.45643651E-01  7.49568252E-02  1.48410753E-01  3.36453626E-01  5.17346819E-01  5.03523444E-01  3.07394468E-01  1.28596539E-01  8.14948436E-02  1.80622623E-01  3.67584784E-01  5.07579806E-01  4.79167543E-01  2.81589694E-01  1.12181110E-01  9.87744956E-02  2.28858944E-01  3.89111114E-01  5.12935160E-01  4.45927755E-01
  2.83508835E-01  2.64447836E-01  2.63515968E-01  3.02021586E-01  3.43275350E-01  3.38627487E-01  3.02557496E-01  2.76455378E-01  2.61020577E-01  2.72904227E-01  3.19278628E-01  3.48678711E-01  3.25441025E-01  2.91098174E-01  2.71437033E-01  2.59419428E-01  2.84544506E-01  3.36572139E-01  3.46364487E-01  3.13865409E-01  2.84379571E-01  2.63261056E-01  2.62761683E-01  3.01582774E-01  3.44707141E-01  3.37857369E-01  3.04782155E-01  2.78318332E-01  2.56258691E-01  2.67394033E-01  3.20789191E-01  3.47627409E-01  3.27812546E-01  2.96662536E-01  2.69236669E-01  2.50749927E-01  2.80379080E-01  3.35502168E-01  3.47913741E-01  3.20193538E-01  2.87830658E-01  2.57714576E-01  2.50413496E-01  2.99840379E-01  3.49968598E-01  3.43693906E-01  3.09261204E-01  2.77856684E-01  2.48644470E-01  2.60616033E-01  3.19932990E-01  3.55464077E-01  3.34037756E-01  2.97443990E-01  2.65883810E-01  2.44821674E-01  2.75770714E-01  3.39455360E-01  3.55736437E-01  3.19710945E-01  2.86492790E-01  2.56866365E-01  2.47539360E-01  2.97276373E-01  3.52295549E-01  3.46020299E-01  3.08639355E-01  2.78021720E-01  2.47490065E-01  2.60300663E-01  3.20538164E-01  3.52441453E-01  3.34371165E-01  3.01198018E-01  2.65930216E-01  2.47848880E-01  2.81026484E-01  3.33733949E-01  3.46246620E-01  3.24020323E-01  2.92030635E-01  2.57313461E-01  2.55659672E-01  3.00160381E-01  3.40084093E-01  3.39839142E-01  3.16231619E-01  2.79595722E-01  2.53638063E-01  2.66057385E-01  3.13687360E-01  3.45364279E-01  3.34767539E-01  3.03804643E-01  2.68568073E-01  2.52933411E-01  2.78265024E-01  3.25041806E-01  3.44922292E-01  3.27083509E-01  2.91969930E-01  2.64079751E-01  2.56464327E-01  2.90618913E-01  3.36116185E-01  3.42001983E-01  3.14035125E-01  2.84182689E-01  2.59925550E-01  2.64573416E-01  3.08859000E-01  3.41083059E-01  3.31874094E-01  3.02706691E-01  2.76236648E-01  2.57317298E-01  2.75038516E-01  3.25779006E-01  3.45855050E-01  3.22646989E-01  2.91319612E-01  2.67096084E-01  2.57950607E-01  2.91374304E-01  3.40679649E-01  3.42547350E-01  3.09793479E-01  2.81785166E-01  2.60241130E-01  2.64001757E-01  3.11790004E-01  3.47343319E-01  3.32478142E-01  2.97110109E-01  2.72855395E-01  2.58993715E-01  2.77496342E-01  3.28834675E-01  3.47733727E-01  3.17367321E-01  2.87938002E-01  2.69538848E-01  2.64689490E-01  2.95629462E-01  3.39153538E-01  3.37310816E-01  3.04952765E-01  2.81752190E-01  2.66267878E-01  2.70168637E-01  3.12996301E-01  3.42850142E-01  3.27224866E-01  2.96384337E-01  2.77782869E-01  2.64158384E-01  2.81134652E-01  3.24778686E-01  3.41237468E-01  3.17320150E-01  2.86865489E-01  2.70175820E-01  2.66985507E-01  2.95832949E-01  3.37429202E-01  3.39178766E-01  3.02826954E-01  2.76018095E-01  2.67473626E-01  2.74431063E-01  3.15545691E-01  3.50161545E-01  3.28031368E-01  2.86560390E-01  2.69412866E-01  2.64952164E-01  2.87050113E-01  3.32718354E-01  3.48863901E-01  3.14069898E-01  2.78151206E-01  2.66907131E-01  2.67990623E-01  2.98660533E-01  3.45296884E-01  3.43571733E-01  3.01863759E-01  2.72765531E-01  2.64016913E-01  2.70739376E-01  3.15418070E-01  3.51171876E-01  3.30834427E-01  2.90070189E-01  2.71760609E-01  2.61484792E-01  2.83705447E-01  3.32919438E-01  3.48654190E-01  3.15360362E-01
  3.04171837E-01  3.36323473E-01  3.27323354E-01  3.02422108E-01  2.83308264E-01  2.65562854E-01  2.75463708E-01  3.16204478E-01  3.34862463E-01  3.17747427E-01  2.98577168E-01  2.79753025E-01  2.63621191E-01  2.86972713E-01  3.25405928E-01  3.30975116E-01  3.10972895E-01  2.97654678E-01  2.73784349E-01  2.64708697E-01  2.98454389E-01  3.31696086E-01  3.25533647E-01  3.07419776E-01  2.87357825E-01  2.65370499E-01  2.74623632E-01  3.13871340E-01  3.30608009E-01  3.19296595E-01  3.02111261E-01  2.76872478E-01  2.64294925E-01  2.88986343E-01  3.24695681E-01  3.28897281E-01  3.15414038E-01  2.94032544E-01  2.68957432E-01  2.71443145E-01  3.04287730E-01  3.29158898E-01  3.23682532E-01  3.06836430E-01  2.85401448E-01  2.66317904E-01  2.82638260E-01  3.16708445E-01  3.32226158E-01  3.16608964E-01  2.96893508E-01  2.77059550E-01  2.68644983E-01  2.98529719E-01  3.28724649E-01  3.24608975E-01  3.08729061E-01  2.90409262E-01  2.71537515E-01  2.79740076E-01  3.14690421E-01  3.26287550E-01  3.15776495E-01  3.02044177E-01  2.83471736E-01  2.73811969E-01  2.94404000E-01  3.23324203E-01  3.20892615E-01  3.05237075E-01  2.92730545E-01  2.80952084E-01  2.84464117E-01  3.07845407E-01  3.20360071E-01  3.10747191E-01  2.98588428E-01  2.90529244E-01  2.85921058E-01  2.94882955E-01  3.16390393E-01  3.15374486E-01  2.97849961E-01  2.93112299E-01  2.91291939E-01  2.90800873E-01  3.09136175E-01  3.17872437E-01  3.03705961E-01  2.91702353E-01  2.91756822E-01  2.91672889E-01  2.96487028E-01  3.17260179E-01  3.16225740E-01  2.98692824E-01  2.91087835E-01  2.90700362E-01  2.87933371E-01  3.05700265E-01  3.21272589E-01  3.11644326E-01  2.95592806E-01  2.90682807E-01  2.84888002E-01  2.95023560E-01  3.15329079E-01  3.19174648E-01  3.03519693E-01  2.90816671E-01  2.86554330E-01  2.89032631E-01  3.04477990E-01  3.17485975E-01  3.15746248E-01  2.98731965E-01  2.86119781E-01  2.86645226E-01  2.93397771E-01  3.06205475E-01  3.21154131E-01  3.16736369E-01  2.94878039E-01  2.77967920E-01  2.80900154E-01  2.97290436E-01  3.14131535E-01  3.21912732E-01  3.10162442E-01  2.91684846E-01  2.78370810E-01  2.83635480E-01  3.00706570E-01  3.16222507E-01  3.22433779E-01  3.07801428E-01  2.86606042E-01  2.77262429E-01  2.85226449E-01  3.00218828E-01  3.20365162E-01  3.23743345E-01  3.04501172E-01  2.82983128E-01  2.78284728E-01  2.82789907E-01  3.01134432E-01  3.26555182E-01  3.22506467E-01  2.98679629E-01  2.82032724E-01  2.76351949E-01  2.84989485E-01  3.11900877E-01  3.29944674E-01  3.14993589E-01  2.92075716E-01  2.80116725E-01  2.79027637E-01  2.92180248E-01  3.15929854E-01  3.27114847E-01  3.09709084E-01  2.87672775E-01  2.78800927E-01  2.82598960E-01  2.96564956E-01  3.20853184E-01  3.25044231E-01  3.02858917E-01  2.84475996E-01  2.80817053E-01  2.83159893E-01  3.00274208E-01  3.26906679E-01  3.22415644E-01  2.99161225E-01  2.85437114E-01  2.78901529E-01  2.81028643E-01  3.07707275E-01  3.29417897E-01  3.19077084E-01  2.96691460E-01  2.84763356E-01  2.73268388E-01  2.81991701E-01  3.19611433E-01  3.34902272E-01  3.13493501E-01  2.92266107E-01  2.76165071E-01  2.66677830E-01  2.93413444E-01  3.31964487E-01  3.34047940E-01  3.05298648E-01  2.88611001E-01  2.71383604E-01  2.70508253E-01
  3.04171837E-01  3.36323473E-01  3.27323354E-01  3.02422108E-01  2.83308264E-01  2.65562854E-01  2.75463708E-01  3.16204478E-01  3.34862463E-01  3.17747427E-01  2.98577168E-01  2.79753025E-01  2.63621191E-01  2.86972713E-01  3.25405928E-01  3.30975116E-01  3.10972895E-01  2.97654678E-01  2.73784349E-01  2.64708697E-01  2.98454389E-01  3.31696086E-01  3.25533647E-01  3.07419776E-01  2.87357825E-01  2.65370499E-01  2.74623632E-01  3.13871340E-01  3.30608009E-01  3.19296595E-01  3.02111261E-01  2.76872478E-01  2.64294925E-01  2.88986343E-01  3.24695681E-01  3.28897281E-01  3.15414038E-01  2.94032544E-01  2.68957432E-01  2.71443145E-01  3.04287730E-01  3.29158898E-01  3.23682532E-01  3.06836430E-01  2.85401448E-01  2.66317904E-01  2.82638260E-01  3.16708445E-01  3.32226158E-01  3.16608964E-01  2.96893508E-01  2.77059550E-01  2.68644983E-01  2.98529719E-01  3.28724649E-01  3.24608975E-01  3.08729061E-01  2.90409262E-01  2.71537515E-01  2.79740076E-01  3.14690421E-01  3.26287550E-01  3.15776495E-01  3.02044177E-01  2.83471736E-01  2.73811969E-01  2.94404000E-01  3.23324203E-01  3.20892615E-01  3.05237075E-01  2.92730545E-01  2.80952084E-01  2.84464117E-01  3.07845407E-01  3.20360071E-01  3.10747191E-01  2.98588428E-01  2.90529244E-01  2.85921058E-01  2.94882955E-01  3.16390393E-01  3.15374486E-01  2.97849961E-01  2.93112299E-01  2.91291939E-01  2.90800873E-01  3.09136175E-01  3.17872437E-01  3.03705961E-01  2.91702353E-01  2.91756822E-01  2.91672889E-01  2.96487028E-01  3.17260179E-01  3.16225740E-01  2.98692824E-01  2.91087835E-01  2.90700362E-01  2.87933371E-01  3.05700265E-01  3.21272589E-01  3.11644326E-01  2.95592806E-01  2.90682807E-01  2.84888002E-01  2.95023560E-01  3.15329079E-01  3.19174648E-01  3.03519693E-01  2.90816671E-01  2.86554330E-01  2.89032631E-01  3.04477990E-01  3.17485975E-01  3.15746248E-01  2.98731965E-01  2.86119781E-01  2.86645226E-01  2.93397771E-01  3.06205475E-01  3.21154131E-01  3.16736369E-01  2.94878039E-01  2.77967920E-01  2.80900154E-01  2.97290436E-01  3.14131535E-01  3.21912732E-01  3.10162442E-01  2.91684846E-01  2.78370810E-01  2.83635480E-01  3.00706570E-01  3.16222507E-01  3.22433779E-01  3.07801428E-01  2.86606042E-01  2.77262429E-01  2.85226449E-01  3.00218828E-01  3.20365162E-01  3.23743345E-01  3.04501172E-01  2.82983128E-01  2.78284728E-01  2.82789907E-01  3.01134432E-01  3.26555182E-01  3.22506467E-01  2.98679629E-01  2.82032724E-01  2.76351949E-01  2.84989485E-01  3.11900877E-01  3.29944674E-01  3.14993589E-01  2.92075716E-01  2.80116725E-01  2.79027637E-01  2.92180248E-01  3.15929854E-01  3.27114847E-01  3.09709084E-01  2.87672775E-01  2.78800927E-01  2.82598960E-01  2.96564956E-01  3.20853184E-01  3.25044231E-01  3.02858917E-01  2.84475996E-01  2.80817053E-01  2.83159893E-01  3.00274208E-01  3.26906679E-01  3.22415644E-01  2.99161225E-01  2.85437114E-01  2.78901529E-01  2.81028643E-01  3.07707275E-01  3.29417897E-01  3.19077084E-01  2.96691460E-01  2.84763356E-01  2.73268388E-01  2.81991701E-01  3.19611433E-01  3.34902272E-01  3.13493501E-01  2.92266107E-01  2.76165071E-01  2.66677830E-01  2.93413444E-01  3.31964487E-01  3.34047940E-01  3.05298648E-01  2.88611001E-01  2.71383604E-01  2.70508253E-01
  2.66230227E-01  3.60693441E-01  4.00562398E-01  3.60335137E-01  2.72664615E-01  2.03756411E-01  2.15104922E-01  3.00619588E-01  3.80724518E-01  3.93797310E-01  3.32691770E-01  2.42744194E-01  1.99629755E-01  2.42007496E-01  3.32354385E-01  3.91186849E-01  3.77431990E-01  3.01474275E-01  2.23339703E-01  2.05672801E-01  2.70419762E-01  3.56904089E-01  3.94351730E-01  3.56131467E-01  2.73537089E-01  2.09495795E-01  2.19276824E-01  2.99169830E-01  3.74328282E-01  3.89652593E-01  3.32732841E-01  2.48592954E-01  2.04560910E-01  2.43206579E-01  3.27016373E-01  3.86222185E-01  3.78599199E-01  3.04669634E-01  2.24753030E-01  2.07412302E-01  2.68495963E-01  3.51980914E-01  3.94949748E-01  3.62480423E-01  2.72716513E-01  2.06288977E-01  2.23270036E-01  2.99435591E-01  3.69102100E-01  3.92819173E-01  3.35036238E-01  2.42711619E-01  2.04640719E-01  2.45739061E-01  3.22456434E-01  3.84276468E-01  3.82452457E-01  3.06890987E-01  2.22324057E-01  2.08937091E-01  2.67584826E-01  3.46827111E-01  3.94723493E-01  3.65664088E-01  2.77809588E-01  2.09085886E-01  2.21005783E-01  2.92021306E-01  3.66520508E-01  3.94755378E-01  3.41825198E-01  2.48650752E-01  2.03364953E-01  2.40853734E-01  3.15650883E-01  3.84333990E-01  3.89684542E-01  3.11229837E-01  2.23162443E-01  2.08352518E-01  2.63210721E-01  3.40021400E-01  3.98877695E-01  3.73154377E-01  2.76548763E-01  2.07073045E-01  2.20290629E-01  2.88082747E-01  3.66601586E-01  4.05147711E-01  3.42263555E-01  2.42352608E-01  2.01376961E-01  2.39345382E-01  3.13869104E-01  3.90778915E-01  3.95516296E-01  3.05123266E-01  2.18174237E-01  2.08282693E-01  2.61019180E-01  3.45379493E-01  4.04305289E-01  3.68294292E-01  2.68117239E-01  2.07941464E-01  2.22410152E-01  2.90570345E-01  3.71926999E-01  4.00816064E-01  3.31277117E-01  2.43356658E-01  2.09686088E-01  2.42814502E-01  3.18009649E-01  3.88716541E-01  3.83949467E-01  3.01098601E-01  2.24916186E-01  2.14625229E-01  2.66087320E-01  3.47950670E-01  3.98620572E-01  3.60609229E-01  2.69717621E-01  2.14053497E-01  2.23902089E-01  2.94856492E-01  3.77060672E-01  3.95760991E-01  3.27611460E-01  2.45062555E-01  2.07777180E-01  2.41168984E-01  3.29746158E-01  3.96222261E-01  3.76960982E-01  2.97822298E-01  2.27265833E-01  2.08900713E-01  2.65937821E-01  3.60158633E-01  3.96967143E-01  3.51971207E-01  2.73650615E-01  2.13696753E-01  2.19406040E-01  2.98861999E-01  3.80267167E-01  3.89343265E-01  3.28967458E-01  2.46940743E-01  2.06119183E-01  2.41166686E-01  3.32281902E-01  3.92751203E-01  3.73185705E-01  3.01133132E-01  2.25194097E-01  2.06621087E-01  2.68743172E-01  3.61588522E-01  3.95355574E-01  3.54155070E-01  2.72944974E-01  2.06725669E-01  2.15311233E-01  3.03918986E-01  3.86210804E-01  3.90519678E-01  3.28940645E-01  2.44039765E-01  1.98852194E-01  2.37283175E-01  3.35314453E-01  3.98340522E-01  3.76952088E-01  2.99746331E-01  2.21005805E-01  2.00258538E-01  2.67742378E-01  3.63645888E-01  3.99284646E-01  3.54635304E-01  2.70879959E-01  2.05008328E-01  2.12487559E-01  3.01058196E-01  3.86013983E-01  3.94833261E-01  3.29014275E-01  2.44095446E-01  1.95924181E-01  2.36269479E-01  3.34265396E-01  3.96150745E-01  3.80298943E-01  3.03529190E-01  2.19630588E-01  1.97756760E-01
  3.59128646E-01  2.70363528E-01  2.17673738E-01  2.31389098E-01  2.90065752E-01  3.68231310E-01  3.93120953E-01  3.25469898E-01  2.39867130E-01  2.15825453E-01  2.48999730E-01  3.21687683E-01  3.89354801E-01  3.75536679E-01  2.89754211E-01  2.22724859E-01  2.21909217E-01  2.74020318E-01  3.51008219E-01  3.93808078E-01  3.49533343E-01  2.61747527E-01  2.15694141E-01  2.35282808E-01  2.97708903E-01  3.70235345E-01  3.88871601E-01  3.21874685E-01  2.40486446E-01  2.19478406E-01  2.52931238E-01  3.21661583E-01  3.88432714E-01  3.72849293E-01  2.88245666E-01  2.29082037E-01  2.32060655E-01  2.73084121E-01  3.47185101E-01  3.91118263E-01  3.41422039E-01  2.61616011E-01  2.30026583E-01  2.46630225E-01  2.92774114E-01  3.67912920E-01  3.83322432E-01  3.10628268E-01  2.42284069E-01  2.32213497E-01  2.59651144E-01  3.22447175E-01  3.87473767E-01  3.57397296E-01  2.77446250E-01  2.32339601E-01  2.42332490E-01  2.82324608E-01  3.51229328E-01  3.85892354E-01  3.29586101E-01  2.50529738E-01  2.29650240E-01  2.55191244E-01  3.09954787E-01  3.77834054E-01  3.74419457E-01  2.94142186E-01  2.35653618E-01  2.35157208E-01  2.70674240E-01  3.35766487E-01  3.87483365E-01  3.52781825E-01  2.65578964E-01  2.28558335E-01  2.44982115E-01  2.92941753E-01  3.60895983E-01  3.83781041E-01  3.20513908E-01  2.47003348E-01  2.32280802E-01  2.59706527E-01  3.20682247E-01  3.76827010E-01  3.63020907E-01  2.89443583E-01  2.38213508E-01  2.37582503E-01  2.80839588E-01  3.44509213E-01  3.75953098E-01  3.37962437E-01  2.69007450E-01  2.35410841E-01  2.52931338E-01  3.02764528E-01  3.56604571E-01  3.67724022E-01  3.14926070E-01  2.53441921E-01  2.37862008E-01  2.71211440E-01  3.21326421E-01  3.59134358E-01  3.55394477E-01  2.95075879E-01  2.44544016E-01  2.46887921E-01  2.85478701E-01  3.33359751E-01  3.60925965E-01  3.35910601E-01  2.76268434E-01  2.44549532E-01  2.55699594E-01  2.99089940E-01  3.46722373E-01  3.58532069E-01  3.17842765E-01  2.64413375E-01  2.39984115E-01  2.66268626E-01  3.15548681E-01  3.55131574E-01  3.51708754E-01  3.01906793E-01  2.51542806E-01  2.44291287E-01  2.74709893E-01  3.27159593E-01  3.62331082E-01  3.46063493E-01  2.86737458E-01  2.43279364E-01  2.47272004E-01  2.86500192E-01  3.37571434E-01  3.63192920E-01  3.35498652E-01  2.74311188E-01  2.42031531E-01  2.55788275E-01  2.97638682E-01  3.43998184E-01  3.61621389E-01  3.23600366E-01  2.59101784E-01  2.39099268E-01  2.64005958E-01  3.09033237E-01  3.53123082E-01  3.62105098E-01  3.05409096E-01  2.45838305E-01  2.40917300E-01  2.75597173E-01  3.21513999E-01  3.66944916E-01  3.53589339E-01  2.83462272E-01  2.36499288E-01  2.45859410E-01  2.89478398E-01  3.46366294E-01  3.76602113E-01  3.31238227E-01  2.57349987E-01  2.29456089E-01  2.54929470E-01  3.10847412E-01  3.67019362E-01  3.70739654E-01  3.07407215E-01  2.37960021E-01  2.27774818E-01  2.66228374E-01  3.33204902E-01  3.85681426E-01  3.58270745E-01  2.77000527E-01  2.28923001E-01  2.31812821E-01  2.81555588E-01  3.63100448E-01  3.93743251E-01  3.30876311E-01  2.52269371E-01  2.18928475E-01  2.41561807E-01  3.11399009E-01  3.83914806E-01  3.79864989E-01  3.03349686E-01  2.30973833E-01  2.18372158E-01  2.61898815E-01  3.40688221E-01  3.93415384E-01
  3.72455533E-01  3.21239271E-01  2.57732351E-01  2.41782908E-01  2.60033407E-01  3.05166145E-01  3.62662542E-01  3.60087372E-01  2.94230362E-01  2.48131315E-01  2.50598434E-01  2.74523014E-01  3.23110082E-01  3.64700085E-01  3.39936053E-01  2.76992933E-01  2.46911036E-01  2.57615533E-01  2.88780041E-01  3.38912119E-01  3.60798482E-01  3.21090466E-01  2.60942367E-01  2.46484723E-01  2.61927409E-01  3.06202186E-01  3.56323724E-01  3.54170663E-01  2.95942042E-01  2.53906921E-01  2.50031668E-01  2.73307742E-01  3.28615850E-01  3.63529534E-01  3.33440322E-01  2.75927173E-01  2.48339481E-01  2.56385660E-01  2.92930087E-01  3.42791276E-01  3.58793739E-01  3.14610936E-01  2.62993489E-01  2.48912344E-01  2.67225265E-01  3.11467748E-01  3.54096807E-01  3.46775923E-01  2.97198088E-01  2.53660580E-01  2.50650293E-01  2.85164315E-01  3.31441900E-01  3.54000380E-01  3.28158310E-01  2.73448067E-01  2.47553411E-01  2.65543197E-01  3.08534727E-01  3.44347729E-01  3.48563007E-01  3.06326161E-01  2.57026669E-01  2.48548473E-01  2.81419706E-01  3.26536486E-01  3.52871104E-01  3.37597903E-01  2.83864522E-01  2.46747834E-01  2.59645112E-01  2.96212482E-01  3.38447102E-01  3.59194447E-01  3.20818740E-01  2.63720055E-01  2.45453030E-01  2.67003391E-01  3.06753477E-01  3.54631390E-01  3.57614229E-01  3.01723429E-01  2.52892461E-01  2.49506946E-01  2.74187022E-01  3.21466830E-01  3.69071408E-01  3.44755561E-01  2.80795157E-01  2.49495283E-01  2.54681309E-01  2.81040198E-01  3.37709824E-01  3.72853393E-01  3.30334067E-01  2.67882146E-01  2.46066653E-01  2.57691243E-01  2.94229908E-01  3.57907201E-01  3.69675709E-01  3.09938079E-01  2.55398157E-01  2.45909008E-01  2.61468436E-01  3.14890143E-01  3.74283993E-01  3.59363009E-01  2.92303172E-01  2.46607848E-01  2.44936058E-01  2.71682464E-01  3.36311207E-01  3.81332081E-01  3.43689849E-01  2.73865454E-01  2.38684221E-01  2.45368233E-01  2.87132173E-01  3.58066442E-01  3.82879117E-01  3.25281357E-01  2.54354208E-01  2.34388260E-01  2.53921044E-01  3.06481580E-01  3.73939869E-01  3.77245332E-01  3.02018824E-01  2.40757546E-01  2.34168637E-01  2.64223013E-01  3.31171068E-01  3.88979836E-01  3.58551545E-01  2.73682974E-01  2.32660970E-01  2.38072691E-01  2.80078638E-01  3.59653707E-01  3.93029977E-01  3.29730391E-01  2.51877424E-01  2.31980247E-01  2.46255717E-01  3.02080219E-01  3.82840316E-01  3.79926655E-01  2.98287985E-01  2.43102887E-01  2.33781460E-01  2.51706520E-01  3.35423857E-01  3.96913458E-01  3.51650710E-01  2.71999985E-01  2.37765113E-01  2.33194813E-01  2.75432495E-01  3.66197202E-01  3.89634022E-01  3.25107110E-01  2.58623442E-01  2.32059540E-01  2.40808860E-01  3.01919344E-01  3.81937624E-01  3.73899300E-01  2.98670241E-01  2.48671885E-01  2.34134690E-01  2.52031418E-01  3.32378867E-01  3.91718613E-01  3.45539456E-01  2.76224121E-01  2.45601664E-01  2.38654680E-01  2.72684157E-01  3.56918097E-01  3.83387307E-01  3.19700616E-01  2.62109412E-01  2.44793894E-01  2.44778786E-01  2.97421448E-01  3.73015424E-01  3.67141920E-01  2.96665407E-01  2.51205621E-01  2.43721732E-01  2.60172795E-01  3.24837042E-01  3.77109001E-01  3.46117479E-01  2.78092481E-01  2.43097149E-01  2.48105706E-01  2.80011935E-01  3.48153417E-01
  3.06717438E-01  2.57830292E-01  2.43084489E-01  2.72109745E-01  3.23765742E-01  3.63548547E-01  3.48254666E-01  2.90743472E-01  2.41754104E-01  2.42509111E-01  2.91415224E-01  3.44257293E-01  3.68175923E-01  3.34740352E-01  2.70037405E-01  2.29239494E-01  2.52829215E-01  3.11160166E-01  3.59749809E-01  3.65400529E-01  3.14769562E-01  2.47980647E-01  2.29366470E-01  2.67947244E-01  3.26908863E-01  3.69323018E-01  3.57768323E-01  2.91723303E-01  2.35433776E-01  2.33751487E-01  2.82317409E-01  3.48422336E-01  3.79015747E-01  3.38976194E-01  2.64114178E-01  2.27596832E-01  2.48240481E-01  3.07093550E-01  3.66532314E-01  3.73723185E-01  3.08202708E-01  2.44709033E-01  2.30135050E-01  2.66910047E-01  3.33858256E-01  3.78173585E-01  3.50666116E-01  2.77390084E-01  2.32769166E-01  2.42797849E-01  2.96499335E-01  3.58710922E-01  3.71876251E-01  3.17522718E-01  2.52350674E-01  2.30860735E-01  2.63398737E-01  3.30335535E-01  3.73819070E-01  3.51208471E-01  2.84955792E-01  2.35798499E-01  2.39968970E-01  2.92100565E-01  3.51360374E-01  3.71601575E-01  3.30050973E-01  2.61053059E-01  2.26898546E-01  2.57540448E-01  3.17859951E-01  3.65299923E-01  3.61039738E-01  3.03206987E-01  2.43630791E-01  2.32351893E-01  2.77827448E-01  3.36252697E-01  3.70844725E-01  3.46090473E-01  2.82314652E-01  2.30437125E-01  2.39983303E-01  2.97359396E-01  3.57567678E-01  3.68165130E-01  3.25926654E-01  2.62621037E-01  2.26041458E-01  2.52162106E-01  3.18655342E-01  3.71273453E-01  3.59738670E-01  3.02908296E-01  2.44727078E-01  2.29447189E-01  2.68253400E-01  3.39789120E-01  3.76684035E-01  3.43571399E-01  2.81992439E-01  2.36587769E-01  2.35961890E-01  2.91231349E-01  3.58942839E-01  3.68541718E-01  3.24063603E-01  2.66020297E-01  2.32999120E-01  2.52561350E-01  3.16733607E-01  3.60306216E-01  3.51012650E-01  3.07831636E-01  2.57101542E-01  2.38306456E-01  2.75748403E-01  3.30526575E-01  3.53878895E-01  3.37732327E-01  2.95045760E-01  2.49381728E-01  2.46388542E-01  2.94812037E-01  3.36968804E-01  3.49489711E-01  3.28828462E-01  2.79779663E-01  2.44479584E-01  2.65143483E-01  3.06538560E-01  3.35440164E-01  3.46949099E-01  3.17735811E-01  2.66429669E-01  2.46650900E-01  2.73034805E-01  3.15016217E-01  3.46557760E-01  3.40397287E-01  3.02501292E-01  2.57154014E-01  2.50822461E-01  2.85500883E-01  3.23618460E-01  3.45049871E-01  3.32942731E-01  2.90672763E-01  2.50953457E-01  2.61435145E-01  2.96961577E-01  3.29677203E-01  3.45478987E-01  3.21466425E-01  2.74684452E-01  2.54730272E-01  2.72086729E-01  3.03870652E-01  3.36293171E-01  3.44370905E-01  3.07888353E-01  2.64441181E-01  2.60049585E-01  2.76128959E-01  3.11842447E-01  3.49853388E-01  3.40498843E-01  2.87860790E-01  2.57798691E-01  2.61822218E-01  2.86012365E-01  3.31807337E-01  3.57425864E-01  3.22174735E-01  2.70376501E-01  2.54847307E-01  2.66651021E-01  3.02621988E-01  3.47825222E-01  3.51411143E-01  3.00080649E-01  2.59682347E-01  2.55274500E-01  2.76849280E-01  3.23714242E-01  3.57208769E-01  3.35898598E-01  2.84991649E-01  2.54825393E-01  2.52543115E-01  2.88976133E-01  3.38598016E-01  3.61161021E-01  3.23676076E-01  2.70501558E-01  2.45641474E-01  2.60392001E-01  3.02572217E-01  3.52697368E-01  3.58075253E-01
