# PIMCID: 2837db30-7e69-4934-be99-7ae85e7a13b3
#      0.000E+00       5.000E-01       1.000E+00       1.500E+00       2.000E+00       2.500E+00       3.000E+00       3.500E+00       4.000E+00       4.500E+00       5.000E+00       5.500E+00       6.000E+00       6.500E+00       7.000E+00       7.500E+00       8.000E+00       8.500E+00       9.000E+00       9.500E+00       1.000E+01       1.050E+01       1.100E+01       1.150E+01       1.200E+01       1.250E+01       1.300E+01       1.350E+01       1.400E+01       1.450E+01       1.500E+01       1.550E+01       1.600E+01       1.650E+01       1.700E+01       1.750E+01       1.800E+01       1.850E+01       1.900E+01       1.950E+01       2.000E+01       2.050E+01       2.100E+01       2.150E+01       2.200E+01       2.250E+01       2.300E+01       2.350E+01       2.400E+01       2.450E+01       2.500E+01       2.550E+01       2.600E+01       2.650E+01       2.700E+01       2.750E+01       2.800E+01       2.850E+01       2.900E+01       2.950E+01       3.000E+01       3.050E+01       3.100E+01       3.150E+01       3.200E+01       3.250E+01       3.300E+01       3.350E+01       3.400E+01       3.450E+01       3.500E+01       3.550E+01       3.600E+01       3.650E+01       3.700E+01       3.750E+01       3.800E+01       3.850E+01       3.900E+01       3.950E+01       4.000E+01       4.050E+01       4.100E+01       4.150E+01       4.200E+01       4.250E+01       4.300E+01       4.350E+01       4.400E+01       4.450E+01       4.500E+01       4.550E+01       4.600E+01       4.650E+01       4.700E+01       4.750E+01       4.800E+01       4.850E+01       4.900E+01       4.950E+01       5.000E+01       5.050E+01       5.100E+01       5.150E+01       5.200E+01       5.250E+01       5.300E+01       5.350E+01       5.400E+01       5.450E+01       5.500E+01       5.550E+01       5.600E+01       5.650E+01       5.700E+01       5.750E+01       5.800E+01       5.850E+01       5.900E+01       5.950E+01       6.000E+01       6.050E+01       6.100E+01       6.150E+01       6.200E+01       6.250E+01       6.300E+01       6.350E+01       6.400E+01       6.450E+01       6.500E+01       6.550E+01       6.600E+01       6.650E+01       6.700E+01       6.750E+01       6.800E+01       6.850E+01       6.900E+01       6.950E+01       7.000E+01       7.050E+01       7.100E+01       7.150E+01       7.200E+01       7.250E+01       7.300E+01       7.350E+01       7.400E+01       7.450E+01       7.500E+01       7.550E+01       7.600E+01       7.650E+01       7.700E+01       7.750E+01       7.800E+01       7.850E+01       7.900E+01       7.950E+01       8.000E+01       8.050E+01       8.100E+01       8.150E+01       8.200E+01       8.250E+01       8.300E+01       8.350E+01       8.400E+01       8.450E+01       8.500E+01       8.550E+01       8.600E+01       8.650E+01       8.700E+01       8.750E+01       8.800E+01       8.850E+01       8.900E+01       8.950E+01       9.000E+01       9.050E+01       9.100E+01       9.150E+01       9.200E+01       9.250E+01       9.300E+01       9.350E+01       9.400E+01       9.450E+01       9.500E+01       9.550E+01       9.600E+01       9.650E+01       9.700E+01       9.750E+01       9.800E+01       9.850E+01       9.900E+01       9.950E+01
  2.87798902E-01  2.85108464E-01  3.08464842E-01  3.11123562E-01  2.95455336E-01  3.03555312E-01  3.03098043E-01  2.83596009E-01  2.93704095E-01  3.12492978E-01  3.01134413E-01  2.95649663E-01  3.05548732E-01  2.93465765E-01  2.82326948E-01  3.06731161E-01  3.13272652E-01  2.93890108E-01  2.99059230E-01  3.06463920E-01  2.87084589E-01  2.88436753E-01  3.12675824E-01  3.06412902E-01  2.92941387E-01  3.05631360E-01  3.02044058E-01  2.81108967E-01  2.94793616E-01  3.14018232E-01  2.99373298E-01  2.98523716E-01  3.10016171E-01  2.91548427E-01  2.79606192E-01  3.02347259E-01  3.13712012E-01  3.00343819E-01  3.06704667E-01  3.07924442E-01  2.81287848E-01  2.82529753E-01  3.10552314E-01  3.10323400E-01  2.99042164E-01  3.11282017E-01  2.98399350E-01  2.77188779E-01  2.93484026E-01  3.14552304E-01  3.06109122E-01  3.02703307E-01  3.08559915E-01  2.92339842E-01  2.79946567E-01  2.98718921E-01  3.11007797E-01  3.03461165E-01  3.08846438E-01  3.11551513E-01  2.83883391E-01  2.78844799E-01  3.02323461E-01  3.09930930E-01  3.05221092E-01  3.15634300E-01  3.06986748E-01  2.72959014E-01  2.81326663E-01  3.10533974E-01  3.06863339E-01  3.07752896E-01  3.22400907E-01  2.94415557E-01  2.67582723E-01  2.94599491E-01  3.10851599E-01  3.00030923E-01  3.15323272E-01  3.18250991E-01  2.80699335E-01  2.73684210E-01  3.02802945E-01  3.07126116E-01  3.04634175E-01  3.20631290E-01  3.08189082E-01  2.72672061E-01  2.82792581E-01  3.04292119E-01  3.03530860E-01  3.14214240E-01  3.22470240E-01  2.92135873E-01  2.69397859E-01  2.90605249E-01  3.05847531E-01  3.04601785E-01  3.21507976E-01  3.18966001E-01  2.80868104E-01  2.72082207E-01  2.97372135E-01  3.03829590E-01  3.12119723E-01  3.30035646E-01  3.07543980E-01  2.67608748E-01  2.78801262E-01  3.04718995E-01  3.09730707E-01  3.19900841E-01  3.23893204E-01  2.87548778E-01  2.64081359E-01  2.90918208E-01  3.12972423E-01  3.15400263E-01  3.25081974E-01  3.08774636E-01  2.71132123E-01  2.71399132E-01  3.03260979E-01  3.18647884E-01  3.22470629E-01  3.19464304E-01  2.90545042E-01  2.64560744E-01  2.82667726E-01  3.14509845E-01  3.24461597E-01  3.22274283E-01  3.05355660E-01  2.76025430E-01  2.70069121E-01  2.96711172E-01  3.21509071E-01  3.23616197E-01  3.14277145E-01  2.94606464E-01  2.71213474E-01  2.79142358E-01  3.09896189E-01  3.21817226E-01  3.17839318E-01  3.10130511E-01  2.86013781E-01  2.68014293E-01  2.87960602E-01  3.18849593E-01  3.22260132E-01  3.15195396E-01  3.05319644E-01  2.78437299E-01  2.66970038E-01  2.95255218E-01  3.24323923E-01  3.20785478E-01  3.11347111E-01  2.98677027E-01  2.72580534E-01  2.72308733E-01  3.09775782E-01  3.23693383E-01  3.11562300E-01  3.10148382E-01  2.93789023E-01  2.67328783E-01  2.85159384E-01  3.21112865E-01  3.16753188E-01  3.08876423E-01  3.07999953E-01  2.85242726E-01  2.71068571E-01  2.98918612E-01  3.17118541E-01  3.10500715E-01  3.10144902E-01  3.04864569E-01  2.77817389E-01  2.80065696E-01  3.08517272E-01  3.14762848E-01  3.05776524E-01  3.07989713E-01  2.95904414E-01  2.77367654E-01  2.91780948E-01  3.16542799E-01  3.10702195E-01  2.97775778E-01  3.03636202E-01  2.92030057E-01  2.80340168E-01  3.02327328E-01  3.17412909E-01  3.02703067E-01  2.98844823E-01  3.02866941E-01
  2.01925344E-01  2.26215163E-01  3.18138068E-01  4.00506982E-01  3.89757440E-01  3.07268008E-01  2.27156643E-01  1.98075789E-01  2.49784683E-01  3.54863737E-01  4.09003507E-01  3.65741675E-01  2.77696697E-01  2.09990547E-01  2.06140791E-01  2.82408958E-01  3.85288163E-01  4.02440423E-01  3.35201844E-01  2.52063388E-01  1.99800265E-01  2.22494981E-01  3.20966923E-01  4.01009818E-01  3.84428293E-01  3.12406373E-01  2.31736482E-01  1.94619775E-01  2.48926126E-01  3.56220031E-01  4.03132168E-01  3.65570996E-01  2.89329672E-01  2.11429361E-01  2.00068667E-01  2.83428939E-01  3.80251063E-01  3.98498009E-01  3.44003583E-01  2.61220462E-01  1.96628058E-01  2.19447874E-01  3.16825616E-01  3.96208808E-01  3.88429222E-01  3.18310894E-01  2.33796074E-01  1.94948188E-01  2.44026340E-01  3.48983980E-01  4.08293067E-01  3.71816815E-01  2.87985791E-01  2.11220502E-01  2.00467910E-01  2.77522622E-01  3.81560498E-01  4.06204745E-01  3.43076690E-01  2.56506207E-01  1.99517603E-01  2.19369828E-01  3.16941342E-01  4.00383110E-01  3.89427586E-01  3.13565743E-01  2.32563767E-01  1.96038893E-01  2.45733397E-01  3.50611361E-01  4.05346172E-01  3.70406261E-01  2.88782896E-01  2.11125020E-01  2.00679168E-01  2.78778260E-01  3.79535203E-01  4.04466475E-01  3.49346738E-01  2.55650326E-01  1.93250390E-01  2.18243354E-01  3.17928889E-01  4.01228772E-01  3.93012433E-01  3.16769071E-01  2.24707292E-01  1.90431450E-01  2.47857993E-01  3.55769830E-01  4.11113597E-01  3.72558356E-01  2.81654612E-01  2.00847711E-01  2.00118120E-01  2.83670314E-01  3.84663482E-01  4.11138238E-01  3.46102329E-01  2.45882511E-01  1.89609671E-01  2.18828909E-01  3.22001863E-01  4.08354644E-01  3.96767175E-01  3.11068321E-01  2.16597864E-01  1.85003062E-01  2.50642581E-01  3.61574743E-01  4.15570021E-01  3.74489936E-01  2.76433647E-01  1.94639610E-01  1.96508740E-01  2.90191073E-01  3.93280409E-01  4.11431777E-01  3.40284383E-01  2.43014815E-01  1.85538820E-01  2.19923275E-01  3.31467276E-01  4.11522724E-01  3.91971800E-01  3.06494688E-01  2.18564732E-01  1.84941349E-01  2.50883036E-01  3.66125033E-01  4.18201977E-01  3.67888862E-01  2.75000933E-01  1.98322139E-01  1.94611371E-01  2.88691703E-01  3.94490939E-01  4.10546280E-01  3.38365676E-01  2.48300723E-01  1.88888945E-01  2.16024186E-01  3.23274322E-01  4.10636632E-01  3.93595702E-01  3.12386525E-01  2.22077266E-01  1.86061090E-01  2.45816634E-01  3.62436846E-01  4.18102908E-01  3.69121421E-01  2.77208915E-01  2.01519376E-01  1.96890208E-01  2.86986708E-01  3.91723626E-01  4.09700980E-01  3.35950078E-01  2.46560461E-01  1.92479142E-01  2.20099242E-01  3.26745848E-01  4.13300396E-01  3.84537829E-01  3.00414395E-01  2.25306411E-01  1.94646644E-01  2.52778339E-01  3.64621072E-01  4.12779187E-01  3.56045908E-01  2.74214238E-01  2.08224842E-01  2.05656604E-01  2.87404969E-01  3.90759181E-01  3.99752574E-01  3.30511722E-01  2.50540701E-01  2.01561235E-01  2.23890888E-01  3.25756881E-01  4.04466199E-01  3.82645320E-01  3.04193522E-01  2.28730954E-01  1.99340006E-01  2.52429975E-01  3.58505174E-01  4.06254641E-01  3.60585832E-01  2.76308605E-01  2.13089620E-01  2.07535108E-01  2.84626358E-01  3.81569077E-01  4.00399196E-01  3.36745982E-01  2.50749138E-01
  3.01276301E-01  4.00669670E-01  4.16712409E-01  3.35755675E-01  2.25368704E-01  1.76715420E-01  2.32414079E-01  3.42609050E-01  4.15927423E-01  3.93720917E-01  2.96921465E-01  1.98789028E-01  1.85585482E-01  2.68678109E-01  3.75996551E-01  4.19215429E-01  3.64419677E-01  2.58010249E-01  1.84573669E-01  2.05537329E-01  3.03689534E-01  3.97864402E-01  4.13051173E-01  3.34096190E-01  2.28964702E-01  1.81467420E-01  2.31188694E-01  3.35554921E-01  4.09832950E-01  3.96131461E-01  3.02775456E-01  2.06346896E-01  1.88810775E-01  2.63908620E-01  3.61589799E-01  4.13569948E-01  3.72835690E-01  2.69116492E-01  1.91694974E-01  2.07354553E-01  2.96747174E-01  3.85171031E-01  4.09276159E-01  3.43512939E-01  2.36490014E-01  1.84554329E-01  2.32554169E-01  3.29872982E-01  4.00479505E-01  3.96629260E-01  3.11453030E-01  2.07945467E-01  1.89736078E-01  2.64737264E-01  3.60048005E-01  4.07036051E-01  3.74001057E-01  2.74293894E-01  1.92450947E-01  2.08578280E-01  2.99499433E-01  3.84248944E-01  4.03551560E-01  3.40957901E-01  2.40543609E-01  1.89187319E-01  2.34341339E-01  3.28583170E-01  3.98440269E-01  3.92678889E-01  3.09930684E-01  2.14539028E-01  1.93483694E-01  2.62737054E-01  3.52481788E-01  4.00276033E-01  3.75585204E-01  2.79892879E-01  1.98389356E-01  2.09537420E-01  2.90800762E-01  3.70608927E-01  4.00527139E-01  3.51718769E-01  2.47748580E-01  1.90828579E-01  2.28771535E-01  3.17438669E-01  3.90770589E-01  3.98665079E-01  3.18672579E-01  2.19745445E-01  1.92510547E-01  2.54120554E-01  3.47961511E-01  4.02539714E-01  3.79008673E-01  2.85236844E-01  1.98954439E-01  2.02079234E-01  2.85983018E-01  3.73958138E-01  4.02332088E-01  3.54734150E-01  2.52228589E-01  1.86594305E-01  2.25250672E-01  3.21651003E-01  3.90248266E-01  3.94023426E-01  3.23832409E-01  2.19658419E-01  1.88495037E-01  2.58102671E-01  3.52821410E-01  3.97656146E-01  3.78604354E-01  2.88348813E-01  1.93129446E-01  2.00801458E-01  2.93507550E-01  3.75289316E-01  4.03603783E-01  3.55309321E-01  2.46018948E-01  1.82040156E-01  2.27633098E-01  3.26335918E-01  3.96610692E-01  3.98421386E-01  3.17609361E-01  2.12682920E-01  1.84367459E-01  2.60066129E-01  3.59648598E-01  4.10064193E-01  3.80179543E-01  2.77187175E-01  1.85564174E-01  1.96104593E-01  2.95514168E-01  3.90393277E-01  4.10677470E-01  3.51226998E-01  2.40026699E-01  1.75597904E-01  2.20065175E-01  3.30963538E-01  4.11212098E-01  4.00380831E-01  3.16090611E-01  2.08363960E-01  1.77364073E-01  2.51651781E-01  3.66567734E-01  4.19429904E-01  3.80290358E-01  2.76790976E-01  1.85581520E-01  1.91847858E-01  2.92421025E-01  3.93705625E-01  4.16196636E-01  3.48584108E-01  2.36887993E-01  1.78678646E-01  2.21913486E-01  3.29378511E-01  4.14106174E-01  4.03924206E-01  3.09416882E-01  2.06308599E-01  1.82380708E-01  2.52569629E-01  3.65068595E-01  4.24309118E-01  3.79019757E-01  2.69968660E-01  1.87196652E-01  1.96847651E-01  2.92205408E-01  3.97079245E-01  4.19549443E-01  3.43109930E-01  2.33079197E-01  1.77763183E-01  2.22246266E-01  3.35733996E-01  4.19419261E-01  4.00444351E-01  2.99842428E-01  2.02694264E-01  1.83887351E-01  2.61272677E-01  3.73680107E-01  4.25072437E-01  3.68893838E-01  2.59074726E-01  1.84114217E-01  2.03317291E-01
  1.86270532E-01  3.07380576E-01  4.24290003E-01  4.15511548E-01  3.26703100E-01  2.25244983E-01  1.65383596E-01  2.17872149E-01  3.56771984E-01  4.37588018E-01  3.94019506E-01  2.91956503E-01  1.92594790E-01  1.68060116E-01  2.60231913E-01  3.97332970E-01  4.39627471E-01  3.63430691E-01  2.52726676E-01  1.73084817E-01  1.87415013E-01  3.07747458E-01  4.27366277E-01  4.23872837E-01  3.23539908E-01  2.17651473E-01  1.68173966E-01  2.20250554E-01  3.55851198E-01  4.36522134E-01  3.96142039E-01  2.87535978E-01  1.94605582E-01  1.74787690E-01  2.62672995E-01  3.92843731E-01  4.36481496E-01  3.63641035E-01  2.48782735E-01  1.76982186E-01  1.94650834E-01  3.07925157E-01  4.20056754E-01  4.20285638E-01  3.25689628E-01  2.16769450E-01  1.69847608E-01  2.24634784E-01  3.54319952E-01  4.36647067E-01  3.95861735E-01  2.82471077E-01  1.90905684E-01  1.76645687E-01  2.64048422E-01  3.93890012E-01  4.39403169E-01  3.61285076E-01  2.44483233E-01  1.74407979E-01  1.95153529E-01  3.09472848E-01  4.26658255E-01  4.25629665E-01  3.18515530E-01  2.12002471E-01  1.70907218E-01  2.25015831E-01  3.55647490E-01  4.43752226E-01  3.97284089E-01  2.78625934E-01  1.87385891E-01  1.77189034E-01  2.61951998E-01  3.96058180E-01  4.45505354E-01  3.58695226E-01  2.43312078E-01  1.76628408E-01  1.92514057E-01  3.01989369E-01  4.24439387E-01  4.29412466E-01  3.23401317E-01  2.16773265E-01  1.70964709E-01  2.19456536E-01  3.44288356E-01  4.37546700E-01  4.01550203E-01  2.87937854E-01  1.96099743E-01  1.77409613E-01  2.57031619E-01  3.85284549E-01  4.36169902E-01  3.66501355E-01  2.55997056E-01  1.78780837E-01  1.88996209E-01  3.00904687E-01  4.17388035E-01  4.22367922E-01  3.31197479E-01  2.26031733E-01  1.68768223E-01  2.15793064E-01  3.48669921E-01  4.37336934E-01  3.98752791E-01  2.93665651E-01  1.96935360E-01  1.70642105E-01  2.55510924E-01  3.91537824E-01  4.38407851E-01  3.66265557E-01  2.56395367E-01  1.77120731E-01  1.86102376E-01  3.01053881E-01  4.22498095E-01  4.24533881E-01  3.28632138E-01  2.26539064E-01  1.69678757E-01  2.14545607E-01  3.47796803E-01  4.34668591E-01  3.96728518E-01  2.94652932E-01  2.02819045E-01  1.73025320E-01  2.51567085E-01  3.85072249E-01  4.33726333E-01  3.68234228E-01  2.62276955E-01  1.82209770E-01  1.85555253E-01  2.93619375E-01  4.17749109E-01  4.26729389E-01  3.33757928E-01  2.26955632E-01  1.70108174E-01  2.12534419E-01  3.44487390E-01  4.37408962E-01  4.00723240E-01  2.92603094E-01  1.99132976E-01  1.73972005E-01  2.55065542E-01  3.86353866E-01  4.35532507E-01  3.63961439E-01  2.58650805E-01  1.82741899E-01  1.89699689E-01  3.00062126E-01  4.17730881E-01  4.19728463E-01  3.29428136E-01  2.28167898E-01  1.72443879E-01  2.16672417E-01  3.47289522E-01  4.34699571E-01  3.93412113E-01  2.91668621E-01  2.04320486E-01  1.72907697E-01  2.55962622E-01  3.90450254E-01  4.32182986E-01  3.57680367E-01  2.60902494E-01  1.86031841E-01  1.91253899E-01  3.01454909E-01  4.18367619E-01  4.12212194E-01  3.27179668E-01  2.31794697E-01  1.72929360E-01  2.17030401E-01  3.48074406E-01  4.32469115E-01  3.90951277E-01  2.93356714E-01  2.01334520E-01  1.72300062E-01  2.57919179E-01  3.93922165E-01  4.30977188E-01  3.57685352E-01  2.59609275E-01  1.78925618E-01
  3.74673087E-01  2.80341411E-01  1.93895598E-01  1.81820032E-01  2.85844434E-01  4.04048316E-01  4.15347850E-01  3.45227110E-01  2.45271037E-01  1.77074697E-01  2.07744532E-01  3.31658688E-01  4.20533775E-01  4.03704381E-01  3.10382297E-01  2.10648479E-01  1.74265552E-01  2.45461349E-01  3.70459486E-01  4.29830378E-01  3.77150893E-01  2.68971858E-01  1.87884141E-01  1.88439087E-01  2.87489373E-01  4.06527772E-01  4.24789701E-01  3.40176071E-01  2.32460046E-01  1.75654690E-01  2.10448741E-01  3.33315915E-01  4.34076937E-01  4.05383171E-01  2.98240321E-01  2.05708266E-01  1.74542386E-01  2.41891173E-01  3.78832476E-01  4.40923449E-01  3.72163833E-01  2.64273916E-01  1.85966623E-01  1.84923418E-01  2.85312365E-01  4.10367445E-01  4.30613034E-01  3.40490934E-01  2.32378587E-01  1.73869733E-01  2.06743480E-01  3.27933592E-01  4.31825648E-01  4.11496004E-01  3.04455803E-01  2.06980852E-01  1.71923063E-01  2.39448131E-01  3.69600396E-01  4.38747601E-01  3.83010308E-01  2.69900259E-01  1.87739278E-01  1.80252190E-01  2.76296688E-01  4.04298223E-01  4.35187237E-01  3.48912811E-01  2.37816982E-01  1.73347738E-01  2.02145530E-01  3.20233453E-01  4.25669177E-01  4.16285427E-01  3.14047192E-01  2.13618207E-01  1.71139564E-01  2.32268945E-01  3.61020075E-01  4.35111923E-01  3.85471735E-01  2.83353362E-01  1.93614079E-01  1.77324697E-01  2.70001783E-01  3.96282100E-01  4.28852887E-01  3.56265453E-01  2.51094479E-01  1.77004188E-01  1.94904844E-01  3.14078716E-01  4.22856427E-01  4.12778384E-01  3.20604141E-01  2.22371573E-01  1.70492807E-01  2.22541628E-01  3.60378112E-01  4.34979721E-01  3.86877903E-01  2.90149934E-01  1.96641151E-01  1.70044563E-01  2.65955189E-01  3.99553527E-01  4.28961088E-01  3.58874690E-01  2.53779727E-01  1.74837382E-01  1.92060728E-01  3.13100353E-01  4.22765145E-01  4.18207884E-01  3.24593586E-01  2.18319975E-01  1.67363305E-01  2.24887776E-01  3.57738084E-01  4.37891443E-01  3.93712357E-01  2.83302089E-01  1.90771143E-01  1.72892807E-01  2.64566257E-01  3.98681385E-01  4.36921661E-01  3.57846722E-01  2.48568099E-01  1.74474746E-01  1.90636381E-01  3.13314558E-01  4.26153814E-01  4.15970764E-01  3.21311267E-01  2.19880837E-01  1.67960606E-01  2.23612734E-01  3.57976883E-01  4.36464756E-01  3.87410940E-01  2.85797406E-01  1.96449211E-01  1.77859597E-01  2.67399970E-01  3.96811052E-01  4.29585057E-01  3.52752087E-01  2.49065720E-01  1.81054872E-01  1.99102670E-01  3.14380385E-01  4.21258203E-01  4.11265295E-01  3.16731369E-01  2.21530607E-01  1.74872148E-01  2.30023059E-01  3.60105644E-01  4.29410756E-01  3.82896247E-01  2.83974943E-01  1.98185173E-01  1.82648553E-01  2.72997554E-01  3.96531571E-01  4.18731792E-01  3.50905075E-01  2.53376017E-01  1.81612327E-01  2.00957917E-01  3.21422376E-01  4.21444306E-01  3.99873065E-01  3.15488609E-01  2.22655410E-01  1.73999246E-01  2.33692906E-01  3.67337236E-01  4.27648905E-01  3.76370275E-01  2.80580884E-01  1.96615833E-01  1.80780839E-01  2.76332704E-01  4.03160685E-01  4.21759237E-01  3.44479689E-01  2.47821269E-01  1.81180747E-01  2.02419544E-01  3.23066927E-01  4.22703151E-01  4.02116786E-01  3.13311291E-01  2.18945411E-01  1.75300318E-01  2.36802098E-01  3.70450135E-01  4.24727865E-01
  3.16227098E-01  3.08567343E-01  2.88090309E-01  2.78252553E-01  2.93158069E-01  3.10280693E-01  3.11655719E-01  3.07758623E-01  3.02539210E-01  2.85933865E-01  2.82754754E-01  3.02742249E-01  3.12837502E-01  3.04962917E-01  3.02941926E-01  2.98665299E-01  2.87182166E-01  2.91318500E-01  3.10659277E-01  3.12736653E-01  2.96144974E-01  2.97051314E-01  2.99730642E-01  2.92489363E-01  2.99568628E-01  3.16361236E-01  3.03254617E-01  2.88982317E-01  3.01746244E-01  3.00970946E-01  2.93409674E-01  3.08212438E-01  3.09787108E-01  2.90975890E-01  2.95132203E-01  3.05327849E-01  2.95808937E-01  2.97567734E-01  3.16660496E-01  3.01250054E-01  2.88403800E-01  2.99582707E-01  3.03629431E-01  2.93537650E-01  3.04994769E-01  3.14783347E-01  2.96363860E-01  2.87829354E-01  2.99332272E-01  2.99333894E-01  2.97914208E-01  3.15036510E-01  3.09019905E-01  2.90201571E-01  2.88368226E-01  3.00281290E-01  2.98665341E-01  3.08794592E-01  3.14361916E-01  3.00441170E-01  2.86362330E-01  2.91416286E-01  2.98436448E-01  3.06370123E-01  3.16411352E-01  3.08967731E-01  2.88755044E-01  2.84626670E-01  2.93231230E-01  3.02355357E-01  3.14690813E-01  3.17692029E-01  2.99465347E-01  2.84503223E-01  2.86498490E-01  2.94787850E-01  3.06187421E-01  3.19136926E-01  3.15304163E-01  2.98603477E-01  2.85578957E-01  2.85191239E-01  2.95207478E-01  3.09494602E-01  3.19353765E-01  3.11584668E-01  2.94517507E-01  2.85057594E-01  2.86683322E-01  2.96050343E-01  3.12919832E-01  3.18826060E-01  3.07776885E-01  2.93467772E-01  2.84783028E-01  2.86412567E-01  3.00678951E-01  3.15132148E-01  3.14000200E-01  3.02198362E-01  2.90344472E-01  2.81359596E-01  2.95411017E-01  3.12241495E-01  3.13432358E-01  3.06098749E-01  2.95094218E-01  2.84462075E-01  2.89236628E-01  3.07636691E-01  3.14342034E-01  3.03940222E-01  2.98171004E-01  2.92335539E-01  2.86769807E-01  2.98999123E-01  3.12909846E-01  3.08487099E-01  2.95847745E-01  2.95168080E-01  2.92811432E-01  2.92650536E-01  3.05282445E-01  3.11786088E-01  2.98261252E-01  2.94898459E-01  2.95483548E-01  2.95281768E-01  3.00566306E-01  3.08706931E-01  2.99969050E-01  2.91845986E-01  2.98835998E-01  3.00224104E-01  3.02730434E-01  3.07766754E-01  3.00788816E-01  2.90200043E-01  2.92685922E-01  2.98187292E-01  3.05081236E-01  3.12859306E-01  3.05991153E-01  2.89531263E-01  2.87296889E-01  2.95762625E-01  3.01134735E-01  3.10799715E-01  3.14801902E-01  2.99345168E-01  2.84345501E-01  2.87045663E-01  2.98352639E-01  3.07137135E-01  3.17637139E-01  3.11142038E-01  2.90031058E-01  2.80084914E-01  2.87116175E-01  3.03184251E-01  3.18153927E-01  3.17660520E-01  2.99687609E-01  2.81501721E-01  2.82828762E-01  2.95005097E-01  3.11689513E-01  3.21955271E-01  3.09423283E-01  2.88400110E-01  2.77582631E-01  2.86115774E-01  3.03473555E-01  3.21819146E-01  3.20911400E-01  3.00152949E-01  2.80517806E-01  2.76374585E-01  2.92849638E-01  3.15902050E-01  3.27806531E-01  3.13208543E-01  2.87725282E-01  2.73201260E-01  2.82982703E-01  3.06565376E-01  3.22815522E-01  3.22434614E-01  3.01920888E-01  2.78024938E-01  2.73516535E-01  2.90835934E-01  3.13177927E-01  3.22954299E-01  3.15664985E-01  2.93679657E-01  2.74150928E-01  2.81254948E-01  3.03242811E-01  3.13608710E-01
  2.38329489E-01  2.53796202E-01  3.12099797E-01  3.82898560E-01  3.68278487E-01  2.83033226E-01  2.37444564E-01  2.40914485E-01  2.69353387E-01  3.41267575E-01  3.94398691E-01  3.39426577E-01  2.53305982E-01  2.35723522E-01  2.48914571E-01  2.92647642E-01  3.70966926E-01  3.85557292E-01  3.03785291E-01  2.39516522E-01  2.38547943E-01  2.59287053E-01  3.19301425E-01  3.89914963E-01  3.65515263E-01  2.70503661E-01  2.34313119E-01  2.43927597E-01  2.76309289E-01  3.48436101E-01  3.96759645E-01  3.31012152E-01  2.48045923E-01  2.32649412E-01  2.52478833E-01  3.01746310E-01  3.76922056E-01  3.84254408E-01  2.93314415E-01  2.32775871E-01  2.39702720E-01  2.68318115E-01  3.29941165E-01  3.91739996E-01  3.56458211E-01  2.60569901E-01  2.28527485E-01  2.49835469E-01  2.89764820E-01  3.55222146E-01  3.89314384E-01  3.21645380E-01  2.39508241E-01  2.33711474E-01  2.64063852E-01  3.12013227E-01  3.73082701E-01  3.68775849E-01  2.86164608E-01  2.33056215E-01  2.45666814E-01  2.80090130E-01  3.34053687E-01  3.78594240E-01  3.43036220E-01  2.62614970E-01  2.33326304E-01  2.57795534E-01  2.95745419E-01  3.50909103E-01  3.75571331E-01  3.16424255E-01  2.43304984E-01  2.40117484E-01  2.70853702E-01  3.16280496E-01  3.64578045E-01  3.62113257E-01  2.88418245E-01  2.36214450E-01  2.50245979E-01  2.84728691E-01  3.28380833E-01  3.72038667E-01  3.42415324E-01  2.64392666E-01  2.38398801E-01  2.62499719E-01  2.94163341E-01  3.43914437E-01  3.70729924E-01  3.18580010E-01  2.49639074E-01  2.44644401E-01  2.72609306E-01  3.05795793E-01  3.58530875E-01  3.64467098E-01  2.94122379E-01  2.40848488E-01  2.52044981E-01  2.76956117E-01  3.23181134E-01  3.76589084E-01  3.49725692E-01  2.69687607E-01  2.39094267E-01  2.55263672E-01  2.86457010E-01  3.47263953E-01  3.81346378E-01  3.23502720E-01  2.51593138E-01  2.40406618E-01  2.60944726E-01  3.01968846E-01  3.64811496E-01  3.75401827E-01  2.97987395E-01  2.40938417E-01  2.42754500E-01  2.68178831E-01  3.21707984E-01  3.79638259E-01  3.55670722E-01  2.75906871E-01  2.38071690E-01  2.48091606E-01  2.80404483E-01  3.41884075E-01  3.84865035E-01  3.32545881E-01  2.57937549E-01  2.38325129E-01  2.53973984E-01  2.94838494E-01  3.64332321E-01  3.79377565E-01  3.03785775E-01  2.46970338E-01  2.43341370E-01  2.62534739E-01  3.14416459E-01  3.77138136E-01  3.59608731E-01  2.80355075E-01  2.44630480E-01  2.48674069E-01  2.74953451E-01  3.40127487E-01  3.82396588E-01  3.28729138E-01  2.60284133E-01  2.46057955E-01  2.53837022E-01  2.90721157E-01  3.60436900E-01  3.73374916E-01  3.03831672E-01  2.53707604E-01  2.49478722E-01  2.59441026E-01  3.10765583E-01  3.75605023E-01  3.55964766E-01  2.83014271E-01  2.50751204E-01  2.49230957E-01  2.67573566E-01  3.35709217E-01  3.84143074E-01  3.33750680E-01  2.66799842E-01  2.46375853E-01  2.45648025E-01  2.85641978E-01  3.66501341E-01  3.78857247E-01  3.06056555E-01  2.51251874E-01  2.40551065E-01  2.55635351E-01  3.15994518E-01  3.81740399E-01  3.58192432E-01  2.80713805E-01  2.42571870E-01  2.46008644E-01  2.70517396E-01  3.41481695E-01  3.84568569E-01  3.33552829E-01  2.64145097E-01  2.39898347E-01  2.47566935E-01  2.89742521E-01  3.63979201E-01  3.80652148E-01  3.11106187E-01  2.49292272E-01
  2.55025872E-01  2.83915280E-01  3.30521006E-01  3.36039497E-01  3.20360599E-01  2.94658646E-01  2.58878167E-01  2.58046245E-01  3.06020847E-01  3.41003641E-01  3.31271106E-01  3.13005561E-01  2.81465705E-01  2.52174785E-01  2.71340619E-01  3.23520438E-01  3.40708383E-01  3.29316118E-01  3.06861829E-01  2.65027129E-01  2.49395825E-01  2.92674354E-01  3.35536088E-01  3.34093178E-01  3.24614764E-01  2.92877835E-01  2.50494219E-01  2.59504226E-01  3.13724164E-01  3.38677356E-01  3.35105478E-01  3.15705711E-01  2.72305683E-01  2.43944410E-01  2.79514980E-01  3.30731117E-01  3.40780571E-01  3.28600118E-01  2.98644833E-01  2.56460082E-01  2.49879845E-01  3.00174765E-01  3.43875666E-01  3.40097651E-01  3.17016349E-01  2.82093029E-01  2.47341957E-01  2.61925025E-01  3.18871333E-01  3.46327452E-01  3.34659620E-01  3.06492669E-01  2.68078538E-01  2.45733589E-01  2.77655086E-01  3.36134279E-01  3.45648007E-01  3.22527179E-01  2.95494972E-01  2.57639657E-01  2.49782071E-01  3.00666879E-01  3.44290907E-01  3.37043534E-01  3.14994451E-01  2.83351570E-01  2.48350458E-01  2.62981573E-01  3.20565427E-01  3.47418967E-01  3.29467134E-01  3.01906145E-01  2.72371011E-01  2.48911793E-01  2.79527252E-01  3.35299222E-01  3.47905570E-01  3.18371030E-01  2.91124788E-01  2.59028193E-01  2.53606080E-01  3.02129691E-01  3.47986783E-01  3.36635576E-01  3.08105515E-01  2.79541454E-01  2.50112633E-01  2.66701219E-01  3.22649908E-01  3.50546680E-01  3.27934678E-01  2.97126810E-01  2.65443863E-01  2.51769515E-01  2.85345992E-01  3.37998692E-01  3.46149807E-01  3.17642470E-01  2.84806055E-01  2.55664380E-01  2.59110344E-01  3.04248905E-01  3.48915525E-01  3.42879646E-01  3.06971719E-01  2.70135936E-01  2.50378968E-01  2.70921834E-01  3.27394053E-01  3.53704757E-01  3.27961743E-01  2.88273187E-01  2.62280973E-01  2.53132861E-01  2.90040653E-01  3.41128924E-01  3.46662350E-01  3.14196109E-01  2.81287598E-01  2.57098448E-01  2.61861818E-01  3.09105689E-01  3.46979652E-01  3.35000225E-01  3.03920693E-01  2.73823073E-01  2.56819560E-01  2.76654912E-01  3.23878498E-01  3.42204933E-01  3.23698498E-01  2.96103276E-01  2.71413794E-01  2.60826982E-01  2.87598895E-01  3.32943026E-01  3.40616798E-01  3.13952859E-01  2.87872095E-01  2.66645905E-01  2.64043491E-01  3.03039519E-01  3.39026184E-01  3.32069464E-01  3.06886056E-01  2.82877258E-01  2.64452787E-01  2.70522392E-01  3.12429239E-01  3.38083935E-01  3.28969623E-01  3.01648430E-01  2.77418987E-01  2.59240109E-01  2.82746783E-01  3.23713922E-01  3.37597180E-01  3.23693447E-01  2.95820192E-01  2.66701141E-01  2.61047376E-01  2.95430073E-01  3.32824956E-01  3.35559574E-01  3.16120889E-01  2.88526654E-01  2.59613781E-01  2.69036476E-01  3.08584192E-01  3.36773703E-01  3.29531378E-01  3.06028081E-01  2.78626189E-01  2.59461008E-01  2.77744854E-01  3.20644427E-01  3.38534860E-01  3.21215632E-01  2.98435710E-01  2.72621857E-01  2.61415480E-01  2.87256628E-01  3.29277040E-01  3.33986749E-01  3.16547636E-01  2.93702484E-01  2.64930951E-01  2.64181849E-01  3.01352879E-01  3.33870186E-01  3.30254051E-01  3.13730320E-01  2.85406677E-01  2.58281667E-01  2.71816998E-01  3.14842265E-01  3.37383509E-01  3.25503807E-01  3.06432943E-01  2.72369449E-01
  2.14927513E-01  1.92561768E-01  2.80839576E-01  3.72371773E-01  3.87361763E-01  3.53351515E-01  2.76173601E-01  1.95083001E-01  2.12999888E-01  3.18531533E-01  3.84658196E-01  3.76860563E-01  3.32836541E-01  2.46109469E-01  1.88136860E-01  2.43578252E-01  3.47316764E-01  3.85999342E-01  3.69517156E-01  3.11516234E-01  2.20372577E-01  1.93853525E-01  2.77534261E-01  3.69608953E-01  3.84267006E-01  3.53330147E-01  2.83764437E-01  2.02064369E-01  2.11799488E-01  3.11904424E-01  3.80772990E-01  3.78912971E-01  3.37635048E-01  2.53952078E-01  1.91190916E-01  2.36219231E-01  3.43163624E-01  3.89249648E-01  3.68068728E-01  3.13654440E-01  2.26368656E-01  1.92406399E-01  2.74497147E-01  3.68663913E-01  3.83733804E-01  3.52787572E-01  2.85480955E-01  2.02689916E-01  2.10095762E-01  3.11004509E-01  3.79734428E-01  3.77017825E-01  3.38653374E-01  2.54006593E-01  1.89741697E-01  2.41489167E-01  3.43741281E-01  3.83691324E-01  3.71702196E-01  3.12085162E-01  2.21144216E-01  1.95975016E-01  2.79009977E-01  3.63424244E-01  3.84132216E-01  3.58195459E-01  2.82744742E-01  2.00589166E-01  2.12344875E-01  3.10179042E-01  3.80490671E-01  3.81760906E-01  3.40100219E-01  2.49596221E-01  1.88310110E-01  2.38590533E-01  3.44914686E-01  3.89473479E-01  3.74558192E-01  3.11705973E-01  2.18151900E-01  1.90927741E-01  2.75424884E-01  3.67740643E-01  3.90591160E-01  3.60517644E-01  2.81133022E-01  1.95902174E-01  2.09300374E-01  3.09123764E-01  3.82782686E-01  3.89145474E-01  3.37265401E-01  2.45966581E-01  1.89819312E-01  2.39894423E-01  3.38606843E-01  3.92145795E-01  3.81556230E-01  3.08506180E-01  2.15181775E-01  1.94112286E-01  2.73767589E-01  3.61209935E-01  3.95752066E-01  3.65396801E-01  2.77301902E-01  1.96679977E-01  2.13108209E-01  3.03418941E-01  3.75292700E-01  3.94975180E-01  3.42590320E-01  2.44887445E-01  1.90034425E-01  2.39310353E-01  3.32033374E-01  3.88628572E-01  3.82938345E-01  3.12641349E-01  2.17871997E-01  1.96236689E-01  2.72463374E-01  3.56455446E-01  3.91771857E-01  3.66649992E-01  2.78160378E-01  1.98142073E-01  2.19574705E-01  3.07599333E-01  3.72538316E-01  3.88823518E-01  3.37587714E-01  2.45680595E-01  1.95734399E-01  2.46741790E-01  3.35482756E-01  3.83008028E-01  3.75000506E-01  3.07942253E-01  2.24924862E-01  2.03908969E-01  2.78434168E-01  3.55018217E-01  3.84251799E-01  3.56803875E-01  2.81579258E-01  2.08256614E-01  2.21750909E-01  3.02343950E-01  3.71209960E-01  3.84919175E-01  3.36962322E-01  2.51866117E-01  1.99939885E-01  2.41601734E-01  3.30553186E-01  3.87277808E-01  3.74803881E-01  3.08790391E-01  2.26794932E-01  2.00823240E-01  2.69497403E-01  3.60802918E-01  3.92716038E-01  3.54501711E-01  2.78722335E-01  2.05869910E-01  2.13352366E-01  3.03187257E-01  3.81484891E-01  3.88013833E-01  3.33245115E-01  2.47833212E-01  1.92771568E-01  2.39971004E-01  3.39802822E-01  3.93059288E-01  3.73512373E-01  3.06072484E-01  2.20711005E-01  1.97770873E-01  2.75746461E-01  3.64568991E-01  3.90733499E-01  3.53526975E-01  2.77378070E-01  1.99789067E-01  2.13291596E-01  3.13336760E-01  3.82496915E-01  3.81897166E-01  3.32487311E-01  2.45167652E-01  1.90308032E-01  2.42742795E-01  3.44106835E-01  3.91280277E-01  3.74190419E-01  3.05126238E-01
  3.18340200E-01  3.08800705E-01  2.83602538E-01  2.64040011E-01  2.88274318E-01  3.21358995E-01  3.21617523E-01  3.16181023E-01  3.05670926E-01  2.75595483E-01  2.66881730E-01  2.97985695E-01  3.20179150E-01  3.20259219E-01  3.17499789E-01  2.98989553E-01  2.69797626E-01  2.72562725E-01  3.06146264E-01  3.22433193E-01  3.19581946E-01  3.14473970E-01  2.88837942E-01  2.66501135E-01  2.80287483E-01  3.16410804E-01  3.23701323E-01  3.19030419E-01  3.07925891E-01  2.80981340E-01  2.64919172E-01  2.90012336E-01  3.21293492E-01  3.25154345E-01  3.14671595E-01  3.03562372E-01  2.73864771E-01  2.66075652E-01  3.00033055E-01  3.25113000E-01  3.22550069E-01  3.16907011E-01  2.96165654E-01  2.67544754E-01  2.72172362E-01  3.06657683E-01  3.24217720E-01  3.25531447E-01  3.16922981E-01  2.84628485E-01  2.62120338E-01  2.82753466E-01  3.13356804E-01  3.25553136E-01  3.30070239E-01  3.05063862E-01  2.68288975E-01  2.63806274E-01  2.97446103E-01  3.19233834E-01  3.29348061E-01  3.27312802E-01  2.88230087E-01  2.53745233E-01  2.74681434E-01  3.11041466E-01  3.24105795E-01  3.34000587E-01  3.17368208E-01  2.71196730E-01  2.54823701E-01  2.87662558E-01  3.18975564E-01  3.31600602E-01  3.32993211E-01  2.98444221E-01  2.56027307E-01  2.62359606E-01  3.01075554E-01  3.24131406E-01  3.37030322E-01  3.26919659E-01  2.83325162E-01  2.49841128E-01  2.73886390E-01  3.12063690E-01  3.29699294E-01  3.35843625E-01  3.14191931E-01  2.65737275E-01  2.50796640E-01  2.89562871E-01  3.22983035E-01  3.32723235E-01  3.35201090E-01  3.00263369E-01  2.51894922E-01  2.56058250E-01  3.03974807E-01  3.29313062E-01  3.37856157E-01  3.27901146E-01  2.79093084E-01  2.43995491E-01  2.69279360E-01  3.17109268E-01  3.35528445E-01  3.37057044E-01  3.12383981E-01  2.61992542E-01  2.45198759E-01  2.88162604E-01  3.32895580E-01  3.36154121E-01  3.29537363E-01  2.94939032E-01  2.49742609E-01  2.54144581E-01  3.07821513E-01  3.36522429E-01  3.39231166E-01  3.21507990E-01  2.75275227E-01  2.41097985E-01  2.70810875E-01  3.22523659E-01  3.42118154E-01  3.36645541E-01  3.05579865E-01  2.60283335E-01  2.44701730E-01  2.89500492E-01  3.32268188E-01  3.40655259E-01  3.29508625E-01  2.90694581E-01  2.49162503E-01  2.55223780E-01  3.10683235E-01  3.39319249E-01  3.34907989E-01  3.18083708E-01  2.76337685E-01  2.46314246E-01  2.73635263E-01  3.23593202E-01  3.37032117E-01  3.29764868E-01  3.04625654E-01  2.65091251E-01  2.51991792E-01  2.93085865E-01  3.31673166E-01  3.35243313E-01  3.17620962E-01  2.89663706E-01  2.58465316E-01  2.65364440E-01  3.11301909E-01  3.36636787E-01  3.29634312E-01  3.05170276E-01  2.78727695E-01  2.56741128E-01  2.79824417E-01  3.24425132E-01  3.36359222E-01  3.21113294E-01  2.96988714E-01  2.68924431E-01  2.59272474E-01  2.95817874E-01  3.34389897E-01  3.29750639E-01  3.14222256E-01  2.92118146E-01  2.62407167E-01  2.64226800E-01  3.11445234E-01  3.36517635E-01  3.22902350E-01  3.09217545E-01  2.83549954E-01  2.56879955E-01  2.80586322E-01  3.27538370E-01  3.30115888E-01  3.18314645E-01  3.03177219E-01  2.73165616E-01  2.60409586E-01  2.97621735E-01  3.29517805E-01  3.24500244E-01  3.13882058E-01  2.94678613E-01  2.65853990E-01  2.71724519E-01  3.13895186E-01  3.29778074E-01
  3.18568491E-01  3.87196131E-01  3.87466667E-01  3.14548238E-01  2.27300469E-01  1.99129472E-01  2.57967002E-01  3.52349057E-01  3.99173047E-01  3.72069795E-01  2.81601185E-01  2.00231912E-01  2.07701877E-01  2.96598911E-01  3.79254550E-01  4.00555398E-01  3.47478978E-01  2.42530320E-01  1.85901129E-01  2.31193349E-01  3.31420443E-01  3.99094069E-01  3.95537850E-01  3.10154476E-01  2.11276798E-01  1.90171291E-01  2.64230214E-01  3.64873941E-01  4.07933909E-01  3.71226967E-01  2.72591919E-01  1.89534684E-01  2.06284208E-01  3.06913856E-01  3.88077673E-01  4.00967917E-01  3.40875632E-01  2.37021388E-01  1.83204225E-01  2.38319064E-01  3.39589551E-01  3.99997153E-01  3.88104559E-01  3.03154807E-01  2.09330349E-01  1.94568195E-01  2.70823229E-01  3.65617269E-01  4.07047230E-01  3.65800301E-01  2.65252701E-01  1.95167130E-01  2.14361618E-01  3.02919058E-01  3.86214749E-01  4.02654848E-01  3.34777826E-01  2.34526160E-01  1.91245747E-01  2.39246231E-01  3.32503060E-01  4.01923065E-01  3.88420723E-01  2.99430030E-01  2.12260854E-01  1.99187154E-01  2.65823597E-01  3.64348639E-01  4.07890851E-01  3.61898262E-01  2.65922199E-01  1.99747868E-01  2.12327418E-01  2.99409165E-01  3.85702471E-01  4.01691401E-01  3.32974028E-01  2.39782852E-01  1.93574582E-01  2.34960514E-01  3.30382577E-01  4.03281458E-01  3.87828323E-01  3.00067452E-01  2.16391293E-01  1.96424975E-01  2.63297658E-01  3.64303862E-01  4.05581788E-01  3.61800287E-01  2.71611385E-01  1.99931805E-01  2.10482157E-01  3.01594278E-01  3.86031128E-01  3.96036602E-01  3.33907362E-01  2.41937170E-01  1.94016392E-01  2.37701291E-01  3.33213231E-01  3.96240015E-01  3.81245374E-01  3.02845138E-01  2.19038040E-01  2.00429338E-01  2.67282178E-01  3.62447599E-01  3.98859016E-01  3.57499212E-01  2.72376855E-01  2.05826773E-01  2.14314167E-01  3.00171405E-01  3.80263747E-01  3.89748221E-01  3.29626536E-01  2.48774870E-01  2.02825969E-01  2.38243695E-01  3.29367897E-01  3.89435800E-01  3.71312365E-01  3.02972783E-01  2.32070886E-01  2.08738774E-01  2.64401858E-01  3.54165310E-01  3.90040548E-01  3.52090101E-01  2.82071614E-01  2.18317376E-01  2.16212115E-01  2.91776076E-01  3.72177749E-01  3.82738189E-01  3.34144023E-01  2.60638971E-01  2.09819362E-01  2.36404097E-01  3.21627647E-01  3.76867013E-01  3.72540943E-01  3.15917602E-01  2.38715993E-01  2.09702556E-01  2.60700902E-01  3.42406283E-01  3.81100062E-01  3.60525015E-01  2.92593864E-01  2.23295565E-01  2.18054573E-01  2.83061824E-01  3.60050191E-01  3.81758116E-01  3.44010191E-01  2.68499969E-01  2.09547478E-01  2.27679444E-01  3.15046505E-01  3.80246922E-01  3.77902881E-01  3.21271443E-01  2.42178213E-01  2.02601134E-01  2.51117664E-01  3.42677145E-01  3.91033764E-01  3.64908587E-01  2.94681165E-01  2.19922603E-01  2.10205046E-01  2.81277554E-01  3.65693835E-01  3.90025650E-01  3.45190368E-01  2.65083740E-01  2.07387408E-01  2.27050188E-01  3.14376812E-01  3.82747941E-01  3.83136014E-01  3.19032638E-01  2.38492267E-01  2.04530396E-01  2.56016251E-01  3.44268882E-01  3.88090289E-01  3.66762118E-01  2.91010199E-01  2.15443232E-01  2.14137638E-01  2.89494703E-01  3.65335939E-01  3.92966488E-01  3.45724920E-01  2.55246248E-01  2.02725524E-01  2.34823994E-01
  3.20782524E-01  2.48163736E-01  2.36816110E-01  2.75351935E-01  3.15218844E-01  3.58362931E-01  3.61914404E-01  2.95151024E-01  2.35806946E-01  2.47667894E-01  2.89991680E-01  3.27911092E-01  3.68173945E-01  3.45579438E-01  2.66912543E-01  2.34367410E-01  2.65812273E-01  3.01805454E-01  3.41786563E-01  3.65870537E-01  3.17680402E-01  2.49231214E-01  2.43892829E-01  2.81621868E-01  3.14233335E-01  3.52892074E-01  3.55368757E-01  2.93297760E-01  2.38961583E-01  2.57048752E-01  2.93330438E-01  3.24688434E-01  3.58402710E-01  3.41634353E-01  2.73120273E-01  2.40288152E-01  2.66961598E-01  2.99172294E-01  3.38002749E-01  3.60703797E-01  3.18957253E-01  2.57156101E-01  2.46865789E-01  2.75310890E-01  3.08114653E-01  3.50701934E-01  3.54896126E-01  2.96435120E-01  2.49276220E-01  2.56216485E-01  2.83200640E-01  3.24128902E-01  3.56852557E-01  3.37172655E-01  2.79196536E-01  2.49451828E-01  2.62344769E-01  2.91536081E-01  3.38880403E-01  3.60571739E-01  3.18805210E-01  2.62145267E-01  2.50432342E-01  2.68615248E-01  3.06229989E-01  3.56234195E-01  3.55756837E-01  2.95271647E-01  2.50140460E-01  2.54690683E-01  2.81398037E-01  3.26387044E-01  3.65158173E-01  3.36100574E-01  2.72110071E-01  2.46370110E-01  2.62225979E-01  2.96484941E-01  3.48183184E-01  3.63177256E-01  3.11356350E-01  2.55414485E-01  2.47874673E-01  2.72895133E-01  3.15792980E-01  3.62426809E-01  3.54048978E-01  2.84928138E-01  2.42130346E-01  2.53173544E-01  2.84192907E-01  3.35475913E-01  3.72019303E-01  3.32064995E-01  2.63711247E-01  2.41153674E-01  2.60203137E-01  3.02258851E-01  3.54989791E-01  3.65371767E-01  3.05795286E-01  2.49333055E-01  2.42982315E-01  2.71774423E-01  3.21610027E-01  3.68448329E-01  3.49696091E-01  2.83760318E-01  2.40840102E-01  2.47630735E-01  2.85587480E-01  3.39512220E-01  3.71975754E-01  3.32076282E-01  2.64317915E-01  2.36127083E-01  2.55494512E-01  3.01319424E-01  3.58368859E-01  3.67556811E-01  3.09742168E-01  2.51636164E-01  2.39279340E-01  2.63370130E-01  3.15124927E-01  3.65954469E-01  3.54807103E-01  2.92446299E-01  2.46352523E-01  2.44905421E-01  2.76536409E-01  3.31485329E-01  3.69560088E-01  3.44440584E-01  2.75929337E-01  2.37403147E-01  2.51756954E-01  2.92731477E-01  3.48584838E-01  3.71431638E-01  3.24775874E-01  2.56416030E-01  2.33432102E-01  2.61865456E-01  3.13917847E-01  3.63368961E-01  3.62104774E-01  3.00009442E-01  2.40855630E-01  2.37718219E-01  2.78237396E-01  3.33163053E-01  3.70795359E-01  3.47136445E-01  2.76822405E-01  2.32204965E-01  2.48792733E-01  2.96637909E-01  3.48174778E-01  3.69683743E-01  3.24500283E-01  2.56145501E-01  2.35842075E-01  2.64299248E-01  3.11721874E-01  3.60239912E-01  3.62816430E-01  3.00280957E-01  2.41708200E-01  2.44317217E-01  2.82345468E-01  3.26554748E-01  3.65893083E-01  3.46822969E-01  2.75579660E-01  2.37187303E-01  2.55376693E-01  2.95056523E-01  3.44801326E-01  3.67208187E-01  3.23757704E-01  2.54167570E-01  2.38102002E-01  2.72422891E-01  3.13247919E-01  3.55615240E-01  3.60956479E-01  2.96537931E-01  2.36138310E-01  2.46811574E-01  2.89203759E-01  3.31623608E-01  3.62511385E-01  3.42133472E-01  2.69578778E-01  2.33140908E-01  2.62217706E-01  3.02885539E-01  3.41911359E-01  3.65892118E-01
  3.65619295E-01  2.78166652E-01  2.15603029E-01  2.38372375E-01  2.93597295E-01  3.48147819E-01  3.88487811E-01  3.44393207E-01  2.49163560E-01  2.12262167E-01  2.51410639E-01  3.11947747E-01  3.69749987E-01  3.88296184E-01  3.12832472E-01  2.27856065E-01  2.16948602E-01  2.68807103E-01  3.31618081E-01  3.86994386E-01  3.73150321E-01  2.81342165E-01  2.13911807E-01  2.27755088E-01  2.87778206E-01  3.52785467E-01  3.93024101E-01  3.49788554E-01  2.53455219E-01  2.09074793E-01  2.43502919E-01  3.07979406E-01  3.68865216E-01  3.87600217E-01  3.20688992E-01  2.31179919E-01  2.13332538E-01  2.68537814E-01  3.32081934E-01  3.76837596E-01  3.70284361E-01  2.90151134E-01  2.17983966E-01  2.29796216E-01  2.91998894E-01  3.48091781E-01  3.76633092E-01  3.44640646E-01  2.60994860E-01  2.15934660E-01  2.53698376E-01  3.12185945E-01  3.59625031E-01  3.72048074E-01  3.19033474E-01  2.36948658E-01  2.22387523E-01  2.77178538E-01  3.30326139E-01  3.63265465E-01  3.61633391E-01  2.91501759E-01  2.23764517E-01  2.38260848E-01  2.99702634E-01  3.42715898E-01  3.69897233E-01  3.44015544E-01  2.61684810E-01  2.18582828E-01  2.58820739E-01  3.19759224E-01  3.55153142E-01  3.66161043E-01  3.14925893E-01  2.38958503E-01  2.27024012E-01  2.85304104E-01  3.35436643E-01  3.59329814E-01  3.50829179E-01  2.87694088E-01  2.23534547E-01  2.43181651E-01  3.11282685E-01  3.44493919E-01  3.58354247E-01  3.35682052E-01  2.62002165E-01  2.18259827E-01  2.70858433E-01  3.28032248E-01  3.47209161E-01  3.53108382E-01  3.11907861E-01  2.35937254E-01  2.32153338E-01  2.97032751E-01  3.37385921E-01  3.50373671E-01  3.43266866E-01  2.82156970E-01  2.25702291E-01  2.54857423E-01  3.18289650E-01  3.43202272E-01  3.50238312E-01  3.26161988E-01  2.55623851E-01  2.24063778E-01  2.82453928E-01  3.33237570E-01  3.47100722E-01  3.48175446E-01  3.01164920E-01  2.35605214E-01  2.40925227E-01  3.02075295E-01  3.41191328E-01  3.52091737E-01  3.33324655E-01  2.77741765E-01  2.30966472E-01  2.59363710E-01  3.17772845E-01  3.45177320E-01  3.49260628E-01  3.20267490E-01  2.57381394E-01  2.32187530E-01  2.79599555E-01  3.29878688E-01  3.46882352E-01  3.43501093E-01  3.02986933E-01  2.42113646E-01  2.43418232E-01  2.97417709E-01  3.35761716E-01  3.48169535E-01  3.38244340E-01  2.82840131E-01  2.31746606E-01  2.59487120E-01  3.11346672E-01  3.38867685E-01  3.52730784E-01  3.27302327E-01  2.57908908E-01  2.33023534E-01  2.80055398E-01  3.21002395E-01  3.42272961E-01  3.52564591E-01  3.06756899E-01  2.41331125E-01  2.45207959E-01  2.90299581E-01  3.25419428E-01  3.54566810E-01  3.49752516E-01  2.83849003E-01  2.32155860E-01  2.55906034E-01  3.02623562E-01  3.37035508E-01  3.61783193E-01  3.32677806E-01  2.57492475E-01  2.29670476E-01  2.71438139E-01  3.16629819E-01  3.48698539E-01  3.60795813E-01  3.10094744E-01  2.38779206E-01  2.35479209E-01  2.86264358E-01  3.29928565E-01  3.61574160E-01  3.55137876E-01  2.81077586E-01  2.24255553E-01  2.49312670E-01  2.99828546E-01  3.43619638E-01  3.74260433E-01  3.36175887E-01  2.53127893E-01  2.21185840E-01  2.60966479E-01  3.15903387E-01  3.62752418E-01  3.75792742E-01  3.09310651E-01  2.29729184E-01  2.25358741E-01  2.78047519E-01  3.31259753E-01  3.78435365E-01
  2.73512830E-01  1.74827215E-01  1.81740501E-01  2.93524221E-01  4.02683983E-01  4.27955205E-01  3.55849937E-01  2.31059357E-01  1.61334891E-01  2.09562267E-01  3.34686930E-01  4.27334601E-01  4.19066444E-01  3.11339555E-01  1.92991848E-01  1.64688050E-01  2.47975078E-01  3.74699494E-01  4.40629876E-01  3.90679219E-01  2.61819555E-01  1.67943437E-01  1.85516220E-01  2.94321543E-01  4.10003104E-01  4.36673958E-01  3.45597194E-01  2.17780383E-01  1.62457539E-01  2.18806740E-01  3.38947411E-01  4.30953366E-01  4.17340128E-01  2.98242891E-01  1.87392596E-01  1.72257742E-01  2.59190196E-01  3.78178417E-01  4.36347253E-01  3.77613982E-01  2.56344692E-01  1.76140375E-01  1.95824470E-01  2.97144493E-01  4.02516461E-01  4.26693750E-01  3.41400381E-01  2.23890905E-01  1.71288385E-01  2.22579359E-01  3.37285606E-01  4.23751437E-01  4.05898235E-01  2.99779017E-01  1.95588032E-01  1.79326151E-01  2.60439150E-01  3.72538142E-01  4.30088110E-01  3.76587394E-01  2.57372833E-01  1.78272551E-01  1.99322021E-01  2.96993164E-01  4.04292690E-01  4.27719600E-01  3.38213021E-01  2.16993420E-01  1.71908493E-01  2.29286018E-01  3.40121626E-01  4.23724554E-01  4.06096487E-01  2.94438755E-01  1.89682108E-01  1.80812496E-01  2.64267779E-01  3.77272892E-01  4.32943190E-01  3.73363290E-01  2.51382496E-01  1.74982589E-01  1.97893578E-01  3.00088098E-01  4.07270639E-01  4.27071958E-01  3.37898588E-01  2.16508527E-01  1.67641135E-01  2.26984575E-01  3.44953846E-01  4.26881155E-01  4.02166883E-01  2.94806019E-01  1.91246029E-01  1.77822329E-01  2.63520494E-01  3.78902615E-01  4.29186599E-01  3.73156567E-01  2.57037850E-01  1.77491846E-01  1.97363455E-01  3.01176508E-01  4.01577931E-01  4.19785786E-01  3.39673295E-01  2.26428070E-01  1.72175851E-01  2.23948433E-01  3.36107138E-01  4.21148955E-01  4.05418220E-01  2.99836946E-01  1.99960271E-01  1.78492694E-01  2.56316086E-01  3.70198773E-01  4.32286344E-01  3.75829484E-01  2.63555660E-01  1.80527515E-01  1.91400843E-01  2.91930042E-01  4.05526703E-01  4.26201715E-01  3.41834912E-01  2.29240397E-01  1.71143477E-01  2.12926298E-01  3.32344656E-01  4.26255876E-01  4.06556959E-01  3.04381831E-01  2.03397851E-01  1.73590178E-01  2.48549477E-01  3.73478508E-01  4.32073162E-01  3.77496522E-01  2.67784187E-01  1.82898046E-01  1.86737986E-01  2.90805758E-01  4.04283312E-01  4.23690783E-01  3.43494499E-01  2.33309925E-01  1.71629732E-01  2.13855284E-01  3.32722189E-01  4.21573393E-01  4.05400540E-01  3.10574669E-01  2.02269908E-01  1.70156617E-01  2.49946803E-01  3.74540444E-01  4.27521833E-01  3.81765021E-01  2.73003681E-01  1.79816535E-01  1.83490106E-01  2.94055764E-01  4.00521545E-01  4.21049937E-01  3.55710372E-01  2.37051771E-01  1.64555785E-01  2.11743398E-01  3.32789194E-01  4.18214973E-01  4.15685455E-01  3.18419689E-01  1.99196591E-01  1.63737460E-01  2.47003787E-01  3.72180587E-01  4.30641338E-01  3.91607277E-01  2.75593840E-01  1.72482491E-01  1.78639907E-01  2.91785065E-01  4.00893244E-01  4.29869356E-01  3.58787679E-01  2.34229923E-01  1.60378501E-01  2.11978146E-01  3.33102903E-01  4.21156369E-01  4.15480628E-01  3.17091419E-01  1.98127831E-01  1.65756734E-01  2.49508529E-01  3.70852586E-01  4.31559992E-01  3.90530758E-01
  3.15982924E-01  2.07192351E-01  1.83231191E-01  2.38904999E-01  3.50641852E-01  4.32893126E-01  3.94622195E-01  2.71220684E-01  1.88971001E-01  1.93680828E-01  2.76012204E-01  3.85553517E-01  4.28212310E-01  3.52818995E-01  2.37932387E-01  1.86626699E-01  2.16614133E-01  3.14247477E-01  4.07435749E-01  4.08807087E-01  3.09671101E-01  2.14621232E-01  1.92906326E-01  2.49227371E-01  3.49413030E-01  4.16730881E-01  3.80298031E-01  2.73629479E-01  2.00117214E-01  2.05740453E-01  2.78919383E-01  3.78734634E-01  4.15890995E-01  3.48639975E-01  2.43914645E-01  1.92917292E-01  2.23697247E-01  3.11308409E-01  3.98399146E-01  4.03841966E-01  3.16275568E-01  2.21024004E-01  1.94546408E-01  2.45624994E-01  3.40636950E-01  4.11492193E-01  3.86815695E-01  2.86229440E-01  1.99763301E-01  1.99592772E-01  2.72430304E-01  3.70413756E-01  4.17420470E-01  3.63693553E-01  2.49519532E-01  1.86734085E-01  2.14048366E-01  3.05783315E-01  3.98964358E-01  4.14114115E-01  3.27486798E-01  2.16517084E-01  1.83086333E-01  2.39645971E-01  3.39238718E-01  4.18635748E-01  4.00676256E-01  2.86063930E-01  1.92158980E-01  1.91032707E-01  2.68690690E-01  3.72818424E-01  4.29629033E-01  3.68144079E-01  2.45604435E-01  1.82270573E-01  2.07561023E-01  3.02843008E-01  4.07119051E-01  4.21925848E-01  3.24896060E-01  2.14870467E-01  1.79606564E-01  2.33598044E-01  3.44621691E-01  4.28621440E-01  3.99357010E-01  2.82004191E-01  1.90170223E-01  1.87785912E-01  2.68753891E-01  3.84350321E-01  4.33417568E-01  3.61905225E-01  2.40583347E-01  1.79251561E-01  2.09277440E-01  3.10230098E-01  4.10848371E-01  4.21127850E-01  3.21936685E-01  2.09479818E-01  1.78934885E-01  2.36576378E-01  3.46371909E-01  4.26813145E-01  3.99501349E-01  2.81328464E-01  1.88459042E-01  1.90900367E-01  2.70478740E-01  3.80259057E-01  4.31379421E-01  3.62150003E-01  2.41449042E-01  1.80741609E-01  2.13002260E-01  3.07925672E-01  4.06100293E-01  4.19128083E-01  3.23783283E-01  2.08560496E-01  1.85156245E-01  2.39434066E-01  3.40557278E-01  4.25777885E-01  4.03203020E-01  2.77478156E-01  1.87655766E-01  1.95030092E-01  2.70413661E-01  3.76760174E-01  4.34025055E-01  3.66216286E-01  2.37129894E-01  1.80025070E-01  2.13303478E-01  3.07034994E-01  4.08304019E-01  4.26636977E-01  3.22229731E-01  2.06204990E-01  1.82372766E-01  2.38697814E-01  3.44224404E-01  4.29144903E-01  4.01264855E-01  2.77377604E-01  1.87042480E-01  1.95287259E-01  2.72379792E-01  3.82977107E-01  4.33143860E-01  3.62353992E-01  2.37875453E-01  1.78191186E-01  2.11319977E-01  3.10213560E-01  4.12889633E-01  4.21828956E-01  3.22284099E-01  2.08123550E-01  1.80066104E-01  2.36621876E-01  3.43297862E-01  4.31436119E-01  4.01297714E-01  2.77618279E-01  1.88532417E-01  1.93768762E-01  2.67003231E-01  3.79305002E-01  4.38774000E-01  3.65307665E-01  2.36203354E-01  1.81307959E-01  2.10761399E-01  3.03868948E-01  4.12249895E-01  4.28256749E-01  3.20477844E-01  2.06487578E-01  1.80364321E-01  2.36089263E-01  3.47706908E-01  4.35540279E-01  3.97319409E-01  2.73536066E-01  1.88146200E-01  1.90483517E-01  2.71303151E-01  3.88336610E-01  4.35123328E-01  3.57724215E-01  2.37748655E-01  1.81570567E-01  2.12280411E-01  3.08791749E-01  4.15846337E-01  4.20846512E-01
  1.50068382E-01  1.72780160E-01  3.00659701E-01  4.27098829E-01  4.51966480E-01  3.51877046E-01  2.04499091E-01  1.41412700E-01  2.07762933E-01  3.47830427E-01  4.51190260E-01  4.33815324E-01  3.00066504E-01  1.69019837E-01  1.49237061E-01  2.49994118E-01  3.90464793E-01  4.61543815E-01  3.99933374E-01  2.48925517E-01  1.46601148E-01  1.72518312E-01  3.00203546E-01  4.26900514E-01  4.56341320E-01  3.50613736E-01  2.02879964E-01  1.41113099E-01  2.07756505E-01  3.45321467E-01  4.54447122E-01  4.36020125E-01  2.95206029E-01  1.66883489E-01  1.48759441E-01  2.48337925E-01  3.94062698E-01  4.70545148E-01  3.94651691E-01  2.41574581E-01  1.44886809E-01  1.72159262E-01  2.99257040E-01  4.33466540E-01  4.58170435E-01  3.47063749E-01  1.98310392E-01  1.38778424E-01  2.06253480E-01  3.48136451E-01  4.54222590E-01  4.35645175E-01  2.96851607E-01  1.65971726E-01  1.49545981E-01  2.49194382E-01  3.87039382E-01  4.63276683E-01  4.02822313E-01  2.49014205E-01  1.44941913E-01  1.72026420E-01  2.93802915E-01  4.17678243E-01  4.58220564E-01  3.61779110E-01  2.03886774E-01  1.36090271E-01  2.03375694E-01  3.39662211E-01  4.50381802E-01  4.40289221E-01  3.05914070E-01  1.66553559E-01  1.47194578E-01  2.46828589E-01  3.86571917E-01  4.64851163E-01  4.01675704E-01  2.49351130E-01  1.45539454E-01  1.71938715E-01  2.95196050E-01  4.26346554E-01  4.58463290E-01  3.50499281E-01  2.02182266E-01  1.40583411E-01  2.04140219E-01  3.44232412E-01  4.56631927E-01  4.37345625E-01  2.97979806E-01  1.65330351E-01  1.46427999E-01  2.46782457E-01  3.93770471E-01  4.68695409E-01  3.99592399E-01  2.46088181E-01  1.40741829E-01  1.67088051E-01  2.98454325E-01  4.33741042E-01  4.60752194E-01  3.53959136E-01  1.98791939E-01  1.33024518E-01  2.01654940E-01  3.47513348E-01  4.58637461E-01  4.40548109E-01  3.02773530E-01  1.63028954E-01  1.41146046E-01  2.44758666E-01  3.89411193E-01  4.68425492E-01  4.08570938E-01  2.52057034E-01  1.40392643E-01  1.62709100E-01  2.95811480E-01  4.28948270E-01  4.61170576E-01  3.62002730E-01  2.03836898E-01  1.30530724E-01  1.97529145E-01  3.45262108E-01  4.55672814E-01  4.39950617E-01  3.08898943E-01  1.66437609E-01  1.37565888E-01  2.43192471E-01  3.94093734E-01  4.65914884E-01  4.05982669E-01  2.54089705E-01  1.39244832E-01  1.61861940E-01  2.99713384E-01  4.32101189E-01  4.54071795E-01  3.58893849E-01  2.07707685E-01  1.32064442E-01  2.01646003E-01  3.51111034E-01  4.49888276E-01  4.32767782E-01  3.09188651E-01  1.68672859E-01  1.40880951E-01  2.49680953E-01  3.95538170E-01  4.56760267E-01  3.98919800E-01  2.55891793E-01  1.43917830E-01  1.67198037E-01  3.02220803E-01  4.28362211E-01  4.47969748E-01  3.54826500E-01  2.09910373E-01  1.37965518E-01  2.04563837E-01  3.51684754E-01  4.50767595E-01  4.26191058E-01  3.02932383E-01  1.72054512E-01  1.46650136E-01  2.52756553E-01  3.96489848E-01  4.54035899E-01  3.91151163E-01  2.52914921E-01  1.51264094E-01  1.74089774E-01  3.03368234E-01  4.25749209E-01  4.43769786E-01  3.50115686E-01  2.08900639E-01  1.44703774E-01  2.12174805E-01  3.48124841E-01  4.44489103E-01  4.24402446E-01  3.01718183E-01  1.73828581E-01  1.55220044E-01  2.51456105E-01  3.89970922E-01  4.54774632E-01  3.92635530E-01  2.53209560E-01
  3.88384187E-01  3.29002178E-01  2.30112932E-01  1.86437774E-01  2.56468781E-01  3.53133299E-01  3.92725230E-01  3.73077619E-01  2.97156809E-01  1.99720138E-01  1.98770949E-01  2.92853031E-01  3.74350566E-01  3.92664277E-01  3.59408191E-01  2.60630163E-01  1.82478222E-01  2.20366355E-01  3.23933963E-01  3.88271668E-01  3.92870870E-01  3.32698962E-01  2.24391320E-01  1.78720412E-01  2.51085822E-01  3.52963624E-01  3.98781669E-01  3.87158103E-01  2.95262441E-01  1.93048063E-01  1.90022982E-01  2.87210407E-01  3.79740409E-01  4.06923559E-01  3.61435262E-01  2.52393446E-01  1.76491702E-01  2.16220533E-01  3.24439748E-01  4.00484028E-01  4.01402081E-01  3.26999106E-01  2.15192682E-01  1.76335251E-01  2.50315923E-01  3.59360310E-01  4.10755389E-01  3.81705197E-01  2.86213027E-01  1.90377487E-01  1.94359019E-01  2.89428291E-01  3.85320626E-01  4.08532455E-01  3.52836610E-01  2.47827526E-01  1.80580198E-01  2.19607824E-01  3.29129745E-01  4.00054970E-01  3.91174537E-01  3.21914686E-01  2.18630697E-01  1.86312652E-01  2.56898789E-01  3.54501728E-01  4.01182623E-01  3.75822951E-01  2.86408604E-01  1.97199320E-01  2.01076954E-01  2.91470981E-01  3.77657099E-01  3.99104965E-01  3.52486237E-01  2.54036571E-01  1.84331025E-01  2.25513713E-01  3.30174771E-01  3.90474499E-01  3.89942173E-01  3.24065723E-01  2.20211507E-01  1.85490960E-01  2.59955937E-01  3.52864156E-01  3.96962404E-01  3.81365329E-01  2.89117289E-01  1.94600887E-01  2.02721239E-01  2.90571570E-01  3.72178212E-01  4.04633749E-01  3.57024695E-01  2.49573177E-01  1.85661079E-01  2.27974018E-01  3.21031568E-01  3.90186961E-01  3.96489426E-01  3.24512465E-01  2.20660033E-01  1.90722457E-01  2.54417130E-01  3.46820987E-01  4.00762547E-01  3.81583523E-01  2.88325541E-01  2.01405660E-01  2.03797962E-01  2.85326278E-01  3.69396087E-01  3.99815634E-01  3.57740301E-01  2.58593593E-01  1.88715127E-01  2.24001808E-01  3.18683096E-01  3.85256377E-01  3.91407795E-01  3.30789390E-01  2.27071375E-01  1.89133585E-01  2.53912728E-01  3.45336561E-01  3.90685124E-01  3.81665993E-01  2.97916670E-01  2.03463165E-01  2.04944404E-01  2.85646529E-01  3.61801038E-01  3.93315966E-01  3.61171450E-01  2.62514037E-01  1.94997013E-01  2.26734768E-01  3.14786487E-01  3.77048435E-01  3.89409438E-01  3.32658406E-01  2.33381687E-01  1.95180952E-01  2.54035575E-01  3.40433307E-01  3.84691946E-01  3.77227206E-01  3.01045254E-01  2.12750353E-01  2.04244944E-01  2.81884456E-01  3.62368154E-01  3.92074638E-01  3.57938304E-01  2.67298939E-01  1.95705908E-01  2.21981506E-01  3.14104698E-01  3.82398210E-01  3.86117358E-01  3.30009131E-01  2.37151734E-01  1.93531063E-01  2.51978261E-01  3.45020753E-01  3.87836612E-01  3.73627116E-01  3.02324997E-01  2.10563088E-01  2.01172713E-01  2.88919930E-01  3.67198677E-01  3.85078624E-01  3.56513974E-01  2.68893891E-01  1.92830939E-01  2.27628330E-01  3.20797251E-01  3.77467923E-01  3.83169248E-01  3.33064460E-01  2.34500637E-01  1.91027383E-01  2.56970254E-01  3.44583824E-01  3.85573678E-01  3.77948947E-01  3.02335969E-01  2.04837374E-01  2.00804681E-01  2.90575479E-01  3.65452733E-01  3.90726987E-01  3.60510285E-01  2.62333764E-01  1.87601346E-01  2.25207322E-01  3.22101075E-01  3.82700314E-01
  2.21996447E-01  1.56208576E-01  2.02719695E-01  3.36921878E-01  4.42058162E-01  4.19534591E-01  3.05247306E-01  1.90712835E-01  1.60788291E-01  2.44118637E-01  3.78979497E-01  4.44950026E-01  3.87945186E-01  2.65089117E-01  1.72865221E-01  1.79704735E-01  2.86802523E-01  4.08117630E-01  4.36595900E-01  3.51917357E-01  2.28880216E-01  1.66393684E-01  2.09782298E-01  3.29117967E-01  4.26744112E-01  4.18509567E-01  3.08982621E-01  1.98729007E-01  1.70232728E-01  2.45470009E-01  3.71724503E-01  4.37308299E-01  3.84543264E-01  2.64985670E-01  1.78438455E-01  1.86751697E-01  2.88733861E-01  4.04316963E-01  4.28296082E-01  3.44823905E-01  2.31951986E-01  1.70045614E-01  2.12723796E-01  3.32140795E-01  4.23576980E-01  4.09788958E-01  3.09515527E-01  2.01181465E-01  1.68124625E-01  2.47920154E-01  3.69723554E-01  4.30426882E-01  3.85840573E-01  2.74782305E-01  1.78182197E-01  1.79691361E-01  2.88530988E-01  4.00495412E-01  4.24549278E-01  3.57335732E-01  2.39287083E-01  1.64254946E-01  2.08276612E-01  3.28659471E-01  4.14755953E-01  4.12946998E-01  3.24565201E-01  2.04959504E-01  1.65856799E-01  2.42571252E-01  3.62362188E-01  4.25862055E-01  3.95140862E-01  2.84371680E-01  1.80901413E-01  1.76536535E-01  2.79229649E-01  3.94176366E-01  4.28543381E-01  3.63312336E-01  2.46092304E-01  1.64858675E-01  1.99895588E-01  3.25126403E-01  4.18548344E-01  4.16328033E-01  3.26665139E-01  2.08050196E-01  1.61245674E-01  2.37391310E-01  3.63029479E-01  4.32092525E-01  3.94782873E-01  2.82088942E-01  1.80908228E-01  1.75290027E-01  2.78741421E-01  4.00205017E-01  4.30998267E-01  3.59312513E-01  2.40229823E-01  1.65506247E-01  2.02170332E-01  3.25103638E-01  4.21220958E-01  4.17535674E-01  3.20229026E-01  2.04103773E-01  1.64428140E-01  2.38791237E-01  3.65665769E-01  4.33628106E-01  3.93010627E-01  2.78361798E-01  1.80145326E-01  1.76639518E-01  2.79716870E-01  4.02448360E-01  4.35640957E-01  3.53663984E-01  2.38727387E-01  1.66301412E-01  1.98438611E-01  3.24827156E-01  4.32925876E-01  4.19423385E-01  3.12381761E-01  2.05102991E-01  1.61792074E-01  2.29746209E-01  3.71414370E-01  4.50022194E-01  3.91282520E-01  2.72389726E-01  1.80036192E-01  1.69321855E-01  2.71907331E-01  4.11578452E-01  4.45838350E-01  3.56275384E-01  2.36337432E-01  1.63096335E-01  1.91882520E-01  3.20899781E-01  4.35552264E-01  4.29353217E-01  3.18515764E-01  2.01611921E-01  1.57259020E-01  2.25145850E-01  3.64911842E-01  4.54308716E-01  4.02663216E-01  2.73460539E-01  1.73334723E-01  1.66467314E-01  2.69941639E-01  4.08292521E-01  4.52613484E-01  3.63622999E-01  2.31643411E-01  1.56012939E-01  1.88351224E-01  3.19666680E-01  4.44759164E-01  4.38036592E-01  3.13878944E-01  1.91734932E-01  1.52274039E-01  2.27745353E-01  3.74117096E-01  4.61090907E-01  4.02782810E-01  2.64634234E-01  1.64093831E-01  1.66363920E-01  2.79613896E-01  4.19633227E-01  4.53938192E-01  3.56146960E-01  2.20252585E-01  1.52805655E-01  1.96147252E-01  3.33912152E-01  4.48136648E-01  4.29690333E-01  3.03969707E-01  1.89644452E-01  1.56490607E-01  2.37521626E-01  3.81051416E-01  4.55124565E-01  3.90716354E-01  2.61993938E-01  1.68037471E-01  1.71398714E-01  2.85174451E-01  4.18791219E-01  4.46865844E-01  3.47724215E-01
  4.69066585E-01  5.43809366E-01  3.93187061E-01  1.85353689E-01  8.34655679E-02  1.36316821E-01  3.28180217E-01  5.19376192E-01  5.12453827E-01  3.20063798E-01  1.32696572E-01  8.42095901E-02  1.92321289E-01  4.03330769E-01  5.43680848E-01  4.61586418E-01  2.42440447E-01  9.79859209E-02  1.05824499E-01  2.60011583E-01  4.70149407E-01  5.42871221E-01  3.88571087E-01  1.76110995E-01  8.31174815E-02  1.43622980E-01  3.33920611E-01  5.24029526E-01  5.13131183E-01  3.06956931E-01  1.26016381E-01  8.50165409E-02  1.96062880E-01  4.11461321E-01  5.51338991E-01  4.57789600E-01  2.33961932E-01  9.01624845E-02  1.01296966E-01  2.59732162E-01  4.82590635E-01  5.55123778E-01  3.84929280E-01  1.65495597E-01  7.40340281E-02  1.39700592E-01  3.39023721E-01  5.38327681E-01  5.20463659E-01  3.00958447E-01  1.15194399E-01  7.69951369E-02  1.96391683E-01  4.21196922E-01  5.65594630E-01  4.54810005E-01  2.21876757E-01  8.50632550E-02  9.99006111E-02  2.64236708E-01  4.95992426E-01  5.58913485E-01  3.74392498E-01  1.57712800E-01  7.37104771E-02  1.38836169E-01  3.42872712E-01  5.47293220E-01  5.18791814E-01  2.93526365E-01  1.12295582E-01  7.82102137E-02  1.93251801E-01  4.24331365E-01  5.69183142E-01  4.54753421E-01  2.18736731E-01  8.49644859E-02  1.00740645E-01  2.62957888E-01  4.95727684E-01  5.60046825E-01  3.75080445E-01  1.57167861E-01  7.29788326E-02  1.37553107E-01  3.41334799E-01  5.45283036E-01  5.22075473E-01  2.94075334E-01  1.11591253E-01  7.64955636E-02  1.92012611E-01  4.25963848E-01  5.73079350E-01  4.51871114E-01  2.17970443E-01  8.34762820E-02  9.59946025E-02  2.64039041E-01  5.01140081E-01  5.60716089E-01  3.73172440E-01  1.59117331E-01  6.91279432E-02  1.34551885E-01  3.46580262E-01  5.51793289E-01  5.18910148E-01  2.91783300E-01  1.12400125E-01  7.16814898E-02  1.89601569E-01  4.29291864E-01  5.74116899E-01  4.51327729E-01  2.21464649E-01  8.28983209E-02  9.10595015E-02  2.60491720E-01  4.99449488E-01  5.61245654E-01  3.75751884E-01  1.63743778E-01  7.08095206E-02  1.28842308E-01  3.36865043E-01  5.45748362E-01  5.24314158E-01  3.02722530E-01  1.18157559E-01  7.26742080E-02  1.81608176E-01  4.15856960E-01  5.71552903E-01  4.61424699E-01  2.31411452E-01  8.81824077E-02  9.16022849E-02  2.51276723E-01  4.86577657E-01  5.61416961E-01  3.87338015E-01  1.70194674E-01  7.44120655E-02  1.27466339E-01  3.27328135E-01  5.39342899E-01  5.25752990E-01  3.10190744E-01  1.24292827E-01  7.44926883E-02  1.79235216E-01  4.09603877E-01  5.65547000E-01  4.66807206E-01  2.37128419E-01  9.00544124E-02  9.18469145E-02  2.47934623E-01  4.80126499E-01  5.61297344E-01  3.94033363E-01  1.73559815E-01  7.48230736E-02  1.30716635E-01  3.21904696E-01  5.29175947E-01  5.27763030E-01  3.15347641E-01  1.27536867E-01  7.95191444E-02  1.79937610E-01  3.97083763E-01  5.61085134E-01  4.68490794E-01  2.40875738E-01  9.89200393E-02  9.87982827E-02  2.40859634E-01  4.66747612E-01  5.55409329E-01  3.97221984E-01  1.83544744E-01  8.32813598E-02  1.31007066E-01  3.19890314E-01  5.25453066E-01  5.17466919E-01  3.17473937E-01  1.34476143E-01  8.47697156E-02  1.83837003E-01  3.97496638E-01  5.49672482E-01  4.62778493E-01  2.45864097E-01  1.01506869E-01  1.01025815E-01  2.49916955E-01
  3.54997495E-01  2.83014057E-01  2.17887604E-01  2.14787571E-01  2.91821306E-01  3.76349095E-01  3.84356825E-01  3.30461799E-01  2.59975997E-01  2.09104319E-01  2.33337028E-01  3.24430279E-01  3.87542167E-01  3.72124345E-01  3.08820874E-01  2.40112208E-01  2.08522585E-01  2.60544889E-01  3.51301909E-01  3.92213987E-01  3.54492136E-01  2.81305470E-01  2.20309821E-01  2.17373910E-01  2.92624499E-01  3.74604227E-01  3.85794805E-01  3.32924356E-01  2.56643199E-01  2.09691728E-01  2.37486190E-01  3.23401478E-01  3.85246866E-01  3.73447659E-01  3.06974928E-01  2.36498090E-01  2.10517993E-01  2.62969437E-01  3.50680224E-01  3.89529548E-01  3.53720959E-01  2.78048099E-01  2.21383963E-01  2.22086111E-01  2.95026951E-01  3.72848981E-01  3.82048278E-01  3.25740827E-01  2.57797685E-01  2.16161056E-01  2.39541869E-01  3.24658890E-01  3.82988359E-01  3.66767286E-01  3.03625479E-01  2.38774714E-01  2.15034658E-01  2.66954266E-01  3.48277562E-01  3.82919411E-01  3.49621082E-01  2.81568987E-01  2.25505320E-01  2.24082366E-01  2.92860559E-01  3.66636516E-01  3.77010721E-01  3.28879169E-01  2.63418690E-01  2.18415039E-01  2.39732649E-01  3.18406130E-01  3.77414116E-01  3.68068299E-01  3.08541365E-01  2.45269992E-01  2.14320219E-01  2.62595856E-01  3.44403686E-01  3.81597057E-01  3.52102685E-01  2.87965769E-01  2.27242369E-01  2.21112733E-01  2.90717178E-01  3.69689711E-01  3.78040165E-01  3.28367255E-01  2.66524437E-01  2.17570216E-01  2.35666580E-01  3.23000731E-01  3.83023619E-01  3.63748809E-01  3.05760245E-01  2.45925683E-01  2.11962133E-01  2.61845415E-01  3.50826688E-01  3.82348712E-01  3.48328277E-01  2.89939232E-01  2.26386277E-01  2.17564652E-01  2.89774179E-01  3.66142114E-01  3.76699884E-01  3.31865276E-01  2.69119398E-01  2.15415645E-01  2.33657827E-01  3.19677680E-01  3.80593750E-01  3.64992928E-01  3.14573558E-01  2.48508729E-01  2.08354634E-01  2.58836187E-01  3.49175984E-01  3.82438610E-01  3.51963082E-01  2.93633160E-01  2.25918799E-01  2.13940012E-01  2.90143627E-01  3.69638174E-01  3.78558872E-01  3.35927751E-01  2.71517185E-01  2.10737219E-01  2.26734957E-01  3.20189743E-01  3.84100062E-01  3.71438013E-01  3.18419875E-01  2.46746787E-01  2.01315004E-01  2.50797685E-01  3.47140954E-01  3.89941717E-01  3.63887066E-01  2.97916636E-01  2.21509251E-01  2.02094439E-01  2.78396895E-01  3.73239757E-01  3.92937996E-01  3.46088737E-01  2.70153278E-01  2.00785870E-01  2.18162683E-01  3.14450671E-01  3.91838019E-01  3.80406382E-01  3.24028469E-01  2.43164728E-01  1.93917366E-01  2.44740741E-01  3.51192743E-01  3.95927140E-01  3.64220677E-01  2.97203412E-01  2.18446736E-01  2.01952112E-01  2.83330373E-01  3.72901927E-01  3.89589819E-01  3.46331077E-01  2.68304875E-01  2.04022930E-01  2.23669119E-01  3.19526434E-01  3.86209178E-01  3.79312094E-01  3.19620456E-01  2.36881754E-01  1.99324500E-01  2.57261383E-01  3.50877141E-01  3.91462285E-01  3.62600908E-01  2.87928164E-01  2.14383231E-01  2.11054395E-01  2.88634355E-01  3.72747529E-01  3.91719333E-01  3.38478242E-01  2.56554475E-01  2.03363520E-01  2.33677774E-01  3.25074756E-01  3.87191256E-01  3.74915363E-01  3.10134361E-01  2.34827490E-01  2.04117916E-01  2.59473451E-01  3.54773805E-01  3.91797770E-01
  2.96308026E-01  2.63737382E-01  2.55499543E-01  3.01291779E-01  3.41462616E-01  3.33515667E-01  3.12253744E-01  2.84464472E-01  2.53889578E-01  2.63942598E-01  3.19403731E-01  3.42049134E-01  3.27632600E-01  3.04970066E-01  2.74312710E-01  2.51561451E-01  2.79719516E-01  3.29460257E-01  3.38998695E-01  3.22110698E-01  3.00053596E-01  2.67701644E-01  2.54824982E-01  2.97410378E-01  3.36327445E-01  3.30327324E-01  3.14754880E-01  2.92189925E-01  2.59845245E-01  2.64833803E-01  3.14712856E-01  3.38546414E-01  3.25035370E-01  3.05998300E-01  2.79478879E-01  2.57456965E-01  2.82172724E-01  3.30828790E-01  3.36432060E-01  3.14596940E-01  2.94839406E-01  2.71205362E-01  2.61146929E-01  3.01830608E-01  3.38404137E-01  3.30055367E-01  3.06141318E-01  2.85351818E-01  2.61088092E-01  2.71464375E-01  3.21207893E-01  3.41059907E-01  3.22826917E-01  2.96384785E-01  2.72620316E-01  2.60795717E-01  2.90107750E-01  3.35610428E-01  3.36010364E-01  3.09903796E-01  2.88447444E-01  2.67140598E-01  2.65564340E-01  3.08019734E-01  3.39892229E-01  3.25508655E-01  3.02513160E-01  2.83651114E-01  2.65126606E-01  2.75651329E-01  3.18386889E-01  3.37515605E-01  3.20520564E-01  2.97065501E-01  2.77596385E-01  2.62567418E-01  2.89650714E-01  3.30749940E-01  3.32769461E-01  3.10636626E-01  2.89296505E-01  2.69307819E-01  2.68674455E-01  3.05881634E-01  3.36797631E-01  3.24976766E-01  3.00388995E-01  2.81781610E-01  2.65500366E-01  2.79579663E-01  3.22388484E-01  3.35222002E-01  3.12835342E-01  2.92795805E-01  2.76642237E-01  2.69804601E-01  2.94256768E-01  3.30273999E-01  3.28197801E-01  3.04153841E-01  2.85229094E-01  2.71830500E-01  2.75167796E-01  3.12460954E-01  3.37092322E-01  3.18502630E-01  2.92027280E-01  2.78997291E-01  2.72623330E-01  2.88928571E-01  3.28056596E-01  3.33525249E-01  3.05136671E-01  2.84285154E-01  2.77305288E-01  2.78387060E-01  3.02592010E-01  3.33161357E-01  3.24911256E-01  2.92706540E-01  2.81357667E-01  2.79708078E-01  2.85227208E-01  3.15206364E-01  3.36954289E-01  3.10369721E-01  2.82870417E-01  2.82200035E-01  2.80161107E-01  2.91946017E-01  3.28304686E-01  3.32875397E-01  2.94787777E-01  2.79055029E-01  2.82939119E-01  2.80381287E-01  3.07011504E-01  3.38262912E-01  3.18557031E-01  2.87220247E-01  2.81518440E-01  2.80908475E-01  2.83203365E-01  3.18857030E-01  3.39207040E-01  3.07313274E-01  2.81924511E-01  2.85471658E-01  2.77585835E-01  2.87317029E-01  3.29515061E-01  3.33158532E-01  3.01187014E-01  2.87019253E-01  2.83561975E-01  2.70042761E-01  2.96879997E-01  3.38930102E-01  3.25574930E-01  2.95503554E-01  2.86779111E-01  2.74071597E-01  2.70770374E-01  3.14377394E-01  3.40001450E-01  3.18746962E-01  2.95834378E-01  2.83929137E-01  2.64272327E-01  2.82211327E-01  3.26230518E-01  3.35052516E-01  3.10359062E-01  2.94224614E-01  2.78655383E-01  2.66232037E-01  2.91837257E-01  3.30752445E-01  3.33407491E-01  3.06488682E-01  2.89765450E-01  2.73005372E-01  2.66657150E-01  3.03835034E-01  3.38849368E-01  3.26675631E-01  3.03534613E-01  2.86729312E-01  2.63039602E-01  2.70570572E-01  3.18087164E-01  3.40224910E-01  3.19962165E-01  3.03019781E-01  2.79961103E-01  2.55371760E-01  2.80527597E-01  3.31669799E-01  3.38854597E-01  3.16523577E-01
  3.43822654E-01  3.71405428E-01  3.38594403E-01  2.79801239E-01  2.36824190E-01  2.36977543E-01  2.95996646E-01  3.58641223E-01  3.66643592E-01  3.21485713E-01  2.61962679E-01  2.28895330E-01  2.50785421E-01  3.20720251E-01  3.69957257E-01  3.58786826E-01  3.02596679E-01  2.45722432E-01  2.25220768E-01  2.70450373E-01  3.45571201E-01  3.73817251E-01  3.42895948E-01  2.81361345E-01  2.32925023E-01  2.33612847E-01  2.96835085E-01  3.62010769E-01  3.68305363E-01  3.22395494E-01  2.63988286E-01  2.26561621E-01  2.50301746E-01  3.24210773E-01  3.70475762E-01  3.51726363E-01  3.02509692E-01  2.50426155E-01  2.27046463E-01  2.73004095E-01  3.49603282E-01  3.69652271E-01  3.32939828E-01  2.85083599E-01  2.38627552E-01  2.35336975E-01  3.01553846E-01  3.62739502E-01  3.58587327E-01  3.20186263E-01  2.69580408E-01  2.29169200E-01  2.49017309E-01  3.24708863E-01  3.69215324E-01  3.50533391E-01  3.05815682E-01  2.52007195E-01  2.27633930E-01  2.70846059E-01  3.45127580E-01  3.67397292E-01  3.39971942E-01  2.89414312E-01  2.36694358E-01  2.34953932E-01  2.96236450E-01  3.58361285E-01  3.64691470E-01  3.26325995E-01  2.68375699E-01  2.29847524E-01  2.49303245E-01  3.19068718E-01  3.67322076E-01  3.58733812E-01  3.09809959E-01  2.50320416E-01  2.25351942E-01  2.69675362E-01  3.39661670E-01  3.71245511E-01  3.50436818E-01  2.87891617E-01  2.35699089E-01  2.33730332E-01  2.88381723E-01  3.53736680E-01  3.76137502E-01  3.31056766E-01  2.66388553E-01  2.29275689E-01  2.47637001E-01  3.12516735E-01  3.73022806E-01  3.65646898E-01  3.01596882E-01  2.47463951E-01  2.30943030E-01  2.67518597E-01  3.38810492E-01  3.78268546E-01  3.45663063E-01  2.77616915E-01  2.35978783E-01  2.38363947E-01  2.90599931E-01  3.61596861E-01  3.74533946E-01  3.17451213E-01  2.60384311E-01  2.29834630E-01  2.51536034E-01  3.23043260E-01  3.76060407E-01  3.55895712E-01  2.96507899E-01  2.43221641E-01  2.30759205E-01  2.75758222E-01  3.47890686E-01  3.75331516E-01  3.35345772E-01  2.73027385E-01  2.34880560E-01  2.40170910E-01  3.01826206E-01  3.63504139E-01  3.66081938E-01  3.13973369E-01  2.59300233E-01  2.32090626E-01  2.58902824E-01  3.26565560E-01  3.70747854E-01  3.48948988E-01  2.93854083E-01  2.47526382E-01  2.35633399E-01  2.79964350E-01  3.43633462E-01  3.68805644E-01  3.32106955E-01  2.75229058E-01  2.40976699E-01  2.48211275E-01  3.02524254E-01  3.58561506E-01  3.59227587E-01  3.12371705E-01  2.60444781E-01  2.37864214E-01  2.62668294E-01  3.21618653E-01  3.64666975E-01  3.51190467E-01  2.97336537E-01  2.47552796E-01  2.37978650E-01  2.78560581E-01  3.39878098E-01  3.65419667E-01  3.37236854E-01  2.81331997E-01  2.38678262E-01  2.40792732E-01  2.98108162E-01  3.56345770E-01  3.64992377E-01  3.23336390E-01  2.64377333E-01  2.31670137E-01  2.52412047E-01  3.19298298E-01  3.63629465E-01  3.58266619E-01  3.05511437E-01  2.48125149E-01  2.29673398E-01  2.74572787E-01  3.40044591E-01  3.66976163E-01  3.42945909E-01  2.83395792E-01  2.33865158E-01  2.40534171E-01  2.98628093E-01  3.56927111E-01  3.64665448E-01  3.21322492E-01  2.62013403E-01  2.29551554E-01  2.55746601E-01  3.22886092E-01  3.68016371E-01  3.52583824E-01  3.00471208E-01  2.48017310E-01  2.30635253E-01  2.73053631E-01
  5.03218573E-01  4.01340566E-01  2.32301913E-01  1.22432393E-01  1.40847882E-01  2.99653043E-01  4.73082084E-01  4.80036806E-01  3.43093342E-01  1.87964955E-01  1.14226361E-01  1.81656919E-01  3.65226193E-01  4.92766261E-01  4.46157894E-01  2.89935862E-01  1.52524312E-01  1.19441354E-01  2.34190720E-01  4.25529185E-01  5.00149338E-01  3.94495606E-01  2.36019895E-01  1.28733893E-01  1.39821641E-01  2.97766380E-01  4.72783846E-01  4.76568908E-01  3.42097407E-01  1.94363978E-01  1.14508114E-01  1.76779966E-01  3.67665689E-01  4.94911988E-01  4.42947830E-01  2.90652805E-01  1.53818453E-01  1.16964594E-01  2.32394944E-01  4.26234863E-01  4.99560690E-01  3.94883305E-01  2.37331005E-01  1.27429477E-01  1.39322774E-01  3.00907710E-01  4.73082284E-01  4.79270984E-01  3.38945800E-01  1.89896272E-01  1.14921622E-01  1.79032886E-01  3.67780448E-01  5.01876826E-01  4.38822674E-01  2.82998365E-01  1.54157451E-01  1.18818394E-01  2.34580203E-01  4.32593522E-01  4.98539209E-01  3.87575649E-01  2.34603888E-01  1.31019021E-01  1.41644100E-01  2.99676099E-01  4.74165958E-01  4.73002861E-01  3.38272188E-01  1.93406513E-01  1.16911564E-01  1.79506731E-01  3.69248151E-01  4.92568086E-01  4.37837895E-01  2.87517501E-01  1.56953345E-01  1.21286917E-01  2.36012043E-01  4.25194735E-01  4.91819722E-01  3.91418519E-01  2.40170428E-01  1.30813794E-01  1.41787417E-01  3.00496565E-01  4.65582277E-01  4.70788259E-01  3.43212471E-01  1.97072435E-01  1.20326492E-01  1.85666460E-01  3.64390954E-01  4.84012329E-01  4.36118410E-01  2.93147181E-01  1.61597687E-01  1.25805011E-01  2.39281664E-01  4.15130684E-01  4.85730979E-01  3.97224127E-01  2.43952849E-01  1.35945794E-01  1.49863341E-01  2.97565431E-01  4.51665945E-01  4.68965581E-01  3.51983671E-01  2.00705717E-01  1.24233243E-01  1.87306231E-01  3.55390540E-01  4.76364135E-01  4.41875774E-01  2.99781496E-01  1.62528026E-01  1.25489845E-01  2.32800288E-01  4.10630397E-01  4.85030597E-01  4.02441118E-01  2.49646424E-01  1.33041139E-01  1.41900006E-01  2.90688597E-01  4.57899731E-01  4.75298879E-01  3.52216286E-01  2.00094420E-01  1.16647734E-01  1.77153959E-01  3.60637588E-01  4.89837913E-01  4.41108017E-01  2.97333658E-01  1.58011961E-01  1.17561832E-01  2.32607594E-01  4.22485824E-01  4.93179292E-01  3.99844391E-01  2.42993115E-01  1.27763442E-01  1.39128849E-01  2.95187249E-01  4.64230341E-01  4.80350458E-01  3.50652147E-01  1.94854938E-01  1.10887330E-01  1.76935526E-01  3.62501594E-01  4.89518293E-01  4.48370018E-01  2.98243546E-01  1.51931723E-01  1.12513713E-01  2.31751087E-01  4.21550934E-01  4.98912815E-01  4.05167429E-01  2.43332427E-01  1.22710954E-01  1.34113850E-01  2.96054481E-01  4.68713666E-01  4.83895752E-01  3.53375278E-01  1.92296416E-01  1.06303431E-01  1.72102333E-01  3.62760767E-01  5.00815270E-01  4.53039627E-01  2.93152314E-01  1.47956824E-01  1.10891951E-01  2.29974156E-01  4.23727855E-01  5.06435982E-01  4.07168805E-01  2.35926270E-01  1.20385341E-01  1.35315141E-01  2.93564216E-01  4.68469968E-01  4.89180164E-01  3.52260896E-01  1.87389611E-01  1.08337407E-01  1.77512062E-01  3.59343026E-01  4.95268099E-01  4.55046372E-01  2.90480848E-01  1.46959412E-01  1.15504406E-01  2.33378960E-01  4.23640083E-01
  2.71182962E-01  3.25731336E-01  3.69687287E-01  3.47325393E-01  2.81543078E-01  2.42188434E-01  2.49115311E-01  2.87504051E-01  3.46468399E-01  3.71492801E-01  3.22667743E-01  2.59951653E-01  2.41943078E-01  2.61054044E-01  3.06301622E-01  3.62765398E-01  3.63740836E-01  2.98476676E-01  2.47342728E-01  2.46860326E-01  2.72390158E-01  3.27378196E-01  3.69741407E-01  3.45520522E-01  2.79014333E-01  2.43858354E-01  2.50447177E-01  2.90637006E-01  3.46086519E-01  3.68820722E-01  3.22396590E-01  2.63290439E-01  2.43429224E-01  2.59736977E-01  3.09460346E-01  3.62675662E-01  3.57330682E-01  2.98991631E-01  2.50001643E-01  2.44271518E-01  2.75273398E-01  3.32158646E-01  3.72015089E-01  3.38220423E-01  2.74363404E-01  2.43636835E-01  2.50561285E-01  2.93083560E-01  3.52790655E-01  3.67734802E-01  3.14374370E-01  2.57619665E-01  2.44399718E-01  2.66067436E-01  3.11661346E-01  3.60158236E-01  3.54256899E-01  2.94472883E-01  2.52132395E-01  2.46689064E-01  2.77142007E-01  3.33595796E-01  3.65925511E-01  3.36051842E-01  2.77485460E-01  2.45482376E-01  2.50338506E-01  2.95019527E-01  3.50097674E-01  3.61536546E-01  3.17758129E-01  2.64760834E-01  2.40611351E-01  2.60213585E-01  3.15634449E-01  3.58976094E-01  3.52015847E-01  3.02092614E-01  2.52914879E-01  2.41574559E-01  2.79727175E-01  3.31716999E-01  3.59066912E-01  3.39736119E-01  2.82940469E-01  2.43559515E-01  2.52515675E-01  2.95434757E-01  3.43382555E-01  3.56461677E-01  3.23253183E-01  2.71962602E-01  2.45270035E-01  2.61860912E-01  3.08175592E-01  3.47744082E-01  3.50034620E-01  3.09691745E-01  2.62932416E-01  2.46423284E-01  2.76674619E-01  3.19918675E-01  3.48902146E-01  3.40723046E-01  2.95530057E-01  2.53237616E-01  2.54162115E-01  2.89611377E-01  3.28752698E-01  3.51696502E-01  3.31270559E-01  2.79484676E-01  2.47607236E-01  2.64357230E-01  3.02935515E-01  3.38830246E-01  3.48878942E-01  3.17134588E-01  2.64631412E-01  2.47645539E-01  2.78107426E-01  3.14446539E-01  3.45234549E-01  3.44207706E-01  3.00106092E-01  2.54357848E-01  2.55852808E-01  2.86513963E-01  3.25044571E-01  3.54830780E-01  3.36496230E-01  2.80188752E-01  2.48407841E-01  2.62858124E-01  2.95024356E-01  3.40358099E-01  3.58729334E-01  3.16401036E-01  2.62645180E-01  2.51500277E-01  2.71482125E-01  3.09086297E-01  3.53369505E-01  3.50793851E-01  2.95022689E-01  2.53509810E-01  2.55436206E-01  2.81539781E-01  3.25150541E-01  3.60207607E-01  3.32329873E-01  2.76529297E-01  2.50168936E-01  2.60132411E-01  2.94017002E-01  3.41653804E-01  3.58386244E-01  3.15161044E-01  2.61265698E-01  2.48886234E-01  2.67231940E-01  3.10433901E-01  3.56740981E-01  3.51528397E-01  2.92920219E-01  2.50477117E-01  2.47859100E-01  2.79394975E-01  3.33421399E-01  3.68620535E-01  3.32802429E-01  2.70272184E-01  2.41593536E-01  2.54165722E-01  2.96002204E-01  3.56623378E-01  3.64583796E-01  3.10086499E-01  2.56035021E-01  2.41082842E-01  2.65153939E-01  3.20914239E-01  3.67306778E-01  3.48542626E-01  2.88938525E-01  2.44542642E-01  2.44010111E-01  2.82161201E-01  3.43455140E-01  3.72539417E-01  3.28806786E-01  2.65721993E-01  2.38651374E-01  2.54833732E-01  3.02791056E-01  3.61969651E-01  3.65560720E-01  3.03861156E-01  2.48292285E-01  2.41034916E-01
  1.54033318E-01  2.24743736E-01  3.47885928E-01  4.50232904E-01  4.23831596E-01  2.79927535E-01  1.65997180E-01  1.68929373E-01  2.65737331E-01  3.90671962E-01  4.56497065E-01  3.82556566E-01  2.32219607E-01  1.50662909E-01  1.92625920E-01  3.08823546E-01  4.27637517E-01  4.48609093E-01  3.34029394E-01  1.90268034E-01  1.49754682E-01  2.26838083E-01  3.54288854E-01  4.49627594E-01  4.21186465E-01  2.81034583E-01  1.62636952E-01  1.66512132E-01  2.66376840E-01  3.93628408E-01  4.56234558E-01  3.84452516E-01  2.35711354E-01  1.48491284E-01  1.90440230E-01  3.09158330E-01  4.26024804E-01  4.48432717E-01  3.38860981E-01  1.92520697E-01  1.49890912E-01  2.21400527E-01  3.50708338E-01  4.50039282E-01  4.28439191E-01  2.88219641E-01  1.63822975E-01  1.61133419E-01  2.58301394E-01  3.90459501E-01  4.61749316E-01  3.94922828E-01  2.37961643E-01  1.48313646E-01  1.84135529E-01  3.00957353E-01  4.23350836E-01  4.62326633E-01  3.45977514E-01  1.91320296E-01  1.48806077E-01  2.18095019E-01  3.42785846E-01  4.53296012E-01  4.39574489E-01  2.86343516E-01  1.61144268E-01  1.64986035E-01  2.54212125E-01  3.80728142E-01  4.68849942E-01  4.00826548E-01  2.33480636E-01  1.50233637E-01  1.88863488E-01  2.96008976E-01  4.22828044E-01  4.64024712E-01  3.41605490E-01  1.89832504E-01  1.54034033E-01  2.18728459E-01  3.39991287E-01  4.58128387E-01  4.36647801E-01  2.78662797E-01  1.63306694E-01  1.66749158E-01  2.54271080E-01  3.89235496E-01  4.70368804E-01  3.88873519E-01  2.28472746E-01  1.52206721E-01  1.87409115E-01  2.98756105E-01  4.33757624E-01  4.60625867E-01  3.32707555E-01  1.88466715E-01  1.51994396E-01  2.15502900E-01  3.48539020E-01  4.60381652E-01  4.30927266E-01  2.77883687E-01  1.61709587E-01  1.62658196E-01  2.56974758E-01  3.97638154E-01  4.68184058E-01  3.84812329E-01  2.27067825E-01  1.49676852E-01  1.88138888E-01  3.05210562E-01  4.34345661E-01  4.55691435E-01  3.30189655E-01  1.87867280E-01  1.53247933E-01  2.22209757E-01  3.50063971E-01  4.56762797E-01  4.22935240E-01  2.75958982E-01  1.63835138E-01  1.68924790E-01  2.62030037E-01  3.96339830E-01  4.65520492E-01  3.78350578E-01  2.25205663E-01  1.53146464E-01  1.93655574E-01  3.07444434E-01  4.32652126E-01  4.50397209E-01  3.25898798E-01  1.88842070E-01  1.56832591E-01  2.25030581E-01  3.48600654E-01  4.57013685E-01  4.24580403E-01  2.75561048E-01  1.64030643E-01  1.69718640E-01  2.59372244E-01  3.89692969E-01  4.67038209E-01  3.86167928E-01  2.27628155E-01  1.50208398E-01  1.88141467E-01  3.01125367E-01  4.33587097E-01  4.59932405E-01  3.31222348E-01  1.87136053E-01  1.50087001E-01  2.18111333E-01  3.51097590E-01  4.62422411E-01  4.29682118E-01  2.74502084E-01  1.58936955E-01  1.63907355E-01  2.61397375E-01  4.01999170E-01  4.71995788E-01  3.80222361E-01  2.20465953E-01  1.48215731E-01  1.89396598E-01  3.08558271E-01  4.36948018E-01  4.57966196E-01  3.26900007E-01  1.83742716E-01  1.51007373E-01  2.21947483E-01  3.52733105E-01  4.61694142E-01  4.26939024E-01  2.72877722E-01  1.58965329E-01  1.65327297E-01  2.61216372E-01  3.97216457E-01  4.66184908E-01  3.80690360E-01  2.26644763E-01  1.49917889E-01  1.91992543E-01  3.06495880E-01  4.26084106E-01  4.49920091E-01  3.33660362E-01  1.91004015E-01
  2.96099764E-01  4.04130719E-01  4.20009094E-01  3.29812414E-01  2.23132928E-01  1.83182439E-01  2.29921899E-01  3.37858608E-01  4.23017370E-01  4.00485988E-01  2.89118047E-01  1.98249640E-01  1.89950766E-01  2.63701755E-01  3.73358150E-01  4.28593581E-01  3.66280001E-01  2.51966812E-01  1.85011804E-01  2.03860931E-01  2.98806350E-01  4.08223726E-01  4.21893141E-01  3.26480466E-01  2.21062357E-01  1.80003969E-01  2.27003534E-01  3.40537953E-01  4.29997136E-01  3.97970122E-01  2.87758995E-01  1.96445237E-01  1.83184528E-01  2.58043041E-01  3.79189419E-01  4.34146549E-01  3.67651351E-01  2.51681231E-01  1.84232888E-01  1.96808748E-01  2.95021398E-01  4.11912565E-01  4.25723260E-01  3.29358145E-01  2.20985696E-01  1.76892014E-01  2.18181731E-01  3.38237978E-01  4.36851464E-01  4.04343931E-01  2.87518773E-01  1.96800414E-01  1.79286074E-01  2.54136852E-01  3.82342749E-01  4.40912953E-01  3.67841891E-01  2.49376869E-01  1.82562862E-01  1.97093190E-01  2.93564078E-01  4.15806759E-01  4.28157662E-01  3.24646957E-01  2.21491939E-01  1.81419028E-01  2.22373848E-01  3.37256981E-01  4.34503059E-01  3.98646860E-01  2.85300403E-01  2.02783036E-01  1.86186710E-01  2.56041330E-01  3.79574304E-01  4.32855217E-01  3.60967404E-01  2.53323251E-01  1.90925396E-01  1.99664254E-01  2.96559823E-01  4.10868638E-01  4.18418226E-01  3.24920881E-01  2.27701733E-01  1.83720348E-01  2.25273256E-01  3.39794704E-01  4.23851695E-01  3.93700277E-01  2.90993998E-01  2.04161721E-01  1.87749703E-01  2.60836243E-01  3.78019624E-01  4.26065139E-01  3.63597633E-01  2.55914251E-01  1.86494185E-01  2.02436435E-01  3.01952009E-01  4.08590563E-01  4.17792185E-01  3.26027601E-01  2.22621057E-01  1.79452904E-01  2.28665290E-01  3.46542427E-01  4.24934834E-01  3.93772031E-01  2.88208029E-01  1.95991651E-01  1.87531638E-01  2.68129498E-01  3.81374761E-01  4.25583151E-01  3.62968730E-01  2.50617932E-01  1.83784591E-01  2.09456344E-01  3.06330865E-01  4.01013422E-01  4.14472254E-01  3.27097119E-01  2.21821066E-01  1.82156317E-01  2.36069452E-01  3.40088612E-01  4.15769924E-01  3.92768017E-01  2.91578405E-01  2.01135230E-01  1.92134616E-01  2.66086138E-01  3.72256935E-01  4.22802075E-01  3.64114715E-01  2.55204730E-01  1.86994461E-01  2.06136139E-01  3.01494475E-01  4.00297497E-01  4.16812518E-01  3.29715627E-01  2.24286981E-01  1.84437941E-01  2.32210763E-01  3.35251316E-01  4.17835806E-01  3.98019110E-01  2.91832041E-01  2.04262123E-01  1.93289830E-01  2.60302416E-01  3.66848220E-01  4.27498022E-01  3.69840666E-01  2.58041980E-01  1.90939871E-01  2.04968445E-01  2.93031035E-01  3.98049651E-01  4.22697191E-01  3.34104257E-01  2.25621056E-01  1.85309234E-01  2.28348064E-01  3.31689992E-01  4.20757192E-01  4.00975289E-01  2.94201710E-01  2.01246347E-01  1.89506703E-01  2.60632643E-01  3.69127513E-01  4.26941034E-01  3.71411772E-01  2.56305644E-01  1.87389962E-01  2.03378976E-01  2.93500441E-01  4.00957033E-01  4.23341294E-01  3.34944196E-01  2.23996748E-01  1.83339437E-01  2.25025354E-01  3.31132231E-01  4.21126061E-01  4.04609584E-01  2.93631234E-01  2.01298248E-01  1.87810612E-01  2.56667228E-01  3.69616460E-01  4.32209847E-01  3.70797145E-01  2.54389897E-01  1.87788545E-01  2.04068528E-01
  3.32038786E-01  4.06122492E-01  3.89484235E-01  3.08040261E-01  2.18857125E-01  1.89306487E-01  2.56080506E-01  3.62647408E-01  4.10875147E-01  3.66857876E-01  2.74784614E-01  1.99066920E-01  2.02480047E-01  2.91181302E-01  3.89263263E-01  4.05155446E-01  3.38639573E-01  2.42441709E-01  1.89881898E-01  2.25957059E-01  3.33150344E-01  4.06838261E-01  3.87144012E-01  3.04653665E-01  2.16508305E-01  1.87544122E-01  2.57878791E-01  3.68983917E-01  4.11939688E-01  3.65151102E-01  2.72542910E-01  1.96500992E-01  1.99594386E-01  2.95792076E-01  3.97974194E-01  4.06139449E-01  3.34052480E-01  2.41051435E-01  1.87343228E-01  2.20502289E-01  3.35657782E-01  4.16246480E-01  3.87843439E-01  3.00835498E-01  2.17132361E-01  1.88209409E-01  2.52912999E-01  3.72388019E-01  4.16872059E-01  3.58971990E-01  2.70308326E-01  2.01791338E-01  2.00419274E-01  2.95451989E-01  3.98810226E-01  4.04197135E-01  3.28045361E-01  2.45537407E-01  1.93084902E-01  2.24023684E-01  3.35022101E-01  4.12064142E-01  3.80320494E-01  2.99730686E-01  2.23058515E-01  1.93589407E-01  2.53592988E-01  3.69432825E-01  4.10005316E-01  3.55748305E-01  2.73540125E-01  2.07130625E-01  2.05955802E-01  2.95091471E-01  3.90352649E-01  3.98665979E-01  3.31121524E-01  2.45886626E-01  1.95751109E-01  2.30143248E-01  3.29815488E-01  4.02780277E-01  3.83039365E-01  3.05652312E-01  2.23333118E-01  1.94662054E-01  2.56934107E-01  3.62657152E-01  4.04279200E-01  3.61827311E-01  2.79383731E-01  2.04312982E-01  2.02622493E-01  2.92782723E-01  3.88784156E-01  4.00590849E-01  3.38841924E-01  2.47415615E-01  1.88730922E-01  2.20527427E-01  3.29895234E-01  4.07033645E-01  3.89139842E-01  3.09867420E-01  2.20135444E-01  1.86412907E-01  2.49782180E-01  3.66990115E-01  4.13627032E-01  3.68282594E-01  2.77633734E-01  2.00380469E-01  1.94046173E-01  2.86920552E-01  3.96249067E-01  4.09587257E-01  3.39790815E-01  2.45989709E-01  1.87177209E-01  2.17280566E-01  3.30024036E-01  4.13572670E-01  3.95745173E-01  3.07580682E-01  2.16903115E-01  1.85430477E-01  2.49953216E-01  3.67660734E-01  4.18720802E-01  3.71537705E-01  2.72286650E-01  1.95748753E-01  1.94778182E-01  2.89569128E-01  4.00560488E-01  4.12547672E-01  3.34170766E-01  2.44712260E-01  1.84870766E-01  2.14395314E-01  3.35517778E-01  4.18468096E-01  3.91874580E-01  3.05045074E-01  2.18912570E-01  1.80569770E-01  2.46969247E-01  3.68558982E-01  4.22813621E-01  3.71243477E-01  2.75755817E-01  1.93734167E-01  1.88573723E-01  2.84215821E-01  3.99511940E-01  4.17785355E-01  3.42584576E-01  2.45189332E-01  1.81892399E-01  2.08306771E-01  3.29030403E-01  4.20159273E-01  3.98222881E-01  3.08513047E-01  2.17831681E-01  1.79892638E-01  2.43919649E-01  3.66292008E-01  4.21644283E-01  3.72041863E-01  2.77180693E-01  1.98142232E-01  1.90650342E-01  2.84129573E-01  3.97407349E-01  4.13041477E-01  3.39789299E-01  2.47235962E-01  1.85998305E-01  2.13600652E-01  3.27996001E-01  4.14118309E-01  3.92271780E-01  3.08500239E-01  2.21914781E-01  1.84781377E-01  2.49007759E-01  3.64125852E-01  4.16158795E-01  3.67031851E-01  2.77309457E-01  2.01683885E-01  1.96842894E-01  2.90852355E-01  3.93613408E-01  4.03148816E-01  3.37744490E-01  2.50178412E-01  1.87609715E-01  2.21507950E-01
  2.29400644E-01  1.33201840E-01  1.49967859E-01  2.84123419E-01  4.62315431E-01  4.92530480E-01  3.40954777E-01  1.84217266E-01  1.28525150E-01  1.82806179E-01  3.45300790E-01  4.99096598E-01  4.57773987E-01  2.78968661E-01  1.52262804E-01  1.34353592E-01  2.28087539E-01  4.10139811E-01  5.09797032E-01  3.99026516E-01  2.25178504E-01  1.33681620E-01  1.51141109E-01  2.86084873E-01  4.67486400E-01  4.93552142E-01  3.35730743E-01  1.80425710E-01  1.26194585E-01  1.85159435E-01  3.51697834E-01  4.99337818E-01  4.55477452E-01  2.76127970E-01  1.49955896E-01  1.32424755E-01  2.32254473E-01  4.15763451E-01  5.09306137E-01  3.96345570E-01  2.20929180E-01  1.31649464E-01  1.50089189E-01  2.90232176E-01  4.73261093E-01  4.91012504E-01  3.33595702E-01  1.79162935E-01  1.24783643E-01  1.82625994E-01  3.54979131E-01  5.03748900E-01  4.51023658E-01  2.75998773E-01  1.50510685E-01  1.32261829E-01  2.28155579E-01  4.11851718E-01  5.09452068E-01  4.00188034E-01  2.26891645E-01  1.34674978E-01  1.51682320E-01  2.82165384E-01  4.58395966E-01  4.94310654E-01  3.46622077E-01  1.84370510E-01  1.25868100E-01  1.81220253E-01  3.40437635E-01  4.94871376E-01  4.64365366E-01  2.87019148E-01  1.50110366E-01  1.28447354E-01  2.24556413E-01  4.08920158E-01  5.10131697E-01  4.09760253E-01  2.29428504E-01  1.27617655E-01  1.44165306E-01  2.83988496E-01  4.64804703E-01  4.98780790E-01  3.47377314E-01  1.80859027E-01  1.18922952E-01  1.77216409E-01  3.48085588E-01  5.02320229E-01  4.64101609E-01  2.83383015E-01  1.46658633E-01  1.22486740E-01  2.23985976E-01  4.15858787E-01  5.15881635E-01  4.09663731E-01  2.26799564E-01  1.25396969E-01  1.41861287E-01  2.83962802E-01  4.66707793E-01  5.04169759E-01  3.48292909E-01  1.80877543E-01  1.16560548E-01  1.76075999E-01  3.47432691E-01  5.03740981E-01  4.66294891E-01  2.86797322E-01  1.47529368E-01  1.20418862E-01  2.23787532E-01  4.14836711E-01  5.15059360E-01  4.07905065E-01  2.29697437E-01  1.27263576E-01  1.39608968E-01  2.83135472E-01  4.70384376E-01  4.98140734E-01  3.46355219E-01  1.85327437E-01  1.18190061E-01  1.74530253E-01  3.50044523E-01  5.01058498E-01  4.61105370E-01  2.88723133E-01  1.49539089E-01  1.21762044E-01  2.25498518E-01  4.10784210E-01  5.08305350E-01  4.10874674E-01  2.34726321E-01  1.26848060E-01  1.41407006E-01  2.85731712E-01  4.61731112E-01  4.93193186E-01  3.51194803E-01  1.89163727E-01  1.18171954E-01  1.76179859E-01  3.49001427E-01  4.95073583E-01  4.59510782E-01  2.91171231E-01  1.52523041E-01  1.21300069E-01  2.22932475E-01  4.12599369E-01  5.10293472E-01  4.07069295E-01  2.33694561E-01  1.28901197E-01  1.40285382E-01  2.82990257E-01  4.69327562E-01  4.95278950E-01  3.44278382E-01  1.85445601E-01  1.20309524E-01  1.74990862E-01  3.52861174E-01  4.99385845E-01  4.52828661E-01  2.84676953E-01  1.53744942E-01  1.24838338E-01  2.27077536E-01  4.16261984E-01  5.02680430E-01  3.99774678E-01  2.31758116E-01  1.32962399E-01  1.47517830E-01  2.86662578E-01  4.61947985E-01  4.87188382E-01  3.43354618E-01  1.86838708E-01  1.25093632E-01  1.82310624E-01  3.48773458E-01  4.92780050E-01  4.51365077E-01  2.85142563E-01  1.54333106E-01  1.30802214E-01  2.30412322E-01  4.10818767E-01  5.03690702E-01  3.99856811E-01
  1.99554169E-01  2.58138728E-01  3.49025521E-01  4.03453115E-01  3.73199496E-01  2.77920398E-01  2.03383938E-01  2.12075235E-01  2.87043894E-01  3.73345423E-01  4.04263684E-01  3.45026417E-01  2.46054263E-01  1.99197815E-01  2.29697463E-01  3.15783992E-01  3.94198829E-01  3.93250971E-01  3.12352346E-01  2.24260353E-01  2.00885371E-01  2.53128821E-01  3.46130125E-01  4.04276827E-01  3.76185384E-01  2.79932819E-01  2.07985946E-01  2.07719826E-01  2.76964728E-01  3.72451462E-01  4.10971366E-01  3.47349248E-01  2.51094600E-01  1.99172528E-01  2.22577685E-01  3.09604503E-01  3.98044387E-01  3.99022938E-01  3.12807788E-01  2.24978927E-01  1.99083863E-01  2.47684443E-01  3.43501185E-01  4.10041817E-01  3.75872628E-01  2.79886434E-01  2.09354884E-01  2.08460313E-01  2.79600832E-01  3.73492864E-01  4.05939924E-01  3.47097542E-01  2.53102522E-01  1.99532546E-01  2.23773282E-01  3.12380206E-01  3.93901161E-01  3.95470701E-01  3.15685242E-01  2.26549470E-01  1.98698631E-01  2.52128871E-01  3.46035356E-01  4.02732355E-01  3.72811295E-01  2.80941813E-01  2.10265981E-01  2.08974799E-01  2.84225090E-01  3.74793114E-01  3.99647334E-01  3.41181900E-01  2.52782675E-01  2.01987908E-01  2.27866098E-01  3.21831075E-01  3.95348962E-01  3.83585866E-01  3.09102533E-01  2.29919777E-01  2.01812900E-01  2.60584234E-01  3.56326608E-01  3.93321418E-01  3.58383742E-01  2.79764221E-01  2.15050698E-01  2.15330983E-01  2.96726770E-01  3.77685558E-01  3.84377210E-01  3.32311923E-01  2.54669182E-01  2.06297762E-01  2.36720291E-01  3.31727986E-01  3.86924311E-01  3.71052876E-01  3.06115649E-01  2.32978105E-01  2.05948871E-01  2.66318715E-01  3.59757440E-01  3.89567584E-01  3.52791258E-01  2.80064356E-01  2.15543241E-01  2.15119299E-01  3.00177864E-01  3.77561437E-01  3.83005278E-01  3.31786429E-01  2.55892159E-01  2.04310814E-01  2.33566048E-01  3.31814419E-01  3.90554711E-01  3.72198910E-01  3.06843575E-01  2.34282360E-01  2.01755955E-01  2.63422675E-01  3.59171072E-01  3.90374270E-01  3.54841678E-01  2.83599644E-01  2.14463934E-01  2.12676150E-01  2.97230776E-01  3.76107890E-01  3.82649037E-01  3.38290822E-01  2.60877143E-01  1.99900680E-01  2.30009091E-01  3.28342113E-01  3.87973509E-01  3.77291228E-01  3.18375177E-01  2.32805132E-01  1.94045860E-01  2.55061783E-01  3.57119771E-01  3.95151372E-01  3.67265578E-01  2.89306828E-01  2.07183854E-01  2.02749627E-01  2.90062042E-01  3.78514548E-01  3.98098931E-01  3.45949796E-01  2.55495740E-01  1.92792417E-01  2.25618030E-01  3.24501489E-01  3.95497752E-01  3.86265781E-01  3.17962019E-01  2.23952307E-01  1.89172465E-01  2.57458505E-01  3.58427411E-01  3.99564104E-01  3.71205006E-01  2.83895976E-01  2.01038623E-01  2.01099318E-01  2.91772803E-01  3.81256302E-01  4.02498204E-01  3.45450075E-01  2.47443406E-01  1.88945976E-01  2.27034667E-01  3.22918743E-01  3.98808639E-01  3.95237088E-01  3.11387860E-01  2.18198492E-01  1.91957114E-01  2.57783096E-01  3.52117654E-01  4.05672708E-01  3.75536769E-01  2.78081391E-01  1.97760455E-01  2.05350008E-01  2.87866701E-01  3.77832375E-01  4.07036194E-01  3.46983332E-01  2.44421794E-01  1.91514493E-01  2.30150168E-01  3.20755460E-01  3.96070917E-01  3.93120027E-01  3.11462227E-01  2.19908143E-01
  2.82721265E-01  3.35500748E-01  3.69553860E-01  3.44411385E-01  2.77598465E-01  2.33667220E-01  2.48131753E-01  3.00352214E-01  3.47893850E-01  3.67170300E-01  3.29095120E-01  2.58658586E-01  2.29152010E-01  2.63149506E-01  3.19057592E-01  3.59236599E-01  3.61668937E-01  3.04875798E-01  2.39790502E-01  2.36427159E-01  2.82505795E-01  3.33527335E-01  3.66507907E-01  3.46749630E-01  2.80294346E-01  2.30622128E-01  2.47982385E-01  3.01798419E-01  3.49197881E-01  3.67497630E-01  3.27046551E-01  2.57058276E-01  2.30009073E-01  2.62969356E-01  3.18293541E-01  3.61626601E-01  3.61282218E-01  3.01961738E-01  2.39455692E-01  2.37139832E-01  2.85270950E-01  3.34483251E-01  3.64425526E-01  3.43121838E-01  2.76868129E-01  2.34816274E-01  2.52399875E-01  3.03564768E-01  3.47775281E-01  3.61558324E-01  3.20536293E-01  2.55637199E-01  2.34852833E-01  2.72501371E-01  3.20727624E-01  3.54986547E-01  3.54418702E-01  2.98123606E-01  2.40121827E-01  2.42490914E-01  2.89472259E-01  3.32657673E-01  3.61181143E-01  3.42900228E-01  2.75393680E-01  2.31639769E-01  2.57052335E-01  3.05492564E-01  3.42381071E-01  3.62448597E-01  3.25758858E-01  2.53940102E-01  2.33297265E-01  2.72842616E-01  3.18338214E-01  3.55055930E-01  3.59342107E-01  2.98183664E-01  2.37221310E-01  2.43656847E-01  2.90017156E-01  3.31800937E-01  3.63377723E-01  3.45088893E-01  2.70071206E-01  2.30021176E-01  2.57899752E-01  3.05931339E-01  3.43841914E-01  3.63731620E-01  3.23826172E-01  2.50148396E-01  2.31950585E-01  2.74543581E-01  3.23985245E-01  3.52483243E-01  3.55547247E-01  3.00852599E-01  2.34892268E-01  2.39625674E-01  2.96263257E-01  3.37827638E-01  3.53891495E-01  3.41313506E-01  2.78938425E-01  2.27868692E-01  2.56431003E-01  3.13915746E-01  3.42983281E-01  3.53128922E-01  3.25153630E-01  2.57143944E-01  2.31790028E-01  2.81036673E-01  3.26669978E-01  3.42550011E-01  3.49064883E-01  3.05128622E-01  2.38683068E-01  2.45028369E-01  3.01804599E-01  3.31055610E-01  3.48447861E-01  3.41295057E-01  2.77268382E-01  2.33065041E-01  2.64034363E-01  3.14325147E-01  3.38163739E-01  3.52788435E-01  3.23524926E-01  2.54191493E-01  2.35944476E-01  2.78660465E-01  3.23906712E-01  3.48566784E-01  3.53349732E-01  3.00535634E-01  2.37579335E-01  2.41954530E-01  2.94467423E-01  3.35379529E-01  3.57322587E-01  3.42869905E-01  2.74884469E-01  2.29581630E-01  2.56309770E-01  3.08915437E-01  3.45304782E-01  3.59279462E-01  3.24056802E-01  2.55133302E-01  2.30322030E-01  2.71115815E-01  3.22129002E-01  3.56332301E-01  3.58773815E-01  3.00478532E-01  2.34219496E-01  2.38090849E-01  2.87147729E-01  3.36423080E-01  3.70961511E-01  3.46169402E-01  2.70637273E-01  2.27684308E-01  2.48991895E-01  3.03801520E-01  3.53147123E-01  3.72967361E-01  3.22501687E-01  2.46554051E-01  2.28893188E-01  2.68172360E-01  3.22189186E-01  3.66634074E-01  3.61659830E-01  2.92083191E-01  2.32461077E-01  2.38574803E-01  2.87141337E-01  3.39637402E-01  3.75864832E-01  3.41436738E-01  2.63370174E-01  2.28846633E-01  2.56254571E-01  3.01191124E-01  3.52514478E-01  3.74826741E-01  3.17226729E-01  2.46648894E-01  2.34194922E-01  2.67354340E-01  3.18015690E-01  3.68063193E-01  3.60014252E-01  2.92944979E-01  2.38112622E-01  2.40231984E-01
  2.82506024E-01  3.20180492E-01  3.41017194E-01  3.26772895E-01  2.91099082E-01  2.68010990E-01  2.68453797E-01  2.94314527E-01  3.27043446E-01  3.39062956E-01  3.13429319E-01  2.83935358E-01  2.67093602E-01  2.76124007E-01  3.03875393E-01  3.35699797E-01  3.34718177E-01  3.02934266E-01  2.72949942E-01  2.61877355E-01  2.78382366E-01  3.15692492E-01  3.42658216E-01  3.30957427E-01  2.93320405E-01  2.63936226E-01  2.58332671E-01  2.85308240E-01  3.30782126E-01  3.47528060E-01  3.19781798E-01  2.84574404E-01  2.59148071E-01  2.61406225E-01  2.97587916E-01  3.39288880E-01  3.39720166E-01  3.11143602E-01  2.75075078E-01  2.53126451E-01  2.71062749E-01  3.16326174E-01  3.44511328E-01  3.35726345E-01  2.98650207E-01  2.61890320E-01  2.53146362E-01  2.83387154E-01  3.32042494E-01  3.49870877E-01  3.24118957E-01  2.84366310E-01  2.53613809E-01  2.56209930E-01  2.96349560E-01  3.42998304E-01  3.50492495E-01  3.12070227E-01  2.71157427E-01  2.51671990E-01  2.63731311E-01  3.08503278E-01  3.53164285E-01  3.44111012E-01  3.00254921E-01  2.63945198E-01  2.49254290E-01  2.72175004E-01  3.26511640E-01  3.58513309E-01  3.32821997E-01  2.88463453E-01  2.52758404E-01  2.49283199E-01  2.84642485E-01  3.39322188E-01  3.58161227E-01  3.26239830E-01  2.77270325E-01  2.46864298E-01  2.53892894E-01  3.03390546E-01  3.53610287E-01  3.54950312E-01  3.12981453E-01  2.64610664E-01  2.41704236E-01  2.64486767E-01  3.21810882E-01  3.64003558E-01  3.52428416E-01  2.96637606E-01  2.46831015E-01  2.39258364E-01  2.78418764E-01  3.40431960E-01  3.70226571E-01  3.39706805E-01  2.74735321E-01  2.35474459E-01  2.42871813E-01  2.97324037E-01  3.59837447E-01  3.70921595E-01  3.19098039E-01  2.57607259E-01  2.29097113E-01  2.53967511E-01  3.21360685E-01  3.73309196E-01  3.58952685E-01  2.96053232E-01  2.41708700E-01  2.27905667E-01  2.72207952E-01  3.47734669E-01  3.79018406E-01  3.38926132E-01  2.76668992E-01  2.32901980E-01  2.36496286E-01  2.95977432E-01  3.63907597E-01  3.71373887E-01  3.19411839E-01  2.60394183E-01  2.28044480E-01  2.51138654E-01  3.23872319E-01  3.77087270E-01  3.56483742E-01  2.96374337E-01  2.45515405E-01  2.26321258E-01  2.70093593E-01  3.49259942E-01  3.79228544E-01  3.36520861E-01  2.78403186E-01  2.37034952E-01  2.35378429E-01  2.94713884E-01  3.68093399E-01  3.68070486E-01  3.16832168E-01  2.60641278E-01  2.31172248E-01  2.54578237E-01  3.22866374E-01  3.71343742E-01  3.52429214E-01  2.96354436E-01  2.47953578E-01  2.38312039E-01  2.79936663E-01  3.42372564E-01  3.64482862E-01  3.32880569E-01  2.78096738E-01  2.42280038E-01  2.54330035E-01  3.07887824E-01  3.52710470E-01  3.50028473E-01  3.10329858E-01  2.62289058E-01  2.48659278E-01  2.79185351E-01  3.28688763E-01  3.51837554E-01  3.32692379E-01  2.89155612E-01  2.55051030E-01  2.60326761E-01  2.98393093E-01  3.39146851E-01  3.44262216E-01  3.13527287E-01  2.72447804E-01  2.56709547E-01  2.76115856E-01  3.17065589E-01  3.44657330E-01  3.31770355E-01  2.91498003E-01  2.62241607E-01  2.62815887E-01  2.92613005E-01  3.31702997E-01  3.43259735E-01  3.16505127E-01  2.77371188E-01  2.61581297E-01  2.72844828E-01  3.06639004E-01  3.40014459E-01  3.35440028E-01  3.03087692E-01  2.69048925E-01  2.62771022E-01
  4.70284419E-01  3.15488171E-01  1.54478873E-01  1.30044078E-01  2.29015230E-01  3.81210281E-01  4.87145932E-01  4.29433757E-01  2.51972988E-01  1.30131752E-01  1.53847861E-01  2.80706365E-01  4.27270247E-01  4.84330679E-01  3.74163802E-01  1.97147143E-01  1.24099063E-01  1.92570045E-01  3.30904517E-01  4.60796194E-01  4.64954031E-01  3.12251068E-01  1.55858601E-01  1.34512526E-01  2.34980415E-01  3.79527444E-01  4.82250654E-01  4.28423580E-01  2.50404835E-01  1.30721127E-01  1.54366028E-01  2.79252407E-01  4.26790555E-01  4.88229881E-01  3.73575556E-01  1.97259208E-01  1.22925702E-01  1.86761420E-01  3.28399052E-01  4.62132441E-01  4.66921562E-01  3.15701600E-01  1.58058813E-01  1.30055671E-01  2.27994100E-01  3.79396982E-01  4.85505718E-01  4.28635224E-01  2.53134340E-01  1.32400491E-01  1.51529104E-01  2.77033257E-01  4.31190846E-01  4.86301312E-01  3.72728300E-01  1.99563467E-01  1.21349224E-01  1.83315528E-01  3.35042207E-01  4.69086715E-01  4.62907826E-01  3.10898821E-01  1.56156083E-01  1.27241150E-01  2.29373450E-01  3.88361281E-01  4.85782757E-01  4.23629355E-01  2.52146808E-01  1.31494304E-01  1.48554381E-01  2.78373136E-01  4.34672551E-01  4.90646067E-01  3.72736007E-01  1.96096185E-01  1.17828401E-01  1.82436902E-01  3.35507550E-01  4.72317609E-01  4.67156170E-01  3.09039875E-01  1.53668500E-01  1.26133925E-01  2.30815805E-01  3.89212963E-01  4.87969419E-01  4.25933228E-01  2.49460016E-01  1.27930548E-01  1.47466063E-01  2.80550356E-01  4.37712561E-01  4.88987432E-01  3.69519373E-01  1.95924663E-01  1.19054772E-01  1.81658376E-01  3.36334208E-01  4.74344676E-01  4.66185086E-01  3.10346819E-01  1.55727253E-01  1.24987996E-01  2.23927445E-01  3.89493113E-01  4.92916900E-01  4.27804294E-01  2.52344971E-01  1.28554514E-01  1.45390505E-01  2.75800340E-01  4.35621529E-01  4.94399458E-01  3.75416603E-01  1.95561869E-01  1.16961258E-01  1.81153505E-01  3.31187718E-01  4.72460002E-01  4.71529506E-01  3.14071938E-01  1.53547779E-01  1.25909967E-01  2.25441522E-01  3.90423589E-01  4.93027411E-01  4.24733124E-01  2.48146656E-01  1.28391251E-01  1.50474460E-01  2.82698244E-01  4.38600192E-01  4.85491086E-01  3.68116299E-01  1.96128255E-01  1.21823481E-01  1.87843481E-01  3.38852374E-01  4.69568519E-01  4.56753722E-01  3.08155640E-01  1.57587048E-01  1.33089932E-01  2.35977551E-01  3.93988544E-01  4.82425057E-01  4.12565582E-01  2.48026864E-01  1.34210671E-01  1.57625123E-01  2.90157886E-01  4.36682446E-01  4.72278899E-01  3.61781983E-01  1.99247486E-01  1.27487808E-01  1.90628528E-01  3.40478027E-01  4.66974782E-01  4.51916679E-01  3.06059182E-01  1.61400308E-01  1.34202767E-01  2.32669894E-01  3.91266301E-01  4.78998663E-01  4.15659466E-01  2.54509308E-01  1.36030474E-01  1.51957911E-01  2.83208896E-01  4.32311705E-01  4.77097361E-01  3.70477110E-01  2.02469305E-01  1.24323154E-01  1.87461600E-01  3.37522053E-01  4.63698143E-01  4.58607248E-01  3.13952791E-01  1.57612070E-01  1.30217048E-01  2.32685787E-01  3.87949235E-01  4.81552737E-01  4.23875017E-01  2.52474985E-01  1.29766961E-01  1.53514688E-01  2.82039502E-01  4.28007498E-01  4.82902348E-01  3.77771111E-01  1.96958292E-01  1.21069927E-01  1.86549444E-01  3.30117235E-01  4.62355960E-01
  2.95189269E-01  2.10789209E-01  2.06025068E-01  2.70780863E-01  3.61502355E-01  4.06114746E-01  3.60998514E-01  2.61367930E-01  2.01012830E-01  2.20757054E-01  3.03188542E-01  3.86933507E-01  3.97286746E-01  3.26404790E-01  2.35948582E-01  2.02421487E-01  2.42978926E-01  3.32405771E-01  3.98598599E-01  3.80687171E-01  2.93625657E-01  2.17683668E-01  2.09475839E-01  2.72222159E-01  3.56294091E-01  3.99845459E-01  3.60319290E-01  2.65597986E-01  2.03791145E-01  2.24831956E-01  3.01370376E-01  3.75290521E-01  3.92751314E-01  3.31420954E-01  2.38229158E-01  2.05704093E-01  2.51501172E-01  3.29182398E-01  3.87315968E-01  3.79327318E-01  2.96034921E-01  2.15411413E-01  2.15906910E-01  2.79553134E-01  3.54966711E-01  3.94229232E-01  3.56373937E-01  2.61697617E-01  2.03929169E-01  2.32500523E-01  3.04696608E-01  3.76174396E-01  3.93924895E-01  3.26387431E-01  2.30523868E-01  2.05300880E-01  2.56698583E-01  3.29258181E-01  3.87319220E-01  3.81171621E-01  2.93841789E-01  2.12817542E-01  2.18063896E-01  2.82301668E-01  3.51639979E-01  3.92953110E-01  3.57474908E-01  2.60323181E-01  2.02005587E-01  2.35923551E-01  3.06879014E-01  3.70475528E-01  3.89592823E-01  3.28407066E-01  2.35996421E-01  2.05907992E-01  2.52143294E-01  3.27762629E-01  3.86104293E-01  3.78534159E-01  2.98793032E-01  2.18226143E-01  2.14758304E-01  2.74960745E-01  3.50705194E-01  3.89696584E-01  3.58108993E-01  2.71604695E-01  2.06268705E-01  2.26569989E-01  2.98642783E-01  3.70474345E-01  3.91736412E-01  3.37533613E-01  2.41639395E-01  2.00009429E-01  2.46255268E-01  3.25764438E-01  3.87751886E-01  3.82803116E-01  3.02615643E-01  2.17664493E-01  2.11267394E-01  2.70176095E-01  3.49222252E-01  3.95510569E-01  3.65164849E-01  2.69337281E-01  2.06211255E-01  2.27578285E-01  2.94729862E-01  3.69750238E-01  3.99930515E-01  3.36453631E-01  2.38186999E-01  2.01932467E-01  2.47208507E-01  3.24714481E-01  3.91792312E-01  3.87103497E-01  3.00685459E-01  2.13743971E-01  2.08642615E-01  2.72288245E-01  3.51319237E-01  4.00459775E-01  3.66681314E-01  2.65843481E-01  1.98948869E-01  2.25064442E-01  2.96985791E-01  3.76425355E-01  4.06278536E-01  3.38507089E-01  2.29610823E-01  1.94512592E-01  2.44218894E-01  3.26152105E-01  3.99373117E-01  3.95404037E-01  2.97991793E-01  2.03322438E-01  2.06112807E-01  2.71179740E-01  3.53589882E-01  4.09822267E-01  3.68075016E-01  2.58872577E-01  1.94733052E-01  2.24187331E-01  2.98945644E-01  3.79965937E-01  4.07484936E-01  3.34438974E-01  2.25925875E-01  1.95751890E-01  2.46753432E-01  3.29761859E-01  4.01437904E-01  3.91182132E-01  2.93655046E-01  2.05945076E-01  2.04212938E-01  2.70968296E-01  3.58555899E-01  4.11220920E-01  3.64969466E-01  2.57419125E-01  1.95235882E-01  2.20368367E-01  3.01616508E-01  3.85229355E-01  4.05123902E-01  3.28078662E-01  2.29567570E-01  1.99144876E-01  2.46930588E-01  3.32571702E-01  4.01388435E-01  3.84538512E-01  2.92503811E-01  2.10268754E-01  2.07714397E-01  2.73598438E-01  3.62049111E-01  4.07725726E-01  3.60271938E-01  2.59324110E-01  1.97523902E-01  2.21136726E-01  3.04869968E-01  3.84892501E-01  4.03040760E-01  3.30065914E-01  2.30231639E-01  1.96321618E-01  2.42974925E-01  3.31482771E-01  4.01778374E-01  3.87568404E-01
  2.27729884E-01  3.27753442E-01  4.00220422E-01  3.83702314E-01  3.09902549E-01  2.26540801E-01  1.94848006E-01  2.56218887E-01  3.58454042E-01  4.06567384E-01  3.63139809E-01  2.78334402E-01  2.08770170E-01  2.04846406E-01  2.87883852E-01  3.85313317E-01  4.00471747E-01  3.33895968E-01  2.52051135E-01  1.98064977E-01  2.21300853E-01  3.21850111E-01  4.06724047E-01  3.84028322E-01  3.07764876E-01  2.30885876E-01  1.94452241E-01  2.46908627E-01  3.59344653E-01  4.11620553E-01  3.62866558E-01  2.81833414E-01  2.10762243E-01  2.00542311E-01  2.84903471E-01  3.91607381E-01  4.00384209E-01  3.37111647E-01  2.56960103E-01  1.95165553E-01  2.17987894E-01  3.25657440E-01  4.06630950E-01  3.85221161E-01  3.09839141E-01  2.29376899E-01  1.89877297E-01  2.52803262E-01  3.67900452E-01  4.07694990E-01  3.56627864E-01  2.80020934E-01  2.06840177E-01  2.04492104E-01  2.95588463E-01  3.91565099E-01  3.94169206E-01  3.30776178E-01  2.47787233E-01  1.97938789E-01  2.33420519E-01  3.36463357E-01  3.99430257E-01  3.72712402E-01  3.02898203E-01  2.24283870E-01  2.00286026E-01  2.68095724E-01  3.68553336E-01  3.95077707E-01  3.47167523E-01  2.74474808E-01  2.11949987E-01  2.16520540E-01  3.05933366E-01  3.87161075E-01  3.78265873E-01  3.22516749E-01  2.52395156E-01  2.03601807E-01  2.41601536E-01  3.40754534E-01  3.92415104E-01  3.63990070E-01  2.98258987E-01  2.26578108E-01  2.07779842E-01  2.75945817E-01  3.68681451E-01  3.90668787E-01  3.39899103E-01  2.68518255E-01  2.12574685E-01  2.26163815E-01  3.12411642E-01  3.86428506E-01  3.76561283E-01  3.10532598E-01  2.43395542E-01  2.10503888E-01  2.48976785E-01  3.47916805E-01  3.99374645E-01  3.54986802E-01  2.79205222E-01  2.26270799E-01  2.15844884E-01  2.78518485E-01  3.78690155E-01  3.95528749E-01  3.26382899E-01  2.60679954E-01  2.16982666E-01  2.21761033E-01  3.10023139E-01  3.96941084E-01  3.78880458E-01  3.07110235E-01  2.46328583E-01  2.07517354E-01  2.37572890E-01  3.44544674E-01  4.03400679E-01  3.61035396E-01  2.89596992E-01  2.30115496E-01  2.05686194E-01  2.67084171E-01  3.70416434E-01  3.97875129E-01  3.39183725E-01  2.72054423E-01  2.15724201E-01  2.13464206E-01  2.96919157E-01  3.89155976E-01  3.87725732E-01  3.19150626E-01  2.51302717E-01  2.07652898E-01  2.33094408E-01  3.27530376E-01  3.98852498E-01  3.75076761E-01  2.98698531E-01  2.31067179E-01  2.04004021E-01  2.59104197E-01  3.62262231E-01  4.01826235E-01  3.49209788E-01  2.75386917E-01  2.16163265E-01  2.12884645E-01  2.91730611E-01  3.80912925E-01  3.88465600E-01  3.30172730E-01  2.56108953E-01  2.04837896E-01  2.33320342E-01  3.24653608E-01  3.92032185E-01  3.74631512E-01  3.08875137E-01  2.31721409E-01  2.02187852E-01  2.61784134E-01  3.57261794E-01  3.93595302E-01  3.57019627E-01  2.84175773E-01  2.12797517E-01  2.07732125E-01  2.92875233E-01  3.80449864E-01  3.91113379E-01  3.37424142E-01  2.59704694E-01  1.95837669E-01  2.23934051E-01  3.29253894E-01  3.96856978E-01  3.77401012E-01  3.14357716E-01  2.30363178E-01  1.91079735E-01  2.56869696E-01  3.61082541E-01  3.99994561E-01  3.63669384E-01  2.84966596E-01  2.05386313E-01  2.03133263E-01  2.92733074E-01  3.84738875E-01  3.98314708E-01  3.40132136E-01  2.52261095E-01  1.93911744E-01
  4.18495166E-01  3.46823666E-01  2.35815278E-01  1.72711062E-01  2.12817689E-01  3.32634653E-01  4.17184272E-01  4.02810411E-01  3.13018170E-01  2.08954109E-01  1.72726424E-01  2.45367503E-01  3.68693119E-01  4.21428849E-01  3.81738434E-01  2.81823833E-01  1.83467958E-01  1.80908069E-01  2.84782490E-01  3.95856758E-01  4.21119528E-01  3.57179049E-01  2.45907905E-01  1.69216820E-01  2.07030910E-01  3.24302340E-01  4.14225018E-01  4.11255215E-01  3.22459467E-01  2.10654807E-01  1.69666884E-01  2.40294985E-01  3.60983069E-01  4.26976513E-01  3.91830575E-01  2.81866659E-01  1.82692335E-01  1.81060405E-01  2.78516242E-01  3.93579379E-01  4.26236803E-01  3.62709805E-01  2.45459068E-01  1.69216960E-01  2.02822309E-01  3.19706903E-01  4.15872732E-01  4.17049501E-01  3.25818448E-01  2.10570676E-01  1.68070297E-01  2.36120976E-01  3.57228701E-01  4.25358352E-01  3.96854155E-01  2.87459641E-01  1.84179306E-01  1.80305968E-01  2.78269461E-01  3.87151264E-01  4.28018957E-01  3.65982206E-01  2.45434458E-01  1.70035129E-01  2.09310725E-01  3.19425092E-01  4.13614522E-01  4.19521001E-01  3.23388626E-01  2.04976371E-01  1.69725337E-01  2.42411141E-01  3.61554910E-01  4.33054542E-01  3.95359251E-01  2.76379828E-01  1.78509981E-01  1.79710534E-01  2.80925582E-01  4.01684917E-01  4.37477935E-01  3.56427709E-01  2.35446390E-01  1.65582377E-01  2.04341459E-01  3.25588166E-01  4.28945662E-01  4.16773184E-01  3.14923450E-01  2.02322328E-01  1.67403138E-01  2.39911594E-01  3.69805508E-01  4.37913189E-01  3.87767245E-01  2.73582199E-01  1.79275196E-01  1.78870921E-01  2.86204770E-01  4.06129554E-01  4.31289349E-01  3.50890680E-01  2.34728170E-01  1.65349277E-01  2.08391685E-01  3.35245974E-01  4.26286244E-01  4.08938800E-01  3.11657527E-01  2.01668873E-01  1.69057351E-01  2.48204258E-01  3.77659790E-01  4.33807624E-01  3.78105510E-01  2.64481807E-01  1.79277049E-01  1.88458632E-01  2.94919519E-01  4.11382251E-01  4.26021992E-01  3.40091690E-01  2.27486694E-01  1.70060140E-01  2.15659484E-01  3.39933562E-01  4.29090491E-01  4.04609296E-01  3.00587126E-01  2.00309368E-01  1.72860792E-01  2.54013481E-01  3.80952918E-01  4.32727425E-01  3.73553887E-01  2.61859010E-01  1.78940535E-01  1.91045744E-01  2.96123802E-01  4.08373805E-01  4.26970887E-01  3.39971207E-01  2.21670607E-01  1.70734623E-01  2.19754955E-01  3.40534441E-01  4.28319980E-01  4.02363040E-01  2.96506642E-01  1.98397967E-01  1.78945338E-01  2.55282906E-01  3.77209265E-01  4.29528039E-01  3.71533302E-01  2.62006678E-01  1.82212205E-01  1.96766657E-01  2.97355264E-01  4.03690091E-01  4.18784652E-01  3.37239268E-01  2.25964590E-01  1.77170469E-01  2.24870989E-01  3.39098001E-01  4.19805267E-01  3.98891237E-01  2.98403589E-01  2.00624125E-01  1.82048176E-01  2.58427498E-01  3.74033050E-01  4.25231439E-01  3.71928034E-01  2.62723168E-01  1.83355602E-01  1.95195883E-01  2.97628339E-01  4.05424287E-01  4.17138253E-01  3.37314796E-01  2.30258096E-01  1.74099748E-01  2.21306363E-01  3.37425731E-01  4.20878609E-01  3.98537104E-01  3.04135405E-01  2.03833670E-01  1.75143586E-01  2.52366044E-01  3.71514607E-01  4.24330698E-01  3.76188545E-01  2.72388088E-01  1.82775604E-01  1.87961329E-01  2.91336086E-01  4.01311842E-01
  2.21605161E-01  3.32859650E-01  4.15223893E-01  3.95280582E-01  3.07588846E-01  2.10477173E-01  1.80622503E-01  2.53757653E-01  3.69354817E-01  4.21142033E-01  3.75013631E-01  2.72551752E-01  1.87299084E-01  1.95708547E-01  2.90202996E-01  3.96901338E-01  4.20053091E-01  3.44063335E-01  2.34936765E-01  1.78524950E-01  2.20767962E-01  3.27345378E-01  4.13167075E-01  4.01878492E-01  3.09769774E-01  2.10971624E-01  1.85306392E-01  2.52322196E-01  3.59898135E-01  4.18564565E-01  3.75559096E-01  2.74906237E-01  1.92890251E-01  1.98890102E-01  2.85396105E-01  3.87569176E-01  4.14248690E-01  3.46969619E-01  2.40967042E-01  1.84274753E-01  2.18699268E-01  3.20395936E-01  4.12211733E-01  4.00260359E-01  3.10213311E-01  2.15031290E-01  1.85103888E-01  2.46500183E-01  3.57536218E-01  4.18472205E-01  3.78643148E-01  2.76351230E-01  1.95412230E-01  1.96981462E-01  2.80393117E-01  3.86624417E-01  4.18364323E-01  3.44051326E-01  2.40621521E-01  1.88849735E-01  2.20044182E-01  3.19307621E-01  4.09187022E-01  3.99461318E-01  3.06406080E-01  2.15926643E-01  1.92447374E-01  2.51459925E-01  3.55915968E-01  4.14644139E-01  3.71982918E-01  2.74027958E-01  2.00461187E-01  2.07849891E-01  2.82480474E-01  3.78264438E-01  4.08522427E-01  3.45700047E-01  2.47082277E-01  1.96392790E-01  2.22905610E-01  3.12034400E-01  3.96421156E-01  3.99610944E-01  3.15983071E-01  2.21824248E-01  1.96695077E-01  2.45165697E-01  3.42406007E-01  4.13733444E-01  3.85040121E-01  2.81754824E-01  2.00204016E-01  1.99209335E-01  2.72742701E-01  3.79627220E-01  4.22370189E-01  3.55901051E-01  2.44087294E-01  1.87206423E-01  2.14184300E-01  3.10876573E-01  4.09511134E-01  4.13314074E-01  3.13325849E-01  2.12172238E-01  1.86637382E-01  2.42061574E-01  3.52200304E-01  4.26974284E-01  3.82375887E-01  2.75966055E-01  1.95078771E-01  1.95305311E-01  2.77564620E-01  3.90026029E-01  4.19962861E-01  3.48097581E-01  2.42883067E-01  1.86788922E-01  2.13165021E-01  3.15243155E-01  4.13227249E-01  4.06886848E-01  3.12958314E-01  2.17443629E-01  1.85743460E-01  2.41900269E-01  3.59007475E-01  4.25893899E-01  3.74837359E-01  2.75820331E-01  1.99662119E-01  1.94885649E-01  2.83702146E-01  3.95901652E-01  4.13822861E-01  3.42301438E-01  2.44566045E-01  1.86005458E-01  2.16518865E-01  3.26658321E-01  4.14141858E-01  3.97761585E-01  3.09444429E-01  2.17663432E-01  1.85471885E-01  2.44534524E-01  3.62686901E-01  4.24158857E-01  3.73728222E-01  2.75020337E-01  1.98431375E-01  1.92243412E-01  2.80597826E-01  3.98161312E-01  4.16554010E-01  3.39891029E-01  2.46378308E-01  1.87925612E-01  2.10871810E-01  3.24969280E-01  4.20676529E-01  3.95105087E-01  3.08897251E-01  2.19039348E-01  1.83720822E-01  2.44103786E-01  3.67721637E-01  4.23241627E-01  3.72595754E-01  2.75589806E-01  1.95744109E-01  1.91530123E-01  2.85897952E-01  3.99622685E-01  4.15120853E-01  3.40649098E-01  2.44707237E-01  1.83026911E-01  2.15259199E-01  3.29969429E-01  4.15143787E-01  3.94654159E-01  3.09533683E-01  2.14952041E-01  1.83631343E-01  2.52444836E-01  3.69008876E-01  4.19095976E-01  3.70940837E-01  2.73829458E-01  1.93411181E-01  1.95802611E-01  2.93941653E-01  3.97945404E-01  4.13709580E-01  3.39535395E-01  2.38855093E-01  1.81215589E-01
  1.67294868E-01  2.32843131E-01  3.37205820E-01  4.08024115E-01  4.10753442E-01  3.11980577E-01  1.92737208E-01  1.76541535E-01  2.65956918E-01  3.66162556E-01  4.23755936E-01  3.88680236E-01  2.65599556E-01  1.71246516E-01  1.98393214E-01  3.02512720E-01  3.94262389E-01  4.23609084E-01  3.51960924E-01  2.23806143E-01  1.63887695E-01  2.29439299E-01  3.38686785E-01  4.16107824E-01  4.12118317E-01  3.07065631E-01  1.85023141E-01  1.73324964E-01  2.69113568E-01  3.76500467E-01  4.28090576E-01  3.81610838E-01  2.54884157E-01  1.63171568E-01  1.97047873E-01  3.11506967E-01  4.09509906E-01  4.23975754E-01  3.40627165E-01  2.13518202E-01  1.59681139E-01  2.31450455E-01  3.53887638E-01  4.26833442E-01  4.05809067E-01  2.96752644E-01  1.79323384E-01  1.70020689E-01  2.75957499E-01  3.88205180E-01  4.29260212E-01  3.77618385E-01  2.51023017E-01  1.57152612E-01  1.95603931E-01  3.19956855E-01  4.12056654E-01  4.24619588E-01  3.39687504E-01  2.06794751E-01  1.52748729E-01  2.32568343E-01  3.58946911E-01  4.26866004E-01  4.08255450E-01  2.94866050E-01  1.73312282E-01  1.65855859E-01  2.77764066E-01  3.92914475E-01  4.32362192E-01  3.77802295E-01  2.47477753E-01  1.53549764E-01  1.93522327E-01  3.22222835E-01  4.21111140E-01  4.27849010E-01  3.34376648E-01  2.04161475E-01  1.51047600E-01  2.31051032E-01  3.63688232E-01  4.38607791E-01  4.06234805E-01  2.87927469E-01  1.71932199E-01  1.63860336E-01  2.73720810E-01  4.02309912E-01  4.41006264E-01  3.72117615E-01  2.43436660E-01  1.52424689E-01  1.88987578E-01  3.26286455E-01  4.29704330E-01  4.22182756E-01  3.32115154E-01  2.05922248E-01  1.48224190E-01  2.29463866E-01  3.67911675E-01  4.39229586E-01  4.03029002E-01  2.91372118E-01  1.71969086E-01  1.58674018E-01  2.71649499E-01  4.03688565E-01  4.41929648E-01  3.73250031E-01  2.44806543E-01  1.49641021E-01  1.84941763E-01  3.20510514E-01  4.27510076E-01  4.30099110E-01  3.36379146E-01  2.02676037E-01  1.45405828E-01  2.22611448E-01  3.60761542E-01  4.41587465E-01  4.11953350E-01  2.93571721E-01  1.70034130E-01  1.57426939E-01  2.66631255E-01  3.93197248E-01  4.43932084E-01  3.83869975E-01  2.49430897E-01  1.51965209E-01  1.86003482E-01  3.09825604E-01  4.17595606E-01  4.34434527E-01  3.48160646E-01  2.07821851E-01  1.48849223E-01  2.23776800E-01  3.49415739E-01  4.27190972E-01  4.19839727E-01  3.05782088E-01  1.76472719E-01  1.60249872E-01  2.61385157E-01  3.81266556E-01  4.37451967E-01  3.90691260E-01  2.60592971E-01  1.56071157E-01  1.84604400E-01  3.01178855E-01  4.08850964E-01  4.36917754E-01  3.54201870E-01  2.14318321E-01  1.50865613E-01  2.17086872E-01  3.40602301E-01  4.33918216E-01  4.24140906E-01  3.03307720E-01  1.78277152E-01  1.62262747E-01  2.56436129E-01  3.79222238E-01  4.45400493E-01  3.89670362E-01  2.52876260E-01  1.61523477E-01  1.89475722E-01  3.00490657E-01  4.11070968E-01  4.34897820E-01  3.43736105E-01  2.14428723E-01  1.61104729E-01  2.24301203E-01  3.43850316E-01  4.28801099E-01  4.12733952E-01  2.98846853E-01  1.85466472E-01  1.72501571E-01  2.66837077E-01  3.76369965E-01  4.28362866E-01  3.83163821E-01  2.59181332E-01  1.68860394E-01  1.98899673E-01  3.07268245E-01  3.96740516E-01  4.23527748E-01  3.46403427E-01  2.21473811E-01
  3.37913040E-01  3.84585012E-01  3.52505809E-01  2.72520240E-01  2.27762177E-01  2.41899578E-01  2.90557247E-01  3.56892022E-01  3.81166412E-01  3.27293775E-01  2.51251161E-01  2.31071412E-01  2.56125230E-01  3.09076575E-01  3.70405318E-01  3.70584592E-01  2.96976808E-01  2.38179821E-01  2.40350746E-01  2.74221470E-01  3.32791802E-01  3.74894261E-01  3.46073670E-01  2.70204050E-01  2.36431172E-01  2.52548106E-01  2.91846459E-01  3.52041473E-01  3.73275282E-01  3.17468375E-01  2.54342971E-01  2.36149724E-01  2.60058924E-01  3.12375451E-01  3.69126743E-01  3.59824007E-01  2.92137252E-01  2.43222959E-01  2.43341299E-01  2.73415302E-01  3.28242660E-01  3.71305059E-01  3.41367337E-01  2.74663589E-01  2.39776005E-01  2.49495663E-01  2.90131546E-01  3.50357661E-01  3.67666154E-01  3.18100887E-01  2.57884769E-01  2.42152886E-01  2.58451200E-01  3.08784422E-01  3.60033586E-01  3.56348712E-01  2.98725390E-01  2.52368330E-01  2.45728223E-01  2.73848306E-01  3.27806865E-01  3.61957800E-01  3.37527239E-01  2.81957906E-01  2.47091025E-01  2.52166233E-01  2.92391737E-01  3.44368866E-01  3.57138339E-01  3.18648257E-01  2.67227317E-01  2.42615294E-01  2.65135515E-01  3.13915662E-01  3.50685245E-01  3.47517808E-01  3.04814002E-01  2.55733785E-01  2.46965814E-01  2.79868558E-01  3.26222853E-01  3.55568649E-01  3.38980122E-01  2.87919020E-01  2.46169620E-01  2.50147539E-01  2.93519769E-01  3.42996868E-01  3.56429244E-01  3.23343036E-01  2.71210961E-01  2.40986863E-01  2.61068363E-01  3.11006600E-01  3.50484197E-01  3.52298624E-01  3.11647102E-01  2.56507917E-01  2.41394023E-01  2.70689127E-01  3.25544499E-01  3.59297168E-01  3.44518908E-01  2.92268700E-01  2.44031462E-01  2.41799124E-01  2.86864327E-01  3.46150104E-01  3.66687203E-01  3.28785837E-01  2.70614909E-01  2.34363021E-01  2.51148037E-01  3.08321230E-01  3.61435734E-01  3.60129897E-01  3.08373074E-01  2.52006459E-01  2.35007369E-01  2.68275961E-01  3.27485009E-01  3.65804490E-01  3.47895648E-01  2.92206507E-01  2.45471354E-01  2.41574856E-01  2.84641707E-01  3.44791089E-01  3.67645547E-01  3.31732789E-01  2.73489673E-01  2.40201814E-01  2.49975265E-01  3.01558308E-01  3.57625121E-01  3.66213161E-01  3.14541506E-01  2.58754535E-01  2.36496891E-01  2.64457201E-01  3.21465943E-01  3.65582007E-01  3.54189112E-01  2.97310616E-01  2.47283774E-01  2.41625753E-01  2.83887420E-01  3.39071511E-01  3.66420033E-01  3.37184244E-01  2.77988656E-01  2.39000033E-01  2.52702958E-01  3.06763761E-01  3.53634039E-01  3.57668037E-01  3.15041009E-01  2.58820636E-01  2.38864724E-01  2.71566617E-01  3.23071157E-01  3.61777437E-01  3.48503651E-01  2.90075562E-01  2.45637327E-01  2.49830292E-01  2.87964061E-01  3.37903541E-01  3.65978533E-01  3.33216474E-01  2.69546444E-01  2.41149011E-01  2.57398010E-01  3.00176143E-01  3.54273906E-01  3.68406459E-01  3.11863387E-01  2.49999369E-01  2.39964563E-01  2.70150041E-01  3.18590772E-01  3.71143008E-01  3.61440720E-01  2.81309235E-01  2.31762245E-01  2.45852553E-01  2.89630257E-01  3.48353146E-01  3.81839437E-01  3.32950288E-01  2.53183447E-01  2.27468384E-01  2.54885277E-01  3.10978077E-01  3.74977223E-01  3.76530770E-01  3.01071483E-01  2.33580712E-01  2.29921017E-01  2.70926328E-01
  3.42053195E-01  2.05534149E-01  1.53550581E-01  2.07958017E-01  3.38701506E-01  4.51570552E-01  4.28320087E-01  2.94807395E-01  1.78948664E-01  1.62776545E-01  2.47586392E-01  3.82009460E-01  4.57517630E-01  3.92832533E-01  2.50472029E-01  1.58643694E-01  1.80997670E-01  2.91382161E-01  4.16210614E-01  4.52222072E-01  3.52164277E-01  2.07427995E-01  1.52102668E-01  2.09553730E-01  3.34798939E-01  4.44525345E-01  4.36110754E-01  2.99067967E-01  1.72965444E-01  1.61532857E-01  2.46587497E-01  3.76227280E-01  4.62996038E-01  3.98668431E-01  2.45905359E-01  1.56755746E-01  1.81006128E-01  2.88804855E-01  4.19226032E-01  4.58451197E-01  3.46682679E-01  2.01760467E-01  1.55252045E-01  2.11575001E-01  3.35330364E-01  4.49770295E-01  4.33846139E-01  2.89779801E-01  1.74503214E-01  1.67101874E-01  2.47684025E-01  3.81403352E-01  4.63037219E-01  3.92938356E-01  2.40126246E-01  1.60688336E-01  1.84632795E-01  2.88115496E-01  4.21817356E-01  4.57710801E-01  3.39326198E-01  2.03513404E-01  1.59611780E-01  2.12607266E-01  3.35470895E-01  4.51513780E-01  4.28525571E-01  2.87326565E-01  1.76896312E-01  1.68154290E-01  2.47152942E-01  3.81599896E-01  4.61540831E-01  3.88707823E-01  2.39902887E-01  1.63205119E-01  1.86820550E-01  2.88926295E-01  4.19167052E-01  4.52385907E-01  3.41616421E-01  2.03866200E-01  1.62284176E-01  2.15598973E-01  3.34226889E-01  4.46803788E-01  4.29192308E-01  2.85701517E-01  1.75834144E-01  1.72989992E-01  2.51349930E-01  3.84548484E-01  4.59303580E-01  3.84260896E-01  2.38184704E-01  1.64975010E-01  1.88769415E-01  2.94552653E-01  4.26085455E-01  4.49448395E-01  3.32004764E-01  2.03052843E-01  1.63330308E-01  2.13665491E-01  3.42484763E-01  4.54487491E-01  4.20881204E-01  2.80419441E-01  1.79250701E-01  1.70637167E-01  2.52812798E-01  3.87284033E-01  4.58423761E-01  3.80756518E-01  2.38701292E-01  1.64236263E-01  1.87648574E-01  2.94650298E-01  4.26772791E-01  4.51939845E-01  3.32847846E-01  2.01345209E-01  1.59665644E-01  2.16545025E-01  3.46714794E-01  4.51545195E-01  4.19441874E-01  2.83019387E-01  1.76012461E-01  1.68896777E-01  2.55430604E-01  3.87822278E-01  4.58633525E-01  3.82426893E-01  2.37064499E-01  1.60326743E-01  1.89398506E-01  2.97138242E-01  4.26187098E-01  4.53392963E-01  3.32299510E-01  1.97016463E-01  1.58143321E-01  2.16845068E-01  3.42887005E-01  4.55034607E-01  4.25316759E-01  2.81916010E-01  1.71161244E-01  1.65503270E-01  2.52092535E-01  3.88313881E-01  4.68299186E-01  3.84972869E-01  2.33313753E-01  1.56358514E-01  1.85455950E-01  2.95754254E-01  4.24969807E-01  4.56804120E-01  3.37521247E-01  1.98926211E-01  1.56107560E-01  2.13874196E-01  3.39926080E-01  4.52187449E-01  4.28791338E-01  2.88826895E-01  1.72877562E-01  1.61886297E-01  2.49164007E-01  3.86404876E-01  4.64285067E-01  3.91187937E-01  2.43171717E-01  1.55972583E-01  1.79385064E-01  2.90978885E-01  4.26476915E-01  4.59511587E-01  3.43023526E-01  2.02424496E-01  1.50639439E-01  2.07390384E-01  3.36599731E-01  4.56561690E-01  4.34855641E-01  2.90104073E-01  1.72829549E-01  1.61748105E-01  2.43535337E-01  3.82453123E-01  4.67392587E-01  3.93511448E-01  2.44184124E-01  1.59845856E-01  1.79368980E-01  2.88664707E-01  4.26368251E-01  4.56603805E-01
  3.63841750E-01  2.65634867E-01  2.04382933E-01  2.19273657E-01  2.91712051E-01  3.80707774E-01  4.06304100E-01  3.33874092E-01  2.38442817E-01  2.02530723E-01  2.36560758E-01  3.18587077E-01  3.99713230E-01  3.92628281E-01  2.99205199E-01  2.22287132E-01  2.10247845E-01  2.58337175E-01  3.45729706E-01  4.10474237E-01  3.67190325E-01  2.67905953E-01  2.11421544E-01  2.21636032E-01  2.87201049E-01  3.77998452E-01  4.07799912E-01  3.31444767E-01  2.38653454E-01  2.07876501E-01  2.42023095E-01  3.20232795E-01  3.99955503E-01  3.91370954E-01  2.93022230E-01  2.15214759E-01  2.13924327E-01  2.66027389E-01  3.51217278E-01  4.11446019E-01  3.62832920E-01  2.56144486E-01  2.04703334E-01  2.27724114E-01  2.95364034E-01  3.83502169E-01  4.06771959E-01  3.23119391E-01  2.26457713E-01  2.06725825E-01  2.48656888E-01  3.28539114E-01  4.00169132E-01  3.85470781E-01  2.85482950E-01  2.13942980E-01  2.16276193E-01  2.72676454E-01  3.58845555E-01  4.06483819E-01  3.51821825E-01  2.54746640E-01  2.09643477E-01  2.28013866E-01  2.98896192E-01  3.84187266E-01  3.98908803E-01  3.18673053E-01  2.32771192E-01  2.09448891E-01  2.44740569E-01  3.30389683E-01  3.98987629E-01  3.81074978E-01  2.86506101E-01  2.18617527E-01  2.15260778E-01  2.71332070E-01  3.55908499E-01  4.02675061E-01  3.52559864E-01  2.58844999E-01  2.12388799E-01  2.31863869E-01  2.97841762E-01  3.76316955E-01  3.95782961E-01  3.20476993E-01  2.38300716E-01  2.14075494E-01  2.50206346E-01  3.23299974E-01  3.93316619E-01  3.79854127E-01  2.89935608E-01  2.21780460E-01  2.19874495E-01  2.69062720E-01  3.52722162E-01  4.06724468E-01  3.52937856E-01  2.57444068E-01  2.14434521E-01  2.29709468E-01  2.87886999E-01  3.82466886E-01  4.06454216E-01  3.20564657E-01  2.33741306E-01  2.13292315E-01  2.42256997E-01  3.17317425E-01  4.02971889E-01  3.88824875E-01  2.88807858E-01  2.14817837E-01  2.13079668E-01  2.61551896E-01  3.54849605E-01  4.16660865E-01  3.60976615E-01  2.52453108E-01  2.02028410E-01  2.19293849E-01  2.91725003E-01  3.88941390E-01  4.15901953E-01  3.25823540E-01  2.22842007E-01  1.95919906E-01  2.35901636E-01  3.25576192E-01  4.15658594E-01  3.96808079E-01  2.85103500E-01  2.03716679E-01  2.02522411E-01  2.60796472E-01  3.63331535E-01  4.22885317E-01  3.63477566E-01  2.50678350E-01  1.97182557E-01  2.17675658E-01  2.97337509E-01  3.94207412E-01  4.11721320E-01  3.20661253E-01  2.24217985E-01  1.99526642E-01  2.38994335E-01  3.32633855E-01  4.13809167E-01  3.86146986E-01  2.82695421E-01  2.08701434E-01  2.08871291E-01  2.68980123E-01  3.67963200E-01  4.12874780E-01  3.55177170E-01  2.52600933E-01  2.00592457E-01  2.23139813E-01  3.03042025E-01  3.87211342E-01  4.02033527E-01  3.23077063E-01  2.27550260E-01  2.00897331E-01  2.45367612E-01  3.32115491E-01  4.01558819E-01  3.85464333E-01  2.89697471E-01  2.11760146E-01  2.08371219E-01  2.69150209E-01  3.58256914E-01  4.09612427E-01  3.60564453E-01  2.58523242E-01  2.02821481E-01  2.21114295E-01  2.95844559E-01  3.85331552E-01  4.05258313E-01  3.26256758E-01  2.33036147E-01  2.02768509E-01  2.41445241E-01  3.27185734E-01  4.01454334E-01  3.85302208E-01  2.94253504E-01  2.15914149E-01  2.08654371E-01  2.66893740E-01  3.56097455E-01  4.06208106E-01
  2.30260774E-01  2.36529935E-01  2.94221129E-01  3.56013427E-01  3.72787190E-01  3.31778281E-01  2.61005054E-01  2.22656590E-01  2.52950718E-01  3.17859867E-01  3.67123173E-01  3.63849065E-01  3.09971861E-01  2.42172857E-01  2.25743477E-01  2.74673586E-01  3.41120994E-01  3.74398278E-01  3.50216381E-01  2.81026391E-01  2.30558328E-01  2.34792102E-01  2.96176283E-01  3.59659859E-01  3.75288379E-01  3.27590552E-01  2.59246943E-01  2.24228335E-01  2.49298597E-01  3.17753068E-01  3.73811235E-01  3.68565740E-01  3.06172020E-01  2.41456195E-01  2.21677658E-01  2.66162430E-01  3.43234551E-01  3.80692600E-01  3.52366708E-01  2.82235767E-01  2.27370862E-01  2.28464217E-01  2.92746707E-01  3.61713897E-01  3.77203968E-01  3.33101887E-01  2.60167890E-01  2.18462551E-01  2.43978578E-01  3.20125139E-01  3.75909164E-01  3.68071053E-01  3.05874166E-01  2.40297476E-01  2.20980043E-01  2.69772294E-01  3.45562088E-01  3.77139824E-01  3.48070615E-01  2.81834129E-01  2.26170784E-01  2.30080429E-01  2.98210266E-01  3.63427453E-01  3.72940339E-01  3.26484348E-01  2.57367365E-01  2.19686379E-01  2.46840806E-01  3.25687969E-01  3.75336184E-01  3.61209744E-01  3.03403356E-01  2.40064625E-01  2.19589106E-01  2.69444514E-01  3.50021431E-01  3.80343596E-01  3.45011338E-01  2.81200234E-01  2.27553853E-01  2.28892781E-01  2.94247397E-01  3.66048622E-01  3.74686533E-01  3.27170962E-01  2.58526320E-01  2.22050209E-01  2.45746304E-01  3.22414393E-01  3.76526548E-01  3.62536680E-01  3.02220855E-01  2.42094960E-01  2.24443994E-01  2.68866932E-01  3.47636519E-01  3.77756168E-01  3.41116346E-01  2.80978851E-01  2.31245283E-01  2.32560101E-01  2.95300336E-01  3.63128095E-01  3.70630408E-01  3.23276374E-01  2.59668535E-01  2.29322146E-01  2.49804439E-01  3.18009055E-01  3.71873857E-01  3.60030991E-01  3.00285557E-01  2.44596380E-01  2.31038223E-01  2.71625418E-01  3.39406687E-01  3.74671237E-01  3.42013786E-01  2.77015756E-01  2.35920709E-01  2.40055654E-01  2.95429343E-01  3.56718138E-01  3.70030506E-01  3.20210749E-01  2.60999510E-01  2.33397857E-01  2.53724528E-01  3.15759069E-01  3.68877566E-01  3.57288500E-01  2.97622544E-01  2.51152040E-01  2.36064711E-01  2.69822764E-01  3.37283781E-01  3.73924479E-01  3.36387664E-01  2.81336720E-01  2.43685016E-01  2.41121617E-01  2.91483079E-01  3.57889329E-01  3.64339166E-01  3.17877883E-01  2.69815875E-01  2.34877824E-01  2.51689170E-01  3.20323706E-01  3.68465914E-01  3.52017979E-01  3.03244277E-01  2.51375502E-01  2.30416927E-01  2.72266641E-01  3.43816944E-01  3.69512416E-01  3.38311095E-01  2.84684643E-01  2.35650833E-01  2.35669897E-01  2.99999197E-01  3.63281422E-01  3.64046814E-01  3.21062746E-01  2.61888966E-01  2.27065076E-01  2.55898339E-01  3.27418737E-01  3.67720819E-01  3.53959569E-01  3.00722075E-01  2.45516650E-01  2.29080159E-01  2.78406271E-01  3.44532558E-01  3.69564235E-01  3.40740022E-01  2.81595392E-01  2.32418476E-01  2.39503108E-01  3.02041183E-01  3.58162113E-01  3.65741818E-01  3.25128436E-01  2.61996712E-01  2.27483879E-01  2.55471763E-01  3.21414059E-01  3.64639069E-01  3.59329012E-01  3.07560805E-01  2.46726873E-01  2.28378136E-01  2.73739404E-01  3.36965578E-01  3.69632239E-01  3.50203897E-01  2.86710748E-01
  2.77909584E-01  3.58803849E-01  3.76035021E-01  3.03678521E-01  2.59813593E-01  2.55506044E-01  2.54922205E-01  3.04461302E-01  3.77511740E-01  3.53016865E-01  2.79579219E-01  2.58548049E-01  2.56682298E-01  2.62805299E-01  3.31952338E-01  3.81427894E-01  3.22438769E-01  2.65409157E-01  2.63397212E-01  2.58205960E-01  2.78872812E-01  3.57703119E-01  3.69512844E-01  2.92131902E-01  2.61914431E-01  2.68030149E-01  2.59976695E-01  3.05123061E-01  3.76158563E-01  3.41625614E-01  2.71504263E-01  2.65709411E-01  2.65237791E-01  2.68424057E-01  3.39985735E-01  3.74277676E-01  3.09640650E-01  2.60896851E-01  2.68348850E-01  2.64798908E-01  2.88935781E-01  3.60802209E-01  3.58504586E-01  2.86795530E-01  2.59315197E-01  2.68118385E-01  2.65763372E-01  3.10411609E-01  3.71731466E-01  3.41774301E-01  2.71011383E-01  2.61396562E-01  2.65763042E-01  2.70674950E-01  3.35859557E-01  3.77124713E-01  3.14999431E-01  2.58773169E-01  2.65152493E-01  2.60634367E-01  2.83751886E-01  3.61870310E-01  3.70379881E-01  2.90555678E-01  2.57766854E-01  2.61180824E-01  2.60278304E-01  3.09718353E-01  3.79836799E-01  3.49705107E-01  2.70662230E-01  2.55787240E-01  2.59710032E-01  2.68574615E-01  3.38077880E-01  3.87347631E-01  3.21670037E-01  2.56196740E-01  2.54799881E-01  2.56638636E-01  2.88658326E-01  3.66283906E-01  3.77411657E-01  2.92357521E-01  2.49520466E-01  2.54105961E-01  2.60214724E-01  3.13327140E-01  3.87215401E-01  3.53101530E-01  2.66040870E-01  2.48711735E-01  2.53539127E-01  2.69167950E-01  3.46236428E-01  3.93135503E-01  3.20689351E-01  2.53441174E-01  2.48812372E-01  2.51133969E-01  2.91425694E-01  3.80266739E-01  3.77838621E-01  2.86079352E-01  2.43639498E-01  2.47890060E-01  2.59696617E-01  3.25830967E-01  3.92383980E-01  3.47678280E-01  2.60829356E-01  2.40822664E-01  2.51332792E-01  2.80224049E-01  3.59042852E-01  3.85810383E-01  3.17025386E-01  2.46825527E-01  2.40833533E-01  2.58945173E-01  3.06179607E-01  3.71921334E-01  3.69796345E-01  2.91853968E-01  2.42159115E-01  2.46802274E-01  2.68941327E-01  3.25353440E-01  3.80721483E-01  3.50220209E-01  2.69911937E-01  2.39552443E-01  2.53796614E-01  2.85018394E-01  3.43741341E-01  3.79086952E-01  3.23688920E-01  2.57121952E-01  2.45886034E-01  2.61180476E-01  2.95921775E-01  3.62246354E-01  3.69177626E-01  2.95801386E-01  2.51596419E-01  2.54431745E-01  2.67651413E-01  3.17318069E-01  3.70229022E-01  3.45454328E-01  2.78519825E-01  2.54468195E-01  2.58195024E-01  2.79522006E-01  3.32233466E-01  3.67509715E-01  3.28232777E-01  2.67278506E-01  2.55920658E-01  2.60532298E-01  2.87405110E-01  3.47178594E-01  3.66201793E-01  3.09527128E-01  2.63027815E-01  2.54875686E-01  2.59760496E-01  3.02724910E-01  3.66524396E-01  3.58369771E-01  2.90385392E-01  2.57506318E-01  2.51701353E-01  2.65018820E-01  3.28010598E-01  3.78465665E-01  3.36209480E-01  2.74822778E-01  2.53140174E-01  2.47665615E-01  2.78309627E-01  3.55263514E-01  3.76015468E-01  3.10512842E-01  2.62822182E-01  2.51814262E-01  2.51690995E-01  3.00809766E-01  3.76733775E-01  3.60747422E-01  2.83584211E-01  2.54997120E-01  2.52153972E-01  2.61166761E-01  3.31844957E-01  3.85274821E-01  3.30961429E-01  2.67761548E-01  2.56699645E-01  2.49583059E-01
  2.00033543E-01  3.11668907E-01  4.36180641E-01  4.35498948E-01  3.07247374E-01  1.97701015E-01  1.72679144E-01  2.28602447E-01  3.56635410E-01  4.52266542E-01  4.00518843E-01  2.64865683E-01  1.79903216E-01  1.79005049E-01  2.64487260E-01  4.03125329E-01  4.54468110E-01  3.57101799E-01  2.25196055E-01  1.69360641E-01  1.95958174E-01  3.12304680E-01  4.41979001E-01  4.35419149E-01  3.04107238E-01  1.95686000E-01  1.69983375E-01  2.26047003E-01  3.64565478E-01  4.57662251E-01  3.97597438E-01  2.58684047E-01  1.79066211E-01  1.78651295E-01  2.66740545E-01  4.08480313E-01  4.57385036E-01  3.50787367E-01  2.21854819E-01  1.67715536E-01  2.01065932E-01  3.16532814E-01  4.40668032E-01  4.33897911E-01  3.03139651E-01  1.93442164E-01  1.72909331E-01  2.33933041E-01  3.64143521E-01  4.54763491E-01  3.94407860E-01  2.55581767E-01  1.76775278E-01  1.86349057E-01  2.72693448E-01  4.06374732E-01  4.52523450E-01  3.46510295E-01  2.19521282E-01  1.71124408E-01  2.02990813E-01  3.15619659E-01  4.44220807E-01  4.34277525E-01  2.97064490E-01  1.92475833E-01  1.73205097E-01  2.29177548E-01  3.64200436E-01  4.62028594E-01  3.93571183E-01  2.54113153E-01  1.77602673E-01  1.83652049E-01  2.70061454E-01  4.10434059E-01  4.55028655E-01  3.46692128E-01  2.19351225E-01  1.70066488E-01  2.02706365E-01  3.18574430E-01  4.44012920E-01  4.32221360E-01  2.95884261E-01  1.90522752E-01  1.72045750E-01  2.34682624E-01  3.71202256E-01  4.58864961E-01  3.90417953E-01  2.51632028E-01  1.78511754E-01  1.82160655E-01  2.76057562E-01  4.13802375E-01  4.52121643E-01  3.42601397E-01  2.18144604E-01  1.71462878E-01  2.04310581E-01  3.26762528E-01  4.44211805E-01  4.24241139E-01  2.94336949E-01  1.93708346E-01  1.75476450E-01  2.39696784E-01  3.73492036E-01  4.52807567E-01  3.84904321E-01  2.51883687E-01  1.80335234E-01  1.87617583E-01  2.80797847E-01  4.12802880E-01  4.45065995E-01  3.39868749E-01  2.19911541E-01  1.72131008E-01  2.08854477E-01  3.27723226E-01  4.39195136E-01  4.22802691E-01  2.94161935E-01  1.94554492E-01  1.76268730E-01  2.41832267E-01  3.69661978E-01  4.49060770E-01  3.87900362E-01  2.55593786E-01  1.79163267E-01  1.86248385E-01  2.79072557E-01  4.07296666E-01  4.47841364E-01  3.47518326E-01  2.17667338E-01  1.69153290E-01  2.06912232E-01  3.23872601E-01  4.38536437E-01  4.29004400E-01  2.98823560E-01  1.92439167E-01  1.70877800E-01  2.34149616E-01  3.68149487E-01  4.55303778E-01  3.95822837E-01  2.55951080E-01  1.76049900E-01  1.81750107E-01  2.70370117E-01  4.05395010E-01  4.57936469E-01  3.53169088E-01  2.20752141E-01  1.69420440E-01  1.99686161E-01  3.13748349E-01  4.40628882E-01  4.33942469E-01  3.02820451E-01  1.96860858E-01  1.72281062E-01  2.29894686E-01  3.61724854E-01  4.57166253E-01  3.95035519E-01  2.60024279E-01  1.81522927E-01  1.83774034E-01  2.70100358E-01  4.05196511E-01  4.51584586E-01  3.49884865E-01  2.24658739E-01  1.75170204E-01  2.02516468E-01  3.13755001E-01  4.37462614E-01  4.29908115E-01  3.04422933E-01  2.00543280E-01  1.74637397E-01  2.28910939E-01  3.58690055E-01  4.54227168E-01  3.98158942E-01  2.63430561E-01  1.81214061E-01  1.81626377E-01  2.66836965E-01  4.01936934E-01  4.53263461E-01  3.55494927E-01  2.26943470E-01  1.72651170E-01
  2.26908995E-01  2.00500225E-01  2.60231016E-01  3.60758873E-01  4.04042868E-01  3.56569655E-01  2.71538912E-01  2.06158772E-01  2.08907713E-01  2.98142901E-01  3.90566239E-01  3.98630161E-01  3.25220215E-01  2.43426018E-01  1.98292301E-01  2.32059782E-01  3.34913244E-01  4.04893801E-01  3.76532267E-01  2.95105869E-01  2.21843376E-01  1.98899014E-01  2.62573333E-01  3.66234108E-01  4.05583194E-01  3.54372864E-01  2.71360242E-01  2.06743289E-01  2.09377007E-01  2.98112426E-01  3.88336483E-01  3.93761434E-01  3.30416076E-01  2.47019434E-01  1.95825401E-01  2.28666209E-01  3.31109917E-01  4.01090469E-01  3.82343541E-01  3.04242894E-01  2.24365365E-01  1.95216565E-01  2.55003199E-01  3.57786842E-01  4.11004498E-01  3.66828523E-01  2.76576885E-01  2.05776539E-01  2.04174471E-01  2.82552896E-01  3.80845205E-01  4.05910983E-01  3.47307830E-01  2.51331318E-01  1.95111969E-01  2.23823316E-01  3.13971339E-01  3.95671127E-01  3.96598471E-01  3.14273447E-01  2.24743659E-01  2.01117517E-01  2.53900221E-01  3.42177075E-01  4.01278099E-01  3.74779473E-01  2.81878362E-01  2.11018482E-01  2.13854318E-01  2.83654411E-01  3.68464935E-01  4.01351384E-01  3.43206671E-01  2.52414213E-01  2.04550200E-01  2.29751099E-01  3.16080911E-01  3.92595285E-01  3.85582042E-01  3.08713211E-01  2.33753693E-01  2.04118806E-01  2.55611884E-01  3.49835932E-01  3.99898732E-01  3.57866410E-01  2.81502889E-01  2.17704383E-01  2.14138026E-01  2.86646003E-01  3.77702359E-01  3.94183911E-01  3.36533358E-01  2.56499888E-01  2.01008561E-01  2.28249720E-01  3.23322896E-01  3.92605816E-01  3.84643407E-01  3.14852128E-01  2.29441026E-01  1.96719640E-01  2.54680239E-01  3.51633924E-01  3.98585914E-01  3.71986120E-01  2.89341957E-01  2.06352890E-01  1.98375745E-01  2.84617783E-01  3.77588227E-01  4.02715305E-01  3.51392268E-01  2.60183833E-01  1.84604725E-01  2.10487428E-01  3.23475650E-01  4.03138762E-01  3.96380326E-01  3.26260588E-01  2.22637397E-01  1.74052920E-01  2.44836841E-01  3.60942185E-01  4.06046913E-01  3.82883400E-01  2.94940660E-01  1.94212323E-01  1.80241420E-01  2.85151633E-01  3.88217708E-01  4.09509427E-01  3.57917265E-01  2.59757722E-01  1.73908602E-01  2.04847218E-01  3.29249130E-01  4.08892770E-01  3.98062451E-01  3.25514301E-01  2.24141834E-01  1.72502510E-01  2.44849989E-01  3.60033064E-01  4.08574223E-01  3.79575328E-01  2.96485359E-01  1.97288151E-01  1.86729697E-01  2.81288724E-01  3.88240866E-01  4.09377099E-01  3.52421294E-01  2.58280153E-01  1.86109102E-01  2.13619720E-01  3.21401178E-01  4.01762585E-01  3.95394112E-01  3.20432415E-01  2.25643536E-01  1.87388543E-01  2.48173014E-01  3.54311707E-01  4.06934914E-01  3.72641215E-01  2.87142608E-01  2.06749653E-01  2.00286460E-01  2.86839895E-01  3.79576890E-01  4.01364247E-01  3.44638657E-01  2.54857915E-01  1.94483024E-01  2.25279500E-01  3.18812139E-01  3.95441219E-01  3.88972349E-01  3.13302730E-01  2.25049883E-01  1.97206750E-01  2.55372591E-01  3.51462516E-01  4.04163725E-01  3.68617235E-01  2.79959084E-01  2.07575769E-01  2.08209984E-01  2.89914144E-01  3.78667362E-01  3.99868067E-01  3.35719589E-01  2.47441189E-01  2.02197520E-01  2.31310084E-01  3.26363451E-01  3.98738454E-01  3.81527588E-01  3.02271067E-01
  4.73635438E-01  3.75921022E-01  2.13257500E-01  1.30835508E-01  1.86218879E-01  3.29080305E-01  4.48929097E-01  4.52985578E-01  3.25549072E-01  1.75235869E-01  1.35177256E-01  2.30290064E-01  3.73020115E-01  4.62701523E-01  4.23499339E-01  2.73855545E-01  1.46287407E-01  1.57087845E-01  2.78776890E-01  4.10828802E-01  4.60643602E-01  3.81184308E-01  2.22591335E-01  1.35347791E-01  1.91039227E-01  3.28771610E-01  4.35570224E-01  4.45950988E-01  3.28534773E-01  1.80907560E-01  1.43338551E-01  2.36509386E-01  3.69957058E-01  4.49154228E-01  4.17269385E-01  2.76027341E-01  1.54077767E-01  1.64929405E-01  2.83519227E-01  4.04512643E-01  4.52720191E-01  3.76513450E-01  2.23876380E-01  1.42052801E-01  2.00693953E-01  3.28810939E-01  4.31406554E-01  4.40681874E-01  3.26604524E-01  1.80581823E-01  1.47659205E-01  2.42148039E-01  3.70383473E-01  4.49513452E-01  4.14274965E-01  2.72108702E-01  1.53460751E-01  1.67286744E-01  2.84246739E-01  4.08567030E-01  4.54298994E-01  3.74397811E-01  2.20119918E-01  1.39250193E-01  1.95615787E-01  3.30446267E-01  4.40113171E-01  4.47297597E-01  3.23183169E-01  1.75605478E-01  1.39516199E-01  2.34724334E-01  3.76752395E-01  4.61951268E-01  4.19197817E-01  2.67238568E-01  1.43815095E-01  1.57793482E-01  2.85601334E-01  4.18196999E-01  4.65337672E-01  3.74187457E-01  2.12075262E-01  1.29435444E-01  1.90452727E-01  3.34981904E-01  4.50295196E-01  4.52970241E-01  3.19137137E-01  1.66645113E-01  1.36938381E-01  2.38664263E-01  3.76235220E-01  4.70757025E-01  4.23319309E-01  2.56140139E-01  1.38447052E-01  1.60171946E-01  2.81827507E-01  4.21247845E-01  4.76472062E-01  3.71038564E-01  2.02289095E-01  1.30786556E-01  1.92383476E-01  3.30373794E-01  4.56867518E-01  4.57643504E-01  3.10763894E-01  1.62221464E-01  1.37171505E-01  2.31653569E-01  3.80657078E-01  4.81557537E-01  4.20206473E-01  2.52463584E-01  1.37186087E-01  1.54471795E-01  2.81710404E-01  4.32775340E-01  4.80041488E-01  3.64166946E-01  2.01206018E-01  1.26412355E-01  1.85298461E-01  3.38390040E-01  4.69161747E-01  4.53965098E-01  3.08607195E-01  1.62167304E-01  1.26915582E-01  2.28777226E-01  3.92076763E-01  4.83388163E-01  4.16951580E-01  2.56586866E-01  1.33041975E-01  1.43835781E-01  2.82382646E-01  4.37586427E-01  4.76292597E-01  3.70499379E-01  2.07908126E-01  1.20308360E-01  1.79091878E-01  3.35438322E-01  4.66916307E-01  4.58190930E-01  3.17367148E-01  1.65391061E-01  1.24715446E-01  2.21757958E-01  3.87157727E-01  4.85123653E-01  4.22324939E-01  2.61789817E-01  1.36313646E-01  1.41588248E-01  2.74149647E-01  4.32409375E-01  4.78553418E-01  3.77088831E-01  2.12899913E-01  1.20344517E-01  1.70577159E-01  3.29403429E-01  4.70628363E-01  4.63059586E-01  3.20708843E-01  1.66848963E-01  1.19994936E-01  2.17114152E-01  3.89171393E-01  4.87214225E-01  4.22261043E-01  2.62115003E-01  1.35638258E-01  1.40069332E-01  2.75828254E-01  4.36433245E-01  4.81646933E-01  3.73843207E-01  2.09561324E-01  1.21724823E-01  1.77037369E-01  3.31724227E-01  4.64900398E-01  4.59092728E-01  3.19318776E-01  1.67370800E-01  1.28777009E-01  2.24236626E-01  3.81335746E-01  4.76722139E-01  4.22706229E-01  2.63430493E-01  1.41604712E-01  1.49935016E-01  2.78448890E-01  4.23258405E-01
  3.04468422E-01  3.28777778E-01  3.10928169E-01  2.96930165E-01  2.99364608E-01  2.76934071E-01  2.76709967E-01  3.18876635E-01  3.28716408E-01  3.03252918E-01  2.97975165E-01  2.90901498E-01  2.69856468E-01  2.93217225E-01  3.31148831E-01  3.20140555E-01  2.97511023E-01  2.96356486E-01  2.80462961E-01  2.70883338E-01  3.09741190E-01  3.32690814E-01  3.14697451E-01  2.98164473E-01  2.91769466E-01  2.68335383E-01  2.80176905E-01  3.22195043E-01  3.32148486E-01  3.09340210E-01  2.98833400E-01  2.82756737E-01  2.64877335E-01  2.95804868E-01  3.31085758E-01  3.26502707E-01  3.04157181E-01  2.94538260E-01  2.72721649E-01  2.69550986E-01  3.08103143E-01  3.35689968E-01  3.20165539E-01  2.98537126E-01  2.86154864E-01  2.66881473E-01  2.78083405E-01  3.22745891E-01  3.39470513E-01  3.10895551E-01  2.91478867E-01  2.79582313E-01  2.64159335E-01  2.92181391E-01  3.39114305E-01  3.33726254E-01  3.02180289E-01  2.87251159E-01  2.69880671E-01  2.67834715E-01  3.11421165E-01  3.43518824E-01  3.23114937E-01  2.96524235E-01  2.81494168E-01  2.62415709E-01  2.80045633E-01  3.27419814E-01  3.40837128E-01  3.12255735E-01  2.92194780E-01  2.76208855E-01  2.64369009E-01  2.94201702E-01  3.36142589E-01  3.32620747E-01  3.04968602E-01  2.88410157E-01  2.67316665E-01  2.68224155E-01  3.08632797E-01  3.40677324E-01  3.26348036E-01  3.02514375E-01  2.81121622E-01  2.57976778E-01  2.75976201E-01  3.26037340E-01  3.39700898E-01  3.16757533E-01  2.97444976E-01  2.73471673E-01  2.57016581E-01  2.94820046E-01  3.35241884E-01  3.31714241E-01  3.10735205E-01  2.91259546E-01  2.63119709E-01  2.64929699E-01  3.11998999E-01  3.37173863E-01  3.24511136E-01  3.08146141E-01  2.82241818E-01  2.56193908E-01  2.76890240E-01  3.25092943E-01  3.40940995E-01  3.18598820E-01  2.98722369E-01  2.73089106E-01  2.56994449E-01  2.90098209E-01  3.37609027E-01  3.35451113E-01  3.10056998E-01  2.92773989E-01  2.64837974E-01  2.60889345E-01  3.09997017E-01  3.43675599E-01  3.23357602E-01  3.02737767E-01  2.84123300E-01  2.58914339E-01  2.76633396E-01  3.25051197E-01  3.37300759E-01  3.15288456E-01  2.97805517E-01  2.75110714E-01  2.62650009E-01  2.93788593E-01  3.34610611E-01  3.27702698E-01  3.01234352E-01  2.93066855E-01  2.74325284E-01  2.70251386E-01  3.07753315E-01  3.35291164E-01  3.14530154E-01  2.98233639E-01  2.94365250E-01  2.71645720E-01  2.79122263E-01  3.20930977E-01  3.26690249E-01  3.03117149E-01  2.99771568E-01  2.90532301E-01  2.69309507E-01  2.92184738E-01  3.29357524E-01  3.19792339E-01  2.98091533E-01  2.98077803E-01  2.84060953E-01  2.72044283E-01  3.04842832E-01  3.29417312E-01  3.11394151E-01  2.97262437E-01  2.99224734E-01  2.75871732E-01  2.77128907E-01  3.17611366E-01  3.26353586E-01  3.03424319E-01  2.98748754E-01  2.94769697E-01  2.71936133E-01  2.90923896E-01  3.25750596E-01  3.18167613E-01  2.97599478E-01  2.99971174E-01  2.88107693E-01  2.73160144E-01  3.02931460E-01  3.28202894E-01  3.10060676E-01  2.96177008E-01  2.98130150E-01  2.80195391E-01  2.81704708E-01  3.15328948E-01  3.22941092E-01  3.01596913E-01  2.98689222E-01  2.94413319E-01  2.75232003E-01  2.92139222E-01  3.23793646E-01  3.17764007E-01  2.97412679E-01  2.99576208E-01  2.86904135E-01  2.73481601E-01
