# PIMCID: 70e3a439-024d-4062-bf5b-0640e6b539fb
#      0.000E+00       5.000E-01       1.000E+00       1.500E+00       2.000E+00       2.500E+00       3.000E+00       3.500E+00       4.000E+00       4.500E+00       5.000E+00       5.500E+00       6.000E+00       6.500E+00       7.000E+00       7.500E+00       8.000E+00       8.500E+00       9.000E+00       9.500E+00       1.000E+01       1.050E+01       1.100E+01       1.150E+01       1.200E+01       1.250E+01       1.300E+01       1.350E+01       1.400E+01       1.450E+01       1.500E+01       1.550E+01       1.600E+01       1.650E+01       1.700E+01       1.750E+01       1.800E+01       1.850E+01       1.900E+01       1.950E+01       2.000E+01       2.050E+01       2.100E+01       2.150E+01       2.200E+01       2.250E+01       2.300E+01       2.350E+01       2.400E+01       2.450E+01       2.500E+01       2.550E+01       2.600E+01       2.650E+01       2.700E+01       2.750E+01       2.800E+01       2.850E+01       2.900E+01       2.950E+01       3.000E+01       3.050E+01       3.100E+01       3.150E+01       3.200E+01       3.250E+01       3.300E+01       3.350E+01       3.400E+01       3.450E+01       3.500E+01       3.550E+01       3.600E+01       3.650E+01       3.700E+01       3.750E+01       3.800E+01       3.850E+01       3.900E+01       3.950E+01       4.000E+01       4.050E+01       4.100E+01       4.150E+01       4.200E+01       4.250E+01       4.300E+01       4.350E+01       4.400E+01       4.450E+01       4.500E+01       4.550E+01       4.600E+01       4.650E+01       4.700E+01       4.750E+01       4.800E+01       4.850E+01       4.900E+01       4.950E+01       5.000E+01       5.050E+01       5.100E+01       5.150E+01       5.200E+01       5.250E+01       5.300E+01       5.350E+01       5.400E+01       5.450E+01       5.500E+01       5.550E+01       5.600E+01       5.650E+01       5.700E+01       5.750E+01       5.800E+01       5.850E+01       5.900E+01       5.950E+01       6.000E+01       6.050E+01       6.100E+01       6.150E+01       6.200E+01       6.250E+01       6.300E+01       6.350E+01       6.400E+01       6.450E+01       6.500E+01       6.550E+01       6.600E+01       6.650E+01       6.700E+01       6.750E+01       6.800E+01       6.850E+01       6.900E+01       6.950E+01       7.000E+01       7.050E+01       7.100E+01       7.150E+01       7.200E+01       7.250E+01       7.300E+01       7.350E+01       7.400E+01       7.450E+01       7.500E+01       7.550E+01       7.600E+01       7.650E+01       7.700E+01       7.750E+01       7.800E+01       7.850E+01       7.900E+01       7.950E+01       8.000E+01       8.050E+01       8.100E+01       8.150E+01       8.200E+01       8.250E+01       8.300E+01       8.350E+01       8.400E+01       8.450E+01       8.500E+01       8.550E+01       8.600E+01       8.650E+01       8.700E+01       8.750E+01       8.800E+01       8.850E+01       8.900E+01       8.950E+01       9.000E+01       9.050E+01       9.100E+01       9.150E+01       9.200E+01       9.250E+01       9.300E+01       9.350E+01       9.400E+01       9.450E+01       9.500E+01       9.550E+01       9.600E+01       9.650E+01       9.700E+01       9.750E+01       9.800E+01       9.850E+01       9.900E+01       9.950E+01
  2.70649754E-01  2.33727557E-01  2.59743297E-01  3.13778847E-01  3.51323087E-01  3.53851532E-01  3.11694863E-01  2.53115444E-01  2.37839924E-01  2.78124576E-01  3.30002719E-01  3.56100940E-01  3.43343257E-01  2.89635349E-01  2.40724466E-01  2.48114103E-01  2.98764051E-01  3.44016697E-01  3.55001486E-01  3.27615625E-01  2.68780620E-01  2.37652463E-01  2.65741029E-01  3.16808967E-01  3.51538298E-01  3.49440627E-01  3.05818082E-01  2.52616421E-01  2.44648979E-01  2.83029030E-01  3.29784543E-01  3.52408500E-01  3.40571644E-01  2.89640005E-01  2.42835525E-01  2.50844122E-01  2.99520629E-01  3.38776876E-01  3.53173041E-01  3.30113572E-01  2.71890322E-01  2.37507596E-01  2.64152823E-01  3.13840376E-01  3.45153500E-01  3.52419611E-01  3.14228176E-01  2.54953092E-01  2.38955936E-01  2.79285399E-01  3.22016832E-01  3.53819511E-01  3.48289972E-01  2.95377982E-01  2.41803367E-01  2.46397388E-01  2.91566029E-01  3.38383661E-01  3.62751297E-01  3.36810316E-01  2.72307370E-01  2.30797216E-01  2.54154856E-01  3.11223067E-01  3.55830091E-01  3.57531268E-01  3.14618487E-01  2.52030768E-01  2.31121638E-01  2.72352025E-01  3.32950548E-01  3.60951087E-01  3.48396407E-01  2.94707619E-01  2.37554514E-01  2.35676744E-01  2.91773565E-01  3.45810038E-01  3.64085247E-01  3.34445792E-01  2.74397131E-01  2.29907861E-01  2.51111903E-01  3.09544024E-01  3.55286255E-01  3.60674956E-01  3.15142537E-01  2.54261009E-01  2.32841693E-01  2.67319882E-01  3.23975949E-01  3.68395427E-01  3.53666869E-01  2.92353900E-01  2.40326525E-01  2.40530823E-01  2.84455822E-01  3.42932877E-01  3.74213227E-01  3.32970652E-01  2.68578404E-01  2.35744354E-01  2.50740281E-01  3.04105702E-01  3.65147723E-01  3.66349522E-01  3.09218610E-01  2.52821509E-01  2.31485478E-01  2.61213396E-01  3.29221047E-01  3.75759419E-01  3.52048107E-01  2.89010778E-01  2.40515877E-01  2.34617256E-01  2.80704912E-01  3.48658859E-01  3.76696536E-01  3.32456483E-01  2.70418578E-01  2.34134342E-01  2.45720140E-01  3.00610902E-01  3.62202376E-01  3.67638916E-01  3.12700374E-01  2.56162720E-01  2.32901736E-01  2.59222679E-01  3.24931826E-01  3.72906396E-01  3.50986798E-01  2.90459155E-01  2.44162148E-01  2.37493686E-01  2.82670086E-01  3.50865787E-01  3.69717747E-01  3.26272175E-01  2.70489935E-01  2.37238047E-01  2.48357540E-01  3.10276900E-01  3.65118869E-01  3.58188641E-01  3.04692160E-01  2.53911594E-01  2.35040400E-01  2.68868344E-01  3.35186474E-01  3.69780761E-01  3.39857916E-01  2.81732508E-01  2.42431840E-01  2.42269771E-01  2.95762791E-01  3.55157204E-01  3.61750264E-01  3.18287352E-01  2.67106467E-01  2.37443154E-01  2.56216436E-01  3.17061636E-01  3.60687699E-01  3.51372677E-01  3.02977607E-01  2.53699746E-01  2.37267116E-01  2.76087020E-01  3.33902786E-01  3.62047583E-01  3.37617091E-01  2.88253448E-01  2.41850568E-01  2.42950179E-01  2.95337472E-01  3.48693437E-01  3.56661114E-01  3.25950287E-01  2.71741624E-01  2.34859957E-01  2.56722432E-01  3.16606846E-01  3.55754877E-01  3.51916606E-01  3.10317071E-01  2.52455734E-01  2.34448979E-01  2.75860336E-01  3.32571954E-01  3.61880645E-01  3.45539801E-01  2.90188997E-01  2.38830021E-01  2.42225771E-01  2.94581960E-01  3.44702660E-01  3.60019483E-01  3.30777193E-01
  3.80106506E-01  2.43058133E-01  1.48616472E-01  1.76192264E-01  3.10154345E-01  4.35806209E-01  4.45434236E-01  3.35372336E-01  2.01990633E-01  1.44440647E-01  2.12707360E-01  3.60007779E-01  4.54179692E-01  4.15383025E-01  2.87915639E-01  1.72667175E-01  1.53761235E-01  2.60387224E-01  4.01787400E-01  4.51788182E-01  3.78530619E-01  2.48530834E-01  1.53980080E-01  1.78054358E-01  3.09667066E-01  4.29871375E-01  4.39732118E-01  3.38561642E-01  2.08419580E-01  1.46823966E-01  2.12446243E-01  3.56439284E-01  4.48605867E-01  4.14206648E-01  2.94634473E-01  1.77458085E-01  1.52842410E-01  2.55572672E-01  4.01131138E-01  4.51655824E-01  3.80647423E-01  2.49568643E-01  1.56110162E-01  1.73900364E-01  3.04776897E-01  4.31160788E-01  4.44826037E-01  3.40092933E-01  2.10825832E-01  1.47086525E-01  2.06131343E-01  3.49838554E-01  4.54002847E-01  4.22567957E-01  2.94914762E-01  1.75616490E-01  1.51275080E-01  2.49281977E-01  3.98787055E-01  4.60419971E-01  3.84375652E-01  2.48678191E-01  1.53775922E-01  1.66915943E-01  3.00874601E-01  4.36940423E-01  4.46907080E-01  3.39538074E-01  2.09093484E-01  1.46168232E-01  2.04453523E-01  3.52299535E-01  4.56518076E-01  4.21697459E-01  2.90179076E-01  1.76166117E-01  1.51264054E-01  2.49961944E-01  4.02316945E-01  4.63472832E-01  3.82536361E-01  2.44938830E-01  1.52170289E-01  1.70445297E-01  3.06431104E-01  4.40450326E-01  4.49816057E-01  3.36637477E-01  2.03134645E-01  1.40820326E-01  2.07916489E-01  3.60960697E-01  4.61915160E-01  4.22157225E-01  2.85367006E-01  1.66926698E-01  1.47085056E-01  2.56897957E-01  4.10748505E-01  4.64832353E-01  3.79116458E-01  2.39976872E-01  1.44450750E-01  1.69624104E-01  3.13021000E-01  4.47455064E-01  4.45782014E-01  3.30040742E-01  1.99184538E-01  1.39529226E-01  2.07937917E-01  3.69189149E-01  4.64817885E-01  4.13145799E-01  2.84119294E-01  1.68730548E-01  1.46483497E-01  2.56662894E-01  4.12346669E-01  4.60881054E-01  3.78217789E-01  2.41464675E-01  1.47562114E-01  1.72710767E-01  3.12648328E-01  4.39940871E-01  4.44748808E-01  3.35924946E-01  2.02454246E-01  1.41903590E-01  2.13364705E-01  3.64252135E-01  4.56045072E-01  4.14955359E-01  2.85969028E-01  1.71629990E-01  1.54629792E-01  2.66120408E-01  4.07849605E-01  4.51815810E-01  3.71162206E-01  2.43672374E-01  1.53855509E-01  1.80703734E-01  3.16943281E-01  4.33440180E-01  4.33164677E-01  3.32892039E-01  2.07089676E-01  1.48020203E-01  2.19067663E-01  3.62995958E-01  4.45694362E-01  4.10388163E-01  2.92388679E-01  1.74140205E-01  1.54881628E-01  2.64303955E-01  4.00659961E-01  4.49364102E-01  3.79641173E-01  2.46859947E-01  1.52038070E-01  1.77792873E-01  3.13647335E-01  4.32273418E-01  4.37614589E-01  3.37904899E-01  2.04207525E-01  1.41201837E-01  2.14583022E-01  3.60767846E-01  4.51386115E-01  4.17572013E-01  2.90092670E-01  1.69641285E-01  1.51274245E-01  2.60935070E-01  4.04451555E-01  4.56183092E-01  3.80162005E-01  2.43394959E-01  1.48622900E-01  1.77249684E-01  3.12183287E-01  4.35932680E-01  4.44727375E-01  3.35809009E-01  2.01984118E-01  1.44804347E-01  2.14701537E-01  3.58630923E-01  4.53637188E-01  4.17904610E-01  2.89565293E-01  1.70957238E-01  1.52636574E-01  2.58887707E-01  4.04383287E-01  4.57687197E-01
  2.67718435E-01  2.99429812E-01  3.20000484E-01  3.19858118E-01  3.18461746E-01  2.98458653E-01  2.66262802E-01  2.73840878E-01  3.08173369E-01  3.22494885E-01  3.20872621E-01  3.16845735E-01  2.84071890E-01  2.60905536E-01  2.87523054E-01  3.18383462E-01  3.22723084E-01  3.19688614E-01  3.08945805E-01  2.72199082E-01  2.64333376E-01  2.97910860E-01  3.21885405E-01  3.23588667E-01  3.21258172E-01  2.97640016E-01  2.62554678E-01  2.69780002E-01  3.06424748E-01  3.25052939E-01  3.23811053E-01  3.15854052E-01  2.85844332E-01  2.59502532E-01  2.79870321E-01  3.17251358E-01  3.23026178E-01  3.20288800E-01  3.10100484E-01  2.75998876E-01  2.64406139E-01  2.95461251E-01  3.20371385E-01  3.18311394E-01  3.17465170E-01  2.99685358E-01  2.66103371E-01  2.75084935E-01  3.06833862E-01  3.20828526E-01  3.16367007E-01  3.16848009E-01  2.88618908E-01  2.59890806E-01  2.83784128E-01  3.19090405E-01  3.20864446E-01  3.16056163E-01  3.13112701E-01  2.74501314E-01  2.59203715E-01  2.99411742E-01  3.23357101E-01  3.15986852E-01  3.14819720E-01  3.03106467E-01  2.67519063E-01  2.70058946E-01  3.07361247E-01  3.21930455E-01  3.16874129E-01  3.16526296E-01  2.90577686E-01  2.62623996E-01  2.80785404E-01  3.16444280E-01  3.22581546E-01  3.18916704E-01  3.08688071E-01  2.78150800E-01  2.65086679E-01  2.95653053E-01  3.21606079E-01  3.19137838E-01  3.15324196E-01  3.00149559E-01  2.71156980E-01  2.72872095E-01  3.07100682E-01  3.20878312E-01  3.13911670E-01  3.10563192E-01  2.89913435E-01  2.68784323E-01  2.87863434E-01  3.15234381E-01  3.16380597E-01  3.13171613E-01  3.08016238E-01  2.79848109E-01  2.70243597E-01  2.97900790E-01  3.19238365E-01  3.14603168E-01  3.12169368E-01  2.99958542E-01  2.71988832E-01  2.74406513E-01  3.10423975E-01  3.22033226E-01  3.11005161E-01  3.10931607E-01  2.92476548E-01  2.65352919E-01  2.84542948E-01  3.17235349E-01  3.18240097E-01  3.11646023E-01  3.11951587E-01  2.79679588E-01  2.66145306E-01  2.96423422E-01  3.19023618E-01  3.15909101E-01  3.19230756E-01  3.04047467E-01  2.67112860E-01  2.70421679E-01  3.07086443E-01  3.19906047E-01  3.17977847E-01  3.24697995E-01  2.92685843E-01  2.55966813E-01  2.80880569E-01  3.17193153E-01  3.21042228E-01  3.23283807E-01  3.17072440E-01  2.73595515E-01  2.54888853E-01  2.93911460E-01  3.22963254E-01  3.22243783E-01  3.25804691E-01  3.03831545E-01  2.58572750E-01  2.63566984E-01  3.08220343E-01  3.27051662E-01  3.21695808E-01  3.19157434E-01  2.88230061E-01  2.56322851E-01  2.79202448E-01  3.19961954E-01  3.23734261E-01  3.18501860E-01  3.13562092E-01  2.77763004E-01  2.59270342E-01  2.95277086E-01  3.25540685E-01  3.17541027E-01  3.17552524E-01  3.04892523E-01  2.64194172E-01  2.70694404E-01  3.11987125E-01  3.21384097E-01  3.14254886E-01  3.20384699E-01  2.89815063E-01  2.59526687E-01  2.87200211E-01  3.19035636E-01  3.14653092E-01  3.18443381E-01  3.14392536E-01  2.74998452E-01  2.65210764E-01  2.99726214E-01  3.19452956E-01  3.18374932E-01  3.18095191E-01  3.00668376E-01  2.64189252E-01  2.74907351E-01  3.14077553E-01  3.23011928E-01  3.16001624E-01  3.14510847E-01  2.85461738E-01  2.63001658E-01  2.88595839E-01  3.19309846E-01  3.20939060E-01  3.16168544E-01  3.06978472E-01  2.75264139E-01
  1.98093961E-01  2.69543445E-01  3.62155287E-01  3.96053568E-01  3.60663061E-01  2.74768362E-01  2.01988336E-01  2.16017863E-01  3.04901353E-01  3.82316215E-01  3.91331455E-01  3.32604453E-01  2.40160122E-01  1.96129152E-01  2.42672216E-01  3.40816744E-01  3.94684259E-01  3.74694366E-01  2.99742924E-01  2.17944449E-01  1.99476547E-01  2.76677223E-01  3.70011928E-01  3.96249709E-01  3.51004276E-01  2.65185620E-01  2.00127717E-01  2.19516442E-01  3.13823796E-01  3.86953703E-01  3.89392456E-01  3.24354159E-01  2.35669651E-01  1.95535792E-01  2.47229509E-01  3.43092009E-01  3.98993365E-01  3.74904322E-01  2.92490193E-01  2.12500138E-01  2.01639907E-01  2.79275861E-01  3.67722391E-01  3.99839655E-01  3.54810229E-01  2.62381521E-01  1.95587217E-01  2.16841474E-01  3.08629160E-01  3.88484029E-01  3.97618051E-01  3.28633772E-01  2.32771718E-01  1.90369371E-01  2.38773616E-01  3.41422542E-01  4.08427619E-01  3.82335506E-01  2.94017463E-01  2.09660352E-01  1.94902067E-01  2.70689691E-01  3.73092368E-01  4.10813034E-01  3.55108369E-01  2.59437938E-01  1.95537550E-01  2.13356865E-01  3.05340219E-01  3.98109230E-01  4.01906964E-01  3.21401219E-01  2.31260213E-01  1.93597933E-01  2.37483671E-01  3.38584941E-01  4.10820072E-01  3.83171793E-01  2.89700259E-01  2.12517994E-01  2.01608407E-01  2.67175820E-01  3.66503172E-01  4.12148428E-01  3.56891961E-01  2.58816618E-01  2.01917932E-01  2.18292245E-01  2.98790404E-01  3.87916223E-01  4.01983394E-01  3.26200151E-01  2.36349127E-01  2.01702893E-01  2.37399670E-01  3.28514074E-01  4.04284356E-01  3.84630721E-01  2.91818606E-01  2.18970911E-01  2.08891442E-01  2.63086015E-01  3.58670561E-01  4.08335256E-01  3.55849657E-01  2.64948295E-01  2.09140651E-01  2.17583095E-01  2.92455169E-01  3.87035360E-01  4.02512808E-01  3.27741922E-01  2.40265962E-01  2.01527830E-01  2.35237422E-01  3.25977877E-01  4.01911362E-01  3.88713345E-01  3.00058992E-01  2.16794808E-01  1.99434121E-01  2.59122748E-01  3.55392905E-01  4.11515477E-01  3.70162202E-01  2.67940535E-01  2.00135824E-01  2.10264465E-01  2.89280448E-01  3.82862446E-01  4.09517834E-01  3.39521596E-01  2.39179064E-01  1.94036549E-01  2.31165287E-01  3.21777948E-01  3.99069983E-01  3.95426126E-01  3.07978155E-01  2.15618747E-01  1.97580116E-01  2.60245359E-01  3.51888280E-01  4.06741417E-01  3.74747456E-01  2.73784881E-01  1.98814605E-01  2.12907044E-01  2.90043066E-01  3.75810570E-01  4.10294794E-01  3.45499076E-01  2.40004816E-01  1.94803894E-01  2.33976966E-01  3.20977412E-01  3.98683832E-01  3.96744671E-01  3.03930950E-01  2.15994164E-01  2.00868188E-01  2.61207339E-01  3.57837670E-01  4.09935804E-01  3.63607324E-01  2.67099849E-01  2.03949701E-01  2.17290696E-01  2.96539111E-01  3.80181136E-01  3.97395680E-01  3.33028824E-01  2.43651763E-01  1.99878224E-01  2.35381532E-01  3.27193787E-01  3.99108718E-01  3.85001403E-01  3.03428707E-01  2.20735209E-01  2.01483843E-01  2.61882293E-01  3.55281501E-01  4.03601511E-01  3.64982896E-01  2.73703983E-01  2.04562464E-01  2.11100785E-01  2.93573204E-01  3.81780940E-01  4.01004633E-01  3.38342477E-01  2.43175788E-01  1.93330293E-01  2.35410381E-01  3.30959562E-01  3.95728325E-01  3.83481006E-01  3.07419147E-01  2.17801544E-01
  3.20693168E-01  2.58373461E-01  2.40825193E-01  2.54708214E-01  3.05237282E-01  3.71134095E-01  3.69687276E-01  2.95950785E-01  2.43964420E-01  2.39662486E-01  2.66168210E-01  3.31976063E-01  3.84802605E-01  3.46994712E-01  2.72865784E-01  2.37576409E-01  2.44406834E-01  2.86665219E-01  3.56516406E-01  3.80006551E-01  3.21489786E-01  2.55799327E-01  2.35211594E-01  2.51169018E-01  3.09985188E-01  3.75826710E-01  3.65882920E-01  2.94451863E-01  2.44098280E-01  2.37755667E-01  2.66684675E-01  3.34969613E-01  3.81957407E-01  3.46340898E-01  2.72787696E-01  2.38503771E-01  2.43334300E-01  2.84999354E-01  3.56048243E-01  3.79224722E-01  3.21535688E-01  2.58196950E-01  2.34942683E-01  2.50943902E-01  3.06782894E-01  3.70699018E-01  3.67085064E-01  2.99846682E-01  2.46077201E-01  2.37469948E-01  2.66544668E-01  3.29699111E-01  3.78411233E-01  3.49166084E-01  2.76594693E-01  2.39103262E-01  2.44632248E-01  2.85545854E-01  3.51556180E-01  3.77025891E-01  3.23494941E-01  2.60463310E-01  2.39350981E-01  2.55585819E-01  3.06842115E-01  3.67608389E-01  3.63858995E-01  2.99583884E-01  2.46874329E-01  2.41298643E-01  2.69778476E-01  3.30010099E-01  3.77130312E-01  3.43858667E-01  2.73981701E-01  2.41181908E-01  2.50500755E-01  2.88436704E-01  3.55604969E-01  3.76596841E-01  3.14299298E-01  2.52958633E-01  2.40320541E-01  2.61290140E-01  3.14693241E-01  3.76358917E-01  3.58252091E-01  2.85033657E-01  2.41646517E-01  2.45235970E-01  2.80136887E-01  3.44787516E-01  3.77504452E-01  3.29631600E-01  2.60910618E-01  2.40382225E-01  2.57860826E-01  3.02028278E-01  3.59879550E-01  3.66404887E-01  3.04329458E-01  2.49818817E-01  2.45159490E-01  2.73253718E-01  3.22754662E-01  3.68057210E-01  3.47758154E-01  2.81252407E-01  2.43979225E-01  2.53177211E-01  2.88760958E-01  3.43066801E-01  3.68095183E-01  3.22815391E-01  2.63234443E-01  2.45146981E-01  2.63355788E-01  3.04369259E-01  3.57483249E-01  3.59865588E-01  3.00223333E-01  2.52697806E-01  2.50650115E-01  2.73181169E-01  3.18711697E-01  3.64914145E-01  3.47791847E-01  2.83086224E-01  2.48382110E-01  2.54360225E-01  2.85001047E-01  3.35558111E-01  3.66784524E-01  3.27717623E-01  2.67489251E-01  2.47307382E-01  2.61593677E-01  2.96377337E-01  3.50554372E-01  3.61216487E-01  3.08180930E-01  2.58527876E-01  2.49359535E-01  2.67475903E-01  3.12371913E-01  3.61900451E-01  3.48952836E-01  2.89989852E-01  2.53735431E-01  2.52917576E-01  2.73889025E-01  3.30760756E-01  3.67479980E-01  3.32089076E-01  2.75554372E-01  2.51734615E-01  2.54085047E-01  2.88810595E-01  3.50246912E-01  3.63130548E-01  3.13831733E-01  2.63625198E-01  2.48319098E-01  2.60625939E-01  3.10030929E-01  3.61239113E-01  3.52625829E-01  2.95279054E-01  2.53010507E-01  2.48858235E-01  2.71443296E-01  3.30643043E-01  3.70517084E-01  3.35494343E-01  2.75679995E-01  2.48770823E-01  2.51922534E-01  2.85734665E-01  3.50664627E-01  3.67828670E-01  3.13362816E-01  2.62009868E-01  2.48434892E-01  2.58608431E-01  3.07250567E-01  3.64429884E-01  3.55495252E-01  2.94967751E-01  2.53172000E-01  2.47938044E-01  2.68811661E-01  3.26564262E-01  3.72998154E-01  3.41406024E-01  2.74266758E-01  2.47581572E-01  2.49826517E-01  2.82974422E-01  3.49062935E-01  3.75914631E-01
  2.64933255E-01  2.98778027E-01  3.36151480E-01  3.45923637E-01  3.17820911E-01  2.70989859E-01  2.51273857E-01  2.72569048E-01  3.12682008E-01  3.40857313E-01  3.39365457E-01  3.04981824E-01  2.63476394E-01  2.58546133E-01  2.84826526E-01  3.17195612E-01  3.43654122E-01  3.35085944E-01  2.89806825E-01  2.58312412E-01  2.66545804E-01  2.92297896E-01  3.23536578E-01  3.46870659E-01  3.24966886E-01  2.77829283E-01  2.60635253E-01  2.72437982E-01  2.97523732E-01  3.32985365E-01  3.44695589E-01  3.10675048E-01  2.72131304E-01  2.62693678E-01  2.75163196E-01  3.09343201E-01  3.42403188E-01  3.38257232E-01  2.99658227E-01  2.66835149E-01  2.62282533E-01  2.82448005E-01  3.19545871E-01  3.48470733E-01  3.30116893E-01  2.84243838E-01  2.62255763E-01  2.68386901E-01  2.93268609E-01  3.32982446E-01  3.45855460E-01  3.16326078E-01  2.75177201E-01  2.60606108E-01  2.74778539E-01  3.06019661E-01  3.41845558E-01  3.40136020E-01  2.99533265E-01  2.65151276E-01  2.63540071E-01  2.84803550E-01  3.25263815E-01  3.44259504E-01  3.24201352E-01  2.85016557E-01  2.63543847E-01  2.66603252E-01  2.99197398E-01  3.35810271E-01  3.38630646E-01  3.09160432E-01  2.75358285E-01  2.60817189E-01  2.75752646E-01  3.12940525E-01  3.40227262E-01  3.31960722E-01  2.97186326E-01  2.66531797E-01  2.62234614E-01  2.84739137E-01  3.25139155E-01  3.42294073E-01  3.22700634E-01  2.86421934E-01  2.61295095E-01  2.64309671E-01  2.96898605E-01  3.34784372E-01  3.41285395E-01  3.11426656E-01  2.74302164E-01  2.59721381E-01  2.75309047E-01  3.10566504E-01  3.40232209E-01  3.33354827E-01  2.98686444E-01  2.67477960E-01  2.62198976E-01  2.86942550E-01  3.22946271E-01  3.41424141E-01  3.22361662E-01  2.85948125E-01  2.61543104E-01  2.68460190E-01  3.00017810E-01  3.33394921E-01  3.34567409E-01  3.08674555E-01  2.77350593E-01  2.60704364E-01  2.75852059E-01  3.13503235E-01  3.37554806E-01  3.27957490E-01  2.99290687E-01  2.66999157E-01  2.58772687E-01  2.86778237E-01  3.26409828E-01  3.41493251E-01  3.22737291E-01  2.86079167E-01  2.56251852E-01  2.64438782E-01  3.03022167E-01  3.36503212E-01  3.38828603E-01  3.11885223E-01  2.71273124E-01  2.55248649E-01  2.78137335E-01  3.16559452E-01  3.40796933E-01  3.33543937E-01  2.97585528E-01  2.60974137E-01  2.62391952E-01  2.94080119E-01  3.24746617E-01  3.39756454E-01  3.23813395E-01  2.81874820E-01  2.58217064E-01  2.73380383E-01  3.03944345E-01  3.33127387E-01  3.41677136E-01  3.08989149E-01  2.67207786E-01  2.57580326E-01  2.83819799E-01  3.17433695E-01  3.39555628E-01  3.34202207E-01  2.94179828E-01  2.58084566E-01  2.61273895E-01  2.97771885E-01  3.30299162E-01  3.41413591E-01  3.19556347E-01  2.77063286E-01  2.52783337E-01  2.75712555E-01  3.13719359E-01  3.37017448E-01  3.35366237E-01  3.04721048E-01  2.62423200E-01  2.55992272E-01  2.91743180E-01  3.26022645E-01  3.42239581E-01  3.28736485E-01  2.85738907E-01  2.51250683E-01  2.66607293E-01  3.05380643E-01  3.36063942E-01  3.44103180E-01  3.17547925E-01  2.67116523E-01  2.50485884E-01  2.81439426E-01  3.14185518E-01  3.41201132E-01  3.41990072E-01  2.99830160E-01  2.55725587E-01  2.58231935E-01  2.90664143E-01  3.22926581E-01  3.46061817E-01  3.31372040E-01  2.83473222E-01  2.53541739E-01
  3.18918553E-01  3.50413825E-01  3.51397122E-01  3.01205577E-01  2.48204426E-01  2.43716658E-01  2.84055054E-01  3.29684030E-01  3.56102327E-01  3.39852935E-01  2.83016991E-01  2.42300913E-01  2.54195875E-01  2.98706162E-01  3.42507745E-01  3.57000455E-01  3.23061551E-01  2.66589680E-01  2.39536188E-01  2.64832086E-01  3.14731156E-01  3.53054041E-01  3.50137875E-01  3.06300426E-01  2.52694884E-01  2.40243920E-01  2.78215770E-01  3.30700773E-01  3.60355628E-01  3.42273275E-01  2.87863809E-01  2.39954291E-01  2.47784693E-01  2.98681966E-01  3.44409815E-01  3.58693126E-01  3.25636554E-01  2.67547400E-01  2.35511918E-01  2.63066340E-01  3.15454202E-01  3.55997113E-01  3.56175338E-01  3.05386080E-01  2.47690061E-01  2.39181868E-01  2.78132953E-01  3.35317578E-01  3.63836406E-01  3.41813315E-01  2.80176252E-01  2.38130690E-01  2.47471824E-01  2.98881204E-01  3.50271815E-01  3.64869077E-01  3.24790922E-01  2.58854158E-01  2.35430518E-01  2.63313727E-01  3.15138227E-01  3.60682887E-01  3.58965350E-01  2.99099109E-01  2.46624368E-01  2.42850340E-01  2.76829688E-01  3.32158757E-01  3.69026025E-01  3.43065222E-01  2.77226796E-01  2.42986823E-01  2.48322105E-01  2.89222736E-01  3.49681151E-01  3.69426226E-01  3.19228175E-01  2.64344462E-01  2.42390710E-01  2.56292077E-01  3.11194929E-01  3.63142590E-01  3.54612638E-01  2.98840427E-01  2.55048575E-01  2.43593410E-01  2.73638410E-01  3.31888095E-01  3.63789374E-01  3.37011613E-01  2.82249522E-01  2.48770109E-01  2.51365430E-01  2.92300507E-01  3.45605237E-01  3.60662731E-01  3.16037904E-01  2.66223232E-01  2.46835890E-01  2.65274843E-01  3.13194191E-01  3.56727606E-01  3.51929979E-01  2.93809941E-01  2.50559775E-01  2.48866136E-01  2.82161847E-01  3.34106036E-01  3.64878987E-01  3.30873841E-01  2.72900639E-01  2.46592250E-01  2.53638244E-01  2.96956199E-01  3.54643055E-01  3.63239032E-01  3.09688028E-01  2.58492199E-01  2.42781391E-01  2.64388722E-01  3.21495485E-01  3.68058199E-01  3.48466932E-01  2.87368289E-01  2.47005985E-01  2.44347891E-01  2.80458133E-01  3.42612912E-01  3.71024734E-01  3.31508270E-01  2.69238724E-01  2.38942517E-01  2.52680597E-01  3.04240057E-01  3.58849154E-01  3.63722278E-01  3.08149312E-01  2.51437368E-01  2.39884811E-01  2.69990653E-01  3.23112099E-01  3.66129719E-01  3.48820761E-01  2.86686694E-01  2.41636385E-01  2.47857102E-01  2.90178701E-01  3.43023405E-01  3.63685097E-01  3.28504791E-01  2.67535779E-01  2.37865338E-01  2.59714547E-01  3.10453405E-01  3.52698033E-01  3.57251979E-01  3.12006506E-01  2.51943897E-01  2.36661972E-01  2.77153065E-01  3.28467696E-01  3.57052104E-01  3.46587112E-01  2.90805752E-01  2.40284206E-01  2.44644331E-01  2.95102881E-01  3.43937288E-01  3.58055772E-01  3.31829365E-01  2.72141381E-01  2.31651622E-01  2.57026910E-01  3.15472350E-01  3.53524843E-01  3.53445604E-01  3.15792265E-01  2.52023553E-01  2.33874501E-01  2.75589115E-01  3.31595286E-01  3.56689466E-01  3.46447206E-01  2.95984404E-01  2.38403523E-01  2.42369107E-01  2.93452975E-01  3.38929486E-01  3.57022371E-01  3.38104903E-01  2.75806964E-01  2.34345599E-01  2.58361647E-01  3.07115937E-01  3.44667429E-01  3.56128365E-01  3.19727292E-01  2.59196878E-01  2.36587234E-01  2.72947989E-01
  3.91533949E-01  3.21270490E-01  2.35951208E-01  2.02675748E-01  2.47296081E-01  3.40685318E-01  3.99299082E-01  3.74238317E-01  2.91095312E-01  2.13419058E-01  2.06593875E-01  2.79392109E-01  3.71126207E-01  4.01650242E-01  3.50419559E-01  2.56749286E-01  1.99039014E-01  2.24262042E-01  3.13855621E-01  3.94419282E-01  3.95831989E-01  3.14039438E-01  2.28654171E-01  1.98209987E-01  2.49018244E-01  3.44963219E-01  4.06791567E-01  3.72769653E-01  2.82847517E-01  2.13933703E-01  2.07987184E-01  2.75736111E-01  3.70973436E-01  4.06478097E-01  3.46812876E-01  2.56405606E-01  2.03487458E-01  2.21548764E-01  3.07815513E-01  3.94167776E-01  3.95229686E-01  3.17915095E-01  2.32820983E-01  1.99182230E-01  2.41701550E-01  3.39793582E-01  4.07455039E-01  3.79093985E-01  2.89079635E-01  2.12140428E-01  2.03024628E-01  2.73187938E-01  3.71311369E-01  4.07345688E-01  3.52126099E-01  2.60004688E-01  2.01310617E-01  2.20476842E-01  3.05707518E-01  3.90308893E-01  3.96579692E-01  3.24227281E-01  2.37049250E-01  1.99272579E-01  2.39088844E-01  3.38904581E-01  4.06950200E-01  3.78401472E-01  2.91737307E-01  2.15815458E-01  1.99861710E-01  2.67822356E-01  3.74531497E-01  4.12068654E-01  3.54573105E-01  2.62859561E-01  1.97555565E-01  2.10024181E-01  3.07766435E-01  3.99647740E-01  4.00124915E-01  3.24592827E-01  2.36133158E-01  1.88711464E-01  2.32640153E-01  3.42474687E-01  4.12650630E-01  3.85979440E-01  2.97299162E-01  2.10246835E-01  1.89710270E-01  2.65637482E-01  3.74017471E-01  4.17395880E-01  3.62137965E-01  2.65230639E-01  1.90504629E-01  2.05510663E-01  3.04996706E-01  4.02516526E-01  4.07442893E-01  3.30630513E-01  2.31259593E-01  1.80641754E-01  2.33863562E-01  3.43968113E-01  4.13711656E-01  3.90501461E-01  2.97321503E-01  2.02013748E-01  1.85823169E-01  2.71281805E-01  3.76129660E-01  4.14044493E-01  3.62641350E-01  2.60969618E-01  1.83829488E-01  2.05862073E-01  3.13111659E-01  4.03291017E-01  4.04191291E-01  3.27276197E-01  2.25697448E-01  1.78895409E-01  2.36746003E-01  3.50021305E-01  4.17825373E-01  3.83653352E-01  2.88985160E-01  1.99034723E-01  1.89223310E-01  2.77434435E-01  3.83320663E-01  4.14088532E-01  3.54373728E-01  2.53774784E-01  1.84261097E-01  2.10461485E-01  3.16995256E-01  4.02270372E-01  4.01089923E-01  3.22537103E-01  2.24419510E-01  1.82102936E-01  2.42608004E-01  3.51211134E-01  4.10532459E-01  3.79319133E-01  2.88430784E-01  2.02979776E-01  1.94899459E-01  2.77863413E-01  3.77758241E-01  4.07319492E-01  3.52234624E-01  2.55586982E-01  1.92650253E-01  2.14749070E-01  3.12795855E-01  3.96846885E-01  3.98724028E-01  3.18042717E-01  2.27561620E-01  1.93825508E-01  2.42843408E-01  3.41076041E-01  4.08454543E-01  3.78256494E-01  2.84883109E-01  2.10536593E-01  2.03555816E-01  2.71908531E-01  3.67795993E-01  4.07185035E-01  3.50673369E-01  2.56159811E-01  2.02979927E-01  2.21224824E-01  3.04050680E-01  3.89896397E-01  3.95218634E-01  3.20258870E-01  2.34067671E-01  1.99284830E-01  2.41456340E-01  3.37862175E-01  4.00145995E-01  3.74465589E-01  2.91019985E-01  2.18497865E-01  2.05340576E-01  2.71490914E-01  3.67584998E-01  3.98769134E-01  3.50586373E-01  2.65244988E-01  2.05398460E-01  2.19906378E-01  3.05408739E-01  3.87643381E-01
  3.77490970E-01  2.61194379E-01  1.96610442E-01  2.25131719E-01  2.92432961E-01  3.76560152E-01  4.12665181E-01  3.38561523E-01  2.26957825E-01  1.99680590E-01  2.45495195E-01  3.25279898E-01  3.99412392E-01  3.98628297E-01  2.95471145E-01  2.04620468E-01  2.09251421E-01  2.69567563E-01  3.53214834E-01  4.13674054E-01  3.72242359E-01  2.55168552E-01  1.94064174E-01  2.24903973E-01  2.97031591E-01  3.82624443E-01  4.15601263E-01  3.32193707E-01  2.20770219E-01  1.96921074E-01  2.45449482E-01  3.24506840E-01  4.04079644E-01  4.00532537E-01  2.89396474E-01  2.00073204E-01  2.07748667E-01  2.73775927E-01  3.55345902E-01  4.13544608E-01  3.68509728E-01  2.51581217E-01  1.94410641E-01  2.27097687E-01  3.01311289E-01  3.81542262E-01  4.09686434E-01  3.27928577E-01  2.21952549E-01  1.98265797E-01  2.47992748E-01  3.29189148E-01  4.03263124E-01  3.96243257E-01  2.85584665E-01  2.00661170E-01  2.08867858E-01  2.74776822E-01  3.59563855E-01  4.16986541E-01  3.63474694E-01  2.45341382E-01  1.92576973E-01  2.28115446E-01  3.03017528E-01  3.90619697E-01  4.15243130E-01  3.20337342E-01  2.13233864E-01  1.95740261E-01  2.50824034E-01  3.33323862E-01  4.11271466E-01  3.91879644E-01  2.78636546E-01  1.98345970E-01  2.08293122E-01  2.77976756E-01  3.65113600E-01  4.15286651E-01  3.59063127E-01  2.45380230E-01  1.91408243E-01  2.28999884E-01  3.09339399E-01  3.88273400E-01  4.05043543E-01  3.22756094E-01  2.13821420E-01  1.95736104E-01  2.59380002E-01  3.38587162E-01  4.03703531E-01  3.86146048E-01  2.78935985E-01  1.95873622E-01  2.13401916E-01  2.84808154E-01  3.64005728E-01  4.10608362E-01  3.55475003E-01  2.42535926E-01  1.92248248E-01  2.35342314E-01  3.14593807E-01  3.87638042E-01  4.02043005E-01  3.16466937E-01  2.16134367E-01  1.98597458E-01  2.59875152E-01  3.39825939E-01  4.05207488E-01  3.82299819E-01  2.75675507E-01  1.99731237E-01  2.16889793E-01  2.87219504E-01  3.67227508E-01  4.08823122E-01  3.48501659E-01  2.42149485E-01  1.96426898E-01  2.39344265E-01  3.12685868E-01  3.85629621E-01  3.98277087E-01  3.15199622E-01  2.17598684E-01  2.05350061E-01  2.58584700E-01  3.34038162E-01  3.98715087E-01  3.85804612E-01  2.82317924E-01  2.04582325E-01  2.16252755E-01  2.75046451E-01  3.57168849E-01  4.10671757E-01  3.59456685E-01  2.48642463E-01  1.96957397E-01  2.29408698E-01  2.99985165E-01  3.84420548E-01  4.13124321E-01  3.25141116E-01  2.19385241E-01  1.97551701E-01  2.46295623E-01  3.27317831E-01  4.10515840E-01  3.95321554E-01  2.86195159E-01  2.01882738E-01  2.07064966E-01  2.66222335E-01  3.58192024E-01  4.19482703E-01  3.68941504E-01  2.53484204E-01  1.95109737E-01  2.17484316E-01  2.93003928E-01  3.84950315E-01  4.17206881E-01  3.36318537E-01  2.25815149E-01  1.92005144E-01  2.38286204E-01  3.23256854E-01  4.06908301E-01  4.01852779E-01  2.97153869E-01  2.03993119E-01  2.01031485E-01  2.63353982E-01  3.51614314E-01  4.17789291E-01  3.75682631E-01  2.60502208E-01  1.96066861E-01  2.17652182E-01  2.89716133E-01  3.77301603E-01  4.13298406E-01  3.42250241E-01  2.33490377E-01  1.95728351E-01  2.39716029E-01  3.18297875E-01  3.96820314E-01  4.03093646E-01  3.03413714E-01  2.07998478E-01  2.07632996E-01  2.65167647E-01  3.45274658E-01  4.13360644E-01
  3.54409869E-01  3.61829625E-01  3.03904089E-01  2.57007012E-01  2.51873995E-01  2.69294853E-01  3.19756192E-01  3.65262594E-01  3.42698274E-01  2.87258744E-01  2.53131295E-01  2.51039412E-01  2.83247091E-01  3.38957747E-01  3.64039363E-01  3.29026250E-01  2.72841548E-01  2.46719769E-01  2.58717570E-01  3.01182534E-01  3.51612937E-01  3.57984922E-01  3.09448105E-01  2.58977498E-01  2.48218158E-01  2.69921841E-01  3.19308054E-01  3.60668282E-01  3.43475465E-01  2.88382225E-01  2.54158793E-01  2.53553258E-01  2.83224150E-01  3.37819382E-01  3.63480437E-01  3.24908967E-01  2.74619619E-01  2.49690749E-01  2.56369099E-01  3.01062864E-01  3.56631117E-01  3.51480313E-01  3.04687572E-01  2.63207071E-01  2.48924829E-01  2.68361200E-01  3.26628499E-01  3.59272974E-01  3.30379813E-01  2.87569266E-01  2.61230656E-01  2.53183557E-01  2.85695803E-01  3.44092127E-01  3.49422129E-01  3.13713579E-01  2.80441771E-01  2.57993711E-01  2.60765143E-01  3.07052682E-01  3.49204496E-01  3.37756363E-01  3.01790461E-01  2.72311055E-01  2.55682004E-01  2.73408489E-01  3.22898540E-01  3.49805774E-01  3.25437362E-01  2.91374642E-01  2.68259775E-01  2.59653845E-01  2.88951047E-01  3.34541485E-01  3.41156453E-01  3.12753960E-01  2.83141955E-01  2.66353802E-01  2.70357843E-01  3.03383067E-01  3.39618533E-01  3.33326761E-01  3.03149785E-01  2.77086190E-01  2.63645521E-01  2.74495133E-01  3.13931074E-01  3.46156971E-01  3.27678648E-01  2.93735715E-01  2.71015221E-01  2.62187131E-01  2.81070169E-01  3.30487183E-01  3.46353913E-01  3.17392066E-01  2.78985010E-01  2.63350753E-01  2.69931076E-01  3.01438293E-01  3.41871332E-01  3.39897647E-01  3.00825126E-01  2.70227644E-01  2.66787271E-01  2.81392329E-01  3.16401280E-01  3.42501371E-01  3.27079257E-01  2.85329479E-01  2.65187799E-01  2.75039865E-01  2.95593652E-01  3.24669449E-01  3.42944868E-01  3.13401463E-01  2.69373617E-01  2.63733921E-01  2.84504345E-01  3.05410296E-01  3.34747685E-01  3.40712706E-01  2.95184111E-01  2.61781073E-01  2.68955945E-01  2.88513688E-01  3.14752980E-01  3.45668185E-01  3.28494767E-01  2.76982977E-01  2.59960129E-01  2.77668085E-01  2.94468485E-01  3.28264055E-01  3.50202041E-01  3.11323105E-01  2.62625970E-01  2.65092897E-01  2.81343741E-01  3.01252824E-01  3.40896637E-01  3.47412978E-01  2.93517031E-01  2.54716234E-01  2.69241641E-01  2.85635818E-01  3.13723025E-01  3.53633658E-01  3.31387552E-01  2.71710933E-01  2.55980373E-01  2.74606086E-01  2.91320236E-01  3.31501470E-01  3.57247941E-01  3.11654143E-01  2.60691617E-01  2.57421980E-01  2.76260675E-01  3.05216448E-01  3.51637929E-01  3.51343986E-01  2.88585105E-01  2.51669729E-01  2.61908096E-01  2.86559516E-01  3.22589661E-01  3.56729571E-01  3.31015061E-01  2.72727154E-01  2.52151749E-01  2.67117571E-01  2.94294970E-01  3.38281880E-01  3.59619193E-01  3.12174457E-01  2.58702720E-01  2.52149948E-01  2.72912257E-01  3.10231258E-01  3.53264056E-01  3.51265114E-01  2.91947144E-01  2.50102726E-01  2.56809511E-01  2.82294707E-01  3.23019952E-01  3.61574853E-01  3.39414127E-01  2.74008686E-01  2.48867207E-01  2.63635937E-01  2.89638601E-01  3.36461087E-01  3.65196211E-01  3.24482199E-01  2.62884888E-01  2.49839510E-01  2.66041978E-01  2.99831752E-01
  2.54466436E-01  3.00459294E-01  3.49266214E-01  3.46255526E-01  3.09595313E-01  2.71989068E-01  2.48724275E-01  2.66556824E-01  3.20423567E-01  3.52328039E-01  3.36271748E-01  2.99708852E-01  2.60170783E-01  2.46530178E-01  2.81970676E-01  3.41190288E-01  3.52426820E-01  3.22910470E-01  2.85040071E-01  2.52430003E-01  2.52119925E-01  3.01312969E-01  3.51355470E-01  3.45944246E-01  3.10222438E-01  2.71848889E-01  2.48016865E-01  2.64653140E-01  3.23277950E-01  3.56478435E-01  3.35959690E-01  2.95095132E-01  2.60011976E-01  2.47639399E-01  2.80215152E-01  3.36221761E-01  3.56415633E-01  3.24330617E-01  2.81804256E-01  2.52746744E-01  2.53331897E-01  2.98968136E-01  3.52554195E-01  3.50210552E-01  3.08851181E-01  2.71551309E-01  2.45989107E-01  2.60337020E-01  3.21517205E-01  3.61882516E-01  3.40812826E-01  2.95808333E-01  2.59342743E-01  2.42273796E-01  2.76898726E-01  3.43428912E-01  3.64158319E-01  3.24344890E-01  2.82156785E-01  2.50218569E-01  2.46897973E-01  2.98386131E-01  3.63781767E-01  3.55910449E-01  3.05804088E-01  2.65557260E-01  2.42048946E-01  2.56294721E-01  3.31051240E-01  3.72541449E-01  3.36034959E-01  2.89128679E-01  2.56463508E-01  2.37816273E-01  2.77926381E-01  3.57601010E-01  3.67482935E-01  3.17690218E-01  2.75699417E-01  2.45676171E-01  2.43173781E-01  3.04382550E-01  3.71655983E-01  3.55080565E-01  2.99525804E-01  2.63680978E-01  2.40860197E-01  2.57966822E-01  3.30199043E-01  3.73943040E-01  3.34558433E-01  2.85111284E-01  2.55536943E-01  2.44235392E-01  2.80017122E-01  3.53765521E-01  3.64853822E-01  3.13816742E-01  2.73356469E-01  2.49140147E-01  2.51865040E-01  3.07981539E-01  3.66054143E-01  3.49729630E-01  2.98136764E-01  2.64883888E-01  2.47279129E-01  2.62096411E-01  3.29950034E-01  3.68253919E-01  3.32178301E-01  2.84986781E-01  2.61202294E-01  2.45847869E-01  2.81218440E-01  3.50775168E-01  3.61415552E-01  3.11702258E-01  2.77501424E-01  2.56709273E-01  2.51581721E-01  3.03354260E-01  3.65254278E-01  3.46485219E-01  2.96946792E-01  2.71591865E-01  2.51649240E-01  2.60197957E-01  3.26599306E-01  3.68210385E-01  3.30840813E-01  2.89171715E-01  2.63445206E-01  2.45775269E-01  2.77641547E-01  3.46548443E-01  3.61069164E-01  3.17124446E-01  2.80018913E-01  2.55066258E-01  2.50098132E-01  2.99300958E-01  3.61350948E-01  3.52159671E-01  3.01270368E-01  2.70130987E-01  2.51605613E-01  2.60860520E-01  3.19756680E-01  3.66750831E-01  3.36164262E-01  2.87187721E-01  2.60363352E-01  2.48290867E-01  2.77234631E-01  3.42934443E-01  3.62414528E-01  3.18354656E-01  2.74335103E-01  2.55941011E-01  2.56397717E-01  2.97057681E-01  3.53549375E-01  3.53148876E-01  3.03887987E-01  2.67426243E-01  2.53145804E-01  2.60734740E-01  3.15506877E-01  3.61083925E-01  3.40907700E-01  2.91444176E-01  2.63368724E-01  2.49514127E-01  2.73795005E-01  3.35744572E-01  3.62660480E-01  3.22579008E-01  2.78456492E-01  2.56167312E-01  2.53834398E-01  2.93417364E-01  3.54444178E-01  3.53367582E-01  3.02235163E-01  2.72132438E-01  2.51836734E-01  2.61216274E-01  3.17074402E-01  3.62116025E-01  3.34253557E-01  2.93642316E-01  2.65209691E-01  2.47793275E-01  2.77217925E-01  3.38375413E-01  3.56522093E-01  3.22376781E-01  2.84137254E-01  2.53698022E-01
  2.12313086E-01  2.80804872E-01  3.57597649E-01  3.98726489E-01  3.61395719E-01  2.57157303E-01  2.00896723E-01  2.30476961E-01  3.05883676E-01  3.73363404E-01  3.92555483E-01  3.31560508E-01  2.35677982E-01  1.99920697E-01  2.48792800E-01  3.32449440E-01  3.92216358E-01  3.85297795E-01  3.01071414E-01  2.12708218E-01  2.00936442E-01  2.74798739E-01  3.59351816E-01  4.00031451E-01  3.68295167E-01  2.69999815E-01  1.90636056E-01  2.12633017E-01  3.04966147E-01  3.79700746E-01  4.05796610E-01  3.45991008E-01  2.30994670E-01  1.84184145E-01  2.41152172E-01  3.36983886E-01  3.97494082E-01  3.97815809E-01  3.05586611E-01  2.01593035E-01  1.92912236E-01  2.72789064E-01  3.58445602E-01  4.12526101E-01  3.76015550E-01  2.58904325E-01  1.87290756E-01  2.12534770E-01  3.02081048E-01  3.91944658E-01  4.19261891E-01  3.32466002E-01  2.19776391E-01  1.83881755E-01  2.39112929E-01  3.32907415E-01  4.16179111E-01  4.00106450E-01  2.92138261E-01  1.95308865E-01  1.92507170E-01  2.68714989E-01  3.68021429E-01  4.19323528E-01  3.72399557E-01  2.53755423E-01  1.79381212E-01  2.15367098E-01  3.05784182E-01  3.93439820E-01  4.18540390E-01  3.30693509E-01  2.15190440E-01  1.81357649E-01  2.49315368E-01  3.47712297E-01  4.13419314E-01  3.88952781E-01  2.85339878E-01  1.88481529E-01  1.95411648E-01  2.85898372E-01  3.84741194E-01  4.19966627E-01  3.58037765E-01  2.35538469E-01  1.76417102E-01  2.25768817E-01  3.31212585E-01  4.14011666E-01  4.03878559E-01  3.06651343E-01  2.00656141E-01  1.82742602E-01  2.63107383E-01  3.75564923E-01  4.23297180E-01  3.73629923E-01  2.58604129E-01  1.81523062E-01  2.06602314E-01  3.07750181E-01  4.04164184E-01  4.13234435E-01  3.28191174E-01  2.17732216E-01  1.83894996E-01  2.45927094E-01  3.48963427E-01  4.10376081E-01  3.87393557E-01  2.88583960E-01  1.94058455E-01  1.95282032E-01  2.81446983E-01  3.77575144E-01  4.13459744E-01  3.58107082E-01  2.47944399E-01  1.87881122E-01  2.21654220E-01  3.19129546E-01  4.00767371E-01  3.98475017E-01  3.21173204E-01  2.20803607E-01  1.87525408E-01  2.53398596E-01  3.51168636E-01  4.02332825E-01  3.74755885E-01  2.91821425E-01  2.01382764E-01  1.98515876E-01  2.91820155E-01  3.74248161E-01  3.93418584E-01  3.51814086E-01  2.58450077E-01  1.86438120E-01  2.20332553E-01  3.24438767E-01  3.94807907E-01  3.88594398E-01  3.26537250E-01  2.24394855E-01  1.83124443E-01  2.52904450E-01  3.53744542E-01  4.00212396E-01  3.77272015E-01  2.98636453E-01  1.96855786E-01  1.93804337E-01  2.87677451E-01  3.74194172E-01  4.01458931E-01  3.62023078E-01  2.60737019E-01  1.79463956E-01  2.15810267E-01  3.23712389E-01  3.88774585E-01  3.90811407E-01  3.34852871E-01  2.27808664E-01  1.80566794E-01  2.51525006E-01  3.50860635E-01  3.92623018E-01  3.79130927E-01  2.99197275E-01  2.01310883E-01  1.97698598E-01  2.84137730E-01  3.62326207E-01  3.95521589E-01  3.65096608E-01  2.68376174E-01  1.91525265E-01  2.17372862E-01  3.05966651E-01  3.74047145E-01  3.89702030E-01  3.45686420E-01  2.43308094E-01  1.89086858E-01  2.37786694E-01  3.26925247E-01  3.81896880E-01  3.87499360E-01  3.21172049E-01  2.17541282E-01  1.95206175E-01  2.64978575E-01  3.42896146E-01  3.90833211E-01  3.79232952E-01  2.86163792E-01  2.01405547E-01
  2.54005621E-01  3.18556933E-01  3.65577253E-01  3.66184241E-01  3.06246958E-01  2.40369773E-01  2.29190242E-01  2.75865734E-01  3.34961217E-01  3.71493076E-01  3.54466262E-01  2.82720431E-01  2.28328019E-01  2.41650507E-01  2.95679822E-01  3.49141865E-01  3.70946480E-01  3.35293054E-01  2.60029970E-01  2.22497570E-01  2.56225046E-01  3.16937616E-01  3.60455581E-01  3.66641156E-01  3.12443607E-01  2.39366115E-01  2.27807320E-01  2.77088843E-01  3.34846100E-01  3.68476849E-01  3.54209541E-01  2.84322268E-01  2.25083750E-01  2.38158708E-01  2.99988208E-01  3.49216233E-01  3.68474760E-01  3.37159798E-01  2.62499930E-01  2.19581777E-01  2.52915655E-01  3.19906943E-01  3.59355349E-01  3.66126373E-01  3.16354042E-01  2.40034616E-01  2.23164469E-01  2.77603696E-01  3.33584199E-01  3.61267131E-01  3.55893396E-01  2.94724420E-01  2.26402969E-01  2.36111355E-01  2.97256887E-01  3.42551344E-01  3.63254620E-01  3.43107982E-01  2.69335579E-01  2.20686073E-01  2.53968793E-01  3.13977013E-01  3.49786973E-01  3.62293038E-01  3.24112728E-01  2.48514347E-01  2.21030316E-01  2.71277007E-01  3.28337090E-01  3.60669915E-01  3.57188060E-01  2.98273873E-01  2.31282188E-01  2.30699117E-01  2.93368222E-01  3.43291243E-01  3.63104998E-01  3.43372919E-01  2.73790918E-01  2.18788271E-01  2.50953135E-01  3.16043936E-01  3.54175065E-01  3.62202048E-01  3.22929415E-01  2.45137921E-01  2.21955990E-01  2.74626982E-01  3.32942516E-01  3.60424003E-01  3.57263328E-01  2.95706542E-01  2.25101667E-01  2.32434478E-01  2.97872975E-01  3.47132812E-01  3.65769564E-01  3.41267556E-01  2.65895182E-01  2.17678509E-01  2.52768588E-01  3.18212239E-01  3.58309518E-01  3.64738741E-01  3.20104139E-01  2.42200609E-01  2.20498154E-01  2.73792841E-01  3.36159928E-01  3.65764506E-01  3.59515978E-01  2.92505255E-01  2.23632895E-01  2.30739541E-01  2.94257863E-01  3.49067633E-01  3.73739698E-01  3.43419947E-01  2.63784533E-01  2.16711833E-01  2.48979802E-01  3.12886410E-01  3.63296222E-01  3.75123872E-01  3.17760817E-01  2.37699314E-01  2.22276649E-01  2.71123003E-01  3.30652937E-01  3.73550676E-01  3.64612719E-01  2.89267192E-01  2.23522421E-01  2.35814315E-01  2.91445219E-01  3.47753690E-01  3.74962035E-01  3.43494654E-01  2.63009178E-01  2.20568602E-01  2.51922781E-01  3.09544893E-01  3.60317718E-01  3.72779050E-01  3.18427371E-01  2.41210774E-01  2.25575335E-01  2.72082569E-01  3.28803893E-01  3.68601013E-01  3.59422509E-01  2.89859279E-01  2.30405244E-01  2.39187900E-01  2.91934787E-01  3.47081784E-01  3.73924363E-01  3.35780852E-01  2.62106420E-01  2.29066897E-01  2.53702300E-01  3.07965356E-01  3.63657614E-01  3.68122604E-01  3.11154309E-01  2.46046567E-01  2.31029483E-01  2.68144169E-01  3.32064671E-01  3.72917997E-01  3.53750139E-01  2.85312630E-01  2.34120336E-01  2.39135458E-01  2.91616899E-01  3.54105828E-01  3.73113883E-01  3.30136591E-01  2.61372209E-01  2.27745588E-01  2.53039736E-01  3.17043958E-01  3.68062406E-01  3.63240222E-01  3.04205871E-01  2.45275144E-01  2.29021313E-01  2.71710419E-01  3.39494511E-01  3.76480010E-01  3.45354955E-01  2.81304499E-01  2.32973908E-01  2.38138435E-01  2.94988071E-01  3.57197587E-01  3.69951023E-01  3.27083595E-01  2.61125635E-01  2.26868490E-01
  3.90680230E-01  3.46527094E-01  2.75893090E-01  2.29624842E-01  2.28500942E-01  2.88845598E-01  3.73874814E-01  3.86487148E-01  3.21845345E-01  2.53436063E-01  2.21196420E-01  2.42250026E-01  3.21076460E-01  3.90901015E-01  3.70872222E-01  2.94849052E-01  2.32194914E-01  2.20016136E-01  2.68578513E-01  3.59262749E-01  3.94086743E-01  3.42674717E-01  2.67068456E-01  2.19770757E-01  2.30618357E-01  3.02776290E-01  3.81150001E-01  3.84590649E-01  3.14716344E-01  2.43570195E-01  2.16092756E-01  2.48716673E-01  3.33998928E-01  3.94724013E-01  3.64137948E-01  2.86537768E-01  2.28183894E-01  2.19862734E-01  2.73892300E-01  3.60429198E-01  3.93091559E-01  3.41338002E-01  2.62425987E-01  2.16467499E-01  2.30425491E-01  3.03839057E-01  3.81235632E-01  3.84534967E-01  3.13531247E-01  2.41878631E-01  2.13844642E-01  2.46666835E-01  3.31297532E-01  3.93582599E-01  3.68666785E-01  2.91307523E-01  2.28485273E-01  2.13507764E-01  2.69895087E-01  3.59591181E-01  3.93995374E-01  3.46497786E-01  2.70380577E-01  2.18576037E-01  2.20632683E-01  2.96556607E-01  3.80341741E-01  3.86000234E-01  3.24352172E-01  2.50462107E-01  2.10455134E-01  2.37367273E-01  3.26405804E-01  3.92863574E-01  3.71112190E-01  2.99188836E-01  2.33276457E-01  2.11191521E-01  2.61794300E-01  3.55649134E-01  3.94034505E-01  3.52333811E-01  2.77982542E-01  2.19919613E-01  2.16850852E-01  2.89295356E-01  3.74387298E-01  3.90452994E-01  3.31640855E-01  2.55733928E-01  2.09537763E-01  2.32624044E-01  3.18161247E-01  3.89984850E-01  3.79153165E-01  3.06337100E-01  2.35803259E-01  2.08410802E-01  2.53462580E-01  3.50129427E-01  3.99454252E-01  3.58889586E-01  2.78623027E-01  2.19642688E-01  2.13254729E-01  2.81928863E-01  3.78901798E-01  3.95982741E-01  3.30312608E-01  2.54597935E-01  2.11034304E-01  2.26850916E-01  3.17596628E-01  3.96242500E-01  3.79595462E-01  3.02251470E-01  2.36784422E-01  2.08250345E-01  2.51662554E-01  3.49368865E-01  3.97834709E-01  3.55213748E-01  2.81276982E-01  2.23776680E-01  2.14721271E-01  2.80615864E-01  3.72739320E-01  3.93867639E-01  3.31959757E-01  2.58210901E-01  2.16042912E-01  2.31039055E-01  3.10550625E-01  3.90342406E-01  3.79181455E-01  3.05100055E-01  2.40430500E-01  2.16155386E-01  2.50201764E-01  3.40080741E-01  3.97854764E-01  3.57579006E-01  2.79577023E-01  2.29257608E-01  2.21393191E-01  2.76472308E-01  3.69328727E-01  3.93033431E-01  3.29112469E-01  2.61309206E-01  2.22455953E-01  2.31589705E-01  3.07216694E-01  3.87808121E-01  3.79595806E-01  3.05345913E-01  2.42804775E-01  2.19327465E-01  2.49483353E-01  3.37097410E-01  3.99073113E-01  3.58264018E-01  2.79335685E-01  2.31915988E-01  2.22414122E-01  2.73334589E-01  3.69147513E-01  3.95949650E-01  3.31617582E-01  2.60103288E-01  2.22296418E-01  2.31455309E-01  3.08026184E-01  3.89441175E-01  3.79751112E-01  3.04725828E-01  2.43376235E-01  2.20430191E-01  2.53594056E-01  3.40694578E-01  3.94193010E-01  3.54761308E-01  2.81161722E-01  2.31633279E-01  2.26097654E-01  2.80689395E-01  3.68415759E-01  3.88528515E-01  3.27248292E-01  2.59078351E-01  2.23029976E-01  2.39239804E-01  3.17398703E-01  3.85792006E-01  3.71771534E-01  3.00347937E-01  2.40021596E-01  2.22285197E-01  2.62847689E-01  3.48841029E-01
  2.64980052E-01  3.42889590E-01  3.91996387E-01  3.46806055E-01  2.71229656E-01  2.32376123E-01  2.36392069E-01  2.83859010E-01  3.61448351E-01  3.82013186E-01  3.23427288E-01  2.58104704E-01  2.31646472E-01  2.46374766E-01  3.09570024E-01  3.72371099E-01  3.64952993E-01  3.02311558E-01  2.46883141E-01  2.36212200E-01  2.65391179E-01  3.28311221E-01  3.73994611E-01  3.51857086E-01  2.79116761E-01  2.39204258E-01  2.46220748E-01  2.80745729E-01  3.42102361E-01  3.81006734E-01  3.32567745E-01  2.58405082E-01  2.38204118E-01  2.50078059E-01  2.95401033E-01  3.65862988E-01  3.77171210E-01  3.05187537E-01  2.47307988E-01  2.37839362E-01  2.57113246E-01  3.16287093E-01  3.82966101E-01  3.63288093E-01  2.79891026E-01  2.37434252E-01  2.38259672E-01  2.71151319E-01  3.46178144E-01  3.93178085E-01  3.38590863E-01  2.55939306E-01  2.28393958E-01  2.43418115E-01  2.95934404E-01  3.73776957E-01  3.86624326E-01  3.08108273E-01  2.37799263E-01  2.27744718E-01  2.55935373E-01  3.25036558E-01  3.92091507E-01  3.68697702E-01  2.78064731E-01  2.26507300E-01  2.28805999E-01  2.74815345E-01  3.54209228E-01  4.02408552E-01  3.41862993E-01  2.51186388E-01  2.18234849E-01  2.36305732E-01  3.02275917E-01  3.86768114E-01  3.92420416E-01  3.04793471E-01  2.32414733E-01  2.16346692E-01  2.52971951E-01  3.36385226E-01  4.05889710E-01  3.69427214E-01  2.72576018E-01  2.17805466E-01  2.20152052E-01  2.77215512E-01  3.73298376E-01  4.11562277E-01  3.34034846E-01  2.42923108E-01  2.08631623E-01  2.32770833E-01  3.14442971E-01  4.02137566E-01  3.94798962E-01  2.95865740E-01  2.20474840E-01  2.09287275E-01  2.59838044E-01  3.55799603E-01  4.14794341E-01  3.60309456E-01  2.58294180E-01  2.11269406E-01  2.23145606E-01  2.95034700E-01  3.87272835E-01  4.04667756E-01  3.18018118E-01  2.34838764E-01  2.08184483E-01  2.43725522E-01  3.33831452E-01  4.10177534E-01  3.76676122E-01  2.80334051E-01  2.19674555E-01  2.11236745E-01  2.72080627E-01  3.70272710E-01  4.12848570E-01  3.41375862E-01  2.54990121E-01  2.09604662E-01  2.21117731E-01  3.07666758E-01  3.96345288E-01  3.96745664E-01  3.13006396E-01  2.33372528E-01  2.03313537E-01  2.47897650E-01  3.42056274E-01  4.04553958E-01  3.72654378E-01  2.84907038E-01  2.14997435E-01  2.10617765E-01  2.80958135E-01  3.71909800E-01  4.04824933E-01  3.43443202E-01  2.52206281E-01  2.02912353E-01  2.28983555E-01  3.16312210E-01  3.94727429E-01  3.89065156E-01  3.10035079E-01  2.28597740E-01  2.03619308E-01  2.50913390E-01  3.47929681E-01  4.06354078E-01  3.72328201E-01  2.78875392E-01  2.08949365E-01  2.09284519E-01  2.80051316E-01  3.76255252E-01  4.05879787E-01  3.43943756E-01  2.48227392E-01  1.99824235E-01  2.27298257E-01  3.12089616E-01  3.92159743E-01  3.96958944E-01  3.14597470E-01  2.25432028E-01  2.02936575E-01  2.47425289E-01  3.37069729E-01  4.09571787E-01  3.78733729E-01  2.78922956E-01  2.11432389E-01  2.11896034E-01  2.73296816E-01  3.66761678E-01  4.10633730E-01  3.44846251E-01  2.53287403E-01  2.09307427E-01  2.27123117E-01  3.00274658E-01  3.87673603E-01  3.92549272E-01  3.11762936E-01  2.39066240E-01  2.15476851E-01  2.44698485E-01  3.22825567E-01  3.94301018E-01  3.73252272E-01  2.90185219E-01  2.31185875E-01  2.25276353E-01
  2.90511475E-01  3.29995886E-01  3.45613421E-01  3.09501032E-01  2.79748786E-01  2.70195327E-01  2.71719969E-01  3.03265390E-01  3.42318233E-01  3.35411740E-01  2.94126118E-01  2.74141219E-01  2.67911149E-01  2.81853263E-01  3.19414177E-01  3.44518471E-01  3.21813194E-01  2.84774836E-01  2.69607717E-01  2.70828910E-01  2.93774915E-01  3.31602143E-01  3.37212642E-01  3.07006771E-01  2.79770286E-01  2.68923816E-01  2.76672649E-01  3.06758699E-01  3.35782490E-01  3.31129820E-01  2.99972901E-01  2.73180575E-01  2.69135592E-01  2.87353758E-01  3.16603062E-01  3.38507427E-01  3.21463820E-01  2.86726590E-01  2.68895069E-01  2.74683978E-01  2.96107474E-01  3.26282216E-01  3.37458305E-01  3.07981027E-01  2.80035001E-01  2.68830031E-01  2.79141357E-01  3.08490213E-01  3.35230149E-01  3.28585704E-01  2.96549642E-01  2.72933747E-01  2.69199801E-01  2.87224674E-01  3.21659071E-01  3.39256760E-01  3.18481175E-01  2.84496995E-01  2.69588657E-01  2.70829911E-01  2.99226285E-01  3.33077142E-01  3.32855762E-01  3.05210847E-01  2.81333191E-01  2.65345496E-01  2.78646903E-01  3.13087832E-01  3.32994495E-01  3.22821467E-01  2.98577354E-01  2.75253230E-01  2.68281944E-01  2.91741571E-01  3.20614160E-01  3.30502719E-01  3.15248811E-01  2.90958513E-01  2.71187998E-01  2.72635201E-01  3.02017164E-01  3.24060652E-01  3.28049962E-01  3.09220598E-01  2.83347172E-01  2.70651200E-01  2.80205088E-01  3.05593576E-01  3.29151057E-01  3.25814684E-01  2.98787644E-01  2.78298309E-01  2.72072432E-01  2.84934027E-01  3.15942030E-01  3.36946663E-01  3.18502642E-01  2.87405947E-01  2.74979728E-01  2.73163324E-01  2.92865007E-01  3.26365401E-01  3.36085519E-01  3.06424543E-01  2.81553884E-01  2.75065042E-01  2.77273586E-01  3.00014003E-01  3.36036628E-01  3.29723314E-01  2.93147883E-01  2.82052716E-01  2.80075714E-01  2.80982879E-01  3.07726663E-01  3.35236853E-01  3.15398411E-01  2.91109095E-01  2.84209886E-01  2.76655758E-01  2.83107496E-01  3.16470851E-01  3.33809913E-01  3.08935436E-01  2.94369158E-01  2.80704266E-01  2.72759389E-01  2.89216412E-01  3.26744985E-01  3.27361576E-01  3.04189379E-01  2.89868548E-01  2.78143275E-01  2.73419565E-01  3.02866473E-01  3.35959211E-01  3.19391714E-01  2.96087834E-01  2.86277091E-01  2.73832552E-01  2.79299563E-01  3.20210079E-01  3.33373909E-01  3.07106389E-01  2.93102172E-01  2.83718865E-01  2.73524515E-01  2.89589987E-01  3.27921331E-01  3.28381617E-01  3.01082520E-01  2.88852911E-01  2.80226242E-01  2.78281531E-01  3.02736571E-01  3.31712121E-01  3.22141015E-01  2.94567339E-01  2.81652433E-01  2.79247044E-01  2.87301188E-01  3.13639606E-01  3.33303733E-01  3.13118030E-01  2.89257423E-01  2.79469063E-01  2.80160175E-01  2.95029938E-01  3.26965023E-01  3.31547072E-01  2.98073530E-01  2.79408478E-01  2.80483505E-01  2.85897020E-01  3.07236613E-01  3.36516744E-01  3.20479070E-01  2.86532194E-01  2.78783600E-01  2.78207743E-01  2.87992050E-01  3.22111514E-01  3.43721472E-01  3.06642935E-01  2.77045555E-01  2.75444584E-01  2.78508160E-01  2.99063731E-01  3.38460807E-01  3.34354000E-01  2.92881664E-01  2.75873986E-01  2.72261974E-01  2.77482491E-01  3.14638246E-01  3.47726543E-01  3.23953046E-01  2.84930078E-01  2.69434492E-01  2.68282821E-01
  3.41808069E-01  3.26310729E-01  2.90338267E-01  2.62764452E-01  2.67647175E-01  2.94102019E-01  3.31114552E-01  3.40244818E-01  3.12300174E-01  2.77038131E-01  2.63512398E-01  2.77636572E-01  3.06946866E-01  3.35048102E-01  3.31290220E-01  2.97562740E-01  2.71089020E-01  2.68806686E-01  2.88221783E-01  3.18304700E-01  3.35233140E-01  3.18175252E-01  2.86214359E-01  2.67882151E-01  2.75406978E-01  2.98885245E-01  3.23571240E-01  3.31847163E-01  3.06843691E-01  2.79251559E-01  2.71305703E-01  2.84285091E-01  3.05714930E-01  3.29730424E-01  3.25325098E-01  2.96283180E-01  2.73698544E-01  2.74537946E-01  2.90739007E-01  3.16975395E-01  3.32166085E-01  3.15609419E-01  2.86888882E-01  2.71159111E-01  2.76609434E-01  3.00369844E-01  3.28311006E-01  3.33221567E-01  3.06363530E-01  2.74444534E-01  2.68740091E-01  2.85058377E-01  3.13345019E-01  3.37579666E-01  3.25252368E-01  2.88498939E-01  2.66541728E-01  2.72128732E-01  2.95033247E-01  3.27347292E-01  3.38094417E-01  3.09387181E-01  2.77713650E-01  2.67261790E-01  2.81432315E-01  3.08915731E-01  3.34550811E-01  3.25446179E-01  2.94542468E-01  2.72898305E-01  2.72414293E-01  2.90879838E-01  3.19427408E-01  3.35361524E-01  3.15156214E-01  2.85715007E-01  2.70724568E-01  2.77394113E-01  2.98732106E-01  3.26845427E-01  3.35731883E-01  3.06277482E-01  2.77173770E-01  2.69164285E-01  2.83779252E-01  3.07131211E-01  3.34530532E-01  3.29222031E-01  2.93661342E-01  2.70806987E-01  2.71497883E-01  2.90483916E-01  3.19478467E-01  3.37698153E-01  3.17709393E-01  2.84487338E-01  2.67632170E-01  2.75032793E-01  3.01857567E-01  3.32582637E-01  3.34217603E-01  3.04628458E-01  2.77888380E-01  2.67628197E-01  2.80869834E-01  3.11914196E-01  3.37232485E-01  3.27886621E-01  2.96006872E-01  2.72031265E-01  2.67997326E-01  2.89824179E-01  3.24296833E-01  3.38922949E-01  3.19123284E-01  2.85292009E-01  2.65579385E-01  2.70967784E-01  3.00276067E-01  3.35973509E-01  3.36754239E-01  3.06913613E-01  2.76888433E-01  2.65967161E-01  2.75091696E-01  3.12313730E-01  3.42721088E-01  3.30562436E-01  2.95921599E-01  2.71474648E-01  2.61144611E-01  2.83667800E-01  3.28994231E-01  3.45400653E-01  3.20131366E-01  2.87701596E-01  2.61897220E-01  2.60978390E-01  2.97926461E-01  3.41808084E-01  3.41920443E-01  3.09452706E-01  2.78771678E-01  2.56968844E-01  2.67980399E-01  3.15956199E-01  3.44964744E-01  3.32100640E-01  3.02469379E-01  2.71643185E-01  2.54417580E-01  2.81622279E-01  3.26201871E-01  3.43420386E-01  3.28244706E-01  2.92940297E-01  2.60934081E-01  2.60625175E-01  2.94414089E-01  3.30525614E-01  3.41907160E-01  3.19867466E-01  2.83739363E-01  2.58277167E-01  2.68910804E-01  3.03755636E-01  3.33580725E-01  3.36907600E-01  3.11257867E-01  2.78242569E-01  2.56437752E-01  2.78259007E-01  3.14668459E-01  3.35590416E-01  3.29155438E-01  3.04270842E-01  2.68123204E-01  2.58473049E-01  2.88553071E-01  3.23170403E-01  3.37118445E-01  3.25279543E-01  2.92965417E-01  2.60118786E-01  2.64830750E-01  2.97336546E-01  3.30583116E-01  3.37252067E-01  3.18074693E-01  2.81868534E-01  2.60008434E-01  2.72062010E-01  3.06804194E-01  3.33714248E-01  3.35011072E-01  3.05875535E-01  2.71457392E-01  2.61199318E-01  2.82403901E-01  3.17002543E-01
  2.13930519E-01  2.59412008E-01  3.22668415E-01  3.77311661E-01  3.78512438E-01  2.99123916E-01  2.20950003E-01  2.23107367E-01  2.79500564E-01  3.43942427E-01  3.89653872E-01  3.59061251E-01  2.66133717E-01  2.13487913E-01  2.38195849E-01  2.99685131E-01  3.64250561E-01  3.90788494E-01  3.29254210E-01  2.41212763E-01  2.16410074E-01  2.55650792E-01  3.17385766E-01  3.79223478E-01  3.80480556E-01  2.97748213E-01  2.30039814E-01  2.28044921E-01  2.65925225E-01  3.36721673E-01  3.95898766E-01  3.60428227E-01  2.69264811E-01  2.22965347E-01  2.30882053E-01  2.86994352E-01  3.65003736E-01  3.94743856E-01  3.32538592E-01  2.47504047E-01  2.17386925E-01  2.46105172E-01  3.12603224E-01  3.81310887E-01  3.79362764E-01  3.02906693E-01  2.32516706E-01  2.23996369E-01  2.65314338E-01  3.36825817E-01  3.85117643E-01  3.58321238E-01  2.80634169E-01  2.28225086E-01  2.32510677E-01  2.83663335E-01  3.51071402E-01  3.83440859E-01  3.40629632E-01  2.61027674E-01  2.26423547E-01  2.44148275E-01  3.01242950E-01  3.67315338E-01  3.78603665E-01  3.14031414E-01  2.43720251E-01  2.29806560E-01  2.61116430E-01  3.25853575E-01  3.78596146E-01  3.64919797E-01  2.85773637E-01  2.29872060E-01  2.30111424E-01  2.80224720E-01  3.52111335E-01  3.86432607E-01  3.43021356E-01  2.61536451E-01  2.17657529E-01  2.39604769E-01  3.07322085E-01  3.74276170E-01  3.83059787E-01  3.14101196E-01  2.36205794E-01  2.15887592E-01  2.60089119E-01  3.36955938E-01  3.85862138E-01  3.61942290E-01  2.84611495E-01  2.22669209E-01  2.25848557E-01  2.86695459E-01  3.59515932E-01  3.85920136E-01  3.37746905E-01  2.56030497E-01  2.15607292E-01  2.40615794E-01  3.11216887E-01  3.74873982E-01  3.81070395E-01  3.12873594E-01  2.34018834E-01  2.14338234E-01  2.58116105E-01  3.33498405E-01  3.88922178E-01  3.68643425E-01  2.82672754E-01  2.18534417E-01  2.25290758E-01  2.83319812E-01  3.57903774E-01  3.94675949E-01  3.41888849E-01  2.53547989E-01  2.13564732E-01  2.41027264E-01  3.08657634E-01  3.79287315E-01  3.84728397E-01  3.10909356E-01  2.29279840E-01  2.15039737E-01  2.63164609E-01  3.36640601E-01  3.89871756E-01  3.68921517E-01  2.79167541E-01  2.15663389E-01  2.27126363E-01  2.86039164E-01  3.55555765E-01  3.93307159E-01  3.50835803E-01  2.51606591E-01  2.07808797E-01  2.41063509E-01  3.05526017E-01  3.76543764E-01  3.97057904E-01  3.14837335E-01  2.22777061E-01  2.08793538E-01  2.58165901E-01  3.34496820E-01  3.98844925E-01  3.78566913E-01  2.77281847E-01  2.08023586E-01  2.19508294E-01  2.84775526E-01  3.64522024E-01  4.01059532E-01  3.42701374E-01  2.45263660E-01  2.06519379E-01  2.42233430E-01  3.14959400E-01  3.84089119E-01  3.87208940E-01  3.07943926E-01  2.23870574E-01  2.13967778E-01  2.67014718E-01  3.38421497E-01  3.91252274E-01  3.68350835E-01  2.75092290E-01  2.11840014E-01  2.28954536E-01  2.91499838E-01  3.61685609E-01  3.95239843E-01  3.37960043E-01  2.43838752E-01  2.10731906E-01  2.51544564E-01  3.16832170E-01  3.79970774E-01  3.83368750E-01  3.02978701E-01  2.26171186E-01  2.21440411E-01  2.69819836E-01  3.39126389E-01  3.89591560E-01  3.61970839E-01  2.73418810E-01  2.15600898E-01  2.34843965E-01  2.97043399E-01  3.62618479E-01  3.91313881E-01  3.34223474E-01  2.41932805E-01
  2.64275179E-01  2.89819171E-01  3.26293680E-01  3.39920630E-01  3.22733779E-01  2.88638228E-01  2.61097126E-01  2.67305160E-01  3.03706468E-01  3.34289551E-01  3.34315846E-01  3.11652253E-01  2.78131068E-01  2.60124589E-01  2.78983863E-01  3.16372239E-01  3.38234450E-01  3.26848196E-01  2.97051013E-01  2.67047764E-01  2.63932360E-01  2.93169687E-01  3.31648923E-01  3.37709558E-01  3.15213341E-01  2.83302216E-01  2.63840171E-01  2.72939560E-01  3.09064022E-01  3.36950787E-01  3.30407508E-01  3.02140887E-01  2.73676386E-01  2.63669852E-01  2.86768276E-01  3.21662408E-01  3.35664034E-01  3.21816343E-01  2.92839075E-01  2.67617397E-01  2.69535802E-01  2.98930524E-01  3.29972874E-01  3.32658361E-01  3.11101465E-01  2.80673371E-01  2.66026773E-01  2.77967098E-01  3.11544017E-01  3.35403932E-01  3.27928528E-01  2.96641349E-01  2.70908413E-01  2.68781559E-01  2.89156554E-01  3.24596739E-01  3.36082477E-01  3.16081910E-01  2.84857463E-01  2.66766384E-01  2.73201212E-01  3.02534767E-01  3.33760589E-01  3.32137330E-01  3.05339987E-01  2.76366594E-01  2.63940492E-01  2.79835943E-01  3.15347920E-01  3.35557042E-01  3.26249142E-01  2.97149564E-01  2.68565179E-01  2.64656075E-01  2.91821958E-01  3.26165512E-01  3.33738816E-01  3.17787920E-01  2.86958822E-01  2.61607297E-01  2.69760174E-01  3.07725521E-01  3.35827314E-01  3.28558914E-01  3.04790924E-01  2.75525338E-01  2.60743979E-01  2.81727942E-01  3.21858127E-01  3.37587956E-01  3.20976397E-01  2.93697856E-01  2.67556298E-01  2.63068220E-01  2.95559208E-01  3.34338735E-01  3.36151693E-01  3.10756086E-01  2.84288721E-01  2.62846628E-01  2.69755672E-01  3.10195240E-01  3.39099635E-01  3.29489280E-01  3.03637197E-01  2.76598260E-01  2.61340501E-01  2.81474444E-01  3.21504784E-01  3.37274035E-01  3.23192343E-01  2.96647655E-01  2.67628688E-01  2.61307414E-01  2.93717855E-01  3.29808079E-01  3.34349733E-01  3.18371438E-01  2.89207671E-01  2.61766498E-01  2.63209504E-01  3.03914129E-01  3.35389934E-01  3.34750932E-01  3.15463157E-01  2.79890397E-01  2.52092402E-01  2.71322642E-01  3.18255908E-01  3.40202085E-01  3.32085661E-01  3.05588372E-01  2.66265480E-01  2.52539824E-01  2.88983772E-01  3.28968388E-01  3.39447214E-01  3.26939650E-01  2.91496297E-01  2.54082430E-01  2.61098481E-01  3.03071535E-01  3.33600242E-01  3.40263114E-01  3.19578922E-01  2.73480874E-01  2.50876855E-01  2.76304157E-01  3.15908869E-01  3.37613278E-01  3.36290731E-01  3.04559892E-01  2.60610888E-01  2.55329982E-01  2.90341701E-01  3.24128334E-01  3.39108242E-01  3.29725560E-01  2.88904918E-01  2.53011664E-01  2.65435927E-01  3.01507646E-01  3.29437539E-01  3.39706017E-01  3.20130040E-01  2.73845641E-01  2.53479198E-01  2.76896045E-01  3.10719392E-01  3.35335519E-01  3.39001287E-01  3.04208680E-01  2.62889962E-01  2.58231059E-01  2.87807624E-01  3.19232660E-01  3.40138607E-01  3.32275964E-01  2.90585091E-01  2.56193939E-01  2.65965862E-01  2.97314132E-01  3.28100843E-01  3.43300132E-01  3.21429564E-01  2.76839046E-01  2.56762944E-01  2.72217239E-01  3.05595806E-01  3.36453154E-01  3.40418142E-01  3.08066643E-01  2.68106200E-01  2.59511187E-01  2.80802717E-01  3.15492975E-01  3.38960391E-01  3.31547232E-01  2.96963012E-01  2.65475279E-01
  2.42762269E-01  1.72781489E-01  2.05754079E-01  3.08833125E-01  4.10814447E-01  4.24025269E-01  3.24051544E-01  2.09843781E-01  1.73206734E-01  2.35575611E-01  3.48666082E-01  4.31033731E-01  3.99540644E-01  2.79501683E-01  1.86555943E-01  1.84463025E-01  2.72545460E-01  3.87134788E-01  4.34460163E-01  3.62168521E-01  2.38234104E-01  1.74994087E-01  2.05805064E-01  3.16643883E-01  4.22501765E-01  4.17949876E-01  3.12737169E-01  2.08285669E-01  1.76009123E-01  2.36978083E-01  3.60017004E-01  4.33924425E-01  3.87415495E-01  2.73789467E-01  1.87528225E-01  1.86001461E-01  2.77349027E-01  3.98634700E-01  4.29437807E-01  3.48174647E-01  2.37674862E-01  1.75893543E-01  2.05721945E-01  3.26678175E-01  4.26701138E-01  4.09534884E-01  3.05915938E-01  2.07720137E-01  1.72594735E-01  2.40611468E-01  3.74756022E-01  4.35697049E-01  3.76599347E-01  2.68534769E-01  1.87294414E-01  1.82851395E-01  2.86605511E-01  4.12049371E-01  4.27737313E-01  3.40006165E-01  2.32731160E-01  1.74545562E-01  2.07244409E-01  3.32271033E-01  4.33942832E-01  4.07989410E-01  3.03539660E-01  2.04327562E-01  1.73788485E-01  2.45780538E-01  3.75933653E-01  4.34757523E-01  3.76298160E-01  2.66976316E-01  1.85769603E-01  1.87872910E-01  2.89637903E-01  4.06631341E-01  4.23793859E-01  3.43954722E-01  2.32836857E-01  1.74763432E-01  2.13662348E-01  3.35900111E-01  4.22427940E-01  4.05779094E-01  3.06190614E-01  2.05969798E-01  1.76185175E-01  2.48442580E-01  3.74620682E-01  4.29181187E-01  3.78649245E-01  2.68759684E-01  1.85416782E-01  1.89903268E-01  2.91435546E-01  4.03936381E-01  4.21004547E-01  3.43043313E-01  2.36522702E-01  1.77446339E-01  2.13952760E-01  3.34125284E-01  4.21677675E-01  4.05306875E-01  3.06882750E-01  2.07975747E-01  1.74924365E-01  2.49951770E-01  3.73686220E-01  4.27477714E-01  3.77966832E-01  2.71271369E-01  1.85048052E-01  1.86110395E-01  2.88838661E-01  4.02400014E-01  4.24497032E-01  3.47958590E-01  2.37936664E-01  1.71652903E-01  2.08980689E-01  3.26748362E-01  4.21771540E-01  4.11418216E-01  3.12871039E-01  2.06893141E-01  1.69031003E-01  2.39389691E-01  3.65451044E-01  4.37660703E-01  3.91376624E-01  2.74265301E-01  1.79386385E-01  1.79073295E-01  2.77220196E-01  3.99624274E-01  4.36050512E-01  3.57643079E-01  2.38916213E-01  1.67317112E-01  2.01116761E-01  3.17176204E-01  4.20060845E-01  4.19783938E-01  3.23038668E-01  2.08298773E-01  1.69547384E-01  2.33949869E-01  3.56082272E-01  4.29198349E-01  3.95282307E-01  2.83699172E-01  1.85475524E-01  1.81357690E-01  2.73823755E-01  3.86816997E-01  4.30271079E-01  3.65500562E-01  2.43450541E-01  1.71955426E-01  2.07086775E-01  3.12700721E-01  4.10497033E-01  4.21968553E-01  3.27802150E-01  2.11049725E-01  1.72987978E-01  2.36177368E-01  3.47527752E-01  4.24189621E-01  4.00415568E-01  2.86627577E-01  1.87803014E-01  1.85545500E-01  2.68864984E-01  3.77064474E-01  4.31404185E-01  3.71518013E-01  2.46157097E-01  1.75946349E-01  2.05318776E-01  3.02694375E-01  4.05997892E-01  4.25983164E-01  3.31497131E-01  2.12946937E-01  1.75188745E-01  2.32541162E-01  3.41813859E-01  4.27412815E-01  4.04753471E-01  2.85102382E-01  1.86759835E-01  1.83464714E-01  2.67621922E-01  3.81762586E-01  4.34197268E-01  3.67820408E-01
  3.61329239E-01  4.01296576E-01  3.48076511E-01  2.67451913E-01  2.12843814E-01  2.18881935E-01  2.96778438E-01  3.83349102E-01  3.90596154E-01  3.24066053E-01  2.47444025E-01  2.08552723E-01  2.37273371E-01  3.28268633E-01  3.96188250E-01  3.73813659E-01  2.97621352E-01  2.27922447E-01  2.07804681E-01  2.62225271E-01  3.59311757E-01  4.00529679E-01  3.50877095E-01  2.70136882E-01  2.15692510E-01  2.19016163E-01  2.95823575E-01  3.79792695E-01  3.89129874E-01  3.25879545E-01  2.50754024E-01  2.09240611E-01  2.38070483E-01  3.27911983E-01  3.90494347E-01  3.73939861E-01  3.01906502E-01  2.30966093E-01  2.10273847E-01  2.63929916E-01  3.53524510E-01  3.93886768E-01  3.55537315E-01  2.75717416E-01  2.16742472E-01  2.20394828E-01  2.91250202E-01  3.75592261E-01  3.92650367E-01  3.30886149E-01  2.49161806E-01  2.10981443E-01  2.39633156E-01  3.20766873E-01  3.89897790E-01  3.77057934E-01  3.02603393E-01  2.33810206E-01  2.15067672E-01  2.61147164E-01  3.49659182E-01  3.95258824E-01  3.53466223E-01  2.76650479E-01  2.22132057E-01  2.22179936E-01  2.90778708E-01  3.73434821E-01  3.86598286E-01  3.28302827E-01  2.54724574E-01  2.13564986E-01  2.38676412E-01  3.23697794E-01  3.87376165E-01  3.71508838E-01  3.01446047E-01  2.36937428E-01  2.12153480E-01  2.61161972E-01  3.53779984E-01  3.90076305E-01  3.47746375E-01  2.82130737E-01  2.23144208E-01  2.18227888E-01  2.94264686E-01  3.74384852E-01  3.80278644E-01  3.29370878E-01  2.60174767E-01  2.11305809E-01  2.36139523E-01  3.26472958E-01  3.85225809E-01  3.69815523E-01  3.08584874E-01  2.37768926E-01  2.05661252E-01  2.63581223E-01  3.55186371E-01  3.90399327E-01  3.52603066E-01  2.82844702E-01  2.17978290E-01  2.16571502E-01  2.95689731E-01  3.75351435E-01  3.88013906E-01  3.30498473E-01  2.54953938E-01  2.06740280E-01  2.35660918E-01  3.26804139E-01  3.94157496E-01  3.75907480E-01  3.05510392E-01  2.31742990E-01  2.05397314E-01  2.64395148E-01  3.57511877E-01  3.97750745E-01  3.54857595E-01  2.75184959E-01  2.14854253E-01  2.17701820E-01  2.97150223E-01  3.80855549E-01  3.90747779E-01  3.27849877E-01  2.50172796E-01  2.04363831E-01  2.38706365E-01  3.32300619E-01  3.95723062E-01  3.73648246E-01  2.99463679E-01  2.26938680E-01  2.05850758E-01  2.67080691E-01  3.60310043E-01  3.98884733E-01  3.53569679E-01  2.70679548E-01  2.12808508E-01  2.18070563E-01  2.96114006E-01  3.80708210E-01  3.94494176E-01  3.29658359E-01  2.45339489E-01  2.03694455E-01  2.36041672E-01  3.30806239E-01  3.98147426E-01  3.79047771E-01  2.99267925E-01  2.24628074E-01  2.04666528E-01  2.63997878E-01  3.61709083E-01  4.01331501E-01  3.52755178E-01  2.70538253E-01  2.11822960E-01  2.17246309E-01  2.97940017E-01  3.82524888E-01  3.90123908E-01  3.23748944E-01  2.46580839E-01  2.06627251E-01  2.38327403E-01  3.31146123E-01  3.93340491E-01  3.72895336E-01  2.97947076E-01  2.26831541E-01  2.07913385E-01  2.65204743E-01  3.57748944E-01  3.98696576E-01  3.52761203E-01  2.70275075E-01  2.13519998E-01  2.20074764E-01  2.95413568E-01  3.81926356E-01  3.92252302E-01  3.23416836E-01  2.44438004E-01  2.07459206E-01  2.38783049E-01  3.29733758E-01  3.96913799E-01  3.75367120E-01  2.92855555E-01  2.24581445E-01  2.07473218E-01  2.64082840E-01
  3.65086400E-01  2.74375642E-01  2.06244391E-01  2.18938770E-01  2.94980581E-01  3.76931420E-01  3.96918197E-01  3.34610723E-01  2.43253849E-01  2.01085334E-01  2.39176975E-01  3.24490372E-01  3.95665923E-01  3.86543199E-01  3.01946010E-01  2.18970441E-01  2.07729181E-01  2.64670957E-01  3.52203420E-01  4.01344629E-01  3.64432327E-01  2.68959143E-01  2.07716385E-01  2.23123993E-01  2.93574630E-01  3.71100912E-01  3.96351139E-01  3.37341278E-01  2.42964370E-01  2.06452818E-01  2.46614915E-01  3.16556280E-01  3.82039943E-01  3.87346706E-01  3.06435093E-01  2.21975706E-01  2.17834965E-01  2.69490559E-01  3.33041689E-01  3.90614904E-01  3.70704629E-01  2.73458407E-01  2.13542931E-01  2.34724437E-01  2.91799296E-01  3.53552437E-01  3.88943715E-01  3.41626204E-01  2.50333250E-01  2.13049559E-01  2.49394814E-01  3.10113016E-01  3.69495410E-01  3.85214177E-01  3.15156193E-01  2.27856237E-01  2.17379292E-01  2.66497557E-01  3.28725435E-01  3.84262671E-01  3.75734442E-01  2.82044034E-01  2.09324509E-01  2.30393621E-01  2.89801182E-01  3.47518736E-01  3.92105447E-01  3.50757183E-01  2.47214858E-01  2.05437898E-01  2.48812484E-01  3.12756258E-01  3.72711294E-01  3.89937384E-01  3.15793665E-01  2.17796190E-01  2.09023922E-01  2.73641641E-01  3.40125498E-01  3.89006648E-01  3.73205031E-01  2.78084412E-01  2.00427433E-01  2.24625639E-01  2.97682043E-01  3.59389428E-01  3.93699820E-01  3.47910397E-01  2.42793633E-01  1.99069447E-01  2.47993566E-01  3.18533939E-01  3.76108298E-01  3.88487879E-01  3.13748071E-01  2.18862442E-01  2.10923748E-01  2.71315903E-01  3.37019631E-01  3.85928026E-01  3.71604548E-01  2.81571981E-01  2.08328957E-01  2.26890841E-01  2.93787039E-01  3.55575110E-01  3.86109245E-01  3.46428975E-01  2.50198434E-01  2.08887217E-01  2.49581907E-01  3.13431284E-01  3.70529570E-01  3.82160977E-01  3.15845904E-01  2.29422933E-01  2.19819505E-01  2.71371511E-01  3.33277229E-01  3.79115321E-01  3.65511699E-01  2.85938971E-01  2.17266818E-01  2.34761649E-01  2.94678031E-01  3.53014385E-01  3.78518374E-01  3.42214738E-01  2.57022162E-01  2.13344687E-01  2.53590540E-01  3.18162115E-01  3.68074897E-01  3.74043580E-01  3.13408730E-01  2.34945612E-01  2.23901518E-01  2.71114145E-01  3.34067206E-01  3.76567001E-01  3.63386704E-01  2.87994532E-01  2.22741320E-01  2.33808471E-01  2.91852871E-01  3.51523632E-01  3.82675388E-01  3.43363796E-01  2.54873135E-01  2.19210471E-01  2.51823917E-01  3.10156865E-01  3.67941899E-01  3.80718144E-01  3.11773732E-01  2.35161354E-01  2.21662252E-01  2.68001906E-01  3.37780090E-01  3.85408256E-01  3.59704511E-01  2.77635013E-01  2.20063954E-01  2.30463668E-01  2.93473331E-01  3.62836706E-01  3.86416346E-01  3.34726748E-01  2.50868820E-01  2.12803942E-01  2.44628550E-01  3.16981939E-01  3.80880355E-01  3.84120153E-01  3.07199384E-01  2.26399497E-01  2.15178683E-01  2.65377477E-01  3.43356432E-01  3.94029544E-01  3.64970112E-01  2.76033657E-01  2.13111916E-01  2.25249816E-01  2.90893152E-01  3.67338435E-01  3.93753108E-01  3.37277906E-01  2.48131884E-01  2.09641990E-01  2.42873447E-01  3.18780991E-01  3.83442073E-01  3.84151435E-01  3.07245762E-01  2.24450983E-01  2.08638578E-01  2.66243422E-01  3.47708032E-01  3.96264656E-01
  2.35467360E-01  2.55639254E-01  2.94634169E-01  3.32972959E-01  3.60341259E-01  3.36969071E-01  2.65965988E-01  2.38406494E-01  2.67936448E-01  3.01785939E-01  3.38842483E-01  3.63171117E-01  3.19419333E-01  2.50774375E-01  2.42891977E-01  2.77075137E-01  3.11369784E-01  3.51988459E-01  3.58231851E-01  2.96279758E-01  2.41084637E-01  2.50773273E-01  2.87702739E-01  3.25086546E-01  3.58762168E-01  3.44591923E-01  2.73685546E-01  2.36315937E-01  2.62887491E-01  3.00527848E-01  3.36500170E-01  3.63368385E-01  3.22879166E-01  2.54036142E-01  2.44420171E-01  2.74938545E-01  3.06090278E-01  3.46146580E-01  3.56588985E-01  3.02226216E-01  2.47115117E-01  2.52731502E-01  2.84919621E-01  3.19247896E-01  3.54714848E-01  3.44901723E-01  2.80141296E-01  2.43859150E-01  2.58715710E-01  2.92652407E-01  3.34650720E-01  3.61670697E-01  3.24872490E-01  2.62974892E-01  2.43170812E-01  2.69290976E-01  3.07662198E-01  3.48499821E-01  3.55542075E-01  3.06774471E-01  2.51384666E-01  2.46846058E-01  2.79238223E-01  3.20959581E-01  3.56336809E-01  3.48235266E-01  2.84302157E-01  2.40971789E-01  2.56813604E-01  2.95582546E-01  3.34791752E-01  3.61674691E-01  3.29199145E-01  2.59826312E-01  2.40216567E-01  2.70201247E-01  3.10703811E-01  3.50262547E-01  3.59232814E-01  2.99818679E-01  2.43051758E-01  2.46612850E-01  2.87106819E-01  3.31022154E-01  3.61727743E-01  3.42026556E-01  2.73303224E-01  2.36279165E-01  2.57987442E-01  3.01157507E-01  3.45161604E-01  3.65380327E-01  3.22457975E-01  2.51803773E-01  2.34319529E-01  2.70721670E-01  3.16331425E-01  3.59046995E-01  3.64336044E-01  2.99437548E-01  2.32445678E-01  2.41706245E-01  2.84110087E-01  3.30077206E-01  3.72503832E-01  3.54252169E-01  2.67028118E-01  2.25161396E-01  2.55234511E-01  2.97779799E-01  3.49177729E-01  3.79006527E-01  3.25155468E-01  2.41229129E-01  2.28991859E-01  2.68735704E-01  3.17911367E-01  3.69226609E-01  3.70082984E-01  2.91999522E-01  2.26289871E-01  2.36313210E-01  2.86492353E-01  3.39522446E-01  3.81260304E-01  3.49133954E-01  2.61559560E-01  2.19489017E-01  2.52783101E-01  3.07692780E-01  3.58402352E-01  3.78857261E-01  3.18286909E-01  2.35453531E-01  2.24942531E-01  2.73376274E-01  3.29603808E-01  3.75178461E-01  3.65275843E-01  2.84438355E-01  2.19115778E-01  2.38440226E-01  2.95848183E-01  3.50067312E-01  3.81466436E-01  3.42153356E-01  2.51908722E-01  2.15975799E-01  2.59286225E-01  3.15583561E-01  3.65435767E-01  3.77466124E-01  3.11335659E-01  2.28175716E-01  2.26554671E-01  2.81754414E-01  3.31534137E-01  3.70806742E-01  3.62303676E-01  2.80765824E-01  2.18351109E-01  2.43866286E-01  3.00713013E-01  3.42781702E-01  3.74413666E-01  3.40973287E-01  2.52880044E-01  2.21589715E-01  2.64126603E-01  3.10879108E-01  3.57746714E-01  3.74772872E-01  3.12630579E-01  2.32831551E-01  2.32598605E-01  2.82187606E-01  3.26139651E-01  3.68584128E-01  3.60475390E-01  2.78948745E-01  2.24395576E-01  2.53395868E-01  2.97616007E-01  3.38735646E-01  3.72595509E-01  3.36193569E-01  2.54596022E-01  2.30860067E-01  2.69335857E-01  3.08811152E-01  3.51732454E-01  3.69177648E-01  3.09509137E-01  2.39842935E-01  2.43238696E-01  2.80432522E-01  3.22164838E-01  3.61641312E-01  3.53730841E-01  2.83603029E-01
  2.91683740E-01  3.32326020E-01  3.43019213E-01  3.13509044E-01  2.79728695E-01  2.65752063E-01  2.69411517E-01  3.00498147E-01  3.40593111E-01  3.37097797E-01  3.01516161E-01  2.75633993E-01  2.65348858E-01  2.73271767E-01  3.15445677E-01  3.45435824E-01  3.26582319E-01  2.91321221E-01  2.71953566E-01  2.61499935E-01  2.81878279E-01  3.32316177E-01  3.45896291E-01  3.12887422E-01  2.82326726E-01  2.65463201E-01  2.66002237E-01  2.99761933E-01  3.43001350E-01  3.35563436E-01  3.00762230E-01  2.74859378E-01  2.61463639E-01  2.74428689E-01  3.20757531E-01  3.47621835E-01  3.25459783E-01  2.91570548E-01  2.66014729E-01  2.58882966E-01  2.87768052E-01  3.37151435E-01  3.43810360E-01  3.13223592E-01  2.80503161E-01  2.62555357E-01  2.65229699E-01  3.04768442E-01  3.45764047E-01  3.36195484E-01  3.02920482E-01  2.74132208E-01  2.60883316E-01  2.73301424E-01  3.20762975E-01  3.47176023E-01  3.24931519E-01  2.89512828E-01  2.70370895E-01  2.61053742E-01  2.86455380E-01  3.34365592E-01  3.44000499E-01  3.09917162E-01  2.82915693E-01  2.66374771E-01  2.66286918E-01  3.02680396E-01  3.43627320E-01  3.33901007E-01  2.98278224E-01  2.77379978E-01  2.62465679E-01  2.76090358E-01  3.21522467E-01  3.45942038E-01  3.24428093E-01  2.90927226E-01  2.68135684E-01  2.59892418E-01  2.90643988E-01  3.35640004E-01  3.46671854E-01  3.14652510E-01  2.77877354E-01  2.56835515E-01  2.65914876E-01  3.07956323E-01  3.48864485E-01  3.41959007E-01  3.00608071E-01  2.64402562E-01  2.54709959E-01  2.82744260E-01  3.29840146E-01  3.53353419E-01  3.23379059E-01  2.81726874E-01  2.57276634E-01  2.62139157E-01  3.00597839E-01  3.45250490E-01  3.46081673E-01  3.08037383E-01  2.69729546E-01  2.54766046E-01  2.69845318E-01  3.18827024E-01  3.53461132E-01  3.38018407E-01  2.90616526E-01  2.58501005E-01  2.53776183E-01  2.84225926E-01  3.38722994E-01  3.59250985E-01  3.21614577E-01  2.72689028E-01  2.50544162E-01  2.62079531E-01  3.06008297E-01  3.50563427E-01  3.49857924E-01  3.02943647E-01  2.62617692E-01  2.52005592E-01  2.74681798E-01  3.25353132E-01  3.58112992E-01  3.37290420E-01  2.82859597E-01  2.52095587E-01  2.56888636E-01  2.89037129E-01  3.41562517E-01  3.62247799E-01  3.21272540E-01  2.65649603E-01  2.46727909E-01  2.64165726E-01  3.07524147E-01  3.54280446E-01  3.56747482E-01  3.02194032E-01  2.52918797E-01  2.48538243E-01  2.74714578E-01  3.23840274E-01  3.65873347E-01  3.41440574E-01  2.82588244E-01  2.51490396E-01  2.53622610E-01  2.86329302E-01  3.44762447E-01  3.62521518E-01  3.19008425E-01  2.69811534E-01  2.49688936E-01  2.58840743E-01  3.05573500E-01  3.57055376E-01  3.51312030E-01  3.02967930E-01  2.62397029E-01  2.48581718E-01  2.70250944E-01  3.24466226E-01  3.56482237E-01  3.33388727E-01  2.88816337E-01  2.60931492E-01  2.55960686E-01  2.81143466E-01  3.35190519E-01  3.53173632E-01  3.20288532E-01  2.79213185E-01  2.59800256E-01  2.59288895E-01  2.98690372E-01  3.44599120E-01  3.47524262E-01  3.03556363E-01  2.71530300E-01  2.57948457E-01  2.69822857E-01  3.16741862E-01  3.47068694E-01  3.30232915E-01  2.95258680E-01  2.67998794E-01  2.58949016E-01  2.82528531E-01  3.26092149E-01  3.43999874E-01  3.24021100E-01  2.87353742E-01  2.65656958E-01  2.65484374E-01
  3.67242426E-01  3.39934099E-01  2.90007855E-01  2.37160325E-01  2.35406362E-01  2.95514494E-01  3.56000716E-01  3.60985280E-01  3.25953666E-01  2.72769061E-01  2.29657366E-01  2.52097164E-01  3.19588431E-01  3.61450779E-01  3.52937343E-01  3.10936503E-01  2.51782530E-01  2.29918197E-01  2.73050468E-01  3.39649265E-01  3.62452159E-01  3.38336951E-01  2.86717142E-01  2.39785426E-01  2.41308822E-01  2.99466481E-01  3.55682513E-01  3.54065454E-01  3.17339861E-01  2.71660583E-01  2.34003738E-01  2.54890350E-01  3.23687001E-01  3.63468198E-01  3.40515230E-01  3.02443596E-01  2.58513547E-01  2.33471623E-01  2.76055173E-01  3.46288590E-01  3.57838887E-01  3.27131454E-01  2.88283442E-01  2.46588440E-01  2.41392984E-01  2.98907188E-01  3.55487786E-01  3.52738233E-01  3.13899671E-01  2.73767137E-01  2.41853743E-01  2.53888395E-01  3.22823187E-01  3.64422156E-01  3.37471161E-01  2.97944092E-01  2.63006439E-01  2.38391488E-01  2.73828963E-01  3.45174761E-01  3.60525005E-01  3.22844242E-01  2.85753476E-01  2.50728869E-01  2.42887350E-01  2.97920325E-01  3.58474968E-01  3.53355503E-01  3.10992651E-01  2.73314828E-01  2.40563035E-01  2.54100212E-01  3.23027627E-01  3.67453797E-01  3.40920992E-01  2.95710757E-01  2.60575429E-01  2.38519908E-01  2.72211555E-01  3.45455773E-01  3.64250176E-01  3.25229334E-01  2.87160354E-01  2.48505461E-01  2.36920738E-01  2.97957870E-01  3.62723408E-01  3.56679489E-01  3.14918405E-01  2.71613660E-01  2.33366295E-01  2.51811602E-01  3.26394274E-01  3.68959074E-01  3.44759365E-01  2.99882835E-01  2.56120420E-01  2.31612236E-01  2.73431787E-01  3.49010003E-01  3.69563640E-01  3.30916148E-01  2.82951932E-01  2.41164614E-01  2.34740941E-01  2.98669160E-01  3.65870230E-01  3.61893102E-01  3.14234541E-01  2.65985181E-01  2.29826614E-01  2.51912065E-01  3.28372210E-01  3.72959208E-01  3.48171117E-01  2.97151228E-01  2.47429724E-01  2.31014829E-01  2.77469983E-01  3.53325248E-01  3.69317816E-01  3.31772954E-01  2.78684981E-01  2.35193630E-01  2.37937911E-01  3.03467816E-01  3.67657101E-01  3.60305117E-01  3.14706601E-01  2.65911561E-01  2.32291609E-01  2.53115982E-01  3.25106129E-01  3.70452838E-01  3.50770293E-01  2.98181774E-01  2.51930691E-01  2.32588558E-01  2.72139674E-01  3.44589846E-01  3.71958384E-01  3.35904206E-01  2.81984323E-01  2.41910362E-01  2.35807441E-01  2.92481803E-01  3.59961667E-01  3.66929070E-01  3.20588034E-01  2.72094563E-01  2.32940501E-01  2.47341219E-01  3.18356236E-01  3.68292347E-01  3.52531281E-01  3.05748038E-01  2.58797879E-01  2.31077526E-01  2.67532692E-01  3.37424248E-01  3.68597886E-01  3.40823005E-01  2.91949534E-01  2.43164825E-01  2.35935746E-01  2.91846199E-01  3.55860887E-01  3.64707009E-01  3.24662348E-01  2.72061861E-01  2.32519912E-01  2.50457637E-01  3.18905946E-01  3.64710050E-01  3.51694962E-01  3.07747028E-01  2.57133130E-01  2.29503212E-01  2.66993720E-01  3.40422682E-01  3.70429701E-01  3.37626009E-01  2.91555720E-01  2.40334866E-01  2.32102113E-01  2.93048420E-01  3.57291722E-01  3.61761197E-01  3.24796160E-01  2.72405286E-01  2.27759320E-01  2.48800602E-01  3.20507244E-01  3.64296215E-01  3.52872248E-01  3.09676022E-01  2.50808111E-01  2.25442045E-01  2.71953942E-01  3.43751597E-01
  3.45342492E-01  2.95381119E-01  2.62463003E-01  2.69008061E-01  2.80797256E-01  3.14106239E-01  3.50962204E-01  3.33999422E-01  2.76485603E-01  2.61836547E-01  2.69017354E-01  2.86221045E-01  3.30147865E-01  3.56404932E-01  3.18979608E-01  2.65046691E-01  2.58384588E-01  2.68842787E-01  3.00174464E-01  3.48101552E-01  3.53684955E-01  2.94754611E-01  2.55682251E-01  2.61695244E-01  2.76997110E-01  3.17773857E-01  3.59639519E-01  3.36543474E-01  2.72674235E-01  2.55350100E-01  2.67208496E-01  2.89213949E-01  3.37519724E-01  3.64248899E-01  3.11685825E-01  2.56042874E-01  2.55962766E-01  2.73563613E-01  3.08985108E-01  3.54575544E-01  3.52457048E-01  2.85692242E-01  2.48608153E-01  2.62038607E-01  2.85658395E-01  3.28163623E-01  3.65294799E-01  3.30659937E-01  2.60898915E-01  2.47899762E-01  2.71049149E-01  3.03463475E-01  3.46551205E-01  3.59742884E-01  2.99704859E-01  2.49861482E-01  2.57817196E-01  2.83333975E-01  3.17427359E-01  3.55458434E-01  3.42736983E-01  2.79432461E-01  2.49396846E-01  2.63785952E-01  2.92813538E-01  3.35643100E-01  3.60222203E-01  3.21667853E-01  2.61382186E-01  2.50456432E-01  2.71606365E-01  3.07515822E-01  3.48732683E-01  3.53425216E-01  2.98575155E-01  2.52104757E-01  2.53981615E-01  2.82582025E-01  3.23846404E-01  3.58321956E-01  3.37803474E-01  2.77416824E-01  2.45992822E-01  2.64542508E-01  2.97960744E-01  3.38660236E-01  3.57402168E-01  3.20729786E-01  2.58644069E-01  2.48688317E-01  2.76570081E-01  3.10603267E-01  3.46131140E-01  3.48819339E-01  2.99795374E-01  2.51055998E-01  2.56921634E-01  2.87010533E-01  3.23364270E-01  3.51793391E-01  3.38758427E-01  2.80900242E-01  2.46574067E-01  2.64629848E-01  2.99485953E-01  3.33897609E-01  3.55846922E-01  3.22890556E-01  2.62054795E-01  2.50180681E-01  2.79025465E-01  3.07844439E-01  3.41305900E-01  3.50765003E-01  3.03305978E-01  2.53809453E-01  2.59921444E-01  2.85050816E-01  3.14408601E-01  3.47100095E-01  3.39904941E-01  2.89929542E-01  2.53730510E-01  2.65493744E-01  2.90537829E-01  3.22586024E-01  3.51957733E-01  3.30526667E-01  2.71976472E-01  2.55205990E-01  2.71913612E-01  2.94276843E-01  3.36645487E-01  3.52806229E-01  3.11134254E-01  2.62551790E-01  2.60888740E-01  2.79725180E-01  3.08260620E-01  3.44787437E-01  3.42297834E-01  2.92274136E-01  2.59385129E-01  2.67479214E-01  2.87359942E-01  3.20500369E-01  3.49204528E-01  3.27374073E-01  2.74313721E-01  2.60099448E-01  2.78100634E-01  2.96028623E-01  3.29941564E-01  3.48741943E-01  3.08928004E-01  2.62551640E-01  2.66628240E-01  2.84319615E-01  3.05586314E-01  3.43112563E-01  3.41962332E-01  2.88449363E-01  2.58253516E-01  2.72802050E-01  2.87215916E-01  3.16368192E-01  3.51281474E-01  3.27308755E-01  2.71842984E-01  2.62153886E-01  2.76140277E-01  2.93006133E-01  3.30351891E-01  3.49961437E-01  3.09329157E-01  2.65864973E-01  2.67032406E-01  2.78758134E-01  3.00397365E-01  3.40827052E-01  3.44820513E-01  2.94276930E-01  2.63378045E-01  2.71132007E-01  2.81018812E-01  3.14966464E-01  3.48978673E-01  3.30683569E-01  2.76827799E-01  2.64941604E-01  2.73729374E-01  2.89610753E-01  3.29092631E-01  3.52115808E-01  3.12621442E-01  2.65754951E-01  2.68112019E-01  2.75533627E-01  2.98849219E-01  3.42002969E-01
  3.76440022E-01  3.13342939E-01  2.49112516E-01  2.26337680E-01  2.57287743E-01  3.25873887E-01  3.80817305E-01  3.59252297E-01  2.86752723E-01  2.34702294E-01  2.30871389E-01  2.78740579E-01  3.53052438E-01  3.84818886E-01  3.36038413E-01  2.62890892E-01  2.24822426E-01  2.43227862E-01  3.06591771E-01  3.72296781E-01  3.77384506E-01  3.09565846E-01  2.42109072E-01  2.26509276E-01  2.61303623E-01  3.31518774E-01  3.85877100E-01  3.60882451E-01  2.81399229E-01  2.28294594E-01  2.32981944E-01  2.80983406E-01  3.53660681E-01  3.92690999E-01  3.36971928E-01  2.53234064E-01  2.25717555E-01  2.46658061E-01  3.02368299E-01  3.76292483E-01  3.83806107E-01  3.03636593E-01  2.37813600E-01  2.28629177E-01  2.61203005E-01  3.29833308E-01  3.90662947E-01  3.60093834E-01  2.75961627E-01  2.29321211E-01  2.37529757E-01  2.80014470E-01  3.58254921E-01  3.92404605E-01  3.29764784E-01  2.51045079E-01  2.28026414E-01  2.49689150E-01  3.07774621E-01  3.79575315E-01  3.77803987E-01  2.99838164E-01  2.36092715E-01  2.30182786E-01  2.67136073E-01  3.35808905E-01  3.88186638E-01  3.54249751E-01  2.70470704E-01  2.27141813E-01  2.41232166E-01  2.91139964E-01  3.55441034E-01  3.84841953E-01  3.27371642E-01  2.50330934E-01  2.30680810E-01  2.57056985E-01  3.09450284E-01  3.71216465E-01  3.74220316E-01  2.98507182E-01  2.38620172E-01  2.37547491E-01  2.69111775E-01  3.30912694E-01  3.82946364E-01  3.52531285E-01  2.73416950E-01  2.34170466E-01  2.43320633E-01  2.88224543E-01  3.52479747E-01  3.80389698E-01  3.27031351E-01  2.57453707E-01  2.32255225E-01  2.54189032E-01  3.07609608E-01  3.67574292E-01  3.74296857E-01  3.04986751E-01  2.42680270E-01  2.33840466E-01  2.65391367E-01  3.29709931E-01  3.81891243E-01  3.56006986E-01  2.80236783E-01  2.34406814E-01  2.37154878E-01  2.82110872E-01  3.52610954E-01  3.86639109E-01  3.33625131E-01  2.59154355E-01  2.26997351E-01  2.45035160E-01  3.02975411E-01  3.72920552E-01  3.80555223E-01  3.07531541E-01  2.40818378E-01  2.25311306E-01  2.61183972E-01  3.31232666E-01  3.86417883E-01  3.58921084E-01  2.80163944E-01  2.30172684E-01  2.32148097E-01  2.80976910E-01  3.54725811E-01  3.85044597E-01  3.35466849E-01  2.59810282E-01  2.27690524E-01  2.42177800E-01  3.02694307E-01  3.73002992E-01  3.77251565E-01  3.10852717E-01  2.46237663E-01  2.25395244E-01  2.55885612E-01  3.29044871E-01  3.83627420E-01  3.59852681E-01  2.86141905E-01  2.34370487E-01  2.28785192E-01  2.76369172E-01  3.55323446E-01  3.87125023E-01  3.32037220E-01  2.61925504E-01  2.29554896E-01  2.41063241E-01  3.04592384E-01  3.74838628E-01  3.73247008E-01  3.01787510E-01  2.45809047E-01  2.31079688E-01  2.61046477E-01  3.28835266E-01  3.80325624E-01  3.52590081E-01  2.81830546E-01  2.38880072E-01  2.36264063E-01  2.78839700E-01  3.49829462E-01  3.80865171E-01  3.32992307E-01  2.63657989E-01  2.31009287E-01  2.42417913E-01  3.02079789E-01  3.71298452E-01  3.72738274E-01  3.07412463E-01  2.48368607E-01  2.29118252E-01  2.58210801E-01  3.28278881E-01  3.79168720E-01  3.56661714E-01  2.87386894E-01  2.35837192E-01  2.31559716E-01  2.77471903E-01  3.48495967E-01  3.80949101E-01  3.36574563E-01  2.67644902E-01  2.31405330E-01  2.41642475E-01  2.99093962E-01  3.65400304E-01
  3.00806902E-01  2.70369275E-01  2.47793124E-01  2.75573291E-01  3.37779509E-01  3.52480639E-01  3.18643880E-01  2.90768315E-01  2.57406694E-01  2.50323948E-01  3.00885872E-01  3.49954212E-01  3.41352547E-01  3.10162508E-01  2.78219290E-01  2.47897342E-01  2.64865566E-01  3.22764165E-01  3.52527596E-01  3.30891703E-01  2.96418148E-01  2.64985856E-01  2.49286411E-01  2.84658977E-01  3.38842320E-01  3.47715023E-01  3.17383495E-01  2.87230629E-01  2.58293819E-01  2.55153078E-01  3.03088621E-01  3.46703822E-01  3.37971640E-01  3.08990261E-01  2.80975994E-01  2.52774036E-01  2.65151431E-01  3.18188373E-01  3.45720671E-01  3.30098463E-01  3.02437260E-01  2.70755738E-01  2.52897850E-01  2.82264330E-01  3.29671412E-01  3.40897289E-01  3.21941710E-01  2.95983765E-01  2.63494646E-01  2.58149843E-01  2.95114164E-01  3.35566510E-01  3.37184575E-01  3.18131340E-01  2.86487680E-01  2.58029655E-01  2.65308886E-01  3.09542836E-01  3.41155707E-01  3.33250936E-01  3.06624326E-01  2.75641425E-01  2.54637744E-01  2.75182077E-01  3.23801906E-01  3.44618986E-01  3.24925617E-01  2.96420569E-01  2.65760009E-01  2.56192887E-01  2.91679393E-01  3.36097318E-01  3.41266286E-01  3.14989498E-01  2.83852387E-01  2.55813276E-01  2.62116190E-01  3.10873303E-01  3.45668911E-01  3.36231968E-01  3.03019803E-01  2.72870267E-01  2.52122547E-01  2.76737290E-01  3.28710400E-01  3.49070952E-01  3.23197467E-01  2.93062478E-01  2.63335290E-01  2.50741027E-01  2.93363570E-01  3.43862965E-01  3.44120941E-01  3.12313831E-01  2.83888490E-01  2.53775318E-01  2.60104469E-01  3.14342744E-01  3.47902326E-01  3.32896382E-01  3.04562471E-01  2.71980212E-01  2.50219321E-01  2.77071969E-01  3.33640354E-01  3.47417242E-01  3.20286407E-01  2.94796114E-01  2.64992078E-01  2.50590804E-01  2.96072308E-01  3.45163254E-01  3.38288718E-01  3.10114211E-01  2.86870617E-01  2.53223538E-01  2.61513825E-01  3.18292374E-01  3.49508533E-01  3.28013503E-01  3.04881671E-01  2.73875909E-01  2.46856615E-01  2.78975974E-01  3.39337255E-01  3.45953901E-01  3.16664503E-01  2.94252192E-01  2.58338152E-01  2.50562734E-01  3.02962503E-01  3.50541336E-01  3.38677893E-01  3.08370073E-01  2.80516508E-01  2.46462527E-01  2.64725552E-01  3.29205202E-01  3.55003659E-01  3.24404969E-01  2.98767134E-01  2.64381909E-01  2.44609987E-01  2.87293592E-01  3.46493785E-01  3.46895538E-01  3.14195003E-01  2.86457598E-01  2.53941546E-01  2.53129397E-01  3.08151104E-01  3.52352283E-01  3.37009337E-01  3.05214079E-01  2.78212397E-01  2.49247233E-01  2.66374833E-01  3.25514666E-01  3.53318185E-01  3.25287323E-01  2.97161971E-01  2.68053567E-01  2.47262901E-01  2.81409280E-01  3.44259847E-01  3.49905193E-01  3.14933478E-01  2.88340850E-01  2.58203592E-01  2.50952581E-01  3.03767858E-01  3.52139595E-01  3.38258825E-01  3.06050206E-01  2.81359231E-01  2.50385569E-01  2.61838561E-01  3.21820843E-01  3.52583619E-01  3.29472207E-01  3.03117653E-01  2.69485891E-01  2.45446974E-01  2.77148275E-01  3.37562856E-01  3.49496817E-01  3.20886884E-01  2.92137163E-01  2.59219415E-01  2.51372138E-01  2.97805722E-01  3.47198267E-01  3.41311880E-01  3.09168565E-01  2.82164007E-01  2.54141739E-01  2.59695234E-01  3.16892390E-01  3.53804120E-01  3.32554114E-01
  2.14251156E-01  3.50033282E-01  4.46975108E-01  4.01077585E-01  2.83463025E-01  1.97985371E-01  1.72094451E-01  2.49431176E-01  3.94651395E-01  4.47743499E-01  3.62271628E-01  2.50072013E-01  1.82037978E-01  1.83556485E-01  2.97771166E-01  4.28689147E-01  4.32129089E-01  3.23259729E-01  2.22272143E-01  1.70061903E-01  2.09624355E-01  3.45447889E-01  4.51440732E-01  4.04543036E-01  2.85066628E-01  1.97027843E-01  1.68010188E-01  2.47273649E-01  3.97663909E-01  4.54112896E-01  3.64061721E-01  2.48917880E-01  1.75989659E-01  1.78729098E-01  2.96096641E-01  4.35239214E-01  4.36298821E-01  3.24157629E-01  2.21321080E-01  1.64540329E-01  2.05838304E-01  3.50244620E-01  4.54174646E-01  4.03347046E-01  2.90971853E-01  1.95434458E-01  1.59311081E-01  2.45656588E-01  3.98965189E-01  4.52660086E-01  3.68749893E-01  2.54884698E-01  1.70812437E-01  1.73514881E-01  2.98206695E-01  4.33167939E-01  4.36148655E-01  3.32346570E-01  2.20011618E-01  1.58132591E-01  2.05091406E-01  3.48538902E-01  4.46189467E-01  4.10702945E-01  2.95634562E-01  1.92672976E-01  1.59324780E-01  2.43491367E-01  3.88548036E-01  4.49129347E-01  3.76325024E-01  2.58895248E-01  1.72685400E-01  1.78563618E-01  2.94028042E-01  4.21664615E-01  4.32102254E-01  3.36362439E-01  2.24175220E-01  1.63858103E-01  2.10914531E-01  3.43455441E-01  4.33215631E-01  4.06006048E-01  2.96269938E-01  1.97072047E-01  1.69125335E-01  2.53613637E-01  3.83399966E-01  4.34368137E-01  3.68847589E-01  2.61223613E-01  1.79998448E-01  1.86651893E-01  2.98546952E-01  4.13025572E-01  4.20580360E-01  3.33880752E-01  2.30182411E-01  1.70016704E-01  2.13800893E-01  3.41183267E-01  4.32086457E-01  3.99338123E-01  2.98532332E-01  2.02384445E-01  1.67913257E-01  2.51159407E-01  3.86366742E-01  4.36255031E-01  3.71506419E-01  2.59161308E-01  1.76860577E-01  1.83560074E-01  2.97695605E-01  4.17515619E-01  4.30783116E-01  3.38451994E-01  2.21915264E-01  1.64429642E-01  2.06729884E-01  3.37399984E-01  4.41767646E-01  4.16982738E-01  2.95679008E-01  1.91605235E-01  1.65939090E-01  2.42515677E-01  3.82169144E-01  4.53061374E-01  3.79552577E-01  2.52449211E-01  1.74964893E-01  1.80274483E-01  2.89229651E-01  4.23264054E-01  4.40179925E-01  3.31420582E-01  2.19842073E-01  1.65965972E-01  2.07241085E-01  3.35977991E-01  4.49183282E-01  4.17547594E-01  2.90205353E-01  1.88808811E-01  1.68244624E-01  2.42821179E-01  3.83822060E-01  4.59972821E-01  3.77526206E-01  2.45028445E-01  1.73988277E-01  1.84860357E-01  2.88500026E-01  4.24065620E-01  4.47001143E-01  3.31144593E-01  2.11927310E-01  1.68857423E-01  2.11594560E-01  3.38579151E-01  4.50703953E-01  4.15665726E-01  2.81620762E-01  1.90192435E-01  1.73824810E-01  2.44008325E-01  3.91729042E-01  4.63317888E-01  3.68066996E-01  2.39497015E-01  1.78260372E-01  1.85585951E-01  2.88058327E-01  4.32519813E-01  4.46925777E-01  3.19804549E-01  2.13831323E-01  1.74622208E-01  2.08588325E-01  3.41930301E-01  4.55500688E-01  4.04685834E-01  2.80427147E-01  1.98195757E-01  1.73552950E-01  2.46418522E-01  3.95077609E-01  4.54400321E-01  3.63053959E-01  2.45932124E-01  1.79118429E-01  1.86117929E-01  2.97447360E-01  4.29570452E-01  4.36486548E-01  3.22975551E-01  2.17014887E-01  1.70130220E-01
  2.75126973E-01  2.95773954E-01  3.06175751E-01  3.15051110E-01  3.20272219E-01  3.01732293E-01  2.75655998E-01  2.79364001E-01  3.01394301E-01  3.09925823E-01  3.18027101E-01  3.17064006E-01  2.89543364E-01  2.69377576E-01  2.88479297E-01  3.10918553E-01  3.13456753E-01  3.19637170E-01  3.09864959E-01  2.79156355E-01  2.71892642E-01  2.99249963E-01  3.13105259E-01  3.14608936E-01  3.21481051E-01  2.97362931E-01  2.68927795E-01  2.79837969E-01  3.05946750E-01  3.15759208E-01  3.22136030E-01  3.17144470E-01  2.83428110E-01  2.65236353E-01  2.90802206E-01  3.14012506E-01  3.19542575E-01  3.24876288E-01  3.06399136E-01  2.67789420E-01  2.69459869E-01  3.00846114E-01  3.17502621E-01  3.26510810E-01  3.25533862E-01  2.92928738E-01  2.59261075E-01  2.76698914E-01  3.06929413E-01  3.23032809E-01  3.31005173E-01  3.17915304E-01  2.77483846E-01  2.60875372E-01  2.83674424E-01  3.12177011E-01  3.25918183E-01  3.32625460E-01  3.07846448E-01  2.67297422E-01  2.64625716E-01  2.94282630E-01  3.11976192E-01  3.27138675E-01  3.32587207E-01  2.96162385E-01  2.62129280E-01  2.75262932E-01  2.99273919E-01  3.10626803E-01  3.34322565E-01  3.27310804E-01  2.81407915E-01  2.63270412E-01  2.85129272E-01  2.99362011E-01  3.17417709E-01  3.39949542E-01  3.13883327E-01  2.67728188E-01  2.68803723E-01  2.91234938E-01  3.03011255E-01  3.28324644E-01  3.37590075E-01  2.94201032E-01  2.65505140E-01  2.74981727E-01  2.91303824E-01  3.11049915E-01  3.40067087E-01  3.27092958E-01  2.81507596E-01  2.63977798E-01  2.78534391E-01  2.96007124E-01  3.21283728E-01  3.43258062E-01  3.15567219E-01  2.68788081E-01  2.64239066E-01  2.84392385E-01  3.03718155E-01  3.31347048E-01  3.36955584E-01  3.00853385E-01  2.65473087E-01  2.68874044E-01  2.90573298E-01  3.13249742E-01  3.34615119E-01  3.29069920E-01  2.88835980E-01  2.62005745E-01  2.74011177E-01  2.97518495E-01  3.21626334E-01  3.35008018E-01  3.19377135E-01  2.81414823E-01  2.59373330E-01  2.78689317E-01  3.06558840E-01  3.28908933E-01  3.35704156E-01  3.11797238E-01  2.67569339E-01  2.58608747E-01  2.91429343E-01  3.14407431E-01  3.31158360E-01  3.34029925E-01  2.95194453E-01  2.56977284E-01  2.69101953E-01  2.97601544E-01  3.16574155E-01  3.39814157E-01  3.28639614E-01  2.76385269E-01  2.53315618E-01  2.79921511E-01  3.03504287E-01  3.26881801E-01  3.46086245E-01  3.13438515E-01  2.61037654E-01  2.57839319E-01  2.90164029E-01  3.11724983E-01  3.36404060E-01  3.39852622E-01  2.94610184E-01  2.54087886E-01  2.70433508E-01  2.98227051E-01  3.17065687E-01  3.40988229E-01  3.29536729E-01  2.77330863E-01  2.54390292E-01  2.79972787E-01  3.03614714E-01  3.25296072E-01  3.45453934E-01  3.14281043E-01  2.62998199E-01  2.60380156E-01  2.89056068E-01  3.07076538E-01  3.34392044E-01  3.40145367E-01  2.94898815E-01  2.57214516E-01  2.69554804E-01  2.96417116E-01  3.15092034E-01  3.36279846E-01  3.29966319E-01  2.79439322E-01  2.57001448E-01  2.81951492E-01  3.06676707E-01  3.20763103E-01  3.34998348E-01  3.09589344E-01  2.68743913E-01  2.67929065E-01  2.97853257E-01  3.11955776E-01  3.22920989E-01  3.23213444E-01  2.94136025E-01  2.68365377E-01  2.82858825E-01  3.02871699E-01  3.14339441E-01  3.22934708E-01  3.13117862E-01  2.80728652E-01
  3.66231584E-01  3.58908487E-01  2.91960760E-01  2.48426903E-01  2.47133225E-01  2.71376913E-01  3.34565900E-01  3.76527137E-01  3.36072785E-01  2.68706474E-01  2.45938563E-01  2.52651937E-01  2.90739460E-01  3.52970155E-01  3.72278012E-01  3.12962086E-01  2.56193924E-01  2.42621278E-01  2.58880653E-01  3.11015720E-01  3.69118267E-01  3.59459947E-01  2.90279615E-01  2.46303592E-01  2.43618166E-01  2.70831027E-01  3.35603069E-01  3.78225946E-01  3.39022219E-01  2.72788550E-01  2.39417388E-01  2.47105290E-01  2.92690674E-01  3.57503476E-01  3.70877876E-01  3.16855538E-01  2.55272087E-01  2.35245999E-01  2.60127734E-01  3.16064649E-01  3.65925823E-01  3.62741381E-01  2.99705545E-01  2.41240082E-01  2.35987697E-01  2.77305650E-01  3.33996780E-01  3.71168965E-01  3.48538609E-01  2.78581023E-01  2.33870692E-01  2.44040890E-01  2.92450654E-01  3.51097229E-01  3.74976152E-01  3.28153837E-01  2.59133945E-01  2.31542549E-01  2.55537118E-01  3.08637979E-01  3.67367687E-01  3.72442817E-01  3.04711417E-01  2.39763740E-01  2.32761882E-01  2.68915608E-01  3.30949798E-01  3.84946144E-01  3.56306393E-01  2.75045590E-01  2.29914143E-01  2.41136321E-01  2.85919947E-01  3.52523489E-01  3.85291184E-01  3.31318471E-01  2.52477996E-01  2.28394262E-01  2.55855881E-01  3.07631523E-01  3.74715385E-01  3.75471007E-01  2.97408305E-01  2.36251507E-01  2.37258060E-01  2.68283795E-01  3.32080119E-01  3.86795877E-01  3.51345815E-01  2.69548293E-01  2.34037438E-01  2.45331834E-01  2.87256783E-01  3.59764760E-01  3.82284753E-01  3.17574859E-01  2.50820996E-01  2.33311015E-01  2.56989551E-01  3.17286738E-01  3.75421193E-01  3.60998456E-01  2.92309723E-01  2.40742358E-01  2.37442336E-01  2.73489188E-01  3.40412885E-01  3.80840453E-01  3.42560508E-01  2.70123164E-01  2.33926440E-01  2.43119471E-01  2.93367529E-01  3.62273095E-01  3.75827301E-01  3.17131271E-01  2.55663366E-01  2.32152090E-01  2.55720739E-01  3.17565906E-01  3.73645164E-01  3.60811753E-01  2.94212640E-01  2.41304274E-01  2.36233855E-01  2.72595641E-01  3.39990662E-01  3.77138344E-01  3.39025462E-01  2.71344894E-01  2.41285279E-01  2.45750486E-01  2.89470154E-01  3.58095183E-01  3.73936235E-01  3.14260813E-01  2.57161472E-01  2.41165008E-01  2.54687155E-01  3.09564392E-01  3.73802570E-01  3.61514466E-01  2.92265141E-01  2.47678493E-01  2.42525214E-01  2.70857491E-01  3.34143753E-01  3.76518561E-01  3.37529612E-01  2.75380231E-01  2.44898048E-01  2.47854125E-01  2.89665119E-01  3.52311827E-01  3.69901651E-01  3.18905148E-01  2.59755753E-01  2.40530683E-01  2.62099472E-01  3.10752831E-01  3.65076889E-01  3.58026469E-01  2.93352872E-01  2.47272935E-01  2.47918111E-01  2.75876671E-01  3.33184658E-01  3.71128140E-01  3.34368173E-01  2.72400785E-01  2.46220836E-01  2.55024678E-01  2.96011308E-01  3.50259533E-01  3.61367533E-01  3.10343219E-01  2.58770917E-01  2.47460516E-01  2.66611443E-01  3.12582178E-01  3.60955369E-01  3.51303327E-01  2.91323692E-01  2.51814842E-01  2.50721990E-01  2.76687388E-01  3.31495669E-01  3.65772759E-01  3.36279842E-01  2.75224994E-01  2.47632858E-01  2.52857608E-01  2.91380329E-01  3.50899894E-01  3.67937610E-01  3.14542434E-01  2.58766214E-01  2.45976739E-01  2.59420690E-01  3.09394508E-01
  2.85609153E-01  3.29825830E-01  3.33888994E-01  3.09522081E-01  2.92716880E-01  2.74398283E-01  2.66714446E-01  3.01355395E-01  3.38262788E-01  3.23950512E-01  2.99918238E-01  2.88816985E-01  2.71317237E-01  2.74994326E-01  3.18656798E-01  3.37920449E-01  3.13233320E-01  2.93343393E-01  2.83423703E-01  2.67060577E-01  2.89018628E-01  3.32110189E-01  3.32698800E-01  3.03549415E-01  2.91684398E-01  2.77045579E-01  2.70739446E-01  3.02349788E-01  3.37133486E-01  3.24308598E-01  2.96027913E-01  2.86393861E-01  2.72284965E-01  2.79918000E-01  3.18178696E-01  3.36654714E-01  3.12878645E-01  2.93055705E-01  2.81560295E-01  2.70011809E-01  2.90524017E-01  3.30437674E-01  3.29702026E-01  3.02935871E-01  2.89706422E-01  2.75659215E-01  2.74183447E-01  3.07249432E-01  3.35125715E-01  3.18089891E-01  2.94478160E-01  2.84910349E-01  2.74411867E-01  2.81690915E-01  3.18973722E-01  3.33194148E-01  3.08791861E-01  2.89127298E-01  2.84516400E-01  2.75671516E-01  2.92910517E-01  3.27435609E-01  3.25486732E-01  3.00918161E-01  2.86497729E-01  2.79470224E-01  2.78621689E-01  3.06954049E-01  3.30859558E-01  3.19073787E-01  2.96844155E-01  2.84303356E-01  2.75334932E-01  2.81753556E-01  3.14769966E-01  3.31852722E-01  3.14013762E-01  2.93567271E-01  2.81470030E-01  2.73821279E-01  2.88238059E-01  3.22925275E-01  3.28990019E-01  3.09090159E-01  2.89921653E-01  2.77879004E-01  2.73023723E-01  2.97349094E-01  3.30209552E-01  3.24602189E-01  3.03287824E-01  2.87835794E-01  2.74919285E-01  2.73543322E-01  3.10485584E-01  3.35106901E-01  3.21614961E-01  2.98658011E-01  2.83256726E-01  2.66727532E-01  2.80624002E-01  3.24266366E-01  3.33435751E-01  3.11890769E-01  2.95861067E-01  2.79727211E-01  2.66065377E-01  2.93969509E-01  3.32368664E-01  3.27889953E-01  3.05984326E-01  2.91549896E-01  2.72038506E-01  2.70471968E-01  3.07708986E-01  3.34907319E-01  3.21777742E-01  3.03092272E-01  2.84201943E-01  2.65753718E-01  2.80061492E-01  3.20727097E-01  3.32330632E-01  3.17319834E-01  2.99704416E-01  2.73989640E-01  2.64972066E-01  2.93026400E-01  3.27197620E-01  3.29133739E-01  3.15477745E-01  2.92465272E-01  2.66668652E-01  2.69274652E-01  3.04300102E-01  3.33338739E-01  3.27264192E-01  3.08117617E-01  2.82017185E-01  2.62824731E-01  2.75174737E-01  3.17502516E-01  3.34683994E-01  3.21215552E-01  3.01034023E-01  2.75437972E-01  2.60710218E-01  2.88413155E-01  3.28459290E-01  3.33557152E-01  3.17900527E-01  2.92182670E-01  2.63721714E-01  2.66336500E-01  3.05927822E-01  3.32841316E-01  3.28374990E-01  3.11192128E-01  2.80982171E-01  2.59668579E-01  2.77944445E-01  3.19428664E-01  3.35841125E-01  3.22828459E-01  3.01106440E-01  2.67329481E-01  2.57967936E-01  2.96136736E-01  3.33875591E-01  3.33262287E-01  3.13467660E-01  2.87998259E-01  2.60369639E-01  2.68014365E-01  3.16979038E-01  3.39343258E-01  3.24019761E-01  3.02652368E-01  2.79114677E-01  2.57186717E-01  2.83498177E-01  3.30358849E-01  3.37525375E-01  3.15819122E-01  2.93316514E-01  2.68810174E-01  2.60974471E-01  2.99294857E-01  3.39873866E-01  3.32684406E-01  3.04716934E-01  2.83602108E-01  2.62080874E-01  2.71653426E-01  3.17584113E-01  3.41617822E-01  3.21143938E-01  2.96472658E-01  2.76452224E-01  2.63002974E-01
  2.79674600E-01  2.21903273E-01  2.26000623E-01  3.02396537E-01  3.71435358E-01  3.75207832E-01  3.28526466E-01  2.58015409E-01  2.10909332E-01  2.42282782E-01  3.27597360E-01  3.82253043E-01  3.67657273E-01  3.08307096E-01  2.36274309E-01  2.08206047E-01  2.64830171E-01  3.52191411E-01  3.85154967E-01  3.51391548E-01  2.87154602E-01  2.18443032E-01  2.15486443E-01  2.94498663E-01  3.71856947E-01  3.80738801E-01  3.34575507E-01  2.59384550E-01  2.05470226E-01  2.37387037E-01  3.25849256E-01  3.84053759E-01  3.73442696E-01  3.08797273E-01  2.32485726E-01  2.06263110E-01  2.64032613E-01  3.55594107E-01  3.90810256E-01  3.52914010E-01  2.80810114E-01  2.16855105E-01  2.15917721E-01  2.97201812E-01  3.79086194E-01  3.80107598E-01  3.28628005E-01  2.57054409E-01  2.08457817E-01  2.38225969E-01  3.29368951E-01  3.84653962E-01  3.66329869E-01  3.06885554E-01  2.35592443E-01  2.08996057E-01  2.66577190E-01  3.54123921E-01  3.82690632E-01  3.49262908E-01  2.82183211E-01  2.20525720E-01  2.23910074E-01  3.01198282E-01  3.70102281E-01  3.73284499E-01  3.26066584E-01  2.57625707E-01  2.16653350E-01  2.46413366E-01  3.28319783E-01  3.78216866E-01  3.59185090E-01  3.02118785E-01  2.38942579E-01  2.19048215E-01  2.73109056E-01  3.52299627E-01  3.74581464E-01  3.41521512E-01  2.82404362E-01  2.27244252E-01  2.30336087E-01  3.02995716E-01  3.65530841E-01  3.65004844E-01  3.22948623E-01  2.61052647E-01  2.22796590E-01  2.53454154E-01  3.30255553E-01  3.69554908E-01  3.53653525E-01  3.03882683E-01  2.43446440E-01  2.24844081E-01  2.77688926E-01  3.48197390E-01  3.69498174E-01  3.39692884E-01  2.80803325E-01  2.33455349E-01  2.38811694E-01  3.03316910E-01  3.60056582E-01  3.61509888E-01  3.17780225E-01  2.62432584E-01  2.32376492E-01  2.57418483E-01  3.24094463E-01  3.68174351E-01  3.47663968E-01  2.97027107E-01  2.50572701E-01  2.34271024E-01  2.78021488E-01  3.49751744E-01  3.65847442E-01  3.28618134E-01  2.82255218E-01  2.40408866E-01  2.40940799E-01  3.05385709E-01  3.63245251E-01  3.54180821E-01  3.11764479E-01  2.64806606E-01  2.35946070E-01  2.58873936E-01  3.29072905E-01  3.65157427E-01  3.42389122E-01  2.97815617E-01  2.53062771E-01  2.37530828E-01  2.78797413E-01  3.45987657E-01  3.63769458E-01  3.29412937E-01  2.82237895E-01  2.44290851E-01  2.41468897E-01  3.01139093E-01  3.59568624E-01  3.56682562E-01  3.15269063E-01  2.70027393E-01  2.35527888E-01  2.54683230E-01  3.25206237E-01  3.66401220E-01  3.46645823E-01  3.00137563E-01  2.53272565E-01  2.31504358E-01  2.79261944E-01  3.46601555E-01  3.63994047E-01  3.32174139E-01  2.82182601E-01  2.39234598E-01  2.42356740E-01  3.06685574E-01  3.59300082E-01  3.56158880E-01  3.17046099E-01  2.62853786E-01  2.30274923E-01  2.60743340E-01  3.30765096E-01  3.67733781E-01  3.48857888E-01  2.96356540E-01  2.43780455E-01  2.30994087E-01  2.84532135E-01  3.51844570E-01  3.71175003E-01  3.35789815E-01  2.76792195E-01  2.27698666E-01  2.37372522E-01  3.09582281E-01  3.72171901E-01  3.67719060E-01  3.16836721E-01  2.54422127E-01  2.19586464E-01  2.53781630E-01  3.36335017E-01  3.79170667E-01  3.55821532E-01  2.97812822E-01  2.36858965E-01  2.17954917E-01  2.77159208E-01  3.57409164E-01  3.80781321E-01  3.41095026E-01
  3.70739124E-01  3.07088950E-01  2.52102156E-01  2.38203768E-01  2.63800980E-01  3.21027163E-01  3.72598264E-01  3.53134834E-01  2.87320913E-01  2.44335144E-01  2.40175711E-01  2.78132976E-01  3.42771931E-01  3.74790337E-01  3.33806018E-01  2.69878171E-01  2.37894738E-01  2.48996905E-01  2.96806932E-01  3.60633365E-01  3.66651274E-01  3.11049094E-01  2.56433244E-01  2.41421414E-01  2.60378037E-01  3.17702646E-01  3.72914174E-01  3.52731967E-01  2.87785368E-01  2.45758188E-01  2.43459594E-01  2.74798395E-01  3.43930690E-01  3.78990886E-01  3.30758920E-01  2.66398020E-01  2.40126065E-01  2.51702741E-01  2.98906139E-01  3.63571125E-01  3.68324873E-01  3.05618971E-01  2.52869015E-01  2.43338565E-01  2.61889381E-01  3.18499409E-01  3.74038997E-01  3.53643064E-01  2.86286041E-01  2.45439865E-01  2.45291683E-01  2.73516434E-01  3.40142923E-01  3.75890179E-01  3.32035897E-01  2.69513144E-01  2.43703141E-01  2.48839218E-01  2.95104229E-01  3.60899686E-01  3.68394103E-01  3.11019532E-01  2.54959987E-01  2.41959978E-01  2.61722281E-01  3.18005212E-01  3.70636163E-01  3.53284210E-01  2.89516246E-01  2.49033274E-01  2.44538107E-01  2.73756549E-01  3.39845571E-01  3.73790791E-01  3.32843986E-01  2.72794405E-01  2.42936247E-01  2.49089495E-01  2.97560577E-01  3.58333221E-01  3.62440104E-01  3.10402663E-01  2.59608588E-01  2.42074039E-01  2.62794646E-01  3.21999598E-01  3.67273863E-01  3.44641268E-01  2.87643125E-01  2.51900659E-01  2.47554937E-01  2.80015785E-01  3.45892754E-01  3.65167068E-01  3.20872840E-01  2.71353468E-01  2.50893966E-01  2.54036324E-01  3.03018101E-01  3.58879789E-01  3.52154466E-01  3.02171763E-01  2.64611212E-01  2.48379778E-01  2.65470341E-01  3.27186853E-01  3.64819655E-01  3.34900844E-01  2.84306999E-01  2.54611668E-01  2.50084772E-01  2.86662263E-01  3.46941237E-01  3.60378110E-01  3.17254348E-01  2.70352000E-01  2.50314336E-01  2.60550862E-01  3.09866361E-01  3.59090365E-01  3.45978885E-01  2.96732779E-01  2.59810758E-01  2.53000464E-01  2.78481004E-01  3.30292395E-01  3.60155423E-01  3.29708137E-01  2.77544156E-01  2.54458183E-01  2.58462014E-01  2.94774655E-01  3.47621840E-01  3.55978008E-01  3.09000819E-01  2.66953854E-01  2.52776083E-01  2.67346675E-01  3.12395127E-01  3.57821270E-01  3.45607041E-01  2.93092901E-01  2.56854966E-01  2.52583090E-01  2.77772054E-01  3.27385026E-01  3.61359967E-01  3.32743788E-01  2.78541652E-01  2.52742876E-01  2.56941283E-01  2.91233057E-01  3.43205245E-01  3.59802666E-01  3.17242673E-01  2.65682388E-01  2.50017873E-01  2.64225998E-01  3.06814593E-01  3.56511094E-01  3.53488516E-01  2.98374855E-01  2.54040684E-01  2.49119186E-01  2.73222708E-01  3.25957863E-01  3.66343465E-01  3.40676455E-01  2.78176075E-01  2.45843087E-01  2.53050735E-01  2.88740479E-01  3.43077729E-01  3.68094253E-01  3.22053311E-01  2.61465272E-01  2.43658682E-01  2.59872524E-01  3.05391436E-01  3.59799814E-01  3.63136477E-01  3.01695371E-01  2.50159208E-01  2.44135023E-01  2.69016182E-01  3.22598752E-01  3.71136821E-01  3.49538410E-01  2.82010975E-01  2.44889496E-01  2.45809764E-01  2.80180022E-01  3.44589696E-01  3.75874398E-01  3.30392183E-01  2.65639266E-01  2.40253576E-01  2.52057542E-01  2.98346739E-01  3.61257384E-01
  3.26398131E-01  2.52860160E-01  2.26917041E-01  2.58482255E-01  3.16808171E-01  3.69940493E-01  3.68250101E-01  3.01738359E-01  2.36883961E-01  2.31664126E-01  2.77496885E-01  3.38446264E-01  3.76081181E-01  3.49400042E-01  2.74364503E-01  2.30002081E-01  2.45900841E-01  2.95510156E-01  3.55139286E-01  3.74433838E-01  3.25103838E-01  2.54019833E-01  2.28186482E-01  2.58676315E-01  3.18606631E-01  3.67955223E-01  3.63687128E-01  3.00939924E-01  2.39096946E-01  2.30106196E-01  2.77846752E-01  3.39899911E-01  3.73621218E-01  3.44787969E-01  2.75676119E-01  2.28803244E-01  2.46488863E-01  3.00955775E-01  3.50800001E-01  3.67243596E-01  3.25251883E-01  2.57395877E-01  2.32013604E-01  2.63165186E-01  3.15158818E-01  3.57504022E-01  3.60131292E-01  3.03638189E-01  2.45672377E-01  2.40707014E-01  2.78253607E-01  3.27536269E-01  3.64312844E-01  3.47786672E-01  2.83430722E-01  2.39298707E-01  2.49443916E-01  2.92934017E-01  3.41667701E-01  3.64952586E-01  3.27629044E-01  2.67521812E-01  2.38633337E-01  2.61500725E-01  3.09920395E-01  3.52777648E-01  3.58344397E-01  3.06105933E-01  2.49581012E-01  2.41972731E-01  2.80260655E-01  3.29020641E-01  3.60774820E-01  3.43859968E-01  2.82467877E-01  2.40433477E-01  2.51378776E-01  2.96077372E-01  3.40067318E-01  3.59507984E-01  3.25485298E-01  2.63957661E-01  2.39042388E-01  2.68313188E-01  3.09969923E-01  3.48482230E-01  3.55539539E-01  3.06846238E-01  2.49398446E-01  2.43132291E-01  2.80047708E-01  3.23403742E-01  3.61068985E-01  3.45118245E-01  2.82638791E-01  2.40935317E-01  2.55332614E-01  2.93911178E-01  3.37607381E-01  3.60489885E-01  3.27927842E-01  2.63236434E-01  2.39811210E-01  2.66631047E-01  3.09762801E-01  3.50668677E-01  3.56733262E-01  3.06796792E-01  2.49505968E-01  2.43916800E-01  2.79087157E-01  3.21980003E-01  3.57485583E-01  3.47214079E-01  2.86880889E-01  2.40654852E-01  2.54271612E-01  2.91455409E-01  3.32568566E-01  3.58474937E-01  3.33889425E-01  2.70478618E-01  2.39468578E-01  2.64430903E-01  3.07760059E-01  3.46232482E-01  3.55281768E-01  3.14742280E-01  2.51596719E-01  2.40298052E-01  2.77811299E-01  3.25121758E-01  3.56840246E-01  3.49136583E-01  2.89890030E-01  2.38030190E-01  2.46368506E-01  2.92861318E-01  3.41003407E-01  3.65081945E-01  3.33338335E-01  2.63979191E-01  2.30425847E-01  2.59186367E-01  3.09779852E-01  3.56535002E-01  3.66986880E-01  3.10803482E-01  2.42497897E-01  2.35165131E-01  2.73861667E-01  3.22299560E-01  3.71714686E-01  3.56982227E-01  2.81092842E-01  2.35140412E-01  2.45078515E-01  2.86517004E-01  3.44626424E-01  3.78072005E-01  3.31801575E-01  2.60592119E-01  2.33230920E-01  2.54365259E-01  3.08384087E-01  3.66680043E-01  3.69440206E-01  3.06176049E-01  2.42379437E-01  2.34164672E-01  2.71673176E-01  3.30193707E-01  3.76069849E-01  3.54851080E-01  2.81815432E-01  2.33186320E-01  2.40838457E-01  2.89157447E-01  3.50344104E-01  3.77566906E-01  3.31055172E-01  2.57822743E-01  2.29822946E-01  2.57469876E-01  3.09478514E-01  3.66818016E-01  3.70921417E-01  3.02545317E-01  2.39961219E-01  2.35021186E-01  2.73747986E-01  3.32847365E-01  3.80459796E-01  3.50737161E-01  2.73868329E-01  2.30223466E-01  2.44718128E-01  2.91849590E-01  3.56132133E-01  3.78085283E-01
  2.37923527E-01  2.47172387E-01  3.02355722E-01  3.64453326E-01  3.68658726E-01  3.07217078E-01  2.52758571E-01  2.35621096E-01  2.62456812E-01  3.26689055E-01  3.73363128E-01  3.49521474E-01  2.86385396E-01  2.43949672E-01  2.45108205E-01  2.83343455E-01  3.39544974E-01  3.66949934E-01  3.29329065E-01  2.70611623E-01  2.46355667E-01  2.60530550E-01  3.02726250E-01  3.46993731E-01  3.52471267E-01  3.09847545E-01  2.60974286E-01  2.50436126E-01  2.78416076E-01  3.18248792E-01  3.46459743E-01  3.36975467E-01  2.92979848E-01  2.57740307E-01  2.61846590E-01  2.91361776E-01  3.24997993E-01  3.43511673E-01  3.20624474E-01  2.82273187E-01  2.59850103E-01  2.75550552E-01  3.01436312E-01  3.28084560E-01  3.34661605E-01  3.12330793E-01  2.76341805E-01  2.64648293E-01  2.82111159E-01  3.04820214E-01  3.29793482E-01  3.35464884E-01  3.07742904E-01  2.70552886E-01  2.64431407E-01  2.85311140E-01  3.12154508E-01  3.38378745E-01  3.32511507E-01  2.93898240E-01  2.65610741E-01  2.68748049E-01  2.91537013E-01  3.21885976E-01  3.44254679E-01  3.21350569E-01  2.78417351E-01  2.59435483E-01  2.76588566E-01  3.02584159E-01  3.34214591E-01  3.43402215E-01  3.08597765E-01  2.62167509E-01  2.60012317E-01  2.86293690E-01  3.18099587E-01  3.41630022E-01  3.37347366E-01  2.91533979E-01  2.54586189E-01  2.63894332E-01  2.96961299E-01  3.29047048E-01  3.47149521E-01  3.26584133E-01  2.73430624E-01  2.53084614E-01  2.69374363E-01  3.04554823E-01  3.36378535E-01  3.52106686E-01  3.11078372E-01  2.62942680E-01  2.54048992E-01  2.76921781E-01  3.11951529E-01  3.51515326E-01  3.47662963E-01  2.92525838E-01  2.47388908E-01  2.57617314E-01  2.89567850E-01  3.27447177E-01  3.57918061E-01  3.32190071E-01  2.69326544E-01  2.45739592E-01  2.67625713E-01  3.01490935E-01  3.44013347E-01  3.59073763E-01  3.10114472E-01  2.52614715E-01  2.46974298E-01  2.77263219E-01  3.19429995E-01  3.60167747E-01  3.46748916E-01  2.85897026E-01  2.42264847E-01  2.50700221E-01  2.91715549E-01  3.42023287E-01  3.64606612E-01  3.27608024E-01  2.66724110E-01  2.38103292E-01  2.57261238E-01  3.07158812E-01  3.58689729E-01  3.59730896E-01  3.08383736E-01  2.51524704E-01  2.36663959E-01  2.70512851E-01  3.30367347E-01  3.64863914E-01  3.45550165E-01  2.90041209E-01  2.41985408E-01  2.39241528E-01  2.88670484E-01  3.50789697E-01  3.65630519E-01  3.28178565E-01  2.69999741E-01  2.33209820E-01  2.49935581E-01  3.12458450E-01  3.64158568E-01  3.57304896E-01  3.11495535E-01  2.52832338E-01  2.30489227E-01  2.66712728E-01  3.36983125E-01  3.71055237E-01  3.43454754E-01  2.85174411E-01  2.37444478E-01  2.34757221E-01  2.90596944E-01  3.58819070E-01  3.72098284E-01  3.21959211E-01  2.62231485E-01  2.29915294E-01  2.49193992E-01  3.16435260E-01  3.74601972E-01  3.56721719E-01  2.97581093E-01  2.47090625E-01  2.32549815E-01  2.70530876E-01  3.42223384E-01  3.75979541E-01  3.38529395E-01  2.76462582E-01  2.36493241E-01  2.43663091E-01  2.96741465E-01  3.59687354E-01  3.65283061E-01  3.14349507E-01  2.58243403E-01  2.35713796E-01  2.58830533E-01  3.21974878E-01  3.72767976E-01  3.51953993E-01  2.90631697E-01  2.44178569E-01  2.41002760E-01  2.79403995E-01  3.45721343E-01  3.75165229E-01  3.29916593E-01  2.70919545E-01
  2.47971138E-01  3.23496789E-01  3.95821706E-01  3.73516849E-01  2.88690606E-01  2.27629218E-01  2.20417914E-01  2.67651503E-01  3.55334465E-01  4.00014729E-01  3.45884524E-01  2.65235783E-01  2.21626966E-01  2.28599870E-01  2.93668207E-01  3.77985052E-01  3.90230815E-01  3.20312748E-01  2.47486215E-01  2.19006220E-01  2.42033191E-01  3.20456460E-01  3.93820885E-01  3.76017927E-01  2.94856509E-01  2.31101152E-01  2.14511008E-01  2.62784108E-01  3.52913243E-01  4.04232763E-01  3.53018587E-01  2.67877904E-01  2.17066826E-01  2.21494849E-01  2.91551648E-01  3.85424576E-01  3.99172943E-01  3.18236060E-01  2.42858220E-01  2.08856813E-01  2.39395651E-01  3.32008902E-01  4.06182549E-01  3.73323221E-01  2.86488894E-01  2.23494188E-01  2.11907441E-01  2.68917624E-01  3.69944422E-01  4.04428909E-01  3.42646023E-01  2.59162827E-01  2.12354351E-01  2.26686691E-01  3.10272982E-01  3.92647257E-01  3.85595384E-01  3.07731353E-01  2.34696747E-01  2.11247724E-01  2.50998858E-01  3.48896151E-01  4.02422020E-01  3.55741984E-01  2.74751438E-01  2.23627532E-01  2.17132766E-01  2.82110048E-01  3.80413497E-01  3.96406577E-01  3.26014600E-01  2.50615038E-01  2.13288635E-01  2.30303662E-01  3.20735531E-01  3.99265657E-01  3.78786214E-01  2.96180801E-01  2.28507285E-01  2.09505299E-01  2.60918441E-01  3.56855990E-01  4.02566591E-01  3.52654312E-01  2.67419325E-01  2.15013571E-01  2.23352243E-01  2.93634079E-01  3.80445984E-01  3.97943851E-01  3.23196613E-01  2.39427213E-01  2.11640482E-01  2.41255391E-01  3.23068494E-01  4.02664261E-01  3.81035214E-01  2.87852027E-01  2.22062223E-01  2.15071488E-01  2.63878125E-01  3.55874221E-01  4.11297806E-01  3.53544669E-01  2.56452501E-01  2.10073038E-01  2.25029916E-01  2.94122274E-01  3.88519162E-01  4.02215505E-01  3.14570307E-01  2.33051804E-01  2.09521476E-01  2.46083452E-01  3.30922529E-01  4.04619670E-01  3.77121102E-01  2.82700381E-01  2.19916810E-01  2.14199564E-01  2.67455655E-01  3.63486025E-01  4.10683053E-01  3.47410325E-01  2.53155975E-01  2.10554784E-01  2.27924152E-01  2.97095673E-01  3.88842498E-01  4.01111483E-01  3.14673266E-01  2.32221481E-01  2.09482964E-01  2.41724619E-01  3.29229801E-01  4.09748901E-01  3.80102814E-01  2.83194192E-01  2.15402423E-01  2.11116148E-01  2.63999473E-01  3.63012012E-01  4.14677634E-01  3.51618652E-01  2.53704824E-01  2.06827781E-01  2.21400911E-01  2.93027556E-01  3.89989649E-01  4.07486425E-01  3.21263494E-01  2.29436053E-01  2.05941833E-01  2.36976551E-01  3.20286497E-01  4.07882591E-01  3.91887281E-01  2.89544917E-01  2.13391474E-01  2.10130445E-01  2.57101720E-01  3.51921421E-01  4.19143953E-01  3.64279963E-01  2.57631007E-01  2.08825986E-01  2.21373023E-01  2.80486664E-01  3.82231536E-01  4.12903686E-01  3.31535964E-01  2.36892654E-01  2.09524659E-01  2.34164349E-01  3.10729034E-01  3.99084044E-01  3.95718293E-01  3.00088858E-01  2.24853809E-01  2.12638893E-01  2.51872094E-01  3.39950803E-01  4.07679502E-01  3.67420052E-01  2.76299956E-01  2.19490234E-01  2.21158363E-01  2.76379582E-01  3.65074465E-01  4.01400739E-01  3.42138713E-01  2.53772029E-01  2.15416761E-01  2.35152169E-01  3.00148471E-01  3.77425727E-01  3.93466341E-01  3.16030167E-01  2.37906774E-01  2.18089439E-01
  2.48372261E-01  2.52061323E-01  2.90852959E-01  3.41901344E-01  3.61244214E-01  3.23411468E-01  2.66195469E-01  2.41044870E-01  2.62661129E-01  3.10700615E-01  3.50009669E-01  3.58643069E-01  3.06994107E-01  2.48493429E-01  2.40553277E-01  2.79431261E-01  3.22705674E-01  3.60458000E-01  3.50113041E-01  2.87709183E-01  2.35595883E-01  2.47460179E-01  2.92277745E-01  3.37765519E-01  3.66036745E-01  3.37362988E-01  2.66111534E-01  2.29523792E-01  2.54242667E-01  3.09538032E-01  3.55394347E-01  3.67042579E-01  3.16119407E-01  2.47593011E-01  2.27528440E-01  2.66625023E-01  3.27682208E-01  3.68410593E-01  3.60151159E-01  2.92325094E-01  2.33190290E-01  2.31843038E-01  2.85682751E-01  3.43146904E-01  3.72786445E-01  3.44018594E-01  2.68528315E-01  2.20837609E-01  2.46792132E-01  3.08758408E-01  3.60190441E-01  3.71001684E-01  3.19254704E-01  2.43422532E-01  2.22301512E-01  2.67173965E-01  3.32591866E-01  3.70387352E-01  3.58421319E-01  2.91592279E-01  2.31058282E-01  2.33252560E-01  2.91851318E-01  3.47375089E-01  3.71411715E-01  3.40789719E-01  2.65042170E-01  2.22536622E-01  2.53346974E-01  3.15103746E-01  3.56870086E-01  3.68287110E-01  3.17228945E-01  2.41736808E-01  2.28007889E-01  2.74675471E-01  3.29035761E-01  3.62910507E-01  3.59440765E-01  2.92469660E-01  2.31517603E-01  2.39804803E-01  2.93136858E-01  3.39729273E-01  3.69311922E-01  3.40878888E-01  2.68074215E-01  2.28282702E-01  2.57912615E-01  3.11898629E-01  3.51032893E-01  3.59752870E-01  3.17013455E-01  2.50160914E-01  2.32553907E-01  2.78353760E-01  3.27232743E-01  3.53849140E-01  3.50951262E-01  2.94602611E-01  2.35528582E-01  2.43948153E-01  2.96264139E-01  3.39914043E-01  3.59329574E-01  3.36956046E-01  2.71741323E-01  2.31559229E-01  2.58371284E-01  3.12356239E-01  3.51229979E-01  3.58308391E-01  3.16525962E-01  2.52888827E-01  2.32180007E-01  2.76200544E-01  3.30690952E-01  3.58102283E-01  3.47468961E-01  2.94824044E-01  2.38050956E-01  2.43243821E-01  2.96288052E-01  3.40054858E-01  3.58380554E-01  3.33491619E-01  2.70091231E-01  2.33552834E-01  2.59696405E-01  3.12483516E-01  3.45658997E-01  3.56703523E-01  3.16031142E-01  2.52990437E-01  2.37169865E-01  2.80860258E-01  3.27374659E-01  3.51324979E-01  3.47380551E-01  2.90620951E-01  2.39029123E-01  2.52345246E-01  3.02214129E-01  3.36972926E-01  3.54860505E-01  3.30756054E-01  2.69011026E-01  2.39466357E-01  2.70670474E-01  3.10815968E-01  3.41311287E-01  3.51671167E-01  3.14566238E-01  2.52170711E-01  2.46508315E-01  2.87980711E-01  3.21679446E-01  3.47145239E-01  3.43395068E-01  2.87390409E-01  2.44613879E-01  2.63633225E-01  2.97325677E-01  3.29677006E-01  3.50500965E-01  3.27397796E-01  2.72033729E-01  2.45990251E-01  2.71657218E-01  3.08382680E-01  3.36213277E-01  3.51209043E-01  3.14158280E-01  2.55403795E-01  2.47981294E-01  2.82965319E-01  3.17936122E-01  3.48560858E-01  3.48297799E-01  2.91041397E-01  2.47172828E-01  2.57012071E-01  2.92535757E-01  3.33439453E-01  3.56725528E-01  3.27070990E-01  2.71176413E-01  2.48347937E-01  2.65806196E-01  3.07776873E-01  3.44888357E-01  3.48854772E-01  3.06081417E-01  2.62068501E-01  2.48745170E-01  2.76875641E-01  3.24044441E-01  3.56185028E-01  3.40795192E-01  2.84871948E-01
  2.48372261E-01  2.52061323E-01  2.90852959E-01  3.41901344E-01  3.61244214E-01  3.23411468E-01  2.66195469E-01  2.41044870E-01  2.62661129E-01  3.10700615E-01  3.50009669E-01  3.58643069E-01  3.06994107E-01  2.48493429E-01  2.40553277E-01  2.79431261E-01  3.22705674E-01  3.60458000E-01  3.50113041E-01  2.87709183E-01  2.35595883E-01  2.47460179E-01  2.92277745E-01  3.37765519E-01  3.66036745E-01  3.37362988E-01  2.66111534E-01  2.29523792E-01  2.54242667E-01  3.09538032E-01  3.55394347E-01  3.67042579E-01  3.16119407E-01  2.47593011E-01  2.27528440E-01  2.66625023E-01  3.27682208E-01  3.68410593E-01  3.60151159E-01  2.92325094E-01  2.33190290E-01  2.31843038E-01  2.85682751E-01  3.43146904E-01  3.72786445E-01  3.44018594E-01  2.68528315E-01  2.20837609E-01  2.46792132E-01  3.08758408E-01  3.60190441E-01  3.71001684E-01  3.19254704E-01  2.43422532E-01  2.22301512E-01  2.67173965E-01  3.32591866E-01  3.70387352E-01  3.58421319E-01  2.91592279E-01  2.31058282E-01  2.33252560E-01  2.91851318E-01  3.47375089E-01  3.71411715E-01  3.40789719E-01  2.65042170E-01  2.22536622E-01  2.53346974E-01  3.15103746E-01  3.56870086E-01  3.68287110E-01  3.17228945E-01  2.41736808E-01  2.28007889E-01  2.74675471E-01  3.29035761E-01  3.62910507E-01  3.59440765E-01  2.92469660E-01  2.31517603E-01  2.39804803E-01  2.93136858E-01  3.39729273E-01  3.69311922E-01  3.40878888E-01  2.68074215E-01  2.28282702E-01  2.57912615E-01  3.11898629E-01  3.51032893E-01  3.59752870E-01  3.17013455E-01  2.50160914E-01  2.32553907E-01  2.78353760E-01  3.27232743E-01  3.53849140E-01  3.50951262E-01  2.94602611E-01  2.35528582E-01  2.43948153E-01  2.96264139E-01  3.39914043E-01  3.59329574E-01  3.36956046E-01  2.71741323E-01  2.31559229E-01  2.58371284E-01  3.12356239E-01  3.51229979E-01  3.58308391E-01  3.16525962E-01  2.52888827E-01  2.32180007E-01  2.76200544E-01  3.30690952E-01  3.58102283E-01  3.47468961E-01  2.94824044E-01  2.38050956E-01  2.43243821E-01  2.96288052E-01  3.40054858E-01  3.58380554E-01  3.33491619E-01  2.70091231E-01  2.33552834E-01  2.59696405E-01  3.12483516E-01  3.45658997E-01  3.56703523E-01  3.16031142E-01  2.52990437E-01  2.37169865E-01  2.80860258E-01  3.27374659E-01  3.51324979E-01  3.47380551E-01  2.90620951E-01  2.39029123E-01  2.52345246E-01  3.02214129E-01  3.36972926E-01  3.54860505E-01  3.30756054E-01  2.69011026E-01  2.39466357E-01  2.70670474E-01  3.10815968E-01  3.41311287E-01  3.51671167E-01  3.14566238E-01  2.52170711E-01  2.46508315E-01  2.87980711E-01  3.21679446E-01  3.47145239E-01  3.43395068E-01  2.87390409E-01  2.44613879E-01  2.63633225E-01  2.97325677E-01  3.29677006E-01  3.50500965E-01  3.27397796E-01  2.72033729E-01  2.45990251E-01  2.71657218E-01  3.08382680E-01  3.36213277E-01  3.51209043E-01  3.14158280E-01  2.55403795E-01  2.47981294E-01  2.82965319E-01  3.17936122E-01  3.48560858E-01  3.48297799E-01  2.91041397E-01  2.47172828E-01  2.57012071E-01  2.92535757E-01  3.33439453E-01  3.56725528E-01  3.27070990E-01  2.71176413E-01  2.48347937E-01  2.65806196E-01  3.07776873E-01  3.44888357E-01  3.48854772E-01  3.06081417E-01  2.62068501E-01  2.48745170E-01  2.76875641E-01  3.24044441E-01  3.56185028E-01  3.40795192E-01  2.84871948E-01
  2.26397966E-01  2.54445386E-01  3.11624937E-01  3.65318159E-01  3.69888146E-01  3.07841956E-01  2.40323952E-01  2.29357509E-01  2.72986322E-01  3.32172616E-01  3.72215972E-01  3.55349474E-01  2.84494210E-01  2.27080610E-01  2.40176554E-01  2.92674229E-01  3.46922896E-01  3.73407362E-01  3.38032147E-01  2.60865814E-01  2.25098436E-01  2.55956790E-01  3.09523997E-01  3.56618070E-01  3.67938008E-01  3.15692320E-01  2.44325414E-01  2.30596672E-01  2.72316712E-01  3.25188934E-01  3.62710351E-01  3.57542861E-01  2.91220447E-01  2.32426514E-01  2.41547601E-01  2.92435899E-01  3.36070887E-01  3.65587214E-01  3.43982592E-01  2.68331449E-01  2.27252422E-01  2.57431252E-01  3.03537432E-01  3.45235825E-01  3.71333162E-01  3.25019734E-01  2.46581613E-01  2.29964033E-01  2.71333480E-01  3.16628190E-01  3.59629746E-01  3.63721930E-01  2.98006225E-01  2.33642171E-01  2.39626415E-01  2.85417937E-01  3.33532637E-01  3.69763457E-01  3.45997586E-01  2.70805158E-01  2.26626763E-01  2.50417137E-01  3.05119735E-01  3.53872600E-01  3.68368175E-01  3.20650700E-01  2.48369757E-01  2.29644891E-01  2.66684766E-01  3.21386085E-01  3.64914759E-01  3.60999007E-01  2.94683414E-01  2.35778199E-01  2.37956371E-01  2.84389470E-01  3.37183054E-01  3.68902248E-01  3.44132649E-01  2.72380409E-01  2.32340271E-01  2.51721091E-01  2.98791769E-01  3.49199140E-01  3.71280669E-01  3.23819392E-01  2.53689858E-01  2.32769702E-01  2.63009096E-01  3.16506295E-01  3.65728012E-01  3.65160195E-01  2.97110719E-01  2.38393679E-01  2.37788416E-01  2.78733216E-01  3.38067206E-01  3.76590442E-01  3.44526675E-01  2.69349995E-01  2.31348007E-01  2.47257619E-01  3.00196414E-01  3.56300376E-01  3.74889110E-01  3.22115694E-01  2.50622074E-01  2.27043851E-01  2.62049709E-01  3.22522300E-01  3.70214711E-01  3.65476253E-01  2.95316702E-01  2.32508863E-01  2.32862330E-01  2.82108765E-01  3.44105434E-01  3.79293572E-01  3.44773483E-01  2.67333089E-01  2.24727486E-01  2.45194026E-01  3.06706381E-01  3.62961378E-01  3.72399569E-01  3.17479249E-01  2.44729597E-01  2.25933652E-01  2.68294898E-01  3.31648444E-01  3.74712670E-01  3.58293983E-01  2.84476114E-01  2.30977299E-01  2.38537332E-01  2.89925422E-01  3.48288472E-01  3.77750226E-01  3.34387368E-01  2.60375255E-01  2.30521892E-01  2.52286797E-01  3.06118308E-01  3.64189698E-01  3.72983662E-01  3.08775738E-01  2.43500252E-01  2.32979814E-01  2.70508127E-01  3.29505643E-01  3.73957027E-01  3.56996504E-01  2.83111334E-01  2.31530128E-01  2.41531687E-01  2.89228923E-01  3.46048275E-01  3.76842459E-01  3.37643888E-01  2.59395451E-01  2.25355519E-01  2.54519549E-01  3.09011412E-01  3.60091601E-01  3.74764416E-01  3.11140020E-01  2.37675658E-01  2.30839231E-01  2.71665256E-01  3.28572333E-01  3.73952856E-01  3.58255124E-01  2.82977988E-01  2.31268359E-01  2.40662341E-01  2.88624128E-01  3.45381024E-01  3.76859830E-01  3.37056217E-01  2.61528228E-01  2.27793139E-01  2.54273736E-01  3.06257844E-01  3.59202086E-01  3.72304938E-01  3.13999373E-01  2.43725150E-01  2.30040706E-01  2.70237017E-01  3.25038940E-01  3.71398304E-01  3.60152872E-01  2.84838186E-01  2.30521798E-01  2.39767483E-01  2.90236137E-01  3.45829048E-01  3.76272712E-01  3.36367954E-01  2.59564883E-01
  2.81220733E-01  2.47303461E-01  2.59646953E-01  3.06995866E-01  3.47811561E-01  3.49930639E-01  3.09603870E-01  2.62227252E-01  2.45337159E-01  2.75408855E-01  3.25744746E-01  3.54726215E-01  3.39062117E-01  2.87135721E-01  2.51069770E-01  2.54711676E-01  2.96938995E-01  3.38267662E-01  3.52617832E-01  3.22483260E-01  2.73109986E-01  2.49049302E-01  2.65679002E-01  3.12010742E-01  3.46876413E-01  3.47774724E-01  3.04667480E-01  2.60408690E-01  2.50529064E-01  2.80592141E-01  3.25345746E-01  3.51587664E-01  3.35621373E-01  2.87256093E-01  2.50442841E-01  2.57185137E-01  3.00490272E-01  3.38472282E-01  3.51188912E-01  3.16921570E-01  2.69513759E-01  2.50415654E-01  2.71554740E-01  3.14538367E-01  3.47392719E-01  3.41810477E-01  2.97771535E-01  2.60165506E-01  2.55582693E-01  2.85829094E-01  3.25782484E-01  3.49545980E-01  3.29917033E-01  2.84007449E-01  2.54414157E-01  2.64516505E-01  2.99784033E-01  3.37023399E-01  3.47231942E-01  3.12063481E-01  2.70813643E-01  2.53638030E-01  2.73919472E-01  3.15377961E-01  3.46906166E-01  3.37964689E-01  2.96878647E-01  2.61123663E-01  2.57338497E-01  2.88041788E-01  3.27790104E-01  3.47074230E-01  3.26275327E-01  2.83979839E-01  2.54585469E-01  2.64825830E-01  2.99984073E-01  3.37093392E-01  3.46021759E-01  3.14898770E-01  2.70465262E-01  2.52118101E-01  2.74649764E-01  3.12634573E-01  3.43360002E-01  3.39044897E-01  2.99564032E-01  2.61125684E-01  2.57430610E-01  2.86242725E-01  3.24198146E-01  3.44430116E-01  3.27722536E-01  2.87476505E-01  2.57413543E-01  2.63022558E-01  2.96796683E-01  3.34076283E-01  3.43284307E-01  3.15970148E-01  2.75391517E-01  2.55342941E-01  2.70191709E-01  3.11064910E-01  3.41858619E-01  3.38672914E-01  3.04821259E-01  2.62917769E-01  2.51537541E-01  2.81636506E-01  3.25621399E-01  3.47681493E-01  3.34167771E-01  2.89156450E-01  2.53400675E-01  2.53929778E-01  2.96423537E-01  3.38082411E-01  3.47323631E-01  3.20898373E-01  2.76558002E-01  2.48730699E-01  2.64478698E-01  3.09917658E-01  3.44159051E-01  3.43656976E-01  3.09169179E-01  2.64937456E-01  2.46206536E-01  2.78096696E-01  3.25829388E-01  3.48164231E-01  3.36034448E-01  2.93370821E-01  2.55619120E-01  2.53306332E-01  2.92195187E-01  3.37917060E-01  3.48680176E-01  3.21223015E-01  2.77991044E-01  2.48704276E-01  2.62912898E-01  3.11051978E-01  3.49272949E-01  3.44144332E-01  3.04589507E-01  2.63936198E-01  2.50291270E-01  2.75826016E-01  3.26692632E-01  3.53515647E-01  3.33644185E-01  2.89454215E-01  2.57692547E-01  2.52041474E-01  2.88776219E-01  3.40279207E-01  3.53515220E-01  3.19710553E-01  2.76633989E-01  2.51955453E-01  2.58452207E-01  3.05522749E-01  3.49726826E-01  3.45878116E-01  3.04381169E-01  2.68647495E-01  2.49195204E-01  2.68945203E-01  3.19002828E-01  3.54331646E-01  3.36245488E-01  2.93373168E-01  2.63307842E-01  2.52488609E-01  2.82631128E-01  3.31726121E-01  3.50381250E-01  3.21686484E-01  2.83876737E-01  2.58387573E-01  2.58023115E-01  2.99139067E-01  3.42659174E-01  3.45747122E-01  3.11426129E-01  2.73861591E-01  2.49176341E-01  2.68948519E-01  3.20236698E-01  3.47975033E-01  3.36867122E-01  2.98732282E-01  2.60465344E-01  2.50254663E-01  2.89485684E-01  3.33325321E-01  3.49628482E-01  3.26984128E-01
  3.05383151E-01  2.58151106E-01  2.38702030E-01  2.78237383E-01  3.36254750E-01  3.55550849E-01  3.31131164E-01  2.90974312E-01  2.50536893E-01  2.48556802E-01  2.95166393E-01  3.45226149E-01  3.49797523E-01  3.18436465E-01  2.75539547E-01  2.47199247E-01  2.60202876E-01  3.13979431E-01  3.53161701E-01  3.41463972E-01  3.06317009E-01  2.64287069E-01  2.42647714E-01  2.76762321E-01  3.33099301E-01  3.52549841E-01  3.31000465E-01  2.91968337E-01  2.51019257E-01  2.50580197E-01  2.98505261E-01  3.46352613E-01  3.48243887E-01  3.16046741E-01  2.73268972E-01  2.46515309E-01  2.65768845E-01  3.21301806E-01  3.55531684E-01  3.38891291E-01  2.97461626E-01  2.60246441E-01  2.47187642E-01  2.83151117E-01  3.38844513E-01  3.55934655E-01  3.24414703E-01  2.83514998E-01  2.50539113E-01  2.54887814E-01  3.03551219E-01  3.51376813E-01  3.49705249E-01  3.11284384E-01  2.69198598E-01  2.44299653E-01  2.67091770E-01  3.23327431E-01  3.58565504E-01  3.38030088E-01  2.93966712E-01  2.56041187E-01  2.47414649E-01  2.85846427E-01  3.42919935E-01  3.55935922E-01  3.21734673E-01  2.77849173E-01  2.47910652E-01  2.57050066E-01  3.08616035E-01  3.55704102E-01  3.49121933E-01  3.05843063E-01  2.61443944E-01  2.44964215E-01  2.71368760E-01  3.30230834E-01  3.60486500E-01  3.36648977E-01  2.89858388E-01  2.52829893E-01  2.48145727E-01  2.86791957E-01  3.46843989E-01  3.61774037E-01  3.20678896E-01  2.72735599E-01  2.45433290E-01  2.54594571E-01  3.07410829E-01  3.61128204E-01  3.55114483E-01  3.03182708E-01  2.58714954E-01  2.42322900E-01  2.67260890E-01  3.30778588E-01  3.69934287E-01  3.39139429E-01  2.83401838E-01  2.49212547E-01  2.44912204E-01  2.84285885E-01  3.51640211E-01  3.66223513E-01  3.17363194E-01  2.70323246E-01  2.42442470E-01  2.51724770E-01  3.08553366E-01  3.69358976E-01  3.56017498E-01  2.99047954E-01  2.56290099E-01  2.38092910E-01  2.64979051E-01  3.34558138E-01  3.72431474E-01  3.38781823E-01  2.84886649E-01  2.45502605E-01  2.37560975E-01  2.84354673E-01  3.55336262E-01  3.70272342E-01  3.21158030E-01  2.70365791E-01  2.35043450E-01  2.45639820E-01  3.09071650E-01  3.70423074E-01  3.59077995E-01  3.04335912E-01  2.55796926E-01  2.32073095E-01  2.60148744E-01  3.34037652E-01  3.76052116E-01  3.42534422E-01  2.86672234E-01  2.44748656E-01  2.33493360E-01  2.83653941E-01  3.54864075E-01  3.69163824E-01  3.22271905E-01  2.72936563E-01  2.38765295E-01  2.42947607E-01  3.07873584E-01  3.66661952E-01  3.54251034E-01  3.07691610E-01  2.63804089E-01  2.34721563E-01  2.55466753E-01  3.29708740E-01  3.69886603E-01  3.42114934E-01  2.95137769E-01  2.53502627E-01  2.33780443E-01  2.74911443E-01  3.46005239E-01  3.66901027E-01  3.30566651E-01  2.81855444E-01  2.40154808E-01  2.39676605E-01  3.01207088E-01  3.63363029E-01  3.58420970E-01  3.12692347E-01  2.66816846E-01  2.33946163E-01  2.54469643E-01  3.26720393E-01  3.69704994E-01  3.43362414E-01  2.96990837E-01  2.52786495E-01  2.33892348E-01  2.78780872E-01  3.47614276E-01  3.62957527E-01  3.27080211E-01  2.84066342E-01  2.43775881E-01  2.43856766E-01  3.02748576E-01  3.56014753E-01  3.51241395E-01  3.16348682E-01  2.72512441E-01  2.37101540E-01  2.58187292E-01  3.23176533E-01  3.57728125E-01  3.42237118E-01
  3.47148207E-01  3.31631982E-01  2.77880634E-01  2.55550594E-01  2.74359699E-01  2.95470594E-01  3.28149181E-01  3.49807128E-01  3.17506345E-01  2.63826112E-01  2.59807636E-01  2.81087405E-01  3.05275645E-01  3.40375345E-01  3.47568806E-01  2.96097278E-01  2.54745077E-01  2.64168219E-01  2.87860818E-01  3.19116707E-01  3.51065622E-01  3.37483570E-01  2.76853660E-01  2.48285479E-01  2.70091071E-01  2.98480507E-01  3.33570684E-01  3.57356643E-01  3.17512216E-01  2.55500735E-01  2.51863361E-01  2.81871220E-01  3.10921673E-01  3.49084137E-01  3.52693296E-01  2.89004329E-01  2.43601021E-01  2.61959697E-01  2.95711671E-01  3.26325475E-01  3.54935681E-01  3.35314952E-01  2.67570961E-01  2.42563293E-01  2.75653531E-01  3.08713458E-01  3.35767874E-01  3.53897349E-01  3.14231069E-01  2.52294823E-01  2.49051074E-01  2.88111631E-01  3.16364315E-01  3.43897596E-01  3.48505673E-01  2.92702685E-01  2.44805255E-01  2.61436702E-01  2.95464528E-01  3.22639926E-01  3.49052161E-01  3.38505969E-01  2.74420950E-01  2.43558028E-01  2.70074006E-01  3.05074823E-01  3.32972908E-01  3.50562874E-01  3.22351955E-01  2.59907015E-01  2.46192792E-01  2.79241217E-01  3.12736909E-01  3.42225729E-01  3.49359832E-01  3.00048893E-01  2.47681306E-01  2.52771424E-01  2.89289533E-01  3.22946225E-01  3.50280814E-01  3.40067679E-01  2.82051180E-01  2.43984497E-01  2.60954740E-01  3.00350963E-01  3.35006062E-01  3.54379629E-01  3.25006837E-01  2.65214212E-01  2.42682843E-01  2.69144125E-01  3.11141750E-01  3.47393355E-01  3.53578317E-01  3.05868673E-01  2.49998165E-01  2.45028735E-01  2.81427599E-01  3.26389965E-01  3.55675755E-01  3.47396671E-01  2.86371708E-01  2.39926527E-01  2.52049854E-01  2.97046133E-01  3.37609715E-01  3.60039006E-01  3.33251834E-01  2.65310550E-01  2.36440446E-01  2.64834843E-01  3.10962356E-01  3.49124347E-01  3.59783729E-01  3.11556343E-01  2.47483259E-01  2.38051123E-01  2.79073463E-01  3.25448401E-01  3.61211854E-01  3.50634067E-01  2.85005576E-01  2.35258231E-01  2.50308743E-01  2.98476120E-01  3.40612561E-01  3.62143748E-01  3.31886191E-01  2.63889884E-01  2.36663671E-01  2.67489476E-01  3.13413179E-01  3.49208684E-01  3.53549854E-01  3.07103592E-01  2.51927089E-01  2.44514292E-01  2.84078885E-01  3.26908753E-01  3.51243154E-01  3.41440909E-01  2.84736934E-01  2.43898221E-01  2.58873480E-01  3.01288631E-01  3.35925456E-01  3.52122887E-01  3.21978588E-01  2.64237225E-01  2.45312212E-01  2.76555915E-01  3.12910459E-01  3.41619088E-01  3.44924380E-01  3.01791318E-01  2.54920300E-01  2.55616597E-01  2.88761416E-01  3.24890806E-01  3.48159747E-01  3.30363373E-01  2.81676346E-01  2.52078239E-01  2.65193437E-01  3.00650575E-01  3.37064494E-01  3.47298412E-01  3.13892728E-01  2.65783935E-01  2.54031433E-01  2.80450419E-01  3.13867157E-01  3.40441885E-01  3.39142096E-01  2.97691673E-01  2.56992426E-01  2.60589142E-01  2.90295310E-01  3.23683873E-01  3.47473938E-01  3.28409732E-01  2.80453859E-01  2.54157941E-01  2.69882933E-01  2.99050038E-01  3.33252238E-01  3.46005393E-01  3.14168737E-01  2.68710147E-01  2.57246849E-01  2.79697616E-01  3.08074232E-01  3.39840963E-01  3.42294010E-01  2.96745503E-01  2.57003355E-01  2.64226365E-01  2.90640148E-01  3.19034273E-01
  4.04764590E-01  3.24262852E-01  2.08811526E-01  1.74425179E-01  2.56377772E-01  3.58971942E-01  4.12619918E-01  3.90359883E-01  2.83178797E-01  1.80067786E-01  1.90962136E-01  2.91691521E-01  3.85720704E-01  4.19094492E-01  3.61883857E-01  2.39839421E-01  1.68631611E-01  2.16746283E-01  3.27423529E-01  4.08093238E-01  4.09085294E-01  3.24408212E-01  2.04569425E-01  1.71978753E-01  2.53163113E-01  3.61333301E-01  4.18676602E-01  3.88996038E-01  2.79786565E-01  1.81027051E-01  1.88049326E-01  2.89821161E-01  3.90468953E-01  4.20307098E-01  3.56926225E-01  2.39657203E-01  1.68445790E-01  2.15734279E-01  3.28535626E-01  4.09218842E-01  4.05682268E-01  3.21026353E-01  2.08964573E-01  1.73227815E-01  2.52413366E-01  3.59078059E-01  4.11855393E-01  3.84742130E-01  2.85868987E-01  1.86911944E-01  1.91519094E-01  2.89925259E-01  3.81036055E-01  4.09646218E-01  3.58231192E-01  2.49633352E-01  1.76404821E-01  2.17602729E-01  3.22437244E-01  3.99521949E-01  4.01567187E-01  3.25449814E-01  2.16281929E-01  1.78827426E-01  2.49568053E-01  3.54427208E-01  4.09511809E-01  3.83413804E-01  2.89126041E-01  1.91228477E-01  1.94517074E-01  2.86606303E-01  3.79645688E-01  4.06423043E-01  3.60800482E-01  2.51495060E-01  1.78187942E-01  2.15260644E-01  3.19078216E-01  3.95419965E-01  4.02639325E-01  3.30654307E-01  2.18450900E-01  1.75301996E-01  2.43218639E-01  3.52619102E-01  4.13951638E-01  3.90193492E-01  2.90181915E-01  1.88976999E-01  1.83989142E-01  2.79343378E-01  3.83063461E-01  4.17695916E-01  3.66030839E-01  2.51998044E-01  1.74718300E-01  2.07919049E-01  3.14729867E-01  4.03441764E-01  4.11993968E-01  3.32209793E-01  2.17654511E-01  1.74293649E-01  2.38950174E-01  3.49716229E-01  4.16514645E-01  3.95064430E-01  2.94300302E-01  1.92662789E-01  1.85498717E-01  2.76571746E-01  3.76748025E-01  4.18854251E-01  3.70306896E-01  2.57402468E-01  1.76072834E-01  2.06130880E-01  3.10695491E-01  4.00640437E-01  4.15330892E-01  3.37150236E-01  2.19550460E-01  1.71419768E-01  2.38647285E-01  3.46724946E-01  4.14565864E-01  3.98443461E-01  2.96692783E-01  1.90794915E-01  1.85394091E-01  2.75781496E-01  3.76354338E-01  4.20717775E-01  3.72979104E-01  2.53740071E-01  1.76660643E-01  2.11242939E-01  3.07806620E-01  3.95876416E-01  4.18567864E-01  3.37600328E-01  2.17730280E-01  1.75710556E-01  2.40442056E-01  3.41191781E-01  4.12732274E-01  4.02105810E-01  2.97093966E-01  1.89952350E-01  1.88516978E-01  2.75862120E-01  3.72740284E-01  4.20494045E-01  3.72715239E-01  2.50688697E-01  1.77728741E-01  2.17796676E-01  3.12694413E-01  3.91893050E-01  4.13224141E-01  3.31992214E-01  2.14436485E-01  1.83398413E-01  2.50292414E-01  3.43313805E-01  4.08576236E-01  3.91350481E-01  2.89534809E-01  1.92286688E-01  1.96421472E-01  2.83244862E-01  3.74783943E-01  4.13315960E-01  3.61193362E-01  2.48292410E-01  1.80602749E-01  2.20154098E-01  3.17968582E-01  3.97437178E-01  4.06102750E-01  3.23302400E-01  2.14813044E-01  1.79724527E-01  2.50152965E-01  3.51841054E-01  4.09406343E-01  3.88168565E-01  2.86286081E-01  1.88859139E-01  1.93418542E-01  2.83843342E-01  3.80407414E-01  4.17111898E-01  3.60362424E-01  2.45189019E-01  1.73710152E-01  2.19273541E-01  3.26248059E-01  4.01745659E-01
  3.03447789E-01  3.01386444E-01  2.92107101E-01  2.97921895E-01  3.06579982E-01  2.99852926E-01  2.98591808E-01  3.04514120E-01  2.97734940E-01  2.90441687E-01  3.02934302E-01  3.06952184E-01  2.96722912E-01  2.98161131E-01  3.03732618E-01  2.94981611E-01  2.92099036E-01  3.07224997E-01  3.03194382E-01  2.94927447E-01  3.00271856E-01  3.04836536E-01  2.92600094E-01  2.96753930E-01  3.08031434E-01  3.00780632E-01  2.94260004E-01  3.02933100E-01  3.02408530E-01  2.93376624E-01  2.99642875E-01  3.05481836E-01  2.97898762E-01  2.97283184E-01  3.08392145E-01  3.00853624E-01  2.91621806E-01  3.01365898E-01  3.02460385E-01  2.97588457E-01  3.06048421E-01  3.07073113E-01  2.91833465E-01  2.95090777E-01  3.04417329E-01  2.96978737E-01  2.98569583E-01  3.07788530E-01  3.02830519E-01  2.92941114E-01  2.99633174E-01  3.00834410E-01  2.96302900E-01  3.01403709E-01  3.05985817E-01  3.00856337E-01  2.95065010E-01  2.99197360E-01  2.99272991E-01  2.95653501E-01  3.04751261E-01  3.08325068E-01  2.97518242E-01  2.93413189E-01  2.99250686E-01  2.98318723E-01  2.94600117E-01  3.08493200E-01  3.08852831E-01  2.94553556E-01  2.95080289E-01  3.00693911E-01  2.93958499E-01  2.97013542E-01  3.12496261E-01  3.07690044E-01  2.90056516E-01  2.96930380E-01  2.99771756E-01  2.91229950E-01  3.01899030E-01  3.16795815E-01  3.00208677E-01  2.89746759E-01  3.00358651E-01  2.95472178E-01  2.91169025E-01  3.09943428E-01  3.14772967E-01  2.95535360E-01  2.93198431E-01  3.01230174E-01  2.90076661E-01  2.94242454E-01  3.14644297E-01  3.11050076E-01  2.91172161E-01  2.96941209E-01  3.01162738E-01  2.89066767E-01  2.97271642E-01  3.17029583E-01  3.03318440E-01  2.90764180E-01  3.02873158E-01  2.96107113E-01  2.87200415E-01  3.08094065E-01  3.14959879E-01  2.93070953E-01  2.96536179E-01  3.08280690E-01  2.90161973E-01  2.91551397E-01  3.13828806E-01  3.07275268E-01  2.90816302E-01  3.06778761E-01  3.04152394E-01  2.81768625E-01  2.96655815E-01  3.15627439E-01  3.00172996E-01  2.98884663E-01  3.12148846E-01  2.91976495E-01  2.81609035E-01  3.06519850E-01  3.11150521E-01  2.96100922E-01  3.07667578E-01  3.08981656E-01  2.82952378E-01  2.86490972E-01  3.09715912E-01  3.04159762E-01  2.98205650E-01  3.14574900E-01  3.02521350E-01  2.79596945E-01  2.93879045E-01  3.08830393E-01  2.95775631E-01  3.04584921E-01  3.18710038E-01  2.96855345E-01  2.82707873E-01  3.00423668E-01  3.00678538E-01  2.93682879E-01  3.12291751E-01  3.14262003E-01  2.90825352E-01  2.89363179E-01  2.98859419E-01  2.93800635E-01  3.00620625E-01  3.18121953E-01  3.07742433E-01  2.89733493E-01  2.94114045E-01  2.97553477E-01  2.92482344E-01  3.05896823E-01  3.15418607E-01  2.98186541E-01  2.93156685E-01  2.98480129E-01  2.96971796E-01  2.95677287E-01  3.06755824E-01  3.07630290E-01  2.97839012E-01  2.97538689E-01  3.01978209E-01  2.95555918E-01  2.95424424E-01  3.06905106E-01  3.02685019E-01  2.97240657E-01  3.04736208E-01  3.01320441E-01  2.91013898E-01  2.97417185E-01  3.05245282E-01  3.02605896E-01  3.01925348E-01  3.03168561E-01  2.95268350E-01  2.89979790E-01  3.02569153E-01  3.08045773E-01  3.00737511E-01  3.01577684E-01  3.02078780E-01  2.92802779E-01  2.93929055E-01  3.06475724E-01  3.02117782E-01  2.98378546E-01
  4.29909678E-01  2.91656156E-01  1.68955865E-01  1.48911393E-01  2.49980078E-01  3.99924594E-01  4.66045464E-01  3.92967834E-01  2.43109030E-01  1.44811440E-01  1.73231660E-01  3.02314058E-01  4.35585022E-01  4.55382776E-01  3.44813955E-01  1.97655286E-01  1.40731092E-01  2.10857379E-01  3.54465040E-01  4.61881962E-01  4.29810259E-01  2.86054751E-01  1.64313068E-01  1.51899285E-01  2.53140333E-01  4.05286637E-01  4.71976313E-01  3.83831824E-01  2.34880527E-01  1.47214247E-01  1.71634185E-01  3.02570966E-01  4.48889799E-01  4.59981538E-01  3.32398630E-01  1.93591612E-01  1.40145093E-01  2.03376629E-01  3.61505977E-01  4.78277050E-01  4.25353801E-01  2.76066347E-01  1.61555780E-01  1.45984259E-01  2.53647104E-01  4.17403801E-01  4.78193128E-01  3.78455819E-01  2.27967247E-01  1.39748615E-01  1.70351558E-01  3.11047375E-01  4.53175973E-01  4.59586907E-01  3.30946002E-01  1.85463507E-01  1.31608001E-01  2.08103972E-01  3.71790553E-01  4.73560796E-01  4.24837512E-01  2.79505021E-01  1.53606641E-01  1.41820206E-01  2.58971743E-01  4.14018064E-01  4.74425654E-01  3.88226788E-01  2.29287015E-01  1.31996226E-01  1.68763952E-01  3.08371741E-01  4.50421150E-01  4.67610646E-01  3.37436508E-01  1.83092521E-01  1.27147663E-01  2.04482811E-01  3.61068873E-01  4.77437539E-01  4.38558234E-01  2.83223545E-01  1.49189185E-01  1.36052810E-01  2.47029118E-01  4.09177133E-01  4.85544650E-01  3.98335486E-01  2.32098029E-01  1.30108749E-01  1.58082737E-01  2.97155401E-01  4.50452604E-01  4.78359570E-01  3.45568529E-01  1.85950391E-01  1.23416802E-01  1.91934297E-01  3.52354199E-01  4.81756587E-01  4.51256795E-01  2.87590001E-01  1.52816124E-01  1.30589510E-01  2.36970433E-01  4.09445172E-01  4.92140828E-01  4.00291457E-01  2.35507829E-01  1.32716206E-01  1.52789615E-01  2.93193147E-01  4.52500942E-01  4.78747039E-01  3.49405542E-01  1.92096660E-01  1.23103895E-01  1.88815040E-01  3.51729780E-01  4.78120777E-01  4.49673934E-01  2.95852232E-01  1.54680404E-01  1.31617566E-01  2.37637473E-01  4.03426798E-01  4.88851737E-01  4.07445578E-01  2.39148384E-01  1.31177971E-01  1.53718481E-01  2.92865729E-01  4.49544035E-01  4.79308210E-01  3.50556974E-01  1.90097185E-01  1.23002333E-01  1.92088681E-01  3.55381476E-01  4.79760603E-01  4.45294071E-01  2.91890560E-01  1.53999996E-01  1.32219726E-01  2.43959978E-01  4.06537681E-01  4.84685350E-01  4.03314535E-01  2.38287402E-01  1.31933057E-01  1.60123923E-01  2.97047045E-01  4.44366076E-01  4.75199788E-01  3.50247014E-01  1.91210534E-01  1.28216587E-01  1.95484880E-01  3.49979854E-01  4.71838258E-01  4.48494504E-01  2.94759631E-01  1.55264752E-01  1.38414565E-01  2.42184025E-01  3.99370400E-01  4.83684148E-01  4.03406435E-01  2.36503638E-01  1.37554680E-01  1.65944413E-01  2.96968962E-01  4.41778358E-01  4.69450738E-01  3.45862392E-01  1.93361045E-01  1.37352472E-01  2.03958162E-01  3.47187407E-01  4.66262701E-01  4.38476237E-01  2.89580267E-01  1.64808060E-01  1.50415916E-01  2.44498774E-01  3.95670960E-01  4.74736286E-01  3.95308540E-01  2.40615967E-01  1.47862704E-01  1.70378188E-01  2.93905961E-01  4.39890152E-01  4.63985257E-01  3.41596113E-01  1.98446850E-01  1.41798229E-01  2.02896194E-01  3.49506277E-01  4.65505389E-01
  3.13946806E-01  4.39430549E-01  4.44602003E-01  3.34431516E-01  1.96351308E-01  1.40661203E-01  2.14381206E-01  3.66786259E-01  4.60133939E-01  4.12719775E-01  2.83883549E-01  1.62511780E-01  1.51587392E-01  2.65616527E-01  4.11913370E-01  4.58390359E-01  3.75073921E-01  2.33271159E-01  1.42464415E-01  1.79707652E-01  3.19068182E-01  4.43581618E-01  4.45768699E-01  3.30341196E-01  1.89156465E-01  1.41064578E-01  2.23365143E-01  3.62675353E-01  4.57824609E-01  4.23208272E-01  2.80125666E-01  1.56816056E-01  1.56904266E-01  2.63326838E-01  3.96418371E-01  4.68474708E-01  3.92128626E-01  2.26763362E-01  1.42524963E-01  1.80275290E-01  3.03705680E-01  4.34652691E-01  4.61661660E-01  3.39225729E-01  1.91481417E-01  1.45496604E-01  2.08101244E-01  3.41327271E-01  4.57533117E-01  4.42573592E-01  2.91487950E-01  1.65018264E-01  1.57783608E-01  2.43776676E-01  3.81367503E-01  4.71263427E-01  4.03159796E-01  2.42215003E-01  1.52122388E-01  1.80646786E-01  2.84864394E-01  4.18689645E-01  4.64502287E-01  3.55111558E-01  2.03344377E-01  1.52764152E-01  2.04191152E-01  3.26967174E-01  4.49567773E-01  4.42123913E-01  3.01685094E-01  1.77504575E-01  1.61175311E-01  2.38966869E-01  3.72621234E-01  4.63477207E-01  4.02292074E-01  2.52597422E-01  1.61349894E-01  1.77173460E-01  2.80385652E-01  4.14840291E-01  4.57776372E-01  3.57143705E-01  2.13247926E-01  1.56230785E-01  2.05405056E-01  3.26629413E-01  4.43268858E-01  4.36674036E-01  3.02908858E-01  1.81727621E-01  1.62822142E-01  2.42921778E-01  3.76657980E-01  4.60185989E-01  3.95550709E-01  2.50012074E-01  1.63490750E-01  1.83886654E-01  2.91745593E-01  4.21972362E-01  4.52252303E-01  3.41742481E-01  2.04888837E-01  1.58292999E-01  2.17558676E-01  3.43338454E-01  4.45596860E-01  4.15951915E-01  2.89691100E-01  1.81920731E-01  1.71040364E-01  2.56322818E-01  3.80951156E-01  4.44724727E-01  3.80421248E-01  2.51837380E-01  1.71417474E-01  1.84659383E-01  2.94290667E-01  4.17262284E-01  4.37364062E-01  3.39737976E-01  2.16071492E-01  1.60562149E-01  2.11897855E-01  3.43637883E-01  4.41667323E-01  4.15511745E-01  2.96953596E-01  1.86722842E-01  1.58872008E-01  2.50878288E-01  3.89131433E-01  4.43752788E-01  3.84438136E-01  2.59472299E-01  1.61519023E-01  1.79065001E-01  3.00305164E-01  4.16902665E-01  4.35001681E-01  3.49835041E-01  2.17774365E-01  1.50919269E-01  2.13682648E-01  3.47660451E-01  4.32298298E-01  4.13366685E-01  3.06539945E-01  1.85051301E-01  1.59849655E-01  2.56295883E-01  3.87414545E-01  4.37630657E-01  3.85799161E-01  2.60420963E-01  1.63471804E-01  1.81498097E-01  3.03185261E-01  4.15106786E-01  4.29806720E-01  3.49615488E-01  2.18052182E-01  1.53392570E-01  2.16428082E-01  3.48471911E-01  4.33488421E-01  4.11376957E-01  3.02688758E-01  1.84411520E-01  1.60802000E-01  2.57202221E-01  3.85721809E-01  4.38133433E-01  3.85034129E-01  2.57690023E-01  1.60063362E-01  1.83226921E-01  3.03118721E-01  4.18747943E-01  4.35438004E-01  3.46992663E-01  2.10579487E-01  1.49015907E-01  2.15316430E-01  3.55209423E-01  4.42862606E-01  4.18252913E-01  2.98010123E-01  1.69599615E-01  1.54343829E-01  2.60096372E-01  4.01409011E-01  4.55162779E-01  3.82440246E-01  2.43002339E-01  1.47000842E-01  1.77634639E-01
