# PIMCID: 90c3473b-d754-47ac-8e97-3e968a3d4b81
#      0.000E+00       5.000E-01       1.000E+00       1.500E+00       2.000E+00       2.500E+00       3.000E+00       3.500E+00       4.000E+00       4.500E+00       5.000E+00       5.500E+00       6.000E+00       6.500E+00       7.000E+00       7.500E+00       8.000E+00       8.500E+00       9.000E+00       9.500E+00       1.000E+01       1.050E+01       1.100E+01       1.150E+01       1.200E+01       1.250E+01       1.300E+01       1.350E+01       1.400E+01       1.450E+01       1.500E+01       1.550E+01       1.600E+01       1.650E+01       1.700E+01       1.750E+01       1.800E+01       1.850E+01       1.900E+01       1.950E+01       2.000E+01       2.050E+01       2.100E+01       2.150E+01       2.200E+01       2.250E+01       2.300E+01       2.350E+01       2.400E+01       2.450E+01       2.500E+01       2.550E+01       2.600E+01       2.650E+01       2.700E+01       2.750E+01       2.800E+01       2.850E+01       2.900E+01       2.950E+01       3.000E+01       3.050E+01       3.100E+01       3.150E+01       3.200E+01       3.250E+01       3.300E+01       3.350E+01       3.400E+01       3.450E+01       3.500E+01       3.550E+01       3.600E+01       3.650E+01       3.700E+01       3.750E+01       3.800E+01       3.850E+01       3.900E+01       3.950E+01       4.000E+01       4.050E+01       4.100E+01       4.150E+01       4.200E+01       4.250E+01       4.300E+01       4.350E+01       4.400E+01       4.450E+01       4.500E+01       4.550E+01       4.600E+01       4.650E+01       4.700E+01       4.750E+01       4.800E+01       4.850E+01       4.900E+01       4.950E+01       5.000E+01       5.050E+01       5.100E+01       5.150E+01       5.200E+01       5.250E+01       5.300E+01       5.350E+01       5.400E+01       5.450E+01       5.500E+01       5.550E+01       5.600E+01       5.650E+01       5.700E+01       5.750E+01       5.800E+01       5.850E+01       5.900E+01       5.950E+01       6.000E+01       6.050E+01       6.100E+01       6.150E+01       6.200E+01       6.250E+01       6.300E+01       6.350E+01       6.400E+01       6.450E+01       6.500E+01       6.550E+01       6.600E+01       6.650E+01       6.700E+01       6.750E+01       6.800E+01       6.850E+01       6.900E+01       6.950E+01       7.000E+01       7.050E+01       7.100E+01       7.150E+01       7.200E+01       7.250E+01       7.300E+01       7.350E+01       7.400E+01       7.450E+01       7.500E+01       7.550E+01       7.600E+01       7.650E+01       7.700E+01       7.750E+01       7.800E+01       7.850E+01       7.900E+01       7.950E+01       8.000E+01       8.050E+01       8.100E+01       8.150E+01       8.200E+01       8.250E+01       8.300E+01       8.350E+01       8.400E+01       8.450E+01       8.500E+01       8.550E+01       8.600E+01       8.650E+01       8.700E+01       8.750E+01       8.800E+01       8.850E+01       8.900E+01       8.950E+01       9.000E+01       9.050E+01       9.100E+01       9.150E+01       9.200E+01       9.250E+01       9.300E+01       9.350E+01       9.400E+01       9.450E+01       9.500E+01       9.550E+01       9.600E+01       9.650E+01       9.700E+01       9.750E+01       9.800E+01       9.850E+01       9.900E+01       9.950E+01
 -7.80222385E+01 -8.08925763E+01 -8.12933611E+01 -7.75264667E+01 -7.34693256E+01 -7.21436163E+01 -7.61110281E+01 -7.86868735E+01 -8.16927898E+01 -8.02551077E+01 -7.61985629E+01 -7.20333192E+01 -7.34726714E+01 -7.69237224E+01 -7.97775807E+01 -8.20507969E+01 -7.88292273E+01 -7.40905735E+01 -7.14634468E+01 -7.46443135E+01 -7.78834951E+01 -8.14145094E+01 -8.12295802E+01 -7.73376301E+01 -7.30156767E+01 -7.28047769E+01 -7.56367059E+01 -7.91617158E+01 -8.19000118E+01 -8.00918738E+01 -7.51290741E+01 -7.18722306E+01 -7.33186190E+01 -7.66373704E+01 -8.04438330E+01 -8.15988912E+01 -7.86223524E+01 -7.35328211E+01 -7.27643547E+01 -7.40408696E+01 -7.81445210E+01 -8.16049240E+01 -8.13802582E+01 -7.64884848E+01 -7.25315317E+01 -7.27446811E+01 -7.52783296E+01 -7.97164183E+01 -8.22799220E+01 -8.03793623E+01 -7.50552132E+01 -7.26834993E+01 -7.32533936E+01 -7.69157742E+01 -8.03944013E+01 -8.21083213E+01 -7.86695054E+01 -7.37369780E+01 -7.26183543E+01 -7.40832992E+01 -7.80562010E+01 -8.11516819E+01 -8.17714210E+01 -7.64808101E+01 -7.19670361E+01 -7.29543002E+01 -7.53412560E+01 -7.92700269E+01 -8.17781167E+01 -8.07015276E+01 -7.46986353E+01 -7.19044556E+01 -7.35899701E+01 -7.65303124E+01 -7.99077146E+01 -8.19907972E+01 -7.88088261E+01 -7.32650195E+01 -7.23754466E+01 -7.44498852E+01 -7.76714490E+01 -8.06774364E+01 -8.14435387E+01 -7.65627761E+01 -7.27412496E+01 -7.26407695E+01 -7.59310326E+01 -7.93262402E+01 -8.13643150E+01 -7.96996005E+01 -7.54213123E+01 -7.27633139E+01 -7.38290405E+01 -7.67806351E+01 -7.99379171E+01 -8.12282973E+01 -7.85212388E+01 -7.49975577E+01 -7.27263435E+01 -7.48648991E+01 -7.75914215E+01 -8.04707241E+01 -8.07734930E+01 -7.73221100E+01 -7.37888617E+01 -7.36878850E+01 -7.51223254E+01 -7.81115494E+01 -8.07878633E+01 -7.95228459E+01 -7.62125737E+01 -7.27951457E+01 -7.38662406E+01 -7.56766612E+01 -7.90722367E+01 -8.05851382E+01 -7.85410938E+01 -7.50022658E+01 -7.32840882E+01 -7.48292773E+01 -7.64335887E+01 -8.02029879E+01 -8.01942239E+01 -7.76744439E+01 -7.43599471E+01 -7.40258098E+01 -7.50121211E+01 -7.80303126E+01 -8.09259076E+01 -7.94377245E+01 -7.64474840E+01 -7.43152676E+01 -7.47604845E+01 -7.57928849E+01 -7.93661490E+01 -8.05822119E+01 -7.82101009E+01 -7.51588164E+01 -7.44392152E+01 -7.49369153E+01 -7.68649120E+01 -8.01756370E+01 -7.99424963E+01 -7.69332195E+01 -7.44420435E+01 -7.48344506E+01 -7.50037143E+01 -7.82962150E+01 -8.09938713E+01 -7.87183405E+01 -7.56747058E+01 -7.45631286E+01 -7.46289097E+01 -7.59278021E+01 -7.98077396E+01 -8.09863638E+01 -7.81914527E+01 -7.51588383E+01 -7.45035337E+01 -7.49445383E+01 -7.69039685E+01 -8.05717027E+01 -8.04252902E+01 -7.73629458E+01 -7.41415284E+01 -7.40185258E+01 -7.50019874E+01 -7.81033431E+01 -8.13268102E+01 -7.95477894E+01 -7.56248048E+01 -7.35779941E+01 -7.44491539E+01 -7.62042406E+01 -7.96052530E+01 -8.15069533E+01 -7.83198737E+01 -7.40725172E+01 -7.34736101E+01 -7.44810564E+01 -7.75609506E+01 -8.07382591E+01 -8.12380825E+01 -7.71434248E+01 -7.36377800E+01 -7.37573756E+01 -7.60296717E+01 -7.89368694E+01 -8.14955425E+01 -8.00830136E+01 -7.57005249E+01 -7.30100457E+01 -7.38481001E+01 -7.71734038E+01 -7.99687340E+01 -8.17048575E+01 -7.92654357E+01 -7.52156258E+01 -7.24431752E+01 -7.48907318E+01
 -7.50421281E+01 -7.60430274E+01 -7.65186074E+01 -7.91921182E+01 -7.73857829E+01 -7.44514661E+01 -7.39922442E+01 -7.54466731E+01 -7.55569319E+01 -7.68241101E+01 -7.91529459E+01 -7.64877010E+01 -7.37251493E+01 -7.44908672E+01 -7.55621728E+01 -7.56045882E+01 -7.83020561E+01 -7.91725366E+01 -7.52942542E+01 -7.37517731E+01 -7.54907781E+01 -7.56731513E+01 -7.62251509E+01 -7.93597242E+01 -7.77938145E+01 -7.41624025E+01 -7.42201519E+01 -7.62705698E+01 -7.52834187E+01 -7.69848669E+01 -7.92709256E+01 -7.65269730E+01 -7.38546012E+01 -7.48775193E+01 -7.62429873E+01 -7.54251369E+01 -7.84708017E+01 -7.91558439E+01 -7.54396476E+01 -7.34215385E+01 -7.52766935E+01 -7.54920483E+01 -7.62336174E+01 -7.92742668E+01 -7.82651233E+01 -7.41783033E+01 -7.31299962E+01 -7.55283641E+01 -7.55895768E+01 -7.68188707E+01 -7.91867290E+01 -7.65235916E+01 -7.35170243E+01 -7.40744825E+01 -7.57455015E+01 -7.63378207E+01 -7.80348073E+01 -7.85609692E+01 -7.52708858E+01 -7.30001024E+01 -7.45341755E+01 -7.57394996E+01 -7.68492054E+01 -7.85482217E+01 -7.72462355E+01 -7.45752529E+01 -7.34655287E+01 -7.57287218E+01 -7.59756557E+01 -7.72665252E+01 -7.86646826E+01 -7.68048686E+01 -7.37320704E+01 -7.39516158E+01 -7.56749976E+01 -7.59516066E+01 -7.83463430E+01 -7.83070138E+01 -7.56610615E+01 -7.37260461E+01 -7.42961877E+01 -7.52251750E+01 -7.70531688E+01 -7.87811009E+01 -7.76459908E+01 -7.45342460E+01 -7.36376475E+01 -7.45115521E+01 -7.60370446E+01 -7.81991786E+01 -7.88752698E+01 -7.67265990E+01 -7.41656063E+01 -7.41170467E+01 -7.48987082E+01 -7.66495888E+01 -7.90274587E+01 -7.81805362E+01 -7.53430578E+01 -7.36143603E+01 -7.44855350E+01 -7.55243406E+01 -7.81671671E+01 -7.90536288E+01 -7.72250849E+01 -7.46754002E+01 -7.35031794E+01 -7.44730380E+01 -7.66143438E+01 -7.84374560E+01 -7.87686328E+01 -7.61067573E+01 -7.38320964E+01 -7.37533503E+01 -7.46840085E+01 -7.77103562E+01 -7.91667608E+01 -7.76879535E+01 -7.46520074E+01 -7.31529304E+01 -7.39308945E+01 -7.55985628E+01 -7.90441625E+01 -7.92295078E+01 -7.65505906E+01 -7.34451969E+01 -7.34821139E+01 -7.48024724E+01 -7.69150271E+01 -7.90862739E+01 -7.87549185E+01 -7.52673039E+01 -7.39294728E+01 -7.39550905E+01 -7.51812404E+01 -7.76456153E+01 -7.91156078E+01 -7.76414698E+01 -7.40256371E+01 -7.42238800E+01 -7.51913307E+01 -7.57729946E+01 -7.79105019E+01 -7.95901879E+01 -7.67575509E+01 -7.42128781E+01 -7.45863276E+01 -7.52014991E+01 -7.61867754E+01 -7.81421022E+01 -7.90204358E+01 -7.58893564E+01 -7.36969524E+01 -7.50786669E+01 -7.61336679E+01 -7.69464623E+01 -7.93715131E+01 -7.84309839E+01 -7.44313771E+01 -7.42546380E+01 -7.55841558E+01 -7.59446879E+01 -7.77816308E+01 -7.95134721E+01 -7.70763834E+01 -7.33642953E+01 -7.50994608E+01 -7.53030806E+01 -7.60819913E+01 -7.81504067E+01 -7.89184496E+01 -7.50690107E+01 -7.39651146E+01 -7.47269124E+01 -7.55098038E+01 -7.65844728E+01 -7.88001508E+01 -7.80176878E+01 -7.42126709E+01 -7.41780964E+01 -7.43924918E+01 -7.56281412E+01 -7.71201759E+01 -7.90943671E+01 -7.63654846E+01 -7.48370967E+01 -7.41325750E+01 -7.47917402E+01 -7.55678902E+01 -7.76270925E+01 -7.84509384E+01 -7.56845122E+01 -7.44564390E+01 -7.43333915E+01 -7.59909668E+01 -7.60645370E+01 -7.83151876E+01 -7.78421006E+01 -7.53142336E+01 -7.41486659E+01
 -7.37953711E+01 -7.84639467E+01 -8.13218578E+01 -8.08565393E+01 -7.57364036E+01 -7.21765702E+01 -7.22878152E+01 -7.51448741E+01 -7.95793330E+01 -8.18776826E+01 -7.95562264E+01 -7.38159511E+01 -7.23097999E+01 -7.26460680E+01 -7.66575859E+01 -8.06345177E+01 -8.15256387E+01 -7.79388616E+01 -7.27853919E+01 -7.19648523E+01 -7.35993730E+01 -7.76079735E+01 -8.14029182E+01 -8.06507408E+01 -7.60223598E+01 -7.20342075E+01 -7.13045817E+01 -7.46869894E+01 -7.92097134E+01 -8.21302987E+01 -7.95211573E+01 -7.40377355E+01 -7.16940281E+01 -7.27523575E+01 -7.62842093E+01 -8.06751238E+01 -8.17245408E+01 -7.76481908E+01 -7.29051231E+01 -7.16298739E+01 -7.36358990E+01 -7.79216102E+01 -8.16256074E+01 -8.05457115E+01 -7.57713945E+01 -7.17187137E+01 -7.20991290E+01 -7.52065982E+01 -7.92552730E+01 -8.20813711E+01 -7.92719032E+01 -7.40715699E+01 -7.17447321E+01 -7.29784858E+01 -7.57080885E+01 -8.03487806E+01 -8.20846208E+01 -7.75576712E+01 -7.31908322E+01 -7.11705404E+01 -7.38023049E+01 -7.68864606E+01 -8.13584568E+01 -8.11424643E+01 -7.55461849E+01 -7.22828611E+01 -7.17507182E+01 -7.46310043E+01 -7.85002050E+01 -8.18018831E+01 -7.90913102E+01 -7.40906498E+01 -7.19597201E+01 -7.27357103E+01 -7.52440473E+01 -8.01541434E+01 -8.14471089E+01 -7.69178512E+01 -7.36401770E+01 -7.21960553E+01 -7.30719163E+01 -7.63047220E+01 -8.10797338E+01 -8.00283427E+01 -7.56846496E+01 -7.35655553E+01 -7.22815669E+01 -7.32321914E+01 -7.81481317E+01 -8.17906766E+01 -7.88539363E+01 -7.43568312E+01 -7.33826779E+01 -7.26698371E+01 -7.44356913E+01 -8.06153889E+01 -8.15843404E+01 -7.66254002E+01 -7.39160256E+01 -7.34571889E+01 -7.29704473E+01 -7.61010109E+01 -8.14816490E+01 -8.01507973E+01 -7.56594920E+01 -7.31799532E+01 -7.36317489E+01 -7.39719947E+01 -7.79491996E+01 -8.22407536E+01 -7.89108396E+01 -7.48039124E+01 -7.31767240E+01 -7.38006988E+01 -7.46591851E+01 -8.02150819E+01 -8.17787969E+01 -7.76829203E+01 -7.39902028E+01 -7.23420929E+01 -7.40549886E+01 -7.63617901E+01 -8.16627725E+01 -8.06561153E+01 -7.59206039E+01 -7.30745461E+01 -7.30585582E+01 -7.45874666E+01 -7.81575606E+01 -8.21889686E+01 -7.88969270E+01 -7.52197897E+01 -7.27062582E+01 -7.30726942E+01 -7.55375908E+01 -7.98645412E+01 -8.15973015E+01 -7.72634038E+01 -7.42419682E+01 -7.18998161E+01 -7.41199414E+01 -7.70066057E+01 -8.11224926E+01 -8.03829005E+01 -7.58560991E+01 -7.29223056E+01 -7.18124406E+01 -7.52000270E+01 -7.84518099E+01 -8.18027027E+01 -7.89331747E+01 -7.43892221E+01 -7.17665692E+01 -7.23993616E+01 -7.64188750E+01 -7.96804645E+01 -8.13301204E+01 -7.71063834E+01 -7.30473656E+01 -7.15344025E+01 -7.43195742E+01 -7.76660170E+01 -8.08893403E+01 -8.03378979E+01 -7.53885253E+01 -7.19536329E+01 -7.22700857E+01 -7.56463967E+01 -7.83754630E+01 -8.15137254E+01 -7.92961127E+01 -7.36130234E+01 -7.14912854E+01 -7.39138448E+01 -7.59574909E+01 -7.99182326E+01 -8.13254524E+01 -7.74838490E+01 -7.21820082E+01 -7.22270966E+01 -7.44690273E+01 -7.76778584E+01 -8.13142278E+01 -8.05704712E+01 -7.54280508E+01 -7.14716366E+01 -7.26294020E+01 -7.53082972E+01 -7.96085386E+01 -8.17508582E+01 -7.92277187E+01 -7.34791760E+01 -7.17815412E+01 -7.32501849E+01 -7.67823663E+01 -8.05791897E+01 -8.14354826E+01 -7.78628964E+01 -7.23670482E+01 -7.17602765E+01
 -7.82985059E+01 -7.83310502E+01 -7.85007508E+01 -7.77683932E+01 -7.43635357E+01 -7.61490096E+01 -7.86618724E+01 -7.88842662E+01 -7.78014763E+01 -7.79611495E+01 -7.65968304E+01 -7.43437435E+01 -7.68940281E+01 -7.93067732E+01 -7.84114544E+01 -7.71807703E+01 -7.77639050E+01 -7.54300594E+01 -7.52663043E+01 -7.87316503E+01 -7.88028277E+01 -7.75561433E+01 -7.71495707E+01 -7.69534642E+01 -7.45635568E+01 -7.68056771E+01 -7.87196549E+01 -7.84052569E+01 -7.66274750E+01 -7.70589560E+01 -7.69767274E+01 -7.47102635E+01 -7.76594590E+01 -7.93220185E+01 -7.80349733E+01 -7.68350626E+01 -7.73777324E+01 -7.58628166E+01 -7.43945383E+01 -7.83453351E+01 -7.89450174E+01 -7.79015333E+01 -7.63619320E+01 -7.70341047E+01 -7.47282326E+01 -7.55194607E+01 -7.82834073E+01 -7.93575306E+01 -7.77732169E+01 -7.69821167E+01 -7.65169086E+01 -7.36831278E+01 -7.76542573E+01 -7.85614415E+01 -7.89887521E+01 -7.75568267E+01 -7.71287803E+01 -7.51657277E+01 -7.46740116E+01 -7.86014983E+01 -7.90001967E+01 -7.88199987E+01 -7.75608323E+01 -7.63151780E+01 -7.39418581E+01 -7.64190141E+01 -7.84489328E+01 -7.91509620E+01 -7.87098017E+01 -7.70408218E+01 -7.47267617E+01 -7.40885251E+01 -7.70344861E+01 -7.87185866E+01 -7.91674488E+01 -7.81862351E+01 -7.58699746E+01 -7.34646181E+01 -7.42646272E+01 -7.80064174E+01 -7.88422748E+01 -7.88478344E+01 -7.72561540E+01 -7.55142879E+01 -7.30705161E+01 -7.56637540E+01 -7.87923958E+01 -7.91454527E+01 -7.89090243E+01 -7.66857301E+01 -7.49666294E+01 -7.25951999E+01 -7.68512721E+01 -7.88407266E+01 -7.87759110E+01 -7.81787771E+01 -7.68773925E+01 -7.42237828E+01 -7.34935053E+01 -7.73249580E+01 -7.84871381E+01 -7.94674938E+01 -7.80761672E+01 -7.61661559E+01 -7.37140329E+01 -7.51320198E+01 -7.77239016E+01 -7.86463291E+01 -7.95073625E+01 -7.67468352E+01 -7.55049213E+01 -7.34004538E+01 -7.60052017E+01 -7.75063421E+01 -7.95746385E+01 -7.89315847E+01 -7.59777842E+01 -7.47268998E+01 -7.32661769E+01 -7.71960108E+01 -7.77774182E+01 -8.00334669E+01 -7.69938495E+01 -7.60117089E+01 -7.39394539E+01 -7.50691455E+01 -7.74673075E+01 -7.86071886E+01 -7.90982102E+01 -7.67065005E+01 -7.63120463E+01 -7.41560969E+01 -7.63594595E+01 -7.77314317E+01 -7.98016884E+01 -7.86796687E+01 -7.71539174E+01 -7.51877766E+01 -7.42207838E+01 -7.67589465E+01 -7.84621231E+01 -8.02542389E+01 -7.84415123E+01 -7.67199715E+01 -7.43367038E+01 -7.59990583E+01 -7.72849516E+01 -7.90143523E+01 -7.91989922E+01 -7.76443314E+01 -7.55570929E+01 -7.38721505E+01 -7.60939630E+01 -7.81225199E+01 -7.92350532E+01 -7.87980808E+01 -7.69652767E+01 -7.43472856E+01 -7.49303394E+01 -7.59541544E+01 -7.81345891E+01 -7.92065251E+01 -7.82787232E+01 -7.60085228E+01 -7.41780868E+01 -7.51507645E+01 -7.65048547E+01 -7.82028311E+01 -7.83373012E+01 -7.74721116E+01 -7.58100367E+01 -7.37959166E+01 -7.69807908E+01 -7.73588154E+01 -7.85261107E+01 -7.84100084E+01 -7.79242234E+01 -7.47057018E+01 -7.47843602E+01 -7.69185437E+01 -7.77711077E+01 -7.78207193E+01 -7.90075164E+01 -7.71838232E+01 -7.37472450E+01 -7.62658578E+01 -7.77867814E+01 -7.81002225E+01 -7.84928240E+01 -7.88416545E+01 -7.54525201E+01 -7.33578155E+01 -7.69884595E+01 -7.77956003E+01 -7.82124162E+01 -7.84702379E+01 -7.85330910E+01 -7.43387232E+01 -7.52965868E+01 -7.78056443E+01
 -8.30472709E+01 -8.19850933E+01 -7.63264241E+01 -7.22353149E+01 -7.20757077E+01 -7.54281822E+01 -8.03786044E+01 -8.34958645E+01 -7.98171400E+01 -7.50099336E+01 -7.17294443E+01 -7.30384846E+01 -7.71865580E+01 -8.16518475E+01 -8.31329936E+01 -7.83146831E+01 -7.32654089E+01 -7.16769330E+01 -7.48219602E+01 -7.87289935E+01 -8.28337424E+01 -8.20853227E+01 -7.64545506E+01 -7.21928921E+01 -7.21155836E+01 -7.57317626E+01 -7.99979138E+01 -8.35136549E+01 -8.05053849E+01 -7.47907806E+01 -7.24322048E+01 -7.27254714E+01 -7.68763112E+01 -8.13935648E+01 -8.32656610E+01 -7.84753549E+01 -7.38434115E+01 -7.15128411E+01 -7.33274454E+01 -7.87942414E+01 -8.29147420E+01 -8.25484503E+01 -7.64376792E+01 -7.29999007E+01 -7.14331701E+01 -7.49883607E+01 -8.07593557E+01 -8.35558474E+01 -8.05967020E+01 -7.50060313E+01 -7.19144319E+01 -7.13449515E+01 -7.67861211E+01 -8.23309293E+01 -8.33966663E+01 -7.85599761E+01 -7.41167665E+01 -7.10819866E+01 -7.28112441E+01 -7.91733272E+01 -8.34415986E+01 -8.26080371E+01 -7.67627338E+01 -7.32745155E+01 -7.02006716E+01 -7.38041644E+01 -8.05434953E+01 -8.41475409E+01 -8.07450525E+01 -7.49451639E+01 -7.26959864E+01 -7.06483801E+01 -7.55642975E+01 -8.20833217E+01 -8.38442382E+01 -7.84618009E+01 -7.40183246E+01 -7.10211146E+01 -7.15753021E+01 -7.78900696E+01 -8.35164517E+01 -8.23892375E+01 -7.67804348E+01 -7.24878888E+01 -7.05600155E+01 -7.36183097E+01 -8.04137989E+01 -8.39360674E+01 -8.07625060E+01 -7.51578612E+01 -7.19562093E+01 -7.12848285E+01 -7.60389613E+01 -8.22166005E+01 -8.33235787E+01 -7.89119371E+01 -7.40201039E+01 -7.07044766E+01 -7.17606151E+01 -7.82647533E+01 -8.32749973E+01 -8.23421172E+01 -7.74304847E+01 -7.24438171E+01 -7.01527205E+01 -7.39472335E+01 -8.05435811E+01 -8.34144321E+01 -8.10559696E+01 -7.55045534E+01 -7.15677132E+01 -7.07377526E+01 -7.60697853E+01 -8.20894626E+01 -8.36121849E+01 -7.96653081E+01 -7.31713665E+01 -7.07788268E+01 -7.19554003E+01 -7.87028642E+01 -8.32751885E+01 -8.29353821E+01 -7.71208836E+01 -7.17423658E+01 -7.08582045E+01 -7.37278496E+01 -8.06018592E+01 -8.37534514E+01 -8.13982265E+01 -7.43269384E+01 -7.08895138E+01 -7.15326752E+01 -7.61032650E+01 -8.20872297E+01 -8.37335457E+01 -7.91033386E+01 -7.26714983E+01 -7.13961007E+01 -7.28057505E+01 -7.85347818E+01 -8.33997344E+01 -8.27277296E+01 -7.64042536E+01 -7.21192960E+01 -7.17627678E+01 -7.41121222E+01 -8.05276231E+01 -8.39787130E+01 -8.08737469E+01 -7.42648758E+01 -7.25137400E+01 -7.22207168E+01 -7.66906426E+01 -8.20034413E+01 -8.33772220E+01 -7.86167324E+01 -7.30672818E+01 -7.26981321E+01 -7.29321313E+01 -7.88237904E+01 -8.34890781E+01 -8.23021913E+01 -7.64059751E+01 -7.29496307E+01 -7.12222152E+01 -7.42174657E+01 -8.01914652E+01 -8.35246380E+01 -8.08758650E+01 -7.47456681E+01 -7.22644558E+01 -7.10373151E+01 -7.60661264E+01 -8.19277398E+01 -8.31870674E+01 -7.86464791E+01 -7.30715672E+01 -7.18842641E+01 -7.28859288E+01 -7.81914595E+01 -8.34517915E+01 -8.27582765E+01 -7.65427240E+01 -7.28214367E+01 -7.19228879E+01 -7.43948095E+01 -8.08688635E+01 -8.37396235E+01 -8.05687540E+01 -7.40906153E+01 -7.21325716E+01 -7.23957640E+01 -7.67426782E+01 -8.25048048E+01 -8.31511930E+01 -7.79175448E+01 -7.28051080E+01 -7.14080930E+01 -7.37011864E+01 -7.87806708E+01
 -7.70033950E+01 -7.06200596E+01 -7.63589949E+01 -7.99347390E+01 -7.80327239E+01 -7.65864878E+01 -7.82280880E+01 -7.42097702E+01 -7.10412734E+01 -7.82454161E+01 -7.92372853E+01 -7.70607463E+01 -7.74745205E+01 -7.77380506E+01 -7.15405458E+01 -7.40141912E+01 -7.88990124E+01 -7.73868861E+01 -7.75586848E+01 -7.80255555E+01 -7.64204863E+01 -7.09795400E+01 -7.59689418E+01 -7.93193343E+01 -7.74880435E+01 -7.80452622E+01 -7.81992483E+01 -7.24651316E+01 -7.13392619E+01 -7.89900461E+01 -7.99307131E+01 -7.81346120E+01 -7.85341490E+01 -7.78763193E+01 -7.05296156E+01 -7.38197018E+01 -7.98286384E+01 -7.92402629E+01 -7.78255061E+01 -7.92680620E+01 -7.49025745E+01 -7.08189727E+01 -7.70790553E+01 -8.00274091E+01 -7.75360703E+01 -7.83174510E+01 -7.78569484E+01 -7.19335727E+01 -7.24361232E+01 -7.94714615E+01 -7.99916046E+01 -7.72725503E+01 -7.91347404E+01 -7.62178388E+01 -7.05865607E+01 -7.47895968E+01 -8.04418418E+01 -7.84219430E+01 -7.77966935E+01 -7.87657836E+01 -7.37354217E+01 -7.02116558E+01 -7.77169349E+01 -8.02481711E+01 -7.76507497E+01 -7.82827800E+01 -7.69365550E+01 -7.19499424E+01 -7.31481386E+01 -8.07529430E+01 -7.96919366E+01 -7.89597793E+01 -7.88060822E+01 -7.64493014E+01 -7.05773249E+01 -7.58846468E+01 -8.15103819E+01 -7.91053757E+01 -7.79682079E+01 -7.74979141E+01 -7.31604285E+01 -7.18056151E+01 -7.91048971E+01 -8.05692377E+01 -7.90846653E+01 -7.80012104E+01 -7.66169554E+01 -7.24775205E+01 -7.39875795E+01 -7.98900079E+01 -7.99831209E+01 -7.92650184E+01 -7.72533104E+01 -7.49858812E+01 -7.20024816E+01 -7.52631006E+01 -8.01727476E+01 -8.01653343E+01 -7.81731061E+01 -7.66613533E+01 -7.32819850E+01 -7.27060891E+01 -7.73234387E+01 -8.09161562E+01 -8.01325649E+01 -7.76927452E+01 -7.63182240E+01 -7.21014953E+01 -7.26548224E+01 -7.82008190E+01 -8.14183681E+01 -7.92930372E+01 -7.76309865E+01 -7.54472093E+01 -7.23194119E+01 -7.41628219E+01 -7.99805476E+01 -8.17627212E+01 -7.74967176E+01 -7.75977753E+01 -7.39733966E+01 -7.25394524E+01 -7.59930894E+01 -8.07977984E+01 -8.12121490E+01 -7.77129386E+01 -7.78148243E+01 -7.38013048E+01 -7.29465764E+01 -7.86815528E+01 -8.22212233E+01 -7.92463755E+01 -7.77392853E+01 -7.68081958E+01 -7.23184985E+01 -7.38012961E+01 -7.96077808E+01 -8.13203391E+01 -7.83289405E+01 -7.70921272E+01 -7.50087076E+01 -7.28528038E+01 -7.51759647E+01 -8.06065397E+01 -7.97790242E+01 -7.82394767E+01 -7.72106452E+01 -7.53211337E+01 -7.14309212E+01 -7.71770211E+01 -8.06127860E+01 -7.86201019E+01 -7.78051822E+01 -7.70029790E+01 -7.42520392E+01 -7.23385399E+01 -7.95169246E+01 -7.97200291E+01 -7.81233798E+01 -7.72960568E+01 -7.63705756E+01 -7.24730842E+01 -7.56300221E+01 -8.05304547E+01 -7.87308950E+01 -7.76870325E+01 -7.71807818E+01 -7.59905479E+01 -7.23476595E+01 -7.86211195E+01 -7.95394951E+01 -7.77232622E+01 -7.72969561E+01 -7.76564410E+01 -7.39362003E+01 -7.43930613E+01 -8.04004476E+01 -7.86489651E+01 -7.78085206E+01 -7.75029529E+01 -7.70481984E+01 -7.25267631E+01 -7.62595337E+01 -8.04057116E+01 -7.78809687E+01 -7.78623177E+01 -7.77272323E+01 -7.48930675E+01 -7.13640471E+01 -7.87803900E+01 -7.97472323E+01 -7.76607098E+01 -7.82484506E+01 -7.79146229E+01 -7.27187564E+01 -7.39323093E+01 -8.03288472E+01 -7.88857701E+01 -7.72001155E+01 -7.86463944E+01
 -7.44444062E+01 -7.25596514E+01 -7.30422765E+01 -7.50202153E+01 -7.96483044E+01 -8.17524108E+01 -7.86838830E+01 -7.36605957E+01 -7.33123024E+01 -7.34429715E+01 -7.68200701E+01 -8.08697185E+01 -8.12599889E+01 -7.67556657E+01 -7.35631331E+01 -7.29610173E+01 -7.38148328E+01 -7.80862798E+01 -8.13065581E+01 -7.94275561E+01 -7.55848968E+01 -7.38224138E+01 -7.27177536E+01 -7.44458563E+01 -7.93881578E+01 -8.13279287E+01 -7.76743200E+01 -7.49377741E+01 -7.22935072E+01 -7.24970835E+01 -7.58831638E+01 -8.07485002E+01 -8.05038731E+01 -7.68568558E+01 -7.43393604E+01 -7.17760323E+01 -7.31720631E+01 -7.82406202E+01 -8.14065736E+01 -7.88924931E+01 -7.60452681E+01 -7.28042667E+01 -7.22669772E+01 -7.49488827E+01 -7.91869174E+01 -8.09444310E+01 -7.79059731E+01 -7.44825953E+01 -7.16850924E+01 -7.31845870E+01 -7.63725313E+01 -8.03068753E+01 -8.00127151E+01 -7.61629727E+01 -7.28439605E+01 -7.19691780E+01 -7.47641576E+01 -7.76388308E+01 -8.11136819E+01 -7.89510181E+01 -7.51651786E+01 -7.29512431E+01 -7.29467895E+01 -7.57507040E+01 -7.85519741E+01 -8.09992998E+01 -7.76477837E+01 -7.38905950E+01 -7.23278859E+01 -7.40579633E+01 -7.66681104E+01 -8.01870742E+01 -8.06692458E+01 -7.66802953E+01 -7.35460310E+01 -7.28140025E+01 -7.50926399E+01 -7.75734321E+01 -8.07792848E+01 -7.94234940E+01 -7.54415158E+01 -7.29709324E+01 -7.34079936E+01 -7.55720616E+01 -7.85916070E+01 -8.05278656E+01 -7.75018673E+01 -7.44649429E+01 -7.30280367E+01 -7.43869067E+01 -7.60264079E+01 -7.97742646E+01 -7.95396222E+01 -7.62516161E+01 -7.42797298E+01 -7.35019968E+01 -7.55723758E+01 -7.66239197E+01 -8.04802731E+01 -7.86596870E+01 -7.58375314E+01 -7.37544437E+01 -7.40066175E+01 -7.53718069E+01 -7.83313091E+01 -8.06437100E+01 -7.78953170E+01 -7.52077400E+01 -7.29395107E+01 -7.43586181E+01 -7.57284586E+01 -7.97448675E+01 -8.02803445E+01 -7.68384863E+01 -7.43486645E+01 -7.32694769E+01 -7.50221927E+01 -7.70857596E+01 -8.05776632E+01 -7.92469737E+01 -7.56192970E+01 -7.38776855E+01 -7.35138487E+01 -7.51098283E+01 -7.87864801E+01 -8.07600307E+01 -7.73289317E+01 -7.46661090E+01 -7.40191801E+01 -7.36810957E+01 -7.56974979E+01 -7.99175275E+01 -8.03912613E+01 -7.57534109E+01 -7.41573179E+01 -7.35594613E+01 -7.36778140E+01 -7.67435619E+01 -8.12182051E+01 -7.95557673E+01 -7.50673812E+01 -7.38127803E+01 -7.28585136E+01 -7.48024008E+01 -7.86755512E+01 -8.15142127E+01 -7.80326087E+01 -7.46041124E+01 -7.33046255E+01 -7.29916944E+01 -7.58542939E+01 -8.01855039E+01 -8.10614787E+01 -7.66327715E+01 -7.38678768E+01 -7.29366009E+01 -7.34963826E+01 -7.66629070E+01 -8.15486249E+01 -8.02690203E+01 -7.54658970E+01 -7.34266013E+01 -7.28293806E+01 -7.46040361E+01 -7.88640025E+01 -8.20150570E+01 -7.83689772E+01 -7.43634271E+01 -7.33534033E+01 -7.31932738E+01 -7.60183551E+01 -8.05484555E+01 -8.16975766E+01 -7.67601118E+01 -7.32980715E+01 -7.30719182E+01 -7.34872351E+01 -7.77195289E+01 -8.14766157E+01 -8.01330692E+01 -7.51623436E+01 -7.31237823E+01 -7.26367450E+01 -7.46127612E+01 -7.92304560E+01 -8.16319438E+01 -7.88597979E+01 -7.43708132E+01 -7.27005923E+01 -7.31126421E+01 -7.66607226E+01 -8.05566747E+01 -8.14828841E+01 -7.71578371E+01 -7.26457256E+01 -7.27714174E+01 -7.40063180E+01 -7.81764418E+01 -8.14967882E+01 -8.03143105E+01
 -7.78264902E+01 -7.42639837E+01 -7.31110303E+01 -7.65386395E+01 -7.65093729E+01 -7.84972721E+01 -7.84656180E+01 -7.63813706E+01 -7.20998947E+01 -7.43007234E+01 -7.70166426E+01 -7.66828927E+01 -7.86657227E+01 -7.83700083E+01 -7.45966772E+01 -7.15594886E+01 -7.58067597E+01 -7.70443100E+01 -7.71803935E+01 -7.88452254E+01 -7.77448267E+01 -7.24091883E+01 -7.21979742E+01 -7.69949550E+01 -7.72121852E+01 -7.79480325E+01 -7.88729844E+01 -7.65514722E+01 -7.17704791E+01 -7.38455356E+01 -7.78499395E+01 -7.71759999E+01 -7.88039125E+01 -7.89759574E+01 -7.48216356E+01 -7.11929305E+01 -7.59097354E+01 -7.73037915E+01 -7.73011286E+01 -7.90216947E+01 -7.80181300E+01 -7.24030212E+01 -7.25494854E+01 -7.66281452E+01 -7.70250198E+01 -7.80387325E+01 -7.92712475E+01 -7.67528533E+01 -7.16524183E+01 -7.36115076E+01 -7.72739383E+01 -7.72251127E+01 -7.89616216E+01 -7.86591266E+01 -7.44926918E+01 -7.15881180E+01 -7.51201006E+01 -7.70696931E+01 -7.76468040E+01 -7.92081373E+01 -7.79904029E+01 -7.28707395E+01 -7.16722201E+01 -7.61278772E+01 -7.66203867E+01 -7.86852751E+01 -7.97787468E+01 -7.66559312E+01 -7.09360142E+01 -7.26844415E+01 -7.61939369E+01 -7.69076730E+01 -7.95137547E+01 -7.99970123E+01 -7.47894764E+01 -7.06682271E+01 -7.39769688E+01 -7.59313148E+01 -7.77783092E+01 -8.05060807E+01 -7.82408418E+01 -7.30683968E+01 -7.10223939E+01 -7.50636734E+01 -7.63500908E+01 -7.90109628E+01 -8.00102617E+01 -7.61796990E+01 -7.19478301E+01 -7.27407570E+01 -7.55871242E+01 -7.75168071E+01 -8.00492854E+01 -7.86995528E+01 -7.46795964E+01 -7.17461762E+01 -7.42496160E+01 -7.57973402E+01 -7.81989529E+01 -7.97966506E+01 -7.75385425E+01 -7.35378280E+01 -7.20356980E+01 -7.54413716E+01 -7.59319173E+01 -7.90128930E+01 -7.92629109E+01 -7.60256499E+01 -7.25335463E+01 -7.32907976E+01 -7.61324233E+01 -7.61936731E+01 -7.91971785E+01 -7.86841305E+01 -7.56868724E+01 -7.17420017E+01 -7.47693184E+01 -7.57035932E+01 -7.70594304E+01 -7.93076772E+01 -7.81742299E+01 -7.42234289E+01 -7.22824776E+01 -7.57013375E+01 -7.53277358E+01 -7.76861615E+01 -7.91218903E+01 -7.74217586E+01 -7.27220842E+01 -7.35364061E+01 -7.56834162E+01 -7.57957910E+01 -7.87151645E+01 -7.86677819E+01 -7.55660394E+01 -7.16228897E+01 -7.43959125E+01 -7.55767599E+01 -7.69005328E+01 -7.91030693E+01 -7.78024967E+01 -7.39180570E+01 -7.24316039E+01 -7.53968333E+01 -7.57075289E+01 -7.80375877E+01 -7.88079324E+01 -7.68011832E+01 -7.24338702E+01 -7.36674423E+01 -7.56840341E+01 -7.61755683E+01 -7.86858318E+01 -7.83626389E+01 -7.50678680E+01 -7.16455232E+01 -7.46307206E+01 -7.55005033E+01 -7.69171386E+01 -7.89395226E+01 -7.81685621E+01 -7.37169154E+01 -7.25883901E+01 -7.58555934E+01 -7.56142174E+01 -7.75472379E+01 -7.88699844E+01 -7.71835660E+01 -7.26394212E+01 -7.41624498E+01 -7.55487314E+01 -7.65619775E+01 -7.86939372E+01 -7.87541279E+01 -7.54595514E+01 -7.26503058E+01 -7.47876725E+01 -7.50099146E+01 -7.71046930E+01 -7.90649621E+01 -7.78813625E+01 -7.41346925E+01 -7.30899777E+01 -7.45620629E+01 -7.53591101E+01 -7.81049740E+01 -7.89055586E+01 -7.66786671E+01 -7.39097051E+01 -7.32652212E+01 -7.48634046E+01 -7.62073082E+01 -7.88638311E+01 -7.83259057E+01 -7.61552331E+01 -7.37083103E+01 -7.41876537E+01 -7.59317630E+01 -7.79869097E+01 -7.89562520E+01
 -7.52957130E+01 -7.61930327E+01 -7.63975213E+01 -7.64506841E+01 -7.66672501E+01 -7.73042658E+01 -7.63096612E+01 -7.53328957E+01 -7.61043417E+01 -7.65652162E+01 -7.66119856E+01 -7.69072117E+01 -7.67741406E+01 -7.58925838E+01 -7.55831321E+01 -7.61387446E+01 -7.71633426E+01 -7.67679509E+01 -7.70883033E+01 -7.64712047E+01 -7.61583025E+01 -7.56310349E+01 -7.72298916E+01 -7.70994386E+01 -7.68335270E+01 -7.67340811E+01 -7.67392395E+01 -7.63559909E+01 -7.63749400E+01 -7.79200195E+01 -7.70508676E+01 -7.70355121E+01 -7.68948407E+01 -7.68025427E+01 -7.62466602E+01 -7.68866290E+01 -7.71513969E+01 -7.69848936E+01 -7.66922841E+01 -7.66976872E+01 -7.64533686E+01 -7.60380882E+01 -7.74607195E+01 -7.69245382E+01 -7.68909231E+01 -7.69891068E+01 -7.65553032E+01 -7.63952163E+01 -7.61480307E+01 -7.74883320E+01 -7.64849421E+01 -7.72350971E+01 -7.64599369E+01 -7.66174093E+01 -7.63281941E+01 -7.65515769E+01 -7.64361836E+01 -7.59251273E+01 -7.71220126E+01 -7.62458531E+01 -7.66325295E+01 -7.58946518E+01 -7.74810280E+01 -7.61314120E+01 -7.63767906E+01 -7.68918706E+01 -7.60746781E+01 -7.64282046E+01 -7.63469536E+01 -7.76563592E+01 -7.56877834E+01 -7.70741258E+01 -7.58024360E+01 -7.61806792E+01 -7.62697600E+01 -7.67886853E+01 -7.70289643E+01 -7.58885982E+01 -7.69569724E+01 -7.57078904E+01 -7.63986522E+01 -7.62608638E+01 -7.75039903E+01 -7.58298376E+01 -7.65701139E+01 -7.66304335E+01 -7.54001042E+01 -7.62636021E+01 -7.65870349E+01 -7.70783828E+01 -7.55335260E+01 -7.72856965E+01 -7.58148967E+01 -7.55613178E+01 -7.63245923E+01 -7.71281609E+01 -7.69322769E+01 -7.59721672E+01 -7.69972651E+01 -7.55257715E+01 -7.60767030E+01 -7.65016279E+01 -7.73330349E+01 -7.61715291E+01 -7.66859990E+01 -7.68549770E+01 -7.51782385E+01 -7.67406853E+01 -7.62705862E+01 -7.70922672E+01 -7.62157879E+01 -7.72632212E+01 -7.62817601E+01 -7.59838233E+01 -7.63801955E+01 -7.66457182E+01 -7.70568742E+01 -7.62172973E+01 -7.73806199E+01 -7.63058227E+01 -7.59070210E+01 -7.64919160E+01 -7.71022678E+01 -7.64612589E+01 -7.70763891E+01 -7.71046406E+01 -7.59364831E+01 -7.57684818E+01 -7.64563196E+01 -7.72830582E+01 -7.70757851E+01 -7.75289187E+01 -7.67105962E+01 -7.61001193E+01 -7.60149646E+01 -7.66916262E+01 -7.71393972E+01 -7.74931056E+01 -7.68852915E+01 -7.65450225E+01 -7.60677294E+01 -7.60842386E+01 -7.72451610E+01 -7.74140695E+01 -7.75600078E+01 -7.68011188E+01 -7.62194306E+01 -7.61054207E+01 -7.61681394E+01 -7.70905755E+01 -7.76865361E+01 -7.74116949E+01 -7.68976984E+01 -7.58501528E+01 -7.59282034E+01 -7.62614638E+01 -7.76708275E+01 -7.80287374E+01 -7.70096519E+01 -7.58743587E+01 -7.60537668E+01 -7.64934366E+01 -7.67021193E+01 -7.76952963E+01 -7.77021198E+01 -7.68414095E+01 -7.52761594E+01 -7.61328250E+01 -7.64967292E+01 -7.71251937E+01 -7.76353017E+01 -7.76981988E+01 -7.63993125E+01 -7.53487357E+01 -7.64985408E+01 -7.67698787E+01 -7.71241370E+01 -7.73096587E+01 -7.74612136E+01 -7.58404556E+01 -7.54796997E+01 -7.64192690E+01 -7.67715264E+01 -7.69982666E+01 -7.71605060E+01 -7.74010100E+01 -7.52643867E+01 -7.63588685E+01 -7.68455733E+01 -7.60122212E+01 -7.66868246E+01 -7.77166683E+01 -7.70710132E+01 -7.53309566E+01 -7.59343676E+01 -7.65825207E+01 -7.61962250E+01 -7.70772212E+01 -7.78070043E+01 -7.61035630E+01
 -7.52957130E+01 -7.61930327E+01 -7.63975213E+01 -7.64506841E+01 -7.66672501E+01 -7.73042658E+01 -7.63096612E+01 -7.53328957E+01 -7.61043417E+01 -7.65652162E+01 -7.66119856E+01 -7.69072117E+01 -7.67741406E+01 -7.58925838E+01 -7.55831321E+01 -7.61387446E+01 -7.71633426E+01 -7.67679509E+01 -7.70883033E+01 -7.64712047E+01 -7.61583025E+01 -7.56310349E+01 -7.72298916E+01 -7.70994386E+01 -7.68335270E+01 -7.67340811E+01 -7.67392395E+01 -7.63559909E+01 -7.63749400E+01 -7.79200195E+01 -7.70508676E+01 -7.70355121E+01 -7.68948407E+01 -7.68025427E+01 -7.62466602E+01 -7.68866290E+01 -7.71513969E+01 -7.69848936E+01 -7.66922841E+01 -7.66976872E+01 -7.64533686E+01 -7.60380882E+01 -7.74607195E+01 -7.69245382E+01 -7.68909231E+01 -7.69891068E+01 -7.65553032E+01 -7.63952163E+01 -7.61480307E+01 -7.74883320E+01 -7.64849421E+01 -7.72350971E+01 -7.64599369E+01 -7.66174093E+01 -7.63281941E+01 -7.65515769E+01 -7.64361836E+01 -7.59251273E+01 -7.71220126E+01 -7.62458531E+01 -7.66325295E+01 -7.58946518E+01 -7.74810280E+01 -7.61314120E+01 -7.63767906E+01 -7.68918706E+01 -7.60746781E+01 -7.64282046E+01 -7.63469536E+01 -7.76563592E+01 -7.56877834E+01 -7.70741258E+01 -7.58024360E+01 -7.61806792E+01 -7.62697600E+01 -7.67886853E+01 -7.70289643E+01 -7.58885982E+01 -7.69569724E+01 -7.57078904E+01 -7.63986522E+01 -7.62608638E+01 -7.75039903E+01 -7.58298376E+01 -7.65701139E+01 -7.66304335E+01 -7.54001042E+01 -7.62636021E+01 -7.65870349E+01 -7.70783828E+01 -7.55335260E+01 -7.72856965E+01 -7.58148967E+01 -7.55613178E+01 -7.63245923E+01 -7.71281609E+01 -7.69322769E+01 -7.59721672E+01 -7.69972651E+01 -7.55257715E+01 -7.60767030E+01 -7.65016279E+01 -7.73330349E+01 -7.61715291E+01 -7.66859990E+01 -7.68549770E+01 -7.51782385E+01 -7.67406853E+01 -7.62705862E+01 -7.70922672E+01 -7.62157879E+01 -7.72632212E+01 -7.62817601E+01 -7.59838233E+01 -7.63801955E+01 -7.66457182E+01 -7.70568742E+01 -7.62172973E+01 -7.73806199E+01 -7.63058227E+01 -7.59070210E+01 -7.64919160E+01 -7.71022678E+01 -7.64612589E+01 -7.70763891E+01 -7.71046406E+01 -7.59364831E+01 -7.57684818E+01 -7.64563196E+01 -7.72830582E+01 -7.70757851E+01 -7.75289187E+01 -7.67105962E+01 -7.61001193E+01 -7.60149646E+01 -7.66916262E+01 -7.71393972E+01 -7.74931056E+01 -7.68852915E+01 -7.65450225E+01 -7.60677294E+01 -7.60842386E+01 -7.72451610E+01 -7.74140695E+01 -7.75600078E+01 -7.68011188E+01 -7.62194306E+01 -7.61054207E+01 -7.61681394E+01 -7.70905755E+01 -7.76865361E+01 -7.74116949E+01 -7.68976984E+01 -7.58501528E+01 -7.59282034E+01 -7.62614638E+01 -7.76708275E+01 -7.80287374E+01 -7.70096519E+01 -7.58743587E+01 -7.60537668E+01 -7.64934366E+01 -7.67021193E+01 -7.76952963E+01 -7.77021198E+01 -7.68414095E+01 -7.52761594E+01 -7.61328250E+01 -7.64967292E+01 -7.71251937E+01 -7.76353017E+01 -7.76981988E+01 -7.63993125E+01 -7.53487357E+01 -7.64985408E+01 -7.67698787E+01 -7.71241370E+01 -7.73096587E+01 -7.74612136E+01 -7.58404556E+01 -7.54796997E+01 -7.64192690E+01 -7.67715264E+01 -7.69982666E+01 -7.71605060E+01 -7.74010100E+01 -7.52643867E+01 -7.63588685E+01 -7.68455733E+01 -7.60122212E+01 -7.66868246E+01 -7.77166683E+01 -7.70710132E+01 -7.53309566E+01 -7.59343676E+01 -7.65825207E+01 -7.61962250E+01 -7.70772212E+01 -7.78070043E+01 -7.61035630E+01
 -7.38241324E+01 -7.66104099E+01 -7.78076559E+01 -7.87150050E+01 -7.73371161E+01 -7.38148502E+01 -7.15087614E+01 -7.50396731E+01 -7.70870191E+01 -7.83845677E+01 -7.78412314E+01 -7.70677494E+01 -7.29244246E+01 -7.35535379E+01 -7.56617911E+01 -7.68468574E+01 -7.85764686E+01 -7.78358425E+01 -7.63286649E+01 -7.23981866E+01 -7.42485986E+01 -7.57976829E+01 -7.86175820E+01 -7.87741197E+01 -7.74557965E+01 -7.42164682E+01 -7.25735029E+01 -7.39605746E+01 -7.67267685E+01 -7.88482904E+01 -7.76504238E+01 -7.59001180E+01 -7.34795294E+01 -7.42093293E+01 -7.50370216E+01 -7.86306960E+01 -7.89602278E+01 -7.70054900E+01 -7.41858492E+01 -7.24681130E+01 -7.51661019E+01 -7.62848783E+01 -7.98717386E+01 -7.77337399E+01 -7.55059333E+01 -7.25046837E+01 -7.29271141E+01 -7.43496069E+01 -7.77270526E+01 -8.00519727E+01 -7.75258587E+01 -7.39582356E+01 -7.12560393E+01 -7.39969344E+01 -7.52113577E+01 -7.87862628E+01 -7.95864176E+01 -7.74344453E+01 -7.19006030E+01 -7.16270580E+01 -7.49108559E+01 -7.57513878E+01 -7.96256004E+01 -7.95580871E+01 -7.51671634E+01 -7.01614503E+01 -7.29548505E+01 -7.54839855E+01 -7.80532047E+01 -8.03261411E+01 -7.94501424E+01 -7.42040147E+01 -7.13812808E+01 -7.43248622E+01 -7.63647551E+01 -7.91194995E+01 -7.98339980E+01 -7.81264792E+01 -7.11194461E+01 -7.17216744E+01 -7.41945558E+01 -7.74577763E+01 -7.86764287E+01 -7.99670834E+01 -7.61526078E+01 -7.02596213E+01 -7.33113387E+01 -7.55792505E+01 -7.73975926E+01 -8.00381086E+01 -7.97178606E+01 -7.39767609E+01 -7.07368860E+01 -7.38759618E+01 -7.56673322E+01 -7.87478438E+01 -8.13350415E+01 -7.92039284E+01 -7.23793773E+01 -7.09670640E+01 -7.47766170E+01 -7.61195075E+01 -8.02613329E+01 -8.10571510E+01 -7.68150114E+01 -7.01244888E+01 -7.09631050E+01 -7.53348028E+01 -7.73558893E+01 -8.13976822E+01 -8.00370604E+01 -7.46599261E+01 -6.88742249E+01 -7.18194602E+01 -7.53213740E+01 -7.97837659E+01 -8.11353211E+01 -7.93649893E+01 -7.31400353E+01 -6.90234288E+01 -7.33105622E+01 -7.62450742E+01 -8.03922784E+01 -8.06318413E+01 -7.81156917E+01 -7.08999856E+01 -6.99343296E+01 -7.45640072E+01 -7.80412346E+01 -8.07754210E+01 -7.99144837E+01 -7.62654861E+01 -6.90098783E+01 -7.17064223E+01 -7.56576532E+01 -7.95580077E+01 -8.07142957E+01 -7.91696047E+01 -7.50773858E+01 -6.93351127E+01 -7.39384368E+01 -7.67012308E+01 -7.98405671E+01 -7.97434937E+01 -7.86469930E+01 -7.19887646E+01 -7.04654913E+01 -7.53765262E+01 -7.85552483E+01 -7.95680625E+01 -8.00170944E+01 -7.74397042E+01 -7.00619035E+01 -7.22303464E+01 -7.73255651E+01 -7.92660590E+01 -7.90785873E+01 -8.01839907E+01 -7.62327235E+01 -6.98208156E+01 -7.38508301E+01 -7.76594641E+01 -7.84800135E+01 -7.94451891E+01 -8.00963610E+01 -7.41916195E+01 -7.10073617E+01 -7.61307767E+01 -7.78948361E+01 -7.86238044E+01 -7.90576668E+01 -7.81213616E+01 -7.09346295E+01 -7.31256835E+01 -7.78234417E+01 -7.78328355E+01 -7.81559435E+01 -7.79844632E+01 -7.49181526E+01 -7.01513012E+01 -7.45313913E+01 -7.69763585E+01 -7.86134661E+01 -7.82194595E+01 -7.77037994E+01 -7.34177986E+01 -7.08750535E+01 -7.54155697E+01 -7.69071738E+01 -7.87381033E+01 -7.82637395E+01 -7.62024262E+01 -7.21545171E+01 -7.19936026E+01 -7.68521344E+01 -7.82673379E+01 -7.88521157E+01 -7.78588327E+01 -7.58754556E+01 -7.15008293E+01
 -7.89883604E+01 -7.74292780E+01 -7.57982065E+01 -7.22655273E+01 -7.11978141E+01 -7.53492710E+01 -7.92459835E+01 -7.80685538E+01 -7.71140401E+01 -7.46198890E+01 -7.19494318E+01 -7.21030464E+01 -7.67954456E+01 -7.95834527E+01 -7.81702345E+01 -7.62217581E+01 -7.35432279E+01 -7.14586425E+01 -7.25533570E+01 -7.78149314E+01 -7.87486429E+01 -7.79420834E+01 -7.55262399E+01 -7.29260594E+01 -7.16660772E+01 -7.43835268E+01 -7.93096455E+01 -7.87532043E+01 -7.75688631E+01 -7.45328076E+01 -7.36130318E+01 -7.22850738E+01 -7.64207195E+01 -7.98085231E+01 -7.88673140E+01 -7.60680741E+01 -7.36586341E+01 -7.31632062E+01 -7.26680531E+01 -7.78950727E+01 -7.94523530E+01 -7.83987778E+01 -7.50747349E+01 -7.36305423E+01 -7.28278901E+01 -7.38850613E+01 -7.83259310E+01 -7.93278625E+01 -7.73366680E+01 -7.41982947E+01 -7.39781017E+01 -7.24782760E+01 -7.54448719E+01 -7.91321990E+01 -7.90285679E+01 -7.56748367E+01 -7.43999404E+01 -7.33347048E+01 -7.22822611E+01 -7.69009388E+01 -7.96459819E+01 -7.76631893E+01 -7.50841518E+01 -7.40295118E+01 -7.21981989E+01 -7.40878495E+01 -7.82669513E+01 -7.90534512E+01 -7.67216491E+01 -7.48682459E+01 -7.37223853E+01 -7.27044462E+01 -7.52099382E+01 -7.90647181E+01 -7.84242840E+01 -7.57333919E+01 -7.50497856E+01 -7.35091234E+01 -7.33867263E+01 -7.67429562E+01 -7.95336210E+01 -7.76123777E+01 -7.53102696E+01 -7.48235643E+01 -7.31306537E+01 -7.34239607E+01 -7.76820203E+01 -7.86994134E+01 -7.67692250E+01 -7.53221955E+01 -7.42091368E+01 -7.21447961E+01 -7.43854829E+01 -7.82119479E+01 -7.79664920E+01 -7.55455898E+01 -7.48285658E+01 -7.34569869E+01 -7.33609519E+01 -7.60769668E+01 -7.83000092E+01 -7.71297206E+01 -7.56821047E+01 -7.44435347E+01 -7.31236637E+01 -7.39652227E+01 -7.71954378E+01 -7.85841752E+01 -7.69983489E+01 -7.51714571E+01 -7.40839463E+01 -7.27956969E+01 -7.51067354E+01 -7.78910129E+01 -7.85461005E+01 -7.63778970E+01 -7.48467329E+01 -7.39060728E+01 -7.31841393E+01 -7.52571062E+01 -7.89663224E+01 -7.84384620E+01 -7.66268639E+01 -7.45308770E+01 -7.33136691E+01 -7.32415198E+01 -7.67145328E+01 -7.95285809E+01 -7.74726896E+01 -7.56386888E+01 -7.39527996E+01 -7.32878614E+01 -7.34289753E+01 -7.80390559E+01 -7.88848567E+01 -7.69743672E+01 -7.56193648E+01 -7.38529396E+01 -7.29009898E+01 -7.53429181E+01 -7.92496819E+01 -7.77217656E+01 -7.63561152E+01 -7.41617520E+01 -7.28756481E+01 -7.31459704E+01 -7.74520380E+01 -7.94291757E+01 -7.70352662E+01 -7.53503738E+01 -7.25113503E+01 -7.22180712E+01 -7.51411155E+01 -7.90973861E+01 -7.82589963E+01 -7.65792933E+01 -7.40559488E+01 -7.20627432E+01 -7.31546005E+01 -7.67371419E+01 -7.89880268E+01 -7.73156237E+01 -7.62907060E+01 -7.30791133E+01 -7.26260325E+01 -7.45966356E+01 -7.81835239E+01 -7.85548254E+01 -7.73415194E+01 -7.51015814E+01 -7.23300784E+01 -7.26012968E+01 -7.63727622E+01 -7.93992592E+01 -7.78435967E+01 -7.69553460E+01 -7.31661340E+01 -7.23371579E+01 -7.40052283E+01 -7.81284883E+01 -7.92067511E+01 -7.75526837E+01 -7.64772023E+01 -7.26798762E+01 -7.20846201E+01 -7.57675136E+01 -7.94000154E+01 -7.83117725E+01 -7.72669741E+01 -7.47992369E+01 -7.16392290E+01 -7.22658551E+01 -7.73149609E+01 -7.94835874E+01 -7.78092427E+01 -7.73165975E+01 -7.36582546E+01 -7.14062939E+01 -7.34501680E+01 -7.84208300E+01
 -7.59551143E+01 -7.69254666E+01 -7.78443639E+01 -7.78535794E+01 -7.84319106E+01 -7.53739223E+01 -7.47017555E+01 -7.65157883E+01 -7.70438467E+01 -7.80313187E+01 -7.78087703E+01 -7.81918032E+01 -7.47407138E+01 -7.52022831E+01 -7.62339034E+01 -7.79475410E+01 -7.81284603E+01 -7.81838017E+01 -7.66934777E+01 -7.43092300E+01 -7.53036190E+01 -7.61878221E+01 -7.94289292E+01 -7.77027536E+01 -7.77260290E+01 -7.54802723E+01 -7.49689361E+01 -7.57964200E+01 -7.74486637E+01 -7.93719142E+01 -7.73530489E+01 -7.68911029E+01 -7.49413746E+01 -7.56348889E+01 -7.61891728E+01 -7.90448788E+01 -7.84700999E+01 -7.68068631E+01 -7.54644822E+01 -7.52487078E+01 -7.62927949E+01 -7.68613859E+01 -7.93688957E+01 -7.74748373E+01 -7.61388763E+01 -7.49761248E+01 -7.55873072E+01 -7.65623197E+01 -7.82249382E+01 -7.91657917E+01 -7.70096528E+01 -7.53937696E+01 -7.47315199E+01 -7.57513557E+01 -7.73679556E+01 -7.86842134E+01 -7.80199940E+01 -7.63270796E+01 -7.53616990E+01 -7.47367628E+01 -7.64693303E+01 -7.77667239E+01 -7.86930865E+01 -7.73818301E+01 -7.55629196E+01 -7.38983397E+01 -7.50519176E+01 -7.68684434E+01 -7.82238449E+01 -7.89003603E+01 -7.69331583E+01 -7.54647548E+01 -7.38641405E+01 -7.56337377E+01 -7.70154859E+01 -7.90609984E+01 -7.84755493E+01 -7.65995827E+01 -7.44962400E+01 -7.42221095E+01 -7.60983179E+01 -7.76002554E+01 -7.87871418E+01 -7.77614892E+01 -7.55397818E+01 -7.38016553E+01 -7.51738236E+01 -7.64888824E+01 -7.82495523E+01 -7.86718263E+01 -7.71142054E+01 -7.49983948E+01 -7.44280966E+01 -7.61789776E+01 -7.67934546E+01 -7.87733790E+01 -7.78638068E+01 -7.63785393E+01 -7.40546115E+01 -7.52856253E+01 -7.57690727E+01 -7.69717837E+01 -7.86422844E+01 -7.76206857E+01 -7.55918026E+01 -7.46468064E+01 -7.53514803E+01 -7.57420211E+01 -7.70135153E+01 -7.84113797E+01 -7.78125741E+01 -7.51804736E+01 -7.54285111E+01 -7.52754890E+01 -7.59457849E+01 -7.76346564E+01 -7.80553075E+01 -7.75524961E+01 -7.48476195E+01 -7.65915372E+01 -7.64498731E+01 -7.66538347E+01 -7.79145974E+01 -7.83090654E+01 -7.63158644E+01 -7.55525731E+01 -7.71227001E+01 -7.57684714E+01 -7.74384528E+01 -7.82758845E+01 -7.78256965E+01 -7.51307697E+01 -7.67464557E+01 -7.71354851E+01 -7.60273555E+01 -7.78198285E+01 -7.80086361E+01 -7.69903980E+01 -7.51618859E+01 -7.69907520E+01 -7.63071775E+01 -7.58287547E+01 -7.79843458E+01 -7.81309719E+01 -7.62461536E+01 -7.52823293E+01 -7.64026843E+01 -7.61262062E+01 -7.67465053E+01 -7.77415370E+01 -7.80292454E+01 -7.58315490E+01 -7.54472811E+01 -7.63995951E+01 -7.60758127E+01 -7.73633267E+01 -7.74758722E+01 -7.75961099E+01 -7.53349164E+01 -7.47643761E+01 -7.62652973E+01 -7.68289417E+01 -7.67202081E+01 -7.79282144E+01 -7.72972518E+01 -7.42963577E+01 -7.46250825E+01 -7.69939607E+01 -7.69972213E+01 -7.74381793E+01 -7.80923901E+01 -7.61883929E+01 -7.35083164E+01 -7.54698536E+01 -7.68899996E+01 -7.70477470E+01 -7.78667948E+01 -7.84084877E+01 -7.53342458E+01 -7.32989622E+01 -7.59049431E+01 -7.68554219E+01 -7.72035057E+01 -7.80262458E+01 -7.77964118E+01 -7.45486137E+01 -7.35441317E+01 -7.60972073E+01 -7.66295877E+01 -7.74128602E+01 -7.83420897E+01 -7.75310824E+01 -7.38991912E+01 -7.47782060E+01 -7.66371961E+01 -7.73646611E+01 -7.83009110E+01 -7.86869065E+01 -7.70487040E+01 -7.42444994E+01
 -7.85912670E+01 -7.76710816E+01 -7.68646357E+01 -7.42807506E+01 -7.39276826E+01 -7.65263591E+01 -7.79130279E+01 -7.83830394E+01 -7.73299246E+01 -7.62891820E+01 -7.30505327E+01 -7.49488148E+01 -7.70824510E+01 -7.74111633E+01 -7.74539089E+01 -7.69516741E+01 -7.47252454E+01 -7.32208250E+01 -7.53847640E+01 -7.75487570E+01 -7.76893459E+01 -7.70697771E+01 -7.73997958E+01 -7.44995342E+01 -7.34186680E+01 -7.61800850E+01 -7.79986054E+01 -7.79963647E+01 -7.69203680E+01 -7.63146786E+01 -7.36109311E+01 -7.34994987E+01 -7.67886074E+01 -7.90794349E+01 -7.82465034E+01 -7.73700807E+01 -7.57723429E+01 -7.29558683E+01 -7.47532926E+01 -7.79389619E+01 -7.95147027E+01 -7.80795748E+01 -7.71621264E+01 -7.39689696E+01 -7.21013715E+01 -7.64814807E+01 -7.86173539E+01 -7.89585990E+01 -7.74359750E+01 -7.62512430E+01 -7.30100780E+01 -7.33481210E+01 -7.71910296E+01 -7.89935884E+01 -7.79055884E+01 -7.65056020E+01 -7.47255403E+01 -7.25370227E+01 -7.48082649E+01 -7.81409406E+01 -7.91454732E+01 -7.73356721E+01 -7.58755131E+01 -7.32918818E+01 -7.29426881E+01 -7.63038310E+01 -7.89641867E+01 -7.95738324E+01 -7.70696618E+01 -7.47883896E+01 -7.28544375E+01 -7.35193790E+01 -7.72985591E+01 -7.96077977E+01 -7.84176097E+01 -7.64394855E+01 -7.40964428E+01 -7.28290175E+01 -7.39862960E+01 -7.85201664E+01 -7.99785515E+01 -7.71591732E+01 -7.57383376E+01 -7.36090770E+01 -7.26985845E+01 -7.61234834E+01 -8.00271744E+01 -7.93826749E+01 -7.68486710E+01 -7.52980510E+01 -7.36851936E+01 -7.33911983E+01 -7.78404936E+01 -8.04235296E+01 -7.80206572E+01 -7.54927418E+01 -7.47501730E+01 -7.32991283E+01 -7.50198060E+01 -7.94349311E+01 -7.97662479E+01 -7.63610704E+01 -7.43532930E+01 -7.41373412E+01 -7.26133872E+01 -7.66979177E+01 -8.01832835E+01 -7.85019139E+01 -7.43949244E+01 -7.44555642E+01 -7.35854507E+01 -7.41122099E+01 -7.86171693E+01 -7.96553507E+01 -7.70399122E+01 -7.40335786E+01 -7.48901388E+01 -7.36650649E+01 -7.61631272E+01 -7.98158974E+01 -7.90486636E+01 -7.56540408E+01 -7.42782044E+01 -7.45697179E+01 -7.41710381E+01 -7.74711974E+01 -8.00316578E+01 -7.76476557E+01 -7.50134113E+01 -7.46343947E+01 -7.40684707E+01 -7.47863321E+01 -7.82857638E+01 -7.99086225E+01 -7.66951764E+01 -7.54510415E+01 -7.49394305E+01 -7.39190191E+01 -7.56884041E+01 -7.95746211E+01 -7.90883504E+01 -7.61489590E+01 -7.54088472E+01 -7.44137689E+01 -7.39410727E+01 -7.71587539E+01 -8.01758054E+01 -7.83967456E+01 -7.57344169E+01 -7.55045644E+01 -7.36856262E+01 -7.45436312E+01 -7.88805336E+01 -7.96210952E+01 -7.72441504E+01 -7.60097440E+01 -7.52874717E+01 -7.38848969E+01 -7.57963147E+01 -7.96008030E+01 -7.87467796E+01 -7.69575287E+01 -7.56523965E+01 -7.50380998E+01 -7.49615469E+01 -7.70447232E+01 -7.91343532E+01 -7.86757228E+01 -7.61164239E+01 -7.54512185E+01 -7.46026165E+01 -7.58961325E+01 -7.79364254E+01 -7.90778156E+01 -7.85043529E+01 -7.66621930E+01 -7.53376304E+01 -7.46860619E+01 -7.62593053E+01 -7.83540410E+01 -7.87901150E+01 -7.72579096E+01 -7.66828862E+01 -7.47124837E+01 -7.50624170E+01 -7.60699525E+01 -7.85520863E+01 -7.85570954E+01 -7.69207223E+01 -7.65856711E+01 -7.42010597E+01 -7.51418884E+01 -7.72470686E+01 -7.85793599E+01 -7.79736586E+01 -7.68851861E+01 -7.51731559E+01 -7.45149237E+01 -7.56521963E+01 -7.81486928E+01
 -7.99199342E+01 -7.59278413E+01 -7.37679786E+01 -7.40921706E+01 -7.63588527E+01 -7.90299858E+01 -8.03048600E+01 -7.88425953E+01 -7.48783780E+01 -7.34980333E+01 -7.47501975E+01 -7.74865920E+01 -7.97518886E+01 -8.03754266E+01 -7.73026740E+01 -7.40652737E+01 -7.37234418E+01 -7.54720501E+01 -7.87436845E+01 -8.06225703E+01 -7.93086180E+01 -7.54569099E+01 -7.35611140E+01 -7.39385018E+01 -7.63701167E+01 -7.97336489E+01 -8.03166755E+01 -7.82798603E+01 -7.46496814E+01 -7.36962835E+01 -7.45527393E+01 -7.79286177E+01 -8.01471461E+01 -7.96732080E+01 -7.69773370E+01 -7.37968940E+01 -7.33336170E+01 -7.57375260E+01 -7.92496304E+01 -8.03950730E+01 -7.93011031E+01 -7.60709271E+01 -7.35074563E+01 -7.35331200E+01 -7.71651379E+01 -7.98128998E+01 -8.03833536E+01 -7.83500003E+01 -7.53250952E+01 -7.26738081E+01 -7.46621421E+01 -7.81679533E+01 -8.04082441E+01 -7.99347701E+01 -7.74487259E+01 -7.38890142E+01 -7.31939993E+01 -7.63716661E+01 -7.91666785E+01 -8.03728154E+01 -7.92119327E+01 -7.59703324E+01 -7.33660552E+01 -7.44405471E+01 -7.78660339E+01 -8.01515289E+01 -8.05310159E+01 -7.77998034E+01 -7.44726805E+01 -7.30590764E+01 -7.57217813E+01 -7.85567119E+01 -8.04423358E+01 -7.97823573E+01 -7.67730416E+01 -7.38786469E+01 -7.39498391E+01 -7.69769216E+01 -7.87978933E+01 -8.03264705E+01 -7.86700324E+01 -7.61518932E+01 -7.32232342E+01 -7.44413678E+01 -7.69270964E+01 -7.93588447E+01 -7.96104392E+01 -7.80132546E+01 -7.49840532E+01 -7.31725005E+01 -7.55821163E+01 -7.77575618E+01 -7.98539245E+01 -7.91850005E+01 -7.82578241E+01 -7.37899924E+01 -7.33100612E+01 -7.63779774E+01 -7.84483914E+01 -8.02954275E+01 -7.91234058E+01 -7.71858403E+01 -7.27019140E+01 -7.43592835E+01 -7.70860686E+01 -7.91879719E+01 -8.00586710E+01 -7.88336983E+01 -7.53017611E+01 -7.25724194E+01 -7.54349303E+01 -7.75134262E+01 -8.02328456E+01 -8.00801637E+01 -7.78513346E+01 -7.34810793E+01 -7.34367569E+01 -7.66489392E+01 -7.87230068E+01 -8.01580604E+01 -7.92116426E+01 -7.66000093E+01 -7.19733203E+01 -7.47101781E+01 -7.74407571E+01 -7.91855045E+01 -7.98438350E+01 -7.87446449E+01 -7.44609620E+01 -7.19324710E+01 -7.57023460E+01 -7.80060802E+01 -7.98273248E+01 -7.94689762E+01 -7.78977058E+01 -7.33152569E+01 -7.31600383E+01 -7.68475063E+01 -7.87380781E+01 -8.04249428E+01 -7.99297689E+01 -7.63139940E+01 -7.27279428E+01 -7.39566546E+01 -7.72951311E+01 -7.93437918E+01 -8.05167552E+01 -7.88533488E+01 -7.40276833E+01 -7.27075718E+01 -7.49714042E+01 -7.79716820E+01 -7.99091563E+01 -8.04403948E+01 -7.78190638E+01 -7.36943908E+01 -7.34484031E+01 -7.58720568E+01 -7.87883497E+01 -8.00862332E+01 -7.98827678E+01 -7.59403950E+01 -7.36566907E+01 -7.43666077E+01 -7.69729256E+01 -7.88126419E+01 -8.02163134E+01 -7.91758176E+01 -7.47677657E+01 -7.37022978E+01 -7.54667309E+01 -7.74951546E+01 -7.93407168E+01 -8.04334830E+01 -7.75328494E+01 -7.46643951E+01 -7.42051051E+01 -7.59561454E+01 -7.76699554E+01 -7.97087632E+01 -7.92997395E+01 -7.60854447E+01 -7.44556719E+01 -7.44112410E+01 -7.64341363E+01 -7.82179732E+01 -7.98864955E+01 -7.85970418E+01 -7.47863696E+01 -7.43380970E+01 -7.48900864E+01 -7.68523811E+01 -7.93150803E+01 -8.00634817E+01 -7.69505262E+01 -7.41271586E+01 -7.39792671E+01 -7.55217109E+01 -7.81684054E+01 -8.01757946E+01
 -7.90289823E+01 -7.71269900E+01 -7.51435561E+01 -7.55474446E+01 -7.57067003E+01 -7.70197354E+01 -7.83582258E+01 -7.88757676E+01 -7.72532228E+01 -7.47410166E+01 -7.50805709E+01 -7.51901441E+01 -7.72799107E+01 -7.86931917E+01 -7.91687865E+01 -7.62696018E+01 -7.50713201E+01 -7.54080615E+01 -7.55174390E+01 -7.80628054E+01 -7.96958716E+01 -7.81403671E+01 -7.59801164E+01 -7.45064299E+01 -7.55211517E+01 -7.63560803E+01 -7.90625228E+01 -7.94714950E+01 -7.75434002E+01 -7.49914896E+01 -7.49494942E+01 -7.51451471E+01 -7.76814164E+01 -7.92451519E+01 -7.89620622E+01 -7.69832346E+01 -7.52362448E+01 -7.53524734E+01 -7.56869446E+01 -7.87392681E+01 -7.90898800E+01 -7.78391135E+01 -7.60546125E+01 -7.49278813E+01 -7.59298427E+01 -7.73423263E+01 -7.95026876E+01 -7.92575481E+01 -7.73919388E+01 -7.55594886E+01 -7.53446307E+01 -7.60125472E+01 -7.79676455E+01 -7.95621140E+01 -7.84480844E+01 -7.66653767E+01 -7.44068670E+01 -7.60848929E+01 -7.63654646E+01 -7.78337523E+01 -7.87551570E+01 -7.80158342E+01 -7.58408060E+01 -7.51724765E+01 -7.66026336E+01 -7.69659865E+01 -7.81205854E+01 -7.81715018E+01 -7.74511393E+01 -7.47285596E+01 -7.56247600E+01 -7.70299646E+01 -7.72485778E+01 -7.83478130E+01 -7.78016257E+01 -7.66789190E+01 -7.46795867E+01 -7.65198253E+01 -7.67552293E+01 -7.75089106E+01 -7.83204065E+01 -7.77626480E+01 -7.58971989E+01 -7.53449379E+01 -7.67238360E+01 -7.74536250E+01 -7.77030556E+01 -7.80577607E+01 -7.71263452E+01 -7.56512024E+01 -7.57696095E+01 -7.66438517E+01 -7.76175753E+01 -7.82012509E+01 -7.81908209E+01 -7.65276021E+01 -7.55314417E+01 -7.58405277E+01 -7.73067328E+01 -7.76599235E+01 -7.85097709E+01 -7.72514178E+01 -7.53678819E+01 -7.49907200E+01 -7.64073058E+01 -7.72544680E+01 -7.79522777E+01 -7.79436483E+01 -7.64814189E+01 -7.51295170E+01 -7.56151970E+01 -7.65305764E+01 -7.75243563E+01 -7.77832383E+01 -7.74093407E+01 -7.59553230E+01 -7.50313553E+01 -7.57725390E+01 -7.66247113E+01 -7.81380086E+01 -7.81524540E+01 -7.73601373E+01 -7.59640908E+01 -7.53958637E+01 -7.61448408E+01 -7.75745549E+01 -7.88851391E+01 -7.82257137E+01 -7.74764820E+01 -7.54125884E+01 -7.53568242E+01 -7.64469992E+01 -7.85505112E+01 -7.88344485E+01 -7.79393790E+01 -7.70365695E+01 -7.48561868E+01 -7.54500659E+01 -7.71571317E+01 -7.92595548E+01 -7.80639633E+01 -7.76079744E+01 -7.60673528E+01 -7.45327753E+01 -7.53735487E+01 -7.79532927E+01 -7.84252330E+01 -7.81260118E+01 -7.70462402E+01 -7.52858983E+01 -7.47282477E+01 -7.59522523E+01 -7.85270210E+01 -7.81157523E+01 -7.75003631E+01 -7.62937007E+01 -7.51370035E+01 -7.49795988E+01 -7.71677575E+01 -7.82692061E+01 -7.80315887E+01 -7.71080923E+01 -7.53050435E+01 -7.53996693E+01 -7.53201320E+01 -7.77033061E+01 -7.79533330E+01 -7.84911813E+01 -7.67362873E+01 -7.47352089E+01 -7.58286944E+01 -7.64169850E+01 -7.83149294E+01 -7.79881255E+01 -7.85343180E+01 -7.58934049E+01 -7.51637923E+01 -7.59570628E+01 -7.69217153E+01 -7.72579549E+01 -7.84031536E+01 -7.73759365E+01 -7.53309053E+01 -7.58821008E+01 -7.63154359E+01 -7.73168102E+01 -7.81748123E+01 -7.84339331E+01 -7.63432095E+01 -7.50553936E+01 -7.64677313E+01 -7.66779091E+01 -7.76490963E+01 -7.85573296E+01 -7.77526004E+01 -7.53394324E+01 -7.52173226E+01 -7.62377029E+01 -7.68126469E+01 -7.82066822E+01
 -7.30202120E+01 -7.38896568E+01 -7.47880886E+01 -7.79031145E+01 -8.04030414E+01 -7.88533493E+01 -7.45593574E+01 -7.33494121E+01 -7.42416528E+01 -7.55866596E+01 -7.88207459E+01 -8.06397446E+01 -7.77609402E+01 -7.32848062E+01 -7.38284240E+01 -7.45901444E+01 -7.63740101E+01 -7.99047460E+01 -8.02749053E+01 -7.60126745E+01 -7.20865802E+01 -7.38102847E+01 -7.48522667E+01 -7.69820287E+01 -8.02590414E+01 -7.93155006E+01 -7.41184219E+01 -7.22090917E+01 -7.47701362E+01 -7.50548545E+01 -7.83872093E+01 -8.05129541E+01 -7.83020018E+01 -7.27409781E+01 -7.29556779E+01 -7.44479177E+01 -7.61820159E+01 -7.94591186E+01 -8.05967968E+01 -7.67987433E+01 -7.17868623E+01 -7.39958253E+01 -7.52622842E+01 -7.79181918E+01 -8.00208533E+01 -7.94380531E+01 -7.45856286E+01 -7.22571227E+01 -7.44013490E+01 -7.59318287E+01 -7.85470222E+01 -8.00864934E+01 -7.86566836E+01 -7.25927725E+01 -7.26312057E+01 -7.49328770E+01 -7.66988477E+01 -7.96658665E+01 -8.02725730E+01 -7.66432510E+01 -7.17854436E+01 -7.34644802E+01 -7.56847438E+01 -7.77497953E+01 -8.03177197E+01 -7.97960068E+01 -7.35866850E+01 -7.17625678E+01 -7.42158266E+01 -7.60015079E+01 -7.94552593E+01 -8.04216265E+01 -7.86114619E+01 -7.19589731E+01 -7.26418987E+01 -7.49154712E+01 -7.71632912E+01 -7.99716428E+01 -8.03391844E+01 -7.59566160E+01 -7.08911909E+01 -7.37052197E+01 -7.54208231E+01 -7.84891252E+01 -7.99864131E+01 -7.96139315E+01 -7.32943335E+01 -7.18116424E+01 -7.46076673E+01 -7.62036272E+01 -7.93070309E+01 -8.05028168E+01 -7.74180648E+01 -7.18106628E+01 -7.28022585E+01 -7.49765255E+01 -7.72642395E+01 -7.97235470E+01 -8.00881186E+01 -7.57350855E+01 -7.15395814E+01 -7.36441120E+01 -7.56044978E+01 -7.82839472E+01 -7.99868850E+01 -7.93715659E+01 -7.40131560E+01 -7.20490210E+01 -7.42965702E+01 -7.65088349E+01 -7.90888415E+01 -8.03888642E+01 -7.81146636E+01 -7.26783406E+01 -7.33783402E+01 -7.48308628E+01 -7.74317749E+01 -8.00532510E+01 -8.00010164E+01 -7.67045232E+01 -7.31174774E+01 -7.41172604E+01 -7.47089683E+01 -7.88464534E+01 -8.03503306E+01 -7.94589420E+01 -7.49364753E+01 -7.33017588E+01 -7.43446082E+01 -7.57740039E+01 -7.94311510E+01 -7.95789424E+01 -7.77309690E+01 -7.42344231E+01 -7.35371013E+01 -7.42635261E+01 -7.70163955E+01 -7.98901708E+01 -7.90479909E+01 -7.64155940E+01 -7.41106300E+01 -7.30464492E+01 -7.47979992E+01 -7.80205089E+01 -7.96884449E+01 -7.81379527E+01 -7.61207447E+01 -7.34063783E+01 -7.30753607E+01 -7.58540778E+01 -7.92450633E+01 -7.95538807E+01 -7.76248742E+01 -7.56133598E+01 -7.28134319E+01 -7.44287466E+01 -7.70004623E+01 -7.93244337E+01 -7.86767562E+01 -7.69853425E+01 -7.49322812E+01 -7.31491447E+01 -7.49267184E+01 -7.79112387E+01 -7.94679098E+01 -7.78516994E+01 -7.65646475E+01 -7.42451122E+01 -7.37543093E+01 -7.53111269E+01 -7.89507724E+01 -7.90184404E+01 -7.73683356E+01 -7.54282010E+01 -7.37557275E+01 -7.38850585E+01 -7.65106505E+01 -7.99091046E+01 -7.85115989E+01 -7.67208163E+01 -7.46985898E+01 -7.39496050E+01 -7.45428331E+01 -7.77193523E+01 -7.98391251E+01 -7.79278501E+01 -7.58735538E+01 -7.42355140E+01 -7.38700224E+01 -7.47939697E+01 -7.90182579E+01 -7.97090783E+01 -7.73622781E+01 -7.48812553E+01 -7.37411403E+01 -7.38984024E+01 -7.66298907E+01 -7.96926299E+01 -7.95521424E+01 -7.62744464E+01
 -7.94557521E+01 -7.66875299E+01 -7.26153018E+01 -7.30411729E+01 -7.69106668E+01 -8.05807261E+01 -8.11814533E+01 -7.85008287E+01 -7.52453834E+01 -7.17737670E+01 -7.41911186E+01 -7.86227292E+01 -8.08108136E+01 -8.06211202E+01 -7.76308289E+01 -7.39465122E+01 -7.19508970E+01 -7.59146035E+01 -7.99391960E+01 -8.09027783E+01 -7.97988811E+01 -7.65809542E+01 -7.25701931E+01 -7.24477250E+01 -7.80292641E+01 -8.10706942E+01 -8.06751719E+01 -7.89779084E+01 -7.52899878E+01 -7.16023868E+01 -7.36681164E+01 -7.98634549E+01 -8.08238488E+01 -8.02834394E+01 -7.76851705E+01 -7.37129689E+01 -7.08742045E+01 -7.57939648E+01 -8.05502924E+01 -8.09199839E+01 -7.91987228E+01 -7.64696417E+01 -7.20707021E+01 -7.22309655E+01 -7.81520839E+01 -8.12347474E+01 -8.10193725E+01 -7.78948467E+01 -7.55042424E+01 -7.09200163E+01 -7.37447567E+01 -7.98596422E+01 -8.14815166E+01 -7.99771544E+01 -7.71961076E+01 -7.40492225E+01 -7.11056608E+01 -7.59017217E+01 -8.03561544E+01 -8.12851553E+01 -7.89751758E+01 -7.65260288E+01 -7.22850431E+01 -7.16659992E+01 -7.78783376E+01 -8.14325278E+01 -8.12866804E+01 -7.85093566E+01 -7.54860268E+01 -7.10992060E+01 -7.34627878E+01 -7.94290217E+01 -8.17623749E+01 -8.06207160E+01 -7.71807058E+01 -7.38860914E+01 -7.04698334E+01 -7.55324121E+01 -8.06297312E+01 -8.18486510E+01 -7.95530703E+01 -7.61717025E+01 -7.23942461E+01 -7.13869484E+01 -7.78560903E+01 -8.14454811E+01 -8.14691615E+01 -7.78952585E+01 -7.50403073E+01 -7.09708960E+01 -7.32707571E+01 -7.93933416E+01 -8.17993251E+01 -7.99365843E+01 -7.63516200E+01 -7.45625557E+01 -7.10676044E+01 -7.54914045E+01 -8.07027940E+01 -8.17956660E+01 -7.83408965E+01 -7.65696964E+01 -7.29097375E+01 -7.23134132E+01 -7.78565866E+01 -8.16717612E+01 -8.09535677E+01 -7.74698788E+01 -7.55910748E+01 -7.16442940E+01 -7.37746777E+01 -7.90595792E+01 -8.18600677E+01 -7.95485493E+01 -7.67361475E+01 -7.43039874E+01 -7.20244874E+01 -7.56307665E+01 -8.00565832E+01 -8.12392534E+01 -7.85534730E+01 -7.62028851E+01 -7.28162194E+01 -7.28998357E+01 -7.71975902E+01 -8.08673199E+01 -8.03584795E+01 -7.77034302E+01 -7.49400250E+01 -7.19656974E+01 -7.42530297E+01 -7.83068171E+01 -8.09260431E+01 -7.93015020E+01 -7.69410029E+01 -7.36295181E+01 -7.25738495E+01 -7.58733221E+01 -7.95214919E+01 -8.10382741E+01 -7.87039131E+01 -7.58952903E+01 -7.23561738E+01 -7.41690730E+01 -7.70463129E+01 -8.01988117E+01 -8.06263913E+01 -7.79768933E+01 -7.38076509E+01 -7.22020433E+01 -7.49280739E+01 -7.80466649E+01 -8.11731150E+01 -7.99445340E+01 -7.65101750E+01 -7.29767388E+01 -7.31535617E+01 -7.57783143E+01 -7.95922015E+01 -8.08917797E+01 -7.91047187E+01 -7.54267955E+01 -7.27853786E+01 -7.33337664E+01 -7.69573114E+01 -8.07820190E+01 -8.08038040E+01 -7.80860377E+01 -7.50352997E+01 -7.22429000E+01 -7.45208275E+01 -7.84062705E+01 -8.17097972E+01 -8.01826031E+01 -7.72805503E+01 -7.41346661E+01 -7.22893332E+01 -7.57671907E+01 -7.99748478E+01 -8.15804498E+01 -7.91452723E+01 -7.66367688E+01 -7.26338081E+01 -7.30275057E+01 -7.74857370E+01 -8.08606274E+01 -8.12680231E+01 -7.85324373E+01 -7.53443158E+01 -7.19947458E+01 -7.43303510E+01 -7.85324159E+01 -8.14777348E+01 -8.02156876E+01 -7.77137720E+01 -7.38544830E+01 -7.14734444E+01 -7.55064054E+01 -7.94994654E+01 -8.15309861E+01
 -7.37420949E+01 -7.79908880E+01 -8.21451892E+01 -8.46601050E+01 -7.78527188E+01 -6.92505311E+01 -7.06743036E+01 -7.60665477E+01 -7.98257062E+01 -8.39978655E+01 -8.34549958E+01 -7.46501526E+01 -6.89859493E+01 -7.17982762E+01 -7.74027202E+01 -8.07656659E+01 -8.44661045E+01 -8.15193094E+01 -7.11196732E+01 -6.87251746E+01 -7.44852048E+01 -7.88302110E+01 -8.19015618E+01 -8.40010055E+01 -7.82951393E+01 -6.96012249E+01 -7.09396711E+01 -7.62203485E+01 -7.98784887E+01 -8.34269426E+01 -8.31804859E+01 -7.52604839E+01 -6.78770708E+01 -7.25891349E+01 -7.73749602E+01 -8.05910607E+01 -8.39198592E+01 -8.16128751E+01 -7.17249098E+01 -6.86097911E+01 -7.44028211E+01 -7.78499862E+01 -8.19868974E+01 -8.37178774E+01 -7.86294791E+01 -6.89425892E+01 -6.99926696E+01 -7.54848599E+01 -7.92111700E+01 -8.31298600E+01 -8.26663120E+01 -7.48588713E+01 -6.82092677E+01 -7.21257342E+01 -7.61941629E+01 -8.07383003E+01 -8.43756460E+01 -8.10916105E+01 -7.15470516E+01 -6.86847557E+01 -7.24608195E+01 -7.79580201E+01 -8.25047080E+01 -8.43319293E+01 -7.86190919E+01 -7.01019739E+01 -6.94088867E+01 -7.40136300E+01 -7.96873300E+01 -8.37684223E+01 -8.30212908E+01 -7.60962755E+01 -6.97913681E+01 -7.00136998E+01 -7.53031540E+01 -8.06604107E+01 -8.44627034E+01 -8.14350387E+01 -7.38842330E+01 -6.89919958E+01 -7.22720458E+01 -7.70977739E+01 -8.24403351E+01 -8.40908639E+01 -7.95090887E+01 -7.12689412E+01 -6.87004723E+01 -7.33376034E+01 -7.77581552E+01 -8.33914683E+01 -8.28592283E+01 -7.70968301E+01 -6.89400317E+01 -6.92995466E+01 -7.47798575E+01 -7.99661549E+01 -8.36931854E+01 -8.15495665E+01 -7.41237910E+01 -6.78075824E+01 -7.20553689E+01 -7.66963830E+01 -8.16329944E+01 -8.38114757E+01 -7.90795293E+01 -7.19057292E+01 -6.96431739E+01 -7.51462603E+01 -7.82807279E+01 -8.31006121E+01 -8.26438297E+01 -7.65294754E+01 -7.04747330E+01 -7.23734235E+01 -7.62996139E+01 -7.94012536E+01 -8.36806195E+01 -8.07547766E+01 -7.33458115E+01 -7.06424888E+01 -7.43211233E+01 -7.73843077E+01 -8.05510788E+01 -8.35928487E+01 -7.81011573E+01 -7.15524476E+01 -7.16165125E+01 -7.57515361E+01 -7.75714991E+01 -8.22946635E+01 -8.23366567E+01 -7.50137495E+01 -7.09336536E+01 -7.35243440E+01 -7.64449023E+01 -7.82598497E+01 -8.29580720E+01 -7.96385898E+01 -7.28770937E+01 -7.19386232E+01 -7.43262411E+01 -7.66014147E+01 -8.04750639E+01 -8.23681743E+01 -7.72781558E+01 -7.22889095E+01 -7.35522949E+01 -7.51631907E+01 -7.77581633E+01 -8.19466126E+01 -8.11282677E+01 -7.52765629E+01 -7.22517332E+01 -7.40426244E+01 -7.62207388E+01 -7.94717334E+01 -8.30648105E+01 -7.93601582E+01 -7.37167015E+01 -7.25989018E+01 -7.46160704E+01 -7.65348121E+01 -8.13243978E+01 -8.28279598E+01 -7.72329716E+01 -7.25269232E+01 -7.36914057E+01 -7.50822201E+01 -7.81506121E+01 -8.28539330E+01 -8.19073461E+01 -7.43175373E+01 -7.17181191E+01 -7.37917415E+01 -7.55051117E+01 -8.01071131E+01 -8.38045969E+01 -7.94918040E+01 -7.24021640E+01 -7.18392700E+01 -7.45938915E+01 -7.71987043E+01 -8.16379269E+01 -8.38355305E+01 -7.76915242E+01 -7.10337430E+01 -7.22570190E+01 -7.54115955E+01 -7.86223944E+01 -8.37306793E+01 -8.29910274E+01 -7.47010090E+01 -7.02987961E+01 -7.29666317E+01 -7.67528780E+01 -8.04254291E+01 -8.47733725E+01 -8.13650995E+01 -7.20649835E+01 -7.06853163E+01
 -7.85013007E+01 -7.91481544E+01 -7.90422321E+01 -7.83858451E+01 -7.55697819E+01 -6.99701927E+01 -7.45835838E+01 -7.93798794E+01 -8.01002262E+01 -7.86017619E+01 -7.78607211E+01 -7.34557439E+01 -7.02567706E+01 -7.65498014E+01 -8.05741752E+01 -7.93679391E+01 -7.78773737E+01 -7.57120006E+01 -7.16462118E+01 -7.08944595E+01 -7.83127085E+01 -8.09679231E+01 -7.88052484E+01 -7.74154729E+01 -7.48739620E+01 -7.04437380E+01 -7.36074582E+01 -8.00598872E+01 -8.03809476E+01 -7.85274720E+01 -7.75060948E+01 -7.32603870E+01 -7.08972493E+01 -7.62192697E+01 -8.10825268E+01 -8.02875324E+01 -7.84439767E+01 -7.59768420E+01 -7.09955652E+01 -7.18220851E+01 -7.80076204E+01 -8.17837072E+01 -7.91612330E+01 -7.77114355E+01 -7.55848112E+01 -7.05473193E+01 -7.29401959E+01 -8.01475198E+01 -8.16858340E+01 -7.87649255E+01 -7.76049004E+01 -7.41864486E+01 -6.98170801E+01 -7.54998290E+01 -8.20800826E+01 -8.09954797E+01 -7.82038766E+01 -7.72574286E+01 -7.21128613E+01 -7.10607924E+01 -7.81176441E+01 -8.25255190E+01 -7.98802811E+01 -7.80146530E+01 -7.52775323E+01 -7.06566269E+01 -7.28004303E+01 -7.98768516E+01 -8.16987981E+01 -7.86319280E+01 -7.70705095E+01 -7.28229435E+01 -6.91342107E+01 -7.49068851E+01 -8.09387075E+01 -8.08813089E+01 -7.77656207E+01 -7.50071618E+01 -7.01526518E+01 -7.01856669E+01 -7.77878751E+01 -8.15766355E+01 -7.95124669E+01 -7.68982869E+01 -7.40712953E+01 -6.88518307E+01 -7.24909548E+01 -8.01651642E+01 -8.14682999E+01 -7.87667894E+01 -7.64887857E+01 -7.34250450E+01 -6.85726735E+01 -7.57947278E+01 -8.08443753E+01 -8.08733945E+01 -7.78971627E+01 -7.56950971E+01 -7.16567474E+01 -6.97526273E+01 -7.72478355E+01 -8.08063800E+01 -7.97967156E+01 -7.74847445E+01 -7.55439611E+01 -7.03501730E+01 -7.20611378E+01 -7.92640522E+01 -8.11712224E+01 -7.94240116E+01 -7.64215217E+01 -7.33516906E+01 -6.95931299E+01 -7.44575890E+01 -8.10348961E+01 -8.04603616E+01 -7.74227380E+01 -7.49986530E+01 -7.20110793E+01 -7.12028297E+01 -7.70996780E+01 -8.07806562E+01 -8.00359748E+01 -7.62714372E+01 -7.55630418E+01 -7.24599753E+01 -7.32586514E+01 -7.89961352E+01 -8.10538975E+01 -7.86321530E+01 -7.59438585E+01 -7.46897860E+01 -7.14598416E+01 -7.41110573E+01 -8.01972959E+01 -8.06076730E+01 -7.68471276E+01 -7.60147101E+01 -7.24345684E+01 -7.11239339E+01 -7.71270238E+01 -8.05983281E+01 -7.97956234E+01 -7.64940931E+01 -7.54264399E+01 -7.14800082E+01 -7.30150016E+01 -7.93045582E+01 -8.00685617E+01 -7.80306551E+01 -7.53822218E+01 -7.38913190E+01 -7.09010804E+01 -7.58687172E+01 -8.00429913E+01 -8.01811868E+01 -7.71892460E+01 -7.55587812E+01 -7.19508429E+01 -7.19531304E+01 -7.82463248E+01 -7.98572861E+01 -7.94526997E+01 -7.66607251E+01 -7.42837872E+01 -7.01113898E+01 -7.39815925E+01 -7.96551868E+01 -7.93950772E+01 -7.87497281E+01 -7.66796433E+01 -7.18197449E+01 -7.07100367E+01 -7.65690201E+01 -7.93230705E+01 -7.97359945E+01 -7.85525788E+01 -7.58525718E+01 -7.03883432E+01 -7.20109572E+01 -7.80223001E+01 -7.95211393E+01 -7.95998074E+01 -7.77736402E+01 -7.38760691E+01 -6.94733035E+01 -7.43923361E+01 -7.91683132E+01 -7.95003887E+01 -7.86468724E+01 -7.70554617E+01 -7.35541315E+01 -7.13034314E+01 -7.67832012E+01 -7.89647389E+01 -7.92098741E+01 -7.82178214E+01 -7.69480993E+01 -7.20648524E+01 -7.30712389E+01
 -7.48812269E+01 -7.45212697E+01 -7.13765401E+01 -7.53474596E+01 -8.20278543E+01 -8.21796259E+01 -7.64213331E+01 -7.55146702E+01 -7.14529761E+01 -7.08180297E+01 -7.72930976E+01 -8.32016821E+01 -8.05016303E+01 -7.50818895E+01 -7.50354177E+01 -6.91242968E+01 -7.30982779E+01 -7.97873168E+01 -8.34691805E+01 -7.80386778E+01 -7.53662967E+01 -7.40786947E+01 -7.06531002E+01 -7.57038401E+01 -8.18045390E+01 -8.26106966E+01 -7.65547540E+01 -7.53113302E+01 -7.21523639E+01 -7.20300785E+01 -7.74721768E+01 -8.32682078E+01 -8.11793517E+01 -7.66052044E+01 -7.40253646E+01 -7.15271303E+01 -7.29941220E+01 -7.96991155E+01 -8.37869301E+01 -7.97129447E+01 -7.54668621E+01 -7.28813884E+01 -7.32647605E+01 -7.53411808E+01 -8.25271247E+01 -8.23459107E+01 -7.81080658E+01 -7.33625657E+01 -7.27167499E+01 -7.33853284E+01 -7.77174283E+01 -8.36073520E+01 -8.15411793E+01 -7.66936319E+01 -7.31270563E+01 -7.33807255E+01 -7.41557717E+01 -8.11144670E+01 -8.28578388E+01 -8.06735052E+01 -7.44968240E+01 -7.29278520E+01 -7.26554208E+01 -7.65250453E+01 -8.24342360E+01 -8.18390348E+01 -7.88627676E+01 -7.29892471E+01 -7.27174925E+01 -7.33879188E+01 -7.87412565E+01 -8.27901454E+01 -8.19847065E+01 -7.70978888E+01 -7.24194743E+01 -7.29226911E+01 -7.48060470E+01 -8.08852939E+01 -8.31424517E+01 -8.08724761E+01 -7.47734902E+01 -7.17439775E+01 -7.41518856E+01 -7.70077356E+01 -8.27519318E+01 -8.27269737E+01 -7.86744682E+01 -7.21372461E+01 -7.33497375E+01 -7.48441845E+01 -7.89264997E+01 -8.34243511E+01 -8.17376766E+01 -7.57316587E+01 -7.12572496E+01 -7.40906756E+01 -7.61713185E+01 -8.07069299E+01 -8.32419686E+01 -7.93063475E+01 -7.28082398E+01 -7.13184919E+01 -7.41639316E+01 -7.70915171E+01 -8.27949149E+01 -8.27225800E+01 -7.70571087E+01 -7.02866492E+01 -7.17637330E+01 -7.51905009E+01 -7.90236998E+01 -8.36298792E+01 -8.08721781E+01 -7.49602328E+01 -7.06079923E+01 -7.32641648E+01 -7.55274613E+01 -8.14865624E+01 -8.34052458E+01 -7.88157018E+01 -7.31490098E+01 -7.11820148E+01 -7.42627334E+01 -7.77186230E+01 -8.32708342E+01 -8.26708690E+01 -7.75297210E+01 -7.21032261E+01 -7.23608709E+01 -7.51469631E+01 -7.97582962E+01 -8.34185396E+01 -8.11707486E+01 -7.61574999E+01 -7.22963684E+01 -7.24659933E+01 -7.58053545E+01 -8.10905675E+01 -8.28891303E+01 -7.92924019E+01 -7.44613194E+01 -7.25120365E+01 -7.34213470E+01 -7.72529678E+01 -8.22361685E+01 -8.16729814E+01 -7.67384428E+01 -7.32153673E+01 -7.23267511E+01 -7.42258431E+01 -7.87424989E+01 -8.25455470E+01 -8.05790053E+01 -7.50856116E+01 -7.20484988E+01 -7.29913956E+01 -7.60387024E+01 -8.05477072E+01 -8.27060221E+01 -7.96800451E+01 -7.47186478E+01 -7.24632969E+01 -7.44666053E+01 -7.73145021E+01 -8.18740400E+01 -8.23926836E+01 -7.74691572E+01 -7.42820998E+01 -7.34008703E+01 -7.48722645E+01 -7.83979685E+01 -8.24924884E+01 -8.05268380E+01 -7.56829803E+01 -7.44939713E+01 -7.31002710E+01 -7.55031066E+01 -8.08782958E+01 -8.24619660E+01 -7.82021204E+01 -7.58637121E+01 -7.35991173E+01 -7.24670402E+01 -7.68884334E+01 -8.15124573E+01 -8.16291404E+01 -7.70760645E+01 -7.59709634E+01 -7.34178754E+01 -7.32797090E+01 -7.83578816E+01 -8.27963040E+01 -7.97164525E+01 -7.58678320E+01 -7.51705920E+01 -7.27711301E+01 -7.41172131E+01 -7.98179827E+01 -8.28519193E+01 -7.84276303E+01
 -7.13166857E+01 -7.65709247E+01 -8.05756802E+01 -8.03748638E+01 -7.86605724E+01 -7.72174369E+01 -7.10771138E+01 -7.21334931E+01 -7.82565821E+01 -8.10578419E+01 -7.91067615E+01 -7.86739639E+01 -7.52302393E+01 -6.92962793E+01 -7.48027324E+01 -8.01368190E+01 -8.06955127E+01 -7.85166153E+01 -7.81507140E+01 -7.17047786E+01 -7.09226425E+01 -7.70560150E+01 -8.09004234E+01 -8.00852945E+01 -7.84127497E+01 -7.69194449E+01 -7.03273607E+01 -7.30139050E+01 -7.94505825E+01 -8.09845945E+01 -7.90071951E+01 -7.85808705E+01 -7.43579057E+01 -7.01574574E+01 -7.61829034E+01 -8.04732917E+01 -8.05766951E+01 -7.88770233E+01 -7.74990552E+01 -7.18131096E+01 -7.11534640E+01 -7.78128680E+01 -8.02636751E+01 -8.00549299E+01 -7.90168208E+01 -7.64738851E+01 -7.03451008E+01 -7.33314594E+01 -7.94853486E+01 -8.02439632E+01 -7.94873077E+01 -7.87735168E+01 -7.43722702E+01 -7.02749747E+01 -7.55054850E+01 -7.94869347E+01 -7.97376479E+01 -7.93201760E+01 -7.75136868E+01 -7.23561350E+01 -7.10000991E+01 -7.68912163E+01 -7.93011998E+01 -7.99498014E+01 -7.85198643E+01 -7.61361130E+01 -7.05466618E+01 -7.39274881E+01 -7.82200340E+01 -7.96421085E+01 -7.98224222E+01 -7.81436395E+01 -7.40308032E+01 -7.10542937E+01 -7.56734465E+01 -7.85686408E+01 -7.98839572E+01 -7.96409439E+01 -7.66515693E+01 -7.25975397E+01 -7.21860704E+01 -7.60862933E+01 -7.91902706E+01 -8.02237686E+01 -7.87130059E+01 -7.54292630E+01 -7.14319462E+01 -7.32698181E+01 -7.72420713E+01 -7.95895470E+01 -8.06537289E+01 -7.76093038E+01 -7.38739560E+01 -7.09884748E+01 -7.45408505E+01 -7.86208911E+01 -8.02054556E+01 -7.97040613E+01 -7.66711775E+01 -7.32815071E+01 -7.20876981E+01 -7.55841806E+01 -7.93095577E+01 -8.03515177E+01 -7.83874906E+01 -7.63005892E+01 -7.25071643E+01 -7.33850178E+01 -7.67603679E+01 -7.96398944E+01 -7.95361481E+01 -7.75689165E+01 -7.50194204E+01 -7.26857908E+01 -7.43280855E+01 -7.81376347E+01 -8.01336857E+01 -7.86248761E+01 -7.68936414E+01 -7.26449620E+01 -7.26828666E+01 -7.53509231E+01 -7.91990805E+01 -7.89598289E+01 -7.81858766E+01 -7.55952655E+01 -7.21101955E+01 -7.27605431E+01 -7.73718007E+01 -7.97106120E+01 -7.87601418E+01 -7.79194055E+01 -7.39914397E+01 -7.25002110E+01 -7.44020730E+01 -7.88063505E+01 -7.91769685E+01 -7.83065122E+01 -7.66610308E+01 -7.28808018E+01 -7.28938351E+01 -7.62845946E+01 -7.95634827E+01 -7.95238345E+01 -7.82673959E+01 -7.52690765E+01 -7.24612073E+01 -7.38561896E+01 -7.81256237E+01 -7.96899514E+01 -7.92600938E+01 -7.75363366E+01 -7.37286731E+01 -7.27051853E+01 -7.48539786E+01 -7.93208641E+01 -7.91505281E+01 -7.79392417E+01 -7.67866721E+01 -7.27696055E+01 -7.28538346E+01 -7.64589204E+01 -7.92707507E+01 -7.86513191E+01 -7.80856388E+01 -7.55823688E+01 -7.17887658E+01 -7.37511829E+01 -7.77433660E+01 -7.92833866E+01 -7.87957832E+01 -7.78100737E+01 -7.44645203E+01 -7.17373655E+01 -7.44299330E+01 -7.89318889E+01 -7.88498415E+01 -7.91409022E+01 -7.69149268E+01 -7.27519964E+01 -7.17863249E+01 -7.58424261E+01 -7.97988975E+01 -7.93534489E+01 -7.90028694E+01 -7.67663501E+01 -7.14894979E+01 -7.21674714E+01 -7.76311901E+01 -8.00837351E+01 -7.93340162E+01 -7.82664889E+01 -7.55643940E+01 -7.04910355E+01 -7.46599910E+01 -7.94909599E+01 -8.07399245E+01 -7.86618896E+01 -7.87181750E+01 -7.32543131E+01
 -7.68144332E+01 -7.87616265E+01 -7.95581692E+01 -7.70124814E+01 -7.53153971E+01 -7.42771429E+01 -7.51658997E+01 -7.76106639E+01 -7.89664005E+01 -7.88558195E+01 -7.60397565E+01 -7.49360839E+01 -7.37018863E+01 -7.61764214E+01 -7.81510452E+01 -7.91108835E+01 -7.87749646E+01 -7.57332610E+01 -7.47147904E+01 -7.37825866E+01 -7.66884625E+01 -7.87141095E+01 -7.92813567E+01 -7.78040723E+01 -7.57806523E+01 -7.39623504E+01 -7.51180030E+01 -7.73015646E+01 -7.84194271E+01 -7.91178181E+01 -7.69277699E+01 -7.49873770E+01 -7.40038926E+01 -7.63250609E+01 -7.77801229E+01 -7.90327292E+01 -7.89041970E+01 -7.62483583E+01 -7.43748029E+01 -7.42912706E+01 -7.72731357E+01 -7.79733305E+01 -7.94605789E+01 -7.82897779E+01 -7.60200836E+01 -7.36655736E+01 -7.52193340E+01 -7.75112095E+01 -7.86024026E+01 -7.93381155E+01 -7.75689662E+01 -7.47625076E+01 -7.33839731E+01 -7.67585802E+01 -7.77820835E+01 -7.88937072E+01 -7.88902349E+01 -7.64315915E+01 -7.35901879E+01 -7.38215703E+01 -7.73314030E+01 -7.82832329E+01 -7.93850703E+01 -7.85569814E+01 -7.55022770E+01 -7.31182724E+01 -7.52972570E+01 -7.78771252E+01 -7.89830038E+01 -7.89371434E+01 -7.76856325E+01 -7.44732806E+01 -7.34523237E+01 -7.63278286E+01 -7.80016229E+01 -7.89488694E+01 -7.88367060E+01 -7.64502535E+01 -7.34421115E+01 -7.49260857E+01 -7.73288569E+01 -7.84809353E+01 -7.89786880E+01 -7.83727934E+01 -7.46306347E+01 -7.31179572E+01 -7.60603098E+01 -7.78433413E+01 -7.78162680E+01 -7.92190563E+01 -7.69967762E+01 -7.31142045E+01 -7.43877541E+01 -7.66432073E+01 -7.79568015E+01 -7.83318854E+01 -7.88710614E+01 -7.53984242E+01 -7.31591245E+01 -7.51943778E+01 -7.70690630E+01 -7.81153949E+01 -7.88587420E+01 -7.83329199E+01 -7.39185214E+01 -7.37695775E+01 -7.58127853E+01 -7.73306266E+01 -7.80178862E+01 -7.95626828E+01 -7.72016264E+01 -7.36231545E+01 -7.46894038E+01 -7.64680254E+01 -7.70486892E+01 -7.83992512E+01 -7.94998409E+01 -7.55679808E+01 -7.41397279E+01 -7.54821212E+01 -7.67786219E+01 -7.75562913E+01 -7.96123678E+01 -7.84376341E+01 -7.42227427E+01 -7.45610193E+01 -7.64400205E+01 -7.70320188E+01 -7.82622142E+01 -7.99030644E+01 -7.62912687E+01 -7.37581931E+01 -7.53497328E+01 -7.60204451E+01 -7.72282467E+01 -7.93625987E+01 -7.93850917E+01 -7.51405297E+01 -7.44775103E+01 -7.57681056E+01 -7.61357079E+01 -7.80499557E+01 -7.98356606E+01 -7.81114683E+01 -7.45115519E+01 -7.48495257E+01 -7.63325463E+01 -7.63359079E+01 -7.86361324E+01 -7.95716471E+01 -7.61706228E+01 -7.41597490E+01 -7.60294404E+01 -7.63330746E+01 -7.71235443E+01 -7.92427940E+01 -7.85606892E+01 -7.49724883E+01 -7.43411413E+01 -7.60162980E+01 -7.64454955E+01 -7.80545503E+01 -7.97730000E+01 -7.72964403E+01 -7.38425793E+01 -7.49779831E+01 -7.63089894E+01 -7.68802420E+01 -7.87214144E+01 -7.96621710E+01 -7.56204460E+01 -7.37421590E+01 -7.57525900E+01 -7.61766853E+01 -7.76244213E+01 -7.92246740E+01 -7.86725659E+01 -7.45478911E+01 -7.46034314E+01 -7.55413330E+01 -7.69167442E+01 -7.86513079E+01 -7.97037037E+01 -7.70758575E+01 -7.46833155E+01 -7.52152992E+01 -7.58099872E+01 -7.75322515E+01 -7.91739544E+01 -7.91993879E+01 -7.60866359E+01 -7.51227882E+01 -7.48402999E+01 -7.58037806E+01 -7.78830712E+01 -7.93492818E+01 -7.81467522E+01 -7.56042236E+01 -7.51177637E+01 -7.45505679E+01
 -7.43673342E+01 -8.05599573E+01 -8.10542976E+01 -7.71473140E+01 -7.57093883E+01 -7.58507698E+01 -7.40511011E+01 -7.68392924E+01 -8.15544903E+01 -7.96346591E+01 -7.66529280E+01 -7.65130974E+01 -7.54758671E+01 -7.42557354E+01 -7.85066366E+01 -8.06866624E+01 -7.82005304E+01 -7.58507345E+01 -7.71445904E+01 -7.36609293E+01 -7.53054717E+01 -7.94064084E+01 -8.00488336E+01 -7.70078954E+01 -7.64119175E+01 -7.47764610E+01 -7.30960289E+01 -7.64017682E+01 -8.06715008E+01 -7.95144772E+01 -7.53343836E+01 -7.71928408E+01 -7.44403175E+01 -7.40098383E+01 -7.72455575E+01 -8.05388358E+01 -7.76854879E+01 -7.45649296E+01 -7.73480762E+01 -7.36982958E+01 -7.49105791E+01 -7.82915462E+01 -7.97900130E+01 -7.42930910E+01 -7.55467237E+01 -7.69878228E+01 -7.25746424E+01 -7.59243607E+01 -8.02223722E+01 -7.79296792E+01 -7.38508390E+01 -7.71892832E+01 -7.45258438E+01 -7.13562910E+01 -7.85438333E+01 -8.09286132E+01 -7.71057731E+01 -7.38810285E+01 -7.77834275E+01 -7.24090656E+01 -7.36118193E+01 -7.97835041E+01 -8.05468909E+01 -7.55083596E+01 -7.55496413E+01 -7.75727812E+01 -7.27626665E+01 -7.67637573E+01 -8.06526969E+01 -7.91286221E+01 -7.43777226E+01 -7.74059283E+01 -7.66849402E+01 -7.39238517E+01 -7.83085396E+01 -8.12516951E+01 -7.68340970E+01 -7.48863294E+01 -7.93400329E+01 -7.49432868E+01 -7.45667783E+01 -8.01399615E+01 -8.07701528E+01 -7.51662836E+01 -7.81224699E+01 -7.85462020E+01 -7.34686880E+01 -7.48693751E+01 -8.09507155E+01 -7.82434086E+01 -7.55534280E+01 -7.91369399E+01 -7.71548282E+01 -7.32898607E+01 -7.59000600E+01 -8.05033217E+01 -7.59090076E+01 -7.61706325E+01 -7.77634965E+01 -7.64433678E+01 -7.33513959E+01 -7.77979039E+01 -7.93925284E+01 -7.39282727E+01 -7.68379121E+01 -7.76178596E+01 -7.59487738E+01 -7.45506009E+01 -8.05386026E+01 -7.75952262E+01 -7.55199686E+01 -7.72698563E+01 -7.83496134E+01 -7.57038935E+01 -7.68532933E+01 -8.07379496E+01 -7.59752134E+01 -7.49573527E+01 -7.92374829E+01 -7.83601655E+01 -7.45282269E+01 -7.80625215E+01 -7.94936300E+01 -7.45125720E+01 -7.66720681E+01 -7.97438935E+01 -7.74627919E+01 -7.57280802E+01 -7.88286109E+01 -7.70660626E+01 -7.48897932E+01 -7.77557626E+01 -7.87522554E+01 -7.79290212E+01 -7.54312586E+01 -7.86537481E+01 -7.53328927E+01 -7.60944385E+01 -7.76781342E+01 -7.86662367E+01 -7.63828236E+01 -7.60787529E+01 -7.78905553E+01 -7.53701204E+01 -7.54434240E+01 -7.64603739E+01 -7.87465724E+01 -7.54083290E+01 -7.73156229E+01 -7.80237629E+01 -7.49458928E+01 -7.60488983E+01 -7.77850445E+01 -7.69147956E+01 -7.58432122E+01 -8.01864162E+01 -7.59874993E+01 -7.51263697E+01 -7.61527088E+01 -7.75349948E+01 -7.72311087E+01 -7.84539058E+01 -8.08945665E+01 -7.61846411E+01 -7.61902051E+01 -7.68353218E+01 -7.67404643E+01 -7.65061636E+01 -7.94434856E+01 -7.90092641E+01 -7.56212115E+01 -7.60812667E+01 -7.63383971E+01 -7.55271452E+01 -7.70733380E+01 -8.03789812E+01 -7.81630731E+01 -7.63986981E+01 -7.59784583E+01 -7.44438392E+01 -7.51769740E+01 -7.76555652E+01 -8.09884922E+01 -7.76687320E+01 -7.61619162E+01 -7.55231236E+01 -7.50034377E+01 -7.61472874E+01 -8.15204302E+01 -8.02409255E+01 -7.64427563E+01 -7.62777539E+01 -7.53869348E+01 -7.34254089E+01 -7.76901624E+01 -8.17968173E+01 -7.87216026E+01 -7.59557431E+01 -7.62285905E+01 -7.44125503E+01
 -7.70832279E+01 -7.50180850E+01 -7.38251406E+01 -7.51515010E+01 -7.81795677E+01 -7.84775318E+01 -7.76906729E+01 -7.70698819E+01 -7.47429172E+01 -7.38458906E+01 -7.62341313E+01 -7.84780804E+01 -7.84702505E+01 -7.77764322E+01 -7.63421105E+01 -7.35912371E+01 -7.35899242E+01 -7.68926001E+01 -7.82178350E+01 -7.88724322E+01 -7.75978084E+01 -7.47244293E+01 -7.31724896E+01 -7.45091952E+01 -7.74394187E+01 -7.87831121E+01 -7.89905652E+01 -7.69989777E+01 -7.35330836E+01 -7.31220575E+01 -7.55018184E+01 -7.78160963E+01 -7.93627193E+01 -7.87111113E+01 -7.55959159E+01 -7.25460556E+01 -7.36518233E+01 -7.66174306E+01 -7.83551661E+01 -7.92481099E+01 -7.80298210E+01 -7.44775142E+01 -7.26852710E+01 -7.45983786E+01 -7.73396035E+01 -7.91171431E+01 -7.90058820E+01 -7.60648308E+01 -7.36577995E+01 -7.28836647E+01 -7.57884049E+01 -7.80784807E+01 -7.96512618E+01 -7.84920425E+01 -7.57208162E+01 -7.28067663E+01 -7.30373271E+01 -7.63027848E+01 -7.91926369E+01 -7.96092456E+01 -7.78643020E+01 -7.49126770E+01 -7.21044582E+01 -7.39302483E+01 -7.77440541E+01 -7.96317972E+01 -7.90233670E+01 -7.68455723E+01 -7.34616322E+01 -7.15711829E+01 -7.51713505E+01 -7.92340846E+01 -7.96712735E+01 -7.86164857E+01 -7.59647929E+01 -7.24780248E+01 -7.28067658E+01 -7.67029311E+01 -7.94428911E+01 -7.98469850E+01 -7.80174076E+01 -7.48582599E+01 -7.25191156E+01 -7.40207338E+01 -7.73018154E+01 -8.04550994E+01 -7.97469229E+01 -7.66196356E+01 -7.39850168E+01 -7.22466481E+01 -7.46152946E+01 -7.88816453E+01 -8.04931710E+01 -7.86877740E+01 -7.58254503E+01 -7.28140650E+01 -7.28526287E+01 -7.56831901E+01 -7.97339980E+01 -8.03382852E+01 -7.72992961E+01 -7.47637906E+01 -7.27389909E+01 -7.41972840E+01 -7.74649517E+01 -7.98370294E+01 -7.91878800E+01 -7.61755589E+01 -7.36421263E+01 -7.29645208E+01 -7.48329470E+01 -7.86301643E+01 -7.96900947E+01 -7.83448199E+01 -7.51463798E+01 -7.32638934E+01 -7.37936723E+01 -7.62182402E+01 -7.89618949E+01 -7.95366980E+01 -7.75995253E+01 -7.40558651E+01 -7.36957431E+01 -7.48627672E+01 -7.74986672E+01 -7.90672743E+01 -7.87949948E+01 -7.63285461E+01 -7.29583301E+01 -7.39049219E+01 -7.58746777E+01 -7.80258124E+01 -7.94072624E+01 -7.81857205E+01 -7.50111383E+01 -7.31163611E+01 -7.43792821E+01 -7.67638671E+01 -7.86092561E+01 -7.87225952E+01 -7.68687388E+01 -7.39039571E+01 -7.36261910E+01 -7.50813357E+01 -7.69120054E+01 -7.90918919E+01 -7.83955336E+01 -7.56793501E+01 -7.38779611E+01 -7.39571652E+01 -7.54070422E+01 -7.77010719E+01 -7.93595660E+01 -7.71756704E+01 -7.51841968E+01 -7.31726705E+01 -7.41735132E+01 -7.62793891E+01 -7.82293829E+01 -7.87691361E+01 -7.63963047E+01 -7.46975902E+01 -7.38691582E+01 -7.51036081E+01 -7.66823627E+01 -7.83515792E+01 -7.79303563E+01 -7.59221106E+01 -7.38412069E+01 -7.43836079E+01 -7.61860339E+01 -7.74464461E+01 -7.87560894E+01 -7.72313050E+01 -7.56675344E+01 -7.39624832E+01 -7.46072815E+01 -7.63970988E+01 -7.83215314E+01 -7.79918951E+01 -7.69172312E+01 -7.49936463E+01 -7.44707831E+01 -7.49879662E+01 -7.74154449E+01 -7.89089627E+01 -7.72692706E+01 -7.63266490E+01 -7.43334385E+01 -7.42886683E+01 -7.59536201E+01 -7.86352626E+01 -7.83311347E+01 -7.73957152E+01 -7.55045216E+01 -7.41853243E+01 -7.48084161E+01 -7.70663740E+01 -7.89236462E+01 -7.75503127E+01
 -7.63094256E+01 -7.59021015E+01 -7.62769930E+01 -7.51346916E+01 -7.71653719E+01 -7.97655060E+01 -7.96298125E+01 -7.57014260E+01 -7.68457113E+01 -7.58964286E+01 -7.47346862E+01 -7.84959603E+01 -7.99098575E+01 -7.75546778E+01 -7.50511308E+01 -7.73226411E+01 -7.48012204E+01 -7.54290595E+01 -7.93537071E+01 -7.92985696E+01 -7.65158015E+01 -7.59989040E+01 -7.64519505E+01 -7.44851931E+01 -7.68978386E+01 -8.01067226E+01 -7.86521347E+01 -7.59858035E+01 -7.65922776E+01 -7.56716956E+01 -7.36996535E+01 -7.83672660E+01 -7.93908495E+01 -7.82991823E+01 -7.68070769E+01 -7.72326137E+01 -7.46108098E+01 -7.50209191E+01 -7.89012704E+01 -8.02834692E+01 -7.81308512E+01 -7.66782988E+01 -7.56980835E+01 -7.33207313E+01 -7.62588337E+01 -7.94983112E+01 -8.01060951E+01 -7.71478381E+01 -7.61119331E+01 -7.36250669E+01 -7.40462026E+01 -7.74185685E+01 -8.06165303E+01 -7.89798981E+01 -7.70438897E+01 -7.54805183E+01 -7.33726614E+01 -7.62308185E+01 -7.86448155E+01 -8.03372354E+01 -7.81987939E+01 -7.69229662E+01 -7.43487448E+01 -7.44951099E+01 -7.73784797E+01 -7.93107146E+01 -8.01736002E+01 -7.69202211E+01 -7.62141829E+01 -7.41727317E+01 -7.63571167E+01 -7.68651897E+01 -7.99698113E+01 -7.99856878E+01 -7.65526277E+01 -7.48210290E+01 -7.34509507E+01 -7.61455080E+01 -7.75610357E+01 -8.17561237E+01 -7.82414892E+01 -7.56960433E+01 -7.39891144E+01 -7.35248268E+01 -7.61678303E+01 -7.96300850E+01 -8.10422759E+01 -7.68029436E+01 -7.61547464E+01 -7.36780798E+01 -7.35998675E+01 -7.66165477E+01 -8.09932028E+01 -8.05510389E+01 -7.63688094E+01 -7.55540931E+01 -7.34034382E+01 -7.45822329E+01 -7.76547248E+01 -8.13395253E+01 -7.84221655E+01 -7.54529063E+01 -7.50049213E+01 -7.33250837E+01 -7.59571126E+01 -7.95458810E+01 -8.03546713E+01 -7.80980501E+01 -7.54335997E+01 -7.43911867E+01 -7.34030881E+01 -7.71177817E+01 -7.98872551E+01 -8.01066572E+01 -7.62124929E+01 -7.58144520E+01 -7.32027921E+01 -7.44619263E+01 -7.79747794E+01 -8.04933359E+01 -7.86325388E+01 -7.60734240E+01 -7.56618595E+01 -7.41839726E+01 -7.59473247E+01 -7.85807852E+01 -7.99252566E+01 -7.64373459E+01 -7.64943356E+01 -7.62956686E+01 -7.53635428E+01 -7.79212016E+01 -7.94801093E+01 -7.92872850E+01 -7.55523110E+01 -7.69934245E+01 -7.53036338E+01 -7.57502607E+01 -7.74201518E+01 -8.06182779E+01 -7.71140807E+01 -7.58977897E+01 -7.78545455E+01 -7.52651551E+01 -7.57428400E+01 -7.91144785E+01 -8.13493927E+01 -7.57046500E+01 -7.74798798E+01 -7.62940329E+01 -7.48217879E+01 -7.63570989E+01 -8.03228847E+01 -7.92961509E+01 -7.58935387E+01 -7.78895840E+01 -7.50072859E+01 -7.39522470E+01 -7.72439487E+01 -8.09851554E+01 -7.68802041E+01 -7.69391923E+01 -7.64468287E+01 -7.48632976E+01 -7.51632762E+01 -7.84383937E+01 -7.99398438E+01 -7.63291410E+01 -7.69735672E+01 -7.55345319E+01 -7.49952763E+01 -7.62349931E+01 -7.92992650E+01 -7.75514873E+01 -7.54965033E+01 -7.66527428E+01 -7.59432953E+01 -7.60272512E+01 -7.63559068E+01 -8.01805226E+01 -7.62765932E+01 -7.57695889E+01 -7.62845868E+01 -7.58161839E+01 -7.61017180E+01 -7.81392508E+01 -7.89791562E+01 -7.50991884E+01 -7.61390103E+01 -7.52674109E+01 -7.56751719E+01 -7.66943079E+01 -7.98965228E+01 -7.73709082E+01 -7.49381737E+01 -7.61163368E+01 -7.57906765E+01 -7.60884297E+01 -7.82626108E+01 -7.99987892E+01
 -7.58946509E+01 -7.67699015E+01 -7.77353915E+01 -7.81360328E+01 -7.83028477E+01 -7.60189179E+01 -7.53374313E+01 -7.65150139E+01 -7.73848059E+01 -7.79954522E+01 -7.81636087E+01 -7.71934223E+01 -7.53841947E+01 -7.55324786E+01 -7.68300200E+01 -7.78843104E+01 -7.80328169E+01 -7.80356176E+01 -7.61103219E+01 -7.46745182E+01 -7.61368429E+01 -7.75651847E+01 -7.77032377E+01 -7.76966171E+01 -7.73674300E+01 -7.56280647E+01 -7.48465155E+01 -7.64016327E+01 -7.82080730E+01 -7.74836612E+01 -7.80813282E+01 -7.70949643E+01 -7.51545024E+01 -7.49017733E+01 -7.71818332E+01 -7.79713066E+01 -7.82174110E+01 -7.76965521E+01 -7.70417092E+01 -7.45424382E+01 -7.49321148E+01 -7.80186434E+01 -7.79390773E+01 -7.76189368E+01 -7.80728684E+01 -7.60735308E+01 -7.34205109E+01 -7.57173163E+01 -7.83555354E+01 -7.79109198E+01 -7.81589636E+01 -7.75926469E+01 -7.45753470E+01 -7.37987678E+01 -7.72717715E+01 -7.83797477E+01 -7.78472070E+01 -7.85034823E+01 -7.71202096E+01 -7.40638648E+01 -7.51896324E+01 -7.79317255E+01 -7.83072667E+01 -7.81808553E+01 -7.80585495E+01 -7.58763322E+01 -7.35951431E+01 -7.63221672E+01 -7.80479591E+01 -7.84196439E+01 -7.82853178E+01 -7.76427331E+01 -7.42735626E+01 -7.46810847E+01 -7.72168498E+01 -7.82429651E+01 -7.82848153E+01 -7.82932620E+01 -7.62410841E+01 -7.39366799E+01 -7.56681877E+01 -7.76755284E+01 -7.79838362E+01 -7.83588502E+01 -7.79696404E+01 -7.54059466E+01 -7.42759349E+01 -7.64546200E+01 -7.76480664E+01 -7.79595992E+01 -7.87539557E+01 -7.78410635E+01 -7.46711929E+01 -7.49535332E+01 -7.71377497E+01 -7.74716445E+01 -7.85760016E+01 -7.85064745E+01 -7.68725506E+01 -7.44807596E+01 -7.56884142E+01 -7.74863506E+01 -7.82122617E+01 -7.91749367E+01 -7.81499310E+01 -7.56298983E+01 -7.45644220E+01 -7.63819283E+01 -7.75925208E+01 -7.84412345E+01 -7.88951865E+01 -7.75203733E+01 -7.45485551E+01 -7.47257656E+01 -7.69643224E+01 -7.74713445E+01 -7.88503746E+01 -7.85922685E+01 -7.67015097E+01 -7.40290430E+01 -7.57969818E+01 -7.75247446E+01 -7.76678336E+01 -7.88812067E+01 -7.83513482E+01 -7.51525189E+01 -7.40376737E+01 -7.64429944E+01 -7.81005504E+01 -7.83817739E+01 -7.89648988E+01 -7.86575566E+01 -7.39293248E+01 -7.47010083E+01 -7.71549589E+01 -7.78386098E+01 -7.84651906E+01 -7.90009300E+01 -7.70391977E+01 -7.36261002E+01 -7.52188601E+01 -7.73767801E+01 -7.78141390E+01 -7.86395855E+01 -7.87712550E+01 -7.56025263E+01 -7.34540644E+01 -7.59462557E+01 -7.78022750E+01 -7.77279413E+01 -7.84622366E+01 -7.80533062E+01 -7.49456438E+01 -7.45086475E+01 -7.69176942E+01 -7.78550230E+01 -7.76226718E+01 -7.83315150E+01 -7.70460596E+01 -7.45752258E+01 -7.54448852E+01 -7.76577169E+01 -7.78167661E+01 -7.78705252E+01 -7.85664786E+01 -7.59979844E+01 -7.44619533E+01 -7.61975426E+01 -7.80659600E+01 -7.77965945E+01 -7.82335925E+01 -7.83484232E+01 -7.51561313E+01 -7.49508895E+01 -7.70745464E+01 -7.84648865E+01 -7.77998787E+01 -7.85951500E+01 -7.73520353E+01 -7.47931711E+01 -7.58971554E+01 -7.75444867E+01 -7.80107499E+01 -7.77728160E+01 -7.84181421E+01 -7.61226282E+01 -7.51494869E+01 -7.62454203E+01 -7.70558378E+01 -7.79171334E+01 -7.80224371E+01 -7.78768970E+01 -7.56246115E+01 -7.58995864E+01 -7.62965405E+01 -7.75191299E+01 -7.76793914E+01 -7.83978272E+01 -7.67759437E+01 -7.51602173E+01
 -7.86483085E+01 -7.25456058E+01 -7.18973814E+01 -7.75918065E+01 -7.83618956E+01 -7.89969724E+01 -8.03964021E+01 -7.68789462E+01 -7.09719642E+01 -7.35827168E+01 -7.81237161E+01 -7.83485031E+01 -7.95979887E+01 -7.95891974E+01 -7.47933301E+01 -7.10497440E+01 -7.63204074E+01 -7.82906438E+01 -7.86720905E+01 -8.02700280E+01 -7.88127486E+01 -7.32012059E+01 -7.20576393E+01 -7.72628527E+01 -7.82612913E+01 -7.89652560E+01 -8.01999607E+01 -7.71372941E+01 -7.13148670E+01 -7.40422795E+01 -7.80348490E+01 -7.86762527E+01 -7.94707434E+01 -7.96820357E+01 -7.47852514E+01 -7.08598509E+01 -7.59806395E+01 -7.86753298E+01 -7.84963169E+01 -7.98314451E+01 -7.80126267E+01 -7.22645045E+01 -7.18406289E+01 -7.80276009E+01 -7.89545465E+01 -7.90290322E+01 -7.95464060E+01 -7.63404577E+01 -7.04734674E+01 -7.32297017E+01 -7.86068713E+01 -7.91268668E+01 -7.93522467E+01 -7.89527626E+01 -7.36599087E+01 -7.01990702E+01 -7.48442466E+01 -7.93104799E+01 -7.95217796E+01 -7.97210834E+01 -7.75448183E+01 -7.14334550E+01 -7.08995913E+01 -7.72973829E+01 -7.93716683E+01 -7.99326704E+01 -7.92568217E+01 -7.58713032E+01 -7.04761784E+01 -7.29306494E+01 -7.84587301E+01 -7.93507199E+01 -7.99619638E+01 -7.84650352E+01 -7.41013838E+01 -7.01407634E+01 -7.43975205E+01 -7.95968785E+01 -8.02336962E+01 -8.00185779E+01 -7.73724553E+01 -7.26468071E+01 -7.09416183E+01 -7.68362024E+01 -8.02289375E+01 -8.02830129E+01 -7.96395370E+01 -7.64381902E+01 -7.16226958E+01 -7.25875700E+01 -7.83959126E+01 -8.04602820E+01 -8.02797550E+01 -7.89241471E+01 -7.47896246E+01 -7.07893568E+01 -7.42005532E+01 -7.93832230E+01 -8.07029099E+01 -7.98032577E+01 -7.86428325E+01 -7.30147791E+01 -7.08541724E+01 -7.61096108E+01 -7.97693876E+01 -8.03869452E+01 -7.95764330E+01 -7.68155427E+01 -7.08953519E+01 -7.23273105E+01 -7.78925690E+01 -8.01302832E+01 -8.02404552E+01 -7.92134278E+01 -7.44113203E+01 -7.06292038E+01 -7.44420394E+01 -7.91628559E+01 -8.06538920E+01 -7.96767547E+01 -7.82528729E+01 -7.23898620E+01 -7.09379645E+01 -7.55742115E+01 -8.01730534E+01 -8.00960556E+01 -7.87551238E+01 -7.62810659E+01 -7.10297946E+01 -7.23348811E+01 -7.77575031E+01 -8.05430391E+01 -7.95244853E+01 -7.89760252E+01 -7.42850410E+01 -6.97691595E+01 -7.37373883E+01 -7.94247013E+01 -8.04463735E+01 -7.89711317E+01 -7.78070497E+01 -7.21309408E+01 -7.05557300E+01 -7.60203865E+01 -8.07201910E+01 -7.97073473E+01 -7.94789493E+01 -7.63866012E+01 -7.03539736E+01 -7.18058889E+01 -7.85375264E+01 -8.05126265E+01 -7.93921814E+01 -7.91905860E+01 -7.45356011E+01 -6.96467559E+01 -7.38532074E+01 -8.00492427E+01 -7.97381362E+01 -8.04468849E+01 -7.86461591E+01 -7.18715194E+01 -7.00917686E+01 -7.65548782E+01 -8.00707328E+01 -7.92272673E+01 -8.01626968E+01 -7.65215340E+01 -7.02953241E+01 -7.25912158E+01 -7.81919649E+01 -7.95993006E+01 -7.95842966E+01 -7.97700318E+01 -7.42500542E+01 -7.00390425E+01 -7.46837177E+01 -7.91661754E+01 -7.93344098E+01 -8.03692562E+01 -7.88747421E+01 -7.20655680E+01 -7.15202238E+01 -7.64641115E+01 -7.92266901E+01 -7.91671705E+01 -8.01710422E+01 -7.68417239E+01 -7.06925970E+01 -7.31970733E+01 -7.84818020E+01 -7.84684314E+01 -7.92667387E+01 -7.94554889E+01 -7.47155022E+01 -7.10701884E+01 -7.61997346E+01 -7.90885183E+01 -7.85843515E+01 -7.99763553E+01
 -7.86160073E+01 -7.85158173E+01 -7.80894030E+01 -7.77729658E+01 -7.57311870E+01 -7.50132018E+01 -7.71841060E+01 -7.87612973E+01 -7.80978837E+01 -7.78651499E+01 -7.73674993E+01 -7.53000812E+01 -7.57600006E+01 -7.77820332E+01 -7.87047901E+01 -7.83577775E+01 -7.80174076E+01 -7.64220925E+01 -7.50517290E+01 -7.63274056E+01 -7.82223477E+01 -7.85683648E+01 -7.83994562E+01 -7.73372938E+01 -7.55328072E+01 -7.51490718E+01 -7.69733041E+01 -7.84284476E+01 -7.86517692E+01 -7.82082545E+01 -7.64947157E+01 -7.48828993E+01 -7.58128000E+01 -7.69219612E+01 -7.83593559E+01 -7.86079223E+01 -7.75243084E+01 -7.57696123E+01 -7.48333399E+01 -7.60291343E+01 -7.72634565E+01 -7.84199845E+01 -7.84139135E+01 -7.71005425E+01 -7.56681407E+01 -7.51823212E+01 -7.63631397E+01 -7.77765363E+01 -7.83003036E+01 -7.78003930E+01 -7.65086073E+01 -7.53119777E+01 -7.53961213E+01 -7.70514547E+01 -7.80160515E+01 -7.82257176E+01 -7.75469508E+01 -7.63289567E+01 -7.48260315E+01 -7.59178840E+01 -7.78779076E+01 -7.88696139E+01 -7.83335323E+01 -7.68350185E+01 -7.56201859E+01 -7.44983248E+01 -7.67574566E+01 -7.79546596E+01 -7.88437163E+01 -7.80018117E+01 -7.67624880E+01 -7.45099734E+01 -7.54277119E+01 -7.71844088E+01 -7.82945389E+01 -7.87610535E+01 -7.74780398E+01 -7.57574172E+01 -7.43484103E+01 -7.61117866E+01 -7.74284645E+01 -7.88091428E+01 -7.83101389E+01 -7.72643371E+01 -7.48939273E+01 -7.51695669E+01 -7.70291085E+01 -7.80689544E+01 -7.89668610E+01 -7.78984065E+01 -7.58788765E+01 -7.51977166E+01 -7.56644964E+01 -7.77951854E+01 -7.84177151E+01 -7.89488457E+01 -7.70692473E+01 -7.57003338E+01 -7.59116779E+01 -7.62149529E+01 -7.82871464E+01 -7.91241702E+01 -7.86353254E+01 -7.65006280E+01 -7.55039552E+01 -7.56086056E+01 -7.67564278E+01 -7.87752245E+01 -7.90179447E+01 -7.75948342E+01 -7.59571995E+01 -7.52633994E+01 -7.54291584E+01 -7.77016935E+01 -7.90323300E+01 -7.84221399E+01 -7.70552045E+01 -7.57857313E+01 -7.48248361E+01 -7.62628416E+01 -7.85947999E+01 -7.88979393E+01 -7.75047472E+01 -7.66189467E+01 -7.55210767E+01 -7.51205109E+01 -7.71769349E+01 -7.90529378E+01 -7.81372380E+01 -7.70739555E+01 -7.66379988E+01 -7.50120581E+01 -7.53584425E+01 -7.79182096E+01 -7.92468947E+01 -7.76259823E+01 -7.65851786E+01 -7.59139320E+01 -7.46579852E+01 -7.65031341E+01 -7.88486149E+01 -7.86607565E+01 -7.72102235E+01 -7.66639303E+01 -7.53206341E+01 -7.53646377E+01 -7.74234311E+01 -7.90149422E+01 -7.78604303E+01 -7.73266654E+01 -7.66531874E+01 -7.48328971E+01 -7.54195351E+01 -7.79518002E+01 -7.82152303E+01 -7.73289374E+01 -7.72195842E+01 -7.60952725E+01 -7.49477779E+01 -7.62715351E+01 -7.84108723E+01 -7.77248786E+01 -7.75342143E+01 -7.67684065E+01 -7.56891257E+01 -7.48462859E+01 -7.74650196E+01 -7.84901110E+01 -7.78285446E+01 -7.74310915E+01 -7.68766864E+01 -7.51085313E+01 -7.59329088E+01 -7.79168260E+01 -7.82846679E+01 -7.81511472E+01 -7.78090056E+01 -7.58759075E+01 -7.46861558E+01 -7.68714148E+01 -7.78191425E+01 -7.81547204E+01 -7.80499394E+01 -7.71603068E+01 -7.54988113E+01 -7.54641042E+01 -7.74704476E+01 -7.78821086E+01 -7.84936294E+01 -7.75813801E+01 -7.72284719E+01 -7.53197770E+01 -7.58880733E+01 -7.77989139E+01 -7.87577550E+01 -7.84150595E+01 -7.79189843E+01 -7.71594284E+01 -7.52139711E+01 -7.66283371E+01
 -7.91059074E+01 -7.56048570E+01 -7.33588559E+01 -7.47562495E+01 -7.67113870E+01 -7.71763731E+01 -7.92280827E+01 -7.79277419E+01 -7.47987966E+01 -7.34952683E+01 -7.54846335E+01 -7.74028206E+01 -7.72070107E+01 -7.89600630E+01 -7.69059956E+01 -7.42733602E+01 -7.43272273E+01 -7.65894624E+01 -7.73738675E+01 -7.77469347E+01 -7.85443548E+01 -7.58901495E+01 -7.41923551E+01 -7.49394039E+01 -7.72375607E+01 -7.71149984E+01 -7.84948240E+01 -7.77572151E+01 -7.50635184E+01 -7.45502301E+01 -7.55644136E+01 -7.72799421E+01 -7.73018946E+01 -7.83475488E+01 -7.61127129E+01 -7.44432274E+01 -7.52506379E+01 -7.59396389E+01 -7.69702433E+01 -7.80188054E+01 -7.80693887E+01 -7.51364391E+01 -7.44219210E+01 -7.54219712E+01 -7.63738412E+01 -7.72405820E+01 -7.80486734E+01 -7.78262873E+01 -7.46755435E+01 -7.43915136E+01 -7.55749853E+01 -7.64653038E+01 -7.75502322E+01 -7.85440813E+01 -7.70034063E+01 -7.40447617E+01 -7.48652723E+01 -7.57129787E+01 -7.72087355E+01 -7.74565412E+01 -7.79591915E+01 -7.58354682E+01 -7.36589281E+01 -7.50830218E+01 -7.60295241E+01 -7.75561962E+01 -7.75982271E+01 -7.75394148E+01 -7.47779003E+01 -7.36920596E+01 -7.53775817E+01 -7.68445230E+01 -7.75083782E+01 -7.76534850E+01 -7.66899823E+01 -7.39091789E+01 -7.45893449E+01 -7.59462006E+01 -7.76056089E+01 -7.74009890E+01 -7.74916213E+01 -7.64651037E+01 -7.35363464E+01 -7.48461978E+01 -7.59755118E+01 -7.77160106E+01 -7.74186667E+01 -7.74389866E+01 -7.55186132E+01 -7.37086523E+01 -7.53254474E+01 -7.63283253E+01 -7.78592903E+01 -7.74389891E+01 -7.67960099E+01 -7.44884795E+01 -7.45214715E+01 -7.52851669E+01 -7.75009557E+01 -7.80787022E+01 -7.74150094E+01 -7.62603505E+01 -7.43471985E+01 -7.46258780E+01 -7.61633845E+01 -7.82024106E+01 -7.82807505E+01 -7.74981175E+01 -7.51639616E+01 -7.44787900E+01 -7.44647074E+01 -7.64775466E+01 -7.81060123E+01 -7.84573086E+01 -7.71068500E+01 -7.46718119E+01 -7.40281295E+01 -7.46423352E+01 -7.66102645E+01 -7.83579003E+01 -7.83611439E+01 -7.65139320E+01 -7.39689795E+01 -7.36096574E+01 -7.51917745E+01 -7.69453706E+01 -7.88204978E+01 -7.84489023E+01 -7.49352425E+01 -7.31183229E+01 -7.39679225E+01 -7.59794409E+01 -7.78367868E+01 -7.92573126E+01 -7.77492738E+01 -7.39600674E+01 -7.33381809E+01 -7.47898916E+01 -7.76288163E+01 -7.85657304E+01 -7.92326464E+01 -7.64004070E+01 -7.31727767E+01 -7.35574363E+01 -7.60702458E+01 -7.72559523E+01 -7.96686141E+01 -7.88649008E+01 -7.47605731E+01 -7.35507574E+01 -7.39385801E+01 -7.66845033E+01 -7.84127014E+01 -8.01389518E+01 -7.76569234E+01 -7.34415014E+01 -7.33245587E+01 -7.46005020E+01 -7.69739805E+01 -7.91391773E+01 -7.98829817E+01 -7.59553117E+01 -7.28146057E+01 -7.33602384E+01 -7.50093168E+01 -7.78044400E+01 -8.00253399E+01 -7.89363455E+01 -7.44302086E+01 -7.31331758E+01 -7.35464446E+01 -7.64187191E+01 -7.87762375E+01 -8.02417014E+01 -7.76257665E+01 -7.34768731E+01 -7.34783539E+01 -7.46313999E+01 -7.72161383E+01 -7.96163752E+01 -7.97299078E+01 -7.58722326E+01 -7.25553654E+01 -7.38994021E+01 -7.56581249E+01 -7.78875725E+01 -8.00976494E+01 -7.84165419E+01 -7.41172887E+01 -7.32188017E+01 -7.48079847E+01 -7.67620045E+01 -7.83641987E+01 -7.98601971E+01 -7.67595963E+01 -7.35936998E+01 -7.38021373E+01 -7.55650650E+01 -7.66467287E+01 -7.87720884E+01
 -7.89984140E+01 -8.15177185E+01 -8.07985276E+01 -7.82598174E+01 -7.26195931E+01 -6.92137907E+01 -7.47626716E+01 -8.03153959E+01 -8.18134392E+01 -7.96968761E+01 -7.65837259E+01 -7.10291704E+01 -7.06821708E+01 -7.74477568E+01 -8.09700759E+01 -8.12613887E+01 -7.87587378E+01 -7.52290903E+01 -6.95418897E+01 -7.26002379E+01 -7.92509619E+01 -8.10528189E+01 -8.07120088E+01 -7.79053056E+01 -7.29510270E+01 -6.94350910E+01 -7.49681997E+01 -8.01045262E+01 -8.10205374E+01 -8.00777356E+01 -7.65422052E+01 -7.09844297E+01 -7.07261050E+01 -7.74036131E+01 -8.07868421E+01 -8.12527723E+01 -7.87368470E+01 -7.47698729E+01 -7.01037828E+01 -7.23818851E+01 -7.91843165E+01 -8.12939635E+01 -8.03983140E+01 -7.75783687E+01 -7.34913720E+01 -6.99418612E+01 -7.46913512E+01 -8.03394668E+01 -8.13072238E+01 -8.01096697E+01 -7.65715387E+01 -7.17186055E+01 -7.08813355E+01 -7.70698504E+01 -8.11667998E+01 -8.14319270E+01 -7.87413861E+01 -7.51099439E+01 -7.08628881E+01 -7.25834184E+01 -7.91725940E+01 -8.17353660E+01 -8.03011547E+01 -7.76229076E+01 -7.34748961E+01 -7.11376486E+01 -7.47541779E+01 -8.04677060E+01 -8.17494154E+01 -7.89762136E+01 -7.62461527E+01 -7.21953448E+01 -7.15768308E+01 -7.72946233E+01 -8.15420920E+01 -8.11644890E+01 -7.84045587E+01 -7.48674301E+01 -7.10632423E+01 -7.33756224E+01 -7.92974728E+01 -8.18811566E+01 -7.98274428E+01 -7.77255631E+01 -7.34693394E+01 -7.09723485E+01 -7.55615166E+01 -8.02319770E+01 -8.15965559E+01 -7.93652925E+01 -7.63813708E+01 -7.16317256E+01 -7.14301322E+01 -7.77194201E+01 -8.09472368E+01 -8.05234556E+01 -7.81359565E+01 -7.46533640E+01 -7.09571866E+01 -7.30216167E+01 -7.91393002E+01 -8.09241340E+01 -7.97403835E+01 -7.68336102E+01 -7.29205123E+01 -7.03572924E+01 -7.56454549E+01 -8.01910437E+01 -8.09251125E+01 -7.88382772E+01 -7.58839680E+01 -7.15313145E+01 -7.17051633E+01 -7.75341138E+01 -8.06366234E+01 -8.06202102E+01 -7.78535553E+01 -7.46604715E+01 -7.09158261E+01 -7.37036497E+01 -7.90610052E+01 -8.10603056E+01 -7.95084335E+01 -7.66714223E+01 -7.27631002E+01 -7.07298376E+01 -7.54802695E+01 -8.05604777E+01 -8.07009184E+01 -7.88205632E+01 -7.58023575E+01 -7.09039062E+01 -7.17973272E+01 -7.79935164E+01 -8.11553346E+01 -8.02015375E+01 -7.79218815E+01 -7.39164967E+01 -7.01996506E+01 -7.34221025E+01 -7.96530465E+01 -8.13845916E+01 -8.00983186E+01 -7.74516133E+01 -7.24805916E+01 -7.04385020E+01 -7.54088180E+01 -8.09228234E+01 -8.06579826E+01 -7.95411751E+01 -7.59853895E+01 -7.12177556E+01 -7.13760284E+01 -7.75315718E+01 -8.12889205E+01 -8.02455486E+01 -7.85225974E+01 -7.45328871E+01 -6.98314670E+01 -7.30489940E+01 -8.01275479E+01 -8.12533271E+01 -7.93808712E+01 -7.77114061E+01 -7.25696617E+01 -6.92879437E+01 -7.59354100E+01 -8.10882895E+01 -8.09914752E+01 -7.90992075E+01 -7.66842195E+01 -7.06295082E+01 -7.04249780E+01 -7.80111535E+01 -8.18034490E+01 -8.01700014E+01 -7.86853971E+01 -7.49765940E+01 -6.88382475E+01 -7.28194907E+01 -7.99312357E+01 -8.14863682E+01 -8.00496895E+01 -7.80483196E+01 -7.25261654E+01 -6.87597548E+01 -7.51246648E+01 -8.05574094E+01 -8.11419123E+01 -7.99086162E+01 -7.63552980E+01 -7.07530478E+01 -7.02508486E+01 -7.73759200E+01 -8.10563100E+01 -8.09768657E+01 -7.90179504E+01 -7.47568701E+01 -6.93175765E+01 -7.23275379E+01
 -7.87698863E+01 -7.53816655E+01 -7.35388635E+01 -7.68088327E+01 -7.77132546E+01 -7.80073283E+01 -7.86958120E+01 -7.81661199E+01 -7.40694339E+01 -7.46949598E+01 -7.74675516E+01 -7.77045834E+01 -7.85711956E+01 -7.88483361E+01 -7.63714882E+01 -7.39422980E+01 -7.59064708E+01 -7.79466645E+01 -7.76285298E+01 -7.86150885E+01 -7.83728040E+01 -7.53537334E+01 -7.42944537E+01 -7.76086045E+01 -7.79510180E+01 -7.82087968E+01 -7.87421445E+01 -7.73749883E+01 -7.43028223E+01 -7.53705192E+01 -7.82255195E+01 -7.77138195E+01 -7.84660210E+01 -7.86108193E+01 -7.59800093E+01 -7.43091397E+01 -7.68173162E+01 -7.82535033E+01 -7.80737373E+01 -7.83990243E+01 -7.78087802E+01 -7.46850894E+01 -7.53665425E+01 -7.76609265E+01 -7.79810340E+01 -7.78089562E+01 -7.80661812E+01 -7.60402619E+01 -7.45515379E+01 -7.63476166E+01 -7.78734920E+01 -7.78381619E+01 -7.78672714E+01 -7.75661983E+01 -7.52598250E+01 -7.54704525E+01 -7.66966065E+01 -7.77369586E+01 -7.78948697E+01 -7.82250097E+01 -7.67931686E+01 -7.56311897E+01 -7.58308428E+01 -7.65607038E+01 -7.78445394E+01 -7.81415759E+01 -7.83667457E+01 -7.66942972E+01 -7.63752415E+01 -7.62517716E+01 -7.64825000E+01 -7.78201839E+01 -7.86510226E+01 -7.78103291E+01 -7.63934652E+01 -7.63735104E+01 -7.57583941E+01 -7.68989445E+01 -7.82023593E+01 -7.85561766E+01 -7.73511339E+01 -7.65329390E+01 -7.59264311E+01 -7.55764642E+01 -7.72573443E+01 -7.87394995E+01 -7.84237241E+01 -7.69431152E+01 -7.66850293E+01 -7.61448184E+01 -7.54925616E+01 -7.79941174E+01 -7.88312621E+01 -7.77268537E+01 -7.68718704E+01 -7.62851432E+01 -7.50037924E+01 -7.62348575E+01 -7.86274535E+01 -7.83584427E+01 -7.73918470E+01 -7.71698021E+01 -7.62636761E+01 -7.49981795E+01 -7.74397871E+01 -7.84370488E+01 -7.76395027E+01 -7.74462591E+01 -7.68756355E+01 -7.56994670E+01 -7.55300777E+01 -7.81399803E+01 -7.86600243E+01 -7.72789761E+01 -7.70900303E+01 -7.68551134E+01 -7.53168058E+01 -7.69811927E+01 -7.90659097E+01 -7.84453558E+01 -7.74880171E+01 -7.66775520E+01 -7.61774943E+01 -7.52990119E+01 -7.76074024E+01 -7.91994834E+01 -7.78409742E+01 -7.70322111E+01 -7.65026180E+01 -7.54408838E+01 -7.58393231E+01 -7.84662046E+01 -7.85721224E+01 -7.75440776E+01 -7.66664015E+01 -7.56229950E+01 -7.52391559E+01 -7.70981096E+01 -7.87730237E+01 -7.80486334E+01 -7.76882655E+01 -7.62360947E+01 -7.54504760E+01 -7.54873411E+01 -7.81032134E+01 -7.85402124E+01 -7.82763996E+01 -7.72937674E+01 -7.58116176E+01 -7.47634608E+01 -7.62645778E+01 -7.83624509E+01 -7.83255504E+01 -7.79885331E+01 -7.70045449E+01 -7.46576570E+01 -7.48360617E+01 -7.76052723E+01 -7.84905742E+01 -7.85527361E+01 -7.75847649E+01 -7.65191491E+01 -7.45201135E+01 -7.64558170E+01 -7.80276033E+01 -7.84785498E+01 -7.84874407E+01 -7.77987223E+01 -7.51309598E+01 -7.46802355E+01 -7.73081091E+01 -7.77827925E+01 -7.84756708E+01 -7.84447230E+01 -7.73815295E+01 -7.41446229E+01 -7.56412046E+01 -7.71849734E+01 -7.84406027E+01 -7.81634127E+01 -7.82332246E+01 -7.59328878E+01 -7.37307501E+01 -7.64107317E+01 -7.78982917E+01 -7.80101281E+01 -7.83410784E+01 -7.82199990E+01 -7.47077745E+01 -7.46586846E+01 -7.72580200E+01 -7.80217710E+01 -7.83473595E+01 -7.87457773E+01 -7.69895923E+01 -7.36881258E+01 -7.57219867E+01 -7.79134902E+01 -7.79508950E+01 -7.84954372E+01
 -7.71392553E+01 -7.83399202E+01 -7.88584990E+01 -7.55231789E+01 -7.51895227E+01 -7.51225555E+01 -7.69558156E+01 -7.72256638E+01 -7.92294605E+01 -7.77366097E+01 -7.46556822E+01 -7.55687886E+01 -7.53576318E+01 -7.72881750E+01 -7.76769522E+01 -7.92101407E+01 -7.68307434E+01 -7.50712131E+01 -7.52957676E+01 -7.64479606E+01 -7.77248284E+01 -7.84352374E+01 -7.85455436E+01 -7.62142329E+01 -7.53151293E+01 -7.56225082E+01 -7.69744904E+01 -7.76324305E+01 -7.83232451E+01 -7.83551407E+01 -7.57028196E+01 -7.56223891E+01 -7.60202809E+01 -7.75391282E+01 -7.79474049E+01 -7.86137532E+01 -7.79216506E+01 -7.56972450E+01 -7.54534253E+01 -7.64868043E+01 -7.74915301E+01 -7.80563049E+01 -7.87865499E+01 -7.71867952E+01 -7.53835123E+01 -7.49244998E+01 -7.65319318E+01 -7.81967029E+01 -7.81759753E+01 -7.90687082E+01 -7.65828878E+01 -7.50819578E+01 -7.53282269E+01 -7.72235176E+01 -7.81931974E+01 -7.88307107E+01 -7.83833698E+01 -7.52744824E+01 -7.49956032E+01 -7.56416197E+01 -7.80269199E+01 -7.82644449E+01 -7.90432033E+01 -7.70606188E+01 -7.51694314E+01 -7.51697643E+01 -7.64503561E+01 -7.78636853E+01 -7.90050350E+01 -7.91982748E+01 -7.60469805E+01 -7.49829900E+01 -7.49316056E+01 -7.69675268E+01 -7.80769346E+01 -7.94566656E+01 -7.83741782E+01 -7.59242956E+01 -7.46711420E+01 -7.47798817E+01 -7.70706630E+01 -7.85165262E+01 -7.95622762E+01 -7.74121511E+01 -7.54683958E+01 -7.46214511E+01 -7.58340579E+01 -7.79941114E+01 -7.91126317E+01 -7.91995726E+01 -7.68237364E+01 -7.48657566E+01 -7.46246952E+01 -7.63789834E+01 -7.83643137E+01 -7.95770031E+01 -7.83074294E+01 -7.59568470E+01 -7.45351283E+01 -7.47795358E+01 -7.73680838E+01 -7.88561207E+01 -7.98599712E+01 -7.74777942E+01 -7.54071006E+01 -7.42305011E+01 -7.51904165E+01 -7.76557070E+01 -7.91631636E+01 -7.95722564E+01 -7.66662253E+01 -7.47243756E+01 -7.38262718E+01 -7.59336863E+01 -7.79597104E+01 -7.98205703E+01 -7.81320330E+01 -7.55294539E+01 -7.47963430E+01 -7.52656252E+01 -7.66938824E+01 -7.86524873E+01 -7.94727835E+01 -7.68946734E+01 -7.50780952E+01 -7.50980896E+01 -7.56758354E+01 -7.74230025E+01 -7.89325422E+01 -7.86471793E+01 -7.63590251E+01 -7.52988205E+01 -7.51030164E+01 -7.67931883E+01 -7.79296260E+01 -7.88853996E+01 -7.81433990E+01 -7.57915994E+01 -7.52736949E+01 -7.52409017E+01 -7.75088624E+01 -7.80185753E+01 -7.90317737E+01 -7.70326719E+01 -7.56394606E+01 -7.49844814E+01 -7.63406347E+01 -7.76498761E+01 -7.87080580E+01 -7.87339175E+01 -7.68304881E+01 -7.52704674E+01 -7.56339522E+01 -7.73100255E+01 -7.81211050E+01 -7.87984513E+01 -7.81313647E+01 -7.60080919E+01 -7.45205433E+01 -7.61321743E+01 -7.74349292E+01 -7.81236190E+01 -7.88643846E+01 -7.74908461E+01 -7.58506835E+01 -7.44962568E+01 -7.66020570E+01 -7.72867502E+01 -7.84087457E+01 -7.84281578E+01 -7.65925282E+01 -7.53346544E+01 -7.52025240E+01 -7.74864416E+01 -7.77695857E+01 -7.93174088E+01 -7.79075073E+01 -7.60555325E+01 -7.46948102E+01 -7.60778226E+01 -7.78623439E+01 -7.81973646E+01 -7.92227943E+01 -7.70897314E+01 -7.53781097E+01 -7.50425207E+01 -7.70873807E+01 -7.76620267E+01 -7.90365250E+01 -7.84089398E+01 -7.55698366E+01 -7.56501726E+01 -7.57885709E+01 -7.71324310E+01 -7.75590645E+01 -7.92834079E+01 -7.66845233E+01 -7.50916825E+01 -7.56049254E+01 -7.66543229E+01
 -7.58537401E+01 -7.83222778E+01 -7.76596719E+01 -7.73405277E+01 -7.77543543E+01 -7.74320069E+01 -7.44450939E+01 -7.68449283E+01 -7.82994675E+01 -7.74956602E+01 -7.80334778E+01 -7.82439881E+01 -7.60273307E+01 -7.49757822E+01 -7.75307719E+01 -7.81959095E+01 -7.73867292E+01 -7.76351600E+01 -7.79872797E+01 -7.54117894E+01 -7.61761927E+01 -7.80996751E+01 -7.76230350E+01 -7.71603552E+01 -7.76098670E+01 -7.73359423E+01 -7.49115483E+01 -7.70605152E+01 -7.80199470E+01 -7.72721877E+01 -7.70247061E+01 -7.78193080E+01 -7.62156502E+01 -7.52611654E+01 -7.80252974E+01 -7.84760269E+01 -7.68590616E+01 -7.69909847E+01 -7.79046185E+01 -7.48954721E+01 -7.60962329E+01 -7.88674670E+01 -7.78060949E+01 -7.65791142E+01 -7.77022949E+01 -7.74834217E+01 -7.52778365E+01 -7.72177880E+01 -7.88050897E+01 -7.69943323E+01 -7.65574768E+01 -7.78707544E+01 -7.63323469E+01 -7.49278259E+01 -7.77253684E+01 -7.79775283E+01 -7.63833226E+01 -7.69546224E+01 -7.83268827E+01 -7.59889656E+01 -7.57528497E+01 -7.85247427E+01 -7.74832530E+01 -7.59401248E+01 -7.73366692E+01 -7.76629604E+01 -7.56161046E+01 -7.71336283E+01 -7.84519342E+01 -7.62547793E+01 -7.60365512E+01 -7.80098410E+01 -7.67719415E+01 -7.52034003E+01 -7.78933829E+01 -7.76963292E+01 -7.58706875E+01 -7.72862452E+01 -7.77240442E+01 -7.58474272E+01 -7.59598637E+01 -7.86386300E+01 -7.70100864E+01 -7.62811790E+01 -7.79058448E+01 -7.73933242E+01 -7.51829895E+01 -7.68769439E+01 -7.82213192E+01 -7.63130173E+01 -7.71458459E+01 -7.82682151E+01 -7.63613926E+01 -7.50113563E+01 -7.75818132E+01 -7.75770266E+01 -7.62748350E+01 -7.78101103E+01 -7.78924927E+01 -7.54924906E+01 -7.57158441E+01 -7.81614828E+01 -7.73547530E+01 -7.63724752E+01 -7.75808003E+01 -7.67654663E+01 -7.53544906E+01 -7.70094600E+01 -7.86353757E+01 -7.65107029E+01 -7.64878550E+01 -7.78205512E+01 -7.65153137E+01 -7.54849276E+01 -7.75842909E+01 -7.82781856E+01 -7.62265758E+01 -7.72069341E+01 -7.75645989E+01 -7.55448243E+01 -7.59311243E+01 -7.84497848E+01 -7.77370166E+01 -7.64601415E+01 -7.79850400E+01 -7.67964976E+01 -7.54055834E+01 -7.65797615E+01 -7.87675518E+01 -7.71825903E+01 -7.69905865E+01 -7.81516367E+01 -7.59507348E+01 -7.54238680E+01 -7.72420116E+01 -7.88363874E+01 -7.64929557E+01 -7.72274400E+01 -7.71809497E+01 -7.50282873E+01 -7.50384969E+01 -7.85099782E+01 -7.85532690E+01 -7.62612537E+01 -7.69648701E+01 -7.64920425E+01 -7.42673979E+01 -7.62834028E+01 -7.94313452E+01 -7.76400625E+01 -7.64528178E+01 -7.69753975E+01 -7.51195156E+01 -7.42220687E+01 -7.76636020E+01 -7.90037698E+01 -7.68371296E+01 -7.71656158E+01 -7.67393660E+01 -7.49299284E+01 -7.49522453E+01 -7.91640930E+01 -7.81985910E+01 -7.67661457E+01 -7.77109171E+01 -7.65806774E+01 -7.41380336E+01 -7.71843432E+01 -7.95045308E+01 -7.74383022E+01 -7.73255753E+01 -7.73792393E+01 -7.57715507E+01 -7.48009676E+01 -7.85497016E+01 -7.87899378E+01 -7.74748625E+01 -7.74623671E+01 -7.71897242E+01 -7.51938680E+01 -7.58099699E+01 -7.92640965E+01 -7.78587274E+01 -7.75571322E+01 -7.74647839E+01 -7.66152481E+01 -7.45835575E+01 -7.71694552E+01 -7.93386220E+01 -7.73746560E+01 -7.75038006E+01 -7.73710587E+01 -7.56134326E+01 -7.48650898E+01 -7.82188538E+01 -7.84804993E+01 -7.70017235E+01 -7.80383626E+01 -7.74037686E+01 -7.47549995E+01
 -7.41039144E+01 -8.19019563E+01 -8.28984528E+01 -7.72995996E+01 -7.31447903E+01 -7.09199097E+01 -7.19421433E+01 -7.65375793E+01 -8.30906039E+01 -8.12458580E+01 -7.60617944E+01 -7.12682788E+01 -7.13331748E+01 -7.24263758E+01 -7.95639990E+01 -8.35011088E+01 -7.95828633E+01 -7.45685713E+01 -7.06392410E+01 -7.18615776E+01 -7.35795380E+01 -8.20516061E+01 -8.22361486E+01 -7.81935901E+01 -7.23875922E+01 -7.02664025E+01 -7.13940069E+01 -7.66522050E+01 -8.27866051E+01 -8.11373750E+01 -7.69111406E+01 -7.13006369E+01 -7.12773682E+01 -7.25153411E+01 -7.93831061E+01 -8.24532034E+01 -7.96751887E+01 -7.45382321E+01 -7.08005397E+01 -7.14435413E+01 -7.49064931E+01 -8.13684885E+01 -8.12835472E+01 -7.83298549E+01 -7.27313597E+01 -7.08433625E+01 -7.19695789E+01 -7.82395062E+01 -8.21014531E+01 -8.03638157E+01 -7.72507194E+01 -7.18733800E+01 -7.05531502E+01 -7.36951296E+01 -8.04566850E+01 -8.17126804E+01 -7.98642457E+01 -7.57326409E+01 -7.06466849E+01 -7.08227519E+01 -7.66125100E+01 -8.14015665E+01 -8.17887478E+01 -7.91508319E+01 -7.36303319E+01 -7.01870569E+01 -7.19236143E+01 -7.82715537E+01 -8.12333342E+01 -8.14059226E+01 -7.77295642E+01 -7.21462712E+01 -6.97991987E+01 -7.40061637E+01 -7.97240406E+01 -8.19926789E+01 -8.02160520E+01 -7.55222676E+01 -7.12875568E+01 -7.09761013E+01 -7.57790517E+01 -8.08020328E+01 -8.18324577E+01 -7.86934514E+01 -7.43958230E+01 -7.03838814E+01 -7.17869575E+01 -7.74345166E+01 -8.17121319E+01 -8.15253232E+01 -7.73751804E+01 -7.30093991E+01 -6.95823802E+01 -7.30328031E+01 -7.92893846E+01 -8.24736334E+01 -8.01309390E+01 -7.56649836E+01 -7.15469298E+01 -7.00032513E+01 -7.55857043E+01 -8.14027181E+01 -8.20228751E+01 -7.81429914E+01 -7.43591997E+01 -7.07410485E+01 -7.18875920E+01 -7.77632475E+01 -8.19388511E+01 -8.09474620E+01 -7.69691390E+01 -7.30817659E+01 -7.03481738E+01 -7.34729561E+01 -7.97992529E+01 -8.20089781E+01 -7.96247566E+01 -7.54226734E+01 -7.18185132E+01 -7.10637897E+01 -7.54427646E+01 -8.10905270E+01 -8.12718006E+01 -7.80339986E+01 -7.38549347E+01 -7.06847206E+01 -7.20801637E+01 -7.78390896E+01 -8.18512233E+01 -7.95034713E+01 -7.64637084E+01 -7.30648603E+01 -7.08041142E+01 -7.30696790E+01 -7.97862023E+01 -8.19053479E+01 -7.88110599E+01 -7.54801710E+01 -7.19224053E+01 -7.07750206E+01 -7.49207053E+01 -8.20710542E+01 -8.12887809E+01 -7.76946361E+01 -7.42015607E+01 -7.11180766E+01 -7.09623297E+01 -7.77191826E+01 -8.28778897E+01 -8.04862864E+01 -7.61872981E+01 -7.26971184E+01 -7.09519396E+01 -7.24961288E+01 -8.06639266E+01 -8.26330101E+01 -7.88657788E+01 -7.48417822E+01 -7.20242761E+01 -6.99501459E+01 -7.43362063E+01 -8.26068881E+01 -8.19777122E+01 -7.72367385E+01 -7.32126606E+01 -7.12124287E+01 -7.04428249E+01 -7.75532023E+01 -8.35570374E+01 -8.15273935E+01 -7.58161200E+01 -7.20764934E+01 -7.09603478E+01 -7.15347873E+01 -8.00225385E+01 -8.40453712E+01 -8.02605116E+01 -7.41578986E+01 -7.18038484E+01 -7.02954980E+01 -7.42254397E+01 -8.25686773E+01 -8.35468230E+01 -7.81353618E+01 -7.34156193E+01 -7.14710064E+01 -7.09716529E+01 -7.71473095E+01 -8.37217731E+01 -8.20504777E+01 -7.62171763E+01 -7.25136089E+01 -7.15467935E+01 -7.17126779E+01 -7.99204296E+01 -8.39713729E+01 -8.00276429E+01 -7.41208599E+01 -7.09082970E+01 -7.16291284E+01
 -7.43322526E+01 -7.72461354E+01 -7.98656848E+01 -7.87237525E+01 -7.37286946E+01 -7.40311315E+01 -7.38074782E+01 -7.49684395E+01 -7.86430704E+01 -8.02341109E+01 -7.72163408E+01 -7.33816045E+01 -7.44102848E+01 -7.38842721E+01 -7.58624076E+01 -7.97770815E+01 -8.00429717E+01 -7.53079037E+01 -7.34710562E+01 -7.43680244E+01 -7.44256714E+01 -7.68729010E+01 -8.05622683E+01 -7.90546509E+01 -7.34698955E+01 -7.33201332E+01 -7.45800960E+01 -7.49279882E+01 -7.84146493E+01 -8.08103402E+01 -7.68383549E+01 -7.24480295E+01 -7.38660375E+01 -7.43345858E+01 -7.55532624E+01 -7.93493476E+01 -8.01516916E+01 -7.48674512E+01 -7.22582377E+01 -7.32711940E+01 -7.46086642E+01 -7.68317464E+01 -8.02589690E+01 -7.85652765E+01 -7.33825389E+01 -7.22850496E+01 -7.32183108E+01 -7.55217745E+01 -7.82039298E+01 -8.07090104E+01 -7.66065253E+01 -7.27536268E+01 -7.19473858E+01 -7.41673152E+01 -7.58750488E+01 -7.92971794E+01 -7.93869878E+01 -7.51749281E+01 -7.18558369E+01 -7.22877388E+01 -7.49550381E+01 -7.67133850E+01 -7.98746689E+01 -7.81754283E+01 -7.39285987E+01 -7.16352313E+01 -7.36849331E+01 -7.52255947E+01 -7.79778099E+01 -8.06002595E+01 -7.69550100E+01 -7.28076551E+01 -7.26470856E+01 -7.44072728E+01 -7.58492130E+01 -7.99863129E+01 -7.99303992E+01 -7.57075853E+01 -7.27170204E+01 -7.33592834E+01 -7.45635757E+01 -7.66133253E+01 -8.05316448E+01 -7.85659032E+01 -7.44269126E+01 -7.23883124E+01 -7.40318914E+01 -7.42586665E+01 -7.84919357E+01 -8.05302472E+01 -7.74955583E+01 -7.33446683E+01 -7.32930513E+01 -7.41130473E+01 -7.55251026E+01 -8.04834822E+01 -8.05060769E+01 -7.54819692E+01 -7.25040987E+01 -7.37245394E+01 -7.37540165E+01 -7.67969123E+01 -8.12922319E+01 -7.94531993E+01 -7.38486990E+01 -7.30121207E+01 -7.37932253E+01 -7.41022558E+01 -7.82679735E+01 -8.10839857E+01 -7.77050775E+01 -7.23722293E+01 -7.23989705E+01 -7.33969657E+01 -7.53288944E+01 -7.91168337E+01 -8.04049285E+01 -7.50821011E+01 -7.25880595E+01 -7.30730647E+01 -7.40139051E+01 -7.67121292E+01 -7.99851007E+01 -7.89614168E+01 -7.31505913E+01 -7.28961284E+01 -7.33615549E+01 -7.48733264E+01 -7.76160592E+01 -8.07077793E+01 -7.74146841E+01 -7.33114306E+01 -7.34567618E+01 -7.39732627E+01 -7.61736956E+01 -7.83560016E+01 -8.04127966E+01 -7.57244859E+01 -7.33829875E+01 -7.33305698E+01 -7.50448411E+01 -7.68915926E+01 -7.92638309E+01 -7.91317720E+01 -7.48718323E+01 -7.35190262E+01 -7.36767018E+01 -7.59414760E+01 -7.69229902E+01 -7.96989819E+01 -7.73399249E+01 -7.44724609E+01 -7.36490601E+01 -7.45683777E+01 -7.62091560E+01 -7.80116099E+01 -7.95982871E+01 -7.54231265E+01 -7.42764842E+01 -7.41335557E+01 -7.51711545E+01 -7.66031796E+01 -7.88348942E+01 -7.82242335E+01 -7.41206919E+01 -7.40250818E+01 -7.47451195E+01 -7.53785481E+01 -7.68136455E+01 -7.97129093E+01 -7.67047723E+01 -7.44870936E+01 -7.43480589E+01 -7.48876567E+01 -7.62427769E+01 -7.83926399E+01 -7.97493712E+01 -7.58994543E+01 -7.44645179E+01 -7.38871326E+01 -7.54633319E+01 -7.70615819E+01 -7.95089803E+01 -7.89105689E+01 -7.48752406E+01 -7.35413441E+01 -7.37903783E+01 -7.55349312E+01 -7.77530816E+01 -7.96652845E+01 -7.69299219E+01 -7.43287291E+01 -7.35032877E+01 -7.38208525E+01 -7.62857461E+01 -7.91052686E+01 -7.95490930E+01 -7.52788471E+01 -7.38456737E+01 -7.36904603E+01
 -7.31143664E+01 -7.40718167E+01 -7.59008763E+01 -8.14530761E+01 -8.18138465E+01 -7.70090510E+01 -7.42498742E+01 -7.41129839E+01 -7.41764331E+01 -7.75452089E+01 -8.25264133E+01 -8.02358985E+01 -7.51983224E+01 -7.41274504E+01 -7.42486939E+01 -7.50627163E+01 -8.02323033E+01 -8.23674113E+01 -7.80797466E+01 -7.45598008E+01 -7.43461608E+01 -7.40648000E+01 -7.63962471E+01 -8.20485484E+01 -8.16583676E+01 -7.72554411E+01 -7.41289974E+01 -7.52158156E+01 -7.37904596E+01 -7.83358141E+01 -8.24859309E+01 -8.00388490E+01 -7.55965486E+01 -7.42257246E+01 -7.45061899E+01 -7.46468043E+01 -8.08948512E+01 -8.20159234E+01 -7.82194600E+01 -7.46928526E+01 -7.41046104E+01 -7.36023411E+01 -7.65053994E+01 -8.21114883E+01 -8.04799069E+01 -7.64027047E+01 -7.40628296E+01 -7.35394022E+01 -7.31106331E+01 -7.90163891E+01 -8.25565149E+01 -7.89927439E+01 -7.57049587E+01 -7.42336597E+01 -7.29571585E+01 -7.49705269E+01 -8.09421082E+01 -8.19334954E+01 -7.75364308E+01 -7.49914085E+01 -7.33935422E+01 -7.35307541E+01 -7.70491986E+01 -8.21364342E+01 -8.03246645E+01 -7.67754416E+01 -7.47299054E+01 -7.29373765E+01 -7.40154129E+01 -7.87332543E+01 -8.21668262E+01 -7.96527597E+01 -7.64211599E+01 -7.39475079E+01 -7.28059516E+01 -7.51252332E+01 -8.06482437E+01 -8.17887788E+01 -7.84461471E+01 -7.59113032E+01 -7.28889108E+01 -7.27240470E+01 -7.69358295E+01 -8.18399085E+01 -8.07058743E+01 -7.80252892E+01 -7.43164895E+01 -7.28403086E+01 -7.32610287E+01 -7.96066720E+01 -8.20781200E+01 -7.97228028E+01 -7.66461053E+01 -7.30483869E+01 -7.23012559E+01 -7.54611921E+01 -8.10141796E+01 -8.15700613E+01 -7.95113752E+01 -7.55432353E+01 -7.20456389E+01 -7.25683194E+01 -7.72963551E+01 -8.09897555E+01 -8.11029718E+01 -7.88096786E+01 -7.42194044E+01 -7.06040853E+01 -7.31585302E+01 -7.93523532E+01 -8.15537098E+01 -8.09922896E+01 -7.73416390E+01 -7.23989129E+01 -7.09395509E+01 -7.48924754E+01 -8.04287277E+01 -8.17048403E+01 -8.04909339E+01 -7.59727985E+01 -7.17845747E+01 -7.22086009E+01 -7.72364821E+01 -8.13157501E+01 -8.11684507E+01 -7.89353489E+01 -7.39414297E+01 -7.15147782E+01 -7.37459505E+01 -7.90288770E+01 -8.14852701E+01 -8.09440154E+01 -7.77477686E+01 -7.27841016E+01 -7.13350005E+01 -7.55153365E+01 -8.09650316E+01 -8.17642440E+01 -8.05113337E+01 -7.61408772E+01 -7.08920768E+01 -7.18528668E+01 -7.79964159E+01 -8.14623782E+01 -8.10467678E+01 -7.93207379E+01 -7.37743758E+01 -7.01462931E+01 -7.38307653E+01 -8.00776726E+01 -8.18505113E+01 -8.10916090E+01 -7.78155274E+01 -7.19597477E+01 -7.06318700E+01 -7.59244404E+01 -8.09904066E+01 -8.16386616E+01 -8.04915383E+01 -7.59636791E+01 -7.09334171E+01 -7.15191017E+01 -7.76367970E+01 -8.17366371E+01 -8.16670879E+01 -7.88939799E+01 -7.34957321E+01 -7.15353195E+01 -7.38357139E+01 -7.93116707E+01 -8.19519958E+01 -8.07118662E+01 -7.69944174E+01 -7.25204888E+01 -7.24511501E+01 -7.54945564E+01 -8.08824277E+01 -8.20308412E+01 -7.94037312E+01 -7.52187835E+01 -7.22532851E+01 -7.32031647E+01 -7.71508414E+01 -8.20493508E+01 -8.12566291E+01 -7.79059381E+01 -7.34746236E+01 -7.24754137E+01 -7.41225814E+01 -7.86481618E+01 -8.24800843E+01 -8.05914337E+01 -7.66527608E+01 -7.30166873E+01 -7.33843845E+01 -7.50622502E+01 -8.00814270E+01 -8.26106646E+01 -7.94877062E+01 -7.45651862E+01
 -7.56254957E+01 -7.72740555E+01 -7.87604709E+01 -7.80654228E+01 -7.68297947E+01 -7.48495907E+01 -7.54878019E+01 -7.60493073E+01 -7.78249884E+01 -7.87509685E+01 -7.81321947E+01 -7.65906104E+01 -7.50416354E+01 -7.61543016E+01 -7.63101146E+01 -7.82804608E+01 -7.86398681E+01 -7.77071688E+01 -7.52527389E+01 -7.55080681E+01 -7.65945386E+01 -7.72305213E+01 -7.81154974E+01 -7.86564127E+01 -7.71729289E+01 -7.53318420E+01 -7.54396063E+01 -7.66936004E+01 -7.70923546E+01 -7.82996387E+01 -7.81085267E+01 -7.65436257E+01 -7.46767737E+01 -7.58364819E+01 -7.70762495E+01 -7.71193229E+01 -7.86119223E+01 -7.77595028E+01 -7.65273796E+01 -7.49281094E+01 -7.66042032E+01 -7.73737967E+01 -7.80245000E+01 -7.81917070E+01 -7.73684542E+01 -7.57577115E+01 -7.51284527E+01 -7.71517341E+01 -7.72287281E+01 -7.84438390E+01 -7.78667380E+01 -7.71522712E+01 -7.50706549E+01 -7.58167917E+01 -7.71604299E+01 -7.80793246E+01 -7.84330343E+01 -7.78226433E+01 -7.67359822E+01 -7.48856136E+01 -7.66351398E+01 -7.74483697E+01 -7.83196502E+01 -7.79248731E+01 -7.80352774E+01 -7.58547366E+01 -7.51291063E+01 -7.69317980E+01 -7.77491162E+01 -7.82166756E+01 -7.78935964E+01 -7.78111395E+01 -7.46528618E+01 -7.57429486E+01 -7.75034036E+01 -7.82031983E+01 -7.76834321E+01 -7.82278277E+01 -7.66711501E+01 -7.46087487E+01 -7.58081868E+01 -7.75165754E+01 -7.79885722E+01 -7.80024862E+01 -7.87986644E+01 -7.62941172E+01 -7.44853605E+01 -7.62542183E+01 -7.77633212E+01 -7.84010605E+01 -7.86563347E+01 -7.82119662E+01 -7.50063302E+01 -7.50924633E+01 -7.69242606E+01 -7.78515127E+01 -7.79790827E+01 -7.89005572E+01 -7.69866960E+01 -7.44127252E+01 -7.56054396E+01 -7.68146545E+01 -7.80913650E+01 -7.82186286E+01 -7.83277348E+01 -7.62773117E+01 -7.47100532E+01 -7.63594237E+01 -7.68369168E+01 -7.80235073E+01 -7.84765965E+01 -7.77105789E+01 -7.50328587E+01 -7.51909179E+01 -7.64656743E+01 -7.71199195E+01 -7.88247359E+01 -7.86322430E+01 -7.67000873E+01 -7.45900329E+01 -7.57937690E+01 -7.65615444E+01 -7.75147568E+01 -7.88264389E+01 -7.78057765E+01 -7.47391581E+01 -7.43628600E+01 -7.63358892E+01 -7.64953317E+01 -7.84293796E+01 -7.86076337E+01 -7.65368170E+01 -7.39251193E+01 -7.52189891E+01 -7.65950532E+01 -7.72758925E+01 -7.93227475E+01 -7.82401331E+01 -7.53044899E+01 -7.37176899E+01 -7.64899204E+01 -7.71889672E+01 -7.80081557E+01 -7.88925353E+01 -7.78928696E+01 -7.40514031E+01 -7.45693105E+01 -7.68738277E+01 -7.79435602E+01 -7.88071003E+01 -7.90220193E+01 -7.69468430E+01 -7.37324206E+01 -7.54721385E+01 -7.68550504E+01 -7.82295326E+01 -7.88888676E+01 -7.89638221E+01 -7.56078759E+01 -7.36776419E+01 -7.61303815E+01 -7.76974219E+01 -7.87500808E+01 -7.89939596E+01 -7.81097587E+01 -7.44703672E+01 -7.43890591E+01 -7.65530157E+01 -7.79964771E+01 -7.86755277E+01 -7.85243746E+01 -7.69198763E+01 -7.40262579E+01 -7.55868557E+01 -7.72496140E+01 -7.85233312E+01 -7.83074473E+01 -7.84838293E+01 -7.58314050E+01 -7.43208630E+01 -7.61886807E+01 -7.76648529E+01 -7.86853607E+01 -7.84689123E+01 -7.76472377E+01 -7.43258971E+01 -7.47864410E+01 -7.66430523E+01 -7.78675453E+01 -7.86194940E+01 -7.78227433E+01 -7.66757884E+01 -7.42485602E+01 -7.52589923E+01 -7.70011656E+01 -7.86547320E+01 -7.84714465E+01 -7.77967748E+01 -7.55869912E+01 -7.46404036E+01
 -7.94130654E+01 -8.35756216E+01 -8.36742518E+01 -7.81067478E+01 -6.78679061E+01 -7.34987481E+01 -7.68784092E+01 -8.06296206E+01 -8.40882870E+01 -8.35389335E+01 -7.38203237E+01 -6.88720603E+01 -7.50470706E+01 -7.77010333E+01 -8.27046889E+01 -8.46815761E+01 -8.09851516E+01 -6.92905912E+01 -7.09127848E+01 -7.58476986E+01 -7.86665275E+01 -8.33917899E+01 -8.38924737E+01 -7.70635078E+01 -6.91366173E+01 -7.36882903E+01 -7.66497425E+01 -7.99517791E+01 -8.37838257E+01 -8.26101588E+01 -7.49161292E+01 -6.81900683E+01 -7.38599627E+01 -7.78606364E+01 -8.14352162E+01 -8.37523194E+01 -8.12567985E+01 -7.21231000E+01 -6.80722993E+01 -7.53676824E+01 -7.81822122E+01 -8.21896652E+01 -8.28420898E+01 -8.00948203E+01 -7.07829675E+01 -6.95370297E+01 -7.65930167E+01 -7.95594589E+01 -8.26400539E+01 -8.30331410E+01 -7.69027696E+01 -6.92005896E+01 -7.18639076E+01 -7.85641762E+01 -8.00267222E+01 -8.21145513E+01 -8.26233961E+01 -7.44512237E+01 -6.96193251E+01 -7.45141146E+01 -7.97784577E+01 -8.14578234E+01 -8.26291302E+01 -8.03721379E+01 -7.26064737E+01 -7.02341375E+01 -7.73099059E+01 -8.06521909E+01 -8.13879395E+01 -8.25648711E+01 -7.73769493E+01 -7.12354821E+01 -7.21535640E+01 -7.88924843E+01 -8.03277062E+01 -8.22209567E+01 -8.21693309E+01 -7.44670967E+01 -7.08672890E+01 -7.42194878E+01 -7.98498938E+01 -8.02464414E+01 -8.24642086E+01 -8.00971010E+01 -7.26758269E+01 -7.08419083E+01 -7.60098564E+01 -7.98074824E+01 -7.99653706E+01 -8.24554052E+01 -7.68738608E+01 -7.17511950E+01 -7.25865400E+01 -7.86205733E+01 -7.93272032E+01 -8.14765228E+01 -8.21039948E+01 -7.45156011E+01 -7.09794112E+01 -7.37593774E+01 -7.88066260E+01 -7.89099174E+01 -8.31715263E+01 -7.94552636E+01 -7.18954330E+01 -6.97370209E+01 -7.62745041E+01 -7.88937930E+01 -8.05611763E+01 -8.21454710E+01 -7.71494108E+01 -6.99946792E+01 -7.10590581E+01 -7.83699973E+01 -7.77698293E+01 -8.19685317E+01 -8.14498088E+01 -7.51877755E+01 -7.02714112E+01 -7.39104430E+01 -7.92254190E+01 -7.90418037E+01 -8.25014770E+01 -7.98953192E+01 -7.33710885E+01 -6.96520019E+01 -7.70191782E+01 -7.84840677E+01 -8.12156665E+01 -8.20476597E+01 -7.74118376E+01 -7.03751356E+01 -7.22794999E+01 -7.83188468E+01 -7.90097430E+01 -8.22387780E+01 -8.11646052E+01 -7.51315054E+01 -7.04137597E+01 -7.50592794E+01 -7.86374773E+01 -8.07977171E+01 -8.32522702E+01 -7.86986234E+01 -7.28650137E+01 -7.00598026E+01 -7.66089829E+01 -7.91834579E+01 -8.21104657E+01 -8.21646629E+01 -7.62995877E+01 -6.99090276E+01 -7.17078561E+01 -7.83388479E+01 -8.07752143E+01 -8.26551002E+01 -8.04320311E+01 -7.36790348E+01 -6.93935703E+01 -7.51918371E+01 -7.98196122E+01 -8.16553543E+01 -8.22608596E+01 -7.83458254E+01 -7.20526708E+01 -7.01380807E+01 -7.74984558E+01 -8.00381023E+01 -8.13959518E+01 -8.07769126E+01 -7.60669966E+01 -6.86898829E+01 -7.26176600E+01 -7.84732282E+01 -8.14338218E+01 -8.24391624E+01 -8.07856018E+01 -7.39201054E+01 -6.85799762E+01 -7.57244242E+01 -7.96096923E+01 -8.20708915E+01 -8.17024699E+01 -7.88348026E+01 -7.03895731E+01 -7.13115752E+01 -7.68535953E+01 -8.04854524E+01 -8.27155834E+01 -8.19395190E+01 -7.49675052E+01 -6.89120817E+01 -7.38980197E+01 -7.82304701E+01 -8.18542717E+01 -8.33024533E+01 -8.13234866E+01 -7.13478562E+01 -7.04065276E+01 -7.58214741E+01
 -7.94130654E+01 -8.35756216E+01 -8.36742518E+01 -7.81067478E+01 -6.78679061E+01 -7.34987481E+01 -7.68784092E+01 -8.06296206E+01 -8.40882870E+01 -8.35389335E+01 -7.38203237E+01 -6.88720603E+01 -7.50470706E+01 -7.77010333E+01 -8.27046889E+01 -8.46815761E+01 -8.09851516E+01 -6.92905912E+01 -7.09127848E+01 -7.58476986E+01 -7.86665275E+01 -8.33917899E+01 -8.38924737E+01 -7.70635078E+01 -6.91366173E+01 -7.36882903E+01 -7.66497425E+01 -7.99517791E+01 -8.37838257E+01 -8.26101588E+01 -7.49161292E+01 -6.81900683E+01 -7.38599627E+01 -7.78606364E+01 -8.14352162E+01 -8.37523194E+01 -8.12567985E+01 -7.21231000E+01 -6.80722993E+01 -7.53676824E+01 -7.81822122E+01 -8.21896652E+01 -8.28420898E+01 -8.00948203E+01 -7.07829675E+01 -6.95370297E+01 -7.65930167E+01 -7.95594589E+01 -8.26400539E+01 -8.30331410E+01 -7.69027696E+01 -6.92005896E+01 -7.18639076E+01 -7.85641762E+01 -8.00267222E+01 -8.21145513E+01 -8.26233961E+01 -7.44512237E+01 -6.96193251E+01 -7.45141146E+01 -7.97784577E+01 -8.14578234E+01 -8.26291302E+01 -8.03721379E+01 -7.26064737E+01 -7.02341375E+01 -7.73099059E+01 -8.06521909E+01 -8.13879395E+01 -8.25648711E+01 -7.73769493E+01 -7.12354821E+01 -7.21535640E+01 -7.88924843E+01 -8.03277062E+01 -8.22209567E+01 -8.21693309E+01 -7.44670967E+01 -7.08672890E+01 -7.42194878E+01 -7.98498938E+01 -8.02464414E+01 -8.24642086E+01 -8.00971010E+01 -7.26758269E+01 -7.08419083E+01 -7.60098564E+01 -7.98074824E+01 -7.99653706E+01 -8.24554052E+01 -7.68738608E+01 -7.17511950E+01 -7.25865400E+01 -7.86205733E+01 -7.93272032E+01 -8.14765228E+01 -8.21039948E+01 -7.45156011E+01 -7.09794112E+01 -7.37593774E+01 -7.88066260E+01 -7.89099174E+01 -8.31715263E+01 -7.94552636E+01 -7.18954330E+01 -6.97370209E+01 -7.62745041E+01 -7.88937930E+01 -8.05611763E+01 -8.21454710E+01 -7.71494108E+01 -6.99946792E+01 -7.10590581E+01 -7.83699973E+01 -7.77698293E+01 -8.19685317E+01 -8.14498088E+01 -7.51877755E+01 -7.02714112E+01 -7.39104430E+01 -7.92254190E+01 -7.90418037E+01 -8.25014770E+01 -7.98953192E+01 -7.33710885E+01 -6.96520019E+01 -7.70191782E+01 -7.84840677E+01 -8.12156665E+01 -8.20476597E+01 -7.74118376E+01 -7.03751356E+01 -7.22794999E+01 -7.83188468E+01 -7.90097430E+01 -8.22387780E+01 -8.11646052E+01 -7.51315054E+01 -7.04137597E+01 -7.50592794E+01 -7.86374773E+01 -8.07977171E+01 -8.32522702E+01 -7.86986234E+01 -7.28650137E+01 -7.00598026E+01 -7.66089829E+01 -7.91834579E+01 -8.21104657E+01 -8.21646629E+01 -7.62995877E+01 -6.99090276E+01 -7.17078561E+01 -7.83388479E+01 -8.07752143E+01 -8.26551002E+01 -8.04320311E+01 -7.36790348E+01 -6.93935703E+01 -7.51918371E+01 -7.98196122E+01 -8.16553543E+01 -8.22608596E+01 -7.83458254E+01 -7.20526708E+01 -7.01380807E+01 -7.74984558E+01 -8.00381023E+01 -8.13959518E+01 -8.07769126E+01 -7.60669966E+01 -6.86898829E+01 -7.26176600E+01 -7.84732282E+01 -8.14338218E+01 -8.24391624E+01 -8.07856018E+01 -7.39201054E+01 -6.85799762E+01 -7.57244242E+01 -7.96096923E+01 -8.20708915E+01 -8.17024699E+01 -7.88348026E+01 -7.03895731E+01 -7.13115752E+01 -7.68535953E+01 -8.04854524E+01 -8.27155834E+01 -8.19395190E+01 -7.49675052E+01 -6.89120817E+01 -7.38980197E+01 -7.82304701E+01 -8.18542717E+01 -8.33024533E+01 -8.13234866E+01 -7.13478562E+01 -7.04065276E+01 -7.58214741E+01
 -7.21253465E+01 -7.31044836E+01 -7.71708904E+01 -8.03148307E+01 -8.02176277E+01 -7.67050730E+01 -7.26397017E+01 -7.17351196E+01 -7.44653968E+01 -7.89509776E+01 -8.04833371E+01 -7.91922796E+01 -7.48390722E+01 -7.17989487E+01 -7.17554882E+01 -7.62801125E+01 -7.98613641E+01 -8.01644432E+01 -7.79755396E+01 -7.38207903E+01 -7.07002598E+01 -7.27441435E+01 -7.74302417E+01 -8.05927999E+01 -8.01335765E+01 -7.76022439E+01 -7.21655259E+01 -7.06219807E+01 -7.42761808E+01 -7.88219606E+01 -8.02317239E+01 -7.97924551E+01 -7.59624964E+01 -7.09950598E+01 -7.09814703E+01 -7.57686960E+01 -7.97565491E+01 -8.03114826E+01 -7.89804330E+01 -7.43061336E+01 -7.01294531E+01 -7.22422931E+01 -7.81516972E+01 -7.99850959E+01 -8.01344229E+01 -7.80068723E+01 -7.31043850E+01 -7.07172287E+01 -7.43784215E+01 -7.88280765E+01 -7.97961036E+01 -7.99985728E+01 -7.62965041E+01 -7.27924471E+01 -7.13872921E+01 -7.65026623E+01 -7.88031976E+01 -7.97563690E+01 -7.87252780E+01 -7.45765605E+01 -7.18425593E+01 -7.29245107E+01 -7.71868667E+01 -7.85710107E+01 -7.96238858E+01 -7.71523569E+01 -7.35783757E+01 -7.16751326E+01 -7.45895681E+01 -7.81080071E+01 -7.96983305E+01 -7.87405376E+01 -7.57852519E+01 -7.28922493E+01 -7.24814315E+01 -7.58794989E+01 -7.91469368E+01 -7.96637511E+01 -7.73186071E+01 -7.46614030E+01 -7.30361787E+01 -7.37236828E+01 -7.68976427E+01 -7.97028372E+01 -7.93825133E+01 -7.63846569E+01 -7.39857556E+01 -7.23440365E+01 -7.46190852E+01 -7.78759312E+01 -7.99040425E+01 -7.82410118E+01 -7.61491617E+01 -7.32352735E+01 -7.19459177E+01 -7.51760606E+01 -7.86093362E+01 -7.99770977E+01 -7.76212114E+01 -7.56310944E+01 -7.21890582E+01 -7.28981223E+01 -7.66404539E+01 -7.99079409E+01 -7.91762065E+01 -7.70591878E+01 -7.35862264E+01 -7.23628480E+01 -7.42426990E+01 -7.77483109E+01 -8.03206215E+01 -7.81709211E+01 -7.61932765E+01 -7.24393319E+01 -7.26242762E+01 -7.53034032E+01 -7.92268072E+01 -7.98514985E+01 -7.74001359E+01 -7.48457225E+01 -7.31216272E+01 -7.32802534E+01 -7.61479290E+01 -8.02593818E+01 -7.88196065E+01 -7.68927250E+01 -7.29967273E+01 -7.28782892E+01 -7.41359155E+01 -7.80197156E+01 -8.00471065E+01 -7.81851247E+01 -7.53933898E+01 -7.30907340E+01 -7.31521410E+01 -7.52170288E+01 -7.93586361E+01 -7.95889654E+01 -7.77312112E+01 -7.43271542E+01 -7.34723279E+01 -7.34083980E+01 -7.63998559E+01 -7.95942801E+01 -7.92478880E+01 -7.64366938E+01 -7.36813376E+01 -7.29469480E+01 -7.41960711E+01 -7.76281655E+01 -8.00244699E+01 -7.87621541E+01 -7.55957532E+01 -7.31404428E+01 -7.31506876E+01 -7.47181611E+01 -7.87762958E+01 -8.01681749E+01 -7.72944012E+01 -7.42517393E+01 -7.27000644E+01 -7.38820403E+01 -7.60560074E+01 -7.95470245E+01 -7.97169485E+01 -7.60414412E+01 -7.28279254E+01 -7.19535777E+01 -7.44568296E+01 -7.71678109E+01 -8.00966056E+01 -7.87544478E+01 -7.49661533E+01 -7.19393935E+01 -7.22347383E+01 -7.52403619E+01 -7.85498692E+01 -8.02255994E+01 -7.77843136E+01 -7.35775335E+01 -7.12781029E+01 -7.29919749E+01 -7.62494847E+01 -7.95707360E+01 -7.97842806E+01 -7.60244415E+01 -7.25754658E+01 -7.26036976E+01 -7.44306889E+01 -7.77823470E+01 -8.02998919E+01 -7.91695984E+01 -7.47054147E+01 -7.25099486E+01 -7.26654246E+01 -7.54897035E+01 -7.95333766E+01 -8.05223698E+01 -7.84050883E+01 -7.34604283E+01
 -7.40184676E+01 -7.38555784E+01 -7.60498689E+01 -7.59310102E+01 -7.81033631E+01 -7.99135640E+01 -7.71959240E+01 -7.35457147E+01 -7.53228476E+01 -7.56300694E+01 -7.61567338E+01 -7.86332331E+01 -7.94536312E+01 -7.58513626E+01 -7.33865088E+01 -7.57796131E+01 -7.55371057E+01 -7.68755774E+01 -7.92719778E+01 -7.85566250E+01 -7.49096981E+01 -7.49657989E+01 -7.60552611E+01 -7.57768293E+01 -7.78869870E+01 -7.93574984E+01 -7.72773111E+01 -7.44494605E+01 -7.62829142E+01 -7.54721316E+01 -7.59877487E+01 -7.85784580E+01 -7.91192561E+01 -7.58373166E+01 -7.51352601E+01 -7.60374883E+01 -7.43131914E+01 -7.72295751E+01 -7.95918591E+01 -7.78154473E+01 -7.47421675E+01 -7.52058579E+01 -7.53643838E+01 -7.52725024E+01 -7.85533486E+01 -7.95503576E+01 -7.65407702E+01 -7.42065866E+01 -7.52401275E+01 -7.48929612E+01 -7.66787872E+01 -7.94963203E+01 -7.86929459E+01 -7.56231386E+01 -7.45351302E+01 -7.48907131E+01 -7.51959280E+01 -7.77685786E+01 -7.97577313E+01 -7.75503061E+01 -7.46264921E+01 -7.44232541E+01 -7.47623021E+01 -7.52408288E+01 -7.82312523E+01 -7.96895919E+01 -7.61383654E+01 -7.43485818E+01 -7.46023673E+01 -7.43898692E+01 -7.57912072E+01 -7.92834372E+01 -7.88679873E+01 -7.53315928E+01 -7.37429560E+01 -7.47115034E+01 -7.47301646E+01 -7.71963669E+01 -7.97984017E+01 -7.79277736E+01 -7.39960353E+01 -7.36198750E+01 -7.40809096E+01 -7.49042414E+01 -7.84559361E+01 -7.93964143E+01 -7.67989145E+01 -7.33577741E+01 -7.36639572E+01 -7.44229081E+01 -7.62704853E+01 -7.91205316E+01 -7.90842612E+01 -7.55159820E+01 -7.30641040E+01 -7.45008258E+01 -7.50898342E+01 -7.76928523E+01 -7.91538100E+01 -7.85095369E+01 -7.40884758E+01 -7.35755060E+01 -7.51060919E+01 -7.57654028E+01 -7.83175746E+01 -7.96157245E+01 -7.71250274E+01 -7.33603437E+01 -7.37562495E+01 -7.49792377E+01 -7.59517633E+01 -7.87668969E+01 -7.89106151E+01 -7.51397980E+01 -7.29973229E+01 -7.44287481E+01 -7.51105562E+01 -7.69081069E+01 -7.93895718E+01 -7.78194595E+01 -7.38000379E+01 -7.34057648E+01 -7.53042693E+01 -7.53042841E+01 -7.80505504E+01 -7.96342685E+01 -7.63493321E+01 -7.34795345E+01 -7.43142212E+01 -7.59546532E+01 -7.63699250E+01 -7.87987666E+01 -7.87973757E+01 -7.53830100E+01 -7.37234703E+01 -7.56498455E+01 -7.60101256E+01 -7.70451049E+01 -7.90611871E+01 -7.78623104E+01 -7.33195030E+01 -7.40746865E+01 -7.58302867E+01 -7.63323046E+01 -7.77954799E+01 -7.94848229E+01 -7.62048010E+01 -7.29562183E+01 -7.47106679E+01 -7.64403284E+01 -7.64745137E+01 -7.86421912E+01 -7.86757098E+01 -7.48049369E+01 -7.33811421E+01 -7.59643411E+01 -7.66691491E+01 -7.68087821E+01 -7.92049070E+01 -7.79006603E+01 -7.38684519E+01 -7.37616607E+01 -7.66413595E+01 -7.63785958E+01 -7.77986145E+01 -7.93665940E+01 -7.62748714E+01 -7.29242973E+01 -7.50402012E+01 -7.64581857E+01 -7.67538236E+01 -7.88688193E+01 -7.89149508E+01 -7.48117603E+01 -7.31285575E+01 -7.53323993E+01 -7.60267405E+01 -7.75626640E+01 -7.94968482E+01 -7.77704417E+01 -7.32339014E+01 -7.33706674E+01 -7.57977472E+01 -7.61352714E+01 -7.84827686E+01 -7.96560799E+01 -7.62608666E+01 -7.27877268E+01 -7.50026289E+01 -7.59796754E+01 -7.68013066E+01 -7.93621685E+01 -7.94096417E+01 -7.52430659E+01 -7.35245858E+01 -7.52822071E+01 -7.58495938E+01 -7.72228415E+01 -7.98373530E+01 -7.85356484E+01
 -7.88175814E+01 -7.23707828E+01 -6.95217731E+01 -7.52081806E+01 -8.09783105E+01 -8.20228053E+01 -8.22924820E+01 -7.63627395E+01 -7.06235013E+01 -6.94497389E+01 -7.77098745E+01 -8.17640796E+01 -8.25950791E+01 -8.12854710E+01 -7.46785939E+01 -6.86897716E+01 -7.18011859E+01 -8.04603367E+01 -8.23382596E+01 -8.33544306E+01 -7.92461421E+01 -7.18946833E+01 -6.82271740E+01 -7.58119155E+01 -8.14030471E+01 -8.18627455E+01 -8.28218721E+01 -7.64734748E+01 -7.06623443E+01 -6.97930621E+01 -7.84627137E+01 -8.08181870E+01 -8.24066320E+01 -8.07114545E+01 -7.41830294E+01 -6.99415502E+01 -7.17643758E+01 -8.05341501E+01 -8.09371607E+01 -8.30577574E+01 -7.85770969E+01 -7.30979042E+01 -6.91260935E+01 -7.56161609E+01 -8.03218419E+01 -8.14623136E+01 -8.24051749E+01 -7.66615980E+01 -7.09874573E+01 -7.01331637E+01 -7.95222958E+01 -8.04280589E+01 -8.32637296E+01 -8.11696840E+01 -7.47072481E+01 -6.88463965E+01 -7.20900673E+01 -8.08029140E+01 -8.14913774E+01 -8.30561275E+01 -7.97834844E+01 -7.28629674E+01 -6.81575215E+01 -7.62559187E+01 -8.12844868E+01 -8.21776785E+01 -8.21402730E+01 -7.65073415E+01 -6.94649622E+01 -6.97557140E+01 -7.85592643E+01 -8.17244105E+01 -8.31277318E+01 -8.10062052E+01 -7.38699010E+01 -6.94582518E+01 -7.28964508E+01 -8.01869224E+01 -8.18616346E+01 -8.29474936E+01 -7.87919634E+01 -7.21999292E+01 -7.01242224E+01 -7.57128125E+01 -8.07878985E+01 -8.25264419E+01 -8.18939741E+01 -7.54756134E+01 -7.08150252E+01 -7.11434716E+01 -7.73886351E+01 -8.19578794E+01 -8.34886372E+01 -8.04546987E+01 -7.29219008E+01 -6.95805872E+01 -7.29637882E+01 -7.85139193E+01 -8.31099690E+01 -8.26489487E+01 -7.78224130E+01 -7.12743794E+01 -7.02705137E+01 -7.41560509E+01 -8.07937740E+01 -8.30774837E+01 -8.11118987E+01 -7.66256201E+01 -7.07869600E+01 -7.10451716E+01 -7.61041344E+01 -8.19606428E+01 -8.31582501E+01 -8.03620158E+01 -7.46223603E+01 -6.98099859E+01 -7.18715901E+01 -7.79507850E+01 -8.23815170E+01 -8.23446034E+01 -7.92695370E+01 -7.29590997E+01 -6.93246214E+01 -7.39691276E+01 -8.01800032E+01 -8.30447785E+01 -8.15321695E+01 -7.77207455E+01 -7.05591007E+01 -6.96616581E+01 -7.60020545E+01 -8.14127536E+01 -8.22616639E+01 -7.98497836E+01 -7.43313950E+01 -6.79688713E+01 -7.25793892E+01 -7.84149131E+01 -8.27969119E+01 -8.18558827E+01 -7.87603057E+01 -7.15788171E+01 -6.84949305E+01 -7.44497844E+01 -8.00512438E+01 -8.28776311E+01 -8.15023811E+01 -7.67772740E+01 -7.02069667E+01 -7.01418384E+01 -7.64975646E+01 -8.12784018E+01 -8.32152735E+01 -8.07714459E+01 -7.36978948E+01 -6.80831413E+01 -7.29469038E+01 -7.83140763E+01 -8.18778587E+01 -8.29805323E+01 -7.85187819E+01 -7.19960378E+01 -6.93967927E+01 -7.58154986E+01 -7.97926254E+01 -8.27325794E+01 -8.23299632E+01 -7.57528845E+01 -7.02543602E+01 -7.01966157E+01 -7.80882418E+01 -8.09572925E+01 -8.32414309E+01 -8.07570860E+01 -7.32450623E+01 -6.92161930E+01 -7.29460306E+01 -7.99473982E+01 -8.16934436E+01 -8.33002302E+01 -7.86598236E+01 -7.20838052E+01 -6.90071105E+01 -7.52090421E+01 -8.09520195E+01 -8.25089019E+01 -8.24176574E+01 -7.62885642E+01 -7.12231292E+01 -7.01032834E+01 -7.76637373E+01 -8.13839706E+01 -8.28468182E+01 -8.06099841E+01 -7.38040074E+01 -6.91927532E+01 -7.23125573E+01 -8.02897523E+01 -8.20069004E+01 -8.30063702E+01
 -7.84008860E+01 -7.60566459E+01 -7.55500950E+01 -7.68840467E+01 -7.63040879E+01 -7.63073921E+01 -7.67538427E+01 -7.78184499E+01 -7.50840395E+01 -7.59041959E+01 -7.71928404E+01 -7.58061779E+01 -7.63127289E+01 -7.72496824E+01 -7.73235998E+01 -7.50521566E+01 -7.62357140E+01 -7.73045544E+01 -7.57658725E+01 -7.63878528E+01 -7.80247069E+01 -7.56767451E+01 -7.54817611E+01 -7.71428713E+01 -7.69872660E+01 -7.59704196E+01 -7.66542802E+01 -7.73730883E+01 -7.51818631E+01 -7.55470810E+01 -7.73842819E+01 -7.66433541E+01 -7.53159251E+01 -7.77548042E+01 -7.58826593E+01 -7.52595742E+01 -7.63084324E+01 -7.73412554E+01 -7.61747940E+01 -7.62544040E+01 -7.70785881E+01 -7.51357984E+01 -7.58181607E+01 -7.75583638E+01 -7.70708399E+01 -7.55034136E+01 -7.64414839E+01 -7.62339273E+01 -7.49776339E+01 -7.56111887E+01 -7.76589498E+01 -7.64816581E+01 -7.53625189E+01 -7.67525607E+01 -7.60291998E+01 -7.50332131E+01 -7.68568556E+01 -7.77471904E+01 -7.62979776E+01 -7.56646441E+01 -7.65439400E+01 -7.54836437E+01 -7.49146344E+01 -7.68136670E+01 -7.75220167E+01 -7.58075145E+01 -7.64538818E+01 -7.60143681E+01 -7.54800413E+01 -7.53716038E+01 -7.71006483E+01 -7.71053270E+01 -7.58813970E+01 -7.68073332E+01 -7.59647971E+01 -7.52799758E+01 -7.57928764E+01 -7.82674544E+01 -7.66750898E+01 -7.66516065E+01 -7.66020956E+01 -7.59209068E+01 -7.47176496E+01 -7.65466922E+01 -7.80303782E+01 -7.68849620E+01 -7.77217985E+01 -7.60840071E+01 -7.50598221E+01 -7.47779572E+01 -7.74473489E+01 -7.79586661E+01 -7.76662594E+01 -7.73955253E+01 -7.57316253E+01 -7.43525676E+01 -7.48153879E+01 -7.75848290E+01 -7.71844616E+01 -7.68071110E+01 -7.71254712E+01 -7.55208752E+01 -7.40590759E+01 -7.53792829E+01 -7.81924171E+01 -7.70915716E+01 -7.66653198E+01 -7.72428149E+01 -7.53765973E+01 -7.44581097E+01 -7.64219226E+01 -7.76309468E+01 -7.67506987E+01 -7.73249892E+01 -7.67579814E+01 -7.51429948E+01 -7.50508724E+01 -7.67633772E+01 -7.69841369E+01 -7.60897372E+01 -7.76603244E+01 -7.55417357E+01 -7.52818215E+01 -7.58602217E+01 -7.72535561E+01 -7.69876244E+01 -7.64894071E+01 -7.72073318E+01 -7.57275910E+01 -7.55023195E+01 -7.64682949E+01 -7.66478590E+01 -7.62376609E+01 -7.67832144E+01 -7.66468404E+01 -7.49760098E+01 -7.66444888E+01 -7.65277345E+01 -7.61587753E+01 -7.61402581E+01 -7.74579243E+01 -7.63241226E+01 -7.52138900E+01 -7.68147779E+01 -7.57254575E+01 -7.66953167E+01 -7.63981291E+01 -7.77571316E+01 -7.51287833E+01 -7.62685976E+01 -7.65012920E+01 -7.61002000E+01 -7.63920512E+01 -7.70598932E+01 -7.65416270E+01 -7.53882410E+01 -7.68050495E+01 -7.72638135E+01 -7.70290434E+01 -7.57581105E+01 -7.71619581E+01 -7.54026880E+01 -7.52228371E+01 -7.78506515E+01 -7.71196951E+01 -7.68915750E+01 -7.57936334E+01 -7.71246689E+01 -7.40163064E+01 -7.61527228E+01 -7.76719924E+01 -7.63337384E+01 -7.56881052E+01 -7.73069584E+01 -7.62225155E+01 -7.43535107E+01 -7.64982260E+01 -7.73946416E+01 -7.52957047E+01 -7.54481744E+01 -7.83738833E+01 -7.50580976E+01 -7.44815524E+01 -7.76954133E+01 -7.64793189E+01 -7.49483908E+01 -7.66012023E+01 -7.78577241E+01 -7.42269347E+01 -7.51310177E+01 -7.76553925E+01 -7.53457231E+01 -7.53287313E+01 -7.73957333E+01 -7.68035083E+01 -7.44868464E+01 -7.62130139E+01 -7.73859882E+01 -7.56554757E+01 -7.63507860E+01
 -8.09893486E+01 -8.02571658E+01 -7.59928409E+01 -7.32812822E+01 -7.35689886E+01 -7.29611850E+01 -7.73361253E+01 -8.12255919E+01 -7.90298334E+01 -7.47236892E+01 -7.36760609E+01 -7.28962080E+01 -7.29359650E+01 -7.95684737E+01 -8.13789066E+01 -7.75387373E+01 -7.33390626E+01 -7.35516662E+01 -7.24074781E+01 -7.53336884E+01 -8.04893936E+01 -8.03276817E+01 -7.55204097E+01 -7.29367033E+01 -7.32619094E+01 -7.28403856E+01 -7.77743874E+01 -8.10678819E+01 -7.93190498E+01 -7.39808252E+01 -7.28884860E+01 -7.26872554E+01 -7.43945150E+01 -7.96823749E+01 -8.10224277E+01 -7.73123737E+01 -7.36091783E+01 -7.33730507E+01 -7.23783277E+01 -7.59669534E+01 -8.03716400E+01 -8.03657824E+01 -7.51487798E+01 -7.29284438E+01 -7.21747055E+01 -7.30427541E+01 -7.76118656E+01 -8.13723903E+01 -7.87594808E+01 -7.43847441E+01 -7.29917606E+01 -7.28258011E+01 -7.46098799E+01 -7.98845175E+01 -8.17376772E+01 -7.70050891E+01 -7.36361858E+01 -7.24809392E+01 -7.38918003E+01 -7.60915242E+01 -8.12358559E+01 -8.01693883E+01 -7.57063988E+01 -7.25887481E+01 -7.29641816E+01 -7.38405301E+01 -7.76935561E+01 -8.19029119E+01 -7.83171250E+01 -7.37673022E+01 -7.16628855E+01 -7.36171706E+01 -7.43340998E+01 -7.95296859E+01 -8.14724248E+01 -7.66834285E+01 -7.32561660E+01 -7.25206095E+01 -7.37268313E+01 -7.51690402E+01 -8.08569817E+01 -8.02777497E+01 -7.54314716E+01 -7.20771749E+01 -7.26032251E+01 -7.33333873E+01 -7.68239530E+01 -8.17844462E+01 -7.91015412E+01 -7.41474911E+01 -7.13543856E+01 -7.30432613E+01 -7.42891141E+01 -7.87361336E+01 -8.16853733E+01 -7.71386966E+01 -7.27721761E+01 -7.13598046E+01 -7.34338818E+01 -7.48847969E+01 -8.05226515E+01 -8.06636155E+01 -7.66751047E+01 -7.23371907E+01 -7.13422676E+01 -7.39180635E+01 -7.60633929E+01 -8.13916206E+01 -7.93830312E+01 -7.53375721E+01 -7.12655833E+01 -7.23004911E+01 -7.36964979E+01 -7.87625315E+01 -8.17108050E+01 -7.84901783E+01 -7.40119105E+01 -7.16546984E+01 -7.29013573E+01 -7.42241941E+01 -8.09902997E+01 -8.08221078E+01 -7.70982317E+01 -7.20989517E+01 -7.27256471E+01 -7.28130567E+01 -7.70052644E+01 -8.22405185E+01 -7.98693701E+01 -7.56761303E+01 -7.19213893E+01 -7.28764016E+01 -7.28753137E+01 -7.95857659E+01 -8.20973992E+01 -7.85253661E+01 -7.33420225E+01 -7.22212647E+01 -7.29993938E+01 -7.50654542E+01 -8.11846326E+01 -8.12267140E+01 -7.65769097E+01 -7.23199968E+01 -7.27637888E+01 -7.30521982E+01 -7.74407281E+01 -8.17555124E+01 -7.95843365E+01 -7.54238467E+01 -7.23939238E+01 -7.31608132E+01 -7.40528208E+01 -8.01533105E+01 -8.11622180E+01 -7.74550535E+01 -7.35333637E+01 -7.17004772E+01 -7.19505042E+01 -7.55223384E+01 -8.15446572E+01 -7.96227073E+01 -7.54569331E+01 -7.27896945E+01 -7.19312907E+01 -7.31260168E+01 -7.78861537E+01 -8.14889699E+01 -7.84373872E+01 -7.48772504E+01 -7.29332134E+01 -7.26952691E+01 -7.33215371E+01 -7.99042911E+01 -8.08148594E+01 -7.66532791E+01 -7.41913789E+01 -7.28815840E+01 -7.18496857E+01 -7.56285006E+01 -8.08138210E+01 -8.02432976E+01 -7.57111651E+01 -7.38581730E+01 -7.28283593E+01 -7.24393479E+01 -7.70712151E+01 -8.11562750E+01 -7.87179025E+01 -7.49622950E+01 -7.37587329E+01 -7.25638655E+01 -7.35615503E+01 -7.91794193E+01 -8.11795839E+01 -7.74071082E+01 -7.41913701E+01 -7.36216974E+01 -7.25464298E+01 -7.56871013E+01
 -7.68327374E+01 -7.86735574E+01 -7.79275654E+01 -7.67146140E+01 -7.75758609E+01 -7.60984876E+01 -7.52493402E+01 -7.73400167E+01 -7.91401737E+01 -7.73696184E+01 -7.68912212E+01 -7.74030476E+01 -7.52200742E+01 -7.60830225E+01 -7.84807384E+01 -7.88154904E+01 -7.66034200E+01 -7.66389090E+01 -7.70131224E+01 -7.57499380E+01 -7.67494841E+01 -7.86288783E+01 -7.79841593E+01 -7.63318777E+01 -7.70209605E+01 -7.63402782E+01 -7.54789101E+01 -7.73556670E+01 -7.88437428E+01 -7.72263449E+01 -7.68462642E+01 -7.72904972E+01 -7.62162455E+01 -7.56273620E+01 -7.81490700E+01 -7.86484560E+01 -7.70573087E+01 -7.68014186E+01 -7.71469377E+01 -7.61182022E+01 -7.64643141E+01 -7.85332526E+01 -7.83775007E+01 -7.70345472E+01 -7.68282266E+01 -7.73462340E+01 -7.57333944E+01 -7.73607021E+01 -7.85438751E+01 -7.78982803E+01 -7.63147476E+01 -7.69999650E+01 -7.65559631E+01 -7.61714468E+01 -7.77995259E+01 -7.81583981E+01 -7.75706021E+01 -7.65196268E+01 -7.69700193E+01 -7.57201310E+01 -7.67976239E+01 -7.76845287E+01 -7.84670260E+01 -7.71912455E+01 -7.67530090E+01 -7.63751912E+01 -7.53180542E+01 -7.68151730E+01 -7.79852327E+01 -7.79797003E+01 -7.67266373E+01 -7.71441234E+01 -7.57578849E+01 -7.56340752E+01 -7.70771069E+01 -7.83565311E+01 -7.75260561E+01 -7.67956536E+01 -7.67570554E+01 -7.56828234E+01 -7.59281964E+01 -7.79203157E+01 -7.87457167E+01 -7.70258109E+01 -7.67798572E+01 -7.67222461E+01 -7.54047378E+01 -7.66639154E+01 -7.84668641E+01 -7.76292022E+01 -7.69308051E+01 -7.71459400E+01 -7.59849818E+01 -7.55056261E+01 -7.75611349E+01 -7.84734957E+01 -7.69165386E+01 -7.65578016E+01 -7.67575425E+01 -7.51773662E+01 -7.60355491E+01 -7.80574524E+01 -7.82469835E+01 -7.67994310E+01 -7.71421115E+01 -7.64974064E+01 -7.53840571E+01 -7.68897007E+01 -7.87587869E+01 -7.73524540E+01 -7.70138394E+01 -7.71106024E+01 -7.62818008E+01 -7.57840448E+01 -7.77060246E+01 -7.86953811E+01 -7.67160814E+01 -7.73375796E+01 -7.74914351E+01 -7.62428262E+01 -7.59145666E+01 -7.86940150E+01 -7.78440458E+01 -7.66442017E+01 -7.76109409E+01 -7.67061549E+01 -7.52670813E+01 -7.67111899E+01 -7.90337137E+01 -7.74485347E+01 -7.67952624E+01 -7.78364438E+01 -7.61175838E+01 -7.53255803E+01 -7.80201179E+01 -7.87537305E+01 -7.70992609E+01 -7.74219035E+01 -7.76865633E+01 -7.56783351E+01 -7.60250167E+01 -7.85704234E+01 -7.79000986E+01 -7.68734744E+01 -7.76374469E+01 -7.68128071E+01 -7.50985357E+01 -7.68811932E+01 -7.80341262E+01 -7.73071067E+01 -7.68804582E+01 -7.82645559E+01 -7.61033993E+01 -7.55760064E+01 -7.73464948E+01 -7.77987340E+01 -7.64851658E+01 -7.75533703E+01 -7.81802653E+01 -7.55111334E+01 -7.66426190E+01 -7.75952099E+01 -7.70903839E+01 -7.63482676E+01 -7.82797401E+01 -7.70747799E+01 -7.50964614E+01 -7.73170625E+01 -7.76071604E+01 -7.62277868E+01 -7.65154777E+01 -7.81671576E+01 -7.57752187E+01 -7.56125660E+01 -7.77028615E+01 -7.78376519E+01 -7.61131646E+01 -7.69488220E+01 -7.74751717E+01 -7.51302370E+01 -7.68951218E+01 -7.84766106E+01 -7.70694228E+01 -7.60739274E+01 -7.77064355E+01 -7.69474807E+01 -7.54764061E+01 -7.75857814E+01 -7.83106138E+01 -7.59604285E+01 -7.66663620E+01 -7.80593588E+01 -7.58709649E+01 -7.62982200E+01 -7.80330524E+01 -7.81471637E+01 -7.63903917E+01 -7.74202320E+01 -7.73357735E+01 -7.50242865E+01
 -7.96810594E+01 -8.06590787E+01 -7.63267862E+01 -7.31996772E+01 -7.50966659E+01 -7.71907644E+01 -7.83627776E+01 -8.08343346E+01 -7.97238806E+01 -7.44105325E+01 -7.36056024E+01 -7.54754869E+01 -7.76280212E+01 -7.94990038E+01 -8.09229423E+01 -7.74446438E+01 -7.30935407E+01 -7.38430694E+01 -7.65148889E+01 -7.76337834E+01 -7.98273530E+01 -8.04416108E+01 -7.56902387E+01 -7.31261315E+01 -7.50489303E+01 -7.75307969E+01 -7.82240484E+01 -8.03466895E+01 -7.89693608E+01 -7.45018836E+01 -7.30789063E+01 -7.59829145E+01 -7.80539047E+01 -7.90917816E+01 -8.02056086E+01 -7.77617331E+01 -7.35754550E+01 -7.36029064E+01 -7.70004328E+01 -7.84150133E+01 -7.98463426E+01 -8.08174400E+01 -7.61441800E+01 -7.24075638E+01 -7.43918594E+01 -7.78826984E+01 -7.87314674E+01 -8.03054079E+01 -7.95738175E+01 -7.42290073E+01 -7.15502080E+01 -7.61700520E+01 -7.82750856E+01 -7.90636109E+01 -8.07957519E+01 -7.81185934E+01 -7.21924623E+01 -7.31900987E+01 -7.65345332E+01 -7.86041954E+01 -7.95615516E+01 -8.01363023E+01 -7.58672751E+01 -7.15439674E+01 -7.48681364E+01 -7.70040844E+01 -7.83993090E+01 -8.02986702E+01 -7.94872211E+01 -7.35072412E+01 -7.26012084E+01 -7.67799524E+01 -7.73391060E+01 -7.91711864E+01 -8.07822739E+01 -7.82283542E+01 -7.18544266E+01 -7.37364259E+01 -7.72345954E+01 -7.78859412E+01 -8.06319331E+01 -8.11169384E+01 -7.63872389E+01 -7.09356697E+01 -7.56422345E+01 -7.71508551E+01 -7.83410927E+01 -8.07168415E+01 -7.96314209E+01 -7.35942526E+01 -7.23304780E+01 -7.68108738E+01 -7.64164378E+01 -7.94083682E+01 -8.12661987E+01 -7.78650823E+01 -7.22759057E+01 -7.40386307E+01 -7.68626250E+01 -7.69046409E+01 -8.01185302E+01 -8.09143098E+01 -7.59226385E+01 -7.18206843E+01 -7.52461289E+01 -7.64035515E+01 -7.77761805E+01 -8.09015297E+01 -7.93212181E+01 -7.45177255E+01 -7.29687983E+01 -7.59384446E+01 -7.62335797E+01 -7.88575788E+01 -8.09761435E+01 -7.81822484E+01 -7.34185284E+01 -7.44102249E+01 -7.60917156E+01 -7.66055363E+01 -7.98648951E+01 -8.07312964E+01 -7.57852674E+01 -7.32311830E+01 -7.55437130E+01 -7.52316563E+01 -7.73836838E+01 -8.06425378E+01 -7.97343774E+01 -7.44593199E+01 -7.45496612E+01 -7.63349241E+01 -7.55591729E+01 -7.80986369E+01 -8.11742792E+01 -7.78272451E+01 -7.31928974E+01 -7.50234119E+01 -7.58978638E+01 -7.55585839E+01 -7.92283629E+01 -8.11210573E+01 -7.59318009E+01 -7.33604923E+01 -7.58514733E+01 -7.51167356E+01 -7.67006968E+01 -8.08987958E+01 -7.98590979E+01 -7.47444253E+01 -7.41736061E+01 -7.54769785E+01 -7.51476583E+01 -7.82151229E+01 -8.10805787E+01 -7.82831810E+01 -7.38770821E+01 -7.48962637E+01 -7.55564490E+01 -7.51475968E+01 -7.96058396E+01 -8.07174864E+01 -7.72762863E+01 -7.37130591E+01 -7.63087706E+01 -7.51069491E+01 -7.59559265E+01 -8.05832645E+01 -8.05528725E+01 -7.50080158E+01 -7.39371437E+01 -7.62420934E+01 -7.54224071E+01 -7.81778704E+01 -8.09552027E+01 -7.92198886E+01 -7.28657178E+01 -7.45869612E+01 -7.59404228E+01 -7.52631369E+01 -7.89332846E+01 -8.11203106E+01 -7.69435345E+01 -7.30257690E+01 -7.57894592E+01 -7.55934880E+01 -7.66865383E+01 -8.00658387E+01 -8.01654839E+01 -7.50216982E+01 -7.36679493E+01 -7.62310578E+01 -7.59466854E+01 -7.79381091E+01 -8.06787211E+01 -7.90757541E+01 -7.37848148E+01 -7.44401364E+01 -7.63522778E+01 -7.71174219E+01
 -7.53326716E+01 -7.62424344E+01 -7.60623555E+01 -7.83925761E+01 -7.82479300E+01 -7.82883690E+01 -7.55123070E+01 -7.53819003E+01 -7.59452747E+01 -7.66394137E+01 -7.86186119E+01 -7.84005654E+01 -7.76531826E+01 -7.44487697E+01 -7.58598971E+01 -7.48442463E+01 -7.74100191E+01 -7.87296895E+01 -7.83653145E+01 -7.58703945E+01 -7.53049041E+01 -7.62926319E+01 -7.57033013E+01 -7.88953645E+01 -7.87253309E+01 -7.75722450E+01 -7.48891606E+01 -7.60211568E+01 -7.51628344E+01 -7.66072067E+01 -7.93471095E+01 -7.85065058E+01 -7.65453903E+01 -7.54016530E+01 -7.60018173E+01 -7.45056222E+01 -7.81174440E+01 -7.93051944E+01 -7.85008197E+01 -7.59353856E+01 -7.60334938E+01 -7.46057298E+01 -7.56903397E+01 -7.93033632E+01 -7.97852075E+01 -7.78249914E+01 -7.54539600E+01 -7.54995770E+01 -7.41277855E+01 -7.74702665E+01 -7.97835320E+01 -7.96159122E+01 -7.73691962E+01 -7.55342527E+01 -7.49311934E+01 -7.46479962E+01 -7.91202614E+01 -7.94144524E+01 -7.90680000E+01 -7.60750074E+01 -7.52738799E+01 -7.46820822E+01 -7.63723575E+01 -7.95497895E+01 -7.92920720E+01 -7.86218064E+01 -7.50279479E+01 -7.50227868E+01 -7.44134909E+01 -7.75808001E+01 -7.93464155E+01 -7.91268268E+01 -7.77185059E+01 -7.42423985E+01 -7.43656632E+01 -7.49333313E+01 -7.87612011E+01 -7.87785896E+01 -8.00443586E+01 -7.69934867E+01 -7.41413101E+01 -7.39673589E+01 -7.62306620E+01 -7.91806868E+01 -7.93718359E+01 -7.99202711E+01 -7.49470294E+01 -7.41421556E+01 -7.48812775E+01 -7.84201091E+01 -7.93086226E+01 -7.97721869E+01 -7.87838346E+01 -7.34061051E+01 -7.37412524E+01 -7.55983403E+01 -7.90219385E+01 -7.91074329E+01 -8.02587425E+01 -7.61366776E+01 -7.28406879E+01 -7.39141760E+01 -7.73532952E+01 -7.88462195E+01 -7.97207051E+01 -7.92759912E+01 -7.45437770E+01 -7.26858139E+01 -7.48507102E+01 -7.76984571E+01 -7.91228344E+01 -8.00856040E+01 -7.78420032E+01 -7.37995536E+01 -7.35666861E+01 -7.55611272E+01 -7.82241566E+01 -7.93582495E+01 -8.01861276E+01 -7.69773505E+01 -7.36375597E+01 -7.39342208E+01 -7.66459337E+01 -7.85478375E+01 -8.00659924E+01 -7.96569879E+01 -7.56271849E+01 -7.33683360E+01 -7.52745842E+01 -7.73761691E+01 -7.85776896E+01 -8.00865024E+01 -7.84430231E+01 -7.47300422E+01 -7.40710499E+01 -7.60001723E+01 -7.75134494E+01 -7.90716320E+01 -7.97614629E+01 -7.72945651E+01 -7.42022424E+01 -7.44092645E+01 -7.64433005E+01 -7.80003418E+01 -7.95232290E+01 -7.86822314E+01 -7.57544662E+01 -7.41242865E+01 -7.47243098E+01 -7.69187782E+01 -7.87718295E+01 -7.97983908E+01 -7.79234695E+01 -7.59624416E+01 -7.41481726E+01 -7.59305785E+01 -7.76434200E+01 -7.91106181E+01 -7.92226839E+01 -7.71148271E+01 -7.53529597E+01 -7.36733751E+01 -7.63809010E+01 -7.77974427E+01 -7.92620324E+01 -7.81406418E+01 -7.62751780E+01 -7.46183028E+01 -7.52315408E+01 -7.73985425E+01 -7.82877639E+01 -7.83205351E+01 -7.67776540E+01 -7.61295082E+01 -7.45195703E+01 -7.59620187E+01 -7.74850055E+01 -7.88079585E+01 -7.78044772E+01 -7.69326729E+01 -7.54355790E+01 -7.48336610E+01 -7.65267039E+01 -7.83881743E+01 -7.85508190E+01 -7.77728330E+01 -7.62772005E+01 -7.53022420E+01 -7.56156893E+01 -7.67909935E+01 -7.88413418E+01 -7.81197893E+01 -7.81459205E+01 -7.58083895E+01 -7.56211432E+01 -7.58570299E+01 -7.74106818E+01 -7.84983672E+01 -7.81964756E+01 -7.71103640E+01
