# PIMCID: 031c5df5-2122-4874-ad61-2cw3p0dR0p00
#      0.000E+00       5.000E-01       1.000E+00       1.500E+00       2.000E+00       2.500E+00       3.000E+00       3.500E+00       4.000E+00       4.500E+00       5.000E+00       5.500E+00       6.000E+00       6.500E+00       7.000E+00       7.500E+00       8.000E+00       8.500E+00       9.000E+00       9.500E+00       1.000E+01       1.050E+01       1.100E+01       1.150E+01       1.200E+01       1.250E+01       1.300E+01       1.350E+01       1.400E+01       1.450E+01       1.500E+01       1.550E+01       1.600E+01       1.650E+01       1.700E+01       1.750E+01       1.800E+01       1.850E+01       1.900E+01       1.950E+01       2.000E+01       2.050E+01       2.100E+01       2.150E+01       2.200E+01       2.250E+01       2.300E+01       2.350E+01       2.400E+01       2.450E+01       2.500E+01       2.550E+01       2.600E+01       2.650E+01       2.700E+01       2.750E+01       2.800E+01       2.850E+01       2.900E+01       2.950E+01       3.000E+01       3.050E+01       3.100E+01       3.150E+01       3.200E+01       3.250E+01       3.300E+01       3.350E+01       3.400E+01       3.450E+01       3.500E+01       3.550E+01       3.600E+01       3.650E+01       3.700E+01       3.750E+01       3.800E+01       3.850E+01       3.900E+01       3.950E+01       4.000E+01       4.050E+01       4.100E+01       4.150E+01       4.200E+01       4.250E+01       4.300E+01       4.350E+01       4.400E+01       4.450E+01       4.500E+01       4.550E+01       4.600E+01       4.650E+01       4.700E+01       4.750E+01       4.800E+01       4.850E+01       4.900E+01       4.950E+01       5.000E+01       5.050E+01       5.100E+01       5.150E+01       5.200E+01       5.250E+01       5.300E+01       5.350E+01       5.400E+01       5.450E+01       5.500E+01       5.550E+01       5.600E+01       5.650E+01       5.700E+01       5.750E+01       5.800E+01       5.850E+01       5.900E+01       5.950E+01       6.000E+01       6.050E+01       6.100E+01       6.150E+01       6.200E+01       6.250E+01       6.300E+01       6.350E+01       6.400E+01       6.450E+01       6.500E+01       6.550E+01       6.600E+01       6.650E+01       6.700E+01       6.750E+01       6.800E+01       6.850E+01       6.900E+01       6.950E+01       7.000E+01       7.050E+01       7.100E+01       7.150E+01       7.200E+01       7.250E+01       7.300E+01       7.350E+01       7.400E+01       7.450E+01       7.500E+01       7.550E+01       7.600E+01       7.650E+01       7.700E+01       7.750E+01       7.800E+01       7.850E+01       7.900E+01       7.950E+01       8.000E+01       8.050E+01       8.100E+01       8.150E+01       8.200E+01       8.250E+01       8.300E+01       8.350E+01       8.400E+01       8.450E+01       8.500E+01       8.550E+01       8.600E+01       8.650E+01       8.700E+01       8.750E+01       8.800E+01       8.850E+01       8.900E+01       8.950E+01       9.000E+01       9.050E+01       9.100E+01       9.150E+01       9.200E+01       9.250E+01       9.300E+01       9.350E+01       9.400E+01       9.450E+01       9.500E+01       9.550E+01       9.600E+01       9.650E+01       9.700E+01       9.750E+01       9.800E+01       9.850E+01       9.900E+01       9.950E+01
  2.96075705E-02  1.68610971E-01  5.07341151E-01  7.01626779E-01  4.37602222E-01  1.36195095E-01  2.69538308E-02  6.46846539E-02  3.02474492E-01  6.44278849E-01  6.18197232E-01  2.90416628E-01  6.89952093E-02  2.59293193E-02  1.39522199E-01  4.68277704E-01  6.90220393E-01  4.85500296E-01  1.66914076E-01  3.31012076E-02  5.37160809E-02  2.67742905E-01  6.06254503E-01  6.42478132E-01  3.28835540E-01  8.72971746E-02  2.86220849E-02  1.25197784E-01  4.19756423E-01  6.70728647E-01  5.21816275E-01  2.04985702E-01  4.09717175E-02  4.47698661E-02  2.28715078E-01  5.69391814E-01  6.62273244E-01  3.77686801E-01  1.04655289E-01  2.35965252E-02  9.88420450E-02  3.72680706E-01  6.52674748E-01  5.76910071E-01  2.40303480E-01  4.69013102E-02  3.79277699E-02  1.86100507E-01  5.03386300E-01  6.76652578E-01  4.40693421E-01  1.34534492E-01  2.84752150E-02  7.29108174E-02  3.02685463E-01  6.19265628E-01  6.14961105E-01  3.00379789E-01  7.52740131E-02  2.75137795E-02  1.41664745E-01  4.39799482E-01  6.73682438E-01  5.06355238E-01  1.86295278E-01  3.34045343E-02  4.94688579E-02  2.41485582E-01  5.72274366E-01  6.68355568E-01  3.65615175E-01  9.20310453E-02  2.06757847E-02  9.93415437E-02  3.79247485E-01  6.81245058E-01  5.66842734E-01  2.20831524E-01  3.95300997E-02  3.21429222E-02  1.92673153E-01  5.35440718E-01  6.98277864E-01  4.17930721E-01  1.11971051E-01  1.87853489E-02  7.03181259E-02  3.15371752E-01  6.72016935E-01  6.43423697E-01  2.56556257E-01  3.59368841E-02  1.67787525E-02  1.13630886E-01  4.48897408E-01  7.86415226E-01  5.30302615E-01  1.01285241E-01  2.75653090E-03  3.31529479E-06  5.92423811E-07  2.15591569E-03  8.90731814E-02  4.98795164E-01  7.88959043E-01  4.77335768E-01  1.25383167E-01  1.72711649E-02  2.87337568E-02  2.21924694E-01  6.25754212E-01  7.04576793E-01  3.37554024E-01  7.48870521E-02  1.45128396E-02  8.37809627E-02  3.79026881E-01  6.93287371E-01  5.67657841E-01  2.22638872E-01  4.46636058E-02  2.76460780E-02  1.76765674E-01  5.26606426E-01  6.86216690E-01  4.25554708E-01  1.35994201E-01  2.71021361E-02  6.92954771E-02  3.11609211E-01  6.27356679E-01  6.07992914E-01  2.96075300E-01  7.41508744E-02  2.91100940E-02  1.40118001E-01  4.42685508E-01  6.69058433E-01  5.00395021E-01  1.88482028E-01  4.09434862E-02  5.24835773E-02  2.42300968E-01  5.75275249E-01  6.54776417E-01  3.62326460E-01  9.90107149E-02  2.68157391E-02  1.09235563E-01  3.81595676E-01  6.56249798E-01  5.62032561E-01  2.28656633E-01  4.69096725E-02  4.00863173E-02  2.05197585E-01  5.24823190E-01  6.59566636E-01  4.17460040E-01  1.32293694E-01  2.93375904E-02  8.01964170E-02  3.23857852E-01  6.39522905E-01  5.96277704E-01  2.78718844E-01  6.75372259E-02  2.94347536E-02  1.55123230E-01  4.74164614E-01  6.81812635E-01  4.75504893E-01  1.62536178E-01  3.14636001E-02  5.82887383E-02  2.68078092E-01  6.01143065E-01  6.46408556E-01  3.30532036E-01  8.32583879E-02  2.51120137E-02  1.16739470E-01  4.06219932E-01  6.82286078E-01  5.37443389E-01  2.02396371E-01  3.89698035E-02  4.00708744E-02  2.08227793E-01  5.57195688E-01  6.90139539E-01  3.88601675E-01  1.02221914E-01  2.13382341E-02  7.87901396E-02  3.43742410E-01  6.79575135E-01  5.98566249E-01  2.38943133E-01  4.79178639E-02
  6.50745841E-02  1.68741909E-01  4.00580238E-01  5.65581141E-01  4.73133192E-01  2.61276114E-01  9.48690900E-02  8.95245437E-02  2.61370168E-01  4.88757535E-01  5.58827095E-01  3.92579606E-01  1.72457950E-01  6.85592479E-02  1.45003280E-01  3.58525144E-01  5.49715106E-01  5.19985345E-01  2.91523311E-01  1.00679446E-01  7.39760909E-02  2.19460765E-01  4.64869591E-01  5.76213453E-01  4.33501601E-01  1.94110777E-01  6.44214232E-02  1.20179653E-01  3.33873461E-01  5.43354673E-01  5.33298707E-01  3.20019600E-01  1.13225398E-01  6.54803186E-02  2.04585450E-01  4.49606774E-01  5.72422729E-01  4.51879807E-01  2.11670605E-01  6.73034913E-02  1.10533756E-01  3.06078198E-01  5.21129030E-01  5.64457893E-01  3.52050106E-01  1.19983841E-01  5.84478339E-02  1.76831821E-01  4.15713294E-01  5.86092440E-01  4.92012038E-01  2.30470824E-01  6.21311816E-02  8.22000261E-02  2.79275012E-01  5.32698875E-01  5.89829967E-01  3.71424196E-01  1.18972268E-01  4.57376890E-02  1.46078684E-01  4.01277895E-01  6.15996976E-01  5.20651490E-01  2.30345105E-01  6.12965452E-02  6.38133542E-02  2.36359624E-01  5.29934498E-01  6.30646126E-01  3.98899888E-01  1.23388839E-01  3.35955242E-02  9.89233320E-02  3.50643995E-01  6.37376634E-01  5.90771626E-01  2.53719332E-01  5.17246951E-02  3.59820499E-02  1.71138180E-01  4.98092957E-01  7.10548547E-01  4.50567019E-01  1.20461690E-01  1.84476198E-02  6.25299125E-02  2.94712354E-01  6.58580838E-01  6.61650330E-01  2.79001703E-01  3.74322079E-02  1.40783967E-02  1.09521906E-01  4.34023977E-01  7.81046434E-01  5.50488983E-01  1.07938671E-01  3.18132393E-03  3.24846586E-06  0.00000000E+00  2.61440919E-03  9.33211855E-02  5.16141058E-01  7.90385638E-01  4.62627826E-01  1.18919274E-01  1.60660034E-02  3.04884241E-02  2.32806340E-01  6.25682068E-01  6.96585371E-01  3.34611260E-01  7.35660269E-02  1.61184959E-02  9.27092414E-02  3.83514365E-01  6.92360407E-01  5.70380003E-01  2.11412686E-01  3.88725160E-02  3.43148871E-02  1.88654451E-01  5.24627716E-01  6.79697872E-01  4.22759708E-01  1.30554783E-01  2.87261052E-02  8.12949158E-02  3.12624181E-01  6.23076177E-01  6.11847343E-01  2.88761086E-01  6.95987622E-02  3.32861836E-02  1.54814540E-01  4.51254310E-01  6.56160324E-01  4.89649249E-01  1.85298875E-01  3.70632511E-02  5.78140645E-02  2.48777553E-01  5.44991675E-01  6.32195759E-01  3.84086654E-01  1.13971464E-01  3.11199060E-02  1.06680225E-01  3.51585821E-01  6.04258765E-01  5.80036548E-01  2.74363113E-01  6.54908369E-02  4.88553179E-02  1.83102097E-01  4.57398888E-01  6.37220431E-01  4.64987701E-01  1.73062337E-01  4.89285076E-02  8.39367750E-02  2.78010247E-01  5.56005019E-01  5.97015062E-01  3.43348766E-01  1.12268463E-01  5.05134822E-02  1.41632370E-01  3.83305335E-01  6.12829184E-01  5.15824452E-01  2.42785904E-01  6.89315263E-02  6.21682517E-02  2.26288440E-01  5.14854253E-01  6.05423857E-01  4.01554156E-01  1.56037467E-01  4.83005353E-02  1.07779183E-01  3.47501794E-01  5.68062269E-01  5.32098838E-01  3.06909570E-01  1.08316490E-01  6.09105993E-02  1.91604523E-01  4.50618875E-01  5.77252404E-01  4.44666468E-01  2.19141596E-01  7.76691370E-02  9.86156992E-02  2.97404126E-01  5.34459522E-01  5.39498149E-01  3.48559076E-01  1.44561943E-01
  5.89337929E-02  2.46345575E-01  5.53748824E-01  6.30983183E-01  3.80871142E-01  1.12827366E-01  2.89315263E-02  1.07307617E-01  3.64122731E-01  6.19936185E-01  5.66717812E-01  2.67405745E-01  5.86563311E-02  4.34959812E-02  1.92798397E-01  4.81493177E-01  6.43549278E-01  4.50102389E-01  1.59630427E-01  3.79244340E-02  8.49730983E-02  3.06195603E-01  5.75816159E-01  5.85707732E-01  3.23252487E-01  1.00206957E-01  4.15274318E-02  1.55444533E-01  4.29792955E-01  6.21360695E-01  4.92273430E-01  2.18845254E-01  5.54701188E-02  6.29803421E-02  2.52278767E-01  5.45106620E-01  6.15790422E-01  3.79932889E-01  1.19915430E-01  3.47301475E-02  1.12018096E-01  3.71293098E-01  6.19751926E-01  5.49010727E-01  2.61341251E-01  6.71594673E-02  3.96171145E-02  1.86723201E-01  4.97199681E-01  6.52471571E-01  4.44334190E-01  1.57686722E-01  3.57783157E-02  6.99944379E-02  2.91602235E-01  6.03755446E-01  6.17310296E-01  3.21397937E-01  8.26317378E-02  2.75520460E-02  1.29898290E-01  4.26092294E-01  6.69027508E-01  5.15593482E-01  2.03656702E-01  3.74643739E-02  4.19929025E-02  2.26017099E-01  5.72321191E-01  6.70607171E-01  3.81454837E-01  9.60122314E-02  1.80840527E-02  8.36207181E-02  3.53344249E-01  6.81697914E-01  6.02022974E-01  2.35500802E-01  3.50878966E-02  2.27086304E-02  1.61886424E-01  5.18246497E-01  7.27826327E-01  4.54610456E-01  1.06068197E-01  1.27658546E-02  5.18895887E-02  2.82096754E-01  6.79398548E-01  6.94578922E-01  2.58153043E-01  2.99010419E-02  9.73626322E-03  1.00587518E-01  4.35443609E-01  8.07703084E-01  5.45509456E-01  9.92384750E-02  2.41998694E-03  0.00000000E+00  7.43177961E-06  2.75109022E-03  1.03846513E-01  5.55513639E-01  8.01276287E-01  4.29145951E-01  9.70823345E-02  1.09161823E-02  3.52875362E-02  2.71049996E-01  6.87680940E-01  6.69606654E-01  2.78054634E-01  5.37182922E-02  1.34646194E-02  1.13718867E-01  4.47758616E-01  7.22355519E-01  5.16050320E-01  1.66970957E-01  2.50421204E-02  3.89044001E-02  2.34662713E-01  5.92425366E-01  6.67591184E-01  3.60422823E-01  9.20567646E-02  2.40225930E-02  1.05051098E-01  3.87980217E-01  6.63881812E-01  5.51704922E-01  2.25658540E-01  5.05254315E-02  4.68026009E-02  2.10565249E-01  5.30302922E-01  6.60053965E-01  3.99583439E-01  1.30182697E-01  3.61431310E-02  9.29253636E-02  3.43025116E-01  6.33826458E-01  5.74866223E-01  2.64856618E-01  7.23117065E-02  4.12616373E-02  1.77340264E-01  4.88050550E-01  6.51703105E-01  4.48752072E-01  1.64538619E-01  4.32998616E-02  8.14052853E-02  2.99650732E-01  5.83400710E-01  6.04660065E-01  3.24123097E-01  9.02538660E-02  4.41563912E-02  1.55596741E-01  4.30350678E-01  6.40600940E-01  5.03182426E-01  1.93908427E-01  4.92977256E-02  7.32701554E-02  2.52622222E-01  5.49086706E-01  6.29950505E-01  3.66398794E-01  1.08934566E-01  3.93507612E-02  1.20564356E-01  3.73923604E-01  6.35062353E-01  5.52975950E-01  2.37622024E-01  5.54386160E-02  5.48109362E-02  1.97899564E-01  4.92349732E-01  6.62959582E-01  4.30531761E-01  1.39280825E-01  3.50472855E-02  8.43729573E-02  3.12811652E-01  6.11340661E-01  5.93488111E-01  2.95269863E-01  7.96771380E-02  3.58515159E-02  1.52938441E-01  4.44331098E-01  6.60390317E-01  4.86523870E-01  1.86890675E-01  4.45905157E-02
  7.96196736E-02  3.38631706E-01  6.49088173E-01  5.79671252E-01  2.65577172E-01  6.92730853E-02  3.25025669E-02  1.67585732E-01  4.91973626E-01  6.61395608E-01  4.50468568E-01  1.68808962E-01  3.92956313E-02  6.62778222E-02  2.91040480E-01  5.95951597E-01  6.08075754E-01  3.28812529E-01  9.45142551E-02  3.38973600E-02  1.36787763E-01  4.09597833E-01  6.37587241E-01  5.08682376E-01  2.25251934E-01  6.07133464E-02  5.83274840E-02  2.30564335E-01  5.24720982E-01  6.20692336E-01  3.93492430E-01  1.42028855E-01  4.72059224E-02  1.11544431E-01  3.42388667E-01  5.98931594E-01  5.57044147E-01  2.85201535E-01  8.24629847E-02  4.85778457E-02  1.79038042E-01  4.52931845E-01  6.18721144E-01  4.65558224E-01  1.98062462E-01  5.29810732E-02  8.08941898E-02  2.68969364E-01  5.35754130E-01  6.06341867E-01  3.68073012E-01  1.17721212E-01  4.27925264E-02  1.25754568E-01  3.61658848E-01  6.09029586E-01  5.59596496E-01  2.59959901E-01  6.06057031E-02  4.82750490E-02  1.84427393E-01  4.71940885E-01  6.60741397E-01  4.58095741E-01  1.50657156E-01  3.52287505E-02  7.42409140E-02  2.76258290E-01  5.95624985E-01  6.38125291E-01  3.20602126E-01  7.59358036E-02  3.03518841E-02  1.25374984E-01  4.11128727E-01  6.76685494E-01  5.32081128E-01  1.94753900E-01  3.70450555E-02  4.57859094E-02  2.14506285E-01  5.49176556E-01  6.89873665E-01  3.92199645E-01  9.68316438E-02  1.86228072E-02  7.78671785E-02  3.29828458E-01  6.81065450E-01  6.31892378E-01  2.38791231E-01  3.10673561E-02  1.63603865E-02  1.23553258E-01  4.58120188E-01  7.90729234E-01  5.16001650E-01  9.29210393E-02  2.16448623E-03  2.70009140E-06  1.23775950E-06  3.01291552E-03  1.07555811E-01  5.55954229E-01  7.84698546E-01  4.29079285E-01  1.07707017E-01  1.28786526E-02  4.00575793E-02  2.91259308E-01  6.74936639E-01  6.44145481E-01  2.84597712E-01  5.84057658E-02  2.05646899E-02  1.44752934E-01  4.83349748E-01  6.88831565E-01  4.73500274E-01  1.65729197E-01  3.20157566E-02  6.13999060E-02  2.88651208E-01  5.97908171E-01  6.16174461E-01  3.33629299E-01  8.89518162E-02  3.18914793E-02  1.39561316E-01  4.26199666E-01  6.53032297E-01  5.10214848E-01  2.06228552E-01  4.56670427E-02  5.85661627E-02  2.55347622E-01  5.67878391E-01  6.22214075E-01  3.66699768E-01  1.11921133E-01  3.46062410E-02  1.28679206E-01  3.99349550E-01  6.28760648E-01  5.33093563E-01  2.38204653E-01  5.24990625E-02  4.89979945E-02  2.30002533E-01  5.34056221E-01  6.33290612E-01  4.06880193E-01  1.27379538E-01  3.36571093E-02  1.08926272E-01  3.54917133E-01  6.09779872E-01  5.76172947E-01  2.68326455E-01  6.50807364E-02  5.06529886E-02  1.97975339E-01  4.73907946E-01  6.29820076E-01  4.53553143E-01  1.66136075E-01  4.51537746E-02  1.02139486E-01  3.09821345E-01  5.63719828E-01  5.84988693E-01  3.19811505E-01  9.67511738E-02  5.19119937E-02  1.69744499E-01  4.21353174E-01  6.30901282E-01  5.01888121E-01  1.96321316E-01  4.36768508E-02  7.49432563E-02  2.60399582E-01  5.50901549E-01  6.30916261E-01  3.63266594E-01  9.93886513E-02  3.35189503E-02  1.21114934E-01  3.81218284E-01  6.48737224E-01  5.51093312E-01  2.26839211E-01  4.95239692E-02  4.43013239E-02  2.00479739E-01  5.30282308E-01  6.75803739E-01  4.05438971E-01  1.21477759E-01  2.86474266E-02
  1.25912426E-01  3.19482659E-01  5.37294197E-01  5.30470970E-01  3.12246528E-01  1.25869061E-01  8.42533711E-02  1.97510120E-01  4.17522936E-01  5.48864001E-01  4.58927366E-01  2.36017114E-01  9.15442974E-02  1.13962262E-01  2.81997051E-01  4.84996213E-01  5.36985999E-01  3.70577555E-01  1.63191966E-01  8.13958223E-02  1.62857234E-01  3.61606547E-01  5.30613711E-01  4.88319905E-01  2.89980410E-01  1.13614814E-01  9.33280718E-02  2.38353365E-01  4.49899219E-01  5.30362464E-01  4.22804411E-01  2.08806597E-01  8.28189351E-02  1.36327379E-01  3.30029754E-01  4.97854127E-01  5.15205955E-01  3.44751550E-01  1.37499256E-01  8.41466541E-02  2.05597839E-01  4.04717876E-01  5.43650195E-01  4.69217064E-01  2.38451745E-01  8.24918273E-02  1.06571159E-01  2.76531853E-01  5.05396232E-01  5.60117713E-01  3.62709370E-01  1.45835047E-01  6.60515060E-02  1.48178311E-01  3.80494398E-01  5.76676106E-01  5.05831934E-01  2.64499691E-01  8.54979017E-02  6.88570888E-02  2.22586251E-01  4.80777820E-01  6.01602067E-01  4.33462445E-01  1.65452029E-01  4.73945117E-02  9.86486137E-02  3.07425974E-01  5.80287662E-01  5.90114789E-01  3.14144083E-01  8.75925142E-02  3.87342911E-02  1.43625539E-01  4.20165180E-01  6.55917045E-01  5.25391827E-01  1.93494127E-01  3.24694392E-02  4.67165911E-02  2.16861216E-01  5.50114045E-01  6.97797643E-01  3.90406307E-01  8.69243352E-02  1.71654190E-02  7.80992502E-02  3.30058771E-01  6.94688986E-01  6.32981777E-01  2.25476654E-01  2.93305482E-02  2.01822243E-02  1.27752684E-01  4.60258122E-01  7.79375085E-01  5.15663522E-01  9.25664209E-02  2.32315060E-03  5.63327032E-06  9.57781979E-07  2.44415879E-03  9.78080340E-02  5.34352640E-01  7.96878463E-01  4.45741519E-01  1.10180681E-01  1.30672590E-02  3.35635350E-02  2.55141115E-01  6.61660479E-01  6.81602539E-01  3.01965369E-01  6.07979584E-02  1.56896849E-02  1.11510466E-01  4.38793661E-01  7.09969698E-01  5.15906345E-01  1.79452161E-01  3.33262823E-02  4.45277379E-02  2.43261500E-01  5.87656793E-01  6.54731985E-01  3.59119332E-01  9.82599811E-02  2.49636421E-02  1.12638526E-01  3.91490555E-01  6.63501651E-01  5.44197435E-01  2.23684739E-01  5.09530624E-02  4.75995400E-02  2.20459395E-01  5.33287889E-01  6.45401796E-01  3.94818828E-01  1.37014316E-01  3.54862760E-02  1.07985104E-01  3.65842199E-01  6.15707133E-01  5.50209420E-01  2.70478179E-01  7.25091997E-02  4.81988154E-02  2.17735356E-01  5.06510794E-01  6.15784549E-01  4.24174386E-01  1.60486887E-01  4.22542218E-02  1.03165835E-01  3.39507543E-01  5.95242760E-01  5.58444071E-01  2.97775671E-01  8.57896471E-02  4.94727914E-02  1.91267360E-01  4.76386238E-01  6.09877202E-01  4.44116749E-01  1.88922520E-01  5.75998866E-02  9.28842344E-02  3.15753957E-01  5.63318475E-01  5.57687631E-01  3.21423390E-01  1.16502697E-01  6.61627221E-02  1.79773384E-01  4.23354033E-01  5.95800353E-01  4.61974272E-01  2.14121071E-01  8.31636358E-02  1.04246938E-01  2.76341947E-01  5.17596692E-01  5.70037788E-01  3.48819149E-01  1.42939836E-01  7.80828166E-02  1.56137322E-01  3.72512943E-01  5.74859918E-01  4.91745747E-01  2.57296465E-01  1.03252842E-01  9.16835413E-02  2.30498872E-01  4.67937845E-01  5.68520958E-01  4.05769099E-01  1.89588626E-01  8.22465721E-02
  5.16774934E-02  1.95774940E-01  4.66573577E-01  6.41774446E-01  4.58554768E-01  1.56002000E-01  4.05233318E-02  8.58590780E-02  2.92261135E-01  5.73949136E-01  6.07064535E-01  3.27482088E-01  9.03700266E-02  3.85374152E-02  1.51238537E-01  4.17037856E-01  6.27374033E-01  5.11248401E-01  2.15011377E-01  5.20150524E-02  6.71563869E-02  2.45861647E-01  5.17004913E-01  6.10527989E-01  3.93171777E-01  1.37812421E-01  4.73673824E-02  1.23891177E-01  3.59273774E-01  5.91439275E-01  5.54311361E-01  2.74469817E-01  7.27834724E-02  5.38362432E-02  1.98958750E-01  4.71318694E-01  6.35163000E-01  4.53280963E-01  1.63461510E-01  4.27321832E-02  9.66772058E-02  2.97437737E-01  5.60720325E-01  6.06627898E-01  3.35558694E-01  8.11143866E-02  3.37664823E-02  1.47491458E-01  4.16380697E-01  6.51730733E-01  5.26548311E-01  1.95222916E-01  3.87537428E-02  6.04832880E-02  2.42450914E-01  5.58102341E-01  6.58132152E-01  3.71690008E-01  9.62338740E-02  2.75235381E-02  1.08382328E-01  3.68491446E-01  6.67149055E-01  5.69123419E-01  2.24174183E-01  4.41161619E-02  4.24533458E-02  1.93026760E-01  5.35252827E-01  6.90220734E-01  4.11497009E-01  1.13640713E-01  2.24376059E-02  8.00408126E-02  3.33582278E-01  6.54199444E-01  6.11948079E-01  2.61140222E-01  4.76943897E-02  2.69336834E-02  1.60333252E-01  5.04992730E-01  7.07738190E-01  4.62507942E-01  1.26933377E-01  1.60820503E-02  5.50310611E-02  2.93288626E-01  6.62348905E-01  6.78326870E-01  2.73151667E-01  3.37741522E-02  1.42324426E-02  1.10395462E-01  4.38670917E-01  7.87407482E-01  5.41957175E-01  1.04703241E-01  3.08106892E-03  1.35646195E-05  0.00000000E+00  2.10674168E-03  9.09441600E-02  4.99588817E-01  7.79010852E-01  4.73575440E-01  1.36438837E-01  1.85194874E-02  2.85866917E-02  2.25448826E-01  6.24035343E-01  6.91359762E-01  3.42171908E-01  8.02331239E-02  1.48384623E-02  8.62744429E-02  3.88507886E-01  6.91339178E-01  5.58442225E-01  2.22555587E-01  4.37703766E-02  3.22640600E-02  2.00932671E-01  5.38140966E-01  6.71470811E-01  4.10761713E-01  1.26879669E-01  2.76723113E-02  8.24875012E-02  3.43533890E-01  6.39203388E-01  5.70706660E-01  2.72483207E-01  7.45016846E-02  3.63839287E-02  1.69567601E-01  4.92499641E-01  6.50959437E-01  4.43565413E-01  1.71709592E-01  4.78004251E-02  7.61035349E-02  2.96636506E-01  5.80071761E-01  5.94469323E-01  3.30428029E-01  1.03607826E-01  3.58909642E-02  1.45077412E-01  4.28796343E-01  6.21649164E-01  5.12764163E-01  2.20206845E-01  5.28509517E-02  5.61772277E-02  2.49892302E-01  5.38238025E-01  6.26812352E-01  3.89527707E-01  1.18906773E-01  3.52314862E-02  1.13004476E-01  3.66990874E-01  6.29585491E-01  5.62687132E-01  2.46442207E-01  6.11759337E-02  4.73584498E-02  2.02736446E-01  4.99027017E-01  6.50443919E-01  4.35237318E-01  1.43448745E-01  3.45227192E-02  8.26512393E-02  3.10648214E-01  6.14213371E-01  6.04717212E-01  2.93527714E-01  7.78603407E-02  3.52760556E-02  1.50035762E-01  4.39307417E-01  6.59414402E-01  4.93956449E-01  1.89042263E-01  4.72622785E-02  6.25830724E-02  2.45392168E-01  5.53571008E-01  6.28200119E-01  3.77232686E-01  1.15765457E-01  3.64734115E-02  1.11901085E-01  3.62292858E-01  6.16030411E-01  5.60157700E-01  2.63899872E-01  6.40419566E-02
  5.16774934E-02  1.95774940E-01  4.66573577E-01  6.41774446E-01  4.58554768E-01  1.56002000E-01  4.05233318E-02  8.58590780E-02  2.92261135E-01  5.73949136E-01  6.07064535E-01  3.27482088E-01  9.03700266E-02  3.85374152E-02  1.51238537E-01  4.17037856E-01  6.27374033E-01  5.11248401E-01  2.15011377E-01  5.20150524E-02  6.71563869E-02  2.45861647E-01  5.17004913E-01  6.10527989E-01  3.93171777E-01  1.37812421E-01  4.73673824E-02  1.23891177E-01  3.59273774E-01  5.91439275E-01  5.54311361E-01  2.74469817E-01  7.27834724E-02  5.38362432E-02  1.98958750E-01  4.71318694E-01  6.35163000E-01  4.53280963E-01  1.63461510E-01  4.27321832E-02  9.66772058E-02  2.97437737E-01  5.60720325E-01  6.06627898E-01  3.35558694E-01  8.11143866E-02  3.37664823E-02  1.47491458E-01  4.16380697E-01  6.51730733E-01  5.26548311E-01  1.95222916E-01  3.87537428E-02  6.04832880E-02  2.42450914E-01  5.58102341E-01  6.58132152E-01  3.71690008E-01  9.62338740E-02  2.75235381E-02  1.08382328E-01  3.68491446E-01  6.67149055E-01  5.69123419E-01  2.24174183E-01  4.41161619E-02  4.24533458E-02  1.93026760E-01  5.35252827E-01  6.90220734E-01  4.11497009E-01  1.13640713E-01  2.24376059E-02  8.00408126E-02  3.33582278E-01  6.54199444E-01  6.11948079E-01  2.61140222E-01  4.76943897E-02  2.69336834E-02  1.60333252E-01  5.04992730E-01  7.07738190E-01  4.62507942E-01  1.26933377E-01  1.60820503E-02  5.50310611E-02  2.93288626E-01  6.62348905E-01  6.78326870E-01  2.73151667E-01  3.37741522E-02  1.42324426E-02  1.10395462E-01  4.38670917E-01  7.87407482E-01  5.41957175E-01  1.04703241E-01  3.08106892E-03  1.35646195E-05  0.00000000E+00  2.10674168E-03  9.09441600E-02  4.99588817E-01  7.79010852E-01  4.73575440E-01  1.36438837E-01  1.85194874E-02  2.85866917E-02  2.25448826E-01  6.24035343E-01  6.91359762E-01  3.42171908E-01  8.02331239E-02  1.48384623E-02  8.62744429E-02  3.88507886E-01  6.91339178E-01  5.58442225E-01  2.22555587E-01  4.37703766E-02  3.22640600E-02  2.00932671E-01  5.38140966E-01  6.71470811E-01  4.10761713E-01  1.26879669E-01  2.76723113E-02  8.24875012E-02  3.43533890E-01  6.39203388E-01  5.70706660E-01  2.72483207E-01  7.45016846E-02  3.63839287E-02  1.69567601E-01  4.92499641E-01  6.50959437E-01  4.43565413E-01  1.71709592E-01  4.78004251E-02  7.61035349E-02  2.96636506E-01  5.80071761E-01  5.94469323E-01  3.30428029E-01  1.03607826E-01  3.58909642E-02  1.45077412E-01  4.28796343E-01  6.21649164E-01  5.12764163E-01  2.20206845E-01  5.28509517E-02  5.61772277E-02  2.49892302E-01  5.38238025E-01  6.26812352E-01  3.89527707E-01  1.18906773E-01  3.52314862E-02  1.13004476E-01  3.66990874E-01  6.29585491E-01  5.62687132E-01  2.46442207E-01  6.11759337E-02  4.73584498E-02  2.02736446E-01  4.99027017E-01  6.50443919E-01  4.35237318E-01  1.43448745E-01  3.45227192E-02  8.26512393E-02  3.10648214E-01  6.14213371E-01  6.04717212E-01  2.93527714E-01  7.78603407E-02  3.52760556E-02  1.50035762E-01  4.39307417E-01  6.59414402E-01  4.93956449E-01  1.89042263E-01  4.72622785E-02  6.25830724E-02  2.45392168E-01  5.53571008E-01  6.28200119E-01  3.77232686E-01  1.15765457E-01  3.64734115E-02  1.11901085E-01  3.62292858E-01  6.16030411E-01  5.60157700E-01  2.63899872E-01  6.40419566E-02
  8.27570941E-02  2.74980815E-01  5.30261729E-01  5.93383857E-01  3.74752475E-01  1.21990447E-01  4.46530846E-02  1.40835166E-01  3.88612806E-01  6.04385796E-01  5.24867677E-01  2.51125728E-01  6.37946085E-02  5.76838623E-02  2.26695418E-01  5.08851718E-01  6.15684498E-01  4.15327168E-01  1.49599911E-01  3.75849080E-02  1.06992895E-01  3.48285123E-01  5.86011498E-01  5.55064493E-01  2.97532801E-01  8.45764792E-02  4.39129480E-02  1.90924892E-01  4.67113794E-01  6.13261908E-01  4.53472859E-01  1.90776180E-01  5.30417183E-02  8.57196111E-02  2.99643931E-01  5.59586563E-01  5.68892627E-01  3.40582365E-01  1.19524593E-01  4.79169995E-02  1.51028287E-01  4.05380399E-01  5.99115413E-01  5.04139354E-01  2.42131939E-01  7.03120074E-02  6.10651025E-02  2.25282465E-01  5.12447966E-01  6.15239233E-01  4.11693452E-01  1.49756453E-01  4.17491224E-02  9.98145349E-02  3.29844346E-01  5.92415859E-01  5.82341083E-01  2.97420636E-01  7.77679769E-02  4.44678508E-02  1.63639180E-01  4.41334729E-01  6.54125029E-01  4.91582953E-01  1.80073305E-01  3.89928902E-02  6.32721019E-02  2.52970504E-01  5.70069385E-01  6.45385649E-01  3.59393463E-01  9.13089700E-02  2.62920336E-02  1.13016243E-01  3.82752065E-01  6.59001661E-01  5.59378287E-01  2.25542212E-01  4.23124750E-02  3.52402733E-02  1.89229953E-01  5.31652480E-01  7.00386752E-01  4.24316206E-01  1.08604819E-01  1.77400473E-02  6.46378403E-02  3.08394125E-01  6.70839921E-01  6.53416569E-01  2.60275349E-01  3.46770573E-02  1.21666684E-02  1.07008203E-01  4.47094777E-01  7.98713458E-01  5.35617951E-01  9.73180452E-02  2.55975828E-03  2.16500263E-06  0.00000000E+00  2.35739884E-03  9.99513558E-02  5.35914551E-01  7.78019643E-01  4.45320173E-01  1.19418318E-01  1.88000631E-02  3.81272412E-02  2.60260536E-01  6.42381950E-01  6.54748797E-01  3.20702848E-01  7.59820547E-02  2.12628902E-02  1.16018660E-01  4.16619853E-01  6.79487499E-01  5.38300032E-01  1.97871582E-01  3.87485654E-02  4.19494430E-02  2.17175528E-01  5.57494057E-01  6.73122176E-01  3.87003353E-01  1.08645528E-01  2.37191960E-02  9.29607935E-02  3.64275349E-01  6.57117110E-01  5.73022575E-01  2.44786038E-01  5.48957803E-02  4.01090226E-02  1.89995276E-01  5.02913374E-01  6.64514036E-01  4.36595565E-01  1.43903121E-01  3.38067472E-02  8.41274514E-02  3.12966647E-01  6.06188571E-01  5.97918644E-01  3.00098350E-01  8.03277246E-02  4.03243142E-02  1.65884582E-01  4.50426742E-01  6.47453847E-01  4.76436999E-01  1.80987394E-01  5.15428639E-02  7.35338676E-02  2.68568707E-01  5.68452454E-01  6.13601787E-01  3.46219338E-01  1.07000967E-01  4.22761955E-02  1.35381676E-01  4.05360478E-01  6.35504204E-01  5.16913431E-01  2.22497535E-01  6.08383605E-02  6.68333841E-02  2.45816595E-01  5.27498429E-01  6.05731576E-01  3.83305076E-01  1.42635355E-01  4.82046611E-02  1.29183694E-01  3.65785912E-01  5.80559937E-01  5.30664230E-01  2.80111119E-01  8.64362848E-02  6.40956752E-02  2.14500310E-01  4.62738103E-01  5.94177010E-01  4.40228576E-01  1.86095255E-01  5.68649185E-02  1.03269291E-01  3.14582701E-01  5.59779874E-01  5.58006332E-01  3.32289932E-01  1.06762197E-01  5.31500158E-02  1.74487930E-01  4.37668886E-01  5.98980662E-01  4.85035712E-01  2.14347388E-01  5.66296952E-02
  4.31234093E-02  1.88561067E-01  4.81240435E-01  6.41985409E-01  4.44967503E-01  1.68974549E-01  4.18923938E-02  8.06452953E-02  3.01182363E-01  5.77053617E-01  5.96101585E-01  3.33709254E-01  9.45311917E-02  3.34531295E-02  1.39947617E-01  4.24218363E-01  6.30707969E-01  5.02916041E-01  2.18239389E-01  5.71872124E-02  6.10630259E-02  2.39229337E-01  5.15145679E-01  6.16564756E-01  4.07084528E-01  1.37861813E-01  3.90108187E-02  1.07959668E-01  3.50812415E-01  6.01565409E-01  5.55811710E-01  2.78699430E-01  7.90396269E-02  4.80491192E-02  1.91151585E-01  4.85103969E-01  6.14229710E-01  4.40256995E-01  1.84790135E-01  5.08044767E-02  7.69981658E-02  2.99451575E-01  5.72015959E-01  5.84132715E-01  3.31931979E-01  1.13418259E-01  4.05811295E-02  1.41937389E-01  4.25515461E-01  6.25781461E-01  5.02429710E-01  2.26112052E-01  5.78393990E-02  5.45557513E-02  2.34695907E-01  5.42895399E-01  6.33249513E-01  3.90185596E-01  1.24709482E-01  3.23051813E-02  1.02940166E-01  3.63428041E-01  6.35254311E-01  5.66046342E-01  2.51091472E-01  6.37689016E-02  3.95091917E-02  1.85294363E-01  4.86937420E-01  6.57171917E-01  4.58394984E-01  1.53434197E-01  3.10733990E-02  7.29212539E-02  3.04096021E-01  6.10939896E-01  6.27895130E-01  3.08933109E-01  6.47955337E-02  2.63055544E-02  1.41836653E-01  4.45056280E-01  7.14020435E-01  5.09686984E-01  1.51512021E-01  2.02861244E-02  4.53774404E-02  2.45118404E-01  6.38853845E-01  7.09269886E-01  3.10478933E-01  4.56994093E-02  1.14218549E-02  8.74038238E-02  4.03865969E-01  7.92454187E-01  5.86728570E-01  1.16181741E-01  3.25821762E-03  2.54922280E-06  2.14507772E-06  2.11671503E-03  9.25495959E-02  5.25071088E-01  7.91720798E-01  4.53497824E-01  1.17800342E-01  1.64135130E-02  2.57754301E-02  2.28028798E-01  6.41294870E-01  6.93829409E-01  3.34614902E-01  7.05296788E-02  1.22601036E-02  8.35009326E-02  3.81625275E-01  7.19142321E-01  5.65946041E-01  2.05221347E-01  3.72921969E-02  2.80659067E-02  1.83778332E-01  5.28430466E-01  6.91667212E-01  4.26683233E-01  1.24655782E-01  2.31420415E-02  6.98769741E-02  3.10514497E-01  6.41387472E-01  6.21211420E-01  2.82184539E-01  6.41029223E-02  2.80019793E-02  1.44181959E-01  4.60500746E-01  6.81491523E-01  4.86874228E-01  1.73053990E-01  3.29210570E-02  5.01188394E-02  2.45136093E-01  5.87788114E-01  6.57921575E-01  3.56246497E-01  8.98791088E-02  2.54053990E-02  1.05373959E-01  3.79503720E-01  6.63434829E-01  5.63410176E-01  2.27625067E-01  4.68515855E-02  3.60518549E-02  1.91383212E-01  5.33817389E-01  6.81279181E-01  4.10992580E-01  1.27588518E-01  2.61595337E-02  7.67921865E-02  3.25260943E-01  6.31152549E-01  5.99385233E-01  2.86675637E-01  6.69305699E-02  2.99160000E-02  1.50043948E-01  4.64057824E-01  6.72736528E-01  4.84824228E-01  1.70188321E-01  3.67396995E-02  5.89513575E-02  2.69972943E-01  5.93590995E-01  6.37735026E-01  3.31712010E-01  9.12585907E-02  3.17548808E-02  1.24679596E-01  4.20065886E-01  6.68507596E-01  5.15718653E-01  2.07294415E-01  4.62683834E-02  5.25366736E-02  2.35068964E-01  5.43125554E-01  6.50963627E-01  3.89752850E-01  1.14514829E-01  3.03366528E-02  1.06865803E-01  3.50270715E-01  6.19687741E-01  5.76344093E-01  2.66742715E-01  6.02903316E-02
  4.53421125E-02  1.94749335E-01  4.83806220E-01  6.33187983E-01  4.56116229E-01  1.63077655E-01  3.71424781E-02  8.57688471E-02  3.11850471E-01  5.86830453E-01  5.99272829E-01  3.13051881E-01  8.49166523E-02  3.52770962E-02  1.56351080E-01  4.42906557E-01  6.51476574E-01  4.96460044E-01  1.90407207E-01  4.08820838E-02  6.26895626E-02  2.61557519E-01  5.66836407E-01  6.32297522E-01  3.61148683E-01  9.97093876E-02  2.96208957E-02  1.21706453E-01  3.90272939E-01  6.40697574E-01  5.52448638E-01  2.28347184E-01  4.82885912E-02  4.58783027E-02  2.18055626E-01  5.25261893E-01  6.52412430E-01  4.12965306E-01  1.27730785E-01  3.11957749E-02  9.84486016E-02  3.36059815E-01  6.13714046E-01  5.84145794E-01  2.83595608E-01  6.74653976E-02  4.27088549E-02  1.82039979E-01  4.73194548E-01  6.42633090E-01  4.59334394E-01  1.70632876E-01  4.10483196E-02  8.53166366E-02  2.99606466E-01  5.78567938E-01  6.01164095E-01  3.25045217E-01  8.99950855E-02  4.12190625E-02  1.60054237E-01  4.33165332E-01  6.29332111E-01  4.96363682E-01  2.04200324E-01  5.11149497E-02  6.83819245E-02  2.58186171E-01  5.47419068E-01  6.22979606E-01  3.72581193E-01  1.12526048E-01  3.43725604E-02  1.21039473E-01  3.71464745E-01  6.38908192E-01  5.60042993E-01  2.38102953E-01  4.95755582E-02  4.52352996E-02  1.97985126E-01  5.17893391E-01  6.79503042E-01  4.28977934E-01  1.18249009E-01  1.93817522E-02  6.93517117E-02  3.14347910E-01  6.62810973E-01  6.50320689E-01  2.61192265E-01  3.52689228E-02  1.39110693E-02  1.14631085E-01  4.44862217E-01  7.82162716E-01  5.37854806E-01  1.04322752E-01  2.77960569E-03  5.83365975E-06  2.43896070E-06  2.62264525E-03  9.72702650E-02  5.22005259E-01  7.96929322E-01  4.54224196E-01  1.14355691E-01  1.31766497E-02  3.06766262E-02  2.43882935E-01  6.45764753E-01  6.81303392E-01  3.19131782E-01  7.10529886E-02  1.69185742E-02  9.59755738E-02  3.89403452E-01  6.96813245E-01  5.58767265E-01  2.09026071E-01  3.98530409E-02  3.23436950E-02  1.86557911E-01  5.30207917E-01  6.88913905E-01  4.24452143E-01  1.21710239E-01  2.22767306E-02  6.94297167E-02  3.12833164E-01  6.44012712E-01  6.16185554E-01  2.79594856E-01  6.49929704E-02  2.72474840E-02  1.44114078E-01  4.66911962E-01  6.88430469E-01  4.78775349E-01  1.67472594E-01  3.52101841E-02  5.40670479E-02  2.59047202E-01  5.96772801E-01  6.51378493E-01  3.35007834E-01  8.87873822E-02  2.64992714E-02  1.13325489E-01  4.02472500E-01  6.69030040E-01  5.38218347E-01  2.15976342E-01  4.64707194E-02  4.08819063E-02  2.07079567E-01  5.34251693E-01  6.62593816E-01  4.11031670E-01  1.25435723E-01  2.84882099E-02  8.47631858E-02  3.30834756E-01  6.30647296E-01  5.97009756E-01  2.76119661E-01  6.55443844E-02  3.11926675E-02  1.59402768E-01  4.73835759E-01  6.66646053E-01  4.71200439E-01  1.66602585E-01  3.90301031E-02  6.59185481E-02  2.79475670E-01  5.80659230E-01  6.16170978E-01  3.42418629E-01  9.75777726E-02  3.50074892E-02  1.30781340E-01  4.03561410E-01  6.35090461E-01  5.24043306E-01  2.27803640E-01  5.87135344E-02  5.54892231E-02  2.25095725E-01  5.22509351E-01  6.30906176E-01  4.01863387E-01  1.40894832E-01  4.01697402E-02  1.05553310E-01  3.50553754E-01  6.09760413E-01  5.61032871E-01  2.79625230E-01  7.40583940E-02
  5.19265230E-02  2.13714245E-01  4.95545460E-01  6.18748918E-01  4.31430563E-01  1.61180697E-01  3.99231231E-02  9.84783027E-02  3.37873790E-01  5.92439608E-01  5.73663538E-01  2.99339491E-01  7.89340802E-02  4.21386395E-02  1.75888664E-01  4.62654629E-01  6.35022415E-01  4.68780279E-01  1.86076647E-01  4.37639431E-02  7.58529469E-02  2.94755138E-01  5.77441598E-01  5.96039405E-01  3.39002611E-01  9.98806946E-02  3.70157462E-02  1.46282507E-01  4.28852336E-01  6.34503846E-01  5.04115075E-01  2.12536415E-01  4.75248466E-02  5.72259929E-02  2.54571244E-01  5.53113921E-01  6.16772033E-01  3.76903037E-01  1.21212842E-01  3.90618096E-02  1.25755780E-01  3.85289610E-01  6.14314652E-01  5.36398794E-01  2.52006340E-01  6.41660948E-02  5.41949863E-02  2.11116266E-01  4.90767406E-01  6.29913404E-01  4.25709999E-01  1.55974952E-01  4.91583079E-02  9.40763337E-02  3.10667904E-01  5.93887750E-01  5.84442486E-01  3.04286199E-01  8.84321139E-02  4.39484267E-02  1.58327928E-01  4.52142844E-01  6.45376493E-01  4.76041379E-01  1.89150155E-01  4.89793707E-02  6.51761692E-02  2.63640407E-01  5.84968205E-01  6.29541554E-01  3.42991999E-01  9.77834025E-02  2.94386943E-02  1.23069221E-01  4.06956511E-01  6.57323901E-01  5.38893636E-01  2.16146411E-01  4.23383157E-02  4.34364486E-02  2.18539130E-01  5.35469335E-01  6.63519060E-01  4.09396543E-01  1.15651338E-01  2.21054080E-02  8.31835174E-02  3.30231806E-01  6.60225439E-01  6.27462969E-01  2.50183147E-01  3.95221569E-02  1.86684006E-02  1.23723719E-01  4.59334623E-01  7.76756564E-01  5.19636459E-01  9.95045515E-02  2.88276276E-03  0.00000000E+00  1.14897506E-07  2.38589372E-03  9.49953414E-02  5.25536451E-01  7.82381925E-01  4.57708562E-01  1.23676971E-01  1.39575088E-02  3.54581120E-02  2.53627649E-01  6.30875749E-01  6.60559937E-01  3.31936289E-01  7.81257814E-02  1.93855751E-02  1.07021350E-01  4.07659329E-01  6.83225998E-01  5.45061940E-01  2.07281520E-01  3.96187231E-02  4.31122288E-02  2.19256973E-01  5.35993430E-01  6.56838089E-01  4.09610779E-01  1.19913059E-01  2.77134770E-02  1.01625048E-01  3.46092795E-01  6.18236297E-01  5.81928116E-01  2.70015809E-01  6.54598773E-02  4.58358428E-02  1.89262692E-01  4.81393012E-01  6.37035352E-01  4.45937146E-01  1.69936550E-01  4.24662802E-02  9.29534300E-02  3.15107508E-01  5.85966904E-01  5.68761985E-01  3.09664750E-01  1.00644544E-01  4.56540332E-02  1.57190662E-01  4.44704860E-01  6.28745909E-01  4.75362590E-01  2.07015104E-01  5.83176603E-02  6.64960334E-02  2.65496013E-01  5.45623873E-01  5.98033937E-01  3.73149038E-01  1.29036229E-01  4.10000470E-02  1.27896075E-01  3.90878888E-01  6.06261872E-01  5.19191832E-01  2.51539961E-01  7.56855830E-02  5.57706750E-02  2.21209359E-01  4.97593618E-01  6.09103695E-01  4.11392412E-01  1.67050999E-01  5.56785690E-02  9.62752318E-02  3.23198653E-01  5.83521295E-01  5.64415495E-01  3.04011218E-01  1.04145497E-01  4.76755138E-02  1.74205416E-01  4.47847641E-01  6.11216211E-01  4.70266557E-01  2.09687280E-01  6.04462985E-02  7.92952500E-02  2.73575062E-01  5.37487296E-01  5.87931469E-01  3.67325687E-01  1.30897600E-01  4.38005170E-02  1.26670521E-01  3.86125479E-01  6.07301251E-01  5.26544646E-01  2.59874657E-01  6.75206580E-02
  5.71786917E-02  2.54767870E-01  5.65222306E-01  6.39449375E-01  3.68934023E-01  1.00592589E-01  2.49264552E-02  1.12480355E-01  3.96162011E-01  6.58552156E-01  5.43625899E-01  2.26096503E-01  4.85725969E-02  4.33921713E-02  2.12877770E-01  5.33476652E-01  6.58152605E-01  4.11117645E-01  1.25276407E-01  2.64545398E-02  9.19692127E-02  3.44065121E-01  6.28777851E-01  5.92863773E-01  2.69436783E-01  5.94210889E-02  3.39134038E-02  1.68808079E-01  4.71226019E-01  6.76017480E-01  4.73933730E-01  1.57334357E-01  2.80741454E-02  6.63123175E-02  2.66925510E-01  5.83412848E-01  6.48877759E-01  3.37814728E-01  8.30407259E-02  2.83825669E-02  1.26734268E-01  4.04964439E-01  6.65645515E-01  5.33201248E-01  2.06311451E-01  4.33039979E-02  5.20463455E-02  2.24562987E-01  5.33209375E-01  6.53815657E-01  3.94406805E-01  1.20989523E-01  3.40380259E-02  1.01340885E-01  3.43062066E-01  6.22498331E-01  5.79357671E-01  2.71906416E-01  6.46734508E-02  4.42645202E-02  1.77985194E-01  4.56280554E-01  6.51915033E-01  4.79030652E-01  1.66207855E-01  3.65968717E-02  7.42221961E-02  2.75965202E-01  5.74171422E-01  6.34007030E-01  3.41127662E-01  8.43144536E-02  3.04005223E-02  1.27722585E-01  4.02188594E-01  6.71249960E-01  5.40356699E-01  1.99621841E-01  3.69557645E-02  4.39213579E-02  2.07910270E-01  5.43356214E-01  7.00745371E-01  4.03459506E-01  9.12431753E-02  1.61971067E-02  7.27826714E-02  3.27290774E-01  6.98222624E-01  6.39263094E-01  2.25851767E-01  2.81447552E-02  1.36408043E-02  1.21147878E-01  4.75853589E-01  7.92138728E-01  5.04263758E-01  9.05274266E-02  2.42209688E-03  1.77568873E-07  7.37955347E-06  2.58133438E-03  1.02502353E-01  5.47128278E-01  7.99070714E-01  4.38282251E-01  9.94062254E-02  1.16382086E-02  3.76504139E-02  2.76242173E-01  6.89406126E-01  6.59729542E-01  2.74133344E-01  5.66336702E-02  1.89888341E-02  1.30041003E-01  4.76651678E-01  7.09502964E-01  4.76749409E-01  1.61536947E-01  3.22046742E-02  5.24294033E-02  2.74890722E-01  6.12815386E-01  6.30351430E-01  3.27101512E-01  8.97267737E-02  2.75287009E-02  1.25516992E-01  4.34411270E-01  6.63001551E-01  5.00248858E-01  2.08787173E-01  5.20144040E-02  5.36690534E-02  2.47602554E-01  5.62797791E-01  6.14399154E-01  3.71396334E-01  1.29135590E-01  3.83769631E-02  1.23796762E-01  3.84061554E-01  5.96606664E-01  5.22679044E-01  2.75765285E-01  7.84301763E-02  5.81646481E-02  2.24440747E-01  4.84684476E-01  5.88194621E-01  4.31087855E-01  1.76375798E-01  5.32188589E-02  1.09726533E-01  3.34650137E-01  5.57599979E-01  5.51393430E-01  3.17095041E-01  1.02429393E-01  5.54961744E-02  1.90952814E-01  4.42782368E-01  5.90742781E-01  4.71950286E-01  2.10274041E-01  5.77338869E-02  8.58491605E-02  2.81822859E-01  5.27546327E-01  5.89150114E-01  3.70996381E-01  1.21774884E-01  4.61493406E-02  1.39133130E-01  3.79418263E-01  5.98152103E-01  5.27512521E-01  2.56215595E-01  6.98718579E-02  6.03339444E-02  2.16710787E-01  4.88074903E-01  6.02653469E-01  4.37747565E-01  1.65283207E-01  4.33844679E-02  9.13719232E-02  3.08501350E-01  5.82264243E-01  5.96539167E-01  3.15591132E-01  8.43066614E-02  3.89615041E-02  1.53133406E-01  4.32696597E-01  6.54254764E-01  4.97902139E-01  1.92966419E-01  4.01549915E-02
  8.39749523E-02  2.70434574E-01  5.41468897E-01  5.94804288E-01  3.61023418E-01  1.22927839E-01  5.06824755E-02  1.40835451E-01  3.91091516E-01  6.01212754E-01  5.18940431E-01  2.45506150E-01  6.80022509E-02  6.80642173E-02  2.27566382E-01  5.02831430E-01  6.10628176E-01  4.03419094E-01  1.50137715E-01  5.06935788E-02  1.11601870E-01  3.32634913E-01  5.93551424E-01  5.57332916E-01  2.82838940E-01  8.99607468E-02  5.03615093E-02  1.71010309E-01  4.46024943E-01  6.31375532E-01  4.70891046E-01  1.92613903E-01  5.09824520E-02  7.31274683E-02  2.63204288E-01  5.54525708E-01  6.17888706E-01  3.58272808E-01  1.11516005E-01  3.75688105E-02  1.22417773E-01  3.86762058E-01  6.25139653E-01  5.41731344E-01  2.42281060E-01  5.99853245E-02  5.02435409E-02  2.04704975E-01  4.98501073E-01  6.46262363E-01  4.32800668E-01  1.45138540E-01  3.55538634E-02  9.22628959E-02  3.17236548E-01  5.98783752E-01  5.95764988E-01  3.04376394E-01  7.57577073E-02  3.63007233E-02  1.60534467E-01  4.50894148E-01  6.56501110E-01  4.93136138E-01  1.79540781E-01  3.40922679E-02  6.51149706E-02  2.62037415E-01  5.70914694E-01  6.45475310E-01  3.55644512E-01  8.72122157E-02  2.77998851E-02  1.16876893E-01  3.82603734E-01  6.70302922E-01  5.61697543E-01  2.12510197E-01  3.72812639E-02  3.93073038E-02  1.95196783E-01  5.38462677E-01  7.00396031E-01  4.11976869E-01  1.02865042E-01  1.71226113E-02  7.01708892E-02  3.23089631E-01  6.81982588E-01  6.40903977E-01  2.41648252E-01  3.40941324E-02  1.65786395E-02  1.20731354E-01  4.63080136E-01  7.82647045E-01  5.16667262E-01  9.79619689E-02  2.89619010E-03  6.41859251E-06  3.31113722E-06  2.52308134E-03  9.79445515E-02  5.29778885E-01  7.89171777E-01  4.52487823E-01  1.13890033E-01  1.47059616E-02  3.31143491E-02  2.53066985E-01  6.57410837E-01  6.82378149E-01  3.06322256E-01  6.16064081E-02  1.47857423E-02  1.05995059E-01  4.28615579E-01  7.17486016E-01  5.30473910E-01  1.79078799E-01  2.93316255E-02  3.58017235E-02  2.18704766E-01  5.85120763E-01  6.86873200E-01  3.71173594E-01  9.27002429E-02  1.71662515E-02  9.24467894E-02  3.75795524E-01  6.80504181E-01  5.76198553E-01  2.24161812E-01  4.14488993E-02  3.10525917E-02  1.91856785E-01  5.34079337E-01  6.94238632E-01  4.21901345E-01  1.15012430E-01  2.03922862E-02  7.86405588E-02  3.32225758E-01  6.52282867E-01  6.08389847E-01  2.61512537E-01  5.60618201E-02  2.89090952E-02  1.64625857E-01  4.86053709E-01  6.77405672E-01  4.62212351E-01  1.57300494E-01  3.18482099E-02  6.78466797E-02  2.90729375E-01  6.04820687E-01  6.21953399E-01  3.18313117E-01  8.23022327E-02  3.28188327E-02  1.39253422E-01  4.27897323E-01  6.58710302E-01  5.09135459E-01  1.98337172E-01  4.59767228E-02  6.46424651E-02  2.54687996E-01  5.44644204E-01  6.15917331E-01  3.80833519E-01  1.19392077E-01  3.87553780E-02  1.30688659E-01  3.76774394E-01  6.03346703E-01  5.43894472E-01  2.55559070E-01  6.89316778E-02  5.98710850E-02  2.19409803E-01  4.95687625E-01  6.11308416E-01  4.24590730E-01  1.62622447E-01  4.77497689E-02  1.10015386E-01  3.27442089E-01  5.69758731E-01  5.71750824E-01  3.05726048E-01  9.22682073E-02  5.46363651E-02  1.80657073E-01  4.38422452E-01  6.12481708E-01  4.76019825E-01  1.98437948E-01  5.92197833E-02
  1.07418446E-01  3.43345847E-01  5.98075268E-01  5.42984066E-01  2.76798449E-01  9.98822771E-02  5.43666902E-02  1.74213375E-01  4.69078783E-01  6.27430631E-01  4.40520486E-01  1.86319248E-01  6.37970597E-02  8.21146886E-02  2.81250299E-01  5.62864353E-01  5.87667001E-01  3.35020180E-01  1.24825591E-01  5.18298734E-02  1.40575616E-01  4.04339773E-01  6.20180420E-01  4.90291312E-01  2.33281306E-01  7.88789189E-02  6.00668547E-02  2.17320763E-01  5.11753963E-01  6.16780368E-01  3.94097438E-01  1.60768153E-01  5.72104713E-02  1.07604758E-01  3.35911654E-01  5.75340144E-01  5.42952516E-01  2.96392584E-01  1.09526053E-01  6.14644784E-02  1.70346489E-01  4.29119332E-01  6.06251902E-01  4.66474151E-01  2.18983168E-01  7.54959446E-02  7.95416895E-02  2.54468542E-01  5.27169093E-01  5.82033571E-01  3.76849380E-01  1.46985105E-01  5.48368664E-02  1.27543591E-01  3.65905993E-01  5.74205667E-01  5.21566204E-01  2.82611589E-01  9.33659433E-02  6.05043687E-02  2.08815041E-01  4.57955853E-01  5.90029163E-01  4.50607458E-01  1.96369030E-01  5.43391357E-02  8.88593759E-02  2.93830234E-01  5.51578384E-01  5.84086789E-01  3.47434579E-01  1.09258671E-01  4.11687635E-02  1.40701987E-01  3.94489380E-01  6.29528367E-01  5.36993242E-01  2.26507231E-01  4.73758141E-02  4.58687714E-02  2.03311722E-01  5.28127829E-01  6.93266656E-01  4.16407265E-01  1.03537511E-01  1.71018253E-02  7.10982583E-02  3.11051020E-01  6.76193284E-01  6.55051014E-01  2.46715905E-01  3.13332968E-02  1.56894164E-02  1.15902092E-01  4.45613339E-01  7.91479786E-01  5.29524544E-01  9.93892310E-02  2.47712756E-03  1.14584149E-05  7.46833790E-07  2.38987857E-03  1.06795911E-01  5.59741789E-01  7.92226332E-01  4.25538514E-01  1.01836814E-01  1.23529129E-02  3.98740984E-02  2.91870255E-01  6.83847677E-01  6.43502708E-01  2.79266077E-01  5.68236793E-02  1.74689124E-02  1.31582995E-01  4.72404444E-01  7.17309753E-01  4.91397650E-01  1.51031393E-01  2.48471184E-02  5.10920956E-02  2.59140394E-01  6.13503220E-01  6.60147586E-01  3.29550798E-01  7.63202559E-02  2.52854890E-02  1.24756856E-01  4.23117864E-01  6.80186735E-01  5.20429779E-01  1.93893396E-01  4.38225669E-02  6.23095495E-02  2.48643771E-01  5.45193054E-01  6.38071607E-01  3.72853631E-01  1.12350171E-01  4.42876250E-02  1.37135647E-01  3.79655684E-01  6.18184478E-01  5.31119039E-01  2.41591268E-01  6.84440789E-02  7.32326727E-02  2.33035352E-01  5.09996564E-01  6.16048972E-01  3.92834135E-01  1.41363839E-01  5.40139705E-02  1.26764246E-01  3.51107633E-01  5.91068589E-01  5.39370947E-01  2.73185915E-01  8.76434156E-02  7.25831989E-02  2.13841478E-01  4.69643666E-01  5.94283494E-01  4.27620723E-01  1.77896284E-01  6.31100875E-02  1.25405244E-01  3.34463935E-01  5.32634579E-01  5.48642799E-01  3.13464734E-01  1.09837598E-01  7.54715080E-02  1.99292889E-01  4.31673550E-01  5.73784337E-01  4.56098498E-01  2.11900452E-01  8.09381851E-02  1.08301366E-01  2.88081499E-01  5.17131479E-01  5.64253302E-01  3.41553137E-01  1.39065659E-01  6.80112130E-02  1.50430432E-01  3.91969061E-01  5.99889213E-01  4.93702995E-01  2.39758235E-01  8.63984750E-02  7.56389711E-02  2.33851986E-01  5.07927588E-01  5.93933302E-01  3.89050054E-01  1.56678360E-01  6.10452957E-02
  5.05661627E-02  2.20660316E-01  5.31351247E-01  6.57427152E-01  4.03807118E-01  1.16095354E-01  3.39060034E-02  1.04291124E-01  3.37282570E-01  6.24258869E-01  5.84098885E-01  2.65040977E-01  6.78809035E-02  4.88596631E-02  1.78240851E-01  4.57999279E-01  6.57464933E-01  4.72571667E-01  1.59709717E-01  3.91614623E-02  7.93340802E-02  2.83335480E-01  5.81987278E-01  6.14663272E-01  3.32740347E-01  8.90806215E-02  3.81916073E-02  1.43457652E-01  4.03154824E-01  6.40890252E-01  5.29749565E-01  2.05268291E-01  4.65642669E-02  6.17756365E-02  2.28496336E-01  5.35830636E-01  6.60899068E-01  3.82608576E-01  1.05362930E-01  4.03649458E-02  1.05275550E-01  3.46865283E-01  6.41496723E-01  5.74227414E-01  2.46152130E-01  6.29258859E-02  5.20391069E-02  1.85147121E-01  4.87460509E-01  6.55642084E-01  4.40869884E-01  1.52668380E-01  4.39107925E-02  8.95939052E-02  2.97523337E-01  5.81661987E-01  6.08000084E-01  3.16000125E-01  8.80409505E-02  4.28026688E-02  1.50628860E-01  4.24657052E-01  6.45762549E-01  5.03719473E-01  1.97582436E-01  4.86982896E-02  6.84086852E-02  2.49598381E-01  5.42354615E-01  6.31526539E-01  3.76772242E-01  1.10128053E-01  3.76756548E-02  1.21442575E-01  3.72303585E-01  6.34362559E-01  5.59139674E-01  2.37013265E-01  5.56989059E-02  5.12673404E-02  2.09662264E-01  5.12320736E-01  6.50716083E-01  4.24748463E-01  1.32656018E-01  2.83085886E-02  8.95698394E-02  3.32349529E-01  6.27221878E-01  6.21846732E-01  2.73914459E-01  4.41370362E-02  2.30927588E-02  1.37500347E-01  4.46837336E-01  7.55502635E-01  5.30053349E-01  1.03969260E-01  2.83372242E-03  4.82569526E-06  5.60908735E-06  2.43289725E-03  9.28958036E-02  5.26561859E-01  7.98647369E-01  4.48480705E-01  1.14724100E-01  1.61335057E-02  3.17784045E-02  2.53733662E-01  6.61883624E-01  6.71792495E-01  3.06107429E-01  6.76535527E-02  1.60467685E-02  1.04309403E-01  4.21202298E-01  7.09454305E-01  5.24718976E-01  1.92295266E-01  3.88290377E-02  3.70514010E-02  2.14275843E-01  5.66213683E-01  6.68651140E-01  3.83163541E-01  1.14052717E-01  2.52773365E-02  8.57820029E-02  3.52594036E-01  6.56392720E-01  5.77087453E-01  2.56547607E-01  5.89038465E-02  3.13606580E-02  1.58640904E-01  4.93103497E-01  6.93542530E-01  4.57111618E-01  1.48540640E-01  2.58696279E-02  5.63050215E-02  2.82321880E-01  6.19256456E-01  6.40953111E-01  3.17067549E-01  7.34107168E-02  1.99787387E-02  1.17274537E-01  4.31348218E-01  6.98886857E-01  5.18555639E-01  1.85397169E-01  3.52727510E-02  4.18756182E-02  2.27260337E-01  5.88582274E-01  6.75281180E-01  3.60930743E-01  9.32193132E-02  2.34904034E-02  9.09333438E-02  3.71131704E-01  6.89304672E-01  5.72350255E-01  2.17823324E-01  4.61451364E-02  3.42449197E-02  1.78857976E-01  5.26354433E-01  6.99779324E-01  4.18262013E-01  1.24949168E-01  2.50691996E-02  6.52544092E-02  3.12882784E-01  6.58875007E-01  6.12029638E-01  2.80786578E-01  6.09262776E-02  2.54160073E-02  1.49238783E-01  4.73728727E-01  6.89976618E-01  4.82804063E-01  1.59841567E-01  2.60583836E-02  5.51665805E-02  2.67224813E-01  6.03516699E-01  6.50166826E-01  3.34858812E-01  7.94537198E-02  2.40010289E-02  1.19942995E-01  4.05456472E-01  6.69437425E-01  5.40564382E-01  2.06112725E-01  4.18343909E-02
  6.82109570E-02  2.58494743E-01  5.37757524E-01  5.95466223E-01  3.74342400E-01  1.35747304E-01  5.02321765E-02  1.36769322E-01  3.83711169E-01  5.99165734E-01  5.23985387E-01  2.49929583E-01  7.96837081E-02  6.94861522E-02  2.21070093E-01  4.91453511E-01  6.15005761E-01  4.09333568E-01  1.60455595E-01  5.82992976E-02  1.10374827E-01  3.24663491E-01  5.86953080E-01  5.60834673E-01  2.94193937E-01  9.51034600E-02  6.20585455E-02  1.95249761E-01  4.53853965E-01  5.85696080E-01  4.52729166E-01  2.04813250E-01  6.86769030E-02  1.10840230E-01  3.01941407E-01  5.08864410E-01  5.37657209E-01  3.57224337E-01  1.45567040E-01  7.35359394E-02  1.77968508E-01  3.95582776E-01  5.50003264E-01  4.83562491E-01  2.52659982E-01  9.29728215E-02  9.60457292E-02  2.55317404E-01  4.79296540E-01  5.74509450E-01  3.92964011E-01  1.61322590E-01  6.68398851E-02  1.37412085E-01  3.42906411E-01  5.59298159E-01  5.34095485E-01  2.92488586E-01  1.00861721E-01  6.45255046E-02  2.02339251E-01  4.64041577E-01  5.97543074E-01  4.43184760E-01  1.89921123E-01  5.76467581E-02  9.29889594E-02  3.03496242E-01  5.69257376E-01  5.82155362E-01  3.28752302E-01  1.00948740E-01  4.20111189E-02  1.47069231E-01  4.16841656E-01  6.47608659E-01  5.18313837E-01  2.02944228E-01  3.96257057E-02  5.42135997E-02  2.22973453E-01  5.51882517E-01  6.83050696E-01  3.83740702E-01  9.18216791E-02  1.84503303E-02  7.93715629E-02  3.43889991E-01  6.95187737E-01  6.16551158E-01  2.24762272E-01  3.03475911E-02  1.74305210E-02  1.33507523E-01  4.76506541E-01  7.77210910E-01  5.01896785E-01  9.16902833E-02  2.40220394E-03  1.41585063E-05  2.84110197E-06  2.73612743E-03  9.49110328E-02  5.22161123E-01  7.94195028E-01  4.53349497E-01  1.17888487E-01  1.50030500E-02  3.00170153E-02  2.45607317E-01  6.47455146E-01  6.73874600E-01  3.24001107E-01  7.06409348E-02  1.73718449E-02  1.08380864E-01  4.02867158E-01  6.83074720E-01  5.51335710E-01  2.05473618E-01  4.20823032E-02  4.69798825E-02  2.12577752E-01  5.23791534E-01  6.70597117E-01  4.11718668E-01  1.17472234E-01  3.31340749E-02  1.02500347E-01  3.23968706E-01  6.12723342E-01  5.98719013E-01  2.79055172E-01  6.27733281E-02  3.91080872E-02  1.67396637E-01  4.54163588E-01  6.60679916E-01  4.80871289E-01  1.71616493E-01  3.51305340E-02  7.10310902E-02  2.74536503E-01  5.65424912E-01  6.14067925E-01  3.54751895E-01  1.02962126E-01  4.15714480E-02  1.41326727E-01  3.90774294E-01  6.16922993E-01  5.24778707E-01  2.31302316E-01  6.29523332E-02  7.01614728E-02  2.35930210E-01  5.00274328E-01  6.18836626E-01  4.05137595E-01  1.39100885E-01  4.76921844E-02  1.22959018E-01  3.43823021E-01  5.94852759E-01  5.60436934E-01  2.73976242E-01  7.76357331E-02  5.32068155E-02  1.92074960E-01  4.69955634E-01  6.30000731E-01  4.50953341E-01  1.70993843E-01  5.00030866E-02  9.10801306E-02  2.93802089E-01  5.74340504E-01  5.99623314E-01  3.22840935E-01  9.52259407E-02  4.77022953E-02  1.53628871E-01  4.24600564E-01  6.47682737E-01  4.92486408E-01  1.98006988E-01  5.45056169E-02  6.63908395E-02  2.68446951E-01  5.69155644E-01  6.10340457E-01  3.43457339E-01  1.13236673E-01  4.45360230E-02  1.38513649E-01  4.18082047E-01  6.30313263E-01  5.00744703E-01  2.24730482E-01  6.50521060E-02
  3.76105601E-02  1.65827043E-01  4.81064505E-01  6.70798559E-01  4.58526863E-01  1.59587340E-01  3.80649641E-02  6.36097193E-02  2.80919164E-01  6.10606805E-01  6.27625481E-01  3.16839676E-01  8.71082543E-02  3.02438491E-02  1.27101052E-01  4.22917676E-01  6.71805066E-01  5.15949753E-01  2.02107053E-01  4.33749523E-02  4.71255621E-02  2.24803348E-01  5.53803614E-01  6.64564606E-01  3.83498180E-01  1.11902995E-01  3.06059799E-02  1.00607176E-01  3.54752542E-01  6.47832500E-01  5.71108218E-01  2.49585988E-01  5.76549419E-02  4.30193446E-02  1.91592547E-01  5.06952385E-01  6.59301627E-01  4.30122016E-01  1.43908604E-01  3.58245411E-02  8.97310145E-02  3.27786620E-01  6.10516976E-01  5.82359295E-01  2.90295903E-01  8.25548609E-02  4.46270793E-02  1.77198391E-01  4.72556156E-01  6.39893459E-01  4.51325860E-01  1.79797953E-01  4.61389946E-02  8.12426740E-02  3.05115759E-01  5.85600136E-01  5.85573558E-01  3.23848288E-01  1.00108578E-01  3.81104792E-02  1.58010090E-01  4.47138958E-01  6.29746557E-01  4.85563933E-01  2.02100024E-01  5.34089046E-02  6.80897141E-02  2.65614002E-01  5.55471696E-01  6.12300969E-01  3.61695642E-01  1.16897088E-01  3.77189503E-02  1.23017914E-01  3.90924267E-01  6.39290466E-01  5.35676866E-01  2.36861225E-01  5.62955791E-02  4.67259694E-02  2.15453511E-01  5.25393524E-01  6.56189482E-01  4.17769683E-01  1.24059292E-01  2.47347069E-02  7.47099778E-02  3.16092701E-01  6.57633143E-01  6.43543251E-01  2.59538854E-01  3.87248884E-02  1.88494790E-02  1.23243248E-01  4.41073143E-01  7.73098770E-01  5.35406058E-01  1.04538974E-01  3.31435435E-03  1.00013057E-05  2.97688993E-07  2.39655830E-03  9.39600157E-02  5.12715180E-01  7.85438120E-01  4.65324126E-01  1.25113007E-01  1.54254289E-02  2.87900561E-02  2.28812472E-01  6.20437316E-01  6.94173547E-01  3.44765933E-01  7.62216060E-02  1.44694973E-02  8.93761744E-02  3.80931406E-01  6.84575720E-01  5.70894331E-01  2.23797551E-01  4.10090299E-02  2.98976838E-02  1.84707487E-01  5.16093182E-01  6.88182421E-01  4.34169557E-01  1.31978175E-01  2.52574905E-02  7.38055151E-02  3.02725129E-01  6.25789121E-01  6.23981486E-01  2.98017015E-01  6.27176080E-02  2.84943517E-02  1.41456425E-01  4.42707445E-01  6.84289516E-01  5.07218634E-01  1.71354328E-01  3.31396005E-02  5.85214414E-02  2.47507602E-01  5.68426912E-01  6.58126988E-01  3.57555613E-01  9.45705601E-02  3.28380363E-02  1.15574952E-01  3.71632542E-01  6.50480637E-01  5.54997420E-01  2.37186400E-01  5.05906359E-02  4.16239875E-02  1.80660964E-01  5.06445353E-01  6.78077942E-01  4.42779595E-01  1.29454482E-01  2.55936493E-02  6.92290430E-02  3.01078971E-01  6.36324319E-01  6.29004800E-01  2.87726204E-01  6.34701710E-02  2.54769813E-02  1.24291662E-01  4.43223178E-01  7.09578634E-01  5.01241797E-01  1.66997895E-01  3.65920877E-02  5.19970858E-02  2.35581752E-01  5.87985309E-01  6.69198250E-01  3.44855203E-01  9.02579710E-02  3.07417679E-02  1.03034025E-01  3.86504363E-01  6.76299198E-01  5.43922355E-01  2.15365223E-01  5.47677817E-02  4.69139052E-02  2.03872328E-01  5.23830359E-01  6.61854592E-01  4.07001374E-01  1.35380624E-01  3.66523776E-02  8.71878052E-02  3.28777438E-01  6.27913043E-01  5.87038783E-01  2.76087729E-01  7.49254159E-02
  4.74241233E-02  2.22697433E-01  5.51687118E-01  6.53500483E-01  3.82619517E-01  1.20260405E-01  3.26870192E-02  8.99615354E-02  3.41952741E-01  6.44560057E-01  5.82855516E-01  2.60247145E-01  6.32908839E-02  3.24398381E-02  1.58901606E-01  4.88665972E-01  6.88437169E-01  4.58380708E-01  1.52113613E-01  3.12835932E-02  5.41336310E-02  2.72982186E-01  6.29042162E-01  6.36909356E-01  3.14224243E-01  8.16808461E-02  2.12865596E-02  1.15175250E-01  4.36945110E-01  6.92346500E-01  5.19626938E-01  1.89340718E-01  3.53803577E-02  3.81995665E-02  2.15794339E-01  5.62164340E-01  6.76394971E-01  3.94817470E-01  9.98787675E-02  2.24938765E-02  8.55458154E-02  3.46243713E-01  6.63443254E-01  5.89152808E-01  2.43930858E-01  5.50760987E-02  3.10232615E-02  1.70101543E-01  5.09600789E-01  6.87682632E-01  4.33661371E-01  1.44774519E-01  3.18351273E-02  6.48804126E-02  2.99048330E-01  6.26955221E-01  6.31490482E-01  2.98052002E-01  6.98160595E-02  2.71731714E-02  1.31909419E-01  4.23008351E-01  6.83518663E-01  5.09143622E-01  1.94410884E-01  4.04072124E-02  4.96545606E-02  2.33569594E-01  5.63080998E-01  6.49582823E-01  3.76966847E-01  1.11111811E-01  2.75555294E-02  9.97668730E-02  3.64085244E-01  6.51379057E-01  5.68899559E-01  2.47056159E-01  5.36184045E-02  3.44306097E-02  1.74108134E-01  5.11555012E-01  7.01469168E-01  4.43324220E-01  1.23596323E-01  1.97811620E-02  6.69536702E-02  2.99794506E-01  6.58234898E-01  6.64759290E-01  2.65558600E-01  3.82675597E-02  1.92875623E-02  1.22786385E-01  4.41660974E-01  7.65974858E-01  5.38778237E-01  1.08199405E-01  3.39875702E-03  3.42603473E-06  1.45710928E-06  2.82569526E-03  1.06225763E-01  5.42443092E-01  7.89397462E-01  4.38195493E-01  1.07202366E-01  1.39181512E-02  3.41324925E-02  2.60757467E-01  6.73511195E-01  6.72391299E-01  2.97602465E-01  5.61148923E-02  1.59540671E-02  1.10494785E-01  4.33322549E-01  7.11815511E-01  5.24212550E-01  1.80737637E-01  2.99442277E-02  4.09899099E-02  2.27521290E-01  5.69689719E-01  6.61436506E-01  3.82426834E-01  1.03702133E-01  2.15594882E-02  9.14930252E-02  3.62276903E-01  6.50225847E-01  5.79607416E-01  2.54794219E-01  5.12082099E-02  3.22784854E-02  1.75020676E-01  4.94662880E-01  6.75582880E-01  4.59686345E-01  1.45013626E-01  2.82574435E-02  7.05049798E-02  2.91936117E-01  6.06033743E-01  6.23170623E-01  3.12004262E-01  8.00489254E-02  3.37153362E-02  1.47172701E-01  4.21013814E-01  6.55023940E-01  5.10718125E-01  1.98254341E-01  4.31784202E-02  5.58244993E-02  2.43021742E-01  5.58934811E-01  6.41789487E-01  3.70872412E-01  1.09136342E-01  3.31560308E-02  1.09030380E-01  3.76864207E-01  6.53521891E-01  5.55090633E-01  2.33007500E-01  5.46270845E-02  3.75999530E-02  1.93136305E-01  5.32213918E-01  6.75482214E-01  4.10944708E-01  1.31093673E-01  3.18220969E-02  7.85224599E-02  3.26904478E-01  6.50191242E-01  5.91986045E-01  2.70470678E-01  6.76590155E-02  3.28919076E-02  1.53990249E-01  4.80883201E-01  6.72564105E-01  4.65447703E-01  1.69053840E-01  3.56463611E-02  6.36792949E-02  2.83609871E-01  5.82942739E-01  6.15196292E-01  3.43125677E-01  9.51934561E-02  2.90299935E-02  1.36093370E-01  4.21271560E-01  6.49324538E-01  5.17378895E-01  2.10082481E-01  4.53613788E-02
  4.83072464E-02  2.03328001E-01  5.08423784E-01  6.57254461E-01  4.24695443E-01  1.35776133E-01  3.40553440E-02  9.83958115E-02  3.39900123E-01  6.10713294E-01  5.76247912E-01  2.77783794E-01  7.64620917E-02  4.71538948E-02  1.91247646E-01  4.74657856E-01  6.34503653E-01  4.45403353E-01  1.70950145E-01  4.87305445E-02  8.70072699E-02  3.10408283E-01  5.73561520E-01  5.74340953E-01  3.20391383E-01  1.10853631E-01  5.18682700E-02  1.67379799E-01  4.27420363E-01  6.02135114E-01  4.86885306E-01  2.15829325E-01  6.65957018E-02  7.76444706E-02  2.65109221E-01  5.39623157E-01  5.91558882E-01  3.58420165E-01  1.28377261E-01  5.25020133E-02  1.29437086E-01  3.83338613E-01  6.03389194E-01  5.18227847E-01  2.53666437E-01  7.98929364E-02  6.11660896E-02  2.07616702E-01  4.93773354E-01  6.19405855E-01  4.19388113E-01  1.68211563E-01  5.21678653E-02  8.69189137E-02  3.11562585E-01  6.00493939E-01  5.85560339E-01  3.01118767E-01  9.26416347E-02  4.13728163E-02  1.42752808E-01  4.35273482E-01  6.60813192E-01  4.98830061E-01  1.91872647E-01  4.78675650E-02  4.98357488E-02  2.31048497E-01  5.73538028E-01  6.66104264E-01  3.68380394E-01  1.00019047E-01  2.14664995E-02  8.79230448E-02  3.69398501E-01  6.91085844E-01  5.84573521E-01  2.18533965E-01  3.74170832E-02  2.55903329E-02  1.74744975E-01  5.43854853E-01  7.29632918E-01  4.14237681E-01  1.02389790E-01  1.48761718E-02  5.65773025E-02  3.01826865E-01  6.92837159E-01  6.54394746E-01  2.54237143E-01  3.58761614E-02  1.30830082E-02  1.06119170E-01  4.43494947E-01  7.99633430E-01  5.35920956E-01  9.95580990E-02  2.86339209E-03  3.55137746E-06  1.35787962E-06  2.42535057E-03  9.46113226E-02  5.24965734E-01  7.97043677E-01  4.57174837E-01  1.12135872E-01  1.22566601E-02  3.20877974E-02  2.45689808E-01  6.46638449E-01  6.94594245E-01  3.17354610E-01  5.86667398E-02  1.40041624E-02  1.03572101E-01  4.09658916E-01  7.11538895E-01  5.49694550E-01  1.85889531E-01  3.10923567E-02  3.84339261E-02  2.11796997E-01  5.71046429E-01  6.91581977E-01  3.79136154E-01  9.62427001E-02  1.92410654E-02  8.12012064E-02  3.42116208E-01  6.70251777E-01  5.98281468E-01  2.46405860E-01  5.02250894E-02  3.21408017E-02  1.74465518E-01  4.92692842E-01  6.80361697E-01  4.51153571E-01  1.47800193E-01  3.02275388E-02  7.62111921E-02  3.08803959E-01  6.08298002E-01  6.07915947E-01  3.03182248E-01  7.94156887E-02  3.58712678E-02  1.53715080E-01  4.50932884E-01  6.53169103E-01  4.77333093E-01  1.90554730E-01  5.11580311E-02  7.04400418E-02  2.69004189E-01  5.53341914E-01  6.01361833E-01  3.62252733E-01  1.21030719E-01  4.06449040E-02  1.25996177E-01  3.80887505E-01  6.27355274E-01  5.34272140E-01  2.44439457E-01  6.50824703E-02  5.03015485E-02  2.01953534E-01  5.05691448E-01  6.48382912E-01  4.17394589E-01  1.48555357E-01  3.99467763E-02  8.40580859E-02  3.10689291E-01  6.13864186E-01  5.98187570E-01  2.94734780E-01  7.92184254E-02  3.63438099E-02  1.49169307E-01  4.50811135E-01  6.65470981E-01  4.86741966E-01  1.80510035E-01  4.20946599E-02  6.16361092E-02  2.53499360E-01  5.68397927E-01  6.41268620E-01  3.58075582E-01  1.01538587E-01  3.16075519E-02  1.16619303E-01  3.78963948E-01  6.44044867E-01  5.53761259E-01  2.35810873E-01  5.23449223E-02
  1.38366225E-01  4.15939011E-01  6.29708513E-01  4.93193602E-01  2.25527747E-01  6.96608165E-02  5.86255539E-02  2.35298465E-01  5.34839850E-01  6.06833830E-01  3.91790492E-01  1.46294775E-01  4.34318295E-02  1.04385782E-01  3.55713418E-01  6.01838055E-01  5.45770049E-01  2.84272883E-01  8.54750787E-02  4.88564135E-02  1.83895132E-01  4.71698465E-01  6.13472983E-01  4.55726393E-01  1.88446036E-01  5.41340337E-02  8.22985314E-02  2.87142656E-01  5.52754271E-01  5.83459875E-01  3.49356255E-01  1.16724793E-01  4.42437397E-02  1.35692295E-01  3.93925963E-01  6.16422745E-01  5.17244782E-01  2.41365049E-01  6.86714115E-02  5.82651303E-02  2.13297105E-01  4.95549639E-01  6.17321237E-01  4.26824116E-01  1.59513150E-01  4.34922224E-02  9.30720134E-02  3.13366599E-01  5.71608009E-01  5.75883377E-01  3.25490868E-01  9.78938554E-02  4.45117459E-02  1.61420382E-01  4.18041627E-01  6.08931158E-01  4.99412245E-01  2.22665153E-01  6.00294273E-02  7.25646649E-02  2.40492847E-01  5.04379133E-01  6.16542137E-01  4.05995725E-01  1.34841332E-01  4.02214519E-02  1.08453538E-01  3.33741391E-01  5.93768750E-01  5.78633992E-01  2.89747231E-01  7.38472064E-02  4.38944573E-02  1.68817829E-01  4.47348268E-01  6.48460917E-01  4.90125122E-01  1.75527691E-01  3.75843333E-02  6.23111272E-02  2.45075943E-01  5.72793485E-01  6.67413042E-01  3.54085729E-01  8.33745966E-02  2.40440351E-02  9.16412150E-02  3.48980738E-01  6.89111495E-01  6.07508697E-01  2.18547170E-01  2.80282514E-02  2.06116427E-02  1.34541658E-01  4.74660443E-01  7.83792309E-01  4.97349349E-01  8.57466462E-02  2.21071200E-03  1.03107148E-06  1.64414101E-06  3.05209976E-03  1.08451202E-01  5.60172256E-01  8.06383559E-01  4.22341870E-01  9.04560067E-02  9.87004598E-03  3.73109600E-02  2.85360334E-01  6.98813270E-01  6.61668151E-01  2.65086281E-01  4.74393814E-02  1.61849575E-02  1.31875095E-01  4.83950771E-01  7.25510174E-01  4.76763589E-01  1.46140772E-01  2.57213933E-02  5.34548419E-02  2.77325830E-01  6.30062617E-01  6.40457573E-01  3.05924481E-01  7.80315341E-02  2.78773805E-02  1.35382171E-01  4.57141179E-01  6.80768951E-01  4.82708580E-01  1.83107872E-01  4.46595179E-02  5.95200947E-02  2.70640758E-01  6.00988848E-01  6.13003160E-01  3.30410116E-01  1.04542199E-01  4.10105002E-02  1.39603361E-01  4.30336497E-01  6.39753017E-01  4.94531676E-01  2.14396076E-01  6.06062867E-02  6.56268413E-02  2.55363756E-01  5.51241003E-01  6.06340945E-01  3.69142923E-01  1.27177824E-01  4.41949784E-02  1.27341028E-01  3.90018933E-01  6.15280725E-01  5.23560184E-01  2.49478735E-01  7.13293354E-02  5.55902578E-02  2.29533404E-01  5.21806710E-01  6.09285495E-01  3.99151255E-01  1.54225877E-01  4.83324565E-02  1.09520011E-01  3.54663425E-01  6.02115324E-01  5.43953295E-01  2.78850980E-01  8.90618977E-02  5.50637314E-02  1.96627259E-01  4.83712794E-01  6.17774847E-01  4.30399677E-01  1.81535918E-01  5.56401059E-02  9.68989550E-02  3.14685211E-01  5.72359142E-01  5.71053800E-01  3.11565924E-01  1.05604063E-01  5.33399582E-02  1.70004916E-01  4.35384913E-01  6.27957709E-01  4.71392515E-01  1.97360825E-01  6.36802397E-02  8.04607162E-02  2.73195831E-01  5.65719359E-01  6.02289068E-01  3.37203182E-01  1.14772100E-01  4.74265236E-02
  8.22961588E-02  3.03997671E-01  5.96124105E-01  6.06888737E-01  3.11335031E-01  8.32217783E-02  3.67730879E-02  1.54260018E-01  4.51344431E-01  6.55737699E-01  4.88230714E-01  1.79812743E-01  4.18016869E-02  6.36268390E-02  2.74474151E-01  5.85589633E-01  6.20172545E-01  3.35181919E-01  1.02995070E-01  3.69052357E-02  1.33661042E-01  4.12149074E-01  6.33330821E-01  5.15520324E-01  2.23695067E-01  5.87153571E-02  5.73709832E-02  2.34479499E-01  5.24627225E-01  6.18620447E-01  4.01350881E-01  1.41810529E-01  3.90475571E-02  1.03692769E-01  3.47712171E-01  6.05452179E-01  5.64261768E-01  2.83212910E-01  7.87409218E-02  4.91624494E-02  1.88656368E-01  4.58444335E-01  6.23642042E-01  4.64386933E-01  1.81175375E-01  4.63095548E-02  7.74590834E-02  2.86633310E-01  5.72099449E-01  5.99483969E-01  3.39916245E-01  1.02039488E-01  3.67100875E-02  1.44874041E-01  4.21357524E-01  6.22379674E-01  4.99710594E-01  2.29078888E-01  5.98909988E-02  5.27435801E-02  2.25225815E-01  5.32484956E-01  6.29130168E-01  4.01465528E-01  1.36879514E-01  3.05538843E-02  8.83565531E-02  3.39545695E-01  6.26251641E-01  5.71760298E-01  2.88774890E-01  7.10905810E-02  3.00485651E-02  1.52429685E-01  4.56645061E-01  6.70327870E-01  4.93466849E-01  1.70210821E-01  3.41454080E-02  5.26480794E-02  2.38445505E-01  5.73697679E-01  6.65031268E-01  3.62908406E-01  9.44830970E-02  1.86063925E-02  7.79393237E-02  3.49465330E-01  6.89077728E-01  6.12326429E-01  2.32541496E-01  3.06007834E-02  1.54367724E-02  1.31906108E-01  4.73375250E-01  7.75197989E-01  5.11139350E-01  9.10260556E-02  2.16904557E-03  2.27705967E-05  7.81303042E-06  2.86923619E-03  1.04478825E-01  5.51056185E-01  7.94499632E-01  4.38866557E-01  9.91963389E-02  9.68521217E-03  3.41287740E-02  2.61388500E-01  6.64109926E-01  6.82591247E-01  2.96831612E-01  5.58749550E-02  1.19740749E-02  1.00700003E-01  4.26082382E-01  7.30304510E-01  5.38356281E-01  1.73104264E-01  2.44659773E-02  3.63478888E-02  2.18884293E-01  5.86483745E-01  6.95954083E-01  3.67214597E-01  8.62834939E-02  1.71723149E-02  8.91479201E-02  3.66850101E-01  6.83695840E-01  5.81580222E-01  2.26043264E-01  4.22525186E-02  3.52313305E-02  1.89022603E-01  5.17219778E-01  6.79033806E-01  4.32763839E-01  1.29182912E-01  2.61533829E-02  7.88377491E-02  3.21349889E-01  6.23298316E-01  6.17427565E-01  2.90367881E-01  5.93569395E-02  3.15124794E-02  1.60331030E-01  4.57828291E-01  6.80723436E-01  4.89999358E-01  1.58465309E-01  3.05340697E-02  7.21526779E-02  2.81806492E-01  5.84502076E-01  6.34433127E-01  3.28541037E-01  8.30784593E-02  3.12565609E-02  1.47326769E-01  4.24495088E-01  6.39855913E-01  5.15788260E-01  2.04832323E-01  4.39574148E-02  6.44847839E-02  2.63344123E-01  5.37707967E-01  6.09243191E-01  3.78719593E-01  1.24349633E-01  4.36715185E-02  1.33324826E-01  3.82215725E-01  6.05643478E-01  5.27748583E-01  2.55039410E-01  7.06691787E-02  5.95651338E-02  2.29241619E-01  5.04699642E-01  6.24952840E-01  4.18576838E-01  1.44114219E-01  3.79505732E-02  1.06895746E-01  3.44817861E-01  6.07401609E-01  5.68743836E-01  2.80698128E-01  7.20330487E-02  4.57636872E-02  1.93353884E-01  4.77576195E-01  6.40116511E-01  4.58214696E-01  1.58723713E-01  4.00360517E-02
  1.05948707E-01  2.28372876E-01  3.13840633E-01  5.13182797E-01  5.41696887E-01  2.35253404E-01  6.45603166E-02  1.10189551E-01  2.72907652E-01  4.64818470E-01  5.81046966E-01  4.10876306E-01  1.33637678E-01  5.16410554E-02  1.46183325E-01  3.38986280E-01  5.42831768E-01  5.72840739E-01  2.93560950E-01  6.42618470E-02  6.37930343E-02  2.04324538E-01  4.11417414E-01  6.45803377E-01  4.94099947E-01  1.55794301E-01  3.00288127E-02  8.31700264E-02  2.97635145E-01  5.86464697E-01  6.41307863E-01  3.12308179E-01  6.33988391E-02  2.94541425E-02  1.47797467E-01  4.25191451E-01  6.76181214E-01  5.25076939E-01  1.78063852E-01  2.55689710E-02  3.62535092E-02  2.28926227E-01  6.03858575E-01  6.86950923E-01  3.46888865E-01  8.65115567E-02  1.64110818E-02  8.88472823E-02  4.24194195E-01  7.08861636E-01  5.01182058E-01  2.16689604E-01  5.06519261E-02  3.11685488E-02  2.23180897E-01  5.61656042E-01  6.21570765E-01  3.87846966E-01  1.48320422E-01  3.31418470E-02  7.72121372E-02  3.66088760E-01  6.56855937E-01  5.52382164E-01  2.61846121E-01  7.49397361E-02  2.69716095E-02  1.75693615E-01  5.14550712E-01  6.70481478E-01  4.35997573E-01  1.59130237E-01  2.69264380E-02  5.80804222E-02  2.79458470E-01  6.31271873E-01  6.78637995E-01  3.00763166E-01  4.70518206E-02  1.34286016E-02  1.17023958E-01  4.34598839E-01  7.94104274E-01  5.14612032E-01  1.19215620E-01  9.43145119E-03  3.29735092E-02  2.32810026E-01  6.70115040E-01  7.25578047E-01  3.02000422E-01  3.51402639E-02  8.18807388E-03  7.83713984E-02  3.91667757E-01  8.29309974E-01  5.84122427E-01  1.06666596E-01  2.35799472E-03  0.00000000E+00  0.00000000E+00  2.33435356E-03  8.42623747E-02  5.09002639E-01  8.23439894E-01  4.57927810E-01  1.07083061E-01  1.53746702E-02  3.58326121E-02  2.70893509E-01  6.85944380E-01  6.36529393E-01  2.89495198E-01  7.24598417E-02  1.71965172E-02  1.26678522E-01  4.89768654E-01  6.94950818E-01  4.73953984E-01  1.80870185E-01  2.71157784E-02  5.28238522E-02  3.00049393E-01  6.12362955E-01  6.28147968E-01  3.29829235E-01  7.13432190E-02  2.25164116E-02  1.52633351E-01  4.50102269E-01  6.97718628E-01  4.95963799E-01  1.60163377E-01  2.59741425E-02  5.50757784E-02  3.09098047E-01  6.18914512E-01  6.30459103E-01  3.28481266E-01  5.58984697E-02  2.12732454E-02  1.61762005E-01  4.67789024E-01  6.73471979E-01  5.01137309E-01  1.59173509E-01  2.06480211E-02  6.14897098E-02  3.04367282E-01  6.20195989E-01  6.19939420E-01  3.14170026E-01  7.11925066E-02  1.91570449E-02  1.29956728E-01  4.50557573E-01  6.87180264E-01  5.09141003E-01  1.81635673E-01  2.80973087E-02  3.04774670E-02  2.22389446E-01  5.85771715E-01  6.78570237E-01  3.90689182E-01  8.55010026E-02  1.26187863E-02  7.94645910E-02  3.35803694E-01  6.47493193E-01  6.17638311E-01  2.47535515E-01  5.94932982E-02  3.22127704E-02  1.66766332E-01  4.60592929E-01  6.25837678E-01  4.38981214E-01  2.22041266E-01  6.35353034E-02  8.33505013E-02  2.71533404E-01  5.12886438E-01  5.34613298E-01  3.89004011E-01  1.68807810E-01  5.21983113E-02  1.23907863E-01  3.33329499E-01  4.64355251E-01  5.26274723E-01  3.85673668E-01  1.28553879E-01  8.96178364E-02  2.01718734E-01  2.91732982E-01  4.31005277E-01  5.41993245E-01  3.64514617E-01  1.17821214E-01
  6.75690560E-02  2.32466426E-01  4.90157404E-01  5.95498211E-01  4.15949581E-01  1.64636950E-01  5.46845907E-02  1.09189800E-01  3.26726069E-01  5.64753769E-01  5.64420932E-01  3.14051067E-01  9.63074605E-02  5.19940880E-02  1.75940984E-01  4.33351910E-01  6.03099021E-01  4.81251667E-01  2.14159462E-01  5.66510719E-02  7.64765374E-02  2.70581418E-01  5.34856566E-01  6.06696827E-01  3.77466855E-01  1.15628009E-01  3.36581643E-02  1.23673169E-01  3.82289218E-01  6.34843316E-01  5.51549147E-01  2.39196339E-01  5.01105001E-02  4.51398198E-02  2.16909064E-01  5.17073613E-01  6.56973678E-01  4.13585001E-01  1.30442590E-01  2.87139313E-02  9.01587466E-02  3.43898237E-01  6.36654362E-01  5.78447244E-01  2.68215240E-01  6.60320616E-02  3.24595274E-02  1.67161692E-01  4.95244110E-01  6.79203619E-01  4.54009751E-01  1.51188740E-01  3.06615119E-02  6.75863846E-02  2.87708547E-01  6.28350385E-01  6.37128429E-01  2.99889902E-01  6.87306385E-02  2.47087714E-02  1.28898425E-01  4.32288816E-01  7.03226406E-01  5.12645223E-01  1.75295537E-01  3.21861026E-02  4.15211124E-02  2.26033508E-01  5.69864740E-01  6.81911001E-01  3.76006659E-01  9.38816399E-02  1.80697689E-02  8.24141428E-02  3.52051004E-01  6.96907100E-01  6.02651025E-01  2.22563907E-01  3.40180285E-02  2.28310223E-02  1.57057694E-01  5.23859459E-01  7.45915550E-01  4.37780253E-01  1.04795268E-01  1.20781251E-02  4.94271158E-02  2.85147602E-01  6.85751273E-01  6.79510067E-01  2.62767343E-01  3.34136885E-02  1.14611098E-02  1.02999128E-01  4.44204403E-01  8.01299689E-01  5.39066437E-01  9.90371798E-02  2.40590678E-03  1.90103147E-06  7.74513644E-06  2.56890456E-03  9.61519102E-02  5.26248602E-01  7.97913931E-01  4.50424003E-01  1.12708604E-01  1.43110589E-02  3.25310511E-02  2.50071753E-01  6.45966554E-01  6.72854801E-01  3.14718987E-01  7.44822666E-02  2.05571328E-02  1.11568278E-01  4.18738890E-01  6.73697209E-01  5.21594422E-01  2.11636501E-01  4.99094608E-02  5.11315368E-02  2.29875660E-01  5.44993869E-01  6.35011537E-01  3.84113712E-01  1.28359143E-01  4.11447239E-02  1.08160146E-01  3.62203739E-01  6.18444460E-01  5.49231895E-01  2.60326560E-01  7.89262932E-02  5.15057840E-02  1.96076360E-01  4.86560752E-01  6.27888403E-01  4.31542650E-01  1.74317363E-01  4.91607312E-02  9.07724455E-02  3.13097135E-01  5.72140964E-01  5.75193195E-01  3.26447719E-01  1.01487014E-01  4.72981799E-02  1.61016394E-01  4.25723927E-01  6.10123040E-01  4.92641948E-01  2.18628939E-01  6.03136806E-02  7.17386761E-02  2.56104708E-01  5.27686586E-01  6.08568382E-01  3.79046345E-01  1.30026724E-01  4.63745241E-02  1.27392949E-01  3.77599901E-01  5.99889113E-01  5.23443635E-01  2.62696174E-01  7.91419768E-02  6.18630161E-02  2.17627084E-01  4.93996308E-01  6.09600094E-01  4.13757007E-01  1.67364403E-01  5.58081473E-02  1.06839373E-01  3.45621851E-01  5.84561509E-01  5.38676475E-01  2.93611547E-01  1.00739548E-01  5.32198250E-02  1.90670991E-01  4.70559316E-01  5.99342348E-01  4.36972414E-01  1.98009406E-01  6.50054524E-02  8.79367071E-02  2.94095731E-01  5.42719885E-01  5.70776101E-01  3.50279739E-01  1.25588970E-01  5.14685102E-02  1.46096284E-01  3.92769573E-01  5.88099167E-01  5.18203593E-01  2.51258687E-01  7.52237316E-02
  5.60630735E-02  1.91719332E-01  4.56825048E-01  6.35308970E-01  4.59729155E-01  1.69764491E-01  4.73237968E-02  9.36224625E-02  2.91357921E-01  5.55492560E-01  6.02459783E-01  3.35990181E-01  9.80451077E-02  5.27551743E-02  1.62773339E-01  3.93940321E-01  6.10919786E-01  5.27832594E-01  2.17023251E-01  5.79653166E-02  8.51068860E-02  2.44436825E-01  4.99725776E-01  6.27212498E-01  3.92645291E-01  1.23291406E-01  5.31730670E-02  1.34171171E-01  3.58156214E-01  5.96393487E-01  5.45681650E-01  2.57778196E-01  7.14607703E-02  7.10044131E-02  2.27863047E-01  4.80615438E-01  6.06858681E-01  4.34309482E-01  1.48621298E-01  4.47969082E-02  1.14903826E-01  3.31611850E-01  5.78711665E-01  5.79212592E-01  2.93398820E-01  7.82694347E-02  5.12455307E-02  1.72868876E-01  4.46617005E-01  6.51161577E-01  4.71217773E-01  1.73616117E-01  4.40640397E-02  7.34338164E-02  2.73133177E-01  5.79132618E-01  6.24480225E-01  3.39267915E-01  9.10081264E-02  3.48163468E-02  1.32489260E-01  4.14248858E-01  6.66503397E-01  5.25666776E-01  1.99836517E-01  3.94915524E-02  5.22639457E-02  2.31180520E-01  5.62696352E-01  6.71448398E-01  3.69788369E-01  9.96443191E-02  2.84278209E-02  9.62913540E-02  3.65703340E-01  6.70186176E-01  5.79352960E-01  2.30197389E-01  4.15739757E-02  3.85083692E-02  1.87349356E-01  5.20444173E-01  6.99531244E-01  4.28145925E-01  1.12891725E-01  1.78061575E-02  6.53862750E-02  2.99512600E-01  6.68732581E-01  6.66077154E-01  2.60290325E-01  3.35501606E-02  1.23283301E-02  1.03254012E-01  4.41788975E-01  8.09628280E-01  5.36359102E-01  9.46806215E-02  2.06812378E-03  0.00000000E+00  1.69734952E-06  2.78788354E-03  9.88699726E-02  5.31598872E-01  7.94387534E-01  4.56495266E-01  1.05881165E-01  1.08969839E-02  3.62692623E-02  2.52341992E-01  6.44788181E-01  6.72088022E-01  3.16898655E-01  7.00656639E-02  1.93552579E-02  1.16052268E-01  4.17819595E-01  6.81423982E-01  5.31891610E-01  2.01153221E-01  3.92787152E-02  4.63819454E-02  2.21170242E-01  5.42623277E-01  6.55924596E-01  3.90706374E-01  1.20891537E-01  3.37017104E-02  1.03069926E-01  3.52113132E-01  6.27872412E-01  5.68173145E-01  2.56550876E-01  6.92766836E-02  5.09517692E-02  1.95766251E-01  4.84502656E-01  6.46133793E-01  4.37012900E-01  1.54546959E-01  4.78864081E-02  9.84057867E-02  3.03337438E-01  5.81358475E-01  5.88460990E-01  3.09134858E-01  9.52214963E-02  4.91202298E-02  1.68389226E-01  4.32897198E-01  6.07977616E-01  4.82562846E-01  2.12830813E-01  6.50381303E-02  8.25872359E-02  2.66722648E-01  5.20364063E-01  5.83967729E-01  3.78709461E-01  1.40419240E-01  5.22949837E-02  1.34575172E-01  3.68539856E-01  5.73006100E-01  5.34163201E-01  2.78590166E-01  8.11932733E-02  5.96828098E-02  2.09891260E-01  4.60968393E-01  5.96387398E-01  4.44541867E-01  1.90605630E-01  5.33233320E-02  1.02428792E-01  3.04060410E-01  5.35240904E-01  5.72922512E-01  3.48093145E-01  1.12720992E-01  4.91256039E-02  1.56451145E-01  4.06148192E-01  6.04740666E-01  5.13869894E-01  2.31292216E-01  6.04554798E-02  7.07580259E-02  2.38564178E-01  5.06470860E-01  6.14769328E-01  4.08258284E-01  1.36891297E-01  4.21593420E-02  1.18511524E-01  3.48168952E-01  5.86544682E-01  5.67366967E-01  2.80843473E-01  7.45615563E-02
  7.97096279E-02  2.56081786E-01  4.91126742E-01  5.89948374E-01  4.05159138E-01  1.45788980E-01  4.89334743E-02  1.32091135E-01  3.50120543E-01  5.79484988E-01  5.48191706E-01  2.80332848E-01  8.28586030E-02  6.26554380E-02  2.05859966E-01  4.79219198E-01  6.17372430E-01  4.29855276E-01  1.74054780E-01  5.29186943E-02  1.02173965E-01  3.25875253E-01  5.75858248E-01  5.66863883E-01  3.15037195E-01  9.06159812E-02  5.01389372E-02  1.70076668E-01  4.33707168E-01  6.33234198E-01  4.86667283E-01  1.91306531E-01  4.66606554E-02  7.35891840E-02  2.66049866E-01  5.65236772E-01  6.06058765E-01  3.53103632E-01  1.13495861E-01  4.09733699E-02  1.36091391E-01  3.95202094E-01  6.05304400E-01  5.29631832E-01  2.44143016E-01  6.16053793E-02  5.93738817E-02  2.35890764E-01  4.95669106E-01  6.09154151E-01  4.23464948E-01  1.49323264E-01  4.52345319E-02  1.10109215E-01  3.27888931E-01  5.83851720E-01  5.77951466E-01  2.99410847E-01  8.10022144E-02  4.78474579E-02  1.79943251E-01  4.49907633E-01  6.31368513E-01  4.79971709E-01  1.84774811E-01  3.79530644E-02  7.06669174E-02  2.73083285E-01  5.68634715E-01  6.31377992E-01  3.51487098E-01  9.06299830E-02  2.98771850E-02  1.22064828E-01  3.94245212E-01  6.59552150E-01  5.56160731E-01  2.11504071E-01  3.80273822E-02  4.21696827E-02  1.96093746E-01  5.41302771E-01  6.97345324E-01  4.11968048E-01  9.93327118E-02  1.44957723E-02  6.16381773E-02  3.15022656E-01  6.94707476E-01  6.48992923E-01  2.41629920E-01  3.14594229E-02  1.27622301E-02  1.10895354E-01  4.68103298E-01  7.96095005E-01  5.14313874E-01  9.56030605E-02  2.40162946E-03  3.18057188E-06  0.00000000E+00  2.44178091E-03  9.60552083E-02  5.32251349E-01  8.00612367E-01  4.47451129E-01  1.08700154E-01  1.31100353E-02  3.01700379E-02  2.52950307E-01  6.65547414E-01  6.89990704E-01  2.99900379E-01  5.67330304E-02  1.41819768E-02  1.02049354E-01  4.10853652E-01  7.17620227E-01  5.44582906E-01  1.85875258E-01  2.96079175E-02  3.93626531E-02  2.15310255E-01  5.68996731E-01  6.80051673E-01  3.78635086E-01  1.03653245E-01  2.18048884E-02  9.06646612E-02  3.58014331E-01  6.63135704E-01  5.79116386E-01  2.42477075E-01  5.44926283E-02  3.44464865E-02  1.80313874E-01  5.12967249E-01  6.75460405E-01  4.31932435E-01  1.41114746E-01  3.42577308E-02  7.68205614E-02  3.03912970E-01  6.20416519E-01  5.97419334E-01  2.93895480E-01  8.86422039E-02  3.86653715E-02  1.54365499E-01  4.51062170E-01  6.43873540E-01  4.69267570E-01  1.98065089E-01  5.77877112E-02  6.65308317E-02  2.69159807E-01  5.59381846E-01  5.93670009E-01  3.56039739E-01  1.28983465E-01  4.37314114E-02  1.27524779E-01  3.90652278E-01  6.13198062E-01  5.14244794E-01  2.56086873E-01  7.42770701E-02  5.21525734E-02  2.23967980E-01  5.15821898E-01  5.92777245E-01  4.13468338E-01  1.73373986E-01  4.47834234E-02  1.10187278E-01  3.56522444E-01  5.61895992E-01  5.33831184E-01  3.17380107E-01  9.79770309E-02  5.47245750E-02  1.98764706E-01  4.52194521E-01  5.75630375E-01  4.63713790E-01  2.14283671E-01  6.04031022E-02  9.11417626E-02  2.93976472E-01  5.36421893E-01  5.68352840E-01  3.57218713E-01  1.26775250E-01  5.67302833E-02  1.60186285E-01  3.94727782E-01  5.82625706E-01  5.10466473E-01  2.47942948E-01  7.08064081E-02
  6.72293354E-02  2.05861251E-01  4.44219287E-01  5.44619188E-01  4.40369458E-01  2.33728884E-01  9.12535475E-02  1.13197091E-01  2.99943444E-01  5.03744484E-01  5.22733260E-01  3.61447886E-01  1.61575057E-01  7.79535135E-02  1.72317916E-01  3.91827032E-01  5.39769928E-01  4.64050054E-01  2.79430396E-01  1.09540013E-01  9.74631989E-02  2.58041018E-01  4.70577830E-01  5.27297595E-01  4.10632307E-01  1.92312062E-01  7.56731323E-02  1.44002987E-01  3.57534848E-01  5.26854054E-01  5.13678219E-01  3.11520167E-01  1.07905189E-01  7.52409453E-02  2.25931291E-01  4.55769093E-01  5.68166131E-01  4.45921290E-01  1.94379099E-01  5.78573182E-02  1.12142499E-01  3.15145027E-01  5.53494049E-01  5.69474882E-01  3.27499559E-01  9.89329364E-02  5.46135161E-02  1.75128461E-01  4.32890168E-01  6.16496373E-01  4.82252378E-01  2.00693532E-01  5.72244418E-02  8.61086304E-02  2.69600663E-01  5.49941037E-01  6.09824562E-01  3.54301653E-01  1.06484721E-01  5.00975584E-02  1.44658075E-01  3.85365667E-01  6.26905126E-01  5.27516950E-01  2.24219909E-01  5.73405510E-02  6.62846011E-02  2.30371688E-01  5.20773532E-01  6.45281269E-01  3.98182953E-01  1.18246523E-01  3.98048153E-02  1.18246037E-01  3.48337464E-01  6.27436684E-01  5.78716772E-01  2.51190322E-01  5.16452435E-02  4.43355634E-02  1.83762512E-01  4.89857710E-01  7.02980394E-01  4.48179846E-01  1.18646539E-01  1.91179318E-02  6.41992166E-02  2.90917524E-01  6.69293976E-01  6.76318694E-01  2.58660295E-01  3.17024625E-02  1.11425199E-02  9.89917744E-02  4.38911884E-01  8.09564471E-01  5.41086090E-01  9.83038047E-02  2.39243766E-03  1.02363233E-06  0.00000000E+00  2.20629325E-03  9.65915394E-02  5.38868181E-01  8.00685364E-01  4.39716146E-01  1.09095783E-01  1.30261183E-02  2.98030030E-02  2.50784369E-01  6.56593373E-01  6.79401938E-01  3.15771626E-01  6.27608878E-02  1.26965609E-02  9.60766941E-02  3.99180984E-01  7.04912641E-01  5.56015229E-01  1.97777527E-01  3.62843087E-02  3.35261261E-02  1.98313070E-01  5.43496122E-01  6.79743188E-01  4.05219151E-01  1.21633169E-01  2.62368403E-02  7.61933359E-02  3.23650231E-01  6.42971511E-01  6.02388651E-01  2.79909873E-01  6.47789268E-02  2.98443295E-02  1.49197665E-01  4.57416634E-01  6.59978457E-01  4.98631821E-01  1.79348317E-01  3.37101710E-02  6.00340462E-02  2.59365416E-01  5.59098801E-01  6.34522799E-01  3.64461345E-01  1.04234354E-01  3.25264238E-02  1.23185183E-01  3.83772957E-01  6.27446413E-01  5.50991800E-01  2.38434046E-01  5.64949785E-02  5.08924925E-02  2.06123619E-01  5.04138075E-01  6.56013819E-01  4.28400543E-01  1.36487803E-01  3.16778587E-02  8.92138347E-02  3.18117650E-01  6.15381042E-01  5.95649960E-01  2.88644847E-01  7.38430134E-02  3.68471184E-02  1.64900974E-01  4.62103622E-01  6.45536545E-01  4.78556595E-01  1.80069868E-01  4.26205301E-02  6.70081107E-02  2.70538922E-01  5.64791054E-01  6.13351362E-01  3.57830432E-01  1.07649072E-01  3.64262489E-02  1.30422149E-01  3.79905340E-01  6.05536347E-01  5.37051704E-01  2.57314683E-01  6.70445176E-02  5.95570806E-02  2.18206377E-01  4.82085928E-01  6.00550505E-01  4.15767380E-01  1.78012994E-01  5.88056665E-02  1.11259841E-01  3.30134770E-01  5.58635321E-01  5.24476705E-01  3.17447536E-01  1.23159128E-01
  5.10862985E-02  1.86725139E-01  4.64089923E-01  6.39049145E-01  4.65506390E-01  1.64236292E-01  4.65582086E-02  9.53673952E-02  2.79727035E-01  5.43793268E-01  6.06310782E-01  3.45071017E-01  1.07382081E-01  5.73518005E-02  1.51527165E-01  3.71254618E-01  6.02961739E-01  5.30081922E-01  2.35846387E-01  7.24394934E-02  8.17077791E-02  2.27565071E-01  4.94112934E-01  6.10676370E-01  4.03939136E-01  1.44899324E-01  5.96555738E-02  1.28508735E-01  3.42364664E-01  5.75342985E-01  5.37920298E-01  2.78103940E-01  9.43297558E-02  7.02404021E-02  2.08308072E-01  4.68689160E-01  6.06035232E-01  4.25758506E-01  1.80976644E-01  6.10327823E-02  1.13928858E-01  3.20273341E-01  5.60164758E-01  5.55571156E-01  3.15207030E-01  1.06760329E-01  6.60540593E-02  1.85136357E-01  4.26557963E-01  5.93129714E-01  4.75116266E-01  2.11650111E-01  6.04567907E-02  8.97733333E-02  2.86746834E-01  5.33582953E-01  5.78065737E-01  3.69004063E-01  1.19831618E-01  4.28679149E-02  1.49848670E-01  3.94768727E-01  6.14599316E-01  5.20973396E-01  2.32104108E-01  5.86488158E-02  5.59909805E-02  2.25350437E-01  5.33762622E-01  6.49132869E-01  3.96486789E-01  1.22852263E-01  2.73670766E-02  9.81712547E-02  3.48474119E-01  6.43524575E-01  5.88967359E-01  2.57261998E-01  5.23305183E-02  3.54222327E-02  1.72535913E-01  4.90368795E-01  7.01545622E-01  4.60946009E-01  1.28635279E-01  1.85136493E-02  5.76436819E-02  2.79246298E-01  6.48200491E-01  6.91503293E-01  2.82067408E-01  3.59817470E-02  1.25570179E-02  1.01455715E-01  4.26802517E-01  7.87226103E-01  5.64346097E-01  1.04598397E-01  2.47172216E-03  3.94829612E-06  1.09674892E-07  2.79030683E-03  1.02653735E-01  5.26546416E-01  7.62870458E-01  4.59761635E-01  1.28231665E-01  1.72930722E-02  3.60756182E-02  2.50218478E-01  6.26890983E-01  6.70430307E-01  3.32537637E-01  7.59275937E-02  1.99796788E-02  1.04468014E-01  3.94820504E-01  6.83359509E-01  5.50333981E-01  2.14044136E-01  4.04332106E-02  3.59431884E-02  2.05552406E-01  5.39169756E-01  6.74394506E-01  4.06172754E-01  1.21291887E-01  2.49858728E-02  8.22935788E-02  3.42973443E-01  6.49512579E-01  5.87317551E-01  2.65861460E-01  5.90082308E-02  3.58152866E-02  1.85110667E-01  4.86137480E-01  6.44125625E-01  4.46844742E-01  1.66374545E-01  4.33220159E-02  7.92698055E-02  3.05023904E-01  5.84653814E-01  5.78527625E-01  3.16053652E-01  1.10578875E-01  4.44799321E-02  1.52123813E-01  4.23822374E-01  6.20925703E-01  4.92046946E-01  2.24360454E-01  6.46236637E-02  6.52997467E-02  2.39862734E-01  5.22188714E-01  6.20937156E-01  3.98226280E-01  1.31963489E-01  3.73638543E-02  1.11189962E-01  3.51942572E-01  6.14371934E-01  5.71340290E-01  2.67050012E-01  6.56390913E-02  4.93391252E-02  1.90697652E-01  4.68086910E-01  6.46903841E-01  4.51516464E-01  1.61480345E-01  4.10699830E-02  7.45311712E-02  2.91428562E-01  5.89697846E-01  6.07209025E-01  3.26378143E-01  9.45252226E-02  3.63383314E-02  1.46842434E-01  4.20891056E-01  6.37390218E-01  5.13370518E-01  2.12256096E-01  4.93420394E-02  6.21710928E-02  2.40418096E-01  5.35009312E-01  6.36290973E-01  3.88655459E-01  1.17331855E-01  3.37163651E-02  1.08713566E-01  3.49917425E-01  6.24474177E-01  5.71167677E-01  2.64168022E-01  6.38295025E-02
  4.64117195E-02  1.94505878E-01  4.78664134E-01  6.26161060E-01  4.55992641E-01  1.69381951E-01  4.14444392E-02  8.49786708E-02  3.04290811E-01  5.87759603E-01  5.95083938E-01  3.17513440E-01  8.95060608E-02  3.91906724E-02  1.55045891E-01  4.35470793E-01  6.36762951E-01  4.95833613E-01  2.04299005E-01  4.80813057E-02  6.68363233E-02  2.59282099E-01  5.47669414E-01  6.19461136E-01  3.73249772E-01  1.12641206E-01  3.74158506E-02  1.23680319E-01  3.76281817E-01  6.26170414E-01  5.51659193E-01  2.39859423E-01  6.03771145E-02  5.33660112E-02  2.12880407E-01  5.01692983E-01  6.40325332E-01  4.28544416E-01  1.42840512E-01  3.66844549E-02  9.74377856E-02  3.30005280E-01  6.02108322E-01  5.88308881E-01  2.92878073E-01  7.10503564E-02  4.30554694E-02  1.79232819E-01  4.60712349E-01  6.46838151E-01  4.79760982E-01  1.66947032E-01  3.57460086E-02  7.66331949E-02  2.90235086E-01  5.86023068E-01  6.22314851E-01  3.24508092E-01  8.37632119E-02  3.34626923E-02  1.43224572E-01  4.21150657E-01  6.58368555E-01  5.19213997E-01  1.98354255E-01  3.87454968E-02  5.45101710E-02  2.33380285E-01  5.54027335E-01  6.69342974E-01  3.80228850E-01  9.55542917E-02  2.35397154E-02  1.05145319E-01  3.75747090E-01  6.73891547E-01  5.78708489E-01  2.17167682E-01  3.46171876E-02  2.96008983E-02  1.77444058E-01  5.37759389E-01  7.30314720E-01  4.21002073E-01  9.60658676E-02  1.15175767E-02  5.73349785E-02  3.02115185E-01  6.95175600E-01  6.65011046E-01  2.47491380E-01  2.83696096E-02  1.15165426E-02  1.04747549E-01  4.50209855E-01  8.06792756E-01  5.30043107E-01  9.45641676E-02  2.35138791E-03  5.08160334E-06  1.31609871E-06  2.65038256E-03  9.67917222E-02  5.16171803E-01  7.71425434E-01  4.61152986E-01  1.31312213E-01  2.03181564E-02  3.50404335E-02  2.38199018E-01  6.13987711E-01  6.66332874E-01  3.44604737E-01  8.91999060E-02  2.46001880E-02  9.99835018E-02  3.78334696E-01  6.58678308E-01  5.60783267E-01  2.37163369E-01  5.26941742E-02  4.31445149E-02  1.89459585E-01  4.98858864E-01  6.67209265E-01  4.36417595E-01  1.43118600E-01  3.65723619E-02  8.46774461E-02  3.04478741E-01  6.06266066E-01  6.05802852E-01  2.99136530E-01  7.91135083E-02  3.94275388E-02  1.51267017E-01  4.31352939E-01  6.51546484E-01  4.99771166E-01  1.92209291E-01  4.79253793E-02  7.23915707E-02  2.49460927E-01  5.46700760E-01  6.33586108E-01  3.61318705E-01  1.09303721E-01  4.35372660E-02  1.24913796E-01  3.80065742E-01  6.27339997E-01  5.28943470E-01  2.43603823E-01  6.91266118E-02  5.83491317E-02  2.17636987E-01  5.08902828E-01  6.26416592E-01  4.06770351E-01  1.49045473E-01  4.74782609E-02  1.02014649E-01  3.31426682E-01  6.00918987E-01  5.64900593E-01  2.88091495E-01  8.77843792E-02  4.69439718E-02  1.76515441E-01  4.67420906E-01  6.30840611E-01  4.54943810E-01  1.89281697E-01  5.00592088E-02  7.57125473E-02  2.86405515E-01  5.70133104E-01  6.02084523E-01  3.39059809E-01  1.06527463E-01  3.59809688E-02  1.36949691E-01  4.14498587E-01  6.28494540E-01  5.17410132E-01  2.29204303E-01  5.43600261E-02  5.37274266E-02  2.35864729E-01  5.28475749E-01  6.19557394E-01  4.07471257E-01  1.36094806E-01  3.34099543E-02  1.10495757E-01  3.56647912E-01  6.01573997E-01  5.65976430E-01  2.80388902E-01  6.76082047E-02
  7.64497193E-02  2.37992088E-01  4.75346416E-01  6.09808038E-01  4.26408748E-01  1.47910918E-01  4.55904478E-02  1.29658519E-01  3.32681285E-01  5.47590082E-01  5.74212414E-01  3.07686586E-01  8.16853688E-02  6.23786813E-02  1.96704802E-01  4.20669440E-01  5.90908280E-01  4.93177475E-01  1.99102295E-01  5.19824102E-02  9.61627732E-02  2.78217287E-01  5.23571855E-01  5.97860467E-01  3.66393561E-01  1.13029973E-01  4.74021204E-02  1.56394172E-01  3.93911670E-01  5.89417438E-01  5.14309194E-01  2.47717368E-01  6.35336154E-02  6.59092936E-02  2.43695668E-01  5.04358668E-01  6.03191821E-01  4.09824985E-01  1.47726617E-01  3.79714480E-02  1.07603938E-01  3.48199577E-01  5.95093762E-01  5.54631602E-01  2.90854623E-01  8.02546755E-02  4.65525055E-02  1.95215725E-01  4.71344040E-01  6.07061219E-01  4.52118517E-01  1.92578707E-01  5.18074579E-02  8.64359107E-02  2.94566695E-01  5.55302760E-01  5.85568915E-01  3.53904322E-01  1.04725938E-01  4.03608722E-02  1.52123175E-01  4.09650022E-01  6.10172221E-01  5.19455135E-01  2.30611641E-01  5.11290299E-02  6.12389189E-02  2.47032970E-01  5.17578749E-01  6.28069539E-01  4.12427335E-01  1.16901016E-01  3.08782661E-02  1.09049056E-01  3.46596073E-01  6.31283933E-01  5.89631022E-01  2.54923656E-01  5.14686930E-02  3.54881107E-02  1.71159838E-01  4.96619668E-01  7.07647369E-01  4.54695563E-01  1.23750082E-01  1.57514506E-02  5.65624442E-02  2.84841368E-01  6.69767353E-01  6.85374989E-01  2.66177564E-01  3.28133751E-02  1.36191513E-02  1.02674992E-01  4.33505084E-01  7.99217720E-01  5.47661470E-01  1.00712631E-01  2.79599426E-03  3.90651521E-06  2.10993602E-06  2.49929234E-03  9.79824102E-02  5.35227826E-01  7.92306761E-01  4.48035728E-01  1.11016697E-01  1.31488132E-02  3.00012900E-02  2.34647098E-01  6.46848858E-01  6.99950970E-01  3.16188327E-01  6.47242146E-02  1.44962214E-02  9.08755660E-02  4.02492404E-01  7.18112798E-01  5.50659313E-01  1.92573991E-01  3.69446821E-02  3.04244001E-02  1.94801133E-01  5.71191524E-01  6.95107131E-01  3.81376321E-01  1.09403588E-01  2.31226583E-02  7.90060426E-02  3.53616911E-01  6.61286043E-01  5.67353023E-01  2.57812033E-01  6.73602402E-02  3.56390704E-02  1.82111550E-01  4.97305821E-01  6.36389915E-01  4.38755482E-01  1.74877545E-01  4.76318214E-02  8.61103225E-02  3.18669017E-01  5.79584698E-01  5.64814884E-01  3.20105774E-01  1.07808539E-01  4.82757749E-02  1.70595524E-01  4.42018728E-01  6.05861815E-01  4.76540974E-01  2.16978875E-01  6.15394020E-02  7.57579318E-02  2.62656154E-01  5.42726711E-01  5.99728398E-01  3.64919572E-01  1.25382760E-01  4.17819768E-02  1.20829189E-01  3.90011782E-01  6.32530618E-01  5.41500415E-01  2.39621778E-01  5.81242094E-02  5.02573443E-02  2.20649458E-01  5.24484068E-01  6.39182311E-01  4.05987612E-01  1.36887139E-01  3.54298838E-02  1.01107904E-01  3.56158245E-01  6.10193137E-01  5.60651098E-01  2.78126680E-01  7.58619976E-02  4.49922288E-02  1.93705758E-01  4.67070364E-01  6.31232297E-01  4.59069560E-01  1.76447949E-01  4.64742499E-02  9.16540645E-02  2.90406163E-01  5.46994866E-01  5.96618587E-01  3.43039974E-01  1.07467622E-01  5.49523280E-02  1.61290336E-01  3.85691067E-01  5.94464066E-01  5.19508134E-01  2.38133960E-01  6.42397545E-02
  7.15194516E-02  2.69493589E-01  5.85247176E-01  6.21252054E-01  3.37362658E-01  9.41964852E-02  3.30568064E-02  1.29609573E-01  4.14716809E-01  6.59020666E-01  5.20774869E-01  2.11104687E-01  4.49004465E-02  5.23677190E-02  2.33340687E-01  5.38863392E-01  6.48899198E-01  3.97415584E-01  1.12857334E-01  2.89840188E-02  1.08482251E-01  3.59679091E-01  6.30733950E-01  5.80709315E-01  2.52550887E-01  5.17965270E-02  4.37972163E-02  1.94908411E-01  4.99618801E-01  6.67664008E-01  4.42231419E-01  1.33933453E-01  2.81254785E-02  8.45551691E-02  3.13000533E-01  6.15092163E-01  6.16208210E-01  2.93559796E-01  6.49667528E-02  3.16103669E-02  1.54990688E-01  4.55103836E-01  6.74683802E-01  4.90165296E-01  1.67523619E-01  3.44380885E-02  6.23305445E-02  2.66754898E-01  5.80292472E-01  6.39135412E-01  3.44062264E-01  9.12064343E-02  2.92818018E-02  1.23845719E-01  3.98845573E-01  6.56553728E-01  5.39843447E-01  2.18271388E-01  4.43962867E-02  4.42577882E-02  2.17172022E-01  5.36016618E-01  6.58700118E-01  4.04067638E-01  1.21800360E-01  2.65062384E-02  8.41089855E-02  3.38527625E-01  6.34505283E-01  5.86483666E-01  2.76601149E-01  6.48482413E-02  2.96744849E-02  1.63331051E-01  4.73835012E-01  6.56193660E-01  4.77370889E-01  1.72914239E-01  3.50271054E-02  5.76937773E-02  2.58944755E-01  5.77844695E-01  6.42080705E-01  3.60838710E-01  9.20895783E-02  2.00600914E-02  9.74610889E-02  3.67425700E-01  6.70267983E-01  5.96223199E-01  2.26104635E-01  3.07235253E-02  1.78196475E-02  1.33296467E-01  4.75351764E-01  7.79447970E-01  5.03589597E-01  8.80406580E-02  2.16819428E-03  0.00000000E+00  5.01893198E-06  2.48786003E-03  9.93255830E-02  5.41133986E-01  8.04483499E-01  4.42397034E-01  1.00756078E-01  9.88527484E-03  3.08317222E-02  2.56183883E-01  6.80354736E-01  6.94523217E-01  2.84823930E-01  4.99200940E-02  1.13166419E-02  1.10795806E-01  4.46156579E-01  7.32971563E-01  5.15819658E-01  1.61424740E-01  2.49262149E-02  4.02434992E-02  2.40355321E-01  6.05630270E-01  6.64616582E-01  3.51885787E-01  8.77464316E-02  2.09429325E-02  1.08563457E-01  4.00137579E-01  6.76202000E-01  5.49041374E-01  2.13501851E-01  4.03747748E-02  4.16427628E-02  2.19193634E-01  5.46148688E-01  6.54883019E-01  4.04465267E-01  1.17953012E-01  2.53935083E-02  9.25353336E-02  3.51097731E-01  6.41655840E-01  5.77293636E-01  2.60734289E-01  6.16601018E-02  4.17529495E-02  1.87717007E-01  4.84879352E-01  6.55968962E-01  4.47151028E-01  1.55850649E-01  4.17238334E-02  8.84578561E-02  3.04798130E-01  5.93343470E-01  6.02707262E-01  3.00096357E-01  9.04196736E-02  4.36471550E-02  1.60785095E-01  4.46761280E-01  6.40110265E-01  4.75465116E-01  1.97579888E-01  5.03179318E-02  6.62550777E-02  2.69258619E-01  5.70116292E-01  6.11325186E-01  3.51276799E-01  1.10781569E-01  4.06770074E-02  1.32770200E-01  4.00352323E-01  6.37782802E-01  5.17490315E-01  2.27461867E-01  5.93844157E-02  5.43867241E-02  2.18544102E-01  5.25789993E-01  6.28003766E-01  4.07188119E-01  1.43808826E-01  3.90455934E-02  9.91089385E-02  3.45173177E-01  6.10164753E-01  5.61923489E-01  2.81274668E-01  8.04613448E-02  4.62319624E-02  1.76358391E-01  4.65644314E-01  6.42764909E-01  4.65880000E-01  1.75855553E-01  4.41566314E-02
  7.24636898E-02  2.82122538E-01  5.49290163E-01  5.91849709E-01  3.61225815E-01  1.18719822E-01  4.04963102E-02  1.44084335E-01  4.10431639E-01  6.02192814E-01  5.09792250E-01  2.41139339E-01  7.01790417E-02  6.56885285E-02  2.49828923E-01  5.18075012E-01  5.82168993E-01  3.90602914E-01  1.60449657E-01  5.25393132E-02  1.21153973E-01  3.63758219E-01  5.73765055E-01  5.13679791E-01  3.01468223E-01  9.93066406E-02  5.75173417E-02  2.10438026E-01  4.72070939E-01  5.73657736E-01  4.37339063E-01  2.02777015E-01  6.46880115E-02  9.83308213E-02  3.17695736E-01  5.53026312E-01  5.44925969E-01  3.30680240E-01  1.23749842E-01  5.53290612E-02  1.64450456E-01  4.27514699E-01  6.01757707E-01  4.79967192E-01  2.24496812E-01  6.74397807E-02  6.78049354E-02  2.57643306E-01  5.32288523E-01  5.94095511E-01  3.77551466E-01  1.40758762E-01  4.80901632E-02  1.21036835E-01  3.58099694E-01  5.92573589E-01  5.50909163E-01  2.78322695E-01  7.56395352E-02  4.78729495E-02  1.86489375E-01  4.64805029E-01  6.33494138E-01  4.63750296E-01  1.77236088E-01  3.95549550E-02  6.73515185E-02  2.74954401E-01  5.88640977E-01  6.39227852E-01  3.33720282E-01  8.20282596E-02  2.50923149E-02  1.16418055E-01  3.98433890E-01  6.96544959E-01  5.49132409E-01  1.89006330E-01  3.32312521E-02  3.40730383E-02  1.92960078E-01  5.52067622E-01  7.09387753E-01  4.03385580E-01  1.00207035E-01  1.50555843E-02  5.79621935E-02  3.05288074E-01  6.95842131E-01  6.57097574E-01  2.46616749E-01  3.12642852E-02  1.05388902E-02  1.03700682E-01  4.54232605E-01  8.05233529E-01  5.24861622E-01  9.91440710E-02  2.70774775E-03  4.28254341E-07  1.32132132E-06  2.50509988E-03  9.90342969E-02  5.37141423E-01  7.86823726E-01  4.41956553E-01  1.16122512E-01  1.59601619E-02  3.36239091E-02  2.57992365E-01  6.55843175E-01  6.57838496E-01  3.09829033E-01  7.55777412E-02  1.98507690E-02  1.15174174E-01  4.33456624E-01  6.79269241E-01  5.17720172E-01  1.99890868E-01  4.25207364E-02  4.69912103E-02  2.38010205E-01  5.54191847E-01  6.32597028E-01  3.75841849E-01  1.25186724E-01  3.83562136E-02  1.13265236E-01  3.75575010E-01  6.16735600E-01  5.29278673E-01  2.60207176E-01  8.08549889E-02  5.60953754E-02  2.13919180E-01  4.99632600E-01  6.06629858E-01  4.18888638E-01  1.70218112E-01  5.75502337E-02  1.04054555E-01  3.30378363E-01  5.83218018E-01  5.58545617E-01  2.97456472E-01  9.92303695E-02  5.23604961E-02  1.82033801E-01  4.66997034E-01  6.20959514E-01  4.46165353E-01  1.90489019E-01  5.76523671E-02  7.85513357E-02  2.98640413E-01  5.73580520E-01  5.79252498E-01  3.30520073E-01  1.15355670E-01  4.39903434E-02  1.38265246E-01  4.16390333E-01  6.25480768E-01  5.08751691E-01  2.24690826E-01  6.11290247E-02  5.78533908E-02  2.38058593E-01  5.32917436E-01  6.29150291E-01  3.90468004E-01  1.31874104E-01  3.85828176E-02  1.10146536E-01  3.64490179E-01  6.14841891E-01  5.55556830E-01  2.64588056E-01  7.18500483E-02  4.52481838E-02  1.96585983E-01  4.97172012E-01  6.44008419E-01  4.26787685E-01  1.61630860E-01  4.15706594E-02  8.12233399E-02  3.22592396E-01  5.97101820E-01  5.80827241E-01  3.11260875E-01  9.06407573E-02  3.72427314E-02  1.61691908E-01  4.48017809E-01  6.29890195E-01  4.90895924E-01  1.99407709E-01  4.57751926E-02
  7.88185089E-02  2.48940854E-01  4.99895490E-01  5.93815062E-01  4.08232103E-01  1.46188233E-01  4.42208643E-02  1.30528607E-01  3.64983836E-01  5.69954803E-01  5.44444136E-01  2.83459350E-01  7.72986970E-02  5.73027549E-02  2.16878125E-01  4.75830761E-01  5.92858269E-01  4.41955185E-01  1.81708087E-01  4.93627262E-02  1.04485144E-01  3.21186458E-01  5.53378091E-01  5.61998428E-01  3.32968184E-01  1.02922987E-01  5.27351142E-02  1.71551184E-01  4.26433806E-01  6.05815673E-01  4.91301360E-01  2.16413255E-01  5.33591905E-02  7.84927014E-02  2.74835462E-01  5.14082486E-01  5.85374096E-01  3.89913352E-01  1.33893845E-01  4.68557201E-02  1.45907476E-01  3.68079483E-01  5.79213260E-01  5.46383716E-01  2.67848398E-01  6.44045071E-02  5.51539731E-02  2.16514851E-01  4.95333887E-01  6.26466463E-01  4.20875169E-01  1.56075002E-01  3.97565270E-02  9.70353884E-02  3.39058222E-01  6.02018817E-01  5.64396088E-01  2.93725421E-01  8.17113931E-02  3.49634469E-02  1.64223434E-01  4.68426980E-01  6.36925437E-01  4.73788526E-01  1.90693856E-01  4.36551038E-02  6.15912156E-02  2.68979501E-01  5.69366983E-01  6.25394386E-01  3.60914699E-01  1.00765343E-01  2.59422536E-02  1.11098420E-01  3.91230521E-01  6.48141799E-01  5.55492649E-01  2.35383789E-01  4.28701031E-02  3.39835070E-02  1.91043050E-01  5.21141225E-01  7.06650649E-01  4.36368748E-01  1.03699512E-01  1.20495417E-02  5.71082178E-02  2.99679311E-01  6.91132999E-01  6.67632714E-01  2.49642648E-01  3.00955268E-02  9.71385821E-03  1.02516631E-01  4.52841802E-01  8.08560366E-01  5.30732681E-01  9.37746755E-02  2.42877660E-03  1.01840971E-06  1.65556861E-06  2.84998042E-03  9.93539261E-02  5.49415036E-01  8.04262066E-01  4.36228542E-01  9.78518292E-02  1.01722157E-02  3.56170153E-02  2.64298953E-01  6.69401473E-01  6.75390213E-01  2.97876475E-01  5.37760909E-02  1.21403107E-02  1.06966121E-01  4.45331453E-01  7.30523948E-01  5.20460018E-01  1.63837310E-01  2.43008382E-02  3.55173051E-02  2.34861105E-01  6.11100582E-01  6.77187998E-01  3.48581105E-01  8.33078313E-02  1.82219193E-02  9.71245959E-02  3.98796788E-01  6.86771511E-01  5.56322465E-01  2.12826473E-01  3.89279175E-02  3.56563990E-02  2.00332816E-01  5.38378854E-01  6.79406408E-01  4.12197650E-01  1.18986306E-01  2.53618331E-02  8.70218410E-02  3.44186301E-01  6.43359854E-01  5.86844930E-01  2.65151310E-01  5.95218697E-02  3.37218070E-02  1.74412205E-01  4.86982938E-01  6.75224755E-01  4.63262457E-01  1.48088529E-01  2.83500561E-02  6.48703852E-02  2.80867528E-01  6.08525291E-01  6.29463434E-01  3.16976624E-01  8.41550333E-02  3.02169892E-02  1.28444403E-01  4.14339533E-01  6.62957995E-01  5.21895997E-01  2.08667450E-01  4.36332054E-02  4.88060373E-02  2.25473231E-01  5.31914229E-01  6.49775668E-01  4.04775266E-01  1.21096989E-01  3.13116595E-02  1.07404183E-01  3.39127343E-01  6.03150542E-01  5.76800930E-01  2.82467147E-01  7.29562972E-02  5.01170231E-02  1.89922695E-01  4.53497898E-01  6.22267847E-01  4.60776201E-01  1.84917807E-01  5.09973939E-02  9.25503016E-02  3.00121034E-01  5.48853688E-01  5.76811171E-01  3.45155503E-01  1.11711774E-01  4.84188745E-02  1.60321629E-01  4.05679352E-01  5.99622227E-01  5.10109497E-01  2.34098431E-01  6.26471445E-02
  5.40597457E-02  2.07610258E-01  4.77692408E-01  6.03994755E-01  4.42739673E-01  1.82045608E-01  4.74031529E-02  9.29265964E-02  3.15584911E-01  5.68300022E-01  5.76490105E-01  3.25429212E-01  9.93665674E-02  4.65806175E-02  1.67174210E-01  4.28912721E-01  6.12548827E-01  4.87282281E-01  2.15161853E-01  6.06953796E-02  8.48162368E-02  2.71100262E-01  5.21761097E-01  5.90847032E-01  3.68392851E-01  1.33453665E-01  5.63049691E-02  1.42783734E-01  3.69452670E-01  5.83972510E-01  5.22689321E-01  2.66585136E-01  8.53706793E-02  7.75422666E-02  2.29492808E-01  4.65455554E-01  5.83797421E-01  4.26269633E-01  1.79940363E-01  6.40466764E-02  1.22418649E-01  3.18844635E-01  5.43059884E-01  5.53256084E-01  3.18988442E-01  1.07356578E-01  6.59192735E-02  1.89317174E-01  4.35784679E-01  5.94962456E-01  4.66843000E-01  2.05268899E-01  5.92042644E-02  9.31564693E-02  2.86247519E-01  5.36729379E-01  5.89107127E-01  3.56112968E-01  1.14031675E-01  4.54256302E-02  1.44384068E-01  3.95194980E-01  6.25313898E-01  5.23299702E-01  2.31732256E-01  5.39302942E-02  5.51618162E-02  2.29939491E-01  5.35481664E-01  6.41253505E-01  3.97246291E-01  1.22038794E-01  3.09120668E-02  9.96390047E-02  3.54614413E-01  6.44322942E-01  5.79844773E-01  2.52209219E-01  5.24759027E-02  3.27819470E-02  1.73050701E-01  5.05523189E-01  7.03263792E-01  4.51185173E-01  1.23610643E-01  1.74506066E-02  5.48989902E-02  2.83478627E-01  6.66423342E-01  6.85086015E-01  2.69791471E-01  3.49544352E-02  1.07156121E-02  1.01033890E-01  4.35475321E-01  8.00772343E-01  5.48023938E-01  1.02030004E-01  2.57248819E-03  6.45114421E-06  7.02506357E-06  2.37126044E-03  9.10588158E-02  5.25050018E-01  8.02325361E-01  4.54963843E-01  1.10885703E-01  1.33449837E-02  3.00414239E-02  2.46246190E-01  6.55241809E-01  6.86027388E-01  3.11944809E-01  6.49708899E-02  1.61885797E-02  1.04486095E-01  4.07810992E-01  6.91503160E-01  5.47236869E-01  2.03641780E-01  3.49807628E-02  3.76829495E-02  2.09151137E-01  5.36641526E-01  6.82015024E-01  4.11724984E-01  1.09978859E-01  2.31601598E-02  8.17618671E-02  3.15786037E-01  6.36141845E-01  6.10203153E-01  2.78190251E-01  6.36643734E-02  3.36293425E-02  1.52830628E-01  4.63443749E-01  6.74088674E-01  4.79971747E-01  1.70215808E-01  3.68063640E-02  6.94333164E-02  2.67315917E-01  5.67700015E-01  6.26946749E-01  3.52059935E-01  9.94252234E-02  3.74608572E-02  1.28742463E-01  3.84885398E-01  6.36988870E-01  5.37334704E-01  2.32226596E-01  5.59098365E-02  5.72191718E-02  2.13598896E-01  5.10535380E-01  6.47354435E-01  4.14391813E-01  1.35577523E-01  3.70283255E-02  1.00437225E-01  3.32573077E-01  6.05294363E-01  5.85211922E-01  2.84913302E-01  6.92733527E-02  4.63432982E-02  1.73766981E-01  4.58013295E-01  6.48982274E-01  4.67373077E-01  1.71585943E-01  4.46186270E-02  7.75291827E-02  2.75874711E-01  5.67025005E-01  6.17759695E-01  3.43055263E-01  9.85712386E-02  4.06659208E-02  1.31975598E-01  3.90805507E-01  6.27596854E-01  5.36436702E-01  2.30483712E-01  5.65655866E-02  5.78269742E-02  2.27749219E-01  5.13280116E-01  6.27089931E-01  4.05224766E-01  1.40788602E-01  4.32325173E-02  1.14992459E-01  3.57413404E-01  5.97467505E-01  5.44186059E-01  2.79585332E-01  7.96471122E-02
  4.28774879E-02  1.80690398E-01  4.69835832E-01  6.46705936E-01  4.60815600E-01  1.73724601E-01  3.85493354E-02  7.39714584E-02  3.04109174E-01  5.84866129E-01  5.90351680E-01  3.31816383E-01  9.61080089E-02  3.67126361E-02  1.54042606E-01  4.41442872E-01  6.34793435E-01  4.95829252E-01  2.03148374E-01  4.84287766E-02  6.16104766E-02  2.64859486E-01  5.69341575E-01  6.17716214E-01  3.57048022E-01  1.11305544E-01  3.44135213E-02  1.27306562E-01  4.03311430E-01  6.37748390E-01  5.25093422E-01  2.26827821E-01  5.77469696E-02  5.46943465E-02  2.31579997E-01  5.32084262E-01  6.31403734E-01  3.90259036E-01  1.35619752E-01  4.20997676E-02  1.11869456E-01  3.73167437E-01  6.14369662E-01  5.33991785E-01  2.65437190E-01  7.96541637E-02  5.32995430E-02  2.03466139E-01  4.96608309E-01  6.15631790E-01  4.27991106E-01  1.69496801E-01  5.05488079E-02  9.83768690E-02  3.35363024E-01  5.80311064E-01  5.56573036E-01  3.06395305E-01  1.00513514E-01  5.08943100E-02  1.86961593E-01  4.45505674E-01  5.96803358E-01  4.72514788E-01  2.09830803E-01  5.48325943E-02  8.38582269E-02  2.89389769E-01  5.41258869E-01  5.91834501E-01  3.59214467E-01  1.14821439E-01  4.35857475E-02  1.44803708E-01  3.87039922E-01  6.15196543E-01  5.33456540E-01  2.38921065E-01  5.65937746E-02  5.66360674E-02  2.17744421E-01  5.11486810E-01  6.50043677E-01  4.26373594E-01  1.22633096E-01  2.75179371E-02  9.19815851E-02  3.13427434E-01  6.31215783E-01  6.40306171E-01  2.68194772E-01  4.05849745E-02  2.36055151E-02  1.22575569E-01  4.32756219E-01  7.70376409E-01  5.41456770E-01  1.05022640E-01  2.90051443E-03  1.16464290E-06  9.81329155E-06  2.43918527E-03  9.61155503E-02  5.29927787E-01  8.03880381E-01  4.51988338E-01  1.04469863E-01  1.16489777E-02  3.09330879E-02  2.39223737E-01  6.57273002E-01  7.05966633E-01  3.04564204E-01  5.62706620E-02  1.25970701E-02  9.52761770E-02  4.16525374E-01  7.22222765E-01  5.36187340E-01  1.87508803E-01  3.37434025E-02  3.55934300E-02  2.15326408E-01  5.60529803E-01  6.75812597E-01  3.88937652E-01  1.08986291E-01  2.22796396E-02  8.39800862E-02  3.48207923E-01  6.66660290E-01  5.86526168E-01  2.49582718E-01  5.51025512E-02  3.11952109E-02  1.70205008E-01  4.93376315E-01  6.74643379E-01  4.49243160E-01  1.54939721E-01  3.47896018E-02  7.05340645E-02  2.79364084E-01  5.85734101E-01  6.22037551E-01  3.35726330E-01  9.22146860E-02  3.65511007E-02  1.41993937E-01  4.03518423E-01  6.24284016E-01  5.20791571E-01  2.29981491E-01  5.43153937E-02  6.34350281E-02  2.40259449E-01  5.12723598E-01  6.17023538E-01  4.02112422E-01  1.38902980E-01  3.63938634E-02  1.08074647E-01  3.44928873E-01  6.01236036E-01  5.66620065E-01  2.82142468E-01  7.80177726E-02  5.00479488E-02  1.82286648E-01  4.58624202E-01  6.20402110E-01  4.66190223E-01  1.87059073E-01  4.93998381E-02  8.14371014E-02  2.80319906E-01  5.59734602E-01  5.94726220E-01  3.46014112E-01  1.11617423E-01  4.56734822E-02  1.35874939E-01  4.01391524E-01  6.19308484E-01  5.16285808E-01  2.33284836E-01  6.65813030E-02  5.60756391E-02  2.20022635E-01  5.27255542E-01  6.32582697E-01  3.95312307E-01  1.40493913E-01  4.09305497E-02  9.97019036E-02  3.42241159E-01  6.07310469E-01  5.68800272E-01  2.82828239E-01  7.84631780E-02
  8.24085442E-02  2.87890179E-01  5.52740128E-01  5.99191675E-01  3.50915806E-01  1.06968732E-01  3.79960308E-02  1.34751905E-01  4.10206283E-01  6.31150516E-01  5.17377449E-01  2.28728936E-01  5.66666771E-02  5.30075623E-02  2.31497903E-01  5.30576994E-01  6.28300018E-01  3.97967656E-01  1.37006116E-01  3.43523123E-02  9.85313487E-02  3.52416587E-01  6.12338504E-01  5.67600407E-01  2.80417809E-01  7.14371276E-02  4.05415172E-02  1.86047254E-01  4.78585518E-01  6.30468568E-01  4.60721635E-01  1.76143047E-01  4.01657031E-02  8.14486330E-02  3.03067152E-01  5.59972649E-01  5.87051485E-01  3.49608638E-01  1.01719807E-01  4.06595744E-02  1.56427121E-01  4.05674673E-01  5.97070359E-01  5.18377705E-01  2.34761139E-01  6.23538739E-02  7.16721504E-02  2.42006257E-01  4.92867936E-01  6.04397702E-01  4.15546923E-01  1.45842162E-01  4.78068939E-02  1.23716224E-01  3.49022259E-01  5.70799086E-01  5.55783481E-01  2.89736791E-01  8.46568690E-02  6.35558741E-02  2.00169087E-01  4.44192949E-01  6.14092889E-01  4.55828139E-01  1.83830928E-01  5.95705340E-02  1.00491840E-01  2.90429664E-01  5.49166011E-01  5.91848946E-01  3.36424280E-01  1.02921102E-01  4.55875597E-02  1.45559227E-01  3.99291411E-01  6.41811772E-01  5.29807489E-01  2.08604486E-01  4.64412273E-02  5.81493041E-02  2.22513743E-01  5.35080486E-01  6.69411626E-01  3.94192020E-01  1.03087714E-01  2.03230813E-02  8.14779945E-02  3.31862603E-01  6.75987017E-01  6.32836140E-01  2.36276125E-01  3.14831806E-02  1.88922575E-02  1.29211187E-01  4.60589048E-01  7.71543235E-01  5.18552808E-01  9.77980050E-02  2.32500326E-03  2.26139183E-06  2.45462854E-06  2.48707664E-03  1.00275326E-01  5.38886450E-01  7.88684523E-01  4.40973166E-01  1.11897245E-01  1.63904008E-02  3.40640292E-02  2.63693772E-01  6.62839164E-01  6.61629268E-01  3.05737929E-01  6.50249014E-02  1.69147043E-02  1.10547993E-01  4.38517995E-01  7.09287427E-01  5.18954777E-01  1.76813480E-01  3.42170518E-02  4.00282752E-02  2.31989106E-01  5.84995791E-01  6.70635864E-01  3.63628813E-01  9.53981982E-02  2.44122261E-02  1.03389607E-01  3.73790129E-01  6.54460420E-01  5.66552605E-01  2.41698979E-01  4.96663481E-02  3.85042486E-02  1.87375260E-01  5.12581690E-01  6.78979721E-01  4.30723875E-01  1.35086643E-01  2.74634025E-02  7.94429560E-02  3.21313623E-01  6.30920559E-01  6.03524314E-01  2.87078172E-01  6.48771641E-02  2.92663742E-02  1.59586964E-01  4.71857867E-01  6.63967254E-01  4.86154647E-01  1.68936869E-01  2.88663742E-02  6.28226818E-02  2.80362120E-01  5.84633973E-01  6.33357383E-01  3.47155848E-01  8.15718240E-02  2.55011934E-02  1.29363833E-01  4.11239791E-01  6.58098478E-01  5.41418718E-01  2.07028907E-01  3.49985377E-02  5.08504452E-02  2.36708098E-01  5.50780655E-01  6.42219339E-01  3.88252759E-01  1.13585633E-01  3.02890403E-02  1.15972936E-01  3.76820682E-01  6.24693192E-01  5.45626348E-01  2.51179533E-01  6.67654263E-02  5.15595091E-02  2.07799734E-01  5.05654535E-01  6.21724935E-01  4.20370414E-01  1.61079666E-01  4.50063403E-02  9.96213762E-02  3.32606194E-01  5.96441170E-01  5.60640794E-01  2.95244408E-01  9.11101136E-02  4.82108787E-02  1.83061590E-01  4.66477587E-01  6.04561243E-01  4.62393278E-01  1.97888805E-01  5.38723332E-02
  5.12159680E-02  2.28580000E-01  5.61781397E-01  6.73904546E-01  3.71771665E-01  9.67853806E-02  2.57404797E-02  1.00684908E-01  3.82049628E-01  6.73896580E-01  5.53560640E-01  2.25685318E-01  4.93252763E-02  3.92551755E-02  2.09638130E-01  5.40289433E-01  6.61367417E-01  4.07857775E-01  1.23983956E-01  2.78609107E-02  9.16289885E-02  3.48507904E-01  6.33190045E-01  5.81506854E-01  2.66266959E-01  6.45696698E-02  3.64470351E-02  1.80073278E-01  4.93142134E-01  6.48668175E-01  4.50312395E-01  1.64720049E-01  3.56087244E-02  6.91662635E-02  2.95073222E-01  5.95780417E-01  6.11411762E-01  3.24187167E-01  8.88727563E-02  3.14490441E-02  1.36957546E-01  4.33310928E-01  6.53519291E-01  5.03875759E-01  2.06933132E-01  4.65178033E-02  5.23863677E-02  2.35363615E-01  5.51434494E-01  6.39405965E-01  3.85079527E-01  1.17068829E-01  2.90646785E-02  9.91036496E-02  3.61776323E-01  6.43732645E-01  5.65666305E-01  2.52263406E-01  6.15066180E-02  3.67893848E-02  1.87497942E-01  5.04739013E-01  6.51743837E-01  4.39259249E-01  1.54880660E-01  3.42916371E-02  6.95689885E-02  2.97911422E-01  6.08951137E-01  6.19196003E-01  3.11163580E-01  8.02691276E-02  2.70687174E-02  1.31931540E-01  4.28139034E-01  6.72719326E-01  5.19207689E-01  1.93382927E-01  3.76235176E-02  4.55536114E-02  2.23504373E-01  5.62833535E-01  6.76652193E-01  3.83795794E-01  9.70189155E-02  1.99063816E-02  8.14758359E-02  3.30442739E-01  6.74516482E-01  6.28597226E-01  2.43025985E-01  3.22039208E-02  1.71850678E-02  1.22965221E-01  4.56450594E-01  7.87536343E-01  5.21515919E-01  9.21608064E-02  2.05656587E-03  3.96246090E-07  1.32777198E-06  2.40610358E-03  9.82456378E-02  5.42049399E-01  7.94411901E-01  4.36497018E-01  1.11620021E-01  1.52481265E-02  3.44822802E-02  2.54603837E-01  6.61511248E-01  6.63127084E-01  3.03212131E-01  7.32373514E-02  2.21621203E-02  1.08394974E-01  4.21981349E-01  7.06440584E-01  5.23933591E-01  1.85941356E-01  3.89759680E-02  4.27535905E-02  2.16934682E-01  5.59488071E-01  6.70562440E-01  3.82195815E-01  1.10562162E-01  2.99089051E-02  9.51511575E-02  3.49680709E-01  6.55272430E-01  5.77068724E-01  2.47374932E-01  6.01077303E-02  3.86353354E-02  1.73171380E-01  5.00486069E-01  6.73693417E-01  4.39339812E-01  1.51788321E-01  3.45104067E-02  6.71230240E-02  2.87897073E-01  6.12021703E-01  6.23276274E-01  3.13904428E-01  8.11527077E-02  3.15299618E-02  1.35935412E-01  4.25677094E-01  6.67145429E-01  5.08908954E-01  1.98867132E-01  4.22303650E-02  5.26147584E-02  2.41952729E-01  5.56516545E-01  6.38435440E-01  3.83547890E-01  1.11358909E-01  2.68638373E-02  1.01367960E-01  3.76576538E-01  6.50990942E-01  5.63506861E-01  2.40983163E-01  4.99661661E-02  3.31579284E-02  1.87393618E-01  5.16582016E-01  6.77687911E-01  4.33771943E-01  1.33887550E-01  2.51186931E-02  6.72307473E-02  3.04538512E-01  6.44353493E-01  6.26380229E-01  2.81424373E-01  6.56935210E-02  2.71884254E-02  1.41122537E-01  4.56165916E-01  6.94440473E-01  4.92880292E-01  1.67833681E-01  3.03816684E-02  6.15164199E-02  2.67182913E-01  5.90740577E-01  6.47379270E-01  3.36491387E-01  8.36856031E-02  2.94412096E-02  1.29599632E-01  4.18014988E-01  6.72294605E-01  5.31852659E-01  1.95667529E-01  3.48619395E-02
  6.35797519E-02  2.38345888E-01  5.24173594E-01  6.27782630E-01  3.91405207E-01  1.29520763E-01  4.22393890E-02  1.16308484E-01  3.67567045E-01  6.10717389E-01  5.49857005E-01  2.60912558E-01  6.90250163E-02  5.10468103E-02  2.00792553E-01  4.83595932E-01  6.21539428E-01  4.44789863E-01  1.67642120E-01  4.41933621E-02  8.86827314E-02  3.03442423E-01  5.69816953E-01  5.88668463E-01  3.32919117E-01  9.37714375E-02  4.44045593E-02  1.65862076E-01  4.29844053E-01  6.12023632E-01  4.95881473E-01  2.15482345E-01  5.35631649E-02  6.68561327E-02  2.57169281E-01  5.40508615E-01  6.11786369E-01  3.75178551E-01  1.23962857E-01  3.80388615E-02  1.21682272E-01  3.74702468E-01  6.09229001E-01  5.52842538E-01  2.59270589E-01  6.19161509E-02  4.79273587E-02  1.97508803E-01  4.75896389E-01  6.48928429E-01  4.52757185E-01  1.49276386E-01  3.38209897E-02  7.56874004E-02  2.98609124E-01  6.01865037E-01  6.24534446E-01  3.10553305E-01  7.46209322E-02  3.00108213E-02  1.37807035E-01  4.38202705E-01  6.77884507E-01  5.04593383E-01  1.85107920E-01  3.87226792E-02  5.17509335E-02  2.44666160E-01  5.77247980E-01  6.58487218E-01  3.56281488E-01  9.58578248E-02  2.73263246E-02  1.08648226E-01  3.88442768E-01  6.74086293E-01  5.53451406E-01  2.17660619E-01  4.19970440E-02  3.90696279E-02  1.96165510E-01  5.43450487E-01  6.96902029E-01  4.13599295E-01  1.01175793E-01  1.74623946E-02  6.71210289E-02  3.05808852E-01  6.78200820E-01  6.62426040E-01  2.47775992E-01  3.09203395E-02  1.56176159E-02  1.13502410E-01  4.48717796E-01  8.01350495E-01  5.25806131E-01  9.25128346E-02  2.51128346E-03  7.49445097E-06  2.41284763E-06  2.80794882E-03  1.00369390E-01  5.35374409E-01  7.90535579E-01  4.41245635E-01  1.14010806E-01  1.58407886E-02  3.15898159E-02  2.52971861E-01  6.56658300E-01  6.67386129E-01  3.15429941E-01  6.89835853E-02  1.57429325E-02  1.05085620E-01  4.14544964E-01  6.97582050E-01  5.37876522E-01  1.97234151E-01  3.79927928E-02  4.08253558E-02  2.18819632E-01  5.64671341E-01  6.56679352E-01  3.82368095E-01  1.15766570E-01  3.06590417E-02  1.00013976E-01  3.68374540E-01  6.38742201E-01  5.55082737E-01  2.48858932E-01  6.99671498E-02  4.75581146E-02  1.91845954E-01  4.98026473E-01  6.44879384E-01  4.26776169E-01  1.60914971E-01  4.20978561E-02  7.43145267E-02  3.13309273E-01  6.10876193E-01  5.87725385E-01  3.02834172E-01  9.31680272E-02  3.63682987E-02  1.48171939E-01  4.38692989E-01  6.47570665E-01  4.91997514E-01  1.98083489E-01  5.32361875E-02  6.11719598E-02  2.48172707E-01  5.55193707E-01  6.24549325E-01  3.73786406E-01  1.18155117E-01  3.56811281E-02  1.12672746E-01  3.74451610E-01  6.37748218E-01  5.48808711E-01  2.43289557E-01  6.31479044E-02  4.84019794E-02  2.00130336E-01  5.09485108E-01  6.57639723E-01  4.20336284E-01  1.41326701E-01  3.64041415E-02  8.50790808E-02  3.20853918E-01  6.10575281E-01  5.99621632E-01  2.97756093E-01  7.19781120E-02  3.88387727E-02  1.66134874E-01  4.57726915E-01  6.58280339E-01  4.81485390E-01  1.70739882E-01  3.91868547E-02  7.00086069E-02  2.81139130E-01  5.89850362E-01  6.19442314E-01  3.33709962E-01  9.28933072E-02  3.92979449E-02  1.38477921E-01  4.00566575E-01  6.38025481E-01  5.29971803E-01  2.15299120E-01  5.11005353E-02
  8.67923019E-02  3.40788933E-01  6.41680047E-01  5.88008121E-01  2.68263194E-01  6.02313043E-02  3.21248309E-02  1.71891140E-01  4.85811438E-01  6.69404643E-01  4.57902212E-01  1.57416023E-01  3.49223345E-02  6.31216660E-02  2.81489960E-01  6.03891380E-01  6.20942274E-01  3.23848591E-01  8.98027105E-02  3.06299517E-02  1.24464672E-01  4.20136336E-01  6.65622133E-01  5.12293312E-01  2.08795206E-01  4.99018566E-02  4.31169500E-02  2.17448492E-01  5.56920287E-01  6.52284142E-01  3.86193712E-01  1.25154568E-01  2.85039091E-02  8.72606816E-02  3.55891422E-01  6.37794929E-01  5.70632166E-01  2.67957269E-01  6.62775088E-02  3.45930957E-02  1.70393409E-01  4.80949393E-01  6.59007427E-01  4.62163087E-01  1.65564805E-01  3.73250712E-02  6.97200261E-02  2.81390260E-01  5.92353023E-01  6.17829967E-01  3.27632276E-01  9.32682126E-02  3.47850633E-02  1.29736300E-01  4.11222233E-01  6.56463434E-01  5.16143121E-01  2.12233942E-01  5.09491683E-02  4.85317143E-02  2.23392918E-01  5.41063883E-01  6.48637712E-01  3.94109565E-01  1.23431545E-01  3.09006189E-02  8.37407912E-02  3.28295694E-01  6.38975621E-01  5.97131145E-01  2.71473493E-01  6.70533020E-02  3.02173025E-02  1.50709403E-01  4.54249469E-01  6.73449286E-01  4.94725902E-01  1.74199958E-01  3.24520381E-02  4.98535945E-02  2.33565583E-01  5.64909200E-01  6.78741418E-01  3.74482528E-01  8.83579005E-02  1.59930487E-02  7.89745554E-02  3.42025283E-01  6.87092686E-01  6.28080548E-01  2.26258154E-01  2.81264447E-02  1.63407703E-02  1.24704515E-01  4.66564977E-01  7.84207599E-01  5.10591623E-01  9.51278600E-02  2.46693302E-03  4.72646560E-06  5.26439483E-06  2.88849719E-03  1.10396449E-01  5.71259329E-01  7.88714140E-01  4.16899214E-01  9.78409766E-02  1.25494503E-02  4.18939183E-02  3.00738530E-01  6.99287155E-01  6.42551827E-01  2.57745941E-01  5.20476929E-02  2.01719441E-02  1.40933208E-01  4.97140452E-01  7.16279065E-01  4.54744724E-01  1.46189085E-01  3.04482517E-02  5.77035540E-02  2.87640496E-01  6.37528262E-01  6.23941898E-01  2.97424228E-01  8.17035749E-02  2.93748740E-02  1.32580076E-01  4.62849604E-01  6.89250043E-01  4.78016744E-01  1.79197551E-01  4.20478444E-02  5.50934900E-02  2.66552542E-01  5.95217276E-01  6.30658331E-01  3.41734341E-01  9.72245672E-02  2.99699804E-02  1.22780922E-01  4.11458357E-01  6.55687442E-01  5.26094707E-01  2.17794851E-01  4.98951508E-02  4.82404491E-02  2.31309952E-01  5.50227638E-01  6.36650461E-01  3.84884209E-01  1.26099026E-01  3.37837890E-02  1.04495751E-01  3.74542828E-01  6.36811793E-01  5.48317906E-01  2.52210179E-01  6.80767306E-02  4.82391539E-02  2.04396250E-01  5.16826693E-01  6.41248241E-01  4.16207839E-01  1.47073728E-01  3.90892127E-02  8.86010759E-02  3.34414629E-01  6.16970054E-01  5.79951753E-01  2.85210785E-01  7.52954694E-02  3.65926675E-02  1.63092231E-01  4.71789315E-01  6.59953211E-01  4.68264040E-01  1.71628777E-01  3.97423841E-02  6.24285311E-02  2.79917822E-01  5.91434798E-01  6.20211704E-01  3.37331803E-01  9.54410080E-02  2.97378039E-02  1.26119232E-01  4.13737428E-01  6.56122434E-01  5.25342760E-01  2.13021658E-01  4.72213239E-02  4.39009061E-02  2.21755932E-01  5.49214106E-01  6.56499052E-01  3.93633258E-01  1.17222092E-01  2.67750829E-02
  7.89510537E-02  2.59518334E-01  5.06524225E-01  5.56218023E-01  3.84931385E-01  1.72244679E-01  6.31244497E-02  1.34790793E-01  3.62048341E-01  5.52907299E-01  5.01814435E-01  2.92290398E-01  1.16628907E-01  7.39874814E-02  2.12896101E-01  4.53504593E-01  5.64203029E-01  4.25926560E-01  2.14503523E-01  7.88737746E-02  9.87102912E-02  3.05560522E-01  5.38788406E-01  5.30382849E-01  3.43777877E-01  1.48859339E-01  6.47410785E-02  1.58293469E-01  4.05058274E-01  5.62371401E-01  4.78347941E-01  2.58206304E-01  9.54316125E-02  8.23799504E-02  2.55251051E-01  4.88407818E-01  5.54488513E-01  3.92710845E-01  1.83043656E-01  7.07740854E-02  1.21555717E-01  3.45755806E-01  5.55377464E-01  5.15828959E-01  3.05583047E-01  1.21761206E-01  6.61819298E-02  1.84724716E-01  4.46684340E-01  5.83218102E-01  4.46958444E-01  2.19401269E-01  7.85999791E-02  8.88012430E-02  2.87266703E-01  5.41792218E-01  5.60327134E-01  3.50659141E-01  1.34246471E-01  4.99255569E-02  1.46617214E-01  4.10896138E-01  6.02975072E-01  4.94686392E-01  2.47609395E-01  7.10924350E-02  5.42400261E-02  2.32261773E-01  5.39423042E-01  6.24986917E-01  3.90727390E-01  1.37384677E-01  3.35064316E-02  9.57954093E-02  3.61235514E-01  6.40385016E-01  5.74542692E-01  2.59403792E-01  5.70282439E-02  3.18760099E-02  1.78789315E-01  5.09646883E-01  6.94829194E-01  4.44675932E-01  1.27608273E-01  1.92294764E-02  5.79263664E-02  2.95310396E-01  6.70087766E-01  6.68708542E-01  2.65528309E-01  3.77700326E-02  1.24025956E-02  1.06158506E-01  4.42367635E-01  7.94273252E-01  5.41958731E-01  1.01027476E-01  2.62692257E-03  1.95848022E-06  3.13879096E-06  2.47014493E-03  1.03251025E-01  5.55100238E-01  8.05659057E-01  4.28021167E-01  9.51831675E-02  1.07157436E-02  3.36684789E-02  2.71943836E-01  6.93506270E-01  6.70778551E-01  2.73666003E-01  5.24304896E-02  1.36021099E-02  1.13736362E-01  4.58009709E-01  7.28192542E-01  5.01933114E-01  1.62195028E-01  2.64728032E-02  3.76183418E-02  2.35830652E-01  6.09220473E-01  6.67969949E-01  3.45675905E-01  9.19856744E-02  1.94766889E-02  9.24783027E-02  3.88960742E-01  6.91857219E-01  5.53244173E-01  2.17267863E-01  4.49643661E-02  3.20625983E-02  1.89612503E-01  5.48278804E-01  6.83359086E-01  4.03222233E-01  1.25739470E-01  2.57769265E-02  7.13795587E-02  3.27902494E-01  6.42242768E-01  5.88823131E-01  2.80631811E-01  7.51890064E-02  3.25027288E-02  1.53947262E-01  4.64601692E-01  6.62247813E-01  4.70233273E-01  1.85146567E-01  4.26894529E-02  6.16752370E-02  2.72227131E-01  5.74772963E-01  5.95751968E-01  3.56240188E-01  1.18887390E-01  3.73746703E-02  1.30837676E-01  4.06808596E-01  6.11520141E-01  5.04810409E-01  2.50061643E-01  7.25794803E-02  6.03462332E-02  2.37663674E-01  5.07660635E-01  5.84043478E-01  4.08138655E-01  1.66914992E-01  5.09283248E-02  1.20310312E-01  3.54506103E-01  5.54286946E-01  5.29677759E-01  3.12576310E-01  1.03156214E-01  5.98375976E-02  2.03774075E-01  4.55897355E-01  5.60729171E-01  4.47835707E-01  2.20286821E-01  7.22971458E-02  9.84310275E-02  2.98243896E-01  5.23750249E-01  5.48626865E-01  3.56331777E-01  1.41153649E-01  6.06871968E-02  1.62207416E-01  4.04599274E-01  5.72633832E-01  4.84714213E-01  2.53256942E-01  8.45468965E-02
  6.51909231E-02  2.38515247E-01  5.28244679E-01  6.21512464E-01  3.84602387E-01  1.32148698E-01  4.83129129E-02  1.24860901E-01  3.59971443E-01  5.95853025E-01  5.31285165E-01  2.70722904E-01  8.79602664E-02  6.15634678E-02  2.15377773E-01  4.83517932E-01  5.87356851E-01  4.37136759E-01  1.81911278E-01  5.26027732E-02  1.00729970E-01  3.29828646E-01  5.57663507E-01  5.45701883E-01  3.25554903E-01  1.12216853E-01  4.93305079E-02  1.70296524E-01  4.33584452E-01  5.89120606E-01  4.87832594E-01  2.28867147E-01  5.92380781E-02  6.28167333E-02  2.45771547E-01  5.16942238E-01  6.21186171E-01  4.03172085E-01  1.29387173E-01  3.04776342E-02  1.02458122E-01  3.51699736E-01  6.18782301E-01  5.76985445E-01  2.76135527E-01  5.96231518E-02  3.73281995E-02  1.78474563E-01  4.74439002E-01  6.71074464E-01  4.67303742E-01  1.50629497E-01  3.06007729E-02  6.67808696E-02  2.83856895E-01  6.17099486E-01  6.31226165E-01  3.12688915E-01  7.46396553E-02  2.39765766E-02  1.20264745E-01  4.30847134E-01  6.95197227E-01  5.27641661E-01  1.81752610E-01  2.87435279E-02  4.00075780E-02  2.19726821E-01  5.79844272E-01  6.99686706E-01  3.70485426E-01  8.15552109E-02  1.72298472E-02  9.12210576E-02  3.61796329E-01  6.87116412E-01  5.97765740E-01  2.19247991E-01  3.29166732E-02  3.09774644E-02  1.78877096E-01  5.27689824E-01  7.27865424E-01  4.25871874E-01  1.00524805E-01  1.26008722E-02  5.65735213E-02  3.03859350E-01  6.97262640E-01  6.64487933E-01  2.42651485E-01  3.00212143E-02  1.14012169E-02  1.04443238E-01  4.53095250E-01  8.05846481E-01  5.28713874E-01  9.46818854E-02  2.40808983E-03  0.00000000E+00  3.91696044E-06  2.27215041E-03  9.75924377E-02  5.38794553E-01  7.82946876E-01  4.45046142E-01  1.17160068E-01  1.61395117E-02  3.32092545E-02  2.54314558E-01  6.42210873E-01  6.54233305E-01  3.16141026E-01  8.53207207E-02  2.37930748E-02  1.12895281E-01  4.18045985E-01  6.68409411E-01  5.20828124E-01  2.17236699E-01  4.95555294E-02  5.03193628E-02  2.23891709E-01  5.31931255E-01  6.39000888E-01  4.07843828E-01  1.28774723E-01  3.23913670E-02  9.46829717E-02  3.50774138E-01  6.29695224E-01  5.78739799E-01  2.69833472E-01  6.03645176E-02  3.54603369E-02  1.82190615E-01  4.92756501E-01  6.57160282E-01  4.56107852E-01  1.57706943E-01  2.92528790E-02  7.42252461E-02  3.10884021E-01  6.06981355E-01  6.06775109E-01  3.10453751E-01  7.82081525E-02  2.87731871E-02  1.45925197E-01  4.40443134E-01  6.67866092E-01  5.06289108E-01  1.85163964E-01  3.56398381E-02  5.24009819E-02  2.41738807E-01  5.70425016E-01  6.64546332E-01  3.62679159E-01  9.46486434E-02  2.92453950E-02  1.12779083E-01  3.79364789E-01  6.63561854E-01  5.56864943E-01  2.23535041E-01  4.69993524E-02  4.56660138E-02  1.96720857E-01  5.14321530E-01  6.67806904E-01  4.30097417E-01  1.25871236E-01  2.71525369E-02  8.07121452E-02  3.19020264E-01  6.26574430E-01  6.14791456E-01  2.82285536E-01  6.22989268E-02  3.40139444E-02  1.60497412E-01  4.55970189E-01  6.66821486E-01  4.87127745E-01  1.70676997E-01  3.67780859E-02  7.02825330E-02  2.70643243E-01  5.73158219E-01  6.37728100E-01  3.44431221E-01  8.74661392E-02  3.90164095E-02  1.40111210E-01  3.95250477E-01  6.39713602E-01  5.30686460E-01  2.13504061E-01  5.42868051E-02
  6.55672855E-02  1.85327458E-01  4.33857386E-01  6.12839159E-01  4.75151701E-01  1.94979031E-01  5.36536154E-02  8.66278418E-02  2.67570414E-01  5.44566157E-01  6.14864682E-01  3.58963186E-01  1.03422180E-01  4.12218775E-02  1.40769933E-01  3.91865022E-01  6.31849338E-01  5.31605828E-01  2.22802872E-01  5.40906385E-02  6.44045646E-02  2.36577600E-01  5.33323280E-01  6.32187763E-01  3.91064724E-01  1.23029738E-01  3.92924455E-02  1.13317023E-01  3.52008852E-01  6.14805855E-01  5.74270845E-01  2.60969803E-01  6.33841024E-02  4.87064264E-02  1.92995237E-01  4.64346510E-01  6.47334817E-01  4.63104734E-01  1.61049928E-01  3.63626322E-02  8.89608670E-02  3.06131542E-01  5.77330497E-01  6.07833957E-01  3.21852863E-01  7.79821804E-02  4.05447395E-02  1.69328090E-01  4.38845714E-01  6.32383852E-01  4.91896180E-01  1.92453375E-01  4.75424155E-02  8.13505157E-02  2.82343956E-01  5.36756245E-01  6.00727818E-01  3.63265747E-01  1.14019397E-01  4.41604074E-02  1.47455939E-01  3.87811213E-01  6.04635435E-01  5.29481321E-01  2.43513200E-01  6.01417000E-02  6.11436271E-02  2.27692304E-01  5.02358230E-01  6.30555138E-01  4.21518747E-01  1.35935062E-01  3.60508160E-02  1.04114647E-01  3.35813970E-01  6.15807881E-01  5.89434615E-01  2.77527578E-01  5.77594725E-02  3.44944510E-02  1.67495166E-01  4.79697172E-01  7.01250602E-01  4.74127928E-01  1.29712908E-01  1.85597598E-02  5.32594333E-02  2.71957143E-01  6.60129756E-01  6.89932398E-01  2.81373913E-01  3.78612351E-02  9.92284632E-03  9.38596945E-02  4.20111915E-01  8.12964899E-01  5.55618216E-01  1.05637592E-01  2.76810550E-03  4.17286852E-06  8.22039431E-06  2.61574618E-03  9.50626557E-02  5.20958846E-01  7.90692513E-01  4.59407839E-01  1.17381700E-01  1.43001541E-02  3.07477582E-02  2.44078559E-01  6.44596496E-01  6.81353242E-01  3.18935924E-01  7.31221152E-02  1.76764016E-02  1.11396459E-01  4.19047975E-01  6.83932895E-01  5.30869174E-01  2.03939757E-01  3.90839222E-02  4.42365374E-02  2.35722251E-01  5.57698786E-01  6.42310291E-01  3.74668787E-01  1.23366878E-01  3.36437707E-02  1.01404836E-01  3.75058707E-01  6.26622833E-01  5.40382295E-01  2.63141836E-01  7.57988040E-02  4.84123149E-02  2.05359739E-01  4.87778352E-01  6.03985606E-01  4.36398052E-01  1.82184040E-01  5.51532263E-02  1.01533307E-01  3.09458927E-01  5.37366842E-01  5.52447139E-01  3.39650059E-01  1.24964988E-01  6.68766627E-02  1.79394877E-01  4.01229085E-01  5.58171490E-01  4.87118809E-01  2.51615475E-01  8.73695365E-02  9.61829064E-02  2.59476887E-01  4.68656143E-01  5.51877107E-01  4.07175041E-01  1.75721682E-01  7.15875650E-02  1.45541371E-01  3.35715524E-01  5.24278240E-01  5.32773725E-01  3.11775464E-01  1.01759927E-01  7.80208487E-02  2.03896932E-01  4.23730518E-01  5.86432271E-01  4.66101063E-01  1.96023737E-01  6.30054890E-02  1.05224604E-01  3.00327782E-01  5.18329260E-01  5.67101402E-01  3.49225445E-01  1.26760898E-01  5.90333464E-02  1.64967646E-01  3.89593957E-01  5.74843651E-01  5.05384337E-01  2.51088978E-01  7.57057318E-02  8.01553205E-02  2.46426442E-01  4.89390605E-01  5.74993268E-01  4.08489474E-01  1.65615516E-01  5.75768899E-02  1.28813406E-01  3.36398444E-01  5.53918851E-01  5.55250936E-01  3.03407186E-01  9.31776420E-02
  5.27397049E-02  2.07379418E-01  4.91320621E-01  6.24075180E-01  4.41290195E-01  1.60725520E-01  3.71369160E-02  8.55143178E-02  3.19261622E-01  5.96410497E-01  5.95609275E-01  3.04985836E-01  8.07210602E-02  3.23182348E-02  1.50793691E-01  4.42926899E-01  6.54215950E-01  4.93586526E-01  1.95987403E-01  3.96114062E-02  5.37856900E-02  2.49163186E-01  5.62904128E-01  6.42364920E-01  3.73402314E-01  1.03049322E-01  2.66848936E-02  1.09034318E-01  3.81774242E-01  6.51286612E-01  5.56714187E-01  2.36799687E-01  5.07439770E-02  4.15696201E-02  1.95599906E-01  5.01873581E-01  6.62107951E-01  4.45732278E-01  1.36301444E-01  2.78726466E-02  8.94006685E-02  3.16984682E-01  5.99908986E-01  6.15154098E-01  3.00011385E-01  6.39063011E-02  3.53727902E-02  1.56175459E-01  4.44058817E-01  6.68844418E-01  4.94747993E-01  1.73255673E-01  3.72652304E-02  7.11561196E-02  2.65535584E-01  5.71929589E-01  6.26056577E-01  3.48016953E-01  9.85355059E-02  3.61823162E-02  1.26963379E-01  3.96865403E-01  6.41835383E-01  5.32208873E-01  2.25872500E-01  5.41059094E-02  5.73860870E-02  2.18908186E-01  5.25019741E-01  6.49822708E-01  4.00816122E-01  1.24543371E-01  3.74833477E-02  1.04705304E-01  3.45793738E-01  6.29967714E-01  5.78855422E-01  2.61324674E-01  6.08111398E-02  4.26223685E-02  1.74391054E-01  4.82685708E-01  6.93511231E-01  4.57546928E-01  1.36271534E-01  2.42905653E-02  6.42338164E-02  2.79409845E-01  6.45108500E-01  6.74513937E-01  2.89264870E-01  3.85423998E-02  1.27687688E-02  9.98742865E-02  4.15604920E-01  7.97342342E-01  5.67366810E-01  1.04812257E-01  2.72001045E-03  3.35814075E-06  1.43099621E-06  2.61385037E-03  9.97082857E-02  5.25818854E-01  7.73872579E-01  4.50233816E-01  1.27302692E-01  1.98770388E-02  3.35460608E-02  2.51726366E-01  6.45825993E-01  6.59966701E-01  3.15420353E-01  8.05577856E-02  2.44050189E-02  1.14464760E-01  4.22953749E-01  6.71398062E-01  5.13243687E-01  2.11338091E-01  5.31111163E-02  4.42349654E-02  2.21783246E-01  5.32004946E-01  6.29310766E-01  4.10538060E-01  1.42430192E-01  3.54692205E-02  9.69967776E-02  3.35849672E-01  5.94876924E-01  5.71506594E-01  2.96909785E-01  8.19423423E-02  4.74216216E-02  1.72280115E-01  4.42158720E-01  6.20608649E-01  4.73778488E-01  1.98661052E-01  6.15163494E-02  9.06072124E-02  2.85468244E-01  5.28422932E-01  5.76758736E-01  3.60828876E-01  1.27597216E-01  5.32515733E-02  1.52338848E-01  4.05151001E-01  5.88885217E-01  5.01825403E-01  2.43298055E-01  7.87198799E-02  7.91098316E-02  2.49364779E-01  4.95586035E-01  5.74883682E-01  4.04209254E-01  1.60047463E-01  5.96671367E-02  1.31839614E-01  3.51607797E-01  5.67671158E-01  5.39949414E-01  2.83054080E-01  9.52818958E-02  6.57626635E-02  2.02775318E-01  4.69005886E-01  6.02938613E-01  4.37703439E-01  1.85344959E-01  5.81121139E-02  9.58019219E-02  2.99312406E-01  5.57514004E-01  5.75357995E-01  3.34127521E-01  1.09571814E-01  5.07347643E-02  1.64315540E-01  4.27299261E-01  5.94994568E-01  4.83715341E-01  2.25992046E-01  6.63427288E-02  7.45662671E-02  2.64978728E-01  5.26428119E-01  5.87331082E-01  3.80681750E-01  1.42063047E-01  4.55358872E-02  1.29398010E-01  3.72646189E-01  6.00755415E-01  5.30480689E-01  2.66106677E-01  7.51662880E-02
  7.21032733E-02  2.64754072E-01  5.53382081E-01  6.13476850E-01  3.64522846E-01  1.11005321E-01  3.68711811E-02  1.26048526E-01  3.84488155E-01  6.27438346E-01  5.44054353E-01  2.41752328E-01  5.45584477E-02  5.73692688E-02  2.22862385E-01  5.17255186E-01  6.42452531E-01  4.09499595E-01  1.29911147E-01  3.39841507E-02  1.05784308E-01  3.50664218E-01  6.19294747E-01  5.72880202E-01  2.66308571E-01  6.55785377E-02  4.21722722E-02  1.75176423E-01  4.75139820E-01  6.54988414E-01  4.63309483E-01  1.65688189E-01  3.35111924E-02  5.98324522E-02  2.70692531E-01  5.97243847E-01  6.32447312E-01  3.32538054E-01  9.13393701E-02  2.33616873E-02  1.13391957E-01  4.11465242E-01  6.60663510E-01  5.32226884E-01  2.21932058E-01  4.55744882E-02  3.46680877E-02  2.11030877E-01  5.43973071E-01  6.70237570E-01  4.06523948E-01  1.17431856E-01  2.46113723E-02  8.16364117E-02  3.36087109E-01  6.39189775E-01  5.95891766E-01  2.73813892E-01  6.33508436E-02  3.33340157E-02  1.58860675E-01  4.59731732E-01  6.60307064E-01  4.81366839E-01  1.80533881E-01  3.55065917E-02  6.29287177E-02  2.66932081E-01  5.75738931E-01  6.40377627E-01  3.48896355E-01  9.10669291E-02  2.82995613E-02  1.21592700E-01  3.94572227E-01  6.66155523E-01  5.42265872E-01  2.12204814E-01  4.43695951E-02  3.95129246E-02  1.97601181E-01  5.41590416E-01  6.89465917E-01  4.11317818E-01  1.08796434E-01  1.78737683E-02  7.16328346E-02  3.24723465E-01  6.80523262E-01  6.31430394E-01  2.52163048E-01  3.22173453E-02  1.21440832E-02  1.12503971E-01  4.54673577E-01  7.94406772E-01  5.27210922E-01  9.70520922E-02  2.51750281E-03  4.98312711E-06  3.39707537E-06  3.06796400E-03  1.06493420E-01  5.40852227E-01  7.81300315E-01  4.43581451E-01  1.09713296E-01  1.59378065E-02  4.68859618E-02  2.75717087E-01  6.45063712E-01  6.47017863E-01  3.03203645E-01  7.37201125E-02  2.60003037E-02  1.27732835E-01  4.38510517E-01  6.83313678E-01  5.03131507E-01  1.88675996E-01  4.43291001E-02  5.76729134E-02  2.46881744E-01  5.70982902E-01  6.28857930E-01  3.70053588E-01  1.07961485E-01  2.82770866E-02  1.08563521E-01  3.82014949E-01  6.53346389E-01  5.47510731E-01  2.40735624E-01  5.17792126E-02  3.81314398E-02  1.86613735E-01  5.07669595E-01  6.77768200E-01  4.38758110E-01  1.33281946E-01  2.78143982E-02  7.41382790E-02  3.12775354E-01  6.28431114E-01  6.21986232E-01  2.89931732E-01  5.94193026E-02  2.88234308E-02  1.55224286E-01  4.64924184E-01  6.84852790E-01  4.87257447E-01  1.57864859E-01  2.95605849E-02  6.17763892E-02  2.70345422E-01  6.14242677E-01  6.41443465E-01  3.18210889E-01  8.09977278E-02  2.83261417E-02  1.19391395E-01  4.29234106E-01  6.92986119E-01  5.17932936E-01  1.87639978E-01  3.55260630E-02  4.65038470E-02  2.39183420E-01  5.82492047E-01  6.62527278E-01  3.59592047E-01  9.54739145E-02  2.50792913E-02  1.04899708E-01  3.77817030E-01  6.63474263E-01  5.60746963E-01  2.27698481E-01  4.96232958E-02  4.21811811E-02  1.99321012E-01  5.22984083E-01  6.61145748E-01  4.21367300E-01  1.34905501E-01  3.34172441E-02  9.10768166E-02  3.27246760E-01  6.05565253E-01  5.92799145E-01  2.90351237E-01  7.44211811E-02  3.87994151E-02  1.70178751E-01  4.48939314E-01  6.40417435E-01  4.81446423E-01  1.87886592E-01  4.44205849E-02
  7.21032733E-02  2.64754072E-01  5.53382081E-01  6.13476850E-01  3.64522846E-01  1.11005321E-01  3.68711811E-02  1.26048526E-01  3.84488155E-01  6.27438346E-01  5.44054353E-01  2.41752328E-01  5.45584477E-02  5.73692688E-02  2.22862385E-01  5.17255186E-01  6.42452531E-01  4.09499595E-01  1.29911147E-01  3.39841507E-02  1.05784308E-01  3.50664218E-01  6.19294747E-01  5.72880202E-01  2.66308571E-01  6.55785377E-02  4.21722722E-02  1.75176423E-01  4.75139820E-01  6.54988414E-01  4.63309483E-01  1.65688189E-01  3.35111924E-02  5.98324522E-02  2.70692531E-01  5.97243847E-01  6.32447312E-01  3.32538054E-01  9.13393701E-02  2.33616873E-02  1.13391957E-01  4.11465242E-01  6.60663510E-01  5.32226884E-01  2.21932058E-01  4.55744882E-02  3.46680877E-02  2.11030877E-01  5.43973071E-01  6.70237570E-01  4.06523948E-01  1.17431856E-01  2.46113723E-02  8.16364117E-02  3.36087109E-01  6.39189775E-01  5.95891766E-01  2.73813892E-01  6.33508436E-02  3.33340157E-02  1.58860675E-01  4.59731732E-01  6.60307064E-01  4.81366839E-01  1.80533881E-01  3.55065917E-02  6.29287177E-02  2.66932081E-01  5.75738931E-01  6.40377627E-01  3.48896355E-01  9.10669291E-02  2.82995613E-02  1.21592700E-01  3.94572227E-01  6.66155523E-01  5.42265872E-01  2.12204814E-01  4.43695951E-02  3.95129246E-02  1.97601181E-01  5.41590416E-01  6.89465917E-01  4.11317818E-01  1.08796434E-01  1.78737683E-02  7.16328346E-02  3.24723465E-01  6.80523262E-01  6.31430394E-01  2.52163048E-01  3.22173453E-02  1.21440832E-02  1.12503971E-01  4.54673577E-01  7.94406772E-01  5.27210922E-01  9.70520922E-02  2.51750281E-03  4.98312711E-06  3.39707537E-06  3.06796400E-03  1.06493420E-01  5.40852227E-01  7.81300315E-01  4.43581451E-01  1.09713296E-01  1.59378065E-02  4.68859618E-02  2.75717087E-01  6.45063712E-01  6.47017863E-01  3.03203645E-01  7.37201125E-02  2.60003037E-02  1.27732835E-01  4.38510517E-01  6.83313678E-01  5.03131507E-01  1.88675996E-01  4.43291001E-02  5.76729134E-02  2.46881744E-01  5.70982902E-01  6.28857930E-01  3.70053588E-01  1.07961485E-01  2.82770866E-02  1.08563521E-01  3.82014949E-01  6.53346389E-01  5.47510731E-01  2.40735624E-01  5.17792126E-02  3.81314398E-02  1.86613735E-01  5.07669595E-01  6.77768200E-01  4.38758110E-01  1.33281946E-01  2.78143982E-02  7.41382790E-02  3.12775354E-01  6.28431114E-01  6.21986232E-01  2.89931732E-01  5.94193026E-02  2.88234308E-02  1.55224286E-01  4.64924184E-01  6.84852790E-01  4.87257447E-01  1.57864859E-01  2.95605849E-02  6.17763892E-02  2.70345422E-01  6.14242677E-01  6.41443465E-01  3.18210889E-01  8.09977278E-02  2.83261417E-02  1.19391395E-01  4.29234106E-01  6.92986119E-01  5.17932936E-01  1.87639978E-01  3.55260630E-02  4.65038470E-02  2.39183420E-01  5.82492047E-01  6.62527278E-01  3.59592047E-01  9.54739145E-02  2.50792913E-02  1.04899708E-01  3.77817030E-01  6.63474263E-01  5.60746963E-01  2.27698481E-01  4.96232958E-02  4.21811811E-02  1.99321012E-01  5.22984083E-01  6.61145748E-01  4.21367300E-01  1.34905501E-01  3.34172441E-02  9.10768166E-02  3.27246760E-01  6.05565253E-01  5.92799145E-01  2.90351237E-01  7.44211811E-02  3.87994151E-02  1.70178751E-01  4.48939314E-01  6.40417435E-01  4.81446423E-01  1.87886592E-01  4.44205849E-02
  7.21032733E-02  2.64754072E-01  5.53382081E-01  6.13476850E-01  3.64522846E-01  1.11005321E-01  3.68711811E-02  1.26048526E-01  3.84488155E-01  6.27438346E-01  5.44054353E-01  2.41752328E-01  5.45584477E-02  5.73692688E-02  2.22862385E-01  5.17255186E-01  6.42452531E-01  4.09499595E-01  1.29911147E-01  3.39841507E-02  1.05784308E-01  3.50664218E-01  6.19294747E-01  5.72880202E-01  2.66308571E-01  6.55785377E-02  4.21722722E-02  1.75176423E-01  4.75139820E-01  6.54988414E-01  4.63309483E-01  1.65688189E-01  3.35111924E-02  5.98324522E-02  2.70692531E-01  5.97243847E-01  6.32447312E-01  3.32538054E-01  9.13393701E-02  2.33616873E-02  1.13391957E-01  4.11465242E-01  6.60663510E-01  5.32226884E-01  2.21932058E-01  4.55744882E-02  3.46680877E-02  2.11030877E-01  5.43973071E-01  6.70237570E-01  4.06523948E-01  1.17431856E-01  2.46113723E-02  8.16364117E-02  3.36087109E-01  6.39189775E-01  5.95891766E-01  2.73813892E-01  6.33508436E-02  3.33340157E-02  1.58860675E-01  4.59731732E-01  6.60307064E-01  4.81366839E-01  1.80533881E-01  3.55065917E-02  6.29287177E-02  2.66932081E-01  5.75738931E-01  6.40377627E-01  3.48896355E-01  9.10669291E-02  2.82995613E-02  1.21592700E-01  3.94572227E-01  6.66155523E-01  5.42265872E-01  2.12204814E-01  4.43695951E-02  3.95129246E-02  1.97601181E-01  5.41590416E-01  6.89465917E-01  4.11317818E-01  1.08796434E-01  1.78737683E-02  7.16328346E-02  3.24723465E-01  6.80523262E-01  6.31430394E-01  2.52163048E-01  3.22173453E-02  1.21440832E-02  1.12503971E-01  4.54673577E-01  7.94406772E-01  5.27210922E-01  9.70520922E-02  2.51750281E-03  4.98312711E-06  3.39707537E-06  3.06796400E-03  1.06493420E-01  5.40852227E-01  7.81300315E-01  4.43581451E-01  1.09713296E-01  1.59378065E-02  4.68859618E-02  2.75717087E-01  6.45063712E-01  6.47017863E-01  3.03203645E-01  7.37201125E-02  2.60003037E-02  1.27732835E-01  4.38510517E-01  6.83313678E-01  5.03131507E-01  1.88675996E-01  4.43291001E-02  5.76729134E-02  2.46881744E-01  5.70982902E-01  6.28857930E-01  3.70053588E-01  1.07961485E-01  2.82770866E-02  1.08563521E-01  3.82014949E-01  6.53346389E-01  5.47510731E-01  2.40735624E-01  5.17792126E-02  3.81314398E-02  1.86613735E-01  5.07669595E-01  6.77768200E-01  4.38758110E-01  1.33281946E-01  2.78143982E-02  7.41382790E-02  3.12775354E-01  6.28431114E-01  6.21986232E-01  2.89931732E-01  5.94193026E-02  2.88234308E-02  1.55224286E-01  4.64924184E-01  6.84852790E-01  4.87257447E-01  1.57864859E-01  2.95605849E-02  6.17763892E-02  2.70345422E-01  6.14242677E-01  6.41443465E-01  3.18210889E-01  8.09977278E-02  2.83261417E-02  1.19391395E-01  4.29234106E-01  6.92986119E-01  5.17932936E-01  1.87639978E-01  3.55260630E-02  4.65038470E-02  2.39183420E-01  5.82492047E-01  6.62527278E-01  3.59592047E-01  9.54739145E-02  2.50792913E-02  1.04899708E-01  3.77817030E-01  6.63474263E-01  5.60746963E-01  2.27698481E-01  4.96232958E-02  4.21811811E-02  1.99321012E-01  5.22984083E-01  6.61145748E-01  4.21367300E-01  1.34905501E-01  3.34172441E-02  9.10768166E-02  3.27246760E-01  6.05565253E-01  5.92799145E-01  2.90351237E-01  7.44211811E-02  3.87994151E-02  1.70178751E-01  4.48939314E-01  6.40417435E-01  4.81446423E-01  1.87886592E-01  4.44205849E-02
  3.53884841E-02  1.58060812E-01  4.59860718E-01  6.64466672E-01  4.74634668E-01  1.75782791E-01  4.37625956E-02  7.11384463E-02  2.69177595E-01  5.86210900E-01  6.21334498E-01  3.36992537E-01  9.56686930E-02  3.63678183E-02  1.34614519E-01  4.17404481E-01  6.55236778E-01  5.03587925E-01  2.08187455E-01  5.64040110E-02  5.76705001E-02  2.42999681E-01  5.63753487E-01  6.14840355E-01  3.55946374E-01  1.28920642E-01  4.66762449E-02  1.16879587E-01  3.93303021E-01  6.25696723E-01  5.09665163E-01  2.47455663E-01  8.44273978E-02  5.97997180E-02  2.21399598E-01  5.10461439E-01  6.00945277E-01  4.00800057E-01  1.72239765E-01  5.83409113E-02  1.03204747E-01  3.39339355E-01  5.89524993E-01  5.37793628E-01  3.01817198E-01  1.04375720E-01  4.73483849E-02  1.79238846E-01  4.61902327E-01  6.07485144E-01  4.63276423E-01  2.03600862E-01  5.53414754E-02  8.43500144E-02  2.88184442E-01  5.43959305E-01  5.88949367E-01  3.61188082E-01  1.13907105E-01  4.23540149E-02  1.43915571E-01  3.94880710E-01  6.20890607E-01  5.43075644E-01  2.28978253E-01  4.36138347E-02  5.30886278E-02  2.22056394E-01  5.31265539E-01  6.77946191E-01  4.06360971E-01  9.91634365E-02  1.92414049E-02  8.37394229E-02  3.45722491E-01  6.88203755E-01  6.03862969E-01  2.30162862E-01  3.55863324E-02  2.34011176E-02  1.63590793E-01  5.30249751E-01  7.27189811E-01  4.40352866E-01  1.07324204E-01  1.16158663E-02  4.92251939E-02  2.82854670E-01  6.82426661E-01  6.94844883E-01  2.56703674E-01  3.02519180E-02  9.17129651E-03  9.82219036E-02  4.42367792E-01  8.11588098E-01  5.37299329E-01  9.92952814E-02  2.63824520E-03  5.95377987E-07  0.00000000E+00  2.40626714E-03  8.96260765E-02  5.03573746E-01  7.87095208E-01  4.72847714E-01  1.28747894E-01  1.61827393E-02  3.05771615E-02  2.24553555E-01  6.09150636E-01  6.94882068E-01  3.54974550E-01  7.81438308E-02  1.36899073E-02  8.33423685E-02  3.66208132E-01  6.84898629E-01  5.80846753E-01  2.31302603E-01  4.50253245E-02  3.08440110E-02  1.75345069E-01  5.07469038E-01  6.89162052E-01  4.43819846E-01  1.36172503E-01  2.63338556E-02  6.81898942E-02  2.92791163E-01  6.12034939E-01  6.20527599E-01  3.15228589E-01  7.81648309E-02  3.09276825E-02  1.44561206E-01  4.20811161E-01  6.47660426E-01  5.21313691E-01  2.02928581E-01  4.46655908E-02  6.61705392E-02  2.43600183E-01  5.20667262E-01  6.31398861E-01  3.90485379E-01  1.24671038E-01  4.22021726E-02  1.15371171E-01  3.55378206E-01  6.04471372E-01  5.56169516E-01  2.66447071E-01  7.31604544E-02  5.34233085E-02  1.98767782E-01  4.80453422E-01  6.33466520E-01  4.40707951E-01  1.60797206E-01  4.68748035E-02  8.56025800E-02  2.92545063E-01  5.90077222E-01  6.07680136E-01  3.12362867E-01  8.58967594E-02  3.41880611E-02  1.35875373E-01  4.29262102E-01  6.67232511E-01  5.04876391E-01  1.97273184E-01  4.50302650E-02  5.20658363E-02  2.36669377E-01  5.53763922E-01  6.50906646E-01  3.79743382E-01  1.11658310E-01  2.68707403E-02  9.79234417E-02  3.64046434E-01  6.54643468E-01  5.68965562E-01  2.44231994E-01  5.65169500E-02  4.08195691E-02  1.89884168E-01  4.99668547E-01  6.64293908E-01  4.42559958E-01  1.44900807E-01  2.95496801E-02  8.16771902E-02  3.16000480E-01  6.21946985E-01  6.03352432E-01  2.89506839E-01  7.22053427E-02
  7.01716742E-02  2.25729993E-01  4.56929334E-01  5.67358863E-01  4.53783568E-01  1.91493365E-01  5.06663005E-02  1.09016298E-01  3.08978849E-01  5.24723105E-01  5.75269501E-01  3.53329830E-01  1.03663262E-01  5.23659804E-02  1.73086238E-01  4.08814282E-01  5.94798882E-01  5.04869921E-01  2.21715968E-01  6.22975113E-02  8.06380416E-02  2.49719847E-01  5.03714411E-01  6.01313857E-01  4.05315997E-01  1.34044662E-01  4.11665154E-02  1.37959713E-01  3.45612859E-01  5.60539393E-01  5.67419078E-01  2.90438863E-01  7.27769859E-02  5.76278863E-02  2.08165016E-01  4.65110762E-01  6.18731626E-01  4.58361529E-01  1.64782527E-01  4.10944543E-02  9.94731980E-02  3.17160755E-01  5.68833456E-01  5.99130881E-01  3.17206267E-01  7.92023883E-02  4.19470170E-02  1.65083200E-01  4.24272090E-01  6.43698390E-01  5.04885818E-01  1.91431813E-01  3.98902317E-02  6.97408646E-02  2.56003898E-01  5.57960267E-01  6.44494063E-01  3.58641490E-01  9.55741772E-02  3.12292333E-02  1.19085703E-01  3.98305049E-01  6.60502021E-01  5.45178180E-01  2.15183253E-01  4.23040172E-02  4.38145402E-02  2.14062278E-01  5.48787829E-01  6.81037889E-01  3.95092152E-01  1.04569190E-01  1.80009936E-02  8.03432625E-02  3.55312453E-01  6.84098629E-01  5.91784418E-01  2.35037210E-01  4.52735610E-02  2.31885168E-02  1.61376871E-01  5.23431249E-01  7.33903883E-01  4.38134330E-01  1.11303444E-01  1.29362503E-02  4.93728971E-02  2.92190093E-01  6.92631841E-01  6.75254903E-01  2.56258390E-01  3.18063817E-02  1.11012945E-02  1.07845417E-01  4.45818658E-01  7.92959752E-01  5.40490566E-01  9.93598567E-02  2.68904705E-03  2.98065441E-05  4.87222355E-07  2.84154765E-03  1.06911966E-01  5.53158605E-01  7.94126343E-01  4.34519446E-01  9.79622164E-02  1.14390447E-02  4.09803583E-02  2.82229444E-01  6.67089754E-01  6.58048206E-01  2.86776489E-01  5.90166420E-02  1.94847576E-02  1.34447108E-01  4.66109950E-01  7.02929678E-01  4.85407146E-01  1.64211053E-01  3.27924624E-02  5.09918319E-02  2.73111373E-01  6.23478003E-01  6.18291426E-01  3.24311182E-01  9.55653690E-02  3.11514402E-02  1.26279427E-01  4.09774359E-01  6.49909291E-01  5.26048942E-01  2.22338190E-01  5.01005207E-02  4.95417722E-02  2.22990236E-01  5.27728665E-01  6.32446210E-01  4.10519733E-01  1.35376413E-01  3.57899881E-02  1.08657120E-01  3.45941486E-01  5.78509272E-01  5.53081739E-01  3.03046802E-01  8.92026845E-02  5.33028230E-02  1.93138257E-01  4.37632443E-01  5.90930948E-01  4.64600344E-01  2.10145355E-01  6.85579269E-02  1.05511392E-01  2.82287213E-01  5.04199446E-01  5.45009611E-01  3.66287690E-01  1.53170394E-01  7.08657368E-02  1.69268288E-01  3.82860502E-01  5.38536403E-01  4.86342823E-01  2.76338123E-01  1.05694941E-01  9.85262479E-02  2.54211588E-01  4.35668899E-01  5.35350227E-01  4.30203067E-01  1.95960669E-01  8.25710246E-02  1.52662154E-01  3.17176384E-01  4.95051388E-01  5.28968445E-01  3.38027036E-01  1.22169601E-01  7.87376260E-02  2.01322990E-01  4.06578314E-01  5.53208053E-01  4.70677784E-01  2.36005789E-01  7.99650537E-02  9.63232768E-02  2.77539670E-01  5.08496394E-01  5.56756599E-01  3.72925694E-01  1.49851378E-01  5.57007977E-02  1.51608789E-01  3.77507227E-01  5.62330662E-01  5.10257043E-01  2.85702116E-01  8.32988488E-02
  7.41085714E-02  2.79129266E-01  5.88171660E-01  6.20211377E-01  3.39518327E-01  8.13348777E-02  2.39434234E-02  1.10668597E-01  4.00601982E-01  6.70159923E-01  5.40301313E-01  2.20289447E-01  4.17648906E-02  3.49719434E-02  1.96177091E-01  5.28951120E-01  6.70250965E-01  4.21146100E-01  1.31044530E-01  2.61690605E-02  8.15329730E-02  3.10482600E-01  6.04175032E-01  6.08744093E-01  3.11373153E-01  7.04186615E-02  3.21570142E-02  1.65353668E-01  4.27606873E-01  6.21815907E-01  5.30083243E-01  1.98580644E-01  3.70070013E-02  7.89792278E-02  2.60288803E-01  5.12507876E-01  6.26794749E-01  3.99193771E-01  1.09315418E-01  4.36744916E-02  1.38347130E-01  3.49720772E-01  5.89956139E-01  5.74579459E-01  2.61178713E-01  5.68717117E-02  7.74540798E-02  2.16325894E-01  4.39917761E-01  6.17566744E-01  4.65688031E-01  1.55225843E-01  5.09575290E-02  1.33405997E-01  2.94047696E-01  5.45814775E-01  6.13206564E-01  3.08681004E-01  7.62458430E-02  6.79210039E-02  1.94454106E-01  4.23250039E-01  6.04782342E-01  4.95385508E-01  1.83062085E-01  5.04350064E-02  1.04021236E-01  2.74224247E-01  5.30211583E-01  6.04740978E-01  3.58615264E-01  9.83405920E-02  5.20734106E-02  1.53900335E-01  3.74637349E-01  6.17134208E-01  5.43134337E-01  2.25345920E-01  4.81982497E-02  6.35193822E-02  2.17953951E-01  5.15628288E-01  6.74555006E-01  4.03622703E-01  1.04944556E-01  2.40420077E-02  9.25911712E-02  3.24355315E-01  6.61057941E-01  6.38194003E-01  2.39855804E-01  3.28298327E-02  2.74850193E-02  1.36084453E-01  4.39336963E-01  7.66586100E-01  5.28450064E-01  9.70968855E-02  2.84378378E-03  0.00000000E+00  3.24324324E-06  2.57153153E-03  9.70294466E-02  5.29211094E-01  7.94425251E-01  4.49385251E-01  1.13498224E-01  1.43818275E-02  3.22721493E-02  2.50928211E-01  6.67705328E-01  6.72024891E-01  3.00382111E-01  6.70990734E-02  2.03249163E-02  1.03367773E-01  4.22976988E-01  7.24415779E-01  5.16641699E-01  1.83693745E-01  3.75637323E-02  3.86418275E-02  2.22813874E-01  5.73997864E-01  6.64081441E-01  3.75257220E-01  1.11296345E-01  2.35443243E-02  1.00400721E-01  3.67005354E-01  6.42180386E-01  5.68015058E-01  2.58835006E-01  5.21529472E-02  3.68323037E-02  1.98491454E-01  5.05729472E-01  6.74312201E-01  4.40724299E-01  1.30591763E-01  2.46699099E-02  8.50082883E-02  3.27686126E-01  6.33315650E-01  6.12800978E-01  2.82624968E-01  4.92765766E-02  3.31272072E-02  1.71686667E-01  4.79020849E-01  6.93248108E-01  4.80585225E-01  1.30264710E-01  1.85197169E-02  6.47246075E-02  2.84454620E-01  6.31284736E-01  6.63849266E-01  2.90609189E-01  5.47740026E-02  2.26163449E-02  1.40929601E-01  4.42331686E-01  7.03827207E-01  5.21320849E-01  1.53944736E-01  2.19562420E-02  5.18418018E-02  2.32802677E-01  5.91157967E-01  7.00578919E-01  3.40217632E-01  7.36629858E-02  2.34666152E-02  9.84899356E-02  3.75159511E-01  6.87494337E-01  5.78250837E-01  2.04307439E-01  4.08231145E-02  3.96870270E-02  2.10385328E-01  5.34104196E-01  6.67420849E-01  4.18019511E-01  1.16317169E-01  2.31350837E-02  1.00117143E-01  3.28011815E-01  6.12329369E-01  5.91978790E-01  2.83342471E-01  6.97327671E-02  3.98636293E-02  1.63116525E-01  4.70280206E-01  6.73271403E-01  4.70425817E-01  1.62357066E-01  3.54934878E-02
  9.90750067E-02  2.89151805E-01  5.25886899E-01  5.22529133E-01  3.43825195E-01  1.69527928E-01  8.15406289E-02  1.47793093E-01  3.86154824E-01  5.52453257E-01  4.68872156E-01  2.81005466E-01  1.23747970E-01  8.00103678E-02  2.13349701E-01  4.66937595E-01  5.68806663E-01  4.15345782E-01  2.07431416E-01  7.70777358E-02  9.43763903E-02  2.91491969E-01  5.51184707E-01  5.67947094E-01  3.39823198E-01  1.24169262E-01  4.93740271E-02  1.41958460E-01  4.06148161E-01  6.10185089E-01  5.13063755E-01  2.39935506E-01  6.07998094E-02  5.37631942E-02  2.27591881E-01  5.24104433E-01  6.27868077E-01  4.04715228E-01  1.38458891E-01  3.61926815E-02  1.00112994E-01  3.41655559E-01  6.17411191E-01  5.76673421E-01  2.78316272E-01  6.87508595E-02  3.85039985E-02  1.72485977E-01  4.72242935E-01  6.65311599E-01  4.68709076E-01  1.59896764E-01  3.34857557E-02  6.79462398E-02  2.84169201E-01  5.97841814E-01  6.29780065E-01  3.29498372E-01  7.75437545E-02  2.78940499E-02  1.28972731E-01  4.16844765E-01  6.89731252E-01  5.32634565E-01  1.80528973E-01  3.22370726E-02  4.84012274E-02  2.24328759E-01  5.66684490E-01  6.90658220E-01  3.68445047E-01  8.98321479E-02  2.12820812E-02  9.17370459E-02  3.56806899E-01  6.84300675E-01  5.94336383E-01  2.23585066E-01  3.66053745E-02  2.96468534E-02  1.67788306E-01  5.17889346E-01  7.35698891E-01  4.35260537E-01  1.04272087E-01  1.35733028E-02  5.60545683E-02  2.93341239E-01  6.83689362E-01  6.74096467E-01  2.55994252E-01  3.27305203E-02  1.08920755E-02  1.03974378E-01  4.40612358E-01  8.00965626E-01  5.41969018E-01  9.93641852E-02  2.70886221E-03  4.70364018E-06  3.04173814E-06  2.77851725E-03  9.90059386E-02  5.43270425E-01  7.97786644E-01  4.31835472E-01  1.08794099E-01  1.67773585E-02  3.30769811E-02  2.63447898E-01  6.62308367E-01  6.62904677E-01  2.97241837E-01  7.27315266E-02  1.89523766E-02  1.17967921E-01  4.38839779E-01  6.87989243E-01  5.10236188E-01  1.95464631E-01  3.92598513E-02  4.87135658E-02  2.47177137E-01  5.72956379E-01  6.36333036E-01  3.66041334E-01  1.11306941E-01  3.28767524E-02  1.21156463E-01  3.98698464E-01  6.30775193E-01  5.28946301E-01  2.41287646E-01  6.23901201E-02  5.40030646E-02  2.24233238E-01  5.18125901E-01  6.28920564E-01  4.02313657E-01  1.45424906E-01  4.31661445E-02  1.10914183E-01  3.44638887E-01  6.02175506E-01  5.55805695E-01  2.75250086E-01  8.47429769E-02  6.02541490E-02  1.99000427E-01  4.71500431E-01  6.13410871E-01  4.33569072E-01  1.82947917E-01  5.82409301E-02  9.55008576E-02  3.17979028E-01  5.69781086E-01  5.53947132E-01  3.20709106E-01  1.12773417E-01  5.03188184E-02  1.64147322E-01  4.40781368E-01  6.03837164E-01  4.69474382E-01  2.22020423E-01  6.99336535E-02  7.47717477E-02  2.68043103E-01  5.35261757E-01  5.73219463E-01  3.68214515E-01  1.45305249E-01  5.54821346E-02  1.32951286E-01  3.88792148E-01  5.86638201E-01  4.97977953E-01  2.66608370E-01  9.44677034E-02  6.95079855E-02  2.23213036E-01  4.93508893E-01  5.81016604E-01  3.99196021E-01  1.80762905E-01  7.27125748E-02  1.18745988E-01  3.39601426E-01  5.58277439E-01  5.16960816E-01  2.94044963E-01  1.28420621E-01  7.56405336E-02  1.92663114E-01  4.51385599E-01  5.72461589E-01  4.19295925E-01  2.19449804E-01  9.58420202E-02
  8.64776080E-02  2.68136618E-01  5.16672996E-01  5.57083473E-01  3.73668317E-01  1.61195425E-01  6.04771850E-02  1.43824844E-01  3.83308771E-01  5.61663627E-01  5.06429095E-01  2.80575642E-01  9.30549993E-02  7.09608513E-02  2.32601128E-01  4.71936195E-01  5.78863789E-01  4.25134409E-01  1.80475174E-01  6.31213892E-02  1.20667043E-01  3.30433978E-01  5.43372069E-01  5.42791795E-01  3.15479990E-01  1.12836313E-01  6.33153101E-02  1.88203212E-01  4.33026552E-01  5.86101575E-01  4.61579658E-01  2.18290403E-01  7.08635853E-02  8.68307716E-02  2.75030145E-01  5.38676856E-01  5.73214629E-01  3.60460306E-01  1.35893521E-01  5.13984959E-02  1.36888638E-01  3.85784917E-01  5.94333480E-01  5.19160016E-01  2.59526492E-01  7.63354798E-02  5.82548792E-02  2.17003656E-01  4.95988176E-01  6.22324340E-01  4.25164439E-01  1.52549299E-01  4.13166680E-02  9.15362371E-02  3.24765667E-01  6.00781481E-01  5.88670819E-01  2.95360104E-01  7.91288628E-02  3.85885573E-02  1.56759499E-01  4.44533224E-01  6.59618546E-01  4.91800512E-01  1.83823987E-01  3.83254315E-02  6.06080846E-02  2.49386896E-01  5.68663554E-01  6.52105904E-01  3.63638882E-01  9.27869748E-02  2.41868181E-02  1.01702786E-01  3.65249134E-01  6.71902269E-01  5.93944698E-01  2.18752709E-01  3.45078209E-02  3.23492310E-02  1.71149127E-01  5.15929395E-01  7.31163948E-01  4.39542990E-01  1.01242167E-01  1.29116438E-02  5.54901319E-02  2.90643572E-01  6.84688210E-01  6.82771182E-01  2.50658107E-01  3.01466249E-02  1.25654994E-02  1.03598888E-01  4.45403593E-01  8.05861674E-01  5.32826150E-01  9.78887531E-02  2.31317927E-03  4.46011229E-06  2.65831048E-06  3.02601384E-03  1.08418634E-01  5.53855318E-01  7.79144468E-01  4.30381131E-01  1.10435237E-01  1.52102363E-02  3.96695704E-02  2.82069727E-01  6.69985429E-01  6.42738561E-01  2.91803457E-01  6.66244157E-02  2.08906019E-02  1.33698112E-01  4.58576801E-01  6.83910693E-01  4.91670761E-01  1.82154584E-01  3.72833216E-02  5.49973156E-02  2.55401891E-01  5.82494200E-01  6.37990072E-01  3.53959890E-01  1.00030119E-01  3.19773652E-02  1.21949304E-01  4.03493213E-01  6.43430030E-01  5.33416671E-01  2.24756480E-01  5.35832145E-02  5.43714845E-02  2.25577940E-01  5.35659136E-01  6.39817376E-01  3.90652393E-01  1.30463476E-01  3.86426009E-02  1.04413516E-01  3.63813772E-01  6.30293015E-01  5.40988401E-01  2.55303987E-01  7.93536963E-02  5.02341298E-02  1.94066829E-01  4.98787946E-01  6.31207698E-01  4.23208581E-01  1.69043139E-01  4.89470949E-02  9.09456535E-02  3.18345084E-01  5.85250853E-01  5.64064165E-01  3.13085494E-01  1.04070129E-01  4.92624468E-02  1.66850591E-01  4.32434130E-01  6.09450806E-01  4.76492748E-01  2.15066254E-01  6.86915368E-02  8.11984489E-02  2.64145225E-01  5.17445698E-01  5.77354516E-01  3.72288032E-01  1.48696436E-01  6.24097558E-02  1.33957242E-01  3.64545069E-01  5.71228291E-01  5.14709633E-01  2.74364319E-01  1.02368294E-01  7.69784045E-02  2.14821977E-01  4.66436360E-01  5.77964841E-01  4.17782154E-01  1.94956783E-01  7.94949889E-02  1.11834417E-01  3.14680225E-01  5.40449850E-01  5.33301329E-01  3.28001238E-01  1.34223517E-01  6.89285599E-02  1.75869565E-01  4.25503585E-01  5.73009944E-01  4.63728168E-01  2.33793738E-01  8.66075885E-02
  3.77686470E-02  1.99175461E-01  5.25048782E-01  6.70514133E-01  4.24574914E-01  1.26720855E-01  2.51214391E-02  8.10913653E-02  3.31142005E-01  6.32256458E-01  6.02462595E-01  2.81085713E-01  5.99931488E-02  3.08231427E-02  1.60120664E-01  4.71254446E-01  6.79868124E-01  4.82452140E-01  1.57396796E-01  2.87146863E-02  6.41984440E-02  2.70143235E-01  6.07303708E-01  6.52113530E-01  3.18545824E-01  7.39080750E-02  2.70192866E-02  1.24424041E-01  4.23828057E-01  6.89216907E-01  5.26117220E-01  1.84129963E-01  3.31604797E-02  4.31404797E-02  2.24361488E-01  5.70226642E-01  6.80683173E-01  3.75888850E-01  9.48027860E-02  2.03573616E-02  8.68309717E-02  3.58763561E-01  6.76771138E-01  5.87512983E-01  2.32864299E-01  4.57059041E-02  3.02357196E-02  1.69368622E-01  5.19024471E-01  7.07204822E-01  4.35297958E-01  1.24972921E-01  1.95132534E-02  5.42830627E-02  2.93806347E-01  6.59375080E-01  6.46264385E-01  2.84313007E-01  5.44915191E-02  1.87873555E-02  1.26535763E-01  4.50649533E-01  7.16274391E-01  5.13017774E-01  1.55671304E-01  2.45346494E-02  4.55229090E-02  2.44620658E-01  5.96650818E-01  6.67196937E-01  3.53361661E-01  8.30468696E-02  1.86837884E-02  9.76919619E-02  3.78912515E-01  6.77389237E-01  5.75382528E-01  2.22067927E-01  3.69430689E-02  3.03327552E-02  1.82303050E-01  5.26466273E-01  7.05903112E-01  4.36262478E-01  1.08740787E-01  1.62389422E-02  6.64781980E-02  2.96488801E-01  6.66642755E-01  6.70577140E-01  2.60890769E-01  3.34245080E-02  1.54774539E-02  1.16029526E-01  4.40841076E-01  7.82950898E-01  5.41544613E-01  1.00520984E-01  2.41327798E-03  1.37146371E-06  2.64452645E-07  2.48591021E-03  9.68724477E-02  5.33687294E-01  8.03435271E-01  4.48544133E-01  1.04007294E-01  1.17691267E-02  3.27935547E-02  2.51488493E-01  6.62225271E-01  6.82454711E-01  3.03844551E-01  6.08670357E-02  1.63994834E-02  1.06505750E-01  4.24839557E-01  7.07240437E-01  5.31902915E-01  1.85420806E-01  3.33780935E-02  4.01169250E-02  2.21755160E-01  5.68145750E-01  6.70155775E-01  3.79244649E-01  1.03915486E-01  2.33475646E-02  8.72511870E-02  3.54657282E-01  6.61815830E-01  5.78261950E-01  2.45092712E-01  5.91391144E-02  3.25575953E-02  1.72184975E-01  5.03214975E-01  6.64524262E-01  4.41541814E-01  1.57877792E-01  3.76156519E-02  7.28229459E-02  2.98132048E-01  5.92549256E-01  5.99623998E-01  3.23677983E-01  9.61128229E-02  3.73121033E-02  1.40423426E-01  4.19817245E-01  6.35150923E-01  5.06698739E-01  2.18857116E-01  5.70705781E-02  5.71237823E-02  2.40872208E-01  5.36219022E-01  6.19471513E-01  3.93703462E-01  1.32867232E-01  3.39950000E-02  1.08570504E-01  3.63647546E-01  6.09830843E-01  5.58650892E-01  2.74826267E-01  6.81603075E-02  4.42215252E-02  1.96166396E-01  4.81071150E-01  6.35700012E-01  4.54035849E-01  1.61816267E-01  3.75043112E-02  8.42020111E-02  2.95105892E-01  5.81928629E-01  6.11322294E-01  3.25026138E-01  8.59061501E-02  3.40297294E-02  1.41506285E-01  4.29892768E-01  6.53471980E-01  5.08537159E-01  1.98258573E-01  4.37842681E-02  5.61164207E-02  2.48569157E-01  5.68033456E-01  6.39809723E-01  3.66668991E-01  1.04289828E-01  2.80332657E-02  1.06836113E-01  3.86223167E-01  6.62042786E-01  5.50742189E-01  2.31255160E-01  4.79002337E-02
  6.70938589E-02  2.63780165E-01  5.60011742E-01  6.32618996E-01  3.53494762E-01  1.02755372E-01  3.78207756E-02  1.30615156E-01  3.87035156E-01  6.34271214E-01  5.32335474E-01  2.31594431E-01  6.16359186E-02  5.81886268E-02  2.20879758E-01  5.18190439E-01  6.37159809E-01  4.05848264E-01  1.35784882E-01  3.94868214E-02  9.68940750E-02  3.36331488E-01  6.15255067E-01  5.73889555E-01  2.81172505E-01  7.46646281E-02  3.69985124E-02  1.69235022E-01  4.74669631E-01  6.44815175E-01  4.63618779E-01  1.78548487E-01  4.35164463E-02  7.01079275E-02  2.86876357E-01  5.80367330E-01  5.96286815E-01  3.36864247E-01  1.07895925E-01  3.72357152E-02  1.34786364E-01  4.09668735E-01  6.26514253E-01  5.16696198E-01  2.31733338E-01  5.77149269E-02  5.54690591E-02  2.27547540E-01  5.22181246E-01  6.29199015E-01  4.04495728E-01  1.37559282E-01  3.70109091E-02  9.56168468E-02  3.39424228E-01  6.26566612E-01  5.85180547E-01  2.73547959E-01  6.43458996E-02  3.56177177E-02  1.66350572E-01  4.69629758E-01  6.71150763E-01  4.79369491E-01  1.58742810E-01  2.71369421E-02  5.62872473E-02  2.62556414E-01  5.97584577E-01  6.55891329E-01  3.38639085E-01  7.79302924E-02  1.80774253E-02  9.63284870E-02  3.88465798E-01  6.95707743E-01  5.66939720E-01  2.06099390E-01  3.47305531E-02  2.67608519E-02  1.77542537E-01  5.39002568E-01  7.16323694E-01  4.23886821E-01  1.06653859E-01  1.45164018E-02  5.55520661E-02  2.95709790E-01  6.75085238E-01  6.69543935E-01  2.65401004E-01  3.40047743E-02  1.09658741E-02  9.99777495E-02  4.35392791E-01  8.02957120E-01  5.49186306E-01  9.97930451E-02  2.43128417E-03  2.73363001E-06  0.00000000E+00  2.78490782E-03  1.01140807E-01  5.41387934E-01  7.96862352E-01  4.38736211E-01  1.06222492E-01  1.32699809E-02  3.17956325E-02  2.55105957E-01  6.68903916E-01  6.76670343E-01  3.00458436E-01  6.14746726E-02  1.49913541E-02  1.02758570E-01  4.30221411E-01  7.22809987E-01  5.26359733E-01  1.79437285E-01  2.90418881E-02  3.87109027E-02  2.19729180E-01  5.74882435E-01  6.90010025E-01  3.65760591E-01  9.58850413E-02  2.37761856E-02  9.24411888E-02  3.72840966E-01  6.91118277E-01  5.68652861E-01  2.17402072E-01  4.52565480E-02  3.34098983E-02  1.91934641E-01  5.39234113E-01  6.94611443E-01  4.11168360E-01  1.17134088E-01  2.20920661E-02  7.68658805E-02  3.35621755E-01  6.61444914E-01  6.01265830E-01  2.60210140E-01  5.48286586E-02  2.79750286E-02  1.64658659E-01  4.93671405E-01  6.86469841E-01  4.60839701E-01  1.46824749E-01  2.80343229E-02  6.47957088E-02  2.94437241E-01  6.18628322E-01  6.26314882E-01  3.12596732E-01  7.18157851E-02  2.83616974E-02  1.38830617E-01  4.33953992E-01  6.70768913E-01  5.09937896E-01  1.86441024E-01  3.92256071E-02  5.27286840E-02  2.39634736E-01  5.65803477E-01  6.58285435E-01  3.68378303E-01  9.96949587E-02  2.75507947E-02  1.06908729E-01  3.65665455E-01  6.56369491E-01  5.73103058E-01  2.31257832E-01  5.07600636E-02  4.13697394E-02  1.89293350E-01  5.04955315E-01  6.77006561E-01  4.36026078E-01  1.32839307E-01  2.88543929E-02  7.90475906E-02  3.01602511E-01  6.20605512E-01  6.23964520E-01  2.93338074E-01  6.76974952E-02  3.26612333E-02  1.53293465E-01  4.49620750E-01  6.67159104E-01  4.90686701E-01  1.78429161E-01  3.90735156E-02
  5.89460870E-02  1.69301073E-01  4.27025956E-01  5.96234219E-01  4.74726095E-01  2.27064839E-01  6.96596527E-02  7.65119415E-02  2.65284100E-01  5.27096759E-01  5.83043311E-01  3.79837827E-01  1.43155979E-01  5.13980833E-02  1.36022128E-01  3.75516062E-01  5.85984458E-01  5.31810900E-01  2.66111529E-01  7.65982818E-02  6.24948688E-02  2.23377778E-01  4.94803786E-01  6.06864405E-01  4.13510187E-01  1.65631900E-01  5.23027079E-02  1.06768837E-01  3.33600621E-01  5.90945152E-01  5.57204340E-01  3.01341794E-01  8.88900692E-02  4.86119859E-02  1.76972686E-01  4.59987398E-01  6.39810988E-01  4.64458781E-01  1.78685881E-01  4.09135396E-02  7.38691213E-02  2.96881405E-01  5.95962930E-01  6.03283154E-01  3.27436099E-01  8.46386160E-02  3.27722261E-02  1.44032354E-01  4.41435007E-01  6.64921562E-01  5.03292445E-01  1.85863403E-01  3.92802820E-02  5.69164121E-02  2.52122606E-01  5.83991968E-01  6.51854226E-01  3.47259136E-01  9.25837420E-02  2.84823711E-02  1.13412242E-01  3.89613448E-01  6.67285526E-01  5.50279869E-01  2.17284089E-01  4.59555138E-02  4.22951508E-02  2.11219298E-01  5.51349403E-01  6.72301679E-01  3.96262019E-01  1.12689505E-01  2.52971981E-02  8.97475232E-02  3.55201394E-01  6.73187727E-01  5.89198841E-01  2.33027440E-01  4.69947356E-02  2.89574723E-02  1.69040235E-01  5.29268301E-01  7.23482449E-01  4.31770785E-01  1.09627748E-01  1.48016869E-02  5.45937015E-02  3.00953252E-01  6.89072741E-01  6.65963719E-01  2.53078303E-01  3.09220316E-02  1.07024050E-02  1.05676856E-01  4.44963865E-01  8.06805353E-01  5.33136409E-01  9.67649772E-02  2.46845802E-03  4.98759629E-06  1.75479828E-06  2.37833137E-03  9.02384750E-02  4.97909649E-01  7.73376107E-01  4.72092921E-01  1.42028651E-01  2.20860008E-02  3.39324612E-02  2.38248769E-01  6.04682878E-01  6.59909952E-01  3.50320277E-01  9.53311346E-02  2.71510693E-02  1.02197253E-01  3.81978854E-01  6.52961008E-01  5.38914521E-01  2.42094571E-01  6.60411229E-02  4.38232250E-02  1.96853887E-01  5.13862666E-01  6.37294592E-01  4.21515827E-01  1.59287186E-01  4.03461392E-02  8.59201149E-02  3.14290320E-01  5.94376326E-01  5.83496697E-01  3.17300243E-01  8.92710850E-02  4.06292780E-02  1.59850931E-01  4.36449960E-01  6.26934221E-01  4.92471780E-01  2.07183272E-01  4.81250659E-02  6.36133542E-02  2.57466453E-01  5.42766006E-01  6.06917535E-01  3.81914501E-01  1.27046048E-01  3.37471680E-02  1.21055213E-01  3.72594354E-01  5.90908113E-01  5.42574587E-01  2.77318344E-01  7.42086278E-02  5.40685050E-02  2.14636146E-01  4.78001050E-01  5.92457167E-01  4.41378728E-01  1.81995822E-01  5.10241546E-02  1.04959708E-01  3.26079838E-01  5.50163604E-01  5.45904724E-01  3.29596449E-01  1.14435033E-01  6.05274004E-02  1.86814467E-01  4.20666541E-01  5.74720037E-01  4.61994177E-01  2.34967782E-01  8.38164251E-02  9.73641050E-02  2.77932357E-01  4.93323807E-01  5.52385418E-01  3.79132602E-01  1.61294028E-01  7.17191174E-02  1.59138948E-01  3.67721875E-01  5.35071618E-01  5.00044225E-01  2.90885045E-01  1.07948740E-01  8.35162606E-02  2.32590453E-01  4.57011182E-01  5.52739747E-01  4.23336812E-01  2.01171364E-01  7.01412404E-02  1.16702541E-01  3.22013093E-01  5.40050090E-01  5.37544943E-01  3.24879979E-01  1.20799389E-01
  8.88831962E-02  2.85243379E-01  5.44195890E-01  5.89754615E-01  3.52422980E-01  1.14522815E-01  5.06733516E-02  1.56596673E-01  3.91678099E-01  5.88280178E-01  5.11422718E-01  2.50411991E-01  6.86130200E-02  7.63853976E-02  2.48212075E-01  4.89418086E-01  5.81352500E-01  4.14881065E-01  1.52310683E-01  5.33109701E-02  1.29684894E-01  3.42862306E-01  5.59972576E-01  5.44527312E-01  2.96313378E-01  9.20192192E-02  6.49548557E-02  1.99508427E-01  4.40572430E-01  5.88831445E-01  4.57696859E-01  2.04004862E-01  6.71385821E-02  9.36853323E-02  2.82027011E-01  5.26509226E-01  5.75399154E-01  3.64279034E-01  1.30593367E-01  4.98351273E-02  1.46745633E-01  3.88637911E-01  5.91513216E-01  5.26752615E-01  2.52364330E-01  6.31439248E-02  6.14521948E-02  2.21201880E-01  4.97038893E-01  6.31447615E-01  4.21450680E-01  1.43482246E-01  3.71846037E-02  9.77367803E-02  3.18867403E-01  6.00293453E-01  5.90481995E-01  2.94426881E-01  7.65114088E-02  3.77161039E-02  1.58516245E-01  4.61559916E-01  6.58998955E-01  4.82082303E-01  1.75091417E-01  3.74759211E-02  6.85208461E-02  2.77822865E-01  5.79344708E-01  6.22101507E-01  3.43619809E-01  9.34415198E-02  2.90069304E-02  1.24235039E-01  3.95404679E-01  6.57503768E-01  5.49472009E-01  2.13262327E-01  4.08175271E-02  3.50323280E-02  1.99667288E-01  5.33006090E-01  6.94464332E-01  4.15289093E-01  1.12176890E-01  2.00690795E-02  7.55528189E-02  3.14798788E-01  6.58996219E-01  6.46596637E-01  2.59641504E-01  3.61451156E-02  2.11206110E-02  1.15264849E-01  4.40256091E-01  7.86583920E-01  5.34619261E-01  9.84650320E-02  2.41830004E-03  4.36610524E-06  4.75257867E-07  2.88122209E-03  1.00670114E-01  5.28264458E-01  7.82091526E-01  4.51532252E-01  1.17237906E-01  1.70682752E-02  3.87055334E-02  2.59282590E-01  6.37236840E-01  6.68584928E-01  3.15040595E-01  7.25593158E-02  2.18475571E-02  1.19565129E-01  4.32155869E-01  6.97333412E-01  5.12877566E-01  1.89969897E-01  3.60888262E-02  4.66701867E-02  2.41544656E-01  5.77678151E-01  6.60631816E-01  3.65351800E-01  9.60009505E-02  2.66122261E-02  1.12746567E-01  3.85557101E-01  6.57537240E-01  5.50509774E-01  2.31798736E-01  4.83948087E-02  5.08945659E-02  2.16550954E-01  5.23731229E-01  6.52749409E-01  4.11239389E-01  1.25775156E-01  3.28466693E-02  1.03931918E-01  3.42725792E-01  6.12340577E-01  5.74500447E-01  2.80177809E-01  6.91805771E-02  4.63791304E-02  1.83803713E-01  4.55448837E-01  6.26911069E-01  4.82866223E-01  1.78980776E-01  4.27310928E-02  9.03578848E-02  2.79651547E-01  5.42303836E-01  6.15771563E-01  3.57564429E-01  9.50182217E-02  4.24704844E-02  1.55158814E-01  4.03560601E-01  6.15059600E-01  5.11545920E-01  2.26101836E-01  5.65491944E-02  7.36981277E-02  2.60864228E-01  5.22234224E-01  5.89792443E-01  3.89541778E-01  1.36884183E-01  4.55730304E-02  1.44473242E-01  3.88500755E-01  5.66058425E-01  5.16998882E-01  2.74292409E-01  8.16648910E-02  7.04595900E-02  2.43101131E-01  4.82767280E-01  5.74266191E-01  4.17285635E-01  1.76504713E-01  5.39902337E-02  1.16032244E-01  3.35844862E-01  5.64737026E-01  5.50294091E-01  3.12031717E-01  9.57889542E-02  5.67176185E-02  1.85175062E-01  4.41617543E-01  6.10248962E-01  4.80110584E-01  1.96540259E-01  5.31203708E-02
  5.11964225E-02  2.19779386E-01  5.09646816E-01  6.29412936E-01  4.22310401E-01  1.42235853E-01  3.63975767E-02  9.60879958E-02  3.33853109E-01  6.02796898E-01  5.75901089E-01  2.96041222E-01  7.80201488E-02  3.91154929E-02  1.67320810E-01  4.72071142E-01  6.47061674E-01  4.67018128E-01  1.79113143E-01  4.03203813E-02  6.94362606E-02  2.82831069E-01  5.77145518E-01  6.11974253E-01  3.38287421E-01  1.01897344E-01  3.69519363E-02  1.33472657E-01  4.08500791E-01  6.43406774E-01  5.24095464E-01  2.16441854E-01  5.26462358E-02  6.09908343E-02  2.31484878E-01  5.26316182E-01  6.38046800E-01  3.94403374E-01  1.25970565E-01  4.09107821E-02  1.12180039E-01  3.41338284E-01  6.20853161E-01  5.70946714E-01  2.64136624E-01  6.83973260E-02  5.00485546E-02  1.83607573E-01  4.76279410E-01  6.48842241E-01  4.56445484E-01  1.60859496E-01  3.59570231E-02  7.82108265E-02  2.95669513E-01  5.99442716E-01  6.16726241E-01  3.15123755E-01  7.76479384E-02  3.02612247E-02  1.39827758E-01  4.43027680E-01  6.78707575E-01  5.07458692E-01  1.77976044E-01  3.27591539E-02  4.85884737E-02  2.43158924E-01  5.88416900E-01  6.65683651E-01  3.51921462E-01  8.83298237E-02  2.60738112E-02  9.75801436E-02  3.75448967E-01  6.82414221E-01  5.63814461E-01  2.20712767E-01  4.33660060E-02  3.42726570E-02  1.88081985E-01  5.29681593E-01  6.97021235E-01  4.27453067E-01  1.13290842E-01  1.74091605E-02  6.71974044E-02  3.12950040E-01  6.65786259E-01  6.54717916E-01  2.57569531E-01  3.43940097E-02  1.35497010E-02  1.14649281E-01  4.52080465E-01  7.89174916E-01  5.30930403E-01  9.79520616E-02  2.43272490E-03  0.00000000E+00  7.41611176E-07  2.55053662E-03  9.42891500E-02  5.08108072E-01  7.90248701E-01  4.67082528E-01  1.23357697E-01  1.46436872E-02  2.97746285E-02  2.32977762E-01  6.35393315E-01  6.93981611E-01  3.30471357E-01  7.04688288E-02  1.65480350E-02  9.36622483E-02  3.86647897E-01  7.04398240E-01  5.66033399E-01  2.00311612E-01  3.77227732E-02  3.29751717E-02  1.85870599E-01  5.35578274E-01  6.96610200E-01  4.19559520E-01  1.15957399E-01  2.28820943E-02  7.43336467E-02  3.30812351E-01  6.49305727E-01  5.90300185E-01  2.73770644E-01  6.59708265E-02  2.97012665E-02  1.58089322E-01  4.78059031E-01  6.63234219E-01  4.62441008E-01  1.78160971E-01  4.00590260E-02  6.80044340E-02  2.93142645E-01  5.77380567E-01  6.00969348E-01  3.41896300E-01  1.00952688E-01  3.38845437E-02  1.41189012E-01  4.23582186E-01  6.30041593E-01  4.98787607E-01  2.22303376E-01  6.06360308E-02  5.80743491E-02  2.37893391E-01  5.38960397E-01  6.14991665E-01  3.87161734E-01  1.38770492E-01  3.76147173E-02  1.04222854E-01  3.76159055E-01  6.19676449E-01  5.39685285E-01  2.72087400E-01  7.29513043E-02  3.82392949E-02  1.89018441E-01  4.92738922E-01  6.45884638E-01  4.51507748E-01  1.58920742E-01  3.40989894E-02  6.96900849E-02  3.00198062E-01  5.98735276E-01  6.01607609E-01  3.19787690E-01  9.22602899E-02  3.65773077E-02  1.44940076E-01  4.28919065E-01  6.42323933E-01  5.10036449E-01  2.07901219E-01  4.55673221E-02  5.96385742E-02  2.52635942E-01  5.42968649E-01  6.33075791E-01  3.79827680E-01  1.14734905E-01  3.28176629E-02  1.20090607E-01  3.85326345E-01  6.27847970E-01  5.42837195E-01  2.50040715E-01  5.60935527E-02
  5.71739496E-02  2.28042157E-01  5.18154699E-01  6.10838062E-01  4.02624792E-01  1.53546484E-01  4.91856117E-02  1.14325687E-01  3.53195352E-01  5.88184217E-01  5.35932451E-01  2.91521541E-01  9.20200548E-02  5.38478391E-02  1.98023157E-01  4.77212503E-01  6.13378593E-01  4.37770158E-01  1.81761864E-01  5.50825643E-02  9.36785847E-02  3.16388986E-01  5.67401347E-01  5.54407646E-01  3.28635185E-01  1.13322491E-01  4.52010863E-02  1.67360966E-01  4.50561086E-01  5.98280621E-01  4.71760360E-01  2.22646988E-01  6.13683666E-02  6.58141951E-02  2.70105727E-01  5.47460290E-01  5.90192500E-01  3.70429085E-01  1.31081515E-01  4.04762449E-02  1.19759332E-01  3.86241744E-01  6.07910161E-01  5.19805907E-01  2.65817156E-01  8.00729025E-02  5.40199347E-02  2.09722261E-01  4.88008482E-01  6.11196584E-01  4.35380504E-01  1.72776331E-01  4.59753963E-02  9.27969030E-02  3.13782980E-01  5.93010879E-01  5.89898013E-01  3.03770649E-01  8.54615381E-02  4.10496305E-02  1.59421063E-01  4.52490759E-01  6.51624405E-01  4.81789988E-01  1.86227743E-01  4.00903094E-02  5.69734378E-02  2.67263403E-01  5.88368570E-01  6.35300086E-01  3.48187147E-01  9.31381434E-02  2.34442982E-02  1.12754662E-01  3.93732487E-01  6.79010195E-01  5.57445139E-01  2.09245719E-01  3.36653610E-02  3.48072490E-02  1.96492806E-01  5.39941705E-01  7.01884961E-01  4.18738577E-01  9.89627837E-02  1.47705183E-02  6.71878835E-02  3.12478329E-01  6.85200313E-01  6.56871665E-01  2.42835576E-01  2.93924533E-02  1.42299830E-02  1.09889380E-01  4.49292675E-01  8.00607771E-01  5.29626630E-01  9.38307821E-02  2.06562737E-03  0.00000000E+00  1.04452278E-06  2.39631806E-03  9.25162345E-02  5.20356611E-01  7.89613464E-01  4.67809270E-01  1.14360219E-01  1.33617287E-02  2.87379188E-02  2.25850842E-01  6.26171798E-01  6.88933422E-01  3.45451223E-01  7.64487897E-02  1.56397075E-02  8.77711555E-02  3.76648544E-01  6.87992109E-01  5.78269847E-01  2.21180734E-01  3.88787884E-02  2.87316308E-02  1.79762575E-01  5.15434668E-01  6.96490696E-01  4.37387748E-01  1.27221178E-01  2.28696749E-02  7.08047944E-02  2.94529646E-01  6.18342269E-01  6.33786009E-01  3.00843880E-01  7.02961222E-02  3.04007364E-02  1.41337428E-01  4.30500447E-01  6.63917807E-01  5.11256070E-01  1.90952020E-01  4.05777621E-02  5.44264630E-02  2.39784108E-01  5.64629456E-01  6.56120757E-01  3.69444450E-01  9.88325160E-02  2.81348636E-02  1.10511059E-01  3.78000543E-01  6.60385304E-01  5.65009260E-01  2.24584928E-01  4.61654785E-02  4.58199190E-02  2.06273064E-01  5.25592955E-01  6.71635044E-01  4.13321311E-01  1.21013782E-01  2.95634104E-02  8.90101423E-02  3.28261376E-01  6.51541601E-01  6.01300483E-01  2.57398167E-01  5.75441650E-02  3.51737459E-02  1.65691192E-01  4.90176853E-01  6.79639817E-01  4.55829226E-01  1.52043750E-01  2.93905157E-02  6.64625983E-02  3.01247186E-01  6.17042825E-01  6.13689239E-01  3.12669121E-01  7.48920956E-02  2.90382609E-02  1.46398642E-01  4.43347962E-01  6.57543930E-01  5.00675869E-01  1.92650618E-01  4.02317222E-02  6.13992741E-02  2.62116689E-01  5.61021648E-01  6.29401394E-01  3.58184912E-01  1.08415762E-01  3.52737538E-02  1.27039540E-01  3.98557801E-01  6.34151445E-01  5.19486925E-01  2.32267252E-01  6.65780232E-02
  7.15257981E-02  2.30474485E-01  4.85245604E-01  5.79237627E-01  4.15865769E-01  1.76292769E-01  5.95248396E-02  1.11355862E-01  3.37698924E-01  5.70625046E-01  5.44731670E-01  3.02450575E-01  1.03925353E-01  5.50523556E-02  1.86079392E-01  4.51545382E-01  6.03547707E-01  4.62638748E-01  2.05071871E-01  5.77946157E-02  8.04473537E-02  2.79925856E-01  5.51147681E-01  5.90520492E-01  3.60403551E-01  1.16828357E-01  4.07095352E-02  1.33042415E-01  3.99748336E-01  6.19880251E-01  5.26122058E-01  2.36933052E-01  5.84938641E-02  5.65191463E-02  2.31979264E-01  5.29674500E-01  6.31598340E-01  3.97473332E-01  1.32572329E-01  3.60350504E-02  1.03550148E-01  3.59503884E-01  6.20715784E-01  5.59119743E-01  2.71009218E-01  6.85919811E-02  4.26623805E-02  1.88298279E-01  4.82467723E-01  6.47737625E-01  4.51154584E-01  1.63400136E-01  3.55469163E-02  7.38299961E-02  2.91224769E-01  5.96029959E-01  6.16087490E-01  3.23022161E-01  8.46314364E-02  3.17424957E-02  1.35908027E-01  4.29549787E-01  6.57211151E-01  5.18120508E-01  1.96223564E-01  4.05975540E-02  5.68455572E-02  2.44943910E-01  5.60424497E-01  6.50985890E-01  3.69093985E-01  1.01764012E-01  2.62171900E-02  1.05003294E-01  3.77178588E-01  6.67451036E-01  5.67653503E-01  2.26521173E-01  4.33688726E-02  3.66530103E-02  1.87765065E-01  5.22992940E-01  6.98198183E-01  4.29894304E-01  1.12598769E-01  1.94956082E-02  6.83690978E-02  3.04636224E-01  6.66796360E-01  6.57186984E-01  2.60083331E-01  3.44019955E-02  1.55025115E-02  1.11994783E-01  4.45468215E-01  7.85210470E-01  5.40129423E-01  9.92791829E-02  2.48907162E-03  3.50399371E-06  1.29893937E-06  2.31407097E-03  9.29383580E-02  5.13264334E-01  7.89599261E-01  4.71205416E-01  1.17944392E-01  1.33101480E-02  3.27585911E-02  2.45689370E-01  6.36433479E-01  6.76335257E-01  3.22750834E-01  7.60390886E-02  1.89116931E-02  1.05070509E-01  4.02480917E-01  6.78720707E-01  5.46974833E-01  2.08321608E-01  4.62283619E-02  4.27632788E-02  2.04486662E-01  5.35144324E-01  6.55568579E-01  4.04307702E-01  1.35071656E-01  3.50351814E-02  9.16457300E-02  3.32857771E-01  6.05623826E-01  5.74018866E-01  2.93971512E-01  8.23820558E-02  4.59707372E-02  1.78020364E-01  4.51650837E-01  6.20517360E-01  4.69400005E-01  1.96208742E-01  5.41665733E-02  7.97722875E-02  2.82042341E-01  5.53809286E-01  5.98700537E-01  3.52337546E-01  1.09654702E-01  4.07217651E-02  1.42575016E-01  4.08576504E-01  6.17084326E-01  5.10469498E-01  2.32287474E-01  6.45018987E-02  6.87250124E-02  2.50047165E-01  5.25731512E-01  5.91485981E-01  3.83767966E-01  1.46612979E-01  5.41687102E-02  1.33927170E-01  3.77455022E-01  5.74149242E-01  5.06999728E-01  2.79452900E-01  9.70451748E-02  7.14144926E-02  2.28564525E-01  4.77334472E-01  5.71723488E-01  4.23575545E-01  1.87726065E-01  6.44162210E-02  1.18505057E-01  3.36530779E-01  5.35865596E-01  5.31880063E-01  3.27300710E-01  1.19299065E-01  6.85745712E-02  1.99399654E-01  4.23456603E-01  5.56536713E-01  4.66752976E-01  2.33682326E-01  7.60232657E-02  9.65717795E-02  2.83849443E-01  5.06878942E-01  5.54150305E-01  3.75528454E-01  1.49002933E-01  5.72277020E-02  1.51771418E-01  3.83512604E-01  5.63072295E-01  4.99349095E-01  2.76111012E-01  9.09287888E-02
  7.64057777E-02  2.69000501E-01  5.52938267E-01  5.95121298E-01  3.52881366E-01  1.25457362E-01  4.61640302E-02  1.27695802E-01  3.89128544E-01  6.25148627E-01  5.20846523E-01  2.42775836E-01  7.01164878E-02  5.91319880E-02  2.16301813E-01  5.10168072E-01  6.22709532E-01  4.10750904E-01  1.51914558E-01  4.54459200E-02  1.02041173E-01  3.36355600E-01  5.89735540E-01  5.58507545E-01  2.98230528E-01  9.14668678E-02  4.82454305E-02  1.80315509E-01  4.47158736E-01  6.13134459E-01  4.69011100E-01  2.03568533E-01  5.42199175E-02  7.49694436E-02  2.71242032E-01  5.52005123E-01  6.01364895E-01  3.64790881E-01  1.14315674E-01  3.94776661E-02  1.28540071E-01  3.82326051E-01  6.26269111E-01  5.39515907E-01  2.40922026E-01  5.87097310E-02  5.05987363E-02  2.06440108E-01  5.07023515E-01  6.55617362E-01  4.26633585E-01  1.32803882E-01  3.18832617E-02  8.53753750E-02  3.21826424E-01  6.31665075E-01  6.10323763E-01  2.75208214E-01  6.01439362E-02  2.94412751E-02  1.50326375E-01  4.60530759E-01  6.93825342E-01  4.86764560E-01  1.56377379E-01  3.02750135E-02  5.51537157E-02  2.55947278E-01  6.01017851E-01  6.56752708E-01  3.40105712E-01  8.14573730E-02  2.40282226E-02  1.12473238E-01  4.04317797E-01  6.86477285E-01  5.47774732E-01  1.99347892E-01  3.44743475E-02  4.10878668E-02  2.09088578E-01  5.46238873E-01  6.90571692E-01  4.07321565E-01  9.66403358E-02  1.91579052E-02  7.54123239E-02  3.19987682E-01  6.74995543E-01  6.40122083E-01  2.42706105E-01  3.48489825E-02  1.74701921E-02  1.18886165E-01  4.53923802E-01  7.80157421E-01  5.26655045E-01  9.96490053E-02  2.75249182E-03  1.23523552E-06  7.79849153E-07  2.40287463E-03  9.93762914E-02  5.51021204E-01  8.13249409E-01  4.30430579E-01  9.39472947E-02  1.02012352E-02  3.43163398E-02  2.70580219E-01  6.94533992E-01  6.74211988E-01  2.73637564E-01  4.87160894E-02  1.60481685E-02  1.23253115E-01  4.58178398E-01  7.26190625E-01  5.02246552E-01  1.54616200E-01  2.48926711E-02  4.60026868E-02  2.55365356E-01  6.12029503E-01  6.62154188E-01  3.31346492E-01  8.10861705E-02  2.47072321E-02  1.17988587E-01  4.13459547E-01  6.76850019E-01  5.24595349E-01  2.05650776E-01  4.49412950E-02  4.65602220E-02  2.26113186E-01  5.52793835E-01  6.50461067E-01  3.90442135E-01  1.17083950E-01  2.93010730E-02  1.01677717E-01  3.66367132E-01  6.32649318E-01  5.56917182E-01  2.62268991E-01  6.53606831E-02  4.49996129E-02  1.93206091E-01  4.89692745E-01  6.41749452E-01  4.45094293E-01  1.58972922E-01  3.86444685E-02  8.97357905E-02  3.06503504E-01  5.80999197E-01  5.98626515E-01  3.16579667E-01  8.75259713E-02  4.48292358E-02  1.61997154E-01  4.31074313E-01  6.32510630E-01  4.91638241E-01  2.01254681E-01  5.38839049E-02  7.43456952E-02  2.61616787E-01  5.44536553E-01  6.18392623E-01  3.63811134E-01  1.14426839E-01  4.42737555E-02  1.31903356E-01  3.83687434E-01  6.16712054E-01  5.30058910E-01  2.44147551E-01  6.55806632E-02  6.17031222E-02  2.22338159E-01  4.98426600E-01  6.15415386E-01  4.15912868E-01  1.53499974E-01  4.65636146E-02  9.97094920E-02  3.22244525E-01  5.91922095E-01  5.73547528E-01  2.97007502E-01  9.04063299E-02  5.09787391E-02  1.64037404E-01  4.40585365E-01  6.30654800E-01  4.66231610E-01  2.00603598E-01  6.23445169E-02
  6.64781698E-02  2.58139637E-01  5.57326046E-01  6.08577472E-01  3.56170794E-01  1.26048453E-01  4.22437868E-02  1.17632619E-01  3.85443413E-01  6.21736631E-01  5.28148942E-01  2.52477653E-01  7.36399615E-02  4.86459687E-02  2.00610025E-01  4.91157994E-01  6.29395894E-01  4.34624804E-01  1.67221819E-01  4.41408904E-02  8.19770102E-02  3.00880890E-01  5.86985925E-01  5.90695614E-01  3.27911223E-01  9.29692003E-02  3.48689970E-02  1.45964435E-01  4.25975004E-01  6.34830998E-01  5.15509602E-01  2.09629772E-01  4.74220720E-02  5.65817312E-02  2.33253674E-01  5.34033174E-01  6.43245364E-01  3.89375466E-01  1.21388343E-01  3.12027480E-02  9.83590107E-02  3.55898379E-01  6.34001379E-01  5.67005958E-01  2.64939725E-01  6.44733498E-02  3.75492993E-02  1.79714729E-01  4.87426952E-01  6.62536680E-01  4.55086205E-01  1.55573614E-01  3.42889530E-02  7.80862545E-02  2.95309453E-01  5.92585727E-01  6.09333520E-01  3.23046876E-01  8.51425227E-02  3.42190107E-02  1.45219302E-01  4.33595702E-01  6.47842743E-01  5.14791514E-01  1.96947931E-01  3.96262160E-02  5.87882495E-02  2.49623924E-01  5.59601462E-01  6.41962583E-01  3.70703996E-01  1.03352152E-01  2.82694202E-02  1.11848178E-01  3.76202660E-01  6.42403408E-01  5.66127700E-01  2.39759698E-01  4.78452927E-02  3.83733333E-02  1.91617670E-01  5.05367892E-01  6.81247876E-01  4.48536867E-01  1.22751069E-01  1.91074141E-02  7.01378126E-02  2.95143105E-01  6.58094086E-01  6.62206815E-01  2.70473322E-01  3.61945534E-02  1.49503600E-02  1.11083913E-01  4.39515620E-01  7.85713311E-01  5.45061303E-01  1.01570580E-01  2.33203627E-03  1.88513328E-06  2.78647980E-06  2.57011267E-03  1.02262105E-01  5.47837708E-01  7.97217818E-01  4.40192536E-01  1.00395114E-01  1.02494257E-02  3.66155262E-02  2.67253229E-01  6.72592822E-01  6.80453141E-01  2.85682446E-01  5.26106897E-02  1.58928222E-02  1.13448200E-01  4.36746661E-01  7.32309486E-01  5.20547365E-01  1.62376054E-01  2.45173344E-02  4.09183347E-02  2.37526974E-01  6.04751371E-01  6.79732707E-01  3.46215515E-01  8.03223798E-02  2.05111954E-02  1.05365166E-01  4.04961693E-01  6.85699088E-01  5.36395433E-01  2.09347579E-01  4.41459797E-02  3.98279198E-02  2.17278247E-01  5.55138593E-01  6.60569404E-01  3.90397988E-01  1.18619143E-01  2.97702006E-02  9.74292938E-02  3.62791575E-01  6.37915949E-01  5.56747205E-01  2.62379571E-01  6.76261995E-02  3.80441770E-02  1.88195680E-01  5.06363594E-01  6.44144996E-01  4.33028167E-01  1.62203462E-01  3.90841330E-02  8.03933718E-02  3.14667090E-01  6.01795202E-01  5.81180912E-01  3.08216614E-01  9.29564386E-02  4.22776972E-02  1.52857977E-01  4.34645205E-01  6.38582363E-01  4.82375290E-01  2.05702869E-01  5.83205716E-02  6.27701017E-02  2.53492437E-01  5.52821303E-01  6.07930305E-01  3.67598599E-01  1.29806397E-01  4.03638582E-02  1.13902770E-01  3.79602165E-01  6.16204798E-01  5.33021237E-01  2.58431778E-01  7.63133498E-02  5.07769332E-02  2.04807244E-01  4.97637279E-01  6.19510184E-01  4.26360951E-01  1.68802138E-01  4.82309755E-02  8.81328277E-02  3.20802187E-01  5.89197582E-01  5.65852141E-01  3.10272481E-01  1.00877879E-01  4.51599231E-02  1.58798637E-01  4.42594372E-01  6.33666480E-01  4.74612525E-01  2.01609624E-01  5.77118714E-02
  5.92696279E-02  2.75628578E-01  5.95676078E-01  6.10095736E-01  3.36653636E-01  1.03453762E-01  3.19331140E-02  1.26535208E-01  4.13748479E-01  6.30823538E-01  5.23358715E-01  2.36329678E-01  5.40728502E-02  4.89732916E-02  2.30685604E-01  5.26964815E-01  6.16218859E-01  4.10173438E-01  1.41021073E-01  3.78762815E-02  1.02230646E-01  3.41839943E-01  6.09268578E-01  5.69231132E-01  2.82621977E-01  7.55651391E-02  3.80308291E-02  1.68371667E-01  4.60025862E-01  6.57608565E-01  4.74926424E-01  1.75546348E-01  3.57688576E-02  5.61031623E-02  2.55819632E-01  5.91634809E-01  6.40694681E-01  3.48382368E-01  9.20330853E-02  2.38988066E-02  1.09960355E-01  3.94144886E-01  6.62417668E-01  5.56596078E-01  2.19870208E-01  4.34389816E-02  4.08350176E-02  2.08751492E-01  5.27895997E-01  6.62268474E-01  4.14390714E-01  1.27647489E-01  3.03642930E-02  8.50367724E-02  3.16504405E-01  6.23590563E-01  6.08565432E-01  2.87035086E-01  6.34781825E-02  3.16294555E-02  1.43475326E-01  4.51545022E-01  6.84356041E-01  4.96086095E-01  1.69412618E-01  3.46817966E-02  5.71699543E-02  2.47899475E-01  5.76638219E-01  6.54412022E-01  3.58880971E-01  9.10568064E-02  2.82362658E-02  1.07670406E-01  3.76325050E-01  6.67316407E-01  5.77742426E-01  2.15307847E-01  3.55268939E-02  3.39122966E-02  1.88180890E-01  5.36571646E-01  7.10886575E-01  4.15662541E-01  1.03411067E-01  1.78214858E-02  6.67361744E-02  3.02730571E-01  6.75595143E-01  6.57753660E-01  2.54207635E-01  3.54988745E-02  1.31524220E-02  1.10868693E-01  4.50679211E-01  7.89537386E-01  5.35235023E-01  9.84262227E-02  2.60959394E-03  1.00326413E-05  2.29795012E-06  2.71849066E-03  1.03705894E-01  5.40937099E-01  7.89877504E-01  4.44533015E-01  1.06156490E-01  1.23179736E-02  3.25446455E-02  2.61464520E-01  6.75715195E-01  6.75363076E-01  2.96046732E-01  5.50639091E-02  1.47302781E-02  1.15850210E-01  4.36315629E-01  7.17762585E-01  5.31684079E-01  1.66982066E-01  2.21773234E-02  4.24361666E-02  2.29734890E-01  5.77648173E-01  6.93184625E-01  3.60542207E-01  8.48499282E-02  2.41334639E-02  1.01441457E-01  3.72890252E-01  6.76589946E-01  5.69409751E-01  2.19919812E-01  4.74310746E-02  4.61228307E-02  2.01789424E-01  5.33170513E-01  6.72783747E-01  3.96994558E-01  1.26908139E-01  3.44496148E-02  9.28435200E-02  3.40187628E-01  6.37123927E-01  5.91829210E-01  2.65077822E-01  5.84901475E-02  3.87988667E-02  1.69534112E-01  4.85653652E-01  6.92320883E-01  4.56152981E-01  1.42177120E-01  3.03172686E-02  6.93975454E-02  2.87121723E-01  6.20904426E-01  6.29938723E-01  3.05769954E-01  7.04527954E-02  3.26733882E-02  1.36095271E-01  4.33679974E-01  6.72861089E-01  5.11511169E-01  1.85057323E-01  3.58049197E-02  5.17088079E-02  2.36042209E-01  5.74863079E-01  6.61509837E-01  3.67902076E-01  9.16274187E-02  2.84869043E-02  1.07525912E-01  3.73264943E-01  6.73219350E-01  5.52346453E-01  2.20616086E-01  5.19469226E-02  3.98760099E-02  1.97489761E-01  5.39859862E-01  6.62148390E-01  4.02520695E-01  1.35699747E-01  3.31641781E-02  8.21301162E-02  3.31439995E-01  6.27676454E-01  5.85822133E-01  2.84207484E-01  7.34551404E-02  3.64863037E-02  1.62559488E-01  4.69890017E-01  6.53362972E-01  4.71156459E-01  1.76789837E-01  4.03067293E-02
  7.88184515E-02  2.87089678E-01  5.60910667E-01  6.08517650E-01  3.34966758E-01  1.05772153E-01  4.84333568E-02  1.48201102E-01  3.95145674E-01  6.16186453E-01  5.11776864E-01  2.34676710E-01  6.46607129E-02  6.87616347E-02  2.30070140E-01  5.02446983E-01  6.12876125E-01  4.09287933E-01  1.48650383E-01  4.92548636E-02  1.15047124E-01  3.38481201E-01  5.80820238E-01  5.61593456E-01  2.91908923E-01  8.91799974E-02  5.84236323E-02  1.72850215E-01  4.20734592E-01  6.33425126E-01  4.87359138E-01  1.90736493E-01  5.12848153E-02  8.02894529E-02  2.56432746E-01  5.40419674E-01  6.22586244E-01  3.68587032E-01  1.05539668E-01  3.54324324E-02  1.18728231E-01  3.70040084E-01  6.29761342E-01  5.66984755E-01  2.42677545E-01  4.88509570E-02  3.83764095E-02  1.78552720E-01  4.97265549E-01  6.88443201E-01  4.48854895E-01  1.32949858E-01  2.09530069E-02  6.32849876E-02  2.90363912E-01  6.30383178E-01  6.40835545E-01  3.02614164E-01  6.23599582E-02  2.21621831E-02  1.27635446E-01  4.38326173E-01  7.07621831E-01  5.17117070E-01  1.66858018E-01  2.75166993E-02  4.49592323E-02  2.33991665E-01  5.89498504E-01  6.81089625E-01  3.57857590E-01  8.29564643E-02  1.92490717E-02  9.52400470E-02  3.80674396E-01  6.93246090E-01  5.77722507E-01  2.08441817E-01  3.31375950E-02  3.00186970E-02  1.88867993E-01  5.51168946E-01  7.19592511E-01  4.08472056E-01  9.22290847E-02  1.30167541E-02  6.16593341E-02  3.15435801E-01  6.95360235E-01  6.52700034E-01  2.40163405E-01  3.08859799E-02  1.26210524E-02  1.12158136E-01  4.63079446E-01  7.90723567E-01  5.22419867E-01  9.67393341E-02  2.49975193E-03  7.88092440E-06  8.99856378E-06  2.78196109E-03  1.02073310E-01  5.39647698E-01  7.87390526E-01  4.42251135E-01  1.11616232E-01  1.45324925E-02  3.97507925E-02  2.69394798E-01  6.55285687E-01  6.59054185E-01  3.02063121E-01  6.80548583E-02  1.89759029E-02  1.22960496E-01  4.37280491E-01  6.83862734E-01  5.15824583E-01  1.93542102E-01  3.44774200E-02  4.62741925E-02  2.37176185E-01  5.68525108E-01  6.57962831E-01  3.79297767E-01  9.83398094E-02  2.38753258E-02  9.84006372E-02  3.70666061E-01  6.70408210E-01  5.77878151E-01  2.30562711E-01  4.00256117E-02  3.66695861E-02  1.82016603E-01  5.13480773E-01  7.01816895E-01  4.37058467E-01  1.15779653E-01  2.38358480E-02  7.25386656E-02  2.96047709E-01  6.43329328E-01  6.41289568E-01  2.78932069E-01  5.54480376E-02  2.76831492E-02  1.43851887E-01  4.61137135E-01  7.01571443E-01  4.86875122E-01  1.55521008E-01  3.28890456E-02  6.57327380E-02  2.70670693E-01  5.95585565E-01  6.35870155E-01  3.31360470E-01  8.60293145E-02  3.58925134E-02  1.35170487E-01  4.10880898E-01  6.55579386E-01  5.17601692E-01  2.06064353E-01  5.13686957E-02  6.36023972E-02  2.39598339E-01  5.47454587E-01  6.31452869E-01  3.69416963E-01  1.23671649E-01  4.06081525E-02  1.21501951E-01  3.88664625E-01  6.17170215E-01  5.27165912E-01  2.51493678E-01  7.16500849E-02  5.99814545E-02  2.20680031E-01  5.01031283E-01  6.16343121E-01  4.12817397E-01  1.59156062E-01  4.88719467E-02  1.09261491E-01  3.34771150E-01  5.76243692E-01  5.63624348E-01  3.07596125E-01  8.50714088E-02  4.36395822E-02  1.82482549E-01  4.52526137E-01  6.29665450E-01  4.78351111E-01  1.79191236E-01  4.44032485E-02
  1.32147690E-01  4.36271204E-01  6.55419705E-01  5.00385307E-01  2.10201106E-01  4.95728010E-02  5.59910565E-02  2.55711597E-01  5.55839435E-01  6.15533784E-01  3.74302776E-01  1.18368747E-01  3.71598526E-02  1.19922260E-01  3.85287518E-01  6.18077568E-01  5.41431376E-01  2.53523636E-01  6.30300737E-02  4.60441523E-02  2.06065553E-01  5.03370713E-01  6.51744545E-01  4.36359140E-01  1.38473514E-01  3.12134398E-02  7.59800983E-02  2.98748354E-01  6.14599730E-01  6.16573145E-01  3.08206757E-01  7.09727518E-02  2.73295332E-02  1.19117469E-01  4.13925725E-01  6.79066388E-01  5.37654840E-01  1.98634816E-01  3.33467076E-02  3.66781081E-02  2.00386020E-01  5.53783194E-01  6.91384251E-01  4.00521744E-01  1.04578649E-01  1.67150860E-02  6.67699017E-02  3.18996388E-01  6.70852826E-01  6.10123342E-01  2.72451671E-01  4.94972973E-02  1.67828010E-02  1.25785995E-01  4.64848280E-01  7.01535848E-01  4.93330958E-01  1.74173956E-01  2.85502211E-02  4.00995332E-02  2.35883612E-01  5.94375848E-01  6.68093882E-01  3.60732310E-01  9.27232432E-02  1.87391400E-02  9.67974939E-02  3.74669730E-01  6.58446314E-01  5.86933366E-01  2.35767420E-01  3.65665356E-02  3.18586486E-02  1.90033391E-01  4.99846118E-01  6.84861572E-01  4.56530885E-01  1.23580737E-01  1.87956020E-02  6.24014251E-02  2.73062604E-01  6.09807322E-01  6.70106462E-01  3.17386830E-01  5.91544226E-02  1.66429975E-02  9.17320885E-02  3.67274693E-01  7.18903661E-01  6.00000270E-01  1.88585209E-01  2.01727273E-02  1.74615725E-02  1.34888206E-01  4.86233391E-01  8.00514349E-01  4.79628010E-01  7.88665602E-02  1.70206388E-03  0.00000000E+00  7.81326781E-06  2.29373464E-03  9.90228256E-02  5.32455479E-01  8.06463735E-01  4.55317740E-01  9.67964128E-02  8.09130221E-03  2.74247174E-02  2.45448796E-01  6.92968354E-01  6.99472162E-01  2.82528771E-01  4.88964128E-02  1.01579853E-02  8.88945209E-02  4.32987076E-01  7.69964865E-01  5.33119312E-01  1.48360934E-01  1.93286486E-02  2.59014988E-02  2.22894963E-01  6.37215184E-01  7.17914251E-01  3.27264644E-01  6.37685995E-02  1.14140541E-02  9.50626781E-02  4.17268256E-01  7.45880025E-01  5.37104816E-01  1.74062899E-01  2.55575676E-02  3.52490909E-02  2.17685627E-01  6.18854447E-01  6.90163907E-01  3.43883538E-01  8.40214742E-02  2.05309828E-02  9.29573710E-02  4.03082260E-01  7.13986265E-01  5.50097248E-01  1.95985946E-01  3.35922359E-02  3.14340786E-02  2.04836855E-01  5.76473636E-01  6.82291032E-01  3.83492432E-01  1.04857052E-01  2.43301966E-02  9.37937838E-02  3.59976241E-01  6.58137838E-01  5.87393907E-01  2.39835209E-01  5.02428501E-02  3.92248403E-02  1.83324472E-01  5.06827469E-01  6.84372359E-01  4.51629730E-01  1.22594373E-01  2.19218428E-02  7.53028010E-02  3.17639386E-01  6.25290516E-01  6.23497076E-01  2.87182899E-01  5.91871253E-02  2.89572236E-02  1.64047813E-01  4.64734373E-01  6.88007199E-01  4.81351695E-01  1.52949951E-01  2.75810565E-02  6.02901229E-02  2.76732285E-01  6.08334570E-01  6.45514889E-01  3.18812482E-01  7.63299754E-02  2.91754791E-02  1.34297076E-01  4.46922432E-01  6.90483661E-01  4.95119853E-01  1.76748575E-01  3.64683784E-02  5.56953317E-02  2.62110786E-01  6.07203391E-01  6.38871351E-01  3.27621966E-01  9.12405160E-02  3.46944963E-02
  2.92520851E-02  1.47820572E-01  4.51973427E-01  6.69671179E-01  4.97062342E-01  1.78928894E-01  3.36675388E-02  5.01664760E-02  2.48974148E-01  5.79496723E-01  6.61335459E-01  3.63284309E-01  8.60682491E-02  2.27474971E-02  1.05499345E-01  3.84814884E-01  6.80356140E-01  5.64307513E-01  2.13034882E-01  3.74085338E-02  3.70754145E-02  2.04091928E-01  5.59592375E-01  6.83283316E-01  3.96532049E-01  1.06615637E-01  1.96429664E-02  8.49246638E-02  3.52232265E-01  6.75376759E-01  5.92252780E-01  2.37236678E-01  4.69970806E-02  3.20454054E-02  1.76883410E-01  5.26728675E-01  6.90457997E-01  4.17337981E-01  1.31330560E-01  3.26266980E-02  7.88282230E-02  3.30013803E-01  6.37819130E-01  5.78472563E-01  2.80660123E-01  8.04105915E-02  3.63631910E-02  1.69031853E-01  4.86667591E-01  6.52373809E-01  4.44617188E-01  1.77246272E-01  4.73815433E-02  7.61253950E-02  3.00922408E-01  5.97434992E-01  5.86818305E-01  3.16581768E-01  1.00445776E-01  3.85927301E-02  1.48114913E-01  4.41620640E-01  6.36407333E-01  4.93011772E-01  2.02208607E-01  5.32134796E-02  6.72130200E-02  2.57670829E-01  5.59650675E-01  6.30990004E-01  3.55165510E-01  1.10027011E-01  4.03650973E-02  1.16858112E-01  3.86495125E-01  6.60682037E-01  5.43044147E-01  2.22351184E-01  5.19355425E-02  3.89392714E-02  1.87924476E-01  5.38984410E-01  6.94312882E-01  4.11595211E-01  1.16903309E-01  1.89684711E-02  6.41673117E-02  3.16887348E-01  6.77829513E-01  6.48135992E-01  2.53227748E-01  3.40524455E-02  1.55718449E-02  1.13056650E-01  4.41191283E-01  7.85679018E-01  5.39251688E-01  1.02988813E-01  2.61410628E-03  0.00000000E+00  5.13905210E-06  2.44419376E-03  9.23271811E-02  5.11916271E-01  7.96235315E-01  4.66186024E-01  1.17487134E-01  1.35899935E-02  2.95582609E-02  2.33804815E-01  6.41002564E-01  6.92695193E-01  3.29768560E-01  6.69201776E-02  1.21108082E-02  8.74947121E-02  3.80837305E-01  7.08482601E-01  5.74283358E-01  2.08549341E-01  3.34485076E-02  2.72338739E-02  1.75095976E-01  5.27518908E-01  7.21729197E-01  4.25986353E-01  1.10063987E-01  1.80251051E-02  5.89259486E-02  2.97267873E-01  6.52241896E-01  6.30980812E-01  2.86160225E-01  6.36207024E-02  2.22221282E-02  1.31888946E-01  4.50691072E-01  6.81399264E-01  5.02302677E-01  1.79930821E-01  3.77852252E-02  5.14880480E-02  2.46134832E-01  5.65774832E-01  6.34668155E-01  3.70724324E-01  1.13028672E-01  3.42152814E-02  1.12334336E-01  3.76704588E-01  6.19053354E-01  5.36529772E-01  2.61850858E-01  7.17306959E-02  4.71265387E-02  1.98411129E-01  4.77884894E-01  6.13270333E-01  4.52739433E-01  1.79125338E-01  4.91343152E-02  1.00818206E-01  3.06918647E-01  5.35625152E-01  5.68689124E-01  3.49905727E-01  1.13807061E-01  5.23530748E-02  1.68141031E-01  4.07316663E-01  5.73458942E-01  4.98479708E-01  2.45529975E-01  7.42913122E-02  8.21955451E-02  2.50337015E-01  4.87690148E-01  5.89730158E-01  4.08202575E-01  1.51712135E-01  5.31339600E-02  1.29779057E-01  3.47792030E-01  5.83683416E-01  5.55712662E-01  2.79326257E-01  7.35118475E-02  5.21086826E-02  1.98297365E-01  4.85024322E-01  6.40918851E-01  4.49704520E-01  1.49871623E-01  3.21198538E-02  8.02264682E-02  3.04948108E-01  6.04670829E-01  6.23495417E-01  3.01477775E-01  7.15976603E-02
  1.57124952E-01  1.53557267E-01  3.11519035E-01  4.44304309E-01  4.35598167E-01  3.53207942E-01  2.23439228E-01  1.39863762E-01  2.10564212E-01  3.67613505E-01  4.45497138E-01  4.19092765E-01  3.16842540E-01  1.69106302E-01  1.49669936E-01  2.66029357E-01  4.00767653E-01  4.50118039E-01  4.07741576E-01  2.54713376E-01  1.33335466E-01  1.78479807E-01  3.16815466E-01  4.44327363E-01  4.85393312E-01  3.49289068E-01  1.48995691E-01  1.20067781E-01  2.28481994E-01  4.07253794E-01  5.13547942E-01  4.62312476E-01  2.18493826E-01  8.18194534E-02  1.39626881E-01  3.16770675E-01  5.21517556E-01  5.64570354E-01  3.19165852E-01  9.53424437E-02  6.46946945E-02  1.88810965E-01  4.42401865E-01  6.42336977E-01  4.58917749E-01  1.73703473E-01  4.70309646E-02  8.41689068E-02  3.08600611E-01  5.78317524E-01  5.89801286E-01  3.33012283E-01  8.27730225E-02  3.54063987E-02  1.60346913E-01  4.28574341E-01  6.49248360E-01  5.08027781E-01  1.93567974E-01  4.07826045E-02  7.06890675E-02  2.39217203E-01  5.70796495E-01  6.74425466E-01  3.50881511E-01  8.22255627E-02  3.69426045E-02  1.19855627E-01  3.96303441E-01  7.00191350E-01  5.49754148E-01  1.73922990E-01  3.43742765E-02  6.60640836E-02  2.37048521E-01  5.90201865E-01  6.88296463E-01  3.37505852E-01  6.70669453E-02  2.38764630E-02  1.13507267E-01  4.26726624E-01  7.48101447E-01  5.33098167E-01  1.42987878E-01  2.00615434E-02  4.61636656E-02  2.36048457E-01  6.36470965E-01  7.32383569E-01  3.04889068E-01  3.69606109E-02  7.55691318E-03  7.92983280E-02  3.95722379E-01  8.12576399E-01  5.92309743E-01  1.10568360E-01  3.18186495E-03  0.00000000E+00  0.00000000E+00  2.22025723E-03  9.04632797E-02  5.04710225E-01  7.72254405E-01  4.62172958E-01  1.41702444E-01  2.57584244E-02  2.74491961E-02  2.25996945E-01  6.04940868E-01  6.66309035E-01  3.62056913E-01  1.03860868E-01  1.56888424E-02  8.37767846E-02  3.76735820E-01  6.67988810E-01  5.46917138E-01  2.54136013E-01  6.04094855E-02  2.82813505E-02  1.80044662E-01  5.11909196E-01  6.44223183E-01  4.39126399E-01  1.67851286E-01  3.58722830E-02  6.80360129E-02  2.99690322E-01  5.95418392E-01  6.01117878E-01  3.28533441E-01  9.31307717E-02  2.59117363E-02  1.28149164E-01  4.19818071E-01  6.41384566E-01  5.26805691E-01  2.26420836E-01  4.28208360E-02  4.48184887E-02  2.11801254E-01  5.07594469E-01  6.44517878E-01  4.35029453E-01  1.38730482E-01  3.14114469E-02  9.36331833E-02  3.08571801E-01  5.70317492E-01  6.03355531E-01  3.23410257E-01  7.95768810E-02  3.76489389E-02  1.54085305E-01  4.06601672E-01  6.36517395E-01  5.13042508E-01  2.12934662E-01  5.37833119E-02  6.90070740E-02  2.25963087E-01  4.88728167E-01  6.14988264E-01  4.23061029E-01  1.50901093E-01  4.68707395E-02  1.24898842E-01  3.16784502E-01  5.23662444E-01  5.69165756E-01  3.31463151E-01  1.02591061E-01  7.38545659E-02  1.97860900E-01  3.72267556E-01  5.35157588E-01  5.07015241E-01  2.48195916E-01  8.83980386E-02  1.10446270E-01  2.41753987E-01  4.37321479E-01  5.28037524E-01  4.23363794E-01  1.99515016E-01  8.99303215E-02  1.51336141E-01  3.16434019E-01  4.83792347E-01  4.95314405E-01  3.32814952E-01  1.61751640E-01  1.17958006E-01  2.10481093E-01  3.92082476E-01  4.81515531E-01  4.08247235E-01  2.78835402E-01
  7.99029899E-02  2.79183162E-01  5.59426912E-01  5.96788615E-01  3.44172837E-01  1.17378185E-01  4.76179031E-02  1.39214195E-01  4.05722481E-01  6.34040151E-01  5.07407322E-01  2.24608440E-01  6.23436428E-02  6.28152761E-02  2.34503768E-01  5.33810665E-01  6.23189685E-01  3.83449422E-01  1.34461804E-01  4.33579475E-02  1.10053051E-01  3.59548150E-01  6.20595164E-01  5.55333772E-01  2.58949649E-01  7.22657318E-02  4.24810132E-02  1.86552182E-01  5.01471226E-01  6.57324820E-01  4.28747048E-01  1.54106923E-01  4.18697689E-02  7.50749811E-02  2.99578263E-01  6.13349435E-01  6.06576592E-01  3.02853156E-01  8.45387335E-02  3.51388536E-02  1.42682052E-01  4.49105173E-01  6.60832276E-01  4.90886560E-01  1.86101277E-01  4.72799060E-02  5.35251808E-02  2.45897898E-01  5.78456101E-01  6.39400480E-01  3.55600444E-01  1.09953524E-01  3.08152344E-02  1.05842241E-01  3.75924189E-01  6.52250753E-01  5.54893474E-01  2.38889296E-01  5.64451599E-02  4.06122105E-02  1.84748359E-01  5.00031889E-01  6.77707998E-01  4.39236219E-01  1.38636046E-01  2.98641024E-02  6.65173365E-02  2.82450430E-01  6.16819825E-01  6.37594198E-01  3.09860201E-01  7.24846011E-02  2.56964408E-02  1.23275832E-01  4.15066641E-01  6.79323191E-01  5.36702854E-01  1.93653224E-01  3.44069513E-02  3.90950464E-02  2.05795430E-01  5.56980149E-01  6.97660279E-01  3.97314281E-01  9.39386917E-02  1.43237968E-02  6.90485755E-02  3.19616060E-01  6.88894764E-01  6.47961708E-01  2.38498718E-01  2.93201097E-02  1.46964303E-02  1.14944489E-01  4.56442329E-01  7.94907053E-01  5.22156997E-01  9.49002429E-02  2.29925578E-03  6.31936284E-07  2.00026113E-06  2.32040736E-03  9.31432302E-02  5.27049991E-01  7.98978441E-01  4.52194234E-01  1.12959300E-01  1.34995221E-02  3.19645019E-02  2.45338822E-01  6.48090226E-01  6.76663862E-01  3.18891187E-01  7.14253088E-02  1.67250973E-02  1.04507993E-01  4.13649871E-01  6.98298342E-01  5.36324695E-01  1.98095668E-01  3.88472542E-02  4.06295443E-02  2.17649129E-01  5.52469153E-01  6.63849751E-01  3.93743277E-01  1.15379251E-01  2.62661340E-02  8.97576603E-02  3.49679290E-01  6.49597587E-01  5.80105680E-01  2.58174044E-01  5.91381747E-02  3.23777256E-02  1.72753754E-01  4.98225022E-01  6.69833169E-01  4.47710448E-01  1.53746202E-01  3.38336650E-02  6.96586500E-02  2.99527959E-01  6.16658906E-01  6.11982280E-01  3.04285238E-01  8.14654394E-02  3.39285860E-02  1.50385398E-01  4.56245562E-01  6.57238339E-01  4.78233957E-01  1.89571020E-01  4.79421387E-02  6.26758950E-02  2.71706797E-01  5.76224097E-01  6.04020118E-01  3.53517749E-01  1.13282303E-01  3.67204753E-02  1.33892143E-01  4.06073503E-01  6.20069858E-01  5.15182755E-01  2.36566716E-01  6.62263742E-02  5.90471184E-02  2.40000616E-01  5.26334075E-01  6.00701449E-01  3.99188051E-01  1.47372404E-01  4.44917457E-02  1.15255704E-01  3.66737600E-01  5.96425988E-01  5.39414931E-01  2.77041342E-01  7.99846977E-02  5.54645411E-02  2.12230683E-01  4.88678950E-01  6.06567521E-01  4.29174989E-01  1.69680731E-01  5.56328920E-02  1.03539491E-01  3.25696148E-01  5.79691626E-01  5.61280877E-01  3.02558867E-01  1.01402580E-01  5.28027314E-02  1.78172419E-01  4.52714354E-01  6.21683280E-01  4.57046533E-01  1.98666964E-01  6.00785063E-02
  9.09903244E-02  2.64715126E-01  5.00194538E-01  5.71373385E-01  3.89736984E-01  1.49699068E-01  6.51146437E-02  1.51428334E-01  3.69836967E-01  5.48601031E-01  5.17438813E-01  2.80560377E-01  9.84905905E-02  8.26041863E-02  2.32333912E-01  4.54576102E-01  5.58888910E-01  4.33604375E-01  1.97908112E-01  7.15270807E-02  1.27709831E-01  3.17580233E-01  5.18195437E-01  5.34936024E-01  3.38703948E-01  1.24458747E-01  7.93762517E-02  1.95823388E-01  4.01060427E-01  5.49662146E-01  4.78543294E-01  2.38427996E-01  8.16695703E-02  1.05874111E-01  2.77890524E-01  4.91759662E-01  5.57034411E-01  3.80947574E-01  1.49642113E-01  6.61692875E-02  1.53055875E-01  3.67773779E-01  5.60385595E-01  5.18256801E-01  2.71492337E-01  8.74280898E-02  7.65757527E-02  2.22803465E-01  4.70368445E-01  5.93788212E-01  4.20966349E-01  1.72596695E-01  6.20996784E-02  1.08847070E-01  3.20272010E-01  5.73019945E-01  5.58206948E-01  3.09276912E-01  1.00557150E-01  5.16450956E-02  1.65981192E-01  4.30182883E-01  6.30980211E-01  4.88789398E-01  2.02508617E-01  4.78128362E-02  6.44584086E-02  2.47238093E-01  5.50443732E-01  6.42876546E-01  3.74589249E-01  1.04620017E-01  2.69939728E-02  1.04799246E-01  3.65879013E-01  6.59198359E-01  5.74570485E-01  2.36541187E-01  4.22418520E-02  3.28752925E-02  1.80870058E-01  5.23027801E-01  7.04429731E-01  4.37390075E-01  1.12219019E-01  1.58832160E-02  6.34089049E-02  3.04994500E-01  6.78922002E-01  6.64591594E-01  2.51653485E-01  2.98183754E-02  1.39891877E-02  1.13935858E-01  4.48892803E-01  7.95261569E-01  5.28857388E-01  9.68143554E-02  2.51993346E-03  3.58746881E-06  2.15137233E-06  2.68085944E-03  1.00243100E-01  5.27642040E-01  7.79887236E-01  4.51351899E-01  1.18715326E-01  1.91714111E-02  3.94688384E-02  2.64533302E-01  6.44848395E-01  6.53536307E-01  3.10317815E-01  7.69839756E-02  2.46316385E-02  1.22952908E-01  4.28979983E-01  6.78430873E-01  5.10500970E-01  1.97976512E-01  4.60022900E-02  4.99014971E-02  2.42032731E-01  5.63921469E-01  6.33285423E-01  3.66502645E-01  1.21145406E-01  3.65742223E-02  1.11503482E-01  3.80985234E-01  6.36180654E-01  5.38714760E-01  2.48309404E-01  6.74965401E-02  4.52408594E-02  2.02316063E-01  5.13989393E-01  6.38075281E-01  4.16192332E-01  1.56099762E-01  4.16366510E-02  8.93213862E-02  3.32523948E-01  6.11631494E-01  5.66456995E-01  2.92514660E-01  8.83676462E-02  4.13846687E-02  1.71710618E-01  4.73861419E-01  6.33009276E-01  4.50560222E-01  1.89346925E-01  5.15992792E-02  7.22165733E-02  2.91113507E-01  5.86009947E-01  5.85081331E-01  3.29073579E-01  1.12113890E-01  4.16896091E-02  1.39567729E-01  4.25185545E-01  6.27082900E-01  4.89976252E-01  2.26459706E-01  7.01096590E-02  5.88822623E-02  2.38169055E-01  5.38382390E-01  6.08222052E-01  3.83659251E-01  1.46043732E-01  4.29153590E-02  1.10151888E-01  3.64917910E-01  6.03759390E-01  5.35998636E-01  2.84044175E-01  8.10319933E-02  4.86039922E-02  2.02266748E-01  4.62332881E-01  6.06019828E-01  4.62571583E-01  1.86295198E-01  4.85272692E-02  9.67728861E-02  3.05302151E-01  5.43104159E-01  5.75766094E-01  3.34959606E-01  1.11384308E-01  5.56243138E-02  1.67625633E-01  4.11425046E-01  5.85072964E-01  4.80557854E-01  2.36358131E-01  8.07527862E-02
  8.03135054E-02  2.67618309E-01  5.38530261E-01  6.12418910E-01  3.63770466E-01  1.14916476E-01  4.51164551E-02  1.39699868E-01  3.77285331E-01  6.10047896E-01  5.27083260E-01  2.48270508E-01  7.11330998E-02  6.62694443E-02  2.16631204E-01  4.84518678E-01  6.17862239E-01  4.23731051E-01  1.58369660E-01  4.60383829E-02  9.95507085E-02  3.17589834E-01  5.93227211E-01  5.85905062E-01  2.99721765E-01  8.06481169E-02  4.20755807E-02  1.61134764E-01  4.45560506E-01  6.49369481E-01  4.88475001E-01  1.84396134E-01  4.11328048E-02  6.31967079E-02  2.59025936E-01  5.64292689E-01  6.36221991E-01  3.61143313E-01  9.89557545E-02  2.99364656E-02  1.18348343E-01  3.77302628E-01  6.29197140E-01  5.59951372E-01  2.45315154E-01  5.23037767E-02  4.42471319E-02  1.97012299E-01  4.93651630E-01  6.58073332E-01  4.44416940E-01  1.40985589E-01  2.97660574E-02  7.85386200E-02  3.14629181E-01  6.14353558E-01  6.07408765E-01  2.96890450E-01  7.29842823E-02  3.02447248E-02  1.48835154E-01  4.46211288E-01  6.75896671E-01  4.96302892E-01  1.75764651E-01  3.65416539E-02  5.31135212E-02  2.49292694E-01  5.92176919E-01  6.58607538E-01  3.50823492E-01  8.46310350E-02  2.08783671E-02  1.04739779E-01  3.89384019E-01  6.81486769E-01  5.66193274E-01  2.09628027E-01  3.57249249E-02  3.41802423E-02  1.89863376E-01  5.34355217E-01  7.12133927E-01  4.18064256E-01  1.00524809E-01  1.66074796E-02  6.43691757E-02  3.08970993E-01  6.83889471E-01  6.54594285E-01  2.48665120E-01  3.34171188E-02  1.21353806E-02  1.07747290E-01  4.49918604E-01  8.02753121E-01  5.30535781E-01  9.48854043E-02  2.47692915E-03  2.81274691E-06  5.95206742E-07  2.70784830E-03  1.05881248E-01  5.43238230E-01  7.87873974E-01  4.41809202E-01  1.05797282E-01  1.29976402E-02  3.67760442E-02  2.69622681E-01  6.74389881E-01  6.70439321E-01  2.88582365E-01  5.48336213E-02  1.79033131E-02  1.21142892E-01  4.42660753E-01  7.13183671E-01  5.20812362E-01  1.65009608E-01  2.57010535E-02  4.37596050E-02  2.37341117E-01  5.88212958E-01  6.80966916E-01  3.53987559E-01  8.47483224E-02  2.25034554E-02  9.83765236E-02  3.83671767E-01  6.84934422E-01  5.56085794E-01  2.17151151E-01  4.60333632E-02  3.91587411E-02  2.00425926E-01  5.39112310E-01  6.75727253E-01  4.04162091E-01  1.22752605E-01  2.73477746E-02  8.59659995E-02  3.42901664E-01  6.42320495E-01  5.87782876E-01  2.67999895E-01  6.07155122E-02  3.25438767E-02  1.69541796E-01  4.84446052E-01  6.76351204E-01  4.67663682E-01  1.51389191E-01  2.85949697E-02  6.80877377E-02  2.89872599E-01  6.08406273E-01  6.23695180E-01  3.16984130E-01  7.92165341E-02  3.34026705E-02  1.48180079E-01  4.32115207E-01  6.47668112E-01  5.06537308E-01  2.00600658E-01  4.37544061E-02  6.67438293E-02  2.53313295E-01  5.38257398E-01  6.31845815E-01  3.78872984E-01  1.13444651E-01  3.80383250E-02  1.29896492E-01  3.74050756E-01  6.14685989E-01  5.47886010E-01  2.50238746E-01  6.00733052E-02  5.99770029E-02  2.15725004E-01  4.83309592E-01  6.33488944E-01  4.37043397E-01  1.45593700E-01  3.91253042E-02  1.05331888E-01  3.16969033E-01  5.78983387E-01  5.91625994E-01  3.05249186E-01  8.07736687E-02  4.78853832E-02  1.68260948E-01  4.26115739E-01  6.38187332E-01  4.96031219E-01  1.88083929E-01  4.72011377E-02
  1.22037898E-01  3.66774185E-01  6.04687240E-01  5.42226267E-01  2.66917844E-01  6.94258856E-02  5.66726353E-02  2.06566578E-01  4.68566368E-01  6.11129879E-01  4.41824881E-01  1.77174076E-01  5.55481666E-02  9.87747061E-02  2.99076450E-01  5.46687738E-01  5.80602227E-01  3.36590424E-01  1.11367007E-01  5.07822188E-02  1.52834535E-01  4.08838653E-01  5.97339105E-01  4.94218233E-01  2.33915671E-01  7.26080187E-02  6.86476139E-02  2.34721285E-01  5.10991818E-01  6.00717750E-01  3.97476917E-01  1.54070284E-01  4.70816738E-02  9.84359284E-02  3.25243246E-01  5.96762904E-01  5.76061417E-01  2.98292651E-01  8.38512573E-02  4.18073725E-02  1.55576466E-01  4.43910237E-01  6.65530923E-01  4.89121604E-01  1.77157454E-01  3.94171039E-02  5.82827248E-02  2.46336598E-01  5.62225769E-01  6.58269934E-01  3.64278762E-01  9.62171974E-02  2.95884235E-02  1.06994200E-01  3.59861643E-01  6.55898202E-01  5.74572371E-01  2.32465854E-01  5.21300662E-02  4.35063760E-02  1.76545940E-01  4.79986353E-01  6.86407591E-01  4.48548945E-01  1.41674379E-01  3.23017361E-02  6.96073725E-02  2.76796746E-01  6.03234005E-01  6.39220171E-01  3.20048774E-01  7.32856364E-02  2.29582561E-02  1.15192207E-01  4.07387707E-01  6.93821721E-01  5.47451047E-01  1.90774986E-01  3.22796030E-02  3.41207941E-02  1.92869381E-01  5.47080537E-01  7.20766866E-01  4.03875656E-01  9.15260880E-02  1.51253562E-02  6.95704554E-02  3.24251164E-01  6.96629109E-01  6.41435819E-01  2.31222491E-01  2.98512262E-02  1.38443052E-02  1.19954013E-01  4.76788447E-01  7.94620132E-01  5.00860366E-01  9.17909692E-02  2.61024523E-03  7.78513040E-07  1.06422733E-05  3.18206306E-03  1.07552939E-01  5.56594076E-01  7.90586913E-01  4.20801612E-01  1.06629482E-01  1.56088517E-02  4.07434644E-02  2.87463760E-01  6.88663939E-01  6.37193850E-01  2.77511896E-01  6.12190035E-02  2.22817439E-02  1.35445037E-01  4.63455695E-01  7.01328579E-01  4.87847170E-01  1.67863013E-01  3.20864772E-02  5.26351265E-02  2.70346890E-01  6.18965138E-01  6.35431794E-01  3.28326197E-01  8.25033787E-02  2.68173998E-02  1.30410331E-01  4.37356240E-01  6.75466267E-01  5.14796014E-01  1.89875368E-01  3.68457688E-02  5.27264305E-02  2.50665761E-01  5.76627715E-01  6.52589739E-01  3.63130580E-01  9.20223978E-02  2.61043441E-02  1.19115539E-01  3.99615228E-01  6.76871250E-01  5.43055539E-01  2.06621814E-01  3.91720202E-02  4.43036746E-02  2.23327746E-01  5.57395127E-01  6.67197151E-01  3.85679712E-01  1.07096746E-01  2.69069599E-02  1.01777057E-01  3.68341074E-01  6.54678622E-01  5.70167318E-01  2.40494208E-01  4.89195173E-02  4.33253328E-02  2.01359237E-01  5.15408174E-01  6.71966898E-01  4.23071148E-01  1.25664578E-01  2.76461269E-02  8.36369171E-02  3.32699580E-01  6.35762756E-01  5.99707466E-01  2.73799946E-01  6.13931413E-02  3.10903776E-02  1.73125309E-01  4.82296769E-01  6.64795453E-01  4.68042849E-01  1.59495578E-01  3.08382951E-02  6.90348774E-02  2.96417750E-01  5.93860498E-01  6.24617011E-01  3.20742997E-01  8.07515531E-02  3.44440093E-02  1.41831919E-01  4.16718770E-01  6.56576925E-01  5.15114768E-01  2.02828758E-01  4.86027793E-02  6.52229661E-02  2.33089934E-01  5.36889926E-01  6.36954893E-01  3.81375640E-01  1.23185247E-01  4.31551654E-02
  1.18153780E-01  3.24988009E-01  5.12295934E-01  5.25313331E-01  3.44656545E-01  1.38860488E-01  6.58094634E-02  1.90291542E-01  4.13595159E-01  5.59752600E-01  4.75430061E-01  2.44015913E-01  8.06865387E-02  9.78780050E-02  2.71399060E-01  5.01028442E-01  5.68278642E-01  3.77771135E-01  1.50101940E-01  7.05573469E-02  1.57511534E-01  3.61399002E-01  5.57780572E-01  5.06115247E-01  2.74486471E-01  9.97738086E-02  8.94066379E-02  2.36371135E-01  4.61959332E-01  5.59774033E-01  4.19815109E-01  1.89810221E-01  7.00647186E-02  1.32675195E-01  3.25092451E-01  5.28798115E-01  5.29883353E-01  3.26385408E-01  1.19900859E-01  6.37452670E-02  1.90400183E-01  4.34646701E-01  5.71307649E-01  4.62987565E-01  2.25816984E-01  6.64317378E-02  8.56919598E-02  2.90281687E-01  5.28568482E-01  5.64482214E-01  3.68056477E-01  1.35845980E-01  4.96798903E-02  1.47684324E-01  3.91456122E-01  5.74559227E-01  5.11405834E-01  2.67439415E-01  8.04570675E-02  6.53154354E-02  2.27000909E-01  4.76216503E-01  5.94951419E-01  4.33026823E-01  1.73508030E-01  4.51318867E-02  9.98382974E-02  3.13239922E-01  5.64899026E-01  5.92699574E-01  3.23114078E-01  8.52907011E-02  4.09713278E-02  1.59333647E-01  4.23172336E-01  6.34589670E-01  5.08612231E-01  1.99917274E-01  4.28293250E-02  6.07433033E-02  2.38726695E-01  5.50777940E-01  6.61396574E-01  3.74957519E-01  9.94124403E-02  2.12404544E-02  9.01966157E-02  3.50545335E-01  6.75420086E-01  6.09079587E-01  2.32285933E-01  3.17725917E-02  2.21717039E-02  1.33059888E-01  4.73501992E-01  7.83681483E-01  4.95734122E-01  8.88297585E-02  2.38805066E-03  5.40018279E-06  0.00000000E+00  2.62416503E-03  1.01189837E-01  5.32551649E-01  7.83524309E-01  4.49729265E-01  1.15356146E-01  1.49746547E-02  3.60972607E-02  2.58794480E-01  6.43143476E-01  6.70813521E-01  3.12408696E-01  7.16525238E-02  1.87133255E-02  1.04328064E-01  4.14564993E-01  7.02942154E-01  5.27913023E-01  1.95430134E-01  4.14229691E-02  4.24372477E-02  2.23806074E-01  5.65265633E-01  6.51698822E-01  3.71526868E-01  1.22544510E-01  3.53738869E-02  9.65656770E-02  3.66559013E-01  6.57153832E-01  5.49721342E-01  2.38032897E-01  6.99458467E-02  4.57628359E-02  2.00025841E-01  5.22267748E-01  6.50514621E-01  4.04017381E-01  1.43989529E-01  4.72740776E-02  1.00565677E-01  3.42718188E-01  6.11716052E-01  5.57405823E-01  2.69724998E-01  8.88453323E-02  6.43456535E-02  1.94923907E-01  4.83315681E-01  6.17597504E-01  4.25656013E-01  1.71310495E-01  6.90054159E-02  1.09584102E-01  3.28290701E-01  5.69637425E-01  5.29946708E-01  2.96155916E-01  1.25868270E-01  7.65118109E-02  2.02143100E-01  4.60581810E-01  5.66013861E-01  4.18071012E-01  2.17499909E-01  9.26807521E-02  1.06058796E-01  3.15929416E-01  5.34049615E-01  5.07484444E-01  3.31862499E-01  1.58015851E-01  7.77455647E-02  1.76370461E-01  4.23641013E-01  5.49606586E-01  4.44509351E-01  2.54300269E-01  1.09517566E-01  1.00802146E-01  2.80061632E-01  4.90568011E-01  5.21768946E-01  3.72507878E-01  1.86198172E-01  8.40989006E-02  1.60706928E-01  3.77530607E-01  5.23669335E-01  4.79661381E-01  2.93622311E-01  1.23010967E-01  8.38926492E-02  2.29690779E-01  4.51273910E-01  5.45629659E-01  4.28763912E-01  2.15850774E-01  8.04274344E-02
  1.18153780E-01  3.24988009E-01  5.12295934E-01  5.25313331E-01  3.44656545E-01  1.38860488E-01  6.58094634E-02  1.90291542E-01  4.13595159E-01  5.59752600E-01  4.75430061E-01  2.44015913E-01  8.06865387E-02  9.78780050E-02  2.71399060E-01  5.01028442E-01  5.68278642E-01  3.77771135E-01  1.50101940E-01  7.05573469E-02  1.57511534E-01  3.61399002E-01  5.57780572E-01  5.06115247E-01  2.74486471E-01  9.97738086E-02  8.94066379E-02  2.36371135E-01  4.61959332E-01  5.59774033E-01  4.19815109E-01  1.89810221E-01  7.00647186E-02  1.32675195E-01  3.25092451E-01  5.28798115E-01  5.29883353E-01  3.26385408E-01  1.19900859E-01  6.37452670E-02  1.90400183E-01  4.34646701E-01  5.71307649E-01  4.62987565E-01  2.25816984E-01  6.64317378E-02  8.56919598E-02  2.90281687E-01  5.28568482E-01  5.64482214E-01  3.68056477E-01  1.35845980E-01  4.96798903E-02  1.47684324E-01  3.91456122E-01  5.74559227E-01  5.11405834E-01  2.67439415E-01  8.04570675E-02  6.53154354E-02  2.27000909E-01  4.76216503E-01  5.94951419E-01  4.33026823E-01  1.73508030E-01  4.51318867E-02  9.98382974E-02  3.13239922E-01  5.64899026E-01  5.92699574E-01  3.23114078E-01  8.52907011E-02  4.09713278E-02  1.59333647E-01  4.23172336E-01  6.34589670E-01  5.08612231E-01  1.99917274E-01  4.28293250E-02  6.07433033E-02  2.38726695E-01  5.50777940E-01  6.61396574E-01  3.74957519E-01  9.94124403E-02  2.12404544E-02  9.01966157E-02  3.50545335E-01  6.75420086E-01  6.09079587E-01  2.32285933E-01  3.17725917E-02  2.21717039E-02  1.33059888E-01  4.73501992E-01  7.83681483E-01  4.95734122E-01  8.88297585E-02  2.38805066E-03  5.40018279E-06  0.00000000E+00  2.62416503E-03  1.01189837E-01  5.32551649E-01  7.83524309E-01  4.49729265E-01  1.15356146E-01  1.49746547E-02  3.60972607E-02  2.58794480E-01  6.43143476E-01  6.70813521E-01  3.12408696E-01  7.16525238E-02  1.87133255E-02  1.04328064E-01  4.14564993E-01  7.02942154E-01  5.27913023E-01  1.95430134E-01  4.14229691E-02  4.24372477E-02  2.23806074E-01  5.65265633E-01  6.51698822E-01  3.71526868E-01  1.22544510E-01  3.53738869E-02  9.65656770E-02  3.66559013E-01  6.57153832E-01  5.49721342E-01  2.38032897E-01  6.99458467E-02  4.57628359E-02  2.00025841E-01  5.22267748E-01  6.50514621E-01  4.04017381E-01  1.43989529E-01  4.72740776E-02  1.00565677E-01  3.42718188E-01  6.11716052E-01  5.57405823E-01  2.69724998E-01  8.88453323E-02  6.43456535E-02  1.94923907E-01  4.83315681E-01  6.17597504E-01  4.25656013E-01  1.71310495E-01  6.90054159E-02  1.09584102E-01  3.28290701E-01  5.69637425E-01  5.29946708E-01  2.96155916E-01  1.25868270E-01  7.65118109E-02  2.02143100E-01  4.60581810E-01  5.66013861E-01  4.18071012E-01  2.17499909E-01  9.26807521E-02  1.06058796E-01  3.15929416E-01  5.34049615E-01  5.07484444E-01  3.31862499E-01  1.58015851E-01  7.77455647E-02  1.76370461E-01  4.23641013E-01  5.49606586E-01  4.44509351E-01  2.54300269E-01  1.09517566E-01  1.00802146E-01  2.80061632E-01  4.90568011E-01  5.21768946E-01  3.72507878E-01  1.86198172E-01  8.40989006E-02  1.60706928E-01  3.77530607E-01  5.23669335E-01  4.79661381E-01  2.93622311E-01  1.23010967E-01  8.38926492E-02  2.29690779E-01  4.51273910E-01  5.45629659E-01  4.28763912E-01  2.15850774E-01  8.04274344E-02
  5.22279619E-02  2.36388160E-01  5.59380650E-01  6.44606826E-01  3.76035049E-01  1.11087515E-01  3.64435775E-02  1.17689860E-01  3.61327693E-01  6.12198120E-01  5.39332472E-01  2.62911717E-01  8.08366210E-02  5.73684867E-02  1.98834709E-01  4.85380149E-01  6.27517101E-01  4.24166126E-01  1.70952229E-01  5.23502807E-02  8.57626688E-02  3.01830197E-01  5.75302274E-01  5.82265429E-01  3.25768800E-01  1.04629612E-01  4.35283092E-02  1.49737689E-01  4.20333574E-01  6.30622729E-01  4.94423752E-01  2.19122079E-01  5.69993002E-02  6.13058102E-02  2.46690231E-01  5.33592532E-01  6.24188192E-01  3.89153409E-01  1.26952474E-01  3.26967698E-02  9.87691918E-02  3.40215725E-01  6.23077770E-01  5.90924982E-01  2.73407808E-01  5.87905157E-02  3.60831701E-02  1.74913702E-01  4.83336441E-01  6.59423267E-01  4.65715341E-01  1.57587429E-01  3.26253871E-02  6.97036010E-02  2.82207531E-01  6.00027017E-01  6.32905700E-01  3.26620572E-01  7.45317874E-02  2.77746442E-02  1.29538498E-01  4.16416624E-01  6.66701324E-01  5.33778164E-01  1.96454169E-01  3.69538948E-02  5.18301554E-02  2.34460901E-01  5.50799002E-01  6.52620008E-01  3.86779820E-01  1.08083907E-01  2.47491004E-02  9.74545763E-02  3.60254451E-01  6.56525750E-01  5.78874474E-01  2.43937491E-01  4.85773130E-02  2.67009270E-02  1.62862953E-01  5.17990260E-01  7.22645082E-01  4.43814414E-01  1.15503168E-01  1.62424964E-02  4.68926910E-02  2.74360517E-01  6.75482136E-01  6.90261261E-01  2.73243985E-01  3.50167698E-02  9.89709362E-03  8.85793080E-02  4.21236302E-01  8.09955091E-01  5.66785695E-01  1.01906442E-01  2.41413762E-03  1.64512338E-06  1.88379684E-05  2.25136963E-03  9.44134012E-02  5.27584959E-01  8.02174545E-01  4.51123687E-01  1.09202037E-01  1.29252957E-02  2.82850555E-02  2.38422384E-01  6.62244136E-01  7.01740379E-01  3.06993059E-01  5.77899987E-02  1.23473561E-02  8.72454785E-02  4.02202763E-01  7.37569777E-01  5.57611391E-01  1.81696451E-01  2.68618932E-02  2.64480480E-02  1.90060577E-01  5.65819512E-01  7.09301465E-01  3.97589053E-01  9.81931532E-02  1.58702703E-02  6.91631179E-02  3.37376383E-01  6.81405515E-01  6.06787476E-01  2.49353931E-01  4.74471498E-02  2.52801932E-02  1.61438365E-01  4.99557645E-01  6.85728105E-01  4.58147288E-01  1.50491098E-01  2.90251051E-02  6.43217287E-02  2.89528476E-01  6.12230766E-01  6.26962731E-01  3.19953284E-01  7.51566523E-02  2.76348975E-02  1.38926925E-01  4.30889385E-01  6.70825894E-01  5.19481264E-01  1.88394161E-01  3.39542551E-02  5.37484267E-02  2.46206486E-01  5.72996177E-01  6.61008889E-01  3.65441473E-01  8.92437498E-02  2.32809610E-02  1.12045938E-01  3.92996793E-01  6.71250800E-01  5.68107403E-01  2.07450085E-01  3.39612743E-02  3.88385690E-02  2.01359984E-01  5.34096462E-01  6.90843661E-01  4.11211370E-01  1.09123160E-01  2.33172163E-02  8.68289855E-02  3.35376550E-01  6.41865983E-01  5.99675838E-01  2.66571688E-01  5.67427706E-02  3.28440945E-02  1.65663371E-01  4.82956851E-01  6.74949335E-01  4.64309476E-01  1.56673393E-01  3.23582974E-02  7.36104452E-02  2.84782619E-01  5.91857804E-01  6.18162523E-01  3.27388061E-01  8.79431048E-02  3.26486800E-02  1.36576232E-01  4.19282758E-01  6.63435712E-01  5.10126231E-01  2.03644335E-01  4.65831414E-02
  4.28183018E-02  1.39486500E-01  4.06986121E-01  6.22500525E-01  4.96749224E-01  2.45983311E-01  6.87359805E-02  6.46869395E-02  2.38010605E-01  5.14076139E-01  6.31162908E-01  4.09842786E-01  1.24724814E-01  3.20667318E-02  1.06145412E-01  3.53596335E-01  6.34653317E-01  5.87640806E-01  2.49331436E-01  5.21439707E-02  4.64920709E-02  2.05248161E-01  4.90162346E-01  6.75260525E-01  4.44642932E-01  1.28742211E-01  2.39904459E-02  8.63788882E-02  3.11227685E-01  6.38371875E-01  6.30628051E-01  2.77223115E-01  4.37656445E-02  2.47468784E-02  1.49300134E-01  4.89533781E-01  7.05543702E-01  4.79154624E-01  1.36103042E-01  1.85536958E-02  5.57595602E-02  2.87437703E-01  6.36327453E-01  6.35693146E-01  3.09942187E-01  6.77859988E-02  2.60209652E-02  1.44625999E-01  4.35691582E-01  6.80438167E-01  5.11914380E-01  1.76501258E-01  3.38965425E-02  5.55688210E-02  2.38646011E-01  5.91307734E-01  6.72791497E-01  3.53040611E-01  7.92976665E-02  1.74363836E-02  8.72054001E-02  3.65226683E-01  7.06527648E-01  6.00385754E-01  2.00142089E-01  2.82512645E-02  2.79509102E-02  1.87868711E-01  5.51213341E-01  7.14431985E-01  4.07844203E-01  9.92629688E-02  1.73506170E-02  7.75432376E-02  3.41203323E-01  6.70458033E-01  6.09363421E-01  2.47095321E-01  4.56393891E-02  2.52882590E-02  1.67428931E-01  5.26083128E-01  7.03097031E-01  4.36811069E-01  1.25858033E-01  2.21897862E-02  6.01779352E-02  3.09304630E-01  6.76316310E-01  6.46595357E-01  2.64820721E-01  3.75189249E-02  1.22449847E-02  1.10128577E-01  4.64403323E-01  7.88903897E-01  5.21818424E-01  1.00358632E-01  3.08625535E-03  0.00000000E+00  0.00000000E+00  2.50313989E-03  8.64886744E-02  4.68893073E-01  7.40582114E-01  5.07562419E-01  1.71107587E-01  2.23575321E-02  2.39578497E-02  2.01967770E-01  5.70229224E-01  7.01973317E-01  3.86858009E-01  1.04926988E-01  1.47153574E-02  6.59768601E-02  3.16804105E-01  6.61503726E-01  6.24584630E-01  2.70794746E-01  5.27113500E-02  2.05413317E-02  1.32609359E-01  4.52196335E-01  6.85984239E-01  5.02348027E-01  1.77518949E-01  3.22283201E-02  4.48721319E-02  2.45146292E-01  5.72641784E-01  6.25416396E-01  3.86839585E-01  1.11338302E-01  2.02775565E-02  9.62399511E-02  3.76272987E-01  6.44070079E-01  5.58291167E-01  2.54450116E-01  5.88277825E-02  3.40869884E-02  1.84194136E-01  4.97919780E-01  6.49009872E-01  4.44650434E-01  1.64183115E-01  3.48609652E-02  6.23965547E-02  2.86084130E-01  6.14747563E-01  6.28687770E-01  3.21580745E-01  7.63170434E-02  1.66374343E-02  9.94617471E-02  4.13238778E-01  7.30620794E-01  5.36460037E-01  1.80837190E-01  2.76601833E-02  2.51853635E-02  1.95922810E-01  5.85375589E-01  7.18237312E-01  3.71459768E-01  9.26151741E-02  1.52528528E-02  6.03608552E-02  3.50220110E-01  7.08293732E-01  6.06241222E-01  2.25807135E-01  4.19821136E-02  2.28226268E-02  1.53325473E-01  5.30246573E-01  7.29758900E-01  4.26709126E-01  1.16147465E-01  2.37535003E-02  4.97554062E-02  2.96586585E-01  6.87324545E-01  6.26027294E-01  2.65611509E-01  6.21893952E-02  2.70424924E-02  1.41609725E-01  4.56231008E-01  6.59356579E-01  4.74082908E-01  1.96775834E-01  5.58002688E-02  5.56288088E-02  2.75790666E-01  5.88131875E-01  5.95791961E-01  3.49750617E-01  1.14616249E-01
  3.57204283E-02  1.62117514E-01  4.49897005E-01  6.50121546E-01  4.97911612E-01  1.79223303E-01  3.65855334E-02  6.88132707E-02  2.58648769E-01  5.57993184E-01  6.50142368E-01  3.61094258E-01  8.83918371E-02  2.72143517E-02  1.20483781E-01  3.83293715E-01  6.57655637E-01  5.71842288E-01  2.13369046E-01  3.55228098E-02  4.76298263E-02  2.11923917E-01  5.27950881E-01  6.82760559E-01  4.09034386E-01  1.07447510E-01  2.34339104E-02  9.29628045E-02  3.39134404E-01  6.55757300E-01  5.93561917E-01  2.52607803E-01  5.11713592E-02  3.07835853E-02  1.69604794E-01  5.08948338E-01  6.97970717E-01  4.46536378E-01  1.30826103E-01  2.34618305E-02  6.74939653E-02  3.05211129E-01  6.32213067E-01  6.25541193E-01  2.95581131E-01  6.30742447E-02  2.68243583E-02  1.46367442E-01  4.54556104E-01  6.92057162E-01  5.00407087E-01  1.60135809E-01  2.85717352E-02  6.06157201E-02  2.63512678E-01  5.98220650E-01  6.57509993E-01  3.32727677E-01  7.70716281E-02  2.91927092E-02  1.28188338E-01  4.07709435E-01  6.75201546E-01  5.37300337E-01  1.93976409E-01  3.75617914E-02  5.30617104E-02  2.27013464E-01  5.52352338E-01  6.74621261E-01  3.82133046E-01  9.80303121E-02  2.40329181E-02  9.32901319E-02  3.53445160E-01  6.72823345E-01  5.90526345E-01  2.33301272E-01  4.20647709E-02  2.84918031E-02  1.69900582E-01  5.08835106E-01  7.27277796E-01  4.46018770E-01  1.10618634E-01  1.47965844E-02  5.61643139E-02  2.85059026E-01  6.82321880E-01  6.79437765E-01  2.59116381E-01  3.24067842E-02  1.26497767E-02  1.07325818E-01  4.41913378E-01  7.95086596E-01  5.39267461E-01  1.01463074E-01  2.66667189E-03  7.54145450E-06  9.40070505E-07  2.15678287E-03  8.50334978E-02  4.96307769E-01  8.03278344E-01  4.80853506E-01  1.18942269E-01  1.34705053E-02  2.19249980E-02  2.12506338E-01  6.27073634E-01  7.17635749E-01  3.46719770E-01  6.88913853E-02  1.11741115E-02  7.93745450E-02  3.62534101E-01  6.96070892E-01  6.01878543E-01  2.20621658E-01  3.29577752E-02  2.33399138E-02  1.59148693E-01  5.02326486E-01  7.14410962E-01  4.54278564E-01  1.30968147E-01  2.07552213E-02  5.93933464E-02  2.80085165E-01  6.21138530E-01  6.48743037E-01  3.13659830E-01  6.75911529E-02  2.32867058E-02  1.25936916E-01  4.20510349E-01  6.84827696E-01  5.23954506E-01  1.89234041E-01  3.68578457E-02  4.35773234E-02  2.25997295E-01  5.64339365E-01  6.57203995E-01  3.78253819E-01  1.10892696E-01  2.81828228E-02  9.20968638E-02  3.59044460E-01  6.63157791E-01  5.75115670E-01  2.40545962E-01  5.50503251E-02  3.23291970E-02  1.69662003E-01  5.11831837E-01  6.86752772E-01  4.41361880E-01  1.40812430E-01  2.81023632E-02  6.31106829E-02  2.98296958E-01  6.27653756E-01  6.20396893E-01  3.06669941E-01  7.34527432E-02  2.38027732E-02  1.33155707E-01  4.42695845E-01  6.84132440E-01  5.16481086E-01  1.79957712E-01  2.90994281E-02  4.92568586E-02  2.45165588E-01  5.70054409E-01  6.67973720E-01  3.68137235E-01  8.83440084E-02  2.35832093E-02  1.08345095E-01  3.73567724E-01  6.50403243E-01  5.69175328E-01  2.33954756E-01  4.87860922E-02  4.39263977E-02  2.00305481E-01  5.12454200E-01  6.64636976E-01  4.26725787E-01  1.32913090E-01  3.09573730E-02  8.41656456E-02  3.17516736E-01  6.13265789E-01  6.02719170E-01  2.97165510E-01  6.95337825E-02
  4.25487500E-02  1.90153953E-01  5.07217973E-01  6.65500034E-01  4.36204932E-01  1.32730439E-01  2.85402365E-02  7.95147973E-02  3.07438649E-01  6.24687128E-01  6.15641149E-01  2.92526757E-01  6.85857770E-02  3.33494595E-02  1.51948209E-01  4.54327230E-01  6.82095845E-01  4.90391824E-01  1.61539054E-01  3.08969257E-02  5.43927027E-02  2.66274932E-01  6.12726351E-01  6.41181554E-01  3.34803682E-01  8.30628041E-02  2.32393581E-02  1.34759899E-01  4.51971757E-01  6.73084932E-01  5.09827365E-01  1.86293750E-01  3.09079054E-02  5.95252703E-02  2.75580101E-01  5.96923142E-01  6.43278007E-01  3.36751791E-01  8.05022635E-02  2.37613851E-02  1.37912399E-01  4.39153919E-01  6.86496926E-01  5.10570743E-01  1.72410270E-01  3.74762500E-02  4.79060473E-02  2.45379392E-01  5.92599223E-01  6.51547872E-01  3.54692635E-01  9.34016216E-02  1.77582432E-02  8.31463176E-02  3.98712466E-01  6.85438514E-01  5.51284831E-01  2.21234324E-01  4.76906081E-02  3.29911486E-02  1.82820878E-01  5.22092534E-01  6.85850912E-01  4.38425709E-01  1.20931588E-01  2.58572297E-02  7.04822297E-02  2.99981757E-01  6.31679223E-01  6.13086047E-01  3.04218649E-01  6.98648649E-02  2.80111824E-02  1.30590473E-01  4.22064291E-01  6.72740980E-01  5.28117635E-01  1.95748446E-01  3.22701014E-02  3.95412500E-02  2.09749493E-01  5.58850912E-01  7.04943007E-01  3.92634291E-01  8.67721622E-02  1.10866554E-02  6.82231081E-02  3.21716250E-01  7.06396216E-01  6.60329122E-01  2.18784966E-01  1.98458446E-02  1.36693919E-02  1.06950135E-01  4.50233514E-01  8.22018615E-01  5.22429257E-01  8.25950676E-02  1.62851351E-03  0.00000000E+00  0.00000000E+00  2.72320946E-03  1.00344257E-01  5.35940912E-01  8.09992196E-01  4.42647838E-01  1.01013345E-01  7.90047297E-03  2.81920608E-02  2.58598716E-01  7.10002838E-01  7.11830203E-01  2.60281689E-01  2.89621622E-02  8.38067568E-03  9.97604730E-02  4.49538142E-01  7.90249696E-01  5.15802669E-01  1.24188345E-01  1.35523311E-02  2.46417905E-02  2.10954493E-01  6.49052399E-01  7.42801622E-01  3.17657128E-01  5.19371284E-02  7.19246622E-03  7.94413176E-02  4.04602568E-01  7.58170338E-01  5.69456385E-01  1.68048581E-01  1.92495946E-02  2.88223986E-02  2.03818345E-01  5.60864932E-01  7.02589392E-01  4.01404662E-01  9.09461486E-02  1.66807770E-02  9.15205068E-02  3.69143986E-01  6.59906318E-01  5.68073446E-01  2.43869730E-01  5.77770946E-02  3.96217230E-02  2.00029257E-01  5.03952872E-01  6.46920743E-01  4.31320980E-01  1.46491926E-01  4.51892905E-02  1.04108716E-01  3.18749899E-01  5.44389459E-01  6.00171047E-01  3.24725101E-01  8.52660811E-02  5.54429392E-02  1.72135439E-01  3.95046351E-01  6.19746689E-01  5.18759764E-01  2.03685338E-01  5.28033108E-02  7.04806757E-02  2.23049561E-01  5.21803378E-01  6.49699088E-01  3.94165203E-01  1.19838986E-01  3.43676014E-02  9.89192905E-02  3.23672297E-01  6.07646385E-01  5.79289527E-01  2.97939088E-01  7.21236824E-02  4.48460135E-02  1.68437635E-01  4.28385980E-01  6.42158818E-01  5.10605777E-01  1.80145439E-01  3.26919595E-02  6.93227027E-02  2.38116520E-01  5.43396824E-01  6.58283784E-01  3.85101757E-01  9.18548649E-02  3.07245946E-02  1.11741858E-01  3.53228378E-01  6.19659324E-01  5.95388784E-01  2.52980034E-01  4.71271622E-02
  1.11603154E-01  3.37385826E-01  5.76605416E-01  5.42056091E-01  2.94398156E-01  1.06354563E-01  6.38716020E-02  1.85434365E-01  4.41973495E-01  6.05191560E-01  4.56197504E-01  2.01862922E-01  7.24538869E-02  9.34314245E-02  2.66706531E-01  5.06444110E-01  5.80854874E-01  3.77079316E-01  1.40708709E-01  6.02554172E-02  1.39087160E-01  3.62042888E-01  5.68932524E-01  5.21340770E-01  2.80173662E-01  8.87307795E-02  6.46299882E-02  2.07637786E-01  4.66737245E-01  6.04080956E-01  4.42196913E-01  1.77614153E-01  5.19999164E-02  8.45307220E-02  2.97090090E-01  5.68353503E-01  5.95969296E-01  3.32417068E-01  1.02472417E-01  3.52341246E-02  1.39672746E-01  4.14543982E-01  6.29681316E-01  5.16767970E-01  2.19772712E-01  5.59349889E-02  5.42057605E-02  2.22349147E-01  5.29950275E-01  6.35559504E-01  3.98066265E-01  1.38377193E-01  3.45481812E-02  9.54445489E-02  3.41366460E-01  6.12640710E-01  5.82285928E-01  2.87042982E-01  6.67916386E-02  3.60340201E-02  1.67388343E-01  4.69174138E-01  6.59254822E-01  4.76776075E-01  1.69428348E-01  2.97964121E-02  6.30141794E-02  2.81335433E-01  5.88791957E-01  6.41399467E-01  3.39850638E-01  7.59204805E-02  2.09991905E-02  1.13736791E-01  4.00048523E-01  6.89322136E-01  5.58194004E-01  1.94800225E-01  2.83025774E-02  3.15942029E-02  1.95390678E-01  5.45946406E-01  7.18334320E-01  4.08085489E-01  9.38557566E-02  1.46258624E-02  6.39495443E-02  2.99553090E-01  6.85699862E-01  6.66213093E-01  2.47840319E-01  2.99546938E-02  1.35467763E-02  1.05712955E-01  4.45086596E-01  8.01724246E-01  5.36156496E-01  9.44604622E-02  2.32868521E-03  4.89881186E-06  3.61927145E-06  2.85521347E-03  1.03320005E-01  5.56121034E-01  8.04776838E-01  4.30320527E-01  9.34063194E-02  1.02673978E-02  3.61399190E-02  2.74512694E-01  6.90068683E-01  6.74983376E-01  2.76556522E-01  4.44227393E-02  1.38256378E-02  1.13615276E-01  4.57826808E-01  7.50308526E-01  5.06236955E-01  1.43745351E-01  1.84369761E-02  3.78491814E-02  2.37343199E-01  6.26018086E-01  6.91997404E-01  3.28454801E-01  6.97811203E-02  1.51752970E-02  9.22581434E-02  4.08029226E-01  7.22807829E-01  5.40957389E-01  1.89282622E-01  3.63248831E-02  3.15384567E-02  2.01269445E-01  5.68816921E-01  6.84232511E-01  3.92343716E-01  1.08562089E-01  2.13231075E-02  8.14982844E-02  3.48557357E-01  6.63200214E-01  5.91642789E-01  2.50867283E-01  5.33463429E-02  3.19670975E-02  1.70665622E-01  5.10222066E-01  6.77108343E-01  4.29181616E-01  1.45196292E-01  4.16959603E-02  7.19312130E-02  3.03714464E-01  6.29949247E-01  6.03838579E-01  2.84705366E-01  8.59358715E-02  3.86549889E-02  1.44188348E-01  4.53303068E-01  6.71107972E-01  4.76333631E-01  1.80971798E-01  4.99572059E-02  6.10849667E-02  2.62516026E-01  5.87427272E-01  6.33209693E-01  3.31446539E-01  1.05193947E-01  4.02222536E-02  1.26193242E-01  4.03992579E-01  6.60464630E-01  5.13764204E-01  2.13461324E-01  6.13241729E-02  6.17007233E-02  2.33440956E-01  5.36172712E-01  6.29995911E-01  3.84128664E-01  1.28548265E-01  4.63037211E-02  1.24838376E-01  3.57621209E-01  6.03651970E-01  5.45782603E-01  2.61729923E-01  8.14758950E-02  6.48993968E-02  2.14982875E-01  4.86304640E-01  6.09467633E-01  4.16059235E-01  1.63778786E-01  6.21834078E-02
  1.11603154E-01  3.37385826E-01  5.76605416E-01  5.42056091E-01  2.94398156E-01  1.06354563E-01  6.38716020E-02  1.85434365E-01  4.41973495E-01  6.05191560E-01  4.56197504E-01  2.01862922E-01  7.24538869E-02  9.34314245E-02  2.66706531E-01  5.06444110E-01  5.80854874E-01  3.77079316E-01  1.40708709E-01  6.02554172E-02  1.39087160E-01  3.62042888E-01  5.68932524E-01  5.21340770E-01  2.80173662E-01  8.87307795E-02  6.46299882E-02  2.07637786E-01  4.66737245E-01  6.04080956E-01  4.42196913E-01  1.77614153E-01  5.19999164E-02  8.45307220E-02  2.97090090E-01  5.68353503E-01  5.95969296E-01  3.32417068E-01  1.02472417E-01  3.52341246E-02  1.39672746E-01  4.14543982E-01  6.29681316E-01  5.16767970E-01  2.19772712E-01  5.59349889E-02  5.42057605E-02  2.22349147E-01  5.29950275E-01  6.35559504E-01  3.98066265E-01  1.38377193E-01  3.45481812E-02  9.54445489E-02  3.41366460E-01  6.12640710E-01  5.82285928E-01  2.87042982E-01  6.67916386E-02  3.60340201E-02  1.67388343E-01  4.69174138E-01  6.59254822E-01  4.76776075E-01  1.69428348E-01  2.97964121E-02  6.30141794E-02  2.81335433E-01  5.88791957E-01  6.41399467E-01  3.39850638E-01  7.59204805E-02  2.09991905E-02  1.13736791E-01  4.00048523E-01  6.89322136E-01  5.58194004E-01  1.94800225E-01  2.83025774E-02  3.15942029E-02  1.95390678E-01  5.45946406E-01  7.18334320E-01  4.08085489E-01  9.38557566E-02  1.46258624E-02  6.39495443E-02  2.99553090E-01  6.85699862E-01  6.66213093E-01  2.47840319E-01  2.99546938E-02  1.35467763E-02  1.05712955E-01  4.45086596E-01  8.01724246E-01  5.36156496E-01  9.44604622E-02  2.32868521E-03  4.89881186E-06  3.61927145E-06  2.85521347E-03  1.03320005E-01  5.56121034E-01  8.04776838E-01  4.30320527E-01  9.34063194E-02  1.02673978E-02  3.61399190E-02  2.74512694E-01  6.90068683E-01  6.74983376E-01  2.76556522E-01  4.44227393E-02  1.38256378E-02  1.13615276E-01  4.57826808E-01  7.50308526E-01  5.06236955E-01  1.43745351E-01  1.84369761E-02  3.78491814E-02  2.37343199E-01  6.26018086E-01  6.91997404E-01  3.28454801E-01  6.97811203E-02  1.51752970E-02  9.22581434E-02  4.08029226E-01  7.22807829E-01  5.40957389E-01  1.89282622E-01  3.63248831E-02  3.15384567E-02  2.01269445E-01  5.68816921E-01  6.84232511E-01  3.92343716E-01  1.08562089E-01  2.13231075E-02  8.14982844E-02  3.48557357E-01  6.63200214E-01  5.91642789E-01  2.50867283E-01  5.33463429E-02  3.19670975E-02  1.70665622E-01  5.10222066E-01  6.77108343E-01  4.29181616E-01  1.45196292E-01  4.16959603E-02  7.19312130E-02  3.03714464E-01  6.29949247E-01  6.03838579E-01  2.84705366E-01  8.59358715E-02  3.86549889E-02  1.44188348E-01  4.53303068E-01  6.71107972E-01  4.76333631E-01  1.80971798E-01  4.99572059E-02  6.10849667E-02  2.62516026E-01  5.87427272E-01  6.33209693E-01  3.31446539E-01  1.05193947E-01  4.02222536E-02  1.26193242E-01  4.03992579E-01  6.60464630E-01  5.13764204E-01  2.13461324E-01  6.13241729E-02  6.17007233E-02  2.33440956E-01  5.36172712E-01  6.29995911E-01  3.84128664E-01  1.28548265E-01  4.63037211E-02  1.24838376E-01  3.57621209E-01  6.03651970E-01  5.45782603E-01  2.61729923E-01  8.14758950E-02  6.48993968E-02  2.14982875E-01  4.86304640E-01  6.09467633E-01  4.16059235E-01  1.63778786E-01  6.21834078E-02
  3.37913906E-02  1.98787952E-01  5.29026024E-01  6.71213669E-01  4.25633823E-01  1.26505353E-01  2.40417890E-02  7.30867645E-02  3.27560783E-01  6.44347980E-01  6.02411572E-01  2.80816296E-01  6.02276730E-02  2.70036897E-02  1.74389741E-01  4.98645507E-01  6.85633180E-01  4.56482628E-01  1.41998546E-01  2.62079106E-02  7.92988679E-02  3.15274465E-01  6.04633263E-01  6.01013613E-01  3.05289951E-01  8.08061216E-02  4.50140321E-02  1.74506667E-01  4.34041593E-01  6.00537275E-01  4.86722739E-01  2.14296771E-01  6.14272257E-02  8.44065129E-02  2.69210231E-01  5.06451209E-01  5.80704067E-01  3.87371516E-01  1.43920475E-01  6.12954857E-02  1.41237121E-01  3.56003634E-01  5.66459036E-01  5.29917456E-01  2.80942110E-01  8.66227254E-02  9.26467645E-02  2.25326541E-01  4.45732718E-01  5.64916813E-01  4.40961733E-01  1.86291097E-01  6.84351363E-02  1.33700405E-01  3.16303676E-01  5.13197652E-01  5.34280671E-01  3.46918015E-01  1.16524165E-01  6.58993152E-02  1.94697219E-01  4.08163634E-01  5.68686401E-01  4.96393068E-01  2.26846038E-01  5.77198602E-02  8.34085255E-02  2.76617414E-01  5.28844472E-01  6.01475611E-01  3.76719888E-01  1.14293976E-01  4.11168693E-02  1.51772159E-01  3.82150887E-01  5.76557904E-01  5.31648553E-01  2.68018197E-01  6.44265269E-02  6.68611041E-02  2.44615989E-01  4.90063788E-01  5.98148512E-01  4.28861943E-01  1.48853697E-01  3.65022222E-02  9.32945073E-02  3.33527771E-01  6.23405814E-01  6.13354801E-01  2.70531572E-01  4.62241789E-02  1.61713487E-02  1.23463676E-01  4.67636338E-01  7.67728022E-01  5.19543788E-01  1.03616744E-01  3.09179595E-03  2.45981831E-06  2.09643606E-06  2.38322851E-03  9.56794410E-02  5.30327883E-01  7.86589965E-01  4.55554130E-01  1.18711754E-01  1.13791474E-02  2.69654507E-02  2.42265437E-01  6.65844305E-01  6.83008721E-01  3.12691656E-01  6.30733473E-02  1.31425577E-02  1.04077540E-01  4.30794298E-01  6.94924780E-01  5.22137247E-01  1.92979259E-01  4.33928721E-02  4.01016911E-02  2.22019790E-01  5.68678546E-01  6.45159748E-01  3.80853249E-01  1.22015318E-01  3.37449336E-02  8.84743536E-02  3.46956366E-01  6.39961509E-01  5.69581747E-01  2.64096604E-01  6.98467086E-02  3.83518099E-02  1.60983564E-01  4.78634018E-01  6.81057806E-01  4.51722544E-01  1.65751279E-01  3.70708316E-02  4.93025577E-02  2.58632760E-01  6.18283774E-01  6.40394493E-01  3.39083857E-01  8.47111950E-02  2.04980573E-02  1.05666471E-01  3.95342166E-01  6.60546974E-01  5.65951307E-01  2.20262166E-01  3.97162823E-02  3.54094759E-02  1.90413976E-01  5.21721202E-01  6.95469210E-01  4.27013753E-01  1.16945521E-01  1.78631447E-02  5.67247519E-02  3.03347338E-01  6.62035164E-01  6.41010370E-01  2.78948819E-01  5.06429630E-02  1.54573026E-02  1.27580825E-01  4.50261523E-01  7.21831027E-01  5.11227449E-01  1.53204277E-01  2.44816492E-02  4.39979315E-02  2.45962879E-01  5.98065325E-01  6.68956925E-01  3.43271754E-01  8.63153319E-02  2.07909993E-02  9.73432565E-02  4.13232285E-01  6.96747477E-01  5.31063788E-01  2.07019567E-01  4.40042767E-02  3.32381272E-02  2.14291433E-01  5.85759804E-01  6.76950971E-01  3.72335570E-01  1.02700154E-01  2.17777219E-02  8.19108595E-02  3.76766876E-01  6.74682907E-01  5.84033990E-01  2.31925814E-01  4.44762264E-02
  5.26535161E-02  2.53528267E-01  5.71519488E-01  6.39413610E-01  3.58280533E-01  1.07426092E-01  2.91571641E-02  1.06453850E-01  3.82627184E-01  6.49050999E-01  5.48891709E-01  2.39984421E-01  5.64665309E-02  3.95375375E-02  1.99731438E-01  5.15293067E-01  6.51787737E-01  4.28067314E-01  1.44635979E-01  3.18239457E-02  8.24340932E-02  3.19493265E-01  6.16883933E-01  5.99831811E-01  2.93518841E-01  7.22104713E-02  3.28989006E-02  1.51254832E-01  4.59484157E-01  6.75211364E-01  4.82539287E-01  1.72761953E-01  3.65462802E-02  5.67889646E-02  2.53873237E-01  5.99349675E-01  6.51915164E-01  3.32962935E-01  8.83352448E-02  2.72425852E-02  1.08732717E-01  4.04277295E-01  6.81227387E-01  5.33721347E-01  2.09220812E-01  4.70404021E-02  3.77972947E-02  2.02386359E-01  5.44693944E-01  6.77719812E-01  4.00932508E-01  1.19929913E-01  2.60823397E-02  7.61717979E-02  3.29574294E-01  6.44733051E-01  6.01727761E-01  2.73870855E-01  6.23492780E-02  2.82522888E-02  1.54352192E-01  4.71382316E-01  6.82359922E-01  4.77956271E-01  1.65450508E-01  2.95092414E-02  5.30636428E-02  2.55887923E-01  5.96804554E-01  6.57700363E-01  3.45583883E-01  8.05229456E-02  2.11967672E-02  1.01497637E-01  3.83790014E-01  6.86759708E-01  5.68816211E-01  2.09402810E-01  3.56117979E-02  3.10299882E-02  1.81306113E-01  5.34810920E-01  7.18672876E-01  4.22271137E-01  1.02021188E-01  1.46860791E-02  5.98113383E-02  2.99298854E-01  6.86883134E-01  6.65320052E-01  2.50618295E-01  3.22166027E-02  1.28178300E-02  1.10745727E-01  4.49245238E-01  7.94626776E-01  5.32279285E-01  9.81358506E-02  2.69401750E-03  8.91500196E-06  4.87792140E-06  2.25514558E-03  9.80900170E-02  5.44196198E-01  7.99716182E-01  4.36674762E-01  1.06350187E-01  1.30649589E-02  3.23143021E-02  2.61001697E-01  6.72692560E-01  6.74221622E-01  2.95230610E-01  5.85021439E-02  1.55648936E-02  1.11560209E-01  4.36867904E-01  7.14441682E-01  5.19552130E-01  1.74969615E-01  3.32855255E-02  4.37355268E-02  2.25181434E-01  5.82685473E-01  6.75897663E-01  3.65322000E-01  9.60309962E-02  2.28560282E-02  1.00098363E-01  3.79535245E-01  6.65108944E-01  5.59466238E-01  2.34503068E-01  4.92861992E-02  4.06523933E-02  2.03240700E-01  5.23286356E-01  6.54055443E-01  4.24067194E-01  1.34935052E-01  3.30844967E-02  9.34013944E-02  3.33802946E-01  6.11553587E-01  5.87372231E-01  2.84117039E-01  7.12932028E-02  4.06672098E-02  1.69159802E-01  4.59492581E-01  6.56391001E-01  4.78208596E-01  1.71557948E-01  3.75279540E-02  7.12987753E-02  2.71974707E-01  5.84530544E-01  6.34356950E-01  3.37710652E-01  8.49295469E-02  2.99416686E-02  1.28598642E-01  4.06787962E-01  6.69571150E-01  5.35607615E-01  2.01113388E-01  3.79371876E-02  5.09757410E-02  2.30608361E-01  5.53084967E-01  6.65850257E-01  3.83327155E-01  1.01121546E-01  2.71289516E-02  1.05347278E-01  3.67961901E-01  6.52503006E-01  5.71094085E-01  2.37711263E-01  5.03815746E-02  4.09463376E-02  1.89546056E-01  5.02697699E-01  6.72149983E-01  4.33443818E-01  1.39972435E-01  2.84997310E-02  7.82235540E-02  3.16593942E-01  6.09948777E-01  6.03263188E-01  3.05502306E-01  7.30069879E-02  2.85169657E-02  1.51029022E-01  4.52136456E-01  6.63037028E-01  4.85840465E-01  1.87044283E-01  3.95568090E-02
  1.13710620E-01  3.08920341E-01  5.25477472E-01  5.42963877E-01  3.43907864E-01  1.27712643E-01  6.08267708E-02  1.74865762E-01  4.13569011E-01  5.68090744E-01  4.84191891E-01  2.43247719E-01  7.67235789E-02  8.37908184E-02  2.54188298E-01  4.96532271E-01  5.92846561E-01  3.97827303E-01  1.45280312E-01  4.68533357E-02  1.15817717E-01  3.53358857E-01  6.08625344E-01  5.49607591E-01  2.68576432E-01  7.72419102E-02  4.64847293E-02  1.83332547E-01  4.94273922E-01  6.47071259E-01  4.33727499E-01  1.68244715E-01  4.19427800E-02  7.41431919E-02  2.91950392E-01  5.89282478E-01  6.08266565E-01  3.26100479E-01  9.27648571E-02  3.30078395E-02  1.32284019E-01  4.15929494E-01  6.49572981E-01  5.22699222E-01  2.15024939E-01  4.54209338E-02  4.55706373E-02  2.21792139E-01  5.42588681E-01  6.53482180E-01  3.99789363E-01  1.20216254E-01  2.66197834E-02  8.66540884E-02  3.33205858E-01  6.31503014E-01  6.04388930E-01  2.73397380E-01  5.73277614E-02  2.77205042E-02  1.44895409E-01  4.49963444E-01  6.98881157E-01  4.98783085E-01  1.59837557E-01  2.61293591E-02  4.42709675E-02  2.41108574E-01  6.10673105E-01  6.76552132E-01  3.40250666E-01  7.76212533E-02  1.60873140E-02  9.26898065E-02  3.84514135E-01  7.04129792E-01  5.74462688E-01  2.05192267E-01  2.95610936E-02  2.61659364E-02  1.76060280E-01  5.42225216E-01  7.29899521E-01  4.20632622E-01  9.72351713E-02  1.28667850E-02  5.42913048E-02  2.98093669E-01  6.88596521E-01  6.71017781E-01  2.51281065E-01  3.19293520E-02  1.21354589E-02  1.02468873E-01  4.38986075E-01  8.03830591E-01  5.40545954E-01  9.96219918E-02  2.31418427E-03  2.05929345E-07  4.06887982E-06  2.92078111E-03  1.11800845E-01  5.73803998E-01  7.82467673E-01  4.13261587E-01  1.02053606E-01  1.44136268E-02  4.12266075E-02  2.95115867E-01  6.95935494E-01  6.35389952E-01  2.65310343E-01  5.89496254E-02  2.03374117E-02  1.34758615E-01  4.92253918E-01  7.19229419E-01  4.64263071E-01  1.50104932E-01  2.84961477E-02  5.53999148E-02  2.75874291E-01  6.29954674E-01  6.36785727E-01  3.14033836E-01  7.75386402E-02  2.45348695E-02  1.28528621E-01  4.44091844E-01  6.91839808E-01  5.06181019E-01  1.80886327E-01  3.44051624E-02  5.28406107E-02  2.53254422E-01  5.83772164E-01  6.47676229E-01  3.55846810E-01  9.46121711E-02  2.75363678E-02  1.22236868E-01  4.07087896E-01  6.58640185E-01  5.34009182E-01  2.18021637E-01  4.37956045E-02  5.22321463E-02  2.40805120E-01  5.30372178E-01  6.35748816E-01  4.04072906E-01  1.19322997E-01  3.06995775E-02  1.13879766E-01  3.59405596E-01  6.15842741E-01  5.63375196E-01  2.67498100E-01  6.35906835E-02  4.77889792E-02  1.95550747E-01  4.85130169E-01  6.42726554E-01  4.48409338E-01  1.56934855E-01  3.62291639E-02  8.92490041E-02  3.11328969E-01  5.74237195E-01  5.97432388E-01  3.20854884E-01  8.69070336E-02  4.19983597E-02  1.71846171E-01  4.29337795E-01  6.07798083E-01  4.87331411E-01  2.16174415E-01  5.86504101E-02  8.14258832E-02  2.67124687E-01  5.16340075E-01  5.84959318E-01  3.79097135E-01  1.41149718E-01  5.41544754E-02  1.41599453E-01  3.77396947E-01  5.68586991E-01  5.12388205E-01  2.72439432E-01  9.41257021E-02  7.47291035E-02  2.19208202E-01  4.56971731E-01  5.68663895E-01  4.32473318E-01  1.96057241E-01  7.05254465E-02
  4.00340880E-02  1.62457971E-01  4.56622421E-01  6.82262321E-01  4.81363719E-01  1.54495469E-01  3.42863977E-02  8.16920590E-02  2.82926084E-01  5.75625774E-01  6.16424363E-01  3.27559196E-01  9.35807860E-02  4.98471393E-02  1.66574195E-01  4.17851505E-01  6.20801551E-01  4.83744713E-01  2.10760110E-01  6.97388797E-02  9.68288393E-02  2.70698248E-01  5.29951137E-01  5.89017438E-01  3.48978269E-01  1.25259324E-01  7.34900640E-02  1.59121541E-01  3.80271268E-01  5.88195101E-01  5.09911753E-01  2.35284883E-01  8.45816530E-02  8.66505497E-02  2.41191931E-01  4.88897167E-01  5.95574508E-01  4.04657120E-01  1.51866531E-01  6.14925604E-02  1.29978310E-01  3.42425403E-01  5.73519363E-01  5.48825774E-01  2.79620567E-01  8.92398485E-02  6.41226844E-02  1.98291563E-01  4.68197389E-01  6.13673780E-01  4.34536049E-01  1.77406011E-01  5.76967541E-02  9.31555869E-02  3.14229847E-01  5.78273440E-01  5.70752156E-01  3.14335866E-01  1.02723572E-01  4.69500144E-02  1.61959452E-01  4.35896295E-01  6.23435409E-01  4.91432004E-01  2.06929176E-01  5.28560543E-02  6.94049667E-02  2.60690289E-01  5.45408184E-01  6.29210320E-01  3.71215287E-01  1.07800292E-01  3.27742577E-02  1.22030061E-01  3.83062013E-01  6.36353670E-01  5.51531876E-01  2.39069503E-01  4.92423032E-02  3.85100979E-02  1.93495234E-01  5.19920710E-01  6.91323692E-01  4.31061590E-01  1.14637895E-01  1.92035305E-02  6.93551534E-02  3.04315472E-01  6.74064865E-01  6.55361504E-01  2.54504771E-01  3.40029142E-02  1.51038569E-02  1.10769766E-01  4.47464546E-01  7.87941439E-01  5.35122543E-01  1.01325510E-01  2.86892284E-03  1.02728816E-05  4.00052226E-06  2.43364930E-03  9.21715785E-02  5.21066990E-01  7.93261011E-01  4.59480554E-01  1.16517326E-01  1.52103878E-02  3.26483823E-02  2.41948348E-01  6.42825789E-01  6.95217036E-01  3.18202355E-01  6.35265909E-02  1.34808774E-02  9.47593681E-02  4.07203290E-01  7.19130403E-01  5.48264572E-01  1.88537898E-01  3.39154720E-02  3.16068730E-02  1.98999869E-01  5.60447881E-01  6.87786578E-01  3.98103622E-01  1.09435415E-01  2.08951038E-02  7.69348897E-02  3.48210759E-01  6.64199415E-01  5.87644899E-01  2.57164256E-01  5.59317352E-02  2.94565452E-02  1.61702160E-01  4.81461695E-01  6.80660321E-01  4.67695522E-01  1.57010262E-01  3.13512156E-02  6.68374357E-02  2.71130644E-01  5.90341021E-01  6.30141580E-01  3.35272934E-01  9.17950385E-02  2.98018958E-02  1.33080000E-01  3.99308312E-01  6.45408758E-01  5.42441447E-01  2.18677049E-01  4.10705314E-02  4.34466327E-02  2.05898645E-01  5.22643186E-01  6.81387377E-01  4.17880131E-01  1.13465742E-01  2.26334770E-02  8.17693485E-02  3.25296248E-01  6.40822149E-01  6.15554861E-01  2.73108625E-01  5.14888314E-02  2.69230448E-02  1.60180817E-01  4.71582395E-01  6.85452482E-01  4.90391633E-01  1.49523510E-01  2.34961222E-02  5.61803786E-02  2.63829591E-01  5.96620624E-01  6.65054132E-01  3.33220635E-01  7.48611203E-02  2.49190077E-02  1.16513947E-01  3.99842282E-01  6.76989179E-01  5.51740901E-01  2.02274161E-01  3.75390051E-02  4.53002585E-02  1.98797577E-01  5.31123844E-01  6.98567510E-01  4.07394145E-01  1.04443687E-01  2.81720956E-02  8.86598720E-02  3.12163598E-01  6.43780661E-01  6.24805144E-01  2.60346176E-01  5.29153623E-02
  8.95712077E-02  2.61768607E-01  4.97897705E-01  5.61498864E-01  3.89082564E-01  1.59267351E-01  6.27594621E-02  1.47214106E-01  3.57400047E-01  5.52194015E-01  5.22751753E-01  2.86189816E-01  9.59540149E-02  7.32834208E-02  2.14819721E-01  4.55933500E-01  5.82155999E-01  4.46111649E-01  1.87874302E-01  6.58720512E-02  1.07419569E-01  2.94934179E-01  5.43549946E-01  5.77860478E-01  3.32799697E-01  1.12139632E-01  4.99850215E-02  1.52016039E-01  4.15346071E-01  6.09409933E-01  4.87193226E-01  2.34476642E-01  6.71256874E-02  6.71597284E-02  2.47118297E-01  5.13456749E-01  5.98582238E-01  4.06013453E-01  1.45180922E-01  4.10169892E-02  1.15964152E-01  3.53802966E-01  5.93260326E-01  5.68194041E-01  2.80275853E-01  6.87680637E-02  4.95296984E-02  1.95978796E-01  4.72584891E-01  6.41412623E-01  4.52929056E-01  1.61571970E-01  3.82401723E-02  8.06949210E-02  3.11751482E-01  5.95103523E-01  5.94093427E-01  3.14592088E-01  8.55755007E-02  3.33144275E-02  1.41329171E-01  4.38229983E-01  6.65801003E-01  5.02602940E-01  1.93758700E-01  3.74360778E-02  4.85014441E-02  2.30750996E-01  5.68684914E-01  6.72397237E-01  3.78072098E-01  9.04367098E-02  1.94657527E-02  9.67611699E-02  3.63906672E-01  6.74356584E-01  5.94834229E-01  2.21634725E-01  3.58079123E-02  2.99698498E-02  1.75863497E-01  5.23291599E-01  7.34165531E-01  4.28702118E-01  9.92429194E-02  1.37694843E-02  5.57200313E-02  2.93477232E-01  6.94909278E-01  6.74676454E-01  2.47585528E-01  2.82964199E-02  1.02612665E-02  1.00292822E-01  4.41441718E-01  8.12119540E-01  5.37107262E-01  9.67253636E-02  2.41229926E-03  3.03956130E-06  2.66353310E-07  2.60861209E-03  1.00350333E-01  5.33710970E-01  7.91320919E-01  4.44631931E-01  1.10981418E-01  1.65750046E-02  3.85544901E-02  2.68132613E-01  6.63214801E-01  6.60711315E-01  2.97608659E-01  6.53748844E-02  1.81659329E-02  1.14167844E-01  4.43874610E-01  7.14747084E-01  5.07428949E-01  1.76487051E-01  3.12175062E-02  3.40716229E-02  2.26543230E-01  6.04878156E-01  6.61518532E-01  3.51391012E-01  1.03935814E-01  2.63202925E-02  9.57578692E-02  3.85239170E-01  6.68243311E-01  5.38129578E-01  2.30241055E-01  6.27023841E-02  4.69898316E-02  2.05860666E-01  5.25036177E-01  6.49040569E-01  4.03808852E-01  1.37621355E-01  4.43364878E-02  9.29834391E-02  3.26902624E-01  6.06491767E-01  5.77866432E-01  2.85839890E-01  8.81779397E-02  4.87295156E-02  1.70778760E-01  4.60575412E-01  6.36250221E-01  4.61607588E-01  1.85781387E-01  5.37041233E-02  7.73010210E-02  2.83180807E-01  5.66821507E-01  5.96215119E-01  3.42419825E-01  1.12989764E-01  4.84310014E-02  1.46076929E-01  4.08867972E-01  6.13882815E-01  4.99751962E-01  2.33434736E-01  7.18991879E-02  7.59137120E-02  2.41277608E-01  5.07331626E-01  6.04208398E-01  3.94284074E-01  1.44587680E-01  5.37396475E-02  1.18970450E-01  3.48513780E-01  5.94961656E-01  5.41499198E-01  2.78258206E-01  8.84780833E-02  6.36775819E-02  2.07764659E-01  4.69019501E-01  6.07672908E-01  4.25723358E-01  1.82239619E-01  6.18990417E-02  1.01143016E-01  3.11142384E-01  5.56685964E-01  5.47568215E-01  3.29125421E-01  1.26128424E-01  5.79365087E-02  1.69052466E-01  4.19190829E-01  5.80785794E-01  4.70188604E-01  2.44116386E-01  8.35980885E-02
  9.91798041E-02  3.17274839E-01  5.96762997E-01  5.84147487E-01  3.00742564E-01  8.41302056E-02  4.63507162E-02  1.61790528E-01  4.38292402E-01  6.44369234E-01  4.91281617E-01  1.86275965E-01  4.51358079E-02  7.27457817E-02  2.61599371E-01  5.49664888E-01  6.16125928E-01  3.59588834E-01  1.12861935E-01  4.03239520E-02  1.28276639E-01  3.71489814E-01  6.06430435E-01  5.44081032E-01  2.56085779E-01  6.78289223E-02  5.73089334E-02  2.05469783E-01  4.85660869E-01  6.37373043E-01  4.39192499E-01  1.48752206E-01  3.82722727E-02  9.03055168E-02  3.13165199E-01  5.92133435E-01  5.98656873E-01  3.08670081E-01  7.70187388E-02  3.60856410E-02  1.57149248E-01  4.40587658E-01  6.47716324E-01  4.98463055E-01  1.89645961E-01  4.08995778E-02  5.71336939E-02  2.43463110E-01  5.55732314E-01  6.51022652E-01  3.75145920E-01  1.02543502E-01  2.46704788E-02  9.66539037E-02  3.63002925E-01  6.56033592E-01  5.77754331E-01  2.43422487E-01  5.06190589E-02  3.33453733E-02  1.76640293E-01  4.99807104E-01  6.88298065E-01  4.48994227E-01  1.35707570E-01  2.71077025E-02  6.68119001E-02  2.83428933E-01  6.13902420E-01  6.43966077E-01  3.12094489E-01  6.77422161E-02  2.27431986E-02  1.15437649E-01  4.07328837E-01  7.03331602E-01  5.45155993E-01  1.84066483E-01  2.82507520E-02  3.54345633E-02  1.97927269E-01  5.55354067E-01  7.07766403E-01  3.99970200E-01  9.33441038E-02  1.41614737E-02  6.49974224E-02  3.11148392E-01  6.86950181E-01  6.55393067E-01  2.44044366E-01  3.05734235E-02  1.33481275E-02  1.05661979E-01  4.47531100E-01  8.06659213E-01  5.32613429E-01  9.22027708E-02  2.28107079E-03  3.19028564E-06  5.00068994E-06  2.89578584E-03  1.03288506E-01  5.35057088E-01  7.85055350E-01  4.48142779E-01  1.12891707E-01  1.33900869E-02  3.46493556E-02  2.66700025E-01  6.64422564E-01  6.65100240E-01  3.02331856E-01  6.07975549E-02  1.73122892E-02  1.19048914E-01  4.35593371E-01  7.10949171E-01  5.17765691E-01  1.74495582E-01  3.19327998E-02  4.45798537E-02  2.35723107E-01  5.95644824E-01  6.74351522E-01  3.52064258E-01  8.55782200E-02  2.24107189E-02  1.06190733E-01  3.97117836E-01  6.83128671E-01  5.46393172E-01  2.13740135E-01  4.11006375E-02  4.20175852E-02  2.20607115E-01  5.56322042E-01  6.66623861E-01  3.86427277E-01  1.12164173E-01  2.78106858E-02  9.49801297E-02  3.63927109E-01  6.59661427E-01  5.67569527E-01  2.43923400E-01  5.64466069E-02  4.30505257E-02  1.90185815E-01  5.03062542E-01  6.63380527E-01  4.38069391E-01  1.41641943E-01  3.23991500E-02  8.23430606E-02  3.14323036E-01  6.22855819E-01  6.07033746E-01  2.87677422E-01  6.90929157E-02  3.81294218E-02  1.64454781E-01  4.67700698E-01  6.67613076E-01  4.67388702E-01  1.66885023E-01  4.11340913E-02  7.46766110E-02  2.84046723E-01  5.88164073E-01  6.16980753E-01  3.24987636E-01  9.04563820E-02  3.99036512E-02  1.47386924E-01  4.20379114E-01  6.46162804E-01  5.00276020E-01  2.05325619E-01  5.39372540E-02  6.67132275E-02  2.49911610E-01  5.45728958E-01  6.24078990E-01  3.67308674E-01  1.22787879E-01  4.41261984E-02  1.23559051E-01  3.71737966E-01  6.27449582E-01  5.38879398E-01  2.49099362E-01  6.76054367E-02  5.84018490E-02  2.08197549E-01  4.96047518E-01  6.39039487E-01  4.23481446E-01  1.48718775E-01  4.36023900E-02
  5.42323688E-02  2.57872223E-01  5.80713774E-01  6.49126623E-01  3.53965490E-01  9.05839697E-02  2.70585897E-02  1.16773022E-01  3.88263761E-01  6.60217952E-01  5.46299117E-01  2.23547569E-01  4.76785845E-02  4.82890520E-02  2.14398699E-01  5.20638005E-01  6.52974045E-01  4.12655174E-01  1.31658846E-01  3.35250144E-02  1.00198041E-01  3.33417435E-01  6.01591073E-01  5.84578214E-01  2.88974030E-01  7.30226221E-02  4.40440846E-02  1.69203970E-01  4.43057853E-01  6.46303855E-01  4.86501954E-01  1.80004785E-01  4.25810499E-02  7.44700340E-02  2.66163531E-01  5.46551611E-01  6.19105641E-01  3.64255722E-01  1.07673220E-01  3.89076417E-02  1.32977775E-01  3.77973095E-01  6.12773784E-01  5.48018647E-01  2.43982946E-01  6.04660642E-02  6.04733142E-02  2.18495341E-01  4.89161896E-01  6.29179660E-01  4.27007584E-01  1.49397148E-01  4.21175973E-02  1.07415043E-01  3.25998600E-01  5.78521092E-01  5.86266033E-01  3.00678454E-01  8.05178741E-02  4.83610708E-02  1.76498208E-01  4.41532243E-01  6.38701306E-01  4.81082021E-01  1.82433356E-01  4.41960564E-02  7.32853904E-02  2.61620575E-01  5.74612975E-01  6.38437065E-01  3.43625500E-01  9.05969914E-02  2.99366780E-02  1.14460977E-01  4.00958924E-01  6.78220099E-01  5.43615132E-01  2.05964607E-01  3.70443771E-02  3.64329642E-02  2.04067824E-01  5.49530133E-01  7.02011230E-01  4.02510697E-01  9.53358788E-02  1.58354348E-02  7.09846696E-02  3.16985197E-01  6.84989674E-01  6.48141483E-01  2.40968707E-01  3.04384069E-02  1.15340611E-02  1.05454965E-01  4.60930713E-01  7.97514479E-01  5.27130640E-01  9.52585270E-02  2.50310786E-03  7.26038130E-07  1.50326456E-05  2.76786106E-03  1.03840862E-01  5.44911079E-01  8.01908780E-01  4.40192270E-01  9.78451763E-02  9.29352311E-03  3.32380883E-02  2.61173027E-01  6.75292019E-01  6.85865667E-01  2.87891685E-01  5.22055628E-02  1.28584382E-02  1.05819718E-01  4.39704382E-01  7.23974019E-01  5.23266054E-01  1.72608180E-01  2.65148133E-02  4.07177226E-02  2.37255435E-01  5.91815111E-01  6.72369188E-01  3.58725662E-01  8.91252912E-02  2.02383442E-02  9.95197597E-02  3.85380481E-01  6.84093790E-01  5.66453690E-01  2.14906289E-01  3.81451241E-02  3.71131836E-02  1.93275294E-01  5.26541431E-01  6.95659070E-01  4.19686728E-01  1.13331826E-01  2.25089266E-02  7.69134709E-02  3.19892552E-01  6.53883714E-01  6.20405667E-01  2.66918365E-01  5.17092452E-02  2.74447428E-02  1.50615471E-01  4.78962032E-01  7.02778381E-01  4.75754260E-01  1.45127600E-01  2.59975868E-02  5.83869418E-02  2.73138130E-01  6.16544231E-01  6.42328347E-01  3.13214307E-01  8.13222147E-02  2.61158214E-02  1.24532536E-01  4.33693523E-01  6.76087955E-01  5.12550817E-01  1.95811831E-01  4.13949334E-02  4.43630661E-02  2.29623061E-01  5.73283656E-01  6.68296474E-01  3.69543280E-01  1.02212390E-01  2.38554818E-02  9.86881849E-02  3.69367344E-01  6.63134531E-01  5.65038945E-01  2.36023688E-01  5.35928545E-02  3.71264612E-02  1.84816030E-01  5.08661510E-01  6.78400726E-01  4.36936500E-01  1.36530823E-01  2.90298825E-02  7.77061008E-02  3.10773163E-01  6.27342612E-01  6.18484832E-01  2.89282638E-01  6.44402298E-02  2.95149230E-02  1.49760454E-01  4.55359943E-01  6.77945197E-01  4.96157973E-01  1.68389089E-01  3.05014364E-02
  1.00528988E-01  2.55495318E-01  4.57291114E-01  5.60257491E-01  4.11492425E-01  1.72476658E-01  6.47352866E-02  1.41778749E-01  3.44425037E-01  5.44914615E-01  5.31579083E-01  3.00721525E-01  1.00944473E-01  7.04670218E-02  2.07458551E-01  4.47542003E-01  5.87318146E-01  4.42221172E-01  2.00034229E-01  6.79682152E-02  1.05606925E-01  3.06266808E-01  5.42780259E-01  5.50314736E-01  3.34462431E-01  1.27472156E-01  6.28285573E-02  1.64998350E-01  4.12066202E-01  5.82429053E-01  4.80298765E-01  2.42863418E-01  7.38975114E-02  7.43085990E-02  2.54996872E-01  5.23191529E-01  5.96105862E-01  3.84611250E-01  1.39962241E-01  4.53130487E-02  1.24143491E-01  3.68190322E-01  5.99623256E-01  5.50543309E-01  2.64330591E-01  6.90030552E-02  4.94106489E-02  2.00713242E-01  4.84097334E-01  6.38792276E-01  4.45938096E-01  1.55232986E-01  4.02468939E-02  9.04507534E-02  2.99556177E-01  5.79235331E-01  6.08277948E-01  3.20655997E-01  8.31113096E-02  3.75862697E-02  1.47303183E-01  4.22505800E-01  6.46168972E-01  5.10763572E-01  2.02841431E-01  4.35643452E-02  5.68257318E-02  2.40437054E-01  5.47869544E-01  6.40011375E-01  3.87524831E-01  1.09200319E-01  3.05094399E-02  1.10175287E-01  3.76292252E-01  6.43660217E-01  5.60717195E-01  2.39931396E-01  5.00582269E-02  3.52890195E-02  1.84744316E-01  5.21039953E-01  6.89264410E-01  4.32755603E-01  1.24154407E-01  2.09158480E-02  7.06594020E-02  3.12277765E-01  6.48057329E-01  6.48900530E-01  2.75086173E-01  3.84679775E-02  1.59040867E-02  1.20770054E-01  4.40955676E-01  7.73793984E-01  5.41023726E-01  1.05303836E-01  2.84100274E-03  8.00626714E-06  1.19075597E-06  2.55997911E-03  9.62232720E-02  5.17912041E-01  7.96770440E-01  4.54167844E-01  1.15441776E-01  1.70341716E-02  3.15542603E-02  2.46601389E-01  6.56216451E-01  6.65879305E-01  3.13545779E-01  7.66233190E-02  1.74456770E-02  1.04122277E-01  4.23128027E-01  6.84498478E-01  5.13800569E-01  2.12277807E-01  5.07138008E-02  4.23997598E-02  2.22411276E-01  5.55383883E-01  6.39968299E-01  3.78021710E-01  1.35160945E-01  4.09451887E-02  1.06935663E-01  3.72855072E-01  6.10425011E-01  5.25349550E-01  2.74217276E-01  8.77827863E-02  6.00968795E-02  2.18625857E-01  4.82749424E-01  5.69302609E-01  4.15690753E-01  2.04260185E-01  7.16018227E-02  1.10848267E-01  3.26593900E-01  5.34174947E-01  5.09883572E-01  3.29662259E-01  1.46125275E-01  7.88586813E-02  2.03415981E-01  4.29444716E-01  5.24185894E-01  4.38795895E-01  2.52969322E-01  1.04041906E-01  1.17308280E-01  3.01634161E-01  4.96630975E-01  4.96832422E-01  3.59971631E-01  1.79382948E-01  9.08040580E-02  1.83191263E-01  3.96058133E-01  5.13325076E-01  4.53858932E-01  2.84676292E-01  1.21076543E-01  1.08228181E-01  2.76637436E-01  4.58301162E-01  4.95201280E-01  3.93325620E-01  2.09444298E-01  1.00122376E-01  1.78560433E-01  3.56181016E-01  4.63959734E-01  4.74184050E-01  3.36669560E-01  1.42159671E-01  1.06664740E-01  2.44521175E-01  4.10555441E-01  4.99989053E-01  4.47780102E-01  2.34626369E-01  9.52742708E-02  1.39108139E-01  3.11016174E-01  4.65948500E-01  5.15484157E-01  3.70157206E-01  1.49543716E-01  8.55646638E-02  1.91873132E-01  3.77235576E-01  5.13627121E-01  4.99832981E-01  2.69837880E-01  9.17944170E-02
  1.31020807E-01  3.16843767E-01  4.87132915E-01  4.82043767E-01  3.82958027E-01  1.70486188E-01  8.05356054E-02  1.75491390E-01  3.73007175E-01  5.20916143E-01  4.98159552E-01  2.81345471E-01  9.64585650E-02  8.62287892E-02  2.59058027E-01  4.94936682E-01  5.47742242E-01  3.97827982E-01  1.79798027E-01  5.28872646E-02  1.31788789E-01  3.73185830E-01  5.61634260E-01  5.28490942E-01  2.86048969E-01  8.87669955E-02  5.49273543E-02  2.12738117E-01  4.91933812E-01  6.09697040E-01  4.32212915E-01  1.76835605E-01  3.90164126E-02  8.43897758E-02  3.39720987E-01  5.81558206E-01  5.49273991E-01  3.14704305E-01  1.03117399E-01  5.02118386E-02  1.56140538E-01  4.13026816E-01  6.41377848E-01  4.97254260E-01  2.06737758E-01  5.93215247E-02  5.77987444E-02  2.37929507E-01  5.47494888E-01  6.23799731E-01  3.86562332E-01  1.26059283E-01  2.51185650E-02  8.80181166E-02  3.25806009E-01  6.57522063E-01  6.20794709E-01  2.55939821E-01  4.05461883E-02  1.50644843E-02  1.25607534E-01  4.63858386E-01  7.57282422E-01  4.94314709E-01  1.31215426E-01  1.47123767E-02  4.00850224E-02  2.33258206E-01  6.07475605E-01  6.93555964E-01  3.46235067E-01  7.15381166E-02  1.21739013E-02  7.27526457E-02  3.65918206E-01  7.40548520E-01  5.74620269E-01  2.12068430E-01  2.83711211E-02  2.08183857E-02  1.49529148E-01  5.03451839E-01  7.41461614E-01  4.68326099E-01  1.07242063E-01  1.32676233E-02  5.68678027E-02  2.83599372E-01  6.81977130E-01  6.98190404E-01  2.46705561E-01  2.97981166E-02  2.00681614E-02  1.04633543E-01  4.42053004E-01  8.05839641E-01  5.39657758E-01  8.54122870E-02  1.01219731E-03  0.00000000E+00  0.00000000E+00  2.47488789E-03  9.70800897E-02  5.22669955E-01  7.38693812E-01  4.50574081E-01  1.51501166E-01  3.28539013E-02  3.52560538E-02  2.70248879E-01  6.01750493E-01  6.01895157E-01  3.32846099E-01  1.28856951E-01  3.93561435E-02  1.06079821E-01  4.25231390E-01  6.54888430E-01  4.84322691E-01  2.48613901E-01  7.07002691E-02  4.41064574E-02  2.27374798E-01  5.14287175E-01  6.28602870E-01  4.19017937E-01  1.46258655E-01  3.86855605E-02  1.16125740E-01  3.39988700E-01  5.89015516E-01  5.71637220E-01  2.99549686E-01  7.80355157E-02  5.91474439E-02  1.86726099E-01  4.37951300E-01  6.57940000E-01  4.54962242E-01  1.62348969E-01  4.71591928E-02  1.01439372E-01  3.04752646E-01  5.65596951E-01  5.91512197E-01  3.15443587E-01  9.48103139E-02  5.27175785E-02  1.96591659E-01  4.30097399E-01  5.82309596E-01  4.53131570E-01  2.15533094E-01  8.41269058E-02  1.13033004E-01  3.06238924E-01  5.35807803E-01  5.28041256E-01  3.42401345E-01  1.50173453E-01  6.77151570E-02  1.88940897E-01  3.92459641E-01  5.30683587E-01  5.11627623E-01  2.65431928E-01  7.38405381E-02  9.31197309E-02  2.95385202E-01  4.82278655E-01  5.10203946E-01  3.85787892E-01  1.68731839E-01  7.96814350E-02  1.98556054E-01  3.66414709E-01  4.64078655E-01  4.97973274E-01  2.98970762E-01  1.19169596E-01  1.20400448E-01  2.66640359E-01  4.20688789E-01  5.12079013E-01  4.18103767E-01  2.10135874E-01  9.02400000E-02  1.54948700E-01  3.49272197E-01  5.13228072E-01  5.06358924E-01  3.13562332E-01  1.31522511E-01  7.21406278E-02  2.31041794E-01  4.68786637E-01  5.34640359E-01  4.09155516E-01  2.28281614E-01  8.61986547E-02
  4.78301449E-02  1.95666557E-01  4.92820086E-01  6.46927348E-01  4.37780520E-01  1.55613036E-01  3.57855542E-02  8.31345293E-02  3.13283708E-01  6.05413480E-01  5.92448962E-01  3.05042611E-01  8.44712260E-02  3.50364643E-02  1.45936597E-01  4.42078867E-01  6.54339914E-01  4.99866176E-01  1.92246361E-01  4.01536597E-02  5.25092049E-02  2.49911424E-01  5.76746750E-01  6.46463956E-01  3.58340306E-01  9.90759943E-02  2.49994725E-02  1.03517906E-01  3.92239452E-01  6.59372649E-01  5.47082011E-01  2.33993963E-01  5.09987048E-02  3.63857527E-02  2.00277128E-01  5.28590965E-01  6.60459997E-01  4.22112375E-01  1.33410315E-01  2.88858075E-02  8.17549758E-02  3.30742985E-01  6.23842867E-01  5.91284867E-01  2.85987946E-01  7.20240240E-02  3.54029769E-02  1.69311733E-01  4.76501037E-01  6.48395122E-01  4.71644095E-01  1.74603504E-01  3.58569213E-02  7.26369187E-02  2.89602371E-01  5.82579658E-01  6.19183831E-01  3.36077838E-01  8.67787231E-02  2.63455020E-02  1.22882998E-01  4.13715467E-01  6.71957624E-01  5.32660786E-01  2.04551456E-01  3.74692049E-02  4.32714558E-02  2.18621710E-01  5.46664687E-01  6.83902885E-01  3.94448158E-01  1.01185763E-01  2.01276616E-02  8.82600862E-02  3.44875284E-01  6.68633644E-01  6.03440366E-01  2.42486513E-01  4.20846011E-02  2.60438856E-02  1.61406784E-01  5.06039368E-01  7.31088993E-01  4.55610706E-01  1.11256676E-01  1.41177804E-02  6.17490900E-02  2.87489625E-01  6.69839384E-01  6.79403640E-01  2.62805938E-01  3.32541690E-02  1.24933124E-02  1.04891934E-01  4.39277603E-01  7.94090696E-01  5.45888920E-01  1.00886288E-01  2.56516517E-03  3.55660008E-06  1.28998564E-06  2.86659355E-03  9.69318867E-02  5.14542530E-01  7.82318841E-01  4.69917545E-01  1.20236443E-01  1.42768142E-02  3.21605014E-02  2.38103700E-01  6.40283353E-01  6.90552145E-01  3.24977689E-01  6.59756417E-02  1.50746259E-02  9.39441128E-02  3.97478663E-01  7.14874495E-01  5.66478799E-01  1.87173276E-01  3.11270192E-02  3.00044027E-02  1.86625852E-01  5.62463037E-01  7.10982786E-01  3.99402606E-01  1.00331291E-01  1.53555138E-02  6.73411568E-02  3.35317545E-01  6.75688790E-01  6.06020332E-01  2.57518726E-01  4.95412613E-02  2.36883562E-02  1.43050163E-01  4.81748583E-01  7.08573083E-01  4.78350500E-01  1.46420770E-01  2.43650346E-02  5.11102807E-02  2.62014404E-01  6.14344040E-01  6.53269534E-01  3.26417417E-01  8.01989033E-02  2.74806163E-02  1.16890920E-01  3.96782912E-01  6.75631341E-01  5.40496467E-01  2.08107194E-01  4.49474918E-02  4.71030369E-02  2.17150161E-01  5.41477175E-01  6.55497846E-01  3.90970696E-01  1.25663225E-01  3.34235592E-02  9.98829769E-02  3.54470991E-01  6.26613720E-01  5.58210571E-01  2.71588531E-01  7.26296070E-02  4.23621047E-02  1.86196814E-01  4.89181141E-01  6.36637712E-01  4.41758449E-01  1.72809986E-01  4.36477295E-02  7.93026400E-02  3.04846633E-01  5.83390281E-01  5.86534926E-01  3.28752349E-01  9.97228881E-02  3.70153388E-02  1.48718720E-01  4.27059329E-01  6.14838903E-01  4.99508719E-01  2.29102671E-01  5.56871654E-02  5.84080272E-02  2.46194898E-01  5.33183873E-01  6.25640804E-01  3.88345575E-01  1.25054472E-01  3.66615903E-02  1.10026834E-01  3.61856227E-01  6.24661643E-01  5.60635874E-01  2.62839645E-01  6.17049745E-02
  4.27899849E-02  1.84460800E-01  4.70692567E-01  6.63058875E-01  4.65177401E-01  1.50721072E-01  3.53785783E-02  8.13263028E-02  2.85666515E-01  5.83380283E-01  6.21800335E-01  3.24391008E-01  8.61140932E-02  3.99293936E-02  1.46797723E-01  4.05834049E-01  6.42649691E-01  5.22126517E-01  2.06394214E-01  4.92172144E-02  6.89720115E-02  2.46621026E-01  5.28281864E-01  6.35100509E-01  3.85424947E-01  1.15798411E-01  4.01371209E-02  1.24592229E-01  3.69441111E-01  6.16258034E-01  5.53990749E-01  2.50668060E-01  5.81397498E-02  5.85874220E-02  2.12305745E-01  4.95960907E-01  6.50778402E-01  4.21337159E-01  1.34165692E-01  3.86384766E-02  9.75642898E-02  3.31754159E-01  6.15876172E-01  5.81231756E-01  2.78087826E-01  7.35470975E-02  4.19572941E-02  1.73005296E-01  4.63441622E-01  6.59737192E-01  4.70154863E-01  1.67027752E-01  3.86008085E-02  7.02969339E-02  2.76398774E-01  5.83827878E-01  6.34865321E-01  3.36384249E-01  8.55937522E-02  2.91581246E-02  1.23419574E-01  4.08747147E-01  6.69407826E-01  5.33950326E-01  2.06191101E-01  3.93397278E-02  4.49006957E-02  2.27542577E-01  5.53406875E-01  6.73555281E-01  3.88444367E-01  1.00831250E-01  2.09778798E-02  9.09317806E-02  3.55237564E-01  6.68983050E-01  5.98694915E-01  2.36266311E-01  3.84320968E-02  2.54961749E-02  1.66468934E-01  5.14309693E-01  7.29587543E-01  4.47002134E-01  1.08779915E-01  1.29754819E-02  5.40618892E-02  2.87531836E-01  6.77397663E-01  6.79979535E-01  2.64001815E-01  3.25789963E-02  1.14516596E-02  1.05088745E-01  4.39209553E-01  7.99203723E-01  5.39640154E-01  1.02993147E-01  2.98295064E-03  2.50240616E-06  4.72982263E-07  2.61686787E-03  9.96206847E-02  5.38605318E-01  7.93865305E-01  4.41406726E-01  1.09342043E-01  1.45417462E-02  3.36912911E-02  2.59569971E-01  6.69948720E-01  6.72394390E-01  2.96901510E-01  6.16883652E-02  1.55924598E-02  1.05318141E-01  4.26672498E-01  7.09631453E-01  5.30832509E-01  1.85679549E-01  3.15244053E-02  3.54405995E-02  2.14309732E-01  5.78701526E-01  6.83541504E-01  3.72534640E-01  1.02438125E-01  2.08299904E-02  8.29371704E-02  3.58269545E-01  6.69183121E-01  5.78338809E-01  2.42745255E-01  5.59382483E-02  3.15128063E-02  1.69494167E-01  4.99157921E-01  6.78328195E-01  4.49233972E-01  1.53272581E-01  2.95970136E-02  6.16092397E-02  2.82186592E-01  6.08646963E-01  6.27441738E-01  3.27285390E-01  8.09298886E-02  2.62018974E-02  1.25759643E-01  4.19506108E-01  6.59127485E-01  5.32296807E-01  2.07685115E-01  3.81304881E-02  4.61531473E-02  2.19465217E-01  5.38673224E-01  6.66920478E-01  4.01422467E-01  1.12248068E-01  2.31319786E-02  8.73983391E-02  3.40261504E-01  6.47502681E-01  5.98054640E-01  2.60018402E-01  5.37102654E-02  3.13498034E-02  1.64338842E-01  4.82243613E-01  6.85138342E-01  4.63260327E-01  1.49787636E-01  3.04613447E-02  6.36367276E-02  2.81391090E-01  6.04935949E-01  6.28708687E-01  3.21930296E-01  8.51834291E-02  3.12373546E-02  1.31423831E-01  4.16394907E-01  6.60457126E-01  5.22204895E-01  2.05646858E-01  4.46557349E-02  5.56165214E-02  2.31878840E-01  5.38833549E-01  6.49683745E-01  3.90177792E-01  1.14659453E-01  3.25267977E-02  1.02797179E-01  3.52553395E-01  6.26931599E-01  5.83974426E-01  2.58320665E-01  5.90203327E-02
  7.16945241E-02  2.85119039E-01  6.07539089E-01  6.29832610E-01  3.12364481E-01  7.78458963E-02  2.98057501E-02  1.31865962E-01  4.27241457E-01  6.72616681E-01  5.10389429E-01  1.95226776E-01  4.16360778E-02  5.02412169E-02  2.36503256E-01  5.54090670E-01  6.51512093E-01  3.85301366E-01  1.08430693E-01  2.49482805E-02  1.05789565E-01  3.62531270E-01  6.36596611E-01  5.74759321E-01  2.52978216E-01  5.32853897E-02  3.98997728E-02  1.88614660E-01  4.93459668E-01  6.64450691E-01  4.57226426E-01  1.41065758E-01  2.26249589E-02  7.00346938E-02  2.92505298E-01  6.06141183E-01  6.31759995E-01  3.16779788E-01  6.90339835E-02  2.50536154E-02  1.20997765E-01  4.16818493E-01  6.86380180E-01  5.27085071E-01  1.95149382E-01  3.61842747E-02  3.72233921E-02  2.17820238E-01  5.63076694E-01  6.77351774E-01  3.85324371E-01  1.04583251E-01  2.33903382E-02  8.63510954E-02  3.32618932E-01  6.47341700E-01  6.01129134E-01  2.60474798E-01  5.83581773E-02  3.25595926E-02  1.62989852E-01  4.78061162E-01  6.77836903E-01  4.63762173E-01  1.60225936E-01  3.17917222E-02  6.11960883E-02  2.81024275E-01  6.01260452E-01  6.40204074E-01  3.25616968E-01  8.01185011E-02  2.26800888E-02  1.12798658E-01  4.05712124E-01  6.91077007E-01  5.45646011E-01  1.95488931E-01  3.54764695E-02  3.56413997E-02  2.02390171E-01  5.62599107E-01  7.07291782E-01  3.91999499E-01  9.17425460E-02  1.33557645E-02  6.71910275E-02  3.21421778E-01  6.94405364E-01  6.45761029E-01  2.36293182E-01  2.91450163E-02  1.26319781E-02  1.12638841E-01  4.62019835E-01  7.95143517E-01  5.24192991E-01  9.14556052E-02  2.24450712E-03  1.81172477E-05  1.98354877E-05  2.60737955E-03  9.93706437E-02  5.25064729E-01  7.96779256E-01  4.48160496E-01  1.13801300E-01  1.48599086E-02  3.22832119E-02  2.49068761E-01  6.57645155E-01  6.87613594E-01  3.09045860E-01  5.96063246E-02  1.12741977E-02  9.98593602E-02  4.29522246E-01  7.13429607E-01  5.37942426E-01  1.83081864E-01  2.89233111E-02  3.35873874E-02  2.14393634E-01  5.80539929E-01  6.94697068E-01  3.65286910E-01  9.62824546E-02  2.10035462E-02  8.64026322E-02  3.77456206E-01  6.86879916E-01  5.58806424E-01  2.27930127E-01  5.10360621E-02  3.47725761E-02  1.89523066E-01  5.36015495E-01  6.83486549E-01  4.07097235E-01  1.26046345E-01  3.19452931E-02  8.02476564E-02  3.29423977E-01  6.48401729E-01  5.85296608E-01  2.67103027E-01  7.60398903E-02  3.59601723E-02  1.62413699E-01  4.88374472E-01  6.71382499E-01  4.40283060E-01  1.70542160E-01  4.26682387E-02  6.49166784E-02  2.96245233E-01  6.10350866E-01  6.02452780E-01  3.13155561E-01  9.76664734E-02  3.17774070E-02  1.42099475E-01  4.45867032E-01  6.50405922E-01  4.94033984E-01  2.02201619E-01  4.78369604E-02  5.92814937E-02  2.60620332E-01  5.69966246E-01  6.17148954E-01  3.65936373E-01  1.11549194E-01  3.29060661E-02  1.23900530E-01  3.94882601E-01  6.32908260E-01  5.37747414E-01  2.36908583E-01  5.57123593E-02  5.54026896E-02  2.24528847E-01  5.10484314E-01  6.41947737E-01  4.14269147E-01  1.31399029E-01  3.51080402E-02  1.02867325E-01  3.36978065E-01  6.11855501E-01  5.85861888E-01  2.77219590E-01  6.91665700E-02  4.19862227E-02  1.68339825E-01  4.69716470E-01  6.72387001E-01  4.69648544E-01  1.55003739E-01  3.45002272E-02
  7.31838465E-02  2.32170738E-01  5.09381094E-01  5.75790087E-01  3.92434506E-01  1.76173365E-01  6.34911816E-02  1.15109633E-01  3.45446622E-01  5.58884993E-01  5.18897600E-01  3.12112808E-01  1.18433963E-01  6.66281499E-02  1.87222207E-01  4.37216707E-01  5.75751273E-01  4.55314365E-01  2.20214247E-01  8.04974070E-02  9.03071524E-02  2.73314971E-01  5.23053255E-01  5.65962476E-01  3.65013015E-01  1.48701042E-01  5.63381643E-02  1.33266515E-01  3.84480010E-01  5.97008126E-01  5.15548552E-01  2.59848941E-01  7.71174305E-02  5.56552030E-02  2.22396605E-01  4.96548463E-01  6.17712338E-01  4.29223951E-01  1.55385121E-01  3.85458258E-02  9.00041624E-02  3.28863272E-01  6.05356464E-01  5.92452284E-01  2.98816268E-01  7.09742943E-02  3.19467972E-02  1.60740467E-01  4.61815986E-01  6.66023209E-01  4.90757101E-01  1.68572931E-01  3.03107403E-02  6.40039744E-02  2.70706891E-01  5.96005301E-01  6.57519556E-01  3.29612634E-01  7.20175950E-02  2.22680089E-02  1.18829905E-01  4.09010644E-01  6.87085285E-01  5.44961776E-01  1.92417146E-01  3.22948113E-02  4.01408487E-02  2.11920005E-01  5.62711680E-01  7.02833890E-01  3.81990610E-01  9.05064003E-02  1.60404700E-02  8.15914140E-02  3.64123776E-01  6.92029670E-01  5.84872344E-01  2.30346912E-01  3.88749863E-02  2.54080324E-02  1.70581402E-01  5.28931641E-01  7.14510275E-01  4.32689683E-01  1.15764873E-01  1.70337433E-02  5.97401593E-02  3.02836835E-01  6.73662713E-01  6.56747925E-01  2.64112855E-01  3.88149785E-02  1.36661966E-02  1.09597457E-01  4.43287573E-01  7.86896383E-01  5.41806998E-01  1.02700922E-01  2.42498498E-03  0.00000000E+00  7.31165949E-06  2.84695130E-03  1.01887411E-01  5.34812487E-01  7.86524230E-01  4.48098451E-01  1.10156877E-01  1.55725604E-02  3.69842590E-02  2.61194459E-01  6.67475096E-01  6.72009437E-01  2.92251119E-01  6.19019245E-02  1.74109518E-02  1.07283128E-01  4.37746745E-01  7.30798428E-01  5.14359755E-01  1.71366580E-01  2.97291187E-02  3.86734926E-02  2.34128440E-01  6.00233978E-01  6.74909414E-01  3.53491787E-01  8.88650215E-02  2.20297898E-02  9.99788327E-02  3.93478804E-01  6.69311550E-01  5.53382619E-01  2.23229095E-01  4.82782243E-02  4.33572163E-02  2.08893997E-01  5.20608978E-01  6.41202376E-01  4.17853333E-01  1.41978399E-01  4.10912286E-02  1.02908803E-01  3.32808314E-01  6.05079671E-01  5.69470631E-01  2.84287301E-01  8.28570309E-02  4.68225512E-02  1.81596569E-01  4.74510537E-01  6.27099909E-01  4.53682319E-01  1.83897026E-01  4.74097297E-02  8.61926100E-02  2.98692848E-01  5.67798919E-01  5.87632521E-01  3.34510610E-01  1.04725828E-01  4.33351038E-02  1.48348056E-01  4.11445755E-01  6.29440371E-01  5.20087740E-01  2.15067810E-01  4.94412743E-02  5.97294007E-02  2.34887338E-01  5.17506933E-01  6.47535563E-01  4.00076616E-01  1.19501188E-01  3.30917979E-02  1.07539903E-01  3.42909476E-01  6.09501444E-01  5.74691171E-01  2.75608993E-01  6.93087714E-02  4.80717013E-02  1.83100692E-01  4.53668735E-01  6.29978216E-01  4.61074062E-01  1.78788510E-01  5.67584698E-02  8.90691526E-02  2.79362580E-01  5.48635524E-01  5.83313921E-01  3.34175448E-01  1.27192741E-01  6.10599974E-02  1.51210195E-01  3.99406591E-01  5.90839201E-01  4.76561723E-01  2.47403175E-01  9.15489803E-02
  5.76801358E-02  2.25479295E-01  5.20236020E-01  6.16289291E-01  4.02890440E-01  1.50860645E-01  4.56088367E-02  1.08298864E-01  3.51826620E-01  6.02669006E-01  5.49959002E-01  2.79314135E-01  8.36695287E-02  4.85084998E-02  1.93575548E-01  4.83869226E-01  6.20596355E-01  4.42072203E-01  1.76571197E-01  4.99893876E-02  9.18626087E-02  3.18494059E-01  5.79062656E-01  5.71064698E-01  3.21167045E-01  9.95404518E-02  4.83190756E-02  1.61067241E-01  4.21119525E-01  6.29930868E-01  5.04145016E-01  2.03870093E-01  5.06318684E-02  6.83581094E-02  2.59365233E-01  5.47984452E-01  6.22167547E-01  3.65944008E-01  1.13937250E-01  3.90702598E-02  1.30334033E-01  3.83469743E-01  6.20995336E-01  5.32936159E-01  2.47021183E-01  6.21807703E-02  4.96018384E-02  2.09054237E-01  5.08123003E-01  6.44869732E-01  4.27831116E-01  1.39989774E-01  3.06075937E-02  9.12736441E-02  3.28034647E-01  6.06911419E-01  5.98161175E-01  2.94170816E-01  6.85837420E-02  3.38489463E-02  1.59225439E-01  4.54961619E-01  6.72507037E-01  4.95926899E-01  1.63783074E-01  2.80600287E-02  5.43978692E-02  2.56408466E-01  5.92502577E-01  6.65866776E-01  3.42247959E-01  7.70233555E-02  1.88276955E-02  1.04426782E-01  3.96341867E-01  6.95716313E-01  5.60172764E-01  2.00556130E-01  3.27872359E-02  3.58074631E-02  1.97860389E-01  5.47192156E-01  7.06185465E-01  4.04153341E-01  9.80107795E-02  1.55821021E-02  6.81893093E-02  3.22642120E-01  6.89760512E-01  6.37679504E-01  2.41121144E-01  3.36611725E-02  1.34969787E-02  1.14868416E-01  4.61906395E-01  7.93656624E-01  5.19841311E-01  9.45538321E-02  2.83543544E-03  1.98459329E-07  7.83392088E-08  2.35484006E-03  9.76902311E-02  5.44129641E-01  8.03883285E-01  4.36420170E-01  1.03589732E-01  1.23156391E-02  3.22798747E-02  2.59412393E-01  6.67612299E-01  6.79390119E-01  2.97685212E-01  5.88317796E-02  1.60245672E-02  1.12734785E-01  4.29094973E-01  7.01696456E-01  5.16128623E-01  1.88574237E-01  3.93345763E-02  4.54062985E-02  2.33562674E-01  5.68663230E-01  6.38708834E-01  3.72107346E-01  1.19692096E-01  3.14952344E-02  1.00554579E-01  3.62709116E-01  6.24236527E-01  5.58136650E-01  2.66746259E-01  7.08942473E-02  4.30512234E-02  1.94910845E-01  4.80039932E-01  6.40853511E-01  4.53244758E-01  1.66598083E-01  3.92461418E-02  8.52686878E-02  2.94422358E-01  5.82758303E-01  6.11088220E-01  3.24244183E-01  8.57413187E-02  4.11615720E-02  1.51888367E-01  4.11205646E-01  6.35285426E-01  5.16913430E-01  2.07466411E-01  4.76850085E-02  6.72299256E-02  2.50857961E-01  5.37664933E-01  6.25346635E-01  3.78550286E-01  1.20349597E-01  3.73919363E-02  1.21835644E-01  3.67290158E-01  6.11786609E-01  5.54712678E-01  2.58493260E-01  6.43585533E-02  5.41799556E-02  2.03561838E-01  4.83476464E-01  6.31312098E-01  4.37549419E-01  1.59203807E-01  4.05219010E-02  8.98136989E-02  3.16107048E-01  5.87068395E-01  5.80894300E-01  3.09130163E-01  9.49202350E-02  4.00087270E-02  1.60364669E-01  4.48824928E-01  6.28534712E-01  4.71030735E-01  2.06000689E-01  5.63674161E-02  6.94719676E-02  2.70882293E-01  5.59171756E-01  6.00299287E-01  3.52941893E-01  1.21389826E-01  4.43717927E-02  1.32132226E-01  3.95462332E-01  6.22656263E-01  5.14639008E-01  2.41642371E-01  6.92198355E-02
  3.40820577E-02  1.80144588E-01  5.10336117E-01  6.98283520E-01  4.41080433E-01  1.21730670E-01  2.09887609E-02  7.05349941E-02  3.05246413E-01  6.28826923E-01  6.33032965E-01  2.90478480E-01  6.01170492E-02  2.36993550E-02  1.42679405E-01  4.53328294E-01  6.98324878E-01  4.99484580E-01  1.63003421E-01  2.72696227E-02  4.78766262E-02  2.48411547E-01  6.05727338E-01  6.73519060E-01  3.37912620E-01  7.75360595E-02  1.77027236E-02  9.91947669E-02  3.97641233E-01  6.94952835E-01  5.55335480E-01  2.03969166E-01  3.67005197E-02  3.11993472E-02  2.03012801E-01  5.54481065E-01  6.87310766E-01  3.94335960E-01  1.12527510E-01  2.42079018E-02  7.97682099E-02  3.37999483E-01  6.59812764E-01  5.88626938E-01  2.62347659E-01  6.08357227E-02  3.13291082E-02  1.64024165E-01  4.88528795E-01  6.79772602E-01  4.64161838E-01  1.50893166E-01  3.07249824E-02  6.21879358E-02  2.76184489E-01  6.09718726E-01  6.44723750E-01  3.22575005E-01  7.44736232E-02  2.32103042E-02  1.21929970E-01  4.18222227E-01  6.91729228E-01  5.35142097E-01  1.86646131E-01  2.86632824E-02  3.69588562E-02  2.19617141E-01  5.85566424E-01  6.89356135E-01  3.67821131E-01  9.13882700E-02  1.60106802E-02  8.29013814E-02  3.70115676E-01  6.87061355E-01  5.89327447E-01  2.24385147E-01  3.82064186E-02  2.53004622E-02  1.72003473E-01  5.26381533E-01  7.28888952E-01  4.30987711E-01  1.08388458E-01  1.38838125E-02  5.48158245E-02  2.87584870E-01  6.81736806E-01  6.79143262E-01  2.59603149E-01  3.18708865E-02  1.11441703E-02  1.09660259E-01  4.43920773E-01  7.93447244E-01  5.38730894E-01  1.00919948E-01  2.70645776E-03  6.52826740E-06  7.07664186E-06  2.74225878E-03  8.94295287E-02  5.12976906E-01  8.01878715E-01  4.67264948E-01  1.13042340E-01  1.26362397E-02  2.42564512E-02  2.27819841E-01  6.47335835E-01  7.02519634E-01  3.25190625E-01  6.74502154E-02  1.13659016E-02  7.75613161E-02  3.84375866E-01  7.25447406E-01  5.80040292E-01  1.97177177E-01  2.87475963E-02  2.16944249E-02  1.72143371E-01  5.47086189E-01  7.30340165E-01  4.12273352E-01  1.04698410E-01  1.61258546E-02  5.41755999E-02  2.97598626E-01  6.74597242E-01  6.40168560E-01  2.71005959E-01  5.52377125E-02  1.71196135E-02  1.25172910E-01  4.63062348E-01  7.06926591E-01  4.95599431E-01  1.66402502E-01  2.94074474E-02  4.55833816E-02  2.44379230E-01  5.93733464E-01  6.66846983E-01  3.55504515E-01  8.41143909E-02  2.05941193E-02  1.06538911E-01  3.90085447E-01  6.74442397E-01  5.56946750E-01  2.18361880E-01  4.24725264E-02  4.25491840E-02  2.07152861E-01  5.33012801E-01  6.68981705E-01  4.09736331E-01  1.21702990E-01  2.90925186E-02  9.22875101E-02  3.36433937E-01  6.29794365E-01  5.83058969E-01  2.77302024E-01  6.54608382E-02  3.60812378E-02  1.67905559E-01  4.71342175E-01  6.61719467E-01  4.77064599E-01  1.63620943E-01  2.97657449E-02  5.96748766E-02  2.78773443E-01  5.98180144E-01  6.38638177E-01  3.34372315E-01  7.94133072E-02  2.35785873E-02  1.23439582E-01  4.15709722E-01  6.84881838E-01  5.32725875E-01  1.94858185E-01  3.39295731E-02  4.46285102E-02  2.27914151E-01  5.62883896E-01  6.74807406E-01  3.78430396E-01  9.81971693E-02  2.23549288E-02  9.26608382E-02  3.66157864E-01  6.77848377E-01  5.82516391E-01  2.27011396E-01  4.23392297E-02
  1.01481953E-01  2.90962643E-01  5.11931683E-01  5.42166690E-01  3.63314078E-01  1.53761452E-01  6.60341663E-02  1.55755007E-01  3.94391492E-01  5.54917551E-01  4.95570759E-01  2.73334493E-01  9.27975401E-02  7.95779553E-02  2.38419292E-01  4.77423617E-01  5.76079969E-01  4.22417736E-01  1.71994250E-01  5.79635827E-02  1.15264285E-01  3.20045176E-01  5.63800251E-01  5.69457511E-01  3.07711545E-01  9.58398277E-02  5.47153414E-02  1.77228155E-01  4.36618216E-01  6.17098086E-01  4.73766063E-01  2.01981204E-01  5.58964042E-02  7.81103643E-02  2.67671132E-01  5.40639023E-01  6.09607865E-01  3.66312338E-01  1.13885186E-01  4.40031753E-02  1.33813239E-01  3.78529740E-01  6.13384557E-01  5.40626578E-01  2.42185930E-01  6.48557253E-02  6.72472438E-02  2.18431492E-01  4.88329474E-01  6.23089098E-01  4.22435112E-01  1.51833247E-01  4.85715994E-02  1.12639332E-01  3.14695459E-01  5.75427158E-01  5.89762032E-01  2.98171234E-01  7.80715655E-02  4.85849850E-02  1.64262635E-01  4.41763107E-01  6.62317650E-01  4.83243353E-01  1.72130748E-01  4.27284606E-02  6.98043243E-02  2.56991884E-01  5.87443353E-01  6.51554417E-01  3.37017851E-01  8.07442173E-02  2.91240423E-02  1.23874025E-01  4.01700494E-01  6.72314668E-01  5.45175861E-01  2.03042251E-01  3.31647630E-02  4.23693746E-02  2.12382969E-01  5.51091688E-01  6.99662071E-01  3.95162810E-01  8.85953467E-02  1.29162345E-02  6.88797598E-02  3.27173981E-01  6.96807113E-01  6.40625523E-01  2.33121238E-01  2.66537407E-02  1.24136832E-02  1.16070260E-01  4.68607500E-01  8.00207348E-01  5.11886560E-01  8.88082987E-02  2.24210994E-03  7.49445097E-06  8.76876877E-06  3.08554119E-03  1.00089301E-01  5.22293976E-01  8.01231895E-01  4.59047009E-01  1.05253903E-01  9.60747878E-03  3.00221700E-02  2.46542765E-01  6.72535762E-01  6.88694832E-01  2.99728581E-01  5.77040292E-02  1.41565008E-02  1.02183627E-01  4.19615229E-01  7.16775574E-01  5.33778854E-01  1.83254190E-01  3.34890299E-02  3.91046403E-02  2.27601682E-01  5.77567562E-01  6.68099271E-01  3.68178525E-01  1.01868045E-01  2.67103068E-02  9.82768821E-02  3.72423162E-01  6.56123666E-01  5.64308547E-01  2.39789717E-01  5.50814623E-02  3.79376315E-02  1.90645661E-01  5.14991665E-01  6.58396626E-01  4.26669132E-01  1.47667596E-01  3.46670322E-02  8.21934195E-02  3.28286163E-01  6.08531699E-01  5.79184447E-01  2.96736671E-01  8.73872255E-02  4.07431101E-02  1.70589795E-01  4.63848596E-01  6.19234830E-01  4.53988343E-01  2.00515315E-01  6.10127536E-02  8.40033111E-02  2.88427163E-01  5.53929944E-01  5.70143282E-01  3.40472166E-01  1.27538937E-01  5.61976916E-02  1.54642256E-01  4.13917028E-01  5.90026917E-01  4.86044277E-01  2.45233696E-01  7.91743674E-02  7.51237185E-02  2.58364356E-01  5.14969573E-01  5.73299694E-01  3.87418760E-01  1.54317410E-01  6.00363964E-02  1.31526753E-01  3.71485510E-01  5.81860635E-01  5.18204387E-01  2.71231618E-01  9.52368403E-02  7.12441050E-02  2.21574686E-01  4.82121708E-01  5.81482491E-01  4.22840345E-01  1.81103084E-01  6.66248126E-02  1.12680919E-01  3.33357457E-01  5.60564486E-01  5.39348207E-01  3.12478245E-01  1.11485322E-01  6.72894164E-02  1.87834631E-01  4.48243651E-01  5.78038172E-01  4.47820379E-01  2.17278360E-01  8.15875754E-02
