# PIMCID: 3c52133c-05a3-4268-a034-c607fe93950b
#      0.000E+00       5.000E-01       1.000E+00       1.500E+00       2.000E+00       2.500E+00       3.000E+00       3.500E+00       4.000E+00       4.500E+00       5.000E+00       5.500E+00       6.000E+00       6.500E+00       7.000E+00       7.500E+00       8.000E+00       8.500E+00       9.000E+00       9.500E+00       1.000E+01       1.050E+01       1.100E+01       1.150E+01       1.200E+01       1.250E+01       1.300E+01       1.350E+01       1.400E+01       1.450E+01       1.500E+01       1.550E+01       1.600E+01       1.650E+01       1.700E+01       1.750E+01       1.800E+01       1.850E+01       1.900E+01       1.950E+01       2.000E+01       2.050E+01       2.100E+01       2.150E+01       2.200E+01       2.250E+01       2.300E+01       2.350E+01       2.400E+01       2.450E+01       2.500E+01       2.550E+01       2.600E+01       2.650E+01       2.700E+01       2.750E+01       2.800E+01       2.850E+01       2.900E+01       2.950E+01       3.000E+01       3.050E+01       3.100E+01       3.150E+01       3.200E+01       3.250E+01       3.300E+01       3.350E+01       3.400E+01       3.450E+01       3.500E+01       3.550E+01       3.600E+01       3.650E+01       3.700E+01       3.750E+01       3.800E+01       3.850E+01       3.900E+01       3.950E+01       4.000E+01       4.050E+01       4.100E+01       4.150E+01       4.200E+01       4.250E+01       4.300E+01       4.350E+01       4.400E+01       4.450E+01       4.500E+01       4.550E+01       4.600E+01       4.650E+01       4.700E+01       4.750E+01       4.800E+01       4.850E+01       4.900E+01       4.950E+01       5.000E+01       5.050E+01       5.100E+01       5.150E+01       5.200E+01       5.250E+01       5.300E+01       5.350E+01       5.400E+01       5.450E+01       5.500E+01       5.550E+01       5.600E+01       5.650E+01       5.700E+01       5.750E+01       5.800E+01       5.850E+01       5.900E+01       5.950E+01       6.000E+01       6.050E+01       6.100E+01       6.150E+01       6.200E+01       6.250E+01       6.300E+01       6.350E+01       6.400E+01       6.450E+01       6.500E+01       6.550E+01       6.600E+01       6.650E+01       6.700E+01       6.750E+01       6.800E+01       6.850E+01       6.900E+01       6.950E+01       7.000E+01       7.050E+01       7.100E+01       7.150E+01       7.200E+01       7.250E+01       7.300E+01       7.350E+01       7.400E+01       7.450E+01       7.500E+01       7.550E+01       7.600E+01       7.650E+01       7.700E+01       7.750E+01       7.800E+01       7.850E+01       7.900E+01       7.950E+01       8.000E+01       8.050E+01       8.100E+01       8.150E+01       8.200E+01       8.250E+01       8.300E+01       8.350E+01       8.400E+01       8.450E+01       8.500E+01       8.550E+01       8.600E+01       8.650E+01       8.700E+01       8.750E+01       8.800E+01       8.850E+01       8.900E+01       8.950E+01       9.000E+01       9.050E+01       9.100E+01       9.150E+01       9.200E+01       9.250E+01       9.300E+01       9.350E+01       9.400E+01       9.450E+01       9.500E+01       9.550E+01       9.600E+01       9.650E+01       9.700E+01       9.750E+01       9.800E+01       9.850E+01       9.900E+01       9.950E+01
 -7.27154923E+01 -8.29944337E+01 -8.65775286E+01 -8.47474730E+01 -7.98329803E+01 -6.42100443E+01 -6.35709290E+01 -7.68024405E+01 -8.52755357E+01 -8.63500615E+01 -8.39167348E+01 -7.41259091E+01 -6.22237440E+01 -6.91947072E+01 -8.16271735E+01 -8.61039593E+01 -8.59405292E+01 -8.22036385E+01 -6.70556210E+01 -6.34931019E+01 -7.46606219E+01 -8.44229292E+01 -8.65408433E+01 -8.51439725E+01 -7.70674679E+01 -6.49836977E+01 -6.79479980E+01 -8.01137848E+01 -8.58973635E+01 -8.69305549E+01 -8.31216363E+01 -7.13478241E+01 -6.35986502E+01 -7.11298719E+01 -8.41108064E+01 -8.67976964E+01 -8.66810281E+01 -7.96994101E+01 -6.43329945E+01 -6.24081479E+01 -7.70927542E+01 -8.56061760E+01 -8.70395597E+01 -8.63563820E+01 -7.61027152E+01 -5.81242335E+01 -6.65285709E+01 -8.29799210E+01 -8.64010638E+01 -8.70776499E+01 -8.45901233E+01 -6.80647137E+01 -5.58683475E+01 -7.43139716E+01 -8.51154322E+01 -8.68152574E+01 -8.67492603E+01 -7.93783741E+01 -5.85976039E+01 -6.03638157E+01 -8.21268426E+01 -8.64786104E+01 -8.72706579E+01 -8.58062362E+01 -7.19162739E+01 -5.16718618E+01 -7.30599661E+01 -8.50176443E+01 -8.71607841E+01 -8.72162142E+01 -8.39394493E+01 -6.37181656E+01 -5.73931403E+01 -7.96365793E+01 -8.63647864E+01 -8.73661930E+01 -8.70834639E+01 -7.91314474E+01 -5.41049744E+01 -6.44726479E+01 -8.38465226E+01 -8.72710032E+01 -8.73239426E+01 -8.63113282E+01 -7.09468208E+01 -4.94869124E+01 -7.47948644E+01 -8.67967432E+01 -8.73400260E+01 -8.74165233E+01 -8.47453463E+01 -5.47734254E+01 -4.57654342E+01 -8.59682881E+01 -9.16976750E+01 -9.34075255E+01 -9.27080789E+01 -7.37498571E+01 -2.63207538E+00  2.00524687E-02  8.21733557E-02 -3.19918045E+00 -7.46368139E+01 -9.26045690E+01 -9.33754794E+01 -9.16178310E+01 -7.94475957E+01 -3.91359160E+01 -6.44317146E+01 -8.54535027E+01 -8.75824146E+01 -8.73007918E+01 -8.54537581E+01 -6.25390786E+01 -5.11933928E+01 -7.58979948E+01 -8.65100554E+01 -8.71854600E+01 -8.65979052E+01 -7.69691244E+01 -5.52605634E+01 -6.41862986E+01 -8.22221270E+01 -8.73076368E+01 -8.72439601E+01 -8.39315052E+01 -6.58316435E+01 -5.75489747E+01 -7.34758499E+01 -8.42180185E+01 -8.71048564E+01 -8.59357433E+01 -7.71962896E+01 -6.12457052E+01 -6.43249276E+01 -8.10892160E+01 -8.60572539E+01 -8.65946435E+01 -8.30272820E+01 -7.07053770E+01 -5.94355915E+01 -7.25009136E+01 -8.35330903E+01 -8.66108809E+01 -8.49635336E+01 -7.75984706E+01 -6.46424434E+01 -6.11562172E+01 -7.70535279E+01 -8.53853108E+01 -8.61305818E+01 -8.28927644E+01 -7.38697339E+01 -5.99014757E+01 -6.86013191E+01 -8.24975515E+01 -8.61622807E+01 -8.44037423E+01 -7.97099229E+01 -6.77564088E+01 -6.02030850E+01 -7.61026070E+01 -8.48635663E+01 -8.61102011E+01 -8.21512053E+01 -7.62300505E+01 -6.05476848E+01 -6.47871522E+01 -8.09633684E+01 -8.64770563E+01 -8.48389625E+01 -8.02635763E+01 -6.73930600E+01 -5.71345853E+01 -7.27457831E+01 -8.41942493E+01 -8.65822274E+01 -8.30833655E+01 -7.62224113E+01 -5.94395042E+01 -6.46153932E+01 -7.86329912E+01 -8.64216134E+01 -8.59716276E+01 -8.21785623E+01 -6.92550806E+01 -5.97384348E+01 -7.19081786E+01 -8.36270008E+01 -8.62989037E+01 -8.41887332E+01 -7.80280829E+01 -6.28086939E+01 -6.70833581E+01 -7.88406088E+01 -8.61008713E+01 -8.56209042E+01 -8.26044321E+01 -7.14605792E+01 -6.03091399E+01
 -6.43095151E+01 -7.41118889E+01 -8.10962706E+01 -8.62565684E+01 -8.37729735E+01 -7.67872246E+01 -7.00335692E+01 -6.76231440E+01 -7.75411415E+01 -8.47248424E+01 -8.60906363E+01 -8.14441500E+01 -7.47644212E+01 -6.64820612E+01 -7.34017126E+01 -8.18461061E+01 -8.62471378E+01 -8.46738824E+01 -7.72054881E+01 -7.08111079E+01 -6.94274373E+01 -7.70814343E+01 -8.51136218E+01 -8.67245539E+01 -8.17375768E+01 -7.48080509E+01 -6.62876182E+01 -6.93605205E+01 -8.10785504E+01 -8.68162168E+01 -8.52537982E+01 -7.76653307E+01 -7.03586231E+01 -6.47976056E+01 -7.37312219E+01 -8.41853827E+01 -8.68667758E+01 -8.23965885E+01 -7.28454522E+01 -6.71985532E+01 -6.69210001E+01 -7.94237666E+01 -8.67089029E+01 -8.65483878E+01 -7.85400295E+01 -6.90426240E+01 -6.56055990E+01 -7.16711923E+01 -8.41885950E+01 -8.71283750E+01 -8.42862576E+01 -7.25146226E+01 -6.52927749E+01 -6.53386751E+01 -7.82637253E+01 -8.69285359E+01 -8.69711002E+01 -8.16609140E+01 -6.82732616E+01 -6.33829678E+01 -6.94221366E+01 -8.43329604E+01 -8.70767078E+01 -8.58331956E+01 -7.62395272E+01 -6.48301566E+01 -6.34580631E+01 -7.78486711E+01 -8.69425826E+01 -8.70286637E+01 -8.44690362E+01 -7.24608812E+01 -6.01579980E+01 -6.72705512E+01 -8.48887079E+01 -8.71946421E+01 -8.69225763E+01 -8.13549079E+01 -6.51881075E+01 -5.73978937E+01 -7.86718874E+01 -8.71145667E+01 -8.73681496E+01 -8.64254917E+01 -7.64524793E+01 -5.43718379E+01 -6.40438631E+01 -8.59715705E+01 -8.73210912E+01 -8.74464431E+01 -8.59013309E+01 -6.81651173E+01 -4.29528981E+01 -8.06346918E+01 -9.17192581E+01 -9.35086282E+01 -9.27627911E+01 -7.58497710E+01 -4.28572547E+00  3.88846750E-01  9.98200964E-02 -3.11497956E+00 -7.45703187E+01 -9.27225827E+01 -9.34799594E+01 -9.15510123E+01 -8.52576065E+01 -4.32765026E+01 -5.81676967E+01 -8.52713591E+01 -8.73005204E+01 -8.73706447E+01 -8.69764086E+01 -7.05849916E+01 -4.84522076E+01 -7.21276966E+01 -8.60749919E+01 -8.72103851E+01 -8.71452822E+01 -8.24393203E+01 -5.98909369E+01 -5.83116805E+01 -7.77465558E+01 -8.59887959E+01 -8.71681112E+01 -8.60921116E+01 -7.49765335E+01 -5.91666803E+01 -6.57452281E+01 -8.06641855E+01 -8.68030301E+01 -8.70212881E+01 -8.27564355E+01 -6.94954401E+01 -6.33481262E+01 -7.44523035E+01 -8.38818599E+01 -8.68682888E+01 -8.57685234E+01 -7.82757956E+01 -6.40122020E+01 -6.79564466E+01 -7.82616538E+01 -8.44053968E+01 -8.63405010E+01 -8.35702475E+01 -7.20910533E+01 -6.30327568E+01 -7.34389736E+01 -8.22667948E+01 -8.56627043E+01 -8.52016366E+01 -7.90316600E+01 -6.68554055E+01 -6.63353704E+01 -7.66095853E+01 -8.42828478E+01 -8.60868787E+01 -8.28342735E+01 -7.45886597E+01 -6.48480130E+01 -7.05212662E+01 -8.02043385E+01 -8.54779757E+01 -8.55886104E+01 -7.89584100E+01 -7.08934149E+01 -6.51577820E+01 -7.36104017E+01 -8.37178805E+01 -8.62499002E+01 -8.28962863E+01 -7.62617352E+01 -6.75476292E+01 -6.68826807E+01 -7.75973603E+01 -8.45593517E+01 -8.58129910E+01 -7.96492647E+01 -7.53398108E+01 -6.48713765E+01 -7.14225443E+01 -8.02063572E+01 -8.54772445E+01 -8.30842189E+01 -7.82991987E+01 -7.15741935E+01 -6.48115038E+01 -7.53162562E+01 -8.26441671E+01 -8.58993646E+01 -8.11091133E+01 -7.55292605E+01 -6.58257383E+01 -6.89012873E+01 -7.93075891E+01 -8.45226630E+01 -8.52919221E+01 -7.90176878E+01 -7.12910505E+01
 -5.21851707E+01 -6.75788210E+01 -8.44025256E+01 -8.71967948E+01 -8.63176403E+01 -7.96644614E+01 -6.60624372E+01 -5.28534623E+01 -7.75929705E+01 -8.59846718E+01 -8.70428886E+01 -8.41459127E+01 -7.52713409E+01 -5.65292350E+01 -6.34850963E+01 -8.26028126E+01 -8.69301889E+01 -8.64459686E+01 -8.08126521E+01 -6.63850662E+01 -5.32679583E+01 -7.32228305E+01 -8.58182341E+01 -8.71626415E+01 -8.51442903E+01 -7.43836540E+01 -6.23989446E+01 -5.93776600E+01 -8.13962756E+01 -8.70847809E+01 -8.68015887E+01 -8.15801725E+01 -6.95039599E+01 -5.96854620E+01 -7.14825891E+01 -8.54416226E+01 -8.71866559E+01 -8.58675892E+01 -7.57089165E+01 -6.43177336E+01 -6.26064263E+01 -8.07203141E+01 -8.66482750E+01 -8.70767728E+01 -8.35654325E+01 -6.95634648E+01 -5.87212121E+01 -7.11676495E+01 -8.46325108E+01 -8.72204344E+01 -8.67178023E+01 -7.85485224E+01 -6.20194958E+01 -6.10961949E+01 -7.95975367E+01 -8.68057812E+01 -8.72590065E+01 -8.52783786E+01 -7.08038690E+01 -5.46070662E+01 -6.95675445E+01 -8.37508005E+01 -8.71982588E+01 -8.69063923E+01 -8.17432754E+01 -6.03328067E+01 -5.46499358E+01 -7.86416532E+01 -8.64333764E+01 -8.72914454E+01 -8.65531724E+01 -7.41289424E+01 -4.89703857E+01 -6.55902090E+01 -8.43119977E+01 -8.72195622E+01 -8.72734470E+01 -8.42785271E+01 -6.28012979E+01 -5.09103916E+01 -7.87159477E+01 -8.69580617E+01 -8.72800887E+01 -8.72549587E+01 -7.89459027E+01 -4.53506559E+01 -6.28559722E+01 -8.56573013E+01 -8.73689997E+01 -8.73737461E+01 -8.63673050E+01 -6.28911402E+01 -3.72723565E+01 -8.18919693E+01 -9.14521291E+01 -9.34339194E+01 -9.27542176E+01 -7.52660643E+01 -2.19124076E+00  0.00000000E+00  3.68009778E-02 -3.21812032E+00 -7.46627495E+01 -9.27127640E+01 -9.32815493E+01 -9.16146017E+01 -8.47056398E+01 -4.65144867E+01 -5.61586272E+01 -8.48176346E+01 -8.74576895E+01 -8.72747848E+01 -8.68802848E+01 -7.28046450E+01 -4.39465628E+01 -7.06455887E+01 -8.67488483E+01 -8.73031948E+01 -8.73089564E+01 -8.49748671E+01 -6.15839624E+01 -5.10157360E+01 -8.01307140E+01 -8.71339945E+01 -8.73223673E+01 -8.70641049E+01 -7.99122910E+01 -5.36701324E+01 -6.30126929E+01 -8.40776729E+01 -8.72380740E+01 -8.72128172E+01 -8.61795493E+01 -7.10599868E+01 -5.23147218E+01 -7.35612768E+01 -8.59373200E+01 -8.73850609E+01 -8.72470471E+01 -8.29142414E+01 -6.20107557E+01 -5.82548403E+01 -8.00225288E+01 -8.70236003E+01 -8.73501753E+01 -8.65363211E+01 -7.70006891E+01 -5.47645737E+01 -6.80983872E+01 -8.28882736E+01 -8.71567658E+01 -8.69216944E+01 -8.41239266E+01 -6.73303994E+01 -5.47429326E+01 -7.42736049E+01 -8.59186757E+01 -8.71754141E+01 -8.65477099E+01 -7.97077304E+01 -5.79508368E+01 -6.20690651E+01 -8.07256279E+01 -8.70006285E+01 -8.70715508E+01 -8.53316766E+01 -7.10159440E+01 -5.61152940E+01 -6.99097933E+01 -8.50919632E+01 -8.74199141E+01 -8.70639175E+01 -8.18018913E+01 -6.29061572E+01 -5.60592818E+01 -7.70672148E+01 -8.66059286E+01 -8.72920892E+01 -8.64052395E+01 -7.46698172E+01 -5.40179884E+01 -6.26531709E+01 -8.28768973E+01 -8.71786234E+01 -8.73497186E+01 -8.31133876E+01 -6.62278582E+01 -5.40023832E+01 -7.16414194E+01 -8.59601234E+01 -8.73211781E+01 -8.61675043E+01 -7.69182678E+01 -6.05041432E+01 -5.98700110E+01 -8.00009982E+01 -8.67120075E+01 -8.71478653E+01 -8.38461985E+01 -7.38892825E+01
 -6.30579778E+01 -7.09833573E+01 -8.23444586E+01 -8.66913657E+01 -8.54507190E+01 -7.78186122E+01 -6.37486276E+01 -6.36102389E+01 -7.71884422E+01 -8.55963803E+01 -8.67429975E+01 -8.41130164E+01 -7.13737485E+01 -5.91978079E+01 -7.02419895E+01 -8.24053278E+01 -8.67050661E+01 -8.61395063E+01 -7.98644814E+01 -6.23543052E+01 -6.15066100E+01 -7.78290535E+01 -8.47124667E+01 -8.65045070E+01 -8.53757062E+01 -7.45452945E+01 -5.87127008E+01 -6.86342059E+01 -8.24228801E+01 -8.67163950E+01 -8.58194195E+01 -8.27033730E+01 -6.61935197E+01 -6.00955311E+01 -7.68699868E+01 -8.57058195E+01 -8.68230199E+01 -8.54592860E+01 -7.76402339E+01 -5.71833727E+01 -6.58594380E+01 -8.26172999E+01 -8.68145924E+01 -8.68757622E+01 -8.36593909E+01 -6.77554877E+01 -5.72936271E+01 -7.57876260E+01 -8.53785093E+01 -8.71073914E+01 -8.63941586E+01 -7.73460138E+01 -5.85767951E+01 -6.25156840E+01 -8.19933342E+01 -8.72844210E+01 -8.70977998E+01 -8.45059664E+01 -6.84725474E+01 -5.49310287E+01 -7.45841693E+01 -8.61752100E+01 -8.72489872E+01 -8.66444815E+01 -8.03093241E+01 -5.90284331E+01 -6.08452569E+01 -8.21288500E+01 -8.72478478E+01 -8.74402541E+01 -8.61974779E+01 -7.21703504E+01 -5.04663541E+01 -7.13953719E+01 -8.62859122E+01 -8.74161805E+01 -8.71656244E+01 -8.39293449E+01 -6.09407238E+01 -5.35370783E+01 -8.22162239E+01 -8.72612859E+01 -8.72845036E+01 -8.70064711E+01 -7.69581329E+01 -4.66430795E+01 -6.53697128E+01 -8.66894170E+01 -8.73832893E+01 -8.74154962E+01 -8.62277365E+01 -6.31526928E+01 -4.10034480E+01 -8.16273983E+01 -9.15489269E+01 -9.36069106E+01 -9.27558598E+01 -7.51841435E+01 -2.89988797E+00  1.17280946E-01  3.51254464E-02 -3.92666471E+00 -7.37856337E+01 -9.26695272E+01 -9.35119612E+01 -9.17151679E+01 -8.29798933E+01 -4.62723245E+01 -5.80045850E+01 -8.45491951E+01 -8.72699453E+01 -8.73354826E+01 -8.60849667E+01 -6.96283726E+01 -4.97499703E+01 -6.95044699E+01 -8.57239583E+01 -8.73785002E+01 -8.72408349E+01 -8.20595984E+01 -6.19584569E+01 -5.29995338E+01 -7.66603956E+01 -8.68500159E+01 -8.71828686E+01 -8.62615763E+01 -7.48304928E+01 -5.96053348E+01 -6.12613306E+01 -8.15462071E+01 -8.70284154E+01 -8.71722677E+01 -8.14408448E+01 -7.05316492E+01 -5.98137592E+01 -6.93134175E+01 -8.45526055E+01 -8.72512554E+01 -8.53793397E+01 -7.68144798E+01 -6.76288751E+01 -6.06223081E+01 -7.62020783E+01 -8.63269791E+01 -8.67113815E+01 -8.14892005E+01 -7.26058925E+01 -6.37633122E+01 -6.41243381E+01 -8.09003487E+01 -8.69495447E+01 -8.55885481E+01 -7.95856070E+01 -7.11582430E+01 -6.02599263E+01 -6.99032015E+01 -8.43879833E+01 -8.66336692E+01 -8.34248407E+01 -7.77436323E+01 -6.82064035E+01 -6.37313790E+01 -7.68346186E+01 -8.65567444E+01 -8.55491856E+01 -8.20672508E+01 -7.49281518E+01 -6.21377375E+01 -6.76229994E+01 -8.25266621E+01 -8.66202223E+01 -8.41225573E+01 -7.94779463E+01 -6.71116130E+01 -6.19823173E+01 -7.37573163E+01 -8.51098608E+01 -8.55973941E+01 -8.22407112E+01 -7.47736715E+01 -6.35796267E+01 -6.73233331E+01 -8.07836981E+01 -8.60612613E+01 -8.47854838E+01 -7.88516314E+01 -6.85914910E+01 -6.39911252E+01 -7.34460700E+01 -8.36470201E+01 -8.61877676E+01 -8.44984319E+01 -7.44023026E+01 -6.59241279E+01 -6.54142052E+01 -7.76578001E+01 -8.57748844E+01 -8.65084515E+01 -8.26321655E+01 -6.92736426E+01
 -6.60824419E+01 -6.45468519E+01 -7.59168662E+01 -8.47812614E+01 -8.65978441E+01 -7.97363192E+01 -6.96115212E+01 -6.42062132E+01 -6.93846068E+01 -8.09497578E+01 -8.65793773E+01 -8.56239614E+01 -7.58126931E+01 -6.47810410E+01 -6.62504508E+01 -7.38111272E+01 -8.38728929E+01 -8.68750568E+01 -8.09753354E+01 -6.90385541E+01 -6.39544012E+01 -6.70602651E+01 -7.88089541E+01 -8.65476833E+01 -8.56743204E+01 -7.80633905E+01 -6.46031921E+01 -6.20208290E+01 -7.09111621E+01 -8.41420126E+01 -8.65382765E+01 -8.36779984E+01 -7.25509565E+01 -6.11245819E+01 -6.35750444E+01 -7.98485138E+01 -8.68224456E+01 -8.58371696E+01 -7.95075291E+01 -6.54595486E+01 -5.71349979E+01 -7.04496928E+01 -8.40413874E+01 -8.67773413E+01 -8.47225886E+01 -7.42534327E+01 -5.76923338E+01 -6.12991849E+01 -7.96245136E+01 -8.68184568E+01 -8.62202135E+01 -8.22333017E+01 -6.50975626E+01 -5.53447858E+01 -7.13974338E+01 -8.59829764E+01 -8.71601476E+01 -8.55273223E+01 -7.66548082E+01 -5.52914107E+01 -6.05813598E+01 -8.20164228E+01 -8.72169915E+01 -8.68509693E+01 -8.44729222E+01 -6.69430216E+01 -4.92307395E+01 -7.32809492E+01 -8.61040923E+01 -8.71865787E+01 -8.66780217E+01 -8.09790842E+01 -4.98271195E+01 -6.01253700E+01 -8.46859342E+01 -8.70788157E+01 -8.71306821E+01 -8.56902824E+01 -6.74872466E+01 -4.46494577E+01 -7.65642036E+01 -8.68244308E+01 -8.71481993E+01 -8.66862689E+01 -8.13078605E+01 -4.63417650E+01 -5.77150386E+01 -8.54975018E+01 -8.72989156E+01 -8.72920701E+01 -8.67408984E+01 -6.64943086E+01 -3.17493816E+01 -7.89013594E+01 -9.15556822E+01 -9.35526176E+01 -9.26890433E+01 -7.62304175E+01 -4.40857255E+00  1.10888634E-01  0.00000000E+00 -3.86819448E+00 -7.25654325E+01 -9.25946371E+01 -9.33625917E+01 -9.16812234E+01 -8.62445877E+01 -4.65797861E+01 -5.44017600E+01 -8.36605481E+01 -8.70204645E+01 -8.72445744E+01 -8.69139874E+01 -7.51536177E+01 -4.57934874E+01 -6.78551174E+01 -8.48170431E+01 -8.72234372E+01 -8.73123391E+01 -8.59800914E+01 -6.47204735E+01 -5.24795812E+01 -7.45384056E+01 -8.53561482E+01 -8.70108127E+01 -8.71824536E+01 -8.16128267E+01 -5.87232345E+01 -5.68173746E+01 -7.92491149E+01 -8.64185908E+01 -8.72142088E+01 -8.63874811E+01 -7.45972019E+01 -5.71412631E+01 -6.46733844E+01 -8.15102731E+01 -8.69864638E+01 -8.71486658E+01 -8.36491096E+01 -6.34171688E+01 -5.72938126E+01 -7.03623204E+01 -8.42876040E+01 -8.71433537E+01 -8.70685821E+01 -7.80155351E+01 -6.17539394E+01 -6.00034394E+01 -7.63344698E+01 -8.61672803E+01 -8.71015977E+01 -8.45394279E+01 -7.23782753E+01 -6.21008007E+01 -6.26888101E+01 -8.12120766E+01 -8.70025778E+01 -8.61936566E+01 -7.96561772E+01 -7.01236673E+01 -6.05246307E+01 -6.86968725E+01 -8.48466307E+01 -8.71154847E+01 -8.47659400E+01 -7.42550174E+01 -6.91655663E+01 -6.15462613E+01 -7.61584861E+01 -8.61059969E+01 -8.67902212E+01 -8.10304183E+01 -7.14196329E+01 -6.63007951E+01 -6.65284456E+01 -8.10269993E+01 -8.68845102E+01 -8.57874094E+01 -7.75566632E+01 -6.95150814E+01 -6.33145882E+01 -7.21071029E+01 -8.48890128E+01 -8.70210387E+01 -8.34507949E+01 -7.19470275E+01 -6.67633873E+01 -6.42809653E+01 -7.80569681E+01 -8.66759319E+01 -8.64734806E+01 -7.93805287E+01 -6.82076784E+01 -6.41191773E+01 -6.81521386E+01 -8.23215308E+01 -8.69498539E+01 -8.53104510E+01 -7.42978143E+01
 -7.24800748E+01 -8.08757142E+01 -8.66191027E+01 -8.65546880E+01 -7.97924050E+01 -6.35992757E+01 -6.15686240E+01 -7.57897387E+01 -8.54993123E+01 -8.67854598E+01 -8.42137604E+01 -7.47912415E+01 -6.03779628E+01 -6.49050626E+01 -8.29368089E+01 -8.63815352E+01 -8.65420557E+01 -8.12372866E+01 -7.09247073E+01 -5.80565377E+01 -7.33897705E+01 -8.49056994E+01 -8.69664327E+01 -8.57379098E+01 -7.84380965E+01 -6.31548367E+01 -6.01083270E+01 -7.94153801E+01 -8.64687797E+01 -8.69893030E+01 -8.38224440E+01 -7.38908388E+01 -5.86531671E+01 -6.48189900E+01 -8.23666714E+01 -8.67642569E+01 -8.66747430E+01 -8.10097805E+01 -6.71896622E+01 -5.67222995E+01 -7.30048851E+01 -8.50143813E+01 -8.71822733E+01 -8.61786329E+01 -7.74047272E+01 -6.16386489E+01 -6.23016884E+01 -7.88334511E+01 -8.65301075E+01 -8.72657865E+01 -8.50770840E+01 -7.11383859E+01 -5.86289292E+01 -6.96152974E+01 -8.37494856E+01 -8.72295383E+01 -8.71708777E+01 -8.22040745E+01 -6.32458321E+01 -5.85312926E+01 -7.74203435E+01 -8.65235349E+01 -8.73397737E+01 -8.68837507E+01 -7.73226146E+01 -5.62841559E+01 -6.59365390E+01 -8.24808736E+01 -8.71749415E+01 -8.72505309E+01 -8.51864029E+01 -6.83796627E+01 -5.36004124E+01 -7.31275998E+01 -8.63789595E+01 -8.71808613E+01 -8.71179735E+01 -8.16684141E+01 -5.74210853E+01 -5.68114342E+01 -8.19559633E+01 -8.71485470E+01 -8.71673106E+01 -8.67499577E+01 -7.57222985E+01 -4.78511064E+01 -6.66158850E+01 -8.63856811E+01 -8.71847740E+01 -8.73576257E+01 -8.55831629E+01 -5.90831267E+01 -3.92906088E+01 -8.20504488E+01 -9.16837981E+01 -9.35937710E+01 -9.24944023E+01 -7.44763964E+01 -3.21404459E+00  6.17450395E-02  2.67903153E-01 -3.83487714E+00 -7.45737513E+01 -9.25831597E+01 -9.34269751E+01 -9.16814441E+01 -8.16857221E+01 -3.99671968E+01 -6.19429184E+01 -8.54268802E+01 -8.72455605E+01 -8.72859858E+01 -8.60764818E+01 -6.51688414E+01 -4.82380363E+01 -7.74049271E+01 -8.63918708E+01 -8.71753891E+01 -8.70920570E+01 -7.84563274E+01 -5.35492214E+01 -6.44558738E+01 -8.24137667E+01 -8.70374529E+01 -8.71607833E+01 -8.55531286E+01 -6.56232035E+01 -5.45133611E+01 -7.64840566E+01 -8.52643863E+01 -8.73024485E+01 -8.71261665E+01 -7.89366601E+01 -5.63063212E+01 -6.50563067E+01 -8.08364544E+01 -8.63194551E+01 -8.73086842E+01 -8.53306004E+01 -6.87263226E+01 -5.45042566E+01 -7.30280060E+01 -8.34856352E+01 -8.70298102E+01 -8.73171044E+01 -8.05614141E+01 -5.70015345E+01 -6.46799625E+01 -7.89188847E+01 -8.54330521E+01 -8.70486225E+01 -8.52815686E+01 -6.75347199E+01 -5.68153861E+01 -7.27258913E+01 -8.25358087E+01 -8.66723550E+01 -8.70937796E+01 -7.98990153E+01 -5.97427199E+01 -6.23363552E+01 -7.71543897E+01 -8.45894157E+01 -8.69504558E+01 -8.55507836E+01 -7.16972948E+01 -5.51886472E+01 -6.96029774E+01 -8.13911849E+01 -8.64392023E+01 -8.70446761E+01 -8.11121895E+01 -6.24491131E+01 -6.12763544E+01 -7.64283168E+01 -8.35094994E+01 -8.72766728E+01 -8.63337261E+01 -7.44788136E+01 -5.78145731E+01 -7.03281669E+01 -8.08222399E+01 -8.61507169E+01 -8.72868974E+01 -8.32062329E+01 -6.69323430E+01 -6.08105119E+01 -7.58713679E+01 -8.24286583E+01 -8.67944468E+01 -8.63535281E+01 -7.93040691E+01 -6.14729814E+01 -6.82520110E+01 -7.86172079E+01 -8.52085028E+01 -8.73352036E+01 -8.44377693E+01 -7.10700450E+01 -5.88270600E+01
 -6.11673952E+01 -7.29148134E+01 -8.61849095E+01 -8.70810032E+01 -8.36021604E+01 -7.37916471E+01 -6.24938029E+01 -6.55381794E+01 -8.00854613E+01 -8.69053066E+01 -8.63553556E+01 -8.09273715E+01 -6.84385270E+01 -6.37823507E+01 -6.87829907E+01 -8.46080271E+01 -8.69861217E+01 -8.52370549E+01 -7.69205085E+01 -6.14887828E+01 -6.23522925E+01 -7.63735700E+01 -8.64779039E+01 -8.66219140E+01 -8.40359049E+01 -7.29227918E+01 -5.94772602E+01 -6.42818950E+01 -8.30171932E+01 -8.73244968E+01 -8.53215204E+01 -8.08779481E+01 -6.67500475E+01 -5.67960033E+01 -7.34214327E+01 -8.60007720E+01 -8.69701164E+01 -8.37659650E+01 -7.65424207E+01 -5.89234722E+01 -6.12667937E+01 -8.00193120E+01 -8.68571706E+01 -8.70429299E+01 -8.29793053E+01 -6.83375236E+01 -5.47023506E+01 -6.94773937E+01 -8.38382812E+01 -8.70775539E+01 -8.58992506E+01 -7.81701898E+01 -5.96036621E+01 -5.78350229E+01 -7.96466854E+01 -8.67431270E+01 -8.70036647E+01 -8.24738126E+01 -7.17269306E+01 -5.33666856E+01 -6.87546163E+01 -8.43245606E+01 -8.68468071E+01 -8.60143733E+01 -7.98602972E+01 -6.24631589E+01 -5.93003900E+01 -7.94593011E+01 -8.68541502E+01 -8.67996585E+01 -8.45234854E+01 -7.47395495E+01 -5.16986999E+01 -6.71335028E+01 -8.40778354E+01 -8.70877331E+01 -8.69884485E+01 -8.42960977E+01 -6.41517994E+01 -4.98840867E+01 -7.66993093E+01 -8.68681287E+01 -8.72769131E+01 -8.68719047E+01 -7.89338538E+01 -4.93993855E+01 -6.00295530E+01 -8.53436335E+01 -8.75896354E+01 -8.74910178E+01 -8.58655236E+01 -6.45815510E+01 -3.63171600E+01 -7.87178903E+01 -9.16204566E+01 -9.34510594E+01 -9.28921864E+01 -7.52115013E+01 -2.29643481E+00  1.31537970E-01  1.44557030E-02 -3.89923855E+00 -7.35939304E+01 -9.27949558E+01 -9.34239133E+01 -9.16262397E+01 -8.46353548E+01 -4.03116073E+01 -5.34192094E+01 -8.39571405E+01 -8.74891963E+01 -8.74343345E+01 -8.70873143E+01 -7.11699272E+01 -4.08588747E+01 -6.84758674E+01 -8.67268147E+01 -8.73729917E+01 -8.70029356E+01 -8.35257910E+01 -5.77631474E+01 -5.06732434E+01 -7.95060771E+01 -8.69747171E+01 -8.72367740E+01 -8.68692033E+01 -7.65896595E+01 -5.49194578E+01 -6.33697689E+01 -8.55615941E+01 -8.71792998E+01 -8.72028633E+01 -8.45309634E+01 -6.78727427E+01 -5.97223276E+01 -7.62528839E+01 -8.68724544E+01 -8.73629816E+01 -8.66552762E+01 -7.84382092E+01 -6.47651265E+01 -6.27508927E+01 -8.07525666E+01 -8.70058556E+01 -8.73597045E+01 -8.44008776E+01 -7.18477014E+01 -6.02781565E+01 -7.00315106E+01 -8.38217854E+01 -8.71710839E+01 -8.65035440E+01 -7.90381843E+01 -6.45413155E+01 -6.21560661E+01 -7.51868558E+01 -8.59358955E+01 -8.71615554E+01 -8.48041244E+01 -7.08596415E+01 -6.03592407E+01 -6.82492614E+01 -8.14456556E+01 -8.66504781E+01 -8.70277284E+01 -8.01239087E+01 -6.71956965E+01 -6.35685382E+01 -7.33472394E+01 -8.41520412E+01 -8.71399012E+01 -8.44292897E+01 -7.42702320E+01 -6.26083033E+01 -6.98714048E+01 -7.71542118E+01 -8.67014843E+01 -8.67120052E+01 -8.00673822E+01 -6.86491978E+01 -6.52502551E+01 -7.07755619E+01 -8.28472276E+01 -8.70970327E+01 -8.53168279E+01 -7.42570217E+01 -6.29557608E+01 -6.57573318E+01 -7.57144488E+01 -8.64233151E+01 -8.68806608E+01 -8.17650716E+01 -6.88599748E+01 -6.00068874E+01 -6.63943311E+01 -8.34339662E+01 -8.70458242E+01 -8.54642720E+01 -7.84284723E+01 -6.60826408E+01
 -3.96256875E+01 -7.63970808E+01 -8.74401238E+01 -8.75483497E+01 -8.69011335E+01 -8.00970868E+01 -4.31287029E+01 -5.77155653E+01 -8.47808743E+01 -8.73542393E+01 -8.73366882E+01 -8.67658376E+01 -5.93810227E+01 -4.47253372E+01 -7.70582428E+01 -8.69151173E+01 -8.73542649E+01 -8.69337529E+01 -7.79731821E+01 -4.63854064E+01 -6.28364559E+01 -8.32789645E+01 -8.72614839E+01 -8.75607600E+01 -8.65772519E+01 -6.29248428E+01 -5.16599983E+01 -7.17062219E+01 -8.55527559E+01 -8.65907552E+01 -8.70768330E+01 -7.73154493E+01 -4.94879411E+01 -5.94619763E+01 -8.14979993E+01 -8.72569052E+01 -8.72282035E+01 -8.41921826E+01 -6.51130628E+01 -5.30143086E+01 -6.80148227E+01 -8.63853926E+01 -8.70681972E+01 -8.60969367E+01 -8.12398911E+01 -5.98897599E+01 -6.22814364E+01 -7.74813738E+01 -8.70895607E+01 -8.74476497E+01 -8.56673416E+01 -7.17409614E+01 -5.32666765E+01 -6.44105752E+01 -8.39779387E+01 -8.68954884E+01 -8.70255564E+01 -8.60261341E+01 -5.89929437E+01 -5.09734566E+01 -7.70453019E+01 -8.59600642E+01 -8.71534999E+01 -8.71898001E+01 -7.59046034E+01 -4.35185471E+01 -6.18594595E+01 -8.45123700E+01 -8.69643654E+01 -8.69154118E+01 -8.54918543E+01 -6.74352019E+01 -4.13615475E+01 -7.25589552E+01 -8.76941282E+01 -8.73938565E+01 -8.68966372E+01 -8.16669312E+01 -4.77487085E+01 -4.62788504E+01 -8.45964831E+01 -8.74079084E+01 -8.76396050E+01 -8.72469523E+01 -7.15661494E+01 -2.87727369E+01 -6.48573328E+01 -8.64601708E+01 -8.74057570E+01 -8.73821284E+01 -8.70315996E+01 -5.45241489E+01 -3.57184579E+01 -8.50625905E+01 -9.12251827E+01 -9.34455145E+01 -9.25401810E+01 -7.40302425E+01 -3.78775551E+00  0.00000000E+00  0.00000000E+00 -3.93885987E+00 -6.91908168E+01 -9.24279162E+01 -9.29270974E+01 -9.13124177E+01 -8.28561641E+01 -4.11261058E+01 -5.43090956E+01 -8.53557198E+01 -8.72563457E+01 -8.73472400E+01 -8.62575738E+01 -6.91599529E+01 -4.07273792E+01 -7.33582734E+01 -8.67694031E+01 -8.67897861E+01 -8.68657928E+01 -7.92166482E+01 -5.26737380E+01 -5.89536120E+01 -8.58184822E+01 -8.69236067E+01 -8.72027489E+01 -8.70795662E+01 -6.76846487E+01 -4.46333471E+01 -7.23335074E+01 -8.72891498E+01 -8.74874220E+01 -8.72637235E+01 -8.19801195E+01 -5.08672154E+01 -5.42845691E+01 -8.49006756E+01 -8.75931787E+01 -8.76772232E+01 -8.73012272E+01 -6.91288982E+01 -4.32900544E+01 -6.90853102E+01 -8.61946613E+01 -8.73902220E+01 -8.72126318E+01 -8.11595964E+01 -5.19984507E+01 -3.85807640E+01 -7.92769053E+01 -8.73246626E+01 -8.76025470E+01 -8.66350863E+01 -7.40556969E+01 -4.05473191E+01 -5.25308205E+01 -8.66544586E+01 -8.75272037E+01 -8.73867592E+01 -8.16382032E+01 -6.53924920E+01 -3.52820317E+01 -6.54641765E+01 -8.67697456E+01 -8.74223080E+01 -8.77857168E+01 -8.11821984E+01 -6.20972623E+01 -4.66165151E+01 -7.88806533E+01 -8.69476937E+01 -8.75982187E+01 -8.57149482E+01 -7.49398402E+01 -5.95003001E+01 -6.60489079E+01 -8.50368198E+01 -8.74877283E+01 -8.70470481E+01 -8.30728156E+01 -7.06912701E+01 -4.91788964E+01 -7.48509705E+01 -8.60005508E+01 -8.73142477E+01 -8.69540763E+01 -8.26699961E+01 -6.21398933E+01 -5.31511189E+01 -7.83814548E+01 -8.65992878E+01 -8.69281673E+01 -8.61546979E+01 -7.93926121E+01 -4.68836495E+01 -6.26340437E+01 -8.57034152E+01 -8.70122039E+01 -8.71264320E+01 -8.72208856E+01 -6.90229219E+01
 -6.22437506E+01 -7.42243686E+01 -8.54761039E+01 -8.69068381E+01 -7.73656703E+01 -7.30510249E+01 -6.68043502E+01 -6.82750549E+01 -8.07804477E+01 -8.70384469E+01 -8.35941201E+01 -7.17530253E+01 -6.92319360E+01 -6.80572572E+01 -7.62615518E+01 -8.49896684E+01 -8.65628258E+01 -7.77526027E+01 -6.81678371E+01 -6.63622711E+01 -7.15278885E+01 -8.05374534E+01 -8.70944642E+01 -8.42491303E+01 -7.24346334E+01 -6.55264068E+01 -6.49142463E+01 -7.57567984E+01 -8.63910100E+01 -8.66568980E+01 -7.92116253E+01 -6.92406924E+01 -6.29066561E+01 -6.99367341E+01 -8.21020254E+01 -8.72720339E+01 -8.49534751E+01 -7.35868603E+01 -6.57572891E+01 -6.35738789E+01 -7.70634681E+01 -8.58306702E+01 -8.74487691E+01 -8.53807039E+01 -7.52788623E+01 -6.69719911E+01 -7.13314216E+01 -8.10522417E+01 -8.71095064E+01 -8.68490759E+01 -8.08299392E+01 -6.86219042E+01 -6.82841487E+01 -7.74234171E+01 -8.51581585E+01 -8.72304866E+01 -8.62895297E+01 -7.69427914E+01 -6.16186840E+01 -6.79372487E+01 -7.94754441E+01 -8.68862739E+01 -8.70793924E+01 -8.51858230E+01 -7.06010919E+01 -6.15329524E+01 -6.79786154E+01 -8.51490102E+01 -8.73387761E+01 -8.71568364E+01 -8.14203707E+01 -6.35958859E+01 -5.50657266E+01 -7.87926800E+01 -8.67805330E+01 -8.71905729E+01 -8.62202128E+01 -7.71003202E+01 -5.68831662E+01 -6.46606888E+01 -8.47133047E+01 -8.73491623E+01 -8.72463501E+01 -8.54988976E+01 -7.03638589E+01 -4.91570854E+01 -7.09064682E+01 -8.70765133E+01 -8.73950632E+01 -8.74232378E+01 -8.46504852E+01 -5.85515692E+01 -4.70647847E+01 -8.41100778E+01 -9.15572605E+01 -9.31371174E+01 -9.26718713E+01 -7.25103314E+01 -8.35473788E-01  5.04002751E-02  5.43552991E-02 -3.73844023E+00 -7.39965448E+01 -9.25873025E+01 -9.34209017E+01 -9.14997512E+01 -8.41066435E+01 -4.45057065E+01 -5.95758228E+01 -8.31817609E+01 -8.72585904E+01 -8.75056396E+01 -8.70461231E+01 -6.87830815E+01 -4.87896183E+01 -7.19462585E+01 -8.55086724E+01 -8.72094085E+01 -8.73094968E+01 -8.20041723E+01 -5.65142521E+01 -5.73654535E+01 -8.15234185E+01 -8.71310344E+01 -8.74892425E+01 -8.64993530E+01 -7.20033565E+01 -5.04914780E+01 -6.56492371E+01 -8.35649501E+01 -8.63544916E+01 -8.71525034E+01 -8.26991500E+01 -6.02696331E+01 -5.70715172E+01 -7.56663336E+01 -8.49224129E+01 -8.72243452E+01 -8.67018897E+01 -7.41962724E+01 -5.45327340E+01 -6.65416088E+01 -8.06494484E+01 -8.68374505E+01 -8.71356105E+01 -8.23353039E+01 -6.38806191E+01 -5.93129472E+01 -7.14807871E+01 -8.45178316E+01 -8.69015293E+01 -8.63761822E+01 -7.31009391E+01 -5.73479632E+01 -5.95846773E+01 -7.62126710E+01 -8.63740180E+01 -8.71878525E+01 -8.27284127E+01 -6.65701859E+01 -5.78187905E+01 -6.84385602E+01 -8.15226403E+01 -8.73121574E+01 -8.63778876E+01 -7.92003526E+01 -6.31363542E+01 -6.04009727E+01 -7.35361014E+01 -8.56187189E+01 -8.74277606E+01 -8.46021461E+01 -7.37645033E+01 -5.92757132E+01 -6.71818854E+01 -7.80917411E+01 -8.65673618E+01 -8.65783134E+01 -8.11514692E+01 -6.65134152E+01 -6.36010929E+01 -7.28976928E+01 -8.45045201E+01 -8.71958292E+01 -8.43245232E+01 -7.40818224E+01 -6.56008358E+01 -6.96160924E+01 -7.65258683E+01 -8.62479560E+01 -8.70198818E+01 -7.87723094E+01 -6.64554124E+01 -6.59611874E+01 -7.06059333E+01 -8.01284822E+01 -8.67117175E+01 -8.40878085E+01 -6.97912086E+01 -6.68718918E+01
 -5.35012457E+01 -6.82994246E+01 -8.21055760E+01 -8.70743507E+01 -8.71386649E+01 -8.48121289E+01 -6.36065084E+01 -5.85126267E+01 -7.57314392E+01 -8.56401495E+01 -8.72748724E+01 -8.69526242E+01 -7.73140020E+01 -5.68504949E+01 -6.72104163E+01 -8.04075597E+01 -8.67538988E+01 -8.72463102E+01 -8.50218664E+01 -6.97223061E+01 -6.03163902E+01 -7.32142133E+01 -8.40983794E+01 -8.71845165E+01 -8.67851298E+01 -8.01863063E+01 -6.30902971E+01 -6.59172062E+01 -7.72908461E+01 -8.64982812E+01 -8.71171588E+01 -8.55431653E+01 -7.31522142E+01 -6.00725507E+01 -6.92369778E+01 -8.30366489E+01 -8.72648269E+01 -8.69289020E+01 -8.18729950E+01 -6.52358212E+01 -6.30905172E+01 -7.47061058E+01 -8.57294745E+01 -8.70524682E+01 -8.55947071E+01 -7.47256334E+01 -6.15145949E+01 -6.75295426E+01 -8.11598418E+01 -8.70804413E+01 -8.69482676E+01 -8.26606169E+01 -6.61411704E+01 -6.10589889E+01 -7.36005415E+01 -8.61468378E+01 -8.71232650E+01 -8.62797306E+01 -7.57009126E+01 -6.08591232E+01 -6.36090210E+01 -8.15932173E+01 -8.69414017E+01 -8.71485662E+01 -8.42596314E+01 -6.78099864E+01 -5.72175002E+01 -7.33305933E+01 -8.62499884E+01 -8.71783399E+01 -8.67930199E+01 -7.80338264E+01 -5.70620818E+01 -6.12648873E+01 -8.25874569E+01 -8.70073844E+01 -8.70591816E+01 -8.48737904E+01 -6.52341651E+01 -5.02502365E+01 -7.44152123E+01 -8.65165348E+01 -8.70297945E+01 -8.69179510E+01 -7.96937803E+01 -4.85308728E+01 -6.04197865E+01 -8.47067020E+01 -8.72899943E+01 -8.74777868E+01 -8.65289259E+01 -6.68180674E+01 -3.92043423E+01 -7.92504607E+01 -9.15602898E+01 -9.36285462E+01 -9.25815098E+01 -7.57151781E+01 -3.82733455E+00  3.07727220E-01  2.19633329E-02 -2.70274941E+00 -7.45793410E+01 -9.24352535E+01 -9.33765851E+01 -9.14668587E+01 -8.59873742E+01 -4.45832612E+01 -5.68718149E+01 -8.43264060E+01 -8.73187637E+01 -8.73524790E+01 -8.68740032E+01 -7.31501099E+01 -4.41300996E+01 -7.18039898E+01 -8.55362990E+01 -8.73626919E+01 -8.72396211E+01 -8.54538960E+01 -6.26057699E+01 -5.47689294E+01 -7.88845506E+01 -8.66396496E+01 -8.71774345E+01 -8.66382763E+01 -8.06307283E+01 -5.38441649E+01 -6.38080113E+01 -8.28096030E+01 -8.73030104E+01 -8.73399739E+01 -8.61753623E+01 -7.16736197E+01 -5.18890438E+01 -6.92023020E+01 -8.49515945E+01 -8.72434711E+01 -8.67293692E+01 -8.34052087E+01 -6.30628711E+01 -5.36867605E+01 -7.65181630E+01 -8.63304111E+01 -8.73734729E+01 -8.68489255E+01 -7.86553848E+01 -5.70792985E+01 -6.09260909E+01 -8.07335114E+01 -8.70933347E+01 -8.73078056E+01 -8.47602836E+01 -7.12046646E+01 -5.50567824E+01 -6.95834644E+01 -8.46787747E+01 -8.72182673E+01 -8.70104074E+01 -8.20584010E+01 -6.22208103E+01 -5.74877521E+01 -7.63835142E+01 -8.63008246E+01 -8.71237793E+01 -8.61130118E+01 -7.52626658E+01 -5.73400598E+01 -6.39068032E+01 -8.32525310E+01 -8.69548542E+01 -8.72513369E+01 -8.39944300E+01 -6.67124040E+01 -5.62137003E+01 -7.33762539E+01 -8.55835561E+01 -8.74431448E+01 -8.68769369E+01 -7.77613464E+01 -5.59217960E+01 -6.12430918E+01 -7.95018876E+01 -8.65772008E+01 -8.72535132E+01 -8.51458628E+01 -6.85734838E+01 -5.34352260E+01 -6.90526490E+01 -8.35337820E+01 -8.71702844E+01 -8.69708788E+01 -8.12082517E+01 -5.87461015E+01 -5.61625334E+01 -7.83364269E+01 -8.61332336E+01 -8.73111610E+01 -8.59359772E+01 -7.34855999E+01
 -7.01506443E+01 -7.78154168E+01 -8.48884773E+01 -8.64519791E+01 -7.82339895E+01 -6.26346349E+01 -6.79276480E+01 -7.42544833E+01 -8.06972885E+01 -8.55447847E+01 -8.47599822E+01 -7.17319145E+01 -6.22431499E+01 -7.18272321E+01 -7.74097246E+01 -8.29935796E+01 -8.69141364E+01 -8.21830413E+01 -6.51910032E+01 -6.52953929E+01 -7.41637591E+01 -7.95257155E+01 -8.55316251E+01 -8.62746637E+01 -7.42034689E+01 -6.28070883E+01 -7.00508641E+01 -7.51070334E+01 -8.29925041E+01 -8.66116842E+01 -8.41716720E+01 -6.67609679E+01 -6.43516453E+01 -7.06903885E+01 -7.84331434E+01 -8.55087883E+01 -8.69081190E+01 -7.94704701E+01 -6.31189629E+01 -6.62472155E+01 -7.40111396E+01 -8.19951555E+01 -8.70515253E+01 -8.52377159E+01 -7.42454106E+01 -6.13362941E+01 -6.92878525E+01 -7.77442052E+01 -8.58455652E+01 -8.69757815E+01 -8.38971980E+01 -6.82445890E+01 -6.17706782E+01 -7.06963739E+01 -8.20055370E+01 -8.71223468E+01 -8.65817486E+01 -7.95806041E+01 -6.10821690E+01 -6.16350826E+01 -7.46624530E+01 -8.61514392E+01 -8.70567260E+01 -8.55195073E+01 -7.37141076E+01 -5.79712858E+01 -6.57283049E+01 -8.14037264E+01 -8.71472113E+01 -8.67684270E+01 -8.29480906E+01 -6.50544175E+01 -5.65953682E+01 -7.19237018E+01 -8.59413153E+01 -8.71454969E+01 -8.67640854E+01 -7.83670350E+01 -5.70654986E+01 -5.67842738E+01 -8.04091541E+01 -8.70871518E+01 -8.72133330E+01 -8.62712823E+01 -7.25244929E+01 -4.78084356E+01 -6.67475181E+01 -8.60899053E+01 -8.74584529E+01 -8.74775182E+01 -8.52826143E+01 -5.93818064E+01 -4.18812970E+01 -8.22735443E+01 -9.16705670E+01 -9.34983336E+01 -9.26509233E+01 -7.42023980E+01 -2.22100653E+00  1.39204600E-01  2.78628834E-01 -3.39829919E+00 -7.24134510E+01 -9.23474733E+01 -9.34637018E+01 -9.17754372E+01 -8.47034312E+01 -4.25245871E+01 -5.88504416E+01 -8.45148952E+01 -8.72951586E+01 -8.72905925E+01 -8.67064000E+01 -6.98272478E+01 -4.51593625E+01 -7.06098250E+01 -8.58943352E+01 -8.74635511E+01 -8.72766399E+01 -8.32560993E+01 -6.10486388E+01 -5.52741595E+01 -7.71244313E+01 -8.66554850E+01 -8.73633213E+01 -8.58031079E+01 -7.37484468E+01 -5.42894791E+01 -6.45610038E+01 -8.30311370E+01 -8.71281041E+01 -8.71614111E+01 -8.27506842E+01 -6.80892148E+01 -5.75587681E+01 -7.31941692E+01 -8.53352120E+01 -8.70906066E+01 -8.55601110E+01 -7.47132143E+01 -6.18723073E+01 -6.40680809E+01 -7.87490118E+01 -8.69478506E+01 -8.70737076E+01 -8.28845124E+01 -6.93183067E+01 -6.07778092E+01 -7.12827709E+01 -8.36449639E+01 -8.70941399E+01 -8.57829611E+01 -7.81638354E+01 -6.27890658E+01 -6.60905870E+01 -7.78450671E+01 -8.58565707E+01 -8.69760578E+01 -8.35284933E+01 -6.81374640E+01 -6.22952276E+01 -7.25968332E+01 -8.09551353E+01 -8.67229941E+01 -8.56940457E+01 -7.62631373E+01 -6.06280918E+01 -6.74450452E+01 -7.68301727E+01 -8.35357738E+01 -8.66425827E+01 -8.30833835E+01 -6.72875425E+01 -6.41789106E+01 -7.52964534E+01 -7.96288692E+01 -8.55123330E+01 -8.62504600E+01 -7.49997144E+01 -6.05629530E+01 -6.91531127E+01 -7.55161065E+01 -8.25897907E+01 -8.68251779E+01 -8.30773488E+01 -6.65538400E+01 -6.29697246E+01 -7.14111324E+01 -7.82091244E+01 -8.54049324E+01 -8.66108844E+01 -7.66984930E+01 -6.24460680E+01 -6.73168675E+01 -7.36554253E+01 -8.24213519E+01 -8.65900453E+01 -8.33524638E+01 -6.82296126E+01 -6.24100260E+01
 -5.64886745E+01 -6.61196561E+01 -8.50085666E+01 -8.68905216E+01 -8.41690646E+01 -7.71643923E+01 -6.44935274E+01 -5.45536875E+01 -7.77339896E+01 -8.67926096E+01 -8.62300854E+01 -8.29186605E+01 -7.47982087E+01 -5.77225928E+01 -6.52282860E+01 -8.46193441E+01 -8.69515480E+01 -8.53735765E+01 -8.11252911E+01 -6.50623366E+01 -5.59859723E+01 -7.65515155E+01 -8.66926289E+01 -8.67250528E+01 -8.38410514E+01 -7.60843484E+01 -5.70096775E+01 -6.30649263E+01 -8.29441489E+01 -8.70976669E+01 -8.58889957E+01 -8.16619803E+01 -6.56340748E+01 -5.46338849E+01 -7.39847606E+01 -8.59644249E+01 -8.63370763E+01 -8.39584416E+01 -7.66615478E+01 -5.72887386E+01 -6.12717411E+01 -8.13256976E+01 -8.72235053E+01 -8.59495536E+01 -8.17625549E+01 -6.92504280E+01 -5.44232024E+01 -7.24604107E+01 -8.57103845E+01 -8.69755651E+01 -8.49826117E+01 -7.79803857E+01 -6.02398224E+01 -6.16404316E+01 -8.12850240E+01 -8.68801882E+01 -8.69563778E+01 -8.26139573E+01 -7.06045729E+01 -5.60767580E+01 -7.28445172E+01 -8.53480560E+01 -8.71651345E+01 -8.68564882E+01 -8.00428473E+01 -5.87150749E+01 -6.04102098E+01 -8.15777688E+01 -8.72020069E+01 -8.73432208E+01 -8.51916414E+01 -6.95353581E+01 -5.29492630E+01 -7.13650263E+01 -8.59565223E+01 -8.73258825E+01 -8.70593960E+01 -8.18349740E+01 -5.85324001E+01 -5.46360649E+01 -8.03719033E+01 -8.72251628E+01 -8.72304601E+01 -8.66836231E+01 -7.43239336E+01 -4.41938198E+01 -6.53280029E+01 -8.61171875E+01 -8.74091518E+01 -8.75138891E+01 -8.60082700E+01 -6.07738221E+01 -4.04926910E+01 -8.20970516E+01 -9.17594221E+01 -9.34054945E+01 -9.24873969E+01 -7.43047836E+01 -2.91693533E+00  2.81852169E-01  3.09149929E-01 -2.73746715E+00 -7.29067440E+01 -9.23371906E+01 -9.33866358E+01 -9.16033315E+01 -8.62465366E+01 -4.80956055E+01 -5.42063389E+01 -8.41669797E+01 -8.73343104E+01 -8.74204862E+01 -8.71845353E+01 -7.53829416E+01 -4.55761508E+01 -6.84869791E+01 -8.60106562E+01 -8.73044253E+01 -8.72400421E+01 -8.50130691E+01 -6.24421333E+01 -4.86782312E+01 -7.75793312E+01 -8.67589506E+01 -8.73201038E+01 -8.69782879E+01 -7.80375409E+01 -5.22353669E+01 -6.05272019E+01 -8.26521024E+01 -8.69563431E+01 -8.72022937E+01 -8.49367947E+01 -6.81048253E+01 -5.24953386E+01 -7.01052207E+01 -8.52792783E+01 -8.73887710E+01 -8.68412760E+01 -7.92289338E+01 -5.82935085E+01 -5.66718895E+01 -7.71213434E+01 -8.67298541E+01 -8.74618943E+01 -8.54669948E+01 -7.30737691E+01 -5.64570756E+01 -6.50495015E+01 -8.30359506E+01 -8.71045320E+01 -8.70529421E+01 -8.27716210E+01 -6.66400124E+01 -5.69454296E+01 -7.19995003E+01 -8.51857491E+01 -8.71835018E+01 -8.57722529E+01 -7.51915178E+01 -6.17084766E+01 -6.24522580E+01 -7.81777733E+01 -8.68791376E+01 -8.71619283E+01 -8.40498316E+01 -6.99191363E+01 -6.11756091E+01 -6.88296564E+01 -8.33533367E+01 -8.68806843E+01 -8.65579137E+01 -7.85421571E+01 -6.66281052E+01 -6.03521452E+01 -7.54651876E+01 -8.63900648E+01 -8.69990408E+01 -8.35041033E+01 -7.25309560E+01 -6.45303691E+01 -6.36381196E+01 -8.10385459E+01 -8.71869557E+01 -8.64011520E+01 -7.78282054E+01 -6.99692472E+01 -5.95752748E+01 -6.98574658E+01 -8.55438345E+01 -8.69180365E+01 -8.30165641E+01 -7.60195679E+01 -6.23429048E+01 -5.85652479E+01 -7.92858639E+01 -8.68148905E+01 -8.57743216E+01 -8.10433523E+01 -7.06683006E+01
 -6.33494609E+01 -8.09510411E+01 -8.66935082E+01 -8.69724499E+01 -8.30270451E+01 -7.02188204E+01 -5.65127831E+01 -7.08723379E+01 -8.46895220E+01 -8.69445383E+01 -8.60164048E+01 -8.01996850E+01 -6.30066667E+01 -6.18656416E+01 -8.04312196E+01 -8.61999297E+01 -8.70638669E+01 -8.49476737E+01 -7.24184258E+01 -5.59337200E+01 -7.01999803E+01 -8.46650195E+01 -8.68458550E+01 -8.69820326E+01 -8.18747307E+01 -6.02165476E+01 -5.74452837E+01 -8.02821702E+01 -8.58491754E+01 -8.71591199E+01 -8.65530007E+01 -7.50780860E+01 -5.15697209E+01 -6.57064406E+01 -8.42251835E+01 -8.68037793E+01 -8.73128742E+01 -8.50777311E+01 -6.57984126E+01 -5.25448513E+01 -7.61765290E+01 -8.55182896E+01 -8.71761804E+01 -8.71917429E+01 -8.01267008E+01 -5.58704098E+01 -5.87576188E+01 -8.13971280E+01 -8.65991600E+01 -8.71389148E+01 -8.62521287E+01 -7.17600624E+01 -5.04906494E+01 -6.88105092E+01 -8.48885326E+01 -8.70570806E+01 -8.69120502E+01 -8.36967293E+01 -6.15931828E+01 -5.36613882E+01 -7.62075156E+01 -8.67082993E+01 -8.71816893E+01 -8.70621517E+01 -7.86484244E+01 -5.45224708E+01 -6.13146738E+01 -8.36640011E+01 -8.72649564E+01 -8.73081216E+01 -8.67530819E+01 -7.02806898E+01 -4.97208229E+01 -7.15408633E+01 -8.64019008E+01 -8.72592088E+01 -8.72108895E+01 -8.48501829E+01 -5.78886261E+01 -5.30462508E+01 -8.14821923E+01 -8.72599586E+01 -8.73242475E+01 -8.71200672E+01 -7.82826227E+01 -4.63317359E+01 -6.50845070E+01 -8.61205981E+01 -8.72179099E+01 -8.73244860E+01 -8.67392934E+01 -6.25762213E+01 -3.57409286E+01 -8.23489400E+01 -9.21237352E+01 -9.36956983E+01 -9.28415290E+01 -7.59050077E+01 -3.31207948E+00  2.90034881E-02  7.69063063E-02 -4.47287378E+00 -7.56405483E+01 -9.25624868E+01 -9.33776514E+01 -9.17008042E+01 -7.99915451E+01 -3.41603248E+01 -6.59218610E+01 -8.64875021E+01 -8.73036662E+01 -8.72397527E+01 -8.47509688E+01 -5.71913625E+01 -4.92489772E+01 -8.12403461E+01 -8.70221470E+01 -8.72142505E+01 -8.68087616E+01 -7.75362634E+01 -4.92251867E+01 -6.72301755E+01 -8.48100312E+01 -8.72152145E+01 -8.71267449E+01 -8.38690940E+01 -6.45735145E+01 -5.30131060E+01 -7.81388824E+01 -8.64299602E+01 -8.72133795E+01 -8.65710480E+01 -7.62745981E+01 -5.60445244E+01 -6.56380221E+01 -8.39115254E+01 -8.72931414E+01 -8.71908947E+01 -8.25858464E+01 -6.73490296E+01 -5.70021603E+01 -7.42005523E+01 -8.59737143E+01 -8.74776218E+01 -8.62380516E+01 -7.62276870E+01 -6.01068447E+01 -6.12967388E+01 -8.01727433E+01 -8.70550644E+01 -8.72054724E+01 -8.37853018E+01 -7.00166707E+01 -5.67466629E+01 -6.78919531E+01 -8.46370483E+01 -8.70078915E+01 -8.62533336E+01 -7.87554055E+01 -6.35675914E+01 -5.86010935E+01 -7.66341404E+01 -8.65508548E+01 -8.72546574E+01 -8.48598054E+01 -7.38324451E+01 -5.87153746E+01 -6.52508587E+01 -8.17242066E+01 -8.67829135E+01 -8.68631471E+01 -8.19821986E+01 -6.76306897E+01 -5.67236127E+01 -7.07306051E+01 -8.44180556E+01 -8.72793795E+01 -8.61317940E+01 -7.80953600E+01 -6.25792925E+01 -5.96374108E+01 -7.75202808E+01 -8.63212723E+01 -8.69159847E+01 -8.33865355E+01 -7.10413066E+01 -5.51784568E+01 -6.50137794E+01 -8.37778723E+01 -8.68125804E+01 -8.63626972E+01 -8.03890319E+01 -6.73776277E+01 -5.67703400E+01 -7.47868178E+01 -8.63517728E+01 -8.72823090E+01 -8.55634592E+01 -7.63949072E+01 -6.07409489E+01
 -6.10959045E+01 -8.18680087E+01 -8.70201965E+01 -8.73841725E+01 -8.57924690E+01 -6.98579617E+01 -5.41541701E+01 -7.12690580E+01 -8.54090020E+01 -8.69467028E+01 -8.71507527E+01 -8.32784775E+01 -5.77181571E+01 -5.87136677E+01 -7.98642834E+01 -8.67429690E+01 -8.71780173E+01 -8.69352484E+01 -7.47722820E+01 -4.91548013E+01 -6.79886567E+01 -8.41634283E+01 -8.68699588E+01 -8.71043771E+01 -8.41889155E+01 -6.22934007E+01 -5.26413132E+01 -7.73070305E+01 -8.57290778E+01 -8.70776427E+01 -8.69806599E+01 -7.89637548E+01 -5.17278873E+01 -6.19679139E+01 -8.40918359E+01 -8.64464953E+01 -8.72775703E+01 -8.59497599E+01 -6.98412185E+01 -5.09608747E+01 -7.35014816E+01 -8.51506151E+01 -8.72220699E+01 -8.72204419E+01 -8.20758122E+01 -5.75478069E+01 -5.61338669E+01 -8.04886487E+01 -8.63985928E+01 -8.71384241E+01 -8.65779888E+01 -7.38453406E+01 -4.99737261E+01 -6.76716380E+01 -8.42454554E+01 -8.69077224E+01 -8.72328062E+01 -8.33159216E+01 -5.98057924E+01 -5.15175761E+01 -7.71770609E+01 -8.59305656E+01 -8.71260904E+01 -8.68638701E+01 -7.74063219E+01 -5.25669891E+01 -6.24372206E+01 -8.33456909E+01 -8.67040349E+01 -8.71796148E+01 -8.48669420E+01 -6.68691456E+01 -5.09446715E+01 -7.51208899E+01 -8.60834028E+01 -8.72178247E+01 -8.70196750E+01 -8.14656260E+01 -5.23798316E+01 -5.65372149E+01 -8.36427146E+01 -8.72061522E+01 -8.72768130E+01 -8.66519955E+01 -7.23007988E+01 -4.30469120E+01 -6.97842981E+01 -8.67337294E+01 -8.73005720E+01 -8.73346443E+01 -8.50411102E+01 -5.53314268E+01 -4.36450314E+01 -8.49405781E+01 -9.15812058E+01 -9.31229439E+01 -9.22340611E+01 -7.31209339E+01 -2.38212174E+00  1.24011302E-01  4.51876454E-02 -3.35676023E+00 -7.68874249E+01 -9.28576581E+01 -9.37345046E+01 -9.18730218E+01 -8.26691134E+01 -4.02375526E+01 -6.32914150E+01 -8.61023976E+01 -8.74140925E+01 -8.74314428E+01 -8.61892610E+01 -6.66020798E+01 -4.73158052E+01 -7.71645268E+01 -8.66730864E+01 -8.72718632E+01 -8.71977309E+01 -8.19592603E+01 -5.40349664E+01 -5.95791785E+01 -8.35892452E+01 -8.71661427E+01 -8.72919528E+01 -8.60324739E+01 -7.04191422E+01 -4.52295229E+01 -7.06442278E+01 -8.60180458E+01 -8.72108988E+01 -8.70052346E+01 -8.13195708E+01 -5.85023434E+01 -5.31269484E+01 -8.07009839E+01 -8.69829589E+01 -8.72697959E+01 -8.57261964E+01 -7.39412861E+01 -5.06904986E+01 -6.55270853E+01 -8.53429962E+01 -8.71925634E+01 -8.71108960E+01 -8.29358662E+01 -6.43870276E+01 -5.26074524E+01 -7.68795859E+01 -8.64664670E+01 -8.71449216E+01 -8.61041629E+01 -7.73820480E+01 -5.61915382E+01 -6.36888429E+01 -8.27322830E+01 -8.73100090E+01 -8.72684184E+01 -8.46809648E+01 -6.87248359E+01 -5.47851233E+01 -7.21730701E+01 -8.58058599E+01 -8.72189045E+01 -8.68051363E+01 -7.95987467E+01 -5.92543508E+01 -6.02884275E+01 -7.96721861E+01 -8.69107385E+01 -8.73056479E+01 -8.51825973E+01 -7.10538874E+01 -5.57900219E+01 -6.88755330E+01 -8.49595163E+01 -8.72622544E+01 -8.67998294E+01 -8.16962194E+01 -6.14990752E+01 -5.93675533E+01 -7.62474331E+01 -8.68394710E+01 -8.71735753E+01 -8.60096777E+01 -7.42561214E+01 -5.48449823E+01 -6.63399348E+01 -8.33543756E+01 -8.69472250E+01 -8.71087425E+01 -8.32347043E+01 -6.42457748E+01 -5.32691936E+01 -7.35158141E+01 -8.65912320E+01 -8.73161195E+01 -8.68059445E+01 -7.94158240E+01 -5.59267504E+01
 -7.13822611E+01 -8.10565993E+01 -8.71404077E+01 -8.68863791E+01 -7.99300605E+01 -6.60626793E+01 -6.74377565E+01 -7.21714523E+01 -8.52645137E+01 -8.70576734E+01 -8.59525582E+01 -7.50176101E+01 -6.14759435E+01 -6.11741727E+01 -7.49075992E+01 -8.63995640E+01 -8.73377279E+01 -8.34512043E+01 -6.69834068E+01 -5.81856560E+01 -6.35989048E+01 -8.23423035E+01 -8.74358921E+01 -8.67067138E+01 -7.91876906E+01 -5.80779174E+01 -5.78141901E+01 -7.46982090E+01 -8.66503987E+01 -8.72111861E+01 -8.48502857E+01 -7.16066481E+01 -5.34512100E+01 -6.14131029E+01 -8.38830389E+01 -8.71736602E+01 -8.70701105E+01 -8.14816091E+01 -6.43518930E+01 -5.33104135E+01 -7.06976834E+01 -8.57902548E+01 -8.70768661E+01 -8.63255748E+01 -7.72098403E+01 -5.26610471E+01 -5.88069435E+01 -8.17410841E+01 -8.73494302E+01 -8.73541633E+01 -8.50263144E+01 -6.75831840E+01 -5.40185002E+01 -7.17252798E+01 -8.64456857E+01 -8.74010315E+01 -8.71602754E+01 -8.14752098E+01 -5.89288003E+01 -5.43875378E+01 -8.11905520E+01 -8.71410583E+01 -8.73413832E+01 -8.65303352E+01 -7.23322542E+01 -4.86651032E+01 -6.45402883E+01 -8.57691792E+01 -8.74617268E+01 -8.74153389E+01 -8.44036265E+01 -6.25485065E+01 -4.87907351E+01 -7.46443206E+01 -8.71531046E+01 -8.73966338E+01 -8.66501878E+01 -8.04920347E+01 -5.38490936E+01 -5.41296876E+01 -8.46659634E+01 -8.74455724E+01 -8.74918748E+01 -8.62540760E+01 -7.18983211E+01 -4.15980518E+01 -6.85737184E+01 -8.67979248E+01 -8.75346452E+01 -8.72707588E+01 -8.44376096E+01 -5.68437137E+01 -3.63536579E+01 -8.37162529E+01 -9.18295600E+01 -9.35171546E+01 -9.26348336E+01 -7.41029865E+01 -2.40681043E+00  0.00000000E+00  1.58860763E-01 -5.77200243E+00 -7.60527010E+01 -9.31418321E+01 -9.38238530E+01 -9.18470390E+01 -7.81160870E+01 -3.38306415E+01 -7.10125523E+01 -8.64873828E+01 -8.74773649E+01 -8.72825646E+01 -8.57178574E+01 -5.37956871E+01 -5.10104734E+01 -8.04304666E+01 -8.70757849E+01 -8.72927213E+01 -8.70802237E+01 -7.55620675E+01 -4.55283284E+01 -6.60155231E+01 -8.54446770E+01 -8.72608147E+01 -8.73590816E+01 -8.52803725E+01 -5.95804130E+01 -4.77290743E+01 -7.77683261E+01 -8.69761022E+01 -8.71076970E+01 -8.70341026E+01 -7.84614030E+01 -5.07149471E+01 -6.46376448E+01 -8.46060423E+01 -8.73067199E+01 -8.73010660E+01 -8.40565314E+01 -6.43544773E+01 -4.91309758E+01 -7.56630792E+01 -8.67733658E+01 -8.72169794E+01 -8.67222144E+01 -7.80320557E+01 -5.57515862E+01 -5.87817738E+01 -8.39644937E+01 -8.75166823E+01 -8.73822324E+01 -8.41478621E+01 -7.06213598E+01 -5.06648848E+01 -7.26733546E+01 -8.65128890E+01 -8.72470017E+01 -8.67208384E+01 -7.97108904E+01 -5.76319040E+01 -5.69665760E+01 -8.10228444E+01 -8.72056469E+01 -8.72242917E+01 -8.44732599E+01 -7.06412944E+01 -4.80166159E+01 -6.81867915E+01 -8.53120228E+01 -8.70161445E+01 -8.66553590E+01 -8.10644826E+01 -5.95456509E+01 -5.73102074E+01 -7.70318815E+01 -8.60674672E+01 -8.69522704E+01 -8.51961806E+01 -7.18247641E+01 -5.89515641E+01 -6.89762147E+01 -8.27876813E+01 -8.66052553E+01 -8.68128336E+01 -8.28185414E+01 -6.36318516E+01 -6.54929362E+01 -7.41260134E+01 -8.50341710E+01 -8.73423544E+01 -8.69425835E+01 -7.51872863E+01 -6.48958426E+01 -6.90421735E+01 -8.00017511E+01 -8.66059461E+01 -8.71927066E+01 -8.48919742E+01 -6.95665580E+01 -6.76446653E+01
 -6.31797407E+01 -7.79646551E+01 -8.57579326E+01 -8.71324294E+01 -8.59161320E+01 -7.24363612E+01 -5.67562971E+01 -6.84475467E+01 -8.33473326E+01 -8.67944759E+01 -8.68680753E+01 -8.27370843E+01 -6.47971062E+01 -5.93044102E+01 -7.76621894E+01 -8.49224563E+01 -8.71576970E+01 -8.65327109E+01 -7.57768492E+01 -5.83117761E+01 -6.70144063E+01 -8.11240370E+01 -8.62119132E+01 -8.71828509E+01 -8.56370437E+01 -6.76673294E+01 -5.94553739E+01 -7.39600041E+01 -8.36734649E+01 -8.71907220E+01 -8.71344183E+01 -8.19000439E+01 -5.80225086E+01 -6.32136973E+01 -7.84392300E+01 -8.62527530E+01 -8.72810999E+01 -8.67048058E+01 -7.30026699E+01 -5.68497085E+01 -6.92148405E+01 -8.27748746E+01 -8.71679347E+01 -8.72657713E+01 -8.40014261E+01 -6.36562545E+01 -5.72087389E+01 -7.57111662E+01 -8.63208201E+01 -8.72872460E+01 -8.70362726E+01 -7.91780712E+01 -5.64689093E+01 -6.23562721E+01 -8.23092700E+01 -8.71155385E+01 -8.71542929E+01 -8.57226014E+01 -7.03937424E+01 -5.33010058E+01 -7.37659753E+01 -8.62987060E+01 -8.73707138E+01 -8.70756029E+01 -8.30258632E+01 -5.96804529E+01 -5.63783041E+01 -8.21205690E+01 -8.70005801E+01 -8.71870202E+01 -8.65695069E+01 -7.57851391E+01 -4.86900185E+01 -6.94393607E+01 -8.63606620E+01 -8.72205124E+01 -8.72391354E+01 -8.44813258E+01 -6.28974282E+01 -4.99518946E+01 -8.14733599E+01 -8.71272174E+01 -8.73047109E+01 -8.71380603E+01 -7.94687494E+01 -4.52211468E+01 -6.56436659E+01 -8.61100869E+01 -8.72922985E+01 -8.73203530E+01 -8.67211238E+01 -6.45582106E+01 -3.70888297E+01 -8.33834622E+01 -9.16887494E+01 -9.37524896E+01 -9.30947526E+01 -7.66607395E+01 -2.90543724E+00  1.91056902E-01  2.11887552E-02 -3.68484857E+00 -7.62125927E+01 -9.28826129E+01 -9.36674796E+01 -9.17005875E+01 -8.32458535E+01 -4.20008936E+01 -6.45832399E+01 -8.59112132E+01 -8.73463239E+01 -8.72873931E+01 -8.65370401E+01 -6.75039169E+01 -4.86429576E+01 -7.57867047E+01 -8.63728424E+01 -8.72735426E+01 -8.70446722E+01 -8.08319624E+01 -5.61629324E+01 -5.98642663E+01 -8.18847944E+01 -8.69037340E+01 -8.70602738E+01 -8.61631755E+01 -7.23618654E+01 -5.44774770E+01 -7.19410613E+01 -8.49342097E+01 -8.70243639E+01 -8.70396081E+01 -8.21983535E+01 -6.34895144E+01 -5.96673514E+01 -7.82449151E+01 -8.59388036E+01 -8.72533115E+01 -8.61718934E+01 -7.39206144E+01 -5.78640938E+01 -6.77631388E+01 -8.24467970E+01 -8.66432527E+01 -8.71434295E+01 -8.32390549E+01 -6.61487685E+01 -5.91363130E+01 -7.57090289E+01 -8.49308113E+01 -8.72162330E+01 -8.66587525E+01 -7.68924939E+01 -6.12175203E+01 -6.63755201E+01 -7.99208157E+01 -8.60814165E+01 -8.73208988E+01 -8.51050512E+01 -7.03862219E+01 -6.27500901E+01 -7.28711586E+01 -8.31824857E+01 -8.66269462E+01 -8.72712808E+01 -8.08943696E+01 -6.38639263E+01 -6.69859347E+01 -7.78662640E+01 -8.46746626E+01 -8.70859311E+01 -8.59217307E+01 -7.24076386E+01 -5.97227522E+01 -7.09786813E+01 -7.97443137E+01 -8.62346256E+01 -8.71323009E+01 -8.32665649E+01 -6.47658731E+01 -6.34341910E+01 -7.32970421E+01 -8.34248536E+01 -8.71624748E+01 -8.64402292E+01 -7.66659387E+01 -6.09264181E+01 -7.00265391E+01 -7.88514125E+01 -8.58136774E+01 -8.72036787E+01 -8.46967897E+01 -6.87400590E+01 -6.16879756E+01 -7.23783861E+01 -8.28657978E+01 -8.67192659E+01 -8.70123709E+01 -8.02617978E+01 -6.12800347E+01
 -6.67802750E+01 -8.11775218E+01 -8.60681007E+01 -8.61395895E+01 -8.06718016E+01 -6.56248689E+01 -5.91034829E+01 -7.20239529E+01 -8.45033615E+01 -8.68406209E+01 -8.48088617E+01 -7.63434859E+01 -5.98393779E+01 -6.43468517E+01 -7.89534025E+01 -8.66920932E+01 -8.65695190E+01 -8.23162537E+01 -6.73574952E+01 -5.91076733E+01 -7.09880076E+01 -8.41218711E+01 -8.69484956E+01 -8.55410863E+01 -7.85735391E+01 -6.13299248E+01 -6.11039818E+01 -7.87428231E+01 -8.61820057E+01 -8.69635771E+01 -8.33804647E+01 -6.95721157E+01 -5.41892286E+01 -6.92335920E+01 -8.34906233E+01 -8.69701324E+01 -8.68929933E+01 -8.04189383E+01 -6.12417949E+01 -5.88028656E+01 -7.76028739E+01 -8.60869485E+01 -8.73423032E+01 -8.58789582E+01 -7.32445041E+01 -5.59378134E+01 -6.74415446E+01 -8.26910523E+01 -8.72375092E+01 -8.73131112E+01 -8.38117135E+01 -6.57057227E+01 -5.73756253E+01 -7.48676961E+01 -8.58958008E+01 -8.71513114E+01 -8.67120590E+01 -7.85365523E+01 -5.66400603E+01 -6.36925685E+01 -8.17451438E+01 -8.70370737E+01 -8.71868940E+01 -8.62306065E+01 -7.14030861E+01 -5.33320051E+01 -7.09166649E+01 -8.53096167E+01 -8.72248827E+01 -8.72657484E+01 -8.36770833E+01 -6.08683443E+01 -5.44335537E+01 -7.91359379E+01 -8.69952729E+01 -8.73397364E+01 -8.70780020E+01 -7.99445624E+01 -5.10361798E+01 -6.21409352E+01 -8.48324669E+01 -8.72641007E+01 -8.72596438E+01 -8.64407187E+01 -7.07470615E+01 -4.51842416E+01 -7.38155013E+01 -8.71653745E+01 -8.73651479E+01 -8.75447802E+01 -8.55083617E+01 -5.70094483E+01 -4.47043451E+01 -8.57724934E+01 -9.17199948E+01 -9.34674153E+01 -9.25713663E+01 -7.39235559E+01 -2.20546076E+00  5.35745241E-02  2.13853057E-01 -3.15970558E+00 -7.61672072E+01 -9.25527484E+01 -9.35919317E+01 -9.16772178E+01 -8.19828654E+01 -3.85549557E+01 -6.42105919E+01 -8.66606697E+01 -8.73454061E+01 -8.74539640E+01 -8.60593030E+01 -6.57181626E+01 -4.80404944E+01 -7.75795621E+01 -8.71138537E+01 -8.72209471E+01 -8.68278743E+01 -8.06124496E+01 -5.31215307E+01 -6.25967587E+01 -8.39503511E+01 -8.71832312E+01 -8.71243230E+01 -8.54371036E+01 -7.05987919E+01 -5.46512019E+01 -7.20880958E+01 -8.62035389E+01 -8.73734310E+01 -8.68787513E+01 -8.01359154E+01 -6.02185207E+01 -6.15190676E+01 -8.06887845E+01 -8.69097091E+01 -8.71631648E+01 -8.50538215E+01 -7.14303101E+01 -5.85197776E+01 -7.07940132E+01 -8.48390354E+01 -8.71487174E+01 -8.66067005E+01 -7.89334973E+01 -6.47580549E+01 -6.03424174E+01 -7.70800825E+01 -8.65236557E+01 -8.71945219E+01 -8.48774080E+01 -7.46201494E+01 -5.99382964E+01 -6.51701063E+01 -8.25498370E+01 -8.69419430E+01 -8.65945715E+01 -8.01953841E+01 -6.65631456E+01 -5.75411072E+01 -7.49846303E+01 -8.55004530E+01 -8.73475513E+01 -8.55786120E+01 -7.63964461E+01 -5.91444390E+01 -6.35195853E+01 -8.16092568E+01 -8.65271057E+01 -8.69523050E+01 -8.19376198E+01 -6.65973392E+01 -5.79870227E+01 -7.27339043E+01 -8.40804715E+01 -8.68366028E+01 -8.61005824E+01 -7.55666955E+01 -5.89518045E+01 -6.25252139E+01 -7.94754488E+01 -8.54277429E+01 -8.70817004E+01 -8.31869456E+01 -6.73478156E+01 -5.37153759E+01 -7.19247310E+01 -8.25864397E+01 -8.66048409E+01 -8.60431575E+01 -7.90297608E+01 -6.08269098E+01 -6.08250582E+01 -7.64095746E+01 -8.45806893E+01 -8.69673223E+01 -8.41221554E+01 -7.26217867E+01 -5.86538464E+01
 -6.30323847E+01 -7.92015153E+01 -8.67781805E+01 -8.71126187E+01 -8.31538732E+01 -6.74769751E+01 -5.96125384E+01 -6.83589410E+01 -8.43820244E+01 -8.72804068E+01 -8.66871998E+01 -7.78055060E+01 -6.27609973E+01 -6.22307117E+01 -7.60585592E+01 -8.67219542E+01 -8.72594329E+01 -8.51284764E+01 -7.22775250E+01 -6.20608473E+01 -6.68234202E+01 -8.20070528E+01 -8.71274013E+01 -8.69516614E+01 -8.18391402E+01 -6.53708210E+01 -5.96210497E+01 -7.14374026E+01 -8.44698828E+01 -8.71366161E+01 -8.65023298E+01 -7.72794430E+01 -6.13315727E+01 -6.32315534E+01 -7.90164843E+01 -8.64578252E+01 -8.72862983E+01 -8.54625695E+01 -7.14640113E+01 -5.43906105E+01 -6.97341079E+01 -8.41773352E+01 -8.69920468E+01 -8.72699186E+01 -8.24939208E+01 -6.27394167E+01 -5.50857294E+01 -7.88298869E+01 -8.63663163E+01 -8.71977301E+01 -8.66841761E+01 -7.62200101E+01 -5.43728214E+01 -6.52487818E+01 -8.35472687E+01 -8.70191791E+01 -8.72474654E+01 -8.55817619E+01 -6.71336298E+01 -5.12739539E+01 -7.27855020E+01 -8.54166471E+01 -8.71750715E+01 -8.72193758E+01 -8.25399741E+01 -5.71612460E+01 -5.45238872E+01 -7.98762507E+01 -8.62711503E+01 -8.73210958E+01 -8.62149453E+01 -7.36818400E+01 -4.84580028E+01 -6.70065690E+01 -8.46571441E+01 -8.71889317E+01 -8.73581197E+01 -8.41876736E+01 -6.20622568E+01 -5.04671706E+01 -7.69800794E+01 -8.67207299E+01 -8.71714869E+01 -8.70245891E+01 -7.74732902E+01 -4.73756884E+01 -6.16488161E+01 -8.52574085E+01 -8.73341864E+01 -8.73946042E+01 -8.64454426E+01 -6.43259580E+01 -3.71593716E+01 -7.94645169E+01 -9.18733368E+01 -9.36197815E+01 -9.29373805E+01 -7.60752294E+01 -4.91522776E+00  1.11157201E-01  8.29233781E-02 -3.50706626E+00 -7.41681688E+01 -9.23540596E+01 -9.34103445E+01 -9.15084553E+01 -8.20267325E+01 -3.80702472E+01 -6.12208173E+01 -8.52347862E+01 -8.74747460E+01 -8.72823369E+01 -8.62356629E+01 -6.42376332E+01 -4.40123397E+01 -7.50161410E+01 -8.63696924E+01 -8.72494684E+01 -8.71216427E+01 -8.02586129E+01 -5.28940480E+01 -5.87748447E+01 -8.04829884E+01 -8.66339443E+01 -8.73257563E+01 -8.58243356E+01 -6.99563004E+01 -5.15996062E+01 -6.95286117E+01 -8.36113220E+01 -8.71819727E+01 -8.68185847E+01 -8.20385775E+01 -5.98263578E+01 -5.59148262E+01 -7.68550870E+01 -8.55001595E+01 -8.70508885E+01 -8.59073609E+01 -7.42875283E+01 -5.55234376E+01 -6.56070728E+01 -8.24917390E+01 -8.66214189E+01 -8.67865102E+01 -8.25705057E+01 -6.45806113E+01 -5.87719220E+01 -7.19622672E+01 -8.49542014E+01 -8.71781886E+01 -8.65385404E+01 -7.57519161E+01 -6.08009371E+01 -6.44822137E+01 -7.92153476E+01 -8.63664673E+01 -8.71491132E+01 -8.34928136E+01 -6.73474613E+01 -6.09644370E+01 -7.25394457E+01 -8.43778726E+01 -8.70955081E+01 -8.66372085E+01 -7.64561881E+01 -5.95256171E+01 -6.47565291E+01 -8.02322047E+01 -8.64277980E+01 -8.72709950E+01 -8.42161328E+01 -6.78572782E+01 -5.72467680E+01 -7.20080898E+01 -8.40689867E+01 -8.71968674E+01 -8.70191259E+01 -7.98459801E+01 -6.21364279E+01 -6.05897831E+01 -7.82318842E+01 -8.63063691E+01 -8.70965421E+01 -8.51663462E+01 -7.17249052E+01 -5.79168484E+01 -6.66474745E+01 -8.27199314E+01 -8.72416228E+01 -8.72972446E+01 -8.05037071E+01 -6.38492093E+01 -5.87228697E+01 -7.52605749E+01 -8.62213309E+01 -8.72805228E+01 -8.61105232E+01 -7.44653181E+01 -5.89806668E+01
 -5.98537868E+01 -6.87673990E+01 -7.92247166E+01 -8.61953217E+01 -8.67759780E+01 -7.70612432E+01 -6.39264141E+01 -6.42753876E+01 -7.14361389E+01 -8.40012687E+01 -8.68672259E+01 -8.42217607E+01 -7.14839836E+01 -6.08323966E+01 -6.76361127E+01 -7.88451906E+01 -8.60194719E+01 -8.66596759E+01 -7.98049815E+01 -6.43778777E+01 -6.19911686E+01 -7.16592586E+01 -8.36048629E+01 -8.66504574E+01 -8.52757494E+01 -7.27013706E+01 -6.38770396E+01 -6.50194805E+01 -7.81995531E+01 -8.53369420E+01 -8.71099897E+01 -8.26792749E+01 -6.71809722E+01 -6.29485552E+01 -7.23995974E+01 -8.27682176E+01 -8.68933252E+01 -8.52921343E+01 -7.57742433E+01 -6.30567469E+01 -6.42874940E+01 -7.62787691E+01 -8.56244208E+01 -8.69598223E+01 -8.12244985E+01 -7.11791888E+01 -6.11313784E+01 -6.95784100E+01 -8.22851601E+01 -8.68980285E+01 -8.52415558E+01 -7.76505660E+01 -6.26160602E+01 -6.29363120E+01 -7.64721127E+01 -8.55226065E+01 -8.70919604E+01 -8.37218989E+01 -7.09689763E+01 -5.79309781E+01 -6.92362511E+01 -8.24173801E+01 -8.68712415E+01 -8.62653317E+01 -8.01303782E+01 -5.82720005E+01 -5.69243187E+01 -7.72189116E+01 -8.61261575E+01 -8.71938081E+01 -8.59361127E+01 -7.48368995E+01 -5.43747009E+01 -6.58432040E+01 -8.43689447E+01 -8.72085736E+01 -8.72680750E+01 -8.36569832E+01 -6.42520865E+01 -5.11531969E+01 -7.75776058E+01 -8.67194828E+01 -8.72169797E+01 -8.67612170E+01 -7.79669364E+01 -4.55122349E+01 -6.13354323E+01 -8.59287674E+01 -8.73642819E+01 -8.74008452E+01 -8.57140150E+01 -6.51281172E+01 -3.35436376E+01 -7.97425418E+01 -9.17499079E+01 -9.35967280E+01 -9.27257074E+01 -7.53737856E+01 -3.73168262E+00  1.61907672E-01  1.12751686E-01 -3.27138478E+00 -7.24905530E+01 -9.25049576E+01 -9.34074031E+01 -9.15474303E+01 -8.59772402E+01 -4.53921760E+01 -5.43908324E+01 -8.36382046E+01 -8.73154152E+01 -8.74209695E+01 -8.69275439E+01 -7.33549442E+01 -4.60411929E+01 -6.87747594E+01 -8.49636408E+01 -8.71783653E+01 -8.73987820E+01 -8.47176015E+01 -6.24236928E+01 -5.37106139E+01 -7.59038450E+01 -8.56747833E+01 -8.72674966E+01 -8.67121469E+01 -7.91008373E+01 -5.72191614E+01 -6.23644055E+01 -7.93983357E+01 -8.61936741E+01 -8.71903953E+01 -8.47543440E+01 -7.24510216E+01 -5.70247827E+01 -6.99904095E+01 -8.12236775E+01 -8.69116107E+01 -8.69031947E+01 -8.09169743E+01 -6.34066236E+01 -5.89414009E+01 -7.48765486E+01 -8.42709395E+01 -8.70672084E+01 -8.59192574E+01 -7.54571351E+01 -5.74496472E+01 -6.66266940E+01 -7.90371560E+01 -8.58133904E+01 -8.72666021E+01 -8.28732273E+01 -6.88316463E+01 -6.06835304E+01 -7.42882855E+01 -8.27630147E+01 -8.66356932E+01 -8.68619532E+01 -7.79434754E+01 -6.41203987E+01 -6.53196909E+01 -7.74662687E+01 -8.29995923E+01 -8.70981514E+01 -8.45176313E+01 -7.26209805E+01 -6.18100342E+01 -7.18390301E+01 -8.01190112E+01 -8.57235154E+01 -8.68067621E+01 -8.08523945E+01 -6.63648365E+01 -6.55739188E+01 -7.49311242E+01 -8.18396911E+01 -8.65284322E+01 -8.47879611E+01 -7.42750094E+01 -6.30329312E+01 -6.76284230E+01 -7.74970155E+01 -8.47550933E+01 -8.67110854E+01 -8.06679238E+01 -6.86758149E+01 -6.41712154E+01 -7.24953214E+01 -8.14402236E+01 -8.64843397E+01 -8.58801151E+01 -7.34632553E+01 -6.32564776E+01 -6.46306809E+01 -7.68357956E+01 -8.47425816E+01 -8.71732686E+01 -8.30603231E+01 -6.85446886E+01
 -6.44651642E+01 -7.78059571E+01 -8.50859081E+01 -8.70695575E+01 -8.45476244E+01 -7.18967037E+01 -6.16891658E+01 -6.96018612E+01 -8.11695201E+01 -8.63817441E+01 -8.64121164E+01 -8.14128314E+01 -6.52355575E+01 -6.02612062E+01 -7.39549916E+01 -8.44455676E+01 -8.73482273E+01 -8.55905694E+01 -7.64976925E+01 -5.80427432E+01 -6.44252832E+01 -7.85803059E+01 -8.64175548E+01 -8.70557711E+01 -8.44238755E+01 -6.71524579E+01 -5.55295171E+01 -6.96848306E+01 -8.22450802E+01 -8.72042978E+01 -8.73902387E+01 -8.06834480E+01 -5.90313854E+01 -6.08967094E+01 -7.50671764E+01 -8.56416540E+01 -8.72890604E+01 -8.67596027E+01 -7.35872716E+01 -5.49453877E+01 -6.56667264E+01 -8.26418610E+01 -8.73188582E+01 -8.71455957E+01 -8.36794799E+01 -6.20734864E+01 -5.25977205E+01 -7.34263453E+01 -8.57595482E+01 -8.72847909E+01 -8.70712952E+01 -7.75541870E+01 -5.34250366E+01 -6.30137803E+01 -8.24298456E+01 -8.73141566E+01 -8.72563118E+01 -8.55947787E+01 -6.59227926E+01 -5.29733073E+01 -7.28582807E+01 -8.57003393E+01 -8.71831277E+01 -8.69781087E+01 -7.85713899E+01 -5.40116060E+01 -5.86283269E+01 -8.28623158E+01 -8.72796100E+01 -8.71823480E+01 -8.57334681E+01 -6.84726712E+01 -5.18191958E+01 -7.22477726E+01 -8.63903381E+01 -8.73815609E+01 -8.72924072E+01 -8.28345264E+01 -5.71894477E+01 -5.69674474E+01 -8.29924631E+01 -8.72567610E+01 -8.73299614E+01 -8.69949992E+01 -7.44233838E+01 -4.80853160E+01 -6.94453991E+01 -8.68988746E+01 -8.73031735E+01 -8.74322800E+01 -8.60578485E+01 -6.07254523E+01 -4.20198728E+01 -8.25565782E+01 -9.18457338E+01 -9.34593370E+01 -9.28198187E+01 -7.41936676E+01 -3.55351542E+00  0.00000000E+00  1.88064076E-01 -2.16918033E+00 -7.48712637E+01 -9.27076713E+01 -9.34015609E+01 -9.15720122E+01 -8.27626213E+01 -3.93878995E+01 -6.03233340E+01 -8.61405277E+01 -8.74089958E+01 -8.73232108E+01 -8.63080542E+01 -6.59555287E+01 -4.57412200E+01 -7.64362548E+01 -8.68632853E+01 -8.72215530E+01 -8.71502986E+01 -8.14537816E+01 -5.72719487E+01 -5.86758216E+01 -8.25530942E+01 -8.73287046E+01 -8.73591598E+01 -8.65650656E+01 -7.22856560E+01 -5.21560459E+01 -6.90496605E+01 -8.57847864E+01 -8.71984385E+01 -8.71467921E+01 -8.25824060E+01 -5.90429201E+01 -5.59412138E+01 -7.89393934E+01 -8.68336616E+01 -8.72963911E+01 -8.62456290E+01 -7.40564544E+01 -5.43688979E+01 -6.46735024E+01 -8.26089324E+01 -8.71822000E+01 -8.71884181E+01 -8.27544116E+01 -6.44605467E+01 -5.55420208E+01 -7.34963563E+01 -8.52223168E+01 -8.71483048E+01 -8.66857867E+01 -7.48316571E+01 -5.72851525E+01 -6.45899828E+01 -7.88083619E+01 -8.63833319E+01 -8.72447088E+01 -8.34118421E+01 -6.77980380E+01 -5.95474709E+01 -7.21676207E+01 -8.17992421E+01 -8.69760077E+01 -8.71207161E+01 -7.75421739E+01 -6.10978516E+01 -6.44729660E+01 -7.67114753E+01 -8.49998685E+01 -8.72789401E+01 -8.45740476E+01 -6.98097980E+01 -6.09914876E+01 -7.13338227E+01 -8.00947968E+01 -8.68477025E+01 -8.70652850E+01 -7.85243498E+01 -6.49042576E+01 -6.56878603E+01 -7.35472687E+01 -8.40696516E+01 -8.72479742E+01 -8.51995959E+01 -7.35377736E+01 -6.30033590E+01 -6.77200878E+01 -7.76831351E+01 -8.66045139E+01 -8.69717230E+01 -8.20231233E+01 -7.06801569E+01 -6.37751914E+01 -7.00493330E+01 -8.35036941E+01 -8.70480985E+01 -8.61089368E+01 -7.75022224E+01 -6.49708870E+01
 -7.56186620E+01 -8.68289817E+01 -8.73406074E+01 -8.69263240E+01 -7.71131247E+01 -5.10330299E+01 -5.51107209E+01 -8.23262147E+01 -8.69972959E+01 -8.71041246E+01 -8.61584650E+01 -6.93473016E+01 -4.74632879E+01 -6.87840112E+01 -8.55692316E+01 -8.72994475E+01 -8.71587334E+01 -8.21787064E+01 -5.85927377E+01 -5.37195299E+01 -7.79456526E+01 -8.63458079E+01 -8.71824582E+01 -8.67120265E+01 -7.52330278E+01 -5.25387649E+01 -6.68549755E+01 -8.28641403E+01 -8.70323770E+01 -8.70961797E+01 -8.33464375E+01 -6.37304450E+01 -5.50852258E+01 -7.60371355E+01 -8.54425169E+01 -8.69651321E+01 -8.69490825E+01 -7.84265804E+01 -5.60962664E+01 -6.23185423E+01 -8.07727889E+01 -8.70913664E+01 -8.72966427E+01 -8.62501611E+01 -7.14395308E+01 -5.00584015E+01 -7.09180653E+01 -8.55997613E+01 -8.73835439E+01 -8.68891295E+01 -8.18852032E+01 -5.90197488E+01 -5.52097732E+01 -7.85389466E+01 -8.65231424E+01 -8.72283680E+01 -8.65667928E+01 -7.69971701E+01 -5.08491770E+01 -6.15521838E+01 -8.34569951E+01 -8.71570962E+01 -8.74640688E+01 -8.56989972E+01 -6.90876391E+01 -4.78577072E+01 -7.11258333E+01 -8.60637275E+01 -8.73875451E+01 -8.71618389E+01 -8.30557732E+01 -5.83661383E+01 -5.07089141E+01 -7.96655124E+01 -8.73751876E+01 -8.73453408E+01 -8.69311551E+01 -7.92319935E+01 -4.91215325E+01 -6.30709952E+01 -8.52001720E+01 -8.71938454E+01 -8.71912535E+01 -8.65264672E+01 -7.13441063E+01 -4.50023314E+01 -7.54556727E+01 -8.67398448E+01 -8.73679025E+01 -8.72923547E+01 -8.52008264E+01 -5.51784858E+01 -4.39993446E+01 -8.56435432E+01 -9.16906182E+01 -9.35601900E+01 -9.28011786E+01 -7.33492017E+01 -2.82128484E+00  2.05463799E-01  8.76866377E-02 -4.56747311E+00 -7.58286653E+01 -9.28173237E+01 -9.36885057E+01 -9.14844604E+01 -8.11680772E+01 -3.61377882E+01 -6.25781925E+01 -8.55642704E+01 -8.71545277E+01 -8.72719812E+01 -8.58639337E+01 -5.84196510E+01 -4.36692474E+01 -7.78649204E+01 -8.67470442E+01 -8.70124005E+01 -8.70236524E+01 -7.67334643E+01 -4.96077890E+01 -6.19076166E+01 -8.53706656E+01 -8.70870810E+01 -8.72549424E+01 -8.46194618E+01 -6.52741602E+01 -5.22219057E+01 -7.62099873E+01 -8.68536896E+01 -8.72136995E+01 -8.70067546E+01 -7.56398195E+01 -5.48877373E+01 -6.04544849E+01 -8.41368044E+01 -8.71430792E+01 -8.69184694E+01 -8.20875391E+01 -6.65115066E+01 -5.27995125E+01 -7.39495639E+01 -8.66121568E+01 -8.71997714E+01 -8.65077587E+01 -7.63960241E+01 -5.75153765E+01 -5.66888401E+01 -8.31019624E+01 -8.73920894E+01 -8.71797429E+01 -8.27187255E+01 -6.81895706E+01 -4.81327101E+01 -7.13668386E+01 -8.58226780E+01 -8.70720521E+01 -8.67170400E+01 -7.74310274E+01 -5.61506639E+01 -5.59388283E+01 -8.09507914E+01 -8.69194120E+01 -8.71492633E+01 -8.39477176E+01 -7.01641296E+01 -5.03329611E+01 -7.01815099E+01 -8.59578809E+01 -8.71116860E+01 -8.64589400E+01 -7.81220301E+01 -6.04158006E+01 -5.46991999E+01 -8.15868231E+01 -8.73328515E+01 -8.72403446E+01 -8.38492084E+01 -7.21782434E+01 -4.97761301E+01 -6.70345017E+01 -8.60984462E+01 -8.72835526E+01 -8.68921919E+01 -8.16244477E+01 -6.03225789E+01 -5.04469491E+01 -7.92799467E+01 -8.70462534E+01 -8.72710449E+01 -8.64336969E+01 -7.43700962E+01 -4.88752259E+01 -6.20873043E+01 -8.61234938E+01 -8.73387512E+01 -8.71964853E+01 -8.36350675E+01 -6.14947173E+01 -4.65962757E+01
 -7.41604007E+01 -8.69348104E+01 -8.73864564E+01 -8.72459593E+01 -8.65767249E+01 -5.93091597E+01 -5.92551804E+01 -8.42420258E+01 -8.68240282E+01 -8.67746208E+01 -8.78714700E+01 -6.97010055E+01 -3.43124898E+01 -6.82905124E+01 -8.49996777E+01 -8.58792412E+01 -8.60738463E+01 -7.86406059E+01 -5.49313203E+01 -5.22135311E+01 -8.25003292E+01 -8.66415678E+01 -8.64601123E+01 -8.72157407E+01 -6.82720191E+01 -3.41846786E+01 -7.20572838E+01 -8.66381754E+01 -8.69234580E+01 -8.69672581E+01 -8.35212023E+01 -5.59079922E+01 -5.32368959E+01 -7.68265661E+01 -8.67756410E+01 -8.74779747E+01 -8.72881382E+01 -6.83164519E+01 -5.75704069E+01 -6.31171268E+01 -8.61530067E+01 -8.62892223E+01 -8.75234526E+01 -8.62113109E+01 -5.75990272E+01 -5.32778898E+01 -7.95654179E+01 -8.75076204E+01 -8.72696076E+01 -8.74901057E+01 -7.63064664E+01 -4.56328165E+01 -6.38393006E+01 -8.64768644E+01 -8.64679037E+01 -8.72022242E+01 -8.64829384E+01 -7.09901715E+01 -4.08478799E+01 -6.87410431E+01 -8.71364179E+01 -8.69740107E+01 -8.75193319E+01 -8.72279490E+01 -6.40951972E+01 -4.42776354E+01 -8.05869051E+01 -8.77342340E+01 -8.75706137E+01 -8.77132563E+01 -8.10118526E+01 -6.91015980E+01 -4.51856719E+01 -7.39310705E+01 -8.77583260E+01 -8.82929016E+01 -8.80354456E+01 -8.72198370E+01 -5.61344000E+01 -5.14433165E+01 -8.74487540E+01 -8.66796937E+01 -8.70904517E+01 -8.74957967E+01 -7.68107861E+01 -4.36781552E+01 -8.16158657E+01 -8.78398439E+01 -8.71208808E+01 -8.70966279E+01 -8.37764022E+01 -5.40737225E+01 -2.95544614E+01 -8.73174002E+01 -9.15235875E+01 -9.48483816E+01 -9.27828883E+01 -7.73073469E+01 -6.09425876E+00  0.00000000E+00  0.00000000E+00 -6.64965883E+00 -7.69285328E+01 -9.34463829E+01 -9.37433272E+01 -9.23014844E+01 -8.27871322E+01 -3.49227423E+01 -5.97271182E+01 -8.73687778E+01 -8.74168650E+01 -8.73147056E+01 -8.79056840E+01 -6.12707614E+01 -3.50722669E+01 -7.72422941E+01 -8.81340408E+01 -8.75195701E+01 -8.71005686E+01 -8.01902449E+01 -4.65806984E+01 -4.97510675E+01 -8.63738301E+01 -8.73367874E+01 -8.75613024E+01 -8.83938448E+01 -7.17231762E+01 -4.86325510E+01 -6.69094180E+01 -8.75116639E+01 -8.78514159E+01 -8.82474014E+01 -8.82700189E+01 -6.16668295E+01 -4.88664622E+01 -8.26422120E+01 -8.73392902E+01 -8.77368658E+01 -8.76724586E+01 -7.98687176E+01 -3.16271964E+01 -5.88578532E+01 -8.77581911E+01 -8.82668673E+01 -8.80397010E+01 -8.65919424E+01 -5.89981906E+01 -3.27394085E+01 -7.51759626E+01 -8.46707044E+01 -8.64319570E+01 -8.69316886E+01 -7.45535429E+01 -4.22386577E+01 -6.48404747E+01 -8.75497739E+01 -8.70418627E+01 -8.59132615E+01 -8.16351668E+01 -5.68430461E+01 -5.50990734E+01 -8.31111465E+01 -8.67423113E+01 -8.68131270E+01 -8.65512669E+01 -7.97269764E+01 -5.15515067E+01 -7.73274026E+01 -8.84870294E+01 -8.76636440E+01 -8.69917021E+01 -8.53261063E+01 -6.83662369E+01 -5.63759754E+01 -8.65244894E+01 -8.67161887E+01 -8.69352644E+01 -8.59305557E+01 -7.55402065E+01 -4.58239330E+01 -7.64981567E+01 -8.93522810E+01 -8.87811066E+01 -8.88043847E+01 -8.75538666E+01 -7.85589182E+01 -4.93797668E+01 -8.19846514E+01 -8.66999158E+01 -8.70124560E+01 -8.75578241E+01 -8.50760521E+01 -4.66390156E+01 -5.69350986E+01 -8.12487487E+01 -8.76770289E+01 -8.69986423E+01 -8.71060142E+01 -7.31475137E+01 -4.33661032E+01
 -6.70749168E+01 -7.69345238E+01 -8.27665094E+01 -8.69006394E+01 -8.45935229E+01 -7.06072662E+01 -6.41706434E+01 -7.19746807E+01 -7.93355346E+01 -8.55171496E+01 -8.68632554E+01 -7.68900786E+01 -6.43692165E+01 -6.47688347E+01 -7.47110117E+01 -8.25379610E+01 -8.64054956E+01 -8.32867612E+01 -6.97893255E+01 -6.34677649E+01 -6.61950003E+01 -7.81981763E+01 -8.46185191E+01 -8.66334517E+01 -7.74608908E+01 -6.71324552E+01 -6.34547092E+01 -7.06864082E+01 -8.20451858E+01 -8.68864298E+01 -8.42309487E+01 -7.37352504E+01 -6.62459460E+01 -6.28101181E+01 -7.53607145E+01 -8.54779742E+01 -8.67438898E+01 -8.03028023E+01 -7.02193845E+01 -6.15046021E+01 -6.65943431E+01 -8.20185735E+01 -8.68147908E+01 -8.50041982E+01 -7.79703057E+01 -6.82385989E+01 -5.95528607E+01 -7.53495346E+01 -8.59127117E+01 -8.65593468E+01 -8.27655627E+01 -7.47682297E+01 -6.08436004E+01 -6.35838983E+01 -8.16251564E+01 -8.69007921E+01 -8.56953835E+01 -7.86110245E+01 -6.85646522E+01 -5.49639960E+01 -7.30353452E+01 -8.64375083E+01 -8.70430360E+01 -8.33143064E+01 -7.48867569E+01 -5.81177383E+01 -6.04800651E+01 -8.27173152E+01 -8.72007937E+01 -8.64107181E+01 -8.23223277E+01 -6.88448990E+01 -5.51252971E+01 -7.18907742E+01 -8.63432275E+01 -8.73206790E+01 -8.62693641E+01 -7.95359440E+01 -5.95274126E+01 -5.84306162E+01 -8.20375209E+01 -8.71438832E+01 -8.72717672E+01 -8.64977584E+01 -7.42228154E+01 -4.67116413E+01 -6.85261492E+01 -8.62663303E+01 -8.75248674E+01 -8.73463459E+01 -8.58724948E+01 -5.93008890E+01 -4.00759373E+01 -8.26410999E+01 -9.18823964E+01 -9.34843750E+01 -9.26935286E+01 -7.44851649E+01 -3.96905795E+00  1.92977476E-01  2.00035717E-01 -2.16537217E+00 -7.32557580E+01 -9.26523950E+01 -9.34539833E+01 -9.16170885E+01 -8.23844146E+01 -4.16024588E+01 -5.86439693E+01 -8.52222503E+01 -8.73369044E+01 -8.74840808E+01 -8.60702032E+01 -6.83563051E+01 -4.83986741E+01 -7.26478908E+01 -8.57275788E+01 -8.72233116E+01 -8.71003560E+01 -8.07035856E+01 -5.82596756E+01 -5.84705880E+01 -7.81724123E+01 -8.61108892E+01 -8.71825581E+01 -8.53567962E+01 -7.18915542E+01 -5.49115892E+01 -6.76636800E+01 -8.23475126E+01 -8.67803548E+01 -8.68524181E+01 -8.12244305E+01 -6.18014250E+01 -5.97030355E+01 -7.41458136E+01 -8.56099854E+01 -8.73848942E+01 -8.56827666E+01 -7.30586044E+01 -5.98536050E+01 -6.63249218E+01 -7.98444699E+01 -8.65296864E+01 -8.71639310E+01 -8.23236071E+01 -6.40117881E+01 -6.27945362E+01 -7.16899550E+01 -8.26709630E+01 -8.72188540E+01 -8.64439316E+01 -7.55735537E+01 -6.14251120E+01 -6.67737676E+01 -7.52109251E+01 -8.54784115E+01 -8.72457465E+01 -8.39368055E+01 -6.66542154E+01 -6.29978026E+01 -6.83016111E+01 -8.19287456E+01 -8.72935909E+01 -8.69078872E+01 -7.74598852E+01 -6.15973768E+01 -6.63983429E+01 -7.40212790E+01 -8.39387428E+01 -8.71602321E+01 -8.40562220E+01 -6.95080164E+01 -6.23879877E+01 -7.00704015E+01 -7.98236567E+01 -8.54211789E+01 -8.65903551E+01 -7.88609570E+01 -6.42362206E+01 -6.61400423E+01 -7.54724985E+01 -8.13152853E+01 -8.68900059E+01 -8.50257234E+01 -7.23724629E+01 -6.44676294E+01 -6.96913830E+01 -7.80539531E+01 -8.44763767E+01 -8.71177621E+01 -8.15844756E+01 -6.84917776E+01 -6.50247863E+01 -7.25561830E+01 -8.04591860E+01 -8.60757528E+01 -8.62462904E+01 -7.66341053E+01 -6.39992314E+01
 -6.54776108E+01 -7.35875515E+01 -8.34485002E+01 -8.70455397E+01 -8.57037011E+01 -7.44987475E+01 -6.39603290E+01 -6.60320841E+01 -7.73198985E+01 -8.59329389E+01 -8.69772483E+01 -8.32278435E+01 -7.09349799E+01 -6.21143917E+01 -6.80439528E+01 -8.17752128E+01 -8.70980409E+01 -8.62498926E+01 -7.88117060E+01 -6.75934094E+01 -6.31114462E+01 -7.51752985E+01 -8.61788410E+01 -8.73134522E+01 -8.51126019E+01 -7.34005816E+01 -6.29787779E+01 -6.66452994E+01 -8.14163087E+01 -8.68914764E+01 -8.70932333E+01 -8.14734201E+01 -6.82195000E+01 -6.07665797E+01 -7.10328661E+01 -8.52999998E+01 -8.72474434E+01 -8.63493666E+01 -7.53890134E+01 -6.37325607E+01 -6.20030017E+01 -8.00001898E+01 -8.70078322E+01 -8.71846023E+01 -8.37738169E+01 -7.04842859E+01 -5.89955429E+01 -6.75493838E+01 -8.53187643E+01 -8.72153077E+01 -8.65763226E+01 -7.96061448E+01 -6.52602281E+01 -5.72094502E+01 -7.84669959E+01 -8.69762621E+01 -8.72015306E+01 -8.49709351E+01 -7.49235307E+01 -5.64078127E+01 -6.31626201E+01 -8.48084309E+01 -8.72724122E+01 -8.64712834E+01 -8.20218696E+01 -6.66414814E+01 -5.19624500E+01 -7.83023453E+01 -8.70307665E+01 -8.72776735E+01 -8.56844573E+01 -7.64667351E+01 -5.13270993E+01 -6.36634204E+01 -8.56353601E+01 -8.72524419E+01 -8.67962949E+01 -8.31503096E+01 -6.60118115E+01 -4.89594840E+01 -7.95350073E+01 -8.69922983E+01 -8.71751190E+01 -8.65043068E+01 -7.96111471E+01 -5.20681605E+01 -6.40107711E+01 -8.61904641E+01 -8.73720225E+01 -8.72605122E+01 -8.59503378E+01 -6.60867184E+01 -4.09067319E+01 -8.13550178E+01 -9.17812202E+01 -9.36399084E+01 -9.27858762E+01 -7.58530377E+01 -3.55067029E+00  6.49353226E-02  7.65594284E-02 -3.63781437E+00 -7.42011973E+01 -9.25319129E+01 -9.34237500E+01 -9.14391894E+01 -8.44042844E+01 -4.30505741E+01 -5.51079318E+01 -8.48983542E+01 -8.72225384E+01 -8.73326361E+01 -8.68972666E+01 -7.30587938E+01 -4.35231194E+01 -7.03457275E+01 -8.58702519E+01 -8.72829018E+01 -8.73583493E+01 -8.38790354E+01 -6.24230416E+01 -5.48080087E+01 -7.85135779E+01 -8.65121337E+01 -8.71366494E+01 -8.67215214E+01 -7.76145855E+01 -5.33955099E+01 -6.66248743E+01 -8.21570561E+01 -8.68030910E+01 -8.71800087E+01 -8.53316357E+01 -6.67186280E+01 -5.43044810E+01 -7.39947830E+01 -8.32395169E+01 -8.68105964E+01 -8.69851199E+01 -8.02321947E+01 -5.78629634E+01 -6.42508523E+01 -7.87391477E+01 -8.49644539E+01 -8.71398671E+01 -8.63979859E+01 -7.11931957E+01 -5.86822214E+01 -7.36058432E+01 -8.16923639E+01 -8.64292305E+01 -8.72995271E+01 -8.23059233E+01 -6.43943238E+01 -6.32566474E+01 -7.78596545E+01 -8.41302896E+01 -8.70528119E+01 -8.66014316E+01 -7.47598730E+01 -5.87166147E+01 -6.97373325E+01 -8.03152195E+01 -8.61307819E+01 -8.72296914E+01 -8.31804249E+01 -6.63106826E+01 -6.24764587E+01 -7.51423325E+01 -8.27483139E+01 -8.66626174E+01 -8.67386310E+01 -7.66616431E+01 -6.19068235E+01 -6.75050053E+01 -7.82840164E+01 -8.50990611E+01 -8.68473710E+01 -8.34258092E+01 -6.77555612E+01 -6.31903796E+01 -7.25823724E+01 -8.13833072E+01 -8.67068536E+01 -8.67714653E+01 -7.77669591E+01 -6.20216985E+01 -6.61198488E+01 -7.64623003E+01 -8.42390788E+01 -8.70953145E+01 -8.35775702E+01 -7.04100416E+01 -6.30031366E+01 -7.04094753E+01 -7.85942059E+01 -8.63928100E+01 -8.66677130E+01 -7.97789346E+01 -6.72575443E+01
 -6.29804509E+01 -7.62061157E+01 -8.43194519E+01 -8.67834326E+01 -8.45289894E+01 -6.80625173E+01 -5.90252037E+01 -6.91079650E+01 -8.10058198E+01 -8.63637272E+01 -8.72438412E+01 -7.96071595E+01 -6.07346424E+01 -6.37961062E+01 -7.59064431E+01 -8.39000231E+01 -8.70575127E+01 -8.60591877E+01 -7.02726092E+01 -5.64458812E+01 -6.91999515E+01 -8.01714275E+01 -8.62255369E+01 -8.70225800E+01 -8.25234053E+01 -6.16159692E+01 -5.87409934E+01 -7.54872519E+01 -8.38302867E+01 -8.70551381E+01 -8.67153758E+01 -7.67807199E+01 -5.60790785E+01 -6.29665060E+01 -7.95109982E+01 -8.62001348E+01 -8.72432353E+01 -8.51630070E+01 -6.79008452E+01 -5.43286891E+01 -6.99866412E+01 -8.37563787E+01 -8.71721730E+01 -8.69955697E+01 -8.07856263E+01 -6.00588218E+01 -5.75370191E+01 -7.69043644E+01 -8.67807334E+01 -8.73234212E+01 -8.67665131E+01 -7.54529944E+01 -5.59149458E+01 -6.61147185E+01 -8.33829427E+01 -8.72362506E+01 -8.71805056E+01 -8.47855267E+01 -6.48638849E+01 -5.54223533E+01 -7.66787036E+01 -8.67794692E+01 -8.73762351E+01 -8.71276392E+01 -8.03929707E+01 -5.19297158E+01 -6.26018948E+01 -8.37339041E+01 -8.72772484E+01 -8.73400914E+01 -8.65747755E+01 -7.00404833E+01 -4.92795539E+01 -7.48770111E+01 -8.62851826E+01 -8.72009097E+01 -8.72677818E+01 -8.47239488E+01 -5.70486932E+01 -5.46226171E+01 -8.23099888E+01 -8.71878705E+01 -8.72233052E+01 -8.70303392E+01 -7.86266290E+01 -4.60342134E+01 -6.75124476E+01 -8.62002259E+01 -8.72921334E+01 -8.73224330E+01 -8.62697179E+01 -6.42355620E+01 -4.25927835E+01 -8.31206484E+01 -9.16830214E+01 -9.35420413E+01 -9.28235049E+01 -7.64188260E+01 -3.63319737E+00  6.19544920E-02  4.72727483E-02 -4.05973126E+00 -7.32648755E+01 -9.27995806E+01 -9.34790485E+01 -9.18007923E+01 -8.27663609E+01 -3.84854074E+01 -5.98939641E+01 -8.45353115E+01 -8.74076440E+01 -8.74517284E+01 -8.61857690E+01 -6.56614237E+01 -4.57308605E+01 -7.47869563E+01 -8.56157984E+01 -8.71091924E+01 -8.71855197E+01 -8.24391366E+01 -5.50806615E+01 -6.19712081E+01 -7.95931409E+01 -8.62185722E+01 -8.72667701E+01 -8.63877882E+01 -7.09993895E+01 -5.48895617E+01 -6.90462707E+01 -8.29444202E+01 -8.69145719E+01 -8.70020347E+01 -8.15927824E+01 -5.99733828E+01 -6.13149406E+01 -7.59832310E+01 -8.42996072E+01 -8.72436700E+01 -8.63337164E+01 -7.36754712E+01 -6.02950210E+01 -6.77270402E+01 -7.88335897E+01 -8.55825272E+01 -8.69111627E+01 -8.16752360E+01 -6.72159853E+01 -6.41257857E+01 -7.08139948E+01 -8.18152671E+01 -8.67181042E+01 -8.55359737E+01 -7.59795638E+01 -6.67710470E+01 -6.45116108E+01 -7.20630138E+01 -8.45276332E+01 -8.66714353E+01 -8.10317329E+01 -6.93839981E+01 -6.44009406E+01 -6.76677254E+01 -7.89783695E+01 -8.68290853E+01 -8.52470509E+01 -7.66479601E+01 -6.76182449E+01 -6.48137457E+01 -7.04432661E+01 -8.44740130E+01 -8.69411668E+01 -8.28129422E+01 -7.14564726E+01 -6.48501477E+01 -6.45776787E+01 -7.81681633E+01 -8.69262101E+01 -8.61524499E+01 -7.77685029E+01 -6.87365362E+01 -6.47078972E+01 -6.86561038E+01 -8.41807317E+01 -8.69907036E+01 -8.47241644E+01 -7.16473600E+01 -6.68653769E+01 -6.23136088E+01 -7.70921118E+01 -8.57322842E+01 -8.68809808E+01 -8.08931706E+01 -6.74649184E+01 -6.30609640E+01 -6.92460646E+01 -8.18487905E+01 -8.66376568E+01 -8.68023568E+01 -7.62374137E+01 -6.20457389E+01
 -6.52929180E+01 -7.79666433E+01 -8.62548723E+01 -8.70275445E+01 -8.11187201E+01 -6.67143975E+01 -6.14020746E+01 -6.95134455E+01 -8.29826813E+01 -8.72012741E+01 -8.61977811E+01 -7.61081258E+01 -6.42274586E+01 -6.40578746E+01 -7.63739422E+01 -8.53253907E+01 -8.72219964E+01 -8.44548647E+01 -7.06510452E+01 -6.14631751E+01 -7.04863835E+01 -8.10308476E+01 -8.68171651E+01 -8.69228973E+01 -7.95307722E+01 -6.34510445E+01 -6.14521720E+01 -7.39059796E+01 -8.49252560E+01 -8.73325539E+01 -8.58423659E+01 -7.39494631E+01 -5.90807435E+01 -6.42061204E+01 -7.90021062E+01 -8.68809333E+01 -8.73441997E+01 -8.38320660E+01 -6.87547265E+01 -5.96158637E+01 -6.94242868E+01 -8.39909716E+01 -8.70919320E+01 -8.68655585E+01 -7.99607358E+01 -6.22739808E+01 -6.12575973E+01 -7.79053510E+01 -8.64213143E+01 -8.72675317E+01 -8.60881349E+01 -7.27120913E+01 -5.69705098E+01 -6.68959658E+01 -8.37195577E+01 -8.74916446E+01 -8.73921771E+01 -8.34708394E+01 -6.42831505E+01 -5.64435226E+01 -7.62499299E+01 -8.66386424E+01 -8.72700166E+01 -8.69548197E+01 -7.70124790E+01 -5.52381906E+01 -6.22098058E+01 -8.27824439E+01 -8.71115602E+01 -8.71761413E+01 -8.52123400E+01 -6.76389739E+01 -5.18657464E+01 -7.32351942E+01 -8.68968244E+01 -8.73152507E+01 -8.71775056E+01 -8.19095195E+01 -5.71007337E+01 -5.55530699E+01 -8.35545448E+01 -8.71744715E+01 -8.73857323E+01 -8.66486561E+01 -7.45855074E+01 -4.33928102E+01 -6.91564935E+01 -8.69739384E+01 -8.73065621E+01 -8.73553929E+01 -8.52565546E+01 -6.01632455E+01 -4.05662993E+01 -8.41775475E+01 -9.15203831E+01 -9.32913964E+01 -9.23657243E+01 -7.49352738E+01 -4.04342128E+00  1.21973371E-01  1.84021775E-01 -3.40846063E+00 -7.58067288E+01 -9.28473212E+01 -9.36926314E+01 -9.18114111E+01 -8.21665867E+01 -3.83366514E+01 -6.55960230E+01 -8.62988298E+01 -8.74818693E+01 -8.74388153E+01 -8.60233103E+01 -6.40258422E+01 -4.67848993E+01 -7.81930937E+01 -8.69404098E+01 -8.72368164E+01 -8.70094135E+01 -7.91144225E+01 -5.48310782E+01 -6.00207604E+01 -8.29680901E+01 -8.69918066E+01 -8.71988505E+01 -8.53776308E+01 -6.94197741E+01 -5.44998498E+01 -7.51340635E+01 -8.55024906E+01 -8.71268394E+01 -8.71895233E+01 -7.96443069E+01 -6.14840680E+01 -6.26672229E+01 -8.15660798E+01 -8.64602547E+01 -8.73158361E+01 -8.49960440E+01 -7.21206524E+01 -5.80246672E+01 -7.04478347E+01 -8.35044973E+01 -8.68521576E+01 -8.66548771E+01 -7.99578554E+01 -6.56418760E+01 -6.05530967E+01 -7.71476078E+01 -8.56748861E+01 -8.69749354E+01 -8.45649881E+01 -7.46949475E+01 -6.16408816E+01 -6.68869428E+01 -8.19933532E+01 -8.66969092E+01 -8.66371679E+01 -8.09585662E+01 -6.88803682E+01 -6.03533863E+01 -7.38143159E+01 -8.48689002E+01 -8.70603968E+01 -8.49386324E+01 -7.58331253E+01 -6.46040349E+01 -6.58699292E+01 -7.80641230E+01 -8.67131951E+01 -8.67572036E+01 -8.27601427E+01 -7.06811627E+01 -6.35570926E+01 -6.97762968E+01 -8.35076788E+01 -8.70747843E+01 -8.53460873E+01 -7.69163632E+01 -6.60047382E+01 -6.54888900E+01 -7.51734088E+01 -8.56635444E+01 -8.70776411E+01 -8.29400729E+01 -7.21138851E+01 -6.49548698E+01 -6.62699585E+01 -8.00605827E+01 -8.66695897E+01 -8.63165314E+01 -7.92004695E+01 -6.77085247E+01 -6.39577648E+01 -7.15867131E+01 -8.37657091E+01 -8.70199170E+01 -8.45106168E+01 -7.18823805E+01 -6.41529847E+01
 -7.24998430E+01 -8.54911165E+01 -8.72006085E+01 -8.52841646E+01 -7.43387621E+01 -6.74196892E+01 -6.96118728E+01 -7.68231088E+01 -8.65646397E+01 -8.71827754E+01 -8.17095037E+01 -6.96724701E+01 -6.80845845E+01 -7.15121694E+01 -8.24372807E+01 -8.70105704E+01 -8.64070828E+01 -7.56808227E+01 -6.66190925E+01 -6.84217400E+01 -7.41976318E+01 -8.54141575E+01 -8.70733624E+01 -8.30671546E+01 -7.41283604E+01 -6.69319654E+01 -6.74827751E+01 -7.85213497E+01 -8.51937829E+01 -8.59903605E+01 -7.96752112E+01 -6.99666341E+01 -6.41421795E+01 -7.08013469E+01 -8.27570528E+01 -8.66120353E+01 -8.50136516E+01 -7.60398163E+01 -6.78265515E+01 -6.54075213E+01 -7.61627126E+01 -8.47415770E+01 -8.67981653E+01 -8.27244984E+01 -7.54615108E+01 -6.42858502E+01 -6.95175383E+01 -7.94340109E+01 -8.60255754E+01 -8.53867091E+01 -7.87699582E+01 -7.13526492E+01 -6.33094496E+01 -7.31775513E+01 -8.42342412E+01 -8.73528425E+01 -8.39536821E+01 -7.63833154E+01 -6.74100633E+01 -6.59391282E+01 -7.93094825E+01 -8.65825574E+01 -8.65967096E+01 -8.22227913E+01 -7.31433703E+01 -6.23971002E+01 -7.09960531E+01 -8.44802295E+01 -8.71659428E+01 -8.62614403E+01 -7.96104542E+01 -6.60025232E+01 -6.13318331E+01 -7.94778497E+01 -8.66799254E+01 -8.74004835E+01 -8.59189504E+01 -7.64936672E+01 -5.96844202E+01 -6.44341812E+01 -8.46109779E+01 -8.71038314E+01 -8.70493183E+01 -8.48524129E+01 -7.04728942E+01 -4.88885263E+01 -7.28057818E+01 -8.70799259E+01 -8.73578768E+01 -8.74443931E+01 -8.48430101E+01 -5.97963161E+01 -4.51328959E+01 -8.50782598E+01 -9.17699563E+01 -9.37195017E+01 -9.25073604E+01 -7.41574238E+01 -2.45403804E+00  7.52963795E-02  6.48224307E-02 -5.02915270E+00 -7.68117542E+01 -9.28233896E+01 -9.36697892E+01 -9.17942754E+01 -7.98124237E+01 -3.68615152E+01 -7.13809965E+01 -8.73634463E+01 -8.74415290E+01 -8.72321309E+01 -8.54309371E+01 -5.85092765E+01 -5.35810190E+01 -8.25938494E+01 -8.70225366E+01 -8.72889418E+01 -8.70447642E+01 -7.66381630E+01 -5.07254831E+01 -7.04642015E+01 -8.64726874E+01 -8.73927916E+01 -8.73175708E+01 -8.53565691E+01 -6.09826932E+01 -6.00355197E+01 -8.06959677E+01 -8.70860516E+01 -8.73575012E+01 -8.69338761E+01 -7.53493563E+01 -5.52040056E+01 -7.06302435E+01 -8.42135226E+01 -8.70415816E+01 -8.71438511E+01 -8.30281294E+01 -6.32120638E+01 -6.04198387E+01 -7.78798224E+01 -8.60534044E+01 -8.73556306E+01 -8.66280488E+01 -7.48036776E+01 -5.86983607E+01 -6.93545518E+01 -8.27431372E+01 -8.67007957E+01 -8.71410109E+01 -8.41467310E+01 -6.95221349E+01 -6.35059040E+01 -7.48758590E+01 -8.49007988E+01 -8.71588833E+01 -8.64365500E+01 -7.77540210E+01 -6.55598333E+01 -6.87677179E+01 -8.17308857E+01 -8.58061828E+01 -8.73456066E+01 -8.40815025E+01 -6.92891850E+01 -6.46140142E+01 -7.63685446E+01 -8.34555599E+01 -8.68499703E+01 -8.64320061E+01 -7.77184337E+01 -6.51483425E+01 -6.95529976E+01 -7.99992731E+01 -8.51406314E+01 -8.72220235E+01 -8.34116025E+01 -7.22260269E+01 -6.41114093E+01 -7.34475016E+01 -8.31601946E+01 -8.67217777E+01 -8.66540194E+01 -7.80224481E+01 -6.59241704E+01 -6.63611506E+01 -7.65787952E+01 -8.55354312E+01 -8.70024562E+01 -8.43881851E+01 -7.21379880E+01 -6.45959257E+01 -6.88745885E+01 -8.04697470E+01 -8.69785188E+01 -8.70319320E+01 -7.95798065E+01 -6.77950281E+01 -6.75452072E+01
 -6.18005330E+01 -7.57920244E+01 -8.49210830E+01 -8.72258185E+01 -8.69364560E+01 -7.72958098E+01 -5.82713657E+01 -6.81112444E+01 -8.03467996E+01 -8.62249295E+01 -8.72206169E+01 -8.43323596E+01 -6.73297873E+01 -5.74089389E+01 -7.34000175E+01 -8.40906045E+01 -8.70068520E+01 -8.65724277E+01 -7.86260955E+01 -5.82541346E+01 -6.35211970E+01 -7.97079404E+01 -8.64666881E+01 -8.71514548E+01 -8.52422579E+01 -6.98675043E+01 -5.58958227E+01 -7.14177333E+01 -8.27881455E+01 -8.69276466E+01 -8.71230919E+01 -8.02847881E+01 -6.02420655E+01 -5.92145733E+01 -7.82750764E+01 -8.51825870E+01 -8.71080706E+01 -8.52266491E+01 -7.26128837E+01 -5.59610346E+01 -6.65783988E+01 -8.12470898E+01 -8.69122281E+01 -8.72098533E+01 -8.20736240E+01 -6.54517282E+01 -5.63790988E+01 -7.37781020E+01 -8.48137998E+01 -8.71972449E+01 -8.66761717E+01 -7.81834398E+01 -5.61708281E+01 -6.37664940E+01 -8.04273400E+01 -8.65794363E+01 -8.73606850E+01 -8.51755641E+01 -6.91949031E+01 -5.38043534E+01 -7.21287613E+01 -8.39419703E+01 -8.70924365E+01 -8.71142677E+01 -8.07880852E+01 -5.78106836E+01 -5.86362692E+01 -7.99759351E+01 -8.68853409E+01 -8.74490301E+01 -8.65268167E+01 -7.20557850E+01 -4.81662225E+01 -6.85387702E+01 -8.44523246E+01 -8.71118004E+01 -8.71182762E+01 -8.39422751E+01 -5.76848796E+01 -4.82991091E+01 -7.84292943E+01 -8.63970371E+01 -8.72047963E+01 -8.66025122E+01 -7.73255450E+01 -4.28374318E+01 -6.09215393E+01 -8.46406231E+01 -8.73616285E+01 -8.73428070E+01 -8.58284508E+01 -5.96582942E+01 -3.56563855E+01 -7.93848712E+01 -9.17498765E+01 -9.35572700E+01 -9.27493928E+01 -7.46830816E+01 -2.79067990E+00  0.00000000E+00  1.73761818E-02 -3.35988019E+00 -7.45953977E+01 -9.26901880E+01 -9.35379980E+01 -9.13758387E+01 -8.30358569E+01 -3.85949617E+01 -5.77875854E+01 -8.57082329E+01 -8.74159617E+01 -8.74864775E+01 -8.70716265E+01 -6.68573676E+01 -4.05282162E+01 -7.32250867E+01 -8.65259089E+01 -8.73529162E+01 -8.72369547E+01 -8.21486689E+01 -5.17439659E+01 -5.35071757E+01 -8.04634445E+01 -8.68191802E+01 -8.72302115E+01 -8.66250825E+01 -7.33505916E+01 -4.54585946E+01 -6.77615422E+01 -8.46286141E+01 -8.71705482E+01 -8.71802285E+01 -8.26874352E+01 -5.98110180E+01 -5.31486459E+01 -7.56414718E+01 -8.60640856E+01 -8.72154527E+01 -8.65825801E+01 -7.56552547E+01 -5.41573082E+01 -6.18478149E+01 -8.16551452E+01 -8.65782514E+01 -8.72482522E+01 -8.38593086E+01 -6.82308617E+01 -5.50437513E+01 -7.20462765E+01 -8.41791258E+01 -8.71353915E+01 -8.67373782E+01 -7.93342844E+01 -6.12856078E+01 -5.97129262E+01 -7.79199396E+01 -8.66857871E+01 -8.72723870E+01 -8.55626762E+01 -7.17878327E+01 -5.41089937E+01 -6.63789519E+01 -8.15746459E+01 -8.68538838E+01 -8.70768589E+01 -8.12581971E+01 -6.41188935E+01 -5.52316733E+01 -7.33831306E+01 -8.46181379E+01 -8.71584744E+01 -8.59643452E+01 -7.51757863E+01 -5.71322449E+01 -6.22956829E+01 -7.87057680E+01 -8.65689966E+01 -8.73888017E+01 -8.36027116E+01 -6.62239519E+01 -5.65125720E+01 -7.11899709E+01 -8.41205912E+01 -8.71962441E+01 -8.66417944E+01 -7.87488337E+01 -5.96059746E+01 -6.18993474E+01 -7.85399246E+01 -8.55833881E+01 -8.72578029E+01 -8.60443453E+01 -7.27722679E+01 -5.86849582E+01 -7.05501349E+01 -8.22918919E+01 -8.67686729E+01 -8.72059899E+01 -8.36619446E+01 -6.41069819E+01
 -6.11256677E+01 -7.58989301E+01 -8.36797424E+01 -8.68942324E+01 -8.51769811E+01 -7.52235656E+01 -5.91973907E+01 -6.58611733E+01 -7.85456022E+01 -8.61632180E+01 -8.67756999E+01 -8.28219655E+01 -6.78020076E+01 -6.00418894E+01 -7.17567043E+01 -8.43844411E+01 -8.69192216E+01 -8.59501309E+01 -7.85061515E+01 -6.14830320E+01 -6.56780072E+01 -7.77153558E+01 -8.60094133E+01 -8.71121954E+01 -8.44726186E+01 -6.91670185E+01 -5.81607295E+01 -7.06827035E+01 -8.32107937E+01 -8.70721496E+01 -8.68197370E+01 -7.92558268E+01 -5.86462828E+01 -6.43683919E+01 -7.80013511E+01 -8.61363474E+01 -8.72269479E+01 -8.58677495E+01 -6.94114701E+01 -5.59923277E+01 -6.88950219E+01 -8.28623006E+01 -8.72199166E+01 -8.71564385E+01 -8.25290122E+01 -6.19048849E+01 -5.96669175E+01 -7.58142232E+01 -8.59284040E+01 -8.73402721E+01 -8.68276253E+01 -7.53322524E+01 -5.67903568E+01 -6.64363327E+01 -8.17562361E+01 -8.68937321E+01 -8.73510802E+01 -8.43664849E+01 -6.65013905E+01 -5.84293892E+01 -7.55692052E+01 -8.49928460E+01 -8.71266965E+01 -8.69714392E+01 -8.01092487E+01 -5.58462011E+01 -6.28040846E+01 -7.97140482E+01 -8.70062202E+01 -8.71951353E+01 -8.59042346E+01 -6.93741619E+01 -5.25764282E+01 -7.06119994E+01 -8.52418765E+01 -8.71562615E+01 -8.70696575E+01 -8.33393762E+01 -5.98116074E+01 -5.74100190E+01 -8.04066275E+01 -8.71459444E+01 -8.72826435E+01 -8.67458924E+01 -7.63960801E+01 -4.72535331E+01 -6.65895660E+01 -8.65140341E+01 -8.74464233E+01 -8.73355697E+01 -8.64807818E+01 -6.23933835E+01 -3.97184934E+01 -8.19828753E+01 -9.17492320E+01 -9.34900571E+01 -9.25778087E+01 -7.46458742E+01 -3.38345050E+00  1.08386774E-01  1.39229965E-01 -3.51283065E+00 -7.43394225E+01 -9.26504699E+01 -9.34515346E+01 -9.17517879E+01 -8.43774440E+01 -4.26957503E+01 -6.02345317E+01 -8.58195992E+01 -8.74217913E+01 -8.73455615E+01 -8.65378513E+01 -6.96463519E+01 -4.62613185E+01 -7.56839271E+01 -8.68521905E+01 -8.72265181E+01 -8.73250196E+01 -8.34339273E+01 -5.92693971E+01 -5.67491907E+01 -8.11482498E+01 -8.69844329E+01 -8.73396857E+01 -8.68168239E+01 -7.50873598E+01 -5.39334338E+01 -6.65709769E+01 -8.41250486E+01 -8.72904849E+01 -8.72412459E+01 -8.39405242E+01 -6.51323501E+01 -5.76666387E+01 -7.55223047E+01 -8.58547550E+01 -8.72180170E+01 -8.64859733E+01 -7.71487482E+01 -5.89524545E+01 -6.45972923E+01 -8.07467329E+01 -8.67360321E+01 -8.71473470E+01 -8.41183230E+01 -6.77336193E+01 -5.54599015E+01 -7.13914642E+01 -8.35357916E+01 -8.67719319E+01 -8.69015167E+01 -7.94101811E+01 -5.81597633E+01 -5.95745929E+01 -7.77670531E+01 -8.52371059E+01 -8.71210294E+01 -8.55269040E+01 -7.17549771E+01 -5.51832917E+01 -7.08471470E+01 -8.07828232E+01 -8.59742287E+01 -8.72472506E+01 -8.22756724E+01 -6.28427699E+01 -5.59040526E+01 -7.70031167E+01 -8.24672133E+01 -8.67265740E+01 -8.60447531E+01 -7.70168962E+01 -5.74655733E+01 -6.50008506E+01 -8.08769527E+01 -8.49368200E+01 -8.69101584E+01 -8.39481971E+01 -6.95177929E+01 -5.78564428E+01 -7.28474040E+01 -8.22476355E+01 -8.60629939E+01 -8.67437025E+01 -7.89526051E+01 -6.24764804E+01 -6.12595320E+01 -7.75902658E+01 -8.49416696E+01 -8.69862487E+01 -8.40571139E+01 -7.13806561E+01 -5.87750222E+01 -6.84314577E+01 -8.20350583E+01 -8.63252721E+01 -8.65732021E+01 -8.08295520E+01 -6.45984456E+01
 -6.47528187E+01 -7.73338571E+01 -8.64674400E+01 -8.62637567E+01 -7.58422087E+01 -7.01763432E+01 -6.54989943E+01 -6.63284434E+01 -8.30891142E+01 -8.71171825E+01 -8.31689621E+01 -7.19431880E+01 -6.92526387E+01 -6.38488726E+01 -7.40559737E+01 -8.63572557E+01 -8.63738036E+01 -7.82167270E+01 -7.02024078E+01 -6.77588121E+01 -6.71521555E+01 -8.15916102E+01 -8.71297343E+01 -8.40093582E+01 -7.22445394E+01 -6.85625459E+01 -5.99175514E+01 -7.34339237E+01 -8.61897476E+01 -8.69799693E+01 -7.91508479E+01 -7.06174586E+01 -6.34350500E+01 -6.56780047E+01 -8.22574462E+01 -8.70982339E+01 -8.52392954E+01 -7.69574726E+01 -6.91181516E+01 -6.05948068E+01 -7.26242826E+01 -8.56738893E+01 -8.71439215E+01 -8.33222131E+01 -7.36544361E+01 -6.46499591E+01 -6.33914061E+01 -8.07769649E+01 -8.71375787E+01 -8.64679157E+01 -8.01346924E+01 -6.92122591E+01 -6.19843513E+01 -7.09523674E+01 -8.56806771E+01 -8.73214757E+01 -8.58860738E+01 -7.66089006E+01 -6.28179739E+01 -5.81243445E+01 -7.95947142E+01 -8.70447664E+01 -8.73350441E+01 -8.42080723E+01 -7.26737057E+01 -5.60921920E+01 -6.56567995E+01 -8.50439317E+01 -8.73743873E+01 -8.68106320E+01 -8.25058252E+01 -6.45518279E+01 -5.25060697E+01 -7.52102313E+01 -8.69747633E+01 -8.73433567E+01 -8.67987468E+01 -7.90316984E+01 -5.52320114E+01 -5.65885399E+01 -8.29097372E+01 -8.71137956E+01 -8.72784230E+01 -8.56173732E+01 -7.14099850E+01 -4.19493807E+01 -6.75348215E+01 -8.68662055E+01 -8.74587790E+01 -8.76219533E+01 -8.50864877E+01 -5.44412010E+01 -3.78285671E+01 -8.28021501E+01 -9.16232237E+01 -9.35280826E+01 -9.28624819E+01 -7.37495980E+01 -2.71661036E+00  3.70393371E-02  0.00000000E+00 -3.22556486E+00 -7.52551058E+01 -9.29294053E+01 -9.37710623E+01 -9.18724397E+01 -7.70240442E+01 -3.36852816E+01 -6.39190112E+01 -8.56729408E+01 -8.73887963E+01 -8.74666065E+01 -8.53388774E+01 -5.69843108E+01 -4.96026913E+01 -7.69457650E+01 -8.66340075E+01 -8.71678068E+01 -8.68579471E+01 -7.43244331E+01 -5.14556830E+01 -6.41650399E+01 -8.22593733E+01 -8.71366690E+01 -8.70660364E+01 -8.30273475E+01 -6.43416966E+01 -5.68621621E+01 -7.23783946E+01 -8.51086283E+01 -8.72653826E+01 -8.62690374E+01 -7.52765308E+01 -5.85823700E+01 -6.32421830E+01 -7.88935093E+01 -8.61900523E+01 -8.68861783E+01 -8.29268295E+01 -6.51256616E+01 -6.05062161E+01 -6.96955229E+01 -8.20435327E+01 -8.68002305E+01 -8.59134020E+01 -7.59125362E+01 -6.15206196E+01 -6.43474166E+01 -7.60082149E+01 -8.54026387E+01 -8.68513360E+01 -8.22405039E+01 -6.73665841E+01 -5.85907150E+01 -6.83484425E+01 -7.92996620E+01 -8.61026686E+01 -8.61922046E+01 -7.63952919E+01 -6.23892517E+01 -6.33858542E+01 -7.13215807E+01 -8.38085577E+01 -8.68002064E+01 -8.34678733E+01 -7.06048615E+01 -6.30375076E+01 -6.82463294E+01 -7.74356876E+01 -8.60078758E+01 -8.62038045E+01 -7.97105978E+01 -6.53165118E+01 -6.72353492E+01 -7.03820947E+01 -8.19536544E+01 -8.64480997E+01 -8.38656870E+01 -7.23711071E+01 -6.62962358E+01 -6.86489013E+01 -7.44320351E+01 -8.56774611E+01 -8.62068207E+01 -7.85178474E+01 -6.88378558E+01 -6.72476365E+01 -6.85470351E+01 -7.98932616E+01 -8.69367025E+01 -8.45561677E+01 -7.31288617E+01 -6.96148130E+01 -6.71964318E+01 -6.99645118E+01 -8.42377022E+01 -8.69323635E+01 -8.00705753E+01 -7.04736867E+01 -6.89433534E+01
 -6.00534588E+01 -8.00362461E+01 -8.67134357E+01 -8.63332414E+01 -8.18911744E+01 -7.27367055E+01 -5.56460969E+01 -6.65977793E+01 -8.49346771E+01 -8.74332287E+01 -8.53546027E+01 -7.95806140E+01 -6.46777886E+01 -5.70498277E+01 -7.50426830E+01 -8.66687316E+01 -8.70815669E+01 -8.32253032E+01 -7.45995529E+01 -5.92161158E+01 -6.44705250E+01 -8.31157859E+01 -8.67730073E+01 -8.68289303E+01 -8.04314774E+01 -6.87171984E+01 -5.72473017E+01 -7.30953208E+01 -8.52160980E+01 -8.68705100E+01 -8.55039242E+01 -7.75656569E+01 -6.19868579E+01 -6.20544959E+01 -8.04919634E+01 -8.59563227E+01 -8.68658335E+01 -8.30073581E+01 -7.05341764E+01 -5.65502333E+01 -7.11474785E+01 -8.43787489E+01 -8.68446694E+01 -8.61447303E+01 -7.96871692E+01 -6.35405664E+01 -6.11627730E+01 -7.71925067E+01 -8.59007988E+01 -8.71806640E+01 -8.41602421E+01 -7.41161980E+01 -5.69280618E+01 -6.46088536E+01 -8.22053390E+01 -8.69393708E+01 -8.67923739E+01 -8.26500655E+01 -6.80088628E+01 -5.48330005E+01 -7.32913855E+01 -8.51036217E+01 -8.73080835E+01 -8.65901053E+01 -8.00494332E+01 -6.00960251E+01 -6.00806913E+01 -8.01682865E+01 -8.71536474E+01 -8.71756667E+01 -8.59045518E+01 -7.25751677E+01 -5.33008244E+01 -6.89609573E+01 -8.49572183E+01 -8.72076549E+01 -8.67236791E+01 -8.26489608E+01 -6.18879728E+01 -5.52099503E+01 -7.89538698E+01 -8.69767016E+01 -8.73121330E+01 -8.62492166E+01 -7.63432728E+01 -4.86129045E+01 -6.42938346E+01 -8.58280895E+01 -8.72869788E+01 -8.73080734E+01 -8.54678491E+01 -6.00347476E+01 -3.82714928E+01 -8.10745420E+01 -9.17552825E+01 -9.35329642E+01 -9.22810012E+01 -7.36244958E+01 -3.78554262E+00  0.00000000E+00  2.64633780E-01 -4.38606096E+00 -7.52553403E+01 -9.28318083E+01 -9.36809434E+01 -9.16893114E+01 -8.16210035E+01 -3.78508524E+01 -6.18358816E+01 -8.64740945E+01 -8.74396500E+01 -8.73221193E+01 -8.65726713E+01 -6.56991477E+01 -4.50119325E+01 -7.66438395E+01 -8.68927792E+01 -8.72425419E+01 -8.71738675E+01 -8.10690527E+01 -5.32581863E+01 -6.01999012E+01 -8.31186931E+01 -8.73288440E+01 -8.73625370E+01 -8.57897355E+01 -7.03714136E+01 -5.34246555E+01 -7.03461760E+01 -8.56387946E+01 -8.71986170E+01 -8.68693942E+01 -8.03782827E+01 -6.03285803E+01 -5.84624878E+01 -7.75986749E+01 -8.63559298E+01 -8.72785391E+01 -8.60269241E+01 -7.03168970E+01 -5.38731189E+01 -6.74349109E+01 -8.33497406E+01 -8.64806933E+01 -8.70545227E+01 -8.20509606E+01 -6.40199838E+01 -5.74134204E+01 -7.63323020E+01 -8.49392896E+01 -8.67572492E+01 -8.67236437E+01 -7.59065972E+01 -6.16917871E+01 -6.61559344E+01 -8.19938565E+01 -8.61764512E+01 -8.72703418E+01 -8.28193719E+01 -6.96863142E+01 -6.02237597E+01 -7.31433887E+01 -8.50642984E+01 -8.69433321E+01 -8.57767684E+01 -7.70700615E+01 -6.26959172E+01 -6.16591276E+01 -8.12127861E+01 -8.65889705E+01 -8.69593651E+01 -8.27998979E+01 -7.25168149E+01 -5.81734917E+01 -6.99812201E+01 -8.42045398E+01 -8.71853099E+01 -8.55103963E+01 -7.86799595E+01 -6.35727350E+01 -5.66455597E+01 -7.50517250E+01 -8.64553655E+01 -8.69814045E+01 -8.28998886E+01 -7.48932592E+01 -5.93561137E+01 -6.21299803E+01 -8.29087440E+01 -8.72035135E+01 -8.56979803E+01 -8.08672926E+01 -7.16093854E+01 -5.52949185E+01 -7.10368700E+01 -8.58628281E+01 -8.69030674E+01 -8.38456893E+01 -7.86566820E+01 -6.02286683E+01
 -6.29233087E+01 -8.01141457E+01 -8.70106637E+01 -8.72959238E+01 -8.51805048E+01 -7.03005897E+01 -5.78042316E+01 -7.09432998E+01 -8.43039090E+01 -8.71952428E+01 -8.67944533E+01 -7.92323969E+01 -6.20193670E+01 -5.97123815E+01 -7.65922324E+01 -8.61728631E+01 -8.71544919E+01 -8.48896831E+01 -7.16866666E+01 -5.96257051E+01 -6.50995818E+01 -8.19580614E+01 -8.71014886E+01 -8.71448332E+01 -8.10486553E+01 -6.58873762E+01 -6.19319717E+01 -7.22163295E+01 -8.52728567E+01 -8.71571628E+01 -8.59066439E+01 -7.53018682E+01 -6.35161543E+01 -6.30200170E+01 -7.94945700E+01 -8.65643587E+01 -8.70139705E+01 -8.28275928E+01 -6.92562091E+01 -6.20070710E+01 -6.93650935E+01 -8.34163679E+01 -8.70953677E+01 -8.67982697E+01 -7.92347583E+01 -6.52001908E+01 -6.16034255E+01 -7.64469619E+01 -8.56363953E+01 -8.72729995E+01 -8.52614874E+01 -7.40482911E+01 -5.95901276E+01 -6.58845282E+01 -8.18368418E+01 -8.62852647E+01 -8.70820188E+01 -8.17815990E+01 -6.68641029E+01 -5.70146176E+01 -7.48203273E+01 -8.49532612E+01 -8.70625754E+01 -8.58791992E+01 -7.66937729E+01 -5.91524320E+01 -6.23104509E+01 -8.14473079E+01 -8.68484447E+01 -8.71882516E+01 -8.34468811E+01 -6.96373016E+01 -5.20371897E+01 -7.07312549E+01 -8.56749208E+01 -8.71838283E+01 -8.69284016E+01 -8.14192444E+01 -5.89664570E+01 -5.45693376E+01 -8.22152733E+01 -8.71614670E+01 -8.72472576E+01 -8.61453850E+01 -7.59286759E+01 -4.89716021E+01 -6.74555763E+01 -8.64479136E+01 -8.73882157E+01 -8.73301555E+01 -8.50334118E+01 -6.12007699E+01 -4.24252466E+01 -8.34534192E+01 -9.15793952E+01 -9.35683619E+01 -9.25595237E+01 -7.38701713E+01 -4.00754727E+00  1.59948074E-01  2.40965642E-01 -4.50533374E+00 -7.53915773E+01 -9.27486632E+01 -9.35402826E+01 -9.15320002E+01 -8.15023670E+01 -3.55221202E+01 -6.34939782E+01 -8.66733627E+01 -8.73136046E+01 -8.72269016E+01 -8.64810064E+01 -6.42428189E+01 -4.29570359E+01 -7.76177820E+01 -8.69567391E+01 -8.73059329E+01 -8.69140839E+01 -8.20701552E+01 -4.74846780E+01 -5.88423503E+01 -8.38213603E+01 -8.70926628E+01 -8.72636852E+01 -8.61426332E+01 -6.84209819E+01 -4.58393607E+01 -7.34249061E+01 -8.58234780E+01 -8.73641858E+01 -8.73263373E+01 -8.24026385E+01 -5.82107617E+01 -5.85027056E+01 -7.96651306E+01 -8.66937391E+01 -8.73501685E+01 -8.62868476E+01 -7.44505038E+01 -5.24456947E+01 -6.84557504E+01 -8.35393525E+01 -8.71399015E+01 -8.71661322E+01 -8.38820611E+01 -6.45521000E+01 -5.73921341E+01 -7.54827497E+01 -8.60901967E+01 -8.72806984E+01 -8.67536595E+01 -7.86729022E+01 -5.83136349E+01 -6.39985431E+01 -8.23895896E+01 -8.70501291E+01 -8.71833235E+01 -8.47500076E+01 -6.93655677E+01 -5.56991889E+01 -7.37325569E+01 -8.54917119E+01 -8.71907135E+01 -8.69940407E+01 -8.01515196E+01 -5.89504875E+01 -6.13965690E+01 -8.06821651E+01 -8.68488999E+01 -8.71878759E+01 -8.55621771E+01 -7.16445610E+01 -5.56091779E+01 -6.91103856E+01 -8.48623182E+01 -8.73008931E+01 -8.73523452E+01 -8.26242186E+01 -5.96204439E+01 -5.81885807E+01 -7.68957320E+01 -8.64951652E+01 -8.72905106E+01 -8.65395092E+01 -7.44168758E+01 -5.66563230E+01 -6.82516668E+01 -8.34953077E+01 -8.71884104E+01 -8.72290237E+01 -8.44281042E+01 -6.54487191E+01 -5.70822569E+01 -7.58815463E+01 -8.55327958E+01 -8.71476034E+01 -8.67735967E+01 -7.77156310E+01 -6.03851707E+01
 -6.32637067E+01 -8.29582187E+01 -8.70774380E+01 -8.72146377E+01 -8.45861100E+01 -6.76854805E+01 -5.17961032E+01 -7.20103175E+01 -8.55359879E+01 -8.71966697E+01 -8.70874303E+01 -8.00996393E+01 -5.71182825E+01 -5.74927388E+01 -8.02205846E+01 -8.67324593E+01 -8.71641118E+01 -8.47254147E+01 -7.17421630E+01 -5.08104982E+01 -6.70526858E+01 -8.51233912E+01 -8.73001675E+01 -8.68122074E+01 -8.22073949E+01 -6.14195010E+01 -5.01047264E+01 -7.70709631E+01 -8.69133019E+01 -8.73289243E+01 -8.60600178E+01 -7.69383401E+01 -5.09005562E+01 -5.99542250E+01 -8.46636093E+01 -8.72565345E+01 -8.71412712E+01 -8.46907603E+01 -6.84903078E+01 -4.77773095E+01 -7.28860048E+01 -8.64312679E+01 -8.73159057E+01 -8.68236357E+01 -8.02959431E+01 -5.38048876E+01 -5.63586339E+01 -8.23123021E+01 -8.72477444E+01 -8.71849706E+01 -8.63232046E+01 -7.35113889E+01 -4.72833299E+01 -6.86033787E+01 -8.59618216E+01 -8.74698278E+01 -8.71936036E+01 -8.36347676E+01 -6.04646354E+01 -5.05843966E+01 -7.87475637E+01 -8.65462959E+01 -8.73620860E+01 -8.65315372E+01 -7.76655097E+01 -5.18174778E+01 -6.05062891E+01 -8.31282508E+01 -8.70042160E+01 -8.72732142E+01 -8.51036122E+01 -6.74296035E+01 -4.86850452E+01 -7.23579112E+01 -8.63134487E+01 -8.73398245E+01 -8.69973431E+01 -8.06154583E+01 -5.44240803E+01 -5.34410403E+01 -8.17946433E+01 -8.71939267E+01 -8.72000640E+01 -8.63261852E+01 -7.37531120E+01 -4.27254263E+01 -6.59983345E+01 -8.63214726E+01 -8.74998086E+01 -8.75424290E+01 -8.57756063E+01 -5.77117787E+01 -3.76712800E+01 -8.22584602E+01 -9.15422636E+01 -9.35358689E+01 -9.26491121E+01 -7.42633374E+01 -3.40569172E+00  2.16433664E-01  1.90496077E-01 -3.22469754E+00 -7.48633306E+01 -9.26235166E+01 -9.33740439E+01 -9.18238583E+01 -8.25787725E+01 -4.02284501E+01 -6.11723456E+01 -8.61491195E+01 -8.75954845E+01 -8.75042633E+01 -8.68018497E+01 -6.72752664E+01 -4.37591637E+01 -7.47179590E+01 -8.66519898E+01 -8.72884910E+01 -8.71607901E+01 -8.26772857E+01 -5.38817618E+01 -5.68610758E+01 -8.18061168E+01 -8.71156222E+01 -8.73660605E+01 -8.66400335E+01 -7.29387524E+01 -5.12917044E+01 -7.16799245E+01 -8.58077253E+01 -8.73537914E+01 -8.71884122E+01 -8.36367904E+01 -6.13747305E+01 -5.88881524E+01 -7.87239109E+01 -8.64391230E+01 -8.71605544E+01 -8.69048951E+01 -7.65017158E+01 -5.47257377E+01 -6.75567984E+01 -8.37900640E+01 -8.73026599E+01 -8.71046792E+01 -8.46935627E+01 -6.50312091E+01 -5.47722425E+01 -7.60974173E+01 -8.57762815E+01 -8.71700519E+01 -8.71604741E+01 -7.88858131E+01 -5.45265951E+01 -6.39043981E+01 -8.25014847E+01 -8.70349859E+01 -8.72749228E+01 -8.51625404E+01 -6.71961411E+01 -5.13851138E+01 -7.24817226E+01 -8.55373555E+01 -8.71905587E+01 -8.70655755E+01 -8.13958799E+01 -5.52536355E+01 -5.76711213E+01 -7.95356304E+01 -8.66999830E+01 -8.72913053E+01 -8.60038239E+01 -7.11482073E+01 -4.78522608E+01 -6.89666576E+01 -8.48970035E+01 -8.72098491E+01 -8.70393295E+01 -8.25765205E+01 -5.59326855E+01 -5.46833938E+01 -7.84539447E+01 -8.68921228E+01 -8.73339274E+01 -8.65715302E+01 -7.32022966E+01 -5.11019404E+01 -6.61121803E+01 -8.32675149E+01 -8.71840874E+01 -8.71055019E+01 -8.27972806E+01 -6.60266454E+01 -5.61972950E+01 -7.57625644E+01 -8.65473073E+01 -8.72196355E+01 -8.67987255E+01 -7.74151510E+01 -5.94346039E+01
 -5.41892999E+01 -6.89134689E+01 -8.58243618E+01 -8.73731848E+01 -8.68742764E+01 -7.95902087E+01 -6.16383220E+01 -5.90316677E+01 -7.86401374E+01 -8.66198039E+01 -8.71732879E+01 -8.42661376E+01 -7.37880014E+01 -5.70132017E+01 -6.67306668E+01 -8.44673109E+01 -8.71552556E+01 -8.60337683E+01 -7.96614654E+01 -6.74424663E+01 -5.89539262E+01 -7.67208450E+01 -8.67230276E+01 -8.70497903E+01 -8.40529071E+01 -7.60178830E+01 -6.28222440E+01 -6.24674058E+01 -8.33318744E+01 -8.70715239E+01 -8.66500529E+01 -8.18285517E+01 -7.20191040E+01 -5.61975632E+01 -7.21057017E+01 -8.66374636E+01 -8.70753572E+01 -8.47317448E+01 -7.78523216E+01 -6.51768759E+01 -5.85031855E+01 -8.13683717E+01 -8.71325472E+01 -8.70831665E+01 -8.15251216E+01 -7.38581244E+01 -5.57059260E+01 -6.98211462E+01 -8.58239076E+01 -8.71966649E+01 -8.64379997E+01 -7.75486638E+01 -6.52710870E+01 -5.60134860E+01 -8.02324496E+01 -8.70963560E+01 -8.73049402E+01 -8.44928539E+01 -7.45288320E+01 -5.37468592E+01 -6.63642737E+01 -8.56591759E+01 -8.72604815E+01 -8.70564702E+01 -8.20288915E+01 -6.46281467E+01 -5.10899412E+01 -7.94759821E+01 -8.71622644E+01 -8.72614175E+01 -8.64713001E+01 -7.75886657E+01 -5.09079403E+01 -6.33064523E+01 -8.59045328E+01 -8.70124225E+01 -8.71180097E+01 -8.51331283E+01 -6.69626951E+01 -4.67388148E+01 -7.86498379E+01 -8.68903318E+01 -8.70864009E+01 -8.69527897E+01 -8.05710827E+01 -4.79389246E+01 -6.01331514E+01 -8.60020793E+01 -8.73143158E+01 -8.74559341E+01 -8.64855689E+01 -6.73682323E+01 -3.38664906E+01 -8.18211842E+01 -9.16650364E+01 -9.35219516E+01 -9.30776290E+01 -7.75676117E+01 -4.25388658E+00  0.00000000E+00  1.72489232E-01 -3.66294513E+00 -7.46380686E+01 -9.27285663E+01 -9.34853352E+01 -9.15915132E+01 -8.42698947E+01 -4.55511314E+01 -6.04940367E+01 -8.52049347E+01 -8.73533221E+01 -8.75109154E+01 -8.70093052E+01 -7.17105359E+01 -4.54854894E+01 -7.25722903E+01 -8.60678880E+01 -8.72212906E+01 -8.73669322E+01 -8.42987529E+01 -5.70725640E+01 -5.18895908E+01 -7.88051493E+01 -8.70105731E+01 -8.73273075E+01 -8.68484554E+01 -7.80353385E+01 -5.22509488E+01 -6.07936504E+01 -8.41456637E+01 -8.71629678E+01 -8.73843849E+01 -8.62424487E+01 -7.04155779E+01 -5.15880575E+01 -7.28214497E+01 -8.65862616E+01 -8.74025175E+01 -8.73284364E+01 -8.21294250E+01 -6.30501871E+01 -5.67377472E+01 -8.07641707E+01 -8.70731078E+01 -8.74612911E+01 -8.64317254E+01 -7.73033052E+01 -5.71361480E+01 -6.33098061E+01 -8.46405591E+01 -8.72164072E+01 -8.71236327E+01 -8.47186925E+01 -6.97107730E+01 -5.14284692E+01 -7.32171429E+01 -8.63064970E+01 -8.73219003E+01 -8.66811056E+01 -8.13142337E+01 -6.01475097E+01 -5.74144407E+01 -7.98014490E+01 -8.71661132E+01 -8.71788299E+01 -8.52724874E+01 -7.32318824E+01 -5.35236349E+01 -6.88990350E+01 -8.49536121E+01 -8.72311869E+01 -8.70534310E+01 -8.27512436E+01 -6.34006038E+01 -5.57914778E+01 -7.83735450E+01 -8.66613770E+01 -8.72109839E+01 -8.63036959E+01 -7.48853436E+01 -5.45728528E+01 -6.42058803E+01 -8.39295952E+01 -8.72212793E+01 -8.72584511E+01 -8.41252785E+01 -6.41066156E+01 -5.37880605E+01 -7.37547842E+01 -8.63458999E+01 -8.73932651E+01 -8.69236716E+01 -7.79047023E+01 -5.89565971E+01 -6.17922211E+01 -8.06289407E+01 -8.71984884E+01 -8.73303280E+01 -8.49359029E+01 -7.00334842E+01
 -5.82982263E+01 -7.15680657E+01 -8.44408431E+01 -8.71397578E+01 -8.51057117E+01 -7.59675828E+01 -6.42644236E+01 -6.22090544E+01 -7.90347187E+01 -8.68600724E+01 -8.72946358E+01 -8.25913950E+01 -6.89656431E+01 -6.20167735E+01 -7.01985884E+01 -8.38931334E+01 -8.70736129E+01 -8.65089438E+01 -7.81389853E+01 -6.17135641E+01 -6.40576495E+01 -7.75514874E+01 -8.65073209E+01 -8.72543730E+01 -8.40131964E+01 -6.99415644E+01 -5.89864199E+01 -6.78292635E+01 -8.37718826E+01 -8.71000899E+01 -8.65649585E+01 -7.90585314E+01 -6.02152465E+01 -5.59703579E+01 -7.59111317E+01 -8.65383525E+01 -8.72779681E+01 -8.50813753E+01 -7.08317539E+01 -5.16615156E+01 -6.23617558E+01 -8.35657250E+01 -8.72094736E+01 -8.69625591E+01 -8.05460121E+01 -6.18862360E+01 -5.38369941E+01 -7.68819168E+01 -8.66393867E+01 -8.73369923E+01 -8.66475986E+01 -7.56284973E+01 -5.41905342E+01 -6.59342090E+01 -8.39059357E+01 -8.70149170E+01 -8.71484134E+01 -8.44145527E+01 -6.74378558E+01 -5.20836118E+01 -7.54460996E+01 -8.64969135E+01 -8.70948906E+01 -8.71532386E+01 -8.05245955E+01 -5.54991408E+01 -6.00568855E+01 -8.26761639E+01 -8.70911552E+01 -8.73468799E+01 -8.58955907E+01 -7.24682110E+01 -4.95780293E+01 -7.17086851E+01 -8.63917603E+01 -8.72452080E+01 -8.70382722E+01 -8.27280721E+01 -5.73218541E+01 -5.29845715E+01 -8.23819577E+01 -8.72640641E+01 -8.74261916E+01 -8.69091423E+01 -7.55905592E+01 -4.32550303E+01 -6.50504502E+01 -8.67336364E+01 -8.73035287E+01 -8.72701900E+01 -8.50495548E+01 -6.08795784E+01 -3.53780600E+01 -8.25392332E+01 -9.14747192E+01 -9.34609853E+01 -9.27634324E+01 -7.48600090E+01 -3.64719536E+00  1.20938734E-01  1.49436775E-01 -3.18476882E+00 -7.35651829E+01 -9.25041106E+01 -9.35668985E+01 -9.15700336E+01 -8.34249587E+01 -4.11339394E+01 -5.74810457E+01 -8.38788871E+01 -8.73116110E+01 -8.74442269E+01 -8.64270677E+01 -6.81670615E+01 -4.80213803E+01 -6.86089018E+01 -8.53023948E+01 -8.72564059E+01 -8.71120550E+01 -7.88468458E+01 -5.89355667E+01 -5.63239841E+01 -7.78820768E+01 -8.69923998E+01 -8.71653350E+01 -8.44736497E+01 -7.05532217E+01 -5.77323207E+01 -6.45342320E+01 -8.29649436E+01 -8.71298746E+01 -8.67430273E+01 -7.92140749E+01 -6.35837101E+01 -5.69278126E+01 -7.21571293E+01 -8.57088163E+01 -8.71656488E+01 -8.48752540E+01 -7.15747980E+01 -6.03832979E+01 -6.10277217E+01 -7.94893625E+01 -8.69876305E+01 -8.67932043E+01 -8.01005920E+01 -6.72739956E+01 -5.90820430E+01 -6.61019640E+01 -8.46532854E+01 -8.71430926E+01 -8.55044943E+01 -7.66533944E+01 -6.46349688E+01 -5.75173841E+01 -7.47434085E+01 -8.60909928E+01 -8.66081808E+01 -8.26621692E+01 -7.21735858E+01 -6.19615399E+01 -6.13758047E+01 -8.18960838E+01 -8.64736991E+01 -8.55706860E+01 -7.91818533E+01 -6.88185192E+01 -5.78588308E+01 -7.01637488E+01 -8.51159298E+01 -8.64725552E+01 -8.44039487E+01 -7.69260386E+01 -6.61395445E+01 -6.06573934E+01 -7.81165929E+01 -8.60145960E+01 -8.62374076E+01 -8.18884056E+01 -7.32305819E+01 -6.02653698E+01 -6.64742017E+01 -8.29331775E+01 -8.69819790E+01 -8.45194732E+01 -7.74914411E+01 -6.79824620E+01 -5.91665861E+01 -7.56436883E+01 -8.59509592E+01 -8.68055513E+01 -8.26146682E+01 -7.60582421E+01 -6.15524248E+01 -6.52229735E+01 -8.14332276E+01 -8.67852872E+01 -8.66331982E+01 -8.08110970E+01 -7.03188344E+01
 -6.45312627E+01 -8.13921555E+01 -8.66021509E+01 -8.64858802E+01 -8.09984229E+01 -6.90162666E+01 -6.00252545E+01 -7.17220526E+01 -8.47807205E+01 -8.69293918E+01 -8.52179321E+01 -7.46191682E+01 -6.38868662E+01 -6.39416195E+01 -7.99180403E+01 -8.62120024E+01 -8.69604931E+01 -8.22566057E+01 -7.03739276E+01 -6.15416104E+01 -7.12361611E+01 -8.29246877E+01 -8.68562412E+01 -8.60783727E+01 -7.81701290E+01 -6.57955810E+01 -6.29171392E+01 -7.68936954E+01 -8.59728532E+01 -8.69498112E+01 -8.37380484E+01 -7.20681939E+01 -5.85780654E+01 -6.75926630E+01 -8.22865630E+01 -8.71209836E+01 -8.64296955E+01 -8.01872191E+01 -6.37668135E+01 -5.98767838E+01 -7.50509124E+01 -8.62269684E+01 -8.73798071E+01 -8.56885353E+01 -7.45069436E+01 -6.00476139E+01 -6.59739060E+01 -8.19624479E+01 -8.71542411E+01 -8.72425545E+01 -8.31921876E+01 -6.96315153E+01 -5.86028463E+01 -7.20539724E+01 -8.58601722E+01 -8.73086121E+01 -8.64070720E+01 -7.89309997E+01 -6.37885848E+01 -6.01262337E+01 -7.97093623E+01 -8.72151543E+01 -8.72920109E+01 -8.55509055E+01 -7.47535474E+01 -5.97273900E+01 -6.51467544E+01 -8.45631855E+01 -8.71747545E+01 -8.70853166E+01 -8.35859465E+01 -6.88520292E+01 -5.45673429E+01 -7.42912073E+01 -8.68025870E+01 -8.73325594E+01 -8.69972825E+01 -8.00643441E+01 -6.00390330E+01 -5.95162268E+01 -8.34056650E+01 -8.71453447E+01 -8.73661445E+01 -8.59133151E+01 -7.40624769E+01 -4.86615314E+01 -7.34942620E+01 -8.70553104E+01 -8.74495825E+01 -8.72848749E+01 -8.52836752E+01 -6.07077138E+01 -4.41296517E+01 -8.42269347E+01 -9.17982563E+01 -9.33660421E+01 -9.23586256E+01 -7.34190219E+01 -3.01240026E+00  3.05548082E-01  3.55255964E-02 -2.70381128E+00 -7.52477652E+01 -9.26566566E+01 -9.34894832E+01 -9.17383671E+01 -8.16293494E+01 -3.86510937E+01 -6.51203348E+01 -8.55567298E+01 -8.73701238E+01 -8.74139061E+01 -8.62363264E+01 -6.26936071E+01 -4.77734833E+01 -7.68418526E+01 -8.70463193E+01 -8.72391838E+01 -8.70506689E+01 -7.97050157E+01 -5.08694767E+01 -6.09665315E+01 -8.36902149E+01 -8.70916222E+01 -8.71043856E+01 -8.55013737E+01 -6.87334837E+01 -5.29618061E+01 -7.38269183E+01 -8.64170602E+01 -8.70372138E+01 -8.66813523E+01 -7.96566915E+01 -5.96064734E+01 -5.89752144E+01 -8.15919675E+01 -8.72114929E+01 -8.73490740E+01 -8.50112537E+01 -7.27888616E+01 -5.40500458E+01 -6.86805772E+01 -8.57304704E+01 -8.71987587E+01 -8.67228473E+01 -8.01445641E+01 -6.47311412E+01 -5.58328829E+01 -7.81528942E+01 -8.70984272E+01 -8.72177743E+01 -8.47246814E+01 -7.44396622E+01 -5.60259359E+01 -6.50543229E+01 -8.39347456E+01 -8.72186401E+01 -8.66901861E+01 -8.18499539E+01 -6.56545208E+01 -5.63577793E+01 -7.58226363E+01 -8.68691212E+01 -8.69085480E+01 -8.48225759E+01 -7.76464457E+01 -6.16720494E+01 -6.49742208E+01 -8.30440712E+01 -8.72652782E+01 -8.61963932E+01 -8.26241408E+01 -7.10025258E+01 -6.12051748E+01 -7.32327012E+01 -8.54651634E+01 -8.70486296E+01 -8.43339485E+01 -7.82175388E+01 -6.34266437E+01 -6.19465314E+01 -7.92047212E+01 -8.68074528E+01 -8.68673409E+01 -8.23824740E+01 -7.39219376E+01 -6.03277415E+01 -6.83403688E+01 -8.32406306E+01 -8.70938430E+01 -8.56263564E+01 -7.91045716E+01 -6.54736900E+01 -5.85324800E+01 -7.48565137E+01 -8.59333943E+01 -8.70521725E+01 -8.40473009E+01 -7.54013092E+01 -6.11595151E+01
 -5.86258739E+01 -7.05852659E+01 -8.47691038E+01 -8.72361177E+01 -8.68074411E+01 -7.75965180E+01 -6.09893975E+01 -6.39438589E+01 -7.76075587E+01 -8.57168468E+01 -8.72948011E+01 -8.46677089E+01 -6.78534868E+01 -5.86580190E+01 -6.78978441E+01 -8.10205145E+01 -8.68560459E+01 -8.66581095E+01 -7.97389510E+01 -6.21609490E+01 -6.25914579E+01 -7.49757129E+01 -8.54413643E+01 -8.72473361E+01 -8.55135757E+01 -7.07080235E+01 -5.82671044E+01 -6.85658035E+01 -8.07631003E+01 -8.67748634E+01 -8.66771001E+01 -8.04066225E+01 -6.29698340E+01 -6.37093967E+01 -7.54815511E+01 -8.41258453E+01 -8.72065122E+01 -8.59451972E+01 -7.34196650E+01 -5.92234952E+01 -6.80664009E+01 -8.10111088E+01 -8.66783220E+01 -8.67963012E+01 -8.33625835E+01 -6.69032631E+01 -6.06884045E+01 -7.46604760E+01 -8.45309865E+01 -8.71746295E+01 -8.61146788E+01 -7.86779257E+01 -6.04559786E+01 -6.60368730E+01 -8.11031886E+01 -8.65937716E+01 -8.72296944E+01 -8.42262720E+01 -7.24601938E+01 -5.58054119E+01 -7.24551952E+01 -8.37375155E+01 -8.70060994E+01 -8.67796306E+01 -8.13378161E+01 -6.34710135E+01 -5.87933616E+01 -7.95786666E+01 -8.62659795E+01 -8.71659753E+01 -8.55824721E+01 -7.62616334E+01 -5.32199823E+01 -6.82728829E+01 -8.44396399E+01 -8.70972290E+01 -8.70073228E+01 -8.42689300E+01 -6.35231329E+01 -5.32070002E+01 -7.89314143E+01 -8.69061557E+01 -8.72231192E+01 -8.68487754E+01 -7.82689407E+01 -4.86390339E+01 -6.24009532E+01 -8.56161854E+01 -8.74099456E+01 -8.72657119E+01 -8.59191514E+01 -6.30735304E+01 -3.77312421E+01 -8.03347007E+01 -9.17577914E+01 -9.36996433E+01 -9.27621942E+01 -7.49577030E+01 -3.71119562E+00  5.73317648E-01  1.05061445E-02 -3.86944773E+00 -7.45869731E+01 -9.27127234E+01 -9.34636355E+01 -9.15600491E+01 -8.42726762E+01 -4.31495150E+01 -5.98308551E+01 -8.49514462E+01 -8.75065923E+01 -8.73887232E+01 -8.66309560E+01 -7.24608826E+01 -4.88539304E+01 -7.25085385E+01 -8.62799324E+01 -8.73916189E+01 -8.71712153E+01 -8.37077383E+01 -6.08718706E+01 -5.60672167E+01 -7.95322334E+01 -8.68372633E+01 -8.72538066E+01 -8.67834102E+01 -7.74664334E+01 -5.34042028E+01 -6.55424274E+01 -8.38285904E+01 -8.70763798E+01 -8.70964382E+01 -8.52074911E+01 -6.77832176E+01 -5.30381839E+01 -7.27770312E+01 -8.60792344E+01 -8.72749463E+01 -8.68632125E+01 -8.12997564E+01 -5.83202361E+01 -5.78923378E+01 -7.98003674E+01 -8.69049897E+01 -8.72006859E+01 -8.60012558E+01 -7.42503701E+01 -5.26915028E+01 -6.56306224E+01 -8.31854130E+01 -8.69668566E+01 -8.72097999E+01 -8.34328437E+01 -6.58020193E+01 -5.55403034E+01 -7.38440889E+01 -8.57339378E+01 -8.73136426E+01 -8.61868005E+01 -7.70856343E+01 -5.79542738E+01 -6.06383983E+01 -8.09884374E+01 -8.69182707E+01 -8.72397368E+01 -8.32742451E+01 -7.14429702E+01 -5.72188072E+01 -6.92383232E+01 -8.55578330E+01 -8.72103869E+01 -8.66776745E+01 -7.93063874E+01 -6.35969312E+01 -5.86068858E+01 -7.85666517E+01 -8.69344077E+01 -8.72169169E+01 -8.55120662E+01 -7.25075037E+01 -6.03396358E+01 -6.74460262E+01 -8.40634331E+01 -8.72059268E+01 -8.69904397E+01 -8.12738286E+01 -6.67888137E+01 -5.98789732E+01 -7.37145694E+01 -8.63197182E+01 -8.73142887E+01 -8.65411079E+01 -7.57358877E+01 -5.98101115E+01 -6.39052904E+01 -8.13082997E+01 -8.70483175E+01 -8.72275517E+01 -8.38118069E+01 -6.71528032E+01
 -6.75341525E+01 -7.12323718E+01 -8.27173674E+01 -8.65208656E+01 -8.11516738E+01 -6.68730864E+01 -6.43391666E+01 -7.03307134E+01 -7.66551746E+01 -8.65279471E+01 -8.58344060E+01 -7.75293208E+01 -6.50486881E+01 -6.80634578E+01 -7.21605521E+01 -8.26802507E+01 -8.67752987E+01 -8.33445720E+01 -7.15760811E+01 -6.32956469E+01 -7.05598936E+01 -7.58486311E+01 -8.64320104E+01 -8.68096986E+01 -8.00832829E+01 -6.73981239E+01 -6.70231697E+01 -6.91761926E+01 -8.15439470E+01 -8.71389060E+01 -8.44408278E+01 -7.48300121E+01 -6.30168671E+01 -6.39954895E+01 -7.43412932E+01 -8.59232616E+01 -8.68939379E+01 -8.33446178E+01 -7.02002263E+01 -5.91110056E+01 -6.48879829E+01 -8.15734700E+01 -8.69492657E+01 -8.65874802E+01 -7.97410053E+01 -6.34898580E+01 -5.59849453E+01 -7.21446016E+01 -8.59380709E+01 -8.73708169E+01 -8.60818834E+01 -7.48531313E+01 -5.71579386E+01 -6.00035277E+01 -8.12402790E+01 -8.70947808E+01 -8.70936660E+01 -8.29315731E+01 -6.72105651E+01 -5.18014472E+01 -6.91904855E+01 -8.58633804E+01 -8.73221142E+01 -8.71057250E+01 -7.87643212E+01 -6.02701921E+01 -5.53680824E+01 -7.98115068E+01 -8.71024376E+01 -8.71874323E+01 -8.55742145E+01 -7.12795533E+01 -5.03450518E+01 -6.60556632E+01 -8.62677355E+01 -8.72130396E+01 -8.72377237E+01 -8.29344495E+01 -5.83348662E+01 -4.77779229E+01 -8.03869686E+01 -8.70985324E+01 -8.72250711E+01 -8.69377776E+01 -7.63370927E+01 -4.33686659E+01 -6.14399240E+01 -8.64776698E+01 -8.74851073E+01 -8.75462974E+01 -8.55668093E+01 -6.07174914E+01 -3.41104371E+01 -7.98032058E+01 -9.17154881E+01 -9.33081375E+01 -9.28283079E+01 -7.53401978E+01 -4.47746979E+00  5.17953756E-02  1.15223779E-01 -2.79492304E+00 -7.25391911E+01 -9.26066393E+01 -9.34456976E+01 -9.16253143E+01 -8.18431609E+01 -4.50922323E+01 -5.89374407E+01 -8.43503811E+01 -8.74400613E+01 -8.73467702E+01 -8.56346124E+01 -6.68720684E+01 -5.06560651E+01 -7.08651248E+01 -8.58734018E+01 -8.73292890E+01 -8.67570081E+01 -7.83565552E+01 -5.69914149E+01 -5.87028638E+01 -7.75689896E+01 -8.65040188E+01 -8.71517080E+01 -8.39592895E+01 -6.70534148E+01 -5.64163250E+01 -6.62758136E+01 -8.02627150E+01 -8.67225035E+01 -8.65474284E+01 -7.73040131E+01 -6.35740699E+01 -6.06919482E+01 -7.05172440E+01 -8.44392613E+01 -8.71869325E+01 -8.41483005E+01 -7.28393531E+01 -6.42014463E+01 -6.40178884E+01 -7.56888530E+01 -8.58917946E+01 -8.65089402E+01 -7.88997905E+01 -6.87744901E+01 -6.39814473E+01 -6.70696538E+01 -8.03278111E+01 -8.66664190E+01 -8.36973541E+01 -7.44973922E+01 -6.38984104E+01 -6.49725035E+01 -7.15400498E+01 -8.41793266E+01 -8.68749980E+01 -8.12372936E+01 -6.76273319E+01 -6.42012909E+01 -6.69876725E+01 -7.71523597E+01 -8.63640653E+01 -8.66890847E+01 -7.58189919E+01 -6.32542311E+01 -6.70359350E+01 -7.05441817E+01 -8.13891047E+01 -8.69292749E+01 -8.39152456E+01 -6.83969256E+01 -6.49603202E+01 -7.00410516E+01 -7.25458163E+01 -8.45763144E+01 -8.59794783E+01 -7.90208727E+01 -6.26342634E+01 -6.97257204E+01 -7.04899404E+01 -7.94798529E+01 -8.67764632E+01 -8.46957945E+01 -7.20675918E+01 -6.32927251E+01 -6.89837690E+01 -7.22319858E+01 -8.36469077E+01 -8.62975262E+01 -8.02524522E+01 -6.56743031E+01 -6.53732941E+01 -6.90276085E+01 -7.64132232E+01 -8.59564921E+01 -8.54416705E+01 -7.25843979E+01 -6.16239810E+01
 -6.10821168E+01 -6.74819256E+01 -8.40352612E+01 -8.70269521E+01 -8.49382726E+01 -7.78786135E+01 -6.48707247E+01 -6.14803351E+01 -7.50216376E+01 -8.66464255E+01 -8.65967450E+01 -8.35297499E+01 -7.25781436E+01 -6.04808871E+01 -6.44401502E+01 -8.23079494E+01 -8.70132837E+01 -8.62819907E+01 -8.05414968E+01 -6.64761942E+01 -6.06631579E+01 -7.26381622E+01 -8.60569147E+01 -8.72121635E+01 -8.47231174E+01 -7.53385972E+01 -6.32198267E+01 -6.32722336E+01 -8.14524611E+01 -8.72431708E+01 -8.67661045E+01 -8.12675910E+01 -6.82739012E+01 -5.96933754E+01 -7.26136212E+01 -8.52731827E+01 -8.72756033E+01 -8.57522357E+01 -7.69076864E+01 -6.17787065E+01 -6.20436182E+01 -8.13631179E+01 -8.67525086E+01 -8.67636929E+01 -8.28719689E+01 -7.05381117E+01 -5.77066846E+01 -7.09222574E+01 -8.46854752E+01 -8.71863492E+01 -8.57924341E+01 -7.87600079E+01 -6.29584677E+01 -5.83180348E+01 -7.97747416E+01 -8.66565129E+01 -8.72603728E+01 -8.43632954E+01 -7.37169672E+01 -5.42047970E+01 -6.99662258E+01 -8.48141895E+01 -8.70698154E+01 -8.64809040E+01 -8.07375885E+01 -6.31220698E+01 -5.76685759E+01 -7.99650349E+01 -8.66788531E+01 -8.72922492E+01 -8.60885841E+01 -7.56726241E+01 -5.16859497E+01 -6.71393906E+01 -8.54183659E+01 -8.72192251E+01 -8.68583225E+01 -8.28915100E+01 -6.27089830E+01 -5.03560160E+01 -8.00934930E+01 -8.70179190E+01 -8.71726702E+01 -8.64655132E+01 -7.68161028E+01 -4.61374687E+01 -6.43095200E+01 -8.62626445E+01 -8.73749257E+01 -8.73682906E+01 -8.57388582E+01 -6.32875844E+01 -4.01425683E+01 -8.22867558E+01 -9.16968685E+01 -9.34099434E+01 -9.25748551E+01 -7.49538276E+01 -2.94985653E+00  2.35947375E-01  8.63796605E-02 -2.55422186E+00 -7.41074145E+01 -9.28522408E+01 -9.34617277E+01 -9.17541470E+01 -8.51713550E+01 -4.67973614E+01 -5.56659479E+01 -8.46881111E+01 -8.73687655E+01 -8.74861366E+01 -8.70392333E+01 -7.51005216E+01 -5.09675439E+01 -7.10217406E+01 -8.59297938E+01 -8.72579249E+01 -8.71894741E+01 -8.41065687E+01 -6.57182108E+01 -5.69947648E+01 -7.85124362E+01 -8.64153829E+01 -8.74599161E+01 -8.67703929E+01 -7.77117920E+01 -6.04160642E+01 -6.37823743E+01 -8.15329537E+01 -8.66059918E+01 -8.70666420E+01 -8.41763106E+01 -7.01352709E+01 -5.77748547E+01 -7.20254667E+01 -8.43524735E+01 -8.72797102E+01 -8.60165665E+01 -7.97532776E+01 -6.57750559E+01 -6.20761880E+01 -7.63192383E+01 -8.59092390E+01 -8.70777170E+01 -8.37331090E+01 -7.38655510E+01 -6.11716875E+01 -6.72609241E+01 -8.04338677E+01 -8.69608027E+01 -8.61211512E+01 -8.06605663E+01 -6.94417330E+01 -6.28647400E+01 -7.08867784E+01 -8.45168167E+01 -8.66910165E+01 -8.44556175E+01 -7.56147364E+01 -6.58927222E+01 -6.29164926E+01 -7.67498931E+01 -8.62654060E+01 -8.64968029E+01 -8.14584329E+01 -7.22316258E+01 -6.27061393E+01 -6.69991219E+01 -8.30064545E+01 -8.71859393E+01 -8.52295667E+01 -7.81412890E+01 -6.80557355E+01 -6.33169279E+01 -7.53868342E+01 -8.62856529E+01 -8.67693149E+01 -8.28296417E+01 -7.46155188E+01 -6.40028655E+01 -6.47633181E+01 -8.17208439E+01 -8.73152449E+01 -8.53034025E+01 -8.01645755E+01 -7.00843009E+01 -6.02281986E+01 -7.13154112E+01 -8.55787290E+01 -8.69863212E+01 -8.45134336E+01 -7.70991274E+01 -6.41514999E+01 -6.17763372E+01 -7.73701801E+01 -8.69917428E+01 -8.59522570E+01 -8.21272262E+01 -6.91244812E+01
 -6.43807031E+01 -7.69596338E+01 -8.63429808E+01 -8.58591931E+01 -8.27565890E+01 -7.18756026E+01 -6.30620176E+01 -6.78582183E+01 -8.21132398E+01 -8.65125673E+01 -8.55228127E+01 -7.79205813E+01 -6.63505719E+01 -6.09646514E+01 -7.42147917E+01 -8.54428610E+01 -8.63170773E+01 -8.36778215E+01 -7.21473994E+01 -6.37304459E+01 -6.49703235E+01 -7.97368028E+01 -8.70568571E+01 -8.61588514E+01 -7.99067822E+01 -6.70702251E+01 -5.98279576E+01 -7.11865789E+01 -8.48703570E+01 -8.70296592E+01 -8.45091583E+01 -7.35001541E+01 -6.27431949E+01 -6.17276536E+01 -7.77446975E+01 -8.64796650E+01 -8.62367095E+01 -8.17062769E+01 -7.09399784E+01 -5.89548300E+01 -6.73299804E+01 -8.37265984E+01 -8.70396726E+01 -8.53300663E+01 -7.60749611E+01 -6.56730819E+01 -6.02940205E+01 -7.82670291E+01 -8.70596630E+01 -8.71807910E+01 -8.33133594E+01 -7.22779697E+01 -5.95194431E+01 -6.74861195E+01 -8.51249242E+01 -8.71722041E+01 -8.70794691E+01 -7.91303717E+01 -6.57726934E+01 -5.97065436E+01 -7.62912118E+01 -8.68576808E+01 -8.73370821E+01 -8.68767024E+01 -7.57155694E+01 -5.59414816E+01 -6.33330561E+01 -8.41237928E+01 -8.70248679E+01 -8.71232293E+01 -8.54967900E+01 -6.72061555E+01 -5.06246656E+01 -7.26537216E+01 -8.68348777E+01 -8.72442001E+01 -8.70701681E+01 -8.29864274E+01 -5.66088204E+01 -5.39718991E+01 -8.27935046E+01 -8.71654451E+01 -8.72913607E+01 -8.67190457E+01 -7.52231578E+01 -4.45505760E+01 -6.79784176E+01 -8.70576674E+01 -8.74159849E+01 -8.72625272E+01 -8.60251726E+01 -6.12191532E+01 -3.87893977E+01 -8.40077726E+01 -9.16682200E+01 -9.33375775E+01 -9.24341942E+01 -7.51474762E+01 -3.43124244E+00  1.81492224E-01  2.35268643E-02 -4.43646110E+00 -7.47413925E+01 -9.22638059E+01 -9.31930492E+01 -9.15808531E+01 -8.18555791E+01 -3.67046204E+01 -6.17107423E+01 -8.57649000E+01 -8.73261532E+01 -8.72825875E+01 -8.67518259E+01 -6.59337854E+01 -4.41977703E+01 -7.68978067E+01 -8.66311957E+01 -8.73758689E+01 -8.71785176E+01 -8.14566219E+01 -4.86887902E+01 -6.02047633E+01 -8.30351128E+01 -8.70941424E+01 -8.73408780E+01 -8.62121433E+01 -6.79611500E+01 -4.83525612E+01 -7.38941274E+01 -8.63471309E+01 -8.70612873E+01 -8.69182577E+01 -8.14689599E+01 -5.64120148E+01 -6.05701516E+01 -8.24811658E+01 -8.67904266E+01 -8.72721977E+01 -8.64088099E+01 -7.15598773E+01 -5.28971495E+01 -6.81951272E+01 -8.56899269E+01 -8.73278091E+01 -8.72694625E+01 -8.31382819E+01 -6.16625482E+01 -5.49184820E+01 -7.56105063E+01 -8.65189775E+01 -8.71832752E+01 -8.65669344E+01 -7.43294950E+01 -5.70338708E+01 -6.18384479E+01 -8.15475043E+01 -8.69315722E+01 -8.72859270E+01 -8.27464480E+01 -6.95314435E+01 -5.74908366E+01 -7.12700169E+01 -8.58407815E+01 -8.74429436E+01 -8.57862907E+01 -7.75097479E+01 -6.26472054E+01 -5.78609707E+01 -7.89283835E+01 -8.69925041E+01 -8.66281125E+01 -8.09803140E+01 -7.30333238E+01 -5.49166333E+01 -6.59635408E+01 -8.38401485E+01 -8.74350921E+01 -8.50732325E+01 -7.96137448E+01 -6.57767226E+01 -5.66366490E+01 -7.18744378E+01 -8.58261063E+01 -8.67199814E+01 -8.26209538E+01 -7.48839838E+01 -6.21425406E+01 -6.30063915E+01 -7.82296167E+01 -8.68699954E+01 -8.51397981E+01 -8.01999891E+01 -6.96200323E+01 -6.17983968E+01 -6.83515173E+01 -8.40361352E+01 -8.65718426E+01 -8.37853900E+01 -7.68675636E+01 -6.89022547E+01
 -6.74123192E+01 -8.20968494E+01 -8.61730618E+01 -8.68469144E+01 -8.07721644E+01 -6.60116434E+01 -6.07841175E+01 -7.59480604E+01 -8.49657052E+01 -8.69742666E+01 -8.57328348E+01 -7.41448601E+01 -6.00199990E+01 -6.66470667E+01 -8.11685889E+01 -8.55643273E+01 -8.72124557E+01 -8.31506504E+01 -6.75859021E+01 -6.04084399E+01 -7.28651501E+01 -8.30879970E+01 -8.67414438E+01 -8.63118490E+01 -7.74088129E+01 -6.18321714E+01 -6.64176982E+01 -7.83659042E+01 -8.52017285E+01 -8.72337580E+01 -8.51280183E+01 -7.27890937E+01 -6.21488843E+01 -6.76039075E+01 -8.10487719E+01 -8.64089297E+01 -8.72173917E+01 -8.22548939E+01 -6.58179421E+01 -5.93682770E+01 -7.30033953E+01 -8.39420229E+01 -8.72102059E+01 -8.66882671E+01 -7.83794960E+01 -6.00760343E+01 -6.24110496E+01 -7.84340512E+01 -8.63970540E+01 -8.71156603E+01 -8.52247748E+01 -7.04209514E+01 -5.73588988E+01 -6.72080889E+01 -8.29703235E+01 -8.73554885E+01 -8.68551836E+01 -8.16248780E+01 -6.14722026E+01 -5.90193140E+01 -7.57952554E+01 -8.64736791E+01 -8.71954305E+01 -8.65782835E+01 -7.42888044E+01 -5.43744960E+01 -6.28687791E+01 -8.30906213E+01 -8.71987830E+01 -8.71457289E+01 -8.44486455E+01 -6.37785873E+01 -5.10534316E+01 -7.23910494E+01 -8.60670832E+01 -8.72757855E+01 -8.70659965E+01 -8.09057245E+01 -5.57447477E+01 -5.66586769E+01 -8.21392624E+01 -8.72325704E+01 -8.74965512E+01 -8.68892252E+01 -7.38616300E+01 -4.60964322E+01 -6.79300991E+01 -8.64644306E+01 -8.75012366E+01 -8.73852658E+01 -8.54634926E+01 -6.11574734E+01 -4.05022428E+01 -8.31568444E+01 -9.16344517E+01 -9.34286121E+01 -9.27486857E+01 -7.54061335E+01 -3.61946719E+00  1.10898871E-01  4.58374876E-01 -3.30182638E+00 -7.54966217E+01 -9.26774920E+01 -9.34681242E+01 -9.16130842E+01 -8.30682309E+01 -4.08184263E+01 -6.19531908E+01 -8.55487825E+01 -8.74159930E+01 -8.73923360E+01 -8.63220838E+01 -6.70814661E+01 -4.92994190E+01 -7.54882534E+01 -8.67272567E+01 -8.72680397E+01 -8.72616086E+01 -8.04366793E+01 -5.61165503E+01 -6.00987728E+01 -8.25607172E+01 -8.70842195E+01 -8.72298905E+01 -8.57931525E+01 -6.91621814E+01 -5.15869700E+01 -7.11618591E+01 -8.50080071E+01 -8.72586071E+01 -8.70451160E+01 -7.97574101E+01 -5.73786032E+01 -5.98175003E+01 -7.89925146E+01 -8.65404381E+01 -8.71853071E+01 -8.60134920E+01 -7.15423222E+01 -5.45291989E+01 -7.02678946E+01 -8.43605130E+01 -8.69080418E+01 -8.71817321E+01 -8.25653789E+01 -6.10291127E+01 -5.90780747E+01 -7.84139366E+01 -8.62735735E+01 -8.70840737E+01 -8.60305823E+01 -7.34410675E+01 -5.57951343E+01 -6.75628002E+01 -8.37172126E+01 -8.69883950E+01 -8.72354647E+01 -8.23747424E+01 -6.25265866E+01 -5.86563070E+01 -7.60108914E+01 -8.58519441E+01 -8.71257146E+01 -8.63645041E+01 -7.64177467E+01 -5.93670207E+01 -6.48354388E+01 -8.10667844E+01 -8.66001132E+01 -8.69405618E+01 -8.32903907E+01 -6.90491694E+01 -5.91025294E+01 -6.98723569E+01 -8.47321406E+01 -8.72935190E+01 -8.63066759E+01 -7.72320859E+01 -6.42259180E+01 -6.11475325E+01 -7.87550272E+01 -8.64388206E+01 -8.71498481E+01 -8.35559143E+01 -7.17856323E+01 -5.90365846E+01 -6.85891520E+01 -8.35519450E+01 -8.67181810E+01 -8.64706612E+01 -7.91057238E+01 -6.64220392E+01 -6.22140760E+01 -7.79855975E+01 -8.54684483E+01 -8.69207321E+01 -8.51862360E+01 -7.29775016E+01 -6.10764741E+01
 -5.34282894E+01 -7.31089574E+01 -8.58998677E+01 -8.73481685E+01 -8.70512371E+01 -7.99532346E+01 -5.37186352E+01 -6.03663022E+01 -7.97441270E+01 -8.69624223E+01 -8.73146103E+01 -8.58114927E+01 -6.90208430E+01 -5.08873822E+01 -6.97312698E+01 -8.51748607E+01 -8.72591125E+01 -8.70818948E+01 -8.16076080E+01 -5.77269990E+01 -5.62709872E+01 -7.79153859E+01 -8.68304017E+01 -8.72160307E+01 -8.65062369E+01 -7.31786798E+01 -5.50013619E+01 -6.64631423E+01 -8.39537883E+01 -8.71469825E+01 -8.71839717E+01 -8.33445132E+01 -6.21434881E+01 -5.74359009E+01 -7.56379906E+01 -8.64065167E+01 -8.71377921E+01 -8.69083644E+01 -7.62727189E+01 -5.48036179E+01 -6.36512756E+01 -8.27390153E+01 -8.72458016E+01 -8.72757700E+01 -8.48619794E+01 -6.75883211E+01 -5.18044938E+01 -7.44900921E+01 -8.63721564E+01 -8.73421757E+01 -8.69912694E+01 -8.06581759E+01 -5.39520122E+01 -5.90579233E+01 -8.32411916E+01 -8.72476164E+01 -8.71161813E+01 -8.66359129E+01 -7.14311819E+01 -4.35586004E+01 -7.08445158E+01 -8.64993892E+01 -8.74670991E+01 -8.72786007E+01 -8.39317914E+01 -5.45177962E+01 -5.04142248E+01 -8.17700555E+01 -8.70241128E+01 -8.72104472E+01 -8.68374255E+01 -7.65049615E+01 -4.46268467E+01 -6.70727543E+01 -8.66799955E+01 -8.73670190E+01 -8.71901256E+01 -8.50832098E+01 -5.96640939E+01 -4.30214834E+01 -7.89761307E+01 -8.70537642E+01 -8.73348937E+01 -8.70124881E+01 -7.88465263E+01 -3.97548768E+01 -5.75260412E+01 -8.60043250E+01 -8.73627861E+01 -8.74548407E+01 -8.59020088E+01 -6.13286498E+01 -2.83160016E+01 -7.97482363E+01 -9.19969770E+01 -9.37756798E+01 -9.30308494E+01 -7.52912939E+01 -2.69624983E+00  0.00000000E+00  1.20361029E-01 -2.43241320E+00 -7.43328158E+01 -9.26058023E+01 -9.35044492E+01 -9.15767003E+01 -7.94068635E+01 -3.62208078E+01 -5.87581298E+01 -8.54898064E+01 -8.74210112E+01 -8.74188153E+01 -8.53058180E+01 -6.10261551E+01 -4.48476966E+01 -7.45377976E+01 -8.67239390E+01 -8.71672052E+01 -8.67804816E+01 -7.85872375E+01 -5.13779673E+01 -5.74177240E+01 -8.03454853E+01 -8.68455140E+01 -8.71527898E+01 -8.45026877E+01 -6.75731847E+01 -4.86933183E+01 -6.74128059E+01 -8.50296979E+01 -8.72462005E+01 -8.64064004E+01 -7.98336156E+01 -6.25427529E+01 -5.43461682E+01 -7.68976285E+01 -8.67994667E+01 -8.72233773E+01 -8.45899081E+01 -7.43251365E+01 -5.46700415E+01 -6.24069466E+01 -8.14533510E+01 -8.70190949E+01 -8.62813798E+01 -8.22433702E+01 -6.75920325E+01 -5.23194653E+01 -6.88635473E+01 -8.47000306E+01 -8.72975321E+01 -8.54243999E+01 -7.93510601E+01 -5.93753275E+01 -5.51353372E+01 -7.52316846E+01 -8.67649341E+01 -8.71851647E+01 -8.42593166E+01 -7.28324753E+01 -5.35632722E+01 -6.01442141E+01 -8.28026988E+01 -8.72378744E+01 -8.63175387E+01 -8.17241842E+01 -6.49019696E+01 -5.34145130E+01 -7.08777633E+01 -8.60669026E+01 -8.71727209E+01 -8.56797362E+01 -7.58477497E+01 -5.66735111E+01 -5.59487886E+01 -8.01049472E+01 -8.69716116E+01 -8.70897934E+01 -8.49872921E+01 -6.82910326E+01 -5.14398434E+01 -6.58877281E+01 -8.48550443E+01 -8.73086656E+01 -8.71438749E+01 -8.16262299E+01 -5.91288258E+01 -5.43691942E+01 -7.49047878E+01 -8.66066747E+01 -8.73230214E+01 -8.62846445E+01 -7.39019861E+01 -5.21474934E+01 -6.41094505E+01 -8.23315219E+01 -8.72253101E+01 -8.71411372E+01 -8.51989762E+01 -6.19059584E+01
 -6.28533497E+01 -8.21790749E+01 -8.70223774E+01 -8.68575871E+01 -8.68623052E+01 -7.52728307E+01 -4.79247574E+01 -6.85499200E+01 -8.50031137E+01 -8.73431040E+01 -8.75212869E+01 -8.48495949E+01 -5.53161050E+01 -4.99407803E+01 -7.76346578E+01 -8.69676936E+01 -8.75401347E+01 -8.73077982E+01 -7.67011438E+01 -4.58083456E+01 -6.29027792E+01 -8.34996744E+01 -8.70900724E+01 -8.72801163E+01 -8.68178138E+01 -6.98104231E+01 -4.67873155E+01 -7.22448981E+01 -8.66232444E+01 -8.71658420E+01 -8.73912580E+01 -8.54707328E+01 -6.01533229E+01 -5.28765255E+01 -8.45655116E+01 -8.73332185E+01 -8.72471483E+01 -8.72643651E+01 -7.64625658E+01 -3.97605752E+01 -6.83503460E+01 -8.71431759E+01 -8.72654856E+01 -8.71682865E+01 -8.43018542E+01 -6.05871481E+01 -5.11706994E+01 -8.36968034E+01 -8.69648420E+01 -8.73391608E+01 -8.68867249E+01 -7.52554604E+01 -4.90509185E+01 -6.88528773E+01 -8.68606928E+01 -8.69868862E+01 -8.65743128E+01 -8.28850254E+01 -6.68182576E+01 -5.52077973E+01 -8.01144898E+01 -8.73487476E+01 -8.75517034E+01 -8.62925298E+01 -7.76532046E+01 -6.01568489E+01 -6.08989511E+01 -8.54155726E+01 -8.76738584E+01 -8.73379601E+01 -8.51896044E+01 -7.15615266E+01 -5.34153045E+01 -7.55462897E+01 -8.69136801E+01 -8.74801591E+01 -8.68919310E+01 -7.80709136E+01 -5.90180123E+01 -5.77277862E+01 -8.05965646E+01 -8.72782344E+01 -8.74410956E+01 -8.57421431E+01 -7.51497579E+01 -4.82568874E+01 -6.55871498E+01 -8.71284599E+01 -8.77340148E+01 -8.76406590E+01 -8.59002027E+01 -5.99520623E+01 -4.01242082E+01 -8.19528044E+01 -9.17705630E+01 -9.36676284E+01 -9.28271988E+01 -7.54014974E+01 -2.01568552E+00  4.96553394E-02  0.00000000E+00 -1.46725191E+00 -7.25356839E+01 -9.22372401E+01 -9.40073870E+01 -9.18555046E+01 -8.44412883E+01 -4.22591153E+01 -5.56239930E+01 -8.45937253E+01 -8.73922133E+01 -8.74504514E+01 -8.66182641E+01 -7.15765779E+01 -4.87446907E+01 -7.16803733E+01 -8.73992882E+01 -8.72432290E+01 -8.70027780E+01 -8.24624226E+01 -6.03176370E+01 -5.51319387E+01 -7.98900689E+01 -8.71092483E+01 -8.73267444E+01 -8.66651792E+01 -7.41262032E+01 -4.91695970E+01 -6.74024762E+01 -8.51395444E+01 -8.71002050E+01 -8.67938646E+01 -8.40927578E+01 -5.81888888E+01 -5.14751277E+01 -7.77727413E+01 -8.66843802E+01 -8.70259316E+01 -8.64593480E+01 -7.08671763E+01 -4.39559221E+01 -6.02279760E+01 -8.45848240E+01 -8.74775478E+01 -8.71568742E+01 -8.37987775E+01 -5.95236063E+01 -4.58825660E+01 -7.86633242E+01 -8.70400345E+01 -8.74008443E+01 -8.68150508E+01 -7.78274267E+01 -4.87654932E+01 -6.35323792E+01 -8.38878163E+01 -8.73500818E+01 -8.72614183E+01 -8.57144899E+01 -6.09788276E+01 -4.85516427E+01 -7.48365562E+01 -8.74322881E+01 -8.75363574E+01 -8.69416075E+01 -7.92341732E+01 -4.82235236E+01 -5.69630252E+01 -8.31365676E+01 -8.76056836E+01 -8.71243361E+01 -8.57028901E+01 -6.37668079E+01 -5.04569082E+01 -7.05622379E+01 -8.66004849E+01 -8.73334444E+01 -8.71698866E+01 -8.36977270E+01 -5.10400205E+01 -5.26398182E+01 -8.09431304E+01 -8.68759073E+01 -8.72089919E+01 -8.63545912E+01 -7.15847899E+01 -4.17784129E+01 -6.69930821E+01 -8.54316903E+01 -8.72234923E+01 -8.71008279E+01 -8.49437844E+01 -5.87390044E+01 -4.47801360E+01 -8.02827280E+01 -8.69157085E+01 -8.71491904E+01 -8.72932359E+01 -8.22770367E+01 -5.02959349E+01
 -6.13122933E+01 -7.50339852E+01 -8.56211247E+01 -8.72855392E+01 -8.57866264E+01 -7.30482502E+01 -6.11818086E+01 -6.43348502E+01 -8.06053578E+01 -8.66599637E+01 -8.71968060E+01 -8.30740051E+01 -6.71729508E+01 -5.98153485E+01 -6.83466993E+01 -8.38752750E+01 -8.71345196E+01 -8.66267107E+01 -7.88934051E+01 -6.43400751E+01 -6.24959563E+01 -7.63802898E+01 -8.61586143E+01 -8.72705326E+01 -8.46566647E+01 -7.36291484E+01 -6.20488123E+01 -6.71413351E+01 -8.24902930E+01 -8.70799708E+01 -8.69068421E+01 -8.19237967E+01 -6.78255762E+01 -5.91871959E+01 -7.43465554E+01 -8.57332842E+01 -8.71540684E+01 -8.51725098E+01 -7.80038823E+01 -6.29719230E+01 -6.30468389E+01 -8.07346496E+01 -8.67882715E+01 -8.68624233E+01 -8.37341285E+01 -7.18729333E+01 -5.72444868E+01 -7.32512984E+01 -8.54281268E+01 -8.69948469E+01 -8.56836439E+01 -8.01844531E+01 -6.16405772E+01 -6.15767180E+01 -8.05098632E+01 -8.72322730E+01 -8.69680046E+01 -8.44593573E+01 -7.35374179E+01 -5.58899365E+01 -7.11818159E+01 -8.55982078E+01 -8.72140154E+01 -8.66387254E+01 -8.18004151E+01 -6.23701210E+01 -5.83156412E+01 -8.00630202E+01 -8.69882550E+01 -8.73377769E+01 -8.58742201E+01 -7.36296501E+01 -5.29971751E+01 -6.81906254E+01 -8.53542990E+01 -8.73333712E+01 -8.72572555E+01 -8.36536730E+01 -6.14588821E+01 -5.33434199E+01 -7.95811998E+01 -8.70714190E+01 -8.73746603E+01 -8.67852680E+01 -7.59643406E+01 -4.50885830E+01 -6.31571900E+01 -8.61837138E+01 -8.73481705E+01 -8.75263358E+01 -8.64091854E+01 -6.14298359E+01 -3.74513486E+01 -8.15939093E+01 -9.15929043E+01 -9.35428674E+01 -9.27548871E+01 -7.60610320E+01 -3.49728932E+00  7.24199406E-02  1.07473003E-01 -3.47897703E+00 -7.53282101E+01 -9.27428385E+01 -9.35835075E+01 -9.17421922E+01 -8.40535504E+01 -4.20978102E+01 -5.90324481E+01 -8.55264059E+01 -8.73761051E+01 -8.74074074E+01 -8.68828621E+01 -7.03624568E+01 -4.50518346E+01 -7.48211134E+01 -8.67696705E+01 -8.74031021E+01 -8.71940566E+01 -8.32425220E+01 -5.63746875E+01 -5.72286519E+01 -8.21199221E+01 -8.69905685E+01 -8.72725693E+01 -8.64484921E+01 -7.28578522E+01 -5.37276185E+01 -7.02164214E+01 -8.58674924E+01 -8.73276528E+01 -8.71825756E+01 -8.26833853E+01 -6.30778197E+01 -5.96912971E+01 -7.80666871E+01 -8.70841114E+01 -8.72822985E+01 -8.66881669E+01 -7.55555385E+01 -5.71675671E+01 -6.52550880E+01 -8.36880071E+01 -8.73225639E+01 -8.71496653E+01 -8.35486816E+01 -6.64638144E+01 -5.72731099E+01 -7.47080330E+01 -8.54141113E+01 -8.72223117E+01 -8.61266439E+01 -7.70729089E+01 -5.71075139E+01 -6.24549914E+01 -8.01982535E+01 -8.68263573E+01 -8.72434595E+01 -8.43133806E+01 -6.66260298E+01 -5.64465984E+01 -7.16358200E+01 -8.32087473E+01 -8.71240860E+01 -8.64105517E+01 -7.86694709E+01 -6.07827929E+01 -6.39671088E+01 -7.58847862E+01 -8.56804618E+01 -8.71890969E+01 -8.49651763E+01 -6.99561651E+01 -5.93166139E+01 -6.91747144E+01 -7.93359926E+01 -8.70772783E+01 -8.71790825E+01 -8.11437450E+01 -6.39591532E+01 -6.44249071E+01 -7.17035595E+01 -8.43110440E+01 -8.72785605E+01 -8.61506811E+01 -7.60243094E+01 -6.20649042E+01 -6.64112420E+01 -7.73644840E+01 -8.65159614E+01 -8.70770471E+01 -8.41351091E+01 -6.93232297E+01 -6.13674773E+01 -6.90955072E+01 -8.35019327E+01 -8.70146751E+01 -8.69362179E+01 -7.97654584E+01 -6.47566560E+01
