# PIMCID: 3c52133c-05a3-4268-a034-c607fe93950b
#      0.000E+00       5.000E-01       1.000E+00       1.500E+00       2.000E+00       2.500E+00       3.000E+00       3.500E+00       4.000E+00       4.500E+00       5.000E+00       5.500E+00       6.000E+00       6.500E+00       7.000E+00       7.500E+00       8.000E+00       8.500E+00       9.000E+00       9.500E+00       1.000E+01       1.050E+01       1.100E+01       1.150E+01       1.200E+01       1.250E+01       1.300E+01       1.350E+01       1.400E+01       1.450E+01       1.500E+01       1.550E+01       1.600E+01       1.650E+01       1.700E+01       1.750E+01       1.800E+01       1.850E+01       1.900E+01       1.950E+01       2.000E+01       2.050E+01       2.100E+01       2.150E+01       2.200E+01       2.250E+01       2.300E+01       2.350E+01       2.400E+01       2.450E+01       2.500E+01       2.550E+01       2.600E+01       2.650E+01       2.700E+01       2.750E+01       2.800E+01       2.850E+01       2.900E+01       2.950E+01       3.000E+01       3.050E+01       3.100E+01       3.150E+01       3.200E+01       3.250E+01       3.300E+01       3.350E+01       3.400E+01       3.450E+01       3.500E+01       3.550E+01       3.600E+01       3.650E+01       3.700E+01       3.750E+01       3.800E+01       3.850E+01       3.900E+01       3.950E+01       4.000E+01       4.050E+01       4.100E+01       4.150E+01       4.200E+01       4.250E+01       4.300E+01       4.350E+01       4.400E+01       4.450E+01       4.500E+01       4.550E+01       4.600E+01       4.650E+01       4.700E+01       4.750E+01       4.800E+01       4.850E+01       4.900E+01       4.950E+01       5.000E+01       5.050E+01       5.100E+01       5.150E+01       5.200E+01       5.250E+01       5.300E+01       5.350E+01       5.400E+01       5.450E+01       5.500E+01       5.550E+01       5.600E+01       5.650E+01       5.700E+01       5.750E+01       5.800E+01       5.850E+01       5.900E+01       5.950E+01       6.000E+01       6.050E+01       6.100E+01       6.150E+01       6.200E+01       6.250E+01       6.300E+01       6.350E+01       6.400E+01       6.450E+01       6.500E+01       6.550E+01       6.600E+01       6.650E+01       6.700E+01       6.750E+01       6.800E+01       6.850E+01       6.900E+01       6.950E+01       7.000E+01       7.050E+01       7.100E+01       7.150E+01       7.200E+01       7.250E+01       7.300E+01       7.350E+01       7.400E+01       7.450E+01       7.500E+01       7.550E+01       7.600E+01       7.650E+01       7.700E+01       7.750E+01       7.800E+01       7.850E+01       7.900E+01       7.950E+01       8.000E+01       8.050E+01       8.100E+01       8.150E+01       8.200E+01       8.250E+01       8.300E+01       8.350E+01       8.400E+01       8.450E+01       8.500E+01       8.550E+01       8.600E+01       8.650E+01       8.700E+01       8.750E+01       8.800E+01       8.850E+01       8.900E+01       8.950E+01       9.000E+01       9.050E+01       9.100E+01       9.150E+01       9.200E+01       9.250E+01       9.300E+01       9.350E+01       9.400E+01       9.450E+01       9.500E+01       9.550E+01       9.600E+01       9.650E+01       9.700E+01       9.750E+01       9.800E+01       9.850E+01       9.900E+01       9.950E+01
  1.59447963E-01  3.72805739E-01  5.68805049E-01  4.92089106E-01  2.58514602E-01  1.03075899E-01  9.52496408E-02  2.32817492E-01  4.62726526E-01  5.68378064E-01  4.05991576E-01  1.83230662E-01  8.00515818E-02  1.31147548E-01  3.24842374E-01  5.30647964E-01  5.30108729E-01  3.12983724E-01  1.21385062E-01  7.87336773E-02  1.92931537E-01  4.20024964E-01  5.61536714E-01  4.58071702E-01  2.28343053E-01  8.21355671E-02  1.01345767E-01  2.74165072E-01  5.03819025E-01  5.53168252E-01  3.72437021E-01  1.52984541E-01  6.29986060E-02  1.43858391E-01  3.72033470E-01  5.69425168E-01  5.11957582E-01  2.74122683E-01  9.19997404E-02  6.56713276E-02  2.11431256E-01  4.73260035E-01  6.03681847E-01  4.37531098E-01  1.75397807E-01  5.23911822E-02  9.02285885E-02  2.94931580E-01  5.66647594E-01  5.98052161E-01  3.25146388E-01  9.99917675E-02  4.57435883E-02  1.44853665E-01  4.13796248E-01  6.44403885E-01  5.03272322E-01  2.09161356E-01  5.51717436E-02  5.94861560E-02  2.33162633E-01  5.45868498E-01  6.34046244E-01  3.84213916E-01  1.22753588E-01  3.34731192E-02  9.84612061E-02  3.55413508E-01  6.26577502E-01  5.70716562E-01  2.66468045E-01  6.58145510E-02  3.58081855E-02  1.70680325E-01  4.72602221E-01  6.59260537E-01  4.70794477E-01  1.66315949E-01  3.27729157E-02  5.77899674E-02  2.63835045E-01  5.86165079E-01  6.54135556E-01  3.43307705E-01  8.33782770E-02  2.19246348E-02  1.00249463E-01  3.77289672E-01  6.91800081E-01  5.83229257E-01  2.07932817E-01  2.71477468E-02  1.92352171E-02  1.40720882E-01  4.93313520E-01  7.72768453E-01  4.85009619E-01  8.62297656E-02  2.45890884E-03  1.17352527E-06  1.26242870E-06  2.79268787E-03  1.07870158E-01  5.59238400E-01  7.92453628E-01  4.18098338E-01  1.05380845E-01  1.48705033E-02  4.41168333E-02  2.91494075E-01  6.76310685E-01  6.34622996E-01  2.82156708E-01  6.36326653E-02  2.42962582E-02  1.46359387E-01  4.74478084E-01  6.79991572E-01  4.67650905E-01  1.76483923E-01  4.16647345E-02  7.05604117E-02  2.85570298E-01  5.85434436E-01  5.94818708E-01  3.31874227E-01  1.11243812E-01  4.62969232E-02  1.51430261E-01  4.27765395E-01  6.19598903E-01  4.81078843E-01  2.22476476E-01  7.41028399E-02  8.41079608E-02  2.75170339E-01  5.33060341E-01  5.66170645E-01  3.64543374E-01  1.45509452E-01  6.77068961E-02  1.60782955E-01  3.87713991E-01  5.68677081E-01  5.04076791E-01  2.56877160E-01  8.81233375E-02  9.75627303E-02  2.52516732E-01  4.78478133E-01  5.77294420E-01  3.92260459E-01  1.61275693E-01  8.16941260E-02  1.48851101E-01  3.47227849E-01  5.57004203E-01  5.18198781E-01  2.82938098E-01  1.03204026E-01  9.69502568E-02  2.26513616E-01  4.45814053E-01  5.71112840E-01  4.31857904E-01  1.84484111E-01  7.82053954E-02  1.36645211E-01  3.11205495E-01  5.29628970E-01  5.53997383E-01  3.14214769E-01  1.10003681E-01  7.88979887E-02  1.95335326E-01  4.20272667E-01  5.94937394E-01  4.66330795E-01  2.00746504E-01  7.24802990E-02  1.14681548E-01  2.92227066E-01  5.36880201E-01  5.65495832E-01  3.34468464E-01  1.22646886E-01  7.06748304E-02  1.79655695E-01  4.10195321E-01  5.83520185E-01  4.73734531E-01  2.22002763E-01  8.24204137E-02  1.08418959E-01  2.77394543E-01  5.03838174E-01  5.58489975E-01  3.55471419E-01  1.47481597E-01  7.96538278E-02
  1.17494345E-01  2.19776663E-01  3.91022679E-01  5.02086958E-01  4.36522810E-01  2.57825968E-01  1.28232688E-01  1.45094599E-01  2.83962025E-01  4.52993891E-01  5.01710554E-01  3.69107677E-01  1.83523671E-01  1.13787803E-01  1.97464796E-01  3.70516944E-01  4.93037172E-01  4.53994939E-01  2.78198787E-01  1.34389316E-01  1.30476972E-01  2.65860626E-01  4.39569765E-01  5.09159095E-01  3.95995023E-01  1.97793895E-01  1.01800317E-01  1.67341754E-01  3.45661023E-01  5.02405799E-01  4.93224999E-01  3.06560880E-01  1.29039399E-01  1.02970157E-01  2.36820495E-01  4.31069142E-01  5.29033767E-01  4.33265135E-01  2.14962012E-01  8.84285053E-02  1.40516889E-01  3.26407466E-01  5.00176581E-01  5.13741358E-01  3.37452508E-01  1.31702673E-01  8.06554188E-02  2.11896644E-01  4.24584421E-01  5.46453417E-01  4.55750146E-01  2.30044525E-01  8.00200041E-02  1.07079598E-01  3.01125260E-01  5.16746659E-01  5.43985759E-01  3.62925083E-01  1.35898696E-01  6.27952027E-02  1.71289553E-01  3.99135507E-01  5.64354501E-01  5.01522856E-01  2.55151850E-01  7.11703880E-02  7.68051901E-02  2.51788560E-01  4.97565658E-01  5.94608813E-01  4.08242087E-01  1.44090662E-01  4.55286924E-02  1.20582058E-01  3.44274411E-01  5.94595703E-01  5.72863041E-01  2.78628126E-01  6.46473220E-02  4.33679352E-02  1.85855744E-01  4.79455756E-01  6.63400703E-01  4.70072501E-01  1.42511835E-01  2.35221536E-02  7.11615745E-02  2.86958074E-01  6.26049915E-01  6.68004889E-01  2.95622496E-01  4.38252692E-02  1.84846413E-02  1.10390465E-01  4.21112296E-01  7.81246437E-01  5.56359156E-01  1.09501908E-01  2.96913256E-03  2.96222071E-06  1.27997192E-06  2.19699865E-03  8.94515503E-02  5.10367699E-01  7.88394623E-01  4.68005987E-01  1.24285858E-01  1.67858625E-02  2.88617575E-02  2.22587738E-01  6.17123501E-01  6.81768464E-01  3.47134746E-01  8.92375939E-02  2.11213285E-02  9.02124571E-02  3.70943083E-01  6.63819528E-01  5.52803157E-01  2.46146279E-01  6.20315349E-02  4.03346395E-02  1.92195902E-01  4.94554158E-01  6.32898021E-01  4.34535745E-01  1.70450642E-01  4.86369213E-02  9.34620132E-02  3.09639359E-01  5.59872716E-01  5.58773275E-01  3.31524172E-01  1.19388356E-01  5.90978209E-02  1.78064628E-01  4.21984633E-01  5.74874060E-01  4.63822526E-01  2.34655093E-01  8.83141490E-02  9.82012738E-02  2.72578613E-01  4.98406746E-01  5.45312121E-01  3.67749407E-01  1.62134298E-01  8.45726265E-02  1.65868214E-01  3.70525374E-01  5.41264539E-01  4.82017784E-01  2.67522029E-01  1.18903448E-01  1.05766639E-01  2.46852092E-01  4.58197544E-01  5.36181515E-01  3.97549293E-01  1.93453767E-01  9.85266609E-02  1.50822803E-01  3.29674083E-01  4.99465813E-01  5.08141536E-01  3.17331935E-01  1.41470523E-01  1.09141998E-01  2.23326592E-01  3.92131208E-01  5.18964704E-01  4.47863178E-01  2.40756591E-01  1.14973441E-01  1.47763670E-01  2.83762971E-01  4.42535441E-01  5.07932096E-01  3.73170527E-01  1.85266792E-01  1.15110032E-01  1.92877834E-01  3.45299998E-01  4.87941293E-01  4.67038291E-01  2.94897922E-01  1.45191822E-01  1.35788198E-01  2.44516875E-01  4.11876128E-01  5.08804360E-01  4.04148992E-01  2.20452982E-01  1.25468058E-01  1.63027408E-01  3.16988116E-01  4.76633253E-01  4.85589619E-01  3.29047500E-01  1.63999400E-01
  4.30153747E-02  1.14982318E-01  3.48091999E-01  6.03437321E-01  5.66060147E-01  2.69375469E-01  7.44360011E-02  5.79811221E-02  1.90655488E-01  4.66151335E-01  6.35872595E-01  4.53229768E-01  1.68779796E-01  4.61562835E-02  9.78007214E-02  3.02822354E-01  5.77330021E-01  5.99242222E-01  3.17880599E-01  8.45814526E-02  5.07617493E-02  1.78939988E-01  4.37436926E-01  6.20410221E-01  4.89259665E-01  1.92567960E-01  4.81020198E-02  9.24745678E-02  2.88713515E-01  5.35952265E-01  5.92466064E-01  3.57646226E-01  1.09820597E-01  4.92403297E-02  1.69182095E-01  4.16989677E-01  5.95488653E-01  5.03727601E-01  2.25456262E-01  5.91168124E-02  8.40374232E-02  2.75924655E-01  5.31500338E-01  5.92096635E-01  3.70384835E-01  1.21057434E-01  4.81166772E-02  1.51028099E-01  3.96555152E-01  6.03924280E-01  5.18887491E-01  2.35807811E-01  6.30995145E-02  6.70958138E-02  2.36861940E-01  5.23609260E-01  6.27408693E-01  3.95464952E-01  1.29652297E-01  3.95176981E-02  1.12307827E-01  3.51934322E-01  6.20049794E-01  5.71497677E-01  2.61566431E-01  6.09740221E-02  4.23662692E-02  1.84643908E-01  4.97211348E-01  6.80480077E-01  4.37331538E-01  1.37380313E-01  2.97147728E-02  7.18034658E-02  3.10116760E-01  6.43266547E-01  6.29468861E-01  2.78252399E-01  5.56004865E-02  2.51820119E-02  1.49918646E-01  4.88248095E-01  7.16169257E-01  4.78696404E-01  1.32594468E-01  1.64481637E-02  5.04626132E-02  2.74236556E-01  6.61752050E-01  6.91261224E-01  2.81434120E-01  3.73643045E-02  1.19287088E-02  9.87420190E-02  4.30089545E-01  7.97607992E-01  5.53835317E-01  1.05577991E-01  2.92753412E-03  0.00000000E+00  3.99180847E-06  2.41425408E-03  8.87069035E-02  4.88202730E-01  7.67464973E-01  4.90752726E-01  1.41030344E-01  2.05179372E-02  2.67273616E-02  2.12870817E-01  5.90476314E-01  6.93277150E-01  3.72766760E-01  9.10095325E-02  1.84213229E-02  7.33838685E-02  3.39954843E-01  6.65639303E-01  6.00729545E-01  2.52508914E-01  5.60207699E-02  2.93400626E-02  1.50465441E-01  4.62771563E-01  6.83372746E-01  4.76319386E-01  1.66967369E-01  3.86386270E-02  5.04175598E-02  2.43719783E-01  5.78479786E-01  6.39316528E-01  3.61572253E-01  1.09348899E-01  2.91435076E-02  1.00527418E-01  3.61086915E-01  6.44848322E-01  5.58386748E-01  2.53952722E-01  6.38705157E-02  3.92690209E-02  1.82613928E-01  4.96921609E-01  6.51078994E-01  4.41922014E-01  1.63720511E-01  3.64046696E-02  7.58878343E-02  2.98138466E-01  5.95347069E-01  6.03958439E-01  3.21669553E-01  8.86390428E-02  3.50821543E-02  1.44696051E-01  4.31246380E-01  6.41249041E-01  4.99597264E-01  2.10238573E-01  4.78900174E-02  5.72169610E-02  2.44374710E-01  5.41747809E-01  6.24210776E-01  3.84964417E-01  1.25793923E-01  3.40698151E-02  1.06058588E-01  3.64423360E-01  6.09026560E-01  5.51665395E-01  2.76948055E-01  7.34079649E-02  4.23549175E-02  1.78627442E-01  4.78064701E-01  6.48157385E-01  4.57811117E-01  1.69382663E-01  3.77005312E-02  7.55557658E-02  2.87184839E-01  5.88136387E-01  6.08417102E-01  3.29139641E-01  9.25603917E-02  3.58700375E-02  1.47195276E-01  4.15462852E-01  6.21922929E-01  5.16271900E-01  2.18757550E-01  5.57210100E-02  6.80501887E-02  2.37644604E-01  5.07425387E-01  6.34737320E-01  4.00760148E-01  1.28072019E-01
  7.22258285E-02  1.63708184E-01  3.85805062E-01  5.55905181E-01  4.90392135E-01  2.63538107E-01  9.74632134E-02  8.26642443E-02  2.42792831E-01  4.91724230E-01  5.78625322E-01  3.99117941E-01  1.64484478E-01  6.44418763E-02  1.27793095E-01  3.58729230E-01  5.83064102E-01  5.28073254E-01  2.71117595E-01  9.75715105E-02  6.84489250E-02  2.08475717E-01  4.85106813E-01  6.08048411E-01  4.16724440E-01  1.74574070E-01  6.32811518E-02  1.10211786E-01  3.27059021E-01  5.79335501E-01  5.57143185E-01  3.00619785E-01  9.65222341E-02  5.88768680E-02  1.80851606E-01  4.59592347E-01  6.32502163E-01  4.55403983E-01  1.78837217E-01  5.55982479E-02  8.45011429E-02  2.93479423E-01  5.80976605E-01  5.95041044E-01  3.26973800E-01  9.64253021E-02  4.06319701E-02  1.57980111E-01  4.42767260E-01  6.42543653E-01  4.94300413E-01  1.92681911E-01  4.23453633E-02  6.69374095E-02  2.75957089E-01  5.75131456E-01  6.21579452E-01  3.45042610E-01  9.85720296E-02  3.19503502E-02  1.30464916E-01  4.14705862E-01  6.55730623E-01  5.18715952E-01  2.13553534E-01  4.66634611E-02  4.86221166E-02  2.30257775E-01  5.57040880E-01  6.55917876E-01  3.82892295E-01  1.11183619E-01  2.61933721E-02  9.02789025E-02  3.51461811E-01  6.66184866E-01  5.88401515E-01  2.43446275E-01  4.74965440E-02  3.08543016E-02  1.68900491E-01  5.12703021E-01  7.21343205E-01  4.41935543E-01  1.14353760E-01  1.73317670E-02  5.86864100E-02  2.94256700E-01  6.73904798E-01  6.66604358E-01  2.62392299E-01  3.77045597E-02  1.53129707E-02  1.07273138E-01  4.36136528E-01  7.85673269E-01  5.48418782E-01  1.04434154E-01  2.90276753E-03  5.17261791E-06  4.00695754E-07  2.46837691E-03  9.27498475E-02  5.01929459E-01  7.74896356E-01  4.73207151E-01  1.35748873E-01  1.90384941E-02  3.18251509E-02  2.31847080E-01  6.07662232E-01  6.76664499E-01  3.54841825E-01  8.71824167E-02  1.93956233E-02  9.71931080E-02  3.68080686E-01  6.47310858E-01  5.71411833E-01  2.48499832E-01  5.51082516E-02  4.17189484E-02  1.88896848E-01  4.71916801E-01  6.36017576E-01  4.58074365E-01  1.72363850E-01  4.58643098E-02  9.19197516E-02  2.85566720E-01  5.33397281E-01  5.88328771E-01  3.53506288E-01  1.19479314E-01  5.57004435E-02  1.59946799E-01  3.83937364E-01  5.67001320E-01  5.05327341E-01  2.59255926E-01  8.66704186E-02  8.89362803E-02  2.37045397E-01  4.56308354E-01  5.61381945E-01  4.28208562E-01  1.85578541E-01  7.16363140E-02  1.38369241E-01  3.14541959E-01  5.09573113E-01  5.33743027E-01  3.38520722E-01  1.24960814E-01  8.40408528E-02  1.95483722E-01  3.83002504E-01  5.41629375E-01  4.85831635E-01  2.48162318E-01  9.38007085E-02  1.18579807E-01  2.60624466E-01  4.51638864E-01  5.51145116E-01  3.99521169E-01  1.68470981E-01  8.64215684E-02  1.57840359E-01  3.34035698E-01  5.25311605E-01  5.13310239E-01  2.95478549E-01  1.18875630E-01  1.01900591E-01  2.13929496E-01  4.27043448E-01  5.56227231E-01  4.34777131E-01  2.08176215E-01  9.34561102E-02  1.33139925E-01  3.10140189E-01  5.16611243E-01  5.18322123E-01  3.33182016E-01  1.35958637E-01  8.88686720E-02  1.97780018E-01  4.15507162E-01  5.38875739E-01  4.59620486E-01  2.39127321E-01  9.41938093E-02  1.10160843E-01  2.83830888E-01  4.91303336E-01  5.46536386E-01  3.71550620E-01  1.53208662E-01
  1.10490307E-01  9.76184449E-02  2.65356244E-01  4.61042648E-01  5.23643976E-01  3.98008743E-01  1.96044313E-01  8.87799091E-02  1.62592078E-01  3.65724147E-01  5.13822905E-01  4.81257066E-01  3.03481651E-01  1.32509801E-01  9.47027925E-02  2.48275612E-01  4.53853218E-01  5.17325337E-01  4.20440341E-01  2.22512133E-01  8.30980152E-02  1.38867132E-01  3.44598172E-01  5.18719463E-01  5.07988705E-01  3.33238355E-01  1.27710331E-01  7.58264876E-02  2.11467768E-01  4.30660806E-01  5.65479980E-01  4.63393506E-01  2.10882731E-01  7.19812641E-02  1.13572256E-01  3.08593216E-01  5.43246991E-01  5.59104124E-01  3.32497348E-01  1.12532222E-01  6.39834882E-02  1.86702582E-01  4.33164431E-01  6.07205265E-01  4.79747531E-01  1.98153285E-01  5.67236705E-02  9.32408665E-02  2.85528947E-01  5.64491885E-01  6.05192766E-01  3.36319459E-01  9.31852378E-02  4.70592621E-02  1.62519384E-01  4.39216893E-01  6.46416009E-01  4.99373940E-01  1.80664905E-01  3.97723091E-02  7.56553991E-02  2.79367201E-01  5.85359293E-01  6.39888435E-01  3.27415481E-01  7.76753291E-02  3.36242973E-02  1.35329519E-01  4.22792198E-01  6.97684810E-01  5.19391902E-01  1.70162940E-01  3.19898223E-02  5.44769465E-02  2.52282571E-01  6.15255031E-01  6.73080822E-01  3.22623262E-01  7.14925461E-02  2.31742965E-02  1.14923283E-01  4.29642603E-01  7.33684180E-01  5.34408532E-01  1.52302404E-01  2.01615565E-02  4.17477054E-02  2.34993261E-01  6.33966782E-01  7.32212158E-01  3.11260704E-01  4.11784270E-02  8.44631610E-03  8.22216898E-02  4.04659361E-01  8.03277047E-01  5.86239514E-01  1.12920623E-01  3.22574859E-03  1.76802489E-06  0.00000000E+00  1.92630155E-03  8.22325286E-02  4.63447162E-01  7.63569489E-01  5.03568335E-01  1.57203062E-01  2.67763269E-02  2.19065714E-02  1.87705770E-01  5.70055577E-01  6.80220286E-01  4.00544193E-01  1.22632025E-01  2.11329708E-02  6.31455213E-02  3.07387705E-01  6.27545187E-01  6.04817740E-01  3.01046953E-01  8.26020458E-02  2.53811503E-02  1.22823433E-01  4.19145250E-01  6.47278241E-01  5.16218195E-01  2.19369943E-01  5.59568346E-02  4.62934768E-02  2.08332958E-01  5.05165656E-01  6.35517339E-01  4.21011105E-01  1.54580158E-01  4.03321581E-02  8.40480852E-02  3.03042796E-01  5.72136363E-01  5.82606069E-01  3.28403140E-01  1.05670210E-01  4.39803109E-02  1.50470192E-01  3.96136891E-01  5.98928013E-01  5.08418258E-01  2.45599155E-01  7.07690396E-02  6.95850779E-02  2.30084609E-01  4.71977062E-01  5.90899079E-01  4.27935357E-01  1.71209457E-01  6.02428087E-02  1.20634849E-01  3.17328694E-01  5.27922084E-01  5.50217980E-01  3.36310209E-01  1.16886457E-01  6.65201427E-02  1.87967719E-01  3.89844644E-01  5.48238099E-01  4.95481492E-01  2.52292590E-01  8.10953042E-02  9.96679188E-02  2.63507915E-01  4.59869141E-01  5.50930929E-01  4.12616472E-01  1.68994660E-01  6.70731757E-02  1.50257055E-01  3.41333552E-01  5.12377148E-01  5.19058386E-01  3.12618496E-01  1.19824351E-01  8.15504810E-02  2.14446275E-01  4.24956824E-01  5.39534676E-01  4.48442088E-01  2.30506014E-01  8.16653257E-02  1.12344811E-01  2.97400747E-01  4.85776086E-01  5.30565640E-01  3.77495708E-01  1.56749473E-01  7.00342074E-02  1.71580563E-01  3.85912634E-01  5.20952914E-01  4.77516463E-01  2.84887564E-01
  1.28626271E-01  3.64938692E-01  5.74578983E-01  5.24691577E-01  2.81907522E-01  9.37985455E-02  6.46573139E-02  2.06800897E-01  4.60918955E-01  5.97855639E-01  4.40355205E-01  1.85270017E-01  6.53033395E-02  1.03227541E-01  2.90102536E-01  5.37112396E-01  5.74938022E-01  3.37562285E-01  1.20763197E-01  6.54234053E-02  1.57776584E-01  3.80850356E-01  5.87587793E-01  5.06227197E-01  2.42010257E-01  8.35781323E-02  7.74889830E-02  2.24668584E-01  4.78597435E-01  5.94100836E-01  4.16951283E-01  1.69314809E-01  5.92689859E-02  1.06194888E-01  3.16742266E-01  5.58765458E-01  5.66173016E-01  3.17890011E-01  1.04915753E-01  5.33732407E-02  1.66336210E-01  4.19515522E-01  6.09750516E-01  4.92716017E-01  2.15562014E-01  6.11855711E-02  7.68715583E-02  2.54138391E-01  5.14434241E-01  5.98746970E-01  3.88947574E-01  1.38997847E-01  4.66289844E-02  1.15754604E-01  3.50864539E-01  5.94508159E-01  5.50409548E-01  2.78694888E-01  8.12588191E-02  4.70897102E-02  1.77788107E-01  4.72174753E-01  6.40030717E-01  4.53240910E-01  1.79153081E-01  4.30052824E-02  7.08795904E-02  2.78281504E-01  5.75793969E-01  6.14917273E-01  3.46019158E-01  9.85799233E-02  3.09215420E-02  1.23270053E-01  4.01827382E-01  6.54077644E-01  5.41333008E-01  2.18193531E-01  4.30566772E-02  4.30683635E-02  2.07150548E-01  5.31797243E-01  6.82037827E-01  4.18518525E-01  1.06444444E-01  1.88924527E-02  7.56095372E-02  3.20133145E-01  6.74137342E-01  6.47504306E-01  2.43083921E-01  2.97441659E-02  1.47856833E-02  1.14734017E-01  4.57644958E-01  7.98956999E-01  5.20364702E-01  9.14783639E-02  2.21979811E-03  5.42711386E-07  1.49245631E-05  2.89424364E-03  1.02439632E-01  5.36609302E-01  7.92198831E-01  4.43474149E-01  1.09169055E-01  1.36489562E-02  3.57783386E-02  2.70453888E-01  6.65499801E-01  6.60825826E-01  2.96254170E-01  6.21768696E-02  2.10618510E-02  1.27533286E-01  4.53219816E-01  7.01440790E-01  4.98293064E-01  1.70954249E-01  3.53677774E-02  5.46086508E-02  2.66435960E-01  6.07454810E-01  6.30766942E-01  3.28376388E-01  9.66019393E-02  3.28635262E-02  1.34256232E-01  4.36750715E-01  6.60387930E-01  4.93212254E-01  2.01307048E-01  5.47511306E-02  6.09963819E-02  2.59463638E-01  5.73583324E-01  6.16413365E-01  3.50569992E-01  1.18267973E-01  4.21277181E-02  1.29054687E-01  4.08374417E-01  6.36613788E-01  5.05661981E-01  2.28642498E-01  6.78161837E-02  6.00365245E-02  2.44261098E-01  5.51407323E-01  6.08851659E-01  3.66647871E-01  1.38986993E-01  4.74707298E-02  1.20295253E-01  3.90231322E-01  6.16754477E-01  5.08278899E-01  2.53604816E-01  8.59338435E-02  5.90847896E-02  2.21323854E-01  5.08794801E-01  6.06850031E-01  3.99612287E-01  1.65372626E-01  5.91058830E-02  1.05163646E-01  3.44212019E-01  5.94279243E-01  5.29521690E-01  2.88044575E-01  1.07447755E-01  5.97169036E-02  1.91009172E-01  4.63560494E-01  6.00905243E-01  4.31777742E-01  2.01560277E-01  7.39730092E-02  9.45430008E-02  3.03835866E-01  5.57429357E-01  5.45968740E-01  3.28291725E-01  1.34706049E-01  6.48729874E-02  1.59564691E-01  4.17081443E-01  5.87367868E-01  4.69377438E-01  2.42208329E-01  8.99159159E-02  8.08909331E-02  2.52872101E-01  5.12833768E-01  5.76024151E-01  3.79978364E-01  1.59840407E-01  5.90808459E-02
  7.78753621E-02  2.12633930E-01  4.47195511E-01  5.68555455E-01  4.43247606E-01  2.00236282E-01  6.94403888E-02  1.13859680E-01  3.04800219E-01  5.17732197E-01  5.45364421E-01  3.50882608E-01  1.33165694E-01  6.55072836E-02  1.69852305E-01  3.99434982E-01  5.63538768E-01  4.91284557E-01  2.54009581E-01  7.95121222E-02  7.89572227E-02  2.35005029E-01  4.81189597E-01  5.89361618E-01  4.19148381E-01  1.63230752E-01  5.59723577E-02  1.17822415E-01  3.21164649E-01  5.55980966E-01  5.67982192E-01  3.07625367E-01  9.22677725E-02  6.64266492E-02  1.81628998E-01  4.25731062E-01  6.06407712E-01  4.68871958E-01  2.06425381E-01  6.75817836E-02  8.75680712E-02  2.64314848E-01  5.24775603E-01  5.94767236E-01  3.65053626E-01  1.29950678E-01  5.26433234E-02  1.33683533E-01  3.73029264E-01  6.12059247E-01  5.33635389E-01  2.44339675E-01  6.89560750E-02  6.72133306E-02  2.24673213E-01  5.15869182E-01  6.30994391E-01  4.02468384E-01  1.34787624E-01  4.26931592E-02  1.22828441E-01  3.61456928E-01  6.02367807E-01  5.62102015E-01  2.62900144E-01  6.49289160E-02  5.85346450E-02  2.04271778E-01  4.87069532E-01  6.49067617E-01  4.35031638E-01  1.41140365E-01  4.25433496E-02  8.97717518E-02  3.12361192E-01  6.18538511E-01  6.12812946E-01  2.84253625E-01  6.58091680E-02  3.43811445E-02  1.51480427E-01  4.57481931E-01  7.02697992E-01  4.95343822E-01  1.44305454E-01  2.20797253E-02  5.65369525E-02  2.62072597E-01  6.35599495E-01  7.06621643E-01  2.95431291E-01  3.79322655E-02  1.26442597E-02  9.88213370E-02  4.19624208E-01  7.95152815E-01  5.62648760E-01  1.07846065E-01  2.97988142E-03  2.77872583E-06  1.81221250E-07  2.44126166E-03  8.42209751E-02  4.78784217E-01  7.94599274E-01  4.99425045E-01  1.27176815E-01  1.34223331E-02  2.28359615E-02  2.05443131E-01  6.14999290E-01  7.16566099E-01  3.54517906E-01  7.74278966E-02  1.41736462E-02  7.81868210E-02  3.51220978E-01  6.81302014E-01  5.96377297E-01  2.39234129E-01  4.62172178E-02  3.08754799E-02  1.66283847E-01  4.93428253E-01  6.81232727E-01  4.55522838E-01  1.49887250E-01  3.16764174E-02  6.95248077E-02  2.92616593E-01  5.99838471E-01  6.01245262E-01  3.21301984E-01  9.68795211E-02  4.00352173E-02  1.52118809E-01  4.28156255E-01  6.22597414E-01  4.98984225E-01  2.17947216E-01  5.75461435E-02  7.55780505E-02  2.61537874E-01  5.26245368E-01  6.01851386E-01  3.78929828E-01  1.27297931E-01  5.03223926E-02  1.43212479E-01  3.82094102E-01  5.82829226E-01  5.23236551E-01  2.59011589E-01  7.90327618E-02  7.47376973E-02  2.39408886E-01  4.82322834E-01  5.80816764E-01  4.17072280E-01  1.67556987E-01  5.75419754E-02  1.26853093E-01  3.57032140E-01  5.63828329E-01  5.18253178E-01  2.96600259E-01  1.09833397E-01  6.87296390E-02  2.10743611E-01  4.53604581E-01  5.58489914E-01  4.34300984E-01  2.18825414E-01  7.92905188E-02  1.07739205E-01  3.00174939E-01  5.15292657E-01  5.33438009E-01  3.64555540E-01  1.44153470E-01  6.83430337E-02  1.73751189E-01  4.04552036E-01  5.55965924E-01  4.72102227E-01  2.60815314E-01  9.06302573E-02  9.29112288E-02  2.70199676E-01  4.89804976E-01  5.50828846E-01  3.97154162E-01  1.63887619E-01  6.34454086E-02  1.45499098E-01  3.51276643E-01  5.53513608E-01  5.24521802E-01  2.94524309E-01  9.77636996E-02
  1.20183576E-02  1.00396661E-01  4.48687578E-01  7.78931151E-01  5.19961687E-01  1.30691263E-01  1.38575411E-02  3.12824233E-02  2.40153252E-01  6.95964915E-01  6.93128291E-01  2.78950878E-01  5.22356816E-02  1.65725419E-02  1.24529892E-01  4.75439457E-01  7.16596834E-01  4.77422437E-01  1.65824869E-01  3.04881230E-02  4.95452989E-02  2.63600274E-01  6.23792165E-01  6.19470629E-01  3.15788513E-01  1.11791252E-01  3.86388314E-02  1.27396025E-01  4.12786246E-01  6.69493128E-01  5.13541582E-01  2.10642353E-01  4.59192657E-02  5.08117449E-02  2.48832352E-01  5.74431420E-01  6.31921842E-01  3.61674030E-01  1.15546245E-01  3.53458761E-02  1.37940395E-01  3.99490194E-01  6.32076398E-01  5.34413649E-01  2.31138628E-01  4.81423937E-02  5.90392422E-02  2.31361495E-01  5.11655281E-01  6.34496307E-01  4.19985490E-01  1.25808403E-01  3.19961850E-02  9.53065849E-02  3.32884393E-01  6.21437631E-01  5.94933075E-01  2.73799338E-01  5.97547973E-02  2.19335801E-02  1.48473515E-01  4.88103103E-01  7.08311460E-01  4.78236301E-01  1.38310971E-01  2.03366647E-02  4.34515871E-02  2.76896490E-01  6.22451701E-01  6.79057176E-01  3.15331203E-01  5.94740532E-02  1.68182337E-02  9.87436621E-02  3.94030031E-01  7.18041150E-01  5.76124851E-01  1.78889251E-01  2.05367070E-02  2.50263299E-02  1.76761335E-01  5.92109004E-01  7.50696154E-01  3.78996853E-01  7.06056703E-02  9.42775160E-03  5.10623278E-02  3.12799289E-01  7.57173321E-01  6.48400639E-01  2.05480216E-01  2.12085691E-02  1.19754797E-02  1.16642809E-01  4.77818283E-01  8.07973002E-01  5.02845591E-01  8.05771394E-02  1.74478700E-03  0.00000000E+00  0.00000000E+00  1.84179207E-03  9.12281331E-02  4.99265044E-01  7.85163441E-01  4.88053214E-01  1.21035264E-01  1.39431338E-02  2.92462951E-02  2.41393449E-01  6.26140665E-01  6.94947748E-01  3.37026265E-01  6.63799990E-02  1.30050377E-02  1.02269919E-01  4.25447935E-01  7.21839021E-01  5.37549440E-01  1.80614474E-01  2.62275625E-02  4.33664835E-02  2.55840031E-01  6.03926178E-01  6.59728386E-01  3.45849813E-01  8.28667851E-02  1.35777752E-02  9.69569754E-02  4.12004500E-01  7.02945693E-01  5.55009374E-01  1.97250110E-01  2.78101309E-02  2.92378173E-02  1.95958231E-01  5.58572803E-01  7.01892822E-01  4.05610317E-01  1.01577514E-01  1.05580645E-02  7.02468331E-02  3.56202944E-01  7.06296200E-01  6.09701159E-01  2.22977159E-01  3.08627745E-02  2.02300406E-02  1.62487406E-01  5.21976784E-01  7.47728940E-01  4.45682541E-01  9.48217226E-02  1.26892414E-02  5.53268011E-02  2.57197287E-01  6.17119031E-01  6.75287347E-01  3.22902816E-01  6.25446305E-02  2.17718506E-02  8.59342648E-02  3.33225133E-01  6.83785806E-01  5.88794203E-01  2.27745733E-01  5.84606355E-02  3.76720413E-02  1.54393922E-01  4.58631006E-01  6.79164615E-01  4.60049725E-01  1.71985751E-01  4.59623066E-02  6.17377765E-02  2.66359457E-01  5.71887278E-01  6.00859351E-01  3.67855128E-01  1.16497709E-01  2.53944601E-02  9.95889920E-02  3.52029607E-01  6.19807294E-01  6.06737695E-01  2.59703768E-01  4.62629408E-02  2.53977208E-02  1.59942286E-01  4.74994049E-01  7.22705219E-01  4.79578721E-01  1.22767661E-01  1.85988881E-02  4.73926015E-02  2.57929635E-01  6.56992843E-01  6.93392895E-01  2.92603323E-01  4.73273880E-02
  1.33017138E-01  3.03303449E-01  4.55563685E-01  5.12644934E-01  3.72183771E-01  1.72568874E-01  1.10195443E-01  2.17657167E-01  3.83733725E-01  5.01426060E-01  4.46149437E-01  2.63389169E-01  1.23619490E-01  1.39881947E-01  3.05416597E-01  4.62941656E-01  4.91847659E-01  3.64622908E-01  1.82494086E-01  1.07111384E-01  2.02807466E-01  3.92425313E-01  5.05114669E-01  4.55572940E-01  2.70302275E-01  1.10952981E-01  1.25263146E-01  2.92585763E-01  4.68841395E-01  5.31103078E-01  3.65854739E-01  1.65606661E-01  9.39797211E-02  1.79333329E-01  3.74954393E-01  5.39397475E-01  4.80854884E-01  2.68694249E-01  1.06161757E-01  9.41967390E-02  2.43887697E-01  4.60646368E-01  5.58382315E-01  4.13107774E-01  1.87411056E-01  6.99382841E-02  1.33508494E-01  3.39366993E-01  5.36118550E-01  5.28849898E-01  3.02597389E-01  1.19640984E-01  6.56654848E-02  1.93137273E-01  4.48538079E-01  5.80295218E-01  4.53378642E-01  2.20977911E-01  6.44654084E-02  8.16160080E-02  2.72395525E-01  5.30586330E-01  5.80070276E-01  3.72889137E-01  1.33997883E-01  4.07291962E-02  1.20622885E-01  3.68902128E-01  5.92582929E-01  5.45644489E-01  2.75888460E-01  6.98399551E-02  4.31357692E-02  1.76912123E-01  4.55514868E-01  6.42587788E-01  4.78960952E-01  1.72032518E-01  4.27201846E-02  6.82862993E-02  2.57826004E-01  5.57784590E-01  6.48715766E-01  3.58237135E-01  9.51960506E-02  2.43908519E-02  9.85630665E-02  3.51195970E-01  6.72350641E-01  6.06819347E-01  2.26527136E-01  3.05253081E-02  2.29034236E-02  1.48110695E-01  4.83097652E-01  7.57339160E-01  4.95509142E-01  9.02940615E-02  2.00695244E-03  1.90873913E-06  2.37146377E-06  3.05513943E-03  8.83821990E-02  5.06530722E-01  7.70727403E-01  4.69604544E-01  1.39380180E-01  2.13726148E-02  3.26237065E-02  2.37261017E-01  6.04410460E-01  6.78632475E-01  3.52651007E-01  8.58269178E-02  1.90999427E-02  9.95368126E-02  3.91907698E-01  6.75652297E-01  5.55466224E-01  2.22739388E-01  4.34429605E-02  3.61501888E-02  2.05662535E-01  5.30784318E-01  6.66099983E-01  4.11784787E-01  1.27343382E-01  2.74516019E-02  7.86849944E-02  3.40492860E-01  6.37130297E-01  5.70219563E-01  2.77285368E-01  8.27291499E-02  3.76955156E-02  1.74273551E-01  4.86155915E-01  6.44206630E-01  4.46241577E-01  1.77440670E-01  4.87828028E-02  7.67104327E-02  2.96327875E-01  5.83795904E-01  5.81503334E-01  3.31786811E-01  1.08790553E-01  3.97953022E-02  1.46476988E-01  4.28475669E-01  6.13351746E-01  4.94292986E-01  2.30163284E-01  6.00773329E-02  5.68690894E-02  2.54245441E-01  5.26919700E-01  5.84369798E-01  3.93250698E-01  1.54978223E-01  4.70554518E-02  1.22206445E-01  3.55005929E-01  5.79737924E-01  5.29764531E-01  2.91997929E-01  9.72460943E-02  6.06895176E-02  2.01041015E-01  4.57589205E-01  5.95306410E-01  4.36788113E-01  2.00508014E-01  6.94814014E-02  1.06757573E-01  3.11940378E-01  5.56381204E-01  5.43857330E-01  3.25876429E-01  1.25099168E-01  7.11613810E-02  1.96542059E-01  4.38950425E-01  5.50810173E-01  4.43297549E-01  2.42757203E-01  8.81705025E-02  1.19099133E-01  3.15282233E-01  4.99863207E-01  5.08054185E-01  3.56525690E-01  1.56270555E-01  8.39787378E-02  2.07957071E-01  4.02060050E-01  5.22584491E-01  4.64233699E-01  2.57844513E-01  1.06128209E-01
  4.27262740E-02  7.99217265E-02  3.14699988E-01  6.01841397E-01  5.81145283E-01  3.08575104E-01  9.46509674E-02  3.81750999E-02  1.56356289E-01  4.53792886E-01  6.40018828E-01  4.68338441E-01  2.02328926E-01  5.53682035E-02  6.82389908E-02  2.79278138E-01  5.54261063E-01  5.84635916E-01  3.59867629E-01  1.28306405E-01  4.78890547E-02  1.40282648E-01  3.99195077E-01  5.98719473E-01  5.03903737E-01  2.52484497E-01  7.91031794E-02  6.71515095E-02  2.29335705E-01  4.97382192E-01  5.97908262E-01  4.09252517E-01  1.62998226E-01  5.53691430E-02  1.12041977E-01  3.39524451E-01  5.76068581E-01  5.46274022E-01  2.98767265E-01  9.92189273E-02  5.89624605E-02  1.96428618E-01  4.62553068E-01  6.03529391E-01  4.49664953E-01  1.92602540E-01  5.72116962E-02  9.73188435E-02  3.14403914E-01  5.62011278E-01  5.72827332E-01  3.32554549E-01  1.00347081E-01  4.69369078E-02  1.76670756E-01  4.44300778E-01  6.21746301E-01  4.87738308E-01  1.96244859E-01  4.51734412E-02  7.67226675E-02  2.87737495E-01  5.66103111E-01  6.11859194E-01  3.44762812E-01  9.63862288E-02  3.58141926E-02  1.46035696E-01  4.27538739E-01  6.50858840E-01  5.17634937E-01  1.96597307E-01  3.97048301E-02  6.04793078E-02  2.65929688E-01  5.95725403E-01  6.52435368E-01  3.37503867E-01  7.76120619E-02  2.38072325E-02  1.30165563E-01  4.44655430E-01  7.13724876E-01  5.11687253E-01  1.63163970E-01  2.23314373E-02  4.77985487E-02  2.61037756E-01  6.38636068E-01  6.88800565E-01  3.10729505E-01  4.82515123E-02  1.15943799E-02  9.69540188E-02  4.17153732E-01  7.84697783E-01  5.73059912E-01  1.14312902E-01  3.31274709E-03  2.80064469E-06  3.07167482E-07  1.97248502E-03  8.57677561E-02  4.87811865E-01  7.77429333E-01  4.87946296E-01  1.37051969E-01  2.14458735E-02  2.65651267E-02  2.06729931E-01  5.97118914E-01  6.95741593E-01  3.65489715E-01  9.54361417E-02  1.91146349E-02  7.27325981E-02  3.36347526E-01  6.56372460E-01  5.90959953E-01  2.66768941E-01  6.35119181E-02  2.79823252E-02  1.47013501E-01  4.57919808E-01  6.68831788E-01  4.79202539E-01  1.83926233E-01  4.27149450E-02  5.23712245E-02  2.36562814E-01  5.55425806E-01  6.37794592E-01  3.75113236E-01  1.23198987E-01  3.12650060E-02  9.06067100E-02  3.31396076E-01  6.22672989E-01  5.89190812E-01  2.78978758E-01  6.83794928E-02  3.57106229E-02  1.54994435E-01  4.40295495E-01  6.53565347E-01  4.92145240E-01  1.90601199E-01  4.26893236E-02  5.81419981E-02  2.45626423E-01  5.47096924E-01  6.25619954E-01  3.81610606E-01  1.19612644E-01  3.48116521E-02  1.09956382E-01  3.50765516E-01  6.05896116E-01  5.69395314E-01  2.75486915E-01  6.76081952E-02  4.32403098E-02  1.83901623E-01  4.70050123E-01  6.47143975E-01  4.64643162E-01  1.65447760E-01  3.97919211E-02  7.88242171E-02  2.91955211E-01  5.83418485E-01  6.06409555E-01  3.27671219E-01  9.22126539E-02  3.86328517E-02  1.47065719E-01  4.24221999E-01  6.40115983E-01  5.02422991E-01  2.07549526E-01  5.02455352E-02  5.78845014E-02  2.49693158E-01  5.52398508E-01  6.31019941E-01  3.67954012E-01  1.18269202E-01  3.77279183E-02  1.10413646E-01  3.69777358E-01  6.33010892E-01  5.45624562E-01  2.48857500E-01  7.04059128E-02  4.52337002E-02  1.91445783E-01  5.03782316E-01  6.42935907E-01  4.27703363E-01  1.58458905E-01
  1.40907585E-01  3.55780485E-01  5.16759755E-01  4.69060459E-01  3.13808821E-01  1.49805768E-01  9.60824504E-02  2.24975864E-01  4.42869881E-01  5.20521300E-01  3.99186404E-01  2.36249364E-01  1.16730559E-01  1.28414133E-01  3.19852594E-01  5.10028539E-01  4.80020784E-01  3.24772376E-01  1.81919149E-01  1.01257109E-01  1.85709326E-01  4.18912640E-01  5.26604238E-01  4.14794475E-01  2.70602184E-01  1.31786276E-01  1.05864280E-01  2.68173113E-01  4.88654590E-01  5.09576483E-01  3.73833473E-01  2.01288633E-01  8.95524125E-02  1.42086420E-01  3.57845332E-01  5.30999153E-01  4.84027311E-01  3.06002993E-01  1.34607152E-01  7.69721241E-02  2.10317868E-01  4.49137645E-01  5.47158095E-01  4.29458085E-01  2.30198963E-01  8.57589310E-02  9.95224470E-02  2.89729033E-01  5.13226989E-01  5.45361080E-01  3.66301578E-01  1.50266930E-01  6.22228606E-02  1.47061458E-01  3.77157043E-01  5.74386635E-01  5.14950536E-01  2.68515070E-01  8.46918858E-02  6.54310557E-02  2.16233499E-01  4.80773998E-01  5.97943058E-01  4.35641453E-01  1.71108539E-01  4.77789419E-02  9.39955239E-02  3.12241204E-01  5.70282364E-01  5.81483109E-01  3.24553361E-01  9.34048302E-02  3.65121449E-02  1.48966356E-01  4.20938471E-01  6.39293406E-01  5.13865617E-01  2.12098304E-01  4.12246837E-02  5.03206092E-02  2.21946862E-01  5.35976238E-01  6.69857232E-01  4.04858649E-01  1.04777389E-01  1.98359215E-02  7.95519244E-02  3.27538185E-01  6.68215865E-01  6.35831385E-01  2.46482893E-01  3.23278152E-02  1.72706910E-02  1.24516861E-01  4.56687827E-01  7.78712944E-01  5.26989660E-01  9.37327994E-02  2.28063258E-03  5.53875155E-06  2.36570405E-06  2.29339987E-03  9.04629270E-02  4.91076151E-01  7.82400589E-01  4.80936293E-01  1.31343457E-01  2.06668094E-02  3.03509128E-02  2.21940666E-01  6.10676178E-01  6.86013113E-01  3.50047934E-01  8.86502344E-02  1.90901803E-02  8.42690256E-02  3.64020176E-01  6.75717099E-01  5.72789935E-01  2.39805073E-01  5.31292820E-02  3.36152276E-02  1.78779916E-01  4.98187232E-01  6.60541727E-01  4.47768015E-01  1.56019665E-01  3.57757913E-02  7.84926710E-02  3.05619204E-01  5.81835768E-01  5.92626964E-01  3.22971719E-01  9.87854551E-02  4.64221918E-02  1.65832887E-01  4.31291505E-01  6.06931288E-01  4.84977554E-01  2.17277131E-01  6.32155363E-02  8.42071418E-02  2.76488319E-01  5.29436118E-01  5.74237708E-01  3.66927720E-01  1.38100753E-01  6.03815355E-02  1.55768563E-01  4.03565285E-01  5.86316036E-01  4.79067838E-01  2.47638239E-01  9.01077710E-02  8.91885635E-02  2.62292743E-01  5.14451786E-01  5.60429507E-01  3.62799830E-01  1.67965044E-01  7.49881621E-02  1.53677356E-01  3.91631998E-01  5.68679918E-01  4.68187645E-01  2.65757729E-01  1.11039652E-01  8.73522327E-02  2.65911763E-01  5.14464947E-01  5.34018223E-01  3.61489342E-01  1.84780975E-01  8.34349460E-02  1.58823569E-01  4.02057430E-01  5.55576246E-01  4.48078917E-01  2.70699591E-01  1.26125653E-01  9.02291729E-02  2.59909221E-01  5.10268207E-01  5.23228792E-01  3.66643460E-01  1.98487264E-01  8.59277409E-02  1.50135765E-01  3.81561571E-01  5.37853405E-01  4.65401334E-01  2.92405095E-01  1.31478997E-01  9.19915661E-02  2.49914346E-01  4.75277060E-01  5.16046439E-01  3.92162122E-01  2.13420526E-01  9.50549087E-02
  5.87065667E-02  1.60058367E-01  3.71816687E-01  5.78582194E-01  5.41305377E-01  2.48050131E-01  6.48869941E-02  8.53703630E-02  2.34792778E-01  4.71747654E-01  6.14846713E-01  4.22380077E-01  1.42765320E-01  5.90979708E-02  1.29194223E-01  3.27688055E-01  5.79060717E-01  5.69834896E-01  2.77750818E-01  8.11974333E-02  6.99236359E-02  1.98297022E-01  4.54867664E-01  6.27300956E-01  4.55244243E-01  1.63473745E-01  5.27452874E-02  1.03447336E-01  2.97247309E-01  5.73780030E-01  5.99447905E-01  3.08826112E-01  8.83387798E-02  5.56108405E-02  1.67729471E-01  4.33660377E-01  6.34225406E-01  4.82206235E-01  1.88241303E-01  5.25413616E-02  8.83535518E-02  2.75383280E-01  5.55125598E-01  6.07522644E-01  3.47627940E-01  1.00305294E-01  4.80296845E-02  1.55046190E-01  4.11791088E-01  6.20015907E-01  5.09820430E-01  2.14464857E-01  5.67472942E-02  7.76483506E-02  2.58910637E-01  5.40080093E-01  6.18040511E-01  3.65584071E-01  1.16849671E-01  4.11157008E-02  1.35941805E-01  4.01335516E-01  6.37641793E-01  5.22523113E-01  2.22908302E-01  5.40098612E-02  5.83056328E-02  2.40056386E-01  5.57127187E-01  6.43239771E-01  3.75732007E-01  1.10854236E-01  2.85006774E-02  1.09534682E-01  3.76900725E-01  6.55943625E-01  5.65147072E-01  2.32300812E-01  4.51206260E-02  3.94244682E-02  1.92315836E-01  5.19555849E-01  6.99739472E-01  4.28591183E-01  1.10106268E-01  1.78549065E-02  6.90743897E-02  3.08001546E-01  6.75153575E-01  6.53121379E-01  2.52827650E-01  3.45025977E-02  1.70066870E-02  1.18910727E-01  4.46032563E-01  7.82297191E-01  5.30185911E-01  1.02523617E-01  2.88106373E-03  1.30786303E-05  3.02645991E-06  1.88600695E-03  7.65168689E-02  4.64277415E-01  7.69040342E-01  5.04920808E-01  1.57193030E-01  2.47687641E-02  2.32337364E-02  1.89585789E-01  5.73525213E-01  7.07920642E-01  3.95069086E-01  1.00718460E-01  1.67675787E-02  7.10899939E-02  3.27280528E-01  6.60512210E-01  6.13981866E-01  2.63884569E-01  5.41126167E-02  2.61182589E-02  1.45948237E-01  4.62688793E-01  6.91745295E-01  4.78312082E-01  1.66861651E-01  3.47220341E-02  5.46420130E-02  2.52767878E-01  5.80484216E-01  6.35217761E-01  3.56664031E-01  1.02673283E-01  3.09113608E-02  1.16778171E-01  3.86878459E-01  6.37259360E-01  5.38636003E-01  2.40924962E-01  6.07243868E-02  4.67755231E-02  2.02594577E-01  5.00389206E-01  6.34118760E-01  4.32839252E-01  1.56875919E-01  4.11048020E-02  9.43261803E-02  3.14444681E-01  5.82761104E-01  5.77593946E-01  3.13545047E-01  9.76471796E-02  4.72974434E-02  1.64470658E-01  4.28117830E-01  6.06177671E-01  4.87143184E-01  2.21664985E-01  5.82413205E-02  7.62044049E-02  2.64098619E-01  5.16112296E-01  5.88797126E-01  3.85981834E-01  1.40146837E-01  5.11284372E-02  1.37824354E-01  3.73872031E-01  5.75213582E-01  5.23109111E-01  2.79407625E-01  8.40203097E-02  7.11178446E-02  2.31398224E-01  4.68313956E-01  5.73375692E-01  4.40304844E-01  1.82830172E-01  5.62325258E-02  1.24563181E-01  3.31065854E-01  5.24772943E-01  5.51090642E-01  3.34313588E-01  1.04319101E-01  6.75320841E-02  1.97035546E-01  4.04395987E-01  5.77285103E-01  4.95599906E-01  2.19640716E-01  6.35773477E-02  1.02327618E-01  2.70263644E-01  5.07811581E-01  5.90335361E-01  3.80342314E-01  1.20866666E-01
  9.01895881E-02  2.67941000E-01  5.27630719E-01  6.03186798E-01  3.60940278E-01  1.20387661E-01  5.11475967E-02  1.38813038E-01  3.84514083E-01  6.14475308E-01  5.21472759E-01  2.38658657E-01  6.96711021E-02  6.80417043E-02  2.32925085E-01  5.14806803E-01  6.20380801E-01  3.94466359E-01  1.38666171E-01  4.80017899E-02  1.09618396E-01  3.51063821E-01  6.16990506E-01  5.62675594E-01  2.60578347E-01  7.34975642E-02  4.32841457E-02  1.80180069E-01  4.94046762E-01  6.60954040E-01  4.36031463E-01  1.55124007E-01  4.02965823E-02  6.71151882E-02  2.88954754E-01  6.10867753E-01  6.08340440E-01  3.11598053E-01  9.23283534E-02  3.41042375E-02  1.29753970E-01  4.23562006E-01  6.63126367E-01  5.10211688E-01  2.03208348E-01  5.02167113E-02  4.95953259E-02  2.21004086E-01  5.43039192E-01  6.48797693E-01  3.89003175E-01  1.25143975E-01  3.64539518E-02  9.03481691E-02  3.37553719E-01  6.30119701E-01  5.82312079E-01  2.70779903E-01  7.12575671E-02  3.81915257E-02  1.54696389E-01  4.51313924E-01  6.73541426E-01  4.84468448E-01  1.70257048E-01  3.92102819E-02  5.74148943E-02  2.43747119E-01  5.80450984E-01  6.53589530E-01  3.53067498E-01  9.64738984E-02  2.70107691E-02  9.41823566E-02  3.73134514E-01  6.81842647E-01  5.70473780E-01  2.23897890E-01  4.43155242E-02  3.28154102E-02  1.78249550E-01  5.15204089E-01  7.06049763E-01  4.40032400E-01  1.16799672E-01  1.76099070E-02  6.13799909E-02  2.85540353E-01  6.61185316E-01  6.79306997E-01  2.71579056E-01  3.51965958E-02  1.00630061E-02  9.46386598E-02  4.29389865E-01  8.03934892E-01  5.59949806E-01  1.00285986E-01  2.37951807E-03  6.12119114E-07  1.32977601E-06  3.24252159E-03  1.14981869E-01  5.79042962E-01  8.03264980E-01  4.04270650E-01  8.62555829E-02  1.00407376E-02  4.09568899E-02  3.03906439E-01  7.22400415E-01  6.40791850E-01  2.43475401E-01  4.37052836E-02  2.10124028E-02  1.55764832E-01  5.17247575E-01  7.10903804E-01  4.40768062E-01  1.35291115E-01  2.57246224E-02  6.72655795E-02  3.18490092E-01  6.47895788E-01  6.13241171E-01  2.77427432E-01  6.49292264E-02  3.48317095E-02  1.71707158E-01  4.79051827E-01  6.63976072E-01  4.63399921E-01  1.58953065E-01  3.94799309E-02  8.11797646E-02  3.06070026E-01  5.95533367E-01  5.97128465E-01  3.15190242E-01  8.74924013E-02  4.78101966E-02  1.69593933E-01  4.29013749E-01  6.15976436E-01  4.96784496E-01  2.06153211E-01  5.33776733E-02  7.84427690E-02  2.64116670E-01  5.26666906E-01  6.00559983E-01  3.76793467E-01  1.27144654E-01  4.83962268E-02  1.33485765E-01  3.68909795E-01  5.89059194E-01  5.29789832E-01  2.69002752E-01  8.11551743E-02  6.30483743E-02  2.07285442E-01  4.69114517E-01  6.10661068E-01  4.35410985E-01  1.75920564E-01  5.70707356E-02  1.00216690E-01  3.00667611E-01  5.58906629E-01  5.77543102E-01  3.26804865E-01  1.08500350E-01  5.47086524E-02  1.61155069E-01  4.00361509E-01  5.94726932E-01  5.01670220E-01  2.33378644E-01  7.01507713E-02  7.45358237E-02  2.32033966E-01  4.99166526E-01  6.11544672E-01  4.03273951E-01  1.45852682E-01  4.99523391E-02  1.10637765E-01  3.26592903E-01  5.82522015E-01  5.66655761E-01  2.94920678E-01  8.87219586E-02  5.77826724E-02  1.84705507E-01  4.33379341E-01  6.09930598E-01  4.76119629E-01  1.95696845E-01  5.78192940E-02
  5.69803585E-02  2.44640568E-01  5.57416815E-01  6.39080409E-01  3.74946731E-01  1.08465208E-01  3.04585800E-02  1.09309114E-01  3.77379185E-01  6.55586487E-01  5.54521842E-01  2.31988280E-01  5.42199013E-02  3.92825728E-02  1.90808228E-01  5.23149384E-01  6.76018721E-01  4.19688691E-01  1.30694665E-01  2.88855377E-02  7.32694761E-02  3.20504264E-01  6.36078279E-01  6.06093448E-01  2.80698834E-01  6.83709658E-02  2.92830695E-02  1.45913390E-01  4.59557281E-01  6.81131317E-01  4.84688292E-01  1.68661535E-01  3.92204778E-02  5.18775204E-02  2.50222708E-01  5.89215830E-01  6.46140622E-01  3.49246292E-01  9.76301199E-02  2.83834203E-02  1.08647359E-01  3.84991954E-01  6.65565712E-01  5.54380337E-01  2.20415965E-01  4.95392555E-02  4.39015139E-02  2.01668544E-01  5.27721737E-01  6.76268431E-01  4.06753623E-01  1.24192402E-01  3.25832383E-02  8.39184747E-02  3.32291073E-01  6.45226301E-01  5.88823141E-01  2.66420706E-01  6.68174923E-02  3.28716427E-02  1.56824234E-01  4.74437021E-01  6.79100564E-01  4.69594076E-01  1.64053043E-01  3.46063979E-02  5.88683286E-02  2.73182454E-01  6.07235888E-01  6.36327155E-01  3.29161789E-01  8.30001792E-02  2.51878017E-02  1.18779657E-01  4.15575150E-01  6.94218127E-01  5.35683390E-01  1.89863569E-01  3.11726186E-02  3.55459121E-02  2.09144456E-01  5.76977981E-01  7.05933420E-01  3.80060605E-01  8.44603861E-02  1.33651910E-02  7.53459132E-02  3.45148363E-01  7.13987950E-01  6.23563700E-01  2.10174487E-01  2.51431998E-02  1.64151348E-02  1.32493272E-01  4.84781541E-01  7.81306868E-01  4.96609261E-01  8.64862602E-02  2.14726081E-03  2.44831483E-06  1.63220989E-06  2.77787930E-03  1.03743810E-01  5.44752960E-01  7.92636498E-01  4.41245447E-01  1.03874440E-01  1.20509782E-02  3.62902176E-02  2.64452420E-01  6.66062311E-01  6.69543868E-01  2.97861166E-01  5.99637720E-02  1.80002413E-02  1.16282837E-01  4.36355932E-01  7.09205167E-01  5.19652552E-01  1.75406518E-01  3.26925076E-02  4.69926355E-02  2.30627975E-01  5.77950654E-01  6.77694113E-01  3.63812008E-01  9.09896692E-02  2.31252739E-02  9.62849484E-02  3.77323264E-01  6.78269148E-01  5.69513868E-01  2.22215281E-01  4.26920996E-02  3.75694975E-02  1.93169415E-01  5.26662415E-01  6.80211389E-01  4.24757306E-01  1.21918255E-01  2.41137899E-02  8.09671021E-02  3.24361673E-01  6.33466512E-01  5.99542999E-01  2.83552363E-01  6.46162621E-02  3.06407666E-02  1.56311720E-01  4.63802889E-01  6.62240865E-01  4.79745499E-01  1.77703445E-01  3.85364045E-02  6.56312306E-02  2.72415369E-01  5.75743534E-01  6.23063268E-01  3.49259935E-01  9.87886164E-02  3.48180530E-02  1.30035288E-01  4.00791693E-01  6.41428663E-01  5.30371505E-01  2.22759127E-01  5.11120849E-02  5.36050904E-02  2.25635116E-01  5.34735839E-01  6.42905582E-01  3.96218241E-01  1.26462788E-01  3.51398999E-02  1.06242475E-01  3.58744564E-01  6.21898987E-01  5.63163879E-01  2.63689717E-01  6.58699413E-02  4.67027054E-02  1.96691670E-01  4.87643923E-01  6.41040764E-01  4.44692124E-01  1.57898246E-01  3.76430002E-02  8.22862648E-02  3.09362427E-01  5.92932655E-01  6.05051140E-01  3.10636491E-01  8.28660009E-02  3.27726988E-02  1.43102423E-01  4.30425723E-01  6.60266299E-01  5.06411303E-01  1.95453728E-01  4.26828918E-02
  1.45420470E-01  3.71787399E-01  5.23300540E-01  5.04075136E-01  3.10214524E-01  1.08670279E-01  7.10202642E-02  2.13231803E-01  4.30830802E-01  5.56989736E-01  4.68892872E-01  2.16683239E-01  6.38279270E-02  9.33243036E-02  2.81169295E-01  5.11384711E-01  5.80618468E-01  3.72641073E-01  1.34146833E-01  5.23659633E-02  1.37757682E-01  3.70035727E-01  5.93931539E-01  5.32571241E-01  2.59421963E-01  7.07677428E-02  6.04544330E-02  2.05116082E-01  4.88005256E-01  6.35307004E-01  4.35731509E-01  1.49829882E-01  4.30572238E-02  9.62401204E-02  3.09738152E-01  5.88392452E-01  6.05266613E-01  3.01492905E-01  7.99219361E-02  4.74673247E-02  1.62120904E-01  4.34818385E-01  6.48979128E-01  4.91169498E-01  1.85324279E-01  4.13830076E-02  6.44302961E-02  2.55657906E-01  5.70762917E-01  6.27538049E-01  3.53070850E-01  1.07060014E-01  3.27864943E-02  1.16179940E-01  3.83047572E-01  6.51597166E-01  5.36507078E-01  2.38720077E-01  5.26716087E-02  3.69053461E-02  1.87201421E-01  5.20745682E-01  6.77835137E-01  4.25945911E-01  1.33022754E-01  2.50876951E-02  6.87759182E-02  2.94147563E-01  6.38374041E-01  6.28683620E-01  2.96379175E-01  6.43372683E-02  2.24559497E-02  1.26689160E-01  4.40047406E-01  6.92441797E-01  5.18395818E-01  1.80168334E-01  2.77051255E-02  4.33559752E-02  2.17429124E-01  5.68717603E-01  6.94112485E-01  3.81662213E-01  8.42499990E-02  1.65264626E-02  7.31202832E-02  3.31016331E-01  6.95337540E-01  6.36783364E-01  2.26336311E-01  2.80000649E-02  1.52216811E-02  1.19388588E-01  4.80050772E-01  7.87532249E-01  5.06000738E-01  8.86241296E-02  2.32253146E-03  0.00000000E+00  2.10873788E-06  4.08344925E-03  1.30976062E-01  6.05410819E-01  7.85021392E-01  3.84362533E-01  8.19462434E-02  1.04074730E-02  5.33638019E-02  3.29298723E-01  7.22516089E-01  6.28815781E-01  2.21768136E-01  4.01834196E-02  1.95845381E-02  1.54387635E-01  5.31703982E-01  7.34853950E-01  4.27109853E-01  1.16897763E-01  1.99675984E-02  5.66340894E-02  3.01916234E-01  6.72905273E-01  6.33978256E-01  2.67701111E-01  5.76659110E-02  2.29429059E-02  1.42122729E-01  4.80156087E-01  7.13292064E-01  4.69193083E-01  1.50263592E-01  3.07893979E-02  6.19699262E-02  2.85785241E-01  6.30372760E-01  6.35908562E-01  3.01292332E-01  7.38847007E-02  2.90586107E-02  1.36140645E-01  4.40758375E-01  6.83051384E-01  5.07100161E-01  1.81500083E-01  3.37558244E-02  5.68739989E-02  2.57226685E-01  5.74793769E-01  6.62949962E-01  3.48813470E-01  8.73740131E-02  2.86959889E-02  1.24991018E-01  3.95655716E-01  6.65639576E-01  5.39141703E-01  2.10591947E-01  4.53894068E-02  5.31432766E-02  2.21681556E-01  5.46096118E-01  6.59153950E-01  3.85694647E-01  1.16071381E-01  3.41879940E-02  1.05715207E-01  3.65883784E-01  6.40541459E-01  5.53516807E-01  2.44094115E-01  6.91333898E-02  5.31518332E-02  2.06211693E-01  5.13348716E-01  6.25020378E-01  4.11377411E-01  1.54939840E-01  5.09376179E-02  1.09361255E-01  3.44366872E-01  5.72717555E-01  5.27867498E-01  3.02043691E-01  1.13337848E-01  5.85450925E-02  1.86677886E-01  4.39174105E-01  5.67456294E-01  4.46696054E-01  2.33821601E-01  8.48187094E-02  9.33720341E-02  2.80021006E-01  5.06245798E-01  5.29463691E-01  3.75932975E-01  1.74435081E-01  6.67446765E-02
  6.32442052E-02  2.15901355E-01  4.92099254E-01  6.15086126E-01  4.16658211E-01  1.60005150E-01  5.55643965E-02  9.92307766E-02  3.24270877E-01  5.92422791E-01  5.70243510E-01  2.91484189E-01  9.52090772E-02  5.25479257E-02  1.72015186E-01  4.54495299E-01  6.32371309E-01  4.58279768E-01  1.94087560E-01  5.53587750E-02  7.14456108E-02  2.78914571E-01  5.59708148E-01  5.96959693E-01  3.53611107E-01  1.20136564E-01  4.02569311E-02  1.28457418E-01  4.04374587E-01  6.26603838E-01  5.14396145E-01  2.38954547E-01  6.30473140E-02  4.96669851E-02  2.15476940E-01  5.17159169E-01  6.32744472E-01  4.11359016E-01  1.46390922E-01  3.90360680E-02  8.67839577E-02  3.22507567E-01  6.02952085E-01  5.85911579E-01  2.99443348E-01  8.30846284E-02  3.48339999E-02  1.50226509E-01  4.43889366E-01  6.51180945E-01  4.97253537E-01  1.94174977E-01  4.12113096E-02  5.19012902E-02  2.48814900E-01  5.71413255E-01  6.46666807E-01  3.70131433E-01  9.90743396E-02  2.51284560E-02  1.07656719E-01  3.83062573E-01  6.64419885E-01  5.65801416E-01  2.25568340E-01  3.98980317E-02  3.64451801E-02  1.92959092E-01  5.37017225E-01  6.99388247E-01  4.16663380E-01  1.06551054E-01  1.91205566E-02  7.59328686E-02  3.27850011E-01  6.75812406E-01  6.21113572E-01  2.49013878E-01  4.09252966E-02  2.42524970E-02  1.52679301E-01  5.00937971E-01  7.33216234E-01  4.64287246E-01  1.15715549E-01  1.34022695E-02  4.90372359E-02  2.78870135E-01  6.77533270E-01  6.89927037E-01  2.68102367E-01  3.24252038E-02  1.05588922E-02  9.99966113E-02  4.34173695E-01  7.98909804E-01  5.51911361E-01  1.02580607E-01  2.40741769E-03  4.07796768E-06  1.03385096E-06  2.65073643E-03  1.02314409E-01  5.45386344E-01  7.87252943E-01  4.37829717E-01  1.10272305E-01  1.49158082E-02  3.66820468E-02  2.64179036E-01  6.60728367E-01  6.61319845E-01  3.05190813E-01  6.50336289E-02  1.76183903E-02  1.12155311E-01  4.29959814E-01  6.92657552E-01  5.23415212E-01  1.92200131E-01  3.81814179E-02  4.29954300E-02  2.27559595E-01  5.62213877E-01  6.55916193E-01  3.76734467E-01  1.14911749E-01  2.93194772E-02  1.03101974E-01  3.70854822E-01  6.36052393E-01  5.49286700E-01  2.54351536E-01  6.92378221E-02  4.64185297E-02  1.95936870E-01  4.93621599E-01  6.28546061E-01  4.37765235E-01  1.66566734E-01  4.54079978E-02  8.90049185E-02  3.08292997E-01  5.81908029E-01  5.79134150E-01  3.14713595E-01  1.03397904E-01  4.62385056E-02  1.57956689E-01  4.42208995E-01  6.16284723E-01  4.77057622E-01  2.11660326E-01  6.31362443E-02  7.65195790E-02  2.75587065E-01  5.35717923E-01  5.78843274E-01  3.62649052E-01  1.36912098E-01  5.57812180E-02  1.41736870E-01  3.87028502E-01  5.82104576E-01  4.97888130E-01  2.62540861E-01  9.49454069E-02  6.75927163E-02  2.27054539E-01  4.96525150E-01  5.74053576E-01  4.04419675E-01  1.86045788E-01  6.46254492E-02  1.03862180E-01  3.33550551E-01  5.57060513E-01  5.30962936E-01  3.22819560E-01  1.22271811E-01  5.45607569E-02  1.73387183E-01  4.41906804E-01  5.91713397E-01  4.59130550E-01  2.25217386E-01  7.50465520E-02  8.28566451E-02  2.75254433E-01  5.33581298E-01  5.64159240E-01  3.63609135E-01  1.46629225E-01  5.46005985E-02  1.33675876E-01  3.86294812E-01  5.89514301E-01  5.10339218E-01  2.62909697E-01  8.67866763E-02
  1.11647792E-01  3.21132016E-01  5.60832983E-01  5.59978120E-01  3.15153736E-01  1.03517682E-01  5.82674894E-02  1.83200262E-01  4.37433691E-01  6.02643439E-01  4.74073229E-01  2.04326977E-01  6.05154038E-02  9.00490971E-02  2.87467202E-01  5.51036623E-01  5.79898260E-01  3.48242400E-01  1.18503843E-01  5.31995886E-02  1.57824463E-01  4.07909572E-01  5.99316826E-01  5.07230919E-01  2.30045108E-01  6.35058379E-02  7.35836237E-02  2.48082396E-01  5.25064461E-01  6.16666613E-01  3.80273092E-01  1.28899935E-01  4.16963217E-02  1.17553516E-01  3.72882807E-01  6.17482344E-01  5.41519597E-01  2.58271709E-01  6.95143133E-02  5.10607906E-02  2.04616116E-01  4.94822681E-01  6.34389585E-01  4.28703192E-01  1.57662810E-01  4.13751784E-02  8.49138541E-02  3.14378219E-01  6.00543348E-01  5.87085703E-01  3.04569962E-01  8.87638501E-02  3.74473789E-02  1.47888933E-01  4.35132424E-01  6.45965832E-01  4.95612135E-01  2.03556814E-01  4.65462379E-02  5.26374638E-02  2.40036207E-01  5.55919076E-01  6.42449019E-01  3.78134773E-01  1.13302570E-01  2.92540227E-02  9.66722697E-02  3.49634210E-01  6.38406819E-01  5.79439790E-01  2.59583943E-01  5.87582471E-02  3.26100694E-02  1.59755845E-01  4.73112193E-01  6.87444382E-01  4.71206716E-01  1.54632393E-01  2.88705019E-02  4.74748797E-02  2.45339255E-01  6.04783904E-01  6.70562533E-01  3.43422165E-01  7.96040143E-02  1.65746075E-02  8.65736855E-02  3.66509358E-01  7.02779223E-01  6.00652464E-01  2.08011649E-01  2.62764790E-02  1.76946905E-02  1.36956107E-01  4.92419391E-01  7.78683937E-01  4.84562302E-01  8.69582702E-02  2.49167974E-03  1.95040648E-06  2.32275681E-06  2.71383104E-03  1.01777388E-01  5.43366331E-01  7.97723202E-01  4.38637606E-01  1.05188436E-01  1.14983023E-02  3.63979716E-02  2.71357323E-01  6.72229705E-01  6.64366783E-01  2.88698316E-01  5.98749612E-02  1.73668626E-02  1.22110836E-01  4.50880307E-01  7.00523844E-01  5.06869722E-01  1.75403814E-01  3.27272357E-02  5.15034620E-02  2.57801378E-01  5.87102955E-01  6.45561690E-01  3.49460323E-01  9.55308918E-02  3.19271966E-02  1.25607295E-01  4.04462849E-01  6.50592108E-01  5.26850661E-01  2.20264440E-01  5.30565707E-02  6.05234182E-02  2.43186556E-01  5.29435783E-01  6.28637251E-01  3.85642260E-01  1.28228907E-01  4.38985966E-02  1.28929599E-01  3.73249253E-01  5.96503755E-01  5.35561584E-01  2.63091341E-01  7.78343750E-02  6.42704682E-02  2.16263872E-01  4.77503958E-01  6.05341064E-01  4.36279103E-01  1.67430517E-01  5.34034948E-02  1.12156068E-01  3.23648909E-01  5.62340062E-01  5.71597365E-01  3.05082139E-01  9.54578225E-02  5.90233428E-02  1.83066287E-01  4.41469401E-01  6.14898978E-01  4.69144020E-01  1.91785668E-01  6.21795615E-02  9.28496148E-02  2.90021401E-01  5.53511547E-01  5.84928482E-01  3.32618563E-01  1.14090534E-01  5.53754621E-02  1.65223242E-01  4.24715675E-01  6.06147859E-01  4.84365737E-01  2.16151688E-01  6.97015523E-02  8.00059221E-02  2.71147406E-01  5.39970425E-01  5.85900458E-01  3.60057253E-01  1.34815695E-01  5.13622171E-02  1.33403743E-01  3.82372918E-01  5.96541167E-01  5.12406447E-01  2.61908526E-01  8.72949458E-02  6.56282171E-02  2.22484711E-01  4.89721198E-01  5.92139436E-01  4.16117680E-01  1.77225068E-01  5.96221176E-02
  8.66275103E-02  2.88412873E-01  5.37976034E-01  5.71734461E-01  3.59177840E-01  1.26437520E-01  4.88722130E-02  1.43455231E-01  3.83371309E-01  5.90127477E-01  5.20722328E-01  2.59147165E-01  7.36416447E-02  6.11365086E-02  2.27899847E-01  4.85260539E-01  5.89140276E-01  4.28342078E-01  1.73916367E-01  5.07717504E-02  1.08879419E-01  3.20313856E-01  5.47950609E-01  5.63182517E-01  3.27961833E-01  1.03447496E-01  4.61691399E-02  1.66534902E-01  4.27518633E-01  6.00568668E-01  4.91405294E-01  2.22378294E-01  6.06883398E-02  6.61151009E-02  2.47219225E-01  5.20048841E-01  6.12642920E-01  3.93583641E-01  1.33247850E-01  3.90480553E-02  1.04813427E-01  3.49722687E-01  6.15958323E-01  5.63866469E-01  2.69143729E-01  7.45895545E-02  4.16545562E-02  1.69769590E-01  4.80313609E-01  6.53606459E-01  4.53678029E-01  1.70984400E-01  4.11622683E-02  6.53373600E-02  2.71048306E-01  5.82951895E-01  6.26670608E-01  3.37860556E-01  9.80313591E-02  3.18493218E-02  1.14038823E-01  3.83205334E-01  6.57350807E-01  5.46559076E-01  2.30174063E-01  5.22395754E-02  4.20127600E-02  1.91793345E-01  5.28330379E-01  6.78737530E-01  4.19155164E-01  1.25293435E-01  2.74999912E-02  8.08879684E-02  3.26082417E-01  6.43435356E-01  6.11341864E-01  2.72017165E-01  5.29044990E-02  2.93227957E-02  1.58872160E-01  4.73721091E-01  7.09498955E-01  4.77566945E-01  1.38392734E-01  1.94764551E-02  5.66110890E-02  2.73063427E-01  6.44297036E-01  6.84140082E-01  2.93814580E-01  4.21735905E-02  1.25608841E-02  9.83163540E-02  4.21406809E-01  7.92622640E-01  5.61387163E-01  1.11222809E-01  3.29913982E-03  3.85866367E-06  2.87197342E-06  2.43418247E-03  9.56035373E-02  5.25269507E-01  7.93521991E-01  4.54172096E-01  1.15325114E-01  1.38968274E-02  3.33919768E-02  2.55500393E-01  6.59162881E-01  6.72665738E-01  3.02572196E-01  6.86022123E-02  1.78825627E-02  1.09511994E-01  4.24210877E-01  6.95097577E-01  5.20956896E-01  1.95111831E-01  4.22675375E-02  4.31515591E-02  2.26145970E-01  5.57052369E-01  6.47999944E-01  3.84596109E-01  1.20559383E-01  3.34225113E-02  1.03523929E-01  3.59478851E-01  6.27361696E-01  5.61323804E-01  2.61457923E-01  7.00332303E-02  4.71176840E-02  1.94325262E-01  4.86755093E-01  6.43696124E-01  4.33560366E-01  1.64017556E-01  4.66819545E-02  9.13703718E-02  3.16517371E-01  5.82882950E-01  5.76900594E-01  3.13040292E-01  9.75475814E-02  4.68958901E-02  1.70970938E-01  4.45396279E-01  6.09535075E-01  4.79085867E-01  2.09535797E-01  5.57256931E-02  8.35425528E-02  2.97474091E-01  5.50224719E-01  5.70366714E-01  3.53783957E-01  1.20318208E-01  4.89040867E-02  1.61185068E-01  4.30229229E-01  6.12465193E-01  4.88830455E-01  2.18385440E-01  6.16480018E-02  7.95402376E-02  2.72571262E-01  5.45324709E-01  5.91823280E-01  3.59265691E-01  1.25631746E-01  5.04257568E-02  1.45330418E-01  3.99695236E-01  6.07126511E-01  5.10645912E-01  2.39321122E-01  7.05483707E-02  7.31587655E-02  2.38420150E-01  5.03299281E-01  6.03255179E-01  4.05549569E-01  1.48544227E-01  4.84735726E-02  1.18962301E-01  3.46622489E-01  5.83260747E-01  5.45035433E-01  2.86836178E-01  8.96377261E-02  5.87118935E-02  1.92554171E-01  4.61199093E-01  6.02444948E-01  4.53117325E-01  1.92171335E-01  5.63925723E-02
  7.39280248E-02  1.30133290E-01  3.50028631E-01  5.40093528E-01  5.14491065E-01  3.11248827E-01  1.21247400E-01  6.95459897E-02  2.07932006E-01  4.50856931E-01  5.55538137E-01  4.46895155E-01  2.18230161E-01  7.68027158E-02  1.10300973E-01  3.15108673E-01  5.27847219E-01  5.32788655E-01  3.41251735E-01  1.37323478E-01  6.98491924E-02  1.91073242E-01  4.29112351E-01  5.61496926E-01  4.57574931E-01  2.36229258E-01  8.83709252E-02  1.03831411E-01  2.86557792E-01  5.17696662E-01  5.46753677E-01  3.51515140E-01  1.52465224E-01  7.49710836E-02  1.73203635E-01  4.01261261E-01  5.65493648E-01  4.76691653E-01  2.49380483E-01  9.42037204E-02  9.74959417E-02  2.68283837E-01  4.91230846E-01  5.59044422E-01  3.86717429E-01  1.61596252E-01  6.74981180E-02  1.52559733E-01  3.77380383E-01  5.65719110E-01  5.10109047E-01  2.70436047E-01  9.14041122E-02  7.80509720E-02  2.36644362E-01  4.91751519E-01  5.85528665E-01  4.04123286E-01  1.68226397E-01  5.98398985E-02  1.18423353E-01  3.51665323E-01  5.94101541E-01  5.46363690E-01  2.78988819E-01  8.34857701E-02  5.06236019E-02  1.92996297E-01  4.84695352E-01  6.48061497E-01  4.42648533E-01  1.59207609E-01  3.89581007E-02  8.49790218E-02  3.06721033E-01  6.19685934E-01  6.16209368E-01  2.93680496E-01  6.43271992E-02  2.85986528E-02  1.45797617E-01  4.71725528E-01  7.15060812E-01  4.87177933E-01  1.40139605E-01  1.87597533E-02  4.75826373E-02  2.61684143E-01  6.47448420E-01  6.98082207E-01  2.98411223E-01  4.19460668E-02  9.61031571E-03  8.65127849E-02  4.12634619E-01  7.99800422E-01  5.76158153E-01  1.13517915E-01  2.81585923E-03  2.67579052E-06  6.93921675E-06  2.33935446E-03  8.44214227E-02  4.76692134E-01  7.69849995E-01  4.91341356E-01  1.47444477E-01  2.48133725E-02  2.71588813E-02  2.02934557E-01  5.79588463E-01  6.86626506E-01  3.80241731E-01  1.04889311E-01  2.59509938E-02  7.95479163E-02  3.31344442E-01  6.38659679E-01  5.86558916E-01  2.75263030E-01  7.33920818E-02  3.72388874E-02  1.54416250E-01  4.46367151E-01  6.36141992E-01  4.80792569E-01  2.01357072E-01  5.51480961E-02  6.41152231E-02  2.46581785E-01  5.26987399E-01  5.99486980E-01  3.83160537E-01  1.47114963E-01  4.71968954E-02  1.11469669E-01  3.52554078E-01  5.82204066E-01  5.38149976E-01  2.90234364E-01  9.50026580E-02  5.52955678E-02  1.87112519E-01  4.63126465E-01  6.01432154E-01  4.41839053E-01  1.99493776E-01  7.05544773E-02  9.22023361E-02  2.91084890E-01  5.43312932E-01  5.54855079E-01  3.35008670E-01  1.40000660E-01  6.72630052E-02  1.54585591E-01  4.04144461E-01  5.74060138E-01  4.71983938E-01  2.52294223E-01  1.02802677E-01  8.77394922E-02  2.49731529E-01  4.89337902E-01  5.49358488E-01  3.85911196E-01  1.83230304E-01  8.36012037E-02  1.35006297E-01  3.47771691E-01  5.40752272E-01  4.96460571E-01  2.95427074E-01  1.36617587E-01  8.65976788E-02  2.09720094E-01  4.36703105E-01  5.42117335E-01  4.27019812E-01  2.30084894E-01  9.80895748E-02  1.15940023E-01  3.00433906E-01  5.03311755E-01  5.18327756E-01  3.52298789E-01  1.60951351E-01  8.09181529E-02  1.76984473E-01  3.93772918E-01  5.40283134E-01  4.75202629E-01  2.64779533E-01  1.00702912E-01  9.08508122E-02  2.60411840E-01  4.78401429E-01  5.49854062E-01  3.90503066E-01  1.85299510E-01
  8.32568342E-02  2.43120078E-01  4.85362696E-01  5.66483644E-01  4.04160136E-01  1.76370542E-01  6.48922826E-02  1.15361013E-01  3.31167848E-01  5.59550428E-01  5.30958639E-01  3.12125645E-01  1.18034909E-01  6.20174713E-02  1.73973548E-01  4.33039500E-01  5.97689858E-01  4.67381057E-01  2.15922341E-01  7.08664506E-02  7.82860653E-02  2.56778094E-01  5.37248339E-01  5.94340739E-01  3.65987005E-01  1.37136487E-01  4.85899864E-02  1.17623679E-01  3.70739743E-01  6.11444461E-01  5.31939153E-01  2.65859287E-01  7.74690622E-02  4.53061087E-02  1.94375811E-01  4.90921956E-01  6.40923543E-01  4.37138939E-01  1.62688271E-01  4.21442033E-02  7.74809373E-02  3.02006149E-01  6.15002548E-01  6.00377792E-01  3.09155737E-01  8.08166425E-02  3.43194165E-02  1.47222401E-01  4.59643530E-01  6.73497942E-01  4.87174853E-01  1.72899812E-01  3.88772488E-02  6.51960596E-02  2.80105265E-01  5.99763940E-01  6.23730036E-01  3.28813666E-01  8.63442197E-02  2.84232541E-02  1.33935663E-01  4.35307239E-01  6.76720185E-01  5.10646160E-01  1.91160035E-01  3.38801815E-02  4.96834585E-02  2.48708305E-01  5.85355196E-01  6.60419307E-01  3.58184983E-01  8.69312445E-02  2.07744305E-02  1.07655675E-01  3.91200540E-01  6.82460264E-01  5.56372393E-01  2.11773575E-01  3.78760373E-02  3.64829470E-02  1.99092131E-01  5.48242555E-01  6.94720045E-01  4.05651208E-01  1.04372518E-01  1.88127290E-02  6.86484966E-02  3.20469380E-01  6.80190410E-01  6.40974865E-01  2.48521789E-01  3.40231637E-02  1.62767671E-02  1.15682699E-01  4.49643554E-01  7.89112660E-01  5.30357672E-01  9.68823979E-02  2.38949413E-03  0.00000000E+00  3.72599737E-06  2.86392177E-03  9.81848624E-02  5.25134160E-01  8.02329638E-01  4.47481442E-01  1.09836922E-01  1.43653304E-02  3.25765873E-02  2.46789056E-01  6.62967625E-01  6.82293387E-01  3.03305128E-01  6.59116193E-02  1.55573852E-02  1.07402187E-01  4.29178430E-01  6.99198358E-01  5.18522342E-01  1.96164651E-01  3.96495159E-02  3.99848556E-02  2.21854032E-01  5.63064284E-01  6.60118439E-01  3.89587977E-01  1.12190694E-01  2.27559400E-02  9.26816604E-02  3.66865186E-01  6.46624751E-01  5.74273623E-01  2.54346292E-01  5.35322695E-02  3.69906682E-02  1.90529885E-01  5.07151054E-01  6.57796373E-01  4.41069794E-01  1.44527087E-01  3.26043039E-02  8.49231723E-02  3.19453937E-01  6.02249204E-01  5.89102660E-01  3.03591885E-01  8.35580390E-02  3.78392340E-02  1.64398360E-01  4.57434999E-01  6.26856532E-01  4.67578294E-01  2.03299888E-01  5.36690978E-02  7.44321820E-02  2.90107357E-01  5.52918538E-01  5.70041443E-01  3.49126891E-01  1.31847662E-01  5.53928884E-02  1.55997726E-01  4.06467634E-01  5.83739459E-01  4.87051366E-01  2.46631314E-01  8.84246723E-02  8.03474793E-02  2.57144924E-01  5.09634804E-01  5.65760801E-01  3.80442240E-01  1.64751945E-01  6.39361196E-02  1.41244916E-01  3.64177588E-01  5.51908480E-01  5.00823806E-01  2.95692098E-01  1.11960283E-01  7.25891114E-02  2.19918990E-01  4.48575347E-01  5.46480182E-01  4.43644410E-01  2.18010005E-01  7.52103866E-02  1.10415845E-01  2.98571356E-01  5.02024755E-01  5.44962476E-01  3.64427062E-01  1.41661338E-01  6.76221406E-02  1.67009731E-01  3.81659367E-01  5.62501202E-01  5.01682156E-01  2.57263796E-01  8.44253310E-02
  1.32679963E-01  4.48923528E-01  6.95310135E-01  5.07409842E-01  1.71351904E-01  2.91267332E-02  4.51843577E-02  2.42078744E-01  5.84076331E-01  6.60769016E-01  3.60485281E-01  9.60235637E-02  2.11665596E-02  9.82344462E-02  3.68920332E-01  6.54365770E-01  5.64229777E-01  2.44014132E-01  5.47880051E-02  3.54469112E-02  1.80601971E-01  4.98081157E-01  6.54534163E-01  4.44042866E-01  1.56015887E-01  3.71390164E-02  6.68015417E-02  2.97250223E-01  6.07695646E-01  6.00822003E-01  3.15968446E-01  9.41761010E-02  3.17180504E-02  1.35387062E-01  4.31334921E-01  6.52518903E-01  5.00741066E-01  2.13461168E-01  4.91180222E-02  4.77579081E-02  2.33372585E-01  5.52044339E-01  6.42506870E-01  3.88256443E-01  1.16455701E-01  2.93328842E-02  9.15434847E-02  3.56625096E-01  6.43608849E-01  5.72960440E-01  2.57815689E-01  6.39888135E-02  3.45100663E-02  1.68093722E-01  4.89255237E-01  6.76593197E-01  4.52339229E-01  1.55514093E-01  3.22661883E-02  5.58080750E-02  2.55872468E-01  5.87114920E-01  6.48842120E-01  3.44102339E-01  9.37826312E-02  2.26606608E-02  9.75861626E-02  3.66903035E-01  6.60541902E-01  5.77458223E-01  2.38627853E-01  4.55128707E-02  2.66592508E-02  1.65887884E-01  4.93936798E-01  7.00095540E-01  4.59601579E-01  1.35765773E-01  2.35822771E-02  5.49757313E-02  2.61499271E-01  6.23027653E-01  6.61392859E-01  3.22063484E-01  6.85300578E-02  1.76719257E-02  1.01458254E-01  3.89280900E-01  7.05531703E-01  5.71687781E-01  1.95980478E-01  2.49661115E-02  2.05991508E-02  1.41954032E-01  5.00513043E-01  7.76239397E-01  4.74302662E-01  8.27874097E-02  1.90377113E-03  9.11839819E-06  8.77371645E-07  2.79010450E-03  1.06142354E-01  5.60782741E-01  8.02002444E-01  4.21991822E-01  9.65638680E-02  1.10641265E-02  4.13814530E-02  2.91954157E-01  7.00216773E-01  6.54628699E-01  2.64702806E-01  4.41251821E-02  1.98105191E-02  1.43003933E-01  4.98456923E-01  7.23274539E-01  4.60831059E-01  1.38290880E-01  2.55384712E-02  6.91471008E-02  2.97356981E-01  6.30230655E-01  6.31124477E-01  2.95383114E-01  6.60569665E-02  2.95040657E-02  1.53612484E-01  4.65789274E-01  6.80221536E-01  4.87607690E-01  1.63298479E-01  3.00828176E-02  6.89655788E-02  2.93473420E-01  6.00219218E-01  6.20604227E-01  3.25865950E-01  7.81551694E-02  3.49410124E-02  1.62365425E-01  4.38090307E-01  6.51676814E-01  5.07693609E-01  1.82815768E-01  3.46259733E-02  7.32947812E-02  2.70952042E-01  5.63313519E-01  6.47562192E-01  3.50595171E-01  8.17441522E-02  3.40701584E-02  1.41709402E-01  4.05849750E-01  6.63839754E-01  5.34671973E-01  1.93978316E-01  3.95035957E-02  5.94073355E-02  2.46429881E-01  5.64990866E-01  6.54971313E-01  3.59263729E-01  9.48221286E-02  3.50813292E-02  1.29066696E-01  3.98012346E-01  6.49507951E-01  5.37645479E-01  2.15563664E-01  4.95384398E-02  5.86684945E-02  2.37866138E-01  5.24168581E-01  6.58917480E-01  3.96957870E-01  1.09378633E-01  2.95141241E-02  1.11533019E-01  3.48496498E-01  6.38504802E-01  5.89710593E-01  2.46318643E-01  4.79256114E-02  3.81512213E-02  1.77165933E-01  4.98314287E-01  6.88239585E-01  4.50663982E-01  1.31984959E-01  2.09745719E-02  6.07113291E-02  2.97189747E-01  6.47203190E-01  6.37600984E-01  2.86481082E-01  6.03461858E-02  2.16131104E-02
  1.04698795E-01  3.83234476E-01  7.04569045E-01  5.74940686E-01  1.84344764E-01  2.68962002E-02  2.59703429E-02  1.85643188E-01  5.96292864E-01  7.43084337E-01  3.74675626E-01  7.21714550E-02  3.91844300E-03  6.63234476E-02  3.50405931E-01  7.42314180E-01  5.96037998E-01  2.16311399E-01  3.00945320E-02  2.56329935E-02  1.98868397E-01  5.51169601E-01  7.13822984E-01  3.98762743E-01  1.00190918E-01  1.25134384E-02  8.71714550E-02  3.58425394E-01  6.57383689E-01  6.54687674E-01  2.14924930E-01  2.42780352E-02  4.00695088E-02  1.69769231E-01  5.42126969E-01  7.65754402E-01  3.80147359E-01  9.28572752E-02  1.74986098E-02  7.42168675E-02  3.58892493E-01  6.83043559E-01  5.74812790E-01  2.68962002E-01  3.04226135E-02  1.42604263E-02  1.88874884E-01  5.04714550E-01  6.79685820E-01  4.65485635E-01  1.31556070E-01  1.84087118E-02  4.61936979E-02  2.50606117E-01  5.94839666E-01  6.73789620E-01  3.31131603E-01  7.81686747E-02  2.02474513E-02  5.50287303E-02  2.72375348E-01  6.83710843E-01  6.14798888E-01  2.82333642E-01  8.36126043E-02  1.53948100E-02  1.01686747E-01  3.92824838E-01  6.00341983E-01  5.65999073E-01  2.83137164E-01  4.88118629E-02  1.33781279E-02  1.11848934E-01  4.40332715E-01  7.16607970E-01  5.34632067E-01  1.60141798E-01  2.53401297E-02  2.87405005E-02  1.95089898E-01  6.18457831E-01  7.06907322E-01  3.68494903E-01  7.88146432E-02  9.42539388E-03  7.09499537E-02  3.49820204E-01  7.64807229E-01  6.24493049E-01  1.69081557E-01  1.49017609E-02  4.89620019E-03  8.75060241E-02  4.94686747E-01  8.57869324E-01  4.79378128E-01  7.39184430E-02  1.86098239E-03  0.00000000E+00  0.00000000E+00  1.32066728E-03  8.20231696E-02  4.95754402E-01  8.43779425E-01  4.67181650E-01  1.05759963E-01  4.24652456E-03  1.58971270E-02  2.19595922E-01  7.16922150E-01  7.34014829E-01  2.79055607E-01  3.34884152E-02  6.52919370E-03  8.60843374E-02  4.12463392E-01  7.93236330E-01  5.54588508E-01  1.38450417E-01  1.03030584E-02  2.02094532E-02  2.13782206E-01  6.34046339E-01  7.48419833E-01  3.09476367E-01  6.46394810E-02  1.40389249E-02  7.18665431E-02  3.70346617E-01  7.60984245E-01  5.85829472E-01  1.83412419E-01  2.24569045E-02  2.16589435E-02  1.61722892E-01  5.49818350E-01  7.58128823E-01  4.15746061E-01  8.59406858E-02  7.35310473E-03  3.03327155E-02  2.51849861E-01  6.65539388E-01  7.28262280E-01  2.92854495E-01  3.00129750E-02  4.14087118E-03  1.09143652E-01  4.82302132E-01  7.73840593E-01  5.18620945E-01  1.08118628E-01  7.76552363E-03  5.10565338E-02  2.84678406E-01  7.19344764E-01  6.52193698E-01  2.37481001E-01  4.74680259E-02  1.83512512E-02  1.53353105E-01  5.11013902E-01  7.67383689E-01  4.35295644E-01  1.00808156E-01  2.23151066E-02  7.27701576E-02  3.21928638E-01  6.73289157E-01  5.93372567E-01  2.71922150E-01  5.98229843E-02  2.34689527E-02  1.47718258E-01  5.68392956E-01  7.46414273E-01  3.98697868E-01  1.05336423E-01  1.35338276E-02  5.01862836E-02  3.02275255E-01  6.60229843E-01  6.06989805E-01  3.08438369E-01  6.89462465E-02  9.39759036E-03  1.12698795E-01  4.88367007E-01  6.99858202E-01  5.20316033E-01  1.55031511E-01  1.80194625E-02  3.83095459E-02  2.25113994E-01  6.17591288E-01  7.39442076E-01  3.30813716E-01  4.68915663E-02  2.15801668E-02
  1.11867959E-01  2.69435820E-01  4.79060581E-01  5.21615989E-01  3.67648086E-01  1.89867426E-01  9.57947897E-02  1.60858434E-01  3.69624562E-01  5.32637226E-01  4.72983810E-01  2.81542263E-01  1.26802794E-01  9.85321514E-02  2.44064346E-01  4.54784613E-01  5.31591426E-01  4.05804510E-01  2.12545923E-01  8.99050589E-02  1.35874091E-01  3.30788726E-01  5.03573766E-01  5.01714623E-01  3.38742144E-01  1.50902836E-01  8.62352113E-02  2.07083870E-01  4.10301006E-01  5.25127578E-01  4.62518843E-01  2.58072669E-01  9.15022409E-02  1.10283574E-01  2.81311816E-01  4.73199070E-01  5.44441088E-01  3.94075008E-01  1.60942731E-01  7.22529360E-02  1.64570131E-01  3.56879055E-01  5.34881944E-01  5.24923396E-01  2.87305122E-01  9.62263598E-02  9.40482000E-02  2.32936783E-01  4.42717287E-01  5.69679173E-01  4.46669750E-01  1.77758938E-01  6.25420854E-02  1.31271812E-01  3.16455485E-01  5.42713287E-01  5.71696304E-01  3.16298222E-01  8.64938058E-02  6.48905055E-02  1.94470828E-01  4.36475397E-01  6.12632103E-01  4.78406474E-01  1.80848713E-01  4.83635745E-02  9.40299177E-02  2.86942862E-01  5.50490399E-01  6.02517395E-01  3.45804764E-01  9.41929195E-02  4.10700012E-02  1.50069581E-01  4.04665851E-01  6.31212512E-01  5.24392486E-01  2.14320226E-01  4.60421614E-02  5.28814477E-02  2.21030414E-01  5.32054601E-01  6.71879616E-01  4.03159809E-01  1.05137135E-01  2.03427110E-02  8.00759710E-02  3.26246778E-01  6.75840731E-01  6.35694979E-01  2.39864675E-01  3.16040605E-02  1.60899668E-02  1.21124667E-01  4.63281395E-01  7.90611080E-01  5.14153278E-01  9.19699592E-02  2.47530989E-03  1.17658133E-06  2.53417516E-06  2.69000883E-03  8.93229408E-02  5.02355588E-01  7.85910728E-01  4.69824038E-01  1.30412455E-01  1.90671158E-02  3.25946333E-02  2.42273626E-01  6.24170202E-01  6.64865453E-01  3.35641526E-01  8.75126890E-02  2.36639648E-02  1.08210148E-01  3.98674771E-01  6.57217331E-01  5.34136281E-01  2.26801980E-01  5.95628548E-02  4.98501216E-02  2.16503544E-01  5.21963207E-01  6.27133323E-01  4.02589022E-01  1.51473731E-01  4.77899277E-02  1.07886824E-01  3.45941066E-01  5.88809481E-01  5.45247444E-01  2.86962845E-01  9.87965745E-02  5.76526660E-02  1.91512631E-01  4.61010303E-01  6.02583085E-01  4.40325533E-01  2.02073498E-01  6.61418450E-02  9.49710018E-02  2.99494287E-01  5.49281760E-01  5.49614371E-01  3.38223417E-01  1.36690621E-01  5.62207846E-02  1.64498632E-01  4.18884492E-01  5.65342639E-01  4.70672045E-01  2.58474227E-01  8.49177117E-02  7.92976172E-02  2.64530942E-01  5.02600534E-01  5.50178171E-01  3.93452379E-01  1.71032966E-01  5.97097826E-02  1.36446344E-01  3.77087020E-01  5.63275747E-01  5.02888037E-01  2.79952339E-01  1.07707205E-01  7.77939824E-02  2.35385611E-01  4.86025798E-01  5.52692959E-01  3.91230378E-01  1.99747415E-01  8.64249124E-02  1.34184991E-01  3.53285812E-01  5.32385129E-01  4.88080724E-01  3.04890433E-01  1.42154918E-01  9.02772931E-02  2.24030497E-01  4.52561454E-01  5.27701087E-01  4.13214547E-01  2.28646081E-01  1.01718804E-01  1.27484288E-01  3.23131136E-01  5.07856323E-01  5.00537661E-01  3.34062084E-01  1.58692891E-01  9.15879866E-02  1.93019144E-01  4.03097921E-01  5.27376387E-01  4.50621760E-01  2.52034635E-01  1.16125174E-01
  7.13853091E-02  1.96890616E-01  4.20509305E-01  5.50637998E-01  4.58421131E-01  2.41327363E-01  8.86272949E-02  1.02831200E-01  2.73254231E-01  4.95812715E-01  5.49854023E-01  3.78097694E-01  1.64672619E-01  6.84489386E-02  1.44924681E-01  3.60701825E-01  5.45997884E-01  5.15104884E-01  2.92431028E-01  1.01179378E-01  7.81740892E-02  2.19521335E-01  4.57342172E-01  5.77378048E-01  4.36109330E-01  1.90031322E-01  6.37908061E-02  1.12552209E-01  3.11763931E-01  5.37542169E-01  5.58925954E-01  3.36547798E-01  1.11172296E-01  5.44000287E-02  1.70981587E-01  4.21824656E-01  5.96871611E-01  4.90667294E-01  2.23343212E-01  5.83116394E-02  7.34642857E-02  2.63914282E-01  5.21415071E-01  6.00976406E-01  3.94245625E-01  1.24837923E-01  3.92318022E-02  1.30184757E-01  3.70415573E-01  5.97970041E-01  5.52586381E-01  2.62920880E-01  6.47751004E-02  5.40806978E-02  2.08547045E-01  4.91828152E-01  6.37648792E-01  4.41113149E-01  1.46782469E-01  3.66826234E-02  1.00155658E-01  3.24660965E-01  6.03945191E-01  6.03185456E-01  2.89234402E-01  6.34770152E-02  4.63483936E-02  1.81610298E-01  4.70256024E-01  6.81130952E-01  4.67217208E-01  1.36569779E-01  2.71696787E-02  8.22842441E-02  3.07616986E-01  6.28731892E-01  6.30051348E-01  2.80989960E-01  5.69676205E-02  3.47312106E-02  1.57835252E-01  4.78694582E-01  7.02430024E-01  4.74183358E-01  1.37728450E-01  2.38040197E-02  6.39923264E-02  2.78446393E-01  6.33826216E-01  6.83100922E-01  2.90736177E-01  4.21207150E-02  1.58736553E-02  1.05644023E-01  4.20395457E-01  7.80314221E-01  5.65871576E-01  1.09425972E-01  2.64979561E-03  1.55981067E-06  4.60771658E-06  1.95245267E-03  8.29226908E-02  4.89764720E-01  7.90555920E-01  4.84576144E-01  1.33015867E-01  1.71641925E-02  2.61748064E-02  2.10430006E-01  6.03047960E-01  7.02137496E-01  3.61707921E-01  8.63384431E-02  1.62109509E-02  7.70503263E-02  3.50163493E-01  6.62969180E-01  5.88817197E-01  2.52759484E-01  5.75267678E-02  2.87780766E-02  1.65912346E-01  4.89118026E-01  6.72971260E-01  4.50488382E-01  1.61901965E-01  3.81364028E-02  6.83768646E-02  2.86254859E-01  5.94141279E-01  6.05847300E-01  3.20378048E-01  9.99816409E-02  4.09380917E-02  1.31524814E-01  4.20123082E-01  6.29246898E-01  4.90250269E-01  2.24208764E-01  7.60608505E-02  6.64886869E-02  2.34546723E-01  5.26360657E-01  5.97297189E-01  3.76411862E-01  1.57501524E-01  6.13420826E-02  1.13764666E-01  3.62579210E-01  5.95293424E-01  5.11694205E-01  2.78625950E-01  1.07828797E-01  6.21382853E-02  2.04083244E-01  4.74768574E-01  5.92702506E-01  4.28536969E-01  1.90688504E-01  6.66814400E-02  9.57397806E-02  3.10780407E-01  5.59521586E-01  5.50998261E-01  3.22484115E-01  1.27629428E-01  6.06153363E-02  1.66446160E-01  4.27450857E-01  5.93747813E-01  4.60749032E-01  2.34057839E-01  8.51741430E-02  8.10195425E-02  2.72527539E-01  5.28919679E-01  5.51409495E-01  3.60535535E-01  1.62484868E-01  6.67763913E-02  1.49263465E-01  3.91185904E-01  5.63617595E-01  4.86372490E-01  2.71144686E-01  1.03774509E-01  7.64760291E-02  2.38325642E-01  4.88292007E-01  5.51185349E-01  4.01343786E-01  1.96726190E-01  7.40505773E-02  1.25568596E-01  3.41493599E-01  5.27683305E-01  5.12414659E-01  3.25062285E-01  1.32295539E-01
  7.93503580E-02  2.37528898E-01  4.98130631E-01  5.80915815E-01  3.91787803E-01  1.68785402E-01  6.27816920E-02  1.16012616E-01  3.59866859E-01  5.81113432E-01  5.21731709E-01  2.84575498E-01  1.03952091E-01  5.87725904E-02  2.08816723E-01  4.93526279E-01  5.97998494E-01  4.18935437E-01  1.85180374E-01  5.93313035E-02  9.02554348E-02  3.24289288E-01  5.87402305E-01  5.53845076E-01  3.11393181E-01  1.09839445E-01  4.80292256E-02  1.58357364E-01  4.43235944E-01  6.26226056E-01  4.81146259E-01  2.07432578E-01  5.59084818E-02  6.40937009E-02  2.57315894E-01  5.46676947E-01  6.14715842E-01  3.71545203E-01  1.24053475E-01  3.50711978E-02  1.17087764E-01  3.74805417E-01  6.16822246E-01  5.53341758E-01  2.56035686E-01  6.45574690E-02  4.48211542E-02  1.93297582E-01  4.91472128E-01  6.46268618E-01  4.48934324E-01  1.53593526E-01  3.31891479E-02  7.87614589E-02  3.07948686E-01  6.12028134E-01  6.06093592E-01  3.03186616E-01  7.70111533E-02  3.34947617E-02  1.45074450E-01  4.46322071E-01  6.73096298E-01  4.90890955E-01  1.80850664E-01  3.98239261E-02  4.87030513E-02  2.38943317E-01  5.85235507E-01  6.61308233E-01  3.53131723E-01  9.67631177E-02  2.53850838E-02  9.42216693E-02  3.76146172E-01  6.82656670E-01  5.63635629E-01  2.22886437E-01  4.76488999E-02  3.30894011E-02  1.74647809E-01  5.27853392E-01  7.09917038E-01  4.27388838E-01  1.16120569E-01  2.08026890E-02  6.51733674E-02  3.00737690E-01  6.64452462E-01  6.57298782E-01  2.65855378E-01  3.71129518E-02  1.58179239E-02  1.14601646E-01  4.37727890E-01  7.83554261E-01  5.41349507E-01  1.04705387E-01  2.84594901E-03  2.09533787E-06  4.14702288E-07  2.55074646E-03  9.58490484E-02  5.21248559E-01  7.94181858E-01  4.58232910E-01  1.15154575E-01  1.31451676E-02  3.25438057E-02  2.44162563E-01  6.42209250E-01  6.90951611E-01  3.08639209E-01  7.16162258E-02  1.81047014E-02  1.04609787E-01  4.25919329E-01  6.88821111E-01  5.11559804E-01  2.05274075E-01  5.10543915E-02  4.36010782E-02  2.25370962E-01  5.48822267E-01  6.32806181E-01  3.85063646E-01  1.34744303E-01  4.29821460E-02  1.04245918E-01  3.60146106E-01  6.15008490E-01  5.35308386E-01  2.66728676E-01  9.45189453E-02  5.62271259E-02  1.97463594E-01  4.78704339E-01  5.93075869E-01  4.20978326E-01  1.95842697E-01  7.18408635E-02  1.06998319E-01  3.13248669E-01  5.23757596E-01  5.31090798E-01  3.38402327E-01  1.45278003E-01  7.63294264E-02  1.84429130E-01  3.95148485E-01  5.35946416E-01  4.72600052E-01  2.69797647E-01  1.02881002E-01  1.02672887E-01  2.72765213E-01  4.63990156E-01  5.26052602E-01  4.06663109E-01  1.85569866E-01  8.11502750E-02  1.60297887E-01  3.56608848E-01  5.04138685E-01  4.96714576E-01  3.18266763E-01  1.22894906E-01  9.53519731E-02  2.41240898E-01  4.33965623E-01  5.29580103E-01  4.37232997E-01  2.15366073E-01  8.21186485E-02  1.36176838E-01  3.24817466E-01  5.03820521E-01  5.13868845E-01  3.44561267E-01  1.33304981E-01  7.80949668E-02  2.05880959E-01  4.12173717E-01  5.36244783E-01  4.65493714E-01  2.41823970E-01  8.48787323E-02  1.09872097E-01  2.95873341E-01  4.90788131E-01  5.34480182E-01  3.71129060E-01  1.54793500E-01  6.89935175E-02  1.61627445E-01  3.90352715E-01  5.61524075E-01  4.90571132E-01  2.60695521E-01  9.38424786E-02
  1.06471342E-01  2.97938919E-01  5.10092045E-01  5.49759018E-01  3.54435223E-01  1.42596299E-01  6.69636780E-02  1.65867665E-01  3.97610237E-01  5.64464601E-01  4.86396005E-01  2.56243737E-01  8.89870178E-02  8.04246191E-02  2.45980997E-01  4.87489519E-01  5.73596501E-01  4.02406272E-01  1.72292487E-01  6.00660153E-02  1.20489042E-01  3.48281847E-01  5.66090293E-01  5.30156811E-01  2.99466972E-01  1.03366887E-01  5.92233477E-02  1.88931175E-01  4.49656692E-01  5.99736192E-01  4.55968688E-01  2.05633055E-01  6.12465246E-02  8.25906149E-02  2.79236163E-01  5.35516248E-01  5.83344188E-01  3.65487793E-01  1.26781724E-01  4.70771367E-02  1.41680973E-01  3.89503265E-01  5.99983618E-01  5.20181773E-01  2.51895328E-01  6.82173888E-02  5.66000782E-02  2.18248378E-01  5.06957270E-01  6.21287995E-01  4.17466133E-01  1.51696105E-01  3.97402651E-02  9.20462559E-02  3.25448640E-01  6.07278042E-01  5.87363517E-01  2.93466915E-01  7.75824693E-02  3.52601331E-02  1.57880054E-01  4.59673164E-01  6.58762037E-01  4.86856428E-01  1.78280779E-01  3.38110012E-02  5.91473044E-02  2.65340720E-01  5.87010361E-01  6.49756918E-01  3.43892891E-01  8.40480371E-02  2.39367325E-02  1.17446022E-01  4.03507986E-01  6.76058923E-01  5.50778227E-01  2.02563318E-01  3.38329942E-02  3.64343250E-02  2.00269256E-01  5.49960865E-01  7.11073422E-01  4.00238574E-01  9.39957969E-02  1.42628808E-02  6.89232833E-02  3.25377121E-01  6.90834250E-01  6.42584497E-01  2.35488734E-01  2.99341839E-02  1.46269332E-02  1.17399013E-01  4.60820946E-01  7.96812478E-01  5.18132621E-01  9.01530642E-02  2.35587784E-03  4.03657901E-06  1.08064470E-05  3.25732015E-03  1.11056443E-01  5.55499269E-01  7.87776062E-01  4.32055524E-01  9.92204877E-02  1.20532611E-02  4.08687152E-02  2.85959095E-01  6.81167513E-01  6.55846632E-01  2.78629500E-01  5.24506198E-02  1.92026218E-02  1.35435969E-01  4.57139079E-01  7.00200851E-01  4.99389934E-01  1.64506596E-01  3.10530041E-02  5.60547237E-02  2.60116101E-01  5.93214999E-01  6.33803073E-01  3.39949697E-01  9.80892500E-02  3.84605610E-02  1.32956676E-01  4.14058337E-01  6.38102880E-01  5.13573096E-01  2.18652308E-01  5.93627093E-02  6.76106529E-02  2.45324755E-01  5.32250800E-01  6.11947170E-01  3.79475987E-01  1.36691634E-01  5.06068988E-02  1.27263417E-01  3.61150769E-01  5.92896598E-01  5.38912314E-01  2.68996919E-01  8.60208744E-02  6.64473217E-02  2.17556367E-01  4.69248726E-01  5.98883370E-01  4.29212686E-01  1.80466650E-01  6.10050539E-02  1.15848659E-01  3.15596147E-01  5.47192930E-01  5.52302660E-01  3.20001050E-01  1.15598771E-01  7.03515082E-02  1.85230139E-01  4.17340256E-01  5.74722852E-01  4.71554282E-01  2.28643999E-01  7.83514648E-02  1.06536923E-01  2.77874207E-01  4.95058322E-01  5.55060766E-01  3.77419793E-01  1.49063369E-01  6.82092613E-02  1.67313919E-01  3.85168686E-01  5.37981312E-01  4.90107413E-01  2.77509793E-01  9.84342961E-02  9.02950323E-02  2.50473529E-01  4.62702716E-01  5.48090191E-01  4.13115515E-01  1.88826297E-01  7.41708722E-02  1.42080793E-01  3.37692109E-01  5.19944972E-01  5.18132114E-01  3.24134326E-01  1.18410185E-01  7.56879924E-02  2.14432146E-01  4.31425600E-01  5.44815603E-01  4.57841335E-01  2.21051755E-01  7.45272677E-02
  2.08133328E-01  4.35716420E-01  5.39922482E-01  4.48193199E-01  2.39850039E-01  8.25894776E-02  1.06996448E-01  3.00040826E-01  4.89635247E-01  5.20101038E-01  3.74648704E-01  1.64149442E-01  7.37745397E-02  1.69372815E-01  3.92131470E-01  5.25129320E-01  4.67525901E-01  2.83957002E-01  1.16066661E-01  9.91500408E-02  2.47891794E-01  4.37390708E-01  5.19039965E-01  4.24002959E-01  2.17184811E-01  9.22681165E-02  1.43447049E-01  3.10843858E-01  4.82280917E-01  5.09139578E-01  3.45089321E-01  1.56275096E-01  9.22375256E-02  1.92507512E-01  3.84855912E-01  5.21870121E-01  4.70419634E-01  2.64978903E-01  1.08069239E-01  1.15132000E-01  2.61701287E-01  4.48178174E-01  5.23816050E-01  4.01674060E-01  1.91995450E-01  9.19586153E-02  1.60579545E-01  3.31221212E-01  4.93007772E-01  5.11197321E-01  3.18573318E-01  1.28396786E-01  9.42647922E-02  2.09503789E-01  4.03136122E-01  5.39145679E-01  4.62994828E-01  2.33742751E-01  8.19782585E-02  1.05781222E-01  2.81294112E-01  5.02601765E-01  5.61696811E-01  3.67108747E-01  1.43489642E-01  6.08671791E-02  1.48167226E-01  3.69209968E-01  5.76690054E-01  5.23972654E-01  2.66529744E-01  7.51012949E-02  5.64547352E-02  1.99385417E-01  4.76523158E-01  6.32145582E-01  4.45282388E-01  1.63432680E-01  3.74831080E-02  7.34211337E-02  2.73642796E-01  5.74933886E-01  6.36511384E-01  3.41968195E-01  8.43855593E-02  2.21528803E-02  9.64340086E-02  3.63535058E-01  6.78515159E-01  6.00057960E-01  2.19234971E-01  2.87177199E-02  2.17701093E-02  1.35214564E-01  4.68491667E-01  7.73694342E-01  5.04520039E-01  9.32255572E-02  2.57864397E-03  1.19740676E-06  2.08120699E-06  3.55846481E-03  1.27988243E-01  6.12397493E-01  7.92178282E-01  3.77173749E-01  7.91252088E-02  9.70529539E-03  5.19248029E-02  3.36036441E-01  7.30950342E-01  6.14639324E-01  2.20927933E-01  3.98224417E-02  2.44907315E-02  1.70952908E-01  5.36508989E-01  7.13825914E-01  4.16961552E-01  1.17993888E-01  2.63941806E-02  7.69319873E-02  3.34213760E-01  6.60956671E-01  6.02923782E-01  2.51569487E-01  6.15210772E-02  3.84418602E-02  1.83396615E-01  5.04453156E-01  6.82619014E-01  4.28659902E-01  1.42098227E-01  3.62172780E-02  8.70040598E-02  3.43646902E-01  6.21363105E-01  5.66755683E-01  2.84957948E-01  8.10046243E-02  4.14527395E-02  1.89680606E-01  4.92422268E-01  6.26702655E-01  4.37393360E-01  1.79057669E-01  4.80290115E-02  9.11646776E-02  3.19151637E-01  5.71690909E-01  5.64434482E-01  3.22087992E-01  1.07388855E-01  5.76328694E-02  1.83905770E-01  4.41657867E-01  5.85613928E-01  4.63296147E-01  2.18826028E-01  7.02568723E-02  9.38332126E-02  2.97468996E-01  5.42889000E-01  5.54700534E-01  3.42541809E-01  1.35796931E-01  6.24230381E-02  1.60834707E-01  4.18856334E-01  5.81654902E-01  4.70703248E-01  2.42414143E-01  8.73404170E-02  8.47049818E-02  2.62987074E-01  5.03076109E-01  5.55952993E-01  3.84130426E-01  1.66896721E-01  6.57956768E-02  1.40262346E-01  3.74636473E-01  5.53977158E-01  5.05301718E-01  2.89129685E-01  1.05233950E-01  7.63203690E-02  2.29738509E-01  4.68316532E-01  5.59876382E-01  4.27335371E-01  1.99928925E-01  6.84316537E-02  1.21938003E-01  3.39991019E-01  5.27583006E-01  5.16195810E-01  3.33945569E-01  1.27972705E-01  6.94442607E-02
  5.68863974E-02  1.86967988E-01  4.57168541E-01  6.14459762E-01  4.54401656E-01  1.89827883E-01  6.02194448E-02  9.03105256E-02  2.94666874E-01  5.63924090E-01  5.74184696E-01  3.29695319E-01  1.19598000E-01  4.93339803E-02  1.51390323E-01  4.31323085E-01  6.17737063E-01  4.79685810E-01  2.23015033E-01  6.74783156E-02  6.41381726E-02  2.52239827E-01  5.50785608E-01  6.02735839E-01  3.68220867E-01  1.35975696E-01  4.63050779E-02  1.19199647E-01  3.84314347E-01  6.13051959E-01  5.26176750E-01  2.54625498E-01  7.47107165E-02  5.77246592E-02  2.15025818E-01  4.97180337E-01  6.11321870E-01  4.22649995E-01  1.66184542E-01  4.79037110E-02  9.72729548E-02  3.19307278E-01  5.79550244E-01  5.73712759E-01  3.10566646E-01  9.55353948E-02  4.54393631E-02  1.67935579E-01  4.38792518E-01  6.38919666E-01  4.76731814E-01  1.94906605E-01  5.41622833E-02  6.84050845E-02  2.64441174E-01  5.59326492E-01  6.11203497E-01  3.58932928E-01  1.14262390E-01  3.61547481E-02  1.22435108E-01  3.93800873E-01  6.37587931E-01  5.38641312E-01  2.31891965E-01  5.48855145E-02  4.80879459E-02  2.14515686E-01  5.34865050E-01  6.55453590E-01  4.03626987E-01  1.25708656E-01  3.02285600E-02  8.54553059E-02  3.38973875E-01  6.63730096E-01  5.94407215E-01  2.52282990E-01  5.43299142E-02  2.69079880E-02  1.55069714E-01  4.97658779E-01  7.18069733E-01  4.61785317E-01  1.30202305E-01  1.69366027E-02  5.00895974E-02  2.82610710E-01  6.72584723E-01  6.80516583E-01  2.71560206E-01  3.84763621E-02  1.03667183E-02  1.00940192E-01  4.44205322E-01  7.95036863E-01  5.46792153E-01  1.00988806E-01  2.52563436E-03  0.00000000E+00  8.04285231E-07  2.14438528E-03  9.23431510E-02  5.21994306E-01  7.98224567E-01  4.56248939E-01  1.14960170E-01  1.41549196E-02  2.75368854E-02  2.35000849E-01  6.51939150E-01  6.96450528E-01  3.16376588E-01  6.62213965E-02  1.32045941E-02  9.14448537E-02  4.00218998E-01  7.09874925E-01  5.54604461E-01  2.01613378E-01  3.43457855E-02  2.91776273E-02  1.93654618E-01  5.56894619E-01  6.89741967E-01  4.02967419E-01  1.12414965E-01  2.19819018E-02  7.54017941E-02  3.38749515E-01  6.46291334E-01  5.88906869E-01  2.70794151E-01  6.68540294E-02  3.11806728E-02  1.60490954E-01  4.77204322E-01  6.62893532E-01  4.59844344E-01  1.75680953E-01  4.30301893E-02  7.06949918E-02  2.88238776E-01  5.70677691E-01  5.96089994E-01  3.44041837E-01  1.11586908E-01  4.15654608E-02  1.44953950E-01  4.06134194E-01  6.02162026E-01  5.13341448E-01  2.40465395E-01  6.50576136E-02  6.12052482E-02  2.22023171E-01  4.97022304E-01  6.21936522E-01  4.11611877E-01  1.54214240E-01  4.59242220E-02  1.01659848E-01  3.26480144E-01  5.80596726E-01  5.66579965E-01  3.10925625E-01  9.23154478E-02  4.44377063E-02  1.72468083E-01  4.50694348E-01  6.21832001E-01  4.72578074E-01  1.97567323E-01  5.32940306E-02  7.50009920E-02  2.75380632E-01  5.55883632E-01  5.95034951E-01  3.52213697E-01  1.18802902E-01  4.25534626E-02  1.35851836E-01  4.01144033E-01  6.16659089E-01  5.12007961E-01  2.37445322E-01  7.13333619E-02  6.12918966E-02  2.35557057E-01  5.12168299E-01  5.99270156E-01  4.00012064E-01  1.58858701E-01  5.14289468E-02  1.11988461E-01  3.48456005E-01  5.80186129E-01  5.43599123E-01  2.96486167E-01  9.54104982E-02
  6.56583342E-02  1.93277238E-01  4.48567472E-01  5.90844650E-01  4.46973186E-01  2.10408279E-01  7.20268805E-02  9.63785820E-02  2.97997309E-01  5.49182399E-01  5.62808691E-01  3.40071760E-01  1.23298460E-01  6.02343813E-02  1.62424512E-01  4.17194366E-01  5.99973220E-01  4.87741292E-01  2.27797999E-01  6.82415106E-02  7.88781458E-02  2.63640212E-01  5.31226725E-01  5.95618659E-01  3.71654086E-01  1.32604039E-01  4.62920738E-02  1.33107207E-01  3.92118568E-01  6.20135787E-01  5.09960775E-01  2.47502127E-01  7.10181163E-02  5.53510954E-02  2.31136332E-01  5.30811432E-01  6.07265192E-01  3.93469336E-01  1.51947099E-01  4.22381870E-02  9.80203663E-02  3.52970970E-01  6.04764962E-01  5.55871529E-01  2.85754105E-01  8.23687405E-02  4.52292826E-02  1.81495422E-01  4.69133156E-01  6.30529228E-01  4.58141118E-01  1.81280986E-01  4.82896027E-02  7.41847102E-02  2.89811894E-01  5.76714903E-01  5.96463687E-01  3.35952714E-01  1.07175266E-01  3.82311692E-02  1.39040677E-01  4.22915810E-01  6.42284031E-01  5.08258219E-01  2.15472620E-01  5.04312638E-02  5.10695716E-02  2.40473834E-01  5.57557629E-01  6.35086427E-01  3.83941948E-01  1.16723679E-01  2.60818104E-02  1.02163027E-01  3.74177570E-01  6.47110412E-01  5.66570465E-01  2.47547179E-01  5.07680700E-02  3.44854204E-02  1.83861195E-01  5.17404036E-01  6.89813657E-01  4.42926637E-01  1.21895104E-01  1.66977628E-02  6.14028348E-02  3.00260675E-01  6.72324425E-01  6.58230090E-01  2.65563679E-01  3.61383195E-02  1.45553104E-02  1.07983533E-01  4.41590005E-01  7.94282351E-01  5.38084897E-01  1.00928245E-01  2.88739373E-03  2.28410282E-06  2.76969949E-06  2.44273107E-03  9.67666276E-02  5.17310766E-01  7.78826619E-01  4.65848292E-01  1.23014872E-01  1.60753538E-02  3.11197679E-02  2.41888971E-01  6.28995390E-01  6.80144852E-01  3.30762459E-01  7.71615436E-02  1.75821063E-02  9.60179275E-02  3.93127207E-01  6.82690799E-01  5.52459745E-01  2.19325434E-01  4.66413257E-02  3.78573137E-02  1.96019564E-01  5.21298485E-01  6.68403088E-01  4.19038429E-01  1.36749614E-01  3.11749821E-02  8.17932186E-02  3.18372802E-01  6.09806193E-01  5.89028249E-01  2.99329517E-01  8.30898336E-02  3.89463631E-02  1.55161443E-01  4.44521750E-01  6.40954521E-01  4.78110346E-01  1.99889572E-01  5.38215019E-02  6.73452251E-02  2.66720496E-01  5.58926148E-01  6.00834759E-01  3.55842213E-01  1.21608908E-01  4.15685851E-02  1.22228061E-01  3.91431089E-01  6.24603294E-01  5.20130104E-01  2.43361228E-01  7.30909127E-02  5.02078354E-02  2.13147602E-01  5.10745463E-01  6.24179710E-01  4.02164232E-01  1.60676292E-01  5.27918031E-02  9.58739391E-02  3.30415383E-01  5.92681015E-01  5.52738082E-01  2.91282515E-01  1.05737181E-01  5.29901604E-02  1.69727778E-01  4.46615050E-01  6.17060845E-01  4.54185106E-01  2.05569236E-01  7.35223204E-02  8.09142706E-02  2.68132737E-01  5.44379201E-01  5.76666271E-01  3.49512083E-01  1.41976972E-01  6.37036817E-02  1.42032420E-01  3.86721215E-01  5.88450461E-01  5.04905929E-01  2.55427190E-01  9.07058417E-02  7.81809189E-02  2.27398569E-01  4.82521614E-01  5.89225833E-01  4.09521346E-01  1.71817822E-01  6.75758475E-02  1.19892665E-01  3.33245278E-01  5.62948417E-01  5.38479183E-01  3.01518227E-01  1.14119460E-01
  1.69337854E-01  3.36802021E-01  4.65455889E-01  4.92928742E-01  3.45394404E-01  1.44003240E-01  1.04811997E-01  2.30479946E-01  3.91616000E-01  4.96457118E-01  4.50466719E-01  2.55229827E-01  1.06589817E-01  1.35237774E-01  2.95018290E-01  4.55139187E-01  5.07485124E-01  3.82269983E-01  1.69692867E-01  9.11951065E-02  1.98927916E-01  3.72352209E-01  5.00648793E-01  4.83379008E-01  2.82404521E-01  1.02249783E-01  1.09024359E-01  2.69620336E-01  4.41441350E-01  5.39953851E-01  4.22126418E-01  1.74948895E-01  7.40105201E-02  1.64233608E-01  3.40104985E-01  5.13591464E-01  5.24637149E-01  3.11279116E-01  1.04221535E-01  8.47865527E-02  2.24878581E-01  4.29582494E-01  5.57542662E-01  4.53529980E-01  2.07337306E-01  6.91583384E-02  1.18213314E-01  3.06987736E-01  5.12048517E-01  5.55989930E-01  3.53103230E-01  1.18526772E-01  5.71542767E-02  1.70410136E-01  3.97240430E-01  5.74269972E-01  5.13680663E-01  2.44004934E-01  6.04358865E-02  6.69436045E-02  2.37516605E-01  4.90712764E-01  6.16771189E-01  4.22912920E-01  1.40750444E-01  4.01457100E-02  1.06980906E-01  3.27079476E-01  5.90813821E-01  5.87879150E-01  2.91716588E-01  7.27896450E-02  4.03359114E-02  1.61258915E-01  4.47351272E-01  6.47075547E-01  4.99454786E-01  1.79034469E-01  3.47775788E-02  6.18619017E-02  2.40764824E-01  5.51963661E-01  6.75834814E-01  3.73731336E-01  8.07156115E-02  1.93268617E-02  8.47428181E-02  3.40670760E-01  6.92820171E-01  6.22974044E-01  2.20160342E-01  2.58965506E-02  1.62454364E-02  1.26385308E-01  4.72461374E-01  7.82069745E-01  5.07298383E-01  9.32933229E-02  2.22952834E-03  6.66741150E-07  0.00000000E+00  3.21171014E-03  1.15824561E-01  5.83804659E-01  7.88726849E-01  4.07673740E-01  9.13890020E-02  1.07919263E-02  4.66147029E-02  3.18126764E-01  6.97769390E-01  6.22541852E-01  2.53389442E-01  5.52390537E-02  2.39414854E-02  1.59261431E-01  4.99359496E-01  6.80263957E-01  4.56945659E-01  1.56920052E-01  3.30160306E-02  7.33714217E-02  3.09200577E-01  5.94134606E-01  5.91856712E-01  3.18574724E-01  9.59712256E-02  4.07100253E-02  1.61843774E-01  4.40690437E-01  6.21668745E-01  4.82703185E-01  2.09841298E-01  5.62521579E-02  7.98536233E-02  2.86418681E-01  5.44882077E-01  5.73843961E-01  3.54828395E-01  1.32441642E-01  5.34025963E-02  1.63555370E-01  4.15307800E-01  5.74126623E-01  4.73625396E-01  2.51086662E-01  8.89195189E-02  8.77805629E-02  2.66757872E-01  5.10052637E-01  5.51290577E-01  3.71525648E-01  1.70760445E-01  7.15148539E-02  1.48820499E-01  3.76699523E-01  5.48561317E-01  4.81528873E-01  2.83174643E-01  1.20077396E-01  8.90892316E-02  2.32563151E-01  4.63243876E-01  5.36579438E-01  4.07692085E-01  2.08626946E-01  9.18613971E-02  1.39014611E-01  3.30539358E-01  5.02521381E-01  5.00572244E-01  3.28864594E-01  1.51323932E-01  9.53154406E-02  2.13896039E-01  4.09310896E-01  5.06674620E-01  4.37208463E-01  2.59329186E-01  1.19123596E-01  1.34518955E-01  2.97201219E-01  4.59359082E-01  4.89579232E-01  3.70937726E-01  1.91270142E-01  1.03270744E-01  1.94204470E-01  3.77543095E-01  4.80188363E-01  4.58035240E-01  3.05663155E-01  1.31500186E-01  1.18824752E-01  2.75878639E-01  4.24614876E-01  4.91729581E-01  4.13607646E-01  2.18902742E-01  9.99536345E-02
  8.84855746E-02  2.49484091E-01  5.11426278E-01  6.04977194E-01  3.82108908E-01  1.31473931E-01  5.55675248E-02  1.38932125E-01  3.63064783E-01  5.84726621E-01  5.40263958E-01  2.65931834E-01  7.32715863E-02  7.42345828E-02  2.20547224E-01  4.56241476E-01  6.03055549E-01  4.44103078E-01  1.64211517E-01  5.44097495E-02  1.17558993E-01  3.08812646E-01  5.43678519E-01  5.67706763E-01  3.23328723E-01  1.03763875E-01  6.02570687E-02  1.76446365E-01  4.14303851E-01  5.91346613E-01  4.87852279E-01  2.18247957E-01  6.75691926E-02  8.64317630E-02  2.62077593E-01  5.30084568E-01  5.96716407E-01  3.64401626E-01  1.31749269E-01  5.30152513E-02  1.43071439E-01  3.78256940E-01  5.92111878E-01  5.19899667E-01  2.59894317E-01  7.77323523E-02  6.75572750E-02  2.23133300E-01  4.82627286E-01  6.09914036E-01  4.28052409E-01  1.60402173E-01  4.57307919E-02  1.03547820E-01  3.11073941E-01  5.71479299E-01  5.81242236E-01  3.15792312E-01  9.19057367E-02  5.20175757E-02  1.63150317E-01  4.09428458E-01  6.16262877E-01  5.08405086E-01  2.12697879E-01  5.51385998E-02  7.40706357E-02  2.44396168E-01  5.24539930E-01  6.27139623E-01  3.86207083E-01  1.19194741E-01  4.18339808E-02  1.10372415E-01  3.58846627E-01  6.35652988E-01  5.62224916E-01  2.48222136E-01  5.97658539E-02  4.18339092E-02  1.84375482E-01  5.03479338E-01  6.79421121E-01  4.43586239E-01  1.31935924E-01  2.24902342E-02  6.60254563E-02  2.97532241E-01  6.57729006E-01  6.60281369E-01  2.72852789E-01  3.59188961E-02  1.39446782E-02  1.10253776E-01  4.44284561E-01  7.88842207E-01  5.41185726E-01  9.93986461E-02  2.51909763E-03  0.00000000E+00  1.56574613E-05  2.81701886E-03  1.00400366E-01  5.44361077E-01  7.94080513E-01  4.37862068E-01  1.08356575E-01  1.26730597E-02  3.59377209E-02  2.63087616E-01  6.67236771E-01  6.71661176E-01  2.95066486E-01  6.03484009E-02  1.86502374E-02  1.14667767E-01  4.42412144E-01  7.15470144E-01  5.06855355E-01  1.74944930E-01  3.36274133E-02  4.58201378E-02  2.46868544E-01  5.83308341E-01  6.39615882E-01  3.63447809E-01  1.05434535E-01  2.81497175E-02  1.10852195E-01  3.89781511E-01  6.38639984E-01  5.41844753E-01  2.41957362E-01  5.92856798E-02  4.66464939E-02  2.06339930E-01  5.16027443E-01  6.35989024E-01  4.09959541E-01  1.51706162E-01  4.64319777E-02  9.33771623E-02  3.30837558E-01  6.01117603E-01  5.55457457E-01  2.93997770E-01  9.82037224E-02  5.78003862E-02  1.85016615E-01  4.58721886E-01  6.06016885E-01  4.53454609E-01  1.96202574E-01  6.75739166E-02  9.72839941E-02  2.99934310E-01  5.38189890E-01  5.67401327E-01  3.42607960E-01  1.24467906E-01  5.94579297E-02  1.68021040E-01  4.11143370E-01  5.92078720E-01  4.97533404E-01  2.27860815E-01  6.88712312E-02  8.71766466E-02  2.56757939E-01  5.03668642E-01  6.01232072E-01  3.85830445E-01  1.38510054E-01  5.57358559E-02  1.38266173E-01  3.55580838E-01  5.82220836E-01  5.44975762E-01  2.72668443E-01  7.77313681E-02  7.03812189E-02  2.10415719E-01  4.50791623E-01  6.08059620E-01  4.56126720E-01  1.72295581E-01  5.58801372E-02  1.12548426E-01  2.91166722E-01  5.37041778E-01  5.89410277E-01  3.39883401E-01  1.01172466E-01  6.19636783E-02  1.71134083E-01  3.94520229E-01  6.01368659E-01  5.08744987E-01  2.18959056E-01  6.37602780E-02
  6.27375591E-02  2.54556336E-01  5.41633059E-01  6.02848858E-01  3.80775681E-01  1.34179585E-01  4.08272066E-02  1.21401278E-01  3.77796994E-01  6.05326885E-01  5.29257844E-01  2.64204568E-01  7.89825115E-02  5.37333634E-02  2.05757526E-01  4.85787623E-01  6.12555452E-01  4.30386521E-01  1.77509710E-01  5.01774144E-02  9.47983078E-02  3.15313193E-01  5.60803231E-01  5.65922531E-01  3.28381055E-01  1.08262919E-01  4.98195612E-02  1.75051351E-01  4.32381539E-01  5.84955853E-01  4.81184931E-01  2.30977804E-01  6.66948213E-02  7.92471942E-02  2.73143345E-01  5.18423983E-01  5.72310749E-01  3.84173206E-01  1.42573306E-01  5.16899547E-02  1.39530500E-01  3.74726547E-01  5.68937035E-01  5.31601367E-01  2.74855845E-01  8.02483874E-02  6.71093502E-02  2.23048396E-01  4.78441470E-01  5.97447041E-01  4.31283161E-01  1.71347187E-01  5.25668901E-02  1.04357421E-01  3.18496258E-01  5.70971517E-01  5.71741810E-01  3.10344399E-01  9.65499790E-02  5.18681389E-02  1.73195988E-01  4.38545015E-01  6.23018372E-01  4.78750309E-01  1.98400246E-01  5.34212982E-02  7.46361438E-02  2.60027568E-01  5.47855044E-01  6.26484523E-01  3.60783527E-01  1.09983906E-01  3.72020808E-02  1.19212129E-01  3.76564680E-01  6.51413248E-01  5.52442522E-01  2.29081951E-01  5.01292986E-02  4.50147647E-02  1.97020652E-01  5.25137758E-01  6.85645476E-01  4.19138957E-01  1.15682355E-01  2.17070198E-02  7.46348424E-02  3.18230750E-01  6.72097628E-01  6.40393578E-01  2.49955880E-01  3.40477565E-02  1.83513974E-02  1.24528493E-01  4.54283918E-01  7.79637070E-01  5.24276513E-01  9.65302195E-02  2.43814143E-03  3.64763481E-06  1.35640692E-06  2.61746209E-03  1.04171428E-01  5.51679030E-01  8.01158573E-01  4.35070194E-01  9.61189899E-02  1.02815644E-02  3.68160914E-02  2.69263178E-01  6.81909033E-01  6.77469348E-01  2.79658992E-01  5.03079777E-02  1.55173134E-02  1.12967873E-01  4.47848885E-01  7.36694271E-01  5.10486492E-01  1.55692602E-01  2.57732161E-02  4.06358066E-02  2.33945183E-01  6.09243180E-01  6.79217317E-01  3.39766808E-01  8.40949741E-02  2.25833686E-02  9.75042113E-02  3.86467715E-01  6.82277004E-01  5.48401566E-01  2.22067494E-01  4.97278205E-02  3.72747586E-02  2.00837765E-01  5.24847780E-01  6.60224467E-01  4.18520967E-01  1.37576449E-01  3.03553053E-02  8.32771341E-02  3.22950992E-01  6.16437526E-01  5.91612640E-01  2.93227919E-01  7.79052311E-02  3.76617928E-02  1.61924430E-01  4.53178538E-01  6.46754503E-01  4.82027022E-01  1.85746051E-01  4.39280811E-02  6.91068427E-02  2.73668421E-01  5.68692277E-01  6.17669363E-01  3.46978677E-01  1.02518756E-01  3.83924745E-02  1.34574097E-01  4.02712044E-01  6.40179834E-01  5.23593452E-01  2.21178828E-01  5.49994226E-02  5.80741038E-02  2.35404787E-01  5.31712189E-01  6.36136861E-01  3.96569977E-01  1.23071254E-01  3.48590162E-02  1.05319663E-01  3.57766364E-01  6.31493752E-01  5.66724681E-01  2.55827894E-01  6.43478524E-02  3.78246166E-02  1.83511408E-01  4.99013507E-01  6.48397937E-01  4.39839944E-01  1.61687022E-01  3.89521757E-02  7.26987915E-02  3.07350644E-01  6.05361602E-01  5.84560607E-01  3.11363061E-01  9.85969437E-02  3.63870819E-02  1.43591582E-01  4.39444661E-01  6.33753655E-01  4.86483680E-01  2.15909187E-01  5.80711710E-02
  6.74908662E-02  2.72632576E-01  5.66443920E-01  6.25081370E-01  3.50409089E-01  1.00368739E-01  3.43009035E-02  1.25482382E-01  3.95180134E-01  6.45524409E-01  5.38227273E-01  2.21974285E-01  5.27290931E-02  4.82090862E-02  2.19789437E-01  5.38243410E-01  6.50900022E-01  4.02362405E-01  1.24446598E-01  2.88990088E-02  9.31538735E-02  3.34827283E-01  6.32551820E-01  5.95637313E-01  2.70587307E-01  5.92835453E-02  3.42730341E-02  1.67790850E-01  4.73346516E-01  6.83053736E-01  4.71079095E-01  1.51078988E-01  2.90826292E-02  6.78699109E-02  2.73637549E-01  5.91699211E-01  6.44538426E-01  3.27373933E-01  8.05342429E-02  2.79468503E-02  1.21789291E-01  4.10938393E-01  6.81249467E-01  5.28694206E-01  1.97430866E-01  4.13741216E-02  4.36223033E-02  2.12472724E-01  5.55849356E-01  6.70132179E-01  3.87367514E-01  1.11359839E-01  2.76981836E-02  8.67638023E-02  3.36476889E-01  6.52655684E-01  5.85684012E-01  2.57748003E-01  6.23738345E-02  3.32870330E-02  1.57023007E-01  4.73649406E-01  6.78934456E-01  4.74880472E-01  1.60884224E-01  3.34663205E-02  6.40040761E-02  2.64170383E-01  5.90708681E-01  6.45131029E-01  3.36719654E-01  8.50212274E-02  2.78389212E-02  1.21890641E-01  4.04078555E-01  6.72913302E-01  5.38156147E-01  2.04639312E-01  3.97578593E-02  4.04883824E-02  2.02262250E-01  5.42660356E-01  6.99703886E-01  4.03354593E-01  1.00912396E-01  1.94456262E-02  7.25616808E-02  3.16299295E-01  6.85320212E-01  6.43009552E-01  2.40510760E-01  3.38092224E-02  1.69433038E-02  1.19149993E-01  4.55416872E-01  7.84117016E-01  5.23664509E-01  9.86077089E-02  2.38779597E-03  2.85290935E-06  2.92423208E-06  2.93585768E-03  9.96371634E-02  5.33770976E-01  7.82434887E-01  4.48882301E-01  1.16622904E-01  1.60798529E-02  3.59622952E-02  2.57744936E-01  6.47014127E-01  6.68222388E-01  3.13831600E-01  7.07541844E-02  1.60662660E-02  1.04419620E-01  4.16629626E-01  7.08700090E-01  5.32148793E-01  1.92533205E-01  3.53903582E-02  3.81205746E-02  2.18836887E-01  5.64881399E-01  6.74297159E-01  3.82256633E-01  1.05634728E-01  2.62127272E-02  9.52450560E-02  3.67237189E-01  6.45690217E-01  5.65394441E-01  2.54740644E-01  5.83063882E-02  3.77448287E-02  1.93313494E-01  5.03573465E-01  6.52652189E-01  4.35801516E-01  1.51578515E-01  3.39381382E-02  8.02799417E-02  3.11313212E-01  6.10476989E-01  6.02833438E-01  3.03274445E-01  7.72899144E-02  3.33080197E-02  1.51910861E-01  4.55275618E-01  6.59452758E-01  4.91550146E-01  1.80091739E-01  4.00416881E-02  6.35983211E-02  2.67674094E-01  5.81328956E-01  6.38353372E-01  3.39885028E-01  9.32867655E-02  2.91650248E-02  1.19558423E-01  4.05944500E-01  6.68753154E-01  5.32913195E-01  2.10079347E-01  4.63996462E-02  4.70925466E-02  2.26570928E-01  5.59782983E-01  6.55217097E-01  3.82385621E-01  1.11504589E-01  2.80183157E-02  9.78463566E-02  3.70867623E-01  6.53266706E-01  5.64573321E-01  2.42781497E-01  5.61567745E-02  3.94213765E-02  1.90099460E-01  5.11443643E-01  6.62906687E-01  4.28548101E-01  1.44634284E-01  3.57054086E-02  8.41737172E-02  3.21462794E-01  6.00825008E-01  5.97402997E-01  3.01030614E-01  7.83332234E-02  3.76662132E-02  1.64821666E-01  4.47957228E-01  6.42951335E-01  4.83641115E-01  1.89171301E-01  4.49555749E-02
  3.73385299E-02  1.22899731E-01  3.78166760E-01  6.23710915E-01  5.45895174E-01  2.44718655E-01  6.23860552E-02  5.73690366E-02  2.21818952E-01  4.97473217E-01  6.21211880E-01  4.30796841E-01  1.47616014E-01  4.17380787E-02  1.12560931E-01  3.36904486E-01  5.82245272E-01  5.70736904E-01  2.91921781E-01  8.27838000E-02  5.97611876E-02  1.94611964E-01  4.46305773E-01  6.17538561E-01  4.68597963E-01  1.83906478E-01  5.37128735E-02  9.90639757E-02  2.90558001E-01  5.45024907E-01  5.98961781E-01  3.42163268E-01  9.99860707E-02  5.24171135E-02  1.63424274E-01  3.99156792E-01  6.11896597E-01  5.20580233E-01  2.16768006E-01  5.17766671E-02  7.94684507E-02  2.51166700E-01  5.21675438E-01  6.24403934E-01  3.81136166E-01  1.17102035E-01  4.19228011E-02  1.28835314E-01  3.73202067E-01  6.09529712E-01  5.53897706E-01  2.50179371E-01  5.79126396E-02  5.21672956E-02  2.14948834E-01  5.00733483E-01  6.55527384E-01  4.26526822E-01  1.33302027E-01  2.89359085E-02  9.00445463E-02  3.28225209E-01  6.40787794E-01  6.02405005E-01  2.72872369E-01  5.25355819E-02  3.08620195E-02  1.64971203E-01  4.81786873E-01  7.00450400E-01  4.72469549E-01  1.34625701E-01  2.27639404E-02  6.52865583E-02  2.82762865E-01  6.31876489E-01  6.55551161E-01  2.99619439E-01  5.47876672E-02  2.54488007E-02  1.34858472E-01  4.51221148E-01  7.23655501E-01  5.11996199E-01  1.39064196E-01  1.86090240E-02  4.23454257E-02  2.48092728E-01  6.43062911E-01  7.15435864E-01  3.05853883E-01  4.09992994E-02  9.54857893E-03  8.81164493E-02  4.07436201E-01  7.97087747E-01  5.83254115E-01  1.12941905E-01  2.96397127E-03  0.00000000E+00  1.98596584E-06  2.39794342E-03  9.06553687E-02  5.02484719E-01  7.76621569E-01  4.69371469E-01  1.36775205E-01  2.09798811E-02  2.73880136E-02  2.21190366E-01  6.14819498E-01  6.86027958E-01  3.54035869E-01  8.57747198E-02  1.77692639E-02  8.08866234E-02  3.63935329E-01  6.73446092E-01  5.85072957E-01  2.38388278E-01  4.93650702E-02  2.63239772E-02  1.62783386E-01  4.90198872E-01  6.92939174E-01  4.64977575E-01  1.42912060E-01  2.61128856E-02  5.76722274E-02  2.63761861E-01  5.94740473E-01  6.48545197E-01  3.38054802E-01  8.46916236E-02  2.63247495E-02  1.16304145E-01  3.84720751E-01  6.49846832E-01  5.49022877E-01  2.31357104E-01  5.02547277E-02  4.27240831E-02  1.95837223E-01  4.92694790E-01  6.55423562E-01  4.47185748E-01  1.45673877E-01  3.10924467E-02  7.88425129E-02  2.87829615E-01  5.82701631E-01  6.26436791E-01  3.28081529E-01  8.05305011E-02  3.11822841E-02  1.29460203E-01  3.97614855E-01  6.60123682E-01  5.28095679E-01  2.12577039E-01  4.84845426E-02  5.06494660E-02  2.15181192E-01  5.28608224E-01  6.51766324E-01  4.07487560E-01  1.25424776E-01  3.19859107E-02  9.66986628E-02  3.40033348E-01  6.26199165E-01  5.79207544E-01  2.75279773E-01  6.52830277E-02  3.62177832E-02  1.71723046E-01  4.80652997E-01  6.58718307E-01  4.64160902E-01  1.63465097E-01  3.34137925E-02  6.75562690E-02  2.92155297E-01  6.01663329E-01  6.19428180E-01  3.19048391E-01  8.47790613E-02  3.11964617E-02  1.41141848E-01  4.27314036E-01  6.63242668E-01  5.06734327E-01  1.98955685E-01  4.54882442E-02  6.25878790E-02  2.54382475E-01  5.51520809E-01  6.26317633E-01  3.74030766E-01  1.13017289E-01
  7.23665967E-02  1.91853746E-01  4.17134452E-01  5.81445563E-01  4.78895648E-01  2.10649058E-01  6.72822946E-02  9.72338203E-02  2.82927812E-01  5.20140496E-01  5.76803996E-01  3.63166137E-01  1.27959131E-01  5.69501005E-02  1.60057008E-01  3.96789942E-01  5.77743636E-01  5.14528343E-01  2.45221785E-01  6.96015167E-02  7.01736849E-02  2.52354434E-01  5.14498498E-01  5.95474846E-01  3.99574860E-01  1.43019108E-01  4.21170773E-02  1.23251516E-01  3.68852343E-01  6.03548037E-01  5.46869757E-01  2.69158584E-01  6.84144244E-02  4.83955977E-02  2.09540990E-01  5.00481070E-01  6.38218944E-01  4.35078584E-01  1.48779345E-01  3.22581454E-02  8.83973132E-02  3.25448695E-01  6.20994735E-01  5.96267656E-01  2.83135191E-01  6.88132816E-02  3.64984582E-02  1.70958995E-01  4.77279743E-01  6.64862869E-01  4.58026828E-01  1.63853134E-01  3.82274773E-02  6.75684117E-02  2.84493571E-01  5.96756467E-01  6.16198045E-01  3.25290802E-01  9.24893220E-02  3.26823174E-02  1.27404690E-01  4.21353805E-01  6.70187937E-01  5.14087324E-01  2.03073829E-01  4.62696789E-02  4.58097890E-02  2.22770293E-01  5.62895723E-01  6.68606012E-01  3.79742321E-01  1.06042615E-01  2.61390139E-02  9.61720046E-02  3.71067754E-01  6.73555449E-01  5.69540594E-01  2.29144442E-01  4.55719263E-02  3.19312079E-02  1.81291387E-01  5.24091679E-01  7.08672653E-01  4.32723336E-01  1.11879896E-01  1.61403995E-02  5.74822840E-02  2.96188522E-01  6.76015805E-01  6.74885104E-01  2.57219260E-01  3.24750041E-02  1.17221350E-02  1.06538861E-01  4.44755319E-01  8.00132403E-01  5.34948425E-01  9.95336879E-02  2.90080365E-03  4.99258810E-06  8.09371109E-06  2.60100644E-03  9.83470794E-02  5.14923484E-01  7.79211523E-01  4.57780630E-01  1.26682986E-01  2.00158355E-02  3.30518349E-02  2.34862671E-01  6.16437623E-01  6.66108948E-01  3.46963143E-01  9.20632145E-02  2.07437197E-02  9.52328921E-02  3.80523254E-01  6.65352428E-01  5.50371673E-01  2.41286196E-01  5.54689074E-02  4.27893832E-02  2.10731249E-01  5.11175743E-01  6.23956725E-01  4.25701888E-01  1.58337600E-01  3.99398910E-02  1.02281393E-01  3.37599423E-01  5.72831831E-01  5.65615936E-01  3.07966851E-01  9.27094358E-02  5.28667793E-02  1.92191526E-01  4.47304354E-01  5.98125426E-01  4.70450631E-01  2.01876311E-01  5.51591250E-02  9.71541808E-02  2.94748809E-01  5.13227191E-01  5.76420248E-01  3.66550825E-01  1.26763461E-01  5.39775971E-02  1.57717837E-01  3.71781100E-01  5.62250953E-01  5.24004869E-01  2.69990411E-01  8.19972552E-02  7.83568667E-02  2.26285536E-01  4.50753089E-01  5.85972741E-01  4.43234361E-01  1.77939645E-01  6.12260433E-02  1.23961168E-01  3.13307293E-01  5.23578850E-01  5.63472510E-01  3.35585914E-01  1.08157537E-01  6.88418955E-02  1.85597769E-01  3.97069241E-01  5.74132785E-01  4.94380083E-01  2.26672803E-01  7.68294866E-02  1.06089220E-01  2.65315655E-01  4.77311238E-01  5.71995936E-01  3.94620805E-01  1.47590010E-01  6.63997282E-02  1.60313037E-01  3.58439585E-01  5.37598059E-01  5.27040517E-01  2.79417583E-01  8.94549062E-02  9.08652353E-02  2.37649261E-01  4.46024822E-01  5.77900166E-01  4.32578727E-01  1.74758134E-01  6.79449452E-02  1.37126007E-01  3.17975583E-01  5.31852140E-01  5.47662501E-01  3.20800508E-01  1.07664085E-01
  1.13860998E-01  3.10274831E-01  5.42487017E-01  5.57672716E-01  3.25098136E-01  1.15001646E-01  6.66536929E-02  1.85617881E-01  4.20754958E-01  5.86144694E-01  4.68537893E-01  2.17841975E-01  7.47261369E-02  9.86080097E-02  2.82334003E-01  5.13826879E-01  5.62647678E-01  3.67062038E-01  1.40016788E-01  6.21634852E-02  1.58465279E-01  3.85326552E-01  5.66446848E-01  5.10787509E-01  2.62171657E-01  8.19868287E-02  7.96292983E-02  2.37596461E-01  4.87655734E-01  5.95096568E-01  4.05589300E-01  1.61255088E-01  5.57832487E-02  1.24233288E-01  3.43378877E-01  5.81327180E-01  5.44095011E-01  2.86332001E-01  8.87270780E-02  6.02146290E-02  1.94670466E-01  4.51595524E-01  6.11582163E-01  4.57554906E-01  1.84485677E-01  5.47662589E-02  8.74491021E-02  2.81964502E-01  5.38404999E-01  5.89891427E-01  3.56505095E-01  1.19348271E-01  4.50872342E-02  1.36260529E-01  3.80953631E-01  6.06326366E-01  5.31354928E-01  2.50397501E-01  6.74925352E-02  5.46642694E-02  2.08345533E-01  4.81870220E-01  6.33088903E-01  4.36365036E-01  1.57216503E-01  4.31236808E-02  8.96631463E-02  3.00393609E-01  5.80986802E-01  6.05807279E-01  3.20657480E-01  8.23535995E-02  3.46828587E-02  1.43223695E-01  4.21917835E-01  6.59515458E-01  5.16280300E-01  1.96823824E-01  3.84140806E-02  4.99472141E-02  2.33044657E-01  5.56710197E-01  6.71321002E-01  3.81654158E-01  9.46976333E-02  1.83615852E-02  8.49032001E-02  3.46986771E-01  6.80758502E-01  6.15973053E-01  2.33503832E-01  2.92915732E-02  1.75492520E-02  1.27805145E-01  4.68829416E-01  7.87154578E-01  5.04116408E-01  9.20972995E-02  2.49220605E-03  5.22824180E-06  2.34302688E-06  3.15729650E-03  1.06671043E-01  5.49969637E-01  7.87606859E-01  4.31299702E-01  1.07841511E-01  1.40633508E-02  3.93991588E-02  2.85586028E-01  6.81303827E-01  6.53690035E-01  2.80099976E-01  5.47341730E-02  1.84747476E-02  1.33629194E-01  4.72497609E-01  7.13936130E-01  4.86602940E-01  1.56423883E-01  2.52930914E-02  5.41470027E-02  2.71305376E-01  6.01711765E-01  6.46781611E-01  3.32738205E-01  8.24112458E-02  2.85572957E-02  1.29660300E-01  4.19453455E-01  6.59137805E-01  5.20399070E-01  2.09711905E-01  4.39830682E-02  5.48822096E-02  2.38562214E-01  5.40714120E-01  6.39499154E-01  3.94353421E-01  1.15926290E-01  3.29632319E-02  1.12979536E-01  3.69333980E-01  6.26856297E-01  5.61918532E-01  2.52823289E-01  5.74113038E-02  5.38556734E-02  2.13222553E-01  4.98739045E-01  6.38084295E-01  4.30591140E-01  1.43068107E-01  4.14360625E-02  1.10231747E-01  3.25624620E-01  5.88476723E-01  5.82799394E-01  2.93277294E-01  7.85549914E-02  5.99037616E-02  1.91803956E-01  4.48189731E-01  6.16979548E-01  4.60986763E-01  1.85625336E-01  5.66145779E-02  9.98064970E-02  2.92972314E-01  5.46596821E-01  5.79272364E-01  3.36673192E-01  1.12530314E-01  6.14250638E-02  1.66830814E-01  4.04286887E-01  5.91389318E-01  4.96886485E-01  2.28203654E-01  7.39814417E-02  8.92428538E-02  2.52858222E-01  4.95679129E-01  5.89084322E-01  3.92075902E-01  1.46880540E-01  6.13622087E-02  1.39510869E-01  3.49670427E-01  5.65719638E-01  5.42077800E-01  2.81220446E-01  8.49365446E-02  7.34204901E-02  2.14593456E-01  4.55961551E-01  5.92167803E-01  4.38654870E-01  1.83254774E-01  6.60854217E-02
  5.17914723E-02  1.41613425E-01  3.95119627E-01  6.00781285E-01  5.02373841E-01  2.47306173E-01  8.24927974E-02  6.88834692E-02  2.40019342E-01  5.15691700E-01  5.86444836E-01  3.91437344E-01  1.64075683E-01  5.70378692E-02  1.17781978E-01  3.59511766E-01  5.78549492E-01  5.24387156E-01  2.89186154E-01  1.01606806E-01  6.05902934E-02  2.14509403E-01  4.85850002E-01  5.90798347E-01  4.20229510E-01  1.86303358E-01  6.23148599E-02  1.07325956E-01  3.40983859E-01  5.77558940E-01  5.35439245E-01  3.01016218E-01  1.11928226E-01  5.93062866E-02  1.94787525E-01  4.66868830E-01  5.97388228E-01  4.38569293E-01  2.01521919E-01  6.36796538E-02  9.34104310E-02  3.03941706E-01  5.62885573E-01  5.62938432E-01  3.31017983E-01  1.18648242E-01  5.66305693E-02  1.65232497E-01  4.27780139E-01  6.01847770E-01  4.78133973E-01  2.25302418E-01  6.79489390E-02  7.83201293E-02  2.60369775E-01  5.31961375E-01  5.96470760E-01  3.73395520E-01  1.34489216E-01  4.82925323E-02  1.22238853E-01  3.62515706E-01  6.09491873E-01  5.51016678E-01  2.60227855E-01  7.01364224E-02  5.30406381E-02  1.97868501E-01  4.96582619E-01  6.54723929E-01  4.33258105E-01  1.43728946E-01  3.54678166E-02  8.46702237E-02  3.22681490E-01  6.33162885E-01  6.05743015E-01  2.77326562E-01  6.21820228E-02  3.42902083E-02  1.64620858E-01  4.79870325E-01  6.95622220E-01  4.74958200E-01  1.37300197E-01  2.05207952E-02  5.61664574E-02  2.76232904E-01  6.46578574E-01  6.86688650E-01  2.86774548E-01  4.03878477E-02  1.17045076E-02  9.78485528E-02  4.30403623E-01  7.97588946E-01  5.55863386E-01  1.04484380E-01  2.98195069E-03  1.09763026E-05  5.51572994E-08  2.71864813E-03  9.71899378E-02  5.12511955E-01  7.77847689E-01  4.59107445E-01  1.29326787E-01  2.07057928E-02  3.09766335E-02  2.33166489E-01  6.14085372E-01  6.72186730E-01  3.46571385E-01  9.20691158E-02  2.02511312E-02  9.16102622E-02  3.70523719E-01  6.54341192E-01  5.66344946E-01  2.49256682E-01  5.62491749E-02  3.18510422E-02  1.72068601E-01  4.93906240E-01  6.61203771E-01  4.48224450E-01  1.62782575E-01  3.62002872E-02  6.57117590E-02  2.78956461E-01  5.90849036E-01  6.20535265E-01  3.32975221E-01  9.51021421E-02  3.02573088E-02  1.16382784E-01  3.96209241E-01  6.56578078E-01  5.35593925E-01  2.23374524E-01  5.22650345E-02  4.57360650E-02  2.04002361E-01  5.24324296E-01  6.52013002E-01  4.12514603E-01  1.37794517E-01  3.63132861E-02  8.72949022E-02  3.16032315E-01  6.04609017E-01  5.88131252E-01  3.01254093E-01  8.45170335E-02  4.09157215E-02  1.57003028E-01  4.47726545E-01  6.42336316E-01  4.80611750E-01  1.94815857E-01  4.92758398E-02  6.99970031E-02  2.63890538E-01  5.43044242E-01  6.08339784E-01  3.69721437E-01  1.21901860E-01  4.23232438E-02  1.30705241E-01  3.80086910E-01  6.07988156E-01  5.30065178E-01  2.57674311E-01  6.75692362E-02  5.50439512E-02  2.18773761E-01  4.94239022E-01  6.14651066E-01  4.22025431E-01  1.62355198E-01  4.74527256E-02  1.05081219E-01  3.28484130E-01  5.80445432E-01  5.55841121E-01  3.05734760E-01  9.87236417E-02  5.17490012E-02  1.76306244E-01  4.38073944E-01  6.15990763E-01  4.65383812E-01  2.05484584E-01  6.05681018E-02  7.85587214E-02  2.75336193E-01  5.45761971E-01  5.88569459E-01  3.54452536E-01  1.27272986E-01
  9.58804126E-02  2.61543206E-01  4.67725581E-01  4.90517408E-01  3.92532651E-01  2.25129971E-01  9.65093208E-02  1.50917095E-01  3.53539096E-01  4.97491816E-01  4.73245545E-01  3.32297728E-01  1.49897499E-01  9.29669989E-02  2.23033379E-01  4.35759681E-01  5.15710302E-01  4.24919195E-01  2.46742569E-01  1.01393499E-01  1.22180561E-01  3.09845535E-01  4.92845127E-01  5.03946073E-01  3.61987123E-01  1.65507223E-01  7.89706199E-02  1.83573204E-01  3.93612640E-01  5.30444648E-01  4.77852816E-01  2.72134335E-01  9.67940331E-02  9.10658757E-02  2.49229689E-01  4.73355014E-01  5.62075885E-01  4.13836087E-01  1.73860019E-01  6.28240992E-02  1.25524954E-01  3.36155823E-01  5.50572436E-01  5.52673840E-01  3.07820776E-01  9.17882861E-02  5.40056989E-02  1.84560368E-01  4.38168393E-01  6.19880605E-01  4.74418894E-01  1.95940342E-01  4.90795544E-02  7.74891074E-02  2.76001233E-01  5.55812732E-01  6.07370461E-01  3.63044944E-01  1.01556036E-01  3.26169936E-02  1.30540609E-01  3.97416473E-01  6.28428193E-01  5.43283057E-01  2.30002940E-01  4.86261746E-02  5.53449176E-02  2.19772330E-01  5.20364903E-01  6.63207036E-01  4.10866914E-01  1.14977039E-01  2.78359764E-02  9.30672193E-02  3.40014719E-01  6.46745224E-01  5.99382586E-01  2.55349872E-01  4.99440091E-02  2.76784820E-02  1.58827667E-01  4.94925093E-01  7.21955136E-01  4.59527588E-01  1.24505536E-01  1.70588047E-02  4.87806751E-02  2.79101812E-01  6.66144739E-01  6.84780661E-01  2.79285520E-01  3.76143830E-02  1.04379120E-02  9.58823194E-02  4.21682470E-01  8.03121161E-01  5.63552283E-01  1.03401507E-01  2.78974202E-03  2.90468188E-06  4.49067383E-06  2.24991669E-03  9.35839498E-02  5.04380795E-01  7.59222864E-01  4.72956146E-01  1.44589736E-01  2.26925510E-02  3.52753834E-02  2.46031118E-01  6.04612938E-01  6.63345017E-01  3.44743524E-01  9.21811310E-02  2.57704090E-02  1.12539405E-01  4.05524491E-01  6.50141599E-01  5.24706351E-01  2.33411415E-01  5.82445208E-02  5.28638025E-02  2.34012595E-01  5.22226929E-01  6.03528618E-01  4.05013641E-01  1.53144915E-01  4.64094211E-02  1.21903636E-01  3.58980546E-01  5.56962487E-01  5.25027684E-01  3.02991662E-01  1.06405679E-01  7.38462800E-02  2.14123526E-01  4.37216174E-01  5.49380465E-01  4.45991788E-01  2.25790564E-01  8.45590675E-02  1.21916270E-01  3.02945151E-01  4.86532630E-01  5.23071211E-01  3.67246843E-01  1.55989098E-01  8.03885324E-02  1.83890884E-01  3.86853517E-01  5.20204611E-01  4.67279489E-01  2.80413249E-01  1.09738097E-01  1.05971687E-01  2.68770072E-01  4.64912566E-01  5.11694018E-01  3.91486645E-01  2.00942008E-01  8.86614406E-02  1.56125511E-01  3.60768012E-01  5.11977625E-01  4.65577257E-01  3.11216046E-01  1.43343307E-01  9.46670753E-02  2.37019618E-01  4.50930906E-01  4.99083475E-01  3.99136935E-01  2.42686991E-01  1.06179595E-01  1.41696406E-01  3.44223354E-01  4.78196121E-01  4.54401056E-01  3.47785207E-01  1.78444926E-01  9.80491943E-02  2.14735166E-01  4.14636229E-01  4.91943446E-01  4.30953698E-01  2.71264267E-01  1.22195334E-01  1.19145952E-01  2.95230441E-01  4.76943099E-01  4.89017558E-01  3.61778966E-01  1.97579170E-01  9.30273379E-02  1.71043084E-01  3.90892058E-01  5.09786942E-01  4.43387964E-01  2.98109711E-01  1.36924084E-01
  6.36834657E-02  1.56850366E-01  3.79021563E-01  5.70004938E-01  5.12032806E-01  2.63063254E-01  8.09887605E-02  8.07363460E-02  2.36669786E-01  4.81165118E-01  5.86329398E-01  4.19668934E-01  1.58947438E-01  5.63570051E-02  1.27276883E-01  3.39310423E-01  5.58310909E-01  5.50642612E-01  3.01873106E-01  9.08629827E-02  6.71547193E-02  2.02646541E-01  4.50060187E-01  5.94051961E-01  4.60015798E-01  1.90807608E-01  5.53519454E-02  1.07139869E-01  3.09246567E-01  5.41106076E-01  5.72899528E-01  3.37686475E-01  1.03794071E-01  5.51483749E-02  1.79216545E-01  4.27013877E-01  5.99528038E-01  4.87970737E-01  2.10070081E-01  5.88838514E-02  8.77446048E-02  2.73158831E-01  5.29970246E-01  5.98498234E-01  3.67767202E-01  1.16458146E-01  5.17325316E-02  1.46737649E-01  3.83130902E-01  6.07856177E-01  5.29133779E-01  2.41292828E-01  6.23733186E-02  6.83990789E-02  2.33673232E-01  5.15807948E-01  6.29197151E-01  4.01539070E-01  1.27558962E-01  4.35997867E-02  1.23413517E-01  3.61880835E-01  6.22667868E-01  5.57914557E-01  2.51259854E-01  6.06268317E-02  5.73218088E-02  2.07365428E-01  5.06861870E-01  6.65247441E-01  4.21587950E-01  1.25058505E-01  3.22450002E-02  9.30091319E-02  3.23719070E-01  6.45120124E-01  6.10639982E-01  2.61141179E-01  4.81919302E-02  3.26881390E-02  1.66700613E-01  4.98290566E-01  7.20874576E-01  4.51654256E-01  1.18284501E-01  1.83757125E-02  6.04098246E-02  2.90906173E-01  6.75578006E-01  6.70464501E-01  2.59570852E-01  3.55502915E-02  1.44005961E-02  1.11607970E-01  4.49476367E-01  7.88690694E-01  5.29737173E-01  1.03381831E-01  2.74573196E-03  4.49078763E-06  2.86265347E-06  2.14582715E-03  8.72617288E-02  4.82285954E-01  7.74262706E-01  4.90490999E-01  1.41877060E-01  2.10113397E-02  3.02047513E-02  2.13917828E-01  5.78053736E-01  6.82547332E-01  3.74952891E-01  1.04607978E-01  2.59109500E-02  8.98020117E-02  3.46646956E-01  6.41731422E-01  5.74144568E-01  2.64691853E-01  6.85872984E-02  4.13528364E-02  1.72855712E-01  4.63787344E-01  6.41113250E-01  4.62649475E-01  1.79778001E-01  5.08926827E-02  8.11513413E-02  2.78912442E-01  5.48160924E-01  5.94504940E-01  3.51059057E-01  1.18590519E-01  5.02734192E-02  1.42605516E-01  3.82112316E-01  5.88454203E-01  5.10667106E-01  2.59807290E-01  8.53209035E-02  7.48781941E-02  2.19240288E-01  4.73878985E-01  5.87885984E-01  4.26063690E-01  1.80405996E-01  6.33827797E-02  1.15943888E-01  3.27914521E-01  5.36349419E-01  5.36946032E-01  3.30310992E-01  1.19624796E-01  7.01923703E-02  1.93504818E-01  4.08218911E-01  5.49518985E-01  4.80546087E-01  2.42925650E-01  8.44274335E-02  1.05463106E-01  2.71994983E-01  4.74890307E-01  5.52558658E-01  3.94478013E-01  1.60594627E-01  7.38609860E-02  1.61471010E-01  3.54922941E-01  5.29673550E-01  5.17591685E-01  2.88650223E-01  1.04260720E-01  9.23470180E-02  2.30087615E-01  4.43149098E-01  5.63597264E-01  4.31313278E-01  1.91790035E-01  7.40697629E-02  1.34209228E-01  3.07679909E-01  5.18896125E-01  5.50945642E-01  3.32733816E-01  1.15402561E-01  7.47460290E-02  1.84258322E-01  4.03599017E-01  5.72409227E-01  4.89994275E-01  2.26268871E-01  7.16715570E-02  1.04857118E-01  2.68786611E-01  4.92807476E-01  5.77598431E-01  3.86278479E-01  1.34860911E-01
  1.15777998E-01  2.58964230E-01  4.61890863E-01  5.53026274E-01  4.00353170E-01  1.68348047E-01  8.06290190E-02  1.57015648E-01  3.56661603E-01  5.40268389E-01  5.11877664E-01  2.84940877E-01  1.03193239E-01  9.24893457E-02  2.35532262E-01  4.47894662E-01  5.69834032E-01  4.31916747E-01  1.81800343E-01  7.19275296E-02  1.39898486E-01  3.38578229E-01  5.21553610E-01  5.37825768E-01  3.16930867E-01  1.06496359E-01  8.18931580E-02  2.13690239E-01  4.29970703E-01  5.64739147E-01  4.63723100E-01  2.05037528E-01  6.74563785E-02  1.15174622E-01  2.87440069E-01  5.06678819E-01  5.69185501E-01  3.63555138E-01  1.23314506E-01  6.28408847E-02  1.65110741E-01  3.85593545E-01  5.75777424E-01  5.10641282E-01  2.44271778E-01  6.95255326E-02  8.40336528E-02  2.47809307E-01  4.85992111E-01  6.02275052E-01  4.07851320E-01  1.40579244E-01  4.80897166E-02  1.25656549E-01  3.40062642E-01  5.80414453E-01  5.59789300E-01  2.84870502E-01  7.90182037E-02  5.01868391E-02  1.79278981E-01  4.47963285E-01  6.41280660E-01  4.73831319E-01  1.76944791E-01  4.05364149E-02  6.33095229E-02  2.63378357E-01  5.88060510E-01  6.35724507E-01  3.43347096E-01  9.19362282E-02  2.05074497E-02  1.01591817E-01  3.96167714E-01  6.91195094E-01  5.58384805E-01  2.08437661E-01  3.35593666E-02  3.12476479E-02  1.93311124E-01  5.48967885E-01  7.03708572E-01  4.11836164E-01  1.02217665E-01  1.33577881E-02  6.15116873E-02  3.11857639E-01  6.88798231E-01  6.54542764E-01  2.47523068E-01  3.06477452E-02  1.23115677E-02  1.08910739E-01  4.56235733E-01  8.06085983E-01  5.20178775E-01  9.42174413E-02  2.68343366E-03  3.14116833E-06  1.81221250E-07  2.24699248E-03  9.90879134E-02  5.35805211E-01  8.00749018E-01  4.46119147E-01  1.04591754E-01  1.19227273E-02  3.34154165E-02  2.63028086E-01  6.76587876E-01  6.80602379E-01  2.86183088E-01  5.49343526E-02  1.66484036E-02  1.13684470E-01  4.55166104E-01  7.40782060E-01  5.02979791E-01  1.51604412E-01  2.53245522E-02  4.36668308E-02  2.51382930E-01  6.23283095E-01  6.66995050E-01  3.24890648E-01  7.82961880E-02  2.29439090E-02  1.18115239E-01  4.27780674E-01  6.87604315E-01  5.24920610E-01  1.90274188E-01  3.89956416E-02  5.17873248E-02  2.39228028E-01  5.54575746E-01  6.56646320E-01  3.77834587E-01  1.05072624E-01  2.92271820E-02  1.06750401E-01  3.60597698E-01  6.36379894E-01  5.73282430E-01  2.52200630E-01  5.53033191E-02  4.38279667E-02  1.91097083E-01  4.85281844E-01  6.44825318E-01  4.54590274E-01  1.58366260E-01  3.55866585E-02  8.92692253E-02  3.04285762E-01  5.71283469E-01  5.96742669E-01  3.32354880E-01  8.75217390E-02  4.67658048E-02  1.68233002E-01  4.06473434E-01  6.11653886E-01  5.11856763E-01  2.16923769E-01  5.41261964E-02  8.59661056E-02  2.52721913E-01  5.00838269E-01  6.19138444E-01  3.93590869E-01  1.21815837E-01  5.49648884E-02  1.41585112E-01  3.43872849E-01  5.79279857E-01  5.45101680E-01  2.74528357E-01  8.36319155E-02  8.60189920E-02  2.07554268E-01  4.32597656E-01  5.81748211E-01  4.52150734E-01  1.94568346E-01  7.19404567E-02  1.27504191E-01  3.02060395E-01  4.97916650E-01  5.42957561E-01  3.57595496E-01  1.30975635E-01  8.03448036E-02  1.89072902E-01  3.76766590E-01  5.30812324E-01  4.89084561E-01  2.57637449E-01  9.96266238E-02
  1.19494694E-01  3.36337342E-01  5.69751753E-01  5.39772124E-01  2.96181573E-01  1.03394040E-01  6.09913504E-02  1.90804339E-01  4.52780619E-01  5.94841090E-01  4.53788276E-01  1.98677619E-01  6.58972992E-02  8.96081919E-02  2.90687727E-01  5.40233963E-01  5.61490746E-01  3.49898006E-01  1.34998056E-01  5.56629672E-02  1.42800884E-01  4.01844628E-01  5.81389896E-01  4.89269368E-01  2.61850538E-01  8.96437612E-02  6.59299660E-02  2.29583423E-01  4.85907748E-01  5.73742170E-01  4.18698851E-01  1.88382105E-01  5.92522521E-02  1.00890623E-01  3.13628496E-01  5.50781066E-01  5.59167093E-01  3.33701657E-01  1.15977691E-01  4.55251228E-02  1.52469660E-01  4.17422823E-01  6.09939398E-01  4.95638832E-01  2.33927123E-01  6.35369863E-02  6.19403941E-02  2.38326095E-01  5.19629460E-01  6.11262958E-01  4.02310020E-01  1.42634383E-01  3.90306210E-02  1.06362445E-01  3.51773225E-01  6.01392816E-01  5.59572218E-01  2.84699446E-01  7.56815259E-02  4.28187388E-02  1.89499690E-01  4.83861755E-01  6.39543720E-01  4.58599092E-01  1.62579270E-01  3.50598540E-02  7.29987141E-02  2.94213543E-01  6.05067154E-01  6.26288685E-01  3.12921823E-01  7.52965783E-02  2.75924900E-02  1.29340014E-01  4.13048831E-01  6.76271217E-01  5.32745507E-01  1.95463782E-01  3.49407617E-02  4.46081655E-02  2.09285077E-01  5.38458239E-01  6.93573928E-01  4.07729877E-01  9.61070388E-02  1.65589383E-02  7.14088241E-02  3.17974852E-01  6.76663395E-01  6.46029655E-01  2.47392549E-01  3.12919659E-02  1.44693535E-02  1.15767476E-01  4.51923788E-01  7.94759010E-01  5.25378025E-01  9.50194998E-02  2.64437514E-03  4.73202491E-06  1.06250671E-05  2.77238608E-03  1.03320439E-01  5.39319574E-01  7.89971168E-01  4.37446642E-01  1.10936484E-01  1.63280190E-02  3.96996835E-02  2.66558411E-01  6.57167452E-01  6.65092503E-01  2.98121720E-01  6.50940688E-02  2.20465920E-02  1.23262828E-01  4.34910786E-01  6.89902334E-01  5.13825112E-01  1.85149358E-01  3.94758007E-02  5.15051709E-02  2.45885900E-01  5.70659370E-01  6.45604160E-01  3.61753171E-01  1.06699351E-01  3.01336753E-02  1.09469591E-01  3.89560678E-01  6.51924632E-01  5.40826627E-01  2.36295827E-01  5.65534675E-02  4.20481752E-02  2.13691683E-01  5.37050436E-01  6.43204478E-01  3.99952064E-01  1.39792072E-01  3.50851149E-02  9.41431077E-02  3.55047698E-01  6.28226089E-01  5.64049048E-01  2.64513050E-01  7.50423859E-02  4.44472414E-02  1.86497316E-01  4.96892555E-01  6.50173977E-01  4.30150580E-01  1.60392477E-01  4.48304651E-02  8.72713983E-02  3.23328531E-01  6.06765353E-01  5.73658014E-01  2.94359039E-01  9.52417643E-02  4.53972174E-02  1.68317492E-01  4.62347982E-01  6.32486987E-01  4.63897218E-01  1.95274079E-01  5.26233361E-02  7.98369298E-02  2.90831341E-01  5.57535108E-01  5.88648594E-01  3.52391185E-01  1.11226333E-01  4.64688012E-02  1.61344036E-01  4.10994658E-01  5.95224490E-01  5.11417813E-01  2.33138177E-01  6.13196720E-02  7.98321802E-02  2.61963526E-01  5.04966674E-01  5.94857661E-01  3.96002406E-01  1.33603991E-01  5.11323261E-02  1.42415479E-01  3.68608011E-01  5.81918546E-01  5.30713269E-01  2.60912894E-01  8.16497528E-02  7.39842946E-02  2.28574711E-01  4.86830986E-01  5.99431981E-01  4.07291716E-01  1.63567771E-01  6.18731254E-02
  3.21646830E-02  1.36019837E-01  4.28938722E-01  6.48904792E-01  5.05729975E-01  2.10263275E-01  5.07412998E-02  5.53021671E-02  2.37955122E-01  5.53507145E-01  6.38180101E-01  3.75369937E-01  1.17267033E-01  3.54209561E-02  1.01562523E-01  3.69455720E-01  6.42413488E-01  5.48362365E-01  2.53266840E-01  6.66042309E-02  4.11262503E-02  1.94653514E-01  5.16944970E-01  6.38383393E-01  4.22630020E-01  1.57131546E-01  4.03970504E-02  8.36949514E-02  3.28406185E-01  6.07595636E-01  5.72187261E-01  3.01250760E-01  8.97545811E-02  3.78634906E-02  1.64641682E-01  4.68539301E-01  6.40300020E-01  4.68186089E-01  1.90260655E-01  4.40720432E-02  6.72602435E-02  2.81973045E-01  5.75806851E-01  6.12003963E-01  3.49911701E-01  9.75671240E-02  3.09131750E-02  1.30582825E-01  4.15068331E-01  6.58201164E-01  5.29801359E-01  2.05136137E-01  4.28739956E-02  4.34791852E-02  2.21884853E-01  5.61573500E-01  6.76884773E-01  3.82218785E-01  1.02777018E-01  2.11673079E-02  8.17682741E-02  3.57104014E-01  6.89353486E-01  5.91131988E-01  2.27473087E-01  4.20658347E-02  2.84723334E-02  1.73283484E-01  5.37213608E-01  7.09346251E-01  4.19523294E-01  1.18032283E-01  1.95784469E-02  6.27882451E-02  3.12173647E-01  6.72585719E-01  6.37165405E-01  2.63824040E-01  4.54300266E-02  1.75820038E-02  1.34575818E-01  4.87811331E-01  7.53279992E-01  4.80980981E-01  1.17787470E-01  1.28538767E-02  4.12613269E-02  2.53525464E-01  6.73139409E-01  7.14254183E-01  2.80369536E-01  3.46853053E-02  8.18899322E-03  8.42452371E-02  4.15934639E-01  8.12625868E-01  5.67867963E-01  1.08642409E-01  2.99902167E-03  0.00000000E+00  8.01906042E-07  2.62203673E-03  1.05816902E-01  5.46877253E-01  7.85518771E-01  4.33909951E-01  1.08337898E-01  1.61018991E-02  3.78533510E-02  2.70392061E-01  6.62802573E-01  6.52551718E-01  2.99939251E-01  6.86411969E-02  2.06131730E-02  1.21341339E-01  4.47323701E-01  6.83774055E-01  5.06638339E-01  1.89495120E-01  3.94761415E-02  5.15925854E-02  2.48155990E-01  5.65421687E-01  6.39236336E-01  3.70632740E-01  1.09786212E-01  3.27515713E-02  1.15081287E-01  3.69301041E-01  6.22000381E-01  5.51180691E-01  2.57790179E-01  6.55529677E-02  5.20827995E-02  1.99829354E-01  4.75394600E-01  6.28035170E-01  4.52849600E-01  1.63683279E-01  3.92666837E-02  9.23618628E-02  2.88025191E-01  5.51675538E-01  6.07899755E-01  3.42981629E-01  9.84307768E-02  4.41288716E-02  1.43089958E-01  3.91263715E-01  6.10827906E-01  5.26520940E-01  2.38755371E-01  6.10312868E-02  6.04726078E-02  2.13663659E-01  4.96511317E-01  6.20026071E-01  4.27185933E-01  1.53561853E-01  4.13820049E-02  9.66379465E-02  3.06399994E-01  5.78491454E-01  5.89245977E-01  3.19251679E-01  8.61672277E-02  4.56499092E-02  1.61088383E-01  4.27815519E-01  6.29778460E-01  4.96950832E-01  2.02710442E-01  4.55573336E-02  6.50212327E-02  2.44333500E-01  5.34700791E-01  6.35549190E-01  3.86016184E-01  1.13818766E-01  2.91665880E-02  1.03927575E-01  3.62223899E-01  6.30888155E-01  5.67227615E-01  2.53036622E-01  6.37957242E-02  4.06777888E-02  1.79857118E-01  4.94472301E-01  6.54541729E-01  4.41231906E-01  1.62585327E-01  3.67848914E-02  6.99883456E-02  2.95657714E-01  5.99606318E-01  6.05951141E-01  3.15750914E-01  9.45353311E-02
  4.18054418E-02  2.35679182E-01  5.88358601E-01  6.53496284E-01  3.65016680E-01  1.00978152E-01  2.44337052E-02  8.85124429E-02  3.46043233E-01  6.55045348E-01  5.80911731E-01  2.52462061E-01  5.99876391E-02  2.59404739E-02  1.49765440E-01  4.93711260E-01  6.89204060E-01  4.60244091E-01  1.56401180E-01  3.28424204E-02  4.18344825E-02  2.38824966E-01  5.85113557E-01  6.71990633E-01  3.68268947E-01  8.60751783E-02  1.51509375E-02  8.31418381E-02  3.42676143E-01  6.86240338E-01  6.23905833E-01  2.22716279E-01  3.42603541E-02  3.12286476E-02  1.72813826E-01  5.26863449E-01  7.32561842E-01  4.17064649E-01  1.06110474E-01  1.84687328E-02  6.65043114E-02  3.34055431E-01  6.91494482E-01  6.24358497E-01  2.33568663E-01  4.24476149E-02  2.88035206E-02  1.67699376E-01  5.24632225E-01  7.09574367E-01  4.31734925E-01  1.24888454E-01  2.02060405E-02  7.02013493E-02  3.29943333E-01  6.38126052E-01  6.03034536E-01  2.86788390E-01  6.25776282E-02  2.98349144E-02  1.68420108E-01  4.79088567E-01  6.47879727E-01  4.75037455E-01  1.77425648E-01  3.44973714E-02  7.24362220E-02  2.78753928E-01  5.80927145E-01  6.28167826E-01  3.36329843E-01  8.97486857E-02  2.94686285E-02  1.34132873E-01  4.23481913E-01  6.46544075E-01  5.21167290E-01  2.14585536E-01  4.24036070E-02  4.84322457E-02  2.24749803E-01  5.40534573E-01  6.64931866E-01  4.02507260E-01  1.04689487E-01  2.37779052E-02  9.39876688E-02  3.21569914E-01  6.48755715E-01  6.36632463E-01  2.49486649E-01  3.42323559E-02  2.01217478E-02  1.20159873E-01  4.25903987E-01  7.73399184E-01  5.50374626E-01  1.06742446E-01  3.15330543E-03  1.48926981E-06  0.00000000E+00  1.83500380E-03  8.72732959E-02  5.04159084E-01  7.89971480E-01  4.64350604E-01  1.31734553E-01  1.97262722E-02  2.87246638E-02  2.12462880E-01  6.04233026E-01  6.98817892E-01  3.62386555E-01  8.51882437E-02  1.90563986E-02  9.62195630E-02  3.66382340E-01  6.72259892E-01  5.75587740E-01  2.31012331E-01  4.75447153E-02  3.81541245E-02  1.79656500E-01  5.24977512E-01  7.02400405E-01  4.20810758E-01  1.19484713E-01  2.24845488E-02  6.86222765E-02  3.30878893E-01  6.75945761E-01  6.13880218E-01  2.51968293E-01  4.90295173E-02  2.44093556E-02  1.63828540E-01  5.18852294E-01  7.21099081E-01  4.33024335E-01  1.22539950E-01  2.21306983E-02  5.86013523E-02  2.96453900E-01  6.52170685E-01  6.40388997E-01  2.82745916E-01  5.96884448E-02  2.39733719E-02  1.45305524E-01  4.73731068E-01  7.11901127E-01  4.84805203E-01  1.41021192E-01  2.86047776E-02  5.49262067E-02  2.70086005E-01  6.36841035E-01  6.54928738E-01  3.05005734E-01  6.79806991E-02  2.03228737E-02  1.19273162E-01  4.52149165E-01  7.17776595E-01  4.97183270E-01  1.73857953E-01  2.75586400E-02  3.49200262E-02  2.30801227E-01  6.00890583E-01  6.78949841E-01  3.52969455E-01  8.93309455E-02  1.90568454E-02  9.70352361E-02  3.82729980E-01  6.76636856E-01  5.76051573E-01  2.09484489E-01  4.66262082E-02  3.04442492E-02  1.71424561E-01  5.36995994E-01  7.16659344E-01  4.04895081E-01  1.19137415E-01  2.67093839E-02  5.57528259E-02  3.05407017E-01  6.82558863E-01  6.11423742E-01  2.69138681E-01  6.40384529E-02  2.00945686E-02  1.21370575E-01  4.63785426E-01  7.07467273E-01  4.91894128E-01  1.69563123E-01  3.41044276E-02
  5.97300740E-02  1.96351456E-01  4.53420626E-01  5.89175087E-01  4.51013349E-01  2.01413987E-01  6.39232121E-02  8.86961570E-02  2.79327529E-01  5.25831972E-01  5.77933202E-01  3.64319689E-01  1.34311258E-01  4.97289475E-02  1.37805743E-01  3.79690028E-01  5.82602399E-01  5.19095559E-01  2.69439725E-01  8.40889906E-02  6.30991528E-02  2.21296176E-01  4.75996969E-01  5.93328706E-01  4.33826623E-01  1.77385046E-01  5.44066479E-02  1.06599016E-01  3.19443487E-01  5.53893650E-01  5.73209678E-01  3.22137078E-01  9.80973085E-02  5.49909062E-02  1.78404882E-01  4.28396851E-01  6.14259875E-01  4.77986002E-01  2.08360167E-01  6.08471527E-02  8.74875221E-02  2.67391024E-01  5.32717757E-01  6.04661457E-01  3.65048594E-01  1.17324960E-01  5.10798313E-02  1.44769093E-01  3.92649022E-01  6.23493067E-01  5.22025844E-01  2.25333292E-01  6.15309254E-02  6.77099712E-02  2.40031342E-01  5.30934566E-01  6.32123705E-01  3.88164845E-01  1.22176669E-01  3.89386834E-02  1.24102600E-01  3.71115843E-01  6.20478494E-01  5.57517974E-01  2.48322538E-01  5.51281040E-02  5.46701055E-02  2.11487936E-01  5.13487944E-01  6.61834592E-01  4.18426740E-01  1.22710398E-01  2.96700420E-02  9.55591572E-02  3.38114134E-01  6.37811957E-01  6.00281773E-01  2.61639870E-01  5.03253975E-02  3.06043538E-02  1.64855943E-01  4.98855322E-01  7.18711438E-01  4.58157995E-01  1.18806991E-01  1.54202695E-02  5.33144431E-02  2.82091963E-01  6.75696573E-01  6.82481172E-01  2.66706270E-01  3.41822364E-02  9.96644094E-03  9.78446799E-02  4.34359498E-01  8.02375952E-01  5.52437838E-01  1.01033390E-01  2.65963265E-03  2.81627187E-06  2.03498355E-06  2.70952609E-03  9.70325034E-02  5.20355577E-01  7.84207328E-01  4.63365045E-01  1.17061829E-01  1.51382244E-02  3.26352128E-02  2.42578942E-01  6.37806924E-01  6.86746988E-01  3.24335078E-01  6.96722223E-02  1.63694622E-02  1.04169445E-01  4.07620941E-01  6.99584264E-01  5.44545336E-01  1.95812876E-01  3.75184284E-02  4.19598345E-02  2.14345998E-01  5.46046935E-01  6.72214989E-01  3.94765386E-01  1.14842207E-01  2.83648362E-02  9.95936937E-02  3.63835744E-01  6.35690468E-01  5.63719514E-01  2.57702231E-01  6.33379726E-02  4.61507741E-02  2.00981553E-01  4.83916726E-01  6.42277110E-01  4.47448912E-01  1.55484190E-01  3.90952136E-02  9.21526129E-02  3.13182260E-01  5.85259469E-01  5.94991324E-01  3.07331228E-01  8.54213052E-02  4.44337204E-02  1.65813330E-01  4.48069364E-01  6.39323986E-01  4.69296005E-01  1.92344792E-01  5.53829676E-02  7.61916191E-02  2.73327216E-01  5.57824621E-01  5.91248626E-01  3.46805403E-01  1.26088816E-01  5.04839627E-02  1.37329175E-01  3.93894704E-01  5.95338670E-01  4.93500644E-01  2.56116634E-01  8.97308553E-02  6.82632869E-02  2.29074191E-01  4.97217887E-01  5.78408316E-01  4.02312032E-01  1.81103688E-01  6.02880774E-02  1.09561516E-01  3.36367354E-01  5.49565549E-01  5.24650482E-01  3.26051750E-01  1.24050962E-01  5.73645691E-02  1.79869543E-01  4.30569214E-01  5.74721325E-01  4.69236881E-01  2.38394598E-01  7.12822758E-02  7.85394269E-02  2.62310687E-01  5.11845439E-01  5.75277494E-01  3.86959171E-01  1.52516966E-01  5.34040551E-02  1.24971065E-01  3.57236747E-01  5.71316889E-01  5.30087068E-01  2.89381547E-01  9.31668160E-02
