# PIMCID: b561ebee-926e-4877-8859-9a9056ff72c9
#      0.000E+00       5.000E-01       1.000E+00       1.500E+00       2.000E+00       2.500E+00       3.000E+00       3.500E+00       4.000E+00       4.500E+00       5.000E+00       5.500E+00       6.000E+00       6.500E+00       7.000E+00       7.500E+00       8.000E+00       8.500E+00       9.000E+00       9.500E+00       1.000E+01       1.050E+01       1.100E+01       1.150E+01       1.200E+01       1.250E+01       1.300E+01       1.350E+01       1.400E+01       1.450E+01       1.500E+01       1.550E+01       1.600E+01       1.650E+01       1.700E+01       1.750E+01       1.800E+01       1.850E+01       1.900E+01       1.950E+01       2.000E+01       2.050E+01       2.100E+01       2.150E+01       2.200E+01       2.250E+01       2.300E+01       2.350E+01       2.400E+01       2.450E+01       2.500E+01       2.550E+01       2.600E+01       2.650E+01       2.700E+01       2.750E+01       2.800E+01       2.850E+01       2.900E+01       2.950E+01       3.000E+01       3.050E+01       3.100E+01       3.150E+01       3.200E+01       3.250E+01       3.300E+01       3.350E+01       3.400E+01       3.450E+01       3.500E+01       3.550E+01       3.600E+01       3.650E+01       3.700E+01       3.750E+01       3.800E+01       3.850E+01       3.900E+01       3.950E+01       4.000E+01       4.050E+01       4.100E+01       4.150E+01       4.200E+01       4.250E+01       4.300E+01       4.350E+01       4.400E+01       4.450E+01       4.500E+01       4.550E+01       4.600E+01       4.650E+01       4.700E+01       4.750E+01       4.800E+01       4.850E+01       4.900E+01       4.950E+01       5.000E+01       5.050E+01       5.100E+01       5.150E+01       5.200E+01       5.250E+01       5.300E+01       5.350E+01       5.400E+01       5.450E+01       5.500E+01       5.550E+01       5.600E+01       5.650E+01       5.700E+01       5.750E+01       5.800E+01       5.850E+01       5.900E+01       5.950E+01       6.000E+01       6.050E+01       6.100E+01       6.150E+01       6.200E+01       6.250E+01       6.300E+01       6.350E+01       6.400E+01       6.450E+01       6.500E+01       6.550E+01       6.600E+01       6.650E+01       6.700E+01       6.750E+01       6.800E+01       6.850E+01       6.900E+01       6.950E+01       7.000E+01       7.050E+01       7.100E+01       7.150E+01       7.200E+01       7.250E+01       7.300E+01       7.350E+01       7.400E+01       7.450E+01       7.500E+01       7.550E+01       7.600E+01       7.650E+01       7.700E+01       7.750E+01       7.800E+01       7.850E+01       7.900E+01       7.950E+01       8.000E+01       8.050E+01       8.100E+01       8.150E+01       8.200E+01       8.250E+01       8.300E+01       8.350E+01       8.400E+01       8.450E+01       8.500E+01       8.550E+01       8.600E+01       8.650E+01       8.700E+01       8.750E+01       8.800E+01       8.850E+01       8.900E+01       8.950E+01       9.000E+01       9.050E+01       9.100E+01       9.150E+01       9.200E+01       9.250E+01       9.300E+01       9.350E+01       9.400E+01       9.450E+01       9.500E+01       9.550E+01       9.600E+01       9.650E+01       9.700E+01       9.750E+01       9.800E+01       9.850E+01       9.900E+01       9.950E+01
 -6.35502700E+01 -7.84974539E+01 -8.58222897E+01 -8.51413819E+01 -8.17068154E+01 -6.22179373E+01 -5.62116607E+01 -6.85233898E+01 -8.32288985E+01 -8.61136675E+01 -8.43244154E+01 -7.52804053E+01 -5.60525138E+01 -5.79951365E+01 -7.37345429E+01 -8.52036492E+01 -8.52939432E+01 -8.25975417E+01 -6.77874347E+01 -5.58402329E+01 -6.42189193E+01 -8.06250907E+01 -8.61416619E+01 -8.46717647E+01 -7.82797469E+01 -6.25647709E+01 -5.68095568E+01 -7.11260156E+01 -8.40256531E+01 -8.53522412E+01 -8.37072472E+01 -7.30045839E+01 -5.59624639E+01 -5.92968684E+01 -7.69470108E+01 -8.51953216E+01 -8.44962260E+01 -8.08743066E+01 -6.63515362E+01 -5.33523109E+01 -6.51484654E+01 -8.26210298E+01 -8.58121154E+01 -8.39239075E+01 -7.80111757E+01 -5.97191120E+01 -5.30858959E+01 -7.32771223E+01 -8.61181625E+01 -8.55889866E+01 -8.31326270E+01 -7.12634739E+01 -5.48363622E+01 -5.93459342E+01 -8.14724142E+01 -8.64624453E+01 -8.54123113E+01 -7.87825813E+01 -6.38221029E+01 -5.30451420E+01 -6.88029168E+01 -8.54083778E+01 -8.67292378E+01 -8.42396750E+01 -7.41585673E+01 -5.55930996E+01 -5.52927911E+01 -7.86999978E+01 -8.67334663E+01 -8.67049567E+01 -8.18102180E+01 -6.51496669E+01 -4.80016946E+01 -6.45649219E+01 -8.40206937E+01 -8.72562431E+01 -8.56994261E+01 -7.64744213E+01 -5.46830515E+01 -5.06547645E+01 -7.69204035E+01 -8.69315419E+01 -8.72430991E+01 -8.52938995E+01 -6.96056113E+01 -4.38470063E+01 -6.05994515E+01 -8.51952805E+01 -8.75189490E+01 -8.73038536E+01 -8.41948229E+01 -5.76861930E+01 -3.49279448E+01 -7.67728042E+01 -9.15772200E+01 -9.36513935E+01 -9.25970352E+01 -7.23374998E+01 -4.66775044E+00  1.57343639E-01  8.00332930E-02 -3.01362738E+00 -7.19031577E+01 -9.25699192E+01 -9.34998552E+01 -9.18289826E+01 -7.88316318E+01 -3.39956066E+01 -5.58599181E+01 -8.35548869E+01 -8.72570948E+01 -8.72497835E+01 -8.52738224E+01 -5.95496198E+01 -4.28872698E+01 -7.13655584E+01 -8.51329914E+01 -8.71099289E+01 -8.67161500E+01 -7.53997219E+01 -4.60019185E+01 -5.53051343E+01 -7.92908820E+01 -8.59819188E+01 -8.69031380E+01 -8.32757467E+01 -6.29778440E+01 -4.96081316E+01 -6.86051894E+01 -8.20538696E+01 -8.65446974E+01 -8.60302188E+01 -7.65101499E+01 -5.17712313E+01 -5.76902564E+01 -7.57450043E+01 -8.45260918E+01 -8.65745258E+01 -8.38645445E+01 -6.51637724E+01 -5.07961372E+01 -6.69164648E+01 -8.06462486E+01 -8.56721304E+01 -8.60748730E+01 -7.77590224E+01 -5.56372987E+01 -5.76618671E+01 -7.49523060E+01 -8.30314677E+01 -8.65096956E+01 -8.39577038E+01 -6.63520248E+01 -5.32627513E+01 -6.72333909E+01 -7.98187862E+01 -8.54703843E+01 -8.64459221E+01 -7.73929016E+01 -5.80673840E+01 -5.88080325E+01 -7.37335055E+01 -8.31859136E+01 -8.64734381E+01 -8.37219066E+01 -6.75344458E+01 -5.37316035E+01 -6.38462363E+01 -7.81728631E+01 -8.50868494E+01 -8.68408733E+01 -7.86841816E+01 -5.99521823E+01 -5.64457719E+01 -7.05464080E+01 -8.15735702E+01 -8.61504379E+01 -8.45906693E+01 -7.30936394E+01 -5.53621014E+01 -6.25110870E+01 -7.61720513E+01 -8.44629276E+01 -8.58157873E+01 -8.08241622E+01 -6.53272331E+01 -5.51606937E+01 -6.79305489E+01 -8.11696190E+01 -8.58161084E+01 -8.45277956E+01 -7.69453818E+01 -5.89997719E+01 -5.81423871E+01 -7.42270002E+01 -8.39904216E+01 -8.60123899E+01 -8.35037231E+01 -7.16716934E+01 -5.45350431E+01
 -6.35502700E+01 -7.84974539E+01 -8.58222897E+01 -8.51413819E+01 -8.17068154E+01 -6.22179373E+01 -5.62116607E+01 -6.85233898E+01 -8.32288985E+01 -8.61136675E+01 -8.43244154E+01 -7.52804053E+01 -5.60525138E+01 -5.79951365E+01 -7.37345429E+01 -8.52036492E+01 -8.52939432E+01 -8.25975417E+01 -6.77874347E+01 -5.58402329E+01 -6.42189193E+01 -8.06250907E+01 -8.61416619E+01 -8.46717647E+01 -7.82797469E+01 -6.25647709E+01 -5.68095568E+01 -7.11260156E+01 -8.40256531E+01 -8.53522412E+01 -8.37072472E+01 -7.30045839E+01 -5.59624639E+01 -5.92968684E+01 -7.69470108E+01 -8.51953216E+01 -8.44962260E+01 -8.08743066E+01 -6.63515362E+01 -5.33523109E+01 -6.51484654E+01 -8.26210298E+01 -8.58121154E+01 -8.39239075E+01 -7.80111757E+01 -5.97191120E+01 -5.30858959E+01 -7.32771223E+01 -8.61181625E+01 -8.55889866E+01 -8.31326270E+01 -7.12634739E+01 -5.48363622E+01 -5.93459342E+01 -8.14724142E+01 -8.64624453E+01 -8.54123113E+01 -7.87825813E+01 -6.38221029E+01 -5.30451420E+01 -6.88029168E+01 -8.54083778E+01 -8.67292378E+01 -8.42396750E+01 -7.41585673E+01 -5.55930996E+01 -5.52927911E+01 -7.86999978E+01 -8.67334663E+01 -8.67049567E+01 -8.18102180E+01 -6.51496669E+01 -4.80016946E+01 -6.45649219E+01 -8.40206937E+01 -8.72562431E+01 -8.56994261E+01 -7.64744213E+01 -5.46830515E+01 -5.06547645E+01 -7.69204035E+01 -8.69315419E+01 -8.72430991E+01 -8.52938995E+01 -6.96056113E+01 -4.38470063E+01 -6.05994515E+01 -8.51952805E+01 -8.75189490E+01 -8.73038536E+01 -8.41948229E+01 -5.76861930E+01 -3.49279448E+01 -7.67728042E+01 -9.15772200E+01 -9.36513935E+01 -9.25970352E+01 -7.23374998E+01 -4.66775044E+00  1.57343639E-01  8.00332930E-02 -3.01362738E+00 -7.19031577E+01 -9.25699192E+01 -9.34998552E+01 -9.18289826E+01 -7.88316318E+01 -3.39956066E+01 -5.58599181E+01 -8.35548869E+01 -8.72570948E+01 -8.72497835E+01 -8.52738224E+01 -5.95496198E+01 -4.28872698E+01 -7.13655584E+01 -8.51329914E+01 -8.71099289E+01 -8.67161500E+01 -7.53997219E+01 -4.60019185E+01 -5.53051343E+01 -7.92908820E+01 -8.59819188E+01 -8.69031380E+01 -8.32757467E+01 -6.29778440E+01 -4.96081316E+01 -6.86051894E+01 -8.20538696E+01 -8.65446974E+01 -8.60302188E+01 -7.65101499E+01 -5.17712313E+01 -5.76902564E+01 -7.57450043E+01 -8.45260918E+01 -8.65745258E+01 -8.38645445E+01 -6.51637724E+01 -5.07961372E+01 -6.69164648E+01 -8.06462486E+01 -8.56721304E+01 -8.60748730E+01 -7.77590224E+01 -5.56372987E+01 -5.76618671E+01 -7.49523060E+01 -8.30314677E+01 -8.65096956E+01 -8.39577038E+01 -6.63520248E+01 -5.32627513E+01 -6.72333909E+01 -7.98187862E+01 -8.54703843E+01 -8.64459221E+01 -7.73929016E+01 -5.80673840E+01 -5.88080325E+01 -7.37335055E+01 -8.31859136E+01 -8.64734381E+01 -8.37219066E+01 -6.75344458E+01 -5.37316035E+01 -6.38462363E+01 -7.81728631E+01 -8.50868494E+01 -8.68408733E+01 -7.86841816E+01 -5.99521823E+01 -5.64457719E+01 -7.05464080E+01 -8.15735702E+01 -8.61504379E+01 -8.45906693E+01 -7.30936394E+01 -5.53621014E+01 -6.25110870E+01 -7.61720513E+01 -8.44629276E+01 -8.58157873E+01 -8.08241622E+01 -6.53272331E+01 -5.51606937E+01 -6.79305489E+01 -8.11696190E+01 -8.58161084E+01 -8.45277956E+01 -7.69453818E+01 -5.89997719E+01 -5.81423871E+01 -7.42270002E+01 -8.39904216E+01 -8.60123899E+01 -8.35037231E+01 -7.16716934E+01 -5.45350431E+01
 -5.57291529E+01 -6.94273927E+01 -8.14883052E+01 -8.66087183E+01 -8.53518617E+01 -7.52794385E+01 -5.84978506E+01 -5.93808360E+01 -7.47386473E+01 -8.51161557E+01 -8.70219236E+01 -8.30054074E+01 -6.84764677E+01 -5.70209828E+01 -6.34675540E+01 -8.00453564E+01 -8.67067022E+01 -8.54177329E+01 -7.81189919E+01 -6.45340543E+01 -5.60453109E+01 -6.91527620E+01 -8.40385239E+01 -8.66062530E+01 -8.30134491E+01 -7.29975368E+01 -6.02434106E+01 -5.87510664E+01 -7.59263586E+01 -8.59741002E+01 -8.63082434E+01 -8.00245649E+01 -6.60283582E+01 -5.62291915E+01 -6.62208304E+01 -8.20750012E+01 -8.65380835E+01 -8.43283530E+01 -7.48767602E+01 -5.97794782E+01 -5.72173082E+01 -7.44072026E+01 -8.60175080E+01 -8.64371362E+01 -8.18728304E+01 -6.80797545E+01 -5.54931965E+01 -6.30206109E+01 -8.19591612E+01 -8.71587711E+01 -8.53163477E+01 -7.69260098E+01 -6.14178044E+01 -5.51684130E+01 -7.29703649E+01 -8.58093027E+01 -8.71234420E+01 -8.34837095E+01 -6.88023396E+01 -5.52307242E+01 -6.11627609E+01 -8.21944933E+01 -8.70968719E+01 -8.64729274E+01 -7.86999933E+01 -6.04305151E+01 -5.22440653E+01 -7.14584723E+01 -8.61139372E+01 -8.73135469E+01 -8.52547254E+01 -7.19388813E+01 -5.24634087E+01 -5.79752589E+01 -8.19210338E+01 -8.70396900E+01 -8.72451045E+01 -8.17059284E+01 -5.99420358E+01 -4.74456999E+01 -7.15753712E+01 -8.61747524E+01 -8.71281774E+01 -8.66266553E+01 -7.45055494E+01 -4.43076760E+01 -5.36790894E+01 -8.39907762E+01 -8.72372751E+01 -8.71119602E+01 -8.48465101E+01 -6.08088773E+01 -3.28613719E+01 -7.53844372E+01 -9.16111179E+01 -9.36030779E+01 -9.25241391E+01 -7.34959986E+01 -3.41267024E+00  2.69183271E-01  1.18462894E-01 -3.51534170E+00 -7.26786042E+01 -9.24206476E+01 -9.34367795E+01 -9.16810553E+01 -8.14410050E+01 -3.94268283E+01 -5.25971100E+01 -8.40771385E+01 -8.74833526E+01 -8.74428984E+01 -8.60878848E+01 -6.79969281E+01 -4.26824765E+01 -6.78405803E+01 -8.53098041E+01 -8.74068070E+01 -8.71833420E+01 -8.13424331E+01 -5.70552009E+01 -5.07718776E+01 -7.52397326E+01 -8.62711328E+01 -8.72796532E+01 -8.60421046E+01 -7.12906313E+01 -5.07693662E+01 -5.93377981E+01 -7.94045688E+01 -8.67176141E+01 -8.70648538E+01 -8.09640071E+01 -6.27165751E+01 -5.13835946E+01 -6.61819374E+01 -8.32447558E+01 -8.74216209E+01 -8.56564879E+01 -7.45165762E+01 -5.90895727E+01 -5.51412887E+01 -7.35958852E+01 -8.57981242E+01 -8.69611845E+01 -8.21877210E+01 -6.96965395E+01 -5.46025746E+01 -6.18364316E+01 -7.93603825E+01 -8.67460614E+01 -8.62171452E+01 -7.84923625E+01 -6.25584993E+01 -5.67088525E+01 -7.02043154E+01 -8.40756731E+01 -8.68544945E+01 -8.43348907E+01 -7.16739274E+01 -5.71919745E+01 -6.08486294E+01 -7.70129315E+01 -8.55531424E+01 -8.69465032E+01 -8.11457170E+01 -6.35020092E+01 -5.30005348E+01 -6.81690740E+01 -8.10587456E+01 -8.60115240E+01 -8.53164958E+01 -7.43206429E+01 -5.51931324E+01 -5.72405306E+01 -7.46343729E+01 -8.30794323E+01 -8.62685834E+01 -8.20335639E+01 -6.54955139E+01 -5.43054508E+01 -6.45070751E+01 -7.89454439E+01 -8.51492943E+01 -8.58957185E+01 -7.60395571E+01 -5.98499748E+01 -5.72348626E+01 -7.22519576E+01 -8.21007447E+01 -8.64669564E+01 -8.40500095E+01 -6.97189507E+01 -5.52938520E+01 -6.26656943E+01 -7.75117326E+01 -8.54346100E+01 -8.61114088E+01 -8.00345057E+01 -6.30787360E+01
 -6.57055221E+01 -6.91661213E+01 -8.14835897E+01 -8.24272065E+01 -7.45244627E+01 -6.79639429E+01 -6.22939762E+01 -6.53290008E+01 -7.45008350E+01 -8.44338870E+01 -7.92025258E+01 -7.14438004E+01 -6.47091804E+01 -6.30008382E+01 -6.91661746E+01 -8.06988006E+01 -8.49573116E+01 -7.49602530E+01 -6.97558831E+01 -6.14090180E+01 -6.48984643E+01 -7.33332053E+01 -8.45802499E+01 -8.14425154E+01 -7.14742620E+01 -6.58192416E+01 -6.21990583E+01 -6.68276807E+01 -7.87090829E+01 -8.57832275E+01 -7.82954880E+01 -6.69895236E+01 -6.19430528E+01 -6.31517028E+01 -7.24652514E+01 -8.42790513E+01 -8.44863055E+01 -7.41060006E+01 -6.28730399E+01 -5.99038771E+01 -6.47011387E+01 -7.79344817E+01 -8.54851911E+01 -8.21886932E+01 -7.15146619E+01 -5.94982374E+01 -5.92646655E+01 -7.05561344E+01 -8.33923946E+01 -8.52727532E+01 -7.97129807E+01 -6.71587536E+01 -5.92694199E+01 -6.15075318E+01 -7.64780954E+01 -8.59272035E+01 -8.50464654E+01 -7.57717894E+01 -6.28146907E+01 -5.55388766E+01 -6.65026027E+01 -8.30675373E+01 -8.67457947E+01 -8.34646660E+01 -7.13027876E+01 -5.87131235E+01 -5.59851100E+01 -7.50984014E+01 -8.66603902E+01 -8.70603316E+01 -8.16017395E+01 -6.39432389E+01 -4.94887100E+01 -6.09802805E+01 -8.34503654E+01 -8.71148944E+01 -8.66001704E+01 -7.70404571E+01 -5.51103803E+01 -4.50534674E+01 -7.37808224E+01 -8.68475542E+01 -8.72045294E+01 -8.58612386E+01 -7.11125766E+01 -3.89417104E+01 -5.38242630E+01 -8.46067901E+01 -8.73098634E+01 -8.74909895E+01 -8.39736143E+01 -5.68895131E+01 -3.16098044E+01 -7.58601328E+01 -9.16216858E+01 -9.34783594E+01 -9.23118177E+01 -7.27079379E+01 -3.35628009E+00  2.80901500E-01  1.29981577E-01 -1.84359120E+00 -7.14905129E+01 -9.21594719E+01 -9.34823674E+01 -9.16511852E+01 -7.52472194E+01 -3.37483629E+01 -5.71101395E+01 -8.26367716E+01 -8.74400942E+01 -8.74210214E+01 -8.39555816E+01 -5.98817485E+01 -4.14291874E+01 -6.94122157E+01 -8.49192593E+01 -8.72533838E+01 -8.65304514E+01 -7.35447778E+01 -4.87210245E+01 -5.39341495E+01 -7.76665323E+01 -8.58385457E+01 -8.71451473E+01 -8.28039999E+01 -6.24055713E+01 -4.87890669E+01 -6.77219564E+01 -8.11387434E+01 -8.68667966E+01 -8.53154312E+01 -7.32340474E+01 -5.60981682E+01 -5.69925276E+01 -7.23513137E+01 -8.43426532E+01 -8.64272366E+01 -8.06284533E+01 -6.58663454E+01 -5.88000340E+01 -6.42024289E+01 -7.82908502E+01 -8.61195124E+01 -8.47541397E+01 -7.46773482E+01 -6.11363379E+01 -6.07813911E+01 -6.87769182E+01 -8.25813609E+01 -8.62933083E+01 -8.04823760E+01 -6.76611432E+01 -6.18197142E+01 -6.36308443E+01 -7.46613462E+01 -8.54165684E+01 -8.42851353E+01 -7.36772850E+01 -6.45514953E+01 -6.28339538E+01 -6.59025897E+01 -7.83534422E+01 -8.54306080E+01 -8.04457941E+01 -6.77712820E+01 -6.21551971E+01 -6.52818951E+01 -6.96516108E+01 -8.29802551E+01 -8.51060050E+01 -7.59558223E+01 -6.18833111E+01 -6.21363212E+01 -6.59573910E+01 -7.48874445E+01 -8.50682048E+01 -8.28289629E+01 -7.03081529E+01 -6.03178665E+01 -6.23961807E+01 -6.80354240E+01 -8.00578512E+01 -8.51068149E+01 -7.75082459E+01 -6.82127226E+01 -6.28302313E+01 -6.58663629E+01 -7.23631935E+01 -8.38717937E+01 -8.29605385E+01 -7.34588515E+01 -6.53077982E+01 -6.41227372E+01 -6.79969155E+01 -7.65327802E+01 -8.46210894E+01 -7.79656854E+01 -7.06314796E+01 -6.25208740E+01
 -6.41635068E+01 -7.09639046E+01 -8.18446932E+01 -8.43562151E+01 -7.68422326E+01 -7.07358113E+01 -6.63330954E+01 -6.53111920E+01 -7.69364103E+01 -8.42800550E+01 -8.26711041E+01 -7.31504837E+01 -6.79872906E+01 -6.39109919E+01 -7.03896623E+01 -8.17037474E+01 -8.49029244E+01 -7.95198920E+01 -7.11451795E+01 -6.44225867E+01 -6.38591009E+01 -7.37318797E+01 -8.44216136E+01 -8.35089006E+01 -7.60098155E+01 -6.83321593E+01 -6.20270822E+01 -6.60739599E+01 -8.02182344E+01 -8.51830951E+01 -8.18418612E+01 -7.38202019E+01 -6.38573527E+01 -6.27233099E+01 -7.39177247E+01 -8.47081878E+01 -8.42767718E+01 -8.00938028E+01 -6.97610996E+01 -5.88551680E+01 -6.50431694E+01 -8.12058860E+01 -8.59235233E+01 -8.26966116E+01 -7.56908289E+01 -6.29689248E+01 -5.68441494E+01 -7.45648015E+01 -8.52338158E+01 -8.56020852E+01 -8.00160520E+01 -7.07841847E+01 -5.52946800E+01 -6.43778838E+01 -8.15975883E+01 -8.63399538E+01 -8.45969304E+01 -7.72276350E+01 -6.27222976E+01 -5.46327829E+01 -7.30936945E+01 -8.54451301E+01 -8.64141005E+01 -8.30388350E+01 -7.22830445E+01 -5.37806111E+01 -6.10404062E+01 -8.18053880E+01 -8.69365201E+01 -8.62342967E+01 -8.04439979E+01 -6.17751613E+01 -4.96152435E+01 -7.20392325E+01 -8.57633362E+01 -8.69058912E+01 -8.55896960E+01 -7.64107076E+01 -5.12853803E+01 -5.32042773E+01 -8.06697864E+01 -8.70759170E+01 -8.71459690E+01 -8.46519146E+01 -6.76635094E+01 -4.24899968E+01 -6.61817562E+01 -8.56672724E+01 -8.72960748E+01 -8.72612324E+01 -8.10081069E+01 -5.24455819E+01 -4.00422317E+01 -8.20456814E+01 -9.15885800E+01 -9.33773627E+01 -9.20475962E+01 -7.02549185E+01 -2.96324830E+00  1.01469630E-01  1.13602617E-01 -2.90022513E+00 -7.03844522E+01 -9.19809569E+01 -9.34700572E+01 -9.18002678E+01 -8.13040734E+01 -4.02358008E+01 -5.30306764E+01 -8.18274792E+01 -8.70522824E+01 -8.73124462E+01 -8.63418196E+01 -6.74223203E+01 -4.40962324E+01 -6.64584833E+01 -8.41078963E+01 -8.71643207E+01 -8.71576314E+01 -8.13267793E+01 -5.74800135E+01 -4.99936438E+01 -7.31444901E+01 -8.58436287E+01 -8.73041581E+01 -8.56671017E+01 -7.32761998E+01 -5.36543067E+01 -6.00685191E+01 -7.95182279E+01 -8.63429477E+01 -8.68024603E+01 -8.16354302E+01 -6.30158225E+01 -5.43832465E+01 -6.84488711E+01 -8.28073759E+01 -8.70205441E+01 -8.58693079E+01 -7.42811683E+01 -5.82047956E+01 -6.01339775E+01 -7.48096155E+01 -8.52699276E+01 -8.68508322E+01 -8.11983464E+01 -6.59567169E+01 -5.67442963E+01 -6.52588391E+01 -7.93371406E+01 -8.65078387E+01 -8.51647086E+01 -7.38699780E+01 -5.97749029E+01 -5.86481309E+01 -7.12427110E+01 -8.34218278E+01 -8.63460628E+01 -8.04304481E+01 -6.84707824E+01 -5.87025507E+01 -6.41776830E+01 -7.76960849E+01 -8.57356271E+01 -8.49685497E+01 -7.50275185E+01 -6.28909226E+01 -6.04965884E+01 -6.97719708E+01 -8.14362201E+01 -8.60165500E+01 -8.13264456E+01 -6.98741651E+01 -5.97265187E+01 -6.45167874E+01 -7.56770386E+01 -8.44777528E+01 -8.43429973E+01 -7.56686195E+01 -6.50301879E+01 -6.16450672E+01 -6.99754889E+01 -8.06600546E+01 -8.52391963E+01 -8.12083331E+01 -7.22144629E+01 -6.34047832E+01 -6.37229187E+01 -7.37095267E+01 -8.28795178E+01 -8.39227586E+01 -7.54852796E+01 -6.92870491E+01 -6.43254651E+01 -6.80560860E+01 -7.87054241E+01 -8.46497441E+01 -8.05078341E+01 -7.30555809E+01 -6.83363901E+01
 -7.27090798E+01 -8.09023162E+01 -8.46996836E+01 -8.24781416E+01 -7.04059445E+01 -6.18604052E+01 -6.36860232E+01 -7.68554820E+01 -8.32840218E+01 -8.46821310E+01 -7.70826394E+01 -6.54586504E+01 -5.62541707E+01 -6.97704064E+01 -8.04791182E+01 -8.41541435E+01 -8.29543793E+01 -7.35195158E+01 -5.99658038E+01 -6.15143144E+01 -7.43330191E+01 -8.27319505E+01 -8.47464271E+01 -7.96921052E+01 -6.52765360E+01 -5.70792468E+01 -6.80941117E+01 -7.90373025E+01 -8.42403446E+01 -8.48349360E+01 -7.47568580E+01 -5.95685710E+01 -5.95172721E+01 -7.35388469E+01 -8.24179171E+01 -8.60502776E+01 -8.36489480E+01 -6.93572318E+01 -5.39392009E+01 -6.40819909E+01 -7.80350132E+01 -8.51210950E+01 -8.69054031E+01 -8.06572739E+01 -6.07483970E+01 -5.19374163E+01 -6.90192934E+01 -8.11626324E+01 -8.68557474E+01 -8.66801356E+01 -7.54122913E+01 -5.22802530E+01 -5.73714446E+01 -7.48199861E+01 -8.39097027E+01 -8.72745022E+01 -8.53028332E+01 -6.77794363E+01 -5.01254558E+01 -6.41762968E+01 -7.83170609E+01 -8.63882223E+01 -8.71354907E+01 -8.20131265E+01 -6.04156038E+01 -5.01545768E+01 -6.85997294E+01 -8.32795347E+01 -8.70589790E+01 -8.66409518E+01 -7.75951894E+01 -5.22130990E+01 -5.31321667E+01 -7.56975453E+01 -8.62524173E+01 -8.71845929E+01 -8.59614552E+01 -7.12988644E+01 -4.79804183E+01 -5.82397688E+01 -8.19025532E+01 -8.69416178E+01 -8.71591657E+01 -8.44291947E+01 -6.46319577E+01 -4.10185402E+01 -6.66909731E+01 -8.62091700E+01 -8.74885367E+01 -8.74345584E+01 -8.27875257E+01 -4.78228214E+01 -3.84505881E+01 -8.15725470E+01 -9.18096461E+01 -9.34241105E+01 -9.23910571E+01 -7.04499146E+01 -3.29237468E+00  8.27999571E-02  1.70458010E-01 -3.42254186E+00 -7.32447841E+01 -9.24192912E+01 -9.36546272E+01 -9.15384142E+01 -7.32062217E+01 -3.59198824E+01 -5.90085672E+01 -8.21378022E+01 -8.70900217E+01 -8.72189894E+01 -8.28511897E+01 -5.64890420E+01 -5.19575083E+01 -7.07321494E+01 -8.44333873E+01 -8.69677604E+01 -8.59981461E+01 -7.16286658E+01 -5.36072129E+01 -6.22287191E+01 -7.77511489E+01 -8.53841292E+01 -8.67408662E+01 -8.09069285E+01 -6.13958183E+01 -5.64012777E+01 -6.89814908E+01 -8.14989558E+01 -8.61459995E+01 -8.48792323E+01 -7.21417201E+01 -5.73701372E+01 -6.21934351E+01 -7.56560634E+01 -8.34480994E+01 -8.52940168E+01 -8.01641975E+01 -6.39805156E+01 -5.83405274E+01 -6.67560125E+01 -8.04512599E+01 -8.47021627E+01 -8.29674394E+01 -7.20952396E+01 -6.01896310E+01 -5.99797483E+01 -7.46655544E+01 -8.35184501E+01 -8.54018710E+01 -7.94933134E+01 -6.63171179E+01 -5.75719310E+01 -6.42804272E+01 -8.03224987E+01 -8.46882278E+01 -8.42932487E+01 -7.34337084E+01 -5.99806608E+01 -6.07511851E+01 -7.18010325E+01 -8.28868011E+01 -8.42293750E+01 -8.07484003E+01 -6.65107677E+01 -5.84053039E+01 -6.59553529E+01 -7.76206033E+01 -8.34848183E+01 -8.31153069E+01 -7.45048919E+01 -6.06683927E+01 -6.23421939E+01 -7.30953712E+01 -8.17999130E+01 -8.34416017E+01 -8.15900911E+01 -6.58994126E+01 -6.08193457E+01 -6.91477672E+01 -7.82571163E+01 -8.30375595E+01 -8.28239824E+01 -7.49506266E+01 -5.94145776E+01 -6.30439068E+01 -7.31436660E+01 -8.11777044E+01 -8.39541048E+01 -8.22324140E+01 -6.71691213E+01 -5.84953938E+01 -6.68899789E+01 -7.68629015E+01 -8.29642490E+01 -8.46842375E+01 -7.66854120E+01 -6.12217535E+01 -6.18301674E+01
 -4.89380538E+01 -5.63096868E+01 -7.73101534E+01 -8.54848106E+01 -8.63712787E+01 -8.35251374E+01 -6.42969516E+01 -4.65516685E+01 -6.59496462E+01 -8.25276298E+01 -8.64337388E+01 -8.55870542E+01 -7.83863206E+01 -5.38262644E+01 -5.30404717E+01 -7.38621724E+01 -8.59907172E+01 -8.61233856E+01 -8.43301788E+01 -6.91436815E+01 -4.89118001E+01 -6.00888911E+01 -8.22880242E+01 -8.65004657E+01 -8.56209180E+01 -8.01663480E+01 -5.56612664E+01 -5.03252404E+01 -7.31365927E+01 -8.54198573E+01 -8.65351962E+01 -8.48682036E+01 -6.93540790E+01 -4.48601000E+01 -5.97637883E+01 -8.06640837E+01 -8.70113803E+01 -8.63420005E+01 -8.08129197E+01 -5.49025820E+01 -4.64022255E+01 -7.12610925E+01 -8.53876131E+01 -8.69926412E+01 -8.54040647E+01 -7.13152004E+01 -4.62818059E+01 -5.84745296E+01 -7.99709822E+01 -8.69766789E+01 -8.67294797E+01 -8.04160341E+01 -5.87060774E+01 -4.77770291E+01 -7.00529342E+01 -8.46628288E+01 -8.70148090E+01 -8.49961011E+01 -7.25685366E+01 -4.90787515E+01 -5.70711304E+01 -8.00346643E+01 -8.69102893E+01 -8.68390349E+01 -8.11869802E+01 -6.12975704E+01 -4.83590320E+01 -7.00983894E+01 -8.54319042E+01 -8.70836403E+01 -8.55137100E+01 -7.45718743E+01 -5.03598919E+01 -5.39545187E+01 -8.15322292E+01 -8.72095201E+01 -8.71066869E+01 -8.36993686E+01 -6.21675351E+01 -4.35687274E+01 -7.00988564E+01 -8.63548217E+01 -8.71952215E+01 -8.68552314E+01 -7.82110867E+01 -4.55384695E+01 -5.32004054E+01 -8.32175824E+01 -8.71322616E+01 -8.72985032E+01 -8.62260815E+01 -6.43350411E+01 -3.13867903E+01 -7.39621242E+01 -9.15793333E+01 -9.34691031E+01 -9.25947754E+01 -7.43437589E+01 -3.84756218E+00  1.27973434E-01  3.30431150E-02 -2.57810173E+00 -6.93183769E+01 -9.19999016E+01 -9.32714542E+01 -9.16919928E+01 -8.29636181E+01 -4.17134618E+01 -4.80796476E+01 -8.07865077E+01 -8.72168121E+01 -8.73302210E+01 -8.64214896E+01 -7.05077749E+01 -4.39766159E+01 -6.05154017E+01 -8.17486285E+01 -8.68950508E+01 -8.72543463E+01 -8.30350216E+01 -6.26353624E+01 -4.93089524E+01 -7.01038129E+01 -8.49554235E+01 -8.74262931E+01 -8.65922003E+01 -7.74325080E+01 -5.28851481E+01 -5.47682286E+01 -7.58281828E+01 -8.61163171E+01 -8.73253110E+01 -8.48851540E+01 -6.79522429E+01 -4.86321109E+01 -6.17318061E+01 -8.06575180E+01 -8.69416415E+01 -8.71289259E+01 -8.15901243E+01 -6.10838614E+01 -4.89637472E+01 -6.71194464E+01 -8.40195759E+01 -8.71570380E+01 -8.65605305E+01 -7.59714735E+01 -5.55759599E+01 -5.14226694E+01 -7.42413566E+01 -8.57656016E+01 -8.72119888E+01 -8.48787986E+01 -6.95273264E+01 -4.90872455E+01 -5.92726309E+01 -8.00697458E+01 -8.70513529E+01 -8.68301595E+01 -8.00033002E+01 -6.14984212E+01 -5.17319141E+01 -6.75935932E+01 -8.43065042E+01 -8.70351543E+01 -8.51563013E+01 -7.28716977E+01 -5.33820961E+01 -5.32506438E+01 -7.73033376E+01 -8.58648627E+01 -8.70033908E+01 -8.22361612E+01 -6.61108513E+01 -5.01249974E+01 -6.30046442E+01 -8.17120823E+01 -8.69983611E+01 -8.59116772E+01 -7.66560943E+01 -5.51343307E+01 -5.06831220E+01 -7.21223899E+01 -8.48187884E+01 -8.67886515E+01 -8.43670121E+01 -6.95261933E+01 -4.69836573E+01 -6.06632275E+01 -8.00478994E+01 -8.63666522E+01 -8.63978162E+01 -8.19163246E+01 -5.92878511E+01 -4.89368279E+01 -6.98355728E+01 -8.36248888E+01 -8.67711582E+01 -8.56801289E+01 -7.55906865E+01
 -5.58037006E+01 -7.53504240E+01 -8.40996393E+01 -8.48541752E+01 -8.02317172E+01 -6.49100870E+01 -5.06502192E+01 -6.51474757E+01 -8.03668575E+01 -8.41387911E+01 -8.51340801E+01 -7.58539881E+01 -5.57218216E+01 -5.41301999E+01 -7.14866053E+01 -8.15130216E+01 -8.47244967E+01 -8.18965774E+01 -6.81856091E+01 -5.37992195E+01 -6.22210236E+01 -7.57338075E+01 -8.49991022E+01 -8.49450206E+01 -7.55965503E+01 -5.90938023E+01 -5.61579046E+01 -6.80147018E+01 -8.27411980E+01 -8.63048684E+01 -8.25541052E+01 -7.08294924E+01 -5.64982127E+01 -5.93282191E+01 -7.52749857E+01 -8.62103707E+01 -8.57100898E+01 -7.84331549E+01 -6.09425565E+01 -5.29570444E+01 -6.28639278E+01 -8.27255726E+01 -8.66099184E+01 -8.36427192E+01 -7.25697185E+01 -5.59926232E+01 -5.25737864E+01 -7.55372296E+01 -8.65439721E+01 -8.66905312E+01 -8.02220370E+01 -6.42579168E+01 -5.18947645E+01 -6.14922279E+01 -8.35266216E+01 -8.73842899E+01 -8.62794042E+01 -7.68571823E+01 -5.64759244E+01 -4.82296221E+01 -7.05938411E+01 -8.60666587E+01 -8.74858168E+01 -8.60443458E+01 -7.06244743E+01 -4.62438790E+01 -5.26238837E+01 -8.06149823E+01 -8.69329871E+01 -8.70036289E+01 -8.22455780E+01 -5.95934065E+01 -4.20701577E+01 -6.80536215E+01 -8.54035861E+01 -8.73224936E+01 -8.75490238E+01 -7.90881490E+01 -4.66390665E+01 -4.46345152E+01 -7.94416572E+01 -8.68386653E+01 -8.73466656E+01 -8.68534515E+01 -7.05657226E+01 -3.31853343E+01 -5.63157165E+01 -8.44507126E+01 -8.73243158E+01 -8.74325656E+01 -8.46340725E+01 -5.15732325E+01 -2.79560299E+01 -7.67108003E+01 -9.16481386E+01 -9.36076666E+01 -9.27476611E+01 -7.10856092E+01 -2.90511212E+00  3.52800475E-01  0.00000000E+00 -2.99491262E+00 -6.93943207E+01 -9.23499873E+01 -9.36718184E+01 -9.17560216E+01 -7.63138282E+01 -3.24836191E+01 -5.12872993E+01 -8.22811480E+01 -8.73560368E+01 -8.72137353E+01 -8.48018594E+01 -5.95836316E+01 -3.87778777E+01 -6.71285563E+01 -8.46625582E+01 -8.71511734E+01 -8.66838331E+01 -7.68988909E+01 -4.99873292E+01 -5.20707387E+01 -7.53046853E+01 -8.60834740E+01 -8.72451120E+01 -8.43690791E+01 -6.59107258E+01 -5.03432750E+01 -6.33218781E+01 -7.99807301E+01 -8.66218943E+01 -8.68663190E+01 -7.78827043E+01 -5.41438967E+01 -5.48831894E+01 -7.00827410E+01 -8.34820556E+01 -8.71810800E+01 -8.56194196E+01 -6.93722484E+01 -5.07199520E+01 -5.91864613E+01 -7.50326494E+01 -8.47927681E+01 -8.68678104E+01 -8.11103272E+01 -6.08709803E+01 -5.27417699E+01 -6.33289077E+01 -7.95549135E+01 -8.57561046E+01 -8.56634756E+01 -7.32624714E+01 -5.49028923E+01 -5.61138524E+01 -6.91676533E+01 -8.25601013E+01 -8.57063421E+01 -8.23973905E+01 -6.58540091E+01 -5.30180511E+01 -6.12909102E+01 -7.82479825E+01 -8.50601255E+01 -8.52433675E+01 -7.77698980E+01 -5.97792549E+01 -5.06278287E+01 -7.01180269E+01 -8.29106406E+01 -8.64483863E+01 -8.34015248E+01 -7.01341331E+01 -5.15683100E+01 -6.03138100E+01 -7.59738498E+01 -8.48876804E+01 -8.55574352E+01 -7.95212386E+01 -6.14164081E+01 -5.33339637E+01 -6.74760911E+01 -8.09857048E+01 -8.58871984E+01 -8.45037864E+01 -7.31711583E+01 -5.43775253E+01 -5.84185646E+01 -7.52073769E+01 -8.39098077E+01 -8.55745533E+01 -8.07704744E+01 -6.36562140E+01 -5.43739331E+01 -6.52135600E+01 -8.18340714E+01 -8.53969492E+01 -8.49614948E+01 -7.47053647E+01 -5.77058930E+01
 -6.11088530E+01 -7.36971974E+01 -8.55188344E+01 -8.48392773E+01 -7.46247791E+01 -6.47633917E+01 -6.09964642E+01 -6.51501983E+01 -7.98893759E+01 -8.64759822E+01 -8.24018999E+01 -7.07889905E+01 -6.29877926E+01 -6.01099054E+01 -7.29404784E+01 -8.41060246E+01 -8.57728330E+01 -7.75973107E+01 -6.63621755E+01 -5.90816220E+01 -6.47018714E+01 -7.88099574E+01 -8.60587567E+01 -8.37564008E+01 -7.34748210E+01 -6.55544639E+01 -5.90464298E+01 -7.19245479E+01 -8.41574832E+01 -8.62446574E+01 -7.92912462E+01 -6.91270165E+01 -5.95578858E+01 -6.20054742E+01 -7.81172249E+01 -8.66551757E+01 -8.45287238E+01 -7.60526213E+01 -6.41546353E+01 -5.80070478E+01 -6.71817156E+01 -8.35173708E+01 -8.69235711E+01 -8.28064581E+01 -7.17281919E+01 -5.92386603E+01 -5.82765539E+01 -7.58522055E+01 -8.63503079E+01 -8.63300873E+01 -7.95067177E+01 -6.46196765E+01 -5.43592252E+01 -6.55658132E+01 -8.23746055E+01 -8.69356773E+01 -8.53009338E+01 -7.43471344E+01 -5.82611993E+01 -5.42195591E+01 -7.26339865E+01 -8.58009064E+01 -8.72569683E+01 -8.38850429E+01 -6.88544030E+01 -5.06455031E+01 -6.05641853E+01 -8.16931932E+01 -8.71753927E+01 -8.66447929E+01 -8.12671143E+01 -5.86270793E+01 -5.07263047E+01 -7.07473381E+01 -8.57435687E+01 -8.72248574E+01 -8.61336829E+01 -7.53875395E+01 -5.00769234E+01 -5.47388543E+01 -8.03314126E+01 -8.72523368E+01 -8.73055343E+01 -8.51404296E+01 -6.72110845E+01 -4.24233069E+01 -6.54719973E+01 -8.61662934E+01 -8.73749483E+01 -8.73634714E+01 -8.31331634E+01 -5.04690500E+01 -3.60277598E+01 -8.03224528E+01 -9.17730110E+01 -9.35669240E+01 -9.26387108E+01 -7.15285463E+01 -2.04995605E+00  5.70126196E-02  2.83474170E-02 -3.30602329E+00 -7.30821675E+01 -9.26439139E+01 -9.35429938E+01 -9.18570067E+01 -7.52185288E+01 -3.41500942E+01 -5.81735834E+01 -8.38946014E+01 -8.73841898E+01 -8.72736735E+01 -8.32703872E+01 -5.68618869E+01 -4.40193859E+01 -7.13541963E+01 -8.63760992E+01 -8.72901594E+01 -8.62683813E+01 -7.46074928E+01 -4.94274497E+01 -5.64072279E+01 -7.92233943E+01 -8.69404225E+01 -8.71007062E+01 -8.19203850E+01 -6.35159261E+01 -5.13011605E+01 -6.55577560E+01 -8.32965874E+01 -8.71353650E+01 -8.53783172E+01 -7.61310891E+01 -5.78512726E+01 -5.59377988E+01 -7.40735460E+01 -8.52987383E+01 -8.67479414E+01 -8.16433891E+01 -6.88452482E+01 -5.43678083E+01 -6.18725872E+01 -7.90604266E+01 -8.64222644E+01 -8.42028061E+01 -7.80885349E+01 -6.13261277E+01 -5.63398998E+01 -6.95669505E+01 -8.36832080E+01 -8.60562523E+01 -8.17695227E+01 -7.15270726E+01 -5.68952269E+01 -6.00616212E+01 -7.63865046E+01 -8.56272660E+01 -8.45355737E+01 -7.80603841E+01 -6.63133163E+01 -5.65018407E+01 -6.83305919E+01 -8.17260492E+01 -8.61368392E+01 -8.12506016E+01 -7.39724534E+01 -6.15745571E+01 -6.18197321E+01 -7.34700977E+01 -8.47561895E+01 -8.44551078E+01 -7.93185034E+01 -6.87466117E+01 -6.27283687E+01 -6.66648443E+01 -7.85943000E+01 -8.61611846E+01 -8.25729427E+01 -7.48123540E+01 -6.53074803E+01 -6.26748136E+01 -7.04704946E+01 -8.35513583E+01 -8.47801624E+01 -7.90259821E+01 -6.94832878E+01 -6.41097463E+01 -6.36693494E+01 -7.65865713E+01 -8.61223481E+01 -8.24323460E+01 -7.47806679E+01 -6.73985503E+01 -6.29372914E+01 -6.72257023E+01 -8.27423347E+01 -8.58517915E+01 -7.97890118E+01 -6.97271609E+01 -6.42531092E+01
 -6.00307119E+01 -8.21347352E+01 -8.73440412E+01 -8.68744931E+01 -8.14732114E+01 -6.33786971E+01 -4.91429331E+01 -7.00379832E+01 -8.51122120E+01 -8.71524931E+01 -8.59696742E+01 -7.52698244E+01 -5.30888315E+01 -5.50429209E+01 -7.90198125E+01 -8.66599106E+01 -8.69373992E+01 -8.32131450E+01 -6.60200778E+01 -5.06436634E+01 -6.60074580E+01 -8.36898023E+01 -8.69419533E+01 -8.62804868E+01 -7.78975156E+01 -5.64209128E+01 -5.36003592E+01 -7.46950352E+01 -8.55518091E+01 -8.67314306E+01 -8.45551491E+01 -7.02816733E+01 -5.26615182E+01 -6.20535124E+01 -8.12423860E+01 -8.69188001E+01 -8.69706225E+01 -8.06131912E+01 -6.11113735E+01 -5.12786311E+01 -7.19538218E+01 -8.45352556E+01 -8.71848963E+01 -8.56830571E+01 -7.61035171E+01 -5.41129457E+01 -5.65762035E+01 -7.73026555E+01 -8.63177938E+01 -8.69338831E+01 -8.25984719E+01 -6.76659831E+01 -5.09898319E+01 -6.51137087E+01 -8.19243727E+01 -8.71397930E+01 -8.59338012E+01 -7.77925889E+01 -6.02129725E+01 -5.20076981E+01 -7.21528825E+01 -8.55994058E+01 -8.69840129E+01 -8.38421857E+01 -7.12760044E+01 -5.45626747E+01 -5.69303734E+01 -7.98287380E+01 -8.70026202E+01 -8.63455171E+01 -8.12196582E+01 -6.30375210E+01 -4.91177991E+01 -6.64230404E+01 -8.51891763E+01 -8.70721885E+01 -8.54997295E+01 -7.74650992E+01 -5.73014064E+01 -5.06865176E+01 -7.82395039E+01 -8.71555237E+01 -8.71731288E+01 -8.39265677E+01 -7.02736300E+01 -4.57475086E+01 -6.14765047E+01 -8.56655518E+01 -8.74089403E+01 -8.70075978E+01 -8.27404721E+01 -5.81901381E+01 -3.82261113E+01 -7.83042024E+01 -9.17509093E+01 -9.35725583E+01 -9.25883848E+01 -7.20035435E+01 -2.52687476E+00  1.54747285E-02  2.19509076E-01 -3.30198112E+00 -7.17741643E+01 -9.25810259E+01 -9.35322847E+01 -9.17010192E+01 -7.64803369E+01 -3.42333599E+01 -6.25557284E+01 -8.50902775E+01 -8.74087465E+01 -8.72694073E+01 -8.45213891E+01 -5.74538195E+01 -4.63077027E+01 -7.56646392E+01 -8.61825827E+01 -8.73663213E+01 -8.70505781E+01 -7.72069419E+01 -4.81476841E+01 -5.99878271E+01 -8.14517855E+01 -8.69987958E+01 -8.71753938E+01 -8.40478724E+01 -6.14690667E+01 -4.84467250E+01 -6.94549373E+01 -8.44631094E+01 -8.72112880E+01 -8.66530180E+01 -7.65953005E+01 -5.26758942E+01 -5.73648633E+01 -7.79094085E+01 -8.64377582E+01 -8.71404947E+01 -8.39356998E+01 -6.64200150E+01 -4.98725310E+01 -6.79571672E+01 -8.34669893E+01 -8.70417196E+01 -8.66776677E+01 -7.98547690E+01 -5.58836988E+01 -5.43226007E+01 -7.56539764E+01 -8.62268202E+01 -8.72767112E+01 -8.51487322E+01 -7.14976553E+01 -5.17131228E+01 -6.18445382E+01 -8.27282825E+01 -8.72170494E+01 -8.65592955E+01 -8.11154592E+01 -6.25042635E+01 -5.15722306E+01 -7.15937972E+01 -8.59992310E+01 -8.72356521E+01 -8.54547618E+01 -7.42220122E+01 -5.43417071E+01 -5.69770599E+01 -8.07438343E+01 -8.71059939E+01 -8.68886724E+01 -8.27216399E+01 -6.54994044E+01 -5.04974745E+01 -6.88595104E+01 -8.55494266E+01 -8.71733563E+01 -8.61779096E+01 -7.71418147E+01 -5.60164188E+01 -5.40759858E+01 -7.98612638E+01 -8.69696382E+01 -8.71174700E+01 -8.42996118E+01 -6.90208984E+01 -4.67572232E+01 -6.52873113E+01 -8.49222153E+01 -8.73054983E+01 -8.67030643E+01 -8.00682105E+01 -5.68264364E+01 -4.95355896E+01 -7.51988268E+01 -8.64812607E+01 -8.72242806E+01 -8.51976100E+01 -7.20454775E+01 -4.87640830E+01
 -5.80206081E+01 -6.14546570E+01 -7.57452403E+01 -8.48085669E+01 -8.59356841E+01 -8.04808707E+01 -6.42031117E+01 -5.49070921E+01 -6.77988895E+01 -8.02120327E+01 -8.58637011E+01 -8.52643194E+01 -7.29245220E+01 -5.69507823E+01 -5.94381657E+01 -7.43154274E+01 -8.37084008E+01 -8.62385595E+01 -8.15858625E+01 -6.45321705E+01 -5.31578589E+01 -6.47925953E+01 -8.01943478E+01 -8.63869627E+01 -8.58980740E+01 -7.55124903E+01 -5.66756186E+01 -5.47303414E+01 -7.18252740E+01 -8.40311656E+01 -8.65382789E+01 -8.28675989E+01 -6.78558961E+01 -5.45167423E+01 -6.18542637E+01 -7.97674539E+01 -8.63758500E+01 -8.60524384E+01 -7.76084430E+01 -5.91615198E+01 -5.53660529E+01 -7.01508148E+01 -8.41953488E+01 -8.65971371E+01 -8.39173397E+01 -6.82798220E+01 -5.36585640E+01 -6.04658548E+01 -7.89741002E+01 -8.60133587E+01 -8.63572076E+01 -7.88377844E+01 -6.01114704E+01 -5.27718333E+01 -6.90141710E+01 -8.40348443E+01 -8.69420575E+01 -8.49023409E+01 -7.03601116E+01 -5.23676911E+01 -5.89474944E+01 -7.81169850E+01 -8.63042486E+01 -8.69581971E+01 -8.09200524E+01 -6.14788516E+01 -4.93818423E+01 -6.85389138E+01 -8.45706450E+01 -8.72666888E+01 -8.58753084E+01 -7.32857390E+01 -5.23266402E+01 -5.52394019E+01 -8.01516513E+01 -8.69440042E+01 -8.68785872E+01 -8.20508554E+01 -6.39908195E+01 -4.51440726E+01 -7.05803734E+01 -8.64075158E+01 -8.72134739E+01 -8.64029244E+01 -7.59610355E+01 -4.76529544E+01 -5.18287921E+01 -8.33576382E+01 -8.72860105E+01 -8.73606106E+01 -8.48761674E+01 -6.18560347E+01 -3.26445185E+01 -7.30346385E+01 -9.14377524E+01 -9.35671978E+01 -9.25448086E+01 -7.34471198E+01 -4.74852881E+00  1.95650923E-01  9.23306149E-02 -2.40967862E+00 -6.99371864E+01 -9.23434247E+01 -9.33644538E+01 -9.15619421E+01 -8.06757634E+01 -3.92097500E+01 -5.18162388E+01 -8.34197929E+01 -8.74186556E+01 -8.73990843E+01 -8.59412881E+01 -6.67893792E+01 -4.04356439E+01 -6.51394794E+01 -8.40885352E+01 -8.72204115E+01 -8.72221425E+01 -8.07863221E+01 -5.60318070E+01 -4.92391617E+01 -7.35191670E+01 -8.51249754E+01 -8.71874544E+01 -8.58634744E+01 -7.31826189E+01 -5.11356581E+01 -5.66718599E+01 -7.77805101E+01 -8.61615320E+01 -8.68379473E+01 -8.19976486E+01 -6.62731226E+01 -5.00575327E+01 -6.47209618E+01 -8.18652458E+01 -8.66673546E+01 -8.50129294E+01 -7.70801549E+01 -5.95730081E+01 -5.30971004E+01 -7.20814684E+01 -8.44935845E+01 -8.63473182E+01 -8.27521894E+01 -7.25040707E+01 -5.56503287E+01 -5.62190028E+01 -7.70216273E+01 -8.58997389E+01 -8.56765629E+01 -7.92465437E+01 -6.73554320E+01 -5.47951448E+01 -6.35750959E+01 -8.24358091E+01 -8.66001257E+01 -8.37433881E+01 -7.58324875E+01 -6.21722096E+01 -5.50875806E+01 -7.23256390E+01 -8.44970926E+01 -8.56179761E+01 -8.20224854E+01 -7.14872609E+01 -5.65643624E+01 -6.00215431E+01 -7.62457411E+01 -8.53588496E+01 -8.46322681E+01 -7.81433156E+01 -6.45109320E+01 -5.58419345E+01 -6.53671852E+01 -8.04714637E+01 -8.64346863E+01 -8.36305680E+01 -7.31744046E+01 -5.88361501E+01 -5.90468089E+01 -7.26306082E+01 -8.35382954E+01 -8.59835674E+01 -8.11649678E+01 -6.75070283E+01 -5.68521065E+01 -6.42424822E+01 -7.85328161E+01 -8.54894754E+01 -8.51057173E+01 -7.66865530E+01 -6.25260252E+01 -5.71121969E+01 -6.97459632E+01 -8.16393833E+01 -8.61229649E+01 -8.27928057E+01 -7.21936669E+01
 -6.06141377E+01 -7.63665630E+01 -8.58202771E+01 -8.72062548E+01 -8.09110870E+01 -6.51608031E+01 -5.81118016E+01 -6.61907967E+01 -8.16761297E+01 -8.71445186E+01 -8.63884140E+01 -7.44602082E+01 -6.16845200E+01 -5.75521050E+01 -7.32647662E+01 -8.58924074E+01 -8.71883280E+01 -8.42182079E+01 -6.72379193E+01 -5.64619073E+01 -6.29220141E+01 -8.03379688E+01 -8.69710232E+01 -8.70736060E+01 -8.00002954E+01 -6.29139964E+01 -5.30342973E+01 -6.77099528E+01 -8.43440227E+01 -8.72539710E+01 -8.60384297E+01 -7.36081516E+01 -5.41310186E+01 -5.57898650E+01 -7.63986927E+01 -8.65667564E+01 -8.74884293E+01 -8.31524374E+01 -6.32270904E+01 -4.72670878E+01 -6.33431112E+01 -8.20459493E+01 -8.75090624E+01 -8.70760315E+01 -7.97746452E+01 -5.43820219E+01 -4.75380719E+01 -7.33251959E+01 -8.60691612E+01 -8.72891721E+01 -8.61302389E+01 -7.37541205E+01 -4.60253093E+01 -5.41210065E+01 -8.20777177E+01 -8.72431691E+01 -8.72176395E+01 -8.28967482E+01 -6.38708652E+01 -4.42566343E+01 -6.82800783E+01 -8.58789684E+01 -8.74819175E+01 -8.63731390E+01 -7.81951551E+01 -5.12811590E+01 -5.13526425E+01 -8.04412606E+01 -8.71470023E+01 -8.71349671E+01 -8.49957897E+01 -6.81287528E+01 -3.91296281E+01 -6.56439068E+01 -8.57735198E+01 -8.73208844E+01 -8.68956191E+01 -8.10545018E+01 -5.23075648E+01 -4.31107005E+01 -7.83970959E+01 -8.68618976E+01 -8.71122687E+01 -8.61661631E+01 -7.19845217E+01 -3.53542846E+01 -5.89732868E+01 -8.62229072E+01 -8.75559520E+01 -8.75102421E+01 -8.42979593E+01 -5.42680221E+01 -3.40899937E+01 -7.84750909E+01 -9.16099939E+01 -9.32085259E+01 -9.21770902E+01 -7.16283610E+01 -2.62332934E+00  6.49885895E-02  2.00138857E-01 -2.19928634E+00 -7.34699100E+01 -9.24310132E+01 -9.36710816E+01 -9.15294137E+01 -7.58529089E+01 -3.29644769E+01 -5.84439344E+01 -8.34908208E+01 -8.68770317E+01 -8.71200727E+01 -8.41622243E+01 -5.66843167E+01 -4.26564778E+01 -7.27013305E+01 -8.45286177E+01 -8.70395236E+01 -8.67327858E+01 -7.62833838E+01 -4.74839234E+01 -5.88358486E+01 -7.87771858E+01 -8.61049864E+01 -8.72360954E+01 -8.40688240E+01 -6.20547931E+01 -4.94242931E+01 -7.05778026E+01 -8.14791603E+01 -8.66960762E+01 -8.67737536E+01 -7.63678741E+01 -5.07149656E+01 -6.33143142E+01 -7.56252368E+01 -8.43321730E+01 -8.67840442E+01 -8.50932640E+01 -6.59918591E+01 -5.32744839E+01 -7.28414805E+01 -7.76759275E+01 -8.49957086E+01 -8.66624065E+01 -7.82625510E+01 -5.69586848E+01 -6.14150891E+01 -7.26362218E+01 -7.96105159E+01 -8.69464411E+01 -8.52465556E+01 -6.89514538E+01 -5.36621229E+01 -6.82202119E+01 -7.56309921E+01 -8.44720259E+01 -8.68911174E+01 -8.14966133E+01 -5.89613230E+01 -5.98451580E+01 -7.22300732E+01 -7.92524577E+01 -8.60801489E+01 -8.52911621E+01 -6.88591456E+01 -5.59273576E+01 -6.39180966E+01 -7.45816512E+01 -8.42580846E+01 -8.66350751E+01 -7.96032493E+01 -6.07838353E+01 -5.64351735E+01 -6.56232070E+01 -7.92112529E+01 -8.62273001E+01 -8.61579364E+01 -7.20678994E+01 -5.54282446E+01 -6.22124865E+01 -6.99260107E+01 -8.33493654E+01 -8.69834676E+01 -8.32384312E+01 -6.46609862E+01 -5.70343903E+01 -6.33648305E+01 -7.73421999E+01 -8.61548898E+01 -8.67866266E+01 -7.72000884E+01 -6.36225559E+01 -5.98555587E+01 -6.96015440E+01 -8.38218066E+01 -8.69335937E+01 -8.40245749E+01 -6.97974512E+01 -6.05092886E+01
 -6.51887830E+01 -8.16393196E+01 -8.63664654E+01 -8.51593562E+01 -7.78468186E+01 -6.00587442E+01 -5.47965308E+01 -7.40952435E+01 -8.43969235E+01 -8.69264223E+01 -8.46385889E+01 -7.19444069E+01 -5.08120647E+01 -6.08404012E+01 -7.97569655E+01 -8.66048246E+01 -8.67560090E+01 -8.17542745E+01 -6.39168727E+01 -5.34213423E+01 -6.95590611E+01 -8.31944464E+01 -8.70082974E+01 -8.60990974E+01 -7.58315327E+01 -5.44096289E+01 -5.86979124E+01 -7.75114221E+01 -8.54482336E+01 -8.73049387E+01 -8.39894506E+01 -6.61443848E+01 -5.40739846E+01 -6.69365247E+01 -8.02231648E+01 -8.64938982E+01 -8.71524321E+01 -7.99933061E+01 -5.93632068E+01 -5.41241195E+01 -7.27487833E+01 -8.38777558E+01 -8.69948417E+01 -8.63967213E+01 -7.23682661E+01 -5.44710234E+01 -5.90645459E+01 -7.80007755E+01 -8.55933157E+01 -8.72599927E+01 -8.43131304E+01 -6.65516736E+01 -5.05652780E+01 -6.60229002E+01 -8.22111374E+01 -8.69486807E+01 -8.64311247E+01 -7.95419501E+01 -5.92980159E+01 -5.62310824E+01 -7.37471693E+01 -8.57923626E+01 -8.72134250E+01 -8.57325687E+01 -7.18570895E+01 -4.93691520E+01 -5.97231126E+01 -8.03848681E+01 -8.67639229E+01 -8.68046548E+01 -8.36596175E+01 -6.21184150E+01 -4.66077889E+01 -6.98100349E+01 -8.42998623E+01 -8.72551328E+01 -8.64511504E+01 -7.99934433E+01 -5.16981805E+01 -5.30014222E+01 -7.76458610E+01 -8.67534402E+01 -8.71130013E+01 -8.55566116E+01 -6.99986561E+01 -4.31233541E+01 -6.24465836E+01 -8.52843609E+01 -8.73677199E+01 -8.72891760E+01 -8.39995922E+01 -5.45200935E+01 -3.90618117E+01 -7.78068753E+01 -9.13827116E+01 -9.33607546E+01 -9.24222848E+01 -7.12134530E+01 -3.53120724E+00  3.89389983E-01  2.11717708E-01 -2.10920025E+00 -7.12938544E+01 -9.29180394E+01 -9.35699824E+01 -9.12834608E+01 -8.06637590E+01 -3.70441715E+01 -5.61745930E+01 -8.38390409E+01 -8.72879103E+01 -8.73684940E+01 -8.55796022E+01 -6.25569164E+01 -4.26076027E+01 -7.14193335E+01 -8.53863231E+01 -8.70964784E+01 -8.67373283E+01 -7.76473821E+01 -5.05100492E+01 -5.43611341E+01 -7.73315206E+01 -8.61702833E+01 -8.72251391E+01 -8.42466358E+01 -6.80307326E+01 -4.85332231E+01 -6.38354261E+01 -8.20983319E+01 -8.73389080E+01 -8.67810180E+01 -7.95298624E+01 -5.98204839E+01 -5.23386391E+01 -7.23984887E+01 -8.57923833E+01 -8.71609625E+01 -8.39001253E+01 -7.30222433E+01 -5.30825618E+01 -6.10575529E+01 -7.98831868E+01 -8.65746089E+01 -8.65293828E+01 -7.86587997E+01 -6.27149867E+01 -5.32437127E+01 -6.81495792E+01 -8.35537590E+01 -8.71163509E+01 -8.32654842E+01 -7.37710900E+01 -5.88533014E+01 -5.95857439E+01 -7.74726288E+01 -8.65961258E+01 -8.66278794E+01 -7.90302945E+01 -6.54252591E+01 -5.78563175E+01 -7.01616564E+01 -8.36050753E+01 -8.69347977E+01 -8.40539415E+01 -7.20918243E+01 -5.74169815E+01 -6.22621068E+01 -7.82604855E+01 -8.57099133E+01 -8.61250121E+01 -7.98469543E+01 -6.37777312E+01 -5.76538793E+01 -7.33911968E+01 -8.22683362E+01 -8.65344020E+01 -8.41592674E+01 -7.36447029E+01 -5.60856713E+01 -6.27560594E+01 -7.74743725E+01 -8.50227330E+01 -8.65583690E+01 -8.29554428E+01 -6.63090681E+01 -5.62203542E+01 -6.98886708E+01 -8.07685344E+01 -8.65954607E+01 -8.60093123E+01 -7.77681380E+01 -5.74649502E+01 -5.74365124E+01 -7.42344259E+01 -8.51029700E+01 -8.68292940E+01 -8.23664183E+01 -6.98388234E+01 -5.22390689E+01
 -6.17597269E+01 -7.97059494E+01 -8.46089495E+01 -8.50545930E+01 -7.79410221E+01 -6.33995861E+01 -5.47870691E+01 -6.94084144E+01 -8.25942626E+01 -8.51188094E+01 -8.33204777E+01 -7.28927938E+01 -5.74702544E+01 -5.74854197E+01 -7.75154892E+01 -8.49943639E+01 -8.55146870E+01 -8.03357384E+01 -6.62856527E+01 -5.09187378E+01 -6.64952189E+01 -8.28467205E+01 -8.54254020E+01 -8.51814578E+01 -7.58498124E+01 -5.67319613E+01 -5.46656613E+01 -7.49663882E+01 -8.46967382E+01 -8.60232629E+01 -8.23888894E+01 -6.91890519E+01 -5.14963044E+01 -6.25264785E+01 -8.19743974E+01 -8.50345871E+01 -8.58154054E+01 -7.95901757E+01 -6.18574307E+01 -5.29071568E+01 -7.26096263E+01 -8.38231079E+01 -8.63224951E+01 -8.51419786E+01 -7.35210610E+01 -5.33414140E+01 -5.99195582E+01 -7.91879513E+01 -8.50570325E+01 -8.66367240E+01 -8.26922728E+01 -6.60619434E+01 -5.16421090E+01 -6.88765854E+01 -8.20659847E+01 -8.66197608E+01 -8.65367684E+01 -7.78710536E+01 -5.81669419E+01 -5.52057736E+01 -7.45290029E+01 -8.50551947E+01 -8.68925609E+01 -8.50469544E+01 -7.10812387E+01 -5.07502673E+01 -6.14404657E+01 -8.09166120E+01 -8.69994598E+01 -8.68751789E+01 -8.18727698E+01 -6.13517112E+01 -4.90236347E+01 -6.99575388E+01 -8.60898325E+01 -8.72375694E+01 -8.64008914E+01 -7.68925543E+01 -5.42009805E+01 -5.38107576E+01 -8.12023149E+01 -8.71622071E+01 -8.72732500E+01 -8.53985566E+01 -6.82463949E+01 -4.01542396E+01 -6.42013702E+01 -8.63299405E+01 -8.72701970E+01 -8.71533959E+01 -8.33133153E+01 -5.51868806E+01 -3.57859602E+01 -8.12387065E+01 -9.18101310E+01 -9.36104713E+01 -9.26396502E+01 -7.11721330E+01 -2.22274333E+00  2.90170499E-02  2.69312006E-02 -3.58791075E+00 -7.10347095E+01 -9.24275194E+01 -9.35305736E+01 -9.16742106E+01 -8.03469952E+01 -3.61834391E+01 -5.31505241E+01 -8.34037984E+01 -8.72978086E+01 -8.72794992E+01 -8.58021704E+01 -6.36450197E+01 -4.03805589E+01 -6.94975311E+01 -8.49114356E+01 -8.71657222E+01 -8.68039055E+01 -7.92065005E+01 -5.03523146E+01 -5.24087493E+01 -7.76849281E+01 -8.59544315E+01 -8.70382183E+01 -8.49107029E+01 -6.70344575E+01 -4.81801420E+01 -6.35759483E+01 -8.10927165E+01 -8.61571526E+01 -8.67488179E+01 -7.92532002E+01 -5.69575594E+01 -5.39737343E+01 -7.15202672E+01 -8.31638205E+01 -8.65719714E+01 -8.43992686E+01 -6.84262260E+01 -5.33702251E+01 -6.25399810E+01 -7.88315781E+01 -8.47025490E+01 -8.65058372E+01 -7.88572147E+01 -5.82993271E+01 -5.67484369E+01 -6.98630980E+01 -8.24437758E+01 -8.57159861E+01 -8.44028076E+01 -7.10345206E+01 -5.44235698E+01 -6.09370267E+01 -7.69008073E+01 -8.37385353E+01 -8.58739743E+01 -7.99176227E+01 -6.22387950E+01 -5.55991512E+01 -6.82259931E+01 -8.14231015E+01 -8.55086510E+01 -8.45876262E+01 -7.21714146E+01 -5.98291947E+01 -5.94685692E+01 -7.49281827E+01 -8.41144056E+01 -8.61141658E+01 -8.06072674E+01 -6.55591912E+01 -5.67776284E+01 -6.52625432E+01 -7.98959764E+01 -8.48449674E+01 -8.52566173E+01 -7.41197754E+01 -6.13183934E+01 -5.87953874E+01 -7.25905598E+01 -8.31645817E+01 -8.58851361E+01 -8.29073857E+01 -6.92694280E+01 -5.80008076E+01 -6.46352336E+01 -7.95815663E+01 -8.49889211E+01 -8.52712787E+01 -7.68217456E+01 -6.10884303E+01 -5.87038518E+01 -7.26452861E+01 -8.30766470E+01 -8.56525193E+01 -8.25752805E+01 -7.03851854E+01 -5.79314556E+01
 -5.61553770E+01 -6.93732357E+01 -8.38424159E+01 -8.53945355E+01 -7.93843722E+01 -7.06912056E+01 -5.89523251E+01 -5.87799893E+01 -7.63028860E+01 -8.60126197E+01 -8.44508041E+01 -7.67088425E+01 -6.61213002E+01 -5.65697994E+01 -6.46383380E+01 -8.23192431E+01 -8.68496598E+01 -8.19018680E+01 -7.38835934E+01 -6.08650723E+01 -5.46115644E+01 -7.10175704E+01 -8.59372546E+01 -8.60455262E+01 -7.98154472E+01 -6.85407167E+01 -5.56847621E+01 -5.89261111E+01 -7.88336800E+01 -8.71900774E+01 -8.41239581E+01 -7.65923012E+01 -6.29676848E+01 -5.44525553E+01 -6.79682181E+01 -8.46160844E+01 -8.67956330E+01 -8.19122603E+01 -7.17585130E+01 -5.78197348E+01 -5.73441383E+01 -7.85753204E+01 -8.68227357E+01 -8.53375684E+01 -7.85529612E+01 -6.57471479E+01 -5.15870300E+01 -6.74856134E+01 -8.48405798E+01 -8.73054568E+01 -8.49198186E+01 -7.53789066E+01 -5.52157015E+01 -5.24645814E+01 -7.78744205E+01 -8.67371320E+01 -8.66467921E+01 -8.30445484E+01 -6.71053885E+01 -4.50637783E+01 -6.19404110E+01 -8.32656002E+01 -8.71680437E+01 -8.62112189E+01 -8.06247863E+01 -5.38571127E+01 -4.55755607E+01 -7.42159161E+01 -8.66038661E+01 -8.70504389E+01 -8.51824631E+01 -7.01297300E+01 -4.13423274E+01 -5.61515513E+01 -8.27328828E+01 -8.72095101E+01 -8.70009852E+01 -8.28443475E+01 -5.72185543E+01 -4.15786282E+01 -7.18362631E+01 -8.63693838E+01 -8.74122485E+01 -8.68786639E+01 -7.62996145E+01 -4.04363295E+01 -5.44162949E+01 -8.37045551E+01 -8.74995858E+01 -8.74092779E+01 -8.59697880E+01 -6.03816817E+01 -2.96752564E+01 -7.26043569E+01 -9.16579710E+01 -9.34636848E+01 -9.25975459E+01 -7.40574056E+01 -2.94452183E+00  5.83079662E-02  1.47483515E-01 -3.23835948E+00 -7.21584529E+01 -9.26186557E+01 -9.34400948E+01 -9.16889564E+01 -7.64830956E+01 -3.38919861E+01 -5.35220342E+01 -8.37127803E+01 -8.73753248E+01 -8.74085779E+01 -8.40755226E+01 -5.74619616E+01 -4.09497458E+01 -6.82366642E+01 -8.52420085E+01 -8.70385522E+01 -8.69050121E+01 -7.44130855E+01 -4.80106181E+01 -5.43918623E+01 -7.78249389E+01 -8.63663994E+01 -8.72969669E+01 -8.37885569E+01 -6.19409414E+01 -4.85260677E+01 -6.75624413E+01 -8.24785411E+01 -8.71899226E+01 -8.68518371E+01 -7.53992137E+01 -5.17144175E+01 -5.30323121E+01 -7.31938302E+01 -8.54613599E+01 -8.72521811E+01 -8.37744935E+01 -6.50176434E+01 -5.09549900E+01 -5.95597914E+01 -7.96320929E+01 -8.66731575E+01 -8.64214587E+01 -7.74399667E+01 -5.96503250E+01 -5.39452460E+01 -6.68782539E+01 -8.38647934E+01 -8.73594334E+01 -8.37467375E+01 -6.84880558E+01 -5.75736933E+01 -5.56232861E+01 -7.37689548E+01 -8.56739220E+01 -8.67067409E+01 -7.85975897E+01 -6.42449952E+01 -5.83557570E+01 -6.12220123E+01 -7.97470480E+01 -8.65130825E+01 -8.42124495E+01 -7.13111689E+01 -6.20799708E+01 -5.65968820E+01 -6.62274386E+01 -8.41887218E+01 -8.67028586E+01 -7.98583274E+01 -6.80307800E+01 -6.12623502E+01 -5.68838314E+01 -7.38437180E+01 -8.64814579E+01 -8.50059614E+01 -7.46504181E+01 -6.58601978E+01 -5.92013323E+01 -6.24644973E+01 -8.17146115E+01 -8.63690410E+01 -8.13889580E+01 -7.05597661E+01 -6.44410340E+01 -5.53910445E+01 -7.04752702E+01 -8.48409205E+01 -8.45602791E+01 -7.71608210E+01 -6.76432826E+01 -5.92665418E+01 -6.04367918E+01 -8.03042749E+01 -8.59904672E+01 -8.15000312E+01 -7.28074891E+01 -6.56930477E+01
 -5.91159894E+01 -6.77073046E+01 -8.31014738E+01 -8.59239849E+01 -8.14491419E+01 -7.13250279E+01 -6.06416038E+01 -5.86191659E+01 -7.51238112E+01 -8.59233199E+01 -8.48915114E+01 -7.87322842E+01 -6.59390083E+01 -5.65844365E+01 -6.45237268E+01 -8.20750336E+01 -8.59934303E+01 -8.29688574E+01 -7.37817259E+01 -5.94394181E+01 -5.71241599E+01 -7.48174844E+01 -8.49957456E+01 -8.53674273E+01 -8.03278323E+01 -6.64956369E+01 -5.45982717E+01 -6.54648044E+01 -8.08319937E+01 -8.63841874E+01 -8.42184053E+01 -7.60200458E+01 -5.79600347E+01 -5.55323209E+01 -7.32727411E+01 -8.45926647E+01 -8.64412444E+01 -8.27656509E+01 -6.92611302E+01 -5.29903854E+01 -6.29119564E+01 -7.94793475E+01 -8.62523490E+01 -8.58289311E+01 -7.94765613E+01 -6.12043383E+01 -5.47532392E+01 -7.04503672E+01 -8.44307448E+01 -8.65629952E+01 -8.44694342E+01 -7.16271571E+01 -5.40653687E+01 -5.94687336E+01 -7.93371605E+01 -8.60596556E+01 -8.60716381E+01 -8.08168818E+01 -6.43131102E+01 -5.33296425E+01 -6.91440026E+01 -8.39167900E+01 -8.67153849E+01 -8.51723980E+01 -7.43831027E+01 -5.55671575E+01 -5.44099828E+01 -7.72750956E+01 -8.63150215E+01 -8.63392873E+01 -8.19760636E+01 -6.74877198E+01 -5.01084658E+01 -6.45864760E+01 -8.40840309E+01 -8.71655798E+01 -8.63146392E+01 -7.91516058E+01 -5.79141433E+01 -4.78259803E+01 -7.52933594E+01 -8.69748821E+01 -8.68935121E+01 -8.50548906E+01 -7.37162670E+01 -4.34484801E+01 -5.67482876E+01 -8.42677454E+01 -8.72093432E+01 -8.72368193E+01 -8.38655524E+01 -5.92775003E+01 -3.29432702E+01 -7.51145058E+01 -9.18118476E+01 -9.34920834E+01 -9.23190268E+01 -7.22666510E+01 -3.27556420E+00  2.07434367E-01  1.38657691E-01 -3.93164162E+00 -7.26021845E+01 -9.27320734E+01 -9.34714499E+01 -9.16168342E+01 -7.76195416E+01 -3.62559940E+01 -5.71567316E+01 -8.38494184E+01 -8.74023376E+01 -8.72765041E+01 -8.41833208E+01 -5.95313554E+01 -4.35121956E+01 -7.18085411E+01 -8.60645522E+01 -8.72541645E+01 -8.63601374E+01 -7.54342259E+01 -4.96513163E+01 -5.46454859E+01 -7.91090182E+01 -8.65159192E+01 -8.71327376E+01 -8.28594113E+01 -6.37539708E+01 -5.13010801E+01 -6.54675673E+01 -8.26941690E+01 -8.70502433E+01 -8.62804790E+01 -7.48308746E+01 -5.86241694E+01 -5.61949685E+01 -7.22765751E+01 -8.49107103E+01 -8.70260449E+01 -8.19867526E+01 -6.84012671E+01 -5.62785590E+01 -6.14155545E+01 -7.75681401E+01 -8.62402221E+01 -8.62190424E+01 -7.66602627E+01 -6.45150954E+01 -5.39275371E+01 -6.85081712E+01 -8.18748774E+01 -8.66531209E+01 -8.32150316E+01 -7.10548712E+01 -5.89430975E+01 -5.97158130E+01 -7.42312007E+01 -8.45887221E+01 -8.62083526E+01 -7.88386601E+01 -6.81741244E+01 -5.80531379E+01 -6.56032655E+01 -7.92415127E+01 -8.57150892E+01 -8.41886692E+01 -7.35497151E+01 -6.18223693E+01 -5.82336132E+01 -7.25760333E+01 -8.17585827E+01 -8.63795964E+01 -7.97565396E+01 -7.07200564E+01 -5.95530147E+01 -6.20230026E+01 -7.65418234E+01 -8.52800953E+01 -8.56607138E+01 -7.55402519E+01 -6.68160910E+01 -5.92680051E+01 -6.78839012E+01 -8.08862853E+01 -8.68760730E+01 -8.29943061E+01 -7.16819588E+01 -6.06174882E+01 -6.02795692E+01 -7.24982025E+01 -8.47141436E+01 -8.64105601E+01 -7.86897045E+01 -6.68090005E+01 -5.97993153E+01 -6.30940303E+01 -7.77616976E+01 -8.63926228E+01 -8.40380859E+01 -7.51739344E+01 -6.46771452E+01
 -6.18682833E+01 -7.53788421E+01 -8.53301374E+01 -8.21914472E+01 -7.59536319E+01 -6.62629965E+01 -6.13740859E+01 -6.54034002E+01 -8.10284127E+01 -8.49765195E+01 -8.07434753E+01 -7.44271285E+01 -6.46337255E+01 -6.01582466E+01 -6.99572217E+01 -8.47999054E+01 -8.40204075E+01 -7.94589703E+01 -7.00516305E+01 -6.13136476E+01 -5.88868024E+01 -7.67605103E+01 -8.56227026E+01 -8.21080192E+01 -7.73140206E+01 -6.71408268E+01 -5.77781058E+01 -6.56558801E+01 -8.31292154E+01 -8.49094219E+01 -8.01393951E+01 -7.60516463E+01 -6.36848121E+01 -5.81799114E+01 -7.38721325E+01 -8.51924523E+01 -8.33470714E+01 -7.88838293E+01 -7.12104682E+01 -5.80996114E+01 -6.45617912E+01 -7.97610404E+01 -8.59027844E+01 -8.13427030E+01 -7.63785320E+01 -6.53837324E+01 -5.67572883E+01 -7.07717246E+01 -8.37153321E+01 -8.49182914E+01 -8.04594646E+01 -7.35361166E+01 -5.96813701E+01 -6.19689785E+01 -7.74398497E+01 -8.57930287E+01 -8.37701115E+01 -7.83665877E+01 -6.55690807E+01 -5.50590378E+01 -6.75435206E+01 -8.30106315E+01 -8.67062630E+01 -8.26404458E+01 -7.41844503E+01 -5.76740405E+01 -5.66923896E+01 -7.62385562E+01 -8.63936708E+01 -8.63068682E+01 -8.16546475E+01 -6.80238826E+01 -5.03636363E+01 -6.33982072E+01 -8.37105471E+01 -8.71133311E+01 -8.55902147E+01 -7.82031550E+01 -5.56821699E+01 -4.96834842E+01 -7.59761745E+01 -8.66882691E+01 -8.70886903E+01 -8.41861723E+01 -6.94778849E+01 -4.39484981E+01 -5.96712093E+01 -8.49902162E+01 -8.71935387E+01 -8.71071227E+01 -8.34659753E+01 -5.63712904E+01 -3.57133890E+01 -7.70683353E+01 -9.18194731E+01 -9.36268331E+01 -9.27801569E+01 -7.22281430E+01 -2.60194792E+00  3.39774825E-01  1.60015636E-01 -2.66704655E+00 -7.31938457E+01 -9.23604516E+01 -9.34692392E+01 -9.14938930E+01 -7.56647884E+01 -3.32424481E+01 -6.08904356E+01 -8.49376864E+01 -8.73876727E+01 -8.73326373E+01 -8.41730639E+01 -5.46357423E+01 -4.50296902E+01 -7.32595173E+01 -8.57085256E+01 -8.73611197E+01 -8.66269145E+01 -7.24509439E+01 -4.89945157E+01 -5.74410772E+01 -7.97871715E+01 -8.69108251E+01 -8.72237151E+01 -8.17238399E+01 -6.18986692E+01 -4.91067553E+01 -6.71080216E+01 -8.43073980E+01 -8.71913303E+01 -8.57880358E+01 -7.30088910E+01 -5.57352116E+01 -5.37528997E+01 -7.59885834E+01 -8.59017295E+01 -8.69108356E+01 -8.05492810E+01 -6.56602621E+01 -5.45972361E+01 -6.36280450E+01 -8.11231256E+01 -8.69668671E+01 -8.50982582E+01 -7.35167085E+01 -6.17758141E+01 -5.54921156E+01 -7.16977135E+01 -8.51813350E+01 -8.64438313E+01 -8.03750891E+01 -6.76956231E+01 -5.84430703E+01 -6.11398299E+01 -7.93057644E+01 -8.68062752E+01 -8.47957702E+01 -7.45724479E+01 -6.33083815E+01 -5.63387334E+01 -6.90275893E+01 -8.41979528E+01 -8.68721873E+01 -7.97776393E+01 -6.97406369E+01 -6.06380956E+01 -5.95055056E+01 -7.60539247E+01 -8.59976504E+01 -8.50356909E+01 -7.53322970E+01 -6.64938399E+01 -5.68217906E+01 -6.62173401E+01 -8.24738834E+01 -8.63353479E+01 -8.06763775E+01 -7.14509205E+01 -6.23527739E+01 -6.00884440E+01 -7.36257297E+01 -8.56237567E+01 -8.50193359E+01 -7.63547504E+01 -6.79653612E+01 -5.97885109E+01 -6.37344937E+01 -7.92540823E+01 -8.62602383E+01 -8.19116830E+01 -7.30314742E+01 -6.40208187E+01 -5.99048404E+01 -6.88517569E+01 -8.33555682E+01 -8.49760353E+01 -7.90841630E+01 -7.02758278E+01 -6.10710264E+01
 -6.71910918E+01 -8.41509207E+01 -8.71634423E+01 -8.65007801E+01 -7.68634433E+01 -5.25519107E+01 -5.49811904E+01 -7.52303579E+01 -8.60714253E+01 -8.73268799E+01 -8.45992379E+01 -6.78181153E+01 -4.76364581E+01 -6.33758070E+01 -7.95314929E+01 -8.68341330E+01 -8.71820770E+01 -8.13829912E+01 -5.69003739E+01 -5.32735993E+01 -7.11856110E+01 -8.24985450E+01 -8.70431179E+01 -8.59635324E+01 -7.19690169E+01 -4.94234212E+01 -6.05815962E+01 -7.68810309E+01 -8.53917329E+01 -8.69414328E+01 -8.29904224E+01 -6.08929710E+01 -4.88740898E+01 -6.88265883E+01 -8.12263684E+01 -8.64982791E+01 -8.62029608E+01 -7.64293305E+01 -5.18293995E+01 -5.36655343E+01 -7.38086903E+01 -8.45698214E+01 -8.69705072E+01 -8.38326818E+01 -6.75889616E+01 -5.06648893E+01 -6.04662452E+01 -7.95137311E+01 -8.69024524E+01 -8.62879832E+01 -7.99253311E+01 -6.09093535E+01 -5.06433595E+01 -6.78302904E+01 -8.37266881E+01 -8.71675306E+01 -8.49082590E+01 -7.42849912E+01 -5.62562427E+01 -5.38191931E+01 -7.52130825E+01 -8.66429983E+01 -8.70446490E+01 -8.23406831E+01 -6.83303636E+01 -5.09916448E+01 -6.15810624E+01 -8.28370549E+01 -8.73579810E+01 -8.64458861E+01 -8.04692548E+01 -6.11971759E+01 -4.65589408E+01 -7.12499993E+01 -8.66395190E+01 -8.73112111E+01 -8.57626730E+01 -7.60086491E+01 -5.07381367E+01 -5.08356856E+01 -8.14325323E+01 -8.72450678E+01 -8.72486787E+01 -8.39289510E+01 -6.75861221E+01 -4.05655277E+01 -6.37000963E+01 -8.58688080E+01 -8.72774272E+01 -8.71480439E+01 -8.26296044E+01 -5.24130766E+01 -3.80379629E+01 -7.95863908E+01 -9.17316931E+01 -9.36169581E+01 -9.24698911E+01 -7.22577463E+01 -2.50991598E+00  1.00604765E-01  1.76769794E-01 -4.26574274E+00 -7.41951364E+01 -9.26729914E+01 -9.36130377E+01 -9.15043777E+01 -7.55583290E+01 -3.11838824E+01 -6.32242313E+01 -8.57886424E+01 -8.74085001E+01 -8.72974167E+01 -8.47781682E+01 -5.47337128E+01 -4.32776752E+01 -7.78907273E+01 -8.65363897E+01 -8.72623456E+01 -8.67976746E+01 -7.46947355E+01 -4.16377617E+01 -5.95590836E+01 -8.44291316E+01 -8.72498516E+01 -8.71768333E+01 -8.31345674E+01 -5.94231891E+01 -4.30565062E+01 -7.45527996E+01 -8.64788380E+01 -8.72989447E+01 -8.65930204E+01 -7.69514136E+01 -4.61642766E+01 -5.51952008E+01 -8.33310464E+01 -8.71455050E+01 -8.70883667E+01 -8.47640067E+01 -6.56276254E+01 -4.29429097E+01 -7.02997756E+01 -8.62788639E+01 -8.72208716E+01 -8.65377285E+01 -7.86253838E+01 -5.07513799E+01 -5.10975040E+01 -8.14739421E+01 -8.71503254E+01 -8.71891195E+01 -8.46460618E+01 -6.95148009E+01 -4.32247162E+01 -6.48612287E+01 -8.55751348E+01 -8.73633031E+01 -8.67109069E+01 -8.03300577E+01 -5.51583269E+01 -4.77920384E+01 -7.77823187E+01 -8.68426122E+01 -8.70856821E+01 -8.54043433E+01 -7.17026569E+01 -4.51166268E+01 -6.14690364E+01 -8.43697434E+01 -8.72037745E+01 -8.67579018E+01 -8.15687005E+01 -5.83603031E+01 -4.73886145E+01 -7.54374237E+01 -8.65591801E+01 -8.70804434E+01 -8.56386112E+01 -7.20827823E+01 -4.71987147E+01 -5.86359897E+01 -8.27954465E+01 -8.70259575E+01 -8.68026607E+01 -8.23198812E+01 -6.03294571E+01 -4.59430752E+01 -7.10953068E+01 -8.55916992E+01 -8.70184823E+01 -8.57915910E+01 -7.37874900E+01 -5.06175017E+01 -5.64794720E+01 -7.98585449E+01 -8.66826722E+01 -8.72247600E+01 -8.38028055E+01 -6.28993845E+01 -4.88301737E+01
 -5.87551568E+01 -7.24180147E+01 -8.52960435E+01 -8.65568112E+01 -8.10455932E+01 -6.88138547E+01 -5.85937064E+01 -6.37798808E+01 -7.84838877E+01 -8.66144761E+01 -8.48487163E+01 -7.67951696E+01 -6.32548816E+01 -6.00022168E+01 -7.02202173E+01 -8.41261280E+01 -8.67358419E+01 -8.21725423E+01 -7.16226318E+01 -5.97787733E+01 -6.00907577E+01 -7.70508045E+01 -8.63046101E+01 -8.55469411E+01 -7.81178629E+01 -6.72163786E+01 -5.67823633E+01 -6.66157292E+01 -8.28145594E+01 -8.66305165E+01 -8.32624468E+01 -7.41206976E+01 -6.13699104E+01 -5.70920767E+01 -7.48893237E+01 -8.59120955E+01 -8.58789442E+01 -8.04508026E+01 -6.93215349E+01 -5.65397480E+01 -6.33083229E+01 -8.20749790E+01 -8.70834812E+01 -8.51151680E+01 -7.82207543E+01 -6.26347940E+01 -5.50562543E+01 -7.25989024E+01 -8.57496038E+01 -8.69073728E+01 -8.38214110E+01 -7.25092707E+01 -5.33643876E+01 -5.95081898E+01 -8.03698119E+01 -8.68312789E+01 -8.60992125E+01 -8.02964670E+01 -6.45512509E+01 -5.11434427E+01 -6.89512882E+01 -8.55532561E+01 -8.70062771E+01 -8.51378573E+01 -7.44759326E+01 -5.38002864E+01 -5.37213128E+01 -7.97414012E+01 -8.69174454E+01 -8.70251955E+01 -8.36197821E+01 -6.58847242E+01 -4.72147224E+01 -6.66404273E+01 -8.54818357E+01 -8.72484009E+01 -8.69252333E+01 -7.96508301E+01 -5.34399982E+01 -5.06095146E+01 -7.96147460E+01 -8.71818486E+01 -8.71807863E+01 -8.61184728E+01 -7.14594343E+01 -4.02647031E+01 -6.19304113E+01 -8.58870069E+01 -8.73988857E+01 -8.75128948E+01 -8.47576514E+01 -5.72797120E+01 -3.56188564E+01 -8.01343568E+01 -9.16372754E+01 -9.34880985E+01 -9.26063174E+01 -7.33696345E+01 -2.80595791E+00  4.70552287E-02  9.76257459E-02 -3.87457062E+00 -7.37902136E+01 -9.27469955E+01 -9.35845098E+01 -9.17145050E+01 -7.64991117E+01 -3.38419592E+01 -5.84125315E+01 -8.44070112E+01 -8.73487375E+01 -8.73519173E+01 -8.50423047E+01 -5.72285377E+01 -4.47924717E+01 -7.44244769E+01 -8.57412017E+01 -8.72438388E+01 -8.66847205E+01 -7.56712078E+01 -4.58182723E+01 -6.00803423E+01 -8.01062610E+01 -8.63060494E+01 -8.71234967E+01 -8.39714800E+01 -6.22957584E+01 -5.03978137E+01 -7.12290281E+01 -8.23026963E+01 -8.65093296E+01 -8.64007079E+01 -7.68340916E+01 -5.29001947E+01 -5.99356861E+01 -7.77549162E+01 -8.41463863E+01 -8.65825036E+01 -8.33265629E+01 -6.61184158E+01 -5.11124755E+01 -6.90697706E+01 -8.12923278E+01 -8.57657404E+01 -8.53023403E+01 -7.66448058E+01 -5.68223021E+01 -5.69121491E+01 -7.45920026E+01 -8.39462465E+01 -8.62096776E+01 -8.27083008E+01 -6.97009558E+01 -5.41394684E+01 -6.34567185E+01 -7.84724740E+01 -8.51906606E+01 -8.54669186E+01 -7.84613547E+01 -6.26621967E+01 -5.67997661E+01 -6.98535278E+01 -8.25639997E+01 -8.60700542E+01 -8.37491513E+01 -7.22830581E+01 -5.82861634E+01 -5.97333951E+01 -7.55132239E+01 -8.48210376E+01 -8.59274673E+01 -8.04622245E+01 -6.75293444E+01 -5.64017205E+01 -6.60022856E+01 -8.01905649E+01 -8.63243470E+01 -8.53847589E+01 -7.62926070E+01 -6.08474752E+01 -5.74727728E+01 -7.11405038E+01 -8.40164263E+01 -8.70022897E+01 -8.28399746E+01 -7.02624593E+01 -5.90905326E+01 -6.10185170E+01 -7.67678866E+01 -8.58824999E+01 -8.64917478E+01 -7.86896801E+01 -6.61557862E+01 -5.78342828E+01 -6.55628548E+01 -8.17341279E+01 -8.70020296E+01 -8.43676090E+01 -7.37516015E+01 -6.11545307E+01
 -5.30309403E+01 -7.39544177E+01 -8.50721766E+01 -8.61357680E+01 -8.27974052E+01 -7.04604041E+01 -5.16225087E+01 -6.07108521E+01 -8.10272929E+01 -8.65664147E+01 -8.59560922E+01 -8.05597529E+01 -6.37967766E+01 -5.21078741E+01 -7.11553608E+01 -8.42743045E+01 -8.67878456E+01 -8.44835755E+01 -7.41452518E+01 -5.50615113E+01 -5.83718176E+01 -7.69244769E+01 -8.57198915E+01 -8.61887380E+01 -8.13990166E+01 -6.48984819E+01 -5.23940588E+01 -6.49841883E+01 -8.13353109E+01 -8.65321659E+01 -8.43634758E+01 -7.61020718E+01 -5.64329673E+01 -5.54004037E+01 -7.29611994E+01 -8.51962770E+01 -8.63621447E+01 -8.19818125E+01 -6.75193041E+01 -5.03136915E+01 -6.18006665E+01 -7.99072852E+01 -8.66004059E+01 -8.52882519E+01 -7.77273132E+01 -5.80367517E+01 -5.06372166E+01 -7.10827804E+01 -8.46978786E+01 -8.65175588E+01 -8.31506058E+01 -7.12525637E+01 -5.27189397E+01 -5.93814882E+01 -7.98104244E+01 -8.63979329E+01 -8.64509752E+01 -8.17366587E+01 -6.48387202E+01 -4.84730552E+01 -6.80364059E+01 -8.40673759E+01 -8.73328336E+01 -8.56709384E+01 -7.62526868E+01 -5.17895199E+01 -5.15114761E+01 -7.77354894E+01 -8.68129252E+01 -8.73497629E+01 -8.49281408E+01 -6.80885731E+01 -4.39439441E+01 -6.36626290E+01 -8.46082426E+01 -8.71475200E+01 -8.69793768E+01 -8.23287255E+01 -5.41623048E+01 -4.40332154E+01 -7.64018424E+01 -8.68871674E+01 -8.72712395E+01 -8.67299408E+01 -7.55426614E+01 -4.00903240E+01 -5.45012289E+01 -8.40991597E+01 -8.72640393E+01 -8.73516353E+01 -8.59501019E+01 -5.91916247E+01 -2.87024752E+01 -7.51834575E+01 -9.17896974E+01 -9.37277293E+01 -9.26920949E+01 -7.43011286E+01 -3.35386254E+00  7.77040999E-02  2.63366966E-01 -1.97009737E+00 -7.14551264E+01 -9.25676441E+01 -9.35619460E+01 -9.17067432E+01 -7.78030667E+01 -3.40707171E+01 -5.48948050E+01 -8.34936887E+01 -8.73035288E+01 -8.71973814E+01 -8.48246638E+01 -6.08003185E+01 -4.24173914E+01 -7.02276262E+01 -8.55333126E+01 -8.72592700E+01 -8.67440818E+01 -7.73682221E+01 -4.99240238E+01 -5.32083042E+01 -7.75107314E+01 -8.63909063E+01 -8.71252807E+01 -8.43242241E+01 -6.63191334E+01 -4.69346904E+01 -6.44465562E+01 -8.21934984E+01 -8.71143918E+01 -8.67764316E+01 -7.82945010E+01 -5.47825165E+01 -5.42131761E+01 -7.30532684E+01 -8.54724674E+01 -8.71782946E+01 -8.42562386E+01 -6.91530260E+01 -4.88845908E+01 -6.14505620E+01 -7.92514937E+01 -8.67489528E+01 -8.68668689E+01 -8.01373789E+01 -5.77163182E+01 -5.13292048E+01 -7.02109728E+01 -8.36913501E+01 -8.70471471E+01 -8.54111712E+01 -7.35470310E+01 -5.19499536E+01 -5.79518923E+01 -7.63707968E+01 -8.57465459E+01 -8.66682895E+01 -8.27083458E+01 -6.47750202E+01 -5.13668804E+01 -6.58400286E+01 -8.09203223E+01 -8.67227505E+01 -8.58255961E+01 -7.80731452E+01 -5.53918706E+01 -5.37222207E+01 -7.22845058E+01 -8.43666978E+01 -8.68975919E+01 -8.37628117E+01 -7.07323834E+01 -5.15817677E+01 -6.04233716E+01 -7.76308583E+01 -8.64731609E+01 -8.57424028E+01 -8.08470219E+01 -6.48000278E+01 -5.26808807E+01 -6.79803298E+01 -8.34997639E+01 -8.64209675E+01 -8.40693249E+01 -7.55100428E+01 -5.64083341E+01 -5.76989372E+01 -7.56681340E+01 -8.60637478E+01 -8.59456029E+01 -8.14673200E+01 -6.68608434E+01 -5.33621795E+01 -6.42934884E+01 -8.19848499E+01 -8.60048267E+01 -8.42215863E+01 -7.60139166E+01 -6.00569761E+01
 -6.57886182E+01 -7.62202030E+01 -8.51173833E+01 -8.33125540E+01 -7.32164601E+01 -6.41664359E+01 -6.55494456E+01 -7.07623229E+01 -8.02981882E+01 -8.50711611E+01 -8.03275966E+01 -6.79307032E+01 -6.26231208E+01 -6.64969423E+01 -7.40992999E+01 -8.16904094E+01 -8.51170170E+01 -7.69297498E+01 -6.34078339E+01 -5.99527005E+01 -6.82283600E+01 -7.65983474E+01 -8.45623468E+01 -8.47816423E+01 -7.32278007E+01 -6.05952228E+01 -6.12333813E+01 -7.18701782E+01 -8.08100748E+01 -8.60039152E+01 -8.31497438E+01 -6.90241746E+01 -5.54365029E+01 -6.52371190E+01 -7.71643687E+01 -8.43382773E+01 -8.67521409E+01 -8.00229811E+01 -6.08298844E+01 -5.53784599E+01 -6.94684651E+01 -8.06357321E+01 -8.69553386E+01 -8.57632446E+01 -7.35417185E+01 -5.60333833E+01 -5.90676270E+01 -7.45503349E+01 -8.48765481E+01 -8.72811095E+01 -8.51366581E+01 -6.78339853E+01 -5.17464833E+01 -6.42484207E+01 -8.03695800E+01 -8.70432584E+01 -8.70998323E+01 -8.07378391E+01 -5.72703729E+01 -5.10131756E+01 -6.96549361E+01 -8.50422825E+01 -8.72621234E+01 -8.64597774E+01 -7.36500405E+01 -4.95902667E+01 -5.51127442E+01 -7.93166723E+01 -8.71511862E+01 -8.71626199E+01 -8.41783550E+01 -6.48846608E+01 -4.45228112E+01 -6.59307518E+01 -8.50292120E+01 -8.72548771E+01 -8.70311745E+01 -8.05504079E+01 -5.14656623E+01 -4.79929850E+01 -7.86395463E+01 -8.67923369E+01 -8.71638807E+01 -8.65906573E+01 -7.11648259E+01 -3.68271973E+01 -6.01696040E+01 -8.56926606E+01 -8.73558470E+01 -8.74245686E+01 -8.50987688E+01 -5.44377123E+01 -3.25930907E+01 -7.98415732E+01 -9.14678751E+01 -9.33990568E+01 -9.27239353E+01 -7.31012794E+01 -3.50846999E+00  0.00000000E+00  2.18471016E-02 -2.35426559E+00 -7.27759613E+01 -9.26229319E+01 -9.36439753E+01 -9.14769114E+01 -7.43629914E+01 -3.23319399E+01 -5.99625222E+01 -8.38227151E+01 -8.74385176E+01 -8.72582235E+01 -8.28075829E+01 -5.40240351E+01 -4.68312532E+01 -7.53290660E+01 -8.59659561E+01 -8.72234198E+01 -8.55731378E+01 -7.15004501E+01 -4.86815362E+01 -5.87871581E+01 -8.18722243E+01 -8.68040067E+01 -8.66010968E+01 -7.92197884E+01 -6.19121945E+01 -5.04559791E+01 -7.11893476E+01 -8.40175644E+01 -8.67151660E+01 -8.35333928E+01 -7.16829693E+01 -5.51290809E+01 -5.90585246E+01 -7.76543286E+01 -8.58649549E+01 -8.55163138E+01 -7.87922852E+01 -6.51826535E+01 -5.47604900E+01 -6.72528426E+01 -8.16553279E+01 -8.61759216E+01 -8.25647628E+01 -7.35903024E+01 -6.10695265E+01 -5.81842925E+01 -7.39275822E+01 -8.37975860E+01 -8.49661615E+01 -7.86427587E+01 -6.75920896E+01 -5.85054801E+01 -6.44477005E+01 -7.80969038E+01 -8.53399464E+01 -8.27189120E+01 -7.28438509E+01 -6.58282424E+01 -6.12057424E+01 -6.95023911E+01 -8.25373538E+01 -8.54922277E+01 -7.86048864E+01 -6.92996553E+01 -6.56707319E+01 -6.46446256E+01 -7.57935294E+01 -8.53931047E+01 -8.26267272E+01 -7.34630294E+01 -6.86725898E+01 -6.47440029E+01 -7.01403532E+01 -8.18288022E+01 -8.57965691E+01 -7.87367244E+01 -6.95902706E+01 -6.64383473E+01 -6.40795332E+01 -7.53537184E+01 -8.53868278E+01 -8.37863426E+01 -7.42657269E+01 -6.86088416E+01 -6.44479851E+01 -6.63835805E+01 -8.04587318E+01 -8.55857962E+01 -8.08217817E+01 -7.01050515E+01 -6.48639753E+01 -6.25841506E+01 -7.06654242E+01 -8.34383156E+01 -8.50509754E+01 -7.73568744E+01 -6.61161584E+01 -6.51855031E+01
 -6.67876459E+01 -7.56538086E+01 -8.33367408E+01 -8.60596649E+01 -7.85009210E+01 -6.09010042E+01 -5.77152776E+01 -7.17566233E+01 -7.94944951E+01 -8.58076528E+01 -8.41778806E+01 -7.09621339E+01 -5.54684009E+01 -6.14182910E+01 -7.50271534E+01 -8.28993992E+01 -8.62617622E+01 -8.00659493E+01 -6.32329774E+01 -5.50438461E+01 -6.59597343E+01 -7.90043964E+01 -8.58626689E+01 -8.49981085E+01 -7.38363861E+01 -5.82192841E+01 -5.71133732E+01 -7.25078663E+01 -8.32231587E+01 -8.64612911E+01 -8.21505584E+01 -6.77837401E+01 -5.61803144E+01 -6.38891089E+01 -7.89341465E+01 -8.55776888E+01 -8.55360968E+01 -7.77749636E+01 -6.23816238E+01 -5.52527487E+01 -7.18467642E+01 -8.27994667E+01 -8.66363421E+01 -8.32090465E+01 -7.18608935E+01 -5.53396459E+01 -5.89311352E+01 -7.63471263E+01 -8.50775591E+01 -8.55213515E+01 -7.95734599E+01 -6.57686990E+01 -5.39227424E+01 -6.67433129E+01 -8.02611400E+01 -8.62373239E+01 -8.44843157E+01 -7.44631550E+01 -5.83154241E+01 -5.65723334E+01 -7.31711083E+01 -8.48928617E+01 -8.60706213E+01 -8.25391086E+01 -6.83863083E+01 -5.13035875E+01 -6.15356697E+01 -7.98291767E+01 -8.64245343E+01 -8.65463557E+01 -7.94603939E+01 -6.00219741E+01 -4.90917135E+01 -6.94672468E+01 -8.42843988E+01 -8.71132231E+01 -8.55477276E+01 -7.42665880E+01 -5.06245081E+01 -5.33024951E+01 -7.76895559E+01 -8.68818022E+01 -8.71205574E+01 -8.34354349E+01 -6.58088380E+01 -4.36112567E+01 -6.37619242E+01 -8.52939550E+01 -8.74734615E+01 -8.74028324E+01 -8.16970714E+01 -5.24948509E+01 -3.69165256E+01 -7.86416092E+01 -9.16956755E+01 -9.35132555E+01 -9.24708071E+01 -7.03278792E+01 -2.15265154E+00  1.04555575E-01  8.95167519E-02 -2.28425422E+00 -7.12670131E+01 -9.21421080E+01 -9.33759294E+01 -9.16368165E+01 -7.99497797E+01 -3.86668010E+01 -5.20701991E+01 -8.27654929E+01 -8.72002080E+01 -8.74272831E+01 -8.58338432E+01 -6.24008938E+01 -4.09230033E+01 -6.75475214E+01 -8.35818408E+01 -8.69708422E+01 -8.72356985E+01 -7.87961364E+01 -5.10752678E+01 -5.34085903E+01 -7.41751797E+01 -8.44761120E+01 -8.71070153E+01 -8.47240045E+01 -6.65706746E+01 -4.96241483E+01 -6.39435401E+01 -7.85062531E+01 -8.56388714E+01 -8.63431357E+01 -7.82321287E+01 -5.60398658E+01 -5.85207451E+01 -7.03889984E+01 -8.18291017E+01 -8.66132905E+01 -8.40136897E+01 -6.83390939E+01 -5.42830679E+01 -6.52262905E+01 -7.55267115E+01 -8.36916991E+01 -8.56812028E+01 -7.77933939E+01 -5.96713258E+01 -6.10075901E+01 -7.12132863E+01 -7.93544960E+01 -8.50155569E+01 -8.36297079E+01 -6.81154020E+01 -5.76945385E+01 -6.44420617E+01 -7.39180003E+01 -8.24407931E+01 -8.59134654E+01 -7.79588560E+01 -6.12202576E+01 -5.92958910E+01 -7.03062868E+01 -7.88304713E+01 -8.45054978E+01 -8.40544627E+01 -7.05743850E+01 -5.98256630E+01 -6.55540815E+01 -7.42975529E+01 -8.18573300E+01 -8.55702914E+01 -7.85784647E+01 -6.36830082E+01 -6.05089714E+01 -6.95218098E+01 -7.54756343E+01 -8.45339350E+01 -8.43036427E+01 -7.09394232E+01 -5.89843432E+01 -6.38439623E+01 -7.19760074E+01 -8.14125930E+01 -8.59702701E+01 -7.97819962E+01 -6.31549829E+01 -5.92028299E+01 -6.87175129E+01 -7.61123817E+01 -8.42272429E+01 -8.51179638E+01 -7.33461092E+01 -5.90019555E+01 -6.06526982E+01 -7.26899020E+01 -8.03904816E+01 -8.58020038E+01 -8.18440498E+01 -6.62995373E+01 -5.57724252E+01
 -6.25350291E+01 -7.82791881E+01 -8.66672993E+01 -8.63746707E+01 -7.55458441E+01 -6.02699466E+01 -5.90355841E+01 -6.59857769E+01 -8.17531664E+01 -8.68666173E+01 -8.34401709E+01 -6.97398065E+01 -5.86737596E+01 -5.93617215E+01 -7.28304057E+01 -8.52220963E+01 -8.64270774E+01 -7.88639430E+01 -6.65255958E+01 -5.84366748E+01 -6.26538869E+01 -8.00652186E+01 -8.68438792E+01 -8.46992952E+01 -7.39665926E+01 -6.17486689E+01 -5.46570008E+01 -7.00831722E+01 -8.42949611E+01 -8.69361216E+01 -8.09471617E+01 -6.88533900E+01 -5.65948227E+01 -5.70312223E+01 -7.79462544E+01 -8.63644621E+01 -8.54004549E+01 -7.78275295E+01 -6.56446559E+01 -5.52849878E+01 -6.67055469E+01 -8.30783151E+01 -8.69526025E+01 -8.27140477E+01 -7.25611348E+01 -5.98068369E+01 -5.50935373E+01 -7.47426567E+01 -8.53849676E+01 -8.59483418E+01 -7.88882063E+01 -6.79718426E+01 -5.47709403E+01 -6.15523235E+01 -8.11774413E+01 -8.68155302E+01 -8.41321112E+01 -7.49455750E+01 -6.33088619E+01 -5.45271183E+01 -6.98037442E+01 -8.49538158E+01 -8.68248423E+01 -8.18481620E+01 -7.23152543E+01 -5.68714370E+01 -5.63781360E+01 -7.74479419E+01 -8.66213654E+01 -8.58800133E+01 -7.91696085E+01 -6.55024708E+01 -4.96517190E+01 -6.40717551E+01 -8.44423145E+01 -8.71645185E+01 -8.44599623E+01 -7.64530074E+01 -5.60501682E+01 -4.86334852E+01 -7.58528572E+01 -8.69296448E+01 -8.69027464E+01 -8.21198443E+01 -7.05193926E+01 -4.58375663E+01 -5.97894641E+01 -8.41470106E+01 -8.72458646E+01 -8.63323299E+01 -8.01803438E+01 -5.57580673E+01 -3.69488184E+01 -7.59386908E+01 -9.17346172E+01 -9.34765937E+01 -9.22093767E+01 -6.85962007E+01 -2.45718259E+00  5.45178680E-02  3.92706566E-02 -3.16233357E+00 -7.21089833E+01 -9.25499575E+01 -9.35051489E+01 -9.16168617E+01 -7.77162095E+01 -3.60173182E+01 -5.72125073E+01 -8.32683642E+01 -8.71070342E+01 -8.72658882E+01 -8.47143054E+01 -5.99210462E+01 -4.44478190E+01 -7.18000275E+01 -8.52124226E+01 -8.70559639E+01 -8.69229955E+01 -7.56910625E+01 -4.94353435E+01 -5.66193204E+01 -7.96132719E+01 -8.64602305E+01 -8.72834426E+01 -8.45135540E+01 -6.38284119E+01 -4.84105021E+01 -6.62411063E+01 -8.30284606E+01 -8.69831142E+01 -8.67806120E+01 -7.61618122E+01 -5.35132977E+01 -5.36450325E+01 -7.34743913E+01 -8.52285476E+01 -8.71288145E+01 -8.38588323E+01 -6.46040656E+01 -5.11372364E+01 -6.41203091E+01 -8.01119605E+01 -8.63841086E+01 -8.63962969E+01 -7.62306840E+01 -5.57235075E+01 -5.49160634E+01 -7.44186900E+01 -8.45001480E+01 -8.71274194E+01 -8.33906174E+01 -6.72619723E+01 -5.20124734E+01 -6.45212510E+01 -7.96755799E+01 -8.62996900E+01 -8.64574428E+01 -7.74789106E+01 -5.78421604E+01 -5.51031195E+01 -7.36678738E+01 -8.39774697E+01 -8.72055970E+01 -8.40612337E+01 -6.68785052E+01 -5.24577675E+01 -6.60374667E+01 -7.87549824E+01 -8.64327470E+01 -8.67686793E+01 -7.84350012E+01 -5.80922465E+01 -5.64648320E+01 -7.26232495E+01 -8.22585537E+01 -8.67826621E+01 -8.51338023E+01 -7.00687642E+01 -5.27569742E+01 -6.33054939E+01 -7.60912856E+01 -8.52913415E+01 -8.69702034E+01 -8.10297243E+01 -6.09118388E+01 -5.46092371E+01 -6.89370894E+01 -8.07944617E+01 -8.69914985E+01 -8.56902297E+01 -7.22369697E+01 -5.69946415E+01 -6.01116615E+01 -7.25663533E+01 -8.44712345E+01 -8.72385753E+01 -8.14237684E+01 -6.47277801E+01 -5.74842621E+01
 -5.77061350E+01 -7.04139314E+01 -8.49490876E+01 -8.55976565E+01 -8.14917086E+01 -6.93089091E+01 -5.79264975E+01 -6.07835621E+01 -7.71779024E+01 -8.61229669E+01 -8.53283040E+01 -7.76842997E+01 -6.23946262E+01 -5.44620180E+01 -6.77734694E+01 -8.29884530E+01 -8.66359047E+01 -8.42295430E+01 -7.29285926E+01 -5.54209865E+01 -5.76945775E+01 -7.58451519E+01 -8.55826069E+01 -8.68775334E+01 -8.13933597E+01 -6.50931423E+01 -5.31736088E+01 -6.53110061E+01 -8.14451136E+01 -8.67584577E+01 -8.56216754E+01 -7.64509900E+01 -5.75921044E+01 -5.27770243E+01 -7.34901421E+01 -8.55704933E+01 -8.72308734E+01 -8.30610846E+01 -6.93652520E+01 -5.23046625E+01 -5.96078654E+01 -8.13658093E+01 -8.68925612E+01 -8.63381240E+01 -7.89086583E+01 -6.15244691E+01 -5.22151206E+01 -7.07196700E+01 -8.52295253E+01 -8.70228411E+01 -8.50519987E+01 -7.27723456E+01 -5.40087625E+01 -5.67666362E+01 -7.97497216E+01 -8.67063756E+01 -8.70580262E+01 -8.22629180E+01 -6.40840520E+01 -4.96508662E+01 -6.60901400E+01 -8.39088058E+01 -8.72814265E+01 -8.66557204E+01 -7.73272469E+01 -5.58709274E+01 -5.33212527E+01 -7.69991780E+01 -8.64229503E+01 -8.72058816E+01 -8.44332650E+01 -6.84515625E+01 -4.76061923E+01 -6.43197508E+01 -8.39495031E+01 -8.72229892E+01 -8.68595167E+01 -8.03695211E+01 -5.76611816E+01 -4.81925006E+01 -7.64556779E+01 -8.67730439E+01 -8.72833044E+01 -8.59470082E+01 -7.17860130E+01 -4.28206506E+01 -5.87688755E+01 -8.48852651E+01 -8.73290190E+01 -8.74353845E+01 -8.42587123E+01 -5.67332162E+01 -3.43657819E+01 -7.81217147E+01 -9.15458520E+01 -9.34438213E+01 -9.25059252E+01 -7.21603834E+01 -3.57679773E+00  8.41497956E-02  5.63549011E-02 -4.09214671E+00 -7.04192581E+01 -9.23894945E+01 -9.33888824E+01 -9.15241003E+01 -7.91198613E+01 -3.90231440E+01 -5.48818006E+01 -8.21604528E+01 -8.71874170E+01 -8.72891089E+01 -8.46882169E+01 -6.29458759E+01 -4.45344789E+01 -6.65469820E+01 -8.37455604E+01 -8.69741869E+01 -8.68119791E+01 -7.89670114E+01 -5.32939450E+01 -5.24369415E+01 -7.61132817E+01 -8.58879431E+01 -8.69017312E+01 -8.37169065E+01 -7.04119559E+01 -5.05858642E+01 -6.14868468E+01 -8.21291500E+01 -8.64928353E+01 -8.60299135E+01 -7.89275263E+01 -6.05896355E+01 -5.21490697E+01 -7.04128823E+01 -8.38754379E+01 -8.63491696E+01 -8.42095856E+01 -7.27266509E+01 -5.56787926E+01 -5.72258846E+01 -7.69068812E+01 -8.46861004E+01 -8.58888736E+01 -8.04438754E+01 -6.54535841E+01 -5.47555783E+01 -6.59719573E+01 -8.03873246E+01 -8.56983264E+01 -8.44522283E+01 -7.52890649E+01 -6.04154328E+01 -5.84299759E+01 -7.34584012E+01 -8.31820236E+01 -8.59141421E+01 -8.16893411E+01 -6.75482543E+01 -5.76496220E+01 -6.46904996E+01 -7.75508202E+01 -8.51636502E+01 -8.45660320E+01 -7.60930463E+01 -6.20016029E+01 -5.73322804E+01 -6.87565747E+01 -8.21243102E+01 -8.61556422E+01 -8.13348691E+01 -7.08438426E+01 -5.88508395E+01 -6.03887519E+01 -7.58921683E+01 -8.56077120E+01 -8.47894501E+01 -7.75738894E+01 -6.58110085E+01 -5.61611440E+01 -6.72492857E+01 -8.16897748E+01 -8.61887489E+01 -8.22969469E+01 -7.36520278E+01 -6.06035101E+01 -5.78278403E+01 -7.34789390E+01 -8.53590429E+01 -8.50975489E+01 -7.87275272E+01 -6.87645607E+01 -5.83920910E+01 -6.39006858E+01 -8.10090063E+01 -8.64778397E+01 -8.30631901E+01 -7.41667597E+01 -6.30054211E+01
 -6.13412464E+01 -7.71642030E+01 -8.49967417E+01 -8.66586052E+01 -8.03308995E+01 -6.25344371E+01 -5.34721670E+01 -6.87967320E+01 -8.10449350E+01 -8.61611559E+01 -8.53182376E+01 -7.48167231E+01 -5.83384724E+01 -5.96585108E+01 -7.42046167E+01 -8.33279354E+01 -8.67660896E+01 -8.16818830E+01 -6.78035581E+01 -5.48652426E+01 -6.66267426E+01 -7.79526283E+01 -8.58884048E+01 -8.59270244E+01 -7.77266338E+01 -5.91217785E+01 -5.72593563E+01 -7.28725795E+01 -8.26868089E+01 -8.68230791E+01 -8.43163524E+01 -7.20086967E+01 -5.36253716E+01 -6.20744162E+01 -7.59786145E+01 -8.58894160E+01 -8.58296376E+01 -8.07274017E+01 -6.36934481E+01 -5.33283566E+01 -6.67891161E+01 -8.18279549E+01 -8.67619241E+01 -8.48887321E+01 -7.45148395E+01 -5.77235429E+01 -5.68467642E+01 -7.31946012E+01 -8.59509028E+01 -8.66338720E+01 -8.25616073E+01 -6.87744278E+01 -5.26559118E+01 -6.24644509E+01 -8.07405453E+01 -8.70508387E+01 -8.61409074E+01 -7.90315222E+01 -5.98741675E+01 -5.09356898E+01 -7.03129219E+01 -8.55188505E+01 -8.70494955E+01 -8.49274196E+01 -7.28640107E+01 -5.09352517E+01 -5.67946463E+01 -7.97783175E+01 -8.68658702E+01 -8.70814751E+01 -8.16794293E+01 -6.33585115E+01 -4.75051619E+01 -6.88142890E+01 -8.53207539E+01 -8.72595133E+01 -8.62649258E+01 -7.64553909E+01 -5.16593052E+01 -5.14774665E+01 -7.90434695E+01 -8.68392418E+01 -8.72618359E+01 -8.53194108E+01 -6.80011284E+01 -3.97851854E+01 -6.21119208E+01 -8.55730108E+01 -8.73076909E+01 -8.74086659E+01 -8.32868044E+01 -5.35939581E+01 -3.54380016E+01 -7.89073866E+01 -9.17253046E+01 -9.35955439E+01 -9.26168175E+01 -7.23208892E+01 -3.18594586E+00  2.14634248E-01  1.23933314E-01 -2.43254828E+00 -7.13078231E+01 -9.23685512E+01 -9.34397412E+01 -9.16409228E+01 -7.90565024E+01 -3.56708580E+01 -5.68980114E+01 -8.25090089E+01 -8.73867684E+01 -8.75194688E+01 -8.60319984E+01 -6.13081918E+01 -4.48084112E+01 -6.92992969E+01 -8.46424579E+01 -8.71688879E+01 -8.70023745E+01 -7.85851401E+01 -5.07606984E+01 -5.52541467E+01 -7.75223800E+01 -8.61043570E+01 -8.72608548E+01 -8.52131982E+01 -6.53438335E+01 -4.92573116E+01 -6.23443912E+01 -8.08255149E+01 -8.68541529E+01 -8.67247428E+01 -7.82720072E+01 -5.70712506E+01 -5.54948775E+01 -6.99082806E+01 -8.45795377E+01 -8.72458785E+01 -8.41145238E+01 -6.92533811E+01 -5.55025102E+01 -6.13926259E+01 -7.72286761E+01 -8.62645161E+01 -8.65576136E+01 -7.93739168E+01 -6.09374533E+01 -5.65263282E+01 -6.95510516E+01 -8.24493910E+01 -8.67179005E+01 -8.46081057E+01 -7.10893021E+01 -5.48373224E+01 -6.17778182E+01 -7.54624025E+01 -8.57685007E+01 -8.67217868E+01 -8.05125614E+01 -6.31254547E+01 -5.94030373E+01 -6.54446295E+01 -8.19146241E+01 -8.69317141E+01 -8.52464463E+01 -7.32420346E+01 -5.93303359E+01 -5.88069984E+01 -7.31554197E+01 -8.60269156E+01 -8.68397466E+01 -8.15146883E+01 -6.55846869E+01 -5.79135495E+01 -6.35756965E+01 -8.07754323E+01 -8.69195454E+01 -8.58163156E+01 -7.61008105E+01 -6.00739826E+01 -5.47847266E+01 -7.10091510E+01 -8.49397021E+01 -8.70743925E+01 -8.42190225E+01 -6.82677544E+01 -5.38083020E+01 -6.04351065E+01 -7.88157009E+01 -8.62487222E+01 -8.68443155E+01 -7.90540382E+01 -6.05182914E+01 -5.50477788E+01 -7.06416535E+01 -8.30868573E+01 -8.68220420E+01 -8.52581871E+01 -7.09549982E+01 -5.55595686E+01
 -5.92708866E+01 -6.92961938E+01 -8.20143505E+01 -8.64342901E+01 -8.45384854E+01 -7.16313527E+01 -5.78924732E+01 -6.30501314E+01 -7.58704406E+01 -8.48889697E+01 -8.64703657E+01 -8.15806267E+01 -6.38786302E+01 -5.76045502E+01 -6.84495070E+01 -8.10800349E+01 -8.58441962E+01 -8.52999811E+01 -7.35491546E+01 -5.69523575E+01 -6.05063122E+01 -7.55286833E+01 -8.38850645E+01 -8.61296150E+01 -8.23930755E+01 -6.61327651E+01 -5.39636908E+01 -6.70024644E+01 -8.10523157E+01 -8.55325490E+01 -8.57634891E+01 -7.74265037E+01 -5.67332572E+01 -5.70931622E+01 -7.46206886E+01 -8.27110448E+01 -8.61871618E+01 -8.33778950E+01 -7.01342351E+01 -5.35467238E+01 -6.50164772E+01 -7.86506356E+01 -8.48109401E+01 -8.64625695E+01 -7.93311473E+01 -6.01907990E+01 -5.74601938E+01 -7.15563160E+01 -8.15709437E+01 -8.66843645E+01 -8.47025195E+01 -7.13152680E+01 -5.62362458E+01 -6.32343546E+01 -7.69699981E+01 -8.52293618E+01 -8.68670501E+01 -8.09843194E+01 -6.35483714E+01 -5.61626526E+01 -6.88114824E+01 -8.20690967E+01 -8.71523137E+01 -8.58399471E+01 -7.45752515E+01 -5.70157459E+01 -5.84894970E+01 -7.52773099E+01 -8.60544339E+01 -8.71426290E+01 -8.27067393E+01 -6.68620344E+01 -5.29393776E+01 -6.41722396E+01 -8.37648228E+01 -8.71200801E+01 -8.64253970E+01 -7.83201120E+01 -5.99828435E+01 -5.16543600E+01 -7.54133458E+01 -8.69366759E+01 -8.73129168E+01 -8.52431761E+01 -7.23576126E+01 -4.80009998E+01 -5.92572779E+01 -8.50716699E+01 -8.74026010E+01 -8.73254374E+01 -8.34845928E+01 -5.90788364E+01 -3.73238396E+01 -7.79702289E+01 -9.17599258E+01 -9.36886949E+01 -9.25029675E+01 -7.24124338E+01 -3.85332859E+00  1.18574511E-01  6.16779968E-02 -2.70855245E+00 -6.93565084E+01 -9.18023101E+01 -9.34094942E+01 -9.15627287E+01 -8.24002954E+01 -4.36938003E+01 -5.18542073E+01 -7.89992215E+01 -8.64287910E+01 -8.71072904E+01 -8.62470213E+01 -6.93123602E+01 -4.94260827E+01 -6.39385994E+01 -8.06886594E+01 -8.64880749E+01 -8.69753232E+01 -8.08432360E+01 -5.85865248E+01 -5.77637840E+01 -6.98445873E+01 -8.18721361E+01 -8.64364315E+01 -8.51144754E+01 -7.17322419E+01 -5.45550766E+01 -6.44434868E+01 -7.54118283E+01 -8.41679435E+01 -8.62059142E+01 -8.14011940E+01 -6.38278281E+01 -5.59905044E+01 -6.80420211E+01 -7.91263114E+01 -8.53932745E+01 -8.50996794E+01 -7.58025022E+01 -5.70258725E+01 -6.35628383E+01 -7.21617517E+01 -8.27250272E+01 -8.54640620E+01 -8.26643884E+01 -6.72850318E+01 -5.96657905E+01 -6.80215545E+01 -7.64986205E+01 -8.43922409E+01 -8.49786532E+01 -7.75392787E+01 -6.02965929E+01 -6.24618280E+01 -7.09273312E+01 -8.05947277E+01 -8.55234871E+01 -8.39118448E+01 -6.96024525E+01 -5.90877349E+01 -6.61985736E+01 -7.63824502E+01 -8.43655084E+01 -8.62749444E+01 -7.97678536E+01 -6.06448383E+01 -5.97584854E+01 -7.05220358E+01 -8.07156656E+01 -8.57823086E+01 -8.51518290E+01 -7.27659681E+01 -5.92266919E+01 -6.54030078E+01 -7.47802501E+01 -8.34040827E+01 -8.62998446E+01 -8.16544358E+01 -6.39682643E+01 -6.10209224E+01 -6.90655923E+01 -7.83721982E+01 -8.57230710E+01 -8.58030732E+01 -7.47119804E+01 -6.15109441E+01 -6.31920634E+01 -7.16595529E+01 -8.26040722E+01 -8.68135440E+01 -8.21033605E+01 -6.86804067E+01 -5.93497584E+01 -6.54242310E+01 -7.64291862E+01 -8.58909086E+01 -8.62034234E+01 -7.82550185E+01 -6.27774998E+01
 -5.24515351E+01 -7.60525294E+01 -8.64801044E+01 -8.72055156E+01 -8.51612964E+01 -7.15988298E+01 -5.16618981E+01 -6.27864964E+01 -8.26263586E+01 -8.69725824E+01 -8.68350933E+01 -8.12685400E+01 -6.18872904E+01 -5.09519905E+01 -7.20255716E+01 -8.53748555E+01 -8.70537805E+01 -8.52405800E+01 -7.36183129E+01 -5.35254082E+01 -5.82920838E+01 -7.88961700E+01 -8.65349557E+01 -8.70262579E+01 -8.18211797E+01 -6.31057368E+01 -4.96100745E+01 -6.70356066E+01 -8.40951307E+01 -8.71866784E+01 -8.58696534E+01 -7.50597029E+01 -5.54522453E+01 -5.39682289E+01 -7.43493392E+01 -8.66058391E+01 -8.69375460E+01 -8.21568602E+01 -6.73360694E+01 -5.23890595E+01 -6.14875180E+01 -8.24250838E+01 -8.70697405E+01 -8.54553342E+01 -7.75614653E+01 -6.12490515E+01 -5.19937938E+01 -7.26068118E+01 -8.58163945E+01 -8.70402747E+01 -8.35429388E+01 -7.21351643E+01 -5.29818666E+01 -5.84928232E+01 -8.02221978E+01 -8.69028502E+01 -8.65049920E+01 -7.93499431E+01 -6.36044617E+01 -5.07339315E+01 -6.84020653E+01 -8.55933717E+01 -8.72923304E+01 -8.49409103E+01 -7.45906403E+01 -5.47756143E+01 -5.35545629E+01 -7.83324255E+01 -8.72100814E+01 -8.69550463E+01 -8.36188941E+01 -6.84874032E+01 -4.86411383E+01 -6.28073582E+01 -8.47133195E+01 -8.73107218E+01 -8.69803380E+01 -8.04280357E+01 -5.86254930E+01 -4.62811751E+01 -7.50946919E+01 -8.69075807E+01 -8.72664790E+01 -8.62364223E+01 -7.48835470E+01 -4.16305339E+01 -5.57252564E+01 -8.44894002E+01 -8.72068761E+01 -8.72751040E+01 -8.50920184E+01 -6.01214077E+01 -3.32111273E+01 -7.63006419E+01 -9.15449807E+01 -9.35110332E+01 -9.26255616E+01 -7.41471440E+01 -3.29219257E+00  2.43828255E-01  1.42659985E-01 -2.38971655E+00 -7.31566825E+01 -9.25424671E+01 -9.35168591E+01 -9.16948753E+01 -7.75254569E+01 -3.50740218E+01 -5.77534865E+01 -8.40260346E+01 -8.70665680E+01 -8.74341897E+01 -8.53562857E+01 -5.81846605E+01 -4.32535538E+01 -7.44512254E+01 -8.55615541E+01 -8.71356969E+01 -8.71010271E+01 -7.68989387E+01 -4.75762171E+01 -5.66763666E+01 -7.95838058E+01 -8.62585155E+01 -8.73464122E+01 -8.49665000E+01 -6.44378774E+01 -4.72047970E+01 -6.77741314E+01 -8.33748420E+01 -8.70375469E+01 -8.66837797E+01 -7.91959335E+01 -5.14975782E+01 -5.33020441E+01 -7.56124170E+01 -8.57052534E+01 -8.73740924E+01 -8.57891806E+01 -6.95537193E+01 -4.64294925E+01 -6.46899427E+01 -8.12964921E+01 -8.70237770E+01 -8.73033478E+01 -8.17717282E+01 -5.63560570E+01 -4.90415110E+01 -7.17134607E+01 -8.47552592E+01 -8.71811934E+01 -8.60542251E+01 -7.32369746E+01 -4.98595276E+01 -5.96334198E+01 -7.81993495E+01 -8.60431748E+01 -8.68981402E+01 -8.31999342E+01 -6.20976883E+01 -4.98497508E+01 -6.80584270E+01 -8.25715552E+01 -8.65197629E+01 -8.60231842E+01 -7.61278379E+01 -5.46842189E+01 -5.46968311E+01 -7.58173269E+01 -8.51103869E+01 -8.69584242E+01 -8.45368377E+01 -6.80085283E+01 -5.07171622E+01 -6.22267623E+01 -8.24940965E+01 -8.67236579E+01 -8.66566373E+01 -8.07593750E+01 -6.18234492E+01 -4.98352618E+01 -7.16101527E+01 -8.55818424E+01 -8.72407603E+01 -8.54732424E+01 -7.45739637E+01 -5.32082821E+01 -5.40507327E+01 -7.90740415E+01 -8.66834882E+01 -8.69351401E+01 -8.28927040E+01 -6.57274892E+01 -4.75224130E+01 -6.47516059E+01 -8.42635111E+01 -8.71667938E+01 -8.67099339E+01 -7.84897873E+01 -5.66131575E+01
 -5.75657990E+01 -7.39261486E+01 -8.44614894E+01 -8.65683739E+01 -8.28278335E+01 -7.19699099E+01 -5.45663085E+01 -6.33741423E+01 -7.89694100E+01 -8.61479747E+01 -8.55065716E+01 -7.96527448E+01 -6.43879456E+01 -5.53861592E+01 -7.06030017E+01 -8.31334475E+01 -8.69181989E+01 -8.38542724E+01 -7.25309414E+01 -5.72765287E+01 -6.05066156E+01 -7.81553966E+01 -8.60618762E+01 -8.63250693E+01 -8.00180286E+01 -6.42939468E+01 -5.45603662E+01 -6.86782053E+01 -8.40837186E+01 -8.68971555E+01 -8.57871380E+01 -7.51487972E+01 -5.65532447E+01 -5.84931212E+01 -7.68702381E+01 -8.62346472E+01 -8.70804546E+01 -8.26765745E+01 -6.62779439E+01 -5.35044132E+01 -6.57076078E+01 -8.33949197E+01 -8.72078123E+01 -8.66756447E+01 -7.82678823E+01 -5.73811449E+01 -5.51317277E+01 -7.44601127E+01 -8.61670348E+01 -8.72186306E+01 -8.51055507E+01 -7.04027287E+01 -5.16023056E+01 -5.99641455E+01 -8.19856669E+01 -8.71591896E+01 -8.71906307E+01 -8.18631187E+01 -6.17085448E+01 -4.74619860E+01 -7.18212701E+01 -8.57878974E+01 -8.72993824E+01 -8.64917845E+01 -7.72666200E+01 -4.98197208E+01 -5.69575728E+01 -8.10479179E+01 -8.70624375E+01 -8.71799090E+01 -8.46954794E+01 -6.67496946E+01 -4.66294742E+01 -6.81787405E+01 -8.50162719E+01 -8.71881904E+01 -8.70051107E+01 -8.13048586E+01 -5.47055986E+01 -5.08917763E+01 -7.94290727E+01 -8.71335557E+01 -8.73873051E+01 -8.65135495E+01 -7.18956486E+01 -3.93633550E+01 -6.23901595E+01 -8.58510324E+01 -8.74111123E+01 -8.74137400E+01 -8.48959249E+01 -5.48648052E+01 -3.40581864E+01 -7.86664037E+01 -9.17696074E+01 -9.34863789E+01 -9.26212387E+01 -7.31355844E+01 -3.67979709E+00  2.08134804E-01  1.07836020E-01 -3.67502545E+00 -7.31388063E+01 -9.25874835E+01 -9.35939536E+01 -9.17117310E+01 -7.95603007E+01 -3.67990009E+01 -5.98864644E+01 -8.41539047E+01 -8.71613135E+01 -8.72729259E+01 -8.53357155E+01 -6.00247329E+01 -4.35789108E+01 -7.33229164E+01 -8.56224671E+01 -8.72531856E+01 -8.70625299E+01 -7.77428410E+01 -4.79158965E+01 -5.62917867E+01 -8.05406292E+01 -8.62986104E+01 -8.72821259E+01 -8.49533043E+01 -6.44647684E+01 -4.95005079E+01 -6.96011257E+01 -8.40609030E+01 -8.70289022E+01 -8.71481333E+01 -7.78605667E+01 -5.48529507E+01 -5.74252917E+01 -7.65121915E+01 -8.57294121E+01 -8.70266412E+01 -8.46025811E+01 -6.87167881E+01 -5.35674928E+01 -6.41004905E+01 -8.10005191E+01 -8.62932936E+01 -8.68467561E+01 -7.97481390E+01 -6.06317675E+01 -5.38408198E+01 -7.18796441E+01 -8.36008657E+01 -8.70599564E+01 -8.58287034E+01 -7.32953961E+01 -5.56019832E+01 -5.98080609E+01 -7.69767808E+01 -8.56531485E+01 -8.69505948E+01 -8.23328091E+01 -6.44651728E+01 -5.33368973E+01 -6.65847346E+01 -8.10687330E+01 -8.67322225E+01 -8.56666233E+01 -7.64686482E+01 -5.74799629E+01 -5.81249856E+01 -7.27052950E+01 -8.49677695E+01 -8.66762854E+01 -8.27796423E+01 -6.84601029E+01 -5.50827320E+01 -6.40866605E+01 -7.90836906E+01 -8.64823032E+01 -8.57228727E+01 -7.81373235E+01 -6.19340021E+01 -5.80617813E+01 -6.93825593E+01 -8.31196568E+01 -8.64531551E+01 -8.33803793E+01 -7.30391882E+01 -5.96114259E+01 -5.98320642E+01 -7.61161127E+01 -8.59171156E+01 -8.60588554E+01 -8.03777763E+01 -6.82942159E+01 -5.62193857E+01 -6.48759009E+01 -8.15551071E+01 -8.62785869E+01 -8.49096785E+01 -7.71769112E+01 -6.02680312E+01
 -6.07867029E+01 -6.41697606E+01 -7.78207178E+01 -8.56080208E+01 -8.28344097E+01 -7.19974268E+01 -6.70757525E+01 -6.07406635E+01 -6.99107445E+01 -8.30950414E+01 -8.55577915E+01 -7.91438057E+01 -7.11494163E+01 -6.42114511E+01 -6.11710914E+01 -7.55473001E+01 -8.56832655E+01 -8.40647545E+01 -7.40451140E+01 -6.82778990E+01 -6.05627640E+01 -6.50728980E+01 -8.23484399E+01 -8.65656628E+01 -8.07744416E+01 -7.03092116E+01 -6.36208796E+01 -6.15658204E+01 -7.43883040E+01 -8.55863675E+01 -8.59301586E+01 -7.61174959E+01 -6.51997739E+01 -6.08750016E+01 -6.36579333E+01 -8.08537535E+01 -8.68308215E+01 -8.35224130E+01 -7.14406178E+01 -6.26068031E+01 -6.09132369E+01 -7.37058672E+01 -8.61067970E+01 -8.65592414E+01 -7.82277663E+01 -6.65667845E+01 -6.01938295E+01 -6.50099310E+01 -8.21241275E+01 -8.68660954E+01 -8.39606800E+01 -7.30314171E+01 -6.09618827E+01 -5.89580065E+01 -7.27596691E+01 -8.58383413E+01 -8.66251731E+01 -8.07167435E+01 -6.64689830E+01 -5.79227998E+01 -6.29371932E+01 -8.18249546E+01 -8.69960043E+01 -8.57717414E+01 -7.57423615E+01 -5.98312535E+01 -5.59687068E+01 -7.16385995E+01 -8.59585301E+01 -8.68056686E+01 -8.39131948E+01 -6.75579057E+01 -5.18878387E+01 -6.26731617E+01 -8.24931229E+01 -8.71573689E+01 -8.67532875E+01 -7.90311912E+01 -5.60547605E+01 -5.13171828E+01 -7.42813881E+01 -8.69037699E+01 -8.73541050E+01 -8.57820543E+01 -7.26025092E+01 -4.41773807E+01 -5.95321371E+01 -8.48703368E+01 -8.74276536E+01 -8.74224077E+01 -8.46957000E+01 -5.76991317E+01 -3.57607459E+01 -7.73276372E+01 -9.16188332E+01 -9.34589747E+01 -9.24648261E+01 -7.22155870E+01 -2.67874637E+00  1.59723642E-01  5.06149830E-02 -1.94454741E+00 -7.22620712E+01 -9.23730511E+01 -9.34926571E+01 -9.16293761E+01 -7.91325375E+01 -3.47773198E+01 -5.36467042E+01 -8.23137420E+01 -8.71048877E+01 -8.73162596E+01 -8.60625647E+01 -6.45820451E+01 -4.34110712E+01 -6.92264074E+01 -8.37540222E+01 -8.69702433E+01 -8.72366268E+01 -8.07754996E+01 -5.32692177E+01 -5.40820118E+01 -7.51117462E+01 -8.47878273E+01 -8.72227038E+01 -8.61409817E+01 -7.16360067E+01 -5.27088008E+01 -6.37706617E+01 -7.86953657E+01 -8.58395627E+01 -8.71657539E+01 -8.22347064E+01 -6.25366186E+01 -5.57811347E+01 -6.90429648E+01 -8.21867873E+01 -8.64266163E+01 -8.66410286E+01 -7.42888189E+01 -5.60337218E+01 -5.94008430E+01 -7.49340492E+01 -8.40242039E+01 -8.69236866E+01 -8.27999709E+01 -6.53963962E+01 -5.48519030E+01 -6.47827622E+01 -7.82564876E+01 -8.50382430E+01 -8.61536724E+01 -7.63092417E+01 -5.74949931E+01 -5.74999310E+01 -6.92860821E+01 -8.15055951E+01 -8.59248585E+01 -8.29587717E+01 -6.63807020E+01 -5.63468045E+01 -6.18931094E+01 -7.39364106E+01 -8.37052743E+01 -8.60909293E+01 -7.61872996E+01 -6.32658740E+01 -5.92716744E+01 -6.66854263E+01 -7.87120730E+01 -8.59344581E+01 -8.41770809E+01 -7.12745900E+01 -6.27840779E+01 -5.97452109E+01 -7.03814630E+01 -8.28355225E+01 -8.54938696E+01 -7.81844369E+01 -6.73179202E+01 -6.27036070E+01 -6.30891964E+01 -7.66360515E+01 -8.48514749E+01 -8.36290427E+01 -7.20166572E+01 -6.59743841E+01 -6.10758356E+01 -6.69088069E+01 -8.07446414E+01 -8.55232727E+01 -7.93864961E+01 -7.01442396E+01 -6.49634221E+01 -5.99295511E+01 -7.29822070E+01 -8.33494400E+01 -8.51531442E+01 -7.59663474E+01 -6.81175507E+01
 -6.45875290E+01 -7.93342645E+01 -8.68453419E+01 -8.48404412E+01 -7.47406029E+01 -6.42670930E+01 -5.98537011E+01 -6.97663660E+01 -8.32342068E+01 -8.68035059E+01 -8.16740849E+01 -6.95503490E+01 -6.18638571E+01 -6.25964667E+01 -7.54864983E+01 -8.52115326E+01 -8.59346779E+01 -7.76844795E+01 -6.55436141E+01 -5.89639899E+01 -6.71019245E+01 -8.07264636E+01 -8.67283634E+01 -8.44701888E+01 -7.19931702E+01 -6.13779811E+01 -6.32011079E+01 -7.17967170E+01 -8.46195127E+01 -8.67599547E+01 -8.17440476E+01 -6.69061327E+01 -6.11639986E+01 -6.53864974E+01 -7.70349127E+01 -8.69607516E+01 -8.64690306E+01 -7.85449286E+01 -5.98468000E+01 -6.10462740E+01 -6.78534760E+01 -8.42490451E+01 -8.73109948E+01 -8.56595905E+01 -7.08066129E+01 -5.90053398E+01 -6.07248656E+01 -7.62532952E+01 -8.64347628E+01 -8.72728551E+01 -8.28410226E+01 -6.49554461E+01 -5.64435567E+01 -6.62946060E+01 -8.26102092E+01 -8.71725809E+01 -8.67616639E+01 -7.85027839E+01 -5.94156862E+01 -5.60588499E+01 -7.29405277E+01 -8.53453125E+01 -8.71147399E+01 -8.51665927E+01 -7.20521447E+01 -5.30119185E+01 -6.15179705E+01 -8.12464708E+01 -8.70280801E+01 -8.68699993E+01 -8.25687788E+01 -6.33840534E+01 -5.19293162E+01 -7.04848292E+01 -8.55657993E+01 -8.73337937E+01 -8.64780773E+01 -7.70400999E+01 -5.30955517E+01 -5.47548766E+01 -8.11006803E+01 -8.71321898E+01 -8.73303454E+01 -8.58233992E+01 -7.03170404E+01 -4.20387243E+01 -6.54554386E+01 -8.57904952E+01 -8.72179429E+01 -8.72999763E+01 -8.35078557E+01 -5.59817213E+01 -3.97508337E+01 -8.12876748E+01 -9.16556523E+01 -9.35154956E+01 -9.26247775E+01 -7.31011033E+01 -3.71484515E+00  1.01590571E-01  5.04814918E-02 -2.87571164E+00 -7.26466012E+01 -9.25227448E+01 -9.34736870E+01 -9.17859291E+01 -7.93433520E+01 -3.84659213E+01 -5.51053690E+01 -8.37202649E+01 -8.73101067E+01 -8.74012384E+01 -8.55031758E+01 -6.18118181E+01 -4.46941720E+01 -7.02968991E+01 -8.53429202E+01 -8.71762300E+01 -8.68278527E+01 -7.72008898E+01 -4.89163484E+01 -5.64629897E+01 -7.79062221E+01 -8.65240100E+01 -8.71440590E+01 -8.46050102E+01 -6.37281330E+01 -5.02170629E+01 -6.85380546E+01 -8.33820287E+01 -8.70273289E+01 -8.61815887E+01 -7.69405279E+01 -5.52851133E+01 -5.70881867E+01 -7.75464169E+01 -8.63440433E+01 -8.70036638E+01 -8.38841184E+01 -6.67306153E+01 -5.47414300E+01 -6.76314220E+01 -8.23731652E+01 -8.65663534E+01 -8.61774187E+01 -7.60067010E+01 -5.66840538E+01 -5.77115604E+01 -7.23731799E+01 -8.52162845E+01 -8.64786075E+01 -8.31293625E+01 -6.54521887E+01 -5.75537179E+01 -6.38266743E+01 -7.96594110E+01 -8.64497849E+01 -8.55981911E+01 -7.48773143E+01 -6.24086540E+01 -6.10524082E+01 -6.98356504E+01 -8.36735803E+01 -8.65350043E+01 -8.14289648E+01 -6.82625127E+01 -6.04645166E+01 -6.33083741E+01 -7.67982631E+01 -8.62528244E+01 -8.47399825E+01 -7.52484742E+01 -6.46404304E+01 -6.02289029E+01 -6.57980283E+01 -8.36019505E+01 -8.66756602E+01 -8.20347320E+01 -7.14888879E+01 -6.05279931E+01 -5.91665029E+01 -7.70034345E+01 -8.60567532E+01 -8.55709363E+01 -7.86074629E+01 -6.74184923E+01 -5.73897677E+01 -6.62223049E+01 -8.20469324E+01 -8.65660997E+01 -8.32588902E+01 -7.31767643E+01 -6.30524567E+01 -5.95265720E+01 -7.35630070E+01 -8.56878253E+01 -8.61605957E+01 -8.04608358E+01 -6.87910709E+01 -5.94426595E+01
 -5.86137804E+01 -7.20180003E+01 -8.34977126E+01 -8.55623524E+01 -8.03861320E+01 -7.00547237E+01 -6.27195847E+01 -6.32600731E+01 -7.80554405E+01 -8.52730301E+01 -8.46953937E+01 -7.78360913E+01 -6.55178160E+01 -5.91373724E+01 -6.97448985E+01 -8.13811182E+01 -8.61330345E+01 -8.27361058E+01 -7.25272158E+01 -5.95014751E+01 -6.16179691E+01 -7.47423462E+01 -8.35484629E+01 -8.58899637E+01 -7.92417477E+01 -6.61806132E+01 -5.58608338E+01 -6.66338705E+01 -7.91306036E+01 -8.56348096E+01 -8.57841337E+01 -7.46566403E+01 -5.66929982E+01 -5.56409145E+01 -7.35007824E+01 -8.27399273E+01 -8.66277951E+01 -8.42312537E+01 -6.66826817E+01 -5.12199618E+01 -6.45227003E+01 -7.87467450E+01 -8.47162465E+01 -8.69367215E+01 -8.14602588E+01 -5.85615750E+01 -5.66930195E+01 -7.34485782E+01 -8.09265919E+01 -8.63446866E+01 -8.59088937E+01 -7.44435298E+01 -5.27610008E+01 -6.32345092E+01 -7.52802263E+01 -8.43542459E+01 -8.69225843E+01 -8.31278962E+01 -6.45765235E+01 -5.25938095E+01 -6.74111346E+01 -7.99092446E+01 -8.66958531E+01 -8.64190452E+01 -7.77394613E+01 -5.65582795E+01 -5.44540782E+01 -7.35931878E+01 -8.54755248E+01 -8.69251802E+01 -8.42311505E+01 -6.97350452E+01 -4.99668246E+01 -5.81300446E+01 -8.03601558E+01 -8.71044169E+01 -8.68891350E+01 -8.04388160E+01 -5.96844111E+01 -4.52030937E+01 -7.06420817E+01 -8.60322151E+01 -8.73374189E+01 -8.62502727E+01 -7.48464539E+01 -4.48899240E+01 -5.23772932E+01 -8.31111924E+01 -8.73026283E+01 -8.72856189E+01 -8.41161999E+01 -6.01337431E+01 -3.28036141E+01 -7.52952435E+01 -9.17500085E+01 -9.35897031E+01 -9.25109288E+01 -7.20888510E+01 -3.08079604E+00  2.40050007E-01  3.73630082E-02 -4.54756093E+00 -7.20413651E+01 -9.27719053E+01 -9.34680033E+01 -9.15686966E+01 -7.80679184E+01 -3.49050890E+01 -5.59674582E+01 -8.40852646E+01 -8.75086687E+01 -8.73771908E+01 -8.50431205E+01 -6.19758256E+01 -4.31336363E+01 -6.94448983E+01 -8.55780492E+01 -8.73826705E+01 -8.70250155E+01 -7.84450499E+01 -5.08676133E+01 -5.29606370E+01 -7.63071005E+01 -8.63190825E+01 -8.74169749E+01 -8.54543732E+01 -6.67160757E+01 -4.82676946E+01 -6.20234877E+01 -8.06730953E+01 -8.67122021E+01 -8.69324411E+01 -7.94910598E+01 -5.49589312E+01 -5.26288983E+01 -7.15274572E+01 -8.48177911E+01 -8.70833827E+01 -8.57081116E+01 -6.98467262E+01 -5.06121874E+01 -6.06940393E+01 -7.60280303E+01 -8.62169512E+01 -8.70944414E+01 -8.16059528E+01 -5.93308761E+01 -5.46632522E+01 -6.91640808E+01 -8.20937449E+01 -8.71617614E+01 -8.61381669E+01 -7.36770085E+01 -5.38515001E+01 -5.91245488E+01 -7.52541826E+01 -8.58294337E+01 -8.70985883E+01 -8.15268539E+01 -6.42778331E+01 -5.55451058E+01 -6.39013752E+01 -8.06387485E+01 -8.65712655E+01 -8.56115643E+01 -7.42353045E+01 -5.86791935E+01 -5.87606475E+01 -7.06736994E+01 -8.42715685E+01 -8.67676526E+01 -8.15038316E+01 -6.72521671E+01 -5.86269739E+01 -6.15414498E+01 -7.67830630E+01 -8.52780088E+01 -8.58681059E+01 -7.46061924E+01 -6.34459497E+01 -5.95791555E+01 -6.85529217E+01 -8.12725660E+01 -8.65417775E+01 -8.26150040E+01 -7.02876510E+01 -6.12417030E+01 -6.22201772E+01 -7.60911118E+01 -8.42524931E+01 -8.52706274E+01 -7.78525899E+01 -6.82129331E+01 -5.95788689E+01 -6.53363996E+01 -8.06564137E+01 -8.55264231E+01 -8.30220224E+01 -7.36682860E+01 -6.51750185E+01
 -6.61781475E+01 -7.74816232E+01 -8.36828108E+01 -8.54247943E+01 -7.80023067E+01 -6.48419308E+01 -6.12468964E+01 -7.02875613E+01 -8.05809274E+01 -8.54856063E+01 -8.24617213E+01 -7.33015742E+01 -6.26902989E+01 -6.56223198E+01 -7.54342356E+01 -8.41987651E+01 -8.57435147E+01 -8.02201667E+01 -6.68328976E+01 -6.13878593E+01 -6.77310878E+01 -8.01980403E+01 -8.64468074E+01 -8.51034913E+01 -7.48290756E+01 -6.15950196E+01 -6.15843807E+01 -7.37534162E+01 -8.43869747E+01 -8.66533282E+01 -8.21543977E+01 -6.82103013E+01 -5.88809917E+01 -6.51872020E+01 -7.89097698E+01 -8.66611756E+01 -8.57101955E+01 -7.80524569E+01 -6.27839124E+01 -5.82012749E+01 -6.96575591E+01 -8.32229599E+01 -8.71115112E+01 -8.38597806E+01 -7.18341884E+01 -5.90931282E+01 -6.10079457E+01 -7.66715395E+01 -8.63917944E+01 -8.62143309E+01 -8.02629435E+01 -6.67118257E+01 -5.54793121E+01 -6.72685893E+01 -8.26320465E+01 -8.70460552E+01 -8.51640597E+01 -7.54995971E+01 -6.12366585E+01 -5.85640548E+01 -7.39956871E+01 -8.58713756E+01 -8.70018475E+01 -8.24777209E+01 -7.14588788E+01 -5.69632035E+01 -6.08122068E+01 -8.16963767E+01 -8.70427203E+01 -8.59253924E+01 -7.85428124E+01 -6.52308959E+01 -5.21652969E+01 -6.97077621E+01 -8.57337288E+01 -8.71484351E+01 -8.45478697E+01 -7.40247973E+01 -5.59785929E+01 -5.32678993E+01 -8.07324424E+01 -8.73354148E+01 -8.68760392E+01 -8.27348211E+01 -6.76320014E+01 -4.56199867E+01 -6.38536609E+01 -8.64460349E+01 -8.74206140E+01 -8.67900530E+01 -8.17176494E+01 -5.55829724E+01 -3.92106900E+01 -8.09440220E+01 -9.16814154E+01 -9.33953356E+01 -9.24880908E+01 -7.07529583E+01 -3.26586627E+00  2.80267270E-01  4.19200289E-02 -3.03251023E+00 -7.41686658E+01 -9.26716320E+01 -9.34794748E+01 -9.16136486E+01 -7.79416111E+01 -3.23880505E+01 -6.02163813E+01 -8.51146771E+01 -8.73344924E+01 -8.72629509E+01 -8.55595294E+01 -5.72594481E+01 -4.18689874E+01 -7.40316650E+01 -8.65290525E+01 -8.73040690E+01 -8.70167902E+01 -7.66686703E+01 -4.46043692E+01 -5.90748306E+01 -8.20442826E+01 -8.70682621E+01 -8.71339394E+01 -8.49365345E+01 -6.07489586E+01 -4.70029058E+01 -7.25919173E+01 -8.51870650E+01 -8.72564548E+01 -8.68991034E+01 -7.84668709E+01 -5.15706941E+01 -5.73484527E+01 -7.90081533E+01 -8.57298211E+01 -8.71507972E+01 -8.47339262E+01 -6.55196497E+01 -4.83746914E+01 -6.88626657E+01 -8.22699967E+01 -8.63881270E+01 -8.66598245E+01 -7.83972913E+01 -5.48686809E+01 -5.71952390E+01 -7.58751387E+01 -8.41086651E+01 -8.68224442E+01 -8.41976448E+01 -6.84685047E+01 -5.29699952E+01 -6.72410927E+01 -7.97768120E+01 -8.54062498E+01 -8.64555648E+01 -7.86064201E+01 -5.84215384E+01 -5.78899785E+01 -7.32826282E+01 -8.22350460E+01 -8.62656970E+01 -8.39669333E+01 -6.99553310E+01 -5.47865745E+01 -6.48326945E+01 -7.74043112E+01 -8.43225402E+01 -8.58223544E+01 -7.89145360E+01 -6.28682009E+01 -5.61234358E+01 -7.14097019E+01 -8.12123773E+01 -8.47094455E+01 -8.34748623E+01 -7.31562382E+01 -5.89202570E+01 -6.19136653E+01 -7.74298222E+01 -8.33961739E+01 -8.50436403E+01 -8.03149004E+01 -6.63515767E+01 -5.72313675E+01 -6.89556766E+01 -8.01285725E+01 -8.44608699E+01 -8.40741095E+01 -7.53342783E+01 -6.31341406E+01 -6.22811822E+01 -7.35238760E+01 -8.20504018E+01 -8.47658486E+01 -8.13421584E+01 -7.13666476E+01 -5.98171398E+01
 -6.61781475E+01 -7.74816232E+01 -8.36828108E+01 -8.54247943E+01 -7.80023067E+01 -6.48419308E+01 -6.12468964E+01 -7.02875613E+01 -8.05809274E+01 -8.54856063E+01 -8.24617213E+01 -7.33015742E+01 -6.26902989E+01 -6.56223198E+01 -7.54342356E+01 -8.41987651E+01 -8.57435147E+01 -8.02201667E+01 -6.68328976E+01 -6.13878593E+01 -6.77310878E+01 -8.01980403E+01 -8.64468074E+01 -8.51034913E+01 -7.48290756E+01 -6.15950196E+01 -6.15843807E+01 -7.37534162E+01 -8.43869747E+01 -8.66533282E+01 -8.21543977E+01 -6.82103013E+01 -5.88809917E+01 -6.51872020E+01 -7.89097698E+01 -8.66611756E+01 -8.57101955E+01 -7.80524569E+01 -6.27839124E+01 -5.82012749E+01 -6.96575591E+01 -8.32229599E+01 -8.71115112E+01 -8.38597806E+01 -7.18341884E+01 -5.90931282E+01 -6.10079457E+01 -7.66715395E+01 -8.63917944E+01 -8.62143309E+01 -8.02629435E+01 -6.67118257E+01 -5.54793121E+01 -6.72685893E+01 -8.26320465E+01 -8.70460552E+01 -8.51640597E+01 -7.54995971E+01 -6.12366585E+01 -5.85640548E+01 -7.39956871E+01 -8.58713756E+01 -8.70018475E+01 -8.24777209E+01 -7.14588788E+01 -5.69632035E+01 -6.08122068E+01 -8.16963767E+01 -8.70427203E+01 -8.59253924E+01 -7.85428124E+01 -6.52308959E+01 -5.21652969E+01 -6.97077621E+01 -8.57337288E+01 -8.71484351E+01 -8.45478697E+01 -7.40247973E+01 -5.59785929E+01 -5.32678993E+01 -8.07324424E+01 -8.73354148E+01 -8.68760392E+01 -8.27348211E+01 -6.76320014E+01 -4.56199867E+01 -6.38536609E+01 -8.64460349E+01 -8.74206140E+01 -8.67900530E+01 -8.17176494E+01 -5.55829724E+01 -3.92106900E+01 -8.09440220E+01 -9.16814154E+01 -9.33953356E+01 -9.24880908E+01 -7.07529583E+01 -3.26586627E+00  2.80267270E-01  4.19200289E-02 -3.03251023E+00 -7.41686658E+01 -9.26716320E+01 -9.34794748E+01 -9.16136486E+01 -7.79416111E+01 -3.23880505E+01 -6.02163813E+01 -8.51146771E+01 -8.73344924E+01 -8.72629509E+01 -8.55595294E+01 -5.72594481E+01 -4.18689874E+01 -7.40316650E+01 -8.65290525E+01 -8.73040690E+01 -8.70167902E+01 -7.66686703E+01 -4.46043692E+01 -5.90748306E+01 -8.20442826E+01 -8.70682621E+01 -8.71339394E+01 -8.49365345E+01 -6.07489586E+01 -4.70029058E+01 -7.25919173E+01 -8.51870650E+01 -8.72564548E+01 -8.68991034E+01 -7.84668709E+01 -5.15706941E+01 -5.73484527E+01 -7.90081533E+01 -8.57298211E+01 -8.71507972E+01 -8.47339262E+01 -6.55196497E+01 -4.83746914E+01 -6.88626657E+01 -8.22699967E+01 -8.63881270E+01 -8.66598245E+01 -7.83972913E+01 -5.48686809E+01 -5.71952390E+01 -7.58751387E+01 -8.41086651E+01 -8.68224442E+01 -8.41976448E+01 -6.84685047E+01 -5.29699952E+01 -6.72410927E+01 -7.97768120E+01 -8.54062498E+01 -8.64555648E+01 -7.86064201E+01 -5.84215384E+01 -5.78899785E+01 -7.32826282E+01 -8.22350460E+01 -8.62656970E+01 -8.39669333E+01 -6.99553310E+01 -5.47865745E+01 -6.48326945E+01 -7.74043112E+01 -8.43225402E+01 -8.58223544E+01 -7.89145360E+01 -6.28682009E+01 -5.61234358E+01 -7.14097019E+01 -8.12123773E+01 -8.47094455E+01 -8.34748623E+01 -7.31562382E+01 -5.89202570E+01 -6.19136653E+01 -7.74298222E+01 -8.33961739E+01 -8.50436403E+01 -8.03149004E+01 -6.63515767E+01 -5.72313675E+01 -6.89556766E+01 -8.01285725E+01 -8.44608699E+01 -8.40741095E+01 -7.53342783E+01 -6.31341406E+01 -6.22811822E+01 -7.35238760E+01 -8.20504018E+01 -8.47658486E+01 -8.13421584E+01 -7.13666476E+01 -5.98171398E+01
 -6.27531754E+01 -7.03623834E+01 -8.05279708E+01 -8.41770726E+01 -8.23625480E+01 -6.88339615E+01 -6.01087815E+01 -6.57522946E+01 -7.54522131E+01 -8.24458284E+01 -8.54099429E+01 -7.83682372E+01 -6.17793910E+01 -6.17597525E+01 -6.84384292E+01 -7.93821698E+01 -8.35045381E+01 -8.44973225E+01 -7.09609002E+01 -5.86311274E+01 -6.42342088E+01 -7.41191966E+01 -8.10729701E+01 -8.51599870E+01 -8.02647500E+01 -6.31169004E+01 -6.05447513E+01 -6.85220750E+01 -7.82409954E+01 -8.30175955E+01 -8.53971337E+01 -7.29620881E+01 -5.93436945E+01 -6.26645407E+01 -7.33234407E+01 -8.14629490E+01 -8.61640332E+01 -8.23097345E+01 -6.62291194E+01 -5.96760755E+01 -6.58707649E+01 -7.77108154E+01 -8.43683270E+01 -8.56965495E+01 -7.63180196E+01 -6.18047842E+01 -5.96529196E+01 -7.02993117E+01 -8.12510399E+01 -8.66097156E+01 -8.35475962E+01 -7.05256005E+01 -5.81786927E+01 -6.12036027E+01 -7.58289411E+01 -8.57010758E+01 -8.61191384E+01 -8.00652964E+01 -6.53897277E+01 -5.44865499E+01 -6.80252787E+01 -8.24919012E+01 -8.71575849E+01 -8.51946133E+01 -7.41778320E+01 -5.79621396E+01 -5.57539651E+01 -7.58479392E+01 -8.63837950E+01 -8.70875538E+01 -8.27461977E+01 -6.63290607E+01 -4.92492955E+01 -6.27801405E+01 -8.39419265E+01 -8.73069467E+01 -8.66076292E+01 -7.86588267E+01 -5.33697745E+01 -4.93629522E+01 -7.51236259E+01 -8.68243168E+01 -8.71950558E+01 -8.57899026E+01 -7.05259945E+01 -4.23507361E+01 -5.89276197E+01 -8.49543500E+01 -8.73124463E+01 -8.72405385E+01 -8.35793935E+01 -5.50699857E+01 -3.39086419E+01 -7.83272870E+01 -9.15518797E+01 -9.33632489E+01 -9.26420774E+01 -7.18485806E+01 -3.18813364E+00  2.31666180E-01  7.79868229E-02 -2.88929518E+00 -7.23042528E+01 -9.24690296E+01 -9.35552924E+01 -9.17871011E+01 -8.03033057E+01 -3.77494984E+01 -5.27750665E+01 -8.49494735E+01 -8.73932600E+01 -8.73498736E+01 -8.55683132E+01 -6.26499714E+01 -3.99938555E+01 -6.68590602E+01 -8.51248356E+01 -8.72784686E+01 -8.69010401E+01 -7.88777115E+01 -4.96460456E+01 -5.02031917E+01 -7.70440937E+01 -8.60445651E+01 -8.72759984E+01 -8.53077674E+01 -6.82686962E+01 -4.73171949E+01 -6.22607718E+01 -8.04175282E+01 -8.68026922E+01 -8.69293274E+01 -8.08691403E+01 -5.87002674E+01 -5.13944334E+01 -6.92457353E+01 -8.39719353E+01 -8.72848999E+01 -8.54348164E+01 -7.32842047E+01 -5.49550803E+01 -6.01575092E+01 -7.54894261E+01 -8.57448207E+01 -8.67665015E+01 -8.16330664E+01 -6.43523272E+01 -5.44001945E+01 -6.62677829E+01 -8.08574935E+01 -8.66889453E+01 -8.50593751E+01 -7.46241303E+01 -5.94145090E+01 -5.82116495E+01 -7.09467629E+01 -8.35655779E+01 -8.59568811E+01 -8.20665244E+01 -6.81525929E+01 -5.74720833E+01 -6.31855455E+01 -7.73796390E+01 -8.49407636E+01 -8.52897082E+01 -7.64563685E+01 -6.29848366E+01 -5.89201167E+01 -6.77651925E+01 -8.14331621E+01 -8.54161890E+01 -8.37745578E+01 -7.04759332E+01 -6.15828468E+01 -6.18714125E+01 -7.24393400E+01 -8.28268213E+01 -8.50383345E+01 -7.92509662E+01 -6.69595916E+01 -6.19959192E+01 -6.70590461E+01 -7.72486024E+01 -8.40548101E+01 -8.39360826E+01 -7.20430532E+01 -6.31736397E+01 -6.43438881E+01 -7.05918758E+01 -8.11930323E+01 -8.48223659E+01 -8.12186059E+01 -6.67020395E+01 -6.20392698E+01 -6.70023223E+01 -7.59521843E+01 -8.31737125E+01 -8.46141913E+01 -7.50625677E+01 -6.19884245E+01
 -5.89969578E+01 -6.06558510E+01 -7.33884605E+01 -8.33519749E+01 -8.50876597E+01 -7.74709478E+01 -6.49156845E+01 -5.73011153E+01 -6.53861663E+01 -7.86868743E+01 -8.61782319E+01 -8.32642598E+01 -7.15858902E+01 -5.72722778E+01 -5.70403156E+01 -7.11948920E+01 -8.42083809E+01 -8.63874420E+01 -7.97068082E+01 -6.32024329E+01 -5.38148742E+01 -6.31711140E+01 -7.91166788E+01 -8.65866067E+01 -8.51232623E+01 -7.51414966E+01 -5.73044025E+01 -5.55764150E+01 -7.10550965E+01 -8.48360585E+01 -8.69520913E+01 -8.29228762E+01 -6.76690015E+01 -5.33161323E+01 -6.03573386E+01 -7.95098069E+01 -8.67287278E+01 -8.59303194E+01 -7.64696788E+01 -5.91625320E+01 -5.21233279E+01 -6.75398416E+01 -8.47873755E+01 -8.73193795E+01 -8.42385385E+01 -6.89541212E+01 -5.15011839E+01 -5.59571543E+01 -7.81783595E+01 -8.66676149E+01 -8.66980575E+01 -7.96487940E+01 -6.09469974E+01 -4.90511467E+01 -6.54743187E+01 -8.47549020E+01 -8.71893649E+01 -8.51217585E+01 -7.17342779E+01 -5.11754695E+01 -5.29812336E+01 -7.87303982E+01 -8.69964190E+01 -8.71210009E+01 -8.03278951E+01 -6.19608737E+01 -4.63602448E+01 -6.82969931E+01 -8.56316674E+01 -8.72655873E+01 -8.52519249E+01 -7.32487358E+01 -5.06118144E+01 -5.58598999E+01 -8.03541498E+01 -8.69181732E+01 -8.68082305E+01 -8.18373054E+01 -6.17694400E+01 -4.43350675E+01 -6.93160627E+01 -8.59771992E+01 -8.72137801E+01 -8.64943188E+01 -7.48144046E+01 -4.50630465E+01 -5.12927977E+01 -8.39030835E+01 -8.72452067E+01 -8.73124530E+01 -8.48264754E+01 -6.13241095E+01 -3.21281570E+01 -7.38462270E+01 -9.15850601E+01 -9.35548204E+01 -9.24439263E+01 -7.32294519E+01 -3.91263882E+00  7.19644495E-02  3.66119822E-02 -1.89799087E+00 -6.77439597E+01 -9.16593151E+01 -9.33384654E+01 -9.17001421E+01 -8.14875905E+01 -4.21412684E+01 -4.94016387E+01 -7.62073058E+01 -8.55905663E+01 -8.72930562E+01 -8.61724385E+01 -6.80166984E+01 -4.73135489E+01 -6.34069958E+01 -7.78841726E+01 -8.57507538E+01 -8.71069817E+01 -8.14156029E+01 -5.76443501E+01 -5.37589699E+01 -6.81193746E+01 -7.91939824E+01 -8.64852739E+01 -8.64188668E+01 -7.44247328E+01 -5.62963051E+01 -5.96579401E+01 -7.21239293E+01 -8.25289104E+01 -8.70392672E+01 -8.34143992E+01 -6.77835672E+01 -5.87834303E+01 -6.16850663E+01 -7.57475401E+01 -8.44052089E+01 -8.62115527E+01 -7.55764661E+01 -6.47852510E+01 -6.23045958E+01 -6.75154003E+01 -7.76099214E+01 -8.58183526E+01 -8.29490187E+01 -6.99535514E+01 -6.45572983E+01 -6.32034554E+01 -7.02481644E+01 -8.09141938E+01 -8.58631234E+01 -7.72292436E+01 -6.55278259E+01 -6.27131287E+01 -6.52994906E+01 -7.38351671E+01 -8.33561958E+01 -8.38635597E+01 -7.35232247E+01 -6.44715202E+01 -6.26519555E+01 -6.69832371E+01 -7.84329876E+01 -8.46721045E+01 -8.04044151E+01 -6.98046214E+01 -6.33485336E+01 -6.44795794E+01 -7.20592801E+01 -8.26721758E+01 -8.44695043E+01 -7.67108767E+01 -6.58945468E+01 -6.30966891E+01 -6.69400208E+01 -7.63953395E+01 -8.41204916E+01 -8.29922936E+01 -7.18960129E+01 -6.34757936E+01 -6.29299717E+01 -6.95822031E+01 -8.04380529E+01 -8.45824382E+01 -7.91453113E+01 -6.55091243E+01 -6.17173287E+01 -6.35902094E+01 -7.42968470E+01 -8.37786565E+01 -8.40023455E+01 -7.39112279E+01 -6.23116374E+01 -6.16738396E+01 -6.70777801E+01 -7.91817072E+01 -8.45674047E+01 -8.10463466E+01 -6.99387321E+01
 -5.33303936E+01 -7.58477939E+01 -8.62587876E+01 -8.71003169E+01 -8.35687421E+01 -6.96563846E+01 -4.76103404E+01 -6.03488586E+01 -8.19161024E+01 -8.71416205E+01 -8.66113138E+01 -8.05035154E+01 -6.04493691E+01 -4.89183337E+01 -7.01160259E+01 -8.48446908E+01 -8.70633725E+01 -8.52115213E+01 -7.35159040E+01 -5.29426245E+01 -5.58367387E+01 -7.70883704E+01 -8.60273422E+01 -8.69247752E+01 -8.20995170E+01 -6.58793368E+01 -5.27237888E+01 -6.38573568E+01 -8.19027502E+01 -8.70114036E+01 -8.57139277E+01 -7.74638350E+01 -6.07155965E+01 -5.58983315E+01 -7.19648516E+01 -8.52574357E+01 -8.71680608E+01 -8.31070543E+01 -7.04776952E+01 -5.45657391E+01 -6.00354058E+01 -7.95980890E+01 -8.68441404E+01 -8.69073295E+01 -8.05734351E+01 -6.35777639E+01 -5.11293527E+01 -6.73632210E+01 -8.42848614E+01 -8.72806587E+01 -8.55269842E+01 -7.39284854E+01 -5.33022822E+01 -5.45985554E+01 -7.55080597E+01 -8.63144380E+01 -8.70649707E+01 -8.30768000E+01 -6.47110313E+01 -5.10604321E+01 -6.36317476E+01 -8.16695704E+01 -8.68355713E+01 -8.64230358E+01 -7.87570405E+01 -5.54895629E+01 -5.34386020E+01 -7.32314184E+01 -8.52477890E+01 -8.70633250E+01 -8.52819746E+01 -7.07635339E+01 -4.88017483E+01 -6.05083404E+01 -8.12201810E+01 -8.73234820E+01 -8.70759344E+01 -8.27424242E+01 -5.95655767E+01 -4.53498244E+01 -7.10004956E+01 -8.59182374E+01 -8.72043408E+01 -8.65942324E+01 -7.61448821E+01 -4.59958603E+01 -5.34191084E+01 -8.30547221E+01 -8.72425854E+01 -8.74367293E+01 -8.56543055E+01 -6.24602777E+01 -3.12716740E+01 -7.39801090E+01 -9.16297652E+01 -9.35192747E+01 -9.26796286E+01 -7.42476063E+01 -2.66932164E+00  3.80205764E-02  3.07219054E-02 -3.55335462E+00 -7.27721469E+01 -9.24608595E+01 -9.34917795E+01 -9.15767464E+01 -7.83317974E+01 -3.69085812E+01 -5.64344749E+01 -8.31198313E+01 -8.71699168E+01 -8.73876750E+01 -8.48764937E+01 -6.02878971E+01 -4.58667037E+01 -7.14918494E+01 -8.45913603E+01 -8.71543491E+01 -8.68921188E+01 -7.61803995E+01 -4.94298439E+01 -5.92700290E+01 -7.90760159E+01 -8.61543221E+01 -8.71992231E+01 -8.44728870E+01 -6.21209503E+01 -4.97909340E+01 -6.84736445E+01 -8.26762503E+01 -8.71031147E+01 -8.68242579E+01 -7.56859370E+01 -5.30889079E+01 -5.53260220E+01 -7.44098205E+01 -8.46236870E+01 -8.70949681E+01 -8.35509511E+01 -6.64276739E+01 -5.15630908E+01 -6.30384962E+01 -8.00477076E+01 -8.68042612E+01 -8.62092156E+01 -7.76656880E+01 -5.84896464E+01 -5.37126290E+01 -7.07812765E+01 -8.43594298E+01 -8.72121904E+01 -8.41268479E+01 -7.16447583E+01 -5.25703205E+01 -6.12418034E+01 -7.76296934E+01 -8.64481655E+01 -8.65751741E+01 -8.01576312E+01 -6.22376839E+01 -5.31109492E+01 -6.63393226E+01 -8.20046042E+01 -8.69460577E+01 -8.48936043E+01 -7.47326801E+01 -5.68199873E+01 -5.57613955E+01 -7.33286166E+01 -8.56944567E+01 -8.69763963E+01 -8.29440727E+01 -6.97268737E+01 -5.32132331E+01 -6.06276821E+01 -8.02838783E+01 -8.68503590E+01 -8.61040270E+01 -7.92125813E+01 -6.10052899E+01 -5.16818911E+01 -6.98182575E+01 -8.50017682E+01 -8.70148849E+01 -8.46062116E+01 -7.53255675E+01 -5.43276084E+01 -5.62042035E+01 -7.93670465E+01 -8.65744384E+01 -8.67244943E+01 -8.15057155E+01 -6.75194673E+01 -4.88849873E+01 -6.66872062E+01 -8.38661432E+01 -8.70172300E+01 -8.53115656E+01 -7.76477148E+01 -5.58355837E+01
 -6.96392850E+01 -7.94319456E+01 -8.51042986E+01 -8.46059662E+01 -7.11069950E+01 -5.77561289E+01 -6.32673610E+01 -7.25656088E+01 -8.19203267E+01 -8.60727708E+01 -8.11509180E+01 -6.55715415E+01 -6.04868043E+01 -6.62584048E+01 -7.58253546E+01 -8.44009999E+01 -8.49932661E+01 -7.51377471E+01 -6.10254452E+01 -6.23221055E+01 -6.95844034E+01 -7.97755478E+01 -8.63092087E+01 -8.25617715E+01 -6.81969793E+01 -6.06026964E+01 -6.51901817E+01 -7.30053458E+01 -8.35645940E+01 -8.62701632E+01 -7.89476630E+01 -6.35272399E+01 -5.99775981E+01 -6.76625862E+01 -7.84335441E+01 -8.59234875E+01 -8.40634845E+01 -7.37571863E+01 -6.04261080E+01 -5.99292887E+01 -7.03813455E+01 -8.27996351E+01 -8.68184480E+01 -8.07925488E+01 -6.96275459E+01 -5.96552773E+01 -6.16146026E+01 -7.51486115E+01 -8.59783212E+01 -8.59686206E+01 -7.71953795E+01 -6.74138425E+01 -5.77577303E+01 -6.21115795E+01 -8.27706637E+01 -8.65404479E+01 -8.37830885E+01 -7.47879377E+01 -6.30030708E+01 -5.47037505E+01 -7.24849966E+01 -8.58283618E+01 -8.64916757E+01 -8.17235673E+01 -7.25311844E+01 -5.42414741E+01 -5.84999414E+01 -8.14017268E+01 -8.68619949E+01 -8.61779046E+01 -7.98187025E+01 -6.49899031E+01 -5.00416060E+01 -6.96468412E+01 -8.49541990E+01 -8.71831944E+01 -8.56985382E+01 -7.51341631E+01 -5.43921501E+01 -5.33259375E+01 -8.00766573E+01 -8.68720793E+01 -8.71838812E+01 -8.46776074E+01 -6.86441961E+01 -4.13278279E+01 -6.61621961E+01 -8.56723826E+01 -8.74322931E+01 -8.72640109E+01 -8.35031307E+01 -5.38783007E+01 -3.66342914E+01 -8.13500720E+01 -9.18518980E+01 -9.34096356E+01 -9.20249224E+01 -7.01414560E+01 -2.94616416E+00  4.72773125E-01  0.00000000E+00 -3.49668325E+00 -7.21348927E+01 -9.24396701E+01 -9.34602391E+01 -9.15610751E+01 -7.23636600E+01 -3.28430576E+01 -5.99837192E+01 -8.29630287E+01 -8.70480336E+01 -8.72830595E+01 -8.26866239E+01 -5.44727747E+01 -4.65607396E+01 -7.33319637E+01 -8.56124723E+01 -8.73747921E+01 -8.56160783E+01 -6.90339242E+01 -4.93495832E+01 -6.02348574E+01 -8.04180045E+01 -8.64610589E+01 -8.69999149E+01 -7.99159740E+01 -5.86915918E+01 -5.34383819E+01 -7.30214547E+01 -8.26980490E+01 -8.70112260E+01 -8.41673900E+01 -6.95893154E+01 -5.28097193E+01 -6.16632539E+01 -7.83678684E+01 -8.52586502E+01 -8.62971341E+01 -7.79425318E+01 -6.12929239E+01 -5.33056568E+01 -7.16598217E+01 -8.20804773E+01 -8.66372166E+01 -8.35399000E+01 -7.31074009E+01 -5.42502156E+01 -6.20897858E+01 -7.78094653E+01 -8.43930552E+01 -8.64055499E+01 -7.99849486E+01 -6.71468375E+01 -5.48492484E+01 -7.04092611E+01 -8.07375317E+01 -8.62007390E+01 -8.34995353E+01 -7.38390171E+01 -5.63722897E+01 -6.02317827E+01 -7.58712804E+01 -8.36586202E+01 -8.59377375E+01 -7.89721446E+01 -6.61704485E+01 -5.66651964E+01 -6.84693562E+01 -7.96876250E+01 -8.55197920E+01 -8.37217885E+01 -7.39026070E+01 -5.77268332E+01 -6.09459863E+01 -7.46812067E+01 -8.19405077E+01 -8.59109113E+01 -8.07732915E+01 -6.72396572E+01 -5.56855997E+01 -6.55203869E+01 -7.74495456E+01 -8.43573394E+01 -8.44537719E+01 -7.69419786E+01 -6.02048714E+01 -5.83401752E+01 -7.24781684E+01 -8.00302300E+01 -8.51898511E+01 -8.24355080E+01 -6.75510762E+01 -5.54277413E+01 -6.66198167E+01 -7.67440872E+01 -8.29583781E+01 -8.53363858E+01 -7.75965410E+01 -5.97377496E+01 -6.01507125E+01
 -6.61674092E+01 -7.78200624E+01 -8.63865970E+01 -8.56699871E+01 -7.19845236E+01 -5.77688174E+01 -6.23856246E+01 -6.96243383E+01 -8.09357638E+01 -8.67019179E+01 -8.29637117E+01 -6.49471160E+01 -5.88458665E+01 -6.38443983E+01 -7.40712791E+01 -8.40148643E+01 -8.65184075E+01 -7.83214825E+01 -5.96251043E+01 -5.97077743E+01 -6.83529982E+01 -7.71532297E+01 -8.61586232E+01 -8.42245856E+01 -7.29438554E+01 -5.83715423E+01 -6.19029103E+01 -7.17646774E+01 -8.29929490E+01 -8.63046806E+01 -8.15913671E+01 -6.52538910E+01 -5.58517721E+01 -6.37775814E+01 -7.65403466E+01 -8.49438025E+01 -8.66011850E+01 -7.64225607E+01 -5.89640667E+01 -5.63031301E+01 -6.92730805E+01 -8.14473277E+01 -8.64078066E+01 -8.38661158E+01 -7.03779457E+01 -5.43209688E+01 -5.97825164E+01 -7.47819910E+01 -8.47148745E+01 -8.65293551E+01 -8.03508847E+01 -6.50871206E+01 -5.81461852E+01 -6.38779677E+01 -7.93617520E+01 -8.62845476E+01 -8.66647679E+01 -7.68996363E+01 -6.13188153E+01 -5.75010928E+01 -6.99244818E+01 -8.37676018E+01 -8.71835451E+01 -8.46654621E+01 -6.96038002E+01 -5.73002141E+01 -5.79932160E+01 -7.43654862E+01 -8.58122580E+01 -8.69429878E+01 -8.02849855E+01 -6.32209273E+01 -5.07789157E+01 -6.46077367E+01 -8.42332156E+01 -8.68036798E+01 -8.67930183E+01 -7.79670408E+01 -5.37552969E+01 -5.08855557E+01 -7.66658919E+01 -8.67756691E+01 -8.72691897E+01 -8.54478296E+01 -7.14174603E+01 -4.40246496E+01 -6.00129049E+01 -8.45881716E+01 -8.73857067E+01 -8.75313567E+01 -8.41312120E+01 -5.67224622E+01 -3.40400680E+01 -7.78936513E+01 -9.17452407E+01 -9.36220309E+01 -9.23695290E+01 -7.36722417E+01 -2.66810676E+00  8.70245670E-02  1.17452266E-01 -3.40777037E+00 -7.37814990E+01 -9.24184038E+01 -9.35991624E+01 -9.17982234E+01 -7.83840824E+01 -2.95154293E+01 -5.93868970E+01 -8.59247949E+01 -8.76516995E+01 -8.74207678E+01 -8.57683070E+01 -5.92628152E+01 -3.83806562E+01 -7.55563999E+01 -8.65689840E+01 -8.71716391E+01 -8.66706185E+01 -7.71854086E+01 -4.41668097E+01 -5.31692023E+01 -8.34869839E+01 -8.73252618E+01 -8.74372247E+01 -8.37294179E+01 -6.14156326E+01 -4.09331023E+01 -7.08179222E+01 -8.61716952E+01 -8.72870267E+01 -8.69466620E+01 -7.70881474E+01 -4.71042042E+01 -5.14869331E+01 -8.07563527E+01 -8.67463630E+01 -8.71234230E+01 -8.46924894E+01 -6.42496392E+01 -4.67522644E+01 -6.84212088E+01 -8.48881525E+01 -8.70069854E+01 -8.67450414E+01 -7.77132914E+01 -5.22567913E+01 -5.36858921E+01 -7.80199743E+01 -8.63516426E+01 -8.72998985E+01 -8.51661596E+01 -6.82125160E+01 -4.75610633E+01 -6.43700279E+01 -8.31636011E+01 -8.68925706E+01 -8.70614424E+01 -7.93840335E+01 -5.51318793E+01 -5.22589542E+01 -7.37215187E+01 -8.61311887E+01 -8.72606177E+01 -8.57521044E+01 -7.04775978E+01 -4.94341209E+01 -6.19449498E+01 -8.12948066E+01 -8.66986043E+01 -8.67394440E+01 -8.11126371E+01 -5.87684343E+01 -5.27700222E+01 -7.08516272E+01 -8.37332903E+01 -8.70307998E+01 -8.57971672E+01 -7.03096292E+01 -5.39257476E+01 -5.88233019E+01 -7.71592022E+01 -8.59195614E+01 -8.68398656E+01 -8.07650525E+01 -6.29487636E+01 -5.79841602E+01 -6.76692494E+01 -8.15501726E+01 -8.72448690E+01 -8.57297454E+01 -7.26362011E+01 -5.61544458E+01 -5.92450007E+01 -7.17843134E+01 -8.46330598E+01 -8.69806589E+01 -8.08547042E+01 -6.12726706E+01 -5.72854458E+01
 -6.25544447E+01 -7.56466728E+01 -8.40864428E+01 -8.67781364E+01 -8.32635097E+01 -6.43435911E+01 -5.31575682E+01 -6.79812757E+01 -7.99793422E+01 -8.55616405E+01 -8.69031585E+01 -7.80525224E+01 -5.50589843E+01 -5.80028791E+01 -7.37930651E+01 -8.34090905E+01 -8.67340791E+01 -8.49950259E+01 -6.80288435E+01 -5.22535372E+01 -6.34029961E+01 -7.79405441E+01 -8.52387747E+01 -8.65200990E+01 -8.06571536E+01 -5.78176063E+01 -5.31611246E+01 -7.02005360E+01 -8.20044308E+01 -8.65570870E+01 -8.57839455E+01 -7.24168873E+01 -5.11746566E+01 -6.03038374E+01 -7.57452338E+01 -8.45689004E+01 -8.71301035E+01 -8.35776198E+01 -6.29678650E+01 -5.17904528E+01 -6.88202172E+01 -8.01062749E+01 -8.66396666E+01 -8.68671792E+01 -7.72857954E+01 -5.40158266E+01 -5.63319674E+01 -7.42242281E+01 -8.44607347E+01 -8.71964526E+01 -8.51936436E+01 -6.78359303E+01 -4.98835525E+01 -6.46404222E+01 -8.00385527E+01 -8.67759990E+01 -8.69562290E+01 -8.05526744E+01 -5.72446150E+01 -5.26735898E+01 -7.03365888E+01 -8.47095535E+01 -8.71915417E+01 -8.63124987E+01 -7.36174089E+01 -5.03540937E+01 -5.56916526E+01 -7.83552659E+01 -8.66598322E+01 -8.71833766E+01 -8.47001982E+01 -6.28726206E+01 -4.58790324E+01 -6.52457764E+01 -8.44673143E+01 -8.72058638E+01 -8.67711367E+01 -7.95272238E+01 -5.30389844E+01 -4.84538637E+01 -7.88402476E+01 -8.70048195E+01 -8.73511234E+01 -8.64383392E+01 -7.20419660E+01 -3.92601978E+01 -6.02349312E+01 -8.52691128E+01 -8.74564709E+01 -8.74289153E+01 -8.50459340E+01 -5.62024390E+01 -3.43896587E+01 -7.81814676E+01 -9.17156494E+01 -9.36143956E+01 -9.25251907E+01 -7.28798442E+01 -2.51190316E+00  2.72961290E-01  1.06636140E-01 -2.83481865E+00 -7.07287128E+01 -9.22853012E+01 -9.33868434E+01 -9.16410179E+01 -7.89596389E+01 -3.71502701E+01 -5.32028884E+01 -8.25912908E+01 -8.70293924E+01 -8.72628754E+01 -8.56155150E+01 -6.33920121E+01 -4.23799823E+01 -6.90770564E+01 -8.46184330E+01 -8.71765513E+01 -8.69582916E+01 -7.93193212E+01 -5.33077448E+01 -5.41477513E+01 -7.61694860E+01 -8.58595050E+01 -8.71325594E+01 -8.54793423E+01 -6.95162891E+01 -5.29305445E+01 -6.20213250E+01 -8.06174566E+01 -8.64330284E+01 -8.67417274E+01 -8.00102885E+01 -5.90738914E+01 -5.35815573E+01 -7.10076924E+01 -8.40032692E+01 -8.70940872E+01 -8.47501589E+01 -7.11167484E+01 -5.27444279E+01 -6.05419448E+01 -7.79415377E+01 -8.56716130E+01 -8.67276806E+01 -8.07887512E+01 -6.07735699E+01 -5.39075291E+01 -6.97295771E+01 -8.25035225E+01 -8.70253104E+01 -8.55118463E+01 -7.09197507E+01 -5.42499542E+01 -6.07553961E+01 -7.68051793E+01 -8.49803609E+01 -8.69865926E+01 -8.10981035E+01 -6.13189207E+01 -5.51216291E+01 -6.91208613E+01 -8.07941741E+01 -8.66089530E+01 -8.61199384E+01 -7.35628214E+01 -5.64941049E+01 -6.04915650E+01 -7.54154656E+01 -8.37487355E+01 -8.67981516E+01 -8.30226795E+01 -6.46593275E+01 -5.53526183E+01 -6.64447324E+01 -7.85693708E+01 -8.56215480E+01 -8.60827644E+01 -7.70402301E+01 -5.83354091E+01 -5.86021070E+01 -7.19727644E+01 -8.24059622E+01 -8.66328785E+01 -8.36936685E+01 -6.91463710E+01 -5.55537786E+01 -6.34394356E+01 -7.64489327E+01 -8.46012858E+01 -8.65216769E+01 -8.01488872E+01 -6.22867437E+01 -5.55257515E+01 -7.11937657E+01 -8.08000363E+01 -8.63063350E+01 -8.58587198E+01 -7.28465363E+01 -5.39393241E+01
 -5.47814273E+01 -7.19936658E+01 -8.53782391E+01 -8.68431716E+01 -8.30125856E+01 -6.82729883E+01 -5.45062111E+01 -6.17661384E+01 -7.92046368E+01 -8.66614319E+01 -8.60127677E+01 -7.84009615E+01 -6.09930092E+01 -5.38632156E+01 -7.03978796E+01 -8.36090385E+01 -8.64041018E+01 -8.41498752E+01 -7.15408292E+01 -5.68369857E+01 -5.93099110E+01 -7.70629799E+01 -8.54558115E+01 -8.60552254E+01 -7.97766786E+01 -6.45998899E+01 -5.56844935E+01 -6.61968669E+01 -8.03825460E+01 -8.64497811E+01 -8.45808051E+01 -7.19420591E+01 -6.04210783E+01 -5.87916812E+01 -7.46189288E+01 -8.39718661E+01 -8.62925578E+01 -8.02339129E+01 -6.69739676E+01 -5.64305174E+01 -6.48497616E+01 -7.84337373E+01 -8.59138543E+01 -8.55607831E+01 -7.62834390E+01 -5.98637208E+01 -5.50603324E+01 -7.05127527E+01 -8.28838349E+01 -8.67713547E+01 -8.41723198E+01 -6.99104768E+01 -5.09430184E+01 -6.06969981E+01 -7.74054661E+01 -8.61897783E+01 -8.69594811E+01 -8.09166609E+01 -6.07744504E+01 -5.06753201E+01 -6.78755319E+01 -8.35479035E+01 -8.70253876E+01 -8.60669406E+01 -7.52792898E+01 -5.19496636E+01 -5.27492019E+01 -7.68523398E+01 -8.65390003E+01 -8.72551436E+01 -8.38947222E+01 -6.66037462E+01 -4.43816018E+01 -6.29636666E+01 -8.42564059E+01 -8.72496017E+01 -8.68186239E+01 -8.06704576E+01 -5.59012357E+01 -4.77508030E+01 -7.58026380E+01 -8.69742759E+01 -8.72776478E+01 -8.63526248E+01 -7.48893482E+01 -4.17903524E+01 -5.65567545E+01 -8.48605990E+01 -8.72970083E+01 -8.73826993E+01 -8.51019325E+01 -5.99895379E+01 -3.25760714E+01 -7.64522521E+01 -9.16263456E+01 -9.35025177E+01 -9.25272754E+01 -7.29882466E+01 -3.36365659E+00  8.98939359E-03  3.79444934E-01 -2.39903692E+00 -7.20062971E+01 -9.27287072E+01 -9.36480497E+01 -9.17643365E+01 -7.73885508E+01 -3.60885212E+01 -5.68276919E+01 -8.40338051E+01 -8.73718979E+01 -8.74691116E+01 -8.47939706E+01 -6.02602781E+01 -4.49469425E+01 -7.04017243E+01 -8.56517909E+01 -8.71841425E+01 -8.67698941E+01 -7.65795175E+01 -5.05933917E+01 -5.51459909E+01 -7.84038575E+01 -8.66908726E+01 -8.73447336E+01 -8.41290075E+01 -6.66774200E+01 -5.05012909E+01 -6.41990089E+01 -8.34159107E+01 -8.72684702E+01 -8.66531787E+01 -7.75773360E+01 -5.80154057E+01 -5.25821401E+01 -7.31413513E+01 -8.59929978E+01 -8.72233521E+01 -8.40864828E+01 -7.06811086E+01 -5.28176315E+01 -5.91571447E+01 -7.93202126E+01 -8.67329422E+01 -8.65389323E+01 -7.97718207E+01 -6.15148154E+01 -5.25678969E+01 -6.77278061E+01 -8.33756799E+01 -8.71507261E+01 -8.52145274E+01 -7.45862131E+01 -5.56218178E+01 -5.93530293E+01 -7.53133619E+01 -8.56916829E+01 -8.65396730E+01 -8.20202037E+01 -6.48737033E+01 -5.33525091E+01 -6.56416048E+01 -8.12618142E+01 -8.67282097E+01 -8.55070472E+01 -7.74547984E+01 -5.87699663E+01 -5.73070421E+01 -7.21848595E+01 -8.53675172E+01 -8.69536999E+01 -8.27889546E+01 -7.09678496E+01 -5.53879717E+01 -5.84741388E+01 -7.76797921E+01 -8.67190618E+01 -8.64372744E+01 -7.89939367E+01 -6.39682542E+01 -5.39519041E+01 -6.67617786E+01 -8.37485433E+01 -8.69869590E+01 -8.43518841E+01 -7.48336179E+01 -5.58874106E+01 -5.54972342E+01 -7.61036438E+01 -8.64000400E+01 -8.65056787E+01 -8.16446991E+01 -6.73339893E+01 -5.25185420E+01 -6.28054483E+01 -8.16444917E+01 -8.70287033E+01 -8.51925951E+01 -7.77966883E+01 -5.90145003E+01
 -6.76768259E+01 -6.88066537E+01 -7.95130320E+01 -8.33792087E+01 -7.46863136E+01 -7.15277119E+01 -7.05586058E+01 -6.58097115E+01 -7.41942318E+01 -8.36216239E+01 -8.03512806E+01 -7.32923278E+01 -7.14014522E+01 -6.72350379E+01 -6.70404095E+01 -7.84895834E+01 -8.37350231E+01 -7.72832459E+01 -7.30013069E+01 -6.94314987E+01 -6.31035711E+01 -7.21474141E+01 -8.40761437E+01 -8.11020098E+01 -7.60519802E+01 -7.18828185E+01 -6.32157943E+01 -6.35203642E+01 -7.91325965E+01 -8.43565010E+01 -7.85743230E+01 -7.37777684E+01 -6.67796242E+01 -5.92185877E+01 -7.17676852E+01 -8.45886981E+01 -8.36697672E+01 -7.75723158E+01 -7.18639279E+01 -6.22138249E+01 -6.24707171E+01 -7.96234825E+01 -8.55193675E+01 -8.15441075E+01 -7.58508233E+01 -6.75811611E+01 -5.76947527E+01 -6.86747220E+01 -8.43184914E+01 -8.50534517E+01 -7.96104086E+01 -7.24922717E+01 -6.01112656E+01 -5.98444650E+01 -7.77722178E+01 -8.62366300E+01 -8.35688758E+01 -7.83792449E+01 -6.78373212E+01 -5.49904932E+01 -6.72733633E+01 -8.44557145E+01 -8.63009775E+01 -8.12532491E+01 -7.58713468E+01 -6.03492957E+01 -5.53294475E+01 -7.70867053E+01 -8.67603622E+01 -8.51888949E+01 -8.00379880E+01 -7.05205378E+01 -5.20818923E+01 -6.34847979E+01 -8.39683927E+01 -8.70361744E+01 -8.44310603E+01 -7.77408284E+01 -5.91575587E+01 -4.74992308E+01 -7.59920142E+01 -8.68879657E+01 -8.71157244E+01 -8.39848855E+01 -7.27897587E+01 -4.48951076E+01 -5.63791477E+01 -8.46606406E+01 -8.74088437E+01 -8.71948995E+01 -8.32854537E+01 -6.01777353E+01 -3.49089361E+01 -7.58439305E+01 -9.15793804E+01 -9.34233361E+01 -9.25075282E+01 -7.23130023E+01 -3.37003679E+00  2.82035269E-01  3.85605231E-02 -3.02772844E+00 -6.99330745E+01 -9.22506035E+01 -9.34829190E+01 -9.17013528E+01 -8.05579312E+01 -3.77576144E+01 -5.17886190E+01 -8.21409233E+01 -8.73038153E+01 -8.72697820E+01 -8.56111766E+01 -6.55385008E+01 -4.05458098E+01 -6.45957951E+01 -8.47739079E+01 -8.71305892E+01 -8.67336980E+01 -7.90394887E+01 -5.59274013E+01 -5.03373978E+01 -7.35097910E+01 -8.61936279E+01 -8.72549934E+01 -8.47747579E+01 -7.08918939E+01 -5.06763054E+01 -5.90457065E+01 -8.01956350E+01 -8.66127891E+01 -8.65472145E+01 -8.00313488E+01 -6.10090695E+01 -5.37904824E+01 -6.63368837E+01 -8.34965964E+01 -8.68722398E+01 -8.43791824E+01 -7.17460163E+01 -5.81092678E+01 -5.88152884E+01 -7.27614000E+01 -8.45963172E+01 -8.61642995E+01 -8.03309634E+01 -6.48801592E+01 -6.04985765E+01 -6.49005658E+01 -7.81750444E+01 -8.56495593E+01 -8.37906214E+01 -7.25957481E+01 -6.26448784E+01 -6.50551712E+01 -7.02490257E+01 -8.19517235E+01 -8.56469541E+01 -7.83361090E+01 -6.65549168E+01 -6.52792526E+01 -6.35892104E+01 -7.54373021E+01 -8.46236075E+01 -8.33444145E+01 -7.20170326E+01 -6.66338656E+01 -6.51387785E+01 -6.70083756E+01 -7.99826644E+01 -8.50342424E+01 -7.80511444E+01 -6.71738735E+01 -6.91866005E+01 -6.40050668E+01 -7.18526907E+01 -8.37628511E+01 -8.36206088E+01 -7.11720680E+01 -6.88219613E+01 -6.86574028E+01 -6.60067416E+01 -7.78152707E+01 -8.47341593E+01 -7.77953831E+01 -6.84557500E+01 -7.18379623E+01 -6.51310118E+01 -7.03698333E+01 -8.07255683E+01 -8.29974281E+01 -7.20507404E+01 -7.11262378E+01 -7.16207164E+01 -6.56845285E+01 -7.55966404E+01 -8.27278541E+01 -7.96343223E+01 -7.08189898E+01 -7.31850348E+01
 -5.62138399E+01 -6.90781790E+01 -8.38146128E+01 -8.65590524E+01 -8.35782764E+01 -7.23010211E+01 -5.70393359E+01 -5.82975496E+01 -7.81189621E+01 -8.62504256E+01 -8.57796123E+01 -7.92588349E+01 -6.48952997E+01 -5.23697821E+01 -6.54214635E+01 -8.37110141E+01 -8.69428286E+01 -8.44686211E+01 -7.33729993E+01 -5.47869437E+01 -5.33318690E+01 -7.54159179E+01 -8.65522877E+01 -8.70642817E+01 -8.21252847E+01 -6.63712903E+01 -4.88720470E+01 -6.13519942E+01 -8.32299348E+01 -8.69789982E+01 -8.66694605E+01 -7.90479760E+01 -5.73724666E+01 -4.81738976E+01 -7.23666960E+01 -8.59446223E+01 -8.74029037E+01 -8.57778402E+01 -7.23737102E+01 -4.79559881E+01 -5.71255224E+01 -8.14313596E+01 -8.70660779E+01 -8.70966257E+01 -8.25991053E+01 -6.34278325E+01 -4.52235408E+01 -6.79781317E+01 -8.52719289E+01 -8.71057130E+01 -8.65888396E+01 -7.70776389E+01 -5.09975114E+01 -4.89035329E+01 -7.91741867E+01 -8.69886071E+01 -8.71677885E+01 -8.48680097E+01 -6.80772979E+01 -4.34995650E+01 -6.46311882E+01 -8.49617162E+01 -8.72815776E+01 -8.70110496E+01 -8.15090607E+01 -5.30415356E+01 -4.63534215E+01 -7.72567669E+01 -8.70860469E+01 -8.73334527E+01 -8.60885080E+01 -7.12940547E+01 -4.16259456E+01 -5.88585243E+01 -8.45081768E+01 -8.72592130E+01 -8.71745738E+01 -8.29996839E+01 -5.78406538E+01 -4.33389461E+01 -7.58619436E+01 -8.68384323E+01 -8.71932786E+01 -8.65627974E+01 -7.62768999E+01 -4.22946719E+01 -5.68468834E+01 -8.53044651E+01 -8.73762402E+01 -8.74110759E+01 -8.52500668E+01 -5.92841700E+01 -3.39319440E+01 -7.78308649E+01 -9.15493024E+01 -9.33563427E+01 -9.22331050E+01 -7.25752235E+01 -2.59337822E+00  2.33271642E-01  2.80501554E-02 -3.44874171E+00 -7.04096698E+01 -9.21432066E+01 -9.35214176E+01 -9.17632314E+01 -7.96056956E+01 -3.94176898E+01 -5.23271563E+01 -8.04158609E+01 -8.69592486E+01 -8.73757475E+01 -8.53876869E+01 -6.38415293E+01 -4.63494965E+01 -6.40544609E+01 -8.21046778E+01 -8.70294822E+01 -8.69042636E+01 -7.77215914E+01 -5.65607203E+01 -5.44419652E+01 -7.23678900E+01 -8.38376948E+01 -8.69886200E+01 -8.45220557E+01 -7.01571869E+01 -5.70547094E+01 -6.09223676E+01 -7.69489687E+01 -8.45587946E+01 -8.63667418E+01 -7.90870121E+01 -6.32501426E+01 -5.72616046E+01 -6.89363152E+01 -8.07058770E+01 -8.53493269E+01 -8.43909137E+01 -7.14282507E+01 -6.01586960E+01 -6.03587551E+01 -7.45099766E+01 -8.23118615E+01 -8.59299988E+01 -8.05958079E+01 -6.50223402E+01 -5.87362533E+01 -6.64337417E+01 -7.81288834E+01 -8.44965994E+01 -8.53466080E+01 -7.43074263E+01 -6.15836943E+01 -5.89487925E+01 -6.99353712E+01 -8.14920252E+01 -8.63779250E+01 -8.20520291E+01 -6.92367000E+01 -5.84172026E+01 -6.29211752E+01 -7.61990064E+01 -8.45028229E+01 -8.62561670E+01 -7.82040509E+01 -6.53749299E+01 -5.77516251E+01 -6.85251825E+01 -8.04466273E+01 -8.62076417E+01 -8.35832346E+01 -7.29688805E+01 -6.11377661E+01 -5.86581654E+01 -7.34993028E+01 -8.41556158E+01 -8.59525893E+01 -7.92962426E+01 -6.88245865E+01 -5.79614273E+01 -6.35578299E+01 -7.93783706E+01 -8.59014608E+01 -8.42850362E+01 -7.54005499E+01 -6.06539693E+01 -5.76138364E+01 -6.99473741E+01 -8.39728805E+01 -8.67271405E+01 -8.13911394E+01 -7.02453823E+01 -5.75158585E+01 -6.24820811E+01 -7.75699716E+01 -8.62837031E+01 -8.56089664E+01 -7.78454785E+01 -6.22179330E+01
 -5.76399451E+01 -7.52713152E+01 -8.43470932E+01 -8.68215356E+01 -8.32044820E+01 -6.82298415E+01 -5.45288049E+01 -6.67706274E+01 -8.03391291E+01 -8.63275959E+01 -8.63494553E+01 -7.83632635E+01 -6.08452708E+01 -5.76171962E+01 -7.40405160E+01 -8.39286479E+01 -8.69019485E+01 -8.41654075E+01 -7.03523135E+01 -5.58856551E+01 -6.26085556E+01 -7.82920727E+01 -8.64658427E+01 -8.66795499E+01 -7.81855360E+01 -6.20630099E+01 -5.69348320E+01 -6.97626817E+01 -8.44776331E+01 -8.72033719E+01 -8.39059710E+01 -7.02346281E+01 -5.68355244E+01 -6.12124809E+01 -7.71451676E+01 -8.65843372E+01 -8.65501236E+01 -7.93808155E+01 -6.43116785E+01 -5.56937087E+01 -6.61864289E+01 -8.40848687E+01 -8.73491866E+01 -8.46810285E+01 -7.45471382E+01 -5.92600123E+01 -5.74130947E+01 -7.50730544E+01 -8.65289493E+01 -8.65505187E+01 -8.21185664E+01 -6.76511813E+01 -5.40735005E+01 -6.22941654E+01 -8.34616116E+01 -8.71171898E+01 -8.60574939E+01 -7.79708328E+01 -5.98704050E+01 -5.39344257E+01 -7.44823795E+01 -8.63606145E+01 -8.70129068E+01 -8.45449288E+01 -7.23629071E+01 -5.19365572E+01 -6.17398356E+01 -8.26047305E+01 -8.72164300E+01 -8.67856080E+01 -8.16631766E+01 -6.08554224E+01 -4.91985903E+01 -7.18111859E+01 -8.63820391E+01 -8.72377281E+01 -8.60777001E+01 -7.57168048E+01 -5.28274685E+01 -5.58215133E+01 -8.17494692E+01 -8.71913991E+01 -8.72708051E+01 -8.43327872E+01 -6.67626866E+01 -4.34687424E+01 -6.63082277E+01 -8.62700185E+01 -8.74206117E+01 -8.72576743E+01 -8.22422253E+01 -5.32746847E+01 -4.06686594E+01 -8.19708652E+01 -9.16864031E+01 -9.34410063E+01 -9.22189055E+01 -6.99875926E+01 -3.69640966E+00  0.00000000E+00  1.00690797E-01 -2.94857464E+00 -7.08931908E+01 -9.23534175E+01 -9.36136943E+01 -9.18577873E+01 -7.87875016E+01 -4.02079374E+01 -5.76301833E+01 -8.13544937E+01 -8.68942589E+01 -8.73920925E+01 -8.53786509E+01 -6.19935144E+01 -5.05093128E+01 -7.03420443E+01 -8.26911226E+01 -8.66040984E+01 -8.69082090E+01 -7.74507346E+01 -5.43175614E+01 -5.94806006E+01 -7.61000994E+01 -8.38722915E+01 -8.68373143E+01 -8.45852338E+01 -6.72977423E+01 -5.40529558E+01 -6.80800562E+01 -7.95640105E+01 -8.52495479E+01 -8.65311358E+01 -7.92909124E+01 -5.84242172E+01 -5.86772942E+01 -7.18230328E+01 -8.23001064E+01 -8.66010844E+01 -8.46446208E+01 -7.12499826E+01 -5.41662881E+01 -6.45551173E+01 -7.70200227E+01 -8.42335010E+01 -8.62032713E+01 -8.15386486E+01 -6.23137051E+01 -5.56439033E+01 -7.19722355E+01 -8.09931121E+01 -8.67355590E+01 -8.54136127E+01 -7.56953821E+01 -5.51390840E+01 -6.17756923E+01 -7.67405766E+01 -8.40813186E+01 -8.67473911E+01 -8.35924935E+01 -6.70428230E+01 -5.29182246E+01 -6.82964403E+01 -8.02338754E+01 -8.54770467E+01 -8.65314232E+01 -7.91607349E+01 -5.87242798E+01 -5.80808702E+01 -7.45822832E+01 -8.26448011E+01 -8.67920535E+01 -8.48770925E+01 -7.10570242E+01 -5.32855045E+01 -6.45011766E+01 -7.88116447E+01 -8.52514948E+01 -8.68417019E+01 -8.02706136E+01 -6.18633507E+01 -5.53539779E+01 -7.20170644E+01 -8.24462193E+01 -8.61488858E+01 -8.55402691E+01 -7.45442240E+01 -5.60065727E+01 -6.16686993E+01 -7.68546677E+01 -8.50933175E+01 -8.68380970E+01 -8.25160247E+01 -6.69308028E+01 -5.34949501E+01 -6.77611888E+01 -8.17332267E+01 -8.62223141E+01 -8.57567073E+01 -7.60429507E+01 -5.79473342E+01
 -5.93119880E+01 -7.32333688E+01 -8.39039660E+01 -8.58218329E+01 -8.04646638E+01 -6.69754675E+01 -5.90102810E+01 -6.46242870E+01 -7.86569402E+01 -8.50414167E+01 -8.46637725E+01 -7.61265290E+01 -6.06257507E+01 -5.94815790E+01 -7.06924871E+01 -8.29195192E+01 -8.56935054E+01 -8.35414908E+01 -6.85685870E+01 -5.60812544E+01 -6.28823842E+01 -7.76395592E+01 -8.46622752E+01 -8.59697279E+01 -7.82831339E+01 -5.95518373E+01 -5.63791042E+01 -6.83753108E+01 -8.20498567E+01 -8.63425380E+01 -8.53524885E+01 -7.11086240E+01 -5.56906655E+01 -5.98380988E+01 -7.63738009E+01 -8.51539416E+01 -8.67834785E+01 -8.12953122E+01 -6.35651100E+01 -5.31117084E+01 -6.73991241E+01 -8.23453398E+01 -8.68253934E+01 -8.62939232E+01 -7.67074991E+01 -5.55199461E+01 -5.54651561E+01 -7.48669683E+01 -8.52200212E+01 -8.72450675E+01 -8.53265159E+01 -6.93303660E+01 -4.96359832E+01 -6.17342879E+01 -8.05655111E+01 -8.65904628E+01 -8.69888179E+01 -8.13511953E+01 -6.02683256E+01 -4.96619228E+01 -7.04356508E+01 -8.45709210E+01 -8.71987804E+01 -8.57211420E+01 -7.53966803E+01 -5.05633204E+01 -5.54366335E+01 -7.83149585E+01 -8.65484466E+01 -8.71165528E+01 -8.36400994E+01 -6.52402231E+01 -4.55341557E+01 -6.78469349E+01 -8.42685324E+01 -8.72858812E+01 -8.69604472E+01 -7.94829670E+01 -5.35283258E+01 -4.94660773E+01 -7.71563873E+01 -8.67970569E+01 -8.73032533E+01 -8.56748831E+01 -7.07240677E+01 -4.05502579E+01 -6.30959374E+01 -8.56549428E+01 -8.73905583E+01 -8.73569365E+01 -8.34821994E+01 -5.49071528E+01 -3.65651442E+01 -7.97126692E+01 -9.16947143E+01 -9.35321064E+01 -9.25474303E+01 -7.25578240E+01 -3.46682388E+00  8.75196695E-02  1.01383498E-01 -3.36688019E+00 -7.08338914E+01 -9.23403840E+01 -9.34542869E+01 -9.16879583E+01 -8.12037273E+01 -3.81936646E+01 -5.12185475E+01 -8.22555331E+01 -8.73088151E+01 -8.73811545E+01 -8.56566461E+01 -6.44767969E+01 -4.20017632E+01 -6.46136277E+01 -8.46933858E+01 -8.73616964E+01 -8.72939535E+01 -7.95515342E+01 -5.42200588E+01 -5.01801056E+01 -7.42893438E+01 -8.66620025E+01 -8.72739709E+01 -8.58715648E+01 -7.04399976E+01 -5.00882499E+01 -5.72186446E+01 -8.10756618E+01 -8.70595249E+01 -8.69740823E+01 -8.09456792E+01 -6.12293077E+01 -4.92501906E+01 -6.79886186E+01 -8.43157176E+01 -8.72327733E+01 -8.56215746E+01 -7.43625139E+01 -5.47151541E+01 -5.57594106E+01 -7.67061542E+01 -8.63440555E+01 -8.66790915E+01 -8.22058830E+01 -6.61119177E+01 -5.23036810E+01 -6.42023826E+01 -8.22307817E+01 -8.71247533E+01 -8.53295283E+01 -7.56220663E+01 -5.73915890E+01 -5.65085295E+01 -7.32188550E+01 -8.56099259E+01 -8.67629553E+01 -8.21952107E+01 -6.79414426E+01 -5.49435558E+01 -6.20452878E+01 -7.95519089E+01 -8.61237646E+01 -8.59752809E+01 -7.76801823E+01 -5.86135775E+01 -5.60825792E+01 -7.19349528E+01 -8.38288110E+01 -8.64247150E+01 -8.35687641E+01 -7.04632592E+01 -5.47488009E+01 -6.18461687E+01 -7.73638044E+01 -8.58722871E+01 -8.56819427E+01 -7.87393384E+01 -6.13952695E+01 -5.67651115E+01 -7.00333252E+01 -8.14492568E+01 -8.60721040E+01 -8.35981462E+01 -7.20351122E+01 -5.54200447E+01 -6.28912273E+01 -7.61016061E+01 -8.47333516E+01 -8.59934578E+01 -7.94026167E+01 -6.54218148E+01 -5.68319722E+01 -6.76619038E+01 -8.07447339E+01 -8.58345343E+01 -8.37818419E+01 -7.40243558E+01 -6.03164403E+01
 -6.17964989E+01 -7.40881928E+01 -8.46302224E+01 -8.65844538E+01 -8.06413759E+01 -6.60152346E+01 -5.77810040E+01 -6.52256756E+01 -8.07927141E+01 -8.63255634E+01 -8.53784085E+01 -7.53297966E+01 -5.85244463E+01 -5.90913513E+01 -7.29807119E+01 -8.45061198E+01 -8.68370594E+01 -8.24549765E+01 -6.70016347E+01 -5.48057949E+01 -6.51971521E+01 -8.05264500E+01 -8.64775797E+01 -8.57946034E+01 -7.71874000E+01 -6.09990077E+01 -5.62841970E+01 -7.32653357E+01 -8.43155341E+01 -8.69209268E+01 -8.39766065E+01 -7.11444683E+01 -5.41494497E+01 -6.13054679E+01 -7.94178651E+01 -8.64185850E+01 -8.63685712E+01 -7.95736825E+01 -6.35956507E+01 -5.46672722E+01 -7.01353216E+01 -8.36514051E+01 -8.67772270E+01 -8.45343967E+01 -7.34802823E+01 -5.45736311E+01 -5.98307553E+01 -7.74764006E+01 -8.56976368E+01 -8.64628282E+01 -8.05594916E+01 -6.29883127E+01 -5.10591015E+01 -6.73347682E+01 -8.25734797E+01 -8.71192491E+01 -8.57627262E+01 -7.42465022E+01 -5.35489546E+01 -5.67262177E+01 -7.56351114E+01 -8.60178155E+01 -8.71694616E+01 -8.26891430E+01 -6.62666270E+01 -4.98104874E+01 -6.34007793E+01 -8.21804430E+01 -8.69279222E+01 -8.62723800E+01 -7.90618178E+01 -5.74001400E+01 -4.91482760E+01 -7.25961962E+01 -8.59333520E+01 -8.74150743E+01 -8.60936733E+01 -7.31373308E+01 -5.01105756E+01 -5.55828487E+01 -8.02304738E+01 -8.70750419E+01 -8.73430890E+01 -8.41192735E+01 -6.54807678E+01 -4.11935240E+01 -6.69744667E+01 -8.63076483E+01 -8.74286168E+01 -8.72487073E+01 -8.21617365E+01 -5.22452512E+01 -3.84415117E+01 -8.21283617E+01 -9.17276122E+01 -9.32892163E+01 -9.23081070E+01 -6.98415341E+01 -1.99077605E+00  1.13102838E-01  2.30378054E-01 -1.73259809E+00 -7.10039135E+01 -9.24446350E+01 -9.32826226E+01 -9.15163178E+01 -7.86153322E+01 -3.84854465E+01 -5.16283434E+01 -8.27057507E+01 -8.72935880E+01 -8.73520769E+01 -8.50433957E+01 -6.26968656E+01 -4.09379054E+01 -6.69855370E+01 -8.50996742E+01 -8.71819322E+01 -8.68287421E+01 -7.79954160E+01 -5.05427685E+01 -4.93172204E+01 -7.75716304E+01 -8.65589071E+01 -8.69475255E+01 -8.44126375E+01 -6.67740154E+01 -4.63163507E+01 -6.35051693E+01 -8.30380018E+01 -8.71782941E+01 -8.63988762E+01 -7.90497674E+01 -5.96126496E+01 -5.04801913E+01 -7.22146722E+01 -8.58437599E+01 -8.68946346E+01 -8.45505374E+01 -7.21791663E+01 -5.24615193E+01 -5.74729433E+01 -7.95832112E+01 -8.68607015E+01 -8.65866273E+01 -8.14419443E+01 -6.18045576E+01 -5.07126471E+01 -6.65045011E+01 -8.46588509E+01 -8.73467808E+01 -8.56008178E+01 -7.51155215E+01 -5.48494601E+01 -5.61383919E+01 -7.56297395E+01 -8.65988859E+01 -8.67679945E+01 -8.30181478E+01 -6.84112645E+01 -5.16691980E+01 -6.46860776E+01 -8.18481928E+01 -8.70955648E+01 -8.58936645E+01 -7.94199712E+01 -5.99867683E+01 -5.25789038E+01 -7.14777623E+01 -8.45440814E+01 -8.66961397E+01 -8.32884461E+01 -7.19821177E+01 -5.49561951E+01 -6.08343728E+01 -7.83810612E+01 -8.61738528E+01 -8.52934015E+01 -7.84684100E+01 -6.30338152E+01 -5.39110737E+01 -6.76265189E+01 -8.32252637E+01 -8.61097147E+01 -8.25702545E+01 -7.26289837E+01 -5.68313275E+01 -5.86523750E+01 -7.51837145E+01 -8.52781831E+01 -8.56114325E+01 -7.92922690E+01 -6.53926005E+01 -5.73528815E+01 -6.44382374E+01 -8.11915722E+01 -8.66045914E+01 -8.47774700E+01 -7.34776778E+01 -6.04204741E+01
 -6.09637012E+01 -7.73842794E+01 -8.29618339E+01 -8.67099068E+01 -8.25510314E+01 -6.45378907E+01 -5.22757400E+01 -7.08660691E+01 -8.03264645E+01 -8.54212711E+01 -8.62397377E+01 -7.60059043E+01 -5.43781114E+01 -6.04335062E+01 -7.55314318E+01 -8.20120763E+01 -8.66890531E+01 -8.41212018E+01 -6.52740023E+01 -5.33594825E+01 -6.75981028E+01 -7.82317806E+01 -8.50545676E+01 -8.67896764E+01 -7.81338760E+01 -5.72715451E+01 -5.89118429E+01 -7.22243191E+01 -8.12134730E+01 -8.68899793E+01 -8.56808913E+01 -7.02569057E+01 -5.46839674E+01 -6.57113045E+01 -7.61798739E+01 -8.51801459E+01 -8.70747330E+01 -8.12282331E+01 -6.06907163E+01 -5.62045784E+01 -6.92245996E+01 -8.05612421E+01 -8.65563803E+01 -8.64695590E+01 -7.67775722E+01 -5.44494463E+01 -5.92972434E+01 -7.32212861E+01 -8.44360516E+01 -8.71562661E+01 -8.43402421E+01 -6.85219657E+01 -5.09853344E+01 -6.28871193E+01 -7.99873535E+01 -8.64648283E+01 -8.60808112E+01 -8.05876185E+01 -5.99778655E+01 -5.28255427E+01 -7.20963725E+01 -8.49386271E+01 -8.71432610E+01 -8.49354901E+01 -7.45970168E+01 -5.09341676E+01 -5.84513937E+01 -8.01661724E+01 -8.68422088E+01 -8.65754564E+01 -8.30160882E+01 -6.37479012E+01 -4.73592040E+01 -6.86945701E+01 -8.53644875E+01 -8.73152406E+01 -8.62209187E+01 -7.88997959E+01 -5.19139261E+01 -5.04872513E+01 -7.78143563E+01 -8.71366144E+01 -8.73039234E+01 -8.56726969E+01 -7.05157504E+01 -4.02523478E+01 -6.19476786E+01 -8.48790878E+01 -8.73561592E+01 -8.72976691E+01 -8.34686124E+01 -5.56080005E+01 -3.66028905E+01 -7.99478341E+01 -9.15659905E+01 -9.32642271E+01 -9.23226088E+01 -7.10159694E+01 -3.21923496E+00  2.18947551E-01  1.45223604E-02 -3.43730441E+00 -7.19447069E+01 -9.22994984E+01 -9.34839779E+01 -9.16907505E+01 -7.40147224E+01 -3.45908215E+01 -5.82760357E+01 -8.41502299E+01 -8.70459020E+01 -8.71394522E+01 -8.36152841E+01 -5.52162233E+01 -4.64298608E+01 -7.20369716E+01 -8.50744493E+01 -8.69734838E+01 -8.63814880E+01 -7.24931788E+01 -5.05828012E+01 -5.82539025E+01 -7.77946403E+01 -8.60641529E+01 -8.72370322E+01 -8.25310486E+01 -6.15845329E+01 -5.23560969E+01 -6.73502584E+01 -8.12754482E+01 -8.60072123E+01 -8.64899210E+01 -7.43210588E+01 -5.72026328E+01 -5.95432491E+01 -7.48137546E+01 -8.28029716E+01 -8.62585008E+01 -8.34625800E+01 -6.72953006E+01 -5.51242992E+01 -6.59445151E+01 -7.85252664E+01 -8.40029622E+01 -8.61297476E+01 -7.86491822E+01 -6.09820017E+01 -5.79770627E+01 -7.28217837E+01 -8.11743047E+01 -8.59680793E+01 -8.38974815E+01 -7.16161520E+01 -5.62245504E+01 -6.39881608E+01 -7.64760080E+01 -8.32332902E+01 -8.65830351E+01 -8.01116530E+01 -6.14911246E+01 -5.67413575E+01 -7.00738978E+01 -7.89715459E+01 -8.55530571E+01 -8.57384238E+01 -7.31700331E+01 -5.65390553E+01 -6.26152720E+01 -7.45071167E+01 -8.33002821E+01 -8.67081416E+01 -8.35482747E+01 -6.58298447E+01 -5.50330476E+01 -6.82717889E+01 -8.01505053E+01 -8.45848133E+01 -8.62452912E+01 -7.65779067E+01 -5.64877473E+01 -5.86922103E+01 -7.37073048E+01 -8.19684498E+01 -8.62927550E+01 -8.53671596E+01 -6.92734845E+01 -5.35999083E+01 -6.51541215E+01 -7.92959213E+01 -8.35406961E+01 -8.66744950E+01 -8.05007057E+01 -5.99980506E+01 -5.45120899E+01 -7.22036168E+01 -8.11759432E+01 -8.52650272E+01 -8.59781551E+01 -7.29611595E+01 -5.28175236E+01
 -5.11116206E+01 -6.33091861E+01 -7.90129293E+01 -8.53201344E+01 -8.57690276E+01 -7.74330123E+01 -5.94281451E+01 -5.33956595E+01 -7.22018426E+01 -8.37389415E+01 -8.62642640E+01 -8.24612294E+01 -7.02215915E+01 -5.30876218E+01 -5.98908091E+01 -8.10413711E+01 -8.54899867E+01 -8.54069475E+01 -7.86194003E+01 -6.36130897E+01 -4.95387830E+01 -7.12757540E+01 -8.40929239E+01 -8.58744338E+01 -8.32920130E+01 -7.16962200E+01 -5.13456912E+01 -5.65150476E+01 -7.92433925E+01 -8.56634149E+01 -8.61351659E+01 -7.93632065E+01 -6.37661709E+01 -4.95963601E+01 -6.89734698E+01 -8.35353619E+01 -8.64374608E+01 -8.48568381E+01 -7.33441057E+01 -5.47677318E+01 -5.52029098E+01 -7.78223975E+01 -8.56663767E+01 -8.67594150E+01 -8.11893964E+01 -6.63015776E+01 -4.98354045E+01 -6.32735351E+01 -8.30145023E+01 -8.69339570E+01 -8.53545622E+01 -7.70438805E+01 -5.89834266E+01 -5.09053075E+01 -7.58757198E+01 -8.61402986E+01 -8.68840488E+01 -8.31129045E+01 -6.90357866E+01 -4.76675748E+01 -6.09062151E+01 -8.27149079E+01 -8.68109107E+01 -8.66749524E+01 -7.95971838E+01 -5.69891044E+01 -4.88056000E+01 -7.28453738E+01 -8.60828622E+01 -8.72072076E+01 -8.58725653E+01 -7.21327975E+01 -4.57115107E+01 -5.75989587E+01 -8.26946146E+01 -8.74023428E+01 -8.72416635E+01 -8.34792798E+01 -5.99137304E+01 -4.11685878E+01 -7.16203007E+01 -8.65506284E+01 -8.72702532E+01 -8.66801489E+01 -7.75887157E+01 -4.16228234E+01 -5.19525403E+01 -8.31903340E+01 -8.73791372E+01 -8.74360953E+01 -8.60682569E+01 -6.16201647E+01 -2.79553762E+01 -7.33229420E+01 -9.16414731E+01 -9.35362050E+01 -9.25928324E+01 -7.44947089E+01 -2.57159611E+00  1.56206446E-01  1.41679610E-02 -2.16964286E+00 -6.62814639E+01 -9.16048042E+01 -9.33120927E+01 -9.15985873E+01 -8.43940503E+01 -4.48278833E+01 -4.46201064E+01 -7.97633104E+01 -8.69803076E+01 -8.75147120E+01 -8.67647757E+01 -7.15193893E+01 -4.09217412E+01 -5.74858876E+01 -8.21574473E+01 -8.71271853E+01 -8.73964127E+01 -8.35328623E+01 -6.13977251E+01 -4.37980875E+01 -6.78151726E+01 -8.41711225E+01 -8.72043682E+01 -8.66079679E+01 -7.80888659E+01 -5.36532200E+01 -5.21382909E+01 -7.47969823E+01 -8.48744314E+01 -8.69651201E+01 -8.56937866E+01 -7.08203441E+01 -5.21253504E+01 -5.79029237E+01 -7.79659108E+01 -8.62884174E+01 -8.70216467E+01 -8.26791420E+01 -6.23079329E+01 -5.05186954E+01 -6.62521563E+01 -8.18237726E+01 -8.70214178E+01 -8.67258395E+01 -7.84859146E+01 -5.31393331E+01 -5.40838473E+01 -7.25288875E+01 -8.39325827E+01 -8.69765715E+01 -8.53522171E+01 -6.98716414E+01 -5.02273477E+01 -6.30967853E+01 -7.69904948E+01 -8.55309257E+01 -8.72155864E+01 -8.12645356E+01 -5.87948777E+01 -5.09790431E+01 -6.83715569E+01 -8.08702126E+01 -8.65098280E+01 -8.61520029E+01 -7.14210315E+01 -5.28744857E+01 -5.82633490E+01 -7.36225005E+01 -8.41899360E+01 -8.70029824E+01 -8.13181612E+01 -6.33351905E+01 -5.33574721E+01 -6.60184577E+01 -7.84235667E+01 -8.65593727E+01 -8.60288334E+01 -7.42460583E+01 -5.49087383E+01 -5.76875179E+01 -7.23028420E+01 -8.28733876E+01 -8.68402190E+01 -8.28344315E+01 -6.60070923E+01 -5.42422721E+01 -6.50970942E+01 -7.80453560E+01 -8.54509101E+01 -8.62038487E+01 -7.56137037E+01 -5.73566399E+01 -5.74030367E+01 -7.31958153E+01 -8.28410285E+01 -8.67298251E+01 -8.25746633E+01 -6.82680929E+01
 -5.86183513E+01 -7.24648761E+01 -8.37233572E+01 -8.27031376E+01 -8.08179989E+01 -7.27143200E+01 -5.86946062E+01 -6.47121669E+01 -7.76833938E+01 -8.35166955E+01 -8.10996165E+01 -7.76156291E+01 -6.37908256E+01 -6.18128465E+01 -6.85185616E+01 -8.09885915E+01 -8.24409534E+01 -7.91457281E+01 -7.26476843E+01 -5.91003740E+01 -6.32067065E+01 -7.27942923E+01 -8.42634498E+01 -8.24295249E+01 -7.70011450E+01 -6.29930050E+01 -5.82372404E+01 -6.77166756E+01 -7.99908339E+01 -8.53874391E+01 -8.05319058E+01 -7.20599549E+01 -6.00535931E+01 -6.12728772E+01 -7.27446261E+01 -8.42207299E+01 -8.52032871E+01 -7.68473138E+01 -6.88021085E+01 -5.83644355E+01 -6.30962231E+01 -7.92525622E+01 -8.51409818E+01 -8.36995640E+01 -7.31472083E+01 -6.34094995E+01 -5.73204130E+01 -6.91822296E+01 -8.39232636E+01 -8.71142047E+01 -8.11755430E+01 -6.95955999E+01 -6.15276127E+01 -6.03217967E+01 -7.66631958E+01 -8.61193223E+01 -8.56147639E+01 -7.75903808E+01 -6.60577088E+01 -5.43697626E+01 -6.42563972E+01 -8.36673073E+01 -8.70914470E+01 -8.36084016E+01 -7.23989419E+01 -5.57308777E+01 -5.16892420E+01 -7.48008460E+01 -8.67599038E+01 -8.72923473E+01 -8.18438272E+01 -6.49988463E+01 -4.61603894E+01 -6.07100257E+01 -8.39802390E+01 -8.73576501E+01 -8.65743844E+01 -7.77410054E+01 -5.53692855E+01 -4.69029685E+01 -7.59995888E+01 -8.68659818E+01 -8.73313012E+01 -8.58649761E+01 -7.11125003E+01 -4.00423692E+01 -5.83632421E+01 -8.46688015E+01 -8.74142226E+01 -8.73926276E+01 -8.42733579E+01 -5.54623697E+01 -3.21447332E+01 -7.75949622E+01 -9.20318102E+01 -9.36041186E+01 -9.24165440E+01 -7.17354434E+01 -4.23958262E+00  1.52385655E-02  0.00000000E+00 -3.93998470E+00 -7.33756160E+01 -9.22844392E+01 -9.35439531E+01 -9.16388900E+01 -7.55281655E+01 -3.44065127E+01 -5.87794229E+01 -8.41598647E+01 -8.72337196E+01 -8.72680863E+01 -8.44007656E+01 -5.74029784E+01 -4.21291695E+01 -7.27609060E+01 -8.57252897E+01 -8.71976947E+01 -8.69086924E+01 -7.61752593E+01 -4.92583146E+01 -5.64554022E+01 -7.87790673E+01 -8.71229534E+01 -8.72611963E+01 -8.42311308E+01 -6.43166237E+01 -4.64543300E+01 -6.47542108E+01 -8.32676659E+01 -8.69648244E+01 -8.63601518E+01 -7.72621310E+01 -5.42035911E+01 -5.16093778E+01 -7.38386724E+01 -8.63921295E+01 -8.66888555E+01 -8.35440777E+01 -6.74600856E+01 -5.09327977E+01 -5.59235030E+01 -7.90790647E+01 -8.69765686E+01 -8.64018274E+01 -7.71930384E+01 -5.90113949E+01 -5.15395397E+01 -6.49783613E+01 -8.38999569E+01 -8.69816003E+01 -8.41244500E+01 -6.96513533E+01 -5.77771274E+01 -5.78814808E+01 -7.63438573E+01 -8.61925686E+01 -8.61918849E+01 -7.80643899E+01 -6.31112460E+01 -5.41355342E+01 -6.51145036E+01 -8.16982905E+01 -8.58158785E+01 -8.42224404E+01 -7.36857840E+01 -5.98815225E+01 -5.69099814E+01 -7.29457111E+01 -8.43471726E+01 -8.58522488E+01 -8.00608572E+01 -6.91456574E+01 -5.49402804E+01 -6.32799843E+01 -8.04388953E+01 -8.59218709E+01 -8.43249616E+01 -7.70707299E+01 -6.47165037E+01 -5.30259287E+01 -6.99247503E+01 -8.41472231E+01 -8.47892549E+01 -8.10767899E+01 -7.42375826E+01 -5.92516289E+01 -5.83664756E+01 -7.62041264E+01 -8.47442371E+01 -8.33335200E+01 -7.91774741E+01 -7.03931517E+01 -5.63702882E+01 -6.46049878E+01 -8.07373928E+01 -8.45477198E+01 -8.17783030E+01 -7.76756735E+01 -6.30225014E+01
