# PIMCID: 0adf14b9-6edf-4218-af01-82d3956625fc
#      0.000E+00       1.450E-02       2.900E-02       4.350E-02       5.800E-02       7.250E-02       8.700E-02       1.015E-01       1.160E-01       1.305E-01       1.450E-01       1.595E-01       1.740E-01       1.885E-01       2.030E-01       2.175E-01       2.320E-01       2.465E-01       2.610E-01       2.755E-01       2.900E-01       3.045E-01       3.190E-01       3.335E-01       3.480E-01       3.625E-01       3.770E-01       3.915E-01       4.060E-01       4.205E-01       4.350E-01       4.495E-01       4.640E-01       4.785E-01       4.930E-01       5.075E-01       5.220E-01       5.365E-01       5.510E-01       5.655E-01       5.800E-01       5.945E-01       6.090E-01       6.235E-01       6.380E-01       6.525E-01       6.670E-01       6.815E-01       6.960E-01       7.105E-01       7.250E-01       7.395E-01       7.540E-01       7.685E-01       7.830E-01       7.975E-01       8.120E-01       8.265E-01       8.410E-01       8.555E-01       8.700E-01       8.845E-01       8.990E-01       9.135E-01       9.280E-01       9.425E-01       9.570E-01       9.715E-01       9.860E-01       1.000E+00       1.015E+00       1.029E+00       1.044E+00       1.058E+00       1.073E+00       1.087E+00       1.102E+00       1.116E+00       1.131E+00       1.145E+00       1.160E+00       1.174E+00       1.189E+00       1.204E+00       1.218E+00       1.232E+00       1.247E+00       1.261E+00       1.276E+00       1.290E+00       1.305E+00       1.319E+00       1.334E+00       1.348E+00       1.363E+00       1.377E+00       1.392E+00       1.406E+00       1.421E+00       1.435E+00       1.450E+00       1.464E+00       1.479E+00       1.493E+00       1.508E+00       1.522E+00       1.537E+00       1.551E+00       1.566E+00       1.580E+00       1.595E+00       1.609E+00       1.624E+00       1.638E+00       1.653E+00       1.667E+00       1.682E+00       1.696E+00       1.711E+00       1.725E+00       1.740E+00       1.754E+00       1.769E+00       1.783E+00       1.798E+00       1.812E+00       1.827E+00       1.841E+00       1.856E+00       1.870E+00       1.885E+00       1.899E+00       1.914E+00       1.928E+00       1.943E+00       1.957E+00       1.972E+00       1.986E+00       2.001E+00       2.015E+00       2.030E+00       2.044E+00       2.059E+00       2.073E+00       2.088E+00       2.103E+00       2.117E+00       2.131E+00       2.146E+00       2.160E+00       2.175E+00       2.189E+00       2.204E+00       2.218E+00       2.233E+00       2.248E+00       2.262E+00       2.276E+00       2.291E+00       2.305E+00       2.320E+00       2.334E+00       2.349E+00       2.363E+00       2.378E+00       2.392E+00       2.407E+00       2.421E+00       2.436E+00       2.450E+00       2.465E+00       2.479E+00       2.494E+00       2.508E+00       2.523E+00       2.537E+00       2.552E+00       2.567E+00       2.581E+00       2.595E+00       2.610E+00       2.624E+00       2.639E+00       2.653E+00       2.668E+00       2.682E+00       2.697E+00       2.712E+00       2.726E+00       2.740E+00       2.755E+00       2.769E+00       2.784E+00       2.798E+00       2.813E+00       2.827E+00       2.842E+00       2.856E+00       2.871E+00       2.885E+00
  2.67807887E-01  2.68975183E-01  2.69334620E-01  2.67742899E-01  2.66734972E-01  2.65272018E-01  2.64211900E-01  2.62004485E-01  2.60353608E-01  2.57848114E-01  2.55632534E-01  2.52883347E-01  2.50173780E-01  2.46666550E-01  2.43568836E-01  2.39731382E-01  2.36391102E-01  2.32155865E-01  2.27987646E-01  2.24036295E-01  2.19553724E-01  2.14388896E-01  2.10033619E-01  2.04965348E-01  2.00048794E-01  1.94847398E-01  1.89909912E-01  1.84476480E-01  1.79229145E-01  1.73698521E-01  1.68075608E-01  1.62548947E-01  1.56809274E-01  1.51283121E-01  1.45683683E-01  1.40103520E-01  1.34565679E-01  1.28967359E-01  1.23221530E-01  1.17911390E-01  1.12425377E-01  1.07102768E-01  1.01429377E-01  9.63162173E-02  9.11374885E-02  8.61628445E-02  8.11808101E-02  7.63431526E-02  7.17569124E-02  6.70881259E-02  6.28543186E-02  5.84526032E-02  5.44205141E-02  5.05055472E-02  4.66959375E-02  4.30283582E-02  3.95422769E-02  3.62372977E-02  3.31057544E-02  3.02759895E-02  2.74275905E-02  2.48612285E-02  2.23881439E-02  2.01213214E-02  1.79882469E-02  1.60777019E-02  1.42559172E-02  1.25812002E-02  1.10949749E-02  9.68868952E-03  8.43329955E-03  7.30894869E-03  6.27909239E-03  5.40799019E-03  4.58591968E-03  3.87737300E-03  3.26545460E-03  2.71080791E-03  2.24391846E-03  1.84546540E-03  1.49108678E-03  1.21030380E-03  9.73520556E-04  7.64791423E-04  5.93379729E-04  4.64872896E-04  3.52838449E-04  2.64491699E-04  1.98957596E-04  1.44103188E-04  1.08279688E-04  7.53182760E-05  5.56133073E-05  3.60560813E-05  2.55139745E-05  1.85268424E-05  1.20355298E-05  6.90800096E-06  4.56021880E-06  2.68931872E-06  1.10270449E-06  8.94155639E-07  4.07661163E-07  1.22481967E-07  8.76985518E-08  5.16611612E-08  5.26924082E-08  0.00000000E+00  0.00000000E+00  0.00000000E+00  0.00000000E+00  0.00000000E+00  0.00000000E+00  0.00000000E+00  0.00000000E+00  0.00000000E+00  0.00000000E+00  0.00000000E+00  0.00000000E+00  0.00000000E+00  0.00000000E+00  0.00000000E+00  0.00000000E+00  0.00000000E+00  0.00000000E+00  0.00000000E+00  0.00000000E+00  0.00000000E+00  0.00000000E+00  0.00000000E+00  0.00000000E+00  0.00000000E+00  0.00000000E+00  0.00000000E+00  0.00000000E+00  0.00000000E+00  0.00000000E+00  0.00000000E+00  0.00000000E+00  0.00000000E+00  0.00000000E+00  0.00000000E+00  0.00000000E+00  0.00000000E+00  0.00000000E+00  0.00000000E+00  0.00000000E+00  0.00000000E+00  0.00000000E+00  0.00000000E+00  0.00000000E+00  0.00000000E+00  0.00000000E+00  0.00000000E+00  0.00000000E+00  0.00000000E+00  0.00000000E+00  0.00000000E+00  0.00000000E+00  0.00000000E+00  0.00000000E+00  0.00000000E+00  0.00000000E+00  0.00000000E+00  0.00000000E+00  0.00000000E+00  0.00000000E+00  0.00000000E+00  0.00000000E+00  0.00000000E+00  0.00000000E+00  0.00000000E+00  0.00000000E+00  0.00000000E+00  0.00000000E+00  0.00000000E+00  0.00000000E+00  0.00000000E+00  0.00000000E+00  0.00000000E+00  0.00000000E+00  0.00000000E+00  0.00000000E+00  0.00000000E+00  0.00000000E+00  0.00000000E+00  0.00000000E+00  0.00000000E+00  0.00000000E+00  0.00000000E+00  0.00000000E+00  0.00000000E+00  0.00000000E+00  0.00000000E+00  0.00000000E+00  0.00000000E+00  0.00000000E+00  0.00000000E+00  0.00000000E+00  0.00000000E+00
  2.62913883E-01  2.62595346E-01  2.61635213E-01  2.61027323E-01  2.59296055E-01  2.58899378E-01  2.57549089E-01  2.55372165E-01  2.53304074E-01  2.51114522E-01  2.48199762E-01  2.46100551E-01  2.43061079E-01  2.39986251E-01  2.36816518E-01  2.33290415E-01  2.29920031E-01  2.25872929E-01  2.21833055E-01  2.17414701E-01  2.12844799E-01  2.08606987E-01  2.04222677E-01  1.99236428E-01  1.94417611E-01  1.89248291E-01  1.84486512E-01  1.79147356E-01  1.73900217E-01  1.68539641E-01  1.63000380E-01  1.57381777E-01  1.51944834E-01  1.46655644E-01  1.41102289E-01  1.35677584E-01  1.29929943E-01  1.24495081E-01  1.19148646E-01  1.13685116E-01  1.08509515E-01  1.03080679E-01  9.80951532E-02  9.29023082E-02  8.77805657E-02  8.29519816E-02  7.81303026E-02  7.33997536E-02  6.89758036E-02  6.45099024E-02  6.01783633E-02  5.62512601E-02  5.21573508E-02  4.84168007E-02  4.47133249E-02  4.12340529E-02  3.78887935E-02  3.47812872E-02  3.16803803E-02  2.88723926E-02  2.62662393E-02  2.37219744E-02  2.12996068E-02  1.91405054E-02  1.71610115E-02  1.53206546E-02  1.35368949E-02  1.19774546E-02  1.05033506E-02  9.19972766E-03  8.02652488E-03  6.93747100E-03  5.97869452E-03  5.09435940E-03  4.34727476E-03  3.67225689E-03  3.11599235E-03  2.57230612E-03  2.12664816E-03  1.75229084E-03  1.41831393E-03  1.14306545E-03  9.09280735E-04  7.17997337E-04  5.69286818E-04  4.35926235E-04  3.32320950E-04  2.52152558E-04  1.84919461E-04  1.35505479E-04  9.70053496E-05  7.02988813E-05  4.99358791E-05  3.24376922E-05  2.35256951E-05  1.43771679E-05  9.30067653E-06  5.70014633E-06  3.92655906E-06  2.11964408E-06  1.58034224E-06  8.60346373E-07  4.93132151E-07  2.74999321E-07  1.14742158E-07  5.20438364E-08  5.68623111E-09  0.00000000E+00  0.00000000E+00  1.65913319E-08  0.00000000E+00  0.00000000E+00  0.00000000E+00  0.00000000E+00  0.00000000E+00  0.00000000E+00  0.00000000E+00  0.00000000E+00  0.00000000E+00  0.00000000E+00  0.00000000E+00  0.00000000E+00  0.00000000E+00  0.00000000E+00  0.00000000E+00  0.00000000E+00  0.00000000E+00  0.00000000E+00  0.00000000E+00  0.00000000E+00  0.00000000E+00  0.00000000E+00  0.00000000E+00  0.00000000E+00  0.00000000E+00  0.00000000E+00  0.00000000E+00  0.00000000E+00  0.00000000E+00  0.00000000E+00  0.00000000E+00  0.00000000E+00  0.00000000E+00  0.00000000E+00  0.00000000E+00  0.00000000E+00  0.00000000E+00  0.00000000E+00  0.00000000E+00  0.00000000E+00  0.00000000E+00  0.00000000E+00  0.00000000E+00  0.00000000E+00  0.00000000E+00  0.00000000E+00  0.00000000E+00  0.00000000E+00  0.00000000E+00  0.00000000E+00  0.00000000E+00  0.00000000E+00  0.00000000E+00  0.00000000E+00  0.00000000E+00  0.00000000E+00  0.00000000E+00  0.00000000E+00  0.00000000E+00  0.00000000E+00  0.00000000E+00  0.00000000E+00  0.00000000E+00  0.00000000E+00  0.00000000E+00  0.00000000E+00  0.00000000E+00  0.00000000E+00  0.00000000E+00  0.00000000E+00  0.00000000E+00  0.00000000E+00  0.00000000E+00  0.00000000E+00  0.00000000E+00  0.00000000E+00  0.00000000E+00  0.00000000E+00  0.00000000E+00  0.00000000E+00  0.00000000E+00  0.00000000E+00  0.00000000E+00  0.00000000E+00  0.00000000E+00  0.00000000E+00  0.00000000E+00  0.00000000E+00  0.00000000E+00  0.00000000E+00
  2.71806192E-01  2.69733427E-01  2.69709775E-01  2.68413828E-01  2.67531472E-01  2.65843990E-01  2.64329297E-01  2.62634879E-01  2.59956745E-01  2.58119004E-01  2.56217070E-01  2.53063822E-01  2.49835554E-01  2.47474004E-01  2.43527049E-01  2.40090171E-01  2.36512336E-01  2.32264713E-01  2.27922317E-01  2.23784772E-01  2.19446470E-01  2.14797437E-01  2.09677135E-01  2.05125073E-01  1.99991879E-01  1.94895824E-01  1.89783763E-01  1.84645658E-01  1.79172556E-01  1.73670218E-01  1.68116848E-01  1.62593094E-01  1.57004550E-01  1.51368098E-01  1.45927268E-01  1.40260021E-01  1.34462284E-01  1.28897976E-01  1.23113995E-01  1.17707393E-01  1.12200379E-01  1.06904062E-01  1.01577289E-01  9.64207619E-02  9.10145982E-02  8.60361475E-02  8.10639077E-02  7.63066417E-02  7.16576325E-02  6.70044403E-02  6.25740249E-02  5.83791735E-02  5.41508175E-02  5.03629766E-02  4.66171472E-02  4.30263403E-02  3.94357820E-02  3.62410449E-02  3.31562362E-02  3.02187498E-02  2.74481536E-02  2.48413089E-02  2.23984385E-02  2.01213767E-02  1.80564634E-02  1.60950780E-02  1.42977040E-02  1.26141547E-02  1.11354544E-02  9.73932212E-03  8.46699977E-03  7.33679594E-03  6.32131507E-03  5.41041362E-03  4.61424366E-03  3.91034028E-03  3.29025952E-03  2.72318995E-03  2.25893436E-03  1.86078400E-03  1.51945166E-03  1.21649735E-03  9.70571669E-04  7.74915427E-04  6.06589335E-04  4.69074914E-04  3.64161813E-04  2.64085670E-04  2.01933281E-04  1.47935619E-04  1.06235202E-04  7.33106946E-05  5.40123843E-05  3.85509562E-05  2.47445523E-05  1.51123232E-05  9.96043844E-06  6.45624593E-06  4.37208825E-06  3.14213701E-06  1.21197065E-06  9.96378948E-07  6.16809064E-07  3.40921145E-07  1.28263961E-07  8.38058838E-08  2.19867603E-08  9.01333748E-09  0.00000000E+00  0.00000000E+00  0.00000000E+00  0.00000000E+00  0.00000000E+00  0.00000000E+00  0.00000000E+00  0.00000000E+00  0.00000000E+00  0.00000000E+00  0.00000000E+00  0.00000000E+00  0.00000000E+00  0.00000000E+00  0.00000000E+00  0.00000000E+00  0.00000000E+00  0.00000000E+00  0.00000000E+00  0.00000000E+00  0.00000000E+00  0.00000000E+00  0.00000000E+00  0.00000000E+00  0.00000000E+00  0.00000000E+00  0.00000000E+00  0.00000000E+00  0.00000000E+00  0.00000000E+00  0.00000000E+00  0.00000000E+00  0.00000000E+00  0.00000000E+00  0.00000000E+00  0.00000000E+00  0.00000000E+00  0.00000000E+00  0.00000000E+00  0.00000000E+00  0.00000000E+00  0.00000000E+00  0.00000000E+00  0.00000000E+00  0.00000000E+00  0.00000000E+00  0.00000000E+00  0.00000000E+00  0.00000000E+00  0.00000000E+00  0.00000000E+00  0.00000000E+00  0.00000000E+00  0.00000000E+00  0.00000000E+00  0.00000000E+00  0.00000000E+00  0.00000000E+00  0.00000000E+00  0.00000000E+00  0.00000000E+00  0.00000000E+00  0.00000000E+00  0.00000000E+00  0.00000000E+00  0.00000000E+00  0.00000000E+00  0.00000000E+00  0.00000000E+00  0.00000000E+00  0.00000000E+00  0.00000000E+00  0.00000000E+00  0.00000000E+00  0.00000000E+00  0.00000000E+00  0.00000000E+00  0.00000000E+00  0.00000000E+00  0.00000000E+00  0.00000000E+00  0.00000000E+00  0.00000000E+00  0.00000000E+00  0.00000000E+00  0.00000000E+00  0.00000000E+00  0.00000000E+00  0.00000000E+00  0.00000000E+00  0.00000000E+00  0.00000000E+00
  2.70371605E-01  2.70683521E-01  2.69776437E-01  2.68671172E-01  2.68438169E-01  2.66053214E-01  2.64481891E-01  2.63063040E-01  2.61197122E-01  2.58860880E-01  2.55908642E-01  2.53174803E-01  2.50283608E-01  2.46832830E-01  2.43401005E-01  2.40538147E-01  2.36153270E-01  2.32507391E-01  2.28258472E-01  2.24172712E-01  2.19400713E-01  2.14884367E-01  2.10449164E-01  2.05369009E-01  2.00404766E-01  1.94890767E-01  1.89951820E-01  1.84197255E-01  1.78986451E-01  1.73635079E-01  1.68079035E-01  1.62414481E-01  1.56852666E-01  1.51014696E-01  1.45809282E-01  1.40095898E-01  1.34321859E-01  1.28704929E-01  1.23246833E-01  1.17603337E-01  1.12187262E-01  1.06795410E-01  1.01500671E-01  9.60255047E-02  9.09711068E-02  8.59003593E-02  8.11784172E-02  7.63773730E-02  7.16574752E-02  6.70740005E-02  6.27175326E-02  5.84435504E-02  5.44106271E-02  5.04044431E-02  4.65359753E-02  4.29584386E-02  3.95840232E-02  3.61662622E-02  3.31842960E-02  3.01967262E-02  2.74855597E-02  2.48539267E-02  2.23992478E-02  2.01751582E-02  1.80210435E-02  1.60996588E-02  1.42187007E-02  1.26384498E-02  1.10837361E-02  9.71589750E-03  8.47548081E-03  7.29794203E-03  6.31133839E-03  5.38498790E-03  4.56609502E-03  3.89201395E-03  3.25547765E-03  2.72136408E-03  2.24785437E-03  1.87689024E-03  1.50443068E-03  1.22563733E-03  9.67747080E-04  7.71909992E-04  6.01548299E-04  4.65868744E-04  3.58456025E-04  2.65498006E-04  2.04709614E-04  1.48985748E-04  1.07602505E-04  7.81831608E-05  5.58254252E-05  3.61981397E-05  2.61150723E-05  1.61497418E-05  1.11113611E-05  7.27652705E-06  4.46471898E-06  2.57692564E-06  1.35457907E-06  1.15269708E-06  7.24730957E-07  2.98793589E-07  1.29809310E-07  3.06140215E-08  2.46403348E-08  6.91022541E-08  2.79070789E-08  0.00000000E+00  0.00000000E+00  0.00000000E+00  0.00000000E+00  0.00000000E+00  0.00000000E+00  0.00000000E+00  0.00000000E+00  0.00000000E+00  0.00000000E+00  0.00000000E+00  0.00000000E+00  0.00000000E+00  0.00000000E+00  0.00000000E+00  0.00000000E+00  0.00000000E+00  0.00000000E+00  0.00000000E+00  0.00000000E+00  0.00000000E+00  0.00000000E+00  0.00000000E+00  0.00000000E+00  0.00000000E+00  0.00000000E+00  0.00000000E+00  0.00000000E+00  0.00000000E+00  0.00000000E+00  0.00000000E+00  0.00000000E+00  0.00000000E+00  0.00000000E+00  0.00000000E+00  0.00000000E+00  0.00000000E+00  0.00000000E+00  0.00000000E+00  0.00000000E+00  0.00000000E+00  0.00000000E+00  0.00000000E+00  0.00000000E+00  0.00000000E+00  0.00000000E+00  0.00000000E+00  0.00000000E+00  0.00000000E+00  0.00000000E+00  0.00000000E+00  0.00000000E+00  0.00000000E+00  0.00000000E+00  0.00000000E+00  0.00000000E+00  0.00000000E+00  0.00000000E+00  0.00000000E+00  0.00000000E+00  0.00000000E+00  0.00000000E+00  0.00000000E+00  0.00000000E+00  0.00000000E+00  0.00000000E+00  0.00000000E+00  0.00000000E+00  0.00000000E+00  0.00000000E+00  0.00000000E+00  0.00000000E+00  0.00000000E+00  0.00000000E+00  0.00000000E+00  0.00000000E+00  0.00000000E+00  0.00000000E+00  0.00000000E+00  0.00000000E+00  0.00000000E+00  0.00000000E+00  0.00000000E+00  0.00000000E+00  0.00000000E+00  0.00000000E+00  0.00000000E+00  0.00000000E+00  0.00000000E+00  0.00000000E+00  0.00000000E+00
  2.71172590E-01  2.70062973E-01  2.69346990E-01  2.69189806E-01  2.68087927E-01  2.66315560E-01  2.65063419E-01  2.62944507E-01  2.61162587E-01  2.58538097E-01  2.56441444E-01  2.53402910E-01  2.50493854E-01  2.47235817E-01  2.44222944E-01  2.40261198E-01  2.36708592E-01  2.32527972E-01  2.28372441E-01  2.24203645E-01  2.19861932E-01  2.14812365E-01  2.10183019E-01  2.05294121E-01  2.00273097E-01  1.95089582E-01  1.89971514E-01  1.84616924E-01  1.79029370E-01  1.73819992E-01  1.68277000E-01  1.62530485E-01  1.56840474E-01  1.51342885E-01  1.45680606E-01  1.39989851E-01  1.34371698E-01  1.28791589E-01  1.23235817E-01  1.17662938E-01  1.12279415E-01  1.06730455E-01  1.01312556E-01  9.61589141E-02  9.10065464E-02  8.59976910E-02  8.10890574E-02  7.62949065E-02  7.15413671E-02  6.69367479E-02  6.26204658E-02  5.84047311E-02  5.43233985E-02  5.02691991E-02  4.65702339E-02  4.28744359E-02  3.95373136E-02  3.62266415E-02  3.30727533E-02  3.02297575E-02  2.74510037E-02  2.48501639E-02  2.23941364E-02  2.00680542E-02  1.79931028E-02  1.60624184E-02  1.42307942E-02  1.25763508E-02  1.10579556E-02  9.67735392E-03  8.46857687E-03  7.30202500E-03  6.27725754E-03  5.39074712E-03  4.57100309E-03  3.89209203E-03  3.22384112E-03  2.70715670E-03  2.25444044E-03  1.83295305E-03  1.49735576E-03  1.20447088E-03  9.60137035E-04  7.64265375E-04  6.02145044E-04  4.63028522E-04  3.57388611E-04  2.69655655E-04  1.99936566E-04  1.46635587E-04  1.03777180E-04  7.63555999E-05  5.31586751E-05  3.69719050E-05  2.54041791E-05  1.69876243E-05  1.13255641E-05  7.14567958E-06  3.92041100E-06  2.98064805E-06  1.73058322E-06  7.96307646E-07  6.77072019E-07  3.44821844E-07  4.17244211E-08  1.79857376E-08  2.72939092E-08  0.00000000E+00  0.00000000E+00  0.00000000E+00  0.00000000E+00  0.00000000E+00  0.00000000E+00  0.00000000E+00  0.00000000E+00  0.00000000E+00  0.00000000E+00  0.00000000E+00  0.00000000E+00  0.00000000E+00  0.00000000E+00  0.00000000E+00  0.00000000E+00  0.00000000E+00  0.00000000E+00  0.00000000E+00  0.00000000E+00  0.00000000E+00  0.00000000E+00  0.00000000E+00  0.00000000E+00  0.00000000E+00  0.00000000E+00  0.00000000E+00  0.00000000E+00  0.00000000E+00  0.00000000E+00  0.00000000E+00  0.00000000E+00  0.00000000E+00  0.00000000E+00  0.00000000E+00  0.00000000E+00  0.00000000E+00  0.00000000E+00  0.00000000E+00  0.00000000E+00  0.00000000E+00  0.00000000E+00  0.00000000E+00  0.00000000E+00  0.00000000E+00  0.00000000E+00  0.00000000E+00  0.00000000E+00  0.00000000E+00  0.00000000E+00  0.00000000E+00  0.00000000E+00  0.00000000E+00  0.00000000E+00  0.00000000E+00  0.00000000E+00  0.00000000E+00  0.00000000E+00  0.00000000E+00  0.00000000E+00  0.00000000E+00  0.00000000E+00  0.00000000E+00  0.00000000E+00  0.00000000E+00  0.00000000E+00  0.00000000E+00  0.00000000E+00  0.00000000E+00  0.00000000E+00  0.00000000E+00  0.00000000E+00  0.00000000E+00  0.00000000E+00  0.00000000E+00  0.00000000E+00  0.00000000E+00  0.00000000E+00  0.00000000E+00  0.00000000E+00  0.00000000E+00  0.00000000E+00  0.00000000E+00  0.00000000E+00  0.00000000E+00  0.00000000E+00  0.00000000E+00  0.00000000E+00  0.00000000E+00  0.00000000E+00  0.00000000E+00  0.00000000E+00  0.00000000E+00
  2.65480831E-01  2.65932166E-01  2.64771765E-01  2.64779023E-01  2.63178330E-01  2.63017669E-01  2.61231087E-01  2.59231332E-01  2.57725509E-01  2.54980542E-01  2.52515993E-01  2.49722425E-01  2.47089202E-01  2.43672240E-01  2.40463370E-01  2.37152140E-01  2.33565584E-01  2.29404665E-01  2.25357610E-01  2.21135688E-01  2.16633238E-01  2.12017718E-01  2.07316341E-01  2.02413249E-01  1.97533936E-01  1.92303483E-01  1.87451817E-01  1.82066959E-01  1.76813532E-01  1.71556878E-01  1.65897243E-01  1.60415113E-01  1.54918124E-01  1.49296554E-01  1.43833813E-01  1.38182746E-01  1.32552911E-01  1.27147842E-01  1.21673799E-01  1.16188745E-01  1.10706839E-01  1.05444221E-01  1.00279090E-01  9.49100485E-02  8.99275062E-02  8.49126954E-02  7.99784527E-02  7.52351896E-02  7.06867101E-02  6.61497445E-02  6.17817401E-02  5.75567000E-02  5.34961651E-02  4.96378233E-02  4.58530770E-02  4.23757595E-02  3.89114602E-02  3.55840123E-02  3.25835363E-02  2.96931555E-02  2.70209786E-02  2.44537965E-02  2.20276915E-02  1.98155566E-02  1.76524838E-02  1.57929814E-02  1.40610583E-02  1.23728101E-02  1.08419835E-02  9.51096162E-03  8.29038926E-03  7.13360330E-03  6.18765566E-03  5.26458744E-03  4.48804491E-03  3.77756641E-03  3.19227055E-03  2.64889148E-03  2.20483453E-03  1.79953906E-03  1.46190743E-03  1.17634456E-03  9.48713893E-04  7.60399794E-04  5.82298624E-04  4.54138129E-04  3.51486796E-04  2.61484775E-04  1.93023561E-04  1.46746104E-04  1.04338376E-04  7.39173813E-05  5.15904863E-05  3.58427776E-05  2.48927974E-05  1.50243920E-05  1.06185269E-05  6.58129636E-06  3.68145652E-06  2.27342377E-06  1.51446117E-06  7.72442282E-07  4.70681246E-07  1.41205325E-07  1.69988382E-07  1.87510882E-07  1.02352160E-08  1.50222292E-09  0.00000000E+00  0.00000000E+00  0.00000000E+00  0.00000000E+00  0.00000000E+00  0.00000000E+00  0.00000000E+00  0.00000000E+00  0.00000000E+00  0.00000000E+00  0.00000000E+00  0.00000000E+00  0.00000000E+00  0.00000000E+00  0.00000000E+00  0.00000000E+00  0.00000000E+00  0.00000000E+00  0.00000000E+00  0.00000000E+00  0.00000000E+00  0.00000000E+00  0.00000000E+00  0.00000000E+00  0.00000000E+00  0.00000000E+00  0.00000000E+00  0.00000000E+00  0.00000000E+00  0.00000000E+00  0.00000000E+00  0.00000000E+00  0.00000000E+00  0.00000000E+00  0.00000000E+00  0.00000000E+00  0.00000000E+00  0.00000000E+00  0.00000000E+00  0.00000000E+00  0.00000000E+00  0.00000000E+00  0.00000000E+00  0.00000000E+00  0.00000000E+00  0.00000000E+00  0.00000000E+00  0.00000000E+00  0.00000000E+00  0.00000000E+00  0.00000000E+00  0.00000000E+00  0.00000000E+00  0.00000000E+00  0.00000000E+00  0.00000000E+00  0.00000000E+00  0.00000000E+00  0.00000000E+00  0.00000000E+00  0.00000000E+00  0.00000000E+00  0.00000000E+00  0.00000000E+00  0.00000000E+00  0.00000000E+00  0.00000000E+00  0.00000000E+00  0.00000000E+00  0.00000000E+00  0.00000000E+00  0.00000000E+00  0.00000000E+00  0.00000000E+00  0.00000000E+00  0.00000000E+00  0.00000000E+00  0.00000000E+00  0.00000000E+00  0.00000000E+00  0.00000000E+00  0.00000000E+00  0.00000000E+00  0.00000000E+00  0.00000000E+00  0.00000000E+00  0.00000000E+00  0.00000000E+00  0.00000000E+00  0.00000000E+00  0.00000000E+00  0.00000000E+00
  2.69308039E-01  2.70028333E-01  2.68796878E-01  2.68843942E-01  2.67400576E-01  2.66467719E-01  2.64710945E-01  2.62543745E-01  2.60805526E-01  2.58491971E-01  2.56226094E-01  2.52967679E-01  2.50201691E-01  2.47235057E-01  2.43744015E-01  2.40122620E-01  2.36505184E-01  2.32540312E-01  2.28572430E-01  2.24096220E-01  2.19839898E-01  2.14830636E-01  2.10200792E-01  2.05221078E-01  2.00384921E-01  1.95076355E-01  1.89812599E-01  1.84695879E-01  1.78996614E-01  1.73558027E-01  1.68181247E-01  1.62573904E-01  1.56982075E-01  1.51570356E-01  1.45548154E-01  1.39809842E-01  1.34259418E-01  1.28751206E-01  1.23264862E-01  1.17634157E-01  1.12235649E-01  1.06819355E-01  1.01441304E-01  9.61557001E-02  9.10946305E-02  8.61017538E-02  8.11772851E-02  7.62645373E-02  7.15759624E-02  6.71483327E-02  6.27357985E-02  5.84273803E-02  5.43513991E-02  5.04160303E-02  4.65395391E-02  4.29082104E-02  3.95577991E-02  3.62274447E-02  3.30674773E-02  3.01678150E-02  2.74442112E-02  2.48863735E-02  2.23565999E-02  2.01101799E-02  1.79935528E-02  1.60998887E-02  1.42451624E-02  1.26044875E-02  1.10398447E-02  9.71002349E-03  8.44780206E-03  7.29501434E-03  6.30700826E-03  5.36774154E-03  4.58048162E-03  3.87689067E-03  3.24647174E-03  2.68977997E-03  2.24873278E-03  1.83855642E-03  1.49615111E-03  1.20827974E-03  9.66549126E-04  7.68217503E-04  6.01981166E-04  4.61836714E-04  3.48869835E-04  2.66698100E-04  1.99259133E-04  1.47656847E-04  1.11091470E-04  7.52891550E-05  5.55779543E-05  3.53552882E-05  2.33424179E-05  1.72082977E-05  9.87258175E-06  6.93243134E-06  4.72170776E-06  2.75505040E-06  1.66349701E-06  8.41651838E-07  6.33351836E-07  3.96311079E-07  8.07444816E-08  6.88815484E-09  9.85613391E-09  0.00000000E+00  0.00000000E+00  2.13843833E-08  0.00000000E+00  0.00000000E+00  0.00000000E+00  0.00000000E+00  0.00000000E+00  0.00000000E+00  0.00000000E+00  0.00000000E+00  0.00000000E+00  0.00000000E+00  0.00000000E+00  0.00000000E+00  0.00000000E+00  0.00000000E+00  0.00000000E+00  0.00000000E+00  0.00000000E+00  0.00000000E+00  0.00000000E+00  0.00000000E+00  0.00000000E+00  0.00000000E+00  0.00000000E+00  0.00000000E+00  0.00000000E+00  0.00000000E+00  0.00000000E+00  0.00000000E+00  0.00000000E+00  0.00000000E+00  0.00000000E+00  0.00000000E+00  0.00000000E+00  0.00000000E+00  0.00000000E+00  0.00000000E+00  0.00000000E+00  0.00000000E+00  0.00000000E+00  0.00000000E+00  0.00000000E+00  0.00000000E+00  0.00000000E+00  0.00000000E+00  0.00000000E+00  0.00000000E+00  0.00000000E+00  0.00000000E+00  0.00000000E+00  0.00000000E+00  0.00000000E+00  0.00000000E+00  0.00000000E+00  0.00000000E+00  0.00000000E+00  0.00000000E+00  0.00000000E+00  0.00000000E+00  0.00000000E+00  0.00000000E+00  0.00000000E+00  0.00000000E+00  0.00000000E+00  0.00000000E+00  0.00000000E+00  0.00000000E+00  0.00000000E+00  0.00000000E+00  0.00000000E+00  0.00000000E+00  0.00000000E+00  0.00000000E+00  0.00000000E+00  0.00000000E+00  0.00000000E+00  0.00000000E+00  0.00000000E+00  0.00000000E+00  0.00000000E+00  0.00000000E+00  0.00000000E+00  0.00000000E+00  0.00000000E+00  0.00000000E+00  0.00000000E+00  0.00000000E+00  0.00000000E+00  0.00000000E+00  0.00000000E+00  0.00000000E+00
  2.62676656E-01  2.63666987E-01  2.62666579E-01  2.61088043E-01  2.61351208E-01  2.59452778E-01  2.58439397E-01  2.56833205E-01  2.54583100E-01  2.52529322E-01  2.49805116E-01  2.47174628E-01  2.44618391E-01  2.41683635E-01  2.37969376E-01  2.34593517E-01  2.31166171E-01  2.26838347E-01  2.23063145E-01  2.18841193E-01  2.14311154E-01  2.10065288E-01  2.05464224E-01  2.00306227E-01  1.95162438E-01  1.90442818E-01  1.85308893E-01  1.79842162E-01  1.74445502E-01  1.69259586E-01  1.64012874E-01  1.58552562E-01  1.52814825E-01  1.47352276E-01  1.41840111E-01  1.36329688E-01  1.30757848E-01  1.25211190E-01  1.19986379E-01  1.14464187E-01  1.09157683E-01  1.03699780E-01  9.86384011E-02  9.33568328E-02  8.83977920E-02  8.35167919E-02  7.86320584E-02  7.39669802E-02  6.93413547E-02  6.49877825E-02  6.06362565E-02  5.65358703E-02  5.24994714E-02  4.87077781E-02  4.50304640E-02  4.15082837E-02  3.81275035E-02  3.50162606E-02  3.20211993E-02  2.91631643E-02  2.64616616E-02  2.39203800E-02  2.15428396E-02  1.93812168E-02  1.73357914E-02  1.54754368E-02  1.37001220E-02  1.20608571E-02  1.06451108E-02  9.31065431E-03  8.06565102E-03  7.01896025E-03  6.02417760E-03  5.17601404E-03  4.37580683E-03  3.70336704E-03  3.11351460E-03  2.59117793E-03  2.15076761E-03  1.76240371E-03  1.42310644E-03  1.15107203E-03  9.17529396E-04  7.25178761E-04  5.73820453E-04  4.43103522E-04  3.39683166E-04  2.54083505E-04  1.92403608E-04  1.37427559E-04  9.89195737E-05  7.28738802E-05  5.15773926E-05  3.57780093E-05  2.52495257E-05  1.45483801E-05  1.05269049E-05  6.35686811E-06  4.48972108E-06  2.08637248E-06  1.18867125E-06  1.09382918E-06  5.22672815E-07  3.55743803E-07  1.45262800E-07  1.22456086E-07  3.86663715E-08  7.88667029E-09  0.00000000E+00  6.26783648E-09  7.30719291E-09  0.00000000E+00  0.00000000E+00  0.00000000E+00  0.00000000E+00  0.00000000E+00  0.00000000E+00  0.00000000E+00  0.00000000E+00  0.00000000E+00  0.00000000E+00  0.00000000E+00  0.00000000E+00  0.00000000E+00  0.00000000E+00  0.00000000E+00  0.00000000E+00  0.00000000E+00  0.00000000E+00  0.00000000E+00  0.00000000E+00  0.00000000E+00  0.00000000E+00  0.00000000E+00  0.00000000E+00  0.00000000E+00  0.00000000E+00  0.00000000E+00  0.00000000E+00  0.00000000E+00  0.00000000E+00  0.00000000E+00  0.00000000E+00  0.00000000E+00  0.00000000E+00  0.00000000E+00  0.00000000E+00  0.00000000E+00  0.00000000E+00  0.00000000E+00  0.00000000E+00  0.00000000E+00  0.00000000E+00  0.00000000E+00  0.00000000E+00  0.00000000E+00  0.00000000E+00  0.00000000E+00  0.00000000E+00  0.00000000E+00  0.00000000E+00  0.00000000E+00  0.00000000E+00  0.00000000E+00  0.00000000E+00  0.00000000E+00  0.00000000E+00  0.00000000E+00  0.00000000E+00  0.00000000E+00  0.00000000E+00  0.00000000E+00  0.00000000E+00  0.00000000E+00  0.00000000E+00  0.00000000E+00  0.00000000E+00  0.00000000E+00  0.00000000E+00  0.00000000E+00  0.00000000E+00  0.00000000E+00  0.00000000E+00  0.00000000E+00  0.00000000E+00  0.00000000E+00  0.00000000E+00  0.00000000E+00  0.00000000E+00  0.00000000E+00  0.00000000E+00  0.00000000E+00  0.00000000E+00  0.00000000E+00  0.00000000E+00  0.00000000E+00  0.00000000E+00  0.00000000E+00  0.00000000E+00  0.00000000E+00
  2.65746399E-01  2.66915687E-01  2.67837326E-01  2.66849427E-01  2.64032741E-01  2.64086352E-01  2.62626296E-01  2.60799239E-01  2.58621597E-01  2.56319655E-01  2.54396398E-01  2.51126828E-01  2.48066565E-01  2.45289773E-01  2.41531580E-01  2.38189066E-01  2.34632289E-01  2.30699172E-01  2.26771568E-01  2.22294024E-01  2.17877993E-01  2.13728440E-01  2.08531491E-01  2.03561851E-01  1.98872623E-01  1.93884347E-01  1.88399240E-01  1.83125809E-01  1.77775596E-01  1.72266618E-01  1.66614495E-01  1.61286329E-01  1.55652175E-01  1.50099272E-01  1.44398309E-01  1.38862035E-01  1.33145895E-01  1.27520949E-01  1.22177875E-01  1.16467485E-01  1.10885299E-01  1.05571771E-01  1.00239778E-01  9.51449555E-02  9.00331018E-02  8.51316470E-02  8.01673479E-02  7.55508325E-02  7.07210640E-02  6.63335157E-02  6.19441604E-02  5.77035750E-02  5.36186306E-02  4.97079087E-02  4.59101766E-02  4.24658594E-02  3.89046241E-02  3.57012091E-02  3.26422182E-02  2.97801953E-02  2.69917077E-02  2.44908214E-02  2.20516248E-02  1.97876922E-02  1.76989675E-02  1.57492229E-02  1.40247063E-02  1.24317404E-02  1.09028802E-02  9.54454029E-03  8.35550424E-03  7.19893857E-03  6.19407123E-03  5.30952971E-03  4.48537763E-03  3.79902198E-03  3.19768307E-03  2.66661672E-03  2.19678220E-03  1.80343460E-03  1.46862878E-03  1.18980610E-03  9.46689898E-04  7.53434494E-04  5.94759552E-04  4.56239375E-04  3.50766630E-04  2.65644731E-04  1.96642921E-04  1.47717744E-04  1.07433879E-04  7.62655896E-05  5.39159274E-05  3.72737253E-05  2.43374121E-05  1.75118294E-05  1.09703720E-05  6.57964007E-06  4.84630838E-06  2.78994500E-06  1.90010646E-06  8.59948617E-07  3.98208151E-07  2.10637778E-07  1.47194486E-07  9.18420645E-08  6.25485421E-08  3.75555728E-10  2.60466069E-09  0.00000000E+00  0.00000000E+00  0.00000000E+00  0.00000000E+00  0.00000000E+00  0.00000000E+00  0.00000000E+00  0.00000000E+00  0.00000000E+00  0.00000000E+00  0.00000000E+00  0.00000000E+00  0.00000000E+00  0.00000000E+00  0.00000000E+00  0.00000000E+00  0.00000000E+00  0.00000000E+00  0.00000000E+00  0.00000000E+00  0.00000000E+00  0.00000000E+00  0.00000000E+00  0.00000000E+00  0.00000000E+00  0.00000000E+00  0.00000000E+00  0.00000000E+00  0.00000000E+00  0.00000000E+00  0.00000000E+00  0.00000000E+00  0.00000000E+00  0.00000000E+00  0.00000000E+00  0.00000000E+00  0.00000000E+00  0.00000000E+00  0.00000000E+00  0.00000000E+00  0.00000000E+00  0.00000000E+00  0.00000000E+00  0.00000000E+00  0.00000000E+00  0.00000000E+00  0.00000000E+00  0.00000000E+00  0.00000000E+00  0.00000000E+00  0.00000000E+00  0.00000000E+00  0.00000000E+00  0.00000000E+00  0.00000000E+00  0.00000000E+00  0.00000000E+00  0.00000000E+00  0.00000000E+00  0.00000000E+00  0.00000000E+00  0.00000000E+00  0.00000000E+00  0.00000000E+00  0.00000000E+00  0.00000000E+00  0.00000000E+00  0.00000000E+00  0.00000000E+00  0.00000000E+00  0.00000000E+00  0.00000000E+00  0.00000000E+00  0.00000000E+00  0.00000000E+00  0.00000000E+00  0.00000000E+00  0.00000000E+00  0.00000000E+00  0.00000000E+00  0.00000000E+00  0.00000000E+00  0.00000000E+00  0.00000000E+00  0.00000000E+00  0.00000000E+00  0.00000000E+00  0.00000000E+00  0.00000000E+00  0.00000000E+00  0.00000000E+00
  2.67359351E-01  2.70854430E-01  2.68573506E-01  2.69006758E-01  2.67198167E-01  2.65925601E-01  2.65100512E-01  2.62939398E-01  2.60468641E-01  2.58705166E-01  2.55679612E-01  2.52932127E-01  2.50116474E-01  2.47089920E-01  2.44077504E-01  2.39587242E-01  2.36719664E-01  2.32274979E-01  2.28423140E-01  2.23981434E-01  2.19236006E-01  2.14585455E-01  2.09916046E-01  2.05197798E-01  2.00180312E-01  1.95110107E-01  1.89774962E-01  1.84452847E-01  1.79140500E-01  1.73619601E-01  1.68050239E-01  1.62680161E-01  1.57025323E-01  1.51142138E-01  1.45748229E-01  1.40089340E-01  1.34610005E-01  1.28756493E-01  1.23093494E-01  1.17595506E-01  1.12063627E-01  1.06741384E-01  1.01420241E-01  9.62640480E-02  9.10162929E-02  8.60323348E-02  8.12950574E-02  7.64486576E-02  7.16939584E-02  6.72120947E-02  6.26439248E-02  5.84023205E-02  5.43097596E-02  5.03565737E-02  4.66318819E-02  4.29920057E-02  3.95391214E-02  3.62265088E-02  3.31613735E-02  3.02624991E-02  2.74527687E-02  2.48594049E-02  2.23703400E-02  2.01354993E-02  1.80279925E-02  1.60282635E-02  1.42325056E-02  1.26250193E-02  1.11426224E-02  9.68489220E-03  8.43752632E-03  7.29753097E-03  6.32408488E-03  5.38969854E-03  4.60835419E-03  3.88376679E-03  3.26959104E-03  2.72764079E-03  2.25619059E-03  1.85025269E-03  1.51218366E-03  1.21391600E-03  9.82059896E-04  7.68859591E-04  6.04997856E-04  4.70476846E-04  3.58723929E-04  2.65902190E-04  2.05007958E-04  1.52389196E-04  1.09541711E-04  7.52534157E-05  5.41607795E-05  3.67357166E-05  2.51798889E-05  1.70899289E-05  1.00796725E-05  7.24381518E-06  4.35446382E-06  2.57002787E-06  1.70045468E-06  9.29158173E-07  4.25385562E-07  4.73935001E-07  8.53805284E-08  7.30909763E-08  6.59602807E-08  1.20177833E-08  1.48837755E-08  0.00000000E+00  0.00000000E+00  0.00000000E+00  0.00000000E+00  0.00000000E+00  0.00000000E+00  0.00000000E+00  0.00000000E+00  0.00000000E+00  0.00000000E+00  0.00000000E+00  0.00000000E+00  0.00000000E+00  0.00000000E+00  0.00000000E+00  0.00000000E+00  0.00000000E+00  0.00000000E+00  0.00000000E+00  0.00000000E+00  0.00000000E+00  0.00000000E+00  0.00000000E+00  0.00000000E+00  0.00000000E+00  0.00000000E+00  0.00000000E+00  0.00000000E+00  0.00000000E+00  0.00000000E+00  0.00000000E+00  0.00000000E+00  0.00000000E+00  0.00000000E+00  0.00000000E+00  0.00000000E+00  0.00000000E+00  0.00000000E+00  0.00000000E+00  0.00000000E+00  0.00000000E+00  0.00000000E+00  0.00000000E+00  0.00000000E+00  0.00000000E+00  0.00000000E+00  0.00000000E+00  0.00000000E+00  0.00000000E+00  0.00000000E+00  0.00000000E+00  0.00000000E+00  0.00000000E+00  0.00000000E+00  0.00000000E+00  0.00000000E+00  0.00000000E+00  0.00000000E+00  0.00000000E+00  0.00000000E+00  0.00000000E+00  0.00000000E+00  0.00000000E+00  0.00000000E+00  0.00000000E+00  0.00000000E+00  0.00000000E+00  0.00000000E+00  0.00000000E+00  0.00000000E+00  0.00000000E+00  0.00000000E+00  0.00000000E+00  0.00000000E+00  0.00000000E+00  0.00000000E+00  0.00000000E+00  0.00000000E+00  0.00000000E+00  0.00000000E+00  0.00000000E+00  0.00000000E+00  0.00000000E+00  0.00000000E+00  0.00000000E+00  0.00000000E+00  0.00000000E+00  0.00000000E+00  0.00000000E+00  0.00000000E+00  0.00000000E+00
  2.62301194E-01  2.61444226E-01  2.62176153E-01  2.60547078E-01  2.59524660E-01  2.58777923E-01  2.56640223E-01  2.54599715E-01  2.52930973E-01  2.50647496E-01  2.48257456E-01  2.45434054E-01  2.42876733E-01  2.39428020E-01  2.36093568E-01  2.32638893E-01  2.29434515E-01  2.25220919E-01  2.21486032E-01  2.17082702E-01  2.12923427E-01  2.08322295E-01  2.03505007E-01  1.98742636E-01  1.93936970E-01  1.89048019E-01  1.84009169E-01  1.79050163E-01  1.73698741E-01  1.68330854E-01  1.62792424E-01  1.57424646E-01  1.51953025E-01  1.46675752E-01  1.41049770E-01  1.35700725E-01  1.30206475E-01  1.24565962E-01  1.19291506E-01  1.13797473E-01  1.08591211E-01  1.03239113E-01  9.80617877E-02  9.31434929E-02  8.80876307E-02  8.30510267E-02  7.82763859E-02  7.35956814E-02  6.89997648E-02  6.47180690E-02  6.03741831E-02  5.62456903E-02  5.21896625E-02  4.84195852E-02  4.47230668E-02  4.13339076E-02  3.79689285E-02  3.47672187E-02  3.18262801E-02  2.90084789E-02  2.62960253E-02  2.37899501E-02  2.14741687E-02  1.92459800E-02  1.72031482E-02  1.53128106E-02  1.35860914E-02  1.19950054E-02  1.05381821E-02  9.25448926E-03  8.03029754E-03  6.94583963E-03  5.99077556E-03  5.10121334E-03  4.36917657E-03  3.66893834E-03  3.10552512E-03  2.59031735E-03  2.13203129E-03  1.75288652E-03  1.43810335E-03  1.15809581E-03  9.19915028E-04  7.24235452E-04  5.72527108E-04  4.37275282E-04  3.36908450E-04  2.50422320E-04  1.87386957E-04  1.38707291E-04  9.88843317E-05  7.35035107E-05  4.96735686E-05  3.45107096E-05  2.20675950E-05  1.46836588E-05  1.05549354E-05  6.61318008E-06  3.91836165E-06  2.38743985E-06  1.61448792E-06  8.21366279E-07  5.13219803E-07  2.82410651E-07  2.49573852E-07  1.14802581E-09  2.91893197E-08  0.00000000E+00  4.09303824E-09  0.00000000E+00  0.00000000E+00  0.00000000E+00  0.00000000E+00  0.00000000E+00  0.00000000E+00  0.00000000E+00  0.00000000E+00  0.00000000E+00  0.00000000E+00  0.00000000E+00  0.00000000E+00  0.00000000E+00  0.00000000E+00  0.00000000E+00  0.00000000E+00  0.00000000E+00  0.00000000E+00  0.00000000E+00  0.00000000E+00  0.00000000E+00  0.00000000E+00  0.00000000E+00  0.00000000E+00  0.00000000E+00  0.00000000E+00  0.00000000E+00  0.00000000E+00  0.00000000E+00  0.00000000E+00  0.00000000E+00  0.00000000E+00  0.00000000E+00  0.00000000E+00  0.00000000E+00  0.00000000E+00  0.00000000E+00  0.00000000E+00  0.00000000E+00  0.00000000E+00  0.00000000E+00  0.00000000E+00  0.00000000E+00  0.00000000E+00  0.00000000E+00  0.00000000E+00  0.00000000E+00  0.00000000E+00  0.00000000E+00  0.00000000E+00  0.00000000E+00  0.00000000E+00  0.00000000E+00  0.00000000E+00  0.00000000E+00  0.00000000E+00  0.00000000E+00  0.00000000E+00  0.00000000E+00  0.00000000E+00  0.00000000E+00  0.00000000E+00  0.00000000E+00  0.00000000E+00  0.00000000E+00  0.00000000E+00  0.00000000E+00  0.00000000E+00  0.00000000E+00  0.00000000E+00  0.00000000E+00  0.00000000E+00  0.00000000E+00  0.00000000E+00  0.00000000E+00  0.00000000E+00  0.00000000E+00  0.00000000E+00  0.00000000E+00  0.00000000E+00  0.00000000E+00  0.00000000E+00  0.00000000E+00  0.00000000E+00  0.00000000E+00  0.00000000E+00  0.00000000E+00  0.00000000E+00  0.00000000E+00  0.00000000E+00  0.00000000E+00
  2.69332262E-01  2.69318078E-01  2.68956106E-01  2.68829651E-01  2.67269967E-01  2.66507600E-01  2.64227161E-01  2.62923944E-01  2.60661824E-01  2.58326908E-01  2.56067962E-01  2.53253438E-01  2.49744746E-01  2.47227132E-01  2.43908350E-01  2.40224043E-01  2.36507844E-01  2.32605364E-01  2.28320800E-01  2.24171229E-01  2.19676007E-01  2.14489348E-01  2.10201445E-01  2.05126270E-01  2.00046983E-01  1.95004313E-01  1.89943610E-01  1.84612753E-01  1.79120100E-01  1.73517881E-01  1.68010682E-01  1.62410690E-01  1.56743317E-01  1.51435605E-01  1.45759016E-01  1.40085596E-01  1.34439360E-01  1.28705908E-01  1.23228097E-01  1.17684313E-01  1.12361912E-01  1.06853595E-01  1.01492654E-01  9.64323363E-02  9.10656967E-02  8.61179027E-02  8.12029306E-02  7.63223962E-02  7.15411882E-02  6.70381254E-02  6.26005147E-02  5.83864789E-02  5.43209961E-02  5.03568800E-02  4.65643921E-02  4.29982158E-02  3.95043798E-02  3.62486342E-02  3.31819026E-02  3.02588595E-02  2.74259242E-02  2.48288014E-02  2.24138109E-02  2.00806459E-02  1.79365147E-02  1.60698487E-02  1.42275134E-02  1.26103825E-02  1.10391981E-02  9.68587275E-03  8.44574164E-03  7.30456929E-03  6.30948071E-03  5.40488729E-03  4.57421715E-03  3.89868741E-03  3.25903938E-03  2.75436930E-03  2.23993987E-03  1.85290253E-03  1.51438131E-03  1.22163478E-03  9.72069602E-04  7.66829375E-04  6.06182268E-04  4.66178029E-04  3.62455444E-04  2.67245317E-04  2.02875300E-04  1.49759812E-04  1.11089685E-04  8.07268326E-05  5.36706387E-05  3.71912537E-05  2.41417456E-05  1.73558361E-05  1.03905179E-05  7.05748177E-06  5.07378649E-06  3.19326166E-06  1.80972084E-06  1.01308470E-06  5.55364483E-07  3.08545338E-07  8.73122146E-08  1.66846417E-07  1.00835831E-07  6.76000312E-09  2.00930968E-08  0.00000000E+00  0.00000000E+00  0.00000000E+00  0.00000000E+00  0.00000000E+00  0.00000000E+00  0.00000000E+00  0.00000000E+00  0.00000000E+00  0.00000000E+00  0.00000000E+00  0.00000000E+00  0.00000000E+00  0.00000000E+00  0.00000000E+00  0.00000000E+00  0.00000000E+00  0.00000000E+00  0.00000000E+00  0.00000000E+00  0.00000000E+00  0.00000000E+00  0.00000000E+00  0.00000000E+00  0.00000000E+00  0.00000000E+00  0.00000000E+00  0.00000000E+00  0.00000000E+00  0.00000000E+00  0.00000000E+00  0.00000000E+00  0.00000000E+00  0.00000000E+00  0.00000000E+00  0.00000000E+00  0.00000000E+00  0.00000000E+00  0.00000000E+00  0.00000000E+00  0.00000000E+00  0.00000000E+00  0.00000000E+00  0.00000000E+00  0.00000000E+00  0.00000000E+00  0.00000000E+00  0.00000000E+00  0.00000000E+00  0.00000000E+00  0.00000000E+00  0.00000000E+00  0.00000000E+00  0.00000000E+00  0.00000000E+00  0.00000000E+00  0.00000000E+00  0.00000000E+00  0.00000000E+00  0.00000000E+00  0.00000000E+00  0.00000000E+00  0.00000000E+00  0.00000000E+00  0.00000000E+00  0.00000000E+00  0.00000000E+00  0.00000000E+00  0.00000000E+00  0.00000000E+00  0.00000000E+00  0.00000000E+00  0.00000000E+00  0.00000000E+00  0.00000000E+00  0.00000000E+00  0.00000000E+00  0.00000000E+00  0.00000000E+00  0.00000000E+00  0.00000000E+00  0.00000000E+00  0.00000000E+00  0.00000000E+00  0.00000000E+00  0.00000000E+00  0.00000000E+00  0.00000000E+00  0.00000000E+00  0.00000000E+00  0.00000000E+00
  2.65867355E-01  2.65217039E-01  2.64528708E-01  2.64145605E-01  2.63018896E-01  2.61154439E-01  2.60027684E-01  2.58684654E-01  2.56372431E-01  2.54587151E-01  2.51539923E-01  2.49477124E-01  2.46300309E-01  2.43078968E-01  2.39898328E-01  2.36254136E-01  2.32031742E-01  2.28623856E-01  2.24729698E-01  2.20292273E-01  2.15964535E-01  2.11317485E-01  2.06512915E-01  2.01747531E-01  1.97021817E-01  1.91639670E-01  1.86692354E-01  1.81338824E-01  1.76041553E-01  1.70662771E-01  1.65027618E-01  1.59734306E-01  1.54314502E-01  1.48749242E-01  1.43137040E-01  1.37496286E-01  1.31919328E-01  1.26477423E-01  1.20706077E-01  1.15217446E-01  1.10098079E-01  1.04621536E-01  9.94947030E-02  9.43781252E-02  8.91284225E-02  8.42377443E-02  7.94929578E-02  7.47014337E-02  7.00720781E-02  6.56084539E-02  6.11866948E-02  5.72076361E-02  5.30505248E-02  4.91663162E-02  4.54545800E-02  4.19253864E-02  3.86595739E-02  3.53004447E-02  3.22741048E-02  2.94810587E-02  2.66946661E-02  2.41735941E-02  2.17799719E-02  1.96009810E-02  1.75557813E-02  1.55987725E-02  1.38035757E-02  1.22476866E-02  1.07998119E-02  9.38359911E-03  8.22458079E-03  7.07870609E-03  6.10335119E-03  5.24966234E-03  4.44523950E-03  3.77475906E-03  3.16081292E-03  2.63959857E-03  2.18140680E-03  1.79061146E-03  1.45414693E-03  1.17738829E-03  9.42422675E-04  7.42878725E-04  5.77970911E-04  4.45350202E-04  3.44609980E-04  2.65937718E-04  1.93802266E-04  1.40294665E-04  1.02114557E-04  7.49463219E-05  5.13307946E-05  3.66497907E-05  2.20018032E-05  1.67394725E-05  1.01537232E-05  6.30345253E-06  3.90606553E-06  2.50957095E-06  1.39314359E-06  1.00433407E-06  5.08493296E-07  2.50424914E-07  7.80401210E-08  2.33431914E-08  4.92806696E-09  0.00000000E+00  0.00000000E+00  0.00000000E+00  0.00000000E+00  0.00000000E+00  0.00000000E+00  0.00000000E+00  0.00000000E+00  0.00000000E+00  0.00000000E+00  0.00000000E+00  0.00000000E+00  0.00000000E+00  0.00000000E+00  0.00000000E+00  0.00000000E+00  0.00000000E+00  0.00000000E+00  0.00000000E+00  0.00000000E+00  0.00000000E+00  0.00000000E+00  0.00000000E+00  0.00000000E+00  0.00000000E+00  0.00000000E+00  0.00000000E+00  0.00000000E+00  0.00000000E+00  0.00000000E+00  0.00000000E+00  0.00000000E+00  0.00000000E+00  0.00000000E+00  0.00000000E+00  0.00000000E+00  0.00000000E+00  0.00000000E+00  0.00000000E+00  0.00000000E+00  0.00000000E+00  0.00000000E+00  0.00000000E+00  0.00000000E+00  0.00000000E+00  0.00000000E+00  0.00000000E+00  0.00000000E+00  0.00000000E+00  0.00000000E+00  0.00000000E+00  0.00000000E+00  0.00000000E+00  0.00000000E+00  0.00000000E+00  0.00000000E+00  0.00000000E+00  0.00000000E+00  0.00000000E+00  0.00000000E+00  0.00000000E+00  0.00000000E+00  0.00000000E+00  0.00000000E+00  0.00000000E+00  0.00000000E+00  0.00000000E+00  0.00000000E+00  0.00000000E+00  0.00000000E+00  0.00000000E+00  0.00000000E+00  0.00000000E+00  0.00000000E+00  0.00000000E+00  0.00000000E+00  0.00000000E+00  0.00000000E+00  0.00000000E+00  0.00000000E+00  0.00000000E+00  0.00000000E+00  0.00000000E+00  0.00000000E+00  0.00000000E+00  0.00000000E+00  0.00000000E+00  0.00000000E+00  0.00000000E+00  0.00000000E+00  0.00000000E+00  0.00000000E+00  0.00000000E+00
  2.71864328E-01  2.68184156E-01  2.68736594E-01  2.68037213E-01  2.67542569E-01  2.66073906E-01  2.63804892E-01  2.62734302E-01  2.60233736E-01  2.58293072E-01  2.55254142E-01  2.52843793E-01  2.50060240E-01  2.46896352E-01  2.43154503E-01  2.40288180E-01  2.36046096E-01  2.32352814E-01  2.28088264E-01  2.24328460E-01  2.19315965E-01  2.15003309E-01  2.09931631E-01  2.05330118E-01  2.00289811E-01  1.95098384E-01  1.89943299E-01  1.84465924E-01  1.79113787E-01  1.73843501E-01  1.68081553E-01  1.62567290E-01  1.57127436E-01  1.51198257E-01  1.45643040E-01  1.40031769E-01  1.34444873E-01  1.28540186E-01  1.23243956E-01  1.17636293E-01  1.12455632E-01  1.06898792E-01  1.01444616E-01  9.63612328E-02  9.11554982E-02  8.62255892E-02  8.12169080E-02  7.63916877E-02  7.15165869E-02  6.71418128E-02  6.26495905E-02  5.84315986E-02  5.43271012E-02  5.03143564E-02  4.65950121E-02  4.29857440E-02  3.95021183E-02  3.62460138E-02  3.31389887E-02  3.02162705E-02  2.74487349E-02  2.48295347E-02  2.23993699E-02  2.00985610E-02  1.80302321E-02  1.60900108E-02  1.42377394E-02  1.26358798E-02  1.11139480E-02  9.71639823E-03  8.47408181E-03  7.34659143E-03  6.32919072E-03  5.37465096E-03  4.60964772E-03  3.89782114E-03  3.26330089E-03  2.71578386E-03  2.24919102E-03  1.84912887E-03  1.49537978E-03  1.20619525E-03  9.71509284E-04  7.70328464E-04  6.11894582E-04  4.67555879E-04  3.57000291E-04  2.69692105E-04  2.03767139E-04  1.43552862E-04  1.07552096E-04  7.77189903E-05  5.48735133E-05  3.63246538E-05  2.57271571E-05  1.58064721E-05  1.08251993E-05  6.41235406E-06  3.93065776E-06  2.48400863E-06  1.60966735E-06  6.69821217E-07  5.02191288E-07  1.92694560E-07  1.80033150E-07  1.64550365E-08  4.28362743E-08  0.00000000E+00  2.08372856E-08  0.00000000E+00  0.00000000E+00  0.00000000E+00  0.00000000E+00  0.00000000E+00  0.00000000E+00  0.00000000E+00  0.00000000E+00  0.00000000E+00  0.00000000E+00  0.00000000E+00  0.00000000E+00  0.00000000E+00  0.00000000E+00  0.00000000E+00  0.00000000E+00  0.00000000E+00  0.00000000E+00  0.00000000E+00  0.00000000E+00  0.00000000E+00  0.00000000E+00  0.00000000E+00  0.00000000E+00  0.00000000E+00  0.00000000E+00  0.00000000E+00  0.00000000E+00  0.00000000E+00  0.00000000E+00  0.00000000E+00  0.00000000E+00  0.00000000E+00  0.00000000E+00  0.00000000E+00  0.00000000E+00  0.00000000E+00  0.00000000E+00  0.00000000E+00  0.00000000E+00  0.00000000E+00  0.00000000E+00  0.00000000E+00  0.00000000E+00  0.00000000E+00  0.00000000E+00  0.00000000E+00  0.00000000E+00  0.00000000E+00  0.00000000E+00  0.00000000E+00  0.00000000E+00  0.00000000E+00  0.00000000E+00  0.00000000E+00  0.00000000E+00  0.00000000E+00  0.00000000E+00  0.00000000E+00  0.00000000E+00  0.00000000E+00  0.00000000E+00  0.00000000E+00  0.00000000E+00  0.00000000E+00  0.00000000E+00  0.00000000E+00  0.00000000E+00  0.00000000E+00  0.00000000E+00  0.00000000E+00  0.00000000E+00  0.00000000E+00  0.00000000E+00  0.00000000E+00  0.00000000E+00  0.00000000E+00  0.00000000E+00  0.00000000E+00  0.00000000E+00  0.00000000E+00  0.00000000E+00  0.00000000E+00  0.00000000E+00  0.00000000E+00  0.00000000E+00  0.00000000E+00  0.00000000E+00  0.00000000E+00  0.00000000E+00  0.00000000E+00
  2.70985586E-01  2.70040499E-01  2.68869967E-01  2.68630131E-01  2.67685496E-01  2.66958227E-01  2.65099475E-01  2.62963611E-01  2.61283120E-01  2.59127400E-01  2.56224864E-01  2.53793467E-01  2.50875184E-01  2.47695654E-01  2.44173248E-01  2.41008999E-01  2.36902048E-01  2.32881605E-01  2.28829843E-01  2.24168463E-01  2.20067391E-01  2.15121369E-01  2.10565027E-01  2.05539627E-01  2.00436061E-01  1.95117200E-01  1.90026603E-01  1.84756337E-01  1.78955204E-01  1.73873863E-01  1.68261329E-01  1.62523691E-01  1.56941136E-01  1.51187310E-01  1.45649795E-01  1.40235740E-01  1.34472884E-01  1.28734519E-01  1.23155352E-01  1.17727075E-01  1.12134394E-01  1.06748686E-01  1.01286235E-01  9.60157411E-02  9.09051159E-02  8.59550898E-02  8.11489099E-02  7.62963506E-02  7.15081945E-02  6.69860110E-02  6.26968492E-02  5.83579165E-02  5.42089459E-02  5.03008856E-02  4.65445371E-02  4.29205490E-02  3.94861423E-02  3.61107998E-02  3.29771464E-02  3.01264182E-02  2.73498709E-02  2.47259914E-02  2.23365294E-02  2.00625248E-02  1.78616896E-02  1.59901256E-02  1.41829971E-02  1.25144167E-02  1.10257574E-02  9.64761788E-03  8.44084142E-03  7.27680279E-03  6.27340965E-03  5.38675384E-03  4.56623266E-03  3.86699172E-03  3.24088348E-03  2.72189960E-03  2.24846947E-03  1.83477158E-03  1.48664984E-03  1.19842248E-03  9.66278020E-04  7.67698708E-04  5.98411687E-04  4.63944570E-04  3.54375862E-04  2.66700407E-04  1.98431616E-04  1.44504655E-04  1.05224781E-04  7.63410394E-05  5.41585973E-05  3.48600266E-05  2.41092769E-05  1.67593415E-05  9.11450402E-06  6.64920454E-06  4.09337633E-06  2.11436932E-06  1.36341677E-06  1.01308470E-06  4.80528134E-07  1.91524350E-07  1.33286345E-07  8.76326364E-08  1.09933801E-08  0.00000000E+00  0.00000000E+00  0.00000000E+00  0.00000000E+00  0.00000000E+00  0.00000000E+00  0.00000000E+00  0.00000000E+00  0.00000000E+00  0.00000000E+00  0.00000000E+00  0.00000000E+00  0.00000000E+00  0.00000000E+00  0.00000000E+00  0.00000000E+00  0.00000000E+00  0.00000000E+00  0.00000000E+00  0.00000000E+00  0.00000000E+00  0.00000000E+00  0.00000000E+00  0.00000000E+00  0.00000000E+00  0.00000000E+00  0.00000000E+00  0.00000000E+00  0.00000000E+00  0.00000000E+00  0.00000000E+00  0.00000000E+00  0.00000000E+00  0.00000000E+00  0.00000000E+00  0.00000000E+00  0.00000000E+00  0.00000000E+00  0.00000000E+00  0.00000000E+00  0.00000000E+00  0.00000000E+00  0.00000000E+00  0.00000000E+00  0.00000000E+00  0.00000000E+00  0.00000000E+00  0.00000000E+00  0.00000000E+00  0.00000000E+00  0.00000000E+00  0.00000000E+00  0.00000000E+00  0.00000000E+00  0.00000000E+00  0.00000000E+00  0.00000000E+00  0.00000000E+00  0.00000000E+00  0.00000000E+00  0.00000000E+00  0.00000000E+00  0.00000000E+00  0.00000000E+00  0.00000000E+00  0.00000000E+00  0.00000000E+00  0.00000000E+00  0.00000000E+00  0.00000000E+00  0.00000000E+00  0.00000000E+00  0.00000000E+00  0.00000000E+00  0.00000000E+00  0.00000000E+00  0.00000000E+00  0.00000000E+00  0.00000000E+00  0.00000000E+00  0.00000000E+00  0.00000000E+00  0.00000000E+00  0.00000000E+00  0.00000000E+00  0.00000000E+00  0.00000000E+00  0.00000000E+00  0.00000000E+00  0.00000000E+00  0.00000000E+00  0.00000000E+00  0.00000000E+00
  2.69982497E-01  2.69599176E-01  2.68798186E-01  2.67575147E-01  2.67415549E-01  2.65949296E-01  2.64130895E-01  2.62870076E-01  2.60993281E-01  2.58542135E-01  2.55895561E-01  2.53100230E-01  2.50482227E-01  2.46899785E-01  2.43967463E-01  2.40109610E-01  2.36259276E-01  2.32328316E-01  2.28648064E-01  2.24156420E-01  2.19319565E-01  2.14989093E-01  2.10009078E-01  2.05528429E-01  2.00390015E-01  1.94847658E-01  1.89914021E-01  1.84645297E-01  1.79143270E-01  1.73922980E-01  1.68133461E-01  1.62443235E-01  1.56809150E-01  1.51292387E-01  1.45432020E-01  1.40038201E-01  1.34460196E-01  1.28884099E-01  1.23106926E-01  1.17780722E-01  1.12242474E-01  1.06823018E-01  1.01436518E-01  9.62724687E-02  9.10280063E-02  8.58667208E-02  8.10243168E-02  7.64032775E-02  7.15983594E-02  6.68511498E-02  6.26775233E-02  5.85325472E-02  5.43093889E-02  5.02637190E-02  4.66516243E-02  4.28692501E-02  3.95326604E-02  3.62613995E-02  3.31614322E-02  3.01985162E-02  2.74631688E-02  2.48985633E-02  2.24296866E-02  2.01637949E-02  1.80571238E-02  1.60819481E-02  1.42539891E-02  1.25892573E-02  1.10896463E-02  9.69484933E-03  8.46507794E-03  7.34907644E-03  6.34453774E-03  5.38792107E-03  4.59820748E-03  3.88378604E-03  3.25376249E-03  2.71015987E-03  2.24505351E-03  1.84509266E-03  1.49962914E-03  1.20874192E-03  9.69544012E-04  7.72361581E-04  5.98011309E-04  4.65944295E-04  3.54308652E-04  2.62124733E-04  1.98699852E-04  1.45104600E-04  1.04995038E-04  7.51739948E-05  5.35593423E-05  3.91196219E-05  2.53952075E-05  1.58068948E-05  1.18238370E-05  6.89060984E-06  3.59743307E-06  2.84877892E-06  1.98245780E-06  7.38235261E-07  3.02496399E-07  3.93970659E-07  1.41013090E-07  1.43120550E-07  5.30714903E-09  1.27688948E-08  2.71628901E-08  0.00000000E+00  0.00000000E+00  0.00000000E+00  0.00000000E+00  0.00000000E+00  0.00000000E+00  0.00000000E+00  0.00000000E+00  0.00000000E+00  0.00000000E+00  0.00000000E+00  0.00000000E+00  0.00000000E+00  0.00000000E+00  0.00000000E+00  0.00000000E+00  0.00000000E+00  0.00000000E+00  0.00000000E+00  0.00000000E+00  0.00000000E+00  0.00000000E+00  0.00000000E+00  0.00000000E+00  0.00000000E+00  0.00000000E+00  0.00000000E+00  0.00000000E+00  0.00000000E+00  0.00000000E+00  0.00000000E+00  0.00000000E+00  0.00000000E+00  0.00000000E+00  0.00000000E+00  0.00000000E+00  0.00000000E+00  0.00000000E+00  0.00000000E+00  0.00000000E+00  0.00000000E+00  0.00000000E+00  0.00000000E+00  0.00000000E+00  0.00000000E+00  0.00000000E+00  0.00000000E+00  0.00000000E+00  0.00000000E+00  0.00000000E+00  0.00000000E+00  0.00000000E+00  0.00000000E+00  0.00000000E+00  0.00000000E+00  0.00000000E+00  0.00000000E+00  0.00000000E+00  0.00000000E+00  0.00000000E+00  0.00000000E+00  0.00000000E+00  0.00000000E+00  0.00000000E+00  0.00000000E+00  0.00000000E+00  0.00000000E+00  0.00000000E+00  0.00000000E+00  0.00000000E+00  0.00000000E+00  0.00000000E+00  0.00000000E+00  0.00000000E+00  0.00000000E+00  0.00000000E+00  0.00000000E+00  0.00000000E+00  0.00000000E+00  0.00000000E+00  0.00000000E+00  0.00000000E+00  0.00000000E+00  0.00000000E+00  0.00000000E+00  0.00000000E+00  0.00000000E+00  0.00000000E+00  0.00000000E+00  0.00000000E+00  0.00000000E+00
  2.65171499E-01  2.65860384E-01  2.64333387E-01  2.63410081E-01  2.61650501E-01  2.61753754E-01  2.60324035E-01  2.58344273E-01  2.56723717E-01  2.54356137E-01  2.52104788E-01  2.49197906E-01  2.46176405E-01  2.43300537E-01  2.40115069E-01  2.36283710E-01  2.32514281E-01  2.28711367E-01  2.24486482E-01  2.20082683E-01  2.15977888E-01  2.11745987E-01  2.07060867E-01  2.01848455E-01  1.96998018E-01  1.91983880E-01  1.86605883E-01  1.81513847E-01  1.75953323E-01  1.70662472E-01  1.65289479E-01  1.59811574E-01  1.54402051E-01  1.48948989E-01  1.43157016E-01  1.37626395E-01  1.32160611E-01  1.26422243E-01  1.21151148E-01  1.15512023E-01  1.10307508E-01  1.04974106E-01  9.96187122E-02  9.45595051E-02  8.93576824E-02  8.44610516E-02  7.98508390E-02  7.49148023E-02  7.03442528E-02  6.58526219E-02  6.16890366E-02  5.74317969E-02  5.33101613E-02  4.94796720E-02  4.57861250E-02  4.22206122E-02  3.87736787E-02  3.55747035E-02  3.25239669E-02  2.96736927E-02  2.69759412E-02  2.44084279E-02  2.19696975E-02  1.97232365E-02  1.77132105E-02  1.57672295E-02  1.39735939E-02  1.23733286E-02  1.08467215E-02  9.50708879E-03  8.31728175E-03  7.19841402E-03  6.15558841E-03  5.26463743E-03  4.49673171E-03  3.78071384E-03  3.18034675E-03  2.66120319E-03  2.21170913E-03  1.79401085E-03  1.47470066E-03  1.18318208E-03  9.57236106E-04  7.57878825E-04  5.97300375E-04  4.55487176E-04  3.47820623E-04  2.61793911E-04  2.00236735E-04  1.43633156E-04  1.02449134E-04  7.28306400E-05  5.27855046E-05  3.44312605E-05  2.35637176E-05  1.54348784E-05  9.79518419E-06  6.72622235E-06  3.68268613E-06  2.72340181E-06  1.24531290E-06  8.22957303E-07  7.21973828E-07  2.58226313E-07  2.27552630E-07  5.66359398E-08  0.00000000E+00  0.00000000E+00  0.00000000E+00  6.63653273E-09  0.00000000E+00  0.00000000E+00  0.00000000E+00  0.00000000E+00  0.00000000E+00  0.00000000E+00  0.00000000E+00  0.00000000E+00  0.00000000E+00  0.00000000E+00  0.00000000E+00  0.00000000E+00  0.00000000E+00  0.00000000E+00  0.00000000E+00  0.00000000E+00  0.00000000E+00  0.00000000E+00  0.00000000E+00  0.00000000E+00  0.00000000E+00  0.00000000E+00  0.00000000E+00  0.00000000E+00  0.00000000E+00  0.00000000E+00  0.00000000E+00  0.00000000E+00  0.00000000E+00  0.00000000E+00  0.00000000E+00  0.00000000E+00  0.00000000E+00  0.00000000E+00  0.00000000E+00  0.00000000E+00  0.00000000E+00  0.00000000E+00  0.00000000E+00  0.00000000E+00  0.00000000E+00  0.00000000E+00  0.00000000E+00  0.00000000E+00  0.00000000E+00  0.00000000E+00  0.00000000E+00  0.00000000E+00  0.00000000E+00  0.00000000E+00  0.00000000E+00  0.00000000E+00  0.00000000E+00  0.00000000E+00  0.00000000E+00  0.00000000E+00  0.00000000E+00  0.00000000E+00  0.00000000E+00  0.00000000E+00  0.00000000E+00  0.00000000E+00  0.00000000E+00  0.00000000E+00  0.00000000E+00  0.00000000E+00  0.00000000E+00  0.00000000E+00  0.00000000E+00  0.00000000E+00  0.00000000E+00  0.00000000E+00  0.00000000E+00  0.00000000E+00  0.00000000E+00  0.00000000E+00  0.00000000E+00  0.00000000E+00  0.00000000E+00  0.00000000E+00  0.00000000E+00  0.00000000E+00  0.00000000E+00  0.00000000E+00  0.00000000E+00  0.00000000E+00  0.00000000E+00  0.00000000E+00  0.00000000E+00  0.00000000E+00
  2.61214696E-01  2.63743290E-01  2.61821717E-01  2.61236393E-01  2.60671537E-01  2.58936667E-01  2.57480065E-01  2.56229553E-01  2.53803972E-01  2.51220629E-01  2.49017677E-01  2.46534868E-01  2.43249811E-01  2.40403826E-01  2.37035051E-01  2.33767430E-01  2.29616581E-01  2.26135535E-01  2.22103804E-01  2.17902352E-01  2.13411275E-01  2.08902408E-01  2.04103179E-01  1.99369493E-01  1.94668563E-01  1.89612765E-01  1.84684050E-01  1.79320186E-01  1.73734242E-01  1.68774735E-01  1.63006197E-01  1.57957564E-01  1.52151097E-01  1.46696779E-01  1.41311445E-01  1.35560676E-01  1.30065975E-01  1.24520261E-01  1.19053610E-01  1.13656993E-01  1.08321015E-01  1.03251079E-01  9.78361676E-02  9.28214718E-02  8.76962377E-02  8.27709507E-02  7.81157096E-02  7.34491004E-02  6.88296345E-02  6.44534758E-02  6.01600007E-02  5.60373068E-02  5.20778898E-02  4.82669269E-02  4.45550753E-02  4.11292196E-02  3.78252769E-02  3.46165839E-02  3.16310061E-02  2.87939734E-02  2.60874750E-02  2.36383960E-02  2.13033043E-02  1.91344623E-02  1.71342175E-02  1.52055339E-02  1.35109948E-02  1.19449678E-02  1.05096941E-02  9.22140261E-03  7.97509981E-03  6.90520991E-03  5.95215798E-03  5.06366606E-03  4.34188656E-03  3.65380597E-03  3.07164199E-03  2.55794090E-03  2.11537376E-03  1.74261217E-03  1.42037367E-03  1.13149768E-03  9.05515106E-04  7.14420404E-04  5.59604169E-04  4.27454203E-04  3.33469575E-04  2.46204228E-04  1.88449409E-04  1.33263579E-04  9.95231499E-05  7.10908832E-05  4.81450974E-05  3.30957381E-05  2.28831570E-05  1.67280583E-05  1.02629165E-05  6.51752892E-06  3.78638336E-06  2.56353585E-06  1.34051908E-06  1.05882665E-06  4.30505943E-07  2.35992326E-07  8.88575635E-08  7.61523785E-08  2.76729913E-08  1.87777864E-09  0.00000000E+00  0.00000000E+00  0.00000000E+00  0.00000000E+00  0.00000000E+00  0.00000000E+00  0.00000000E+00  0.00000000E+00  0.00000000E+00  0.00000000E+00  0.00000000E+00  0.00000000E+00  0.00000000E+00  0.00000000E+00  0.00000000E+00  0.00000000E+00  0.00000000E+00  0.00000000E+00  0.00000000E+00  0.00000000E+00  0.00000000E+00  0.00000000E+00  0.00000000E+00  0.00000000E+00  0.00000000E+00  0.00000000E+00  0.00000000E+00  0.00000000E+00  0.00000000E+00  0.00000000E+00  0.00000000E+00  0.00000000E+00  0.00000000E+00  0.00000000E+00  0.00000000E+00  0.00000000E+00  0.00000000E+00  0.00000000E+00  0.00000000E+00  0.00000000E+00  0.00000000E+00  0.00000000E+00  0.00000000E+00  0.00000000E+00  0.00000000E+00  0.00000000E+00  0.00000000E+00  0.00000000E+00  0.00000000E+00  0.00000000E+00  0.00000000E+00  0.00000000E+00  0.00000000E+00  0.00000000E+00  0.00000000E+00  0.00000000E+00  0.00000000E+00  0.00000000E+00  0.00000000E+00  0.00000000E+00  0.00000000E+00  0.00000000E+00  0.00000000E+00  0.00000000E+00  0.00000000E+00  0.00000000E+00  0.00000000E+00  0.00000000E+00  0.00000000E+00  0.00000000E+00  0.00000000E+00  0.00000000E+00  0.00000000E+00  0.00000000E+00  0.00000000E+00  0.00000000E+00  0.00000000E+00  0.00000000E+00  0.00000000E+00  0.00000000E+00  0.00000000E+00  0.00000000E+00  0.00000000E+00  0.00000000E+00  0.00000000E+00  0.00000000E+00  0.00000000E+00  0.00000000E+00  0.00000000E+00  0.00000000E+00  0.00000000E+00  0.00000000E+00
  2.67430972E-01  2.65988148E-01  2.64804870E-01  2.64429895E-01  2.63765971E-01  2.61928206E-01  2.60487983E-01  2.59693890E-01  2.56844653E-01  2.55103512E-01  2.52462198E-01  2.49344998E-01  2.46390390E-01  2.43444935E-01  2.40194310E-01  2.36490517E-01  2.32844467E-01  2.28970894E-01  2.24828324E-01  2.20786321E-01  2.16363748E-01  2.11823464E-01  2.07562168E-01  2.02174931E-01  1.97515009E-01  1.92473707E-01  1.87086698E-01  1.81885391E-01  1.76440197E-01  1.71130918E-01  1.65564865E-01  1.60023541E-01  1.54422881E-01  1.49026580E-01  1.43118070E-01  1.37948010E-01  1.32347030E-01  1.26682083E-01  1.21149382E-01  1.15865694E-01  1.10392434E-01  1.05220264E-01  9.98477796E-02  9.46402088E-02  8.95109944E-02  8.46345360E-02  7.96701511E-02  7.50643215E-02  7.03780298E-02  6.59411815E-02  6.15505950E-02  5.74271043E-02  5.33615102E-02  4.95384623E-02  4.58425868E-02  4.21791037E-02  3.88236510E-02  3.55791396E-02  3.24744181E-02  2.95659497E-02  2.68536327E-02  2.43364071E-02  2.19411527E-02  1.97583953E-02  1.75641424E-02  1.57138229E-02  1.39895813E-02  1.23392485E-02  1.08190032E-02  9.48194705E-03  8.26326083E-03  7.16827600E-03  6.14000139E-03  5.30058080E-03  4.49766868E-03  3.77536545E-03  3.19696956E-03  2.65848966E-03  2.19316772E-03  1.81076254E-03  1.47435512E-03  1.18160632E-03  9.33139996E-04  7.40002867E-04  5.88950727E-04  4.45898415E-04  3.41077759E-04  2.63471089E-04  1.94775306E-04  1.41604169E-04  1.04451240E-04  7.56319881E-05  5.30146444E-05  3.61307807E-05  2.31946000E-05  1.73186344E-05  1.09502905E-05  6.93243134E-06  4.50447641E-06  2.77209195E-06  1.68559127E-06  8.97337687E-07  5.95539786E-07  3.83828840E-07  1.87759895E-07  1.19777359E-07  2.35030886E-08  3.75555728E-09  0.00000000E+00  0.00000000E+00  0.00000000E+00  0.00000000E+00  0.00000000E+00  0.00000000E+00  0.00000000E+00  0.00000000E+00  0.00000000E+00  0.00000000E+00  0.00000000E+00  0.00000000E+00  0.00000000E+00  0.00000000E+00  0.00000000E+00  0.00000000E+00  0.00000000E+00  0.00000000E+00  0.00000000E+00  0.00000000E+00  0.00000000E+00  0.00000000E+00  0.00000000E+00  0.00000000E+00  0.00000000E+00  0.00000000E+00  0.00000000E+00  0.00000000E+00  0.00000000E+00  0.00000000E+00  0.00000000E+00  0.00000000E+00  0.00000000E+00  0.00000000E+00  0.00000000E+00  0.00000000E+00  0.00000000E+00  0.00000000E+00  0.00000000E+00  0.00000000E+00  0.00000000E+00  0.00000000E+00  0.00000000E+00  0.00000000E+00  0.00000000E+00  0.00000000E+00  0.00000000E+00  0.00000000E+00  0.00000000E+00  0.00000000E+00  0.00000000E+00  0.00000000E+00  0.00000000E+00  0.00000000E+00  0.00000000E+00  0.00000000E+00  0.00000000E+00  0.00000000E+00  0.00000000E+00  0.00000000E+00  0.00000000E+00  0.00000000E+00  0.00000000E+00  0.00000000E+00  0.00000000E+00  0.00000000E+00  0.00000000E+00  0.00000000E+00  0.00000000E+00  0.00000000E+00  0.00000000E+00  0.00000000E+00  0.00000000E+00  0.00000000E+00  0.00000000E+00  0.00000000E+00  0.00000000E+00  0.00000000E+00  0.00000000E+00  0.00000000E+00  0.00000000E+00  0.00000000E+00  0.00000000E+00  0.00000000E+00  0.00000000E+00  0.00000000E+00  0.00000000E+00  0.00000000E+00  0.00000000E+00  0.00000000E+00  0.00000000E+00  0.00000000E+00
  2.69734289E-01  2.67976051E-01  2.69672923E-01  2.69758212E-01  2.67739667E-01  2.66904716E-01  2.65518868E-01  2.62871568E-01  2.60965343E-01  2.58782719E-01  2.56831774E-01  2.53992471E-01  2.51214150E-01  2.47551881E-01  2.44161476E-01  2.40932683E-01  2.36668503E-01  2.32495866E-01  2.28628441E-01  2.24319282E-01  2.19965856E-01  2.15141341E-01  2.10170895E-01  2.05607977E-01  2.00409405E-01  1.95357679E-01  1.90094399E-01  1.84711693E-01  1.79424168E-01  1.73743982E-01  1.68279188E-01  1.62543177E-01  1.56665979E-01  1.51156167E-01  1.45842876E-01  1.39743580E-01  1.34294674E-01  1.28660088E-01  1.23225914E-01  1.17618711E-01  1.12074649E-01  1.06853263E-01  1.01340186E-01  9.59933619E-02  9.09741071E-02  8.61480692E-02  8.10094416E-02  7.61548769E-02  7.14790798E-02  6.69174206E-02  6.25532720E-02  5.83763263E-02  5.41638581E-02  5.03179567E-02  4.65518034E-02  4.28053456E-02  3.94012470E-02  3.62844047E-02  3.31306547E-02  3.01105210E-02  2.73703313E-02  2.47213449E-02  2.23327499E-02  2.00541464E-02  1.79736828E-02  1.60492681E-02  1.42149088E-02  1.25774543E-02  1.10591037E-02  9.69806633E-03  8.40061636E-03  7.28412513E-03  6.28423943E-03  5.36685225E-03  4.60096254E-03  3.86904723E-03  3.26800043E-03  2.71280986E-03  2.25151050E-03  1.85457480E-03  1.49962513E-03  1.21808103E-03  9.74343660E-04  7.70508809E-04  6.01956322E-04  4.63508267E-04  3.51485396E-04  2.68596287E-04  2.00105810E-04  1.46740239E-04  1.06045163E-04  7.54307888E-05  5.23560313E-05  3.66437456E-05  2.59040259E-05  1.61966666E-05  1.06745878E-05  6.17757395E-06  4.70490307E-06  3.00377587E-06  1.68559127E-06  8.81825201E-07  3.09192283E-07  2.56666033E-07  6.95407019E-08  4.93651097E-08  7.77118249E-08  7.88667030E-09  4.09303824E-08  0.00000000E+00  0.00000000E+00  0.00000000E+00  0.00000000E+00  0.00000000E+00  0.00000000E+00  0.00000000E+00  0.00000000E+00  0.00000000E+00  0.00000000E+00  0.00000000E+00  0.00000000E+00  0.00000000E+00  0.00000000E+00  0.00000000E+00  0.00000000E+00  0.00000000E+00  0.00000000E+00  0.00000000E+00  0.00000000E+00  0.00000000E+00  0.00000000E+00  0.00000000E+00  0.00000000E+00  0.00000000E+00  0.00000000E+00  0.00000000E+00  0.00000000E+00  0.00000000E+00  0.00000000E+00  0.00000000E+00  0.00000000E+00  0.00000000E+00  0.00000000E+00  0.00000000E+00  0.00000000E+00  0.00000000E+00  0.00000000E+00  0.00000000E+00  0.00000000E+00  0.00000000E+00  0.00000000E+00  0.00000000E+00  0.00000000E+00  0.00000000E+00  0.00000000E+00  0.00000000E+00  0.00000000E+00  0.00000000E+00  0.00000000E+00  0.00000000E+00  0.00000000E+00  0.00000000E+00  0.00000000E+00  0.00000000E+00  0.00000000E+00  0.00000000E+00  0.00000000E+00  0.00000000E+00  0.00000000E+00  0.00000000E+00  0.00000000E+00  0.00000000E+00  0.00000000E+00  0.00000000E+00  0.00000000E+00  0.00000000E+00  0.00000000E+00  0.00000000E+00  0.00000000E+00  0.00000000E+00  0.00000000E+00  0.00000000E+00  0.00000000E+00  0.00000000E+00  0.00000000E+00  0.00000000E+00  0.00000000E+00  0.00000000E+00  0.00000000E+00  0.00000000E+00  0.00000000E+00  0.00000000E+00  0.00000000E+00  0.00000000E+00  0.00000000E+00  0.00000000E+00  0.00000000E+00  0.00000000E+00  0.00000000E+00  0.00000000E+00
  2.66486261E-01  2.65389563E-01  2.65303839E-01  2.64308409E-01  2.63691372E-01  2.62147589E-01  2.60618274E-01  2.59355253E-01  2.56883025E-01  2.54976237E-01  2.52206557E-01  2.49376618E-01  2.46465883E-01  2.43408555E-01  2.40275102E-01  2.37101474E-01  2.33063850E-01  2.29012468E-01  2.25211177E-01  2.20515063E-01  2.16474181E-01  2.11888089E-01  2.07049003E-01  2.02092992E-01  1.97096952E-01  1.92202677E-01  1.86754740E-01  1.81624084E-01  1.76303043E-01  1.70952771E-01  1.65566475E-01  1.59811256E-01  1.54551604E-01  1.49007381E-01  1.43376581E-01  1.37813039E-01  1.32311457E-01  1.26878664E-01  1.21329151E-01  1.15808344E-01  1.10403110E-01  1.04948796E-01  9.99112780E-02  9.46664860E-02  8.95366875E-02  8.45815366E-02  7.96058412E-02  7.49554848E-02  7.02973161E-02  6.57752866E-02  6.15186034E-02  5.73440520E-02  5.32871922E-02  4.94067522E-02  4.57642654E-02  4.21031057E-02  3.88371946E-02  3.55178475E-02  3.24684175E-02  2.96360094E-02  2.68936759E-02  2.43109719E-02  2.18718934E-02  1.96917785E-02  1.75756263E-02  1.56924059E-02  1.39292694E-02  1.23403819E-02  1.08209870E-02  9.46259742E-03  8.22153712E-03  7.17214496E-03  6.14040010E-03  5.27717919E-03  4.45100866E-03  3.78923425E-03  3.16882774E-03  2.63357191E-03  2.18773779E-03  1.80109149E-03  1.46843920E-03  1.16697077E-03  9.34168142E-04  7.50248713E-04  5.84919714E-04  4.50160873E-04  3.45215797E-04  2.63796835E-04  1.93142625E-04  1.41873918E-04  1.00920788E-04  7.46365808E-05  5.30521796E-05  3.62357053E-05  2.45194076E-05  1.57113542E-05  9.82614321E-06  6.56224895E-06  4.52333045E-06  2.40975616E-06  1.42166528E-06  6.96073117E-07  3.78908250E-07  3.16346737E-07  1.76169778E-07  8.07444817E-08  0.00000000E+00  3.56777942E-08  0.00000000E+00  0.00000000E+00  0.00000000E+00  0.00000000E+00  0.00000000E+00  0.00000000E+00  0.00000000E+00  0.00000000E+00  0.00000000E+00  0.00000000E+00  0.00000000E+00  0.00000000E+00  0.00000000E+00  0.00000000E+00  0.00000000E+00  0.00000000E+00  0.00000000E+00  0.00000000E+00  0.00000000E+00  0.00000000E+00  0.00000000E+00  0.00000000E+00  0.00000000E+00  0.00000000E+00  0.00000000E+00  0.00000000E+00  0.00000000E+00  0.00000000E+00  0.00000000E+00  0.00000000E+00  0.00000000E+00  0.00000000E+00  0.00000000E+00  0.00000000E+00  0.00000000E+00  0.00000000E+00  0.00000000E+00  0.00000000E+00  0.00000000E+00  0.00000000E+00  0.00000000E+00  0.00000000E+00  0.00000000E+00  0.00000000E+00  0.00000000E+00  0.00000000E+00  0.00000000E+00  0.00000000E+00  0.00000000E+00  0.00000000E+00  0.00000000E+00  0.00000000E+00  0.00000000E+00  0.00000000E+00  0.00000000E+00  0.00000000E+00  0.00000000E+00  0.00000000E+00  0.00000000E+00  0.00000000E+00  0.00000000E+00  0.00000000E+00  0.00000000E+00  0.00000000E+00  0.00000000E+00  0.00000000E+00  0.00000000E+00  0.00000000E+00  0.00000000E+00  0.00000000E+00  0.00000000E+00  0.00000000E+00  0.00000000E+00  0.00000000E+00  0.00000000E+00  0.00000000E+00  0.00000000E+00  0.00000000E+00  0.00000000E+00  0.00000000E+00  0.00000000E+00  0.00000000E+00  0.00000000E+00  0.00000000E+00  0.00000000E+00  0.00000000E+00  0.00000000E+00  0.00000000E+00  0.00000000E+00  0.00000000E+00  0.00000000E+00  0.00000000E+00
  2.66898381E-01  2.69599122E-01  2.68902281E-01  2.67108236E-01  2.67223952E-01  2.65438132E-01  2.64654858E-01  2.62846876E-01  2.60902837E-01  2.58090960E-01  2.56334950E-01  2.53875753E-01  2.50591461E-01  2.47495114E-01  2.43714931E-01  2.40456944E-01  2.36864930E-01  2.32537135E-01  2.28354549E-01  2.23914373E-01  2.19420102E-01  2.15094996E-01  2.10414295E-01  2.05120790E-01  1.99993665E-01  1.95290962E-01  1.89745073E-01  1.84342100E-01  1.79124003E-01  1.73544673E-01  1.68200814E-01  1.62577514E-01  1.57059135E-01  1.51161549E-01  1.45767710E-01  1.40139468E-01  1.34267021E-01  1.28879690E-01  1.23159291E-01  1.17617309E-01  1.12201607E-01  1.06844453E-01  1.01545590E-01  9.62223078E-02  9.11819651E-02  8.59104239E-02  8.11370205E-02  7.61816509E-02  7.16096437E-02  6.69773575E-02  6.26127527E-02  5.83753393E-02  5.41633767E-02  5.03498560E-02  4.65896815E-02  4.29702534E-02  3.95647103E-02  3.61985916E-02  3.31523729E-02  3.01887359E-02  2.74515075E-02  2.48470634E-02  2.23883648E-02  2.01352476E-02  1.79789425E-02  1.59965068E-02  1.42452662E-02  1.26382321E-02  1.10889332E-02  9.70509343E-03  8.47246176E-03  7.31854599E-03  6.30353513E-03  5.38659785E-03  4.60749689E-03  3.88742435E-03  3.27976485E-03  2.72973859E-03  2.25190136E-03  1.86419203E-03  1.49860805E-03  1.22068517E-03  9.67466677E-04  7.65671393E-04  6.00668232E-04  4.71020809E-04  3.61760014E-04  2.71244245E-04  2.00986700E-04  1.45821376E-04  1.08693671E-04  7.65815079E-05  5.17275337E-05  3.74330553E-05  2.45023188E-05  1.68675645E-05  1.08101381E-05  6.18337099E-06  4.30077079E-06  2.63535381E-06  1.64582160E-06  1.09223816E-06  4.41140583E-07  1.93084630E-07  1.81578499E-07  1.20925385E-07  2.12285961E-08  0.00000000E+00  0.00000000E+00  1.43791543E-08  0.00000000E+00  0.00000000E+00  0.00000000E+00  0.00000000E+00  0.00000000E+00  0.00000000E+00  0.00000000E+00  0.00000000E+00  0.00000000E+00  0.00000000E+00  0.00000000E+00  0.00000000E+00  0.00000000E+00  0.00000000E+00  0.00000000E+00  0.00000000E+00  0.00000000E+00  0.00000000E+00  0.00000000E+00  0.00000000E+00  0.00000000E+00  0.00000000E+00  0.00000000E+00  0.00000000E+00  0.00000000E+00  0.00000000E+00  0.00000000E+00  0.00000000E+00  0.00000000E+00  0.00000000E+00  0.00000000E+00  0.00000000E+00  0.00000000E+00  0.00000000E+00  0.00000000E+00  0.00000000E+00  0.00000000E+00  0.00000000E+00  0.00000000E+00  0.00000000E+00  0.00000000E+00  0.00000000E+00  0.00000000E+00  0.00000000E+00  0.00000000E+00  0.00000000E+00  0.00000000E+00  0.00000000E+00  0.00000000E+00  0.00000000E+00  0.00000000E+00  0.00000000E+00  0.00000000E+00  0.00000000E+00  0.00000000E+00  0.00000000E+00  0.00000000E+00  0.00000000E+00  0.00000000E+00  0.00000000E+00  0.00000000E+00  0.00000000E+00  0.00000000E+00  0.00000000E+00  0.00000000E+00  0.00000000E+00  0.00000000E+00  0.00000000E+00  0.00000000E+00  0.00000000E+00  0.00000000E+00  0.00000000E+00  0.00000000E+00  0.00000000E+00  0.00000000E+00  0.00000000E+00  0.00000000E+00  0.00000000E+00  0.00000000E+00  0.00000000E+00  0.00000000E+00  0.00000000E+00  0.00000000E+00  0.00000000E+00  0.00000000E+00  0.00000000E+00  0.00000000E+00  0.00000000E+00  0.00000000E+00  0.00000000E+00
  2.72891802E-01  2.69886600E-01  2.68920223E-01  2.68385625E-01  2.67918785E-01  2.66577583E-01  2.64058517E-01  2.62577405E-01  2.61119593E-01  2.58247613E-01  2.55993074E-01  2.53378865E-01  2.50578258E-01  2.47301001E-01  2.43859129E-01  2.40308640E-01  2.36634730E-01  2.32825504E-01  2.28401640E-01  2.24062386E-01  2.19764847E-01  2.15555992E-01  2.10665747E-01  2.05455838E-01  2.00479673E-01  1.95356612E-01  1.89936294E-01  1.84885227E-01  1.79295455E-01  1.74015046E-01  1.68364425E-01  1.62702063E-01  1.57085364E-01  1.51223223E-01  1.45703480E-01  1.40212946E-01  1.34377482E-01  1.28725748E-01  1.23339759E-01  1.17755528E-01  1.12361776E-01  1.06726614E-01  1.01307602E-01  9.61744532E-02  9.09887880E-02  8.58920843E-02  8.10308337E-02  7.61801244E-02  7.13675809E-02  6.70575751E-02  6.25629877E-02  5.83398980E-02  5.42577025E-02  5.03004283E-02  4.65410029E-02  4.28502584E-02  3.93981930E-02  3.62075914E-02  3.30794172E-02  3.01075959E-02  2.73660372E-02  2.47756374E-02  2.23226930E-02  2.00640888E-02  1.79190989E-02  1.59984576E-02  1.42204109E-02  1.25384547E-02  1.10368064E-02  9.67422986E-03  8.42595123E-03  7.29990305E-03  6.28419711E-03  5.40022883E-03  4.56944781E-03  3.90064880E-03  3.23919576E-03  2.72435475E-03  2.24863764E-03  1.85325598E-03  1.49709246E-03  1.21607134E-03  9.63592410E-04  7.64980471E-04  5.98614742E-04  4.63560680E-04  3.53685100E-04  2.65978782E-04  1.95695428E-04  1.50975490E-04  1.04867007E-04  7.35727832E-05  5.08319246E-05  3.59762003E-05  2.49970390E-05  1.66401272E-05  1.17924596E-05  6.52332597E-06  4.19461434E-06  2.43328973E-06  1.73219007E-06  9.82855242E-07  5.47486973E-07  2.18439177E-07  1.81192162E-07  6.04626924E-08  0.00000000E+00  0.00000000E+00  0.00000000E+00  0.00000000E+00  0.00000000E+00  0.00000000E+00  0.00000000E+00  0.00000000E+00  0.00000000E+00  0.00000000E+00  0.00000000E+00  0.00000000E+00  0.00000000E+00  0.00000000E+00  0.00000000E+00  0.00000000E+00  0.00000000E+00  0.00000000E+00  0.00000000E+00  0.00000000E+00  0.00000000E+00  0.00000000E+00  0.00000000E+00  0.00000000E+00  0.00000000E+00  0.00000000E+00  0.00000000E+00  0.00000000E+00  0.00000000E+00  0.00000000E+00  0.00000000E+00  0.00000000E+00  0.00000000E+00  0.00000000E+00  0.00000000E+00  0.00000000E+00  0.00000000E+00  0.00000000E+00  0.00000000E+00  0.00000000E+00  0.00000000E+00  0.00000000E+00  0.00000000E+00  0.00000000E+00  0.00000000E+00  0.00000000E+00  0.00000000E+00  0.00000000E+00  0.00000000E+00  0.00000000E+00  0.00000000E+00  0.00000000E+00  0.00000000E+00  0.00000000E+00  0.00000000E+00  0.00000000E+00  0.00000000E+00  0.00000000E+00  0.00000000E+00  0.00000000E+00  0.00000000E+00  0.00000000E+00  0.00000000E+00  0.00000000E+00  0.00000000E+00  0.00000000E+00  0.00000000E+00  0.00000000E+00  0.00000000E+00  0.00000000E+00  0.00000000E+00  0.00000000E+00  0.00000000E+00  0.00000000E+00  0.00000000E+00  0.00000000E+00  0.00000000E+00  0.00000000E+00  0.00000000E+00  0.00000000E+00  0.00000000E+00  0.00000000E+00  0.00000000E+00  0.00000000E+00  0.00000000E+00  0.00000000E+00  0.00000000E+00  0.00000000E+00  0.00000000E+00  0.00000000E+00  0.00000000E+00  0.00000000E+00  0.00000000E+00  0.00000000E+00
  2.70531802E-01  2.70404279E-01  2.69428186E-01  2.68437025E-01  2.68158829E-01  2.65852454E-01  2.64600350E-01  2.62510731E-01  2.60445543E-01  2.58565839E-01  2.56264606E-01  2.53440151E-01  2.50437104E-01  2.47041952E-01  2.43641303E-01  2.40886609E-01  2.36691207E-01  2.32440491E-01  2.28712020E-01  2.24274141E-01  2.19527122E-01  2.15011938E-01  2.10208658E-01  2.05121907E-01  2.00570362E-01  1.95570767E-01  1.89896641E-01  1.84641000E-01  1.79172298E-01  1.73955591E-01  1.68323461E-01  1.62718349E-01  1.56820639E-01  1.51430386E-01  1.45872958E-01  1.40329060E-01  1.34240499E-01  1.28453183E-01  1.23055406E-01  1.17552450E-01  1.12232819E-01  1.06671883E-01  1.01575907E-01  9.61262376E-02  9.08983261E-02  8.59441228E-02  8.11138043E-02  7.61233738E-02  7.15540290E-02  6.69603897E-02  6.25951152E-02  5.82280598E-02  5.43256324E-02  5.03178480E-02  4.65456728E-02  4.28224292E-02  3.95179027E-02  3.62458811E-02  3.30597445E-02  3.01979252E-02  2.74008100E-02  2.47774906E-02  2.23856162E-02  2.01690274E-02  1.79762854E-02  1.60829848E-02  1.42790830E-02  1.26101307E-02  1.10554325E-02  9.71985573E-03  8.42205373E-03  7.34397204E-03  6.30401626E-03  5.38581402E-03  4.61203158E-03  3.89521807E-03  3.24983292E-03  2.72578680E-03  2.26157013E-03  1.84259923E-03  1.50010207E-03  1.20838030E-03  9.66303467E-04  7.60510999E-04  5.94666385E-04  4.58548383E-04  3.52185026E-04  2.66394039E-04  2.02367568E-04  1.46919772E-04  1.05777501E-04  7.54440256E-05  5.34943102E-05  3.95116860E-05  2.60364640E-05  1.69022297E-05  1.11933607E-05  7.78873692E-06  4.36757968E-06  2.92830615E-06  1.81735341E-06  1.08308977E-06  2.77288366E-07  2.79680161E-07  1.52603207E-07  2.60219183E-08  1.06142981E-08  0.00000000E+00  0.00000000E+00  0.00000000E+00  0.00000000E+00  0.00000000E+00  0.00000000E+00  0.00000000E+00  0.00000000E+00  0.00000000E+00  0.00000000E+00  0.00000000E+00  0.00000000E+00  0.00000000E+00  0.00000000E+00  0.00000000E+00  0.00000000E+00  0.00000000E+00  0.00000000E+00  0.00000000E+00  0.00000000E+00  0.00000000E+00  0.00000000E+00  0.00000000E+00  0.00000000E+00  0.00000000E+00  0.00000000E+00  0.00000000E+00  0.00000000E+00  0.00000000E+00  0.00000000E+00  0.00000000E+00  0.00000000E+00  0.00000000E+00  0.00000000E+00  0.00000000E+00  0.00000000E+00  0.00000000E+00  0.00000000E+00  0.00000000E+00  0.00000000E+00  0.00000000E+00  0.00000000E+00  0.00000000E+00  0.00000000E+00  0.00000000E+00  0.00000000E+00  0.00000000E+00  0.00000000E+00  0.00000000E+00  0.00000000E+00  0.00000000E+00  0.00000000E+00  0.00000000E+00  0.00000000E+00  0.00000000E+00  0.00000000E+00  0.00000000E+00  0.00000000E+00  0.00000000E+00  0.00000000E+00  0.00000000E+00  0.00000000E+00  0.00000000E+00  0.00000000E+00  0.00000000E+00  0.00000000E+00  0.00000000E+00  0.00000000E+00  0.00000000E+00  0.00000000E+00  0.00000000E+00  0.00000000E+00  0.00000000E+00  0.00000000E+00  0.00000000E+00  0.00000000E+00  0.00000000E+00  0.00000000E+00  0.00000000E+00  0.00000000E+00  0.00000000E+00  0.00000000E+00  0.00000000E+00  0.00000000E+00  0.00000000E+00  0.00000000E+00  0.00000000E+00  0.00000000E+00  0.00000000E+00  0.00000000E+00  0.00000000E+00  0.00000000E+00  0.00000000E+00
  2.69262579E-01  2.70243490E-01  2.70368569E-01  2.69429559E-01  2.68753485E-01  2.66591053E-01  2.65181604E-01  2.63698881E-01  2.61471321E-01  2.59326907E-01  2.56695251E-01  2.53977147E-01  2.51117201E-01  2.47830308E-01  2.44358893E-01  2.40812243E-01  2.36601468E-01  2.32896944E-01  2.28834025E-01  2.24505727E-01  2.19737530E-01  2.14985380E-01  2.10306949E-01  2.05178114E-01  2.00431259E-01  1.94963982E-01  1.89971086E-01  1.84367002E-01  1.79292876E-01  1.73423958E-01  1.68163842E-01  1.62545976E-01  1.57058664E-01  1.51099702E-01  1.45469786E-01  1.39958976E-01  1.34284999E-01  1.28727382E-01  1.22953904E-01  1.17591741E-01  1.12263055E-01  1.06532610E-01  1.01367516E-01  9.60181115E-02  9.10355191E-02  8.58077498E-02  8.10798890E-02  7.62828476E-02  7.15529852E-02  6.69267299E-02  6.25674926E-02  5.83440771E-02  5.42321257E-02  5.02298320E-02  4.66547452E-02  4.29259654E-02  3.94540160E-02  3.61883609E-02  3.30677355E-02  3.01537817E-02  2.73857308E-02  2.48251587E-02  2.23467523E-02  2.01415634E-02  1.79462040E-02  1.60472661E-02  1.42776527E-02  1.25255589E-02  1.10458834E-02  9.64149001E-03  8.42953262E-03  7.36173977E-03  6.31478813E-03  5.40483456E-03  4.58547803E-03  3.86872532E-03  3.26565567E-03  2.70414207E-03  2.24389892E-03  1.85472309E-03  1.49847114E-03  1.22700999E-03  9.68031888E-04  7.57956669E-04  5.97894731E-04  4.62007647E-04  3.58749132E-04  2.70850673E-04  2.04542651E-04  1.50946621E-04  1.07330383E-04  7.75301453E-05  5.59572351E-05  3.56204065E-05  2.47419889E-05  1.72852375E-05  1.12904214E-05  8.11875411E-06  4.13436338E-06  2.37364431E-06  1.62493248E-06  7.06414775E-07  4.48230342E-07  3.31949536E-07  1.02379367E-07  1.16715957E-07  2.23658423E-08  0.00000000E+00  0.00000000E+00  0.00000000E+00  0.00000000E+00  0.00000000E+00  0.00000000E+00  0.00000000E+00  0.00000000E+00  0.00000000E+00  0.00000000E+00  0.00000000E+00  0.00000000E+00  0.00000000E+00  0.00000000E+00  0.00000000E+00  0.00000000E+00  0.00000000E+00  0.00000000E+00  0.00000000E+00  0.00000000E+00  0.00000000E+00  0.00000000E+00  0.00000000E+00  0.00000000E+00  0.00000000E+00  0.00000000E+00  0.00000000E+00  0.00000000E+00  0.00000000E+00  0.00000000E+00  0.00000000E+00  0.00000000E+00  0.00000000E+00  0.00000000E+00  0.00000000E+00  0.00000000E+00  0.00000000E+00  0.00000000E+00  0.00000000E+00  0.00000000E+00  0.00000000E+00  0.00000000E+00  0.00000000E+00  0.00000000E+00  0.00000000E+00  0.00000000E+00  0.00000000E+00  0.00000000E+00  0.00000000E+00  0.00000000E+00  0.00000000E+00  0.00000000E+00  0.00000000E+00  0.00000000E+00  0.00000000E+00  0.00000000E+00  0.00000000E+00  0.00000000E+00  0.00000000E+00  0.00000000E+00  0.00000000E+00  0.00000000E+00  0.00000000E+00  0.00000000E+00  0.00000000E+00  0.00000000E+00  0.00000000E+00  0.00000000E+00  0.00000000E+00  0.00000000E+00  0.00000000E+00  0.00000000E+00  0.00000000E+00  0.00000000E+00  0.00000000E+00  0.00000000E+00  0.00000000E+00  0.00000000E+00  0.00000000E+00  0.00000000E+00  0.00000000E+00  0.00000000E+00  0.00000000E+00  0.00000000E+00  0.00000000E+00  0.00000000E+00  0.00000000E+00  0.00000000E+00  0.00000000E+00  0.00000000E+00  0.00000000E+00  0.00000000E+00  0.00000000E+00
  2.68327639E-01  2.69535415E-01  2.68850120E-01  2.67488104E-01  2.67193421E-01  2.65749570E-01  2.63919748E-01  2.62292770E-01  2.60356359E-01  2.58106025E-01  2.55431969E-01  2.52594106E-01  2.49631755E-01  2.46856886E-01  2.43529547E-01  2.39954421E-01  2.35947333E-01  2.32143241E-01  2.27802998E-01  2.23891274E-01  2.19637958E-01  2.14508828E-01  2.09873029E-01  2.05142215E-01  1.99956758E-01  1.95072075E-01  1.89621450E-01  1.84429378E-01  1.79082147E-01  1.73465061E-01  1.68186355E-01  1.62655044E-01  1.56737414E-01  1.51535107E-01  1.45767769E-01  1.40001416E-01  1.34398565E-01  1.28704893E-01  1.23443330E-01  1.17827985E-01  1.12364639E-01  1.06843193E-01  1.01571605E-01  9.62569908E-02  9.10769773E-02  8.61271129E-02  8.12392300E-02  7.65047572E-02  7.16838104E-02  6.71778371E-02  6.28036902E-02  5.84864790E-02  5.44614554E-02  5.04839817E-02  4.66423972E-02  4.30397373E-02  3.95789756E-02  3.62965220E-02  3.32014490E-02  3.02123344E-02  2.75474894E-02  2.49103159E-02  2.24380885E-02  2.02084835E-02  1.80344965E-02  1.60534052E-02  1.42802553E-02  1.25813593E-02  1.10728220E-02  9.71132527E-03  8.45424444E-03  7.32659842E-03  6.30680779E-03  5.39644593E-03  4.59422282E-03  3.87722969E-03  3.25945260E-03  2.68034797E-03  2.24404240E-03  1.83890326E-03  1.49342385E-03  1.21119546E-03  9.63066837E-04  7.56465555E-04  5.95388307E-04  4.56577935E-04  3.50717156E-04  2.68944181E-04  2.06224599E-04  1.49154905E-04  1.04976302E-04  7.70783292E-05  5.49127944E-05  3.63907175E-05  2.35120241E-05  1.81907594E-05  1.02114576E-05  7.20406406E-06  3.63514116E-06  2.34645898E-06  1.52410231E-06  7.31473408E-07  4.33656947E-07  1.49006725E-07  9.27209359E-08  5.74012902E-08  7.96072354E-09  0.00000000E+00  1.52558699E-08  0.00000000E+00  0.00000000E+00  0.00000000E+00  0.00000000E+00  0.00000000E+00  0.00000000E+00  0.00000000E+00  0.00000000E+00  0.00000000E+00  0.00000000E+00  0.00000000E+00  0.00000000E+00  0.00000000E+00  0.00000000E+00  0.00000000E+00  0.00000000E+00  0.00000000E+00  0.00000000E+00  0.00000000E+00  0.00000000E+00  0.00000000E+00  0.00000000E+00  0.00000000E+00  0.00000000E+00  0.00000000E+00  0.00000000E+00  0.00000000E+00  0.00000000E+00  0.00000000E+00  0.00000000E+00  0.00000000E+00  0.00000000E+00  0.00000000E+00  0.00000000E+00  0.00000000E+00  0.00000000E+00  0.00000000E+00  0.00000000E+00  0.00000000E+00  0.00000000E+00  0.00000000E+00  0.00000000E+00  0.00000000E+00  0.00000000E+00  0.00000000E+00  0.00000000E+00  0.00000000E+00  0.00000000E+00  0.00000000E+00  0.00000000E+00  0.00000000E+00  0.00000000E+00  0.00000000E+00  0.00000000E+00  0.00000000E+00  0.00000000E+00  0.00000000E+00  0.00000000E+00  0.00000000E+00  0.00000000E+00  0.00000000E+00  0.00000000E+00  0.00000000E+00  0.00000000E+00  0.00000000E+00  0.00000000E+00  0.00000000E+00  0.00000000E+00  0.00000000E+00  0.00000000E+00  0.00000000E+00  0.00000000E+00  0.00000000E+00  0.00000000E+00  0.00000000E+00  0.00000000E+00  0.00000000E+00  0.00000000E+00  0.00000000E+00  0.00000000E+00  0.00000000E+00  0.00000000E+00  0.00000000E+00  0.00000000E+00  0.00000000E+00  0.00000000E+00  0.00000000E+00  0.00000000E+00  0.00000000E+00  0.00000000E+00  0.00000000E+00
  2.70218271E-01  2.68874091E-01  2.69621699E-01  2.68638471E-01  2.67934458E-01  2.66459799E-01  2.64891502E-01  2.63039150E-01  2.61267270E-01  2.58607036E-01  2.56496908E-01  2.53308014E-01  2.49960811E-01  2.47395846E-01  2.43861822E-01  2.40467521E-01  2.36391682E-01  2.32712293E-01  2.28370161E-01  2.24595068E-01  2.19662652E-01  2.15259181E-01  2.10308232E-01  2.05093660E-01  2.00123929E-01  1.95067902E-01  1.89781720E-01  1.84613443E-01  1.79354459E-01  1.73780861E-01  1.68258620E-01  1.62581094E-01  1.56855697E-01  1.51225697E-01  1.45607823E-01  1.40035868E-01  1.34356833E-01  1.28666116E-01  1.23399541E-01  1.17576572E-01  1.12091537E-01  1.06859671E-01  1.01480415E-01  9.60608550E-02  9.10102933E-02  8.60469744E-02  8.10251165E-02  7.61966566E-02  7.15153499E-02  6.70151834E-02  6.26613488E-02  5.84077037E-02  5.44219190E-02  5.03430795E-02  4.65703946E-02  4.29423318E-02  3.94548234E-02  3.61777314E-02  3.30662199E-02  3.01839910E-02  2.74123131E-02  2.48120479E-02  2.23692464E-02  2.01131744E-02  1.80223617E-02  1.60553529E-02  1.42667892E-02  1.25629089E-02  1.10573644E-02  9.69258036E-03  8.41293762E-03  7.29326902E-03  6.28896939E-03  5.39499362E-03  4.57635607E-03  3.86167381E-03  3.25770841E-03  2.73498177E-03  2.24794694E-03  1.84129157E-03  1.51240683E-03  1.21714182E-03  9.69153013E-04  7.60761935E-04  6.08159791E-04  4.66353683E-04  3.62295355E-04  2.64436332E-04  2.02453330E-04  1.48151238E-04  1.06227618E-04  7.93210844E-05  5.19645296E-05  3.75984304E-05  2.52221836E-05  1.68937747E-05  1.13251457E-05  6.37508738E-06  4.56554711E-06  2.47021309E-06  2.14033133E-06  9.70524804E-07  5.25036068E-07  3.35070095E-07  1.01606692E-07  1.01791622E-07  4.28362744E-08  3.86822400E-08  0.00000000E+00  0.00000000E+00  0.00000000E+00  0.00000000E+00  0.00000000E+00  0.00000000E+00  0.00000000E+00  0.00000000E+00  0.00000000E+00  0.00000000E+00  0.00000000E+00  0.00000000E+00  0.00000000E+00  0.00000000E+00  0.00000000E+00  0.00000000E+00  0.00000000E+00  0.00000000E+00  0.00000000E+00  0.00000000E+00  0.00000000E+00  0.00000000E+00  0.00000000E+00  0.00000000E+00  0.00000000E+00  0.00000000E+00  0.00000000E+00  0.00000000E+00  0.00000000E+00  0.00000000E+00  0.00000000E+00  0.00000000E+00  0.00000000E+00  0.00000000E+00  0.00000000E+00  0.00000000E+00  0.00000000E+00  0.00000000E+00  0.00000000E+00  0.00000000E+00  0.00000000E+00  0.00000000E+00  0.00000000E+00  0.00000000E+00  0.00000000E+00  0.00000000E+00  0.00000000E+00  0.00000000E+00  0.00000000E+00  0.00000000E+00  0.00000000E+00  0.00000000E+00  0.00000000E+00  0.00000000E+00  0.00000000E+00  0.00000000E+00  0.00000000E+00  0.00000000E+00  0.00000000E+00  0.00000000E+00  0.00000000E+00  0.00000000E+00  0.00000000E+00  0.00000000E+00  0.00000000E+00  0.00000000E+00  0.00000000E+00  0.00000000E+00  0.00000000E+00  0.00000000E+00  0.00000000E+00  0.00000000E+00  0.00000000E+00  0.00000000E+00  0.00000000E+00  0.00000000E+00  0.00000000E+00  0.00000000E+00  0.00000000E+00  0.00000000E+00  0.00000000E+00  0.00000000E+00  0.00000000E+00  0.00000000E+00  0.00000000E+00  0.00000000E+00  0.00000000E+00  0.00000000E+00  0.00000000E+00  0.00000000E+00  0.00000000E+00  0.00000000E+00
  2.69077917E-01  2.70389369E-01  2.68476516E-01  2.68623660E-01  2.66310803E-01  2.65600524E-01  2.64722615E-01  2.62854111E-01  2.60079319E-01  2.58147511E-01  2.55678162E-01  2.52931724E-01  2.50465868E-01  2.47110427E-01  2.43908520E-01  2.40181433E-01  2.36601101E-01  2.32538603E-01  2.28090584E-01  2.23763464E-01  2.19637318E-01  2.14716253E-01  2.09733777E-01  2.05361314E-01  2.00111636E-01  1.95322883E-01  1.89822266E-01  1.84329513E-01  1.79138164E-01  1.73395521E-01  1.68021437E-01  1.62498155E-01  1.56882129E-01  1.51390022E-01  1.45575948E-01  1.39861844E-01  1.34413786E-01  1.28864590E-01  1.23200932E-01  1.17634775E-01  1.12177418E-01  1.06871943E-01  1.01360441E-01  9.62111948E-02  9.11700331E-02  8.59269615E-02  8.10781534E-02  7.63782986E-02  7.17040248E-02  6.71644253E-02  6.27184640E-02  5.84274414E-02  5.43498242E-02  5.04416512E-02  4.65620343E-02  4.30827407E-02  3.96754309E-02  3.62287387E-02  3.31084955E-02  3.02719170E-02  2.75245666E-02  2.48232438E-02  2.24678884E-02  2.01809210E-02  1.79892477E-02  1.61088335E-02  1.42978862E-02  1.25975638E-02  1.11044762E-02  9.70812280E-03  8.46160822E-03  7.34774105E-03  6.29472452E-03  5.39582249E-03  4.60245930E-03  3.88103805E-03  3.23464715E-03  2.72243512E-03  2.27150581E-03  1.84389419E-03  1.50351641E-03  1.21778332E-03  9.79684540E-04  7.67174110E-04  6.05760390E-04  4.63648035E-04  3.58425221E-04  2.74762859E-04  1.99031498E-04  1.39895002E-04  1.06221373E-04  7.54250528E-05  5.43388539E-05  3.92271373E-05  2.58237087E-05  1.59396371E-05  1.21991106E-05  6.51587263E-06  4.22289540E-06  2.38135358E-06  1.40198130E-06  9.61376414E-07  3.37945196E-07  2.20389527E-07  3.39590428E-07  2.67872688E-09  0.00000000E+00  0.00000000E+00  0.00000000E+00  0.00000000E+00  0.00000000E+00  0.00000000E+00  0.00000000E+00  0.00000000E+00  0.00000000E+00  0.00000000E+00  0.00000000E+00  0.00000000E+00  0.00000000E+00  0.00000000E+00  0.00000000E+00  0.00000000E+00  0.00000000E+00  0.00000000E+00  0.00000000E+00  0.00000000E+00  0.00000000E+00  0.00000000E+00  0.00000000E+00  0.00000000E+00  0.00000000E+00  0.00000000E+00  0.00000000E+00  0.00000000E+00  0.00000000E+00  0.00000000E+00  0.00000000E+00  0.00000000E+00  0.00000000E+00  0.00000000E+00  0.00000000E+00  0.00000000E+00  0.00000000E+00  0.00000000E+00  0.00000000E+00  0.00000000E+00  0.00000000E+00  0.00000000E+00  0.00000000E+00  0.00000000E+00  0.00000000E+00  0.00000000E+00  0.00000000E+00  0.00000000E+00  0.00000000E+00  0.00000000E+00  0.00000000E+00  0.00000000E+00  0.00000000E+00  0.00000000E+00  0.00000000E+00  0.00000000E+00  0.00000000E+00  0.00000000E+00  0.00000000E+00  0.00000000E+00  0.00000000E+00  0.00000000E+00  0.00000000E+00  0.00000000E+00  0.00000000E+00  0.00000000E+00  0.00000000E+00  0.00000000E+00  0.00000000E+00  0.00000000E+00  0.00000000E+00  0.00000000E+00  0.00000000E+00  0.00000000E+00  0.00000000E+00  0.00000000E+00  0.00000000E+00  0.00000000E+00  0.00000000E+00  0.00000000E+00  0.00000000E+00  0.00000000E+00  0.00000000E+00  0.00000000E+00  0.00000000E+00  0.00000000E+00  0.00000000E+00  0.00000000E+00  0.00000000E+00  0.00000000E+00  0.00000000E+00  0.00000000E+00  0.00000000E+00  0.00000000E+00
  2.70428207E-01  2.68969477E-01  2.67929763E-01  2.68300163E-01  2.67739658E-01  2.66034804E-01  2.63808209E-01  2.62932976E-01  2.60445819E-01  2.58493297E-01  2.56341936E-01  2.53332634E-01  2.50250949E-01  2.47146304E-01  2.44015089E-01  2.40708137E-01  2.36590487E-01  2.32840769E-01  2.28591427E-01  2.24231492E-01  2.19649479E-01  2.15567013E-01  2.10281705E-01  2.05367346E-01  2.00412160E-01  1.95339648E-01  1.90006889E-01  1.84450643E-01  1.79384200E-01  1.73775013E-01  1.68155328E-01  1.62739593E-01  1.56827586E-01  1.51547833E-01  1.45766695E-01  1.39946447E-01  1.34388004E-01  1.28696371E-01  1.23248153E-01  1.17775942E-01  1.12271988E-01  1.06809232E-01  1.01437460E-01  9.61441239E-02  9.10422454E-02  8.59675316E-02  8.09492071E-02  7.62013390E-02  7.15917575E-02  6.70300893E-02  6.26356209E-02  5.84112314E-02  5.42734569E-02  5.03174126E-02  4.65859894E-02  4.29706281E-02  3.94747831E-02  3.63177486E-02  3.31303324E-02  3.02105587E-02  2.74077894E-02  2.47232986E-02  2.23675553E-02  2.00560925E-02  1.79496936E-02  1.59892361E-02  1.42116747E-02  1.25641470E-02  1.10522917E-02  9.62932664E-03  8.40134420E-03  7.28348595E-03  6.27926891E-03  5.37454879E-03  4.56208760E-03  3.86214384E-03  3.25692577E-03  2.69788411E-03  2.25135467E-03  1.83409211E-03  1.49446952E-03  1.20443720E-03  9.58195742E-04  7.67916766E-04  5.92167606E-04  4.51074089E-04  3.53496073E-04  2.67532767E-04  1.97546620E-04  1.45660338E-04  1.07541389E-04  7.44203797E-05  5.19060444E-05  3.50422414E-05  2.44783945E-05  1.66908567E-05  9.78388833E-06  6.68150233E-06  3.48102986E-06  2.48279137E-06  1.39274188E-06  7.38235261E-07  3.54881844E-07  2.41843375E-07  8.34488424E-08  1.27048189E-07  2.00913499E-08  1.01400047E-08  1.37674923E-08  0.00000000E+00  0.00000000E+00  0.00000000E+00  0.00000000E+00  0.00000000E+00  0.00000000E+00  0.00000000E+00  0.00000000E+00  0.00000000E+00  0.00000000E+00  0.00000000E+00  0.00000000E+00  0.00000000E+00  0.00000000E+00  0.00000000E+00  0.00000000E+00  0.00000000E+00  0.00000000E+00  0.00000000E+00  0.00000000E+00  0.00000000E+00  0.00000000E+00  0.00000000E+00  0.00000000E+00  0.00000000E+00  0.00000000E+00  0.00000000E+00  0.00000000E+00  0.00000000E+00  0.00000000E+00  0.00000000E+00  0.00000000E+00  0.00000000E+00  0.00000000E+00  0.00000000E+00  0.00000000E+00  0.00000000E+00  0.00000000E+00  0.00000000E+00  0.00000000E+00  0.00000000E+00  0.00000000E+00  0.00000000E+00  0.00000000E+00  0.00000000E+00  0.00000000E+00  0.00000000E+00  0.00000000E+00  0.00000000E+00  0.00000000E+00  0.00000000E+00  0.00000000E+00  0.00000000E+00  0.00000000E+00  0.00000000E+00  0.00000000E+00  0.00000000E+00  0.00000000E+00  0.00000000E+00  0.00000000E+00  0.00000000E+00  0.00000000E+00  0.00000000E+00  0.00000000E+00  0.00000000E+00  0.00000000E+00  0.00000000E+00  0.00000000E+00  0.00000000E+00  0.00000000E+00  0.00000000E+00  0.00000000E+00  0.00000000E+00  0.00000000E+00  0.00000000E+00  0.00000000E+00  0.00000000E+00  0.00000000E+00  0.00000000E+00  0.00000000E+00  0.00000000E+00  0.00000000E+00  0.00000000E+00  0.00000000E+00  0.00000000E+00  0.00000000E+00  0.00000000E+00  0.00000000E+00  0.00000000E+00  0.00000000E+00  0.00000000E+00
  2.68257876E-01  2.69676825E-01  2.68144075E-01  2.66254594E-01  2.66160000E-01  2.64758733E-01  2.63265004E-01  2.61655636E-01  2.59576438E-01  2.57319174E-01  2.55420153E-01  2.52213154E-01  2.49477743E-01  2.46254768E-01  2.42945895E-01  2.39095256E-01  2.35714343E-01  2.31775821E-01  2.27775194E-01  2.23393457E-01  2.18937559E-01  2.14572042E-01  2.09583491E-01  2.04856881E-01  1.99787155E-01  1.94740174E-01  1.89255511E-01  1.84004669E-01  1.78491574E-01  1.73016953E-01  1.67450753E-01  1.62211637E-01  1.56514468E-01  1.50898627E-01  1.45234171E-01  1.39709465E-01  1.33999009E-01  1.28320356E-01  1.22821059E-01  1.17197306E-01  1.11831386E-01  1.06433209E-01  1.01042768E-01  9.57099534E-02  9.06876910E-02  8.56711683E-02  8.07585485E-02  7.58487176E-02  7.13649521E-02  6.68163424E-02  6.24145633E-02  5.81928317E-02  5.41032275E-02  5.01110048E-02  4.63829334E-02  4.28092744E-02  3.93306763E-02  3.60406806E-02  3.29192643E-02  3.00501431E-02  2.72434524E-02  2.46935393E-02  2.22634563E-02  1.99682673E-02  1.78910937E-02  1.59961111E-02  1.41296116E-02  1.25513774E-02  1.09965980E-02  9.64378513E-03  8.38836267E-03  7.27845777E-03  6.26166327E-03  5.36140831E-03  4.55788672E-03  3.86007497E-03  3.23891447E-03  2.68852140E-03  2.22616496E-03  1.83171345E-03  1.47625387E-03  1.20331817E-03  9.55737195E-04  7.60267315E-04  5.91559872E-04  4.70645890E-04  3.52701697E-04  2.71691800E-04  2.01185596E-04  1.45125801E-04  1.08919399E-04  7.49273491E-05  5.60218307E-05  3.57853498E-05  2.42468416E-05  1.53511747E-05  9.43329830E-06  6.80282609E-06  4.51472317E-06  2.13790288E-06  1.37667333E-06  1.20838293E-06  4.21052931E-07  1.52517354E-07  8.53805285E-08  9.87302193E-08  2.00913499E-08  3.26733483E-08  7.06979332E-09  1.21669767E-08  0.00000000E+00  0.00000000E+00  0.00000000E+00  0.00000000E+00  0.00000000E+00  0.00000000E+00  0.00000000E+00  0.00000000E+00  0.00000000E+00  0.00000000E+00  0.00000000E+00  0.00000000E+00  0.00000000E+00  0.00000000E+00  0.00000000E+00  0.00000000E+00  0.00000000E+00  0.00000000E+00  0.00000000E+00  0.00000000E+00  0.00000000E+00  0.00000000E+00  0.00000000E+00  0.00000000E+00  0.00000000E+00  0.00000000E+00  0.00000000E+00  0.00000000E+00  0.00000000E+00  0.00000000E+00  0.00000000E+00  0.00000000E+00  0.00000000E+00  0.00000000E+00  0.00000000E+00  0.00000000E+00  0.00000000E+00  0.00000000E+00  0.00000000E+00  0.00000000E+00  0.00000000E+00  0.00000000E+00  0.00000000E+00  0.00000000E+00  0.00000000E+00  0.00000000E+00  0.00000000E+00  0.00000000E+00  0.00000000E+00  0.00000000E+00  0.00000000E+00  0.00000000E+00  0.00000000E+00  0.00000000E+00  0.00000000E+00  0.00000000E+00  0.00000000E+00  0.00000000E+00  0.00000000E+00  0.00000000E+00  0.00000000E+00  0.00000000E+00  0.00000000E+00  0.00000000E+00  0.00000000E+00  0.00000000E+00  0.00000000E+00  0.00000000E+00  0.00000000E+00  0.00000000E+00  0.00000000E+00  0.00000000E+00  0.00000000E+00  0.00000000E+00  0.00000000E+00  0.00000000E+00  0.00000000E+00  0.00000000E+00  0.00000000E+00  0.00000000E+00  0.00000000E+00  0.00000000E+00  0.00000000E+00  0.00000000E+00  0.00000000E+00  0.00000000E+00  0.00000000E+00  0.00000000E+00  0.00000000E+00  0.00000000E+00
  2.69387814E-01  2.69782789E-01  2.70739073E-01  2.69325525E-01  2.67918022E-01  2.66584344E-01  2.65349689E-01  2.63085347E-01  2.61756059E-01  2.59136758E-01  2.56234019E-01  2.53661296E-01  2.50577760E-01  2.46989606E-01  2.43966319E-01  2.40284229E-01  2.36596927E-01  2.32646784E-01  2.28424694E-01  2.23978666E-01  2.19509212E-01  2.15023026E-01  2.10208906E-01  2.05441342E-01  2.00252260E-01  1.95397692E-01  1.89878900E-01  1.84894356E-01  1.79254205E-01  1.73831121E-01  1.68121218E-01  1.62909418E-01  1.57057111E-01  1.51410629E-01  1.45814426E-01  1.39896091E-01  1.34543897E-01  1.28979733E-01  1.23417170E-01  1.17753295E-01  1.12208099E-01  1.06776396E-01  1.01423249E-01  9.62324584E-02  9.10841473E-02  8.59475362E-02  8.10470468E-02  7.62879175E-02  7.13848427E-02  6.70052796E-02  6.24779573E-02  5.83007189E-02  5.42386737E-02  5.01893413E-02  4.65040471E-02  4.28743574E-02  3.94842294E-02  3.62199369E-02  3.30812163E-02  3.01351840E-02  2.73504581E-02  2.47539322E-02  2.22870208E-02  2.00003617E-02  1.79618190E-02  1.59812652E-02  1.41754198E-02  1.25051000E-02  1.10343729E-02  9.66340081E-03  8.41475752E-03  7.29283198E-03  6.30705671E-03  5.38506809E-03  4.57941352E-03  3.87046534E-03  3.25591884E-03  2.71618810E-03  2.23554212E-03  1.83615338E-03  1.48986006E-03  1.21563888E-03  9.62840752E-04  7.76060838E-04  6.13349416E-04  4.64106059E-04  3.56437880E-04  2.68988475E-04  2.05728728E-04  1.48876585E-04  1.06537213E-04  7.76175082E-05  5.36357222E-05  3.99076362E-05  2.53110453E-05  1.74006472E-05  1.08599236E-05  6.23554435E-06  4.03845369E-06  2.94453620E-06  1.74223292E-06  1.05484909E-06  5.61666492E-07  1.60708823E-07  1.31740996E-07  3.86502022E-08  1.75894082E-07  0.00000000E+00  0.00000000E+00  0.00000000E+00  0.00000000E+00  0.00000000E+00  0.00000000E+00  0.00000000E+00  0.00000000E+00  0.00000000E+00  0.00000000E+00  0.00000000E+00  0.00000000E+00  0.00000000E+00  0.00000000E+00  0.00000000E+00  0.00000000E+00  0.00000000E+00  0.00000000E+00  0.00000000E+00  0.00000000E+00  0.00000000E+00  0.00000000E+00  0.00000000E+00  0.00000000E+00  0.00000000E+00  0.00000000E+00  0.00000000E+00  0.00000000E+00  0.00000000E+00  0.00000000E+00  0.00000000E+00  0.00000000E+00  0.00000000E+00  0.00000000E+00  0.00000000E+00  0.00000000E+00  0.00000000E+00  0.00000000E+00  0.00000000E+00  0.00000000E+00  0.00000000E+00  0.00000000E+00  0.00000000E+00  0.00000000E+00  0.00000000E+00  0.00000000E+00  0.00000000E+00  0.00000000E+00  0.00000000E+00  0.00000000E+00  0.00000000E+00  0.00000000E+00  0.00000000E+00  0.00000000E+00  0.00000000E+00  0.00000000E+00  0.00000000E+00  0.00000000E+00  0.00000000E+00  0.00000000E+00  0.00000000E+00  0.00000000E+00  0.00000000E+00  0.00000000E+00  0.00000000E+00  0.00000000E+00  0.00000000E+00  0.00000000E+00  0.00000000E+00  0.00000000E+00  0.00000000E+00  0.00000000E+00  0.00000000E+00  0.00000000E+00  0.00000000E+00  0.00000000E+00  0.00000000E+00  0.00000000E+00  0.00000000E+00  0.00000000E+00  0.00000000E+00  0.00000000E+00  0.00000000E+00  0.00000000E+00  0.00000000E+00  0.00000000E+00  0.00000000E+00  0.00000000E+00  0.00000000E+00  0.00000000E+00  0.00000000E+00  0.00000000E+00  0.00000000E+00
  2.69689314E-01  2.66543832E-01  2.67163804E-01  2.66874031E-01  2.66015557E-01  2.64695209E-01  2.62971243E-01  2.61200410E-01  2.59141962E-01  2.57216867E-01  2.54804853E-01  2.51774627E-01  2.49400118E-01  2.46173004E-01  2.42719204E-01  2.38921778E-01  2.35632899E-01  2.31284143E-01  2.27437802E-01  2.22701730E-01  2.18589182E-01  2.13983018E-01  2.09341416E-01  2.04379523E-01  1.99656232E-01  1.94428594E-01  1.89252440E-01  1.83776200E-01  1.78474261E-01  1.73000978E-01  1.67539846E-01  1.61809430E-01  1.56127680E-01  1.50606705E-01  1.45118062E-01  1.39373676E-01  1.33689203E-01  1.28148065E-01  1.22687552E-01  1.17137137E-01  1.11700470E-01  1.06268502E-01  1.01112834E-01  9.58293727E-02  9.07809690E-02  8.55296649E-02  8.06821946E-02  7.60237802E-02  7.13100150E-02  6.67344944E-02  6.24270587E-02  5.81547187E-02  5.40227283E-02  5.00997157E-02  4.63743922E-02  4.26852487E-02  3.92619399E-02  3.60799351E-02  3.29794217E-02  3.00597124E-02  2.72724683E-02  2.46198563E-02  2.22791808E-02  2.00021692E-02  1.78726139E-02  1.59573168E-02  1.41721816E-02  1.25392059E-02  1.10106717E-02  9.63948302E-03  8.41286432E-03  7.28955026E-03  6.26670396E-03  5.36119190E-03  4.54697863E-03  3.85856168E-03  3.24984453E-03  2.69614055E-03  2.23847721E-03  1.83599748E-03  1.49820684E-03  1.20946020E-03  9.70272181E-04  7.58735587E-04  5.95807797E-04  4.66630859E-04  3.50442252E-04  2.61127654E-04  1.94133455E-04  1.47345146E-04  1.05937652E-04  7.37192705E-05  5.20474564E-05  3.53591743E-05  2.43818429E-05  1.56919079E-05  1.17263579E-05  6.49723929E-06  4.28027727E-06  2.65726437E-06  1.36301506E-06  6.88515752E-07  3.51730839E-07  2.35992326E-07  1.73465417E-07  3.06140215E-09  2.08495140E-08  7.88667029E-09  0.00000000E+00  0.00000000E+00  1.09607894E-09  0.00000000E+00  0.00000000E+00  0.00000000E+00  0.00000000E+00  0.00000000E+00  0.00000000E+00  0.00000000E+00  0.00000000E+00  0.00000000E+00  0.00000000E+00  0.00000000E+00  0.00000000E+00  0.00000000E+00  0.00000000E+00  0.00000000E+00  0.00000000E+00  0.00000000E+00  0.00000000E+00  0.00000000E+00  0.00000000E+00  0.00000000E+00  0.00000000E+00  0.00000000E+00  0.00000000E+00  0.00000000E+00  0.00000000E+00  0.00000000E+00  0.00000000E+00  0.00000000E+00  0.00000000E+00  0.00000000E+00  0.00000000E+00  0.00000000E+00  0.00000000E+00  0.00000000E+00  0.00000000E+00  0.00000000E+00  0.00000000E+00  0.00000000E+00  0.00000000E+00  0.00000000E+00  0.00000000E+00  0.00000000E+00  0.00000000E+00  0.00000000E+00  0.00000000E+00  0.00000000E+00  0.00000000E+00  0.00000000E+00  0.00000000E+00  0.00000000E+00  0.00000000E+00  0.00000000E+00  0.00000000E+00  0.00000000E+00  0.00000000E+00  0.00000000E+00  0.00000000E+00  0.00000000E+00  0.00000000E+00  0.00000000E+00  0.00000000E+00  0.00000000E+00  0.00000000E+00  0.00000000E+00  0.00000000E+00  0.00000000E+00  0.00000000E+00  0.00000000E+00  0.00000000E+00  0.00000000E+00  0.00000000E+00  0.00000000E+00  0.00000000E+00  0.00000000E+00  0.00000000E+00  0.00000000E+00  0.00000000E+00  0.00000000E+00  0.00000000E+00  0.00000000E+00  0.00000000E+00  0.00000000E+00  0.00000000E+00  0.00000000E+00  0.00000000E+00  0.00000000E+00  0.00000000E+00  0.00000000E+00
  2.69002744E-01  2.70197574E-01  2.69188020E-01  2.67790700E-01  2.67100081E-01  2.66124665E-01  2.64488115E-01  2.62300876E-01  2.60504401E-01  2.58265725E-01  2.56223288E-01  2.52999559E-01  2.50453253E-01  2.47353638E-01  2.43889342E-01  2.40109055E-01  2.36242581E-01  2.32566695E-01  2.28490206E-01  2.24438541E-01  2.19453394E-01  2.14837573E-01  2.10387872E-01  2.05384838E-01  2.00406760E-01  1.95297311E-01  1.90066064E-01  1.84651126E-01  1.79306300E-01  1.73572825E-01  1.68320477E-01  1.62666524E-01  1.56887837E-01  1.51399681E-01  1.45718956E-01  1.39886440E-01  1.34466435E-01  1.28809390E-01  1.23241497E-01  1.17780758E-01  1.12164707E-01  1.06744305E-01  1.01443356E-01  9.60808676E-02  9.10092454E-02  8.59633213E-02  8.11017082E-02  7.62647404E-02  7.16276072E-02  6.70416864E-02  6.27297050E-02  5.83666409E-02  5.42451878E-02  5.02539067E-02  4.65286809E-02  4.29000567E-02  3.95495446E-02  3.62022524E-02  3.31155127E-02  3.01916373E-02  2.74082105E-02  2.48391354E-02  2.24268470E-02  2.01780987E-02  1.80118324E-02  1.60682227E-02  1.42289164E-02  1.25640124E-02  1.10481955E-02  9.67655228E-03  8.42156583E-03  7.31073467E-03  6.27487140E-03  5.41134411E-03  4.58242437E-03  3.86710134E-03  3.27364938E-03  2.72181886E-03  2.24876056E-03  1.86221303E-03  1.50070440E-03  1.21657810E-03  9.70008415E-04  7.58653392E-04  5.99557876E-04  4.63421384E-04  3.54227908E-04  2.70388354E-04  2.02013569E-04  1.48551352E-04  1.08780215E-04  7.52212061E-05  5.46107664E-05  3.63587651E-05  2.50786379E-05  1.71250168E-05  1.14891448E-05  6.51297411E-06  4.86393281E-06  2.31237588E-06  1.49035834E-06  7.58123064E-07  2.82802623E-07  2.11807988E-07  1.24786926E-07  6.27587439E-08  1.25097084E-08  0.00000000E+00  0.00000000E+00  0.00000000E+00  0.00000000E+00  0.00000000E+00  0.00000000E+00  0.00000000E+00  0.00000000E+00  0.00000000E+00  0.00000000E+00  0.00000000E+00  0.00000000E+00  0.00000000E+00  0.00000000E+00  0.00000000E+00  0.00000000E+00  0.00000000E+00  0.00000000E+00  0.00000000E+00  0.00000000E+00  0.00000000E+00  0.00000000E+00  0.00000000E+00  0.00000000E+00  0.00000000E+00  0.00000000E+00  0.00000000E+00  0.00000000E+00  0.00000000E+00  0.00000000E+00  0.00000000E+00  0.00000000E+00  0.00000000E+00  0.00000000E+00  0.00000000E+00  0.00000000E+00  0.00000000E+00  0.00000000E+00  0.00000000E+00  0.00000000E+00  0.00000000E+00  0.00000000E+00  0.00000000E+00  0.00000000E+00  0.00000000E+00  0.00000000E+00  0.00000000E+00  0.00000000E+00  0.00000000E+00  0.00000000E+00  0.00000000E+00  0.00000000E+00  0.00000000E+00  0.00000000E+00  0.00000000E+00  0.00000000E+00  0.00000000E+00  0.00000000E+00  0.00000000E+00  0.00000000E+00  0.00000000E+00  0.00000000E+00  0.00000000E+00  0.00000000E+00  0.00000000E+00  0.00000000E+00  0.00000000E+00  0.00000000E+00  0.00000000E+00  0.00000000E+00  0.00000000E+00  0.00000000E+00  0.00000000E+00  0.00000000E+00  0.00000000E+00  0.00000000E+00  0.00000000E+00  0.00000000E+00  0.00000000E+00  0.00000000E+00  0.00000000E+00  0.00000000E+00  0.00000000E+00  0.00000000E+00  0.00000000E+00  0.00000000E+00  0.00000000E+00  0.00000000E+00  0.00000000E+00  0.00000000E+00  0.00000000E+00  0.00000000E+00  0.00000000E+00
  2.69993801E-01  2.70982195E-01  2.69172759E-01  2.68703735E-01  2.66263200E-01  2.65594937E-01  2.64390178E-01  2.62439628E-01  2.60307033E-01  2.57942403E-01  2.55886833E-01  2.52760373E-01  2.49898292E-01  2.46577776E-01  2.43439055E-01  2.40273448E-01  2.36000759E-01  2.32250606E-01  2.27495685E-01  2.23686510E-01  2.18775074E-01  2.14676407E-01  2.09640366E-01  2.04814707E-01  1.99800732E-01  1.94369935E-01  1.89098771E-01  1.84036629E-01  1.78913699E-01  1.73454101E-01  1.67717153E-01  1.62175558E-01  1.56544201E-01  1.50859899E-01  1.45186836E-01  1.39621506E-01  1.34021218E-01  1.28303172E-01  1.22841223E-01  1.17287595E-01  1.11908424E-01  1.06370177E-01  1.00955559E-01  9.61080961E-02  9.06808685E-02  8.56559298E-02  8.08608379E-02  7.58883623E-02  7.12162998E-02  6.68265586E-02  6.22694391E-02  5.81069525E-02  5.40611904E-02  5.01371004E-02  4.63549558E-02  4.27025949E-02  3.93830194E-02  3.60309105E-02  3.29918080E-02  2.99937943E-02  2.72444246E-02  2.47795066E-02  2.22770905E-02  2.00232308E-02  1.79585110E-02  1.59725350E-02  1.42090733E-02  1.25020204E-02  1.10192984E-02  9.64036191E-03  8.40474406E-03  7.26096614E-03  6.24246558E-03  5.33414909E-03  4.56114576E-03  3.86574954E-03  3.21504841E-03  2.69650572E-03  2.23792228E-03  1.83095069E-03  1.49259785E-03  1.20958206E-03  9.60994884E-04  7.68179790E-04  5.94068685E-04  4.70054236E-04  3.55373266E-04  2.66519078E-04  1.96158454E-04  1.46387039E-04  1.06419888E-04  7.55468314E-05  5.33590087E-05  3.57205815E-05  2.35303945E-05  1.66240628E-05  1.04624767E-05  7.16514108E-06  3.75154437E-06  2.70676601E-06  1.45540924E-06  8.44436131E-07  4.12387669E-07  2.93332610E-07  2.48801178E-07  6.39067699E-08  2.00913499E-08  0.00000000E+00  3.12559284E-08  6.63653275E-09  1.05954297E-08  0.00000000E+00  0.00000000E+00  0.00000000E+00  0.00000000E+00  0.00000000E+00  0.00000000E+00  0.00000000E+00  0.00000000E+00  0.00000000E+00  0.00000000E+00  0.00000000E+00  0.00000000E+00  0.00000000E+00  0.00000000E+00  0.00000000E+00  0.00000000E+00  0.00000000E+00  0.00000000E+00  0.00000000E+00  0.00000000E+00  0.00000000E+00  0.00000000E+00  0.00000000E+00  0.00000000E+00  0.00000000E+00  0.00000000E+00  0.00000000E+00  0.00000000E+00  0.00000000E+00  0.00000000E+00  0.00000000E+00  0.00000000E+00  0.00000000E+00  0.00000000E+00  0.00000000E+00  0.00000000E+00  0.00000000E+00  0.00000000E+00  0.00000000E+00  0.00000000E+00  0.00000000E+00  0.00000000E+00  0.00000000E+00  0.00000000E+00  0.00000000E+00  0.00000000E+00  0.00000000E+00  0.00000000E+00  0.00000000E+00  0.00000000E+00  0.00000000E+00  0.00000000E+00  0.00000000E+00  0.00000000E+00  0.00000000E+00  0.00000000E+00  0.00000000E+00  0.00000000E+00  0.00000000E+00  0.00000000E+00  0.00000000E+00  0.00000000E+00  0.00000000E+00  0.00000000E+00  0.00000000E+00  0.00000000E+00  0.00000000E+00  0.00000000E+00  0.00000000E+00  0.00000000E+00  0.00000000E+00  0.00000000E+00  0.00000000E+00  0.00000000E+00  0.00000000E+00  0.00000000E+00  0.00000000E+00  0.00000000E+00  0.00000000E+00  0.00000000E+00  0.00000000E+00  0.00000000E+00  0.00000000E+00  0.00000000E+00  0.00000000E+00  0.00000000E+00  0.00000000E+00  0.00000000E+00  0.00000000E+00
  2.69679948E-01  2.69429424E-01  2.69234270E-01  2.68277347E-01  2.66286060E-01  2.64833627E-01  2.63987841E-01  2.62525061E-01  2.60437796E-01  2.58882596E-01  2.55447564E-01  2.52433586E-01  2.49766191E-01  2.46966896E-01  2.43710064E-01  2.39881369E-01  2.36030842E-01  2.32233368E-01  2.28078606E-01  2.23362397E-01  2.19210521E-01  2.14562912E-01  2.09917662E-01  2.04539547E-01  2.00110623E-01  1.94648858E-01  1.89589492E-01  1.84317387E-01  1.78822074E-01  1.73363403E-01  1.67909591E-01  1.62294792E-01  1.56721515E-01  1.51027284E-01  1.45305246E-01  1.39602222E-01  1.34202126E-01  1.28432211E-01  1.22714787E-01  1.17436366E-01  1.11783794E-01  1.06504016E-01  1.01029594E-01  9.57994944E-02  9.08499320E-02  8.58378072E-02  8.09900022E-02  7.61507428E-02  7.14309145E-02  6.67486402E-02  6.25116622E-02  5.81767024E-02  5.41479376E-02  5.02838033E-02  4.63748404E-02  4.28892267E-02  3.94537709E-02  3.60800341E-02  3.30447799E-02  3.01323295E-02  2.72715114E-02  2.47184112E-02  2.23123061E-02  2.00577952E-02  1.79936780E-02  1.59856661E-02  1.42090442E-02  1.25744362E-02  1.10500927E-02  9.67288103E-03  8.40942209E-03  7.29348980E-03  6.26555794E-03  5.39192149E-03  4.59085106E-03  3.88591481E-03  3.25430131E-03  2.72776582E-03  2.25764399E-03  1.84761910E-03  1.50443118E-03  1.22095316E-03  9.65564533E-04  7.64591738E-04  5.96846486E-04  4.63868075E-04  3.57742393E-04  2.66187795E-04  1.97730006E-04  1.51980511E-04  1.08335897E-04  7.57303817E-05  5.25000620E-05  3.61856179E-05  2.51871516E-05  1.72446539E-05  1.13439721E-05  6.88812539E-06  4.85819462E-06  2.37364431E-06  1.22080836E-06  7.65680429E-07  5.53001230E-07  3.95530939E-07  7.49494232E-08  1.01408946E-07  2.65357451E-08  1.91533421E-08  0.00000000E+00  4.71931217E-08  0.00000000E+00  0.00000000E+00  0.00000000E+00  0.00000000E+00  0.00000000E+00  0.00000000E+00  0.00000000E+00  0.00000000E+00  0.00000000E+00  0.00000000E+00  0.00000000E+00  0.00000000E+00  0.00000000E+00  0.00000000E+00  0.00000000E+00  0.00000000E+00  0.00000000E+00  0.00000000E+00  0.00000000E+00  0.00000000E+00  0.00000000E+00  0.00000000E+00  0.00000000E+00  0.00000000E+00  0.00000000E+00  0.00000000E+00  0.00000000E+00  0.00000000E+00  0.00000000E+00  0.00000000E+00  0.00000000E+00  0.00000000E+00  0.00000000E+00  0.00000000E+00  0.00000000E+00  0.00000000E+00  0.00000000E+00  0.00000000E+00  0.00000000E+00  0.00000000E+00  0.00000000E+00  0.00000000E+00  0.00000000E+00  0.00000000E+00  0.00000000E+00  0.00000000E+00  0.00000000E+00  0.00000000E+00  0.00000000E+00  0.00000000E+00  0.00000000E+00  0.00000000E+00  0.00000000E+00  0.00000000E+00  0.00000000E+00  0.00000000E+00  0.00000000E+00  0.00000000E+00  0.00000000E+00  0.00000000E+00  0.00000000E+00  0.00000000E+00  0.00000000E+00  0.00000000E+00  0.00000000E+00  0.00000000E+00  0.00000000E+00  0.00000000E+00  0.00000000E+00  0.00000000E+00  0.00000000E+00  0.00000000E+00  0.00000000E+00  0.00000000E+00  0.00000000E+00  0.00000000E+00  0.00000000E+00  0.00000000E+00  0.00000000E+00  0.00000000E+00  0.00000000E+00  0.00000000E+00  0.00000000E+00  0.00000000E+00  0.00000000E+00  0.00000000E+00  0.00000000E+00  0.00000000E+00  0.00000000E+00  0.00000000E+00
  2.67557256E-01  2.65437740E-01  2.65664395E-01  2.64281614E-01  2.63731448E-01  2.61927699E-01  2.60670522E-01  2.58872202E-01  2.56799099E-01  2.54802909E-01  2.52281200E-01  2.49382923E-01  2.46677741E-01  2.43215663E-01  2.39525835E-01  2.36901150E-01  2.32852243E-01  2.29007921E-01  2.24793174E-01  2.20787361E-01  2.16408851E-01  2.11654034E-01  2.06877351E-01  2.02066273E-01  1.97233217E-01  1.92210044E-01  1.87034060E-01  1.81598842E-01  1.76359220E-01  1.70656154E-01  1.65438404E-01  1.59911576E-01  1.54262855E-01  1.49014654E-01  1.43159562E-01  1.37757745E-01  1.32191518E-01  1.26644820E-01  1.21059757E-01  1.15533912E-01  1.10331960E-01  1.04723962E-01  9.97239670E-02  9.45184767E-02  8.94627854E-02  8.44609318E-02  7.96480610E-02  7.47839622E-02  7.02192212E-02  6.56841041E-02  6.14749854E-02  5.71723712E-02  5.31616123E-02  4.94210258E-02  4.56143992E-02  4.20667903E-02  3.86989915E-02  3.54082281E-02  3.23797359E-02  2.95689562E-02  2.68392889E-02  2.42625587E-02  2.18494884E-02  1.96209326E-02  1.76259877E-02  1.56870471E-02  1.39063495E-02  1.22845629E-02  1.07933972E-02  9.45732927E-03  8.24018509E-03  7.09516384E-03  6.12292699E-03  5.27639371E-03  4.45962177E-03  3.77192873E-03  3.17482974E-03  2.62371483E-03  2.18681565E-03  1.77796809E-03  1.45372866E-03  1.17855834E-03  9.42174569E-04  7.40607242E-04  5.79762100E-04  4.54100354E-04  3.47129861E-04  2.63572135E-04  1.92460174E-04  1.41873467E-04  1.04818382E-04  7.51356081E-05  4.98477149E-05  3.59688599E-05  2.28036942E-05  1.63949345E-05  1.11561261E-05  6.35231329E-06  3.71834486E-06  2.52133773E-06  1.52932458E-06  6.32432147E-07  3.18251420E-07  2.27410786E-07  2.37597398E-07  2.06644645E-08  4.24571923E-08  0.00000000E+00  0.00000000E+00  0.00000000E+00  0.00000000E+00  0.00000000E+00  0.00000000E+00  0.00000000E+00  0.00000000E+00  0.00000000E+00  0.00000000E+00  0.00000000E+00  0.00000000E+00  0.00000000E+00  0.00000000E+00  0.00000000E+00  0.00000000E+00  0.00000000E+00  0.00000000E+00  0.00000000E+00  0.00000000E+00  0.00000000E+00  0.00000000E+00  0.00000000E+00  0.00000000E+00  0.00000000E+00  0.00000000E+00  0.00000000E+00  0.00000000E+00  0.00000000E+00  0.00000000E+00  0.00000000E+00  0.00000000E+00  0.00000000E+00  0.00000000E+00  0.00000000E+00  0.00000000E+00  0.00000000E+00  0.00000000E+00  0.00000000E+00  0.00000000E+00  0.00000000E+00  0.00000000E+00  0.00000000E+00  0.00000000E+00  0.00000000E+00  0.00000000E+00  0.00000000E+00  0.00000000E+00  0.00000000E+00  0.00000000E+00  0.00000000E+00  0.00000000E+00  0.00000000E+00  0.00000000E+00  0.00000000E+00  0.00000000E+00  0.00000000E+00  0.00000000E+00  0.00000000E+00  0.00000000E+00  0.00000000E+00  0.00000000E+00  0.00000000E+00  0.00000000E+00  0.00000000E+00  0.00000000E+00  0.00000000E+00  0.00000000E+00  0.00000000E+00  0.00000000E+00  0.00000000E+00  0.00000000E+00  0.00000000E+00  0.00000000E+00  0.00000000E+00  0.00000000E+00  0.00000000E+00  0.00000000E+00  0.00000000E+00  0.00000000E+00  0.00000000E+00  0.00000000E+00  0.00000000E+00  0.00000000E+00  0.00000000E+00  0.00000000E+00  0.00000000E+00  0.00000000E+00  0.00000000E+00  0.00000000E+00  0.00000000E+00  0.00000000E+00  0.00000000E+00
  2.68119722E-01  2.70527818E-01  2.70117244E-01  2.69178121E-01  2.68114348E-01  2.66258466E-01  2.65289044E-01  2.63403921E-01  2.61334530E-01  2.58801507E-01  2.56617398E-01  2.53268056E-01  2.50795083E-01  2.47571020E-01  2.44217184E-01  2.40417895E-01  2.36495167E-01  2.32687452E-01  2.28221674E-01  2.24208720E-01  2.19675199E-01  2.15585646E-01  2.10864621E-01  2.05691429E-01  2.00417658E-01  1.95325967E-01  1.90176928E-01  1.84575314E-01  1.79317331E-01  1.73837578E-01  1.68168764E-01  1.62697527E-01  1.57188757E-01  1.51200429E-01  1.45667116E-01  1.39879730E-01  1.34353038E-01  1.28752275E-01  1.23121981E-01  1.17814936E-01  1.12307278E-01  1.06751777E-01  1.01532919E-01  9.60896938E-02  9.10192786E-02  8.58805742E-02  8.09293752E-02  7.61426335E-02  7.15274358E-02  6.69892759E-02  6.25496129E-02  5.82341141E-02  5.42697541E-02  5.03259240E-02  4.64025950E-02  4.28792428E-02  3.94675639E-02  3.61984209E-02  3.30343659E-02  3.00926663E-02  2.73705001E-02  2.47029280E-02  2.23090097E-02  2.00377801E-02  1.79981678E-02  1.59845431E-02  1.41757622E-02  1.25301081E-02  1.10531816E-02  9.67171342E-03  8.41423240E-03  7.29405105E-03  6.30027751E-03  5.38263368E-03  4.60094303E-03  3.86809166E-03  3.25205260E-03  2.70226098E-03  2.24249077E-03  1.84824017E-03  1.49369467E-03  1.22070151E-03  9.67571400E-04  7.63186203E-04  5.96351986E-04  4.62611578E-04  3.51989465E-04  2.66991549E-04  2.00856232E-04  1.45122643E-04  1.03141930E-04  7.36177884E-05  5.32725902E-05  3.59058188E-05  2.45505946E-05  1.53283464E-05  1.03382222E-05  6.88232835E-06  4.07780126E-06  2.81469582E-06  1.31882653E-06  7.96705403E-07  5.28974824E-07  4.13084087E-07  1.86987221E-07  1.55748834E-07  3.94245357E-08  0.00000000E+00  7.44188771E-10  0.00000000E+00  0.00000000E+00  0.00000000E+00  0.00000000E+00  0.00000000E+00  0.00000000E+00  0.00000000E+00  0.00000000E+00  0.00000000E+00  0.00000000E+00  0.00000000E+00  0.00000000E+00  0.00000000E+00  0.00000000E+00  0.00000000E+00  0.00000000E+00  0.00000000E+00  0.00000000E+00  0.00000000E+00  0.00000000E+00  0.00000000E+00  0.00000000E+00  0.00000000E+00  0.00000000E+00  0.00000000E+00  0.00000000E+00  0.00000000E+00  0.00000000E+00  0.00000000E+00  0.00000000E+00  0.00000000E+00  0.00000000E+00  0.00000000E+00  0.00000000E+00  0.00000000E+00  0.00000000E+00  0.00000000E+00  0.00000000E+00  0.00000000E+00  0.00000000E+00  0.00000000E+00  0.00000000E+00  0.00000000E+00  0.00000000E+00  0.00000000E+00  0.00000000E+00  0.00000000E+00  0.00000000E+00  0.00000000E+00  0.00000000E+00  0.00000000E+00  0.00000000E+00  0.00000000E+00  0.00000000E+00  0.00000000E+00  0.00000000E+00  0.00000000E+00  0.00000000E+00  0.00000000E+00  0.00000000E+00  0.00000000E+00  0.00000000E+00  0.00000000E+00  0.00000000E+00  0.00000000E+00  0.00000000E+00  0.00000000E+00  0.00000000E+00  0.00000000E+00  0.00000000E+00  0.00000000E+00  0.00000000E+00  0.00000000E+00  0.00000000E+00  0.00000000E+00  0.00000000E+00  0.00000000E+00  0.00000000E+00  0.00000000E+00  0.00000000E+00  0.00000000E+00  0.00000000E+00  0.00000000E+00  0.00000000E+00  0.00000000E+00  0.00000000E+00  0.00000000E+00  0.00000000E+00  0.00000000E+00  0.00000000E+00  0.00000000E+00
  2.69962634E-01  2.68918742E-01  2.68687356E-01  2.67548651E-01  2.66588995E-01  2.65624358E-01  2.63920785E-01  2.62891463E-01  2.59971958E-01  2.57857749E-01  2.55285948E-01  2.52558793E-01  2.50172963E-01  2.46421742E-01  2.43351586E-01  2.39964608E-01  2.35841956E-01  2.31835978E-01  2.27964437E-01  2.24005006E-01  2.19252543E-01  2.15087693E-01  2.10215931E-01  2.05414767E-01  2.00065593E-01  1.95091979E-01  1.89589685E-01  1.84347858E-01  1.78969618E-01  1.73526154E-01  1.68239324E-01  1.62446657E-01  1.56921823E-01  1.51264532E-01  1.45563554E-01  1.40027824E-01  1.34433676E-01  1.28962727E-01  1.23217145E-01  1.17743623E-01  1.12187254E-01  1.06830420E-01  1.01522486E-01  9.62248740E-02  9.10983139E-02  8.60045285E-02  8.12430632E-02  7.64175107E-02  7.17014401E-02  6.71609655E-02  6.26872782E-02  5.84641120E-02  5.44409801E-02  5.04322199E-02  4.66320805E-02  4.30732718E-02  3.96680360E-02  3.63632008E-02  3.32241762E-02  3.03060285E-02  2.75099485E-02  2.48791026E-02  2.23966046E-02  2.01959293E-02  1.80400122E-02  1.60533694E-02  1.43518811E-02  1.26087496E-02  1.11223702E-02  9.71577261E-03  8.48564831E-03  7.31150259E-03  6.33636306E-03  5.42543045E-03  4.61779533E-03  3.90284869E-03  3.27292215E-03  2.71644180E-03  2.24025564E-03  1.84498601E-03  1.49988492E-03  1.22739835E-03  9.81705599E-04  7.76437485E-04  6.02303188E-04  4.64289269E-04  3.57648113E-04  2.67321447E-04  1.98934787E-04  1.42508146E-04  1.06971717E-04  7.61023358E-05  5.35973140E-05  3.66057482E-05  2.44378087E-05  1.65623419E-05  1.00441115E-05  6.57632747E-06  4.23806061E-06  2.53310452E-06  1.61890677E-06  7.61305112E-07  5.92388782E-07  1.58368404E-07  1.71147394E-07  4.63037075E-08  4.73852592E-08  0.00000000E+00  0.00000000E+00  0.00000000E+00  0.00000000E+00  0.00000000E+00  0.00000000E+00  0.00000000E+00  0.00000000E+00  0.00000000E+00  0.00000000E+00  0.00000000E+00  0.00000000E+00  0.00000000E+00  0.00000000E+00  0.00000000E+00  0.00000000E+00  0.00000000E+00  0.00000000E+00  0.00000000E+00  0.00000000E+00  0.00000000E+00  0.00000000E+00  0.00000000E+00  0.00000000E+00  0.00000000E+00  0.00000000E+00  0.00000000E+00  0.00000000E+00  0.00000000E+00  0.00000000E+00  0.00000000E+00  0.00000000E+00  0.00000000E+00  0.00000000E+00  0.00000000E+00  0.00000000E+00  0.00000000E+00  0.00000000E+00  0.00000000E+00  0.00000000E+00  0.00000000E+00  0.00000000E+00  0.00000000E+00  0.00000000E+00  0.00000000E+00  0.00000000E+00  0.00000000E+00  0.00000000E+00  0.00000000E+00  0.00000000E+00  0.00000000E+00  0.00000000E+00  0.00000000E+00  0.00000000E+00  0.00000000E+00  0.00000000E+00  0.00000000E+00  0.00000000E+00  0.00000000E+00  0.00000000E+00  0.00000000E+00  0.00000000E+00  0.00000000E+00  0.00000000E+00  0.00000000E+00  0.00000000E+00  0.00000000E+00  0.00000000E+00  0.00000000E+00  0.00000000E+00  0.00000000E+00  0.00000000E+00  0.00000000E+00  0.00000000E+00  0.00000000E+00  0.00000000E+00  0.00000000E+00  0.00000000E+00  0.00000000E+00  0.00000000E+00  0.00000000E+00  0.00000000E+00  0.00000000E+00  0.00000000E+00  0.00000000E+00  0.00000000E+00  0.00000000E+00  0.00000000E+00  0.00000000E+00  0.00000000E+00  0.00000000E+00  0.00000000E+00  0.00000000E+00
  2.67589957E-01  2.67183759E-01  2.66332960E-01  2.66252587E-01  2.65186984E-01  2.63473567E-01  2.62463726E-01  2.59810087E-01  2.58310374E-01  2.56255132E-01  2.53295043E-01  2.50642344E-01  2.47974352E-01  2.44547779E-01  2.41388473E-01  2.38180090E-01  2.34402987E-01  2.30338941E-01  2.26128332E-01  2.21740228E-01  2.17264988E-01  2.12845612E-01  2.08138373E-01  2.03171756E-01  1.98011671E-01  1.93077208E-01  1.88014433E-01  1.82834658E-01  1.77410771E-01  1.71892916E-01  1.66276354E-01  1.60886713E-01  1.55066361E-01  1.49724349E-01  1.44162844E-01  1.38484146E-01  1.32977098E-01  1.27419629E-01  1.21751820E-01  1.16259311E-01  1.10932096E-01  1.05804299E-01  1.00317578E-01  9.51160444E-02  9.00563735E-02  8.49921977E-02  8.01109179E-02  7.53082217E-02  7.06850902E-02  6.62432140E-02  6.19514945E-02  5.76502303E-02  5.36185030E-02  4.96210880E-02  4.58945093E-02  4.24445210E-02  3.89733641E-02  3.57528132E-02  3.27127310E-02  2.97838417E-02  2.70435564E-02  2.44814262E-02  2.20772479E-02  1.98267687E-02  1.77635888E-02  1.58303279E-02  1.40239171E-02  1.23654193E-02  1.08531387E-02  9.58026536E-03  8.32908476E-03  7.20913383E-03  6.22049751E-03  5.31733721E-03  4.53554326E-03  3.81903805E-03  3.20914140E-03  2.70415978E-03  2.20733041E-03  1.82363900E-03  1.47452312E-03  1.19378933E-03  9.47283493E-04  7.60570952E-04  5.98615220E-04  4.61760219E-04  3.51119012E-04  2.66805144E-04  1.99214427E-04  1.45114524E-04  1.05325154E-04  7.34554169E-05  5.29967496E-05  3.52214337E-05  2.39259997E-05  1.48561391E-05  9.94454056E-06  6.84920241E-06  4.42701089E-06  2.96563526E-06  1.39475045E-06  1.08786284E-06  4.06085661E-07  2.42623515E-07  1.40240415E-07  2.56392430E-08  1.15620032E-07  0.00000000E+00  3.72094385E-10  0.00000000E+00  0.00000000E+00  0.00000000E+00  0.00000000E+00  0.00000000E+00  0.00000000E+00  0.00000000E+00  0.00000000E+00  0.00000000E+00  0.00000000E+00  0.00000000E+00  0.00000000E+00  0.00000000E+00  0.00000000E+00  0.00000000E+00  0.00000000E+00  0.00000000E+00  0.00000000E+00  0.00000000E+00  0.00000000E+00  0.00000000E+00  0.00000000E+00  0.00000000E+00  0.00000000E+00  0.00000000E+00  0.00000000E+00  0.00000000E+00  0.00000000E+00  0.00000000E+00  0.00000000E+00  0.00000000E+00  0.00000000E+00  0.00000000E+00  0.00000000E+00  0.00000000E+00  0.00000000E+00  0.00000000E+00  0.00000000E+00  0.00000000E+00  0.00000000E+00  0.00000000E+00  0.00000000E+00  0.00000000E+00  0.00000000E+00  0.00000000E+00  0.00000000E+00  0.00000000E+00  0.00000000E+00  0.00000000E+00  0.00000000E+00  0.00000000E+00  0.00000000E+00  0.00000000E+00  0.00000000E+00  0.00000000E+00  0.00000000E+00  0.00000000E+00  0.00000000E+00  0.00000000E+00  0.00000000E+00  0.00000000E+00  0.00000000E+00  0.00000000E+00  0.00000000E+00  0.00000000E+00  0.00000000E+00  0.00000000E+00  0.00000000E+00  0.00000000E+00  0.00000000E+00  0.00000000E+00  0.00000000E+00  0.00000000E+00  0.00000000E+00  0.00000000E+00  0.00000000E+00  0.00000000E+00  0.00000000E+00  0.00000000E+00  0.00000000E+00  0.00000000E+00  0.00000000E+00  0.00000000E+00  0.00000000E+00  0.00000000E+00  0.00000000E+00  0.00000000E+00  0.00000000E+00  0.00000000E+00  0.00000000E+00  0.00000000E+00
  2.70621590E-01  2.70757187E-01  2.69804488E-01  2.68078346E-01  2.67671411E-01  2.65759509E-01  2.64688274E-01  2.63348681E-01  2.61248861E-01  2.58802858E-01  2.55847910E-01  2.52788184E-01  2.50469346E-01  2.46869410E-01  2.43995615E-01  2.40272466E-01  2.36273895E-01  2.32519088E-01  2.28549021E-01  2.24292290E-01  2.19669071E-01  2.15062012E-01  2.10077615E-01  2.05249480E-01  2.00449683E-01  1.95322381E-01  1.90172115E-01  1.84541627E-01  1.79004187E-01  1.73706374E-01  1.68320198E-01  1.62649575E-01  1.56799761E-01  1.51304299E-01  1.45752847E-01  1.40185071E-01  1.34415512E-01  1.28897277E-01  1.23114794E-01  1.17764207E-01  1.12319775E-01  1.06852477E-01  1.01447151E-01  9.61597141E-02  9.11497780E-02  8.60712377E-02  8.11273746E-02  7.61634477E-02  7.15526830E-02  6.70488074E-02  6.24852923E-02  5.83192627E-02  5.41418487E-02  5.02896040E-02  4.65886147E-02  4.29189189E-02  3.95157355E-02  3.61760919E-02  3.31425311E-02  3.01593117E-02  2.74740292E-02  2.48092901E-02  2.23565250E-02  2.00849234E-02  1.79714176E-02  1.60109613E-02  1.42306679E-02  1.25286912E-02  1.10693624E-02  9.71444526E-03  8.41713404E-03  7.30410572E-03  6.28754104E-03  5.39314199E-03  4.59380880E-03  3.88361439E-03  3.26641773E-03  2.70840850E-03  2.25428101E-03  1.84302072E-03  1.51379052E-03  1.20241066E-03  9.86960841E-04  7.70342969E-04  6.02721244E-04  4.63640008E-04  3.56814998E-04  2.65832058E-04  2.04445027E-04  1.46768207E-04  1.04220159E-04  7.56046321E-05  5.25122827E-05  3.59766321E-05  2.41396095E-05  1.81396071E-05  1.09251886E-05  7.63594351E-06  4.49586913E-06  2.81713033E-06  1.59400051E-06  1.03257475E-06  7.72783770E-07  2.95282959E-07  7.45630859E-08  2.79352946E-08  6.33067062E-08  8.26222603E-09  0.00000000E+00  0.00000000E+00  0.00000000E+00  0.00000000E+00  0.00000000E+00  0.00000000E+00  0.00000000E+00  0.00000000E+00  0.00000000E+00  0.00000000E+00  0.00000000E+00  0.00000000E+00  0.00000000E+00  0.00000000E+00  0.00000000E+00  0.00000000E+00  0.00000000E+00  0.00000000E+00  0.00000000E+00  0.00000000E+00  0.00000000E+00  0.00000000E+00  0.00000000E+00  0.00000000E+00  0.00000000E+00  0.00000000E+00  0.00000000E+00  0.00000000E+00  0.00000000E+00  0.00000000E+00  0.00000000E+00  0.00000000E+00  0.00000000E+00  0.00000000E+00  0.00000000E+00  0.00000000E+00  0.00000000E+00  0.00000000E+00  0.00000000E+00  0.00000000E+00  0.00000000E+00  0.00000000E+00  0.00000000E+00  0.00000000E+00  0.00000000E+00  0.00000000E+00  0.00000000E+00  0.00000000E+00  0.00000000E+00  0.00000000E+00  0.00000000E+00  0.00000000E+00  0.00000000E+00  0.00000000E+00  0.00000000E+00  0.00000000E+00  0.00000000E+00  0.00000000E+00  0.00000000E+00  0.00000000E+00  0.00000000E+00  0.00000000E+00  0.00000000E+00  0.00000000E+00  0.00000000E+00  0.00000000E+00  0.00000000E+00  0.00000000E+00  0.00000000E+00  0.00000000E+00  0.00000000E+00  0.00000000E+00  0.00000000E+00  0.00000000E+00  0.00000000E+00  0.00000000E+00  0.00000000E+00  0.00000000E+00  0.00000000E+00  0.00000000E+00  0.00000000E+00  0.00000000E+00  0.00000000E+00  0.00000000E+00  0.00000000E+00  0.00000000E+00  0.00000000E+00  0.00000000E+00  0.00000000E+00  0.00000000E+00  0.00000000E+00  0.00000000E+00
  2.70489250E-01  2.68819777E-01  2.69958839E-01  2.68930685E-01  2.67750702E-01  2.66648418E-01  2.64157236E-01  2.63086057E-01  2.60821703E-01  2.58341344E-01  2.55859980E-01  2.53386880E-01  2.50792240E-01  2.47668003E-01  2.44334096E-01  2.40380497E-01  2.36697209E-01  2.32498470E-01  2.28549075E-01  2.24323162E-01  2.19722791E-01  2.14838465E-01  2.10098616E-01  2.05287380E-01  2.00236240E-01  1.95171772E-01  1.89874520E-01  1.84481891E-01  1.79044008E-01  1.73835542E-01  1.68195943E-01  1.62518337E-01  1.56899448E-01  1.51242925E-01  1.45686764E-01  1.40079868E-01  1.34461488E-01  1.28832450E-01  1.23243119E-01  1.17653784E-01  1.12141546E-01  1.06810381E-01  1.01246320E-01  9.61038102E-02  9.09901525E-02  8.59485194E-02  8.10392233E-02  7.62166566E-02  7.14904848E-02  6.69720259E-02  6.27071478E-02  5.84555390E-02  5.42509537E-02  5.03467885E-02  4.65530005E-02  4.29228106E-02  3.94629229E-02  3.62237263E-02  3.31022851E-02  3.02411513E-02  2.73945219E-02  2.48754139E-02  2.23944762E-02  2.01437944E-02  1.79788429E-02  1.60257536E-02  1.42848572E-02  1.26065964E-02  1.10633731E-02  9.68800522E-03  8.47199849E-03  7.34363325E-03  6.31593749E-03  5.39657556E-03  4.60899906E-03  3.89041618E-03  3.24041537E-03  2.70785788E-03  2.24008438E-03  1.83295610E-03  1.50111163E-03  1.20339544E-03  9.55090261E-04  7.63701614E-04  5.94692663E-04  4.53596527E-04  3.54928005E-04  2.67121663E-04  2.02295035E-04  1.47223353E-04  1.08642369E-04  7.54237291E-05  5.40163124E-05  3.64438275E-05  2.45258159E-05  1.61548148E-05  1.13565231E-05  6.53616227E-06  4.11468960E-06  2.59356144E-06  1.71009581E-06  9.60580902E-07  4.80528134E-07  2.81630511E-07  9.15619242E-08  4.51556816E-08  4.81434234E-08  1.12666719E-09  0.00000000E+00  0.00000000E+00  0.00000000E+00  0.00000000E+00  0.00000000E+00  0.00000000E+00  0.00000000E+00  0.00000000E+00  0.00000000E+00  0.00000000E+00  0.00000000E+00  0.00000000E+00  0.00000000E+00  0.00000000E+00  0.00000000E+00  0.00000000E+00  0.00000000E+00  0.00000000E+00  0.00000000E+00  0.00000000E+00  0.00000000E+00  0.00000000E+00  0.00000000E+00  0.00000000E+00  0.00000000E+00  0.00000000E+00  0.00000000E+00  0.00000000E+00  0.00000000E+00  0.00000000E+00  0.00000000E+00  0.00000000E+00  0.00000000E+00  0.00000000E+00  0.00000000E+00  0.00000000E+00  0.00000000E+00  0.00000000E+00  0.00000000E+00  0.00000000E+00  0.00000000E+00  0.00000000E+00  0.00000000E+00  0.00000000E+00  0.00000000E+00  0.00000000E+00  0.00000000E+00  0.00000000E+00  0.00000000E+00  0.00000000E+00  0.00000000E+00  0.00000000E+00  0.00000000E+00  0.00000000E+00  0.00000000E+00  0.00000000E+00  0.00000000E+00  0.00000000E+00  0.00000000E+00  0.00000000E+00  0.00000000E+00  0.00000000E+00  0.00000000E+00  0.00000000E+00  0.00000000E+00  0.00000000E+00  0.00000000E+00  0.00000000E+00  0.00000000E+00  0.00000000E+00  0.00000000E+00  0.00000000E+00  0.00000000E+00  0.00000000E+00  0.00000000E+00  0.00000000E+00  0.00000000E+00  0.00000000E+00  0.00000000E+00  0.00000000E+00  0.00000000E+00  0.00000000E+00  0.00000000E+00  0.00000000E+00  0.00000000E+00  0.00000000E+00  0.00000000E+00  0.00000000E+00  0.00000000E+00  0.00000000E+00  0.00000000E+00  0.00000000E+00
  2.70752880E-01  2.69310380E-01  2.70194371E-01  2.68567219E-01  2.67788024E-01  2.65939819E-01  2.64867136E-01  2.62400063E-01  2.61269379E-01  2.58467654E-01  2.55886425E-01  2.53588411E-01  2.50556134E-01  2.47169822E-01  2.43773587E-01  2.39819899E-01  2.36365876E-01  2.32399870E-01  2.28320167E-01  2.23929122E-01  2.19731663E-01  2.14638840E-01  2.10135247E-01  2.05433866E-01  1.99955156E-01  1.95203109E-01  1.89893537E-01  1.84176441E-01  1.78954224E-01  1.73588232E-01  1.67966545E-01  1.62402670E-01  1.56956615E-01  1.51136317E-01  1.45565486E-01  1.40084870E-01  1.34311965E-01  1.28781108E-01  1.23325280E-01  1.17735049E-01  1.12187198E-01  1.06748413E-01  1.01285655E-01  9.62111205E-02  9.09349505E-02  8.60448724E-02  8.11738200E-02  7.62935704E-02  7.15645724E-02  6.71385080E-02  6.26252928E-02  5.83612592E-02  5.43675188E-02  5.03867766E-02  4.66190917E-02  4.29967929E-02  3.95249904E-02  3.62536797E-02  3.32435686E-02  3.02251693E-02  2.74584562E-02  2.48290325E-02  2.24263748E-02  2.01664423E-02  1.80663186E-02  1.60317219E-02  1.42750403E-02  1.25837416E-02  1.11269721E-02  9.67386216E-03  8.44105273E-03  7.30964716E-03  6.30723267E-03  5.42035069E-03  4.60290529E-03  3.88305025E-03  3.27290421E-03  2.70818971E-03  2.26132584E-03  1.84153482E-03  1.50649543E-03  1.22088876E-03  9.68747333E-04  7.69909269E-04  5.94867529E-04  4.66101062E-04  3.52415591E-04  2.70615822E-04  1.96327242E-04  1.46409593E-04  1.08322068E-04  7.23854423E-05  5.32132321E-05  3.60573766E-05  2.50948722E-05  1.67339768E-05  1.05398742E-05  7.22228332E-06  4.59628740E-06  2.60005346E-06  1.21357751E-06  7.31075652E-07  4.19477429E-07  2.00495959E-07  3.24523275E-08  1.98991140E-08  1.85750217E-08  0.00000000E+00  0.00000000E+00  0.00000000E+00  0.00000000E+00  0.00000000E+00  0.00000000E+00  0.00000000E+00  0.00000000E+00  0.00000000E+00  0.00000000E+00  0.00000000E+00  0.00000000E+00  0.00000000E+00  0.00000000E+00  0.00000000E+00  0.00000000E+00  0.00000000E+00  0.00000000E+00  0.00000000E+00  0.00000000E+00  0.00000000E+00  0.00000000E+00  0.00000000E+00  0.00000000E+00  0.00000000E+00  0.00000000E+00  0.00000000E+00  0.00000000E+00  0.00000000E+00  0.00000000E+00  0.00000000E+00  0.00000000E+00  0.00000000E+00  0.00000000E+00  0.00000000E+00  0.00000000E+00  0.00000000E+00  0.00000000E+00  0.00000000E+00  0.00000000E+00  0.00000000E+00  0.00000000E+00  0.00000000E+00  0.00000000E+00  0.00000000E+00  0.00000000E+00  0.00000000E+00  0.00000000E+00  0.00000000E+00  0.00000000E+00  0.00000000E+00  0.00000000E+00  0.00000000E+00  0.00000000E+00  0.00000000E+00  0.00000000E+00  0.00000000E+00  0.00000000E+00  0.00000000E+00  0.00000000E+00  0.00000000E+00  0.00000000E+00  0.00000000E+00  0.00000000E+00  0.00000000E+00  0.00000000E+00  0.00000000E+00  0.00000000E+00  0.00000000E+00  0.00000000E+00  0.00000000E+00  0.00000000E+00  0.00000000E+00  0.00000000E+00  0.00000000E+00  0.00000000E+00  0.00000000E+00  0.00000000E+00  0.00000000E+00  0.00000000E+00  0.00000000E+00  0.00000000E+00  0.00000000E+00  0.00000000E+00  0.00000000E+00  0.00000000E+00  0.00000000E+00  0.00000000E+00  0.00000000E+00  0.00000000E+00  0.00000000E+00  0.00000000E+00  0.00000000E+00
  2.70029167E-01  2.68663805E-01  2.69937361E-01  2.69098137E-01  2.67349420E-01  2.66349524E-01  2.65295969E-01  2.63290728E-01  2.60762765E-01  2.58572422E-01  2.56365805E-01  2.53786397E-01  2.50883769E-01  2.47402258E-01  2.43789731E-01  2.40070238E-01  2.36300928E-01  2.32346680E-01  2.28467045E-01  2.24541582E-01  2.19645290E-01  2.14876908E-01  2.10280826E-01  2.05138102E-01  2.00118779E-01  1.95059246E-01  1.89917416E-01  1.84567238E-01  1.79269135E-01  1.73442453E-01  1.68148829E-01  1.62337490E-01  1.56954510E-01  1.51410899E-01  1.45573503E-01  1.40120317E-01  1.34313682E-01  1.28622802E-01  1.23069037E-01  1.17746504E-01  1.12227221E-01  1.06621421E-01  1.01335949E-01  9.61081008E-02  9.10479529E-02  8.59950273E-02  8.11319952E-02  7.63035385E-02  7.16106584E-02  6.70142716E-02  6.25864204E-02  5.83563440E-02  5.42840574E-02  5.04941321E-02  4.65120956E-02  4.30047786E-02  3.96520715E-02  3.62109651E-02  3.31220026E-02  3.01898202E-02  2.74223107E-02  2.48590419E-02  2.23801540E-02  2.01395226E-02  1.80928980E-02  1.60325331E-02  1.42085500E-02  1.25871149E-02  1.10605388E-02  9.69780377E-03  8.45037614E-03  7.30021700E-03  6.29284623E-03  5.38232004E-03  4.58374554E-03  3.90260271E-03  3.27446052E-03  2.71996069E-03  2.24543769E-03  1.86046102E-03  1.49247247E-03  1.20636070E-03  9.66577509E-04  7.61108121E-04  6.07456502E-04  4.59850683E-04  3.51313639E-04  2.66875738E-04  2.02255803E-04  1.48034407E-04  1.07799682E-04  7.72177568E-05  5.11195496E-05  3.81567331E-05  2.52110759E-05  1.72683277E-05  1.12071667E-05  7.37714710E-06  4.14829898E-06  2.98186530E-06  1.31962996E-06  7.50565699E-07  6.17990691E-07  3.50282824E-07  6.76090157E-08  4.17116043E-08  0.00000000E+00  7.51111457E-10  0.00000000E+00  0.00000000E+00  0.00000000E+00  0.00000000E+00  0.00000000E+00  0.00000000E+00  0.00000000E+00  0.00000000E+00  0.00000000E+00  0.00000000E+00  0.00000000E+00  0.00000000E+00  0.00000000E+00  0.00000000E+00  0.00000000E+00  0.00000000E+00  0.00000000E+00  0.00000000E+00  0.00000000E+00  0.00000000E+00  0.00000000E+00  0.00000000E+00  0.00000000E+00  0.00000000E+00  0.00000000E+00  0.00000000E+00  0.00000000E+00  0.00000000E+00  0.00000000E+00  0.00000000E+00  0.00000000E+00  0.00000000E+00  0.00000000E+00  0.00000000E+00  0.00000000E+00  0.00000000E+00  0.00000000E+00  0.00000000E+00  0.00000000E+00  0.00000000E+00  0.00000000E+00  0.00000000E+00  0.00000000E+00  0.00000000E+00  0.00000000E+00  0.00000000E+00  0.00000000E+00  0.00000000E+00  0.00000000E+00  0.00000000E+00  0.00000000E+00  0.00000000E+00  0.00000000E+00  0.00000000E+00  0.00000000E+00  0.00000000E+00  0.00000000E+00  0.00000000E+00  0.00000000E+00  0.00000000E+00  0.00000000E+00  0.00000000E+00  0.00000000E+00  0.00000000E+00  0.00000000E+00  0.00000000E+00  0.00000000E+00  0.00000000E+00  0.00000000E+00  0.00000000E+00  0.00000000E+00  0.00000000E+00  0.00000000E+00  0.00000000E+00  0.00000000E+00  0.00000000E+00  0.00000000E+00  0.00000000E+00  0.00000000E+00  0.00000000E+00  0.00000000E+00  0.00000000E+00  0.00000000E+00  0.00000000E+00  0.00000000E+00  0.00000000E+00  0.00000000E+00  0.00000000E+00  0.00000000E+00  0.00000000E+00  0.00000000E+00  0.00000000E+00
  2.70910009E-01  2.69502767E-01  2.69947034E-01  2.67659698E-01  2.67149039E-01  2.65867296E-01  2.64390724E-01  2.62774001E-01  2.60587540E-01  2.58621468E-01  2.56148115E-01  2.52847479E-01  2.50493499E-01  2.47486893E-01  2.43988379E-01  2.40380721E-01  2.36363023E-01  2.32640055E-01  2.28272842E-01  2.24025823E-01  2.20223165E-01  2.15047649E-01  2.10107823E-01  2.05518895E-01  2.00542058E-01  1.95377873E-01  1.89846939E-01  1.84766943E-01  1.79128012E-01  1.73839951E-01  1.68136750E-01  1.62521733E-01  1.56932509E-01  1.51367979E-01  1.45755401E-01  1.39912921E-01  1.34222991E-01  1.28742639E-01  1.23015588E-01  1.17617797E-01  1.12112211E-01  1.06723594E-01  1.01413642E-01  9.61198765E-02  9.10357931E-02  8.59360679E-02  8.10209594E-02  7.62357727E-02  7.14740870E-02  6.69525232E-02  6.26661272E-02  5.83997508E-02  5.42765282E-02  5.03558832E-02  4.66274914E-02  4.29992283E-02  3.94755190E-02  3.62266471E-02  3.31150096E-02  3.01932095E-02  2.74475731E-02  2.48134718E-02  2.24227929E-02  2.01452027E-02  1.80284939E-02  1.60224326E-02  1.42352976E-02  1.26186232E-02  1.10827842E-02  9.72616367E-03  8.41133476E-03  7.32950579E-03  6.30363036E-03  5.42915458E-03  4.61485981E-03  3.90053223E-03  3.25694319E-03  2.73045070E-03  2.23628836E-03  1.83314958E-03  1.51402172E-03  1.22022943E-03  9.74707255E-04  7.74138926E-04  5.95900963E-04  4.68867150E-04  3.53832587E-04  2.67494010E-04  2.02018587E-04  1.48148983E-04  1.03447956E-04  7.43864052E-05  5.40726153E-05  3.47028556E-05  2.39682945E-05  1.64055031E-05  1.05043132E-05  6.94319727E-06  4.80245224E-06  2.80130604E-06  1.28909971E-06  9.38306563E-07  4.63591487E-07  2.20389527E-07  3.51566882E-08  9.75821934E-08  1.47842009E-08  0.00000000E+00  8.18607648E-09  0.00000000E+00  0.00000000E+00  0.00000000E+00  0.00000000E+00  0.00000000E+00  0.00000000E+00  0.00000000E+00  0.00000000E+00  0.00000000E+00  0.00000000E+00  0.00000000E+00  0.00000000E+00  0.00000000E+00  0.00000000E+00  0.00000000E+00  0.00000000E+00  0.00000000E+00  0.00000000E+00  0.00000000E+00  0.00000000E+00  0.00000000E+00  0.00000000E+00  0.00000000E+00  0.00000000E+00  0.00000000E+00  0.00000000E+00  0.00000000E+00  0.00000000E+00  0.00000000E+00  0.00000000E+00  0.00000000E+00  0.00000000E+00  0.00000000E+00  0.00000000E+00  0.00000000E+00  0.00000000E+00  0.00000000E+00  0.00000000E+00  0.00000000E+00  0.00000000E+00  0.00000000E+00  0.00000000E+00  0.00000000E+00  0.00000000E+00  0.00000000E+00  0.00000000E+00  0.00000000E+00  0.00000000E+00  0.00000000E+00  0.00000000E+00  0.00000000E+00  0.00000000E+00  0.00000000E+00  0.00000000E+00  0.00000000E+00  0.00000000E+00  0.00000000E+00  0.00000000E+00  0.00000000E+00  0.00000000E+00  0.00000000E+00  0.00000000E+00  0.00000000E+00  0.00000000E+00  0.00000000E+00  0.00000000E+00  0.00000000E+00  0.00000000E+00  0.00000000E+00  0.00000000E+00  0.00000000E+00  0.00000000E+00  0.00000000E+00  0.00000000E+00  0.00000000E+00  0.00000000E+00  0.00000000E+00  0.00000000E+00  0.00000000E+00  0.00000000E+00  0.00000000E+00  0.00000000E+00  0.00000000E+00  0.00000000E+00  0.00000000E+00  0.00000000E+00  0.00000000E+00  0.00000000E+00  0.00000000E+00  0.00000000E+00  0.00000000E+00
  2.66198892E-01  2.68636514E-01  2.67995731E-01  2.67317387E-01  2.65148531E-01  2.64803399E-01  2.63358301E-01  2.60954005E-01  2.58976592E-01  2.56847083E-01  2.54839777E-01  2.51967427E-01  2.48919220E-01  2.45519473E-01  2.42161504E-01  2.38754652E-01  2.35049315E-01  2.31041881E-01  2.27138821E-01  2.22425441E-01  2.18255002E-01  2.13666171E-01  2.09019310E-01  2.04094359E-01  1.98969136E-01  1.93856624E-01  1.88501048E-01  1.83284384E-01  1.77831009E-01  1.72559509E-01  1.67029458E-01  1.61271739E-01  1.55866613E-01  1.50278393E-01  1.44538311E-01  1.39089311E-01  1.33292726E-01  1.27783763E-01  1.22089540E-01  1.16703857E-01  1.11195307E-01  1.05767470E-01  1.00621912E-01  9.53499156E-02  9.01335942E-02  8.52367612E-02  8.02669206E-02  7.55212461E-02  7.08493062E-02  6.62292590E-02  6.18784512E-02  5.78072862E-02  5.36015243E-02  4.97672265E-02  4.60956645E-02  4.25165022E-02  3.90348528E-02  3.58126596E-02  3.27063970E-02  2.97926863E-02  2.70620115E-02  2.45374451E-02  2.20825641E-02  1.98423397E-02  1.77175056E-02  1.58486643E-02  1.40686835E-02  1.24408484E-02  1.08795828E-02  9.57401086E-03  8.29063493E-03  7.21093675E-03  6.20862640E-03  5.29361591E-03  4.53561262E-03  3.80638898E-03  3.18981761E-03  2.67210526E-03  2.21446215E-03  1.82260050E-03  1.47240822E-03  1.18000332E-03  9.55616323E-04  7.48261045E-04  5.89218760E-04  4.47044420E-04  3.48174872E-04  2.63636731E-04  1.95818597E-04  1.44665693E-04  1.04889312E-04  7.29722737E-05  5.33044516E-05  3.57188543E-05  2.35252679E-05  1.55574747E-05  1.00905500E-05  6.11173615E-06  4.10813167E-06  2.76681719E-06  1.51446117E-06  7.66873697E-07  3.20220798E-07  4.24396116E-07  1.61488963E-07  1.87128206E-07  5.53459828E-08  7.84911472E-08  0.00000000E+00  7.00522900E-09  0.00000000E+00  0.00000000E+00  0.00000000E+00  0.00000000E+00  0.00000000E+00  0.00000000E+00  0.00000000E+00  0.00000000E+00  0.00000000E+00  0.00000000E+00  0.00000000E+00  0.00000000E+00  0.00000000E+00  0.00000000E+00  0.00000000E+00  0.00000000E+00  0.00000000E+00  0.00000000E+00  0.00000000E+00  0.00000000E+00  0.00000000E+00  0.00000000E+00  0.00000000E+00  0.00000000E+00  0.00000000E+00  0.00000000E+00  0.00000000E+00  0.00000000E+00  0.00000000E+00  0.00000000E+00  0.00000000E+00  0.00000000E+00  0.00000000E+00  0.00000000E+00  0.00000000E+00  0.00000000E+00  0.00000000E+00  0.00000000E+00  0.00000000E+00  0.00000000E+00  0.00000000E+00  0.00000000E+00  0.00000000E+00  0.00000000E+00  0.00000000E+00  0.00000000E+00  0.00000000E+00  0.00000000E+00  0.00000000E+00  0.00000000E+00  0.00000000E+00  0.00000000E+00  0.00000000E+00  0.00000000E+00  0.00000000E+00  0.00000000E+00  0.00000000E+00  0.00000000E+00  0.00000000E+00  0.00000000E+00  0.00000000E+00  0.00000000E+00  0.00000000E+00  0.00000000E+00  0.00000000E+00  0.00000000E+00  0.00000000E+00  0.00000000E+00  0.00000000E+00  0.00000000E+00  0.00000000E+00  0.00000000E+00  0.00000000E+00  0.00000000E+00  0.00000000E+00  0.00000000E+00  0.00000000E+00  0.00000000E+00  0.00000000E+00  0.00000000E+00  0.00000000E+00  0.00000000E+00  0.00000000E+00  0.00000000E+00  0.00000000E+00  0.00000000E+00  0.00000000E+00  0.00000000E+00  0.00000000E+00  0.00000000E+00
  2.70240072E-01  2.70096132E-01  2.70012566E-01  2.68355496E-01  2.67395677E-01  2.66691183E-01  2.64816235E-01  2.63085330E-01  2.61443322E-01  2.59080241E-01  2.56054366E-01  2.53084583E-01  2.50863522E-01  2.47580180E-01  2.43902392E-01  2.40404960E-01  2.36638202E-01  2.32457690E-01  2.28315178E-01  2.24087272E-01  2.19825902E-01  2.15161946E-01  2.10364273E-01  2.05470769E-01  2.00411071E-01  1.95061463E-01  1.90078427E-01  1.84556892E-01  1.79167092E-01  1.73823838E-01  1.68194254E-01  1.62938347E-01  1.56836784E-01  1.51297633E-01  1.45793564E-01  1.40046966E-01  1.34235709E-01  1.28761858E-01  1.23279529E-01  1.17699684E-01  1.12145902E-01  1.06702401E-01  1.01401842E-01  9.60879518E-02  9.10435310E-02  8.59056645E-02  8.10202041E-02  7.62884589E-02  7.14442207E-02  6.70081228E-02  6.26058622E-02  5.83953632E-02  5.42899972E-02  5.02344095E-02  4.65839849E-02  4.28613160E-02  3.94444717E-02  3.62525808E-02  3.30880196E-02  3.02111809E-02  2.74375454E-02  2.47951198E-02  2.23551594E-02  2.01143239E-02  1.80172679E-02  1.60204232E-02  1.42277046E-02  1.25546419E-02  1.10586917E-02  9.66316264E-03  8.39457999E-03  7.31364542E-03  6.27075789E-03  5.36286336E-03  4.59367982E-03  3.87459881E-03  3.24425733E-03  2.72764809E-03  2.24000672E-03  1.84884651E-03  1.48836654E-03  1.20749162E-03  9.78009459E-04  7.71403284E-04  5.94072985E-04  4.71805116E-04  3.53150226E-04  2.65002466E-04  1.98223141E-04  1.45617936E-04  1.04138522E-04  7.41560849E-05  5.08716422E-05  3.65569561E-05  2.65645072E-05  1.87707669E-05  1.08603420E-05  6.05666427E-06  5.04140672E-06  2.64712059E-06  1.55222227E-06  7.05619263E-07  4.74226127E-07  2.92552470E-07  1.88146232E-07  5.74012903E-09  2.80520734E-08  0.00000000E+00  0.00000000E+00  0.00000000E+00  3.03248505E-08  0.00000000E+00  0.00000000E+00  0.00000000E+00  0.00000000E+00  0.00000000E+00  0.00000000E+00  0.00000000E+00  0.00000000E+00  0.00000000E+00  0.00000000E+00  0.00000000E+00  0.00000000E+00  0.00000000E+00  0.00000000E+00  0.00000000E+00  0.00000000E+00  0.00000000E+00  0.00000000E+00  0.00000000E+00  0.00000000E+00  0.00000000E+00  0.00000000E+00  0.00000000E+00  0.00000000E+00  0.00000000E+00  0.00000000E+00  0.00000000E+00  0.00000000E+00  0.00000000E+00  0.00000000E+00  0.00000000E+00  0.00000000E+00  0.00000000E+00  0.00000000E+00  0.00000000E+00  0.00000000E+00  0.00000000E+00  0.00000000E+00  0.00000000E+00  0.00000000E+00  0.00000000E+00  0.00000000E+00  0.00000000E+00  0.00000000E+00  0.00000000E+00  0.00000000E+00  0.00000000E+00  0.00000000E+00  0.00000000E+00  0.00000000E+00  0.00000000E+00  0.00000000E+00  0.00000000E+00  0.00000000E+00  0.00000000E+00  0.00000000E+00  0.00000000E+00  0.00000000E+00  0.00000000E+00  0.00000000E+00  0.00000000E+00  0.00000000E+00  0.00000000E+00  0.00000000E+00  0.00000000E+00  0.00000000E+00  0.00000000E+00  0.00000000E+00  0.00000000E+00  0.00000000E+00  0.00000000E+00  0.00000000E+00  0.00000000E+00  0.00000000E+00  0.00000000E+00  0.00000000E+00  0.00000000E+00  0.00000000E+00  0.00000000E+00  0.00000000E+00  0.00000000E+00  0.00000000E+00  0.00000000E+00  0.00000000E+00  0.00000000E+00  0.00000000E+00  0.00000000E+00  0.00000000E+00  0.00000000E+00
  2.62559738E-01  2.62871277E-01  2.61802774E-01  2.61810810E-01  2.60108461E-01  2.58443259E-01  2.56850395E-01  2.55263440E-01  2.52909395E-01  2.50801960E-01  2.48537643E-01  2.46098961E-01  2.43453878E-01  2.40061227E-01  2.36591864E-01  2.33040027E-01  2.29475398E-01  2.25705151E-01  2.21766336E-01  2.17710894E-01  2.12883907E-01  2.08878743E-01  2.03962974E-01  1.99383025E-01  1.94200288E-01  1.89281402E-01  1.84202745E-01  1.78748331E-01  1.73505460E-01  1.68473984E-01  1.62893197E-01  1.57098896E-01  1.52038876E-01  1.46367985E-01  1.40944734E-01  1.35760058E-01  1.29913116E-01  1.24572977E-01  1.19229330E-01  1.13746619E-01  1.08476728E-01  1.03264732E-01  9.79275590E-02  9.29855650E-02  8.79664014E-02  8.29883104E-02  7.83243889E-02  7.34832842E-02  6.88955270E-02  6.45062631E-02  6.02059539E-02  5.61326457E-02  5.21176792E-02  4.84658752E-02  4.46232555E-02  4.12381032E-02  3.79988061E-02  3.47708452E-02  3.16843817E-02  2.89769791E-02  2.62652570E-02  2.37779750E-02  2.14358493E-02  1.92135398E-02  1.72182068E-02  1.53566426E-02  1.36071863E-02  1.20314583E-02  1.05507394E-02  9.23663253E-03  8.02409224E-03  6.93789223E-03  5.95732730E-03  5.10589872E-03  4.36753512E-03  3.68175158E-03  3.07697904E-03  2.54658875E-03  2.12918261E-03  1.71790131E-03  1.41313074E-03  1.15110423E-03  9.06741444E-04  7.23599650E-04  5.60164602E-04  4.37081684E-04  3.32095985E-04  2.50312046E-04  1.85241070E-04  1.37176755E-04  9.96261995E-05  7.12576669E-05  4.87159827E-05  3.61674827E-05  2.23927090E-05  1.46219379E-05  1.05335987E-05  7.30385595E-06  3.24904318E-06  2.57327388E-06  9.54873795E-07  6.76583070E-07  3.00527022E-07  1.59928683E-07  1.61488963E-07  4.43903312E-08  0.00000000E+00  0.00000000E+00  0.00000000E+00  0.00000000E+00  0.00000000E+00  0.00000000E+00  0.00000000E+00  0.00000000E+00  0.00000000E+00  0.00000000E+00  0.00000000E+00  0.00000000E+00  0.00000000E+00  0.00000000E+00  0.00000000E+00  0.00000000E+00  0.00000000E+00  0.00000000E+00  0.00000000E+00  0.00000000E+00  0.00000000E+00  0.00000000E+00  0.00000000E+00  0.00000000E+00  0.00000000E+00  0.00000000E+00  0.00000000E+00  0.00000000E+00  0.00000000E+00  0.00000000E+00  0.00000000E+00  0.00000000E+00  0.00000000E+00  0.00000000E+00  0.00000000E+00  0.00000000E+00  0.00000000E+00  0.00000000E+00  0.00000000E+00  0.00000000E+00  0.00000000E+00  0.00000000E+00  0.00000000E+00  0.00000000E+00  0.00000000E+00  0.00000000E+00  0.00000000E+00  0.00000000E+00  0.00000000E+00  0.00000000E+00  0.00000000E+00  0.00000000E+00  0.00000000E+00  0.00000000E+00  0.00000000E+00  0.00000000E+00  0.00000000E+00  0.00000000E+00  0.00000000E+00  0.00000000E+00  0.00000000E+00  0.00000000E+00  0.00000000E+00  0.00000000E+00  0.00000000E+00  0.00000000E+00  0.00000000E+00  0.00000000E+00  0.00000000E+00  0.00000000E+00  0.00000000E+00  0.00000000E+00  0.00000000E+00  0.00000000E+00  0.00000000E+00  0.00000000E+00  0.00000000E+00  0.00000000E+00  0.00000000E+00  0.00000000E+00  0.00000000E+00  0.00000000E+00  0.00000000E+00  0.00000000E+00  0.00000000E+00  0.00000000E+00  0.00000000E+00  0.00000000E+00  0.00000000E+00  0.00000000E+00  0.00000000E+00  0.00000000E+00  0.00000000E+00  0.00000000E+00
  2.71247521E-01  2.70001984E-01  2.68431186E-01  2.67744998E-01  2.67398799E-01  2.64692838E-01  2.63698639E-01  2.63059928E-01  2.60262671E-01  2.57879193E-01  2.55663990E-01  2.53061821E-01  2.49953351E-01  2.46203214E-01  2.43486919E-01  2.39851454E-01  2.35990438E-01  2.32472468E-01  2.28021764E-01  2.23614165E-01  2.19342260E-01  2.14508231E-01  2.09835072E-01  2.04908157E-01  1.99695014E-01  1.94819581E-01  1.89403670E-01  1.84142035E-01  1.78382729E-01  1.73285832E-01  1.67771605E-01  1.62184547E-01  1.56447662E-01  1.50926543E-01  1.45333669E-01  1.39777722E-01  1.33985088E-01  1.28252158E-01  1.22869502E-01  1.17306660E-01  1.11767513E-01  1.06491181E-01  1.01239697E-01  9.58418676E-02  9.07817782E-02  8.56566174E-02  8.08705368E-02  7.59793010E-02  7.13292480E-02  6.67302598E-02  6.24944900E-02  5.81832921E-02  5.40483051E-02  5.00743091E-02  4.63915582E-02  4.27883441E-02  3.92420875E-02  3.60244875E-02  3.29956368E-02  3.00387113E-02  2.72309216E-02  2.47074260E-02  2.22316992E-02  1.99926388E-02  1.79350744E-02  1.60041196E-02  1.41498615E-02  1.25601929E-02  1.09952472E-02  9.66040513E-03  8.37145958E-03  7.25394024E-03  6.22998860E-03  5.34342097E-03  4.55714593E-03  3.83907605E-03  3.21273849E-03  2.69071556E-03  2.23364797E-03  1.82994520E-03  1.47516306E-03  1.19485288E-03  9.57843403E-04  7.60071497E-04  6.00434121E-04  4.57074679E-04  3.55989351E-04  2.66013387E-04  2.03179118E-04  1.44846578E-04  1.05623150E-04  7.91009123E-05  5.14176495E-05  3.64943468E-05  2.55502882E-05  1.65851702E-05  1.05570272E-05  6.58129636E-06  4.64588172E-06  2.31521614E-06  1.49638405E-06  8.73870080E-07  4.83285263E-07  1.92694560E-07  1.52603207E-07  6.84988729E-08  0.00000000E+00  4.88222447E-09  0.00000000E+00  0.00000000E+00  0.00000000E+00  0.00000000E+00  0.00000000E+00  0.00000000E+00  0.00000000E+00  0.00000000E+00  0.00000000E+00  0.00000000E+00  0.00000000E+00  0.00000000E+00  0.00000000E+00  0.00000000E+00  0.00000000E+00  0.00000000E+00  0.00000000E+00  0.00000000E+00  0.00000000E+00  0.00000000E+00  0.00000000E+00  0.00000000E+00  0.00000000E+00  0.00000000E+00  0.00000000E+00  0.00000000E+00  0.00000000E+00  0.00000000E+00  0.00000000E+00  0.00000000E+00  0.00000000E+00  0.00000000E+00  0.00000000E+00  0.00000000E+00  0.00000000E+00  0.00000000E+00  0.00000000E+00  0.00000000E+00  0.00000000E+00  0.00000000E+00  0.00000000E+00  0.00000000E+00  0.00000000E+00  0.00000000E+00  0.00000000E+00  0.00000000E+00  0.00000000E+00  0.00000000E+00  0.00000000E+00  0.00000000E+00  0.00000000E+00  0.00000000E+00  0.00000000E+00  0.00000000E+00  0.00000000E+00  0.00000000E+00  0.00000000E+00  0.00000000E+00  0.00000000E+00  0.00000000E+00  0.00000000E+00  0.00000000E+00  0.00000000E+00  0.00000000E+00  0.00000000E+00  0.00000000E+00  0.00000000E+00  0.00000000E+00  0.00000000E+00  0.00000000E+00  0.00000000E+00  0.00000000E+00  0.00000000E+00  0.00000000E+00  0.00000000E+00  0.00000000E+00  0.00000000E+00  0.00000000E+00  0.00000000E+00  0.00000000E+00  0.00000000E+00  0.00000000E+00  0.00000000E+00  0.00000000E+00  0.00000000E+00  0.00000000E+00  0.00000000E+00  0.00000000E+00  0.00000000E+00  0.00000000E+00  0.00000000E+00  0.00000000E+00
  2.71126001E-01  2.68637886E-01  2.69606502E-01  2.69436307E-01  2.67706077E-01  2.66474729E-01  2.64633585E-01  2.63330740E-01  2.61358759E-01  2.58890347E-01  2.56566698E-01  2.53637680E-01  2.50720171E-01  2.47138618E-01  2.44252917E-01  2.40505964E-01  2.36651498E-01  2.32660850E-01  2.28690361E-01  2.24320834E-01  2.19762419E-01  2.14992792E-01  2.10445197E-01  2.05631504E-01  2.00386088E-01  1.95184501E-01  1.89970773E-01  1.84461410E-01  1.79321570E-01  1.73656596E-01  1.68117569E-01  1.62504369E-01  1.56709343E-01  1.51123988E-01  1.45568260E-01  1.39923794E-01  1.34327003E-01  1.28616314E-01  1.22966510E-01  1.17496118E-01  1.12020907E-01  1.06695023E-01  1.01585162E-01  9.60815646E-02  9.09565556E-02  8.58194773E-02  8.09768260E-02  7.62839049E-02  7.16327407E-02  6.70551609E-02  6.26650159E-02  5.83929612E-02  5.42751302E-02  5.03352881E-02  4.65394747E-02  4.28642578E-02  3.95361246E-02  3.62045147E-02  3.31318183E-02  3.01860693E-02  2.74468464E-02  2.48077455E-02  2.23525104E-02  2.01263994E-02  1.80233469E-02  1.60623093E-02  1.42165443E-02  1.25847578E-02  1.10463213E-02  9.69930945E-03  8.40892158E-03  7.32270518E-03  6.30062054E-03  5.41912359E-03  4.59248817E-03  3.90294922E-03  3.28784088E-03  2.72820965E-03  2.25756788E-03  1.86861469E-03  1.50654759E-03  1.21338695E-03  9.70025543E-04  7.67479199E-04  6.00639088E-04  4.60448948E-04  3.51533469E-04  2.73883436E-04  1.99353563E-04  1.42415673E-04  1.08787798E-04  7.56249285E-05  5.30111527E-05  3.62620444E-05  2.45975888E-05  1.64617284E-05  1.06147616E-05  6.12415837E-06  4.67785162E-06  2.51606297E-06  1.41764814E-06  5.87087955E-07  5.10856549E-07  3.66275692E-07  1.24786926E-07  9.41381160E-08  1.40260367E-08  0.00000000E+00  0.00000000E+00  0.00000000E+00  0.00000000E+00  0.00000000E+00  0.00000000E+00  0.00000000E+00  0.00000000E+00  0.00000000E+00  0.00000000E+00  0.00000000E+00  0.00000000E+00  0.00000000E+00  0.00000000E+00  0.00000000E+00  0.00000000E+00  0.00000000E+00  0.00000000E+00  0.00000000E+00  0.00000000E+00  0.00000000E+00  0.00000000E+00  0.00000000E+00  0.00000000E+00  0.00000000E+00  0.00000000E+00  0.00000000E+00  0.00000000E+00  0.00000000E+00  0.00000000E+00  0.00000000E+00  0.00000000E+00  0.00000000E+00  0.00000000E+00  0.00000000E+00  0.00000000E+00  0.00000000E+00  0.00000000E+00  0.00000000E+00  0.00000000E+00  0.00000000E+00  0.00000000E+00  0.00000000E+00  0.00000000E+00  0.00000000E+00  0.00000000E+00  0.00000000E+00  0.00000000E+00  0.00000000E+00  0.00000000E+00  0.00000000E+00  0.00000000E+00  0.00000000E+00  0.00000000E+00  0.00000000E+00  0.00000000E+00  0.00000000E+00  0.00000000E+00  0.00000000E+00  0.00000000E+00  0.00000000E+00  0.00000000E+00  0.00000000E+00  0.00000000E+00  0.00000000E+00  0.00000000E+00  0.00000000E+00  0.00000000E+00  0.00000000E+00  0.00000000E+00  0.00000000E+00  0.00000000E+00  0.00000000E+00  0.00000000E+00  0.00000000E+00  0.00000000E+00  0.00000000E+00  0.00000000E+00  0.00000000E+00  0.00000000E+00  0.00000000E+00  0.00000000E+00  0.00000000E+00  0.00000000E+00  0.00000000E+00  0.00000000E+00  0.00000000E+00  0.00000000E+00  0.00000000E+00  0.00000000E+00  0.00000000E+00  0.00000000E+00  0.00000000E+00
  2.68971173E-01  2.70215526E-01  2.70454998E-01  2.69603033E-01  2.67033233E-01  2.66289670E-01  2.65523029E-01  2.63259534E-01  2.60865277E-01  2.58907010E-01  2.56546792E-01  2.54544746E-01  2.51099686E-01  2.47806997E-01  2.44292457E-01  2.41410419E-01  2.37140932E-01  2.33373118E-01  2.28717430E-01  2.24095226E-01  2.19894224E-01  2.15574911E-01  2.10356349E-01  2.05849801E-01  2.00516243E-01  1.95625814E-01  1.89824723E-01  1.84446551E-01  1.79564210E-01  1.73866138E-01  1.68322369E-01  1.62499058E-01  1.57246320E-01  1.51152480E-01  1.45644656E-01  1.40152484E-01  1.34397772E-01  1.28911826E-01  1.23083518E-01  1.17692313E-01  1.12117846E-01  1.06794067E-01  1.01513317E-01  9.62241185E-02  9.08681794E-02  8.59324282E-02  8.09190477E-02  7.61766830E-02  7.13314864E-02  6.69082149E-02  6.25654308E-02  5.82212498E-02  5.41817819E-02  5.02353173E-02  4.63512015E-02  4.28614019E-02  3.93655608E-02  3.61188567E-02  3.30037913E-02  3.00713918E-02  2.72616426E-02  2.46655098E-02  2.22628226E-02  1.99522806E-02  1.78813787E-02  1.60263114E-02  1.41890329E-02  1.25173911E-02  1.09893823E-02  9.70486455E-03  8.40149939E-03  7.28620472E-03  6.25088082E-03  5.37827402E-03  4.60287006E-03  3.86538164E-03  3.25390709E-03  2.70508339E-03  2.23293258E-03  1.84550958E-03  1.49166503E-03  1.20788395E-03  9.74217405E-04  7.64334516E-04  6.02184700E-04  4.67264538E-04  3.50056265E-04  2.66475707E-04  2.02316931E-04  1.48414221E-04  1.05529915E-04  8.02578086E-05  5.30369036E-05  3.72387504E-05  2.59578556E-05  1.50810400E-05  1.12510950E-05  7.74732949E-06  4.03312538E-06  1.78692813E-06  1.51687146E-06  8.04660524E-07  4.52562973E-07  3.54573594E-07  1.77715127E-07  1.63785015E-07  5.91368035E-08  4.09355744E-08  0.00000000E+00  1.47478505E-09  0.00000000E+00  0.00000000E+00  0.00000000E+00  0.00000000E+00  0.00000000E+00  0.00000000E+00  0.00000000E+00  0.00000000E+00  0.00000000E+00  0.00000000E+00  0.00000000E+00  0.00000000E+00  0.00000000E+00  0.00000000E+00  0.00000000E+00  0.00000000E+00  0.00000000E+00  0.00000000E+00  0.00000000E+00  0.00000000E+00  0.00000000E+00  0.00000000E+00  0.00000000E+00  0.00000000E+00  0.00000000E+00  0.00000000E+00  0.00000000E+00  0.00000000E+00  0.00000000E+00  0.00000000E+00  0.00000000E+00  0.00000000E+00  0.00000000E+00  0.00000000E+00  0.00000000E+00  0.00000000E+00  0.00000000E+00  0.00000000E+00  0.00000000E+00  0.00000000E+00  0.00000000E+00  0.00000000E+00  0.00000000E+00  0.00000000E+00  0.00000000E+00  0.00000000E+00  0.00000000E+00  0.00000000E+00  0.00000000E+00  0.00000000E+00  0.00000000E+00  0.00000000E+00  0.00000000E+00  0.00000000E+00  0.00000000E+00  0.00000000E+00  0.00000000E+00  0.00000000E+00  0.00000000E+00  0.00000000E+00  0.00000000E+00  0.00000000E+00  0.00000000E+00  0.00000000E+00  0.00000000E+00  0.00000000E+00  0.00000000E+00  0.00000000E+00  0.00000000E+00  0.00000000E+00  0.00000000E+00  0.00000000E+00  0.00000000E+00  0.00000000E+00  0.00000000E+00  0.00000000E+00  0.00000000E+00  0.00000000E+00  0.00000000E+00  0.00000000E+00  0.00000000E+00  0.00000000E+00  0.00000000E+00  0.00000000E+00  0.00000000E+00  0.00000000E+00  0.00000000E+00  0.00000000E+00  0.00000000E+00  0.00000000E+00
  2.60997413E-01  2.61703739E-01  2.62307137E-01  2.60436008E-01  2.59785887E-01  2.58266935E-01  2.57425482E-01  2.55055362E-01  2.53359108E-01  2.50704637E-01  2.48840278E-01  2.46555297E-01  2.43322604E-01  2.39781337E-01  2.36497527E-01  2.33707015E-01  2.29711713E-01  2.25596086E-01  2.21499107E-01  2.17435862E-01  2.13007917E-01  2.08533894E-01  2.04009047E-01  1.99377712E-01  1.94011010E-01  1.89145625E-01  1.84116993E-01  1.78908782E-01  1.73590173E-01  1.68160518E-01  1.63022897E-01  1.57400898E-01  1.52208814E-01  1.46558578E-01  1.41029531E-01  1.35572672E-01  1.30058049E-01  1.24649609E-01  1.19101295E-01  1.13946216E-01  1.08370181E-01  1.03080739E-01  9.79512475E-02  9.28706675E-02  8.79088415E-02  8.29487865E-02  7.82887902E-02  7.35156220E-02  6.90053070E-02  6.45133899E-02  6.04320521E-02  5.61502001E-02  5.22214827E-02  4.83742212E-02  4.47626613E-02  4.12047528E-02  3.79321755E-02  3.47561307E-02  3.18137364E-02  2.89026120E-02  2.62156438E-02  2.36852042E-02  2.14177554E-02  1.91595878E-02  1.71774890E-02  1.52738178E-02  1.35847721E-02  1.19438637E-02  1.05521816E-02  9.25274077E-03  8.03854321E-03  6.92521647E-03  5.97072086E-03  5.10092991E-03  4.34399730E-03  3.67801006E-03  3.09336753E-03  2.57291666E-03  2.12629998E-03  1.75255440E-03  1.41986212E-03  1.14442275E-03  9.22492490E-04  7.28892040E-04  5.66809539E-04  4.41491466E-04  3.37438656E-04  2.50576426E-04  1.90830687E-04  1.36468098E-04  1.03623274E-04  7.26792992E-05  4.97892297E-05  3.50487183E-05  2.40567289E-05  1.51841900E-05  9.72489884E-06  6.37715775E-06  4.91065804E-06  2.65077235E-06  1.48473435E-06  6.08964539E-07  3.52912466E-07  1.98155540E-07  5.52462243E-08  5.28091870E-08  4.92806696E-08  9.01333749E-09  0.00000000E+00  0.00000000E+00  0.00000000E+00  0.00000000E+00  0.00000000E+00  0.00000000E+00  0.00000000E+00  0.00000000E+00  0.00000000E+00  0.00000000E+00  0.00000000E+00  0.00000000E+00  0.00000000E+00  0.00000000E+00  0.00000000E+00  0.00000000E+00  0.00000000E+00  0.00000000E+00  0.00000000E+00  0.00000000E+00  0.00000000E+00  0.00000000E+00  0.00000000E+00  0.00000000E+00  0.00000000E+00  0.00000000E+00  0.00000000E+00  0.00000000E+00  0.00000000E+00  0.00000000E+00  0.00000000E+00  0.00000000E+00  0.00000000E+00  0.00000000E+00  0.00000000E+00  0.00000000E+00  0.00000000E+00  0.00000000E+00  0.00000000E+00  0.00000000E+00  0.00000000E+00  0.00000000E+00  0.00000000E+00  0.00000000E+00  0.00000000E+00  0.00000000E+00  0.00000000E+00  0.00000000E+00  0.00000000E+00  0.00000000E+00  0.00000000E+00  0.00000000E+00  0.00000000E+00  0.00000000E+00  0.00000000E+00  0.00000000E+00  0.00000000E+00  0.00000000E+00  0.00000000E+00  0.00000000E+00  0.00000000E+00  0.00000000E+00  0.00000000E+00  0.00000000E+00  0.00000000E+00  0.00000000E+00  0.00000000E+00  0.00000000E+00  0.00000000E+00  0.00000000E+00  0.00000000E+00  0.00000000E+00  0.00000000E+00  0.00000000E+00  0.00000000E+00  0.00000000E+00  0.00000000E+00  0.00000000E+00  0.00000000E+00  0.00000000E+00  0.00000000E+00  0.00000000E+00  0.00000000E+00  0.00000000E+00  0.00000000E+00  0.00000000E+00  0.00000000E+00  0.00000000E+00  0.00000000E+00  0.00000000E+00  0.00000000E+00  0.00000000E+00
  2.67607883E-01  2.68188570E-01  2.67551103E-01  2.67111512E-01  2.65791894E-01  2.64336461E-01  2.62710562E-01  2.61532135E-01  2.58683737E-01  2.56797161E-01  2.53820901E-01  2.51425976E-01  2.48643601E-01  2.45341225E-01  2.42018628E-01  2.38367214E-01  2.34980205E-01  2.30727287E-01  2.26455358E-01  2.22445076E-01  2.17997059E-01  2.13117621E-01  2.08353952E-01  2.03952039E-01  1.98879948E-01  1.93399559E-01  1.88288249E-01  1.83133943E-01  1.77651942E-01  1.72313354E-01  1.66917522E-01  1.61511137E-01  1.55643719E-01  1.50171947E-01  1.44534886E-01  1.39191327E-01  1.33314301E-01  1.27955063E-01  1.22263985E-01  1.16819950E-01  1.11653800E-01  1.06050587E-01  1.00703478E-01  9.53871723E-02  9.03136245E-02  8.53645957E-02  8.05101516E-02  7.56909497E-02  7.10942192E-02  6.65411758E-02  6.22368591E-02  5.80348798E-02  5.39428674E-02  4.99623859E-02  4.62443069E-02  4.26717229E-02  3.92804532E-02  3.59886201E-02  3.28108859E-02  2.99723020E-02  2.71904246E-02  2.45863277E-02  2.22501871E-02  1.99811699E-02  1.78041288E-02  1.59276793E-02  1.41015459E-02  1.24866359E-02  1.09848683E-02  9.59193788E-03  8.31989822E-03  7.24024248E-03  6.20451066E-03  5.34672435E-03  4.53924341E-03  3.81725152E-03  3.21521254E-03  2.69546386E-03  2.21135683E-03  1.81652435E-03  1.48052480E-03  1.19242906E-03  9.56131130E-04  7.47838950E-04  5.88719004E-04  4.49533805E-04  3.45472032E-04  2.62214705E-04  1.97912936E-04  1.44086498E-04  1.05639656E-04  7.41816761E-05  5.06892033E-05  3.73479930E-05  2.49068957E-05  1.70738645E-05  1.12259931E-05  7.20903295E-06  4.44709455E-06  2.31643339E-06  1.29392028E-06  8.35287741E-07  4.52169097E-07  1.79432182E-07  1.51057858E-07  5.01304601E-08  3.60127970E-08  0.00000000E+00  0.00000000E+00  0.00000000E+00  0.00000000E+00  0.00000000E+00  0.00000000E+00  0.00000000E+00  0.00000000E+00  0.00000000E+00  0.00000000E+00  0.00000000E+00  0.00000000E+00  0.00000000E+00  0.00000000E+00  0.00000000E+00  0.00000000E+00  0.00000000E+00  0.00000000E+00  0.00000000E+00  0.00000000E+00  0.00000000E+00  0.00000000E+00  0.00000000E+00  0.00000000E+00  0.00000000E+00  0.00000000E+00  0.00000000E+00  0.00000000E+00  0.00000000E+00  0.00000000E+00  0.00000000E+00  0.00000000E+00  0.00000000E+00  0.00000000E+00  0.00000000E+00  0.00000000E+00  0.00000000E+00  0.00000000E+00  0.00000000E+00  0.00000000E+00  0.00000000E+00  0.00000000E+00  0.00000000E+00  0.00000000E+00  0.00000000E+00  0.00000000E+00  0.00000000E+00  0.00000000E+00  0.00000000E+00  0.00000000E+00  0.00000000E+00  0.00000000E+00  0.00000000E+00  0.00000000E+00  0.00000000E+00  0.00000000E+00  0.00000000E+00  0.00000000E+00  0.00000000E+00  0.00000000E+00  0.00000000E+00  0.00000000E+00  0.00000000E+00  0.00000000E+00  0.00000000E+00  0.00000000E+00  0.00000000E+00  0.00000000E+00  0.00000000E+00  0.00000000E+00  0.00000000E+00  0.00000000E+00  0.00000000E+00  0.00000000E+00  0.00000000E+00  0.00000000E+00  0.00000000E+00  0.00000000E+00  0.00000000E+00  0.00000000E+00  0.00000000E+00  0.00000000E+00  0.00000000E+00  0.00000000E+00  0.00000000E+00  0.00000000E+00  0.00000000E+00  0.00000000E+00  0.00000000E+00  0.00000000E+00  0.00000000E+00  0.00000000E+00  0.00000000E+00
  2.70008093E-01  2.69500883E-01  2.69224080E-01  2.69350845E-01  2.67801643E-01  2.66446872E-01  2.64483009E-01  2.63092522E-01  2.60407593E-01  2.57994474E-01  2.55888110E-01  2.53692969E-01  2.49963398E-01  2.47141609E-01  2.44069023E-01  2.40170460E-01  2.36177415E-01  2.32552613E-01  2.28214080E-01  2.23975335E-01  2.19908433E-01  2.14786925E-01  2.10435091E-01  2.05555577E-01  2.00297734E-01  1.95205935E-01  1.90049979E-01  1.84931918E-01  1.79121144E-01  1.73676626E-01  1.68221335E-01  1.62807234E-01  1.57050152E-01  1.51397102E-01  1.45827889E-01  1.40204923E-01  1.34425029E-01  1.28851516E-01  1.23222754E-01  1.17615996E-01  1.12086947E-01  1.06653599E-01  1.01310075E-01  9.63809466E-02  9.10487476E-02  8.59438193E-02  8.11287429E-02  7.61293650E-02  7.15542480E-02  6.70280210E-02  6.25610258E-02  5.83107908E-02  5.42551609E-02  5.03828873E-02  4.65273578E-02  4.29931019E-02  3.95336436E-02  3.62624485E-02  3.31002375E-02  3.02136975E-02  2.74135022E-02  2.47591682E-02  2.23643100E-02  2.00984987E-02  1.80150553E-02  1.60249295E-02  1.42101139E-02  1.25973114E-02  1.10774403E-02  9.68048960E-03  8.40847205E-03  7.27986261E-03  6.28737399E-03  5.36857864E-03  4.59801564E-03  3.88508918E-03  3.26003892E-03  2.71832132E-03  2.24424092E-03  1.84378754E-03  1.49592894E-03  1.21153379E-03  9.79268095E-04  7.54908202E-04  5.96942997E-04  4.54240122E-04  3.51599278E-04  2.72052613E-04  2.00000888E-04  1.51845185E-04  1.05547759E-04  7.63653069E-05  5.61710989E-05  3.68121432E-05  2.58331075E-05  1.71613729E-05  1.23145794E-05  7.09143586E-06  4.49136056E-06  2.65482987E-06  1.78240430E-06  7.93523354E-07  4.39171205E-07  3.38970795E-07  1.08560762E-07  3.82675269E-08  4.32153563E-08  0.00000000E+00  0.00000000E+00  0.00000000E+00  0.00000000E+00  0.00000000E+00  0.00000000E+00  0.00000000E+00  0.00000000E+00  0.00000000E+00  0.00000000E+00  0.00000000E+00  0.00000000E+00  0.00000000E+00  0.00000000E+00  0.00000000E+00  0.00000000E+00  0.00000000E+00  0.00000000E+00  0.00000000E+00  0.00000000E+00  0.00000000E+00  0.00000000E+00  0.00000000E+00  0.00000000E+00  0.00000000E+00  0.00000000E+00  0.00000000E+00  0.00000000E+00  0.00000000E+00  0.00000000E+00  0.00000000E+00  0.00000000E+00  0.00000000E+00  0.00000000E+00  0.00000000E+00  0.00000000E+00  0.00000000E+00  0.00000000E+00  0.00000000E+00  0.00000000E+00  0.00000000E+00  0.00000000E+00  0.00000000E+00  0.00000000E+00  0.00000000E+00  0.00000000E+00  0.00000000E+00  0.00000000E+00  0.00000000E+00  0.00000000E+00  0.00000000E+00  0.00000000E+00  0.00000000E+00  0.00000000E+00  0.00000000E+00  0.00000000E+00  0.00000000E+00  0.00000000E+00  0.00000000E+00  0.00000000E+00  0.00000000E+00  0.00000000E+00  0.00000000E+00  0.00000000E+00  0.00000000E+00  0.00000000E+00  0.00000000E+00  0.00000000E+00  0.00000000E+00  0.00000000E+00  0.00000000E+00  0.00000000E+00  0.00000000E+00  0.00000000E+00  0.00000000E+00  0.00000000E+00  0.00000000E+00  0.00000000E+00  0.00000000E+00  0.00000000E+00  0.00000000E+00  0.00000000E+00  0.00000000E+00  0.00000000E+00  0.00000000E+00  0.00000000E+00  0.00000000E+00  0.00000000E+00  0.00000000E+00  0.00000000E+00  0.00000000E+00  0.00000000E+00  0.00000000E+00
  2.61078965E-01  2.62500902E-01  2.61417187E-01  2.60484708E-01  2.60404605E-01  2.58552866E-01  2.56770085E-01  2.55878934E-01  2.53859738E-01  2.51569891E-01  2.48912259E-01  2.46442205E-01  2.43856396E-01  2.40668132E-01  2.37332155E-01  2.33629737E-01  2.30098440E-01  2.25896642E-01  2.22258690E-01  2.17618956E-01  2.13334430E-01  2.09058919E-01  2.04184989E-01  1.99405440E-01  1.94614919E-01  1.89359772E-01  1.84418306E-01  1.79323205E-01  1.73876573E-01  1.68777631E-01  1.63337187E-01  1.57670921E-01  1.52209395E-01  1.46732187E-01  1.41264905E-01  1.35531810E-01  1.29935214E-01  1.24761401E-01  1.19353882E-01  1.13830550E-01  1.08329118E-01  1.03253394E-01  9.80844968E-02  9.30103053E-02  8.78118728E-02  8.27705488E-02  7.81479692E-02  7.33352932E-02  6.88495118E-02  6.45238230E-02  6.02071027E-02  5.59978784E-02  5.20649192E-02  4.83242554E-02  4.45437074E-02  4.10568784E-02  3.77770660E-02  3.46137164E-02  3.15822875E-02  2.87651714E-02  2.59825138E-02  2.35828911E-02  2.12882684E-02  1.90902868E-02  1.71193924E-02  1.52163684E-02  1.34577410E-02  1.19295444E-02  1.04798039E-02  9.13414629E-03  7.99563239E-03  6.87834120E-03  5.91694169E-03  5.07783644E-03  4.31091319E-03  3.62319953E-03  3.06409423E-03  2.56366282E-03  2.11726225E-03  1.74053109E-03  1.39800494E-03  1.12558253E-03  9.03617366E-04  7.20997937E-04  5.60663880E-04  4.36644908E-04  3.36898649E-04  2.48259290E-04  1.90897290E-04  1.35624115E-04  9.79234277E-05  6.81995248E-05  5.17737981E-05  3.30439235E-05  2.34035103E-05  1.51550205E-05  9.43539012E-06  6.60282823E-06  4.37372773E-06  2.47224184E-06  1.34574136E-06  5.43732544E-07  5.09281047E-07  5.81594310E-07  1.45649137E-07  1.76030624E-08  4.92806695E-09  2.40355666E-08  1.86047193E-09  0.00000000E+00  0.00000000E+00  0.00000000E+00  0.00000000E+00  0.00000000E+00  0.00000000E+00  0.00000000E+00  0.00000000E+00  0.00000000E+00  0.00000000E+00  0.00000000E+00  0.00000000E+00  0.00000000E+00  0.00000000E+00  0.00000000E+00  0.00000000E+00  0.00000000E+00  0.00000000E+00  0.00000000E+00  0.00000000E+00  0.00000000E+00  0.00000000E+00  0.00000000E+00  0.00000000E+00  0.00000000E+00  0.00000000E+00  0.00000000E+00  0.00000000E+00  0.00000000E+00  0.00000000E+00  0.00000000E+00  0.00000000E+00  0.00000000E+00  0.00000000E+00  0.00000000E+00  0.00000000E+00  0.00000000E+00  0.00000000E+00  0.00000000E+00  0.00000000E+00  0.00000000E+00  0.00000000E+00  0.00000000E+00  0.00000000E+00  0.00000000E+00  0.00000000E+00  0.00000000E+00  0.00000000E+00  0.00000000E+00  0.00000000E+00  0.00000000E+00  0.00000000E+00  0.00000000E+00  0.00000000E+00  0.00000000E+00  0.00000000E+00  0.00000000E+00  0.00000000E+00  0.00000000E+00  0.00000000E+00  0.00000000E+00  0.00000000E+00  0.00000000E+00  0.00000000E+00  0.00000000E+00  0.00000000E+00  0.00000000E+00  0.00000000E+00  0.00000000E+00  0.00000000E+00  0.00000000E+00  0.00000000E+00  0.00000000E+00  0.00000000E+00  0.00000000E+00  0.00000000E+00  0.00000000E+00  0.00000000E+00  0.00000000E+00  0.00000000E+00  0.00000000E+00  0.00000000E+00  0.00000000E+00  0.00000000E+00  0.00000000E+00  0.00000000E+00  0.00000000E+00  0.00000000E+00  0.00000000E+00  0.00000000E+00  0.00000000E+00
  2.69994851E-01  2.71358464E-01  2.69140348E-01  2.68838752E-01  2.67759539E-01  2.66534245E-01  2.64449308E-01  2.62911057E-01  2.60925816E-01  2.59112705E-01  2.56137968E-01  2.53703044E-01  2.50494884E-01  2.47847387E-01  2.43972339E-01  2.40472160E-01  2.36743701E-01  2.32499735E-01  2.28488264E-01  2.24345706E-01  2.19780890E-01  2.15271942E-01  2.10306714E-01  2.05308782E-01  2.00624767E-01  1.95268408E-01  1.89957961E-01  1.84743913E-01  1.79147579E-01  1.73584889E-01  1.68240229E-01  1.62731477E-01  1.56867752E-01  1.51134198E-01  1.45577016E-01  1.39925757E-01  1.34424061E-01  1.28828462E-01  1.23333429E-01  1.17841748E-01  1.12132645E-01  1.06655659E-01  1.01263274E-01  9.62526343E-02  9.08099635E-02  8.59045962E-02  8.09497028E-02  7.62252937E-02  7.14683783E-02  6.69406122E-02  6.25036477E-02  5.83309487E-02  5.42223394E-02  5.03256251E-02  4.66079512E-02  4.29233729E-02  3.94792890E-02  3.62199221E-02  3.31183471E-02  3.02437820E-02  2.74688669E-02  2.47607377E-02  2.23286475E-02  2.01049531E-02  1.79928843E-02  1.60630162E-02  1.42058332E-02  1.26045814E-02  1.10398494E-02  9.68548936E-03  8.44268767E-03  7.29649654E-03  6.27620508E-03  5.37449222E-03  4.59096215E-03  3.86669655E-03  3.25826254E-03  2.71841404E-03  2.25642768E-03  1.84088836E-03  1.51794109E-03  1.22196717E-03  9.55304600E-04  7.69793229E-04  5.97900942E-04  4.65096241E-04  3.59257869E-04  2.70787001E-04  2.01505837E-04  1.50350736E-04  1.10710499E-04  7.30146315E-05  5.49874284E-05  3.50202202E-05  2.45638384E-05  1.55135091E-05  1.04700072E-05  6.65334528E-06  4.08927763E-06  2.17726075E-06  1.58275253E-06  1.07712343E-06  5.28187073E-07  1.79042112E-07  1.71533731E-07  4.17116043E-08  2.57775810E-08  9.53911550E-08  0.00000000E+00  0.00000000E+00  0.00000000E+00  0.00000000E+00  0.00000000E+00  0.00000000E+00  0.00000000E+00  0.00000000E+00  0.00000000E+00  0.00000000E+00  0.00000000E+00  0.00000000E+00  0.00000000E+00  0.00000000E+00  0.00000000E+00  0.00000000E+00  0.00000000E+00  0.00000000E+00  0.00000000E+00  0.00000000E+00  0.00000000E+00  0.00000000E+00  0.00000000E+00  0.00000000E+00  0.00000000E+00  0.00000000E+00  0.00000000E+00  0.00000000E+00  0.00000000E+00  0.00000000E+00  0.00000000E+00  0.00000000E+00  0.00000000E+00  0.00000000E+00  0.00000000E+00  0.00000000E+00  0.00000000E+00  0.00000000E+00  0.00000000E+00  0.00000000E+00  0.00000000E+00  0.00000000E+00  0.00000000E+00  0.00000000E+00  0.00000000E+00  0.00000000E+00  0.00000000E+00  0.00000000E+00  0.00000000E+00  0.00000000E+00  0.00000000E+00  0.00000000E+00  0.00000000E+00  0.00000000E+00  0.00000000E+00  0.00000000E+00  0.00000000E+00  0.00000000E+00  0.00000000E+00  0.00000000E+00  0.00000000E+00  0.00000000E+00  0.00000000E+00  0.00000000E+00  0.00000000E+00  0.00000000E+00  0.00000000E+00  0.00000000E+00  0.00000000E+00  0.00000000E+00  0.00000000E+00  0.00000000E+00  0.00000000E+00  0.00000000E+00  0.00000000E+00  0.00000000E+00  0.00000000E+00  0.00000000E+00  0.00000000E+00  0.00000000E+00  0.00000000E+00  0.00000000E+00  0.00000000E+00  0.00000000E+00  0.00000000E+00  0.00000000E+00  0.00000000E+00  0.00000000E+00  0.00000000E+00  0.00000000E+00  0.00000000E+00  0.00000000E+00
  2.71809503E-01  2.69853091E-01  2.69164200E-01  2.68374598E-01  2.67833088E-01  2.67082706E-01  2.65116853E-01  2.63129482E-01  2.60894297E-01  2.59241824E-01  2.56965764E-01  2.53826018E-01  2.51131048E-01  2.47851449E-01  2.44393972E-01  2.40393619E-01  2.36699257E-01  2.32483985E-01  2.28502348E-01  2.23931188E-01  2.19854915E-01  2.14899083E-01  2.10278953E-01  2.05283203E-01  2.00313367E-01  1.95446139E-01  1.89925783E-01  1.84542652E-01  1.79501339E-01  1.73983890E-01  1.68366662E-01  1.62602642E-01  1.57159214E-01  1.51466111E-01  1.46021416E-01  1.40172544E-01  1.34399936E-01  1.28980044E-01  1.23127269E-01  1.17611445E-01  1.12304108E-01  1.06906083E-01  1.01399062E-01  9.61678285E-02  9.08655348E-02  8.59287068E-02  8.09050720E-02  7.62331005E-02  7.15596237E-02  6.70024935E-02  6.25363884E-02  5.82613359E-02  5.42236337E-02  5.03050111E-02  4.64998714E-02  4.28454894E-02  3.94750003E-02  3.61059678E-02  3.30862128E-02  3.00039641E-02  2.73265137E-02  2.47754057E-02  2.22845661E-02  2.00779775E-02  1.79756326E-02  1.60130527E-02  1.41858602E-02  1.25149036E-02  1.10526636E-02  9.66891409E-03  8.38545815E-03  7.26793558E-03  6.23814881E-03  5.34473375E-03  4.56707262E-03  3.84699169E-03  3.23647947E-03  2.69577017E-03  2.22957423E-03  1.83133867E-03  1.47845403E-03  1.20149374E-03  9.70282946E-04  7.66540242E-04  5.93313318E-04  4.59360078E-04  3.55026018E-04  2.75023548E-04  1.99889579E-04  1.42877586E-04  1.07753288E-04  7.51307546E-05  5.17327712E-05  3.33224272E-05  2.31403431E-05  1.56978264E-05  1.02060188E-05  6.42850296E-06  4.07001372E-06  2.46250381E-06  1.51084575E-06  8.91769102E-07  3.43065578E-07  2.55885894E-07  1.20537217E-07  2.21951656E-08  2.00913498E-08  3.15466812E-08  0.00000000E+00  0.00000000E+00  0.00000000E+00  0.00000000E+00  0.00000000E+00  0.00000000E+00  0.00000000E+00  0.00000000E+00  0.00000000E+00  0.00000000E+00  0.00000000E+00  0.00000000E+00  0.00000000E+00  0.00000000E+00  0.00000000E+00  0.00000000E+00  0.00000000E+00  0.00000000E+00  0.00000000E+00  0.00000000E+00  0.00000000E+00  0.00000000E+00  0.00000000E+00  0.00000000E+00  0.00000000E+00  0.00000000E+00  0.00000000E+00  0.00000000E+00  0.00000000E+00  0.00000000E+00  0.00000000E+00  0.00000000E+00  0.00000000E+00  0.00000000E+00  0.00000000E+00  0.00000000E+00  0.00000000E+00  0.00000000E+00  0.00000000E+00  0.00000000E+00  0.00000000E+00  0.00000000E+00  0.00000000E+00  0.00000000E+00  0.00000000E+00  0.00000000E+00  0.00000000E+00  0.00000000E+00  0.00000000E+00  0.00000000E+00  0.00000000E+00  0.00000000E+00  0.00000000E+00  0.00000000E+00  0.00000000E+00  0.00000000E+00  0.00000000E+00  0.00000000E+00  0.00000000E+00  0.00000000E+00  0.00000000E+00  0.00000000E+00  0.00000000E+00  0.00000000E+00  0.00000000E+00  0.00000000E+00  0.00000000E+00  0.00000000E+00  0.00000000E+00  0.00000000E+00  0.00000000E+00  0.00000000E+00  0.00000000E+00  0.00000000E+00  0.00000000E+00  0.00000000E+00  0.00000000E+00  0.00000000E+00  0.00000000E+00  0.00000000E+00  0.00000000E+00  0.00000000E+00  0.00000000E+00  0.00000000E+00  0.00000000E+00  0.00000000E+00  0.00000000E+00  0.00000000E+00  0.00000000E+00  0.00000000E+00  0.00000000E+00  0.00000000E+00
  2.70590019E-01  2.69952837E-01  2.69778424E-01  2.68936129E-01  2.68040045E-01  2.66968364E-01  2.64613144E-01  2.62739610E-01  2.60918502E-01  2.58300466E-01  2.55765413E-01  2.53674920E-01  2.50621049E-01  2.47198190E-01  2.43948781E-01  2.40351067E-01  2.36523570E-01  2.32771306E-01  2.28556879E-01  2.24228748E-01  2.20431165E-01  2.14952883E-01  2.10343401E-01  2.05454943E-01  2.00126074E-01  1.95284134E-01  1.90176266E-01  1.84485688E-01  1.79122239E-01  1.73538871E-01  1.68283100E-01  1.62588999E-01  1.57027667E-01  1.51140730E-01  1.45833302E-01  1.40052246E-01  1.34322968E-01  1.28914727E-01  1.23050376E-01  1.17623693E-01  1.12146879E-01  1.06656383E-01  1.01442926E-01  9.61762964E-02  9.10864471E-02  8.59879369E-02  8.10644442E-02  7.63338934E-02  7.16253489E-02  6.70351134E-02  6.26371087E-02  5.83696174E-02  5.42431408E-02  5.04247152E-02  4.65171677E-02  4.29525726E-02  3.95323624E-02  3.62315634E-02  3.30391699E-02  3.01329211E-02  2.73708645E-02  2.47586929E-02  2.23714827E-02  2.01018467E-02  1.79867377E-02  1.60202691E-02  1.41631740E-02  1.25441774E-02  1.10480877E-02  9.66353674E-03  8.42233261E-03  7.30893458E-03  6.29514105E-03  5.38300719E-03  4.58347892E-03  3.86910605E-03  3.24612448E-03  2.69018525E-03  2.25073494E-03  1.82439059E-03  1.49948420E-03  1.22056727E-03  9.60103759E-04  7.60063278E-04  6.02115900E-04  4.62628105E-04  3.57030628E-04  2.69807916E-04  1.99018725E-04  1.46636490E-04  1.05630734E-04  7.49613236E-05  5.25114098E-05  3.50538997E-05  2.41024414E-05  1.70747100E-05  1.09657700E-05  7.20779072E-06  4.27740817E-06  2.72177881E-06  1.41081900E-06  1.02024431E-06  4.65166989E-07  2.82800721E-07  1.41399427E-07  7.53870279E-08  9.47705184E-09  7.88667029E-09  0.00000000E+00  0.00000000E+00  0.00000000E+00  0.00000000E+00  0.00000000E+00  0.00000000E+00  0.00000000E+00  0.00000000E+00  0.00000000E+00  0.00000000E+00  0.00000000E+00  0.00000000E+00  0.00000000E+00  0.00000000E+00  0.00000000E+00  0.00000000E+00  0.00000000E+00  0.00000000E+00  0.00000000E+00  0.00000000E+00  0.00000000E+00  0.00000000E+00  0.00000000E+00  0.00000000E+00  0.00000000E+00  0.00000000E+00  0.00000000E+00  0.00000000E+00  0.00000000E+00  0.00000000E+00  0.00000000E+00  0.00000000E+00  0.00000000E+00  0.00000000E+00  0.00000000E+00  0.00000000E+00  0.00000000E+00  0.00000000E+00  0.00000000E+00  0.00000000E+00  0.00000000E+00  0.00000000E+00  0.00000000E+00  0.00000000E+00  0.00000000E+00  0.00000000E+00  0.00000000E+00  0.00000000E+00  0.00000000E+00  0.00000000E+00  0.00000000E+00  0.00000000E+00  0.00000000E+00  0.00000000E+00  0.00000000E+00  0.00000000E+00  0.00000000E+00  0.00000000E+00  0.00000000E+00  0.00000000E+00  0.00000000E+00  0.00000000E+00  0.00000000E+00  0.00000000E+00  0.00000000E+00  0.00000000E+00  0.00000000E+00  0.00000000E+00  0.00000000E+00  0.00000000E+00  0.00000000E+00  0.00000000E+00  0.00000000E+00  0.00000000E+00  0.00000000E+00  0.00000000E+00  0.00000000E+00  0.00000000E+00  0.00000000E+00  0.00000000E+00  0.00000000E+00  0.00000000E+00  0.00000000E+00  0.00000000E+00  0.00000000E+00  0.00000000E+00  0.00000000E+00  0.00000000E+00  0.00000000E+00  0.00000000E+00  0.00000000E+00  0.00000000E+00
  2.70462119E-01  2.68969073E-01  2.69373393E-01  2.69324291E-01  2.68011471E-01  2.66563570E-01  2.64411066E-01  2.63003596E-01  2.61153430E-01  2.58882757E-01  2.56407216E-01  2.53530581E-01  2.50603860E-01  2.47461934E-01  2.43841847E-01  2.40323049E-01  2.36489591E-01  2.32236916E-01  2.28403788E-01  2.23839891E-01  2.19245586E-01  2.14971858E-01  2.09974743E-01  2.05473676E-01  2.00353415E-01  1.95310338E-01  1.89910648E-01  1.84582528E-01  1.79339975E-01  1.73578453E-01  1.68297845E-01  1.62500648E-01  1.56906565E-01  1.51172804E-01  1.45723608E-01  1.39844497E-01  1.34217940E-01  1.28894647E-01  1.23258072E-01  1.17659879E-01  1.12304523E-01  1.06795768E-01  1.01559147E-01  9.62002766E-02  9.12075965E-02  8.59018579E-02  8.11798151E-02  7.63776229E-02  7.15739130E-02  6.70056099E-02  6.26074651E-02  5.83899345E-02  5.42449325E-02  5.02940224E-02  4.65902519E-02  4.28960340E-02  3.94886768E-02  3.62245449E-02  3.30635457E-02  3.02133372E-02  2.74628698E-02  2.48471619E-02  2.24313925E-02  2.00996304E-02  1.80083735E-02  1.60109823E-02  1.41937919E-02  1.25862536E-02  1.10395399E-02  9.69813720E-03  8.44543412E-03  7.31392210E-03  6.24272619E-03  5.37383912E-03  4.56722327E-03  3.88556563E-03  3.26641721E-03  2.72556332E-03  2.23737250E-03  1.84970830E-03  1.49477845E-03  1.20928187E-03  9.67601251E-04  7.65914593E-04  5.90038150E-04  4.60583994E-04  3.58408418E-04  2.62940483E-04  1.99468978E-04  1.48072298E-04  1.05744936E-04  7.63238316E-05  5.34607031E-05  3.51415528E-05  2.38666162E-05  1.63995847E-05  1.00185912E-05  7.26865964E-06  4.97910641E-06  2.17807225E-06  1.70607867E-06  1.03098373E-06  7.44030857E-07  2.22729947E-07  1.56080242E-07  5.05131355E-08  3.22219763E-08  1.23933390E-08  0.00000000E+00  0.00000000E+00  1.46143859E-09  0.00000000E+00  0.00000000E+00  0.00000000E+00  0.00000000E+00  0.00000000E+00  0.00000000E+00  0.00000000E+00  0.00000000E+00  0.00000000E+00  0.00000000E+00  0.00000000E+00  0.00000000E+00  0.00000000E+00  0.00000000E+00  0.00000000E+00  0.00000000E+00  0.00000000E+00  0.00000000E+00  0.00000000E+00  0.00000000E+00  0.00000000E+00  0.00000000E+00  0.00000000E+00  0.00000000E+00  0.00000000E+00  0.00000000E+00  0.00000000E+00  0.00000000E+00  0.00000000E+00  0.00000000E+00  0.00000000E+00  0.00000000E+00  0.00000000E+00  0.00000000E+00  0.00000000E+00  0.00000000E+00  0.00000000E+00  0.00000000E+00  0.00000000E+00  0.00000000E+00  0.00000000E+00  0.00000000E+00  0.00000000E+00  0.00000000E+00  0.00000000E+00  0.00000000E+00  0.00000000E+00  0.00000000E+00  0.00000000E+00  0.00000000E+00  0.00000000E+00  0.00000000E+00  0.00000000E+00  0.00000000E+00  0.00000000E+00  0.00000000E+00  0.00000000E+00  0.00000000E+00  0.00000000E+00  0.00000000E+00  0.00000000E+00  0.00000000E+00  0.00000000E+00  0.00000000E+00  0.00000000E+00  0.00000000E+00  0.00000000E+00  0.00000000E+00  0.00000000E+00  0.00000000E+00  0.00000000E+00  0.00000000E+00  0.00000000E+00  0.00000000E+00  0.00000000E+00  0.00000000E+00  0.00000000E+00  0.00000000E+00  0.00000000E+00  0.00000000E+00  0.00000000E+00  0.00000000E+00  0.00000000E+00  0.00000000E+00  0.00000000E+00  0.00000000E+00  0.00000000E+00  0.00000000E+00  0.00000000E+00
  2.67615715E-01  2.69901026E-01  2.69833330E-01  2.69125798E-01  2.67747212E-01  2.66663539E-01  2.64785602E-01  2.63270757E-01  2.60823584E-01  2.59084245E-01  2.57235151E-01  2.53937951E-01  2.50600889E-01  2.47423207E-01  2.44059634E-01  2.40450685E-01  2.36750068E-01  2.32301451E-01  2.28399310E-01  2.24027063E-01  2.19461417E-01  2.14804413E-01  2.10311773E-01  2.05197575E-01  2.00380644E-01  1.94896111E-01  1.89964585E-01  1.84308577E-01  1.79173968E-01  1.73777445E-01  1.68213215E-01  1.62614243E-01  1.57153452E-01  1.51212358E-01  1.45805457E-01  1.39899564E-01  1.34450986E-01  1.28764608E-01  1.23178537E-01  1.17820991E-01  1.12156038E-01  1.06760380E-01  1.01462711E-01  9.62111493E-02  9.10562659E-02  8.62094075E-02  8.11235440E-02  7.62002332E-02  7.16642835E-02  6.69412149E-02  6.25788959E-02  5.83387025E-02  5.43243943E-02  5.02115000E-02  4.64961016E-02  4.29464484E-02  3.94634895E-02  3.61793435E-02  3.31078351E-02  3.00770941E-02  2.74012905E-02  2.47491210E-02  2.23738017E-02  2.00480779E-02  1.79139964E-02  1.60308146E-02  1.42153580E-02  1.25518385E-02  1.10699635E-02  9.66108768E-03  8.43710771E-03  7.31201416E-03  6.32882653E-03  5.37305914E-03  4.58710755E-03  3.88729014E-03  3.27552075E-03  2.73400502E-03  2.25593859E-03  1.83923386E-03  1.49729156E-03  1.21293271E-03  9.68711610E-04  7.65731347E-04  6.07634713E-04  4.70725218E-04  3.59891223E-04  2.64736701E-04  2.01893593E-04  1.49960997E-04  1.08335897E-04  7.70677397E-05  5.47770563E-05  3.72862472E-05  2.34996347E-05  1.50713168E-05  1.23706403E-05  7.44464120E-06  4.24543828E-06  3.02771519E-06  1.58074396E-06  8.98928712E-07  2.13480532E-07  3.22977927E-07  3.86337233E-08  4.20942795E-08  2.27449244E-08  6.38444739E-09  0.00000000E+00  0.00000000E+00  0.00000000E+00  2.06387240E-08  2.87091491E-09  0.00000000E+00  0.00000000E+00  0.00000000E+00  0.00000000E+00  0.00000000E+00  0.00000000E+00  0.00000000E+00  0.00000000E+00  0.00000000E+00  0.00000000E+00  0.00000000E+00  0.00000000E+00  0.00000000E+00  0.00000000E+00  0.00000000E+00  0.00000000E+00  0.00000000E+00  0.00000000E+00  0.00000000E+00  0.00000000E+00  0.00000000E+00  0.00000000E+00  0.00000000E+00  0.00000000E+00  0.00000000E+00  0.00000000E+00  0.00000000E+00  0.00000000E+00  0.00000000E+00  0.00000000E+00  0.00000000E+00  0.00000000E+00  0.00000000E+00  0.00000000E+00  0.00000000E+00  0.00000000E+00  0.00000000E+00  0.00000000E+00  0.00000000E+00  0.00000000E+00  0.00000000E+00  0.00000000E+00  0.00000000E+00  0.00000000E+00  0.00000000E+00  0.00000000E+00  0.00000000E+00  0.00000000E+00  0.00000000E+00  0.00000000E+00  0.00000000E+00  0.00000000E+00  0.00000000E+00  0.00000000E+00  0.00000000E+00  0.00000000E+00  0.00000000E+00  0.00000000E+00  0.00000000E+00  0.00000000E+00  0.00000000E+00  0.00000000E+00  0.00000000E+00  0.00000000E+00  0.00000000E+00  0.00000000E+00  0.00000000E+00  0.00000000E+00  0.00000000E+00  0.00000000E+00  0.00000000E+00  0.00000000E+00  0.00000000E+00  0.00000000E+00  0.00000000E+00  0.00000000E+00  0.00000000E+00  0.00000000E+00  0.00000000E+00  0.00000000E+00  0.00000000E+00  0.00000000E+00  0.00000000E+00  0.00000000E+00  0.00000000E+00  0.00000000E+00  0.00000000E+00
  2.71118330E-01  2.70169340E-01  2.69178928E-01  2.69084792E-01  2.67322424E-01  2.65990974E-01  2.64955308E-01  2.62791700E-01  2.60473913E-01  2.57872410E-01  2.55525278E-01  2.53655138E-01  2.50493434E-01  2.46959321E-01  2.43748910E-01  2.40346996E-01  2.36621483E-01  2.32176902E-01  2.28253317E-01  2.24046351E-01  2.19216653E-01  2.14695496E-01  2.09898314E-01  2.05375623E-01  2.00345058E-01  1.94975198E-01  1.89962844E-01  1.84564268E-01  1.79089225E-01  1.73699835E-01  1.68216429E-01  1.62596046E-01  1.56978814E-01  1.51248368E-01  1.45843077E-01  1.39940070E-01  1.34521646E-01  1.28858830E-01  1.23261380E-01  1.17690921E-01  1.12308576E-01  1.06950259E-01  1.01402410E-01  9.62548682E-02  9.10081522E-02  8.59348860E-02  8.12671355E-02  7.61665492E-02  7.15859314E-02  6.71678541E-02  6.26708287E-02  5.84157115E-02  5.42144319E-02  5.03963664E-02  4.65415007E-02  4.29549105E-02  3.95566530E-02  3.63066115E-02  3.31917735E-02  3.02480112E-02  2.73809475E-02  2.48343249E-02  2.24291976E-02  2.01373889E-02  1.80050292E-02  1.60430089E-02  1.42444145E-02  1.25747179E-02  1.10440646E-02  9.69228933E-03  8.42503956E-03  7.29939544E-03  6.26753869E-03  5.39433503E-03  4.57120305E-03  3.90407376E-03  3.24065655E-03  2.71800668E-03  2.25484879E-03  1.85336465E-03  1.51120469E-03  1.20344250E-03  9.73954618E-04  7.66300426E-04  6.03107289E-04  4.71424531E-04  3.55962281E-04  2.69163806E-04  1.99076204E-04  1.50883920E-04  1.05595938E-04  7.74216035E-05  5.39189826E-05  3.61281900E-05  2.45283792E-05  1.67103030E-05  1.10143004E-05  7.48811900E-06  3.74088774E-06  2.10828305E-06  1.88845676E-06  5.32993130E-07  5.96721413E-07  2.08297358E-07  1.01220355E-07  1.35849720E-07  2.04704320E-08  3.00444583E-09  0.00000000E+00  0.00000000E+00  0.00000000E+00  0.00000000E+00  0.00000000E+00  0.00000000E+00  0.00000000E+00  0.00000000E+00  0.00000000E+00  0.00000000E+00  0.00000000E+00  0.00000000E+00  0.00000000E+00  0.00000000E+00  0.00000000E+00  0.00000000E+00  0.00000000E+00  0.00000000E+00  0.00000000E+00  0.00000000E+00  0.00000000E+00  0.00000000E+00  0.00000000E+00  0.00000000E+00  0.00000000E+00  0.00000000E+00  0.00000000E+00  0.00000000E+00  0.00000000E+00  0.00000000E+00  0.00000000E+00  0.00000000E+00  0.00000000E+00  0.00000000E+00  0.00000000E+00  0.00000000E+00  0.00000000E+00  0.00000000E+00  0.00000000E+00  0.00000000E+00  0.00000000E+00  0.00000000E+00  0.00000000E+00  0.00000000E+00  0.00000000E+00  0.00000000E+00  0.00000000E+00  0.00000000E+00  0.00000000E+00  0.00000000E+00  0.00000000E+00  0.00000000E+00  0.00000000E+00  0.00000000E+00  0.00000000E+00  0.00000000E+00  0.00000000E+00  0.00000000E+00  0.00000000E+00  0.00000000E+00  0.00000000E+00  0.00000000E+00  0.00000000E+00  0.00000000E+00  0.00000000E+00  0.00000000E+00  0.00000000E+00  0.00000000E+00  0.00000000E+00  0.00000000E+00  0.00000000E+00  0.00000000E+00  0.00000000E+00  0.00000000E+00  0.00000000E+00  0.00000000E+00  0.00000000E+00  0.00000000E+00  0.00000000E+00  0.00000000E+00  0.00000000E+00  0.00000000E+00  0.00000000E+00  0.00000000E+00  0.00000000E+00  0.00000000E+00  0.00000000E+00  0.00000000E+00  0.00000000E+00  0.00000000E+00  0.00000000E+00  0.00000000E+00
  2.60969798E-01  2.62438486E-01  2.61155737E-01  2.60550146E-01  2.58825610E-01  2.57586098E-01  2.56886630E-01  2.54386954E-01  2.52618553E-01  2.50778493E-01  2.48516411E-01  2.45691233E-01  2.42953556E-01  2.39677069E-01  2.36283938E-01  2.32831354E-01  2.29110644E-01  2.25626319E-01  2.21557607E-01  2.17360437E-01  2.12966999E-01  2.08506128E-01  2.04085829E-01  1.99087159E-01  1.94287466E-01  1.89317245E-01  1.84070532E-01  1.78809124E-01  1.73833728E-01  1.68062105E-01  1.62946579E-01  1.57388532E-01  1.51922599E-01  1.46499618E-01  1.41024714E-01  1.35545229E-01  1.29841250E-01  1.24702489E-01  1.19336366E-01  1.13859138E-01  1.08551232E-01  1.03195958E-01  9.80111998E-02  9.29254401E-02  8.79454269E-02  8.31626981E-02  7.81632021E-02  7.34915304E-02  6.90372294E-02  6.46112506E-02  6.03621953E-02  5.61230465E-02  5.22791258E-02  4.84390507E-02  4.48742420E-02  4.13516379E-02  3.79086931E-02  3.48606660E-02  3.17889934E-02  2.89287753E-02  2.62743144E-02  2.36618802E-02  2.14408942E-02  1.91945286E-02  1.72145576E-02  1.53463264E-02  1.35901711E-02  1.20320241E-02  1.05609261E-02  9.24945174E-03  8.07318431E-03  6.97630684E-03  5.98827471E-03  5.09497075E-03  4.35808965E-03  3.68411884E-03  3.10675634E-03  2.57682729E-03  2.13436928E-03  1.75120206E-03  1.43952064E-03  1.16228858E-03  9.14527169E-04  7.23414469E-04  5.65236216E-04  4.38459534E-04  3.34047855E-04  2.59226236E-04  1.86552598E-04  1.40652827E-04  1.00432752E-04  7.21683587E-05  5.15839394E-05  3.55703190E-05  2.31476058E-05  1.59840254E-05  1.08741480E-05  6.40697110E-06  3.76179113E-06  2.32617142E-06  1.29833913E-06  6.87322484E-07  4.49018093E-07  1.80992461E-07  1.69602045E-07  9.06940386E-08  0.00000000E+00  2.06555651E-08  2.34419463E-08  0.00000000E+00  0.00000000E+00  0.00000000E+00  0.00000000E+00  0.00000000E+00  0.00000000E+00  0.00000000E+00  0.00000000E+00  0.00000000E+00  0.00000000E+00  0.00000000E+00  0.00000000E+00  0.00000000E+00  0.00000000E+00  0.00000000E+00  0.00000000E+00  0.00000000E+00  0.00000000E+00  0.00000000E+00  0.00000000E+00  0.00000000E+00  0.00000000E+00  0.00000000E+00  0.00000000E+00  0.00000000E+00  0.00000000E+00  0.00000000E+00  0.00000000E+00  0.00000000E+00  0.00000000E+00  0.00000000E+00  0.00000000E+00  0.00000000E+00  0.00000000E+00  0.00000000E+00  0.00000000E+00  0.00000000E+00  0.00000000E+00  0.00000000E+00  0.00000000E+00  0.00000000E+00  0.00000000E+00  0.00000000E+00  0.00000000E+00  0.00000000E+00  0.00000000E+00  0.00000000E+00  0.00000000E+00  0.00000000E+00  0.00000000E+00  0.00000000E+00  0.00000000E+00  0.00000000E+00  0.00000000E+00  0.00000000E+00  0.00000000E+00  0.00000000E+00  0.00000000E+00  0.00000000E+00  0.00000000E+00  0.00000000E+00  0.00000000E+00  0.00000000E+00  0.00000000E+00  0.00000000E+00  0.00000000E+00  0.00000000E+00  0.00000000E+00  0.00000000E+00  0.00000000E+00  0.00000000E+00  0.00000000E+00  0.00000000E+00  0.00000000E+00  0.00000000E+00  0.00000000E+00  0.00000000E+00  0.00000000E+00  0.00000000E+00  0.00000000E+00  0.00000000E+00  0.00000000E+00  0.00000000E+00  0.00000000E+00  0.00000000E+00  0.00000000E+00  0.00000000E+00  0.00000000E+00  0.00000000E+00  0.00000000E+00  0.00000000E+00
  2.69606470E-01  2.69814495E-01  2.68515693E-01  2.68764605E-01  2.66859498E-01  2.66518970E-01  2.64668430E-01  2.62849287E-01  2.60767737E-01  2.58403896E-01  2.55502297E-01  2.52803266E-01  2.50116128E-01  2.46930630E-01  2.43441279E-01  2.39773981E-01  2.36327926E-01  2.32239691E-01  2.27946676E-01  2.23986387E-01  2.19755987E-01  2.14630446E-01  2.10217411E-01  2.05502667E-01  2.00102100E-01  1.95078470E-01  1.89930849E-01  1.84488287E-01  1.79367310E-01  1.73600872E-01  1.68333886E-01  1.62587214E-01  1.56818546E-01  1.51177301E-01  1.45800870E-01  1.39977780E-01  1.34405748E-01  1.28904334E-01  1.23155123E-01  1.17829927E-01  1.12246483E-01  1.07006768E-01  1.01453299E-01  9.61871505E-02  9.12011506E-02  8.60828667E-02  8.12891084E-02  7.64002024E-02  7.15648005E-02  6.69561796E-02  6.26647737E-02  5.84578288E-02  5.44036969E-02  5.03215132E-02  4.64777215E-02  4.29676682E-02  3.95200486E-02  3.62631857E-02  3.32465755E-02  3.02357503E-02  2.73878028E-02  2.48493000E-02  2.24029111E-02  2.01157138E-02  1.79915173E-02  1.61011178E-02  1.42349935E-02  1.26193929E-02  1.10912341E-02  9.67611487E-03  8.44761594E-03  7.31619706E-03  6.30909369E-03  5.38906302E-03  4.55266163E-03  3.86307535E-03  3.24588858E-03  2.72141878E-03  2.25399609E-03  1.84085840E-03  1.49963717E-03  1.21785217E-03  9.70648009E-04  7.62314937E-04  6.00313721E-04  4.66818790E-04  3.56969953E-04  2.68548764E-04  1.97637857E-04  1.47881037E-04  1.07165771E-04  7.71678982E-05  5.22578285E-05  3.64235334E-05  2.62795518E-05  1.77544855E-05  1.07846179E-05  6.76514533E-06  4.34995525E-06  2.65726437E-06  1.55302570E-06  1.01467573E-06  7.00704550E-07  2.00105889E-07  8.07444817E-08  6.12280429E-08  2.50194168E-08  0.00000000E+00  1.11628316E-09  0.00000000E+00  0.00000000E+00  0.00000000E+00  0.00000000E+00  0.00000000E+00  0.00000000E+00  0.00000000E+00  0.00000000E+00  0.00000000E+00  0.00000000E+00  0.00000000E+00  0.00000000E+00  0.00000000E+00  0.00000000E+00  0.00000000E+00  0.00000000E+00  0.00000000E+00  0.00000000E+00  0.00000000E+00  0.00000000E+00  0.00000000E+00  0.00000000E+00  0.00000000E+00  0.00000000E+00  0.00000000E+00  0.00000000E+00  0.00000000E+00  0.00000000E+00  0.00000000E+00  0.00000000E+00  0.00000000E+00  0.00000000E+00  0.00000000E+00  0.00000000E+00  0.00000000E+00  0.00000000E+00  0.00000000E+00  0.00000000E+00  0.00000000E+00  0.00000000E+00  0.00000000E+00  0.00000000E+00  0.00000000E+00  0.00000000E+00  0.00000000E+00  0.00000000E+00  0.00000000E+00  0.00000000E+00  0.00000000E+00  0.00000000E+00  0.00000000E+00  0.00000000E+00  0.00000000E+00  0.00000000E+00  0.00000000E+00  0.00000000E+00  0.00000000E+00  0.00000000E+00  0.00000000E+00  0.00000000E+00  0.00000000E+00  0.00000000E+00  0.00000000E+00  0.00000000E+00  0.00000000E+00  0.00000000E+00  0.00000000E+00  0.00000000E+00  0.00000000E+00  0.00000000E+00  0.00000000E+00  0.00000000E+00  0.00000000E+00  0.00000000E+00  0.00000000E+00  0.00000000E+00  0.00000000E+00  0.00000000E+00  0.00000000E+00  0.00000000E+00  0.00000000E+00  0.00000000E+00  0.00000000E+00  0.00000000E+00  0.00000000E+00  0.00000000E+00  0.00000000E+00  0.00000000E+00  0.00000000E+00  0.00000000E+00  0.00000000E+00
  2.70371443E-01  2.69607547E-01  2.68650181E-01  2.68464536E-01  2.67023948E-01  2.65277729E-01  2.63846625E-01  2.62211126E-01  2.60485816E-01  2.58217062E-01  2.55796872E-01  2.53128923E-01  2.49990561E-01  2.47102337E-01  2.43859672E-01  2.40110230E-01  2.36344368E-01  2.32472136E-01  2.28398077E-01  2.24089154E-01  2.19664657E-01  2.14994544E-01  2.10431407E-01  2.05137178E-01  2.00258202E-01  1.95175726E-01  1.89913411E-01  1.84619603E-01  1.79207381E-01  1.73905653E-01  1.67917002E-01  1.62632050E-01  1.57033452E-01  1.51306625E-01  1.45784758E-01  1.40066593E-01  1.34663846E-01  1.28851951E-01  1.23235315E-01  1.17627544E-01  1.12233811E-01  1.06858052E-01  1.01638677E-01  9.62703350E-02  9.12197436E-02  8.60455538E-02  8.11726991E-02  7.63098808E-02  7.15844481E-02  6.71004055E-02  6.28357210E-02  5.84807657E-02  5.42797042E-02  5.03388604E-02  4.65326788E-02  4.29485303E-02  3.94225492E-02  3.62488961E-02  3.31653790E-02  3.01743851E-02  2.73894958E-02  2.48479759E-02  2.23872137E-02  2.01016204E-02  1.79745065E-02  1.60058381E-02  1.42729458E-02  1.25597030E-02  1.10467745E-02  9.65613439E-03  8.41469796E-03  7.27309306E-03  6.27545276E-03  5.37947805E-03  4.59069932E-03  3.87399564E-03  3.23616758E-03  2.70961863E-03  2.24248717E-03  1.83819383E-03  1.49453823E-03  1.20117968E-03  9.60252524E-04  7.61796625E-04  6.00092510E-04  4.62636604E-04  3.54751113E-04  2.64535532E-04  2.01566966E-04  1.44499242E-04  1.00900713E-04  7.34633590E-05  5.24633996E-05  3.57857815E-05  2.49649975E-05  1.75181705E-05  1.03193958E-05  6.76762978E-06  4.08476906E-06  2.77493221E-06  1.45340067E-06  7.81192916E-07  5.09674923E-07  2.44963935E-07  1.87759895E-07  6.08453677E-08  1.59214471E-08  3.15466812E-08  1.00465484E-08  0.00000000E+00  0.00000000E+00  0.00000000E+00  0.00000000E+00  0.00000000E+00  0.00000000E+00  0.00000000E+00  0.00000000E+00  0.00000000E+00  0.00000000E+00  0.00000000E+00  0.00000000E+00  0.00000000E+00  0.00000000E+00  0.00000000E+00  0.00000000E+00  0.00000000E+00  0.00000000E+00  0.00000000E+00  0.00000000E+00  0.00000000E+00  0.00000000E+00  0.00000000E+00  0.00000000E+00  0.00000000E+00  0.00000000E+00  0.00000000E+00  0.00000000E+00  0.00000000E+00  0.00000000E+00  0.00000000E+00  0.00000000E+00  0.00000000E+00  0.00000000E+00  0.00000000E+00  0.00000000E+00  0.00000000E+00  0.00000000E+00  0.00000000E+00  0.00000000E+00  0.00000000E+00  0.00000000E+00  0.00000000E+00  0.00000000E+00  0.00000000E+00  0.00000000E+00  0.00000000E+00  0.00000000E+00  0.00000000E+00  0.00000000E+00  0.00000000E+00  0.00000000E+00  0.00000000E+00  0.00000000E+00  0.00000000E+00  0.00000000E+00  0.00000000E+00  0.00000000E+00  0.00000000E+00  0.00000000E+00  0.00000000E+00  0.00000000E+00  0.00000000E+00  0.00000000E+00  0.00000000E+00  0.00000000E+00  0.00000000E+00  0.00000000E+00  0.00000000E+00  0.00000000E+00  0.00000000E+00  0.00000000E+00  0.00000000E+00  0.00000000E+00  0.00000000E+00  0.00000000E+00  0.00000000E+00  0.00000000E+00  0.00000000E+00  0.00000000E+00  0.00000000E+00  0.00000000E+00  0.00000000E+00  0.00000000E+00  0.00000000E+00  0.00000000E+00  0.00000000E+00  0.00000000E+00  0.00000000E+00  0.00000000E+00  0.00000000E+00
  2.62993013E-01  2.62147887E-01  2.61452166E-01  2.60505183E-01  2.60522330E-01  2.58152726E-01  2.57823291E-01  2.55508747E-01  2.53550615E-01  2.51723535E-01  2.49077439E-01  2.46488117E-01  2.43315495E-01  2.40266082E-01  2.36913843E-01  2.33102166E-01  2.29923408E-01  2.26012716E-01  2.21562107E-01  2.17492363E-01  2.13500312E-01  2.08981339E-01  2.04066273E-01  1.99366349E-01  1.94322491E-01  1.89169530E-01  1.84323455E-01  1.78913260E-01  1.73642362E-01  1.68454003E-01  1.63008786E-01  1.57742986E-01  1.52021438E-01  1.46627673E-01  1.41143657E-01  1.35492661E-01  1.30135775E-01  1.24614949E-01  1.19037675E-01  1.13756698E-01  1.08440377E-01  1.03049676E-01  9.78397726E-02  9.28089592E-02  8.79114108E-02  8.30532645E-02  7.80401024E-02  7.33921492E-02  6.89742795E-02  6.44476630E-02  6.02819313E-02  5.61960732E-02  5.22275355E-02  4.83329208E-02  4.47023488E-02  4.12441845E-02  3.78409649E-02  3.46511987E-02  3.16913774E-02  2.88668042E-02  2.62018219E-02  2.37285988E-02  2.13477551E-02  1.91809737E-02  1.71190338E-02  1.52470039E-02  1.35293153E-02  1.19640127E-02  1.05071992E-02  9.17982037E-03  8.00694062E-03  6.96077792E-03  5.97409709E-03  5.09968908E-03  4.32117370E-03  3.65239749E-03  3.08067007E-03  2.54223115E-03  2.11735174E-03  1.73668126E-03  1.41498134E-03  1.13785470E-03  9.14731722E-04  7.16096699E-04  5.64073304E-04  4.35440352E-04  3.31064510E-04  2.52535518E-04  1.86631061E-04  1.40375409E-04  1.00799894E-04  7.08071744E-05  5.30556713E-05  3.34843479E-05  2.35872147E-05  1.55392966E-05  9.98972400E-06  6.85375723E-06  3.81097559E-06  2.47386485E-06  1.50964061E-06  7.52952235E-07  3.27310557E-07  3.12446037E-07  1.68443034E-07  3.90328774E-08  9.70450107E-08  0.00000000E+00  2.53024183E-08  9.21740659E-09  0.00000000E+00  0.00000000E+00  0.00000000E+00  0.00000000E+00  0.00000000E+00  0.00000000E+00  0.00000000E+00  0.00000000E+00  0.00000000E+00  0.00000000E+00  0.00000000E+00  0.00000000E+00  0.00000000E+00  0.00000000E+00  0.00000000E+00  0.00000000E+00  0.00000000E+00  0.00000000E+00  0.00000000E+00  0.00000000E+00  0.00000000E+00  0.00000000E+00  0.00000000E+00  0.00000000E+00  0.00000000E+00  0.00000000E+00  0.00000000E+00  0.00000000E+00  0.00000000E+00  0.00000000E+00  0.00000000E+00  0.00000000E+00  0.00000000E+00  0.00000000E+00  0.00000000E+00  0.00000000E+00  0.00000000E+00  0.00000000E+00  0.00000000E+00  0.00000000E+00  0.00000000E+00  0.00000000E+00  0.00000000E+00  0.00000000E+00  0.00000000E+00  0.00000000E+00  0.00000000E+00  0.00000000E+00  0.00000000E+00  0.00000000E+00  0.00000000E+00  0.00000000E+00  0.00000000E+00  0.00000000E+00  0.00000000E+00  0.00000000E+00  0.00000000E+00  0.00000000E+00  0.00000000E+00  0.00000000E+00  0.00000000E+00  0.00000000E+00  0.00000000E+00  0.00000000E+00  0.00000000E+00  0.00000000E+00  0.00000000E+00  0.00000000E+00  0.00000000E+00  0.00000000E+00  0.00000000E+00  0.00000000E+00  0.00000000E+00  0.00000000E+00  0.00000000E+00  0.00000000E+00  0.00000000E+00  0.00000000E+00  0.00000000E+00  0.00000000E+00  0.00000000E+00  0.00000000E+00  0.00000000E+00  0.00000000E+00  0.00000000E+00  0.00000000E+00  0.00000000E+00  0.00000000E+00  0.00000000E+00  0.00000000E+00
  2.68729020E-01  2.69193112E-01  2.68456523E-01  2.67283521E-01  2.66722744E-01  2.65328385E-01  2.63978766E-01  2.62073559E-01  2.60019298E-01  2.57853384E-01  2.55493069E-01  2.52670213E-01  2.49640766E-01  2.46676512E-01  2.43409399E-01  2.40226098E-01  2.35904411E-01  2.31986984E-01  2.27958135E-01  2.23403300E-01  2.19011295E-01  2.14629999E-01  2.10178123E-01  2.04965795E-01  1.99997753E-01  1.94895021E-01  1.89431438E-01  1.84505294E-01  1.79084451E-01  1.73354485E-01  1.67948964E-01  1.62446583E-01  1.56704982E-01  1.51117734E-01  1.45387311E-01  1.40253445E-01  1.34212685E-01  1.28949250E-01  1.23215624E-01  1.17768250E-01  1.12349214E-01  1.07157462E-01  1.01565555E-01  9.64671613E-02  9.10972197E-02  8.59966768E-02  8.10830554E-02  7.64425372E-02  7.16594722E-02  6.72861994E-02  6.26753200E-02  5.84893152E-02  5.42207261E-02  5.04923217E-02  4.67216965E-02  4.31785953E-02  3.96337761E-02  3.63582697E-02  3.33536882E-02  3.02454491E-02  2.75178828E-02  2.49061474E-02  2.24764473E-02  2.01851845E-02  1.80723507E-02  1.61027277E-02  1.43454902E-02  1.26708188E-02  1.11563383E-02  9.73808365E-03  8.50713722E-03  7.36693452E-03  6.32317442E-03  5.45992867E-03  4.64717006E-03  3.89230057E-03  3.29700881E-03  2.73247557E-03  2.27879596E-03  1.86249386E-03  1.50317337E-03  1.24256940E-03  9.71206859E-04  7.67839890E-04  6.06836824E-04  4.68921924E-04  3.51037334E-04  2.65752236E-04  2.09674259E-04  1.49736807E-04  1.06486804E-04  7.74529306E-05  5.51912537E-05  3.50374918E-05  2.58228542E-05  1.69969248E-05  1.16477052E-05  6.45376149E-06  4.49259017E-06  3.05733502E-06  1.58797481E-06  8.98133200E-07  3.39914574E-07  2.46914285E-07  1.08947100E-07  7.50043526E-08  4.92806696E-09  1.87777864E-08  7.51630658E-08  0.00000000E+00  0.00000000E+00  0.00000000E+00  0.00000000E+00  0.00000000E+00  0.00000000E+00  0.00000000E+00  0.00000000E+00  0.00000000E+00  0.00000000E+00  0.00000000E+00  0.00000000E+00  0.00000000E+00  0.00000000E+00  0.00000000E+00  0.00000000E+00  0.00000000E+00  0.00000000E+00  0.00000000E+00  0.00000000E+00  0.00000000E+00  0.00000000E+00  0.00000000E+00  0.00000000E+00  0.00000000E+00  0.00000000E+00  0.00000000E+00  0.00000000E+00  0.00000000E+00  0.00000000E+00  0.00000000E+00  0.00000000E+00  0.00000000E+00  0.00000000E+00  0.00000000E+00  0.00000000E+00  0.00000000E+00  0.00000000E+00  0.00000000E+00  0.00000000E+00  0.00000000E+00  0.00000000E+00  0.00000000E+00  0.00000000E+00  0.00000000E+00  0.00000000E+00  0.00000000E+00  0.00000000E+00  0.00000000E+00  0.00000000E+00  0.00000000E+00  0.00000000E+00  0.00000000E+00  0.00000000E+00  0.00000000E+00  0.00000000E+00  0.00000000E+00  0.00000000E+00  0.00000000E+00  0.00000000E+00  0.00000000E+00  0.00000000E+00  0.00000000E+00  0.00000000E+00  0.00000000E+00  0.00000000E+00  0.00000000E+00  0.00000000E+00  0.00000000E+00  0.00000000E+00  0.00000000E+00  0.00000000E+00  0.00000000E+00  0.00000000E+00  0.00000000E+00  0.00000000E+00  0.00000000E+00  0.00000000E+00  0.00000000E+00  0.00000000E+00  0.00000000E+00  0.00000000E+00  0.00000000E+00  0.00000000E+00  0.00000000E+00  0.00000000E+00  0.00000000E+00  0.00000000E+00  0.00000000E+00  0.00000000E+00  0.00000000E+00
  2.66926157E-01  2.68858830E-01  2.67917473E-01  2.67825662E-01  2.66553575E-01  2.65165714E-01  2.63589149E-01  2.62176331E-01  2.60408334E-01  2.57409149E-01  2.55697987E-01  2.52544378E-01  2.49583996E-01  2.47076738E-01  2.43029112E-01  2.39569286E-01  2.35965004E-01  2.32181504E-01  2.27435559E-01  2.23749290E-01  2.18993054E-01  2.14334388E-01  2.09475000E-01  2.04583786E-01  1.99598950E-01  1.94480767E-01  1.89359900E-01  1.83962181E-01  1.78722818E-01  1.73096000E-01  1.67607922E-01  1.62094133E-01  1.56498688E-01  1.51140675E-01  1.45220821E-01  1.39909852E-01  1.34071446E-01  1.28716180E-01  1.23009962E-01  1.17408381E-01  1.11834424E-01  1.06549737E-01  1.01008510E-01  9.61375484E-02  9.07775260E-02  8.57287222E-02  8.10626635E-02  7.61565368E-02  7.13930778E-02  6.69183455E-02  6.24971921E-02  5.83027093E-02  5.41588105E-02  5.02043786E-02  4.64431769E-02  4.29340763E-02  3.94429976E-02  3.61600750E-02  3.30798858E-02  3.00243239E-02  2.72695355E-02  2.47905436E-02  2.23058943E-02  2.00252729E-02  1.79073365E-02  1.60274159E-02  1.41853368E-02  1.25455070E-02  1.09984940E-02  9.69485630E-03  8.36592772E-03  7.27334320E-03  6.24288489E-03  5.36723235E-03  4.53920656E-03  3.85274273E-03  3.22344267E-03  2.71330370E-03  2.23442970E-03  1.83161188E-03  1.48861880E-03  1.21348999E-03  9.69640416E-04  7.56599001E-04  5.94260274E-04  4.64054590E-04  3.57108106E-04  2.64807756E-04  1.97455384E-04  1.45195719E-04  1.06339590E-04  7.61164550E-05  5.42450157E-05  3.75345257E-05  2.59027443E-05  1.54813804E-05  1.05034765E-05  7.24091667E-06  3.74129761E-06  2.33712670E-06  1.86596078E-06  7.62100625E-07  6.90069911E-07  1.68510223E-07  1.07788088E-07  2.41468094E-07  5.45878185E-08  0.00000000E+00  0.00000000E+00  0.00000000E+00  0.00000000E+00  0.00000000E+00  0.00000000E+00  0.00000000E+00  0.00000000E+00  0.00000000E+00  0.00000000E+00  0.00000000E+00  0.00000000E+00  0.00000000E+00  0.00000000E+00  0.00000000E+00  0.00000000E+00  0.00000000E+00  0.00000000E+00  0.00000000E+00  0.00000000E+00  0.00000000E+00  0.00000000E+00  0.00000000E+00  0.00000000E+00  0.00000000E+00  0.00000000E+00  0.00000000E+00  0.00000000E+00  0.00000000E+00  0.00000000E+00  0.00000000E+00  0.00000000E+00  0.00000000E+00  0.00000000E+00  0.00000000E+00  0.00000000E+00  0.00000000E+00  0.00000000E+00  0.00000000E+00  0.00000000E+00  0.00000000E+00  0.00000000E+00  0.00000000E+00  0.00000000E+00  0.00000000E+00  0.00000000E+00  0.00000000E+00  0.00000000E+00  0.00000000E+00  0.00000000E+00  0.00000000E+00  0.00000000E+00  0.00000000E+00  0.00000000E+00  0.00000000E+00  0.00000000E+00  0.00000000E+00  0.00000000E+00  0.00000000E+00  0.00000000E+00  0.00000000E+00  0.00000000E+00  0.00000000E+00  0.00000000E+00  0.00000000E+00  0.00000000E+00  0.00000000E+00  0.00000000E+00  0.00000000E+00  0.00000000E+00  0.00000000E+00  0.00000000E+00  0.00000000E+00  0.00000000E+00  0.00000000E+00  0.00000000E+00  0.00000000E+00  0.00000000E+00  0.00000000E+00  0.00000000E+00  0.00000000E+00  0.00000000E+00  0.00000000E+00  0.00000000E+00  0.00000000E+00  0.00000000E+00  0.00000000E+00  0.00000000E+00  0.00000000E+00  0.00000000E+00  0.00000000E+00  0.00000000E+00  0.00000000E+00
  2.60915538E-01  2.62581566E-01  2.62071815E-01  2.60730068E-01  2.60423436E-01  2.58973971E-01  2.57480810E-01  2.56195215E-01  2.53740697E-01  2.51431304E-01  2.49050009E-01  2.46398821E-01  2.43084737E-01  2.40191384E-01  2.37408191E-01  2.33441038E-01  2.30117019E-01  2.25883170E-01  2.21670571E-01  2.17868154E-01  2.13089197E-01  2.08713053E-01  2.04124465E-01  1.99518369E-01  1.94507186E-01  1.89356159E-01  1.84259399E-01  1.79150502E-01  1.74092926E-01  1.68653667E-01  1.62940868E-01  1.57693172E-01  1.52326019E-01  1.46685031E-01  1.41188166E-01  1.35761208E-01  1.30371777E-01  1.24863616E-01  1.19286967E-01  1.13825486E-01  1.08554963E-01  1.03287005E-01  9.80495031E-02  9.29327507E-02  8.79312114E-02  8.30205949E-02  7.82003012E-02  7.35723463E-02  6.89570967E-02  6.45777816E-02  6.04158952E-02  5.61675045E-02  5.22965090E-02  4.83787625E-02  4.47527912E-02  4.13099876E-02  3.79838684E-02  3.47042078E-02  3.17639377E-02  2.88717113E-02  2.62462560E-02  2.37310323E-02  2.13738155E-02  1.92264131E-02  1.71626132E-02  1.53104160E-02  1.35835992E-02  1.19963069E-02  1.05393674E-02  9.20671874E-03  8.03025860E-03  6.93501931E-03  5.96211238E-03  5.10116116E-03  4.34135820E-03  3.66706838E-03  3.05874345E-03  2.56679675E-03  2.11627892E-03  1.72659886E-03  1.40945110E-03  1.14644136E-03  9.07420187E-04  7.14472622E-04  5.60579314E-04  4.22164259E-04  3.30793339E-04  2.52043207E-04  1.86531613E-04  1.38982905E-04  1.00207471E-04  7.15713790E-05  5.19863525E-05  3.45754779E-05  2.41579799E-05  1.49487205E-05  9.28561539E-06  6.36970441E-06  4.30937807E-06  2.26043973E-06  1.27584315E-06  7.74828818E-07  4.66742491E-07  1.03368539E-07  1.12424135E-07  4.43903311E-08  3.79082073E-10  9.01333748E-09  7.06979332E-09  0.00000000E+00  0.00000000E+00  0.00000000E+00  0.00000000E+00  0.00000000E+00  0.00000000E+00  0.00000000E+00  0.00000000E+00  0.00000000E+00  0.00000000E+00  0.00000000E+00  0.00000000E+00  0.00000000E+00  0.00000000E+00  0.00000000E+00  0.00000000E+00  0.00000000E+00  0.00000000E+00  0.00000000E+00  0.00000000E+00  0.00000000E+00  0.00000000E+00  0.00000000E+00  0.00000000E+00  0.00000000E+00  0.00000000E+00  0.00000000E+00  0.00000000E+00  0.00000000E+00  0.00000000E+00  0.00000000E+00  0.00000000E+00  0.00000000E+00  0.00000000E+00  0.00000000E+00  0.00000000E+00  0.00000000E+00  0.00000000E+00  0.00000000E+00  0.00000000E+00  0.00000000E+00  0.00000000E+00  0.00000000E+00  0.00000000E+00  0.00000000E+00  0.00000000E+00  0.00000000E+00  0.00000000E+00  0.00000000E+00  0.00000000E+00  0.00000000E+00  0.00000000E+00  0.00000000E+00  0.00000000E+00  0.00000000E+00  0.00000000E+00  0.00000000E+00  0.00000000E+00  0.00000000E+00  0.00000000E+00  0.00000000E+00  0.00000000E+00  0.00000000E+00  0.00000000E+00  0.00000000E+00  0.00000000E+00  0.00000000E+00  0.00000000E+00  0.00000000E+00  0.00000000E+00  0.00000000E+00  0.00000000E+00  0.00000000E+00  0.00000000E+00  0.00000000E+00  0.00000000E+00  0.00000000E+00  0.00000000E+00  0.00000000E+00  0.00000000E+00  0.00000000E+00  0.00000000E+00  0.00000000E+00  0.00000000E+00  0.00000000E+00  0.00000000E+00  0.00000000E+00  0.00000000E+00  0.00000000E+00  0.00000000E+00  0.00000000E+00
  2.70089887E-01  2.70633029E-01  2.69693497E-01  2.68929185E-01  2.68170564E-01  2.66183902E-01  2.64800105E-01  2.63435116E-01  2.60245976E-01  2.58691265E-01  2.56300660E-01  2.53340726E-01  2.50201966E-01  2.47437830E-01  2.44146190E-01  2.40122888E-01  2.36377635E-01  2.32088272E-01  2.28197933E-01  2.23917532E-01  2.19281241E-01  2.15133283E-01  2.09994644E-01  2.05065666E-01  2.00345975E-01  1.94899285E-01  1.89969064E-01  1.84065363E-01  1.79342027E-01  1.73419553E-01  1.68050170E-01  1.62518345E-01  1.57057182E-01  1.51061269E-01  1.45546892E-01  1.40033684E-01  1.34409801E-01  1.28650478E-01  1.23152291E-01  1.17693522E-01  1.12204336E-01  1.06765530E-01  1.01418113E-01  9.61503218E-02  9.12503131E-02  8.61519688E-02  8.10996436E-02  7.63633634E-02  7.16379583E-02  6.71990468E-02  6.26089952E-02  5.84262444E-02  5.42569042E-02  5.03434538E-02  4.66335894E-02  4.29311884E-02  3.94616196E-02  3.63069247E-02  3.31681581E-02  3.02122428E-02  2.74679494E-02  2.48436695E-02  2.24725948E-02  2.01835290E-02  1.80056620E-02  1.60304516E-02  1.42687398E-02  1.26317271E-02  1.10874644E-02  9.69023935E-03  8.46115238E-03  7.32152959E-03  6.31304795E-03  5.37704143E-03  4.59957146E-03  3.89661425E-03  3.24900490E-03  2.72808307E-03  2.23937260E-03  1.84930661E-03  1.50662482E-03  1.21633636E-03  9.70726796E-04  7.72397360E-04  6.05663879E-04  4.65452273E-04  3.55016217E-04  2.71942339E-04  1.96646570E-04  1.49509910E-04  1.06998483E-04  7.47923338E-05  5.20815000E-05  3.82124339E-05  2.43609092E-05  1.68853198E-05  9.80731678E-06  7.32704411E-06  4.06017683E-06  2.68444970E-06  1.49517891E-06  1.01308470E-06  3.42671702E-07  3.08935408E-07  5.56325614E-08  3.97982279E-08  4.58689308E-08  3.38000155E-09  8.55817087E-09  0.00000000E+00  0.00000000E+00  0.00000000E+00  0.00000000E+00  0.00000000E+00  0.00000000E+00  0.00000000E+00  0.00000000E+00  0.00000000E+00  0.00000000E+00  0.00000000E+00  0.00000000E+00  0.00000000E+00  0.00000000E+00  0.00000000E+00  0.00000000E+00  0.00000000E+00  0.00000000E+00  0.00000000E+00  0.00000000E+00  0.00000000E+00  0.00000000E+00  0.00000000E+00  0.00000000E+00  0.00000000E+00  0.00000000E+00  0.00000000E+00  0.00000000E+00  0.00000000E+00  0.00000000E+00  0.00000000E+00  0.00000000E+00  0.00000000E+00  0.00000000E+00  0.00000000E+00  0.00000000E+00  0.00000000E+00  0.00000000E+00  0.00000000E+00  0.00000000E+00  0.00000000E+00  0.00000000E+00  0.00000000E+00  0.00000000E+00  0.00000000E+00  0.00000000E+00  0.00000000E+00  0.00000000E+00  0.00000000E+00  0.00000000E+00  0.00000000E+00  0.00000000E+00  0.00000000E+00  0.00000000E+00  0.00000000E+00  0.00000000E+00  0.00000000E+00  0.00000000E+00  0.00000000E+00  0.00000000E+00  0.00000000E+00  0.00000000E+00  0.00000000E+00  0.00000000E+00  0.00000000E+00  0.00000000E+00  0.00000000E+00  0.00000000E+00  0.00000000E+00  0.00000000E+00  0.00000000E+00  0.00000000E+00  0.00000000E+00  0.00000000E+00  0.00000000E+00  0.00000000E+00  0.00000000E+00  0.00000000E+00  0.00000000E+00  0.00000000E+00  0.00000000E+00  0.00000000E+00  0.00000000E+00  0.00000000E+00  0.00000000E+00  0.00000000E+00  0.00000000E+00  0.00000000E+00  0.00000000E+00  0.00000000E+00  0.00000000E+00
  2.71793434E-01  2.70952857E-01  2.70783983E-01  2.68941989E-01  2.68167496E-01  2.66201666E-01  2.65167797E-01  2.63693643E-01  2.61754302E-01  2.59276829E-01  2.56102717E-01  2.53753959E-01  2.51126006E-01  2.47727646E-01  2.44086767E-01  2.40941692E-01  2.36725203E-01  2.32711573E-01  2.28725362E-01  2.24329422E-01  2.19677899E-01  2.15065208E-01  2.10498212E-01  2.05232503E-01  2.00445758E-01  1.95261134E-01  1.90204190E-01  1.84769635E-01  1.79506165E-01  1.73836173E-01  1.68289122E-01  1.62519624E-01  1.57304065E-01  1.51359078E-01  1.45708619E-01  1.40166480E-01  1.34480493E-01  1.28665458E-01  1.23403765E-01  1.17763519E-01  1.12190530E-01  1.06705214E-01  1.01299514E-01  9.61115635E-02  9.10621766E-02  8.57902460E-02  8.10248473E-02  7.61249657E-02  7.15041015E-02  6.68967794E-02  6.24717344E-02  5.82441899E-02  5.41329268E-02  5.02000162E-02  4.64287385E-02  4.28917865E-02  3.94076672E-02  3.61151362E-02  3.30433824E-02  3.00827741E-02  2.73392774E-02  2.47506998E-02  2.23077618E-02  2.00959148E-02  1.79296483E-02  1.60191732E-02  1.41696876E-02  1.25679701E-02  1.10301182E-02  9.65564295E-03  8.39869968E-03  7.26999710E-03  6.28844594E-03  5.33209917E-03  4.54873766E-03  3.87056694E-03  3.25044721E-03  2.70260480E-03  2.25766148E-03  1.83300638E-03  1.50430931E-03  1.21666082E-03  9.69924245E-04  7.62268521E-04  5.97744231E-04  4.65293145E-04  3.53111954E-04  2.64965554E-04  2.02116211E-04  1.45700936E-04  1.07920576E-04  7.51925264E-05  5.39578272E-05  3.59187725E-05  2.44578880E-05  1.78132472E-05  1.07599343E-05  6.61814897E-06  5.04673504E-06  3.24722656E-06  1.48031550E-06  1.02541514E-06  6.82192401E-07  3.75637371E-07  1.20150879E-07  3.17620473E-08  3.71500431E-08  2.25333437E-08  1.19070203E-08  0.00000000E+00  0.00000000E+00  0.00000000E+00  0.00000000E+00  0.00000000E+00  0.00000000E+00  0.00000000E+00  0.00000000E+00  0.00000000E+00  0.00000000E+00  0.00000000E+00  0.00000000E+00  0.00000000E+00  0.00000000E+00  0.00000000E+00  0.00000000E+00  0.00000000E+00  0.00000000E+00  0.00000000E+00  0.00000000E+00  0.00000000E+00  0.00000000E+00  0.00000000E+00  0.00000000E+00  0.00000000E+00  0.00000000E+00  0.00000000E+00  0.00000000E+00  0.00000000E+00  0.00000000E+00  0.00000000E+00  0.00000000E+00  0.00000000E+00  0.00000000E+00  0.00000000E+00  0.00000000E+00  0.00000000E+00  0.00000000E+00  0.00000000E+00  0.00000000E+00  0.00000000E+00  0.00000000E+00  0.00000000E+00  0.00000000E+00  0.00000000E+00  0.00000000E+00  0.00000000E+00  0.00000000E+00  0.00000000E+00  0.00000000E+00  0.00000000E+00  0.00000000E+00  0.00000000E+00  0.00000000E+00  0.00000000E+00  0.00000000E+00  0.00000000E+00  0.00000000E+00  0.00000000E+00  0.00000000E+00  0.00000000E+00  0.00000000E+00  0.00000000E+00  0.00000000E+00  0.00000000E+00  0.00000000E+00  0.00000000E+00  0.00000000E+00  0.00000000E+00  0.00000000E+00  0.00000000E+00  0.00000000E+00  0.00000000E+00  0.00000000E+00  0.00000000E+00  0.00000000E+00  0.00000000E+00  0.00000000E+00  0.00000000E+00  0.00000000E+00  0.00000000E+00  0.00000000E+00  0.00000000E+00  0.00000000E+00  0.00000000E+00  0.00000000E+00  0.00000000E+00  0.00000000E+00  0.00000000E+00  0.00000000E+00  0.00000000E+00
  2.72622115E-01  2.69292616E-01  2.69570523E-01  2.68949729E-01  2.67627862E-01  2.66224818E-01  2.64931880E-01  2.62230747E-01  2.60844478E-01  2.58283463E-01  2.55992093E-01  2.53158907E-01  2.50325424E-01  2.47419092E-01  2.44229017E-01  2.40253272E-01  2.36446806E-01  2.32820719E-01  2.28019138E-01  2.23611765E-01  2.19691813E-01  2.14993838E-01  2.10064210E-01  2.05417713E-01  2.00181099E-01  1.95285790E-01  1.89982237E-01  1.84612721E-01  1.79083983E-01  1.73817998E-01  1.67849316E-01  1.62536341E-01  1.56701988E-01  1.51158156E-01  1.45648432E-01  1.39854048E-01  1.34411873E-01  1.28557167E-01  1.23206169E-01  1.17772168E-01  1.12058149E-01  1.06767822E-01  1.01447116E-01  9.61657588E-02  9.11186342E-02  8.61788860E-02  8.10485289E-02  7.62390144E-02  7.17296125E-02  6.71198266E-02  6.27135050E-02  5.84457383E-02  5.42535645E-02  5.04984968E-02  4.65000210E-02  4.29966983E-02  3.95599299E-02  3.62822028E-02  3.31975705E-02  3.02436646E-02  2.74791095E-02  2.48429107E-02  2.23285790E-02  2.01507003E-02  1.80381557E-02  1.60941805E-02  1.42184008E-02  1.25615482E-02  1.10464798E-02  9.67370532E-03  8.43696970E-03  7.29381616E-03  6.27852161E-03  5.40253637E-03  4.62580800E-03  3.88419243E-03  3.23313412E-03  2.71488473E-03  2.27560681E-03  1.83909319E-03  1.50238298E-03  1.21011111E-03  9.61018863E-04  7.80515323E-04  6.01629521E-04  4.57997338E-04  3.54962543E-04  2.71217484E-04  1.98201700E-04  1.41810315E-04  1.07798344E-04  7.69433138E-05  5.41974419E-05  3.74732117E-05  2.44459258E-05  1.74665955E-05  1.10624123E-05  7.31876263E-06  4.48685198E-06  2.07541720E-06  1.19469696E-06  6.33625415E-07  3.29673810E-07  4.15814577E-07  1.37149718E-07  7.65350536E-08  1.34953218E-07  0.00000000E+00  0.00000000E+00  2.61774347E-08  0.00000000E+00  0.00000000E+00  0.00000000E+00  0.00000000E+00  0.00000000E+00  0.00000000E+00  0.00000000E+00  0.00000000E+00  0.00000000E+00  0.00000000E+00  0.00000000E+00  0.00000000E+00  0.00000000E+00  0.00000000E+00  0.00000000E+00  0.00000000E+00  0.00000000E+00  0.00000000E+00  0.00000000E+00  0.00000000E+00  0.00000000E+00  0.00000000E+00  0.00000000E+00  0.00000000E+00  0.00000000E+00  0.00000000E+00  0.00000000E+00  0.00000000E+00  0.00000000E+00  0.00000000E+00  0.00000000E+00  0.00000000E+00  0.00000000E+00  0.00000000E+00  0.00000000E+00  0.00000000E+00  0.00000000E+00  0.00000000E+00  0.00000000E+00  0.00000000E+00  0.00000000E+00  0.00000000E+00  0.00000000E+00  0.00000000E+00  0.00000000E+00  0.00000000E+00  0.00000000E+00  0.00000000E+00  0.00000000E+00  0.00000000E+00  0.00000000E+00  0.00000000E+00  0.00000000E+00  0.00000000E+00  0.00000000E+00  0.00000000E+00  0.00000000E+00  0.00000000E+00  0.00000000E+00  0.00000000E+00  0.00000000E+00  0.00000000E+00  0.00000000E+00  0.00000000E+00  0.00000000E+00  0.00000000E+00  0.00000000E+00  0.00000000E+00  0.00000000E+00  0.00000000E+00  0.00000000E+00  0.00000000E+00  0.00000000E+00  0.00000000E+00  0.00000000E+00  0.00000000E+00  0.00000000E+00  0.00000000E+00  0.00000000E+00  0.00000000E+00  0.00000000E+00  0.00000000E+00  0.00000000E+00  0.00000000E+00  0.00000000E+00  0.00000000E+00  0.00000000E+00  0.00000000E+00  0.00000000E+00  0.00000000E+00
  2.61464600E-01  2.61166546E-01  2.61995237E-01  2.60432201E-01  2.60032498E-01  2.58558959E-01  2.57346750E-01  2.55765300E-01  2.53453997E-01  2.50875340E-01  2.49006107E-01  2.46277241E-01  2.43378547E-01  2.40044803E-01  2.36789554E-01  2.33774265E-01  2.29926491E-01  2.26177822E-01  2.21677399E-01  2.17666696E-01  2.13545173E-01  2.08752952E-01  2.03920845E-01  1.99257760E-01  1.94598014E-01  1.89348602E-01  1.84430581E-01  1.79197385E-01  1.73845602E-01  1.68491377E-01  1.63249895E-01  1.57751355E-01  1.52024583E-01  1.46813415E-01  1.41036216E-01  1.35533238E-01  1.30096883E-01  1.24494460E-01  1.19135533E-01  1.13666348E-01  1.08305642E-01  1.03224653E-01  9.79395481E-02  9.29529739E-02  8.79069599E-02  8.29628014E-02  7.80506912E-02  7.35861697E-02  6.89416212E-02  6.44954801E-02  6.01749808E-02  5.61345639E-02  5.21660420E-02  4.83101063E-02  4.45811203E-02  4.12350123E-02  3.78297672E-02  3.46782200E-02  3.16863651E-02  2.88124910E-02  2.61748632E-02  2.36869038E-02  2.13435758E-02  1.91668491E-02  1.71166715E-02  1.52581602E-02  1.35349413E-02  1.19094540E-02  1.05021371E-02  9.19740872E-03  7.95851054E-03  6.90344595E-03  5.94147855E-03  5.08369673E-03  4.31561209E-03  3.64720471E-03  3.07903512E-03  2.55061763E-03  2.10096575E-03  1.72723517E-03  1.40480904E-03  1.14416119E-03  9.07731909E-04  7.23048943E-04  5.61299325E-04  4.33346189E-04  3.34538856E-04  2.52110110E-04  1.89502280E-04  1.38728492E-04  1.00570152E-04  6.88785726E-05  5.22757232E-05  3.52969968E-05  2.29724459E-05  1.48054096E-05  9.58893015E-06  6.35521181E-06  3.48061999E-06  2.63007904E-06  1.31480939E-06  7.97103159E-07  3.84028632E-07  1.86453441E-07  9.85159943E-08  4.32423053E-08  1.97122678E-08  5.33289134E-08  0.00000000E+00  0.00000000E+00  0.00000000E+00  0.00000000E+00  0.00000000E+00  0.00000000E+00  0.00000000E+00  0.00000000E+00  0.00000000E+00  0.00000000E+00  0.00000000E+00  0.00000000E+00  0.00000000E+00  0.00000000E+00  0.00000000E+00  0.00000000E+00  0.00000000E+00  0.00000000E+00  0.00000000E+00  0.00000000E+00  0.00000000E+00  0.00000000E+00  0.00000000E+00  0.00000000E+00  0.00000000E+00  0.00000000E+00  0.00000000E+00  0.00000000E+00  0.00000000E+00  0.00000000E+00  0.00000000E+00  0.00000000E+00  0.00000000E+00  0.00000000E+00  0.00000000E+00  0.00000000E+00  0.00000000E+00  0.00000000E+00  0.00000000E+00  0.00000000E+00  0.00000000E+00  0.00000000E+00  0.00000000E+00  0.00000000E+00  0.00000000E+00  0.00000000E+00  0.00000000E+00  0.00000000E+00  0.00000000E+00  0.00000000E+00  0.00000000E+00  0.00000000E+00  0.00000000E+00  0.00000000E+00  0.00000000E+00  0.00000000E+00  0.00000000E+00  0.00000000E+00  0.00000000E+00  0.00000000E+00  0.00000000E+00  0.00000000E+00  0.00000000E+00  0.00000000E+00  0.00000000E+00  0.00000000E+00  0.00000000E+00  0.00000000E+00  0.00000000E+00  0.00000000E+00  0.00000000E+00  0.00000000E+00  0.00000000E+00  0.00000000E+00  0.00000000E+00  0.00000000E+00  0.00000000E+00  0.00000000E+00  0.00000000E+00  0.00000000E+00  0.00000000E+00  0.00000000E+00  0.00000000E+00  0.00000000E+00  0.00000000E+00  0.00000000E+00  0.00000000E+00  0.00000000E+00  0.00000000E+00  0.00000000E+00  0.00000000E+00  0.00000000E+00
  2.70792122E-01  2.69224280E-01  2.69092435E-01  2.67553542E-01  2.67438786E-01  2.65841663E-01  2.64164100E-01  2.61982189E-01  2.60901180E-01  2.58184041E-01  2.56061814E-01  2.52846837E-01  2.50687182E-01  2.47038911E-01  2.43512897E-01  2.39895814E-01  2.36225625E-01  2.32258191E-01  2.28241295E-01  2.23551735E-01  2.19113905E-01  2.14607919E-01  2.10233147E-01  2.05050714E-01  2.00162802E-01  1.95187313E-01  1.89872369E-01  1.84484205E-01  1.79260950E-01  1.73827532E-01  1.67882861E-01  1.62743744E-01  1.57106082E-01  1.51417631E-01  1.45794498E-01  1.40055490E-01  1.34556513E-01  1.28896207E-01  1.23408872E-01  1.17834302E-01  1.12138561E-01  1.06820345E-01  1.01504010E-01  9.61694638E-02  9.10931725E-02  8.60409966E-02  8.12162760E-02  7.63359392E-02  7.17016824E-02  6.70441568E-02  6.27843978E-02  5.83239262E-02  5.43299880E-02  5.04049728E-02  4.65574548E-02  4.29589397E-02  3.95301195E-02  3.62381964E-02  3.31803243E-02  3.02018240E-02  2.74348975E-02  2.48539504E-02  2.23990457E-02  2.01670011E-02  1.80169374E-02  1.60474412E-02  1.42178823E-02  1.26348092E-02  1.10741711E-02  9.70498189E-03  8.44824873E-03  7.31928512E-03  6.31742597E-03  5.40308071E-03  4.59564804E-03  3.86799755E-03  3.24492492E-03  2.70640500E-03  2.25646368E-03  1.84824829E-03  1.49588932E-03  1.21499243E-03  9.57466595E-04  7.66046589E-04  5.97757131E-04  4.63284449E-04  3.58484962E-04  2.71628127E-04  1.97677545E-04  1.48139961E-04  1.09420817E-04  7.65532694E-05  5.52645784E-05  3.75772727E-05  2.52127848E-05  1.67191806E-05  1.10193207E-05  5.97757608E-06  3.84130600E-06  3.02771519E-06  1.39916930E-06  8.83018469E-07  5.38427836E-07  2.50034844E-07  2.20598560E-07  1.24369462E-07  3.79082073E-09  6.76000312E-09  0.00000000E+00  0.00000000E+00  0.00000000E+00  0.00000000E+00  0.00000000E+00  0.00000000E+00  0.00000000E+00  0.00000000E+00  0.00000000E+00  0.00000000E+00  0.00000000E+00  0.00000000E+00  0.00000000E+00  0.00000000E+00  0.00000000E+00  0.00000000E+00  0.00000000E+00  0.00000000E+00  0.00000000E+00  0.00000000E+00  0.00000000E+00  0.00000000E+00  0.00000000E+00  0.00000000E+00  0.00000000E+00  0.00000000E+00  0.00000000E+00  0.00000000E+00  0.00000000E+00  0.00000000E+00  0.00000000E+00  0.00000000E+00  0.00000000E+00  0.00000000E+00  0.00000000E+00  0.00000000E+00  0.00000000E+00  0.00000000E+00  0.00000000E+00  0.00000000E+00  0.00000000E+00  0.00000000E+00  0.00000000E+00  0.00000000E+00  0.00000000E+00  0.00000000E+00  0.00000000E+00  0.00000000E+00  0.00000000E+00  0.00000000E+00  0.00000000E+00  0.00000000E+00  0.00000000E+00  0.00000000E+00  0.00000000E+00  0.00000000E+00  0.00000000E+00  0.00000000E+00  0.00000000E+00  0.00000000E+00  0.00000000E+00  0.00000000E+00  0.00000000E+00  0.00000000E+00  0.00000000E+00  0.00000000E+00  0.00000000E+00  0.00000000E+00  0.00000000E+00  0.00000000E+00  0.00000000E+00  0.00000000E+00  0.00000000E+00  0.00000000E+00  0.00000000E+00  0.00000000E+00  0.00000000E+00  0.00000000E+00  0.00000000E+00  0.00000000E+00  0.00000000E+00  0.00000000E+00  0.00000000E+00  0.00000000E+00  0.00000000E+00  0.00000000E+00  0.00000000E+00  0.00000000E+00  0.00000000E+00  0.00000000E+00  0.00000000E+00  0.00000000E+00
  2.62668985E-01  2.62713987E-01  2.60932930E-01  2.60621755E-01  2.59246926E-01  2.58735011E-01  2.56792414E-01  2.54712208E-01  2.53254611E-01  2.50862501E-01  2.48922229E-01  2.45933652E-01  2.43414359E-01  2.39894807E-01  2.36899102E-01  2.33515955E-01  2.29767860E-01  2.25845561E-01  2.21680489E-01  2.17540548E-01  2.13324439E-01  2.08399701E-01  2.04041671E-01  1.99203259E-01  1.94292381E-01  1.89345627E-01  1.84227380E-01  1.78918210E-01  1.74191344E-01  1.68384448E-01  1.63096930E-01  1.57806090E-01  1.52292935E-01  1.46668267E-01  1.41231182E-01  1.35585857E-01  1.30018806E-01  1.24363519E-01  1.19158358E-01  1.13758426E-01  1.08361909E-01  1.03280961E-01  9.79681573E-02  9.28794009E-02  8.79331383E-02  8.28983291E-02  7.81752348E-02  7.35181565E-02  6.88756139E-02  6.45213240E-02  6.01478803E-02  5.61233624E-02  5.22706107E-02  4.84522339E-02  4.46464677E-02  4.11660544E-02  3.78594783E-02  3.47257392E-02  3.17108355E-02  2.88863084E-02  2.62306423E-02  2.37118131E-02  2.13451286E-02  1.91684297E-02  1.71866933E-02  1.53146148E-02  1.35540534E-02  1.19591154E-02  1.04909997E-02  9.23894333E-03  7.99029752E-03  6.93209726E-03  5.95437650E-03  5.09130539E-03  4.31542946E-03  3.65685180E-03  3.09420559E-03  2.55532947E-03  2.13572034E-03  1.72540953E-03  1.41698441E-03  1.14507613E-03  9.10085733E-04  7.21214545E-04  5.48331952E-04  4.37957124E-04  3.38425793E-04  2.54044286E-04  1.83979267E-04  1.38060433E-04  1.00231560E-04  7.09399837E-05  4.75004509E-05  3.45387759E-05  2.16006441E-05  1.46092555E-05  9.01702493E-06  5.45128769E-06  3.71629551E-06  2.20566333E-06  1.27584315E-06  5.52483177E-07  3.87573512E-07  2.40673165E-07  8.92439008E-08  3.09966967E-08  7.50582504E-08  0.00000000E+00  2.53024182E-08  0.00000000E+00  0.00000000E+00  0.00000000E+00  0.00000000E+00  0.00000000E+00  0.00000000E+00  0.00000000E+00  0.00000000E+00  0.00000000E+00  0.00000000E+00  0.00000000E+00  0.00000000E+00  0.00000000E+00  0.00000000E+00  0.00000000E+00  0.00000000E+00  0.00000000E+00  0.00000000E+00  0.00000000E+00  0.00000000E+00  0.00000000E+00  0.00000000E+00  0.00000000E+00  0.00000000E+00  0.00000000E+00  0.00000000E+00  0.00000000E+00  0.00000000E+00  0.00000000E+00  0.00000000E+00  0.00000000E+00  0.00000000E+00  0.00000000E+00  0.00000000E+00  0.00000000E+00  0.00000000E+00  0.00000000E+00  0.00000000E+00  0.00000000E+00  0.00000000E+00  0.00000000E+00  0.00000000E+00  0.00000000E+00  0.00000000E+00  0.00000000E+00  0.00000000E+00  0.00000000E+00  0.00000000E+00  0.00000000E+00  0.00000000E+00  0.00000000E+00  0.00000000E+00  0.00000000E+00  0.00000000E+00  0.00000000E+00  0.00000000E+00  0.00000000E+00  0.00000000E+00  0.00000000E+00  0.00000000E+00  0.00000000E+00  0.00000000E+00  0.00000000E+00  0.00000000E+00  0.00000000E+00  0.00000000E+00  0.00000000E+00  0.00000000E+00  0.00000000E+00  0.00000000E+00  0.00000000E+00  0.00000000E+00  0.00000000E+00  0.00000000E+00  0.00000000E+00  0.00000000E+00  0.00000000E+00  0.00000000E+00  0.00000000E+00  0.00000000E+00  0.00000000E+00  0.00000000E+00  0.00000000E+00  0.00000000E+00  0.00000000E+00  0.00000000E+00  0.00000000E+00  0.00000000E+00  0.00000000E+00  0.00000000E+00  0.00000000E+00
  2.67167341E-01  2.71347429E-01  2.68485381E-01  2.67632418E-01  2.67077822E-01  2.65745379E-01  2.64352135E-01  2.62619365E-01  2.60735079E-01  2.58079477E-01  2.55552966E-01  2.53234824E-01  2.50178508E-01  2.47182803E-01  2.43464559E-01  2.39886302E-01  2.36387332E-01  2.32247187E-01  2.28139522E-01  2.23754911E-01  2.19705372E-01  2.14877288E-01  2.09873954E-01  2.05297270E-01  2.00268167E-01  1.94825179E-01  1.89855159E-01  1.84647868E-01  1.79319811E-01  1.73604028E-01  1.67911668E-01  1.62728151E-01  1.57202505E-01  1.51534563E-01  1.45779377E-01  1.40129913E-01  1.34430839E-01  1.28865542E-01  1.23399818E-01  1.17638976E-01  1.12373353E-01  1.06945259E-01  1.01494408E-01  9.63557868E-02  9.11314100E-02  8.60869651E-02  8.11436763E-02  7.62724273E-02  7.16061825E-02  6.70283937E-02  6.26919182E-02  5.84914734E-02  5.43264844E-02  5.03817818E-02  4.65601319E-02  4.29417572E-02  3.95688368E-02  3.62780343E-02  3.31719062E-02  3.01549067E-02  2.73825904E-02  2.49065052E-02  2.23540949E-02  2.01183980E-02  1.80126605E-02  1.60302223E-02  1.42366472E-02  1.26019611E-02  1.10877621E-02  9.69751448E-03  8.43936054E-03  7.28590377E-03  6.31322391E-03  5.38206572E-03  4.56556937E-03  3.86272349E-03  3.25476256E-03  2.70243237E-03  2.23687826E-03  1.83554145E-03  1.49786129E-03  1.20364957E-03  9.74504659E-04  7.64378998E-04  5.95169007E-04  4.49017229E-04  3.49355702E-04  2.64713631E-04  1.93974704E-04  1.44116269E-04  1.03692866E-04  7.57475895E-05  5.28527189E-05  3.72542948E-05  2.46975581E-05  1.63091171E-05  1.08360768E-05  7.65416278E-06  4.33683939E-06  2.70636026E-06  2.10377537E-06  7.64089405E-07  3.03678026E-07  3.11275828E-07  2.46096817E-07  9.94955698E-08  6.82347732E-09  9.38889321E-09  0.00000000E+00  0.00000000E+00  0.00000000E+00  0.00000000E+00  0.00000000E+00  0.00000000E+00  0.00000000E+00  0.00000000E+00  0.00000000E+00  0.00000000E+00  0.00000000E+00  0.00000000E+00  0.00000000E+00  0.00000000E+00  0.00000000E+00  0.00000000E+00  0.00000000E+00  0.00000000E+00  0.00000000E+00  0.00000000E+00  0.00000000E+00  0.00000000E+00  0.00000000E+00  0.00000000E+00  0.00000000E+00  0.00000000E+00  0.00000000E+00  0.00000000E+00  0.00000000E+00  0.00000000E+00  0.00000000E+00  0.00000000E+00  0.00000000E+00  0.00000000E+00  0.00000000E+00  0.00000000E+00  0.00000000E+00  0.00000000E+00  0.00000000E+00  0.00000000E+00  0.00000000E+00  0.00000000E+00  0.00000000E+00  0.00000000E+00  0.00000000E+00  0.00000000E+00  0.00000000E+00  0.00000000E+00  0.00000000E+00  0.00000000E+00  0.00000000E+00  0.00000000E+00  0.00000000E+00  0.00000000E+00  0.00000000E+00  0.00000000E+00  0.00000000E+00  0.00000000E+00  0.00000000E+00  0.00000000E+00  0.00000000E+00  0.00000000E+00  0.00000000E+00  0.00000000E+00  0.00000000E+00  0.00000000E+00  0.00000000E+00  0.00000000E+00  0.00000000E+00  0.00000000E+00  0.00000000E+00  0.00000000E+00  0.00000000E+00  0.00000000E+00  0.00000000E+00  0.00000000E+00  0.00000000E+00  0.00000000E+00  0.00000000E+00  0.00000000E+00  0.00000000E+00  0.00000000E+00  0.00000000E+00  0.00000000E+00  0.00000000E+00  0.00000000E+00  0.00000000E+00  0.00000000E+00  0.00000000E+00  0.00000000E+00  0.00000000E+00  0.00000000E+00
  2.68646015E-01  2.70180160E-01  2.69243007E-01  2.68870230E-01  2.67025652E-01  2.66864747E-01  2.64427587E-01  2.62462634E-01  2.60584110E-01  2.58330359E-01  2.55774775E-01  2.53049098E-01  2.50273809E-01  2.47270420E-01  2.43743069E-01  2.40495561E-01  2.36641060E-01  2.32468505E-01  2.28408421E-01  2.24240011E-01  2.19408461E-01  2.14804240E-01  2.10247859E-01  2.05423025E-01  2.00299927E-01  1.95152956E-01  1.89865449E-01  1.84754768E-01  1.78957719E-01  1.73719313E-01  1.68151569E-01  1.62744828E-01  1.57106298E-01  1.51443710E-01  1.45638041E-01  1.40199825E-01  1.34363808E-01  1.28709730E-01  1.23320614E-01  1.17631942E-01  1.12158915E-01  1.06796072E-01  1.01362285E-01  9.62639840E-02  9.09825444E-02  8.59961781E-02  8.10518021E-02  7.61344460E-02  7.16585515E-02  6.70108151E-02  6.26740817E-02  5.82891889E-02  5.42979555E-02  5.03718351E-02  4.65474751E-02  4.29528643E-02  3.94747359E-02  3.62120359E-02  3.30853812E-02  3.01772512E-02  2.73909792E-02  2.48443647E-02  2.24007594E-02  2.01410396E-02  1.79592252E-02  1.60986961E-02  1.42431293E-02  1.26327798E-02  1.10983243E-02  9.68211784E-03  8.46174680E-03  7.32268203E-03  6.31407201E-03  5.37857942E-03  4.60441288E-03  3.89191770E-03  3.26448937E-03  2.73092944E-03  2.24211945E-03  1.84630230E-03  1.50899951E-03  1.21192365E-03  9.72282473E-04  7.64191883E-04  6.00743721E-04  4.65763446E-04  3.60608589E-04  2.68805762E-04  2.04036287E-04  1.48597362E-04  1.07980800E-04  7.47226200E-05  5.22992919E-05  3.74114659E-05  2.48727181E-05  1.75972240E-05  1.10163922E-05  6.29310067E-06  4.75326778E-06  2.78467024E-06  1.32525396E-06  9.97174461E-07  5.17552433E-07  2.98793589E-07  1.90077919E-07  1.11358503E-07  0.00000000E+00  3.75555728E-10  2.56745125E-08  0.00000000E+00  1.46143859E-09  0.00000000E+00  0.00000000E+00  0.00000000E+00  0.00000000E+00  0.00000000E+00  0.00000000E+00  0.00000000E+00  0.00000000E+00  0.00000000E+00  0.00000000E+00  0.00000000E+00  0.00000000E+00  0.00000000E+00  0.00000000E+00  0.00000000E+00  0.00000000E+00  0.00000000E+00  0.00000000E+00  0.00000000E+00  0.00000000E+00  0.00000000E+00  0.00000000E+00  0.00000000E+00  0.00000000E+00  0.00000000E+00  0.00000000E+00  0.00000000E+00  0.00000000E+00  0.00000000E+00  0.00000000E+00  0.00000000E+00  0.00000000E+00  0.00000000E+00  0.00000000E+00  0.00000000E+00  0.00000000E+00  0.00000000E+00  0.00000000E+00  0.00000000E+00  0.00000000E+00  0.00000000E+00  0.00000000E+00  0.00000000E+00  0.00000000E+00  0.00000000E+00  0.00000000E+00  0.00000000E+00  0.00000000E+00  0.00000000E+00  0.00000000E+00  0.00000000E+00  0.00000000E+00  0.00000000E+00  0.00000000E+00  0.00000000E+00  0.00000000E+00  0.00000000E+00  0.00000000E+00  0.00000000E+00  0.00000000E+00  0.00000000E+00  0.00000000E+00  0.00000000E+00  0.00000000E+00  0.00000000E+00  0.00000000E+00  0.00000000E+00  0.00000000E+00  0.00000000E+00  0.00000000E+00  0.00000000E+00  0.00000000E+00  0.00000000E+00  0.00000000E+00  0.00000000E+00  0.00000000E+00  0.00000000E+00  0.00000000E+00  0.00000000E+00  0.00000000E+00  0.00000000E+00  0.00000000E+00  0.00000000E+00  0.00000000E+00  0.00000000E+00  0.00000000E+00  0.00000000E+00  0.00000000E+00  0.00000000E+00
  2.69384261E-01  2.70035681E-01  2.67984330E-01  2.68348979E-01  2.67577918E-01  2.65303949E-01  2.64396687E-01  2.63263604E-01  2.61757864E-01  2.58613462E-01  2.56315686E-01  2.53890757E-01  2.50483461E-01  2.46992276E-01  2.43894629E-01  2.40396964E-01  2.36253019E-01  2.32445285E-01  2.28304839E-01  2.24086065E-01  2.19862997E-01  2.15020294E-01  2.10016413E-01  2.05498087E-01  2.00607600E-01  1.95113741E-01  1.89898166E-01  1.84377764E-01  1.79182132E-01  1.73848429E-01  1.67945111E-01  1.62627227E-01  1.56959824E-01  1.51251100E-01  1.45739165E-01  1.40084405E-01  1.34446869E-01  1.28865771E-01  1.23009391E-01  1.17716574E-01  1.12149136E-01  1.06815496E-01  1.01447518E-01  9.62729531E-02  9.08956724E-02  8.60933271E-02  8.11358006E-02  7.63193968E-02  7.16871958E-02  6.70747826E-02  6.26156611E-02  5.83470474E-02  5.42609953E-02  5.03618839E-02  4.66166205E-02  4.29357799E-02  3.95167480E-02  3.63259340E-02  3.30591393E-02  3.01469245E-02  2.73653999E-02  2.47896423E-02  2.23817922E-02  2.01070512E-02  1.79316112E-02  1.60494801E-02  1.42537918E-02  1.25279872E-02  1.10511801E-02  9.66718825E-03  8.42037184E-03  7.31319201E-03  6.28331449E-03  5.40453740E-03  4.57466369E-03  3.86610032E-03  3.24788556E-03  2.70701240E-03  2.24429081E-03  1.84319897E-03  1.51475594E-03  1.21307933E-03  9.71563114E-04  7.59929348E-04  6.02997878E-04  4.69268512E-04  3.52773107E-04  2.78102451E-04  2.01404564E-04  1.50334045E-04  1.01327187E-04  7.82118405E-05  5.23542854E-05  3.61722324E-05  2.53576122E-05  1.60516648E-05  1.12653195E-05  6.26535770E-06  3.70727836E-06  2.42436320E-06  1.71973694E-06  7.30280139E-07  4.54926226E-07  3.12446038E-07  1.55307568E-07  1.33936344E-08  6.70975270E-08  1.27688948E-08  8.81863693E-08  0.00000000E+00  1.09607894E-08  0.00000000E+00  0.00000000E+00  0.00000000E+00  0.00000000E+00  0.00000000E+00  0.00000000E+00  0.00000000E+00  0.00000000E+00  0.00000000E+00  0.00000000E+00  0.00000000E+00  0.00000000E+00  0.00000000E+00  0.00000000E+00  0.00000000E+00  0.00000000E+00  0.00000000E+00  0.00000000E+00  0.00000000E+00  0.00000000E+00  0.00000000E+00  0.00000000E+00  0.00000000E+00  0.00000000E+00  0.00000000E+00  0.00000000E+00  0.00000000E+00  0.00000000E+00  0.00000000E+00  0.00000000E+00  0.00000000E+00  0.00000000E+00  0.00000000E+00  0.00000000E+00  0.00000000E+00  0.00000000E+00  0.00000000E+00  0.00000000E+00  0.00000000E+00  0.00000000E+00  0.00000000E+00  0.00000000E+00  0.00000000E+00  0.00000000E+00  0.00000000E+00  0.00000000E+00  0.00000000E+00  0.00000000E+00  0.00000000E+00  0.00000000E+00  0.00000000E+00  0.00000000E+00  0.00000000E+00  0.00000000E+00  0.00000000E+00  0.00000000E+00  0.00000000E+00  0.00000000E+00  0.00000000E+00  0.00000000E+00  0.00000000E+00  0.00000000E+00  0.00000000E+00  0.00000000E+00  0.00000000E+00  0.00000000E+00  0.00000000E+00  0.00000000E+00  0.00000000E+00  0.00000000E+00  0.00000000E+00  0.00000000E+00  0.00000000E+00  0.00000000E+00  0.00000000E+00  0.00000000E+00  0.00000000E+00  0.00000000E+00  0.00000000E+00  0.00000000E+00  0.00000000E+00  0.00000000E+00  0.00000000E+00  0.00000000E+00  0.00000000E+00  0.00000000E+00  0.00000000E+00  0.00000000E+00  0.00000000E+00
  2.70681502E-01  2.70283459E-01  2.69273431E-01  2.68065139E-01  2.68111513E-01  2.66384802E-01  2.64732864E-01  2.62906745E-01  2.61194862E-01  2.58162257E-01  2.56637226E-01  2.53642131E-01  2.50564486E-01  2.47058675E-01  2.44082335E-01  2.40190787E-01  2.36410356E-01  2.32440461E-01  2.28119006E-01  2.24112141E-01  2.19758368E-01  2.14779027E-01  2.09965741E-01  2.05652264E-01  2.00255078E-01  1.95105421E-01  1.90000016E-01  1.84547429E-01  1.78888760E-01  1.73445290E-01  1.68053184E-01  1.62456890E-01  1.56920059E-01  1.51165563E-01  1.45611731E-01  1.39872434E-01  1.34310688E-01  1.28709052E-01  1.23199130E-01  1.17652466E-01  1.12304441E-01  1.06637773E-01  1.01584053E-01  9.61627100E-02  9.10015439E-02  8.61081344E-02  8.11265923E-02  7.64403469E-02  7.16522651E-02  6.70764481E-02  6.27401651E-02  5.85302002E-02  5.42719273E-02  5.03692611E-02  4.65190300E-02  4.29932780E-02  3.95168881E-02  3.62245021E-02  3.31867790E-02  3.02122869E-02  2.74776394E-02  2.47916104E-02  2.23691153E-02  2.00985762E-02  1.80494049E-02  1.60113503E-02  1.42318608E-02  1.25425332E-02  1.10762999E-02  9.67058475E-03  8.45884229E-03  7.31696103E-03  6.31051090E-03  5.38909708E-03  4.59360775E-03  3.89034559E-03  3.28549982E-03  2.70702959E-03  2.25146987E-03  1.83794093E-03  1.51109887E-03  1.21044994E-03  9.65648703E-04  7.62295597E-04  5.97833575E-04  4.61283780E-04  3.50720890E-04  2.64151650E-04  2.02847473E-04  1.45082497E-04  1.04243802E-04  7.50213304E-05  5.23861468E-05  3.60090163E-05  2.26550218E-05  1.58335278E-05  1.01876107E-05  6.53533412E-06  3.71547577E-06  2.35822577E-06  1.50120462E-06  6.15328636E-07  3.35975818E-07  3.21807717E-07  2.52664550E-07  2.33431914E-08  3.75291253E-08  7.13555884E-09  2.23256631E-09  0.00000000E+00  0.00000000E+00  0.00000000E+00  0.00000000E+00  0.00000000E+00  0.00000000E+00  0.00000000E+00  0.00000000E+00  0.00000000E+00  0.00000000E+00  0.00000000E+00  0.00000000E+00  0.00000000E+00  0.00000000E+00  0.00000000E+00  0.00000000E+00  0.00000000E+00  0.00000000E+00  0.00000000E+00  0.00000000E+00  0.00000000E+00  0.00000000E+00  0.00000000E+00  0.00000000E+00  0.00000000E+00  0.00000000E+00  0.00000000E+00  0.00000000E+00  0.00000000E+00  0.00000000E+00  0.00000000E+00  0.00000000E+00  0.00000000E+00  0.00000000E+00  0.00000000E+00  0.00000000E+00  0.00000000E+00  0.00000000E+00  0.00000000E+00  0.00000000E+00  0.00000000E+00  0.00000000E+00  0.00000000E+00  0.00000000E+00  0.00000000E+00  0.00000000E+00  0.00000000E+00  0.00000000E+00  0.00000000E+00  0.00000000E+00  0.00000000E+00  0.00000000E+00  0.00000000E+00  0.00000000E+00  0.00000000E+00  0.00000000E+00  0.00000000E+00  0.00000000E+00  0.00000000E+00  0.00000000E+00  0.00000000E+00  0.00000000E+00  0.00000000E+00  0.00000000E+00  0.00000000E+00  0.00000000E+00  0.00000000E+00  0.00000000E+00  0.00000000E+00  0.00000000E+00  0.00000000E+00  0.00000000E+00  0.00000000E+00  0.00000000E+00  0.00000000E+00  0.00000000E+00  0.00000000E+00  0.00000000E+00  0.00000000E+00  0.00000000E+00  0.00000000E+00  0.00000000E+00  0.00000000E+00  0.00000000E+00  0.00000000E+00  0.00000000E+00  0.00000000E+00  0.00000000E+00  0.00000000E+00  0.00000000E+00  0.00000000E+00
  2.70420132E-01  2.69734639E-01  2.68038897E-01  2.69048134E-01  2.66933083E-01  2.65932317E-01  2.64603822E-01  2.63058319E-01  2.60987861E-01  2.57910755E-01  2.56060657E-01  2.53099233E-01  2.50567942E-01  2.47257929E-01  2.44076897E-01  2.40017504E-01  2.36620135E-01  2.32680651E-01  2.28428526E-01  2.24242361E-01  2.19876588E-01  2.14615604E-01  2.10223198E-01  2.05049852E-01  2.00434357E-01  1.95079181E-01  1.89876301E-01  1.84508371E-01  1.79256794E-01  1.73769251E-01  1.68002663E-01  1.62526814E-01  1.56936899E-01  1.51408655E-01  1.45828518E-01  1.39877541E-01  1.34421310E-01  1.28777000E-01  1.23256336E-01  1.17776386E-01  1.12343104E-01  1.06779600E-01  1.01644969E-01  9.61696577E-02  9.12133693E-02  8.60145267E-02  8.12005612E-02  7.62837791E-02  7.16666276E-02  6.71806223E-02  6.26206984E-02  5.84124833E-02  5.42803701E-02  5.03847709E-02  4.65906919E-02  4.28855685E-02  3.94487933E-02  3.62422490E-02  3.30039866E-02  3.01910483E-02  2.74012424E-02  2.47585773E-02  2.24013918E-02  2.00563074E-02  1.79899256E-02  1.60002685E-02  1.42567902E-02  1.25634370E-02  1.10517500E-02  9.67126904E-03  8.45693592E-03  7.29707474E-03  6.26932175E-03  5.38729543E-03  4.59164116E-03  3.88746606E-03  3.24288204E-03  2.70609452E-03  2.23897042E-03  1.83181755E-03  1.49357080E-03  1.20587227E-03  9.58951315E-04  7.60051674E-04  5.91184817E-04  4.62506752E-04  3.50142144E-04  2.73631513E-04  1.98567103E-04  1.47558510E-04  1.10191236E-04  7.38688463E-05  5.34236042E-05  3.62275014E-05  2.50987172E-05  1.61235316E-05  1.04298442E-05  6.71545642E-06  3.93188737E-06  2.82930287E-06  1.60926564E-06  7.93125598E-07  4.22628433E-07  1.45106025E-07  1.83896523E-07  8.18925075E-08  2.04704320E-08  2.77911239E-08  1.48837754E-08  3.94505002E-08  4.01895609E-09  0.00000000E+00  0.00000000E+00  0.00000000E+00  0.00000000E+00  0.00000000E+00  0.00000000E+00  0.00000000E+00  0.00000000E+00  0.00000000E+00  0.00000000E+00  0.00000000E+00  0.00000000E+00  0.00000000E+00  0.00000000E+00  0.00000000E+00  0.00000000E+00  0.00000000E+00  0.00000000E+00  0.00000000E+00  0.00000000E+00  0.00000000E+00  0.00000000E+00  0.00000000E+00  0.00000000E+00  0.00000000E+00  0.00000000E+00  0.00000000E+00  0.00000000E+00  0.00000000E+00  0.00000000E+00  0.00000000E+00  0.00000000E+00  0.00000000E+00  0.00000000E+00  0.00000000E+00  0.00000000E+00  0.00000000E+00  0.00000000E+00  0.00000000E+00  0.00000000E+00  0.00000000E+00  0.00000000E+00  0.00000000E+00  0.00000000E+00  0.00000000E+00  0.00000000E+00  0.00000000E+00  0.00000000E+00  0.00000000E+00  0.00000000E+00  0.00000000E+00  0.00000000E+00  0.00000000E+00  0.00000000E+00  0.00000000E+00  0.00000000E+00  0.00000000E+00  0.00000000E+00  0.00000000E+00  0.00000000E+00  0.00000000E+00  0.00000000E+00  0.00000000E+00  0.00000000E+00  0.00000000E+00  0.00000000E+00  0.00000000E+00  0.00000000E+00  0.00000000E+00  0.00000000E+00  0.00000000E+00  0.00000000E+00  0.00000000E+00  0.00000000E+00  0.00000000E+00  0.00000000E+00  0.00000000E+00  0.00000000E+00  0.00000000E+00  0.00000000E+00  0.00000000E+00  0.00000000E+00  0.00000000E+00  0.00000000E+00  0.00000000E+00  0.00000000E+00  0.00000000E+00  0.00000000E+00  0.00000000E+00
  2.62708873E-01  2.62614563E-01  2.61104884E-01  2.60315595E-01  2.59181030E-01  2.57698597E-01  2.56676838E-01  2.55453610E-01  2.52864648E-01  2.50633353E-01  2.48096805E-01  2.45647655E-01  2.42542506E-01  2.39867575E-01  2.36610541E-01  2.33088346E-01  2.29277486E-01  2.25646360E-01  2.21633070E-01  2.17243637E-01  2.12996093E-01  2.08400979E-01  2.03707610E-01  1.99464644E-01  1.93944575E-01  1.89282316E-01  1.84397978E-01  1.79025015E-01  1.73589491E-01  1.68411604E-01  1.62806954E-01  1.57655763E-01  1.52025626E-01  1.46441304E-01  1.41192435E-01  1.35627716E-01  1.30142158E-01  1.24630693E-01  1.19317676E-01  1.13776434E-01  1.08415582E-01  1.03380294E-01  9.80365488E-02  9.29304880E-02  8.77497658E-02  8.30057885E-02  7.83326596E-02  7.35763784E-02  6.90270073E-02  6.44353687E-02  6.03096051E-02  5.61896889E-02  5.20870516E-02  4.84083935E-02  4.47479117E-02  4.12859839E-02  3.79645754E-02  3.48200340E-02  3.16611162E-02  2.89681881E-02  2.62798898E-02  2.37203937E-02  2.14321389E-02  1.92309291E-02  1.72306546E-02  1.53335601E-02  1.35761640E-02  1.19730232E-02  1.05799594E-02  9.22367682E-03  8.03228523E-03  6.94967697E-03  5.97783584E-03  5.11352990E-03  4.37062997E-03  3.68724916E-03  3.10066673E-03  2.57514104E-03  2.13439963E-03  1.76445380E-03  1.42790297E-03  1.15132268E-03  9.15926740E-04  7.21375067E-04  5.67808573E-04  4.33235224E-04  3.38408524E-04  2.56295904E-04  1.94086468E-04  1.39674421E-04  9.83753292E-05  7.52273833E-05  4.88726707E-05  3.51294628E-05  2.39507785E-05  1.51305013E-05  9.94203037E-06  6.04051537E-06  4.34544667E-06  2.50632494E-06  1.23326149E-06  9.44272903E-07  4.62409860E-07  2.98403519E-07  1.71147394E-07  6.69681719E-08  0.00000000E+00  3.15466812E-08  0.00000000E+00  9.95479911E-09  0.00000000E+00  0.00000000E+00  0.00000000E+00  0.00000000E+00  0.00000000E+00  0.00000000E+00  0.00000000E+00  0.00000000E+00  0.00000000E+00  0.00000000E+00  0.00000000E+00  0.00000000E+00  0.00000000E+00  0.00000000E+00  0.00000000E+00  0.00000000E+00  0.00000000E+00  0.00000000E+00  0.00000000E+00  0.00000000E+00  0.00000000E+00  0.00000000E+00  0.00000000E+00  0.00000000E+00  0.00000000E+00  0.00000000E+00  0.00000000E+00  0.00000000E+00  0.00000000E+00  0.00000000E+00  0.00000000E+00  0.00000000E+00  0.00000000E+00  0.00000000E+00  0.00000000E+00  0.00000000E+00  0.00000000E+00  0.00000000E+00  0.00000000E+00  0.00000000E+00  0.00000000E+00  0.00000000E+00  0.00000000E+00  0.00000000E+00  0.00000000E+00  0.00000000E+00  0.00000000E+00  0.00000000E+00  0.00000000E+00  0.00000000E+00  0.00000000E+00  0.00000000E+00  0.00000000E+00  0.00000000E+00  0.00000000E+00  0.00000000E+00  0.00000000E+00  0.00000000E+00  0.00000000E+00  0.00000000E+00  0.00000000E+00  0.00000000E+00  0.00000000E+00  0.00000000E+00  0.00000000E+00  0.00000000E+00  0.00000000E+00  0.00000000E+00  0.00000000E+00  0.00000000E+00  0.00000000E+00  0.00000000E+00  0.00000000E+00  0.00000000E+00  0.00000000E+00  0.00000000E+00  0.00000000E+00  0.00000000E+00  0.00000000E+00  0.00000000E+00  0.00000000E+00  0.00000000E+00  0.00000000E+00  0.00000000E+00  0.00000000E+00  0.00000000E+00  0.00000000E+00  0.00000000E+00  0.00000000E+00  0.00000000E+00
  2.61096083E-01  2.60589842E-01  2.61802581E-01  2.60293921E-01  2.59703447E-01  2.57823340E-01  2.56354040E-01  2.54974886E-01  2.53147629E-01  2.50591111E-01  2.48519614E-01  2.45895965E-01  2.43178591E-01  2.40159936E-01  2.36229953E-01  2.33109537E-01  2.29307154E-01  2.25492964E-01  2.21535961E-01  2.17603231E-01  2.12680628E-01  2.08467295E-01  2.03951715E-01  1.98866579E-01  1.93586061E-01  1.88813078E-01  1.84094266E-01  1.78978134E-01  1.73624529E-01  1.68212023E-01  1.62769374E-01  1.57373044E-01  1.51946199E-01  1.46618346E-01  1.41273386E-01  1.35725019E-01  1.30061949E-01  1.24303969E-01  1.19222889E-01  1.13654287E-01  1.08272102E-01  1.03194556E-01  9.80047441E-02  9.28636436E-02  8.78991939E-02  8.31030838E-02  7.82879584E-02  7.36897504E-02  6.91172280E-02  6.47035635E-02  6.04025747E-02  5.62221881E-02  5.24059224E-02  4.84782246E-02  4.48108279E-02  4.12415286E-02  3.80026168E-02  3.47953950E-02  3.18843140E-02  2.89096382E-02  2.62916197E-02  2.38838343E-02  2.14288968E-02  1.92059453E-02  1.71878700E-02  1.53314879E-02  1.35451648E-02  1.20230178E-02  1.05716133E-02  9.25965400E-03  8.01440977E-03  6.95961306E-03  5.96455922E-03  5.13700292E-03  4.35428544E-03  3.70642303E-03  3.08404234E-03  2.56344819E-03  2.14387708E-03  1.74968823E-03  1.40970085E-03  1.14977764E-03  9.24316336E-04  7.24861585E-04  5.76008676E-04  4.40792152E-04  3.37890452E-04  2.53421862E-04  1.89037886E-04  1.36527190E-04  9.88865622E-05  6.87003171E-05  5.02086645E-05  3.36652674E-05  2.40439123E-05  1.45475346E-05  8.85595434E-06  6.76141867E-06  3.79499064E-06  2.26368574E-06  1.27503973E-06  5.70779956E-07  5.71907255E-07  2.82020581E-07  2.28325305E-07  7.11775999E-08  2.65357451E-08  1.80266749E-08  0.00000000E+00  0.00000000E+00  0.00000000E+00  0.00000000E+00  0.00000000E+00  0.00000000E+00  0.00000000E+00  0.00000000E+00  0.00000000E+00  0.00000000E+00  0.00000000E+00  0.00000000E+00  0.00000000E+00  0.00000000E+00  0.00000000E+00  0.00000000E+00  0.00000000E+00  0.00000000E+00  0.00000000E+00  0.00000000E+00  0.00000000E+00  0.00000000E+00  0.00000000E+00  0.00000000E+00  0.00000000E+00  0.00000000E+00  0.00000000E+00  0.00000000E+00  0.00000000E+00  0.00000000E+00  0.00000000E+00  0.00000000E+00  0.00000000E+00  0.00000000E+00  0.00000000E+00  0.00000000E+00  0.00000000E+00  0.00000000E+00  0.00000000E+00  0.00000000E+00  0.00000000E+00  0.00000000E+00  0.00000000E+00  0.00000000E+00  0.00000000E+00  0.00000000E+00  0.00000000E+00  0.00000000E+00  0.00000000E+00  0.00000000E+00  0.00000000E+00  0.00000000E+00  0.00000000E+00  0.00000000E+00  0.00000000E+00  0.00000000E+00  0.00000000E+00  0.00000000E+00  0.00000000E+00  0.00000000E+00  0.00000000E+00  0.00000000E+00  0.00000000E+00  0.00000000E+00  0.00000000E+00  0.00000000E+00  0.00000000E+00  0.00000000E+00  0.00000000E+00  0.00000000E+00  0.00000000E+00  0.00000000E+00  0.00000000E+00  0.00000000E+00  0.00000000E+00  0.00000000E+00  0.00000000E+00  0.00000000E+00  0.00000000E+00  0.00000000E+00  0.00000000E+00  0.00000000E+00  0.00000000E+00  0.00000000E+00  0.00000000E+00  0.00000000E+00  0.00000000E+00  0.00000000E+00  0.00000000E+00  0.00000000E+00  0.00000000E+00  0.00000000E+00
  2.70797048E-01  2.69396884E-01  2.70633055E-01  2.69212991E-01  2.68751395E-01  2.66581738E-01  2.65291044E-01  2.63847585E-01  2.61334469E-01  2.58926750E-01  2.57200892E-01  2.54322863E-01  2.50942848E-01  2.47486630E-01  2.44243292E-01  2.40641773E-01  2.37244997E-01  2.33099802E-01  2.28741858E-01  2.24615481E-01  2.20045708E-01  2.15510309E-01  2.10548672E-01  2.05198202E-01  2.00580636E-01  1.95319399E-01  1.90192258E-01  1.84902184E-01  1.79377356E-01  1.73638335E-01  1.68122615E-01  1.62506498E-01  1.57282264E-01  1.51342870E-01  1.45698584E-01  1.39938658E-01  1.34324586E-01  1.28658337E-01  1.23074489E-01  1.17427642E-01  1.12242628E-01  1.06729488E-01  1.01270403E-01  9.60863638E-02  9.09619546E-02  8.57475827E-02  8.11035610E-02  7.60492640E-02  7.14959638E-02  6.69102229E-02  6.24678139E-02  5.82567656E-02  5.42173840E-02  5.03095321E-02  4.65396266E-02  4.28264977E-02  3.94274997E-02  3.61344664E-02  3.30029632E-02  3.00411540E-02  2.73681352E-02  2.47379199E-02  2.23214231E-02  2.00608914E-02  1.79497449E-02  1.59734188E-02  1.42193479E-02  1.25358296E-02  1.10482120E-02  9.62791390E-03  8.39950025E-03  7.24459308E-03  6.26450269E-03  5.37537656E-03  4.58595924E-03  3.84847450E-03  3.24914528E-03  2.70030332E-03  2.23923374E-03  1.83881947E-03  1.48403894E-03  1.20125894E-03  9.69783309E-04  7.71132524E-04  5.99909998E-04  4.61805077E-04  3.56720252E-04  2.67470940E-04  2.02242117E-04  1.51259675E-04  1.06410520E-04  7.78376803E-05  5.29526675E-05  3.76118158E-05  2.61565126E-05  1.78233931E-05  1.03449160E-05  7.37093598E-06  4.01550095E-06  2.88083326E-06  1.66108672E-06  7.61305113E-07  5.15583056E-07  3.14006318E-07  8.65395401E-08  1.01408946E-07  9.36332722E-08  2.55377896E-08  0.00000000E+00  8.11131779E-09  0.00000000E+00  0.00000000E+00  0.00000000E+00  0.00000000E+00  0.00000000E+00  0.00000000E+00  0.00000000E+00  0.00000000E+00  0.00000000E+00  0.00000000E+00  0.00000000E+00  0.00000000E+00  0.00000000E+00  0.00000000E+00  0.00000000E+00  0.00000000E+00  0.00000000E+00  0.00000000E+00  0.00000000E+00  0.00000000E+00  0.00000000E+00  0.00000000E+00  0.00000000E+00  0.00000000E+00  0.00000000E+00  0.00000000E+00  0.00000000E+00  0.00000000E+00  0.00000000E+00  0.00000000E+00  0.00000000E+00  0.00000000E+00  0.00000000E+00  0.00000000E+00  0.00000000E+00  0.00000000E+00  0.00000000E+00  0.00000000E+00  0.00000000E+00  0.00000000E+00  0.00000000E+00  0.00000000E+00  0.00000000E+00  0.00000000E+00  0.00000000E+00  0.00000000E+00  0.00000000E+00  0.00000000E+00  0.00000000E+00  0.00000000E+00  0.00000000E+00  0.00000000E+00  0.00000000E+00  0.00000000E+00  0.00000000E+00  0.00000000E+00  0.00000000E+00  0.00000000E+00  0.00000000E+00  0.00000000E+00  0.00000000E+00  0.00000000E+00  0.00000000E+00  0.00000000E+00  0.00000000E+00  0.00000000E+00  0.00000000E+00  0.00000000E+00  0.00000000E+00  0.00000000E+00  0.00000000E+00  0.00000000E+00  0.00000000E+00  0.00000000E+00  0.00000000E+00  0.00000000E+00  0.00000000E+00  0.00000000E+00  0.00000000E+00  0.00000000E+00  0.00000000E+00  0.00000000E+00  0.00000000E+00  0.00000000E+00  0.00000000E+00  0.00000000E+00  0.00000000E+00  0.00000000E+00  0.00000000E+00  0.00000000E+00
  2.73750115E-01  2.68127447E-01  2.69331196E-01  2.67933214E-01  2.67331719E-01  2.66760095E-01  2.64562369E-01  2.62433432E-01  2.60913068E-01  2.58331366E-01  2.56184980E-01  2.52793805E-01  2.50353023E-01  2.47312183E-01  2.43492906E-01  2.40202169E-01  2.36096840E-01  2.32119668E-01  2.27837300E-01  2.23585507E-01  2.19656118E-01  2.14201126E-01  2.10293329E-01  2.04939622E-01  2.00404786E-01  1.94562777E-01  1.89858330E-01  1.84519038E-01  1.79268014E-01  1.73704118E-01  1.68019891E-01  1.62400262E-01  1.56942437E-01  1.51257042E-01  1.45636245E-01  1.39873340E-01  1.34322586E-01  1.28922394E-01  1.23007494E-01  1.17633362E-01  1.12220906E-01  1.06799768E-01  1.01481782E-01  9.63719143E-02  9.11111568E-02  8.60858471E-02  8.11351755E-02  7.62167153E-02  7.17593173E-02  6.71010189E-02  6.25999511E-02  5.84402375E-02  5.43315360E-02  5.04326493E-02  4.66389015E-02  4.31497528E-02  3.95365697E-02  3.63088471E-02  3.32318248E-02  3.02735814E-02  2.74698639E-02  2.49117194E-02  2.24353258E-02  2.02085502E-02  1.80349403E-02  1.60291991E-02  1.43095109E-02  1.26247412E-02  1.10754247E-02  9.69280284E-03  8.46724773E-03  7.29206293E-03  6.33506446E-03  5.40532452E-03  4.60173043E-03  3.89805375E-03  3.28683923E-03  2.72908326E-03  2.27265218E-03  1.86091197E-03  1.51357537E-03  1.21298521E-03  9.70960711E-04  7.78101692E-04  6.00084387E-04  4.70942425E-04  3.55740583E-04  2.66502468E-04  2.05146182E-04  1.50793252E-04  1.05429096E-04  7.90523773E-05  5.42201376E-05  3.86062251E-05  2.56502576E-05  1.68540366E-05  1.12414726E-05  7.24422926E-06  3.90483592E-06  2.97253303E-06  1.56266683E-06  9.93992411E-07  3.15888167E-07  5.37906474E-07  8.96302380E-08  5.74012903E-08  2.91893196E-08  0.00000000E+00  0.00000000E+00  0.00000000E+00  0.00000000E+00  0.00000000E+00  0.00000000E+00  0.00000000E+00  0.00000000E+00  0.00000000E+00  0.00000000E+00  0.00000000E+00  0.00000000E+00  0.00000000E+00  0.00000000E+00  0.00000000E+00  0.00000000E+00  0.00000000E+00  0.00000000E+00  0.00000000E+00  0.00000000E+00  0.00000000E+00  0.00000000E+00  0.00000000E+00  0.00000000E+00  0.00000000E+00  0.00000000E+00  0.00000000E+00  0.00000000E+00  0.00000000E+00  0.00000000E+00  0.00000000E+00  0.00000000E+00  0.00000000E+00  0.00000000E+00  0.00000000E+00  0.00000000E+00  0.00000000E+00  0.00000000E+00  0.00000000E+00  0.00000000E+00  0.00000000E+00  0.00000000E+00  0.00000000E+00  0.00000000E+00  0.00000000E+00  0.00000000E+00  0.00000000E+00  0.00000000E+00  0.00000000E+00  0.00000000E+00  0.00000000E+00  0.00000000E+00  0.00000000E+00  0.00000000E+00  0.00000000E+00  0.00000000E+00  0.00000000E+00  0.00000000E+00  0.00000000E+00  0.00000000E+00  0.00000000E+00  0.00000000E+00  0.00000000E+00  0.00000000E+00  0.00000000E+00  0.00000000E+00  0.00000000E+00  0.00000000E+00  0.00000000E+00  0.00000000E+00  0.00000000E+00  0.00000000E+00  0.00000000E+00  0.00000000E+00  0.00000000E+00  0.00000000E+00  0.00000000E+00  0.00000000E+00  0.00000000E+00  0.00000000E+00  0.00000000E+00  0.00000000E+00  0.00000000E+00  0.00000000E+00  0.00000000E+00  0.00000000E+00  0.00000000E+00  0.00000000E+00  0.00000000E+00  0.00000000E+00  0.00000000E+00  0.00000000E+00  0.00000000E+00
  2.69567874E-01  2.70912943E-01  2.69932226E-01  2.68660191E-01  2.68431512E-01  2.66824903E-01  2.65031519E-01  2.64032501E-01  2.61894360E-01  2.58715982E-01  2.56623077E-01  2.53904761E-01  2.50801032E-01  2.47857576E-01  2.44363164E-01  2.40839347E-01  2.36643529E-01  2.32756864E-01  2.28635125E-01  2.24105984E-01  2.19751584E-01  2.14776592E-01  2.09979961E-01  2.05163975E-01  2.00228364E-01  1.95311205E-01  1.90054472E-01  1.84529643E-01  1.79043172E-01  1.73530072E-01  1.68080438E-01  1.62492015E-01  1.56860714E-01  1.51051771E-01  1.45595796E-01  1.39799210E-01  1.34215680E-01  1.28561623E-01  1.23012209E-01  1.17680433E-01  1.12029435E-01  1.06599003E-01  1.01271547E-01  9.61618803E-02  9.08828077E-02  8.59641705E-02  8.09875564E-02  7.61835310E-02  7.15214682E-02  6.69301619E-02  6.25941015E-02  5.84792810E-02  5.42828301E-02  5.03451298E-02  4.65679597E-02  4.29771487E-02  3.95974611E-02  3.62754877E-02  3.31563943E-02  3.01752421E-02  2.74673942E-02  2.48170272E-02  2.23780992E-02  2.01841705E-02  1.80286861E-02  1.60543513E-02  1.42415107E-02  1.25852506E-02  1.10910160E-02  9.70311025E-03  8.45936913E-03  7.31419765E-03  6.31095973E-03  5.37932535E-03  4.59018939E-03  3.88766231E-03  3.24632080E-03  2.70994108E-03  2.27204943E-03  1.86264214E-03  1.50066428E-03  1.21608075E-03  9.65757341E-04  7.64244585E-04  5.98068164E-04  4.67420833E-04  3.52749770E-04  2.72539848E-04  2.03928172E-04  1.47273875E-04  1.05856908E-04  7.65298844E-05  5.52248609E-05  3.71571424E-05  2.55998457E-05  1.67453909E-05  9.48224702E-06  7.67693687E-06  4.57005569E-06  2.43491274E-06  1.20072266E-06  8.47220423E-07  6.33745712E-07  2.39112885E-07  9.19482613E-08  4.09462537E-08  4.58689309E-08  0.00000000E+00  0.00000000E+00  0.00000000E+00  0.00000000E+00  0.00000000E+00  0.00000000E+00  0.00000000E+00  0.00000000E+00  0.00000000E+00  0.00000000E+00  0.00000000E+00  0.00000000E+00  0.00000000E+00  0.00000000E+00  0.00000000E+00  0.00000000E+00  0.00000000E+00  0.00000000E+00  0.00000000E+00  0.00000000E+00  0.00000000E+00  0.00000000E+00  0.00000000E+00  0.00000000E+00  0.00000000E+00  0.00000000E+00  0.00000000E+00  0.00000000E+00  0.00000000E+00  0.00000000E+00  0.00000000E+00  0.00000000E+00  0.00000000E+00  0.00000000E+00  0.00000000E+00  0.00000000E+00  0.00000000E+00  0.00000000E+00  0.00000000E+00  0.00000000E+00  0.00000000E+00  0.00000000E+00  0.00000000E+00  0.00000000E+00  0.00000000E+00  0.00000000E+00  0.00000000E+00  0.00000000E+00  0.00000000E+00  0.00000000E+00  0.00000000E+00  0.00000000E+00  0.00000000E+00  0.00000000E+00  0.00000000E+00  0.00000000E+00  0.00000000E+00  0.00000000E+00  0.00000000E+00  0.00000000E+00  0.00000000E+00  0.00000000E+00  0.00000000E+00  0.00000000E+00  0.00000000E+00  0.00000000E+00  0.00000000E+00  0.00000000E+00  0.00000000E+00  0.00000000E+00  0.00000000E+00  0.00000000E+00  0.00000000E+00  0.00000000E+00  0.00000000E+00  0.00000000E+00  0.00000000E+00  0.00000000E+00  0.00000000E+00  0.00000000E+00  0.00000000E+00  0.00000000E+00  0.00000000E+00  0.00000000E+00  0.00000000E+00  0.00000000E+00  0.00000000E+00  0.00000000E+00  0.00000000E+00  0.00000000E+00  0.00000000E+00  0.00000000E+00  0.00000000E+00
  2.63004478E-01  2.63416302E-01  2.61644467E-01  2.60646082E-01  2.59142999E-01  2.58136665E-01  2.57232149E-01  2.54716983E-01  2.53036107E-01  2.50730663E-01  2.48546518E-01  2.45894691E-01  2.43426047E-01  2.40298846E-01  2.36961657E-01  2.33195811E-01  2.29749061E-01  2.25654640E-01  2.21935421E-01  2.17533843E-01  2.13234456E-01  2.08910336E-01  2.04170268E-01  1.99358866E-01  1.94579115E-01  1.89182419E-01  1.84170786E-01  1.79024282E-01  1.73926682E-01  1.68666362E-01  1.62878954E-01  1.57413916E-01  1.52187190E-01  1.46517805E-01  1.41199146E-01  1.35903249E-01  1.30089432E-01  1.24635831E-01  1.19229827E-01  1.13898725E-01  1.08392804E-01  1.03261027E-01  9.79714517E-02  9.28610422E-02  8.77430676E-02  8.29661998E-02  7.81345196E-02  7.34990855E-02  6.89521788E-02  6.44915905E-02  6.02939790E-02  5.61849775E-02  5.20960727E-02  4.82827316E-02  4.46277335E-02  4.12157973E-02  3.78334957E-02  3.46872311E-02  3.17420608E-02  2.88336033E-02  2.61787149E-02  2.36993988E-02  2.13572816E-02  1.91652603E-02  1.71818761E-02  1.52844471E-02  1.35389050E-02  1.19809451E-02  1.04853139E-02  9.20715731E-03  8.02058701E-03  6.93519491E-03  5.94373160E-03  5.10294028E-03  4.33199292E-03  3.65076709E-03  3.07857177E-03  2.56935140E-03  2.11319880E-03  1.73922344E-03  1.41253142E-03  1.13431879E-03  9.18478755E-04  7.23306165E-04  5.55912856E-04  4.41186431E-04  3.33184402E-04  2.56217928E-04  1.80877219E-04  1.38131254E-04  1.01256257E-04  6.93506852E-05  4.93379335E-05  3.42477503E-05  2.34069281E-05  1.59485147E-05  1.04842317E-05  6.66783788E-06  4.18026887E-06  2.13749713E-06  1.36020306E-06  5.89872247E-07  3.58032848E-07  2.38722815E-07  1.51057858E-07  1.00643596E-07  4.96597516E-08  1.87777864E-09  0.00000000E+00  0.00000000E+00  0.00000000E+00  0.00000000E+00  0.00000000E+00  0.00000000E+00  0.00000000E+00  0.00000000E+00  0.00000000E+00  0.00000000E+00  0.00000000E+00  0.00000000E+00  0.00000000E+00  0.00000000E+00  0.00000000E+00  0.00000000E+00  0.00000000E+00  0.00000000E+00  0.00000000E+00  0.00000000E+00  0.00000000E+00  0.00000000E+00  0.00000000E+00  0.00000000E+00  0.00000000E+00  0.00000000E+00  0.00000000E+00  0.00000000E+00  0.00000000E+00  0.00000000E+00  0.00000000E+00  0.00000000E+00  0.00000000E+00  0.00000000E+00  0.00000000E+00  0.00000000E+00  0.00000000E+00  0.00000000E+00  0.00000000E+00  0.00000000E+00  0.00000000E+00  0.00000000E+00  0.00000000E+00  0.00000000E+00  0.00000000E+00  0.00000000E+00  0.00000000E+00  0.00000000E+00  0.00000000E+00  0.00000000E+00  0.00000000E+00  0.00000000E+00  0.00000000E+00  0.00000000E+00  0.00000000E+00  0.00000000E+00  0.00000000E+00  0.00000000E+00  0.00000000E+00  0.00000000E+00  0.00000000E+00  0.00000000E+00  0.00000000E+00  0.00000000E+00  0.00000000E+00  0.00000000E+00  0.00000000E+00  0.00000000E+00  0.00000000E+00  0.00000000E+00  0.00000000E+00  0.00000000E+00  0.00000000E+00  0.00000000E+00  0.00000000E+00  0.00000000E+00  0.00000000E+00  0.00000000E+00  0.00000000E+00  0.00000000E+00  0.00000000E+00  0.00000000E+00  0.00000000E+00  0.00000000E+00  0.00000000E+00  0.00000000E+00  0.00000000E+00  0.00000000E+00  0.00000000E+00  0.00000000E+00  0.00000000E+00  0.00000000E+00
  2.69633843E-01  2.70350073E-01  2.68858211E-01  2.67708444E-01  2.66743208E-01  2.65897634E-01  2.64136193E-01  2.62755274E-01  2.60738551E-01  2.58592600E-01  2.56104539E-01  2.53365592E-01  2.49665535E-01  2.47136929E-01  2.43915592E-01  2.39985909E-01  2.36307187E-01  2.32264505E-01  2.28155773E-01  2.23854218E-01  2.19154232E-01  2.14593723E-01  2.10222089E-01  2.05288079E-01  2.00355512E-01  1.95128778E-01  1.89842324E-01  1.84430223E-01  1.79261164E-01  1.73494764E-01  1.67801526E-01  1.62768030E-01  1.56705157E-01  1.51296285E-01  1.45859796E-01  1.40034689E-01  1.34497823E-01  1.28826434E-01  1.23175063E-01  1.17775943E-01  1.12084064E-01  1.06926834E-01  1.01545224E-01  9.61735158E-02  9.11289668E-02  8.61056579E-02  8.12694658E-02  7.62482677E-02  7.17522992E-02  6.69739124E-02  6.26126687E-02  5.85132470E-02  5.43565437E-02  5.04510674E-02  4.66103698E-02  4.30614962E-02  3.95407484E-02  3.62025831E-02  3.30906496E-02  3.01291404E-02  2.74829498E-02  2.48910331E-02  2.24434842E-02  2.01145223E-02  1.79818812E-02  1.60845744E-02  1.42523687E-02  1.26201561E-02  1.10920468E-02  9.70297432E-03  8.43687235E-03  7.34072983E-03  6.30158446E-03  5.38994572E-03  4.61765931E-03  3.88634901E-03  3.26940792E-03  2.71145960E-03  2.25735239E-03  1.84974131E-03  1.50126409E-03  1.21819299E-03  9.74491447E-04  7.68231525E-04  6.02493344E-04  4.61926902E-04  3.53964672E-04  2.70406348E-04  2.02570113E-04  1.50984963E-04  1.06602344E-04  7.65029696E-05  5.40176218E-05  3.59420890E-05  2.42951174E-05  1.76073699E-05  1.05641394E-05  7.23097888E-06  4.21100916E-06  2.67227717E-06  1.48352921E-06  9.16032223E-07  4.66348616E-07  2.25850507E-07  1.50671521E-07  2.75526193E-08  3.79082073E-09  2.66644567E-08  0.00000000E+00  1.95409020E-08  0.00000000E+00  0.00000000E+00  0.00000000E+00  0.00000000E+00  0.00000000E+00  0.00000000E+00  0.00000000E+00  0.00000000E+00  0.00000000E+00  0.00000000E+00  0.00000000E+00  0.00000000E+00  0.00000000E+00  0.00000000E+00  0.00000000E+00  0.00000000E+00  0.00000000E+00  0.00000000E+00  0.00000000E+00  0.00000000E+00  0.00000000E+00  0.00000000E+00  0.00000000E+00  0.00000000E+00  0.00000000E+00  0.00000000E+00  0.00000000E+00  0.00000000E+00  0.00000000E+00  0.00000000E+00  0.00000000E+00  0.00000000E+00  0.00000000E+00  0.00000000E+00  0.00000000E+00  0.00000000E+00  0.00000000E+00  0.00000000E+00  0.00000000E+00  0.00000000E+00  0.00000000E+00  0.00000000E+00  0.00000000E+00  0.00000000E+00  0.00000000E+00  0.00000000E+00  0.00000000E+00  0.00000000E+00  0.00000000E+00  0.00000000E+00  0.00000000E+00  0.00000000E+00  0.00000000E+00  0.00000000E+00  0.00000000E+00  0.00000000E+00  0.00000000E+00  0.00000000E+00  0.00000000E+00  0.00000000E+00  0.00000000E+00  0.00000000E+00  0.00000000E+00  0.00000000E+00  0.00000000E+00  0.00000000E+00  0.00000000E+00  0.00000000E+00  0.00000000E+00  0.00000000E+00  0.00000000E+00  0.00000000E+00  0.00000000E+00  0.00000000E+00  0.00000000E+00  0.00000000E+00  0.00000000E+00  0.00000000E+00  0.00000000E+00  0.00000000E+00  0.00000000E+00  0.00000000E+00  0.00000000E+00  0.00000000E+00  0.00000000E+00  0.00000000E+00  0.00000000E+00  0.00000000E+00  0.00000000E+00  0.00000000E+00
  2.70154483E-01  2.68688055E-01  2.68204019E-01  2.66995667E-01  2.66240834E-01  2.64750805E-01  2.64029623E-01  2.61898710E-01  2.60201244E-01  2.57904291E-01  2.55341562E-01  2.52889073E-01  2.49969273E-01  2.46437119E-01  2.43450289E-01  2.39744124E-01  2.35883266E-01  2.32409202E-01  2.28148196E-01  2.23465850E-01  2.18958895E-01  2.14299174E-01  2.09988316E-01  2.05073701E-01  2.00140640E-01  1.94888522E-01  1.89665923E-01  1.84272653E-01  1.79267365E-01  1.73407674E-01  1.67885520E-01  1.62689422E-01  1.57059850E-01  1.51111504E-01  1.45586319E-01  1.40055122E-01  1.34410957E-01  1.28891899E-01  1.23200658E-01  1.17968093E-01  1.12338206E-01  1.06910678E-01  1.01488456E-01  9.63422616E-02  9.12990773E-02  8.59948729E-02  8.12041522E-02  7.62878546E-02  7.17116239E-02  6.72561274E-02  6.27626472E-02  5.84497818E-02  5.44727004E-02  5.05223187E-02  4.67243040E-02  4.31081192E-02  3.96519050E-02  3.63593503E-02  3.32262845E-02  3.02918005E-02  2.75091644E-02  2.49597900E-02  2.24520308E-02  2.02623445E-02  1.80380193E-02  1.60662744E-02  1.42769132E-02  1.25878894E-02  1.11113342E-02  9.71651267E-03  8.47583872E-03  7.31742461E-03  6.30123698E-03  5.44558746E-03  4.61133144E-03  3.90285617E-03  3.27204029E-03  2.73800578E-03  2.25793251E-03  1.84289224E-03  1.51774650E-03  1.21097601E-03  9.72375452E-04  7.70766515E-04  6.13783716E-04  4.69956493E-04  3.53350453E-04  2.69449872E-04  2.05588223E-04  1.46642805E-04  1.09266020E-04  7.58962829E-05  5.27383673E-05  3.86144291E-05  2.55494338E-05  1.58225364E-05  1.05005479E-05  7.11959291E-06  3.98681001E-06  3.05246601E-06  1.52048688E-06  9.42284123E-07  4.70681246E-07  2.83190791E-07  9.46526220E-08  2.25778408E-08  2.99474838E-08  0.00000000E+00  0.00000000E+00  3.68696263E-10  0.00000000E+00  0.00000000E+00  0.00000000E+00  0.00000000E+00  0.00000000E+00  0.00000000E+00  0.00000000E+00  0.00000000E+00  0.00000000E+00  0.00000000E+00  0.00000000E+00  0.00000000E+00  0.00000000E+00  0.00000000E+00  0.00000000E+00  0.00000000E+00  0.00000000E+00  0.00000000E+00  0.00000000E+00  0.00000000E+00  0.00000000E+00  0.00000000E+00  0.00000000E+00  0.00000000E+00  0.00000000E+00  0.00000000E+00  0.00000000E+00  0.00000000E+00  0.00000000E+00  0.00000000E+00  0.00000000E+00  0.00000000E+00  0.00000000E+00  0.00000000E+00  0.00000000E+00  0.00000000E+00  0.00000000E+00  0.00000000E+00  0.00000000E+00  0.00000000E+00  0.00000000E+00  0.00000000E+00  0.00000000E+00  0.00000000E+00  0.00000000E+00  0.00000000E+00  0.00000000E+00  0.00000000E+00  0.00000000E+00  0.00000000E+00  0.00000000E+00  0.00000000E+00  0.00000000E+00  0.00000000E+00  0.00000000E+00  0.00000000E+00  0.00000000E+00  0.00000000E+00  0.00000000E+00  0.00000000E+00  0.00000000E+00  0.00000000E+00  0.00000000E+00  0.00000000E+00  0.00000000E+00  0.00000000E+00  0.00000000E+00  0.00000000E+00  0.00000000E+00  0.00000000E+00  0.00000000E+00  0.00000000E+00  0.00000000E+00  0.00000000E+00  0.00000000E+00  0.00000000E+00  0.00000000E+00  0.00000000E+00  0.00000000E+00  0.00000000E+00  0.00000000E+00  0.00000000E+00  0.00000000E+00  0.00000000E+00  0.00000000E+00  0.00000000E+00  0.00000000E+00  0.00000000E+00  0.00000000E+00  0.00000000E+00
  2.60838104E-01  2.61284621E-01  2.61268068E-01  2.59659719E-01  2.59555765E-01  2.57761937E-01  2.56637503E-01  2.54710594E-01  2.53185797E-01  2.50270938E-01  2.48458587E-01  2.45884605E-01  2.42576997E-01  2.39701534E-01  2.36130240E-01  2.32967508E-01  2.29038086E-01  2.25578486E-01  2.21609962E-01  2.17290590E-01  2.12956786E-01  2.08355550E-01  2.03868643E-01  1.99073590E-01  1.94120771E-01  1.89206644E-01  1.84074711E-01  1.79000997E-01  1.73707040E-01  1.68382593E-01  1.63153061E-01  1.57564680E-01  1.52004893E-01  1.46781526E-01  1.40990513E-01  1.35594937E-01  1.30069393E-01  1.24654151E-01  1.19311940E-01  1.13739646E-01  1.08639960E-01  1.03146857E-01  9.81539846E-02  9.29878435E-02  8.78637271E-02  8.31240881E-02  7.83320180E-02  7.35723284E-02  6.89763996E-02  6.46248287E-02  6.03372413E-02  5.62455194E-02  5.21825001E-02  4.83440446E-02  4.46909779E-02  4.12710018E-02  3.79073769E-02  3.47490982E-02  3.17086540E-02  2.89150514E-02  2.62696993E-02  2.38019574E-02  2.13851792E-02  1.92371451E-02  1.71760093E-02  1.53516598E-02  1.36045740E-02  1.20235214E-02  1.05532896E-02  9.24194366E-03  8.01088622E-03  6.95118740E-03  6.00120830E-03  5.12106495E-03  4.36197351E-03  3.68897046E-03  3.11279634E-03  2.57980598E-03  2.14014329E-03  1.75106495E-03  1.43400946E-03  1.14897911E-03  9.14691594E-04  7.20264951E-04  5.61307447E-04  4.41303062E-04  3.39112821E-04  2.51878027E-04  1.91235778E-04  1.40876566E-04  9.94267918E-05  6.99357518E-05  4.91493842E-05  3.56342237E-05  2.36589876E-05  1.59083539E-05  9.19399341E-06  6.19330878E-06  4.13846209E-06  2.39514912E-06  1.56266683E-06  8.75461104E-07  4.51381346E-07  2.53545474E-07  1.31740996E-07  5.43398882E-08  6.14112958E-08  3.26733483E-08  0.00000000E+00  0.00000000E+00  0.00000000E+00  0.00000000E+00  0.00000000E+00  0.00000000E+00  0.00000000E+00  0.00000000E+00  0.00000000E+00  0.00000000E+00  0.00000000E+00  0.00000000E+00  0.00000000E+00  0.00000000E+00  0.00000000E+00  0.00000000E+00  0.00000000E+00  0.00000000E+00  0.00000000E+00  0.00000000E+00  0.00000000E+00  0.00000000E+00  0.00000000E+00  0.00000000E+00  0.00000000E+00  0.00000000E+00  0.00000000E+00  0.00000000E+00  0.00000000E+00  0.00000000E+00  0.00000000E+00  0.00000000E+00  0.00000000E+00  0.00000000E+00  0.00000000E+00  0.00000000E+00  0.00000000E+00  0.00000000E+00  0.00000000E+00  0.00000000E+00  0.00000000E+00  0.00000000E+00  0.00000000E+00  0.00000000E+00  0.00000000E+00  0.00000000E+00  0.00000000E+00  0.00000000E+00  0.00000000E+00  0.00000000E+00  0.00000000E+00  0.00000000E+00  0.00000000E+00  0.00000000E+00  0.00000000E+00  0.00000000E+00  0.00000000E+00  0.00000000E+00  0.00000000E+00  0.00000000E+00  0.00000000E+00  0.00000000E+00  0.00000000E+00  0.00000000E+00  0.00000000E+00  0.00000000E+00  0.00000000E+00  0.00000000E+00  0.00000000E+00  0.00000000E+00  0.00000000E+00  0.00000000E+00  0.00000000E+00  0.00000000E+00  0.00000000E+00  0.00000000E+00  0.00000000E+00  0.00000000E+00  0.00000000E+00  0.00000000E+00  0.00000000E+00  0.00000000E+00  0.00000000E+00  0.00000000E+00  0.00000000E+00  0.00000000E+00  0.00000000E+00  0.00000000E+00  0.00000000E+00  0.00000000E+00  0.00000000E+00  0.00000000E+00
  2.69783543E-01  2.69790029E-01  2.69059103E-01  2.67389700E-01  2.68601587E-01  2.66817717E-01  2.64971091E-01  2.63262640E-01  2.60845974E-01  2.58960765E-01  2.56039752E-01  2.53124826E-01  2.50596810E-01  2.47440543E-01  2.43801430E-01  2.40430525E-01  2.36427119E-01  2.32523245E-01  2.28526988E-01  2.24247413E-01  2.19641751E-01  2.15025805E-01  2.10123699E-01  2.05495060E-01  2.00251500E-01  1.95137844E-01  1.90107198E-01  1.84667429E-01  1.79126108E-01  1.73637198E-01  1.68310359E-01  1.62671507E-01  1.56938617E-01  1.51401542E-01  1.45695147E-01  1.40050468E-01  1.34360561E-01  1.28585309E-01  1.23164045E-01  1.17656297E-01  1.11969623E-01  1.06600189E-01  1.01228753E-01  9.60874283E-02  9.11053867E-02  8.59710231E-02  8.10266723E-02  7.61133419E-02  7.15864334E-02  6.70763616E-02  6.26007521E-02  5.84498868E-02  5.41504530E-02  5.03153276E-02  4.65117882E-02  4.30152107E-02  3.95063549E-02  3.61707782E-02  3.31222994E-02  3.02365258E-02  2.73696186E-02  2.48492311E-02  2.24245047E-02  2.00912921E-02  1.80053171E-02  1.60852315E-02  1.42317030E-02  1.26082167E-02  1.10851093E-02  9.68856521E-03  8.43030856E-03  7.32014620E-03  6.29661227E-03  5.40770841E-03  4.63107048E-03  3.89247650E-03  3.28081769E-03  2.74285670E-03  2.25666169E-03  1.83821668E-03  1.52157860E-03  1.22072529E-03  9.67151039E-04  7.72797214E-04  6.01784799E-04  4.69548048E-04  3.59213530E-04  2.68964944E-04  2.04721931E-04  1.51498751E-04  1.06725468E-04  7.69216937E-05  5.56216000E-05  3.71938444E-05  2.32920060E-05  1.88599663E-05  1.03235794E-05  7.02228545E-06  4.13436338E-06  2.01374303E-06  1.62533419E-06  7.78806380E-07  5.32125827E-07  2.01276099E-07  1.18219193E-07  1.33936344E-08  1.13724622E-08  4.76955776E-08  2.23256631E-09  0.00000000E+00  0.00000000E+00  0.00000000E+00  0.00000000E+00  0.00000000E+00  0.00000000E+00  0.00000000E+00  0.00000000E+00  0.00000000E+00  0.00000000E+00  0.00000000E+00  0.00000000E+00  0.00000000E+00  0.00000000E+00  0.00000000E+00  0.00000000E+00  0.00000000E+00  0.00000000E+00  0.00000000E+00  0.00000000E+00  0.00000000E+00  0.00000000E+00  0.00000000E+00  0.00000000E+00  0.00000000E+00  0.00000000E+00  0.00000000E+00  0.00000000E+00  0.00000000E+00  0.00000000E+00  0.00000000E+00  0.00000000E+00  0.00000000E+00  0.00000000E+00  0.00000000E+00  0.00000000E+00  0.00000000E+00  0.00000000E+00  0.00000000E+00  0.00000000E+00  0.00000000E+00  0.00000000E+00  0.00000000E+00  0.00000000E+00  0.00000000E+00  0.00000000E+00  0.00000000E+00  0.00000000E+00  0.00000000E+00  0.00000000E+00  0.00000000E+00  0.00000000E+00  0.00000000E+00  0.00000000E+00  0.00000000E+00  0.00000000E+00  0.00000000E+00  0.00000000E+00  0.00000000E+00  0.00000000E+00  0.00000000E+00  0.00000000E+00  0.00000000E+00  0.00000000E+00  0.00000000E+00  0.00000000E+00  0.00000000E+00  0.00000000E+00  0.00000000E+00  0.00000000E+00  0.00000000E+00  0.00000000E+00  0.00000000E+00  0.00000000E+00  0.00000000E+00  0.00000000E+00  0.00000000E+00  0.00000000E+00  0.00000000E+00  0.00000000E+00  0.00000000E+00  0.00000000E+00  0.00000000E+00  0.00000000E+00  0.00000000E+00  0.00000000E+00  0.00000000E+00  0.00000000E+00  0.00000000E+00  0.00000000E+00  0.00000000E+00
  2.70238376E-01  2.69586445E-01  2.69518652E-01  2.68282122E-01  2.68288254E-01  2.67034296E-01  2.64567896E-01  2.63504098E-01  2.61278171E-01  2.58338030E-01  2.56526022E-01  2.53479768E-01  2.50790089E-01  2.47904623E-01  2.44431686E-01  2.40489356E-01  2.36920482E-01  2.33006369E-01  2.28766856E-01  2.24442839E-01  2.20205523E-01  2.14856320E-01  2.10130178E-01  2.05372672E-01  2.00444257E-01  1.95384996E-01  1.90250218E-01  1.84680204E-01  1.79262072E-01  1.73551610E-01  1.68140833E-01  1.62393822E-01  1.56951413E-01  1.51193957E-01  1.45735196E-01  1.39816657E-01  1.34030408E-01  1.28726902E-01  1.23206281E-01  1.17581944E-01  1.12068701E-01  1.06708185E-01  1.01420013E-01  9.61550588E-02  9.09213700E-02  8.59685618E-02  8.10209438E-02  7.63340753E-02  7.15315829E-02  6.70167893E-02  6.26699190E-02  5.82367277E-02  5.41812013E-02  5.02529996E-02  4.65316499E-02  4.28391222E-02  3.94557731E-02  3.61766122E-02  3.31017020E-02  3.01251581E-02  2.73329433E-02  2.48410083E-02  2.23872854E-02  2.00585041E-02  1.79523957E-02  1.60682560E-02  1.42265117E-02  1.25958233E-02  1.10407912E-02  9.69343427E-03  8.42454822E-03  7.33999636E-03  6.29837862E-03  5.39178636E-03  4.57724697E-03  3.88821094E-03  3.26087592E-03  2.72168862E-03  2.24961686E-03  1.85442449E-03  1.50149830E-03  1.20663563E-03  9.56378257E-04  7.72078733E-04  5.94421285E-04  4.64058840E-04  3.59056241E-04  2.72585065E-04  1.97226380E-04  1.48669085E-04  1.07901394E-04  7.66190122E-05  5.64635249E-05  3.61199860E-05  2.48992057E-05  1.76750093E-05  1.18527042E-05  5.53741514E-06  4.56923595E-06  2.40123539E-06  1.55664113E-06  8.03865012E-07  3.99783653E-07  2.60956803E-07  9.42662848E-08  3.32927483E-08  2.65357451E-08  0.00000000E+00  0.00000000E+00  0.00000000E+00  1.09607894E-09  0.00000000E+00  0.00000000E+00  0.00000000E+00  0.00000000E+00  0.00000000E+00  0.00000000E+00  0.00000000E+00  0.00000000E+00  0.00000000E+00  0.00000000E+00  0.00000000E+00  0.00000000E+00  0.00000000E+00  0.00000000E+00  0.00000000E+00  0.00000000E+00  0.00000000E+00  0.00000000E+00  0.00000000E+00  0.00000000E+00  0.00000000E+00  0.00000000E+00  0.00000000E+00  0.00000000E+00  0.00000000E+00  0.00000000E+00  0.00000000E+00  0.00000000E+00  0.00000000E+00  0.00000000E+00  0.00000000E+00  0.00000000E+00  0.00000000E+00  0.00000000E+00  0.00000000E+00  0.00000000E+00  0.00000000E+00  0.00000000E+00  0.00000000E+00  0.00000000E+00  0.00000000E+00  0.00000000E+00  0.00000000E+00  0.00000000E+00  0.00000000E+00  0.00000000E+00  0.00000000E+00  0.00000000E+00  0.00000000E+00  0.00000000E+00  0.00000000E+00  0.00000000E+00  0.00000000E+00  0.00000000E+00  0.00000000E+00  0.00000000E+00  0.00000000E+00  0.00000000E+00  0.00000000E+00  0.00000000E+00  0.00000000E+00  0.00000000E+00  0.00000000E+00  0.00000000E+00  0.00000000E+00  0.00000000E+00  0.00000000E+00  0.00000000E+00  0.00000000E+00  0.00000000E+00  0.00000000E+00  0.00000000E+00  0.00000000E+00  0.00000000E+00  0.00000000E+00  0.00000000E+00  0.00000000E+00  0.00000000E+00  0.00000000E+00  0.00000000E+00  0.00000000E+00  0.00000000E+00  0.00000000E+00  0.00000000E+00  0.00000000E+00  0.00000000E+00  0.00000000E+00  0.00000000E+00  0.00000000E+00
  2.69748015E-01  2.70733851E-01  2.68534280E-01  2.68210294E-01  2.67151847E-01  2.66034599E-01  2.65043140E-01  2.62467673E-01  2.60718270E-01  2.58269443E-01  2.55729847E-01  2.53258619E-01  2.50712471E-01  2.46351638E-01  2.43444041E-01  2.40005478E-01  2.36331234E-01  2.32444348E-01  2.28211463E-01  2.24118835E-01  2.19397436E-01  2.14942449E-01  2.10032748E-01  2.05159580E-01  2.00170355E-01  1.95084326E-01  1.89617271E-01  1.84263756E-01  1.78719419E-01  1.73350417E-01  1.67705898E-01  1.62203434E-01  1.56523671E-01  1.50904380E-01  1.45251192E-01  1.39734291E-01  1.34137154E-01  1.28368847E-01  1.22996455E-01  1.17430109E-01  1.11889123E-01  1.06595824E-01  1.01059691E-01  9.59486982E-02  9.07230244E-02  8.57068653E-02  8.08295611E-02  7.60439765E-02  7.13426949E-02  6.68179605E-02  6.24089664E-02  5.81292450E-02  5.41309567E-02  5.01710976E-02  4.63805147E-02  4.27550265E-02  3.94357220E-02  3.60628812E-02  3.30338221E-02  3.00122577E-02  2.72804847E-02  2.47302190E-02  2.22686285E-02  2.00121904E-02  1.79109406E-02  1.59807364E-02  1.41525643E-02  1.24765009E-02  1.09673338E-02  9.64241073E-03  8.36257769E-03  7.25054615E-03  6.23158790E-03  5.36854843E-03  4.55999637E-03  3.85341702E-03  3.24560043E-03  2.69385105E-03  2.21599218E-03  1.82655088E-03  1.48727875E-03  1.20090326E-03  9.55948110E-04  7.60485856E-04  5.91598095E-04  4.62266407E-04  3.56492954E-04  2.71069837E-04  1.97360041E-04  1.48139510E-04  1.09393605E-04  7.52516507E-05  5.37478915E-05  3.76511086E-05  2.53059187E-05  1.66963524E-05  1.02867633E-05  6.30510883E-06  4.10444284E-06  2.47467635E-06  1.32043339E-06  9.12452418E-07  4.23416184E-07  1.30673436E-07  1.03538378E-07  3.55888000E-08  1.02352160E-08  7.51111457E-09  2.64187013E-08  4.79305143E-09  0.00000000E+00  0.00000000E+00  0.00000000E+00  0.00000000E+00  0.00000000E+00  0.00000000E+00  0.00000000E+00  0.00000000E+00  0.00000000E+00  0.00000000E+00  0.00000000E+00  0.00000000E+00  0.00000000E+00  0.00000000E+00  0.00000000E+00  0.00000000E+00  0.00000000E+00  0.00000000E+00  0.00000000E+00  0.00000000E+00  0.00000000E+00  0.00000000E+00  0.00000000E+00  0.00000000E+00  0.00000000E+00  0.00000000E+00  0.00000000E+00  0.00000000E+00  0.00000000E+00  0.00000000E+00  0.00000000E+00  0.00000000E+00  0.00000000E+00  0.00000000E+00  0.00000000E+00  0.00000000E+00  0.00000000E+00  0.00000000E+00  0.00000000E+00  0.00000000E+00  0.00000000E+00  0.00000000E+00  0.00000000E+00  0.00000000E+00  0.00000000E+00  0.00000000E+00  0.00000000E+00  0.00000000E+00  0.00000000E+00  0.00000000E+00  0.00000000E+00  0.00000000E+00  0.00000000E+00  0.00000000E+00  0.00000000E+00  0.00000000E+00  0.00000000E+00  0.00000000E+00  0.00000000E+00  0.00000000E+00  0.00000000E+00  0.00000000E+00  0.00000000E+00  0.00000000E+00  0.00000000E+00  0.00000000E+00  0.00000000E+00  0.00000000E+00  0.00000000E+00  0.00000000E+00  0.00000000E+00  0.00000000E+00  0.00000000E+00  0.00000000E+00  0.00000000E+00  0.00000000E+00  0.00000000E+00  0.00000000E+00  0.00000000E+00  0.00000000E+00  0.00000000E+00  0.00000000E+00  0.00000000E+00  0.00000000E+00  0.00000000E+00  0.00000000E+00  0.00000000E+00  0.00000000E+00  0.00000000E+00  0.00000000E+00
  2.69192655E-01  2.69544216E-01  2.69534979E-01  2.67904884E-01  2.67111448E-01  2.65792828E-01  2.64481550E-01  2.63020342E-01  2.61211932E-01  2.58793390E-01  2.55644292E-01  2.53062495E-01  2.50595476E-01  2.47152494E-01  2.43726171E-01  2.40355964E-01  2.36520293E-01  2.32611540E-01  2.28851599E-01  2.23749702E-01  2.19379487E-01  2.15141272E-01  2.10056869E-01  2.05263569E-01  2.00347502E-01  1.95139234E-01  1.89936826E-01  1.84270339E-01  1.79043053E-01  1.73863404E-01  1.68512008E-01  1.62564576E-01  1.57108697E-01  1.51413004E-01  1.45754801E-01  1.40004708E-01  1.34510118E-01  1.28811796E-01  1.23148166E-01  1.17613626E-01  1.12015930E-01  1.06862630E-01  1.01516492E-01  9.61935173E-02  9.10499180E-02  8.60697364E-02  8.10227141E-02  7.62085269E-02  7.15318110E-02  6.71179507E-02  6.26317836E-02  5.84003325E-02  5.42949264E-02  5.03552553E-02  4.65548176E-02  4.29230907E-02  3.95733778E-02  3.61962963E-02  3.31095024E-02  3.01240616E-02  2.74586471E-02  2.47603517E-02  2.23672375E-02  2.00906289E-02  1.79916494E-02  1.60902943E-02  1.42683385E-02  1.25949178E-02  1.10574422E-02  9.72634956E-03  8.45548882E-03  7.26517841E-03  6.29374445E-03  5.39576921E-03  4.57459486E-03  3.87972529E-03  3.25708093E-03  2.72441518E-03  2.25248303E-03  1.85979933E-03  1.50409216E-03  1.21420233E-03  9.68068590E-04  7.65381293E-04  5.98850765E-04  4.68578642E-04  3.59585048E-04  2.72055842E-04  1.98641917E-04  1.44447367E-04  1.06742420E-04  7.58671620E-05  5.15721551E-05  3.80189926E-05  2.61962440E-05  1.60939394E-05  1.08394237E-05  6.39868961E-06  4.39422126E-06  2.55460933E-06  1.38310075E-06  9.48250464E-07  4.96677031E-07  1.82942811E-07  1.70374720E-07  8.57192601E-08  8.60516306E-08  3.26733484E-08  1.97210024E-08  1.84348132E-09  0.00000000E+00  0.00000000E+00  0.00000000E+00  0.00000000E+00  0.00000000E+00  0.00000000E+00  0.00000000E+00  0.00000000E+00  0.00000000E+00  0.00000000E+00  0.00000000E+00  0.00000000E+00  0.00000000E+00  0.00000000E+00  0.00000000E+00  0.00000000E+00  0.00000000E+00  0.00000000E+00  0.00000000E+00  0.00000000E+00  0.00000000E+00  0.00000000E+00  0.00000000E+00  0.00000000E+00  0.00000000E+00  0.00000000E+00  0.00000000E+00  0.00000000E+00  0.00000000E+00  0.00000000E+00  0.00000000E+00  0.00000000E+00  0.00000000E+00  0.00000000E+00  0.00000000E+00  0.00000000E+00  0.00000000E+00  0.00000000E+00  0.00000000E+00  0.00000000E+00  0.00000000E+00  0.00000000E+00  0.00000000E+00  0.00000000E+00  0.00000000E+00  0.00000000E+00  0.00000000E+00  0.00000000E+00  0.00000000E+00  0.00000000E+00  0.00000000E+00  0.00000000E+00  0.00000000E+00  0.00000000E+00  0.00000000E+00  0.00000000E+00  0.00000000E+00  0.00000000E+00  0.00000000E+00  0.00000000E+00  0.00000000E+00  0.00000000E+00  0.00000000E+00  0.00000000E+00  0.00000000E+00  0.00000000E+00  0.00000000E+00  0.00000000E+00  0.00000000E+00  0.00000000E+00  0.00000000E+00  0.00000000E+00  0.00000000E+00  0.00000000E+00  0.00000000E+00  0.00000000E+00  0.00000000E+00  0.00000000E+00  0.00000000E+00  0.00000000E+00  0.00000000E+00  0.00000000E+00  0.00000000E+00  0.00000000E+00  0.00000000E+00  0.00000000E+00  0.00000000E+00  0.00000000E+00  0.00000000E+00  0.00000000E+00
  2.72074990E-01  2.70621374E-01  2.69168980E-01  2.69316413E-01  2.68218858E-01  2.66117626E-01  2.64537450E-01  2.63175221E-01  2.61063813E-01  2.58619620E-01  2.56496269E-01  2.54012555E-01  2.50439629E-01  2.47568009E-01  2.44588124E-01  2.39944943E-01  2.37051626E-01  2.33033686E-01  2.28448627E-01  2.24276702E-01  2.19672852E-01  2.15002607E-01  2.10209620E-01  2.05163830E-01  2.00279692E-01  1.95196580E-01  1.89708434E-01  1.84815720E-01  1.79333591E-01  1.73793960E-01  1.68015834E-01  1.62955302E-01  1.57200841E-01  1.51244857E-01  1.45734979E-01  1.40038812E-01  1.34426926E-01  1.28842388E-01  1.23220562E-01  1.17661812E-01  1.12029835E-01  1.06749484E-01  1.01445812E-01  9.62200442E-02  9.10313740E-02  8.59295311E-02  8.09590380E-02  7.61216212E-02  7.15822721E-02  6.69810375E-02  6.26304325E-02  5.83410558E-02  5.42787275E-02  5.02750889E-02  4.65355790E-02  4.28903339E-02  3.94455628E-02  3.62571418E-02  3.30989905E-02  3.01814201E-02  2.73907610E-02  2.48197541E-02  2.24065698E-02  2.00941308E-02  1.79690735E-02  1.59663707E-02  1.42351264E-02  1.25331901E-02  1.10415126E-02  9.65518462E-03  8.40857971E-03  7.29090541E-03  6.27559532E-03  5.34854467E-03  4.54578209E-03  3.86673558E-03  3.25327010E-03  2.70116077E-03  2.21880641E-03  1.83252546E-03  1.49454023E-03  1.20010474E-03  9.58577443E-04  7.52330664E-04  6.00303210E-04  4.67190876E-04  3.48755952E-04  2.68282999E-04  1.99232219E-04  1.45414496E-04  1.05741813E-04  7.61455760E-05  5.16769047E-05  3.59075459E-05  2.42451327E-05  1.63932435E-05  1.08963214E-05  6.59289044E-06  3.68883419E-06  2.38541109E-06  1.64702674E-06  8.70290275E-07  5.91207156E-07  2.19219317E-07  1.76942452E-07  5.85493161E-08  6.06531317E-09  6.38444739E-09  5.95351016E-09  0.00000000E+00  0.00000000E+00  0.00000000E+00  0.00000000E+00  0.00000000E+00  0.00000000E+00  0.00000000E+00  0.00000000E+00  0.00000000E+00  0.00000000E+00  0.00000000E+00  0.00000000E+00  0.00000000E+00  0.00000000E+00  0.00000000E+00  0.00000000E+00  0.00000000E+00  0.00000000E+00  0.00000000E+00  0.00000000E+00  0.00000000E+00  0.00000000E+00  0.00000000E+00  0.00000000E+00  0.00000000E+00  0.00000000E+00  0.00000000E+00  0.00000000E+00  0.00000000E+00  0.00000000E+00  0.00000000E+00  0.00000000E+00  0.00000000E+00  0.00000000E+00  0.00000000E+00  0.00000000E+00  0.00000000E+00  0.00000000E+00  0.00000000E+00  0.00000000E+00  0.00000000E+00  0.00000000E+00  0.00000000E+00  0.00000000E+00  0.00000000E+00  0.00000000E+00  0.00000000E+00  0.00000000E+00  0.00000000E+00  0.00000000E+00  0.00000000E+00  0.00000000E+00  0.00000000E+00  0.00000000E+00  0.00000000E+00  0.00000000E+00  0.00000000E+00  0.00000000E+00  0.00000000E+00  0.00000000E+00  0.00000000E+00  0.00000000E+00  0.00000000E+00  0.00000000E+00  0.00000000E+00  0.00000000E+00  0.00000000E+00  0.00000000E+00  0.00000000E+00  0.00000000E+00  0.00000000E+00  0.00000000E+00  0.00000000E+00  0.00000000E+00  0.00000000E+00  0.00000000E+00  0.00000000E+00  0.00000000E+00  0.00000000E+00  0.00000000E+00  0.00000000E+00  0.00000000E+00  0.00000000E+00  0.00000000E+00  0.00000000E+00  0.00000000E+00  0.00000000E+00  0.00000000E+00  0.00000000E+00  0.00000000E+00  0.00000000E+00
  2.68843031E-01  2.69839149E-01  2.69748451E-01  2.68647353E-01  2.67405205E-01  2.66210783E-01  2.64120852E-01  2.62756490E-01  2.60595020E-01  2.58422845E-01  2.55577993E-01  2.53354804E-01  2.49989075E-01  2.46993694E-01  2.43490923E-01  2.40159450E-01  2.36089580E-01  2.32356344E-01  2.28167830E-01  2.23662765E-01  2.19443081E-01  2.15100650E-01  2.09970916E-01  2.05266771E-01  2.00426416E-01  1.94964004E-01  1.89799292E-01  1.84688770E-01  1.79208905E-01  1.73843103E-01  1.68205697E-01  1.62761950E-01  1.56887689E-01  1.51522812E-01  1.45558868E-01  1.40142206E-01  1.34183742E-01  1.28740417E-01  1.23244663E-01  1.17700058E-01  1.12271726E-01  1.06657165E-01  1.01604412E-01  9.62925546E-02  9.11070569E-02  8.59353048E-02  8.11581929E-02  7.63407320E-02  7.16081736E-02  6.71698474E-02  6.26510687E-02  5.83823390E-02  5.43116059E-02  5.04780383E-02  4.65325196E-02  4.28861999E-02  3.95471344E-02  3.62168370E-02  3.32004904E-02  3.01553362E-02  2.73654740E-02  2.47854830E-02  2.23939077E-02  2.01298510E-02  1.80538076E-02  1.60809594E-02  1.42513549E-02  1.26100774E-02  1.10860052E-02  9.75352385E-03  8.40564313E-03  7.31818123E-03  6.31154387E-03  5.38572504E-03  4.59746723E-03  3.88539023E-03  3.26388246E-03  2.72084680E-03  2.26713944E-03  1.86109124E-03  1.50930293E-03  1.21999611E-03  9.78666670E-04  7.81999668E-04  6.02189000E-04  4.68185780E-04  3.65246496E-04  2.74273317E-04  2.03300007E-04  1.48325808E-04  1.07363841E-04  7.90920877E-05  5.26785727E-05  3.73622420E-05  2.55908740E-05  1.67897792E-05  1.14058902E-05  7.59163757E-06  4.89713232E-06  2.87352974E-06  1.36944248E-06  1.07632792E-06  6.52651737E-07  2.69928412E-07  9.96750061E-08  7.65350537E-09  5.11760799E-08  2.85422354E-08  1.60000585E-08  0.00000000E+00  0.00000000E+00  0.00000000E+00  0.00000000E+00  0.00000000E+00  0.00000000E+00  0.00000000E+00  0.00000000E+00  0.00000000E+00  0.00000000E+00  0.00000000E+00  0.00000000E+00  0.00000000E+00  0.00000000E+00  0.00000000E+00  0.00000000E+00  0.00000000E+00  0.00000000E+00  0.00000000E+00  0.00000000E+00  0.00000000E+00  0.00000000E+00  0.00000000E+00  0.00000000E+00  0.00000000E+00  0.00000000E+00  0.00000000E+00  0.00000000E+00  0.00000000E+00  0.00000000E+00  0.00000000E+00  0.00000000E+00  0.00000000E+00  0.00000000E+00  0.00000000E+00  0.00000000E+00  0.00000000E+00  0.00000000E+00  0.00000000E+00  0.00000000E+00  0.00000000E+00  0.00000000E+00  0.00000000E+00  0.00000000E+00  0.00000000E+00  0.00000000E+00  0.00000000E+00  0.00000000E+00  0.00000000E+00  0.00000000E+00  0.00000000E+00  0.00000000E+00  0.00000000E+00  0.00000000E+00  0.00000000E+00  0.00000000E+00  0.00000000E+00  0.00000000E+00  0.00000000E+00  0.00000000E+00  0.00000000E+00  0.00000000E+00  0.00000000E+00  0.00000000E+00  0.00000000E+00  0.00000000E+00  0.00000000E+00  0.00000000E+00  0.00000000E+00  0.00000000E+00  0.00000000E+00  0.00000000E+00  0.00000000E+00  0.00000000E+00  0.00000000E+00  0.00000000E+00  0.00000000E+00  0.00000000E+00  0.00000000E+00  0.00000000E+00  0.00000000E+00  0.00000000E+00  0.00000000E+00  0.00000000E+00  0.00000000E+00  0.00000000E+00  0.00000000E+00  0.00000000E+00  0.00000000E+00  0.00000000E+00  0.00000000E+00
  2.69338318E-01  2.70099980E-01  2.69855567E-01  2.68065185E-01  2.67505283E-01  2.66529298E-01  2.64355017E-01  2.62362716E-01  2.60600411E-01  2.58239028E-01  2.56018235E-01  2.53133894E-01  2.49995573E-01  2.47610331E-01  2.43701073E-01  2.40022270E-01  2.36542867E-01  2.32653094E-01  2.28404416E-01  2.23968054E-01  2.19611057E-01  2.15297583E-01  2.10069146E-01  2.05324770E-01  2.00116596E-01  1.95029271E-01  1.89780305E-01  1.84580349E-01  1.78989583E-01  1.73808275E-01  1.68282509E-01  1.62535753E-01  1.56998538E-01  1.51273147E-01  1.45898365E-01  1.40230615E-01  1.34522926E-01  1.28819573E-01  1.23135859E-01  1.17607668E-01  1.12102629E-01  1.06832961E-01  1.01378675E-01  9.60976346E-02  9.11763720E-02  8.60037717E-02  8.09807530E-02  7.63343132E-02  7.15483528E-02  6.70795082E-02  6.26300336E-02  5.84321858E-02  5.42902755E-02  5.03591756E-02  4.66526814E-02  4.30492397E-02  3.95751899E-02  3.62000730E-02  3.30840327E-02  3.02200974E-02  2.74301917E-02  2.47901360E-02  2.23892375E-02  2.01252232E-02  1.79832883E-02  1.59950608E-02  1.42348053E-02  1.25902538E-02  1.10750752E-02  9.71455970E-03  8.44673634E-03  7.29907415E-03  6.26856665E-03  5.39302500E-03  4.61369416E-03  3.90230700E-03  3.26883796E-03  2.73000739E-03  2.24832083E-03  1.84294709E-03  1.50786107E-03  1.21513262E-03  9.65249384E-04  7.58271911E-04  5.90702739E-04  4.66491563E-04  3.59322745E-04  2.66531997E-04  2.04184091E-04  1.44366171E-04  1.06424796E-04  7.46780561E-05  5.48468894E-05  3.73790817E-05  2.45992976E-05  1.68844743E-05  1.02131310E-05  6.97673729E-06  4.31757548E-06  2.58422916E-06  1.65666787E-06  1.07354363E-06  4.55713977E-07  2.02446309E-07  1.17832856E-07  2.83179699E-08  1.06142981E-08  4.39400203E-08  0.00000000E+00  2.58087384E-09  0.00000000E+00  0.00000000E+00  0.00000000E+00  0.00000000E+00  0.00000000E+00  0.00000000E+00  0.00000000E+00  0.00000000E+00  0.00000000E+00  0.00000000E+00  0.00000000E+00  0.00000000E+00  0.00000000E+00  0.00000000E+00  0.00000000E+00  0.00000000E+00  0.00000000E+00  0.00000000E+00  0.00000000E+00  0.00000000E+00  0.00000000E+00  0.00000000E+00  0.00000000E+00  0.00000000E+00  0.00000000E+00  0.00000000E+00  0.00000000E+00  0.00000000E+00  0.00000000E+00  0.00000000E+00  0.00000000E+00  0.00000000E+00  0.00000000E+00  0.00000000E+00  0.00000000E+00  0.00000000E+00  0.00000000E+00  0.00000000E+00  0.00000000E+00  0.00000000E+00  0.00000000E+00  0.00000000E+00  0.00000000E+00  0.00000000E+00  0.00000000E+00  0.00000000E+00  0.00000000E+00  0.00000000E+00  0.00000000E+00  0.00000000E+00  0.00000000E+00  0.00000000E+00  0.00000000E+00  0.00000000E+00  0.00000000E+00  0.00000000E+00  0.00000000E+00  0.00000000E+00  0.00000000E+00  0.00000000E+00  0.00000000E+00  0.00000000E+00  0.00000000E+00  0.00000000E+00  0.00000000E+00  0.00000000E+00  0.00000000E+00  0.00000000E+00  0.00000000E+00  0.00000000E+00  0.00000000E+00  0.00000000E+00  0.00000000E+00  0.00000000E+00  0.00000000E+00  0.00000000E+00  0.00000000E+00  0.00000000E+00  0.00000000E+00  0.00000000E+00  0.00000000E+00  0.00000000E+00  0.00000000E+00  0.00000000E+00  0.00000000E+00  0.00000000E+00  0.00000000E+00  0.00000000E+00  0.00000000E+00  0.00000000E+00
  2.62440074E-01  2.62972154E-01  2.62591115E-01  2.60776830E-01  2.60247476E-01  2.59045628E-01  2.57460357E-01  2.55736786E-01  2.53965362E-01  2.51382649E-01  2.49165236E-01  2.46351119E-01  2.43095841E-01  2.40492699E-01  2.37007729E-01  2.33328532E-01  2.30247482E-01  2.26068983E-01  2.22183647E-01  2.17688566E-01  2.13529871E-01  2.08952402E-01  2.04129727E-01  1.99357739E-01  1.94622608E-01  1.89215621E-01  1.84127591E-01  1.79024555E-01  1.74010139E-01  1.68302852E-01  1.62934013E-01  1.57563838E-01  1.52065590E-01  1.46479689E-01  1.40999103E-01  1.35466449E-01  1.30102016E-01  1.24572903E-01  1.18993291E-01  1.13819780E-01  1.08500598E-01  1.03187066E-01  9.79975245E-02  9.27382103E-02  8.76648888E-02  8.28683055E-02  7.81392670E-02  7.34885309E-02  6.89397391E-02  6.44908067E-02  6.01848812E-02  5.60262033E-02  5.21297139E-02  4.82929017E-02  4.46522480E-02  4.11590943E-02  3.78357844E-02  3.45646322E-02  3.17475073E-02  2.88198327E-02  2.61698877E-02  2.36674135E-02  2.13572326E-02  1.91311804E-02  1.71207964E-02  1.52639855E-02  1.35471580E-02  1.19611944E-02  1.05016986E-02  9.19439271E-03  7.98158227E-03  6.97403470E-03  5.96741590E-03  5.13652285E-03  4.34641042E-03  3.66806994E-03  3.06670972E-03  2.59430300E-03  2.11551108E-03  1.74865937E-03  1.42179046E-03  1.14627640E-03  9.08105291E-04  7.20068167E-04  5.62621337E-04  4.28123296E-04  3.31840684E-04  2.55840505E-04  1.82505794E-04  1.41105267E-04  9.66828178E-05  7.29612431E-05  4.99393708E-05  3.41963674E-05  2.33492534E-05  1.52902992E-05  1.00064586E-05  6.56059265E-06  3.89581877E-06  2.12897636E-06  1.59721422E-06  7.80397404E-07  3.83240881E-07  1.48226584E-07  8.80848892E-08  5.62532645E-08  2.99474838E-08  1.61488963E-08  4.46513263E-09  0.00000000E+00  0.00000000E+00  0.00000000E+00  0.00000000E+00  0.00000000E+00  0.00000000E+00  0.00000000E+00  0.00000000E+00  0.00000000E+00  0.00000000E+00  0.00000000E+00  0.00000000E+00  0.00000000E+00  0.00000000E+00  0.00000000E+00  0.00000000E+00  0.00000000E+00  0.00000000E+00  0.00000000E+00  0.00000000E+00  0.00000000E+00  0.00000000E+00  0.00000000E+00  0.00000000E+00  0.00000000E+00  0.00000000E+00  0.00000000E+00  0.00000000E+00  0.00000000E+00  0.00000000E+00  0.00000000E+00  0.00000000E+00  0.00000000E+00  0.00000000E+00  0.00000000E+00  0.00000000E+00  0.00000000E+00  0.00000000E+00  0.00000000E+00  0.00000000E+00  0.00000000E+00  0.00000000E+00  0.00000000E+00  0.00000000E+00  0.00000000E+00  0.00000000E+00  0.00000000E+00  0.00000000E+00  0.00000000E+00  0.00000000E+00  0.00000000E+00  0.00000000E+00  0.00000000E+00  0.00000000E+00  0.00000000E+00  0.00000000E+00  0.00000000E+00  0.00000000E+00  0.00000000E+00  0.00000000E+00  0.00000000E+00  0.00000000E+00  0.00000000E+00  0.00000000E+00  0.00000000E+00  0.00000000E+00  0.00000000E+00  0.00000000E+00  0.00000000E+00  0.00000000E+00  0.00000000E+00  0.00000000E+00  0.00000000E+00  0.00000000E+00  0.00000000E+00  0.00000000E+00  0.00000000E+00  0.00000000E+00  0.00000000E+00  0.00000000E+00  0.00000000E+00  0.00000000E+00  0.00000000E+00  0.00000000E+00  0.00000000E+00  0.00000000E+00  0.00000000E+00  0.00000000E+00  0.00000000E+00  0.00000000E+00  0.00000000E+00
  2.62241281E-01  2.61958810E-01  2.61320100E-01  2.60635078E-01  2.60074790E-01  2.59048226E-01  2.56950152E-01  2.56175099E-01  2.53543348E-01  2.51345757E-01  2.48907511E-01  2.46215387E-01  2.43374968E-01  2.39955452E-01  2.36836963E-01  2.33151412E-01  2.30045650E-01  2.25757413E-01  2.21579465E-01  2.17552095E-01  2.13381195E-01  2.08655420E-01  2.04145823E-01  1.99259905E-01  1.94447206E-01  1.89488369E-01  1.84180845E-01  1.79038631E-01  1.73657576E-01  1.68482109E-01  1.62936860E-01  1.57654863E-01  1.52184242E-01  1.46731675E-01  1.41096635E-01  1.35678846E-01  1.30140726E-01  1.24652279E-01  1.19195624E-01  1.13707713E-01  1.08507023E-01  1.03097210E-01  9.78758208E-02  9.28099625E-02  8.77304851E-02  8.30502024E-02  7.81359903E-02  7.34058851E-02  6.89421590E-02  6.43988534E-02  6.02058364E-02  5.61662236E-02  5.21702577E-02  4.83255443E-02  4.46297729E-02  4.11548629E-02  3.78026563E-02  3.46421546E-02  3.16541177E-02  2.88713571E-02  2.61538576E-02  2.36644227E-02  2.13931710E-02  1.91691850E-02  1.71577830E-02  1.52747597E-02  1.35232904E-02  1.19943571E-02  1.05478974E-02  9.23042915E-03  8.02566017E-03  6.94390459E-03  5.96960881E-03  5.13496618E-03  4.35207825E-03  3.67239110E-03  3.07739807E-03  2.55345724E-03  2.13574348E-03  1.73421880E-03  1.42684225E-03  1.13813756E-03  9.25156568E-04  7.18897130E-04  5.65978683E-04  4.36677489E-04  3.29563969E-04  2.53797439E-04  1.90457529E-04  1.41604620E-04  1.01498936E-04  7.25804644E-05  4.84706941E-05  3.37006740E-05  2.38841322E-05  1.51782716E-05  1.06415370E-05  6.95396320E-06  3.80851636E-06  2.97943080E-06  1.57029940E-06  8.30912424E-07  2.95012764E-07  1.86453441E-07  4.48151190E-08  2.67872689E-08  8.90842872E-08  0.00000000E+00  2.60466069E-09  0.00000000E+00  0.00000000E+00  0.00000000E+00  0.00000000E+00  0.00000000E+00  0.00000000E+00  0.00000000E+00  0.00000000E+00  0.00000000E+00  0.00000000E+00  0.00000000E+00  0.00000000E+00  0.00000000E+00  0.00000000E+00  0.00000000E+00  0.00000000E+00  0.00000000E+00  0.00000000E+00  0.00000000E+00  0.00000000E+00  0.00000000E+00  0.00000000E+00  0.00000000E+00  0.00000000E+00  0.00000000E+00  0.00000000E+00  0.00000000E+00  0.00000000E+00  0.00000000E+00  0.00000000E+00  0.00000000E+00  0.00000000E+00  0.00000000E+00  0.00000000E+00  0.00000000E+00  0.00000000E+00  0.00000000E+00  0.00000000E+00  0.00000000E+00  0.00000000E+00  0.00000000E+00  0.00000000E+00  0.00000000E+00  0.00000000E+00  0.00000000E+00  0.00000000E+00  0.00000000E+00  0.00000000E+00  0.00000000E+00  0.00000000E+00  0.00000000E+00  0.00000000E+00  0.00000000E+00  0.00000000E+00  0.00000000E+00  0.00000000E+00  0.00000000E+00  0.00000000E+00  0.00000000E+00  0.00000000E+00  0.00000000E+00  0.00000000E+00  0.00000000E+00  0.00000000E+00  0.00000000E+00  0.00000000E+00  0.00000000E+00  0.00000000E+00  0.00000000E+00  0.00000000E+00  0.00000000E+00  0.00000000E+00  0.00000000E+00  0.00000000E+00  0.00000000E+00  0.00000000E+00  0.00000000E+00  0.00000000E+00  0.00000000E+00  0.00000000E+00  0.00000000E+00  0.00000000E+00  0.00000000E+00  0.00000000E+00  0.00000000E+00  0.00000000E+00  0.00000000E+00  0.00000000E+00  0.00000000E+00  0.00000000E+00  0.00000000E+00
  2.69360361E-01  2.66253125E-01  2.66794511E-01  2.66103394E-01  2.65603778E-01  2.63428137E-01  2.62096252E-01  2.60021357E-01  2.57871381E-01  2.56145235E-01  2.53931486E-01  2.50987748E-01  2.48038327E-01  2.44846037E-01  2.41561370E-01  2.37669152E-01  2.34324366E-01  2.30358746E-01  2.26258335E-01  2.21947394E-01  2.17482163E-01  2.12821355E-01  2.07776556E-01  2.03239528E-01  1.98246196E-01  1.93109903E-01  1.88295558E-01  1.82809077E-01  1.77441108E-01  1.71855753E-01  1.66420247E-01  1.61220831E-01  1.55394324E-01  1.49571232E-01  1.44411668E-01  1.38597451E-01  1.33014360E-01  1.27475426E-01  1.21804397E-01  1.16373635E-01  1.10954992E-01  1.05696011E-01  1.00369378E-01  9.51335074E-02  9.00311122E-02  8.50977698E-02  8.02014576E-02  7.53151190E-02  7.07377797E-02  6.63065535E-02  6.19769274E-02  5.76543710E-02  5.36816859E-02  4.97050261E-02  4.60184172E-02  4.25293289E-02  3.89587694E-02  3.57780266E-02  3.27197930E-02  2.97576819E-02  2.71048054E-02  2.44691648E-02  2.20909389E-02  1.98420218E-02  1.77677105E-02  1.58244058E-02  1.40305527E-02  1.23645281E-02  1.09059473E-02  9.52273172E-03  8.32944554E-03  7.22020260E-03  6.18589655E-03  5.33525424E-03  4.51548774E-03  3.82454846E-03  3.21564265E-03  2.67518032E-03  2.21283749E-03  1.80859717E-03  1.47237913E-03  1.19445361E-03  9.46000879E-04  7.61019640E-04  5.86657392E-04  4.58280652E-04  3.46744808E-04  2.64560448E-04  1.97816681E-04  1.46667163E-04  1.03331524E-04  7.48920510E-05  5.14368535E-05  3.53876724E-05  2.40520295E-05  1.70184848E-05  1.03675078E-05  6.25541992E-06  4.16592341E-06  2.90071507E-06  1.52570916E-06  9.27964905E-07  5.75058259E-07  3.60814713E-07  1.85828209E-07  5.85493160E-08  9.81822569E-08  0.00000000E+00  2.12093800E-08  0.00000000E+00  0.00000000E+00  0.00000000E+00  0.00000000E+00  0.00000000E+00  0.00000000E+00  0.00000000E+00  0.00000000E+00  0.00000000E+00  0.00000000E+00  0.00000000E+00  0.00000000E+00  0.00000000E+00  0.00000000E+00  0.00000000E+00  0.00000000E+00  0.00000000E+00  0.00000000E+00  0.00000000E+00  0.00000000E+00  0.00000000E+00  0.00000000E+00  0.00000000E+00  0.00000000E+00  0.00000000E+00  0.00000000E+00  0.00000000E+00  0.00000000E+00  0.00000000E+00  0.00000000E+00  0.00000000E+00  0.00000000E+00  0.00000000E+00  0.00000000E+00  0.00000000E+00  0.00000000E+00  0.00000000E+00  0.00000000E+00  0.00000000E+00  0.00000000E+00  0.00000000E+00  0.00000000E+00  0.00000000E+00  0.00000000E+00  0.00000000E+00  0.00000000E+00  0.00000000E+00  0.00000000E+00  0.00000000E+00  0.00000000E+00  0.00000000E+00  0.00000000E+00  0.00000000E+00  0.00000000E+00  0.00000000E+00  0.00000000E+00  0.00000000E+00  0.00000000E+00  0.00000000E+00  0.00000000E+00  0.00000000E+00  0.00000000E+00  0.00000000E+00  0.00000000E+00  0.00000000E+00  0.00000000E+00  0.00000000E+00  0.00000000E+00  0.00000000E+00  0.00000000E+00  0.00000000E+00  0.00000000E+00  0.00000000E+00  0.00000000E+00  0.00000000E+00  0.00000000E+00  0.00000000E+00  0.00000000E+00  0.00000000E+00  0.00000000E+00  0.00000000E+00  0.00000000E+00  0.00000000E+00  0.00000000E+00  0.00000000E+00  0.00000000E+00  0.00000000E+00  0.00000000E+00  0.00000000E+00  0.00000000E+00  0.00000000E+00
  2.68935483E-01  2.69288175E-01  2.69212195E-01  2.68595711E-01  2.66765467E-01  2.66219232E-01  2.63810768E-01  2.61916414E-01  2.60289151E-01  2.58174581E-01  2.55863948E-01  2.53254192E-01  2.49927952E-01  2.46838120E-01  2.43756464E-01  2.39809678E-01  2.36341077E-01  2.32390909E-01  2.28355692E-01  2.23833366E-01  2.19563167E-01  2.14809145E-01  2.09922261E-01  2.05307028E-01  2.00127750E-01  1.95250001E-01  1.89933379E-01  1.84299196E-01  1.79223545E-01  1.73574432E-01  1.68170155E-01  1.62652972E-01  1.57033370E-01  1.51295216E-01  1.45689868E-01  1.40073194E-01  1.34453763E-01  1.28827856E-01  1.23135093E-01  1.17665186E-01  1.12245142E-01  1.06730565E-01  1.01426785E-01  9.61171117E-02  9.09331941E-02  8.60433436E-02  8.10747222E-02  7.62480356E-02  7.18093164E-02  6.71214994E-02  6.27958843E-02  5.84175749E-02  5.43927003E-02  5.03825598E-02  4.66265891E-02  4.31167778E-02  3.95704495E-02  3.62657450E-02  3.32029300E-02  3.02771450E-02  2.74187947E-02  2.48144611E-02  2.24573193E-02  2.01612562E-02  1.79920237E-02  1.60639679E-02  1.42400786E-02  1.25825806E-02  1.11292123E-02  9.72760255E-03  8.40793204E-03  7.36305258E-03  6.28873606E-03  5.39700400E-03  4.61907532E-03  3.90587153E-03  3.25402583E-03  2.74913966E-03  2.26368697E-03  1.85804224E-03  1.49752728E-03  1.21404876E-03  9.69720671E-04  7.67652775E-04  6.02855500E-04  4.63665506E-04  3.53175429E-04  2.73005859E-04  2.00853951E-04  1.45705447E-04  1.05645901E-04  7.69693462E-05  5.19418339E-05  3.77694187E-05  2.61654842E-05  1.66680284E-05  1.06637103E-05  6.68936974E-06  4.77089221E-06  2.14398915E-06  1.56507712E-06  9.01315248E-07  3.55669595E-07  2.67197922E-07  2.70436063E-09  2.67872688E-08  5.30714903E-08  0.00000000E+00  2.64187014E-08  0.00000000E+00  0.00000000E+00  0.00000000E+00  0.00000000E+00  0.00000000E+00  0.00000000E+00  0.00000000E+00  0.00000000E+00  0.00000000E+00  0.00000000E+00  0.00000000E+00  0.00000000E+00  0.00000000E+00  0.00000000E+00  0.00000000E+00  0.00000000E+00  0.00000000E+00  0.00000000E+00  0.00000000E+00  0.00000000E+00  0.00000000E+00  0.00000000E+00  0.00000000E+00  0.00000000E+00  0.00000000E+00  0.00000000E+00  0.00000000E+00  0.00000000E+00  0.00000000E+00  0.00000000E+00  0.00000000E+00  0.00000000E+00  0.00000000E+00  0.00000000E+00  0.00000000E+00  0.00000000E+00  0.00000000E+00  0.00000000E+00  0.00000000E+00  0.00000000E+00  0.00000000E+00  0.00000000E+00  0.00000000E+00  0.00000000E+00  0.00000000E+00  0.00000000E+00  0.00000000E+00  0.00000000E+00  0.00000000E+00  0.00000000E+00  0.00000000E+00  0.00000000E+00  0.00000000E+00  0.00000000E+00  0.00000000E+00  0.00000000E+00  0.00000000E+00  0.00000000E+00  0.00000000E+00  0.00000000E+00  0.00000000E+00  0.00000000E+00  0.00000000E+00  0.00000000E+00  0.00000000E+00  0.00000000E+00  0.00000000E+00  0.00000000E+00  0.00000000E+00  0.00000000E+00  0.00000000E+00  0.00000000E+00  0.00000000E+00  0.00000000E+00  0.00000000E+00  0.00000000E+00  0.00000000E+00  0.00000000E+00  0.00000000E+00  0.00000000E+00  0.00000000E+00  0.00000000E+00  0.00000000E+00  0.00000000E+00  0.00000000E+00  0.00000000E+00  0.00000000E+00  0.00000000E+00  0.00000000E+00  0.00000000E+00  0.00000000E+00
  2.71480146E-01  2.70186538E-01  2.69673876E-01  2.67440269E-01  2.66802223E-01  2.65493618E-01  2.64312396E-01  2.62459017E-01  2.61085685E-01  2.58303739E-01  2.55832915E-01  2.52922631E-01  2.50056655E-01  2.47389225E-01  2.43579653E-01  2.40033843E-01  2.36198091E-01  2.32129260E-01  2.28234792E-01  2.23823034E-01  2.19273068E-01  2.15010426E-01  2.10140305E-01  2.05185295E-01  2.00161503E-01  1.94700236E-01  1.89762786E-01  1.84655166E-01  1.79074145E-01  1.73611362E-01  1.68349762E-01  1.62469409E-01  1.56909470E-01  1.51275217E-01  1.45622908E-01  1.40406344E-01  1.34311024E-01  1.28787879E-01  1.23250157E-01  1.17955510E-01  1.12128921E-01  1.06776396E-01  1.01546602E-01  9.63024564E-02  9.11702699E-02  8.59440243E-02  8.10842362E-02  7.62575456E-02  7.16330646E-02  6.70312393E-02  6.28362982E-02  5.84688359E-02  5.44119482E-02  5.04322094E-02  4.65895903E-02  4.29562483E-02  3.95296464E-02  3.62680796E-02  3.31251876E-02  3.02277681E-02  2.74709850E-02  2.48668636E-02  2.23800339E-02  2.01654861E-02  1.80067536E-02  1.60397859E-02  1.42535186E-02  1.26201759E-02  1.10814121E-02  9.69718395E-03  8.44170671E-03  7.31043823E-03  6.29317255E-03  5.40788198E-03  4.61635873E-03  3.88041616E-03  3.25665293E-03  2.72841646E-03  2.26412207E-03  1.84337316E-03  1.51367567E-03  1.21643048E-03  9.79801497E-04  7.63134469E-04  6.04580756E-04  4.66663912E-04  3.55449810E-04  2.70391583E-04  2.02624855E-04  1.49458487E-04  1.04785370E-04  7.90709088E-05  5.54928453E-05  3.64844156E-05  2.43865423E-05  1.65259857E-05  1.01888658E-05  6.94319727E-06  4.13436338E-06  2.46453257E-06  1.67273643E-06  9.03304028E-07  5.54182857E-07  3.82658630E-07  8.80848891E-08  5.70186151E-08  6.36857883E-08  4.50666874E-09  5.20932140E-09  0.00000000E+00  0.00000000E+00  0.00000000E+00  0.00000000E+00  0.00000000E+00  0.00000000E+00  0.00000000E+00  0.00000000E+00  0.00000000E+00  0.00000000E+00  0.00000000E+00  0.00000000E+00  0.00000000E+00  0.00000000E+00  0.00000000E+00  0.00000000E+00  0.00000000E+00  0.00000000E+00  0.00000000E+00  0.00000000E+00  0.00000000E+00  0.00000000E+00  0.00000000E+00  0.00000000E+00  0.00000000E+00  0.00000000E+00  0.00000000E+00  0.00000000E+00  0.00000000E+00  0.00000000E+00  0.00000000E+00  0.00000000E+00  0.00000000E+00  0.00000000E+00  0.00000000E+00  0.00000000E+00  0.00000000E+00  0.00000000E+00  0.00000000E+00  0.00000000E+00  0.00000000E+00  0.00000000E+00  0.00000000E+00  0.00000000E+00  0.00000000E+00  0.00000000E+00  0.00000000E+00  0.00000000E+00  0.00000000E+00  0.00000000E+00  0.00000000E+00  0.00000000E+00  0.00000000E+00  0.00000000E+00  0.00000000E+00  0.00000000E+00  0.00000000E+00  0.00000000E+00  0.00000000E+00  0.00000000E+00  0.00000000E+00  0.00000000E+00  0.00000000E+00  0.00000000E+00  0.00000000E+00  0.00000000E+00  0.00000000E+00  0.00000000E+00  0.00000000E+00  0.00000000E+00  0.00000000E+00  0.00000000E+00  0.00000000E+00  0.00000000E+00  0.00000000E+00  0.00000000E+00  0.00000000E+00  0.00000000E+00  0.00000000E+00  0.00000000E+00  0.00000000E+00  0.00000000E+00  0.00000000E+00  0.00000000E+00  0.00000000E+00  0.00000000E+00  0.00000000E+00  0.00000000E+00  0.00000000E+00  0.00000000E+00  0.00000000E+00
  2.70104987E-01  2.70296216E-01  2.69868373E-01  2.68932277E-01  2.67966038E-01  2.66397046E-01  2.65056767E-01  2.62938058E-01  2.61020344E-01  2.58958687E-01  2.56070807E-01  2.53317910E-01  2.50621224E-01  2.47418048E-01  2.43552019E-01  2.40041019E-01  2.36099732E-01  2.32299368E-01  2.28255964E-01  2.24162405E-01  2.20049921E-01  2.14678884E-01  2.10265025E-01  2.05272908E-01  2.00355043E-01  1.95186841E-01  1.90066580E-01  1.84675635E-01  1.79274080E-01  1.73572887E-01  1.68485328E-01  1.62449451E-01  1.56708389E-01  1.51252109E-01  1.45789674E-01  1.40036868E-01  1.34232260E-01  1.28810571E-01  1.23120268E-01  1.17829751E-01  1.12232152E-01  1.06885346E-01  1.01350195E-01  9.63276014E-02  9.09805839E-02  8.61685862E-02  8.12212943E-02  7.61961501E-02  7.15713058E-02  6.70699502E-02  6.26865044E-02  5.83773219E-02  5.44038930E-02  5.02845119E-02  4.66008864E-02  4.29620393E-02  3.94833105E-02  3.61799845E-02  3.31563460E-02  3.01919644E-02  2.73810009E-02  2.48156138E-02  2.23901573E-02  2.00803750E-02  1.79872980E-02  1.59915050E-02  1.42274624E-02  1.25195336E-02  1.10623989E-02  9.63991056E-03  8.40402767E-03  7.29871786E-03  6.26331324E-03  5.39301566E-03  4.57897999E-03  3.89378231E-03  3.25242783E-03  2.70254385E-03  2.25050248E-03  1.84128192E-03  1.47667414E-03  1.21086555E-03  9.59882078E-04  7.64040064E-04  5.92351551E-04  4.61759747E-04  3.56043959E-04  2.66518617E-04  2.00298319E-04  1.46672576E-04  1.06145982E-04  7.52975383E-05  5.62487882E-05  3.83506063E-05  2.55024396E-05  1.64452413E-05  9.65042983E-06  6.63305565E-06  4.13641273E-06  2.22797964E-06  2.15639989E-06  1.02342636E-06  5.38821711E-07  2.25070367E-07  9.31072731E-08  8.80153117E-09  4.28362742E-08  0.00000000E+00  0.00000000E+00  0.00000000E+00  2.92287716E-09  0.00000000E+00  0.00000000E+00  0.00000000E+00  0.00000000E+00  0.00000000E+00  0.00000000E+00  0.00000000E+00  0.00000000E+00  0.00000000E+00  0.00000000E+00  0.00000000E+00  0.00000000E+00  0.00000000E+00  0.00000000E+00  0.00000000E+00  0.00000000E+00  0.00000000E+00  0.00000000E+00  0.00000000E+00  0.00000000E+00  0.00000000E+00  0.00000000E+00  0.00000000E+00  0.00000000E+00  0.00000000E+00  0.00000000E+00  0.00000000E+00  0.00000000E+00  0.00000000E+00  0.00000000E+00  0.00000000E+00  0.00000000E+00  0.00000000E+00  0.00000000E+00  0.00000000E+00  0.00000000E+00  0.00000000E+00  0.00000000E+00  0.00000000E+00  0.00000000E+00  0.00000000E+00  0.00000000E+00  0.00000000E+00  0.00000000E+00  0.00000000E+00  0.00000000E+00  0.00000000E+00  0.00000000E+00  0.00000000E+00  0.00000000E+00  0.00000000E+00  0.00000000E+00  0.00000000E+00  0.00000000E+00  0.00000000E+00  0.00000000E+00  0.00000000E+00  0.00000000E+00  0.00000000E+00  0.00000000E+00  0.00000000E+00  0.00000000E+00  0.00000000E+00  0.00000000E+00  0.00000000E+00  0.00000000E+00  0.00000000E+00  0.00000000E+00  0.00000000E+00  0.00000000E+00  0.00000000E+00  0.00000000E+00  0.00000000E+00  0.00000000E+00  0.00000000E+00  0.00000000E+00  0.00000000E+00  0.00000000E+00  0.00000000E+00  0.00000000E+00  0.00000000E+00  0.00000000E+00  0.00000000E+00  0.00000000E+00  0.00000000E+00  0.00000000E+00  0.00000000E+00  0.00000000E+00  0.00000000E+00
  2.62825226E-01  2.61373628E-01  2.60809746E-01  2.60126203E-01  2.59484521E-01  2.58085737E-01  2.56687633E-01  2.55327670E-01  2.53141564E-01  2.51093635E-01  2.48813167E-01  2.45898679E-01  2.43438986E-01  2.40319672E-01  2.36949417E-01  2.33494162E-01  2.30021065E-01  2.25658628E-01  2.21742710E-01  2.17417933E-01  2.12977517E-01  2.08670200E-01  2.04307850E-01  1.99251285E-01  1.94338939E-01  1.89370606E-01  1.83842121E-01  1.78717371E-01  1.73746131E-01  1.68357976E-01  1.62842603E-01  1.57604901E-01  1.52038833E-01  1.46617252E-01  1.40955918E-01  1.35595577E-01  1.30132979E-01  1.24533798E-01  1.19179138E-01  1.13873745E-01  1.08508730E-01  1.03159197E-01  9.80307476E-02  9.28148433E-02  8.78944173E-02  8.29211195E-02  7.82877882E-02  7.33860075E-02  6.89552954E-02  6.45691484E-02  6.02082867E-02  5.61618501E-02  5.21550169E-02  4.83384408E-02  4.46609506E-02  4.11804793E-02  3.79151519E-02  3.47512924E-02  3.16921428E-02  2.89273429E-02  2.62855959E-02  2.37408982E-02  2.13976771E-02  1.92534085E-02  1.71865925E-02  1.52828088E-02  1.35815169E-02  1.19848334E-02  1.05380254E-02  9.20192286E-03  7.99955852E-03  6.93439932E-03  5.96541567E-03  5.11160466E-03  4.35640919E-03  3.69019606E-03  3.08865638E-03  2.57238374E-03  2.13016131E-03  1.75122898E-03  1.42330404E-03  1.15460794E-03  9.16026080E-04  7.13769130E-04  5.63583104E-04  4.33801852E-04  3.35242220E-04  2.53519678E-04  1.89954358E-04  1.39252204E-04  1.00078101E-04  6.95311469E-05  4.82904375E-05  3.54032168E-05  2.32902971E-05  1.42892368E-05  1.06310778E-05  5.83057972E-06  4.03148590E-06  2.42233445E-06  1.73098493E-06  6.01407173E-07  6.09325429E-07  2.63687293E-07  1.43331114E-07  1.32022968E-07  2.16076782E-08  4.01844629E-08  7.06979332E-09  0.00000000E+00  0.00000000E+00  0.00000000E+00  0.00000000E+00  0.00000000E+00  0.00000000E+00  0.00000000E+00  0.00000000E+00  0.00000000E+00  0.00000000E+00  0.00000000E+00  0.00000000E+00  0.00000000E+00  0.00000000E+00  0.00000000E+00  0.00000000E+00  0.00000000E+00  0.00000000E+00  0.00000000E+00  0.00000000E+00  0.00000000E+00  0.00000000E+00  0.00000000E+00  0.00000000E+00  0.00000000E+00  0.00000000E+00  0.00000000E+00  0.00000000E+00  0.00000000E+00  0.00000000E+00  0.00000000E+00  0.00000000E+00  0.00000000E+00  0.00000000E+00  0.00000000E+00  0.00000000E+00  0.00000000E+00  0.00000000E+00  0.00000000E+00  0.00000000E+00  0.00000000E+00  0.00000000E+00  0.00000000E+00  0.00000000E+00  0.00000000E+00  0.00000000E+00  0.00000000E+00  0.00000000E+00  0.00000000E+00  0.00000000E+00  0.00000000E+00  0.00000000E+00  0.00000000E+00  0.00000000E+00  0.00000000E+00  0.00000000E+00  0.00000000E+00  0.00000000E+00  0.00000000E+00  0.00000000E+00  0.00000000E+00  0.00000000E+00  0.00000000E+00  0.00000000E+00  0.00000000E+00  0.00000000E+00  0.00000000E+00  0.00000000E+00  0.00000000E+00  0.00000000E+00  0.00000000E+00  0.00000000E+00  0.00000000E+00  0.00000000E+00  0.00000000E+00  0.00000000E+00  0.00000000E+00  0.00000000E+00  0.00000000E+00  0.00000000E+00  0.00000000E+00  0.00000000E+00  0.00000000E+00  0.00000000E+00  0.00000000E+00  0.00000000E+00  0.00000000E+00  0.00000000E+00  0.00000000E+00  0.00000000E+00  0.00000000E+00
  2.67378811E-01  2.68760726E-01  2.69168528E-01  2.68598698E-01  2.66356675E-01  2.64847031E-01  2.64424494E-01  2.62698887E-01  2.60710542E-01  2.58063898E-01  2.55618734E-01  2.53057260E-01  2.50322986E-01  2.46625430E-01  2.43704403E-01  2.40144299E-01  2.36594006E-01  2.32526493E-01  2.28388158E-01  2.24293673E-01  2.19304625E-01  2.14703901E-01  2.10189177E-01  2.05183293E-01  1.99844655E-01  1.95226834E-01  1.89727152E-01  1.84407081E-01  1.79199129E-01  1.73518841E-01  1.67924950E-01  1.62388203E-01  1.56933382E-01  1.51334129E-01  1.45718583E-01  1.39989278E-01  1.34403438E-01  1.28494904E-01  1.23156737E-01  1.17706302E-01  1.12099109E-01  1.06846042E-01  1.01522775E-01  9.62544543E-02  9.11874304E-02  8.61933038E-02  8.12324969E-02  7.64427165E-02  7.16209246E-02  6.70654913E-02  6.27665373E-02  5.84045876E-02  5.44449005E-02  5.03517305E-02  4.65522908E-02  4.30395366E-02  3.97001738E-02  3.63334124E-02  3.32465928E-02  3.02432235E-02  2.74688943E-02  2.49160383E-02  2.24515502E-02  2.01815428E-02  1.80629950E-02  1.60720985E-02  1.42494868E-02  1.26357907E-02  1.10700012E-02  9.68548239E-03  8.42137742E-03  7.28799409E-03  6.28275986E-03  5.39403293E-03  4.58589476E-03  3.85554579E-03  3.26686315E-03  2.71391319E-03  2.25119729E-03  1.84408513E-03  1.49048746E-03  1.20809943E-03  9.65392767E-04  7.69025915E-04  6.02364344E-04  4.67651733E-04  3.51729029E-04  2.71744861E-04  2.00158727E-04  1.42882097E-04  1.09048322E-04  7.39438549E-05  5.13264300E-05  3.44044896E-05  2.37687830E-05  1.62643060E-05  1.03269263E-05  6.60117193E-06  4.54546346E-06  2.72177881E-06  1.77075460E-06  7.17154189E-07  6.27837579E-07  1.05708959E-07  2.70436063E-08  5.16611612E-08  1.70586933E-08  0.00000000E+00  0.00000000E+00  0.00000000E+00  0.00000000E+00  0.00000000E+00  0.00000000E+00  0.00000000E+00  0.00000000E+00  0.00000000E+00  0.00000000E+00  0.00000000E+00  0.00000000E+00  0.00000000E+00  0.00000000E+00  0.00000000E+00  0.00000000E+00  0.00000000E+00  0.00000000E+00  0.00000000E+00  0.00000000E+00  0.00000000E+00  0.00000000E+00  0.00000000E+00  0.00000000E+00  0.00000000E+00  0.00000000E+00  0.00000000E+00  0.00000000E+00  0.00000000E+00  0.00000000E+00  0.00000000E+00  0.00000000E+00  0.00000000E+00  0.00000000E+00  0.00000000E+00  0.00000000E+00  0.00000000E+00  0.00000000E+00  0.00000000E+00  0.00000000E+00  0.00000000E+00  0.00000000E+00  0.00000000E+00  0.00000000E+00  0.00000000E+00  0.00000000E+00  0.00000000E+00  0.00000000E+00  0.00000000E+00  0.00000000E+00  0.00000000E+00  0.00000000E+00  0.00000000E+00  0.00000000E+00  0.00000000E+00  0.00000000E+00  0.00000000E+00  0.00000000E+00  0.00000000E+00  0.00000000E+00  0.00000000E+00  0.00000000E+00  0.00000000E+00  0.00000000E+00  0.00000000E+00  0.00000000E+00  0.00000000E+00  0.00000000E+00  0.00000000E+00  0.00000000E+00  0.00000000E+00  0.00000000E+00  0.00000000E+00  0.00000000E+00  0.00000000E+00  0.00000000E+00  0.00000000E+00  0.00000000E+00  0.00000000E+00  0.00000000E+00  0.00000000E+00  0.00000000E+00  0.00000000E+00  0.00000000E+00  0.00000000E+00  0.00000000E+00  0.00000000E+00  0.00000000E+00  0.00000000E+00  0.00000000E+00  0.00000000E+00  0.00000000E+00  0.00000000E+00
  2.71116311E-01  2.70821432E-01  2.70042733E-01  2.69337291E-01  2.67711819E-01  2.67271978E-01  2.64936607E-01  2.63418784E-01  2.61538918E-01  2.59206028E-01  2.56899438E-01  2.53892334E-01  2.50638093E-01  2.47719419E-01  2.44114223E-01  2.40716035E-01  2.36916511E-01  2.33089070E-01  2.28814626E-01  2.24578157E-01  2.20162378E-01  2.15359650E-01  2.10375245E-01  2.05835463E-01  2.00481009E-01  1.95097318E-01  1.90079719E-01  1.84709065E-01  1.79483381E-01  1.73576236E-01  1.68330644E-01  1.62555238E-01  1.56998566E-01  1.51377381E-01  1.45574320E-01  1.40041727E-01  1.34294519E-01  1.28591505E-01  1.23056664E-01  1.17628576E-01  1.12136382E-01  1.06764596E-01  1.01347742E-01  9.60969413E-02  9.09371261E-02  8.58559143E-02  8.09586334E-02  7.61875546E-02  7.14240429E-02  6.69460759E-02  6.23705712E-02  5.82548090E-02  5.42969050E-02  5.02674597E-02  4.64409486E-02  4.28644454E-02  3.94396685E-02  3.62093608E-02  3.29897943E-02  3.00860785E-02  2.72885992E-02  2.47897329E-02  2.23404000E-02  2.00850862E-02  1.79310760E-02  1.60314131E-02  1.42109517E-02  1.25510323E-02  1.10518561E-02  9.66407349E-03  8.43817686E-03  7.29129840E-03  6.26900768E-03  5.37921000E-03  4.59695567E-03  3.85178930E-03  3.24356493E-03  2.70294080E-03  2.25139067E-03  1.84273837E-03  1.48217730E-03  1.20559140E-03  9.61175458E-04  7.66131685E-04  5.97779109E-04  4.63318918E-04  3.54597092E-04  2.68826063E-04  1.98005541E-04  1.45301725E-04  1.08871666E-04  7.60838043E-05  5.52418827E-05  3.77819406E-05  2.36525793E-05  1.75202843E-05  1.25388231E-05  7.15768774E-06  4.58399128E-06  2.90112082E-06  1.58636795E-06  9.46659440E-07  4.88405645E-07  1.38474836E-07  1.75783441E-07  5.31918623E-08  7.58164147E-10  0.00000000E+00  0.00000000E+00  0.00000000E+00  0.00000000E+00  0.00000000E+00  0.00000000E+00  0.00000000E+00  0.00000000E+00  0.00000000E+00  0.00000000E+00  0.00000000E+00  0.00000000E+00  0.00000000E+00  0.00000000E+00  0.00000000E+00  0.00000000E+00  0.00000000E+00  0.00000000E+00  0.00000000E+00  0.00000000E+00  0.00000000E+00  0.00000000E+00  0.00000000E+00  0.00000000E+00  0.00000000E+00  0.00000000E+00  0.00000000E+00  0.00000000E+00  0.00000000E+00  0.00000000E+00  0.00000000E+00  0.00000000E+00  0.00000000E+00  0.00000000E+00  0.00000000E+00  0.00000000E+00  0.00000000E+00  0.00000000E+00  0.00000000E+00  0.00000000E+00  0.00000000E+00  0.00000000E+00  0.00000000E+00  0.00000000E+00  0.00000000E+00  0.00000000E+00  0.00000000E+00  0.00000000E+00  0.00000000E+00  0.00000000E+00  0.00000000E+00  0.00000000E+00  0.00000000E+00  0.00000000E+00  0.00000000E+00  0.00000000E+00  0.00000000E+00  0.00000000E+00  0.00000000E+00  0.00000000E+00  0.00000000E+00  0.00000000E+00  0.00000000E+00  0.00000000E+00  0.00000000E+00  0.00000000E+00  0.00000000E+00  0.00000000E+00  0.00000000E+00  0.00000000E+00  0.00000000E+00  0.00000000E+00  0.00000000E+00  0.00000000E+00  0.00000000E+00  0.00000000E+00  0.00000000E+00  0.00000000E+00  0.00000000E+00  0.00000000E+00  0.00000000E+00  0.00000000E+00  0.00000000E+00  0.00000000E+00  0.00000000E+00  0.00000000E+00  0.00000000E+00  0.00000000E+00  0.00000000E+00  0.00000000E+00  0.00000000E+00  0.00000000E+00  0.00000000E+00
  2.68949937E-01  2.68928405E-01  2.69537967E-01  2.68857888E-01  2.67409027E-01  2.66594642E-01  2.64656337E-01  2.63006056E-01  2.60942734E-01  2.58853447E-01  2.55769477E-01  2.52990723E-01  2.50962938E-01  2.47283489E-01  2.44150826E-01  2.40045064E-01  2.36460922E-01  2.32758274E-01  2.28561647E-01  2.24210028E-01  2.19530269E-01  2.14968552E-01  2.10210481E-01  2.05187968E-01  2.00576141E-01  1.95195798E-01  1.89715790E-01  1.84644811E-01  1.79403375E-01  1.73958932E-01  1.68211774E-01  1.62736917E-01  1.57192408E-01  1.51309663E-01  1.45656914E-01  1.40216606E-01  1.34408203E-01  1.28883756E-01  1.23226906E-01  1.17675867E-01  1.12258786E-01  1.06880098E-01  1.01516916E-01  9.62436791E-02  9.09762237E-02  8.59735022E-02  8.10687584E-02  7.62954420E-02  7.14284847E-02  6.69464690E-02  6.26343442E-02  5.84460707E-02  5.42826748E-02  5.02589460E-02  4.66045347E-02  4.29183027E-02  3.94461588E-02  3.61840484E-02  3.31457408E-02  3.01725233E-02  2.74177710E-02  2.47640909E-02  2.23415207E-02  2.00071525E-02  1.79429148E-02  1.59740377E-02  1.41586535E-02  1.25605631E-02  1.10457066E-02  9.62144214E-03  8.41385215E-03  7.29630399E-03  6.29938431E-03  5.37806639E-03  4.61745772E-03  3.87379939E-03  3.24558144E-03  2.71302396E-03  2.24096846E-03  1.83837055E-03  1.49975402E-03  1.21065006E-03  9.61324713E-04  7.64087447E-04  5.93054840E-04  4.54828943E-04  3.58107377E-04  2.67178414E-04  1.97168444E-04  1.47974412E-04  1.05966649E-04  7.57970069E-05  5.36352857E-05  3.62896789E-05  2.39990543E-05  1.56399102E-05  1.08247809E-05  6.04755463E-06  4.12575610E-06  2.26612025E-06  1.43893897E-06  7.50565699E-07  2.95012764E-07  1.14680568E-07  1.28263961E-07  9.18420644E-09  2.27449244E-08  0.00000000E+00  0.00000000E+00  0.00000000E+00  0.00000000E+00  0.00000000E+00  0.00000000E+00  0.00000000E+00  0.00000000E+00  0.00000000E+00  0.00000000E+00  0.00000000E+00  0.00000000E+00  0.00000000E+00  0.00000000E+00  0.00000000E+00  0.00000000E+00  0.00000000E+00  0.00000000E+00  0.00000000E+00  0.00000000E+00  0.00000000E+00  0.00000000E+00  0.00000000E+00  0.00000000E+00  0.00000000E+00  0.00000000E+00  0.00000000E+00  0.00000000E+00  0.00000000E+00  0.00000000E+00  0.00000000E+00  0.00000000E+00  0.00000000E+00  0.00000000E+00  0.00000000E+00  0.00000000E+00  0.00000000E+00  0.00000000E+00  0.00000000E+00  0.00000000E+00  0.00000000E+00  0.00000000E+00  0.00000000E+00  0.00000000E+00  0.00000000E+00  0.00000000E+00  0.00000000E+00  0.00000000E+00  0.00000000E+00  0.00000000E+00  0.00000000E+00  0.00000000E+00  0.00000000E+00  0.00000000E+00  0.00000000E+00  0.00000000E+00  0.00000000E+00  0.00000000E+00  0.00000000E+00  0.00000000E+00  0.00000000E+00  0.00000000E+00  0.00000000E+00  0.00000000E+00  0.00000000E+00  0.00000000E+00  0.00000000E+00  0.00000000E+00  0.00000000E+00  0.00000000E+00  0.00000000E+00  0.00000000E+00  0.00000000E+00  0.00000000E+00  0.00000000E+00  0.00000000E+00  0.00000000E+00  0.00000000E+00  0.00000000E+00  0.00000000E+00  0.00000000E+00  0.00000000E+00  0.00000000E+00  0.00000000E+00  0.00000000E+00  0.00000000E+00  0.00000000E+00  0.00000000E+00  0.00000000E+00  0.00000000E+00  0.00000000E+00  0.00000000E+00  0.00000000E+00
  2.69222207E-01  2.68326482E-01  2.67942649E-01  2.66195754E-01  2.65892009E-01  2.65059036E-01  2.62945796E-01  2.60949025E-01  2.59432513E-01  2.56991866E-01  2.54583148E-01  2.52160143E-01  2.49496653E-01  2.45964692E-01  2.43055894E-01  2.39335372E-01  2.35255857E-01  2.31266185E-01  2.27404900E-01  2.23084347E-01  2.18437853E-01  2.13548147E-01  2.08926858E-01  2.04238523E-01  1.99216661E-01  1.94307103E-01  1.88955871E-01  1.83723132E-01  1.78454144E-01  1.72607510E-01  1.67247465E-01  1.61575603E-01  1.56087562E-01  1.50661966E-01  1.44839451E-01  1.39205719E-01  1.33515414E-01  1.28188004E-01  1.22540185E-01  1.17049362E-01  1.11480727E-01  1.06284683E-01  1.00868048E-01  9.57096509E-02  9.05220641E-02  8.55000477E-02  8.05842316E-02  7.57825454E-02  7.11888917E-02  6.66786804E-02  6.22145728E-02  5.79785735E-02  5.39406435E-02  5.00304361E-02  4.63129405E-02  4.26596112E-02  3.92542299E-02  3.59355604E-02  3.28565010E-02  2.99797082E-02  2.72393591E-02  2.46466090E-02  2.22502911E-02  1.99340457E-02  1.79087273E-02  1.59416659E-02  1.41310638E-02  1.24869768E-02  1.09906100E-02  9.61499536E-03  8.36687662E-03  7.25288661E-03  6.24994808E-03  5.33587823E-03  4.51922799E-03  3.84140802E-03  3.22905151E-03  2.69592176E-03  2.23779474E-03  1.82882798E-03  1.48080214E-03  1.20535758E-03  9.48967871E-04  7.58746707E-04  5.89658794E-04  4.58285374E-04  3.52962600E-04  2.64722398E-04  1.96483257E-04  1.51561903E-04  9.96828544E-05  7.49697069E-05  5.36361586E-05  3.71821861E-05  2.44638691E-05  1.78639768E-05  1.12092585E-05  7.31752040E-06  4.43110960E-06  2.89138279E-06  1.29753570E-06  9.85241779E-07  3.31643188E-07  1.22872037E-07  2.93616297E-08  1.06766400E-07  6.74766091E-08  4.13111301E-09  0.00000000E+00  1.76974207E-08  0.00000000E+00  0.00000000E+00  0.00000000E+00  0.00000000E+00  0.00000000E+00  0.00000000E+00  0.00000000E+00  0.00000000E+00  0.00000000E+00  0.00000000E+00  0.00000000E+00  0.00000000E+00  0.00000000E+00  0.00000000E+00  0.00000000E+00  0.00000000E+00  0.00000000E+00  0.00000000E+00  0.00000000E+00  0.00000000E+00  0.00000000E+00  0.00000000E+00  0.00000000E+00  0.00000000E+00  0.00000000E+00  0.00000000E+00  0.00000000E+00  0.00000000E+00  0.00000000E+00  0.00000000E+00  0.00000000E+00  0.00000000E+00  0.00000000E+00  0.00000000E+00  0.00000000E+00  0.00000000E+00  0.00000000E+00  0.00000000E+00  0.00000000E+00  0.00000000E+00  0.00000000E+00  0.00000000E+00  0.00000000E+00  0.00000000E+00  0.00000000E+00  0.00000000E+00  0.00000000E+00  0.00000000E+00  0.00000000E+00  0.00000000E+00  0.00000000E+00  0.00000000E+00  0.00000000E+00  0.00000000E+00  0.00000000E+00  0.00000000E+00  0.00000000E+00  0.00000000E+00  0.00000000E+00  0.00000000E+00  0.00000000E+00  0.00000000E+00  0.00000000E+00  0.00000000E+00  0.00000000E+00  0.00000000E+00  0.00000000E+00  0.00000000E+00  0.00000000E+00  0.00000000E+00  0.00000000E+00  0.00000000E+00  0.00000000E+00  0.00000000E+00  0.00000000E+00  0.00000000E+00  0.00000000E+00  0.00000000E+00  0.00000000E+00  0.00000000E+00  0.00000000E+00  0.00000000E+00  0.00000000E+00  0.00000000E+00  0.00000000E+00  0.00000000E+00  0.00000000E+00  0.00000000E+00  0.00000000E+00  0.00000000E+00
  2.68866608E-01  2.71217269E-01  2.69909052E-01  2.68812221E-01  2.67617106E-01  2.66699529E-01  2.65198629E-01  2.63567100E-01  2.60969033E-01  2.58859898E-01  2.56024633E-01  2.53081856E-01  2.50756587E-01  2.47035343E-01  2.43923530E-01  2.40517922E-01  2.36259200E-01  2.32606882E-01  2.28357266E-01  2.24326037E-01  2.19553573E-01  2.14694762E-01  2.10306607E-01  2.05555003E-01  2.00589801E-01  1.95173807E-01  1.89866160E-01  1.84463480E-01  1.79103096E-01  1.73708652E-01  1.68143765E-01  1.62361177E-01  1.56961116E-01  1.51357122E-01  1.45732864E-01  1.39976499E-01  1.34305886E-01  1.28617284E-01  1.23280011E-01  1.17597041E-01  1.12162679E-01  1.06829418E-01  1.01474723E-01  9.62322533E-02  9.09516692E-02  8.59743221E-02  8.09823045E-02  7.61679414E-02  7.15094314E-02  6.70995394E-02  6.26064290E-02  5.83733889E-02  5.43100995E-02  5.03952208E-02  4.65834493E-02  4.29332397E-02  3.95295421E-02  3.62197859E-02  3.30358103E-02  3.01249403E-02  2.74078027E-02  2.48595270E-02  2.23760806E-02  2.00863666E-02  1.80430160E-02  1.60912509E-02  1.42415757E-02  1.25957264E-02  1.10621225E-02  9.71813221E-03  8.43759962E-03  7.30341854E-03  6.31330466E-03  5.40969022E-03  4.58808678E-03  3.87216097E-03  3.24910728E-03  2.71329589E-03  2.25376414E-03  1.85189043E-03  1.51758752E-03  1.21273357E-03  9.66573594E-04  7.60178351E-04  5.96536408E-04  4.66118533E-04  3.55745717E-04  2.67722401E-04  2.01232127E-04  1.46491691E-04  1.08339466E-04  7.52031158E-05  5.31089190E-05  3.79762455E-05  2.57258754E-05  1.58555106E-05  1.08021892E-05  6.47239483E-06  3.74785553E-06  2.45844630E-06  1.68077070E-06  8.57562081E-07  3.27704433E-07  1.45496095E-07  1.03924716E-07  3.09966967E-08  2.27449244E-08  7.51111457E-10  0.00000000E+00  0.00000000E+00  0.00000000E+00  0.00000000E+00  0.00000000E+00  0.00000000E+00  0.00000000E+00  0.00000000E+00  0.00000000E+00  0.00000000E+00  0.00000000E+00  0.00000000E+00  0.00000000E+00  0.00000000E+00  0.00000000E+00  0.00000000E+00  0.00000000E+00  0.00000000E+00  0.00000000E+00  0.00000000E+00  0.00000000E+00  0.00000000E+00  0.00000000E+00  0.00000000E+00  0.00000000E+00  0.00000000E+00  0.00000000E+00  0.00000000E+00  0.00000000E+00  0.00000000E+00  0.00000000E+00  0.00000000E+00  0.00000000E+00  0.00000000E+00  0.00000000E+00  0.00000000E+00  0.00000000E+00  0.00000000E+00  0.00000000E+00  0.00000000E+00  0.00000000E+00  0.00000000E+00  0.00000000E+00  0.00000000E+00  0.00000000E+00  0.00000000E+00  0.00000000E+00  0.00000000E+00  0.00000000E+00  0.00000000E+00  0.00000000E+00  0.00000000E+00  0.00000000E+00  0.00000000E+00  0.00000000E+00  0.00000000E+00  0.00000000E+00  0.00000000E+00  0.00000000E+00  0.00000000E+00  0.00000000E+00  0.00000000E+00  0.00000000E+00  0.00000000E+00  0.00000000E+00  0.00000000E+00  0.00000000E+00  0.00000000E+00  0.00000000E+00  0.00000000E+00  0.00000000E+00  0.00000000E+00  0.00000000E+00  0.00000000E+00  0.00000000E+00  0.00000000E+00  0.00000000E+00  0.00000000E+00  0.00000000E+00  0.00000000E+00  0.00000000E+00  0.00000000E+00  0.00000000E+00  0.00000000E+00  0.00000000E+00  0.00000000E+00  0.00000000E+00  0.00000000E+00  0.00000000E+00  0.00000000E+00  0.00000000E+00  0.00000000E+00
  2.70299258E-01  2.69776330E-01  2.69007976E-01  2.67831591E-01  2.66849818E-01  2.66078083E-01  2.64692460E-01  2.63149124E-01  2.59820842E-01  2.58815314E-01  2.55840597E-01  2.53337247E-01  2.50098691E-01  2.47268255E-01  2.43923391E-01  2.40182361E-01  2.36470804E-01  2.32429175E-01  2.28319977E-01  2.24013904E-01  2.19741272E-01  2.14851035E-01  2.10131474E-01  2.05537933E-01  2.00345408E-01  1.95235036E-01  1.89720223E-01  1.84390968E-01  1.79259175E-01  1.73641417E-01  1.68252770E-01  1.62621589E-01  1.57010072E-01  1.51224220E-01  1.45642336E-01  1.40148065E-01  1.34441655E-01  1.28880759E-01  1.23283217E-01  1.17685313E-01  1.12158508E-01  1.06831644E-01  1.01456860E-01  9.62283293E-02  9.11475009E-02  8.60217511E-02  8.11833114E-02  7.63366208E-02  7.14972673E-02  6.69804168E-02  6.27164478E-02  5.84132704E-02  5.42600256E-02  5.03429882E-02  4.66206962E-02  4.29344785E-02  3.95329134E-02  3.62067327E-02  3.31750166E-02  3.02053686E-02  2.74053691E-02  2.47585386E-02  2.23873086E-02  2.01070232E-02  1.79975800E-02  1.60428351E-02  1.42694817E-02  1.25809478E-02  1.10502978E-02  9.71748160E-03  8.44489526E-03  7.30753708E-03  6.29626869E-03  5.38794249E-03  4.58434219E-03  3.86441752E-03  3.24308416E-03  2.71094492E-03  2.23454439E-03  1.84485093E-03  1.51154472E-03  1.21385309E-03  9.64685152E-04  7.71242279E-04  5.96211041E-04  4.60256767E-04  3.54834658E-04  2.74599524E-04  1.98656515E-04  1.45929637E-04  1.07224657E-04  7.61905811E-05  5.24411403E-05  3.77232173E-05  2.39802566E-05  1.52932585E-05  1.08800051E-05  6.66038455E-06  3.69375263E-06  2.73719735E-06  1.09025136E-06  9.51034757E-07  5.10462674E-07  2.03616519E-07  1.42172102E-07  1.12123854E-07  1.06142981E-08  0.00000000E+00  2.23256632E-09  0.00000000E+00  0.00000000E+00  0.00000000E+00  0.00000000E+00  0.00000000E+00  0.00000000E+00  0.00000000E+00  0.00000000E+00  0.00000000E+00  0.00000000E+00  0.00000000E+00  0.00000000E+00  0.00000000E+00  0.00000000E+00  0.00000000E+00  0.00000000E+00  0.00000000E+00  0.00000000E+00  0.00000000E+00  0.00000000E+00  0.00000000E+00  0.00000000E+00  0.00000000E+00  0.00000000E+00  0.00000000E+00  0.00000000E+00  0.00000000E+00  0.00000000E+00  0.00000000E+00  0.00000000E+00  0.00000000E+00  0.00000000E+00  0.00000000E+00  0.00000000E+00  0.00000000E+00  0.00000000E+00  0.00000000E+00  0.00000000E+00  0.00000000E+00  0.00000000E+00  0.00000000E+00  0.00000000E+00  0.00000000E+00  0.00000000E+00  0.00000000E+00  0.00000000E+00  0.00000000E+00  0.00000000E+00  0.00000000E+00  0.00000000E+00  0.00000000E+00  0.00000000E+00  0.00000000E+00  0.00000000E+00  0.00000000E+00  0.00000000E+00  0.00000000E+00  0.00000000E+00  0.00000000E+00  0.00000000E+00  0.00000000E+00  0.00000000E+00  0.00000000E+00  0.00000000E+00  0.00000000E+00  0.00000000E+00  0.00000000E+00  0.00000000E+00  0.00000000E+00  0.00000000E+00  0.00000000E+00  0.00000000E+00  0.00000000E+00  0.00000000E+00  0.00000000E+00  0.00000000E+00  0.00000000E+00  0.00000000E+00  0.00000000E+00  0.00000000E+00  0.00000000E+00  0.00000000E+00  0.00000000E+00  0.00000000E+00  0.00000000E+00  0.00000000E+00  0.00000000E+00  0.00000000E+00  0.00000000E+00  0.00000000E+00  0.00000000E+00
  2.64230180E-01  2.63208950E-01  2.60442537E-01  2.60639288E-01  2.60019516E-01  2.57605286E-01  2.56789408E-01  2.54956347E-01  2.52716681E-01  2.50504536E-01  2.48683633E-01  2.46031332E-01  2.43253222E-01  2.39966023E-01  2.36678024E-01  2.33255630E-01  2.29529969E-01  2.25036508E-01  2.21539503E-01  2.17725099E-01  2.13428180E-01  2.08699163E-01  2.03917463E-01  1.98975137E-01  1.94413758E-01  1.89504767E-01  1.84487103E-01  1.79139142E-01  1.73713607E-01  1.68428820E-01  1.62892832E-01  1.57344015E-01  1.52194782E-01  1.46491505E-01  1.41097661E-01  1.35583091E-01  1.30340270E-01  1.24617858E-01  1.19058102E-01  1.13781201E-01  1.08439030E-01  1.03168432E-01  9.79863970E-02  9.28387502E-02  8.77538230E-02  8.30230146E-02  7.81074632E-02  7.36195036E-02  6.90598145E-02  6.45806158E-02  6.03545454E-02  5.62472605E-02  5.22254061E-02  4.84052769E-02  4.46792967E-02  4.12025436E-02  3.78649410E-02  3.47641371E-02  3.17887574E-02  2.88800633E-02  2.62401074E-02  2.37349599E-02  2.13516250E-02  1.92432677E-02  1.71624568E-02  1.53188585E-02  1.35831506E-02  1.19684010E-02  1.05359679E-02  9.19872038E-03  7.99395451E-03  6.93289228E-03  5.98541635E-03  5.10268652E-03  4.33481844E-03  3.65210927E-03  3.07405588E-03  2.56260324E-03  2.12165434E-03  1.74188445E-03  1.41826729E-03  1.13187416E-03  9.07801398E-04  7.25358139E-04  5.62215226E-04  4.36865421E-04  3.31490168E-04  2.44877250E-04  1.87080858E-04  1.40403827E-04  9.83677454E-05  7.24357421E-05  4.81525172E-05  3.44640764E-05  2.25930750E-05  1.57439057E-05  1.04917622E-05  6.60282822E-06  3.94500323E-06  2.62723879E-06  1.07378109E-06  9.10463638E-07  6.82586276E-07  1.65389663E-07  1.08560762E-07  2.71699440E-08  5.30714903E-08  5.59578034E-08  3.75815329E-08  0.00000000E+00  0.00000000E+00  0.00000000E+00  0.00000000E+00  0.00000000E+00  0.00000000E+00  0.00000000E+00  0.00000000E+00  0.00000000E+00  0.00000000E+00  0.00000000E+00  0.00000000E+00  0.00000000E+00  0.00000000E+00  0.00000000E+00  0.00000000E+00  0.00000000E+00  0.00000000E+00  0.00000000E+00  0.00000000E+00  0.00000000E+00  0.00000000E+00  0.00000000E+00  0.00000000E+00  0.00000000E+00  0.00000000E+00  0.00000000E+00  0.00000000E+00  0.00000000E+00  0.00000000E+00  0.00000000E+00  0.00000000E+00  0.00000000E+00  0.00000000E+00  0.00000000E+00  0.00000000E+00  0.00000000E+00  0.00000000E+00  0.00000000E+00  0.00000000E+00  0.00000000E+00  0.00000000E+00  0.00000000E+00  0.00000000E+00  0.00000000E+00  0.00000000E+00  0.00000000E+00  0.00000000E+00  0.00000000E+00  0.00000000E+00  0.00000000E+00  0.00000000E+00  0.00000000E+00  0.00000000E+00  0.00000000E+00  0.00000000E+00  0.00000000E+00  0.00000000E+00  0.00000000E+00  0.00000000E+00  0.00000000E+00  0.00000000E+00  0.00000000E+00  0.00000000E+00  0.00000000E+00  0.00000000E+00  0.00000000E+00  0.00000000E+00  0.00000000E+00  0.00000000E+00  0.00000000E+00  0.00000000E+00  0.00000000E+00  0.00000000E+00  0.00000000E+00  0.00000000E+00  0.00000000E+00  0.00000000E+00  0.00000000E+00  0.00000000E+00  0.00000000E+00  0.00000000E+00  0.00000000E+00  0.00000000E+00  0.00000000E+00  0.00000000E+00  0.00000000E+00  0.00000000E+00  0.00000000E+00  0.00000000E+00  0.00000000E+00
  2.61597425E-01  2.60855195E-01  2.60595661E-01  2.61015949E-01  2.58657240E-01  2.57834872E-01  2.56699434E-01  2.55379858E-01  2.52506166E-01  2.50775255E-01  2.47946651E-01  2.45576098E-01  2.42351109E-01  2.39406096E-01  2.36616533E-01  2.32985311E-01  2.29048228E-01  2.25725780E-01  2.21313892E-01  2.17596469E-01  2.12997136E-01  2.08241132E-01  2.04109688E-01  1.98963790E-01  1.93760278E-01  1.88917120E-01  1.84040870E-01  1.78754208E-01  1.73447681E-01  1.68380284E-01  1.62738178E-01  1.57299329E-01  1.51770895E-01  1.46551058E-01  1.41010382E-01  1.35594525E-01  1.30153872E-01  1.24853686E-01  1.19282379E-01  1.13915644E-01  1.08612260E-01  1.03378871E-01  9.81515945E-02  9.29776493E-02  8.79518765E-02  8.31401243E-02  7.82174615E-02  7.37035917E-02  6.90097288E-02  6.47293895E-02  6.03136207E-02  5.62037086E-02  5.22890251E-02  4.84563217E-02  4.48396604E-02  4.12987765E-02  3.79866565E-02  3.47783853E-02  3.18373869E-02  2.89886056E-02  2.62800659E-02  2.37695034E-02  2.14434515E-02  1.92884306E-02  1.72047312E-02  1.53584695E-02  1.35967873E-02  1.20039788E-02  1.05722292E-02  9.22828797E-03  8.02693490E-03  6.94818630E-03  5.97079770E-03  5.09303013E-03  4.34754734E-03  3.68338519E-03  3.07431395E-03  2.56714369E-03  2.11961464E-03  1.74138983E-03  1.42748972E-03  1.14280191E-03  9.13243577E-04  7.21018727E-04  5.74128142E-04  4.42497230E-04  3.34045055E-04  2.51417553E-04  1.89524633E-04  1.36614250E-04  1.00714689E-04  7.33393743E-05  4.89455589E-05  3.53440617E-05  2.20133381E-05  1.60816797E-05  9.12412642E-06  6.90717281E-06  4.17739978E-06  3.06058103E-06  1.79244715E-06  9.66547243E-07  6.73527139E-07  3.45992054E-07  2.29870654E-07  1.64550365E-07  8.33980561E-09  9.76444895E-09  0.00000000E+00  0.00000000E+00  0.00000000E+00  0.00000000E+00  0.00000000E+00  0.00000000E+00  0.00000000E+00  0.00000000E+00  0.00000000E+00  0.00000000E+00  0.00000000E+00  0.00000000E+00  0.00000000E+00  0.00000000E+00  0.00000000E+00  0.00000000E+00  0.00000000E+00  0.00000000E+00  0.00000000E+00  0.00000000E+00  0.00000000E+00  0.00000000E+00  0.00000000E+00  0.00000000E+00  0.00000000E+00  0.00000000E+00  0.00000000E+00  0.00000000E+00  0.00000000E+00  0.00000000E+00  0.00000000E+00  0.00000000E+00  0.00000000E+00  0.00000000E+00  0.00000000E+00  0.00000000E+00  0.00000000E+00  0.00000000E+00  0.00000000E+00  0.00000000E+00  0.00000000E+00  0.00000000E+00  0.00000000E+00  0.00000000E+00  0.00000000E+00  0.00000000E+00  0.00000000E+00  0.00000000E+00  0.00000000E+00  0.00000000E+00  0.00000000E+00  0.00000000E+00  0.00000000E+00  0.00000000E+00  0.00000000E+00  0.00000000E+00  0.00000000E+00  0.00000000E+00  0.00000000E+00  0.00000000E+00  0.00000000E+00  0.00000000E+00  0.00000000E+00  0.00000000E+00  0.00000000E+00  0.00000000E+00  0.00000000E+00  0.00000000E+00  0.00000000E+00  0.00000000E+00  0.00000000E+00  0.00000000E+00  0.00000000E+00  0.00000000E+00  0.00000000E+00  0.00000000E+00  0.00000000E+00  0.00000000E+00  0.00000000E+00  0.00000000E+00  0.00000000E+00  0.00000000E+00  0.00000000E+00  0.00000000E+00  0.00000000E+00  0.00000000E+00  0.00000000E+00  0.00000000E+00  0.00000000E+00  0.00000000E+00  0.00000000E+00  0.00000000E+00
  2.63809259E-01  2.64817300E-01  2.63275134E-01  2.62508119E-01  2.61495238E-01  2.61089168E-01  2.58896920E-01  2.57187770E-01  2.56256852E-01  2.53260362E-01  2.51228730E-01  2.48287715E-01  2.45228842E-01  2.42521440E-01  2.38628897E-01  2.35137581E-01  2.31800470E-01  2.27824117E-01  2.23989253E-01  2.19623735E-01  2.15160084E-01  2.11008433E-01  2.06113478E-01  2.01531114E-01  1.96517641E-01  1.91492987E-01  1.86041835E-01  1.80907116E-01  1.75597468E-01  1.70041417E-01  1.64947466E-01  1.59185708E-01  1.53761735E-01  1.48363555E-01  1.42527313E-01  1.37212760E-01  1.31560528E-01  1.26087203E-01  1.20527658E-01  1.15246106E-01  1.09728914E-01  1.04476833E-01  9.93086183E-02  9.39835046E-02  8.91733400E-02  8.40384377E-02  7.92307544E-02  7.45586358E-02  6.97917974E-02  6.54786975E-02  6.12058520E-02  5.69586319E-02  5.28215519E-02  4.91201644E-02  4.53271207E-02  4.18469027E-02  3.84041327E-02  3.52190810E-02  3.22118722E-02  2.92997589E-02  2.66267774E-02  2.40945918E-02  2.16630552E-02  1.94970896E-02  1.74459894E-02  1.55465228E-02  1.37755295E-02  1.21653769E-02  1.07031543E-02  9.36259915E-03  8.15953280E-03  7.08877317E-03  6.10610430E-03  5.20260095E-03  4.42865707E-03  3.72742943E-03  3.14000618E-03  2.62119873E-03  2.16928381E-03  1.78035133E-03  1.44056681E-03  1.17486936E-03  9.26951543E-04  7.41831947E-04  5.73119075E-04  4.45973493E-04  3.42645975E-04  2.51494606E-04  1.90306076E-04  1.42207722E-04  1.01884368E-04  7.02702016E-05  4.83960600E-05  3.57417391E-05  2.46586811E-05  1.55591657E-05  1.00169177E-05  6.88688317E-06  3.28675126E-06  2.00725101E-06  9.99865745E-07  6.86924728E-07  3.21796300E-07  9.98579096E-08  4.79058168E-08  1.53070108E-09  5.30714903E-09  0.00000000E+00  0.00000000E+00  0.00000000E+00  0.00000000E+00  0.00000000E+00  0.00000000E+00  0.00000000E+00  0.00000000E+00  0.00000000E+00  0.00000000E+00  0.00000000E+00  0.00000000E+00  0.00000000E+00  0.00000000E+00  0.00000000E+00  0.00000000E+00  0.00000000E+00  0.00000000E+00  0.00000000E+00  0.00000000E+00  0.00000000E+00  0.00000000E+00  0.00000000E+00  0.00000000E+00  0.00000000E+00  0.00000000E+00  0.00000000E+00  0.00000000E+00  0.00000000E+00  0.00000000E+00  0.00000000E+00  0.00000000E+00  0.00000000E+00  0.00000000E+00  0.00000000E+00  0.00000000E+00  0.00000000E+00  0.00000000E+00  0.00000000E+00  0.00000000E+00  0.00000000E+00  0.00000000E+00  0.00000000E+00  0.00000000E+00  0.00000000E+00  0.00000000E+00  0.00000000E+00  0.00000000E+00  0.00000000E+00  0.00000000E+00  0.00000000E+00  0.00000000E+00  0.00000000E+00  0.00000000E+00  0.00000000E+00  0.00000000E+00  0.00000000E+00  0.00000000E+00  0.00000000E+00  0.00000000E+00  0.00000000E+00  0.00000000E+00  0.00000000E+00  0.00000000E+00  0.00000000E+00  0.00000000E+00  0.00000000E+00  0.00000000E+00  0.00000000E+00  0.00000000E+00  0.00000000E+00  0.00000000E+00  0.00000000E+00  0.00000000E+00  0.00000000E+00  0.00000000E+00  0.00000000E+00  0.00000000E+00  0.00000000E+00  0.00000000E+00  0.00000000E+00  0.00000000E+00  0.00000000E+00  0.00000000E+00  0.00000000E+00  0.00000000E+00  0.00000000E+00  0.00000000E+00  0.00000000E+00  0.00000000E+00  0.00000000E+00  0.00000000E+00  0.00000000E+00
  2.68648275E-01  2.67226500E-01  2.66936460E-01  2.66770320E-01  2.65776903E-01  2.64016654E-01  2.61815323E-01  2.60528739E-01  2.58768262E-01  2.56404675E-01  2.54646821E-01  2.51352509E-01  2.48402598E-01  2.45389738E-01  2.42032787E-01  2.38415614E-01  2.34263808E-01  2.30580097E-01  2.26750789E-01  2.22167116E-01  2.17709605E-01  2.13200383E-01  2.08207239E-01  2.03845433E-01  1.98619951E-01  1.93429319E-01  1.88278815E-01  1.82752542E-01  1.77795719E-01  1.72168020E-01  1.66627667E-01  1.61256874E-01  1.55472762E-01  1.49776170E-01  1.44465782E-01  1.38752560E-01  1.33190201E-01  1.27605730E-01  1.22062012E-01  1.16531780E-01  1.11124735E-01  1.05739508E-01  1.00508042E-01  9.51058743E-02  9.01676729E-02  8.50456009E-02  8.01701487E-02  7.54913570E-02  7.08432037E-02  6.62444447E-02  6.19230965E-02  5.77422242E-02  5.36336076E-02  4.97757311E-02  4.60644905E-02  4.24163041E-02  3.90553455E-02  3.58030756E-02  3.27130912E-02  2.98082652E-02  2.70578295E-02  2.45180579E-02  2.20864250E-02  1.97951493E-02  1.77431273E-02  1.57886631E-02  1.40419589E-02  1.24189050E-02  1.08674104E-02  9.51080013E-03  8.27516864E-03  7.18343845E-03  6.19681153E-03  5.29381200E-03  4.51394926E-03  3.81819104E-03  3.18315592E-03  2.69279200E-03  2.20441384E-03  1.80575638E-03  1.48061206E-03  1.19884453E-03  9.43718991E-04  7.50466288E-04  5.84343036E-04  4.61432992E-04  3.54762782E-04  2.69128740E-04  1.99636397E-04  1.40704702E-04  1.05571402E-04  7.34068820E-05  5.54928453E-05  3.68639579E-05  2.50846190E-05  1.63780246E-05  9.53747123E-06  7.24878408E-06  4.44094649E-06  2.59640170E-06  1.70206154E-06  1.09064714E-06  3.92693893E-07  2.97233309E-07  2.12485478E-07  8.45712344E-08  3.98036177E-08  1.50222291E-08  0.00000000E+00  0.00000000E+00  0.00000000E+00  0.00000000E+00  0.00000000E+00  0.00000000E+00  0.00000000E+00  0.00000000E+00  0.00000000E+00  0.00000000E+00  0.00000000E+00  0.00000000E+00  0.00000000E+00  0.00000000E+00  0.00000000E+00  0.00000000E+00  0.00000000E+00  0.00000000E+00  0.00000000E+00  0.00000000E+00  0.00000000E+00  0.00000000E+00  0.00000000E+00  0.00000000E+00  0.00000000E+00  0.00000000E+00  0.00000000E+00  0.00000000E+00  0.00000000E+00  0.00000000E+00  0.00000000E+00  0.00000000E+00  0.00000000E+00  0.00000000E+00  0.00000000E+00  0.00000000E+00  0.00000000E+00  0.00000000E+00  0.00000000E+00  0.00000000E+00  0.00000000E+00  0.00000000E+00  0.00000000E+00  0.00000000E+00  0.00000000E+00  0.00000000E+00  0.00000000E+00  0.00000000E+00  0.00000000E+00  0.00000000E+00  0.00000000E+00  0.00000000E+00  0.00000000E+00  0.00000000E+00  0.00000000E+00  0.00000000E+00  0.00000000E+00  0.00000000E+00  0.00000000E+00  0.00000000E+00  0.00000000E+00  0.00000000E+00  0.00000000E+00  0.00000000E+00  0.00000000E+00  0.00000000E+00  0.00000000E+00  0.00000000E+00  0.00000000E+00  0.00000000E+00  0.00000000E+00  0.00000000E+00  0.00000000E+00  0.00000000E+00  0.00000000E+00  0.00000000E+00  0.00000000E+00  0.00000000E+00  0.00000000E+00  0.00000000E+00  0.00000000E+00  0.00000000E+00  0.00000000E+00  0.00000000E+00  0.00000000E+00  0.00000000E+00  0.00000000E+00  0.00000000E+00  0.00000000E+00  0.00000000E+00  0.00000000E+00  0.00000000E+00
  2.69873654E-01  2.70208743E-01  2.69521382E-01  2.67769660E-01  2.67914954E-01  2.66981173E-01  2.64282185E-01  2.63698547E-01  2.61342163E-01  2.59443719E-01  2.56684104E-01  2.53626495E-01  2.51142898E-01  2.47529425E-01  2.44275729E-01  2.40599348E-01  2.36513506E-01  2.32920822E-01  2.28538133E-01  2.24082160E-01  2.19766427E-01  2.15161007E-01  2.10115447E-01  2.05183618E-01  2.00211128E-01  1.95154531E-01  1.89907174E-01  1.84746486E-01  1.79138700E-01  1.73854407E-01  1.68005427E-01  1.62851415E-01  1.56875877E-01  1.51363927E-01  1.45660984E-01  1.40254807E-01  1.34432483E-01  1.28746235E-01  1.23196421E-01  1.17719431E-01  1.12283909E-01  1.06683887E-01  1.01396053E-01  9.61616724E-02  9.10542174E-02  8.59308186E-02  8.11174465E-02  7.62758576E-02  7.15374981E-02  6.68768591E-02  6.24763760E-02  5.84178799E-02  5.41580814E-02  5.02227046E-02  4.65053227E-02  4.29217282E-02  3.94279620E-02  3.62154138E-02  3.30617590E-02  3.01605534E-02  2.73220061E-02  2.47657511E-02  2.24027089E-02  2.01021201E-02  1.79419922E-02  1.59696892E-02  1.41887524E-02  1.25614489E-02  1.10476680E-02  9.67825373E-03  8.39132444E-03  7.33071131E-03  6.27654086E-03  5.39569506E-03  4.58139799E-03  3.88051295E-03  3.24025283E-03  2.73612574E-03  2.24011267E-03  1.83476397E-03  1.50533542E-03  1.21790171E-03  9.64763939E-04  7.53210150E-04  5.85137103E-04  4.64789790E-04  3.55489015E-04  2.67364819E-04  2.00273229E-04  1.47265755E-04  1.05609321E-04  7.55468314E-05  5.35335913E-05  3.72931558E-05  2.43049434E-05  1.58884848E-05  1.07808526E-05  6.51628670E-06  4.67416278E-06  2.40569865E-06  1.45380238E-06  5.67200152E-07  3.30067686E-07  2.07127149E-07  1.68056696E-07  4.55383570E-08  4.70061771E-08  4.88222448E-08  3.83257217E-08  0.00000000E+00  0.00000000E+00  0.00000000E+00  0.00000000E+00  0.00000000E+00  0.00000000E+00  0.00000000E+00  0.00000000E+00  0.00000000E+00  0.00000000E+00  0.00000000E+00  0.00000000E+00  0.00000000E+00  0.00000000E+00  0.00000000E+00  0.00000000E+00  0.00000000E+00  0.00000000E+00  0.00000000E+00  0.00000000E+00  0.00000000E+00  0.00000000E+00  0.00000000E+00  0.00000000E+00  0.00000000E+00  0.00000000E+00  0.00000000E+00  0.00000000E+00  0.00000000E+00  0.00000000E+00  0.00000000E+00  0.00000000E+00  0.00000000E+00  0.00000000E+00  0.00000000E+00  0.00000000E+00  0.00000000E+00  0.00000000E+00  0.00000000E+00  0.00000000E+00  0.00000000E+00  0.00000000E+00  0.00000000E+00  0.00000000E+00  0.00000000E+00  0.00000000E+00  0.00000000E+00  0.00000000E+00  0.00000000E+00  0.00000000E+00  0.00000000E+00  0.00000000E+00  0.00000000E+00  0.00000000E+00  0.00000000E+00  0.00000000E+00  0.00000000E+00  0.00000000E+00  0.00000000E+00  0.00000000E+00  0.00000000E+00  0.00000000E+00  0.00000000E+00  0.00000000E+00  0.00000000E+00  0.00000000E+00  0.00000000E+00  0.00000000E+00  0.00000000E+00  0.00000000E+00  0.00000000E+00  0.00000000E+00  0.00000000E+00  0.00000000E+00  0.00000000E+00  0.00000000E+00  0.00000000E+00  0.00000000E+00  0.00000000E+00  0.00000000E+00  0.00000000E+00  0.00000000E+00  0.00000000E+00  0.00000000E+00  0.00000000E+00  0.00000000E+00  0.00000000E+00  0.00000000E+00  0.00000000E+00  0.00000000E+00  0.00000000E+00
  2.63605460E-01  2.63130036E-01  2.62251811E-01  2.61513035E-01  2.60133994E-01  2.58551831E-01  2.57626728E-01  2.55702787E-01  2.52820856E-01  2.51290855E-01  2.48926643E-01  2.46309388E-01  2.43569656E-01  2.40669628E-01  2.36688535E-01  2.33629118E-01  2.29803055E-01  2.26066104E-01  2.21958067E-01  2.17749962E-01  2.13328159E-01  2.08807744E-01  2.03978895E-01  1.99440916E-01  1.94521422E-01  1.89280984E-01  1.84001584E-01  1.78813232E-01  1.73652506E-01  1.68385945E-01  1.63038745E-01  1.57704560E-01  1.52112294E-01  1.46717806E-01  1.41049123E-01  1.35399703E-01  1.30110973E-01  1.24609630E-01  1.18846943E-01  1.13811390E-01  1.08397767E-01  1.03311538E-01  9.78995729E-02  9.28009219E-02  8.78365081E-02  8.29382959E-02  7.80533123E-02  7.34153042E-02  6.89250570E-02  6.44939990E-02  6.01318545E-02  5.61328408E-02  5.22242542E-02  4.82908257E-02  4.46408178E-02  4.11436998E-02  3.79034619E-02  3.47181850E-02  3.16487457E-02  2.88829674E-02  2.61731295E-02  2.36786941E-02  2.14267303E-02  1.91847642E-02  1.71444827E-02  1.52776362E-02  1.35587736E-02  1.19508759E-02  1.05280979E-02  9.22362802E-03  8.00010311E-03  6.92564730E-03  5.96162847E-03  5.09595451E-03  4.34674857E-03  3.67123287E-03  3.09386044E-03  2.56404414E-03  2.12182509E-03  1.75670030E-03  1.41520000E-03  1.14754404E-03  9.09771074E-04  7.16068656E-04  5.67075183E-04  4.33756522E-04  3.32043245E-04  2.52730689E-04  1.87615049E-04  1.35973707E-04  9.85818744E-05  6.99586955E-05  4.97102310E-05  3.35482526E-05  2.33620700E-05  1.52285783E-05  1.02185698E-05  5.84590047E-06  4.37741657E-06  2.79806003E-06  1.53173487E-06  1.17019835E-06  4.25779437E-07  2.12588128E-07  1.73851755E-07  3.02313462E-08  5.00388337E-08  0.00000000E+00  0.00000000E+00  0.00000000E+00  0.00000000E+00  0.00000000E+00  0.00000000E+00  0.00000000E+00  0.00000000E+00  0.00000000E+00  0.00000000E+00  0.00000000E+00  0.00000000E+00  0.00000000E+00  0.00000000E+00  0.00000000E+00  0.00000000E+00  0.00000000E+00  0.00000000E+00  0.00000000E+00  0.00000000E+00  0.00000000E+00  0.00000000E+00  0.00000000E+00  0.00000000E+00  0.00000000E+00  0.00000000E+00  0.00000000E+00  0.00000000E+00  0.00000000E+00  0.00000000E+00  0.00000000E+00  0.00000000E+00  0.00000000E+00  0.00000000E+00  0.00000000E+00  0.00000000E+00  0.00000000E+00  0.00000000E+00  0.00000000E+00  0.00000000E+00  0.00000000E+00  0.00000000E+00  0.00000000E+00  0.00000000E+00  0.00000000E+00  0.00000000E+00  0.00000000E+00  0.00000000E+00  0.00000000E+00  0.00000000E+00  0.00000000E+00  0.00000000E+00  0.00000000E+00  0.00000000E+00  0.00000000E+00  0.00000000E+00  0.00000000E+00  0.00000000E+00  0.00000000E+00  0.00000000E+00  0.00000000E+00  0.00000000E+00  0.00000000E+00  0.00000000E+00  0.00000000E+00  0.00000000E+00  0.00000000E+00  0.00000000E+00  0.00000000E+00  0.00000000E+00  0.00000000E+00  0.00000000E+00  0.00000000E+00  0.00000000E+00  0.00000000E+00  0.00000000E+00  0.00000000E+00  0.00000000E+00  0.00000000E+00  0.00000000E+00  0.00000000E+00  0.00000000E+00  0.00000000E+00  0.00000000E+00  0.00000000E+00  0.00000000E+00  0.00000000E+00  0.00000000E+00  0.00000000E+00  0.00000000E+00  0.00000000E+00  0.00000000E+00  0.00000000E+00
  2.70570398E-01  2.70841968E-01  2.69972840E-01  2.70274112E-01  2.68136696E-01  2.67219003E-01  2.65274318E-01  2.63087731E-01  2.61509195E-01  2.59270752E-01  2.57094536E-01  2.54383973E-01  2.51115919E-01  2.47372122E-01  2.44654719E-01  2.41107088E-01  2.37032487E-01  2.33174191E-01  2.29005360E-01  2.24217769E-01  2.20180118E-01  2.15440582E-01  2.10875967E-01  2.05709397E-01  2.00731627E-01  1.95745609E-01  1.90251147E-01  1.84959148E-01  1.79264837E-01  1.73985397E-01  1.68182439E-01  1.62590062E-01  1.56911561E-01  1.51374897E-01  1.45669803E-01  1.39877277E-01  1.34165858E-01  1.28754753E-01  1.23104673E-01  1.17667392E-01  1.12163942E-01  1.06821759E-01  1.01330271E-01  9.59910166E-02  9.09373130E-02  8.58068172E-02  8.09622695E-02  7.59823786E-02  7.14760182E-02  6.68592821E-02  6.24078695E-02  5.82248285E-02  5.41922479E-02  5.01900514E-02  4.64717671E-02  4.28729680E-02  3.93275630E-02  3.60463243E-02  3.29863050E-02  3.00995174E-02  2.73476695E-02  2.46990017E-02  2.22873915E-02  2.00097478E-02  1.79072432E-02  1.59829498E-02  1.41692432E-02  1.25136446E-02  1.10122041E-02  9.62816194E-03  8.40244828E-03  7.26966114E-03  6.26646451E-03  5.33159218E-03  4.56252438E-03  3.88475283E-03  3.24504578E-03  2.69364216E-03  2.24022736E-03  1.82764068E-03  1.48717192E-03  1.21832921E-03  9.70113628E-04  7.61216425E-04  5.96073441E-04  4.60184049E-04  3.53860590E-04  2.67110589E-04  1.98563910E-04  1.47315375E-04  1.03677253E-04  7.44022894E-05  5.17532846E-05  3.52434550E-05  2.53093364E-05  1.69204077E-05  9.75292930E-06  6.63595417E-06  4.46430911E-06  2.94818796E-06  1.14528615E-06  6.86129216E-07  5.65999122E-07  2.59006453E-07  1.25173264E-07  1.13654555E-07  0.00000000E+00  3.07955697E-08  1.15349259E-08  0.00000000E+00  0.00000000E+00  0.00000000E+00  0.00000000E+00  0.00000000E+00  0.00000000E+00  0.00000000E+00  0.00000000E+00  0.00000000E+00  0.00000000E+00  0.00000000E+00  0.00000000E+00  0.00000000E+00  0.00000000E+00  0.00000000E+00  0.00000000E+00  0.00000000E+00  0.00000000E+00  0.00000000E+00  0.00000000E+00  0.00000000E+00  0.00000000E+00  0.00000000E+00  0.00000000E+00  0.00000000E+00  0.00000000E+00  0.00000000E+00  0.00000000E+00  0.00000000E+00  0.00000000E+00  0.00000000E+00  0.00000000E+00  0.00000000E+00  0.00000000E+00  0.00000000E+00  0.00000000E+00  0.00000000E+00  0.00000000E+00  0.00000000E+00  0.00000000E+00  0.00000000E+00  0.00000000E+00  0.00000000E+00  0.00000000E+00  0.00000000E+00  0.00000000E+00  0.00000000E+00  0.00000000E+00  0.00000000E+00  0.00000000E+00  0.00000000E+00  0.00000000E+00  0.00000000E+00  0.00000000E+00  0.00000000E+00  0.00000000E+00  0.00000000E+00  0.00000000E+00  0.00000000E+00  0.00000000E+00  0.00000000E+00  0.00000000E+00  0.00000000E+00  0.00000000E+00  0.00000000E+00  0.00000000E+00  0.00000000E+00  0.00000000E+00  0.00000000E+00  0.00000000E+00  0.00000000E+00  0.00000000E+00  0.00000000E+00  0.00000000E+00  0.00000000E+00  0.00000000E+00  0.00000000E+00  0.00000000E+00  0.00000000E+00  0.00000000E+00  0.00000000E+00  0.00000000E+00  0.00000000E+00  0.00000000E+00  0.00000000E+00  0.00000000E+00  0.00000000E+00  0.00000000E+00  0.00000000E+00  0.00000000E+00  0.00000000E+00
  2.69933566E-01  2.69192708E-01  2.69936941E-01  2.68426332E-01  2.66821638E-01  2.65757718E-01  2.64489612E-01  2.62421955E-01  2.60524849E-01  2.58447247E-01  2.55957031E-01  2.52629620E-01  2.50206801E-01  2.47179469E-01  2.43418195E-01  2.40398461E-01  2.36761039E-01  2.32732722E-01  2.28841674E-01  2.23725704E-01  2.19234088E-01  2.14818532E-01  2.10197194E-01  2.05577318E-01  2.00440661E-01  1.94877980E-01  1.89999634E-01  1.84637395E-01  1.79224817E-01  1.73493860E-01  1.68235386E-01  1.62600834E-01  1.56879697E-01  1.51290847E-01  1.45628125E-01  1.40077566E-01  1.34315599E-01  1.28827002E-01  1.23176481E-01  1.17868646E-01  1.12159090E-01  1.06754170E-01  1.01383705E-01  9.61735585E-02  9.10471962E-02  8.59220192E-02  8.11122936E-02  7.63090385E-02  7.15625413E-02  6.69766552E-02  6.27035055E-02  5.83222533E-02  5.43923496E-02  5.02960221E-02  4.66043814E-02  4.28980264E-02  3.95633276E-02  3.62149251E-02  3.31925430E-02  3.01963436E-02  2.74837246E-02  2.48798365E-02  2.23173587E-02  2.01402327E-02  1.80309813E-02  1.60789044E-02  1.42221345E-02  1.26553368E-02  1.10662941E-02  9.73533311E-03  8.45928667E-03  7.32813765E-03  6.33313495E-03  5.39992233E-03  4.61273336E-03  3.89275937E-03  3.26739617E-03  2.73648883E-03  2.27508994E-03  1.86057478E-03  1.49923294E-03  1.21522575E-03  9.72919621E-04  7.68003796E-04  6.01206688E-04  4.63499767E-04  3.55669640E-04  2.62364198E-04  2.03843778E-04  1.43677362E-04  1.04070269E-04  7.11680979E-05  5.39813959E-05  3.58540042E-05  2.66909642E-05  1.62643060E-05  9.92320393E-06  5.79538341E-06  3.74334696E-06  2.81023256E-06  1.62171877E-06  7.73635551E-07  6.58559870E-07  2.85141140E-07  7.84264582E-08  3.63541506E-08  2.53984990E-08  0.00000000E+00  5.95351016E-09  0.00000000E+00  0.00000000E+00  0.00000000E+00  0.00000000E+00  0.00000000E+00  0.00000000E+00  0.00000000E+00  0.00000000E+00  0.00000000E+00  0.00000000E+00  0.00000000E+00  0.00000000E+00  0.00000000E+00  0.00000000E+00  0.00000000E+00  0.00000000E+00  0.00000000E+00  0.00000000E+00  0.00000000E+00  0.00000000E+00  0.00000000E+00  0.00000000E+00  0.00000000E+00  0.00000000E+00  0.00000000E+00  0.00000000E+00  0.00000000E+00  0.00000000E+00  0.00000000E+00  0.00000000E+00  0.00000000E+00  0.00000000E+00  0.00000000E+00  0.00000000E+00  0.00000000E+00  0.00000000E+00  0.00000000E+00  0.00000000E+00  0.00000000E+00  0.00000000E+00  0.00000000E+00  0.00000000E+00  0.00000000E+00  0.00000000E+00  0.00000000E+00  0.00000000E+00  0.00000000E+00  0.00000000E+00  0.00000000E+00  0.00000000E+00  0.00000000E+00  0.00000000E+00  0.00000000E+00  0.00000000E+00  0.00000000E+00  0.00000000E+00  0.00000000E+00  0.00000000E+00  0.00000000E+00  0.00000000E+00  0.00000000E+00  0.00000000E+00  0.00000000E+00  0.00000000E+00  0.00000000E+00  0.00000000E+00  0.00000000E+00  0.00000000E+00  0.00000000E+00  0.00000000E+00  0.00000000E+00  0.00000000E+00  0.00000000E+00  0.00000000E+00  0.00000000E+00  0.00000000E+00  0.00000000E+00  0.00000000E+00  0.00000000E+00  0.00000000E+00  0.00000000E+00  0.00000000E+00  0.00000000E+00  0.00000000E+00  0.00000000E+00  0.00000000E+00  0.00000000E+00  0.00000000E+00  0.00000000E+00  0.00000000E+00  0.00000000E+00
  2.62963460E-01  2.62377201E-01  2.61307730E-01  2.61503381E-01  2.59658328E-01  2.57984579E-01  2.56671943E-01  2.54937556E-01  2.52741351E-01  2.50990337E-01  2.48322048E-01  2.46100965E-01  2.42849021E-01  2.40065390E-01  2.37004747E-01  2.33554012E-01  2.30212718E-01  2.25682683E-01  2.22022595E-01  2.17802490E-01  2.12768230E-01  2.08802708E-01  2.04047153E-01  1.99056220E-01  1.94328588E-01  1.89174137E-01  1.84048580E-01  1.78985033E-01  1.73904262E-01  1.68279029E-01  1.63031346E-01  1.57473440E-01  1.52057644E-01  1.46599846E-01  1.41025270E-01  1.35636413E-01  1.29984758E-01  1.24599161E-01  1.19039998E-01  1.13713600E-01  1.08299014E-01  1.03197174E-01  9.78936900E-02  9.27916381E-02  8.79091926E-02  8.29412976E-02  7.82430193E-02  7.34020000E-02  6.88670050E-02  6.44829663E-02  6.03121841E-02  5.61893761E-02  5.22192142E-02  4.84389292E-02  4.47817118E-02  4.12563420E-02  3.79284262E-02  3.47290272E-02  3.16797275E-02  2.88746772E-02  2.62184565E-02  2.37213016E-02  2.13955526E-02  1.92783305E-02  1.72119976E-02  1.53182372E-02  1.35838615E-02  1.20075878E-02  1.05318917E-02  9.22980352E-03  8.01360405E-03  6.93562517E-03  6.00226968E-03  5.11239837E-03  4.35541316E-03  3.68921162E-03  3.08371883E-03  2.57573594E-03  2.12339369E-03  1.74179761E-03  1.41222550E-03  1.15400459E-03  9.17019971E-04  7.27363697E-04  5.66012127E-04  4.36534416E-04  3.31833216E-04  2.50280209E-04  1.92594748E-04  1.40540507E-04  1.03600523E-04  6.99886990E-05  4.99048907E-05  3.47905087E-05  2.44766856E-05  1.48886906E-05  1.00821827E-05  6.46949631E-06  4.03886356E-06  2.44140475E-06  1.88363619E-06  7.88352525E-07  4.26173313E-07  3.23758066E-07  7.41767486E-08  1.18629333E-08  1.70586932E-08  0.00000000E+00  0.00000000E+00  0.00000000E+00  0.00000000E+00  0.00000000E+00  0.00000000E+00  0.00000000E+00  0.00000000E+00  0.00000000E+00  0.00000000E+00  0.00000000E+00  0.00000000E+00  0.00000000E+00  0.00000000E+00  0.00000000E+00  0.00000000E+00  0.00000000E+00  0.00000000E+00  0.00000000E+00  0.00000000E+00  0.00000000E+00  0.00000000E+00  0.00000000E+00  0.00000000E+00  0.00000000E+00  0.00000000E+00  0.00000000E+00  0.00000000E+00  0.00000000E+00  0.00000000E+00  0.00000000E+00  0.00000000E+00  0.00000000E+00  0.00000000E+00  0.00000000E+00  0.00000000E+00  0.00000000E+00  0.00000000E+00  0.00000000E+00  0.00000000E+00  0.00000000E+00  0.00000000E+00  0.00000000E+00  0.00000000E+00  0.00000000E+00  0.00000000E+00  0.00000000E+00  0.00000000E+00  0.00000000E+00  0.00000000E+00  0.00000000E+00  0.00000000E+00  0.00000000E+00  0.00000000E+00  0.00000000E+00  0.00000000E+00  0.00000000E+00  0.00000000E+00  0.00000000E+00  0.00000000E+00  0.00000000E+00  0.00000000E+00  0.00000000E+00  0.00000000E+00  0.00000000E+00  0.00000000E+00  0.00000000E+00  0.00000000E+00  0.00000000E+00  0.00000000E+00  0.00000000E+00  0.00000000E+00  0.00000000E+00  0.00000000E+00  0.00000000E+00  0.00000000E+00  0.00000000E+00  0.00000000E+00  0.00000000E+00  0.00000000E+00  0.00000000E+00  0.00000000E+00  0.00000000E+00  0.00000000E+00  0.00000000E+00  0.00000000E+00  0.00000000E+00  0.00000000E+00  0.00000000E+00  0.00000000E+00  0.00000000E+00  0.00000000E+00  0.00000000E+00
  2.70621348E-01  2.69043896E-01  2.69497497E-01  2.68061332E-01  2.67011450E-01  2.65768545E-01  2.64292806E-01  2.62976772E-01  2.60660110E-01  2.58061603E-01  2.55952540E-01  2.53095603E-01  2.49745349E-01  2.47202356E-01  2.43830832E-01  2.40224355E-01  2.36688998E-01  2.32883038E-01  2.28363136E-01  2.23942106E-01  2.19258729E-01  2.15239141E-01  2.10041361E-01  2.05327553E-01  2.00612957E-01  1.94949939E-01  1.89943917E-01  1.84655239E-01  1.79106834E-01  1.73848013E-01  1.68281483E-01  1.62535020E-01  1.56867138E-01  1.51253901E-01  1.45483364E-01  1.40061096E-01  1.34323027E-01  1.28631131E-01  1.23207575E-01  1.17709988E-01  1.12122688E-01  1.06620787E-01  1.01412519E-01  9.61984102E-02  9.11076584E-02  8.61244474E-02  8.11279728E-02  7.62558356E-02  7.15807463E-02  6.71161059E-02  6.26563019E-02  5.84534349E-02  5.43080324E-02  5.02833331E-02  4.66042221E-02  4.29411309E-02  3.95387012E-02  3.62316526E-02  3.30948380E-02  3.02440900E-02  2.74233304E-02  2.48268255E-02  2.24255492E-02  2.01337776E-02  1.80177818E-02  1.60788526E-02  1.43127589E-02  1.26481900E-02  1.10928950E-02  9.71599335E-03  8.45595038E-03  7.31560927E-03  6.30172256E-03  5.38293633E-03  4.61723229E-03  3.89844785E-03  3.27706598E-03  2.72806171E-03  2.26157681E-03  1.84054862E-03  1.50225760E-03  1.19943451E-03  9.75506870E-04  7.74307184E-04  5.93953540E-04  4.52302727E-04  3.51747699E-04  2.67044609E-04  2.00558800E-04  1.46201191E-04  1.08534859E-04  7.58217156E-05  5.33838867E-05  3.67244901E-05  2.37363143E-05  1.72776281E-05  1.06938326E-05  6.96638543E-06  4.01918978E-06  2.59964771E-06  1.84105452E-06  1.06359972E-06  6.47137480E-07  2.44573865E-07  8.65395400E-08  7.04122494E-08  2.35030886E-08  6.42200296E-08  0.00000000E+00  1.84348132E-08  0.00000000E+00  0.00000000E+00  0.00000000E+00  0.00000000E+00  0.00000000E+00  0.00000000E+00  0.00000000E+00  0.00000000E+00  0.00000000E+00  0.00000000E+00  0.00000000E+00  0.00000000E+00  0.00000000E+00  0.00000000E+00  0.00000000E+00  0.00000000E+00  0.00000000E+00  0.00000000E+00  0.00000000E+00  0.00000000E+00  0.00000000E+00  0.00000000E+00  0.00000000E+00  0.00000000E+00  0.00000000E+00  0.00000000E+00  0.00000000E+00  0.00000000E+00  0.00000000E+00  0.00000000E+00  0.00000000E+00  0.00000000E+00  0.00000000E+00  0.00000000E+00  0.00000000E+00  0.00000000E+00  0.00000000E+00  0.00000000E+00  0.00000000E+00  0.00000000E+00  0.00000000E+00  0.00000000E+00  0.00000000E+00  0.00000000E+00  0.00000000E+00  0.00000000E+00  0.00000000E+00  0.00000000E+00  0.00000000E+00  0.00000000E+00  0.00000000E+00  0.00000000E+00  0.00000000E+00  0.00000000E+00  0.00000000E+00  0.00000000E+00  0.00000000E+00  0.00000000E+00  0.00000000E+00  0.00000000E+00  0.00000000E+00  0.00000000E+00  0.00000000E+00  0.00000000E+00  0.00000000E+00  0.00000000E+00  0.00000000E+00  0.00000000E+00  0.00000000E+00  0.00000000E+00  0.00000000E+00  0.00000000E+00  0.00000000E+00  0.00000000E+00  0.00000000E+00  0.00000000E+00  0.00000000E+00  0.00000000E+00  0.00000000E+00  0.00000000E+00  0.00000000E+00  0.00000000E+00  0.00000000E+00  0.00000000E+00  0.00000000E+00  0.00000000E+00  0.00000000E+00  0.00000000E+00  0.00000000E+00  0.00000000E+00
  2.69250871E-01  2.68960111E-01  2.69268651E-01  2.68001950E-01  2.67020215E-01  2.65815722E-01  2.64269800E-01  2.63060240E-01  2.60729840E-01  2.58241391E-01  2.55629539E-01  2.53309815E-01  2.50435540E-01  2.46943235E-01  2.43648264E-01  2.40268523E-01  2.35945099E-01  2.32468572E-01  2.27939321E-01  2.23990561E-01  2.19517521E-01  2.14948046E-01  2.09683590E-01  2.04833407E-01  1.99969916E-01  1.94677413E-01  1.89792381E-01  1.84606464E-01  1.78931308E-01  1.73426024E-01  1.67815185E-01  1.62463939E-01  1.56871739E-01  1.51030398E-01  1.45759276E-01  1.39977221E-01  1.34393219E-01  1.28806576E-01  1.23211977E-01  1.17769293E-01  1.12302264E-01  1.06909598E-01  1.01511492E-01  9.62470852E-02  9.11629829E-02  8.60300260E-02  8.11613715E-02  7.63759162E-02  7.18448873E-02  6.70817528E-02  6.26913490E-02  5.83818851E-02  5.43896974E-02  5.04294625E-02  4.66649835E-02  4.30639832E-02  3.95964850E-02  3.63104479E-02  3.32419020E-02  3.02040061E-02  2.74650379E-02  2.49153785E-02  2.24269122E-02  2.01294861E-02  1.80523092E-02  1.61382270E-02  1.43027005E-02  1.25961044E-02  1.11490277E-02  9.70098243E-03  8.46736341E-03  7.33786482E-03  6.31318159E-03  5.39591367E-03  4.60952742E-03  3.89616347E-03  3.27409057E-03  2.72377339E-03  2.26010593E-03  1.83155044E-03  1.50414883E-03  1.21686144E-03  9.79150648E-04  7.67423113E-04  5.97204819E-04  4.72738636E-04  3.58371080E-04  2.72826376E-04  1.98282901E-04  1.44158220E-04  1.04888866E-04  7.23307301E-05  5.42223199E-05  3.75280488E-05  2.46001521E-05  1.74336214E-05  1.02495288E-05  6.76431719E-06  3.89950761E-06  2.33469220E-06  1.53856400E-06  9.20407539E-07  3.40308449E-07  1.93474700E-07  1.10106111E-07  5.77839657E-08  0.00000000E+00  0.00000000E+00  1.11628316E-08  0.00000000E+00  6.21111397E-09  0.00000000E+00  0.00000000E+00  0.00000000E+00  0.00000000E+00  0.00000000E+00  0.00000000E+00  0.00000000E+00  0.00000000E+00  0.00000000E+00  0.00000000E+00  0.00000000E+00  0.00000000E+00  0.00000000E+00  0.00000000E+00  0.00000000E+00  0.00000000E+00  0.00000000E+00  0.00000000E+00  0.00000000E+00  0.00000000E+00  0.00000000E+00  0.00000000E+00  0.00000000E+00  0.00000000E+00  0.00000000E+00  0.00000000E+00  0.00000000E+00  0.00000000E+00  0.00000000E+00  0.00000000E+00  0.00000000E+00  0.00000000E+00  0.00000000E+00  0.00000000E+00  0.00000000E+00  0.00000000E+00  0.00000000E+00  0.00000000E+00  0.00000000E+00  0.00000000E+00  0.00000000E+00  0.00000000E+00  0.00000000E+00  0.00000000E+00  0.00000000E+00  0.00000000E+00  0.00000000E+00  0.00000000E+00  0.00000000E+00  0.00000000E+00  0.00000000E+00  0.00000000E+00  0.00000000E+00  0.00000000E+00  0.00000000E+00  0.00000000E+00  0.00000000E+00  0.00000000E+00  0.00000000E+00  0.00000000E+00  0.00000000E+00  0.00000000E+00  0.00000000E+00  0.00000000E+00  0.00000000E+00  0.00000000E+00  0.00000000E+00  0.00000000E+00  0.00000000E+00  0.00000000E+00  0.00000000E+00  0.00000000E+00  0.00000000E+00  0.00000000E+00  0.00000000E+00  0.00000000E+00  0.00000000E+00  0.00000000E+00  0.00000000E+00  0.00000000E+00  0.00000000E+00  0.00000000E+00  0.00000000E+00  0.00000000E+00  0.00000000E+00  0.00000000E+00  0.00000000E+00  0.00000000E+00  0.00000000E+00
  2.70629664E-01  2.69316732E-01  2.68771879E-01  2.67064172E-01  2.67125300E-01  2.66305944E-01  2.64606275E-01  2.62222802E-01  2.60522626E-01  2.58436763E-01  2.56309934E-01  2.52784070E-01  2.50127138E-01  2.47226462E-01  2.43933590E-01  2.40197415E-01  2.36246491E-01  2.32800879E-01  2.28420683E-01  2.24153623E-01  2.19688595E-01  2.14790388E-01  2.10350761E-01  2.04997591E-01  1.99927166E-01  1.95025063E-01  1.90145472E-01  1.84357084E-01  1.79093190E-01  1.73759683E-01  1.68157076E-01  1.62666689E-01  1.56880819E-01  1.51308136E-01  1.45717896E-01  1.40003565E-01  1.34526540E-01  1.28916433E-01  1.22980682E-01  1.17772301E-01  1.12161562E-01  1.06887402E-01  1.01669921E-01  9.62762609E-02  9.11189173E-02  8.61374774E-02  8.10869884E-02  7.63442117E-02  7.15380982E-02  6.69642810E-02  6.28114808E-02  5.83433010E-02  5.43191275E-02  5.03493316E-02  4.65515412E-02  4.29145783E-02  3.94458136E-02  3.62943264E-02  3.31695128E-02  3.02515463E-02  2.74579037E-02  2.48186269E-02  2.24322045E-02  2.01464927E-02  1.80000224E-02  1.61003399E-02  1.42186940E-02  1.25878637E-02  1.10616575E-02  9.69261114E-03  8.43830914E-03  7.26549913E-03  6.27461859E-03  5.38285668E-03  4.58129882E-03  3.86352506E-03  3.26181266E-03  2.73045956E-03  2.25623945E-03  1.84621292E-03  1.49752176E-03  1.21324033E-03  9.58797166E-04  7.63540609E-04  5.97297031E-04  4.64392206E-04  3.58035500E-04  2.71870361E-04  2.02785432E-04  1.42990809E-04  1.03193678E-04  7.55503612E-05  5.20871740E-05  3.67288080E-05  2.55438799E-05  1.56056677E-05  1.02486921E-05  6.16349543E-06  4.43602804E-06  2.77898972E-06  1.52329888E-06  8.49209203E-07  5.89237778E-07  2.12588128E-07  1.44103788E-07  6.92642236E-08  4.39735205E-08  1.23933390E-08  0.00000000E+00  0.00000000E+00  0.00000000E+00  0.00000000E+00  0.00000000E+00  0.00000000E+00  0.00000000E+00  0.00000000E+00  0.00000000E+00  0.00000000E+00  0.00000000E+00  0.00000000E+00  0.00000000E+00  0.00000000E+00  0.00000000E+00  0.00000000E+00  0.00000000E+00  0.00000000E+00  0.00000000E+00  0.00000000E+00  0.00000000E+00  0.00000000E+00  0.00000000E+00  0.00000000E+00  0.00000000E+00  0.00000000E+00  0.00000000E+00  0.00000000E+00  0.00000000E+00  0.00000000E+00  0.00000000E+00  0.00000000E+00  0.00000000E+00  0.00000000E+00  0.00000000E+00  0.00000000E+00  0.00000000E+00  0.00000000E+00  0.00000000E+00  0.00000000E+00  0.00000000E+00  0.00000000E+00  0.00000000E+00  0.00000000E+00  0.00000000E+00  0.00000000E+00  0.00000000E+00  0.00000000E+00  0.00000000E+00  0.00000000E+00  0.00000000E+00  0.00000000E+00  0.00000000E+00  0.00000000E+00  0.00000000E+00  0.00000000E+00  0.00000000E+00  0.00000000E+00  0.00000000E+00  0.00000000E+00  0.00000000E+00  0.00000000E+00  0.00000000E+00  0.00000000E+00  0.00000000E+00  0.00000000E+00  0.00000000E+00  0.00000000E+00  0.00000000E+00  0.00000000E+00  0.00000000E+00  0.00000000E+00  0.00000000E+00  0.00000000E+00  0.00000000E+00  0.00000000E+00  0.00000000E+00  0.00000000E+00  0.00000000E+00  0.00000000E+00  0.00000000E+00  0.00000000E+00  0.00000000E+00  0.00000000E+00  0.00000000E+00  0.00000000E+00  0.00000000E+00  0.00000000E+00  0.00000000E+00  0.00000000E+00  0.00000000E+00  0.00000000E+00
  2.61110859E-01  2.63948785E-01  2.62091081E-01  2.61314381E-01  2.60478118E-01  2.58964825E-01  2.57511295E-01  2.55461528E-01  2.53834845E-01  2.51669334E-01  2.48624078E-01  2.46712496E-01  2.43791500E-01  2.40376423E-01  2.37106323E-01  2.33646407E-01  2.29805384E-01  2.26152039E-01  2.21955311E-01  2.17530095E-01  2.13423056E-01  2.09081901E-01  2.04154259E-01  1.99361477E-01  1.94625447E-01  1.89459650E-01  1.84082858E-01  1.78768727E-01  1.73991187E-01  1.68451144E-01  1.62852573E-01  1.57474396E-01  1.52153097E-01  1.46541004E-01  1.41126594E-01  1.35322449E-01  1.29947489E-01  1.24295214E-01  1.18961662E-01  1.13648485E-01  1.08397862E-01  1.03067601E-01  9.77028784E-02  9.27283400E-02  8.77696661E-02  8.28253486E-02  7.81347366E-02  7.35492814E-02  6.88694981E-02  6.45014715E-02  6.01307792E-02  5.61121075E-02  5.20472984E-02  4.83110224E-02  4.46760350E-02  4.11587372E-02  3.78083320E-02  3.47130981E-02  3.17582408E-02  2.88968636E-02  2.62519635E-02  2.36781820E-02  2.13951411E-02  1.91634604E-02  1.71429047E-02  1.52909819E-02  1.35496914E-02  1.20091142E-02  1.05447378E-02  9.27563502E-03  8.02463512E-03  6.92313180E-03  5.97604443E-03  5.09941170E-03  4.35739654E-03  3.69673369E-03  3.08243958E-03  2.57317400E-03  2.14478224E-03  1.73484749E-03  1.41782144E-03  1.15966512E-03  9.17146226E-04  7.21526402E-04  5.61237214E-04  4.35521568E-04  3.34069791E-04  2.58847891E-04  1.89906003E-04  1.40002361E-04  9.92398750E-05  6.95633564E-05  4.73895910E-05  3.28815709E-05  2.39046388E-05  1.55934081E-05  9.23457483E-06  6.11794726E-06  4.00853315E-06  3.01107939E-06  1.35859620E-06  6.25272538E-07  5.92388782E-07  2.03226449E-07  1.30581985E-07  9.14593891E-08  2.84311555E-08  0.00000000E+00  0.00000000E+00  0.00000000E+00  0.00000000E+00  0.00000000E+00  0.00000000E+00  0.00000000E+00  0.00000000E+00  0.00000000E+00  0.00000000E+00  0.00000000E+00  0.00000000E+00  0.00000000E+00  0.00000000E+00  0.00000000E+00  0.00000000E+00  0.00000000E+00  0.00000000E+00  0.00000000E+00  0.00000000E+00  0.00000000E+00  0.00000000E+00  0.00000000E+00  0.00000000E+00  0.00000000E+00  0.00000000E+00  0.00000000E+00  0.00000000E+00  0.00000000E+00  0.00000000E+00  0.00000000E+00  0.00000000E+00  0.00000000E+00  0.00000000E+00  0.00000000E+00  0.00000000E+00  0.00000000E+00  0.00000000E+00  0.00000000E+00  0.00000000E+00  0.00000000E+00  0.00000000E+00  0.00000000E+00  0.00000000E+00  0.00000000E+00  0.00000000E+00  0.00000000E+00  0.00000000E+00  0.00000000E+00  0.00000000E+00  0.00000000E+00  0.00000000E+00  0.00000000E+00  0.00000000E+00  0.00000000E+00  0.00000000E+00  0.00000000E+00  0.00000000E+00  0.00000000E+00  0.00000000E+00  0.00000000E+00  0.00000000E+00  0.00000000E+00  0.00000000E+00  0.00000000E+00  0.00000000E+00  0.00000000E+00  0.00000000E+00  0.00000000E+00  0.00000000E+00  0.00000000E+00  0.00000000E+00  0.00000000E+00  0.00000000E+00  0.00000000E+00  0.00000000E+00  0.00000000E+00  0.00000000E+00  0.00000000E+00  0.00000000E+00  0.00000000E+00  0.00000000E+00  0.00000000E+00  0.00000000E+00  0.00000000E+00  0.00000000E+00  0.00000000E+00  0.00000000E+00  0.00000000E+00  0.00000000E+00  0.00000000E+00  0.00000000E+00  0.00000000E+00
  2.66884574E-01  2.68686360E-01  2.67110319E-01  2.67102249E-01  2.65684468E-01  2.63962945E-01  2.63162974E-01  2.60774477E-01  2.59438503E-01  2.56756351E-01  2.54206229E-01  2.50933242E-01  2.48880605E-01  2.45336710E-01  2.42262095E-01  2.38228506E-01  2.34889996E-01  2.30350780E-01  2.26449555E-01  2.22178969E-01  2.17584134E-01  2.12852933E-01  2.08487444E-01  2.03398117E-01  1.98396694E-01  1.93312064E-01  1.88360772E-01  1.83031713E-01  1.77472546E-01  1.72208606E-01  1.66666204E-01  1.61154415E-01  1.55511729E-01  1.49860470E-01  1.44279004E-01  1.38853191E-01  1.32983035E-01  1.27715542E-01  1.21965129E-01  1.16608892E-01  1.11227720E-01  1.05761473E-01  1.00525304E-01  9.53154034E-02  9.00730703E-02  8.51781842E-02  8.01130850E-02  7.54871472E-02  7.08602192E-02  6.62954059E-02  6.19393317E-02  5.77283126E-02  5.36993582E-02  4.97757884E-02  4.60228700E-02  4.23845926E-02  3.89127357E-02  3.57651896E-02  3.27261456E-02  2.97871997E-02  2.71194569E-02  2.45115124E-02  2.20748398E-02  1.98546433E-02  1.77710129E-02  1.57923361E-02  1.40621196E-02  1.24352279E-02  1.08962415E-02  9.55258859E-03  8.29696678E-03  7.23917530E-03  6.20759120E-03  5.32556435E-03  4.51056883E-03  3.81675208E-03  3.20745368E-03  2.68360744E-03  2.20854569E-03  1.80567513E-03  1.48000623E-03  1.19238348E-03  9.47904002E-04  7.49262857E-04  6.00992166E-04  4.50502267E-04  3.46611790E-04  2.68434337E-04  1.98612721E-04  1.42411613E-04  1.06613943E-04  7.36663233E-05  5.30892784E-05  3.57568517E-05  2.32180971E-05  1.62237224E-05  1.10749633E-05  7.19785294E-06  3.71793499E-06  2.53594477E-06  1.24852661E-06  7.51361211E-07  2.45384449E-07  2.76169531E-07  2.27938967E-08  3.48234494E-08  1.97122678E-08  1.95288979E-08  0.00000000E+00  0.00000000E+00  0.00000000E+00  0.00000000E+00  0.00000000E+00  0.00000000E+00  0.00000000E+00  0.00000000E+00  0.00000000E+00  0.00000000E+00  0.00000000E+00  0.00000000E+00  0.00000000E+00  0.00000000E+00  0.00000000E+00  0.00000000E+00  0.00000000E+00  0.00000000E+00  0.00000000E+00  0.00000000E+00  0.00000000E+00  0.00000000E+00  0.00000000E+00  0.00000000E+00  0.00000000E+00  0.00000000E+00  0.00000000E+00  0.00000000E+00  0.00000000E+00  0.00000000E+00  0.00000000E+00  0.00000000E+00  0.00000000E+00  0.00000000E+00  0.00000000E+00  0.00000000E+00  0.00000000E+00  0.00000000E+00  0.00000000E+00  0.00000000E+00  0.00000000E+00  0.00000000E+00  0.00000000E+00  0.00000000E+00  0.00000000E+00  0.00000000E+00  0.00000000E+00  0.00000000E+00  0.00000000E+00  0.00000000E+00  0.00000000E+00  0.00000000E+00  0.00000000E+00  0.00000000E+00  0.00000000E+00  0.00000000E+00  0.00000000E+00  0.00000000E+00  0.00000000E+00  0.00000000E+00  0.00000000E+00  0.00000000E+00  0.00000000E+00  0.00000000E+00  0.00000000E+00  0.00000000E+00  0.00000000E+00  0.00000000E+00  0.00000000E+00  0.00000000E+00  0.00000000E+00  0.00000000E+00  0.00000000E+00  0.00000000E+00  0.00000000E+00  0.00000000E+00  0.00000000E+00  0.00000000E+00  0.00000000E+00  0.00000000E+00  0.00000000E+00  0.00000000E+00  0.00000000E+00  0.00000000E+00  0.00000000E+00  0.00000000E+00  0.00000000E+00  0.00000000E+00  0.00000000E+00  0.00000000E+00  0.00000000E+00  0.00000000E+00
  2.67396817E-01  2.68473410E-01  2.66743174E-01  2.65545530E-01  2.64878100E-01  2.63693009E-01  2.61619928E-01  2.60296847E-01  2.57864817E-01  2.55327174E-01  2.53312799E-01  2.50898104E-01  2.47757721E-01  2.44963296E-01  2.41366661E-01  2.37722912E-01  2.34163956E-01  2.30192927E-01  2.25732653E-01  2.21636287E-01  2.17365862E-01  2.12620036E-01  2.07795801E-01  2.02962025E-01  1.97853666E-01  1.93094220E-01  1.87711945E-01  1.82482430E-01  1.77046187E-01  1.71609065E-01  1.66018910E-01  1.60508589E-01  1.55092413E-01  1.49347483E-01  1.43790709E-01  1.38252612E-01  1.32531693E-01  1.27086312E-01  1.21476864E-01  1.16035524E-01  1.10739089E-01  1.05230405E-01  9.99230059E-02  9.49373707E-02  8.96806540E-02  8.47039878E-02  7.99345442E-02  7.51927053E-02  7.05145113E-02  6.60769268E-02  6.16684611E-02  5.74856072E-02  5.35473686E-02  4.95025061E-02  4.58389771E-02  4.23445644E-02  3.88569084E-02  3.55841485E-02  3.25621418E-02  2.96930001E-02  2.69525874E-02  2.44317749E-02  2.20086358E-02  1.97781166E-02  1.76721003E-02  1.57644601E-02  1.39812306E-02  1.23865462E-02  1.08762180E-02  9.49332679E-03  8.32150681E-03  7.20118587E-03  6.18008128E-03  5.29410202E-03  4.51986582E-03  3.78363401E-03  3.18200439E-03  2.65887827E-03  2.19856063E-03  1.81590124E-03  1.46552037E-03  1.18573816E-03  9.53861476E-04  7.47691482E-04  5.87493504E-04  4.43448693E-04  3.49889642E-04  2.65247929E-04  1.95021645E-04  1.44245731E-04  1.04817044E-04  7.59708502E-05  5.27566985E-05  3.68622307E-05  2.49128767E-05  1.76530265E-05  1.10950448E-05  6.71752680E-06  3.89212994E-06  2.66659665E-06  1.18465411E-06  5.79132834E-07  3.38732947E-07  1.37694696E-07  6.99270391E-08  2.67872688E-09  3.63918791E-08  0.00000000E+00  1.07907372E-08  0.00000000E+00  0.00000000E+00  0.00000000E+00  0.00000000E+00  0.00000000E+00  0.00000000E+00  0.00000000E+00  0.00000000E+00  0.00000000E+00  0.00000000E+00  0.00000000E+00  0.00000000E+00  0.00000000E+00  0.00000000E+00  0.00000000E+00  0.00000000E+00  0.00000000E+00  0.00000000E+00  0.00000000E+00  0.00000000E+00  0.00000000E+00  0.00000000E+00  0.00000000E+00  0.00000000E+00  0.00000000E+00  0.00000000E+00  0.00000000E+00  0.00000000E+00  0.00000000E+00  0.00000000E+00  0.00000000E+00  0.00000000E+00  0.00000000E+00  0.00000000E+00  0.00000000E+00  0.00000000E+00  0.00000000E+00  0.00000000E+00  0.00000000E+00  0.00000000E+00  0.00000000E+00  0.00000000E+00  0.00000000E+00  0.00000000E+00  0.00000000E+00  0.00000000E+00  0.00000000E+00  0.00000000E+00  0.00000000E+00  0.00000000E+00  0.00000000E+00  0.00000000E+00  0.00000000E+00  0.00000000E+00  0.00000000E+00  0.00000000E+00  0.00000000E+00  0.00000000E+00  0.00000000E+00  0.00000000E+00  0.00000000E+00  0.00000000E+00  0.00000000E+00  0.00000000E+00  0.00000000E+00  0.00000000E+00  0.00000000E+00  0.00000000E+00  0.00000000E+00  0.00000000E+00  0.00000000E+00  0.00000000E+00  0.00000000E+00  0.00000000E+00  0.00000000E+00  0.00000000E+00  0.00000000E+00  0.00000000E+00  0.00000000E+00  0.00000000E+00  0.00000000E+00  0.00000000E+00  0.00000000E+00  0.00000000E+00  0.00000000E+00  0.00000000E+00  0.00000000E+00  0.00000000E+00  0.00000000E+00  0.00000000E+00  0.00000000E+00
  2.65997030E-01  2.65668293E-01  2.64204164E-01  2.63321527E-01  2.63368797E-01  2.61183639E-01  2.59707290E-01  2.58097518E-01  2.55637304E-01  2.53592936E-01  2.51773321E-01  2.48963385E-01  2.45749593E-01  2.42633298E-01  2.39379609E-01  2.35656674E-01  2.32116842E-01  2.28360244E-01  2.24127752E-01  2.19891581E-01  2.15757883E-01  2.10605430E-01  2.06064141E-01  2.01231928E-01  1.96233670E-01  1.91437183E-01  1.86036003E-01  1.80914946E-01  1.75672495E-01  1.70326538E-01  1.64875605E-01  1.59379078E-01  1.53708573E-01  1.48167289E-01  1.42570357E-01  1.37283642E-01  1.31687998E-01  1.25821303E-01  1.20483533E-01  1.15009226E-01  1.09626662E-01  1.04224274E-01  9.90295141E-02  9.39837236E-02  8.89932998E-02  8.40054842E-02  7.91256294E-02  7.44858723E-02  6.98520178E-02  6.53161703E-02  6.10585765E-02  5.68276361E-02  5.28080122E-02  4.90349148E-02  4.52294081E-02  4.17316520E-02  3.83836536E-02  3.52106253E-02  3.21701246E-02  2.92919748E-02  2.65865139E-02  2.40228822E-02  2.17371515E-02  1.95101359E-02  1.74178253E-02  1.55346256E-02  1.37270907E-02  1.21862472E-02  1.06829588E-02  9.38283465E-03  8.15344433E-03  7.03009396E-03  6.07775686E-03  5.21508778E-03  4.41244694E-03  3.73110892E-03  3.12236483E-03  2.60269522E-03  2.14604843E-03  1.76348436E-03  1.43116384E-03  1.15440385E-03  9.20680877E-04  7.32268319E-04  5.77934122E-04  4.49965387E-04  3.41385801E-04  2.60667179E-04  1.89257310E-04  1.41803098E-04  1.02446457E-04  7.23991203E-05  5.09921042E-05  3.63069505E-05  2.39482151E-05  1.62651515E-05  1.00918051E-05  7.18957146E-06  3.76875893E-06  2.20931509E-06  1.61810334E-06  9.13247931E-07  5.44729844E-07  2.34432046E-07  1.54148556E-07  6.62028214E-08  1.55423651E-08  0.00000000E+00  0.00000000E+00  0.00000000E+00  0.00000000E+00  0.00000000E+00  0.00000000E+00  0.00000000E+00  0.00000000E+00  0.00000000E+00  0.00000000E+00  0.00000000E+00  0.00000000E+00  0.00000000E+00  0.00000000E+00  0.00000000E+00  0.00000000E+00  0.00000000E+00  0.00000000E+00  0.00000000E+00  0.00000000E+00  0.00000000E+00  0.00000000E+00  0.00000000E+00  0.00000000E+00  0.00000000E+00  0.00000000E+00  0.00000000E+00  0.00000000E+00  0.00000000E+00  0.00000000E+00  0.00000000E+00  0.00000000E+00  0.00000000E+00  0.00000000E+00  0.00000000E+00  0.00000000E+00  0.00000000E+00  0.00000000E+00  0.00000000E+00  0.00000000E+00  0.00000000E+00  0.00000000E+00  0.00000000E+00  0.00000000E+00  0.00000000E+00  0.00000000E+00  0.00000000E+00  0.00000000E+00  0.00000000E+00  0.00000000E+00  0.00000000E+00  0.00000000E+00  0.00000000E+00  0.00000000E+00  0.00000000E+00  0.00000000E+00  0.00000000E+00  0.00000000E+00  0.00000000E+00  0.00000000E+00  0.00000000E+00  0.00000000E+00  0.00000000E+00  0.00000000E+00  0.00000000E+00  0.00000000E+00  0.00000000E+00  0.00000000E+00  0.00000000E+00  0.00000000E+00  0.00000000E+00  0.00000000E+00  0.00000000E+00  0.00000000E+00  0.00000000E+00  0.00000000E+00  0.00000000E+00  0.00000000E+00  0.00000000E+00  0.00000000E+00  0.00000000E+00  0.00000000E+00  0.00000000E+00  0.00000000E+00  0.00000000E+00  0.00000000E+00  0.00000000E+00  0.00000000E+00  0.00000000E+00  0.00000000E+00  0.00000000E+00  0.00000000E+00  0.00000000E+00
  2.60758813E-01  2.61200485E-01  2.61291177E-01  2.60774270E-01  2.59079023E-01  2.57548023E-01  2.56231718E-01  2.54265142E-01  2.52383929E-01  2.50340369E-01  2.47976189E-01  2.45714905E-01  2.42567604E-01  2.39559472E-01  2.36393439E-01  2.33018231E-01  2.29117223E-01  2.25578938E-01  2.21453274E-01  2.17253137E-01  2.13076311E-01  2.08846201E-01  2.04276855E-01  1.99330413E-01  1.94451252E-01  1.89312362E-01  1.84069691E-01  1.78815212E-01  1.73652496E-01  1.68051628E-01  1.63078819E-01  1.57595591E-01  1.52117715E-01  1.46708991E-01  1.41059506E-01  1.35541108E-01  1.30181073E-01  1.24806163E-01  1.19280289E-01  1.13868912E-01  1.08546144E-01  1.03152419E-01  9.80798222E-02  9.29587513E-02  8.80250038E-02  8.31288227E-02  7.83388691E-02  7.35882291E-02  6.88979784E-02  6.46958773E-02  6.02488996E-02  5.61842696E-02  5.21657798E-02  4.84130872E-02  4.47412462E-02  4.12645197E-02  3.79256137E-02  3.47704885E-02  3.16487292E-02  2.89609082E-02  2.61825072E-02  2.37271979E-02  2.13708435E-02  1.92519195E-02  1.71976952E-02  1.53123354E-02  1.35961122E-02  1.20356845E-02  1.05403051E-02  9.19030902E-03  8.04425774E-03  6.94911910E-03  5.98716433E-03  5.14527346E-03  4.37105428E-03  3.67542464E-03  3.09215162E-03  2.57613185E-03  2.14004660E-03  1.74304331E-03  1.42831070E-03  1.14386150E-03  9.10428775E-04  7.19655258E-04  5.65521927E-04  4.40656634E-04  3.36117341E-04  2.49121641E-04  1.87657930E-04  1.35873115E-04  9.84743638E-05  6.91931673E-05  4.96975738E-05  3.46013852E-05  2.49731147E-05  1.54834942E-05  1.01867740E-05  6.72870680E-06  3.80605714E-06  2.52174348E-06  1.39113502E-06  8.18979743E-07  5.21885064E-07  2.48864634E-07  1.32900008E-07  2.64045935E-08  6.55811986E-08  2.02800094E-08  9.67445403E-09  0.00000000E+00  0.00000000E+00  0.00000000E+00  6.13658061E-08  0.00000000E+00  0.00000000E+00  0.00000000E+00  0.00000000E+00  0.00000000E+00  0.00000000E+00  0.00000000E+00  0.00000000E+00  0.00000000E+00  0.00000000E+00  0.00000000E+00  0.00000000E+00  0.00000000E+00  0.00000000E+00  0.00000000E+00  0.00000000E+00  0.00000000E+00  0.00000000E+00  0.00000000E+00  0.00000000E+00  0.00000000E+00  0.00000000E+00  0.00000000E+00  0.00000000E+00  0.00000000E+00  0.00000000E+00  0.00000000E+00  0.00000000E+00  0.00000000E+00  0.00000000E+00  0.00000000E+00  0.00000000E+00  0.00000000E+00  0.00000000E+00  0.00000000E+00  0.00000000E+00  0.00000000E+00  0.00000000E+00  0.00000000E+00  0.00000000E+00  0.00000000E+00  0.00000000E+00  0.00000000E+00  0.00000000E+00  0.00000000E+00  0.00000000E+00  0.00000000E+00  0.00000000E+00  0.00000000E+00  0.00000000E+00  0.00000000E+00  0.00000000E+00  0.00000000E+00  0.00000000E+00  0.00000000E+00  0.00000000E+00  0.00000000E+00  0.00000000E+00  0.00000000E+00  0.00000000E+00  0.00000000E+00  0.00000000E+00  0.00000000E+00  0.00000000E+00  0.00000000E+00  0.00000000E+00  0.00000000E+00  0.00000000E+00  0.00000000E+00  0.00000000E+00  0.00000000E+00  0.00000000E+00  0.00000000E+00  0.00000000E+00  0.00000000E+00  0.00000000E+00  0.00000000E+00  0.00000000E+00  0.00000000E+00  0.00000000E+00  0.00000000E+00  0.00000000E+00  0.00000000E+00  0.00000000E+00  0.00000000E+00  0.00000000E+00  0.00000000E+00
  2.70434586E-01  2.70674101E-01  2.69475664E-01  2.68348010E-01  2.68714531E-01  2.66583624E-01  2.65121822E-01  2.62938882E-01  2.60616308E-01  2.58613670E-01  2.56420804E-01  2.53232827E-01  2.50864497E-01  2.47484845E-01  2.43631911E-01  2.40613653E-01  2.36514942E-01  2.32676609E-01  2.28329439E-01  2.24005782E-01  2.19712826E-01  2.14882765E-01  2.10107780E-01  2.05168139E-01  2.00315003E-01  1.95022189E-01  1.89965865E-01  1.84492267E-01  1.78913705E-01  1.73623986E-01  1.68190500E-01  1.62485522E-01  1.56957280E-01  1.51279983E-01  1.45496066E-01  1.40215910E-01  1.34378880E-01  1.28701496E-01  1.23151403E-01  1.17625287E-01  1.12166841E-01  1.06791251E-01  1.01536954E-01  9.62758989E-02  9.10159082E-02  8.59154159E-02  8.10808458E-02  7.62284878E-02  7.15698924E-02  6.70554700E-02  6.25050107E-02  5.83733983E-02  5.43038506E-02  5.03431520E-02  4.65063946E-02  4.30598122E-02  3.95323038E-02  3.62126811E-02  3.32218139E-02  3.02181724E-02  2.74021960E-02  2.47991091E-02  2.23704647E-02  2.01299172E-02  1.79847905E-02  1.60464421E-02  1.42726751E-02  1.25889427E-02  1.10564698E-02  9.68188781E-03  8.42010498E-03  7.31321573E-03  6.27578409E-03  5.40729864E-03  4.59430573E-03  3.87482768E-03  3.26040253E-03  2.73997230E-03  2.26006067E-03  1.86396909E-03  1.50406758E-03  1.21616942E-03  9.75977635E-04  7.62617124E-04  6.09079992E-04  4.64214191E-04  3.58575041E-04  2.70320990E-04  2.00532798E-04  1.45658985E-04  1.06112078E-04  7.76554537E-05  5.56294562E-05  3.59580652E-05  2.63551697E-05  1.55650841E-05  1.13201253E-05  7.77714284E-06  4.12944494E-06  3.00174711E-06  1.81855855E-06  8.40060814E-07  5.35276832E-07  2.45354005E-07  1.12810472E-07  4.89824343E-08  1.14482786E-07  0.00000000E+00  1.60000585E-08  0.00000000E+00  0.00000000E+00  0.00000000E+00  0.00000000E+00  0.00000000E+00  0.00000000E+00  0.00000000E+00  0.00000000E+00  0.00000000E+00  0.00000000E+00  0.00000000E+00  0.00000000E+00  0.00000000E+00  0.00000000E+00  0.00000000E+00  0.00000000E+00  0.00000000E+00  0.00000000E+00  0.00000000E+00  0.00000000E+00  0.00000000E+00  0.00000000E+00  0.00000000E+00  0.00000000E+00  0.00000000E+00  0.00000000E+00  0.00000000E+00  0.00000000E+00  0.00000000E+00  0.00000000E+00  0.00000000E+00  0.00000000E+00  0.00000000E+00  0.00000000E+00  0.00000000E+00  0.00000000E+00  0.00000000E+00  0.00000000E+00  0.00000000E+00  0.00000000E+00  0.00000000E+00  0.00000000E+00  0.00000000E+00  0.00000000E+00  0.00000000E+00  0.00000000E+00  0.00000000E+00  0.00000000E+00  0.00000000E+00  0.00000000E+00  0.00000000E+00  0.00000000E+00  0.00000000E+00  0.00000000E+00  0.00000000E+00  0.00000000E+00  0.00000000E+00  0.00000000E+00  0.00000000E+00  0.00000000E+00  0.00000000E+00  0.00000000E+00  0.00000000E+00  0.00000000E+00  0.00000000E+00  0.00000000E+00  0.00000000E+00  0.00000000E+00  0.00000000E+00  0.00000000E+00  0.00000000E+00  0.00000000E+00  0.00000000E+00  0.00000000E+00  0.00000000E+00  0.00000000E+00  0.00000000E+00  0.00000000E+00  0.00000000E+00  0.00000000E+00  0.00000000E+00  0.00000000E+00  0.00000000E+00  0.00000000E+00  0.00000000E+00  0.00000000E+00  0.00000000E+00  0.00000000E+00  0.00000000E+00  0.00000000E+00  0.00000000E+00
  2.69320392E-01  2.69141140E-01  2.68670529E-01  2.68100389E-01  2.66697928E-01  2.65829831E-01  2.63800526E-01  2.62576775E-01  2.60005296E-01  2.57925990E-01  2.55342996E-01  2.52862111E-01  2.50239748E-01  2.46729869E-01  2.42996388E-01  2.39723260E-01  2.35987360E-01  2.31967105E-01  2.27610113E-01  2.23693549E-01  2.19135050E-01  2.14458453E-01  2.09914852E-01  2.04712302E-01  1.99897640E-01  1.94404070E-01  1.89288830E-01  1.84026952E-01  1.78766424E-01  1.73296589E-01  1.67705090E-01  1.62075645E-01  1.56470542E-01  1.50875680E-01  1.45256297E-01  1.39597365E-01  1.34124215E-01  1.28577768E-01  1.22968510E-01  1.17343804E-01  1.11921639E-01  1.06570092E-01  1.01190825E-01  9.58270190E-02  9.08156093E-02  8.58412268E-02  8.09970990E-02  7.60912333E-02  7.13277172E-02  6.67953765E-02  6.24370862E-02  5.81132482E-02  5.40309866E-02  5.02126410E-02  4.63800066E-02  4.27267281E-02  3.93340304E-02  3.61241192E-02  3.29772023E-02  2.99791036E-02  2.72323070E-02  2.47003094E-02  2.22667481E-02  2.00234451E-02  1.79200491E-02  1.59512628E-02  1.41418641E-02  1.25597311E-02  1.10099527E-02  9.63908278E-03  8.39545615E-03  7.27874461E-03  6.26515589E-03  5.33427377E-03  4.56012914E-03  3.83916963E-03  3.21954213E-03  2.68881468E-03  2.21595773E-03  1.83411699E-03  1.48363020E-03  1.20047675E-03  9.52672330E-04  7.53697518E-04  5.99770487E-04  4.65510352E-04  3.50736292E-04  2.64077365E-04  1.96815814E-04  1.46999163E-04  1.08209650E-04  7.57520018E-05  5.20029378E-05  3.69222493E-05  2.48047902E-05  1.59958623E-05  1.10306166E-05  7.60571609E-06  4.23437178E-06  2.84918467E-06  1.71089924E-06  1.14752625E-06  3.51336964E-07  3.41701285E-07  1.24786926E-07  8.76326365E-08  7.01301836E-08  3.38000156E-09  0.00000000E+00  0.00000000E+00  0.00000000E+00  0.00000000E+00  0.00000000E+00  0.00000000E+00  0.00000000E+00  0.00000000E+00  0.00000000E+00  0.00000000E+00  0.00000000E+00  0.00000000E+00  0.00000000E+00  0.00000000E+00  0.00000000E+00  0.00000000E+00  0.00000000E+00  0.00000000E+00  0.00000000E+00  0.00000000E+00  0.00000000E+00  0.00000000E+00  0.00000000E+00  0.00000000E+00  0.00000000E+00  0.00000000E+00  0.00000000E+00  0.00000000E+00  0.00000000E+00  0.00000000E+00  0.00000000E+00  0.00000000E+00  0.00000000E+00  0.00000000E+00  0.00000000E+00  0.00000000E+00  0.00000000E+00  0.00000000E+00  0.00000000E+00  0.00000000E+00  0.00000000E+00  0.00000000E+00  0.00000000E+00  0.00000000E+00  0.00000000E+00  0.00000000E+00  0.00000000E+00  0.00000000E+00  0.00000000E+00  0.00000000E+00  0.00000000E+00  0.00000000E+00  0.00000000E+00  0.00000000E+00  0.00000000E+00  0.00000000E+00  0.00000000E+00  0.00000000E+00  0.00000000E+00  0.00000000E+00  0.00000000E+00  0.00000000E+00  0.00000000E+00  0.00000000E+00  0.00000000E+00  0.00000000E+00  0.00000000E+00  0.00000000E+00  0.00000000E+00  0.00000000E+00  0.00000000E+00  0.00000000E+00  0.00000000E+00  0.00000000E+00  0.00000000E+00  0.00000000E+00  0.00000000E+00  0.00000000E+00  0.00000000E+00  0.00000000E+00  0.00000000E+00  0.00000000E+00  0.00000000E+00  0.00000000E+00  0.00000000E+00  0.00000000E+00  0.00000000E+00  0.00000000E+00  0.00000000E+00  0.00000000E+00  0.00000000E+00  0.00000000E+00
  2.72078462E-01  2.71213716E-01  2.69612009E-01  2.67903085E-01  2.67661551E-01  2.65849650E-01  2.64650628E-01  2.62944480E-01  2.61161975E-01  2.58257175E-01  2.55939102E-01  2.53451637E-01  2.50907637E-01  2.47443288E-01  2.43428497E-01  2.39976866E-01  2.37108402E-01  2.32652367E-01  2.28727438E-01  2.24641320E-01  2.19965939E-01  2.14741506E-01  2.10209078E-01  2.05293750E-01  2.00420762E-01  1.94808159E-01  1.90039951E-01  1.84617529E-01  1.79371748E-01  1.74080880E-01  1.68416224E-01  1.62695014E-01  1.57074882E-01  1.51479037E-01  1.45829150E-01  1.39934236E-01  1.34432886E-01  1.28906007E-01  1.23308072E-01  1.17694600E-01  1.12266266E-01  1.06685704E-01  1.01422932E-01  9.62308314E-02  9.09699991E-02  8.59040771E-02  8.09034693E-02  7.63282923E-02  7.15063365E-02  6.70626334E-02  6.26953367E-02  5.82175763E-02  5.42372972E-02  5.02252847E-02  4.65229865E-02  4.29144663E-02  3.94874949E-02  3.61923272E-02  3.30897808E-02  3.01594949E-02  2.72650271E-02  2.48097536E-02  2.23347253E-02  2.00268986E-02  1.79735426E-02  1.59876015E-02  1.42656260E-02  1.25627139E-02  1.10522982E-02  9.71134212E-03  8.40101721E-03  7.29813063E-03  6.26977726E-03  5.39144471E-03  4.57318536E-03  3.86835101E-03  3.25460160E-03  2.71408927E-03  2.22956188E-03  1.83062975E-03  1.49857094E-03  1.19530118E-03  9.62470796E-04  7.67238416E-04  5.96844575E-04  4.77123392E-04  3.56618505E-04  2.64678104E-04  2.01132223E-04  1.48184618E-04  1.06741974E-04  8.03531136E-05  5.43231414E-05  3.88411182E-05  2.65854410E-05  1.64976618E-05  1.16292972E-05  6.94526764E-06  4.14747924E-06  3.28009241E-06  1.66630900E-06  1.08229426E-06  5.99872417E-07  2.23900157E-07  3.86337233E-08  8.80153118E-08  9.21169438E-08  0.00000000E+00  0.00000000E+00  0.00000000E+00  0.00000000E+00  0.00000000E+00  0.00000000E+00  0.00000000E+00  0.00000000E+00  0.00000000E+00  0.00000000E+00  0.00000000E+00  0.00000000E+00  0.00000000E+00  0.00000000E+00  0.00000000E+00  0.00000000E+00  0.00000000E+00  0.00000000E+00  0.00000000E+00  0.00000000E+00  0.00000000E+00  0.00000000E+00  0.00000000E+00  0.00000000E+00  0.00000000E+00  0.00000000E+00  0.00000000E+00  0.00000000E+00  0.00000000E+00  0.00000000E+00  0.00000000E+00  0.00000000E+00  0.00000000E+00  0.00000000E+00  0.00000000E+00  0.00000000E+00  0.00000000E+00  0.00000000E+00  0.00000000E+00  0.00000000E+00  0.00000000E+00  0.00000000E+00  0.00000000E+00  0.00000000E+00  0.00000000E+00  0.00000000E+00  0.00000000E+00  0.00000000E+00  0.00000000E+00  0.00000000E+00  0.00000000E+00  0.00000000E+00  0.00000000E+00  0.00000000E+00  0.00000000E+00  0.00000000E+00  0.00000000E+00  0.00000000E+00  0.00000000E+00  0.00000000E+00  0.00000000E+00  0.00000000E+00  0.00000000E+00  0.00000000E+00  0.00000000E+00  0.00000000E+00  0.00000000E+00  0.00000000E+00  0.00000000E+00  0.00000000E+00  0.00000000E+00  0.00000000E+00  0.00000000E+00  0.00000000E+00  0.00000000E+00  0.00000000E+00  0.00000000E+00  0.00000000E+00  0.00000000E+00  0.00000000E+00  0.00000000E+00  0.00000000E+00  0.00000000E+00  0.00000000E+00  0.00000000E+00  0.00000000E+00  0.00000000E+00  0.00000000E+00  0.00000000E+00  0.00000000E+00  0.00000000E+00  0.00000000E+00  0.00000000E+00
  2.71432668E-01  2.68034214E-01  2.69079419E-01  2.67584501E-01  2.66539014E-01  2.66187683E-01  2.64730621E-01  2.63047375E-01  2.60682771E-01  2.58443648E-01  2.55733991E-01  2.53208603E-01  2.50549287E-01  2.47283743E-01  2.43497352E-01  2.40371719E-01  2.36246168E-01  2.32474224E-01  2.28213844E-01  2.23762989E-01  2.19336445E-01  2.15019265E-01  2.09815006E-01  2.05203094E-01  2.00132702E-01  1.94738233E-01  1.89815116E-01  1.84531132E-01  1.79266422E-01  1.73824909E-01  1.68330852E-01  1.62649651E-01  1.57199375E-01  1.51291805E-01  1.45698679E-01  1.39939994E-01  1.34550821E-01  1.28791164E-01  1.23442068E-01  1.17792659E-01  1.12298085E-01  1.06930063E-01  1.01555628E-01  9.62101052E-02  9.11105761E-02  8.60097752E-02  8.12305122E-02  7.62385146E-02  7.16387142E-02  6.71223827E-02  6.25240209E-02  5.84264137E-02  5.42357207E-02  5.04139332E-02  4.65662048E-02  4.29811343E-02  3.94724064E-02  3.61412974E-02  3.31415635E-02  3.01325826E-02  2.74379324E-02  2.47426477E-02  2.24101600E-02  2.00629520E-02  1.80923816E-02  1.60557714E-02  1.42386337E-02  1.25807773E-02  1.10625280E-02  9.70166730E-03  8.47649555E-03  7.31544947E-03  6.32068081E-03  5.39881333E-03  4.57825817E-03  3.88112094E-03  3.25548926E-03  2.72221841E-03  2.25898579E-03  1.85437777E-03  1.51036013E-03  1.21460605E-03  9.75328253E-04  7.63373801E-04  6.01092499E-04  4.66723880E-04  3.53710770E-04  2.70697490E-04  2.01869415E-04  1.47771423E-04  1.04618974E-04  7.71034791E-05  5.40355165E-05  3.59580652E-05  2.55353355E-05  1.66692966E-05  1.09946372E-05  6.93118912E-06  4.24584815E-06  2.78345298E-06  1.63176161E-06  8.12615645E-07  5.99084666E-07  2.44573864E-07  1.18991868E-07  1.75265273E-07  4.47316847E-08  0.00000000E+00  0.00000000E+00  0.00000000E+00  0.00000000E+00  0.00000000E+00  0.00000000E+00  0.00000000E+00  0.00000000E+00  0.00000000E+00  0.00000000E+00  0.00000000E+00  0.00000000E+00  0.00000000E+00  0.00000000E+00  0.00000000E+00  0.00000000E+00  0.00000000E+00  0.00000000E+00  0.00000000E+00  0.00000000E+00  0.00000000E+00  0.00000000E+00  0.00000000E+00  0.00000000E+00  0.00000000E+00  0.00000000E+00  0.00000000E+00  0.00000000E+00  0.00000000E+00  0.00000000E+00  0.00000000E+00  0.00000000E+00  0.00000000E+00  0.00000000E+00  0.00000000E+00  0.00000000E+00  0.00000000E+00  0.00000000E+00  0.00000000E+00  0.00000000E+00  0.00000000E+00  0.00000000E+00  0.00000000E+00  0.00000000E+00  0.00000000E+00  0.00000000E+00  0.00000000E+00  0.00000000E+00  0.00000000E+00  0.00000000E+00  0.00000000E+00  0.00000000E+00  0.00000000E+00  0.00000000E+00  0.00000000E+00  0.00000000E+00  0.00000000E+00  0.00000000E+00  0.00000000E+00  0.00000000E+00  0.00000000E+00  0.00000000E+00  0.00000000E+00  0.00000000E+00  0.00000000E+00  0.00000000E+00  0.00000000E+00  0.00000000E+00  0.00000000E+00  0.00000000E+00  0.00000000E+00  0.00000000E+00  0.00000000E+00  0.00000000E+00  0.00000000E+00  0.00000000E+00  0.00000000E+00  0.00000000E+00  0.00000000E+00  0.00000000E+00  0.00000000E+00  0.00000000E+00  0.00000000E+00  0.00000000E+00  0.00000000E+00  0.00000000E+00  0.00000000E+00  0.00000000E+00  0.00000000E+00  0.00000000E+00  0.00000000E+00  0.00000000E+00  0.00000000E+00
  2.69427056E-01  2.69741986E-01  2.68647662E-01  2.68706711E-01  2.66770966E-01  2.65481506E-01  2.64121572E-01  2.62347993E-01  2.60165274E-01  2.58337167E-01  2.55519365E-01  2.53011429E-01  2.50499690E-01  2.46961728E-01  2.44002206E-01  2.39926773E-01  2.36240834E-01  2.32406763E-01  2.28557331E-01  2.24489611E-01  2.19521625E-01  2.14790350E-01  2.10141125E-01  2.05307377E-01  2.00295514E-01  1.95085437E-01  1.89882542E-01  1.84556343E-01  1.79373506E-01  1.73561615E-01  1.67798976E-01  1.62661560E-01  1.57030992E-01  1.51551991E-01  1.45933589E-01  1.40223989E-01  1.34499906E-01  1.28736418E-01  1.23201317E-01  1.17707574E-01  1.12303834E-01  1.07014083E-01  1.01398536E-01  9.61537548E-02  9.11135864E-02  8.59094692E-02  8.10050996E-02  7.64092824E-02  7.16775148E-02  6.70556813E-02  6.27004356E-02  5.84321082E-02  5.43050526E-02  5.03353032E-02  4.66333442E-02  4.29846878E-02  3.94528992E-02  3.62646693E-02  3.30923480E-02  3.01681332E-02  2.74060677E-02  2.48374942E-02  2.24420037E-02  2.01029517E-02  1.80380299E-02  1.60223346E-02  1.42127997E-02  1.25875629E-02  1.10549486E-02  9.70768829E-03  8.46312404E-03  7.30696791E-03  6.26954728E-03  5.35421986E-03  4.58237831E-03  3.87808847E-03  3.23505563E-03  2.72308160E-03  2.23990386E-03  1.86113136E-03  1.52084488E-03  1.21336615E-03  9.71823943E-04  7.69678640E-04  6.01406399E-04  4.65996235E-04  3.54787985E-04  2.63159185E-04  2.03904906E-04  1.47013147E-04  1.06744651E-04  7.57136151E-05  5.28099462E-05  3.59770639E-05  2.47492517E-05  1.53067863E-05  9.96713228E-06  6.32332810E-06  4.17494056E-06  2.57083937E-06  1.37345962E-06  8.66312714E-07  4.17508051E-07  1.98155540E-07  1.23627914E-08  1.06766400E-07  1.40260367E-08  0.00000000E+00  0.00000000E+00  0.00000000E+00  0.00000000E+00  0.00000000E+00  0.00000000E+00  0.00000000E+00  0.00000000E+00  0.00000000E+00  0.00000000E+00  0.00000000E+00  0.00000000E+00  0.00000000E+00  0.00000000E+00  0.00000000E+00  0.00000000E+00  0.00000000E+00  0.00000000E+00  0.00000000E+00  0.00000000E+00  0.00000000E+00  0.00000000E+00  0.00000000E+00  0.00000000E+00  0.00000000E+00  0.00000000E+00  0.00000000E+00  0.00000000E+00  0.00000000E+00  0.00000000E+00  0.00000000E+00  0.00000000E+00  0.00000000E+00  0.00000000E+00  0.00000000E+00  0.00000000E+00  0.00000000E+00  0.00000000E+00  0.00000000E+00  0.00000000E+00  0.00000000E+00  0.00000000E+00  0.00000000E+00  0.00000000E+00  0.00000000E+00  0.00000000E+00  0.00000000E+00  0.00000000E+00  0.00000000E+00  0.00000000E+00  0.00000000E+00  0.00000000E+00  0.00000000E+00  0.00000000E+00  0.00000000E+00  0.00000000E+00  0.00000000E+00  0.00000000E+00  0.00000000E+00  0.00000000E+00  0.00000000E+00  0.00000000E+00  0.00000000E+00  0.00000000E+00  0.00000000E+00  0.00000000E+00  0.00000000E+00  0.00000000E+00  0.00000000E+00  0.00000000E+00  0.00000000E+00  0.00000000E+00  0.00000000E+00  0.00000000E+00  0.00000000E+00  0.00000000E+00  0.00000000E+00  0.00000000E+00  0.00000000E+00  0.00000000E+00  0.00000000E+00  0.00000000E+00  0.00000000E+00  0.00000000E+00  0.00000000E+00  0.00000000E+00  0.00000000E+00  0.00000000E+00  0.00000000E+00  0.00000000E+00  0.00000000E+00  0.00000000E+00  0.00000000E+00
  2.62692885E-01  2.61751674E-01  2.61887992E-01  2.60255025E-01  2.60302230E-01  2.59227406E-01  2.56961468E-01  2.54932942E-01  2.53554942E-01  2.51077107E-01  2.49029439E-01  2.46041632E-01  2.43024137E-01  2.40200421E-01  2.36968559E-01  2.33259665E-01  2.29466861E-01  2.25929766E-01  2.22053994E-01  2.17161143E-01  2.13389562E-01  2.08698758E-01  2.03731286E-01  1.99083194E-01  1.94321838E-01  1.89168656E-01  1.84219339E-01  1.79135573E-01  1.73740836E-01  1.68369316E-01  1.62877972E-01  1.57745640E-01  1.51910582E-01  1.46501302E-01  1.41134437E-01  1.35504737E-01  1.30214745E-01  1.24682282E-01  1.19077000E-01  1.13664304E-01  1.08414348E-01  1.03112148E-01  9.78956412E-02  9.27579027E-02  8.77317407E-02  8.28475444E-02  7.81811569E-02  7.33855494E-02  6.89720219E-02  6.45375896E-02  6.02012356E-02  5.61809677E-02  5.22299009E-02  4.83508566E-02  4.47087365E-02  4.12172391E-02  3.79456848E-02  3.47052652E-02  3.17870534E-02  2.88983027E-02  2.62141664E-02  2.37053293E-02  2.13569406E-02  1.92649950E-02  1.72200038E-02  1.53487247E-02  1.36036378E-02  1.19901787E-02  1.06054706E-02  9.26984814E-03  8.02428694E-03  6.93200861E-03  6.01478563E-03  5.10084203E-03  4.34394094E-03  3.68470170E-03  3.06763326E-03  2.55479812E-03  2.11815404E-03  1.74539201E-03  1.42096345E-03  1.13946117E-03  9.03676579E-04  7.23033472E-04  5.67603606E-04  4.36441394E-04  3.32741475E-04  2.53165325E-04  1.88629145E-04  1.38960802E-04  1.00130741E-04  6.94234876E-05  4.99790883E-05  3.36415190E-05  2.46185225E-05  1.53837261E-05  1.00106423E-05  6.59537489E-06  3.85114289E-06  3.01675990E-06  9.51258371E-07  6.96470874E-07  3.28098308E-07  3.97091219E-07  1.25173263E-07  1.13654555E-07  0.00000000E+00  3.34244598E-08  0.00000000E+00  0.00000000E+00  0.00000000E+00  0.00000000E+00  0.00000000E+00  0.00000000E+00  0.00000000E+00  0.00000000E+00  0.00000000E+00  0.00000000E+00  0.00000000E+00  0.00000000E+00  0.00000000E+00  0.00000000E+00  0.00000000E+00  0.00000000E+00  0.00000000E+00  0.00000000E+00  0.00000000E+00  0.00000000E+00  0.00000000E+00  0.00000000E+00  0.00000000E+00  0.00000000E+00  0.00000000E+00  0.00000000E+00  0.00000000E+00  0.00000000E+00  0.00000000E+00  0.00000000E+00  0.00000000E+00  0.00000000E+00  0.00000000E+00  0.00000000E+00  0.00000000E+00  0.00000000E+00  0.00000000E+00  0.00000000E+00  0.00000000E+00  0.00000000E+00  0.00000000E+00  0.00000000E+00  0.00000000E+00  0.00000000E+00  0.00000000E+00  0.00000000E+00  0.00000000E+00  0.00000000E+00  0.00000000E+00  0.00000000E+00  0.00000000E+00  0.00000000E+00  0.00000000E+00  0.00000000E+00  0.00000000E+00  0.00000000E+00  0.00000000E+00  0.00000000E+00  0.00000000E+00  0.00000000E+00  0.00000000E+00  0.00000000E+00  0.00000000E+00  0.00000000E+00  0.00000000E+00  0.00000000E+00  0.00000000E+00  0.00000000E+00  0.00000000E+00  0.00000000E+00  0.00000000E+00  0.00000000E+00  0.00000000E+00  0.00000000E+00  0.00000000E+00  0.00000000E+00  0.00000000E+00  0.00000000E+00  0.00000000E+00  0.00000000E+00  0.00000000E+00  0.00000000E+00  0.00000000E+00  0.00000000E+00  0.00000000E+00  0.00000000E+00  0.00000000E+00  0.00000000E+00  0.00000000E+00  0.00000000E+00  0.00000000E+00  0.00000000E+00
  2.62501521E-01  2.62576479E-01  2.59911997E-01  2.59605170E-01  2.59500284E-01  2.57827230E-01  2.56507871E-01  2.54762991E-01  2.52853843E-01  2.50721883E-01  2.48122632E-01  2.45781631E-01  2.42801537E-01  2.39570812E-01  2.36848710E-01  2.33406078E-01  2.29772041E-01  2.25695639E-01  2.21623490E-01  2.17256237E-01  2.13115476E-01  2.08618828E-01  2.03831020E-01  1.98994454E-01  1.94219645E-01  1.89319417E-01  1.84286266E-01  1.79185491E-01  1.73782906E-01  1.68313566E-01  1.63035122E-01  1.57670600E-01  1.52044596E-01  1.46527319E-01  1.41258877E-01  1.35560510E-01  1.30258307E-01  1.24704822E-01  1.19124301E-01  1.13959228E-01  1.08489364E-01  1.03268470E-01  9.78858492E-02  9.29098555E-02  8.78116986E-02  8.30075241E-02  7.82036698E-02  7.34834338E-02  6.89895194E-02  6.46225621E-02  6.03185701E-02  5.62428501E-02  5.22422779E-02  4.83765530E-02  4.47428211E-02  4.12304143E-02  3.78270254E-02  3.48331687E-02  3.18170331E-02  2.89278220E-02  2.62263261E-02  2.37028774E-02  2.13839028E-02  1.91789811E-02  1.71544925E-02  1.52800715E-02  1.36016362E-02  1.19800629E-02  1.05694721E-02  9.22819502E-03  8.01820648E-03  6.92097767E-03  5.96443003E-03  5.12132311E-03  4.34032478E-03  3.68327236E-03  3.08270609E-03  2.57749461E-03  2.12185080E-03  1.72767393E-03  1.39685295E-03  1.13750498E-03  9.10677370E-04  7.21749296E-04  5.61103914E-04  4.28221512E-04  3.35580133E-04  2.56645181E-04  1.87748711E-04  1.33308237E-04  1.00984134E-04  7.12576669E-05  5.03548775E-05  3.64762116E-05  2.35654265E-05  1.56377964E-05  9.75627622E-06  6.72912087E-06  3.83556781E-06  2.25841098E-06  1.54780342E-06  8.48015935E-07  4.10418292E-07  2.73829112E-07  3.43840137E-08  4.01809032E-08  2.69148272E-08  6.38444739E-09  0.00000000E+00  0.00000000E+00  0.00000000E+00  0.00000000E+00  0.00000000E+00  0.00000000E+00  0.00000000E+00  0.00000000E+00  0.00000000E+00  0.00000000E+00  0.00000000E+00  0.00000000E+00  0.00000000E+00  0.00000000E+00  0.00000000E+00  0.00000000E+00  0.00000000E+00  0.00000000E+00  0.00000000E+00  0.00000000E+00  0.00000000E+00  0.00000000E+00  0.00000000E+00  0.00000000E+00  0.00000000E+00  0.00000000E+00  0.00000000E+00  0.00000000E+00  0.00000000E+00  0.00000000E+00  0.00000000E+00  0.00000000E+00  0.00000000E+00  0.00000000E+00  0.00000000E+00  0.00000000E+00  0.00000000E+00  0.00000000E+00  0.00000000E+00  0.00000000E+00  0.00000000E+00  0.00000000E+00  0.00000000E+00  0.00000000E+00  0.00000000E+00  0.00000000E+00  0.00000000E+00  0.00000000E+00  0.00000000E+00  0.00000000E+00  0.00000000E+00  0.00000000E+00  0.00000000E+00  0.00000000E+00  0.00000000E+00  0.00000000E+00  0.00000000E+00  0.00000000E+00  0.00000000E+00  0.00000000E+00  0.00000000E+00  0.00000000E+00  0.00000000E+00  0.00000000E+00  0.00000000E+00  0.00000000E+00  0.00000000E+00  0.00000000E+00  0.00000000E+00  0.00000000E+00  0.00000000E+00  0.00000000E+00  0.00000000E+00  0.00000000E+00  0.00000000E+00  0.00000000E+00  0.00000000E+00  0.00000000E+00  0.00000000E+00  0.00000000E+00  0.00000000E+00  0.00000000E+00  0.00000000E+00  0.00000000E+00  0.00000000E+00  0.00000000E+00  0.00000000E+00  0.00000000E+00  0.00000000E+00  0.00000000E+00  0.00000000E+00  0.00000000E+00
  2.64733460E-01  2.60845936E-01  2.61047684E-01  2.60950962E-01  2.59461249E-01  2.58552198E-01  2.57478810E-01  2.55595612E-01  2.53217459E-01  2.51068706E-01  2.48557533E-01  2.46038546E-01  2.42968785E-01  2.40258031E-01  2.36645156E-01  2.33085056E-01  2.29866941E-01  2.25697900E-01  2.21926144E-01  2.17187420E-01  2.12827350E-01  2.08765665E-01  2.03925880E-01  1.99047908E-01  1.94138192E-01  1.89250145E-01  1.84197851E-01  1.78848006E-01  1.73727979E-01  1.68463006E-01  1.62973997E-01  1.57480142E-01  1.52158218E-01  1.46633192E-01  1.40997542E-01  1.35633196E-01  1.30077722E-01  1.24668125E-01  1.19242475E-01  1.13776996E-01  1.08473581E-01  1.03195233E-01  9.80171844E-02  9.27587324E-02  8.78796410E-02  8.29330936E-02  7.82297034E-02  7.35175029E-02  6.87966824E-02  6.44827575E-02  6.02272577E-02  5.61259031E-02  5.22811229E-02  4.83524504E-02  4.47708653E-02  4.12160214E-02  3.79660052E-02  3.47950804E-02  3.17233171E-02  2.88895158E-02  2.62532674E-02  2.36718059E-02  2.14206628E-02  1.92202403E-02  1.72149175E-02  1.52944829E-02  1.35664359E-02  1.19795886E-02  1.05316990E-02  9.23491366E-03  7.98786488E-03  6.96127481E-03  6.01073894E-03  5.14347182E-03  4.33697144E-03  3.69196389E-03  3.09424675E-03  2.56463644E-03  2.11957093E-03  1.74189055E-03  1.41371952E-03  1.13409439E-03  9.10242329E-04  7.17047259E-04  5.63587404E-04  4.44129119E-04  3.29993362E-04  2.49713614E-04  1.92244856E-04  1.35359778E-04  1.02110542E-04  7.04947860E-05  5.14612951E-05  3.46091574E-05  2.35547460E-05  1.53089001E-05  9.74414363E-06  6.13078356E-06  4.11714882E-06  2.95833174E-06  1.23446663E-06  1.13161601E-06  4.76195504E-07  2.79290091E-07  2.10553792E-07  5.96973418E-08  4.54898488E-08  1.80266749E-08  0.00000000E+00  0.00000000E+00  0.00000000E+00  0.00000000E+00  0.00000000E+00  0.00000000E+00  0.00000000E+00  0.00000000E+00  0.00000000E+00  0.00000000E+00  0.00000000E+00  0.00000000E+00  0.00000000E+00  0.00000000E+00  0.00000000E+00  0.00000000E+00  0.00000000E+00  0.00000000E+00  0.00000000E+00  0.00000000E+00  0.00000000E+00  0.00000000E+00  0.00000000E+00  0.00000000E+00  0.00000000E+00  0.00000000E+00  0.00000000E+00  0.00000000E+00  0.00000000E+00  0.00000000E+00  0.00000000E+00  0.00000000E+00  0.00000000E+00  0.00000000E+00  0.00000000E+00  0.00000000E+00  0.00000000E+00  0.00000000E+00  0.00000000E+00  0.00000000E+00  0.00000000E+00  0.00000000E+00  0.00000000E+00  0.00000000E+00  0.00000000E+00  0.00000000E+00  0.00000000E+00  0.00000000E+00  0.00000000E+00  0.00000000E+00  0.00000000E+00  0.00000000E+00  0.00000000E+00  0.00000000E+00  0.00000000E+00  0.00000000E+00  0.00000000E+00  0.00000000E+00  0.00000000E+00  0.00000000E+00  0.00000000E+00  0.00000000E+00  0.00000000E+00  0.00000000E+00  0.00000000E+00  0.00000000E+00  0.00000000E+00  0.00000000E+00  0.00000000E+00  0.00000000E+00  0.00000000E+00  0.00000000E+00  0.00000000E+00  0.00000000E+00  0.00000000E+00  0.00000000E+00  0.00000000E+00  0.00000000E+00  0.00000000E+00  0.00000000E+00  0.00000000E+00  0.00000000E+00  0.00000000E+00  0.00000000E+00  0.00000000E+00  0.00000000E+00  0.00000000E+00  0.00000000E+00  0.00000000E+00  0.00000000E+00  0.00000000E+00  0.00000000E+00
  2.67624274E-01  2.69363671E-01  2.68654719E-01  2.67919141E-01  2.67512721E-01  2.66011102E-01  2.64690560E-01  2.62582088E-01  2.60897959E-01  2.58022710E-01  2.56275483E-01  2.53291328E-01  2.50655443E-01  2.47532864E-01  2.43644098E-01  2.40037823E-01  2.36651787E-01  2.32609981E-01  2.28305591E-01  2.24011803E-01  2.19616398E-01  2.15256150E-01  2.10614509E-01  2.05377193E-01  2.00535245E-01  1.95408314E-01  1.90114203E-01  1.84610770E-01  1.79421480E-01  1.73663359E-01  1.68274527E-01  1.62420018E-01  1.57071310E-01  1.51298555E-01  1.45826437E-01  1.39847550E-01  1.34487732E-01  1.28672088E-01  1.23245930E-01  1.17651687E-01  1.12154029E-01  1.06801142E-01  1.01536878E-01  9.62195198E-02  9.09369592E-02  8.60526824E-02  8.11539386E-02  7.62992888E-02  7.15430195E-02  6.69391237E-02  6.25358375E-02  5.83392512E-02  5.42247772E-02  5.03935539E-02  4.66510095E-02  4.28642257E-02  3.94344172E-02  3.61873344E-02  3.31190841E-02  3.02002078E-02  2.74073116E-02  2.47868944E-02  2.23618567E-02  2.01496843E-02  1.80230446E-02  1.59941313E-02  1.42258232E-02  1.25695084E-02  1.10827600E-02  9.67650988E-03  8.41879761E-03  7.29914981E-03  6.28203538E-03  5.39461627E-03  4.57693971E-03  3.87573672E-03  3.24369845E-03  2.71036408E-03  2.24572518E-03  1.85051016E-03  1.49578901E-03  1.20367087E-03  9.70590754E-04  7.57816937E-04  6.02044233E-04  4.61776746E-04  3.45122917E-04  2.65761925E-04  2.02577868E-04  1.44489769E-04  1.07236255E-04  7.56394890E-05  5.35314090E-05  3.67236265E-05  2.57826956E-05  1.66109577E-05  1.06536696E-05  7.44257083E-06  4.70162411E-06  2.40082964E-06  1.83703739E-06  8.38867545E-07  4.90375022E-07  3.64325342E-07  1.54921230E-07  3.21447225E-08  8.33980561E-09  1.91533421E-08  4.61397038E-08  3.31826637E-08  0.00000000E+00  0.00000000E+00  0.00000000E+00  0.00000000E+00  0.00000000E+00  0.00000000E+00  0.00000000E+00  0.00000000E+00  0.00000000E+00  0.00000000E+00  0.00000000E+00  0.00000000E+00  0.00000000E+00  0.00000000E+00  0.00000000E+00  0.00000000E+00  0.00000000E+00  0.00000000E+00  0.00000000E+00  0.00000000E+00  0.00000000E+00  0.00000000E+00  0.00000000E+00  0.00000000E+00  0.00000000E+00  0.00000000E+00  0.00000000E+00  0.00000000E+00  0.00000000E+00  0.00000000E+00  0.00000000E+00  0.00000000E+00  0.00000000E+00  0.00000000E+00  0.00000000E+00  0.00000000E+00  0.00000000E+00  0.00000000E+00  0.00000000E+00  0.00000000E+00  0.00000000E+00  0.00000000E+00  0.00000000E+00  0.00000000E+00  0.00000000E+00  0.00000000E+00  0.00000000E+00  0.00000000E+00  0.00000000E+00  0.00000000E+00  0.00000000E+00  0.00000000E+00  0.00000000E+00  0.00000000E+00  0.00000000E+00  0.00000000E+00  0.00000000E+00  0.00000000E+00  0.00000000E+00  0.00000000E+00  0.00000000E+00  0.00000000E+00  0.00000000E+00  0.00000000E+00  0.00000000E+00  0.00000000E+00  0.00000000E+00  0.00000000E+00  0.00000000E+00  0.00000000E+00  0.00000000E+00  0.00000000E+00  0.00000000E+00  0.00000000E+00  0.00000000E+00  0.00000000E+00  0.00000000E+00  0.00000000E+00  0.00000000E+00  0.00000000E+00  0.00000000E+00  0.00000000E+00  0.00000000E+00  0.00000000E+00  0.00000000E+00  0.00000000E+00  0.00000000E+00  0.00000000E+00  0.00000000E+00  0.00000000E+00
  2.70376207E-01  2.70467206E-01  2.69007201E-01  2.67352050E-01  2.66920496E-01  2.66497242E-01  2.64427146E-01  2.62456891E-01  2.60561084E-01  2.58511745E-01  2.55728524E-01  2.53661313E-01  2.50484559E-01  2.47026937E-01  2.43989067E-01  2.40315980E-01  2.36497717E-01  2.32425343E-01  2.28213097E-01  2.23953586E-01  2.19436024E-01  2.15354234E-01  2.10230535E-01  2.05002613E-01  2.00037840E-01  1.94960950E-01  1.89818428E-01  1.84317608E-01  1.79167142E-01  1.73673798E-01  1.68006889E-01  1.62536153E-01  1.56837855E-01  1.51365931E-01  1.45640633E-01  1.39995514E-01  1.34338594E-01  1.28746025E-01  1.23129742E-01  1.17796740E-01  1.12138806E-01  1.06662201E-01  1.01372182E-01  9.61945410E-02  9.11531865E-02  8.61106614E-02  8.11201701E-02  7.62506526E-02  7.16407278E-02  6.71209277E-02  6.26454846E-02  5.84584881E-02  5.43930364E-02  5.04435377E-02  4.66255394E-02  4.29582545E-02  3.95761960E-02  3.63139024E-02  3.31850938E-02  3.02751400E-02  2.74658780E-02  2.48167514E-02  2.24025371E-02  2.01328265E-02  1.80215367E-02  1.60821508E-02  1.42641313E-02  1.25706532E-02  1.10942853E-02  9.67911055E-03  8.43230026E-03  7.30666187E-03  6.30708121E-03  5.38724105E-03  4.58957269E-03  3.89380638E-03  3.25966475E-03  2.71216546E-03  2.27036048E-03  1.84894757E-03  1.50455456E-03  1.20937648E-03  9.79813731E-04  7.60044421E-04  6.10197992E-04  4.59935205E-04  3.58853213E-04  2.71150581E-04  1.98939805E-04  1.45565159E-04  1.06615727E-04  7.56174277E-05  5.56438593E-05  3.71718232E-05  2.55669498E-05  1.61932847E-05  1.05783638E-05  6.36183700E-06  3.93475647E-06  2.55582658E-06  1.34855336E-06  9.58592122E-07  2.53655835E-07  2.14538478E-07  8.11308189E-08  3.75021762E-08  2.31240065E-08  6.00889165E-09  2.23256631E-08  0.00000000E+00  0.00000000E+00  0.00000000E+00  0.00000000E+00  0.00000000E+00  0.00000000E+00  0.00000000E+00  0.00000000E+00  0.00000000E+00  0.00000000E+00  0.00000000E+00  0.00000000E+00  0.00000000E+00  0.00000000E+00  0.00000000E+00  0.00000000E+00  0.00000000E+00  0.00000000E+00  0.00000000E+00  0.00000000E+00  0.00000000E+00  0.00000000E+00  0.00000000E+00  0.00000000E+00  0.00000000E+00  0.00000000E+00  0.00000000E+00  0.00000000E+00  0.00000000E+00  0.00000000E+00  0.00000000E+00  0.00000000E+00  0.00000000E+00  0.00000000E+00  0.00000000E+00  0.00000000E+00  0.00000000E+00  0.00000000E+00  0.00000000E+00  0.00000000E+00  0.00000000E+00  0.00000000E+00  0.00000000E+00  0.00000000E+00  0.00000000E+00  0.00000000E+00  0.00000000E+00  0.00000000E+00  0.00000000E+00  0.00000000E+00  0.00000000E+00  0.00000000E+00  0.00000000E+00  0.00000000E+00  0.00000000E+00  0.00000000E+00  0.00000000E+00  0.00000000E+00  0.00000000E+00  0.00000000E+00  0.00000000E+00  0.00000000E+00  0.00000000E+00  0.00000000E+00  0.00000000E+00  0.00000000E+00  0.00000000E+00  0.00000000E+00  0.00000000E+00  0.00000000E+00  0.00000000E+00  0.00000000E+00  0.00000000E+00  0.00000000E+00  0.00000000E+00  0.00000000E+00  0.00000000E+00  0.00000000E+00  0.00000000E+00  0.00000000E+00  0.00000000E+00  0.00000000E+00  0.00000000E+00  0.00000000E+00  0.00000000E+00  0.00000000E+00  0.00000000E+00  0.00000000E+00  0.00000000E+00  0.00000000E+00  0.00000000E+00
  2.68692685E-01  2.68760645E-01  2.69163732E-01  2.67945383E-01  2.67279423E-01  2.65847132E-01  2.64208490E-01  2.62293620E-01  2.60820829E-01  2.57817746E-01  2.55802951E-01  2.53184728E-01  2.50166067E-01  2.47252573E-01  2.43890787E-01  2.40499085E-01  2.36328691E-01  2.31969183E-01  2.28399063E-01  2.24013055E-01  2.19772085E-01  2.15186143E-01  2.10369713E-01  2.05525026E-01  2.00334293E-01  1.95246008E-01  1.89944109E-01  1.84708641E-01  1.79205230E-01  1.73570603E-01  1.68435171E-01  1.62307725E-01  1.57036777E-01  1.51324790E-01  1.45817975E-01  1.39979868E-01  1.34240561E-01  1.28771768E-01  1.23385031E-01  1.17577296E-01  1.12217770E-01  1.06848064E-01  1.01334705E-01  9.61081286E-02  9.11608264E-02  8.61029348E-02  8.11355732E-02  7.63011120E-02  7.16131731E-02  6.70721654E-02  6.26157002E-02  5.83429012E-02  5.43455317E-02  5.03890480E-02  4.65596030E-02  4.29856793E-02  3.95450958E-02  3.61553764E-02  3.31326885E-02  3.01774955E-02  2.73574082E-02  2.49026130E-02  2.24074573E-02  2.00905177E-02  1.79548243E-02  1.60575688E-02  1.42469607E-02  1.25807193E-02  1.10793617E-02  9.71676594E-03  8.43753376E-03  7.31779050E-03  6.30259571E-03  5.39661016E-03  4.57730658E-03  3.89485285E-03  3.25351445E-03  2.71595993E-03  2.25236886E-03  1.84583713E-03  1.52291364E-03  1.21723297E-03  9.48983531E-04  7.70688671E-04  5.99008431E-04  4.68879427E-04  3.49989056E-04  2.66623815E-04  1.98538820E-04  1.47848559E-04  1.03700450E-04  7.50932504E-05  5.60650399E-05  3.58259379E-05  2.53089092E-05  1.64016984E-05  1.14155126E-05  6.92622022E-06  5.04591530E-06  3.26061635E-06  1.66349701E-06  8.55971057E-07  4.17508051E-07  4.95778919E-07  9.54252965E-08  7.53870279E-08  2.57775810E-08  6.76000312E-09  0.00000000E+00  3.68696263E-10  0.00000000E+00  0.00000000E+00  0.00000000E+00  0.00000000E+00  0.00000000E+00  0.00000000E+00  0.00000000E+00  0.00000000E+00  0.00000000E+00  0.00000000E+00  0.00000000E+00  0.00000000E+00  0.00000000E+00  0.00000000E+00  0.00000000E+00  0.00000000E+00  0.00000000E+00  0.00000000E+00  0.00000000E+00  0.00000000E+00  0.00000000E+00  0.00000000E+00  0.00000000E+00  0.00000000E+00  0.00000000E+00  0.00000000E+00  0.00000000E+00  0.00000000E+00  0.00000000E+00  0.00000000E+00  0.00000000E+00  0.00000000E+00  0.00000000E+00  0.00000000E+00  0.00000000E+00  0.00000000E+00  0.00000000E+00  0.00000000E+00  0.00000000E+00  0.00000000E+00  0.00000000E+00  0.00000000E+00  0.00000000E+00  0.00000000E+00  0.00000000E+00  0.00000000E+00  0.00000000E+00  0.00000000E+00  0.00000000E+00  0.00000000E+00  0.00000000E+00  0.00000000E+00  0.00000000E+00  0.00000000E+00  0.00000000E+00  0.00000000E+00  0.00000000E+00  0.00000000E+00  0.00000000E+00  0.00000000E+00  0.00000000E+00  0.00000000E+00  0.00000000E+00  0.00000000E+00  0.00000000E+00  0.00000000E+00  0.00000000E+00  0.00000000E+00  0.00000000E+00  0.00000000E+00  0.00000000E+00  0.00000000E+00  0.00000000E+00  0.00000000E+00  0.00000000E+00  0.00000000E+00  0.00000000E+00  0.00000000E+00  0.00000000E+00  0.00000000E+00  0.00000000E+00  0.00000000E+00  0.00000000E+00  0.00000000E+00  0.00000000E+00  0.00000000E+00  0.00000000E+00  0.00000000E+00  0.00000000E+00  0.00000000E+00
  2.67867476E-01  2.67433825E-01  2.67267948E-01  2.66263937E-01  2.64276859E-01  2.64185344E-01  2.61859590E-01  2.60621526E-01  2.59186656E-01  2.56566466E-01  2.54059078E-01  2.51185870E-01  2.48580426E-01  2.45232923E-01  2.41595575E-01  2.38423850E-01  2.34734612E-01  2.30870678E-01  2.26418894E-01  2.21607872E-01  2.17454029E-01  2.12864880E-01  2.08320289E-01  2.03161281E-01  1.98814786E-01  1.93558498E-01  1.88120163E-01  1.82737178E-01  1.77413074E-01  1.72039946E-01  1.66591165E-01  1.60993965E-01  1.55547521E-01  1.49820275E-01  1.44030318E-01  1.38606404E-01  1.33054692E-01  1.27446132E-01  1.21834848E-01  1.16417100E-01  1.10797487E-01  1.05738324E-01  1.00230562E-01  9.50683207E-02  8.99184646E-02  8.48025538E-02  8.00445494E-02  7.53278902E-02  7.07090355E-02  6.61404042E-02  6.19036171E-02  5.77169653E-02  5.35452047E-02  4.96788256E-02  4.59518971E-02  4.23201229E-02  3.89140469E-02  3.58735150E-02  3.27282622E-02  2.97341893E-02  2.70786082E-02  2.44331055E-02  2.20493142E-02  1.98316979E-02  1.77250073E-02  1.57483994E-02  1.40220909E-02  1.24545881E-02  1.08906023E-02  9.50758720E-03  8.28797780E-03  7.20366015E-03  6.22176882E-03  5.30753966E-03  4.49724815E-03  3.81749642E-03  3.20402705E-03  2.66257793E-03  2.21505102E-03  1.81005666E-03  1.47757537E-03  1.18707862E-03  9.64654811E-04  7.47592848E-04  5.88666927E-04  4.61578898E-04  3.50754495E-04  2.59850045E-04  1.94377514E-04  1.44021541E-04  1.02378649E-04  7.43528720E-05  5.41516139E-05  3.54787798E-05  2.39110470E-05  1.49094051E-05  9.88596943E-06  6.80655276E-06  4.33847887E-06  3.00864488E-06  1.07900337E-06  1.08786284E-06  4.36414076E-07  2.14538478E-07  8.46078539E-08  1.56896860E-08  1.35332300E-07  0.00000000E+00  1.93489080E-08  0.00000000E+00  0.00000000E+00  0.00000000E+00  0.00000000E+00  0.00000000E+00  0.00000000E+00  0.00000000E+00  0.00000000E+00  0.00000000E+00  0.00000000E+00  0.00000000E+00  0.00000000E+00  0.00000000E+00  0.00000000E+00  0.00000000E+00  0.00000000E+00  0.00000000E+00  0.00000000E+00  0.00000000E+00  0.00000000E+00  0.00000000E+00  0.00000000E+00  0.00000000E+00  0.00000000E+00  0.00000000E+00  0.00000000E+00  0.00000000E+00  0.00000000E+00  0.00000000E+00  0.00000000E+00  0.00000000E+00  0.00000000E+00  0.00000000E+00  0.00000000E+00  0.00000000E+00  0.00000000E+00  0.00000000E+00  0.00000000E+00  0.00000000E+00  0.00000000E+00  0.00000000E+00  0.00000000E+00  0.00000000E+00  0.00000000E+00  0.00000000E+00  0.00000000E+00  0.00000000E+00  0.00000000E+00  0.00000000E+00  0.00000000E+00  0.00000000E+00  0.00000000E+00  0.00000000E+00  0.00000000E+00  0.00000000E+00  0.00000000E+00  0.00000000E+00  0.00000000E+00  0.00000000E+00  0.00000000E+00  0.00000000E+00  0.00000000E+00  0.00000000E+00  0.00000000E+00  0.00000000E+00  0.00000000E+00  0.00000000E+00  0.00000000E+00  0.00000000E+00  0.00000000E+00  0.00000000E+00  0.00000000E+00  0.00000000E+00  0.00000000E+00  0.00000000E+00  0.00000000E+00  0.00000000E+00  0.00000000E+00  0.00000000E+00  0.00000000E+00  0.00000000E+00  0.00000000E+00  0.00000000E+00  0.00000000E+00  0.00000000E+00  0.00000000E+00  0.00000000E+00  0.00000000E+00  0.00000000E+00  0.00000000E+00  0.00000000E+00
  2.65358745E-01  2.67713362E-01  2.66418581E-01  2.66324311E-01  2.63623600E-01  2.63455745E-01  2.61837801E-01  2.59766770E-01  2.57932485E-01  2.55905058E-01  2.52982066E-01  2.50478348E-01  2.47929797E-01  2.44632073E-01  2.40969393E-01  2.37662687E-01  2.33961520E-01  2.30173534E-01  2.25843027E-01  2.21501119E-01  2.16971067E-01  2.12509533E-01  2.07775346E-01  2.03035840E-01  1.98243522E-01  1.92621079E-01  1.87863583E-01  1.82348874E-01  1.77173361E-01  1.71372349E-01  1.65933142E-01  1.60494296E-01  1.55060336E-01  1.49225893E-01  1.43993051E-01  1.38137440E-01  1.32629110E-01  1.27187566E-01  1.21425885E-01  1.16030539E-01  1.10435770E-01  1.05142677E-01  1.00166558E-01  9.46854739E-02  8.96539557E-02  8.46108468E-02  7.98308769E-02  7.51282763E-02  7.04472661E-02  6.59758013E-02  6.15752636E-02  5.74348629E-02  5.32708334E-02  4.94190502E-02  4.56080538E-02  4.20686896E-02  3.88191607E-02  3.55971126E-02  3.25598961E-02  2.95959853E-02  2.68600956E-02  2.43419883E-02  2.19400940E-02  1.97729070E-02  1.76404804E-02  1.57315170E-02  1.39483469E-02  1.23578939E-02  1.08196138E-02  9.49105839E-03  8.27299827E-03  7.16452900E-03  6.16248343E-03  5.28411992E-03  4.48364027E-03  3.82499978E-03  3.17669584E-03  2.65730714E-03  2.20059107E-03  1.80018451E-03  1.46032915E-03  1.18233847E-03  9.51089738E-04  7.48250892E-04  5.87109370E-04  4.49696238E-04  3.51845246E-04  2.62575518E-04  1.97225011E-04  1.40318121E-04  1.03878445E-04  7.47601242E-05  5.20461470E-05  3.52633173E-05  2.45792183E-05  1.48071006E-05  1.05532619E-05  5.93658273E-06  3.70113030E-06  1.68183857E-06  1.02798571E-06  9.47454952E-07  5.52607355E-07  1.12340148E-07  2.17507862E-07  1.25517488E-07  5.26924082E-08  4.88222447E-09  0.00000000E+00  0.00000000E+00  0.00000000E+00  0.00000000E+00  0.00000000E+00  0.00000000E+00  0.00000000E+00  0.00000000E+00  0.00000000E+00  0.00000000E+00  0.00000000E+00  0.00000000E+00  0.00000000E+00  0.00000000E+00  0.00000000E+00  0.00000000E+00  0.00000000E+00  0.00000000E+00  0.00000000E+00  0.00000000E+00  0.00000000E+00  0.00000000E+00  0.00000000E+00  0.00000000E+00  0.00000000E+00  0.00000000E+00  0.00000000E+00  0.00000000E+00  0.00000000E+00  0.00000000E+00  0.00000000E+00  0.00000000E+00  0.00000000E+00  0.00000000E+00  0.00000000E+00  0.00000000E+00  0.00000000E+00  0.00000000E+00  0.00000000E+00  0.00000000E+00  0.00000000E+00  0.00000000E+00  0.00000000E+00  0.00000000E+00  0.00000000E+00  0.00000000E+00  0.00000000E+00  0.00000000E+00  0.00000000E+00  0.00000000E+00  0.00000000E+00  0.00000000E+00  0.00000000E+00  0.00000000E+00  0.00000000E+00  0.00000000E+00  0.00000000E+00  0.00000000E+00  0.00000000E+00  0.00000000E+00  0.00000000E+00  0.00000000E+00  0.00000000E+00  0.00000000E+00  0.00000000E+00  0.00000000E+00  0.00000000E+00  0.00000000E+00  0.00000000E+00  0.00000000E+00  0.00000000E+00  0.00000000E+00  0.00000000E+00  0.00000000E+00  0.00000000E+00  0.00000000E+00  0.00000000E+00  0.00000000E+00  0.00000000E+00  0.00000000E+00  0.00000000E+00  0.00000000E+00  0.00000000E+00  0.00000000E+00  0.00000000E+00  0.00000000E+00  0.00000000E+00  0.00000000E+00  0.00000000E+00  0.00000000E+00  0.00000000E+00  0.00000000E+00
  2.67403680E-01  2.67460147E-01  2.68953748E-01  2.66632120E-01  2.65970752E-01  2.64761265E-01  2.62724711E-01  2.61838593E-01  2.59601934E-01  2.57644260E-01  2.54889431E-01  2.52182492E-01  2.49260870E-01  2.46141998E-01  2.42885933E-01  2.38926299E-01  2.35625698E-01  2.31299170E-01  2.27276654E-01  2.23273572E-01  2.18115578E-01  2.13805793E-01  2.09397994E-01  2.04139429E-01  1.99193388E-01  1.94080460E-01  1.88872302E-01  1.83989595E-01  1.78162580E-01  1.72824966E-01  1.67247387E-01  1.61811443E-01  1.55889588E-01  1.50472801E-01  1.44829805E-01  1.39220854E-01  1.33666001E-01  1.28063803E-01  1.22629419E-01  1.16961120E-01  1.11495447E-01  1.06253076E-01  1.00810857E-01  9.55910205E-02  9.05790352E-02  8.54770177E-02  8.07276842E-02  7.56980561E-02  7.10089255E-02  6.66155863E-02  6.22822367E-02  5.80032045E-02  5.38484802E-02  4.99989073E-02  4.62098409E-02  4.26264056E-02  3.92532452E-02  3.59502159E-02  3.28803489E-02  2.99088097E-02  2.71958191E-02  2.46193469E-02  2.21888142E-02  1.99119567E-02  1.78203152E-02  1.58691179E-02  1.41085088E-02  1.24378973E-02  1.09482185E-02  9.54864083E-03  8.38089867E-03  7.21531897E-03  6.24527493E-03  5.31430187E-03  4.51795722E-03  3.83252720E-03  3.23988446E-03  2.68755350E-03  2.23210662E-03  1.82708359E-03  1.47512545E-03  1.19573661E-03  9.49708274E-04  7.60316632E-04  5.93094973E-04  4.55188752E-04  3.48697144E-04  2.64361124E-04  1.94481523E-04  1.41851364E-04  1.00687476E-04  7.29665378E-05  5.45666842E-05  3.56743801E-05  2.45253887E-05  1.63467414E-05  9.73493960E-06  6.84340537E-06  3.96713623E-06  2.25759948E-06  1.43612697E-06  8.22161791E-07  4.54926226E-07  3.43261564E-07  7.34040742E-08  1.30492267E-07  1.19789935E-07  1.87777864E-09  2.08372856E-08  0.00000000E+00  0.00000000E+00  0.00000000E+00  0.00000000E+00  0.00000000E+00  0.00000000E+00  0.00000000E+00  0.00000000E+00  0.00000000E+00  0.00000000E+00  0.00000000E+00  0.00000000E+00  0.00000000E+00  0.00000000E+00  0.00000000E+00  0.00000000E+00  0.00000000E+00  0.00000000E+00  0.00000000E+00  0.00000000E+00  0.00000000E+00  0.00000000E+00  0.00000000E+00  0.00000000E+00  0.00000000E+00  0.00000000E+00  0.00000000E+00  0.00000000E+00  0.00000000E+00  0.00000000E+00  0.00000000E+00  0.00000000E+00  0.00000000E+00  0.00000000E+00  0.00000000E+00  0.00000000E+00  0.00000000E+00  0.00000000E+00  0.00000000E+00  0.00000000E+00  0.00000000E+00  0.00000000E+00  0.00000000E+00  0.00000000E+00  0.00000000E+00  0.00000000E+00  0.00000000E+00  0.00000000E+00  0.00000000E+00  0.00000000E+00  0.00000000E+00  0.00000000E+00  0.00000000E+00  0.00000000E+00  0.00000000E+00  0.00000000E+00  0.00000000E+00  0.00000000E+00  0.00000000E+00  0.00000000E+00  0.00000000E+00  0.00000000E+00  0.00000000E+00  0.00000000E+00  0.00000000E+00  0.00000000E+00  0.00000000E+00  0.00000000E+00  0.00000000E+00  0.00000000E+00  0.00000000E+00  0.00000000E+00  0.00000000E+00  0.00000000E+00  0.00000000E+00  0.00000000E+00  0.00000000E+00  0.00000000E+00  0.00000000E+00  0.00000000E+00  0.00000000E+00  0.00000000E+00  0.00000000E+00  0.00000000E+00  0.00000000E+00  0.00000000E+00  0.00000000E+00  0.00000000E+00  0.00000000E+00  0.00000000E+00  0.00000000E+00
  2.70869395E-01  2.70428018E-01  2.69718398E-01  2.68535464E-01  2.67390366E-01  2.65786970E-01  2.64625157E-01  2.62823374E-01  2.61011225E-01  2.58553069E-01  2.55966186E-01  2.53304556E-01  2.50201585E-01  2.46670507E-01  2.43597498E-01  2.40264293E-01  2.36527010E-01  2.32630979E-01  2.27959492E-01  2.24099042E-01  2.19610828E-01  2.15027998E-01  2.10216683E-01  2.05161776E-01  2.00578855E-01  1.95090833E-01  1.89674596E-01  1.84717294E-01  1.78971444E-01  1.73575256E-01  1.68356469E-01  1.62476175E-01  1.56750451E-01  1.51385879E-01  1.45622770E-01  1.40140965E-01  1.34383431E-01  1.28638915E-01  1.23242359E-01  1.17604774E-01  1.12341681E-01  1.06686667E-01  1.01395113E-01  9.61521260E-02  9.09774203E-02  8.60333117E-02  8.10177088E-02  7.62756273E-02  7.15699282E-02  6.70622379E-02  6.26961393E-02  5.85361980E-02  5.43284177E-02  5.03971700E-02  4.66736031E-02  4.30237703E-02  3.95432501E-02  3.62230592E-02  3.31967479E-02  3.01901859E-02  2.74489217E-02  2.48175510E-02  2.24223259E-02  2.00380166E-02  1.79996331E-02  1.60342016E-02  1.42713097E-02  1.26138784E-02  1.10913779E-02  9.67048425E-03  8.47452676E-03  7.33484847E-03  6.30209120E-03  5.41011426E-03  4.59307126E-03  3.90213054E-03  3.26208286E-03  2.71254314E-03  2.23911853E-03  1.85335043E-03  1.50750399E-03  1.20908025E-03  9.71949219E-04  7.74027721E-04  6.11980104E-04  4.70354549E-04  3.52485134E-04  2.67807760E-04  1.99493612E-04  1.46999614E-04  1.03853017E-04  7.69728760E-05  5.37007542E-05  3.57698054E-05  2.49397916E-05  1.57582790E-05  1.02558043E-05  6.24589621E-06  4.57989258E-06  2.78304723E-06  1.37185276E-06  8.38867546E-07  6.84555654E-07  3.57304083E-07  1.66125010E-07  5.93146666E-08  1.32678726E-08  4.05600187E-08  0.00000000E+00  0.00000000E+00  0.00000000E+00  0.00000000E+00  0.00000000E+00  0.00000000E+00  0.00000000E+00  0.00000000E+00  0.00000000E+00  0.00000000E+00  0.00000000E+00  0.00000000E+00  0.00000000E+00  0.00000000E+00  0.00000000E+00  0.00000000E+00  0.00000000E+00  0.00000000E+00  0.00000000E+00  0.00000000E+00  0.00000000E+00  0.00000000E+00  0.00000000E+00  0.00000000E+00  0.00000000E+00  0.00000000E+00  0.00000000E+00  0.00000000E+00  0.00000000E+00  0.00000000E+00  0.00000000E+00  0.00000000E+00  0.00000000E+00  0.00000000E+00  0.00000000E+00  0.00000000E+00  0.00000000E+00  0.00000000E+00  0.00000000E+00  0.00000000E+00  0.00000000E+00  0.00000000E+00  0.00000000E+00  0.00000000E+00  0.00000000E+00  0.00000000E+00  0.00000000E+00  0.00000000E+00  0.00000000E+00  0.00000000E+00  0.00000000E+00  0.00000000E+00  0.00000000E+00  0.00000000E+00  0.00000000E+00  0.00000000E+00  0.00000000E+00  0.00000000E+00  0.00000000E+00  0.00000000E+00  0.00000000E+00  0.00000000E+00  0.00000000E+00  0.00000000E+00  0.00000000E+00  0.00000000E+00  0.00000000E+00  0.00000000E+00  0.00000000E+00  0.00000000E+00  0.00000000E+00  0.00000000E+00  0.00000000E+00  0.00000000E+00  0.00000000E+00  0.00000000E+00  0.00000000E+00  0.00000000E+00  0.00000000E+00  0.00000000E+00  0.00000000E+00  0.00000000E+00  0.00000000E+00  0.00000000E+00  0.00000000E+00  0.00000000E+00  0.00000000E+00  0.00000000E+00  0.00000000E+00  0.00000000E+00  0.00000000E+00  0.00000000E+00
  2.68719088E-01  2.68941243E-01  2.68960837E-01  2.67031159E-01  2.66955297E-01  2.65148428E-01  2.64134330E-01  2.62625652E-01  2.60232397E-01  2.57865041E-01  2.55424367E-01  2.52266020E-01  2.49938510E-01  2.47191138E-01  2.43069370E-01  2.39789221E-01  2.36319717E-01  2.32219964E-01  2.28066402E-01  2.23609022E-01  2.18894438E-01  2.14720749E-01  2.10075575E-01  2.05448724E-01  2.00269763E-01  1.95436866E-01  1.89898434E-01  1.84243109E-01  1.78901793E-01  1.73731166E-01  1.68106567E-01  1.62675582E-01  1.57132109E-01  1.51310531E-01  1.45563464E-01  1.40078841E-01  1.34290957E-01  1.28614939E-01  1.23272268E-01  1.17870651E-01  1.12323307E-01  1.06807968E-01  1.01307723E-01  9.63778319E-02  9.10842017E-02  8.61598587E-02  8.13024503E-02  7.63024906E-02  7.16524224E-02  6.72190649E-02  6.27101129E-02  5.84637130E-02  5.44660624E-02  5.04440184E-02  4.66021213E-02  4.30710131E-02  3.96104938E-02  3.62922172E-02  3.31511762E-02  3.02451349E-02  2.74889449E-02  2.48953467E-02  2.24079140E-02  2.01449261E-02  1.80368600E-02  1.61207886E-02  1.42497315E-02  1.26000735E-02  1.11085570E-02  9.70864560E-03  8.48744645E-03  7.32573733E-03  6.33144377E-03  5.40035791E-03  4.63402876E-03  3.90082847E-03  3.29026849E-03  2.72413596E-03  2.24294387E-03  1.85990089E-03  1.50757019E-03  1.20303630E-03  9.62842710E-04  7.76056487E-04  6.07759413E-04  4.59549898E-04  3.57847874E-04  2.74245633E-04  1.96051251E-04  1.48191385E-04  1.03854801E-04  7.58755453E-05  5.10523352E-05  3.64356235E-05  2.53089092E-05  1.60503965E-05  1.00817643E-05  6.38378294E-06  3.89253981E-06  2.20566333E-06  1.43371669E-06  7.73635551E-07  1.95756133E-07  7.09927326E-08  1.89305244E-07  1.53070107E-08  2.65357452E-09  1.65244521E-08  0.00000000E+00  0.00000000E+00  0.00000000E+00  0.00000000E+00  0.00000000E+00  0.00000000E+00  0.00000000E+00  0.00000000E+00  0.00000000E+00  0.00000000E+00  0.00000000E+00  0.00000000E+00  0.00000000E+00  0.00000000E+00  0.00000000E+00  0.00000000E+00  0.00000000E+00  0.00000000E+00  0.00000000E+00  0.00000000E+00  0.00000000E+00  0.00000000E+00  0.00000000E+00  0.00000000E+00  0.00000000E+00  0.00000000E+00  0.00000000E+00  0.00000000E+00  0.00000000E+00  0.00000000E+00  0.00000000E+00  0.00000000E+00  0.00000000E+00  0.00000000E+00  0.00000000E+00  0.00000000E+00  0.00000000E+00  0.00000000E+00  0.00000000E+00  0.00000000E+00  0.00000000E+00  0.00000000E+00  0.00000000E+00  0.00000000E+00  0.00000000E+00  0.00000000E+00  0.00000000E+00  0.00000000E+00  0.00000000E+00  0.00000000E+00  0.00000000E+00  0.00000000E+00  0.00000000E+00  0.00000000E+00  0.00000000E+00  0.00000000E+00  0.00000000E+00  0.00000000E+00  0.00000000E+00  0.00000000E+00  0.00000000E+00  0.00000000E+00  0.00000000E+00  0.00000000E+00  0.00000000E+00  0.00000000E+00  0.00000000E+00  0.00000000E+00  0.00000000E+00  0.00000000E+00  0.00000000E+00  0.00000000E+00  0.00000000E+00  0.00000000E+00  0.00000000E+00  0.00000000E+00  0.00000000E+00  0.00000000E+00  0.00000000E+00  0.00000000E+00  0.00000000E+00  0.00000000E+00  0.00000000E+00  0.00000000E+00  0.00000000E+00  0.00000000E+00  0.00000000E+00  0.00000000E+00  0.00000000E+00  0.00000000E+00  0.00000000E+00  0.00000000E+00
  2.72516421E-01  2.70129748E-01  2.69644985E-01  2.68381023E-01  2.67856387E-01  2.66429894E-01  2.64259067E-01  2.62966259E-01  2.60436861E-01  2.57774922E-01  2.55415289E-01  2.53168396E-01  2.49749568E-01  2.47275133E-01  2.43762233E-01  2.40531359E-01  2.36307135E-01  2.31858365E-01  2.28347498E-01  2.24017328E-01  2.19410994E-01  2.14997011E-01  2.09703205E-01  2.05509661E-01  2.00035062E-01  1.94949958E-01  1.89803905E-01  1.84517144E-01  1.79171210E-01  1.73554680E-01  1.67915591E-01  1.62163105E-01  1.57154546E-01  1.51051152E-01  1.45701279E-01  1.39813724E-01  1.34393303E-01  1.28653243E-01  1.23196591E-01  1.17785372E-01  1.12040294E-01  1.06765286E-01  1.01462458E-01  9.60107860E-02  9.10621993E-02  8.59721216E-02  8.11334495E-02  7.63657585E-02  7.17200339E-02  6.72295470E-02  6.26497840E-02  5.84444033E-02  5.44508256E-02  5.04386546E-02  4.66865208E-02  4.30586854E-02  3.95861233E-02  3.63072413E-02  3.31767336E-02  3.02407924E-02  2.74490839E-02  2.48261132E-02  2.24718042E-02  2.02195334E-02  1.80524738E-02  1.60887583E-02  1.42661742E-02  1.26512003E-02  1.10890068E-02  9.69471282E-03  8.44602052E-03  7.35783524E-03  6.33159690E-03  5.42562434E-03  4.61281789E-03  3.91041086E-03  3.27982448E-03  2.71574010E-03  2.25699804E-03  1.85174621E-03  1.50915749E-03  1.22479174E-03  9.74693063E-04  7.77244446E-04  5.96778164E-04  4.72466654E-04  3.51661353E-04  2.69961561E-04  2.02843367E-04  1.53218292E-04  1.08982745E-04  7.76078012E-05  5.59223186E-05  3.84706435E-05  2.78752166E-05  1.63767564E-05  1.16012667E-05  6.82767055E-06  4.04788071E-06  2.23568891E-06  1.83101168E-06  8.19377498E-07  4.92344400E-07  3.83048701E-07  2.34120363E-07  3.48234494E-08  1.48979255E-07  4.50666875E-09  0.00000000E+00  0.00000000E+00  0.00000000E+00  0.00000000E+00  0.00000000E+00  0.00000000E+00  0.00000000E+00  0.00000000E+00  0.00000000E+00  0.00000000E+00  0.00000000E+00  0.00000000E+00  0.00000000E+00  0.00000000E+00  0.00000000E+00  0.00000000E+00  0.00000000E+00  0.00000000E+00  0.00000000E+00  0.00000000E+00  0.00000000E+00  0.00000000E+00  0.00000000E+00  0.00000000E+00  0.00000000E+00  0.00000000E+00  0.00000000E+00  0.00000000E+00  0.00000000E+00  0.00000000E+00  0.00000000E+00  0.00000000E+00  0.00000000E+00  0.00000000E+00  0.00000000E+00  0.00000000E+00  0.00000000E+00  0.00000000E+00  0.00000000E+00  0.00000000E+00  0.00000000E+00  0.00000000E+00  0.00000000E+00  0.00000000E+00  0.00000000E+00  0.00000000E+00  0.00000000E+00  0.00000000E+00  0.00000000E+00  0.00000000E+00  0.00000000E+00  0.00000000E+00  0.00000000E+00  0.00000000E+00  0.00000000E+00  0.00000000E+00  0.00000000E+00  0.00000000E+00  0.00000000E+00  0.00000000E+00  0.00000000E+00  0.00000000E+00  0.00000000E+00  0.00000000E+00  0.00000000E+00  0.00000000E+00  0.00000000E+00  0.00000000E+00  0.00000000E+00  0.00000000E+00  0.00000000E+00  0.00000000E+00  0.00000000E+00  0.00000000E+00  0.00000000E+00  0.00000000E+00  0.00000000E+00  0.00000000E+00  0.00000000E+00  0.00000000E+00  0.00000000E+00  0.00000000E+00  0.00000000E+00  0.00000000E+00  0.00000000E+00  0.00000000E+00  0.00000000E+00  0.00000000E+00  0.00000000E+00  0.00000000E+00  0.00000000E+00  0.00000000E+00
  2.61217603E-01  2.61773906E-01  2.61346568E-01  2.59732112E-01  2.58484402E-01  2.57617104E-01  2.55573179E-01  2.54514051E-01  2.52640748E-01  2.49841432E-01  2.47839669E-01  2.45066611E-01  2.42810432E-01  2.39847451E-01  2.36686878E-01  2.32507611E-01  2.29085934E-01  2.25366003E-01  2.21164429E-01  2.17254494E-01  2.13017368E-01  2.08448773E-01  2.03796545E-01  1.98975048E-01  1.94293889E-01  1.89220410E-01  1.84104036E-01  1.78946534E-01  1.73555193E-01  1.68348019E-01  1.62717823E-01  1.57508632E-01  1.52070967E-01  1.46528993E-01  1.41267951E-01  1.35634904E-01  1.30259973E-01  1.24833052E-01  1.19202154E-01  1.14022572E-01  1.08444711E-01  1.03299771E-01  9.79686646E-02  9.28391316E-02  8.79596407E-02  8.30562130E-02  7.81607034E-02  7.36703310E-02  6.91169899E-02  6.46687308E-02  6.05002316E-02  5.62233977E-02  5.22930654E-02  4.85206524E-02  4.48649645E-02  4.12570592E-02  3.79865029E-02  3.47620208E-02  3.18211711E-02  2.89200481E-02  2.62155331E-02  2.37722920E-02  2.14760523E-02  1.92438387E-02  1.72326456E-02  1.53563140E-02  1.35867130E-02  1.20028066E-02  1.05391935E-02  9.25572483E-03  8.01276797E-03  6.94660642E-03  5.99563137E-03  5.14897727E-03  4.35461330E-03  3.69332638E-03  3.09436285E-03  2.57658454E-03  2.13481312E-03  1.75502752E-03  1.43045018E-03  1.15128454E-03  9.11556751E-04  7.17682578E-04  5.73090886E-04  4.34561134E-04  3.33671670E-04  2.52936011E-04  1.88602230E-04  1.37835341E-04  1.02227421E-04  7.06103873E-05  4.87290764E-05  3.54360327E-05  2.41349101E-05  1.51579798E-05  1.00692134E-05  6.05790649E-06  4.30159053E-06  2.49861567E-06  1.53213658E-06  8.29321400E-07  4.63985363E-07  2.80070231E-07  1.47194486E-07  4.01809032E-08  3.03265659E-09  0.00000000E+00  0.00000000E+00  0.00000000E+00  0.00000000E+00  0.00000000E+00  0.00000000E+00  0.00000000E+00  0.00000000E+00  0.00000000E+00  0.00000000E+00  0.00000000E+00  0.00000000E+00  0.00000000E+00  0.00000000E+00  0.00000000E+00  0.00000000E+00  0.00000000E+00  0.00000000E+00  0.00000000E+00  0.00000000E+00  0.00000000E+00  0.00000000E+00  0.00000000E+00  0.00000000E+00  0.00000000E+00  0.00000000E+00  0.00000000E+00  0.00000000E+00  0.00000000E+00  0.00000000E+00  0.00000000E+00  0.00000000E+00  0.00000000E+00  0.00000000E+00  0.00000000E+00  0.00000000E+00  0.00000000E+00  0.00000000E+00  0.00000000E+00  0.00000000E+00  0.00000000E+00  0.00000000E+00  0.00000000E+00  0.00000000E+00  0.00000000E+00  0.00000000E+00  0.00000000E+00  0.00000000E+00  0.00000000E+00  0.00000000E+00  0.00000000E+00  0.00000000E+00  0.00000000E+00  0.00000000E+00  0.00000000E+00  0.00000000E+00  0.00000000E+00  0.00000000E+00  0.00000000E+00  0.00000000E+00  0.00000000E+00  0.00000000E+00  0.00000000E+00  0.00000000E+00  0.00000000E+00  0.00000000E+00  0.00000000E+00  0.00000000E+00  0.00000000E+00  0.00000000E+00  0.00000000E+00  0.00000000E+00  0.00000000E+00  0.00000000E+00  0.00000000E+00  0.00000000E+00  0.00000000E+00  0.00000000E+00  0.00000000E+00  0.00000000E+00  0.00000000E+00  0.00000000E+00  0.00000000E+00  0.00000000E+00  0.00000000E+00  0.00000000E+00  0.00000000E+00  0.00000000E+00  0.00000000E+00  0.00000000E+00  0.00000000E+00  0.00000000E+00  0.00000000E+00
  2.66651141E-01  2.65570000E-01  2.66667888E-01  2.64556030E-01  2.64301253E-01  2.62564670E-01  2.60673913E-01  2.59074720E-01  2.57281955E-01  2.55192930E-01  2.52320642E-01  2.49735021E-01  2.47242674E-01  2.43918217E-01  2.40447188E-01  2.36950107E-01  2.32976163E-01  2.29282508E-01  2.24969541E-01  2.21244025E-01  2.16565641E-01  2.11796721E-01  2.06973876E-01  2.02231704E-01  1.97292597E-01  1.92423789E-01  1.87095660E-01  1.81882754E-01  1.76522549E-01  1.70898218E-01  1.65435137E-01  1.60239510E-01  1.54602081E-01  1.49029105E-01  1.43354223E-01  1.37908236E-01  1.32413894E-01  1.26985220E-01  1.21383387E-01  1.15861858E-01  1.10648824E-01  1.05018285E-01  9.98412507E-02  9.47432109E-02  8.96174546E-02  8.45900902E-02  7.98870768E-02  7.48808871E-02  7.03596991E-02  6.59091267E-02  6.16227726E-02  5.74017294E-02  5.33127382E-02  4.93651846E-02  4.57642558E-02  4.21731286E-02  3.88023159E-02  3.55660260E-02  3.25075006E-02  2.96599926E-02  2.68855181E-02  2.42979714E-02  2.19728957E-02  1.97077844E-02  1.76435831E-02  1.57061207E-02  1.39853061E-02  1.23347627E-02  1.08079011E-02  9.45664498E-03  8.24945352E-03  7.11055668E-03  6.12867767E-03  5.24566797E-03  4.45408020E-03  3.78219183E-03  3.16299619E-03  2.64053208E-03  2.19972808E-03  1.79437344E-03  1.47194833E-03  1.18234838E-03  9.56577916E-04  7.44646400E-04  5.84465825E-04  4.48243310E-04  3.49084998E-04  2.60842510E-04  1.98037930E-04  1.41738592E-04  1.03967219E-04  7.32970166E-05  5.16153643E-05  3.61165317E-05  2.44032039E-05  1.65018892E-05  1.04612216E-05  6.71214383E-06  4.38069553E-06  2.37932483E-06  1.71411295E-06  8.23355059E-07  4.23416184E-07  1.41595395E-07  8.34488424E-08  6.46721204E-08  1.36469547E-08  2.47866781E-08  1.26512091E-08  0.00000000E+00  0.00000000E+00  0.00000000E+00  0.00000000E+00  0.00000000E+00  0.00000000E+00  0.00000000E+00  0.00000000E+00  0.00000000E+00  0.00000000E+00  0.00000000E+00  0.00000000E+00  0.00000000E+00  0.00000000E+00  0.00000000E+00  0.00000000E+00  0.00000000E+00  0.00000000E+00  0.00000000E+00  0.00000000E+00  0.00000000E+00  0.00000000E+00  0.00000000E+00  0.00000000E+00  0.00000000E+00  0.00000000E+00  0.00000000E+00  0.00000000E+00  0.00000000E+00  0.00000000E+00  0.00000000E+00  0.00000000E+00  0.00000000E+00  0.00000000E+00  0.00000000E+00  0.00000000E+00  0.00000000E+00  0.00000000E+00  0.00000000E+00  0.00000000E+00  0.00000000E+00  0.00000000E+00  0.00000000E+00  0.00000000E+00  0.00000000E+00  0.00000000E+00  0.00000000E+00  0.00000000E+00  0.00000000E+00  0.00000000E+00  0.00000000E+00  0.00000000E+00  0.00000000E+00  0.00000000E+00  0.00000000E+00  0.00000000E+00  0.00000000E+00  0.00000000E+00  0.00000000E+00  0.00000000E+00  0.00000000E+00  0.00000000E+00  0.00000000E+00  0.00000000E+00  0.00000000E+00  0.00000000E+00  0.00000000E+00  0.00000000E+00  0.00000000E+00  0.00000000E+00  0.00000000E+00  0.00000000E+00  0.00000000E+00  0.00000000E+00  0.00000000E+00  0.00000000E+00  0.00000000E+00  0.00000000E+00  0.00000000E+00  0.00000000E+00  0.00000000E+00  0.00000000E+00  0.00000000E+00  0.00000000E+00  0.00000000E+00  0.00000000E+00  0.00000000E+00  0.00000000E+00  0.00000000E+00  0.00000000E+00  0.00000000E+00
  2.69388137E-01  2.71282430E-01  2.68890283E-01  2.69107204E-01  2.68818628E-01  2.65914531E-01  2.65146797E-01  2.62754106E-01  2.61466752E-01  2.58871003E-01  2.56667302E-01  2.53962146E-01  2.50341722E-01  2.47377619E-01  2.44032490E-01  2.40487645E-01  2.36696409E-01  2.32842416E-01  2.28678277E-01  2.24310249E-01  2.19943013E-01  2.15201944E-01  2.10537986E-01  2.05301854E-01  2.00242627E-01  1.95389067E-01  1.90335988E-01  1.85112686E-01  1.79522973E-01  1.73831543E-01  1.68287504E-01  1.62774049E-01  1.57288793E-01  1.51320168E-01  1.45766835E-01  1.39873441E-01  1.34091738E-01  1.28867228E-01  1.23096754E-01  1.17522474E-01  1.12081894E-01  1.06748850E-01  1.01420266E-01  9.61104061E-02  9.10567758E-02  8.58937001E-02  8.11070244E-02  7.62463511E-02  7.15326542E-02  6.69069858E-02  6.25368465E-02  5.84360411E-02  5.42249871E-02  5.02510942E-02  4.63661970E-02  4.28561673E-02  3.94342865E-02  3.61356291E-02  3.30960795E-02  3.01062015E-02  2.73464283E-02  2.47951375E-02  2.22894250E-02  2.00425955E-02  1.79639190E-02  1.59938940E-02  1.42211127E-02  1.25550767E-02  1.09859816E-02  9.65597406E-03  8.41028221E-03  7.27255608E-03  6.29092674E-03  5.37522715E-03  4.58593377E-03  3.84082890E-03  3.25677589E-03  2.69471007E-03  2.25569738E-03  1.85560061E-03  1.48697934E-03  1.18935829E-03  9.63856664E-04  7.45932026E-04  5.89102660E-04  4.61540651E-04  3.51712694E-04  2.68121048E-04  1.95036243E-04  1.41352011E-04  1.03281560E-04  7.70381776E-05  5.25227577E-05  3.73419479E-05  2.43587731E-05  1.77836550E-05  1.04758643E-05  6.55272524E-06  4.40815685E-06  2.78791625E-06  1.43210984E-06  9.68536023E-07  3.60002225E-07  1.02978469E-07  7.64947721E-08  1.60723613E-08  1.05763899E-07  1.80266750E-08  0.00000000E+00  0.00000000E+00  0.00000000E+00  0.00000000E+00  0.00000000E+00  0.00000000E+00  0.00000000E+00  0.00000000E+00  0.00000000E+00  0.00000000E+00  0.00000000E+00  0.00000000E+00  0.00000000E+00  0.00000000E+00  0.00000000E+00  0.00000000E+00  0.00000000E+00  0.00000000E+00  0.00000000E+00  0.00000000E+00  0.00000000E+00  0.00000000E+00  0.00000000E+00  0.00000000E+00  0.00000000E+00  0.00000000E+00  0.00000000E+00  0.00000000E+00  0.00000000E+00  0.00000000E+00  0.00000000E+00  0.00000000E+00  0.00000000E+00  0.00000000E+00  0.00000000E+00  0.00000000E+00  0.00000000E+00  0.00000000E+00  0.00000000E+00  0.00000000E+00  0.00000000E+00  0.00000000E+00  0.00000000E+00  0.00000000E+00  0.00000000E+00  0.00000000E+00  0.00000000E+00  0.00000000E+00  0.00000000E+00  0.00000000E+00  0.00000000E+00  0.00000000E+00  0.00000000E+00  0.00000000E+00  0.00000000E+00  0.00000000E+00  0.00000000E+00  0.00000000E+00  0.00000000E+00  0.00000000E+00  0.00000000E+00  0.00000000E+00  0.00000000E+00  0.00000000E+00  0.00000000E+00  0.00000000E+00  0.00000000E+00  0.00000000E+00  0.00000000E+00  0.00000000E+00  0.00000000E+00  0.00000000E+00  0.00000000E+00  0.00000000E+00  0.00000000E+00  0.00000000E+00  0.00000000E+00  0.00000000E+00  0.00000000E+00  0.00000000E+00  0.00000000E+00  0.00000000E+00  0.00000000E+00  0.00000000E+00  0.00000000E+00  0.00000000E+00  0.00000000E+00  0.00000000E+00  0.00000000E+00  0.00000000E+00  0.00000000E+00  0.00000000E+00
  2.70085204E-01  2.69827495E-01  2.67822356E-01  2.68114278E-01  2.67662834E-01  2.65682839E-01  2.64045368E-01  2.62303805E-01  2.60841049E-01  2.58007904E-01  2.55653247E-01  2.53026030E-01  2.49722602E-01  2.46792835E-01  2.43471180E-01  2.40042871E-01  2.36453204E-01  2.32012151E-01  2.28246275E-01  2.23849117E-01  2.19040114E-01  2.14774883E-01  2.09850487E-01  2.04986223E-01  2.00163393E-01  1.94893761E-01  1.89637809E-01  1.84755255E-01  1.79064684E-01  1.73597756E-01  1.68153720E-01  1.62680140E-01  1.56947423E-01  1.51305454E-01  1.45604719E-01  1.40109466E-01  1.34226411E-01  1.29029298E-01  1.23316761E-01  1.17585138E-01  1.12279477E-01  1.06867384E-01  1.01591149E-01  9.62964915E-02  9.11963023E-02  8.59654455E-02  8.12388488E-02  7.63318102E-02  7.15254546E-02  6.71928833E-02  6.26817356E-02  5.84871853E-02  5.43266913E-02  5.04564455E-02  4.65852427E-02  4.30306634E-02  3.95495467E-02  3.63881234E-02  3.32341243E-02  3.01479111E-02  2.74893540E-02  2.48941854E-02  2.24552257E-02  2.01722832E-02  1.80717335E-02  1.60604152E-02  1.42985485E-02  1.25426594E-02  1.11162531E-02  9.73327906E-03  8.45277328E-03  7.33466779E-03  6.29954079E-03  5.38673132E-03  4.62072327E-03  3.87545385E-03  3.27288521E-03  2.73049707E-03  2.23282509E-03  1.86736696E-03  1.51203069E-03  1.21484878E-03  9.68212462E-04  7.72875058E-04  5.95165185E-04  4.72402909E-04  3.60367289E-04  2.75836991E-04  2.04028076E-04  1.49473824E-04  1.06792830E-04  7.88502955E-05  5.49084298E-05  3.59908812E-05  2.41041503E-05  1.64676468E-05  1.17205008E-05  7.30344188E-06  4.14502001E-06  2.55339208E-06  1.45540924E-06  8.13808913E-07  7.27488086E-07  3.47162264E-07  1.03924716E-07  8.76326365E-08  0.00000000E+00  0.00000000E+00  2.97675508E-09  0.00000000E+00  0.00000000E+00  0.00000000E+00  0.00000000E+00  0.00000000E+00  0.00000000E+00  0.00000000E+00  0.00000000E+00  0.00000000E+00  0.00000000E+00  0.00000000E+00  0.00000000E+00  0.00000000E+00  0.00000000E+00  0.00000000E+00  0.00000000E+00  0.00000000E+00  0.00000000E+00  0.00000000E+00  0.00000000E+00  0.00000000E+00  0.00000000E+00  0.00000000E+00  0.00000000E+00  0.00000000E+00  0.00000000E+00  0.00000000E+00  0.00000000E+00  0.00000000E+00  0.00000000E+00  0.00000000E+00  0.00000000E+00  0.00000000E+00  0.00000000E+00  0.00000000E+00  0.00000000E+00  0.00000000E+00  0.00000000E+00  0.00000000E+00  0.00000000E+00  0.00000000E+00  0.00000000E+00  0.00000000E+00  0.00000000E+00  0.00000000E+00  0.00000000E+00  0.00000000E+00  0.00000000E+00  0.00000000E+00  0.00000000E+00  0.00000000E+00  0.00000000E+00  0.00000000E+00  0.00000000E+00  0.00000000E+00  0.00000000E+00  0.00000000E+00  0.00000000E+00  0.00000000E+00  0.00000000E+00  0.00000000E+00  0.00000000E+00  0.00000000E+00  0.00000000E+00  0.00000000E+00  0.00000000E+00  0.00000000E+00  0.00000000E+00  0.00000000E+00  0.00000000E+00  0.00000000E+00  0.00000000E+00  0.00000000E+00  0.00000000E+00  0.00000000E+00  0.00000000E+00  0.00000000E+00  0.00000000E+00  0.00000000E+00  0.00000000E+00  0.00000000E+00  0.00000000E+00  0.00000000E+00  0.00000000E+00  0.00000000E+00  0.00000000E+00  0.00000000E+00  0.00000000E+00  0.00000000E+00  0.00000000E+00  0.00000000E+00
  2.68534910E-01  2.69953214E-01  2.68939327E-01  2.68283160E-01  2.67474457E-01  2.65910803E-01  2.63745837E-01  2.62144173E-01  2.60506045E-01  2.58317346E-01  2.56125983E-01  2.53133325E-01  2.50332795E-01  2.47064052E-01  2.43466235E-01  2.40261469E-01  2.35945060E-01  2.32360058E-01  2.28452420E-01  2.23885854E-01  2.19513765E-01  2.14748773E-01  2.10240680E-01  2.05298358E-01  2.00466795E-01  1.95223992E-01  1.89895027E-01  1.84724025E-01  1.79401887E-01  1.73947720E-01  1.68531502E-01  1.62847712E-01  1.57025074E-01  1.51375248E-01  1.45544029E-01  1.40091685E-01  1.34198969E-01  1.28805554E-01  1.23346370E-01  1.17520739E-01  1.12278744E-01  1.06881691E-01  1.01525595E-01  9.63341723E-02  9.11770388E-02  8.61307960E-02  8.10469878E-02  7.62857314E-02  7.15780035E-02  6.70384011E-02  6.27289104E-02  5.84003560E-02  5.43479871E-02  5.01861613E-02  4.65203086E-02  4.30122231E-02  3.94817478E-02  3.61943507E-02  3.31211890E-02  3.01993725E-02  2.74099668E-02  2.48225421E-02  2.22933150E-02  2.01585401E-02  1.79825847E-02  1.60766836E-02  1.42035037E-02  1.25747562E-02  1.10301577E-02  9.69232708E-03  8.45261122E-03  7.29736384E-03  6.27044048E-03  5.37835642E-03  4.57271065E-03  3.88743933E-03  3.26756293E-03  2.71972471E-03  2.25824418E-03  1.84255860E-03  1.51708349E-03  1.20783986E-03  9.65177448E-04  7.76231997E-04  5.99243976E-04  4.60918777E-04  3.54304918E-04  2.69014775E-04  1.98314377E-04  1.47959526E-04  1.08294856E-04  7.56566968E-05  5.46338986E-05  3.74326235E-05  2.47330173E-05  1.65631874E-05  1.15297263E-05  6.66783788E-06  3.82409144E-06  2.76275968E-06  1.47750350E-06  1.07672567E-06  4.19871304E-07  1.86063371E-07  1.36763380E-07  8.41885590E-09  3.90454536E-08  0.00000000E+00  0.00000000E+00  0.00000000E+00  0.00000000E+00  0.00000000E+00  0.00000000E+00  0.00000000E+00  0.00000000E+00  0.00000000E+00  0.00000000E+00  0.00000000E+00  0.00000000E+00  0.00000000E+00  0.00000000E+00  0.00000000E+00  0.00000000E+00  0.00000000E+00  0.00000000E+00  0.00000000E+00  0.00000000E+00  0.00000000E+00  0.00000000E+00  0.00000000E+00  0.00000000E+00  0.00000000E+00  0.00000000E+00  0.00000000E+00  0.00000000E+00  0.00000000E+00  0.00000000E+00  0.00000000E+00  0.00000000E+00  0.00000000E+00  0.00000000E+00  0.00000000E+00  0.00000000E+00  0.00000000E+00  0.00000000E+00  0.00000000E+00  0.00000000E+00  0.00000000E+00  0.00000000E+00  0.00000000E+00  0.00000000E+00  0.00000000E+00  0.00000000E+00  0.00000000E+00  0.00000000E+00  0.00000000E+00  0.00000000E+00  0.00000000E+00  0.00000000E+00  0.00000000E+00  0.00000000E+00  0.00000000E+00  0.00000000E+00  0.00000000E+00  0.00000000E+00  0.00000000E+00  0.00000000E+00  0.00000000E+00  0.00000000E+00  0.00000000E+00  0.00000000E+00  0.00000000E+00  0.00000000E+00  0.00000000E+00  0.00000000E+00  0.00000000E+00  0.00000000E+00  0.00000000E+00  0.00000000E+00  0.00000000E+00  0.00000000E+00  0.00000000E+00  0.00000000E+00  0.00000000E+00  0.00000000E+00  0.00000000E+00  0.00000000E+00  0.00000000E+00  0.00000000E+00  0.00000000E+00  0.00000000E+00  0.00000000E+00  0.00000000E+00  0.00000000E+00  0.00000000E+00  0.00000000E+00  0.00000000E+00  0.00000000E+00  0.00000000E+00  0.00000000E+00
  2.68442781E-01  2.69498461E-01  2.68411678E-01  2.69406385E-01  2.67655011E-01  2.66101580E-01  2.64877924E-01  2.62864677E-01  2.60986963E-01  2.58131413E-01  2.55995846E-01  2.53018043E-01  2.50310609E-01  2.47308179E-01  2.43897021E-01  2.40493959E-01  2.36452549E-01  2.32389468E-01  2.28540014E-01  2.24320797E-01  2.19661863E-01  2.15116812E-01  2.10410914E-01  2.05355100E-01  2.00305154E-01  1.95412679E-01  1.89870607E-01  1.84598311E-01  1.79288634E-01  1.73803329E-01  1.68407423E-01  1.62556528E-01  1.56924689E-01  1.51461278E-01  1.45600322E-01  1.39990241E-01  1.34203713E-01  1.28856053E-01  1.23260350E-01  1.17608391E-01  1.12175369E-01  1.06875749E-01  1.01296080E-01  9.61446047E-02  9.10742175E-02  8.60502503E-02  8.10260046E-02  7.63262685E-02  7.16409467E-02  6.69964148E-02  6.27078521E-02  5.83368626E-02  5.43226695E-02  5.04155375E-02  4.65582882E-02  4.29481244E-02  3.94901545E-02  3.62353015E-02  3.31313435E-02  3.02342093E-02  2.73855126E-02  2.47548460E-02  2.23255255E-02  2.00818596E-02  1.79731852E-02  1.60466202E-02  1.42386828E-02  1.25427987E-02  1.10674498E-02  9.65521773E-03  8.42693219E-03  7.29273656E-03  6.26600677E-03  5.35397598E-03  4.60064661E-03  3.87215509E-03  3.24750664E-03  2.69452514E-03  2.24202431E-03  1.84145560E-03  1.48638253E-03  1.21858432E-03  9.67804336E-04  7.61610961E-04  5.91847495E-04  4.63438383E-04  3.57690119E-04  2.63912185E-04  2.01191527E-04  1.49428264E-04  1.04970949E-04  7.45417170E-05  5.36802408E-05  3.72141385E-05  2.50705207E-05  1.63247587E-05  1.08942295E-05  6.35314144E-06  4.43725766E-06  2.40935041E-06  1.39113502E-06  8.83018469E-07  2.72955735E-07  3.60034573E-07  1.45649137E-07  7.27083011E-08  9.85613391E-09  1.80266749E-08  0.00000000E+00  0.00000000E+00  0.00000000E+00  0.00000000E+00  0.00000000E+00  0.00000000E+00  0.00000000E+00  0.00000000E+00  0.00000000E+00  0.00000000E+00  0.00000000E+00  0.00000000E+00  0.00000000E+00  0.00000000E+00  0.00000000E+00  0.00000000E+00  0.00000000E+00  0.00000000E+00  0.00000000E+00  0.00000000E+00  0.00000000E+00  0.00000000E+00  0.00000000E+00  0.00000000E+00  0.00000000E+00  0.00000000E+00  0.00000000E+00  0.00000000E+00  0.00000000E+00  0.00000000E+00  0.00000000E+00  0.00000000E+00  0.00000000E+00  0.00000000E+00  0.00000000E+00  0.00000000E+00  0.00000000E+00  0.00000000E+00  0.00000000E+00  0.00000000E+00  0.00000000E+00  0.00000000E+00  0.00000000E+00  0.00000000E+00  0.00000000E+00  0.00000000E+00  0.00000000E+00  0.00000000E+00  0.00000000E+00  0.00000000E+00  0.00000000E+00  0.00000000E+00  0.00000000E+00  0.00000000E+00  0.00000000E+00  0.00000000E+00  0.00000000E+00  0.00000000E+00  0.00000000E+00  0.00000000E+00  0.00000000E+00  0.00000000E+00  0.00000000E+00  0.00000000E+00  0.00000000E+00  0.00000000E+00  0.00000000E+00  0.00000000E+00  0.00000000E+00  0.00000000E+00  0.00000000E+00  0.00000000E+00  0.00000000E+00  0.00000000E+00  0.00000000E+00  0.00000000E+00  0.00000000E+00  0.00000000E+00  0.00000000E+00  0.00000000E+00  0.00000000E+00  0.00000000E+00  0.00000000E+00  0.00000000E+00  0.00000000E+00  0.00000000E+00  0.00000000E+00  0.00000000E+00  0.00000000E+00  0.00000000E+00  0.00000000E+00  0.00000000E+00
  2.60926842E-01  2.59745577E-01  2.61532862E-01  2.59900499E-01  2.59013027E-01  2.58247579E-01  2.56208327E-01  2.54959733E-01  2.52944880E-01  2.50092089E-01  2.48706092E-01  2.45790475E-01  2.42831458E-01  2.39699459E-01  2.36734462E-01  2.32948684E-01  2.29361576E-01  2.25401224E-01  2.21866138E-01  2.17469092E-01  2.13085613E-01  2.08954708E-01  2.04117454E-01  1.98860258E-01  1.94123706E-01  1.89170903E-01  1.84059529E-01  1.78972851E-01  1.73812175E-01  1.68136489E-01  1.63012220E-01  1.57419299E-01  1.51977476E-01  1.46632421E-01  1.41172999E-01  1.35569298E-01  1.29987322E-01  1.24711208E-01  1.19152552E-01  1.13821896E-01  1.08476315E-01  1.03311463E-01  9.79712731E-02  9.28845704E-02  8.79171110E-02  8.29480970E-02  7.82712269E-02  7.36274760E-02  6.90317504E-02  6.46253645E-02  6.03479507E-02  5.61165195E-02  5.22809753E-02  4.84239779E-02  4.46979227E-02  4.13059002E-02  3.78872351E-02  3.47954266E-02  3.17104683E-02  2.89284652E-02  2.62819751E-02  2.37997432E-02  2.14116285E-02  1.92255243E-02  1.71712517E-02  1.52980239E-02  1.36621138E-02  1.19952824E-02  1.05730814E-02  9.20327344E-03  8.03712818E-03  6.94852170E-03  5.98438060E-03  5.13605541E-03  4.34757173E-03  3.67356484E-03  3.07214546E-03  2.56311271E-03  2.13717323E-03  1.75299977E-03  1.41654457E-03  1.14671331E-03  9.18488053E-04  7.27696828E-04  5.59589835E-04  4.33145036E-04  3.35746756E-04  2.59151951E-04  1.91538684E-04  1.36512755E-04  1.01767936E-04  7.23126399E-05  4.93017076E-05  3.39049101E-05  2.39319808E-05  1.50949906E-05  1.05398742E-05  6.36597774E-06  4.29585234E-06  2.47183609E-06  1.62252219E-06  7.27893603E-07  5.52607355E-07  2.70708552E-07  1.36763380E-07  5.01304602E-08  1.09933801E-08  7.51111457E-10  0.00000000E+00  0.00000000E+00  0.00000000E+00  0.00000000E+00  0.00000000E+00  0.00000000E+00  0.00000000E+00  0.00000000E+00  0.00000000E+00  0.00000000E+00  0.00000000E+00  0.00000000E+00  0.00000000E+00  0.00000000E+00  0.00000000E+00  0.00000000E+00  0.00000000E+00  0.00000000E+00  0.00000000E+00  0.00000000E+00  0.00000000E+00  0.00000000E+00  0.00000000E+00  0.00000000E+00  0.00000000E+00  0.00000000E+00  0.00000000E+00  0.00000000E+00  0.00000000E+00  0.00000000E+00  0.00000000E+00  0.00000000E+00  0.00000000E+00  0.00000000E+00  0.00000000E+00  0.00000000E+00  0.00000000E+00  0.00000000E+00  0.00000000E+00  0.00000000E+00  0.00000000E+00  0.00000000E+00  0.00000000E+00  0.00000000E+00  0.00000000E+00  0.00000000E+00  0.00000000E+00  0.00000000E+00  0.00000000E+00  0.00000000E+00  0.00000000E+00  0.00000000E+00  0.00000000E+00  0.00000000E+00  0.00000000E+00  0.00000000E+00  0.00000000E+00  0.00000000E+00  0.00000000E+00  0.00000000E+00  0.00000000E+00  0.00000000E+00  0.00000000E+00  0.00000000E+00  0.00000000E+00  0.00000000E+00  0.00000000E+00  0.00000000E+00  0.00000000E+00  0.00000000E+00  0.00000000E+00  0.00000000E+00  0.00000000E+00  0.00000000E+00  0.00000000E+00  0.00000000E+00  0.00000000E+00  0.00000000E+00  0.00000000E+00  0.00000000E+00  0.00000000E+00  0.00000000E+00  0.00000000E+00  0.00000000E+00  0.00000000E+00  0.00000000E+00  0.00000000E+00  0.00000000E+00  0.00000000E+00  0.00000000E+00  0.00000000E+00  0.00000000E+00
  2.70077856E-01  2.70059043E-01  2.69613866E-01  2.68687829E-01  2.67190550E-01  2.66195361E-01  2.65045960E-01  2.63043386E-01  2.61653048E-01  2.59202527E-01  2.56733677E-01  2.53491423E-01  2.51215009E-01  2.47760680E-01  2.44699930E-01  2.40133838E-01  2.36322504E-01  2.32633701E-01  2.28730179E-01  2.24388463E-01  2.19719124E-01  2.15202012E-01  2.10315724E-01  2.05500353E-01  2.00437142E-01  1.95355507E-01  1.90199097E-01  1.84693660E-01  1.79490103E-01  1.73731862E-01  1.68279994E-01  1.62661573E-01  1.56864378E-01  1.51385704E-01  1.45820473E-01  1.40100876E-01  1.34152506E-01  1.28884698E-01  1.23300166E-01  1.17716411E-01  1.12207932E-01  1.06822130E-01  1.01500938E-01  9.61774380E-02  9.10018686E-02  8.58932431E-02  8.11267121E-02  7.61747502E-02  7.15439584E-02  6.69169092E-02  6.25875596E-02  5.82618243E-02  5.42182484E-02  5.02308409E-02  4.64691811E-02  4.28485751E-02  3.94092757E-02  3.61406500E-02  3.30791625E-02  3.01124534E-02  2.73464563E-02  2.47609314E-02  2.22725843E-02  2.00114415E-02  1.79175328E-02  1.59997921E-02  1.41920720E-02  1.25414010E-02  1.10291687E-02  9.63008993E-03  8.42304557E-03  7.28493370E-03  6.27814350E-03  5.35355138E-03  4.57429085E-03  3.87041186E-03  3.25518686E-03  2.70427438E-03  2.24077817E-03  1.82930026E-03  1.49200556E-03  1.20912038E-03  9.63210709E-04  7.65456235E-04  5.95694563E-04  4.65003692E-04  3.52362384E-04  2.64144729E-04  1.97303931E-04  1.45517795E-04  1.03098212E-04  7.71440719E-05  5.35807286E-05  3.66256105E-05  2.50239538E-05  1.63458960E-05  1.08875357E-05  7.37673302E-06  4.46307950E-06  2.43491273E-06  1.59641080E-06  1.26685307E-06  5.15583056E-07  2.34432046E-07  5.83369221E-08  9.22247397E-08  2.84311555E-08  2.36600109E-08  1.07907372E-08  0.00000000E+00  0.00000000E+00  0.00000000E+00  0.00000000E+00  0.00000000E+00  0.00000000E+00  0.00000000E+00  0.00000000E+00  0.00000000E+00  0.00000000E+00  0.00000000E+00  0.00000000E+00  0.00000000E+00  0.00000000E+00  0.00000000E+00  0.00000000E+00  0.00000000E+00  0.00000000E+00  0.00000000E+00  0.00000000E+00  0.00000000E+00  0.00000000E+00  0.00000000E+00  0.00000000E+00  0.00000000E+00  0.00000000E+00  0.00000000E+00  0.00000000E+00  0.00000000E+00  0.00000000E+00  0.00000000E+00  0.00000000E+00  0.00000000E+00  0.00000000E+00  0.00000000E+00  0.00000000E+00  0.00000000E+00  0.00000000E+00  0.00000000E+00  0.00000000E+00  0.00000000E+00  0.00000000E+00  0.00000000E+00  0.00000000E+00  0.00000000E+00  0.00000000E+00  0.00000000E+00  0.00000000E+00  0.00000000E+00  0.00000000E+00  0.00000000E+00  0.00000000E+00  0.00000000E+00  0.00000000E+00  0.00000000E+00  0.00000000E+00  0.00000000E+00  0.00000000E+00  0.00000000E+00  0.00000000E+00  0.00000000E+00  0.00000000E+00  0.00000000E+00  0.00000000E+00  0.00000000E+00  0.00000000E+00  0.00000000E+00  0.00000000E+00  0.00000000E+00  0.00000000E+00  0.00000000E+00  0.00000000E+00  0.00000000E+00  0.00000000E+00  0.00000000E+00  0.00000000E+00  0.00000000E+00  0.00000000E+00  0.00000000E+00  0.00000000E+00  0.00000000E+00  0.00000000E+00  0.00000000E+00  0.00000000E+00  0.00000000E+00  0.00000000E+00  0.00000000E+00  0.00000000E+00  0.00000000E+00  0.00000000E+00  0.00000000E+00
  2.70045236E-01  2.70774385E-01  2.70550518E-01  2.69585973E-01  2.68662271E-01  2.66830012E-01  2.65227119E-01  2.63195132E-01  2.61310849E-01  2.58846320E-01  2.56421411E-01  2.54394189E-01  2.50710007E-01  2.47820559E-01  2.44561495E-01  2.40560091E-01  2.36660275E-01  2.32693187E-01  2.28982224E-01  2.24644852E-01  2.19722437E-01  2.15345961E-01  2.10344444E-01  2.05423728E-01  2.00418617E-01  1.95234042E-01  1.89990929E-01  1.84489108E-01  1.78883005E-01  1.73566319E-01  1.68065619E-01  1.62350062E-01  1.56972282E-01  1.50871082E-01  1.45501545E-01  1.39963996E-01  1.34199679E-01  1.28571772E-01  1.23155505E-01  1.17751369E-01  1.12004279E-01  1.06548291E-01  1.01488332E-01  9.61651825E-02  9.09052447E-02  8.59101409E-02  8.11415665E-02  7.61743074E-02  7.14931227E-02  6.69623643E-02  6.26250618E-02  5.83294082E-02  5.41803269E-02  5.03273827E-02  4.65138765E-02  4.28363085E-02  3.94502339E-02  3.61834593E-02  3.31749517E-02  3.01277589E-02  2.74070187E-02  2.48052168E-02  2.24323899E-02  2.00911388E-02  1.79767736E-02  1.60267946E-02  1.42752067E-02  1.25948963E-02  1.10201984E-02  9.68334934E-03  8.42759360E-03  7.31806604E-03  6.32565467E-03  5.40074955E-03  4.59709331E-03  3.89779868E-03  3.26462288E-03  2.72161309E-03  2.25696564E-03  1.84692794E-03  1.50420149E-03  1.21890136E-03  9.71566050E-04  7.67441969E-04  6.01049977E-04  4.68858179E-04  3.56997957E-04  2.69989707E-04  2.01846606E-04  1.42813983E-04  1.08272997E-04  7.43043371E-05  5.25781877E-05  3.76359960E-05  2.33483990E-05  1.66515413E-05  1.16824296E-05  6.97673728E-06  5.26806509E-06  2.71731555E-06  1.32927109E-06  1.06121319E-06  3.86785761E-07  3.25318346E-07  2.33734026E-07  2.67872688E-08  0.00000000E+00  0.00000000E+00  1.26512091E-08  0.00000000E+00  0.00000000E+00  0.00000000E+00  0.00000000E+00  0.00000000E+00  0.00000000E+00  0.00000000E+00  0.00000000E+00  0.00000000E+00  0.00000000E+00  0.00000000E+00  0.00000000E+00  0.00000000E+00  0.00000000E+00  0.00000000E+00  0.00000000E+00  0.00000000E+00  0.00000000E+00  0.00000000E+00  0.00000000E+00  0.00000000E+00  0.00000000E+00  0.00000000E+00  0.00000000E+00  0.00000000E+00  0.00000000E+00  0.00000000E+00  0.00000000E+00  0.00000000E+00  0.00000000E+00  0.00000000E+00  0.00000000E+00  0.00000000E+00  0.00000000E+00  0.00000000E+00  0.00000000E+00  0.00000000E+00  0.00000000E+00  0.00000000E+00  0.00000000E+00  0.00000000E+00  0.00000000E+00  0.00000000E+00  0.00000000E+00  0.00000000E+00  0.00000000E+00  0.00000000E+00  0.00000000E+00  0.00000000E+00  0.00000000E+00  0.00000000E+00  0.00000000E+00  0.00000000E+00  0.00000000E+00  0.00000000E+00  0.00000000E+00  0.00000000E+00  0.00000000E+00  0.00000000E+00  0.00000000E+00  0.00000000E+00  0.00000000E+00  0.00000000E+00  0.00000000E+00  0.00000000E+00  0.00000000E+00  0.00000000E+00  0.00000000E+00  0.00000000E+00  0.00000000E+00  0.00000000E+00  0.00000000E+00  0.00000000E+00  0.00000000E+00  0.00000000E+00  0.00000000E+00  0.00000000E+00  0.00000000E+00  0.00000000E+00  0.00000000E+00  0.00000000E+00  0.00000000E+00  0.00000000E+00  0.00000000E+00  0.00000000E+00  0.00000000E+00  0.00000000E+00  0.00000000E+00  0.00000000E+00  0.00000000E+00  0.00000000E+00
  2.61955365E-01  2.62742274E-01  2.62074803E-01  2.60785666E-01  2.59871933E-01  2.58354617E-01  2.57369551E-01  2.55317324E-01  2.53197971E-01  2.51800582E-01  2.48583414E-01  2.46267653E-01  2.43299986E-01  2.40507567E-01  2.37215788E-01  2.33093151E-01  2.29731422E-01  2.25792551E-01  2.21786160E-01  2.17784500E-01  2.13100405E-01  2.08389056E-01  2.04026274E-01  1.99092364E-01  1.94254624E-01  1.89617888E-01  1.84126354E-01  1.79043587E-01  1.73994909E-01  1.68352805E-01  1.62884968E-01  1.57534478E-01  1.52093447E-01  1.46392613E-01  1.41040792E-01  1.35379301E-01  1.30126282E-01  1.24534939E-01  1.19029334E-01  1.13847439E-01  1.08407640E-01  1.03040099E-01  9.79576073E-02  9.29017819E-02  8.77389479E-02  8.29616151E-02  7.81067938E-02  7.34929999E-02  6.89660036E-02  6.45171571E-02  6.03123504E-02  5.62023289E-02  5.22586183E-02  4.83419649E-02  4.46957248E-02  4.12863258E-02  3.78897389E-02  3.46993919E-02  3.17030951E-02  2.88948836E-02  2.61923347E-02  2.37596539E-02  2.13779684E-02  1.91664899E-02  1.71643308E-02  1.52784622E-02  1.35258748E-02  1.19720375E-02  1.04966029E-02  9.18671966E-03  8.02226604E-03  6.93928239E-03  5.98734921E-03  5.13260647E-03  4.36255010E-03  3.67979393E-03  3.07983465E-03  2.55712251E-03  2.13616881E-03  1.73846982E-03  1.40600015E-03  1.15168777E-03  9.25062611E-04  7.25466443E-04  5.66044138E-04  4.36105195E-04  3.35331365E-04  2.51468307E-04  1.88072601E-04  1.35185659E-04  9.77699686E-05  6.78284531E-05  4.98429138E-05  3.47918040E-05  2.34880998E-05  1.50937224E-05  1.02302840E-05  6.20407471E-06  4.06058670E-06  2.33753246E-06  1.39997273E-06  9.42681879E-07  4.15538674E-07  1.72410922E-07  1.16673844E-07  1.14802581E-08  2.42612527E-08  3.15466812E-08  3.72094385E-09  0.00000000E+00  0.00000000E+00  0.00000000E+00  0.00000000E+00  0.00000000E+00  0.00000000E+00  0.00000000E+00  0.00000000E+00  0.00000000E+00  0.00000000E+00  0.00000000E+00  0.00000000E+00  0.00000000E+00  0.00000000E+00  0.00000000E+00  0.00000000E+00  0.00000000E+00  0.00000000E+00  0.00000000E+00  0.00000000E+00  0.00000000E+00  0.00000000E+00  0.00000000E+00  0.00000000E+00  0.00000000E+00  0.00000000E+00  0.00000000E+00  0.00000000E+00  0.00000000E+00  0.00000000E+00  0.00000000E+00  0.00000000E+00  0.00000000E+00  0.00000000E+00  0.00000000E+00  0.00000000E+00  0.00000000E+00  0.00000000E+00  0.00000000E+00  0.00000000E+00  0.00000000E+00  0.00000000E+00  0.00000000E+00  0.00000000E+00  0.00000000E+00  0.00000000E+00  0.00000000E+00  0.00000000E+00  0.00000000E+00  0.00000000E+00  0.00000000E+00  0.00000000E+00  0.00000000E+00  0.00000000E+00  0.00000000E+00  0.00000000E+00  0.00000000E+00  0.00000000E+00  0.00000000E+00  0.00000000E+00  0.00000000E+00  0.00000000E+00  0.00000000E+00  0.00000000E+00  0.00000000E+00  0.00000000E+00  0.00000000E+00  0.00000000E+00  0.00000000E+00  0.00000000E+00  0.00000000E+00  0.00000000E+00  0.00000000E+00  0.00000000E+00  0.00000000E+00  0.00000000E+00  0.00000000E+00  0.00000000E+00  0.00000000E+00  0.00000000E+00  0.00000000E+00  0.00000000E+00  0.00000000E+00  0.00000000E+00  0.00000000E+00  0.00000000E+00  0.00000000E+00  0.00000000E+00  0.00000000E+00  0.00000000E+00  0.00000000E+00
