# PIMCID: 5e98213b-58e7-40a6-b555-b123697db8de
#      0.000E+00       1.450E-02       2.900E-02       4.350E-02       5.800E-02       7.250E-02       8.700E-02       1.015E-01       1.160E-01       1.305E-01       1.450E-01       1.595E-01       1.740E-01       1.885E-01       2.030E-01       2.175E-01       2.320E-01       2.465E-01       2.610E-01       2.755E-01       2.900E-01       3.045E-01       3.190E-01       3.335E-01       3.480E-01       3.625E-01       3.770E-01       3.915E-01       4.060E-01       4.205E-01       4.350E-01       4.495E-01       4.640E-01       4.785E-01       4.930E-01       5.075E-01       5.220E-01       5.365E-01       5.510E-01       5.655E-01       5.800E-01       5.945E-01       6.090E-01       6.235E-01       6.380E-01       6.525E-01       6.670E-01       6.815E-01       6.960E-01       7.105E-01       7.250E-01       7.395E-01       7.540E-01       7.685E-01       7.830E-01       7.975E-01       8.120E-01       8.265E-01       8.410E-01       8.555E-01       8.700E-01       8.845E-01       8.990E-01       9.135E-01       9.280E-01       9.425E-01       9.570E-01       9.715E-01       9.860E-01       1.000E+00       1.015E+00       1.029E+00       1.044E+00       1.058E+00       1.073E+00       1.087E+00       1.102E+00       1.116E+00       1.131E+00       1.145E+00       1.160E+00       1.174E+00       1.189E+00       1.204E+00       1.218E+00       1.232E+00       1.247E+00       1.261E+00       1.276E+00       1.290E+00       1.305E+00       1.319E+00       1.334E+00       1.348E+00       1.363E+00       1.377E+00       1.392E+00       1.406E+00       1.421E+00       1.435E+00       1.450E+00       1.464E+00       1.479E+00       1.493E+00       1.508E+00       1.522E+00       1.537E+00       1.551E+00       1.566E+00       1.580E+00       1.595E+00       1.609E+00       1.624E+00       1.638E+00       1.653E+00       1.667E+00       1.682E+00       1.696E+00       1.711E+00       1.725E+00       1.740E+00       1.754E+00       1.769E+00       1.783E+00       1.798E+00       1.812E+00       1.827E+00       1.841E+00       1.856E+00       1.870E+00       1.885E+00       1.899E+00       1.914E+00       1.928E+00       1.943E+00       1.957E+00       1.972E+00       1.986E+00       2.001E+00       2.015E+00       2.030E+00       2.044E+00       2.059E+00       2.073E+00       2.088E+00       2.103E+00       2.117E+00       2.131E+00       2.146E+00       2.160E+00       2.175E+00       2.189E+00       2.204E+00       2.218E+00       2.233E+00       2.248E+00       2.262E+00       2.276E+00       2.291E+00       2.305E+00       2.320E+00       2.334E+00       2.349E+00       2.363E+00       2.378E+00       2.392E+00       2.407E+00       2.421E+00       2.436E+00       2.450E+00       2.465E+00       2.479E+00       2.494E+00       2.508E+00       2.523E+00       2.537E+00       2.552E+00       2.567E+00       2.581E+00       2.595E+00       2.610E+00       2.624E+00       2.639E+00       2.653E+00       2.668E+00       2.682E+00       2.697E+00       2.712E+00       2.726E+00       2.740E+00       2.755E+00       2.769E+00       2.784E+00       2.798E+00       2.813E+00       2.827E+00       2.842E+00       2.856E+00       2.871E+00       2.885E+00
  2.62012169E-01  2.60740699E-01  2.61446691E-01  2.60791601E-01  2.59192958E-01  2.58389740E-01  2.57059358E-01  2.55029203E-01  2.53114403E-01  2.51267288E-01  2.48484838E-01  2.46032980E-01  2.42880010E-01  2.40285353E-01  2.36524507E-01  2.33363929E-01  2.29663560E-01  2.25564288E-01  2.21592946E-01  2.17333147E-01  2.12783708E-01  2.08423937E-01  2.03827574E-01  1.99283465E-01  1.94257614E-01  1.89113649E-01  1.84030840E-01  1.79051626E-01  1.73341631E-01  1.68407240E-01  1.62895236E-01  1.57508883E-01  1.52085670E-01  1.46562615E-01  1.40972631E-01  1.35508259E-01  1.29799532E-01  1.24629717E-01  1.19125031E-01  1.13679758E-01  1.08535696E-01  1.03188722E-01  9.80543715E-02  9.29030330E-02  8.79381499E-02  8.29724659E-02  7.82031815E-02  7.36141838E-02  6.90034440E-02  6.45986214E-02  6.03262009E-02  5.61955440E-02  5.22997760E-02  4.84552268E-02  4.47432467E-02  4.12580772E-02  3.78785425E-02  3.47462992E-02  3.17382161E-02  2.88975438E-02  2.62147276E-02  2.37756646E-02  2.14500109E-02  1.92399108E-02  1.71592746E-02  1.53324997E-02  1.35971570E-02  1.19823351E-02  1.05501491E-02  9.23574434E-03  8.02800348E-03  6.98279435E-03  5.98302325E-03  5.11537301E-03  4.36801634E-03  3.69630992E-03  3.10787805E-03  2.58899497E-03  2.13160083E-03  1.76487835E-03  1.42735982E-03  1.14989306E-03  9.15860432E-04  7.28046882E-04  5.64587154E-04  4.39430829E-04  3.33865596E-04  2.55053131E-04  1.89179074E-04  1.37776474E-04  1.01799832E-04  7.06004597E-05  5.01095889E-05  3.49833023E-05  2.36673183E-05  1.63625944E-05  1.08463267E-05  6.54506486E-06  4.00955782E-06  2.65929313E-06  1.10511477E-06  7.83181696E-07  4.11402981E-07  1.87818686E-07  1.61488963E-07  8.93546753E-08  2.57775810E-08  3.77433507E-08  3.53489667E-09  0.00000000E+00  0.00000000E+00  0.00000000E+00  0.00000000E+00  0.00000000E+00  0.00000000E+00  0.00000000E+00  0.00000000E+00  0.00000000E+00  0.00000000E+00  0.00000000E+00  0.00000000E+00  0.00000000E+00  0.00000000E+00  0.00000000E+00  0.00000000E+00  0.00000000E+00  0.00000000E+00  0.00000000E+00  0.00000000E+00  0.00000000E+00  0.00000000E+00  0.00000000E+00  0.00000000E+00  0.00000000E+00  0.00000000E+00  0.00000000E+00  0.00000000E+00  0.00000000E+00  0.00000000E+00  0.00000000E+00  0.00000000E+00  0.00000000E+00  0.00000000E+00  0.00000000E+00  0.00000000E+00  0.00000000E+00  0.00000000E+00  0.00000000E+00  0.00000000E+00  0.00000000E+00  0.00000000E+00  0.00000000E+00  0.00000000E+00  0.00000000E+00  0.00000000E+00  0.00000000E+00  0.00000000E+00  0.00000000E+00  0.00000000E+00  0.00000000E+00  0.00000000E+00  0.00000000E+00  0.00000000E+00  0.00000000E+00  0.00000000E+00  0.00000000E+00  0.00000000E+00  0.00000000E+00  0.00000000E+00  0.00000000E+00  0.00000000E+00  0.00000000E+00  0.00000000E+00  0.00000000E+00  0.00000000E+00  0.00000000E+00  0.00000000E+00  0.00000000E+00  0.00000000E+00  0.00000000E+00  0.00000000E+00  0.00000000E+00  0.00000000E+00  0.00000000E+00  0.00000000E+00  0.00000000E+00  0.00000000E+00  0.00000000E+00  0.00000000E+00  0.00000000E+00  0.00000000E+00  0.00000000E+00  0.00000000E+00  0.00000000E+00  0.00000000E+00  0.00000000E+00  0.00000000E+00  0.00000000E+00  0.00000000E+00  0.00000000E+00
  2.67094671E-01  2.69481787E-01  2.68169574E-01  2.66799250E-01  2.66379795E-01  2.65328594E-01  2.64872496E-01  2.61826669E-01  2.60362360E-01  2.57700922E-01  2.55446866E-01  2.52984055E-01  2.49679730E-01  2.46203872E-01  2.43663160E-01  2.39638399E-01  2.36004214E-01  2.31946269E-01  2.27774876E-01  2.23402605E-01  2.19295992E-01  2.14638817E-01  2.09792670E-01  2.04983556E-01  1.99892567E-01  1.95193534E-01  1.89758681E-01  1.84338260E-01  1.79127620E-01  1.73609888E-01  1.68185763E-01  1.62481396E-01  1.56938312E-01  1.51255899E-01  1.45763204E-01  1.40007220E-01  1.34469272E-01  1.28865335E-01  1.23441255E-01  1.17809872E-01  1.12294175E-01  1.06807842E-01  1.01543678E-01  9.63212606E-02  9.13189903E-02  8.61613059E-02  8.11640017E-02  7.63913460E-02  7.16844634E-02  6.71909156E-02  6.27319523E-02  5.83967821E-02  5.44772701E-02  5.04475342E-02  4.66348584E-02  4.30015325E-02  3.96407230E-02  3.62878002E-02  3.31794261E-02  3.02176370E-02  2.74294830E-02  2.49246842E-02  2.23896496E-02  2.01707879E-02  1.80442341E-02  1.61230325E-02  1.43373933E-02  1.26351456E-02  1.11244690E-02  9.74836463E-03  8.49299491E-03  7.37787822E-03  6.35054541E-03  5.42598522E-03  4.63576911E-03  3.92267199E-03  3.28402821E-03  2.73824359E-03  2.26230917E-03  1.86506422E-03  1.50906195E-03  1.21567505E-03  9.71517358E-04  7.77808932E-04  6.15070372E-04  4.64267312E-04  3.54195237E-04  2.69077525E-04  1.98396262E-04  1.47454986E-04  1.05588131E-04  7.77637748E-05  5.50867224E-05  3.64576447E-05  2.44794626E-05  1.69620482E-05  1.09210049E-05  7.30675447E-06  4.43848726E-06  2.49557253E-06  1.38229732E-06  1.07215148E-06  4.41337520E-07  3.28633941E-07  2.31222834E-07  9.52861419E-08  1.06142981E-08  3.98089072E-08  5.76746297E-09  3.68696263E-10  0.00000000E+00  0.00000000E+00  0.00000000E+00  0.00000000E+00  0.00000000E+00  0.00000000E+00  0.00000000E+00  0.00000000E+00  0.00000000E+00  0.00000000E+00  0.00000000E+00  0.00000000E+00  0.00000000E+00  0.00000000E+00  0.00000000E+00  0.00000000E+00  0.00000000E+00  0.00000000E+00  0.00000000E+00  0.00000000E+00  0.00000000E+00  0.00000000E+00  0.00000000E+00  0.00000000E+00  0.00000000E+00  0.00000000E+00  0.00000000E+00  0.00000000E+00  0.00000000E+00  0.00000000E+00  0.00000000E+00  0.00000000E+00  0.00000000E+00  0.00000000E+00  0.00000000E+00  0.00000000E+00  0.00000000E+00  0.00000000E+00  0.00000000E+00  0.00000000E+00  0.00000000E+00  0.00000000E+00  0.00000000E+00  0.00000000E+00  0.00000000E+00  0.00000000E+00  0.00000000E+00  0.00000000E+00  0.00000000E+00  0.00000000E+00  0.00000000E+00  0.00000000E+00  0.00000000E+00  0.00000000E+00  0.00000000E+00  0.00000000E+00  0.00000000E+00  0.00000000E+00  0.00000000E+00  0.00000000E+00  0.00000000E+00  0.00000000E+00  0.00000000E+00  0.00000000E+00  0.00000000E+00  0.00000000E+00  0.00000000E+00  0.00000000E+00  0.00000000E+00  0.00000000E+00  0.00000000E+00  0.00000000E+00  0.00000000E+00  0.00000000E+00  0.00000000E+00  0.00000000E+00  0.00000000E+00  0.00000000E+00  0.00000000E+00  0.00000000E+00  0.00000000E+00  0.00000000E+00  0.00000000E+00  0.00000000E+00  0.00000000E+00  0.00000000E+00  0.00000000E+00  0.00000000E+00  0.00000000E+00  0.00000000E+00
  2.66020164E-01  2.62918324E-01  2.60992972E-01  2.60852690E-01  2.60190591E-01  2.58984343E-01  2.57560092E-01  2.55692045E-01  2.53837895E-01  2.51256084E-01  2.48619655E-01  2.46226556E-01  2.43352066E-01  2.39890958E-01  2.36851680E-01  2.33421092E-01  2.29631270E-01  2.25674768E-01  2.21461617E-01  2.17693985E-01  2.13309914E-01  2.08822947E-01  2.04145307E-01  1.99274308E-01  1.94355176E-01  1.89670760E-01  1.84170320E-01  1.79228973E-01  1.73725797E-01  1.68384839E-01  1.63178033E-01  1.57598631E-01  1.52221935E-01  1.46589332E-01  1.41127702E-01  1.35449053E-01  1.30110126E-01  1.24718400E-01  1.19192552E-01  1.13777059E-01  1.08375235E-01  1.03199035E-01  9.79477142E-02  9.29282898E-02  8.77930163E-02  8.29657574E-02  7.80958386E-02  7.33962217E-02  6.88229069E-02  6.43591593E-02  6.01120945E-02  5.61563653E-02  5.22513747E-02  4.82713146E-02  4.47006273E-02  4.11156833E-02  3.77875889E-02  3.46966557E-02  3.17243415E-02  2.88768535E-02  2.61797019E-02  2.36466198E-02  2.13300087E-02  1.91897478E-02  1.71892577E-02  1.53047208E-02  1.35461104E-02  1.20018702E-02  1.05316872E-02  9.26462705E-03  8.00514220E-03  6.93593742E-03  5.97619032E-03  5.08709954E-03  4.33480164E-03  3.66884262E-03  3.07106068E-03  2.54776032E-03  2.11716197E-03  1.73696412E-03  1.40666717E-03  1.14056237E-03  9.12635546E-04  7.21513106E-04  5.57857174E-04  4.38144820E-04  3.29550667E-04  2.53204313E-04  1.87908147E-04  1.38876674E-04  1.01337224E-04  7.42103558E-05  4.93333507E-05  3.83566513E-05  2.31486739E-05  1.54602431E-05  1.06049300E-05  6.69972160E-06  4.78318832E-06  2.60370522E-06  1.16416671E-06  8.13411157E-07  3.34597254E-07  1.83527916E-07  8.78917204E-08  3.71195010E-08  4.43526026E-08  2.68522346E-08  9.30235964E-10  0.00000000E+00  0.00000000E+00  0.00000000E+00  0.00000000E+00  0.00000000E+00  0.00000000E+00  0.00000000E+00  0.00000000E+00  0.00000000E+00  0.00000000E+00  0.00000000E+00  0.00000000E+00  0.00000000E+00  0.00000000E+00  0.00000000E+00  0.00000000E+00  0.00000000E+00  0.00000000E+00  0.00000000E+00  0.00000000E+00  0.00000000E+00  0.00000000E+00  0.00000000E+00  0.00000000E+00  0.00000000E+00  0.00000000E+00  0.00000000E+00  0.00000000E+00  0.00000000E+00  0.00000000E+00  0.00000000E+00  0.00000000E+00  0.00000000E+00  0.00000000E+00  0.00000000E+00  0.00000000E+00  0.00000000E+00  0.00000000E+00  0.00000000E+00  0.00000000E+00  0.00000000E+00  0.00000000E+00  0.00000000E+00  0.00000000E+00  0.00000000E+00  0.00000000E+00  0.00000000E+00  0.00000000E+00  0.00000000E+00  0.00000000E+00  0.00000000E+00  0.00000000E+00  0.00000000E+00  0.00000000E+00  0.00000000E+00  0.00000000E+00  0.00000000E+00  0.00000000E+00  0.00000000E+00  0.00000000E+00  0.00000000E+00  0.00000000E+00  0.00000000E+00  0.00000000E+00  0.00000000E+00  0.00000000E+00  0.00000000E+00  0.00000000E+00  0.00000000E+00  0.00000000E+00  0.00000000E+00  0.00000000E+00  0.00000000E+00  0.00000000E+00  0.00000000E+00  0.00000000E+00  0.00000000E+00  0.00000000E+00  0.00000000E+00  0.00000000E+00  0.00000000E+00  0.00000000E+00  0.00000000E+00  0.00000000E+00  0.00000000E+00  0.00000000E+00  0.00000000E+00  0.00000000E+00  0.00000000E+00  0.00000000E+00  0.00000000E+00
  2.69366780E-01  2.70166770E-01  2.69103763E-01  2.67965736E-01  2.67855472E-01  2.66753786E-01  2.64968277E-01  2.63256805E-01  2.61042178E-01  2.59132725E-01  2.56228107E-01  2.53457372E-01  2.50863866E-01  2.47622699E-01  2.44238005E-01  2.40206017E-01  2.36511788E-01  2.32906824E-01  2.28691780E-01  2.24324217E-01  2.20062289E-01  2.15299427E-01  2.10216268E-01  2.05078182E-01  2.00441168E-01  1.95130992E-01  1.90107846E-01  1.84716984E-01  1.79505363E-01  1.73989697E-01  1.68435392E-01  1.62761105E-01  1.57190012E-01  1.51579994E-01  1.45802962E-01  1.40187820E-01  1.34390621E-01  1.28829267E-01  1.23364645E-01  1.17551722E-01  1.12449017E-01  1.06873080E-01  1.01567992E-01  9.63793414E-02  9.10370782E-02  8.60086048E-02  8.09873510E-02  7.63060803E-02  7.15274433E-02  6.69129691E-02  6.25523294E-02  5.84114513E-02  5.42684722E-02  5.01945768E-02  4.64934081E-02  4.28895140E-02  3.93377672E-02  3.60980457E-02  3.31020332E-02  3.01223545E-02  2.73012931E-02  2.47296600E-02  2.23043886E-02  1.99694763E-02  1.78987094E-02  1.59203226E-02  1.41471420E-02  1.24945796E-02  1.09891990E-02  9.63280185E-03  8.36777254E-03  7.27191634E-03  6.24098767E-03  5.31928002E-03  4.54643536E-03  3.83889077E-03  3.22538054E-03  2.68911708E-03  2.22465396E-03  1.81976860E-03  1.46055508E-03  1.19550998E-03  9.59628100E-04  7.43411300E-04  5.90946883E-04  4.50548069E-04  3.55260084E-04  2.63813907E-04  1.98464690E-04  1.42281024E-04  1.06835879E-04  7.62801501E-05  5.18986247E-05  3.71044642E-05  2.27483692E-05  1.64431275E-05  1.00393003E-05  6.96783469E-06  4.64096327E-06  2.51078820E-06  9.63309787E-07  5.72569859E-07  3.69455238E-07  2.30921416E-07  6.83816901E-08  3.71195011E-08  8.75679591E-08  4.22500194E-08  0.00000000E+00  0.00000000E+00  0.00000000E+00  0.00000000E+00  0.00000000E+00  0.00000000E+00  0.00000000E+00  0.00000000E+00  0.00000000E+00  0.00000000E+00  0.00000000E+00  0.00000000E+00  0.00000000E+00  0.00000000E+00  0.00000000E+00  0.00000000E+00  0.00000000E+00  0.00000000E+00  0.00000000E+00  0.00000000E+00  0.00000000E+00  0.00000000E+00  0.00000000E+00  0.00000000E+00  0.00000000E+00  0.00000000E+00  0.00000000E+00  0.00000000E+00  0.00000000E+00  0.00000000E+00  0.00000000E+00  0.00000000E+00  0.00000000E+00  0.00000000E+00  0.00000000E+00  0.00000000E+00  0.00000000E+00  0.00000000E+00  0.00000000E+00  0.00000000E+00  0.00000000E+00  0.00000000E+00  0.00000000E+00  0.00000000E+00  0.00000000E+00  0.00000000E+00  0.00000000E+00  0.00000000E+00  0.00000000E+00  0.00000000E+00  0.00000000E+00  0.00000000E+00  0.00000000E+00  0.00000000E+00  0.00000000E+00  0.00000000E+00  0.00000000E+00  0.00000000E+00  0.00000000E+00  0.00000000E+00  0.00000000E+00  0.00000000E+00  0.00000000E+00  0.00000000E+00  0.00000000E+00  0.00000000E+00  0.00000000E+00  0.00000000E+00  0.00000000E+00  0.00000000E+00  0.00000000E+00  0.00000000E+00  0.00000000E+00  0.00000000E+00  0.00000000E+00  0.00000000E+00  0.00000000E+00  0.00000000E+00  0.00000000E+00  0.00000000E+00  0.00000000E+00  0.00000000E+00  0.00000000E+00  0.00000000E+00  0.00000000E+00  0.00000000E+00  0.00000000E+00  0.00000000E+00  0.00000000E+00  0.00000000E+00  0.00000000E+00  0.00000000E+00
  2.63806392E-01  2.61159924E-01  2.62137977E-01  2.61080222E-01  2.60050751E-01  2.58663200E-01  2.57086610E-01  2.55761836E-01  2.53737387E-01  2.51499110E-01  2.48510805E-01  2.45820698E-01  2.43225782E-01  2.40375395E-01  2.36506992E-01  2.33727877E-01  2.29577655E-01  2.25813225E-01  2.21806332E-01  2.17933255E-01  2.13306276E-01  2.09056790E-01  2.04150567E-01  1.99709264E-01  1.94589053E-01  1.89545676E-01  1.84467268E-01  1.79483907E-01  1.73976663E-01  1.68708253E-01  1.62989694E-01  1.57951820E-01  1.52496332E-01  1.46731891E-01  1.41164521E-01  1.35596215E-01  1.30097144E-01  1.24398078E-01  1.19113171E-01  1.13770752E-01  1.08213660E-01  1.03200028E-01  9.77894598E-02  9.29560557E-02  8.79007675E-02  8.29409028E-02  7.80600545E-02  7.33912666E-02  6.88822545E-02  6.44154056E-02  6.02318981E-02  5.61274858E-02  5.20608658E-02  4.82073171E-02  4.45863212E-02  4.11869694E-02  3.77779153E-02  3.46088117E-02  3.16512674E-02  2.87228324E-02  2.61324767E-02  2.36905268E-02  2.13731286E-02  1.91474711E-02  1.71507857E-02  1.52188238E-02  1.35146043E-02  1.19452929E-02  1.05178227E-02  9.18774407E-03  7.97741363E-03  6.91254834E-03  5.94878732E-03  5.08153888E-03  4.34835668E-03  3.65023075E-03  3.06585662E-03  2.55579596E-03  2.10908212E-03  1.72385507E-03  1.41151510E-03  1.13524363E-03  9.08644811E-04  7.13060078E-04  5.44613645E-04  4.34028504E-04  3.31442562E-04  2.56065436E-04  1.84303613E-04  1.35104915E-04  9.70767259E-05  7.06688499E-05  4.79526201E-05  3.57192861E-05  2.38696068E-05  1.54139524E-05  9.50023673E-06  6.00366276E-06  4.49525432E-06  2.26003398E-06  1.57411568E-06  7.80596282E-07  5.79981703E-07  1.73971202E-07  7.64947720E-08  5.52965763E-08  1.17515443E-08  0.00000000E+00  0.00000000E+00  0.00000000E+00  0.00000000E+00  0.00000000E+00  0.00000000E+00  0.00000000E+00  0.00000000E+00  0.00000000E+00  0.00000000E+00  0.00000000E+00  0.00000000E+00  0.00000000E+00  0.00000000E+00  0.00000000E+00  0.00000000E+00  0.00000000E+00  0.00000000E+00  0.00000000E+00  0.00000000E+00  0.00000000E+00  0.00000000E+00  0.00000000E+00  0.00000000E+00  0.00000000E+00  0.00000000E+00  0.00000000E+00  0.00000000E+00  0.00000000E+00  0.00000000E+00  0.00000000E+00  0.00000000E+00  0.00000000E+00  0.00000000E+00  0.00000000E+00  0.00000000E+00  0.00000000E+00  0.00000000E+00  0.00000000E+00  0.00000000E+00  0.00000000E+00  0.00000000E+00  0.00000000E+00  0.00000000E+00  0.00000000E+00  0.00000000E+00  0.00000000E+00  0.00000000E+00  0.00000000E+00  0.00000000E+00  0.00000000E+00  0.00000000E+00  0.00000000E+00  0.00000000E+00  0.00000000E+00  0.00000000E+00  0.00000000E+00  0.00000000E+00  0.00000000E+00  0.00000000E+00  0.00000000E+00  0.00000000E+00  0.00000000E+00  0.00000000E+00  0.00000000E+00  0.00000000E+00  0.00000000E+00  0.00000000E+00  0.00000000E+00  0.00000000E+00  0.00000000E+00  0.00000000E+00  0.00000000E+00  0.00000000E+00  0.00000000E+00  0.00000000E+00  0.00000000E+00  0.00000000E+00  0.00000000E+00  0.00000000E+00  0.00000000E+00  0.00000000E+00  0.00000000E+00  0.00000000E+00  0.00000000E+00  0.00000000E+00  0.00000000E+00  0.00000000E+00  0.00000000E+00  0.00000000E+00  0.00000000E+00  0.00000000E+00  0.00000000E+00
  2.61533152E-01  2.63089381E-01  2.61769968E-01  2.60890063E-01  2.59709031E-01  2.58616324E-01  2.57014166E-01  2.54775709E-01  2.53011401E-01  2.51140715E-01  2.48724192E-01  2.45540209E-01  2.42736685E-01  2.40126934E-01  2.36890198E-01  2.33630611E-01  2.29409697E-01  2.25579425E-01  2.21606293E-01  2.17601886E-01  2.13292329E-01  2.08909928E-01  2.04209911E-01  1.99429302E-01  1.94608380E-01  1.89244990E-01  1.84260179E-01  1.79035593E-01  1.73756577E-01  1.68495012E-01  1.63277707E-01  1.57646449E-01  1.52062510E-01  1.46707678E-01  1.41096514E-01  1.35582941E-01  1.30108427E-01  1.24659105E-01  1.19261144E-01  1.13753289E-01  1.08484954E-01  1.03118684E-01  9.79101961E-02  9.28721288E-02  8.78420549E-02  8.28193145E-02  7.81689901E-02  7.35791067E-02  6.89917219E-02  6.45410852E-02  6.03363815E-02  5.61036701E-02  5.21685474E-02  4.82950912E-02  4.46723063E-02  4.12675109E-02  3.78111795E-02  3.47643947E-02  3.16636072E-02  2.88901570E-02  2.62082597E-02  2.36642526E-02  2.13390118E-02  1.91688162E-02  1.72063401E-02  1.53092286E-02  1.35386901E-02  1.19894804E-02  1.04668123E-02  9.20555578E-03  8.02901737E-03  6.93498881E-03  5.94242604E-03  5.11605138E-03  4.35070938E-03  3.64622134E-03  3.07794349E-03  2.54120674E-03  2.12349141E-03  1.73253637E-03  1.36756577E-03  1.13715599E-03  9.14700403E-04  7.16943790E-04  5.55949645E-04  4.35750108E-04  3.26829858E-04  2.47321962E-04  1.88307308E-04  1.36970834E-04  9.91388329E-05  6.91653700E-05  4.74583329E-05  3.53000193E-05  2.36301502E-05  1.54429105E-05  8.84967886E-06  6.64734120E-06  3.83064936E-06  2.03037882E-06  1.70808724E-06  8.16195449E-07  3.43656391E-07  2.40283095E-07  8.76985518E-08  1.91337634E-09  1.93331858E-08  3.94333515E-09  0.00000000E+00  0.00000000E+00  0.00000000E+00  0.00000000E+00  0.00000000E+00  0.00000000E+00  0.00000000E+00  0.00000000E+00  0.00000000E+00  0.00000000E+00  0.00000000E+00  0.00000000E+00  0.00000000E+00  0.00000000E+00  0.00000000E+00  0.00000000E+00  0.00000000E+00  0.00000000E+00  0.00000000E+00  0.00000000E+00  0.00000000E+00  0.00000000E+00  0.00000000E+00  0.00000000E+00  0.00000000E+00  0.00000000E+00  0.00000000E+00  0.00000000E+00  0.00000000E+00  0.00000000E+00  0.00000000E+00  0.00000000E+00  0.00000000E+00  0.00000000E+00  0.00000000E+00  0.00000000E+00  0.00000000E+00  0.00000000E+00  0.00000000E+00  0.00000000E+00  0.00000000E+00  0.00000000E+00  0.00000000E+00  0.00000000E+00  0.00000000E+00  0.00000000E+00  0.00000000E+00  0.00000000E+00  0.00000000E+00  0.00000000E+00  0.00000000E+00  0.00000000E+00  0.00000000E+00  0.00000000E+00  0.00000000E+00  0.00000000E+00  0.00000000E+00  0.00000000E+00  0.00000000E+00  0.00000000E+00  0.00000000E+00  0.00000000E+00  0.00000000E+00  0.00000000E+00  0.00000000E+00  0.00000000E+00  0.00000000E+00  0.00000000E+00  0.00000000E+00  0.00000000E+00  0.00000000E+00  0.00000000E+00  0.00000000E+00  0.00000000E+00  0.00000000E+00  0.00000000E+00  0.00000000E+00  0.00000000E+00  0.00000000E+00  0.00000000E+00  0.00000000E+00  0.00000000E+00  0.00000000E+00  0.00000000E+00  0.00000000E+00  0.00000000E+00  0.00000000E+00  0.00000000E+00  0.00000000E+00  0.00000000E+00  0.00000000E+00  0.00000000E+00
  2.72672015E-01  2.69220175E-01  2.69312407E-01  2.68005105E-01  2.67030165E-01  2.65735220E-01  2.64468075E-01  2.62465856E-01  2.60552404E-01  2.58520470E-01  2.56319595E-01  2.53511932E-01  2.50581683E-01  2.47141926E-01  2.43834795E-01  2.40348059E-01  2.36438725E-01  2.32966525E-01  2.28665925E-01  2.23951434E-01  2.19457222E-01  2.14788085E-01  2.09911312E-01  2.05112625E-01  2.00274654E-01  1.95055591E-01  1.89808910E-01  1.84327871E-01  1.78986954E-01  1.73640780E-01  1.68266352E-01  1.62652723E-01  1.57006209E-01  1.51283249E-01  1.45800209E-01  1.40187182E-01  1.34408879E-01  1.28842590E-01  1.23037338E-01  1.17869750E-01  1.12230208E-01  1.06807996E-01  1.01643343E-01  9.63067637E-02  9.11376024E-02  8.60291627E-02  8.11331361E-02  7.62606513E-02  7.16479973E-02  6.70352876E-02  6.25773786E-02  5.83487834E-02  5.44234220E-02  5.03735489E-02  4.65317554E-02  4.30392038E-02  3.95117422E-02  3.63378747E-02  3.31055356E-02  3.02063908E-02  2.73259519E-02  2.48197144E-02  2.23638818E-02  2.00932496E-02  1.79460335E-02  1.60228850E-02  1.42003678E-02  1.25575872E-02  1.10524010E-02  9.68965555E-03  8.44955381E-03  7.34941043E-03  6.29565224E-03  5.35156325E-03  4.57972864E-03  3.86645726E-03  3.25021580E-03  2.72389451E-03  2.24922779E-03  1.83301476E-03  1.51187347E-03  1.21344714E-03  9.77281291E-04  7.54691352E-04  5.98643170E-04  4.64890131E-04  3.47229508E-04  2.66832828E-04  1.95202978E-04  1.47708722E-04  1.07421611E-04  7.82557425E-05  5.50851948E-05  3.91042934E-05  2.53571850E-05  1.67908361E-05  1.08521838E-05  6.11691207E-06  3.89294967E-06  2.05127501E-06  1.56788912E-06  5.69188932E-07  3.24356491E-07  2.87286525E-07  1.30195647E-07  1.04087673E-07  0.00000000E+00  2.98566804E-08  0.00000000E+00  0.00000000E+00  0.00000000E+00  0.00000000E+00  0.00000000E+00  0.00000000E+00  0.00000000E+00  0.00000000E+00  0.00000000E+00  0.00000000E+00  0.00000000E+00  0.00000000E+00  0.00000000E+00  0.00000000E+00  0.00000000E+00  0.00000000E+00  0.00000000E+00  0.00000000E+00  0.00000000E+00  0.00000000E+00  0.00000000E+00  0.00000000E+00  0.00000000E+00  0.00000000E+00  0.00000000E+00  0.00000000E+00  0.00000000E+00  0.00000000E+00  0.00000000E+00  0.00000000E+00  0.00000000E+00  0.00000000E+00  0.00000000E+00  0.00000000E+00  0.00000000E+00  0.00000000E+00  0.00000000E+00  0.00000000E+00  0.00000000E+00  0.00000000E+00  0.00000000E+00  0.00000000E+00  0.00000000E+00  0.00000000E+00  0.00000000E+00  0.00000000E+00  0.00000000E+00  0.00000000E+00  0.00000000E+00  0.00000000E+00  0.00000000E+00  0.00000000E+00  0.00000000E+00  0.00000000E+00  0.00000000E+00  0.00000000E+00  0.00000000E+00  0.00000000E+00  0.00000000E+00  0.00000000E+00  0.00000000E+00  0.00000000E+00  0.00000000E+00  0.00000000E+00  0.00000000E+00  0.00000000E+00  0.00000000E+00  0.00000000E+00  0.00000000E+00  0.00000000E+00  0.00000000E+00  0.00000000E+00  0.00000000E+00  0.00000000E+00  0.00000000E+00  0.00000000E+00  0.00000000E+00  0.00000000E+00  0.00000000E+00  0.00000000E+00  0.00000000E+00  0.00000000E+00  0.00000000E+00  0.00000000E+00  0.00000000E+00  0.00000000E+00  0.00000000E+00  0.00000000E+00  0.00000000E+00  0.00000000E+00  0.00000000E+00  0.00000000E+00
  2.68697731E-01  2.69220444E-01  2.68906278E-01  2.67958643E-01  2.67388594E-01  2.65512200E-01  2.64197537E-01  2.63008984E-01  2.60794661E-01  2.58710935E-01  2.55642420E-01  2.53578215E-01  2.50915938E-01  2.47630868E-01  2.43925391E-01  2.40351777E-01  2.36771564E-01  2.32569327E-01  2.28530028E-01  2.24160271E-01  2.19788453E-01  2.15433314E-01  2.10592698E-01  2.05802808E-01  2.00419451E-01  1.95321920E-01  1.90209007E-01  1.84712940E-01  1.79453215E-01  1.73670402E-01  1.68372464E-01  1.62807433E-01  1.57084500E-01  1.51253877E-01  1.45646947E-01  1.39892967E-01  1.34458505E-01  1.28846052E-01  1.23247577E-01  1.17551884E-01  1.12083733E-01  1.06847649E-01  1.01296937E-01  9.59866258E-02  9.09137719E-02  8.60666707E-02  8.10847615E-02  7.64112802E-02  7.15139777E-02  6.72240731E-02  6.25504915E-02  5.83246670E-02  5.42855043E-02  5.03946511E-02  4.66064915E-02  4.28368577E-02  3.94864435E-02  3.60790511E-02  3.31121266E-02  3.01252969E-02  2.73335809E-02  2.46734205E-02  2.23348370E-02  2.00525706E-02  1.79665044E-02  1.59754738E-02  1.41618105E-02  1.25179088E-02  1.10232246E-02  9.69553450E-03  8.43563827E-03  7.25541651E-03  6.29124610E-03  5.36796427E-03  4.58141886E-03  3.85349295E-03  3.22775538E-03  2.72593005E-03  2.24689109E-03  1.84640590E-03  1.51310720E-03  1.21356108E-03  9.61818723E-04  7.70808337E-04  6.06304579E-04  4.53788945E-04  3.57747294E-04  2.67883660E-04  2.03154256E-04  1.50163309E-04  1.06093565E-04  7.55662453E-05  5.59840773E-05  3.60703303E-05  2.53584667E-05  1.57739206E-05  9.98846890E-06  7.04961435E-06  4.42557634E-06  2.77067182E-06  1.67133043E-06  1.13300816E-06  3.95254084E-07  1.83527916E-07  1.64579661E-07  3.15707097E-08  0.00000000E+00  0.00000000E+00  0.00000000E+00  0.00000000E+00  0.00000000E+00  0.00000000E+00  0.00000000E+00  0.00000000E+00  0.00000000E+00  0.00000000E+00  0.00000000E+00  0.00000000E+00  0.00000000E+00  0.00000000E+00  0.00000000E+00  0.00000000E+00  0.00000000E+00  0.00000000E+00  0.00000000E+00  0.00000000E+00  0.00000000E+00  0.00000000E+00  0.00000000E+00  0.00000000E+00  0.00000000E+00  0.00000000E+00  0.00000000E+00  0.00000000E+00  0.00000000E+00  0.00000000E+00  0.00000000E+00  0.00000000E+00  0.00000000E+00  0.00000000E+00  0.00000000E+00  0.00000000E+00  0.00000000E+00  0.00000000E+00  0.00000000E+00  0.00000000E+00  0.00000000E+00  0.00000000E+00  0.00000000E+00  0.00000000E+00  0.00000000E+00  0.00000000E+00  0.00000000E+00  0.00000000E+00  0.00000000E+00  0.00000000E+00  0.00000000E+00  0.00000000E+00  0.00000000E+00  0.00000000E+00  0.00000000E+00  0.00000000E+00  0.00000000E+00  0.00000000E+00  0.00000000E+00  0.00000000E+00  0.00000000E+00  0.00000000E+00  0.00000000E+00  0.00000000E+00  0.00000000E+00  0.00000000E+00  0.00000000E+00  0.00000000E+00  0.00000000E+00  0.00000000E+00  0.00000000E+00  0.00000000E+00  0.00000000E+00  0.00000000E+00  0.00000000E+00  0.00000000E+00  0.00000000E+00  0.00000000E+00  0.00000000E+00  0.00000000E+00  0.00000000E+00  0.00000000E+00  0.00000000E+00  0.00000000E+00  0.00000000E+00  0.00000000E+00  0.00000000E+00  0.00000000E+00  0.00000000E+00  0.00000000E+00  0.00000000E+00  0.00000000E+00  0.00000000E+00  0.00000000E+00
  2.68956558E-01  2.69858420E-01  2.69436979E-01  2.68467685E-01  2.66437918E-01  2.66067818E-01  2.64711156E-01  2.63002543E-01  2.60278763E-01  2.58653205E-01  2.55869436E-01  2.53220782E-01  2.50281590E-01  2.47348463E-01  2.43468476E-01  2.39930483E-01  2.36423484E-01  2.32475779E-01  2.28374032E-01  2.24179000E-01  2.19849793E-01  2.14840776E-01  2.10466649E-01  2.05262867E-01  2.00565285E-01  1.95278798E-01  1.90150157E-01  1.84696999E-01  1.79347571E-01  1.73952944E-01  1.68392949E-01  1.62813512E-01  1.57002888E-01  1.51502477E-01  1.45668919E-01  1.39941992E-01  1.34622903E-01  1.28727622E-01  1.23151440E-01  1.17717834E-01  1.12228974E-01  1.06793624E-01  1.01362197E-01  9.62496973E-02  9.09023456E-02  8.60143439E-02  8.10680413E-02  7.61701147E-02  7.15205101E-02  6.71057196E-02  6.26602468E-02  5.82638520E-02  5.43409469E-02  5.03209310E-02  4.65972651E-02  4.29758281E-02  3.94454074E-02  3.61639511E-02  3.31330546E-02  3.01787365E-02  2.74070847E-02  2.47583364E-02  2.23579457E-02  2.01067330E-02  1.79639506E-02  1.60073543E-02  1.42376951E-02  1.25674623E-02  1.10235605E-02  9.67842683E-03  8.43800563E-03  7.30494817E-03  6.29056256E-03  5.41529592E-03  4.58159444E-03  3.85672728E-03  3.25252467E-03  2.70710304E-03  2.24754888E-03  1.85626053E-03  1.49298703E-03  1.20437329E-03  9.71125136E-04  7.66917372E-04  6.00971143E-04  4.63331195E-04  3.59233832E-04  2.70140122E-04  1.94832100E-04  1.46108944E-04  1.09586767E-04  7.84355424E-05  5.23977129E-05  3.78689460E-05  2.44726271E-05  1.57396782E-05  1.00234024E-05  7.03284435E-06  3.61218841E-06  2.35497975E-06  1.83281939E-06  1.03098373E-06  4.11796856E-07  1.57003159E-07  1.21889397E-07  6.75421849E-08  4.83329644E-08  0.00000000E+00  0.00000000E+00  0.00000000E+00  0.00000000E+00  0.00000000E+00  0.00000000E+00  0.00000000E+00  0.00000000E+00  0.00000000E+00  0.00000000E+00  0.00000000E+00  0.00000000E+00  0.00000000E+00  0.00000000E+00  0.00000000E+00  0.00000000E+00  0.00000000E+00  0.00000000E+00  0.00000000E+00  0.00000000E+00  0.00000000E+00  0.00000000E+00  0.00000000E+00  0.00000000E+00  0.00000000E+00  0.00000000E+00  0.00000000E+00  0.00000000E+00  0.00000000E+00  0.00000000E+00  0.00000000E+00  0.00000000E+00  0.00000000E+00  0.00000000E+00  0.00000000E+00  0.00000000E+00  0.00000000E+00  0.00000000E+00  0.00000000E+00  0.00000000E+00  0.00000000E+00  0.00000000E+00  0.00000000E+00  0.00000000E+00  0.00000000E+00  0.00000000E+00  0.00000000E+00  0.00000000E+00  0.00000000E+00  0.00000000E+00  0.00000000E+00  0.00000000E+00  0.00000000E+00  0.00000000E+00  0.00000000E+00  0.00000000E+00  0.00000000E+00  0.00000000E+00  0.00000000E+00  0.00000000E+00  0.00000000E+00  0.00000000E+00  0.00000000E+00  0.00000000E+00  0.00000000E+00  0.00000000E+00  0.00000000E+00  0.00000000E+00  0.00000000E+00  0.00000000E+00  0.00000000E+00  0.00000000E+00  0.00000000E+00  0.00000000E+00  0.00000000E+00  0.00000000E+00  0.00000000E+00  0.00000000E+00  0.00000000E+00  0.00000000E+00  0.00000000E+00  0.00000000E+00  0.00000000E+00  0.00000000E+00  0.00000000E+00  0.00000000E+00  0.00000000E+00  0.00000000E+00  0.00000000E+00  0.00000000E+00  0.00000000E+00  0.00000000E+00  0.00000000E+00
  2.67284945E-01  2.70494606E-01  2.69029535E-01  2.68441362E-01  2.66788138E-01  2.66063593E-01  2.64933082E-01  2.63059455E-01  2.60905925E-01  2.59369056E-01  2.56343656E-01  2.53787157E-01  2.50800291E-01  2.47687732E-01  2.44484543E-01  2.40958837E-01  2.37390628E-01  2.33135814E-01  2.28922931E-01  2.24639979E-01  2.19637404E-01  2.15443545E-01  2.10648713E-01  2.05702781E-01  2.00587229E-01  1.95471939E-01  1.90184218E-01  1.84823344E-01  1.79236522E-01  1.73804965E-01  1.68125858E-01  1.62366225E-01  1.56949000E-01  1.51132254E-01  1.45586260E-01  1.40171391E-01  1.34507708E-01  1.28699670E-01  1.23001635E-01  1.17628937E-01  1.12055156E-01  1.06618500E-01  1.01239966E-01  9.59983272E-02  9.09209509E-02  8.57636766E-02  8.08910207E-02  7.60706885E-02  7.14881553E-02  6.68974604E-02  6.25183268E-02  5.82331212E-02  5.42455900E-02  5.03197625E-02  4.64873093E-02  4.29316808E-02  3.94526998E-02  3.61958708E-02  3.30602790E-02  3.01228868E-02  2.73472614E-02  2.47707954E-02  2.23266944E-02  2.01166779E-02  1.80017046E-02  1.60576628E-02  1.41934735E-02  1.25328866E-02  1.10799956E-02  9.67645295E-03  8.42876726E-03  7.29909081E-03  6.26619944E-03  5.39748325E-03  4.60497457E-03  3.88919779E-03  3.25311732E-03  2.69179077E-03  2.24359368E-03  1.83900102E-03  1.50990751E-03  1.21435193E-03  9.73467705E-04  7.69815712E-04  5.94869441E-04  4.66213679E-04  3.57637145E-04  2.71902197E-04  2.00576363E-04  1.46428539E-04  1.05542852E-04  7.68685259E-05  5.25707680E-05  3.67834293E-05  2.39048524E-05  1.51330377E-05  1.03867526E-05  6.36618478E-06  3.61772166E-06  2.57469401E-06  9.47642947E-07  7.27098090E-07  3.01708648E-07  1.75336447E-07  1.00447680E-07  3.42494366E-08  3.94245356E-08  0.00000000E+00  0.00000000E+00  0.00000000E+00  0.00000000E+00  0.00000000E+00  0.00000000E+00  0.00000000E+00  0.00000000E+00  0.00000000E+00  0.00000000E+00  0.00000000E+00  0.00000000E+00  0.00000000E+00  0.00000000E+00  0.00000000E+00  0.00000000E+00  0.00000000E+00  0.00000000E+00  0.00000000E+00  0.00000000E+00  0.00000000E+00  0.00000000E+00  0.00000000E+00  0.00000000E+00  0.00000000E+00  0.00000000E+00  0.00000000E+00  0.00000000E+00  0.00000000E+00  0.00000000E+00  0.00000000E+00  0.00000000E+00  0.00000000E+00  0.00000000E+00  0.00000000E+00  0.00000000E+00  0.00000000E+00  0.00000000E+00  0.00000000E+00  0.00000000E+00  0.00000000E+00  0.00000000E+00  0.00000000E+00  0.00000000E+00  0.00000000E+00  0.00000000E+00  0.00000000E+00  0.00000000E+00  0.00000000E+00  0.00000000E+00  0.00000000E+00  0.00000000E+00  0.00000000E+00  0.00000000E+00  0.00000000E+00  0.00000000E+00  0.00000000E+00  0.00000000E+00  0.00000000E+00  0.00000000E+00  0.00000000E+00  0.00000000E+00  0.00000000E+00  0.00000000E+00  0.00000000E+00  0.00000000E+00  0.00000000E+00  0.00000000E+00  0.00000000E+00  0.00000000E+00  0.00000000E+00  0.00000000E+00  0.00000000E+00  0.00000000E+00  0.00000000E+00  0.00000000E+00  0.00000000E+00  0.00000000E+00  0.00000000E+00  0.00000000E+00  0.00000000E+00  0.00000000E+00  0.00000000E+00  0.00000000E+00  0.00000000E+00  0.00000000E+00  0.00000000E+00  0.00000000E+00  0.00000000E+00  0.00000000E+00  0.00000000E+00  0.00000000E+00  0.00000000E+00
  2.62784086E-01  2.60847780E-01  2.60582136E-01  2.60756108E-01  2.60240729E-01  2.58312222E-01  2.56637823E-01  2.55096921E-01  2.53350264E-01  2.50468362E-01  2.48527414E-01  2.46104321E-01  2.43304367E-01  2.39978265E-01  2.37147976E-01  2.33170485E-01  2.29592409E-01  2.26009304E-01  2.21784933E-01  2.17773457E-01  2.13129454E-01  2.08816545E-01  2.04220156E-01  1.99303656E-01  1.94360087E-01  1.89298329E-01  1.84352618E-01  1.79132151E-01  1.73815730E-01  1.68537744E-01  1.62921963E-01  1.57749463E-01  1.52226241E-01  1.46567480E-01  1.41306294E-01  1.35711141E-01  1.30064393E-01  1.24554216E-01  1.19182096E-01  1.13900838E-01  1.08315043E-01  1.03120370E-01  9.80348399E-02  9.27223269E-02  8.76771094E-02  8.29236434E-02  7.81319349E-02  7.34538435E-02  6.89719583E-02  6.44566901E-02  6.02624903E-02  5.61694565E-02  5.21400189E-02  4.83440563E-02  4.46995565E-02  4.11339763E-02  3.78646202E-02  3.47561107E-02  3.16934716E-02  2.88449530E-02  2.62555830E-02  2.37105911E-02  2.13895116E-02  1.91898168E-02  1.71354753E-02  1.52568063E-02  1.35341493E-02  1.19797612E-02  1.05014416E-02  9.20814861E-03  8.04308724E-03  6.95474721E-03  5.94758478E-03  5.11120726E-03  4.33788483E-03  3.65863353E-03  3.06975953E-03  2.56239695E-03  2.12234864E-03  1.74345516E-03  1.42544678E-03  1.14187409E-03  9.13948745E-04  7.16730325E-04  5.59778797E-04  4.32590921E-04  3.31797511E-04  2.56467544E-04  1.86656151E-04  1.40600501E-04  1.00172005E-04  7.05664853E-05  5.15712822E-05  3.55018805E-05  2.45300881E-05  1.60271455E-05  9.93470898E-06  6.52539634E-06  4.41348517E-06  2.46980733E-06  1.46123409E-06  6.49137901E-07  5.44335969E-07  2.29361136E-07  1.65545504E-07  5.89319914E-08  7.58164147E-09  0.00000000E+00  0.00000000E+00  0.00000000E+00  0.00000000E+00  0.00000000E+00  0.00000000E+00  0.00000000E+00  0.00000000E+00  0.00000000E+00  0.00000000E+00  0.00000000E+00  0.00000000E+00  0.00000000E+00  0.00000000E+00  0.00000000E+00  0.00000000E+00  0.00000000E+00  0.00000000E+00  0.00000000E+00  0.00000000E+00  0.00000000E+00  0.00000000E+00  0.00000000E+00  0.00000000E+00  0.00000000E+00  0.00000000E+00  0.00000000E+00  0.00000000E+00  0.00000000E+00  0.00000000E+00  0.00000000E+00  0.00000000E+00  0.00000000E+00  0.00000000E+00  0.00000000E+00  0.00000000E+00  0.00000000E+00  0.00000000E+00  0.00000000E+00  0.00000000E+00  0.00000000E+00  0.00000000E+00  0.00000000E+00  0.00000000E+00  0.00000000E+00  0.00000000E+00  0.00000000E+00  0.00000000E+00  0.00000000E+00  0.00000000E+00  0.00000000E+00  0.00000000E+00  0.00000000E+00  0.00000000E+00  0.00000000E+00  0.00000000E+00  0.00000000E+00  0.00000000E+00  0.00000000E+00  0.00000000E+00  0.00000000E+00  0.00000000E+00  0.00000000E+00  0.00000000E+00  0.00000000E+00  0.00000000E+00  0.00000000E+00  0.00000000E+00  0.00000000E+00  0.00000000E+00  0.00000000E+00  0.00000000E+00  0.00000000E+00  0.00000000E+00  0.00000000E+00  0.00000000E+00  0.00000000E+00  0.00000000E+00  0.00000000E+00  0.00000000E+00  0.00000000E+00  0.00000000E+00  0.00000000E+00  0.00000000E+00  0.00000000E+00  0.00000000E+00  0.00000000E+00  0.00000000E+00  0.00000000E+00  0.00000000E+00  0.00000000E+00  0.00000000E+00  0.00000000E+00
  2.62029448E-01  2.62720217E-01  2.61832480E-01  2.61194187E-01  2.59462810E-01  2.59121113E-01  2.57939178E-01  2.55692202E-01  2.53704787E-01  2.51206365E-01  2.49121978E-01  2.45813538E-01  2.43667770E-01  2.40232933E-01  2.37212647E-01  2.33356368E-01  2.29866089E-01  2.25941729E-01  2.22109409E-01  2.17562030E-01  2.13580223E-01  2.09072773E-01  2.04386236E-01  1.99568708E-01  1.94878227E-01  1.89595071E-01  1.84779106E-01  1.79589413E-01  1.74087486E-01  1.68879667E-01  1.63349787E-01  1.57955221E-01  1.52399514E-01  1.46838343E-01  1.41421141E-01  1.35970389E-01  1.30471439E-01  1.24976638E-01  1.19495747E-01  1.14025806E-01  1.08783609E-01  1.03416136E-01  9.81752441E-02  9.31231388E-02  8.81288934E-02  8.31322991E-02  7.83633707E-02  7.38267951E-02  6.91153255E-02  6.47062318E-02  6.03722072E-02  5.63384916E-02  5.23035499E-02  4.84893790E-02  4.48889708E-02  4.12770224E-02  3.79762848E-02  3.48376718E-02  3.17943446E-02  2.90033930E-02  2.63304018E-02  2.38027160E-02  2.14801686E-02  1.92839521E-02  1.72306824E-02  1.53715390E-02  1.35970835E-02  1.20282790E-02  1.05631015E-02  9.22472272E-03  8.05147006E-03  6.96522565E-03  6.01029623E-03  5.13720121E-03  4.37992154E-03  3.68053293E-03  3.09755648E-03  2.58752047E-03  2.14151414E-03  1.74076063E-03  1.42879291E-03  1.14295325E-03  9.13678373E-04  7.36448176E-04  5.68031934E-04  4.35828728E-04  3.37107744E-04  2.53098653E-04  1.87066260E-04  1.38107121E-04  1.04638380E-04  7.14692351E-05  5.17737981E-05  3.33058033E-05  2.40953923E-05  1.63535054E-05  1.08281278E-05  6.25045102E-06  3.78638335E-06  2.64570046E-06  1.61268021E-06  8.18979742E-07  4.71468998E-07  2.30726381E-07  1.33286345E-07  2.42998795E-08  1.99018089E-08  1.65244521E-08  9.30235964E-10  5.53044395E-10  0.00000000E+00  0.00000000E+00  0.00000000E+00  0.00000000E+00  0.00000000E+00  0.00000000E+00  0.00000000E+00  0.00000000E+00  0.00000000E+00  0.00000000E+00  0.00000000E+00  0.00000000E+00  0.00000000E+00  0.00000000E+00  0.00000000E+00  0.00000000E+00  0.00000000E+00  0.00000000E+00  0.00000000E+00  0.00000000E+00  0.00000000E+00  0.00000000E+00  0.00000000E+00  0.00000000E+00  0.00000000E+00  0.00000000E+00  0.00000000E+00  0.00000000E+00  0.00000000E+00  0.00000000E+00  0.00000000E+00  0.00000000E+00  0.00000000E+00  0.00000000E+00  0.00000000E+00  0.00000000E+00  0.00000000E+00  0.00000000E+00  0.00000000E+00  0.00000000E+00  0.00000000E+00  0.00000000E+00  0.00000000E+00  0.00000000E+00  0.00000000E+00  0.00000000E+00  0.00000000E+00  0.00000000E+00  0.00000000E+00  0.00000000E+00  0.00000000E+00  0.00000000E+00  0.00000000E+00  0.00000000E+00  0.00000000E+00  0.00000000E+00  0.00000000E+00  0.00000000E+00  0.00000000E+00  0.00000000E+00  0.00000000E+00  0.00000000E+00  0.00000000E+00  0.00000000E+00  0.00000000E+00  0.00000000E+00  0.00000000E+00  0.00000000E+00  0.00000000E+00  0.00000000E+00  0.00000000E+00  0.00000000E+00  0.00000000E+00  0.00000000E+00  0.00000000E+00  0.00000000E+00  0.00000000E+00  0.00000000E+00  0.00000000E+00  0.00000000E+00  0.00000000E+00  0.00000000E+00  0.00000000E+00  0.00000000E+00  0.00000000E+00  0.00000000E+00  0.00000000E+00  0.00000000E+00  0.00000000E+00  0.00000000E+00
  2.69538080E-01  2.69953900E-01  2.69751487E-01  2.68221708E-01  2.67631788E-01  2.66331283E-01  2.64991991E-01  2.62940825E-01  2.61259925E-01  2.58651316E-01  2.55767939E-01  2.53647548E-01  2.50924833E-01  2.47582593E-01  2.44020326E-01  2.40123451E-01  2.36741074E-01  2.32787205E-01  2.28375291E-01  2.24234498E-01  2.19967958E-01  2.15268851E-01  2.10422213E-01  2.05684418E-01  2.00275144E-01  1.95113567E-01  1.89995390E-01  1.84611396E-01  1.79188093E-01  1.73716684E-01  1.68222933E-01  1.62595461E-01  1.57040588E-01  1.51365828E-01  1.45621045E-01  1.40060410E-01  1.34563527E-01  1.28886906E-01  1.23258510E-01  1.17768745E-01  1.12011059E-01  1.06660782E-01  1.01418240E-01  9.60037784E-02  9.09699850E-02  8.58061407E-02  8.09790005E-02  7.63168206E-02  7.13857571E-02  6.70428082E-02  6.26190895E-02  5.83148539E-02  5.41341123E-02  5.03002944E-02  4.65126597E-02  4.28637838E-02  3.95153018E-02  3.61454554E-02  3.31188819E-02  3.00565464E-02  2.73713836E-02  2.48165056E-02  2.23928610E-02  2.01004839E-02  1.79795371E-02  1.60803763E-02  1.42422626E-02  1.25392597E-02  1.10698651E-02  9.67622176E-03  8.41048408E-03  7.30712432E-03  6.30489526E-03  5.40469230E-03  4.60233710E-03  3.90716317E-03  3.28508237E-03  2.74512484E-03  2.25909071E-03  1.85303380E-03  1.48796081E-03  1.20549455E-03  9.73521779E-04  7.74232725E-04  6.01906155E-04  4.61682308E-04  3.54640965E-04  2.62717628E-04  2.00771154E-04  1.47313345E-04  1.05930961E-04  7.57475895E-05  5.56093792E-05  3.59250334E-05  2.61110138E-05  1.70757669E-05  1.19407701E-05  6.92766948E-06  4.22863359E-06  2.53939366E-06  1.57431654E-06  7.48775796E-07  4.65757802E-07  1.98350574E-07  1.71340562E-07  4.53470193E-08  1.61109881E-08  1.50222292E-09  0.00000000E+00  0.00000000E+00  0.00000000E+00  0.00000000E+00  0.00000000E+00  0.00000000E+00  0.00000000E+00  0.00000000E+00  0.00000000E+00  0.00000000E+00  0.00000000E+00  0.00000000E+00  0.00000000E+00  0.00000000E+00  0.00000000E+00  0.00000000E+00  0.00000000E+00  0.00000000E+00  0.00000000E+00  0.00000000E+00  0.00000000E+00  0.00000000E+00  0.00000000E+00  0.00000000E+00  0.00000000E+00  0.00000000E+00  0.00000000E+00  0.00000000E+00  0.00000000E+00  0.00000000E+00  0.00000000E+00  0.00000000E+00  0.00000000E+00  0.00000000E+00  0.00000000E+00  0.00000000E+00  0.00000000E+00  0.00000000E+00  0.00000000E+00  0.00000000E+00  0.00000000E+00  0.00000000E+00  0.00000000E+00  0.00000000E+00  0.00000000E+00  0.00000000E+00  0.00000000E+00  0.00000000E+00  0.00000000E+00  0.00000000E+00  0.00000000E+00  0.00000000E+00  0.00000000E+00  0.00000000E+00  0.00000000E+00  0.00000000E+00  0.00000000E+00  0.00000000E+00  0.00000000E+00  0.00000000E+00  0.00000000E+00  0.00000000E+00  0.00000000E+00  0.00000000E+00  0.00000000E+00  0.00000000E+00  0.00000000E+00  0.00000000E+00  0.00000000E+00  0.00000000E+00  0.00000000E+00  0.00000000E+00  0.00000000E+00  0.00000000E+00  0.00000000E+00  0.00000000E+00  0.00000000E+00  0.00000000E+00  0.00000000E+00  0.00000000E+00  0.00000000E+00  0.00000000E+00  0.00000000E+00  0.00000000E+00  0.00000000E+00  0.00000000E+00  0.00000000E+00  0.00000000E+00  0.00000000E+00  0.00000000E+00  0.00000000E+00  0.00000000E+00
  2.67343283E-01  2.68248819E-01  2.67956311E-01  2.66957099E-01  2.66253515E-01  2.64509012E-01  2.63318254E-01  2.61311934E-01  2.59276686E-01  2.57482565E-01  2.54041135E-01  2.51602332E-01  2.48560613E-01  2.45928229E-01  2.42371100E-01  2.39356945E-01  2.35283107E-01  2.31314538E-01  2.27690723E-01  2.22617360E-01  2.18678792E-01  2.13830688E-01  2.09080133E-01  2.04045296E-01  1.99223768E-01  1.94473607E-01  1.89124968E-01  1.83503387E-01  1.78370196E-01  1.72982355E-01  1.67400600E-01  1.61783890E-01  1.56306123E-01  1.50573786E-01  1.44844035E-01  1.39420346E-01  1.33644719E-01  1.28138822E-01  1.22520851E-01  1.17014759E-01  1.11640200E-01  1.06099570E-01  1.00798086E-01  9.55849461E-02  9.06293798E-02  8.54420137E-02  8.05983428E-02  7.57816916E-02  7.11426804E-02  6.66449276E-02  6.21749417E-02  5.79969718E-02  5.39370165E-02  4.99458306E-02  4.62365303E-02  4.26634259E-02  3.92230653E-02  3.59408011E-02  3.28990544E-02  2.99341065E-02  2.71997022E-02  2.45786222E-02  2.21778998E-02  1.99681729E-02  1.77885811E-02  1.59362656E-02  1.41409177E-02  1.24783006E-02  1.09509671E-02  9.60760492E-03  8.34649751E-03  7.26220498E-03  6.24638781E-03  5.31472674E-03  4.53013934E-03  3.84192457E-03  3.23050649E-03  2.68667157E-03  2.22519268E-03  1.82170266E-03  1.48959802E-03  1.20960683E-03  9.57586978E-04  7.56632846E-04  5.99669437E-04  4.52194123E-04  3.56356435E-04  2.63765460E-04  2.01922105E-04  1.44889432E-04  1.06676620E-04  7.43314725E-05  5.10920528E-05  3.68242333E-05  2.43660358E-05  1.73583726E-05  1.22223298E-05  6.42022147E-06  3.57960371E-06  2.29472571E-06  1.87078135E-06  8.75063347E-07  2.48929329E-07  2.80265266E-07  1.01606692E-07  3.19533849E-08  5.57250649E-08  0.00000000E+00  0.00000000E+00  0.00000000E+00  0.00000000E+00  0.00000000E+00  0.00000000E+00  0.00000000E+00  0.00000000E+00  0.00000000E+00  0.00000000E+00  0.00000000E+00  0.00000000E+00  0.00000000E+00  0.00000000E+00  0.00000000E+00  0.00000000E+00  0.00000000E+00  0.00000000E+00  0.00000000E+00  0.00000000E+00  0.00000000E+00  0.00000000E+00  0.00000000E+00  0.00000000E+00  0.00000000E+00  0.00000000E+00  0.00000000E+00  0.00000000E+00  0.00000000E+00  0.00000000E+00  0.00000000E+00  0.00000000E+00  0.00000000E+00  0.00000000E+00  0.00000000E+00  0.00000000E+00  0.00000000E+00  0.00000000E+00  0.00000000E+00  0.00000000E+00  0.00000000E+00  0.00000000E+00  0.00000000E+00  0.00000000E+00  0.00000000E+00  0.00000000E+00  0.00000000E+00  0.00000000E+00  0.00000000E+00  0.00000000E+00  0.00000000E+00  0.00000000E+00  0.00000000E+00  0.00000000E+00  0.00000000E+00  0.00000000E+00  0.00000000E+00  0.00000000E+00  0.00000000E+00  0.00000000E+00  0.00000000E+00  0.00000000E+00  0.00000000E+00  0.00000000E+00  0.00000000E+00  0.00000000E+00  0.00000000E+00  0.00000000E+00  0.00000000E+00  0.00000000E+00  0.00000000E+00  0.00000000E+00  0.00000000E+00  0.00000000E+00  0.00000000E+00  0.00000000E+00  0.00000000E+00  0.00000000E+00  0.00000000E+00  0.00000000E+00  0.00000000E+00  0.00000000E+00  0.00000000E+00  0.00000000E+00  0.00000000E+00  0.00000000E+00  0.00000000E+00  0.00000000E+00  0.00000000E+00  0.00000000E+00  0.00000000E+00  0.00000000E+00  0.00000000E+00
  2.70477582E-01  2.68958146E-01  2.69404601E-01  2.68496562E-01  2.68341294E-01  2.65847036E-01  2.64190183E-01  2.62728927E-01  2.60935622E-01  2.58325238E-01  2.56464914E-01  2.53463059E-01  2.50291216E-01  2.47197780E-01  2.43950681E-01  2.40403744E-01  2.36596643E-01  2.32333632E-01  2.28590722E-01  2.24029043E-01  2.19752374E-01  2.15163945E-01  2.10173356E-01  2.05268138E-01  2.00628327E-01  1.95379902E-01  1.90281083E-01  1.84645884E-01  1.79141293E-01  1.73637365E-01  1.68095006E-01  1.62612254E-01  1.57057728E-01  1.51411850E-01  1.45651853E-01  1.40236081E-01  1.34510305E-01  1.28836662E-01  1.23129269E-01  1.17723080E-01  1.12201002E-01  1.06713559E-01  1.01366368E-01  9.61737831E-02  9.11253723E-02  8.60301835E-02  8.11698844E-02  7.62043397E-02  7.14928680E-02  6.70363646E-02  6.27018090E-02  5.84049494E-02  5.43033619E-02  5.03899030E-02  4.65548165E-02  4.28930457E-02  3.94354583E-02  3.61359286E-02  3.30186815E-02  3.01091378E-02  2.74043678E-02  2.47859753E-02  2.23446933E-02  2.00328365E-02  1.80115538E-02  1.60628116E-02  1.42252944E-02  1.25716137E-02  1.10438415E-02  9.70196124E-03  8.42124886E-03  7.31242296E-03  6.25888232E-03  5.38406044E-03  4.58912047E-03  3.85792668E-03  3.25709808E-03  2.71463598E-03  2.22835149E-03  1.84415038E-03  1.49942929E-03  1.20690932E-03  9.52496161E-04  7.65089501E-04  5.93012795E-04  4.59402339E-04  3.56879874E-04  2.64403803E-04  1.94976939E-04  1.43147336E-04  1.05384039E-04  7.58742216E-05  5.24031686E-05  3.59401460E-05  2.41293562E-05  1.56906397E-05  1.07628629E-05  7.15520329E-06  4.62559313E-06  2.42152295E-06  1.36663048E-06  1.11053494E-06  5.08493296E-07  2.33261836E-07  8.53805284E-08  8.93546752E-08  6.74766092E-08  2.08433430E-08  0.00000000E+00  1.16139323E-08  0.00000000E+00  0.00000000E+00  0.00000000E+00  0.00000000E+00  0.00000000E+00  0.00000000E+00  0.00000000E+00  0.00000000E+00  0.00000000E+00  0.00000000E+00  0.00000000E+00  0.00000000E+00  0.00000000E+00  0.00000000E+00  0.00000000E+00  0.00000000E+00  0.00000000E+00  0.00000000E+00  0.00000000E+00  0.00000000E+00  0.00000000E+00  0.00000000E+00  0.00000000E+00  0.00000000E+00  0.00000000E+00  0.00000000E+00  0.00000000E+00  0.00000000E+00  0.00000000E+00  0.00000000E+00  0.00000000E+00  0.00000000E+00  0.00000000E+00  0.00000000E+00  0.00000000E+00  0.00000000E+00  0.00000000E+00  0.00000000E+00  0.00000000E+00  0.00000000E+00  0.00000000E+00  0.00000000E+00  0.00000000E+00  0.00000000E+00  0.00000000E+00  0.00000000E+00  0.00000000E+00  0.00000000E+00  0.00000000E+00  0.00000000E+00  0.00000000E+00  0.00000000E+00  0.00000000E+00  0.00000000E+00  0.00000000E+00  0.00000000E+00  0.00000000E+00  0.00000000E+00  0.00000000E+00  0.00000000E+00  0.00000000E+00  0.00000000E+00  0.00000000E+00  0.00000000E+00  0.00000000E+00  0.00000000E+00  0.00000000E+00  0.00000000E+00  0.00000000E+00  0.00000000E+00  0.00000000E+00  0.00000000E+00  0.00000000E+00  0.00000000E+00  0.00000000E+00  0.00000000E+00  0.00000000E+00  0.00000000E+00  0.00000000E+00  0.00000000E+00  0.00000000E+00  0.00000000E+00  0.00000000E+00  0.00000000E+00  0.00000000E+00  0.00000000E+00  0.00000000E+00  0.00000000E+00  0.00000000E+00  0.00000000E+00
  2.69880880E-01  2.70681475E-01  2.70026842E-01  2.69916529E-01  2.68575709E-01  2.67016774E-01  2.65677841E-01  2.63945894E-01  2.61665920E-01  2.59374670E-01  2.56544328E-01  2.53936655E-01  2.50873418E-01  2.47698095E-01  2.44126604E-01  2.40745832E-01  2.36724695E-01  2.32998787E-01  2.28603411E-01  2.24161643E-01  2.19804315E-01  2.15241541E-01  2.10358154E-01  2.05528410E-01  2.00566307E-01  1.95289735E-01  1.89877039E-01  1.84883619E-01  1.79447091E-01  1.73826405E-01  1.68389283E-01  1.62456690E-01  1.57126558E-01  1.51587938E-01  1.45792140E-01  1.40137366E-01  1.34457775E-01  1.28732548E-01  1.23059587E-01  1.17814275E-01  1.12226644E-01  1.06879545E-01  1.01346618E-01  9.60174725E-02  9.09469955E-02  8.59245813E-02  8.09615601E-02  7.60769861E-02  7.14492260E-02  6.69974694E-02  6.25001013E-02  5.82246874E-02  5.41120482E-02  5.03953857E-02  4.65310832E-02  4.29044241E-02  3.93994402E-02  3.61196312E-02  3.30552266E-02  3.01399435E-02  2.73053146E-02  2.47102764E-02  2.22867537E-02  2.00537049E-02  1.79386156E-02  1.60283134E-02  1.41161021E-02  1.25136419E-02  1.09771336E-02  9.60875596E-03  8.39460805E-03  7.24913877E-03  6.29221086E-03  5.34863531E-03  4.54775545E-03  3.85461295E-03  3.23329772E-03  2.70073673E-03  2.23337616E-03  1.80921138E-03  1.48574535E-03  1.18752692E-03  9.57593095E-04  7.42238812E-04  5.96157052E-04  4.55068580E-04  3.51167319E-04  2.61779608E-04  1.92498037E-04  1.37716480E-04  1.02413445E-04  7.34604910E-05  5.35178789E-05  3.90865900E-05  2.57797051E-05  1.80400504E-05  1.13073652E-05  5.95169644E-06  4.29093390E-06  2.74713825E-06  1.40519501E-06  8.69097006E-07  2.90680134E-07  1.67535048E-07  2.29677485E-07  1.40059148E-07  0.00000000E+00  1.14544497E-08  0.00000000E+00  0.00000000E+00  0.00000000E+00  0.00000000E+00  0.00000000E+00  0.00000000E+00  0.00000000E+00  0.00000000E+00  0.00000000E+00  0.00000000E+00  0.00000000E+00  0.00000000E+00  0.00000000E+00  0.00000000E+00  0.00000000E+00  0.00000000E+00  0.00000000E+00  0.00000000E+00  0.00000000E+00  0.00000000E+00  0.00000000E+00  0.00000000E+00  0.00000000E+00  0.00000000E+00  0.00000000E+00  0.00000000E+00  0.00000000E+00  0.00000000E+00  0.00000000E+00  0.00000000E+00  0.00000000E+00  0.00000000E+00  0.00000000E+00  0.00000000E+00  0.00000000E+00  0.00000000E+00  0.00000000E+00  0.00000000E+00  0.00000000E+00  0.00000000E+00  0.00000000E+00  0.00000000E+00  0.00000000E+00  0.00000000E+00  0.00000000E+00  0.00000000E+00  0.00000000E+00  0.00000000E+00  0.00000000E+00  0.00000000E+00  0.00000000E+00  0.00000000E+00  0.00000000E+00  0.00000000E+00  0.00000000E+00  0.00000000E+00  0.00000000E+00  0.00000000E+00  0.00000000E+00  0.00000000E+00  0.00000000E+00  0.00000000E+00  0.00000000E+00  0.00000000E+00  0.00000000E+00  0.00000000E+00  0.00000000E+00  0.00000000E+00  0.00000000E+00  0.00000000E+00  0.00000000E+00  0.00000000E+00  0.00000000E+00  0.00000000E+00  0.00000000E+00  0.00000000E+00  0.00000000E+00  0.00000000E+00  0.00000000E+00  0.00000000E+00  0.00000000E+00  0.00000000E+00  0.00000000E+00  0.00000000E+00  0.00000000E+00  0.00000000E+00  0.00000000E+00  0.00000000E+00  0.00000000E+00  0.00000000E+00  0.00000000E+00  0.00000000E+00
  2.69857545E-01  2.68378831E-01  2.69382485E-01  2.67977889E-01  2.67160325E-01  2.65661089E-01  2.64657728E-01  2.62169010E-01  2.60543562E-01  2.58280059E-01  2.55671922E-01  2.53205246E-01  2.49576146E-01  2.46977500E-01  2.43973454E-01  2.39898811E-01  2.36507266E-01  2.32608811E-01  2.28172168E-01  2.24152038E-01  2.19828001E-01  2.14882996E-01  2.09871820E-01  2.05098219E-01  2.00179886E-01  1.95162818E-01  1.90160495E-01  1.84510463E-01  1.79292812E-01  1.73866323E-01  1.67999408E-01  1.62486035E-01  1.57037263E-01  1.51348675E-01  1.45631930E-01  1.39951571E-01  1.34387776E-01  1.28783747E-01  1.23160226E-01  1.17496635E-01  1.12305780E-01  1.06733193E-01  1.01346514E-01  9.62291196E-02  9.11023347E-02  8.61400621E-02  8.12460247E-02  7.63856693E-02  7.15623644E-02  6.69652919E-02  6.27561872E-02  5.83623077E-02  5.42321064E-02  5.03982590E-02  4.66497905E-02  4.30616671E-02  3.95612740E-02  3.62895081E-02  3.31772674E-02  3.02565063E-02  2.74790367E-02  2.48340249E-02  2.23570224E-02  2.01742926E-02  1.80443139E-02  1.60891725E-02  1.42423151E-02  1.25913304E-02  1.10658114E-02  9.70415993E-03  8.46072518E-03  7.30995151E-03  6.30153880E-03  5.37936600E-03  4.58830002E-03  3.85886246E-03  3.26244727E-03  2.72625121E-03  2.26079791E-03  1.85428229E-03  1.50686229E-03  1.21376368E-03  9.69924245E-04  7.73326888E-04  5.94245224E-04  4.71489221E-04  3.52649657E-04  2.70312915E-04  2.01813077E-04  1.48453466E-04  1.04933922E-04  7.67666025E-05  5.28736689E-05  3.54317148E-05  2.36574923E-05  1.60590628E-05  1.15301446E-05  7.24857704E-06  4.68727864E-06  2.06060728E-06  1.56527797E-06  1.06021880E-06  4.07070350E-07  2.64857503E-07  8.34488422E-08  1.00260920E-07  0.00000000E+00  3.38000156E-09  0.00000000E+00  0.00000000E+00  0.00000000E+00  0.00000000E+00  0.00000000E+00  0.00000000E+00  0.00000000E+00  0.00000000E+00  0.00000000E+00  0.00000000E+00  0.00000000E+00  0.00000000E+00  0.00000000E+00  0.00000000E+00  0.00000000E+00  0.00000000E+00  0.00000000E+00  0.00000000E+00  0.00000000E+00  0.00000000E+00  0.00000000E+00  0.00000000E+00  0.00000000E+00  0.00000000E+00  0.00000000E+00  0.00000000E+00  0.00000000E+00  0.00000000E+00  0.00000000E+00  0.00000000E+00  0.00000000E+00  0.00000000E+00  0.00000000E+00  0.00000000E+00  0.00000000E+00  0.00000000E+00  0.00000000E+00  0.00000000E+00  0.00000000E+00  0.00000000E+00  0.00000000E+00  0.00000000E+00  0.00000000E+00  0.00000000E+00  0.00000000E+00  0.00000000E+00  0.00000000E+00  0.00000000E+00  0.00000000E+00  0.00000000E+00  0.00000000E+00  0.00000000E+00  0.00000000E+00  0.00000000E+00  0.00000000E+00  0.00000000E+00  0.00000000E+00  0.00000000E+00  0.00000000E+00  0.00000000E+00  0.00000000E+00  0.00000000E+00  0.00000000E+00  0.00000000E+00  0.00000000E+00  0.00000000E+00  0.00000000E+00  0.00000000E+00  0.00000000E+00  0.00000000E+00  0.00000000E+00  0.00000000E+00  0.00000000E+00  0.00000000E+00  0.00000000E+00  0.00000000E+00  0.00000000E+00  0.00000000E+00  0.00000000E+00  0.00000000E+00  0.00000000E+00  0.00000000E+00  0.00000000E+00  0.00000000E+00  0.00000000E+00  0.00000000E+00  0.00000000E+00  0.00000000E+00  0.00000000E+00  0.00000000E+00  0.00000000E+00  0.00000000E+00
  2.69429519E-01  2.69750855E-01  2.69345488E-01  2.68091294E-01  2.67701798E-01  2.66175167E-01  2.64591819E-01  2.63350032E-01  2.60251317E-01  2.58810873E-01  2.55969777E-01  2.52940160E-01  2.50524400E-01  2.46985199E-01  2.43826170E-01  2.40256479E-01  2.36453082E-01  2.32333596E-01  2.28302704E-01  2.24171290E-01  2.19818222E-01  2.14987096E-01  2.10278029E-01  2.05410413E-01  2.00597402E-01  1.95199532E-01  1.89901465E-01  1.84708665E-01  1.79277239E-01  1.73876814E-01  1.68778746E-01  1.62649834E-01  1.57041550E-01  1.51615267E-01  1.45684838E-01  1.39999548E-01  1.34478910E-01  1.28777294E-01  1.23325889E-01  1.17640616E-01  1.12288318E-01  1.06762725E-01  1.01480889E-01  9.61807647E-02  9.09008491E-02  8.59815536E-02  8.09015236E-02  7.62501537E-02  7.15462347E-02  6.71375341E-02  6.26285186E-02  5.83489758E-02  5.41971906E-02  5.02680977E-02  4.65169311E-02  4.29844630E-02  3.93842621E-02  3.61788183E-02  3.30542956E-02  3.01832989E-02  2.73822695E-02  2.47830518E-02  2.23675246E-02  2.00868209E-02  1.80028882E-02  1.60500586E-02  1.42100680E-02  1.25438852E-02  1.10497347E-02  9.67425746E-03  8.42524915E-03  7.29785790E-03  6.27998503E-03  5.39300824E-03  4.58004376E-03  3.88838847E-03  3.27049691E-03  2.70775187E-03  2.24931548E-03  1.85940881E-03  1.50127638E-03  1.21289134E-03  9.59831185E-04  7.63954968E-04  6.03815356E-04  4.58179839E-04  3.59381553E-04  2.66741702E-04  1.99142807E-04  1.46224648E-04  1.06310817E-04  7.63450104E-05  5.47589434E-05  3.61787092E-05  2.44085441E-05  1.58946146E-05  1.09697445E-05  7.05644658E-06  3.87962889E-06  2.37202130E-06  1.73901921E-06  9.10264759E-07  6.68406757E-07  3.31754501E-07  8.82780577E-08  5.72099527E-08  1.06142981E-08  2.00922314E-08  5.69304410E-08  0.00000000E+00  0.00000000E+00  0.00000000E+00  0.00000000E+00  0.00000000E+00  0.00000000E+00  0.00000000E+00  0.00000000E+00  0.00000000E+00  0.00000000E+00  0.00000000E+00  0.00000000E+00  0.00000000E+00  0.00000000E+00  0.00000000E+00  0.00000000E+00  0.00000000E+00  0.00000000E+00  0.00000000E+00  0.00000000E+00  0.00000000E+00  0.00000000E+00  0.00000000E+00  0.00000000E+00  0.00000000E+00  0.00000000E+00  0.00000000E+00  0.00000000E+00  0.00000000E+00  0.00000000E+00  0.00000000E+00  0.00000000E+00  0.00000000E+00  0.00000000E+00  0.00000000E+00  0.00000000E+00  0.00000000E+00  0.00000000E+00  0.00000000E+00  0.00000000E+00  0.00000000E+00  0.00000000E+00  0.00000000E+00  0.00000000E+00  0.00000000E+00  0.00000000E+00  0.00000000E+00  0.00000000E+00  0.00000000E+00  0.00000000E+00  0.00000000E+00  0.00000000E+00  0.00000000E+00  0.00000000E+00  0.00000000E+00  0.00000000E+00  0.00000000E+00  0.00000000E+00  0.00000000E+00  0.00000000E+00  0.00000000E+00  0.00000000E+00  0.00000000E+00  0.00000000E+00  0.00000000E+00  0.00000000E+00  0.00000000E+00  0.00000000E+00  0.00000000E+00  0.00000000E+00  0.00000000E+00  0.00000000E+00  0.00000000E+00  0.00000000E+00  0.00000000E+00  0.00000000E+00  0.00000000E+00  0.00000000E+00  0.00000000E+00  0.00000000E+00  0.00000000E+00  0.00000000E+00  0.00000000E+00  0.00000000E+00  0.00000000E+00  0.00000000E+00  0.00000000E+00  0.00000000E+00  0.00000000E+00  0.00000000E+00  0.00000000E+00
  2.72652596E-01  2.70397295E-01  2.68864477E-01  2.69661163E-01  2.68310656E-01  2.65570542E-01  2.64931750E-01  2.63006793E-01  2.61550973E-01  2.59002000E-01  2.57212033E-01  2.53809648E-01  2.50904252E-01  2.47517253E-01  2.43747014E-01  2.40525230E-01  2.36429012E-01  2.32491264E-01  2.28451020E-01  2.23995469E-01  2.19592781E-01  2.15188339E-01  2.10579697E-01  2.05220095E-01  2.00389571E-01  1.95545489E-01  1.89677333E-01  1.84568643E-01  1.79489981E-01  1.73534290E-01  1.68220266E-01  1.62603926E-01  1.56858708E-01  1.51434557E-01  1.45751193E-01  1.39996412E-01  1.34268786E-01  1.28937681E-01  1.23113656E-01  1.17780209E-01  1.12193289E-01  1.06806005E-01  1.01422764E-01  9.61363562E-02  9.09214331E-02  8.59263639E-02  8.09834002E-02  7.61093621E-02  7.15630383E-02  6.70537895E-02  6.25791390E-02  5.84927775E-02  5.42380458E-02  5.03206292E-02  4.65272912E-02  4.29218373E-02  3.95654545E-02  3.62273433E-02  3.31523791E-02  3.01751223E-02  2.73958082E-02  2.47857449E-02  2.23109231E-02  2.00440104E-02  1.80171215E-02  1.59815632E-02  1.41199025E-02  1.25797818E-02  1.10322724E-02  9.62735944E-03  8.42326375E-03  7.28484138E-03  6.27477506E-03  5.39438365E-03  4.57647746E-03  3.86701632E-03  3.25771501E-03  2.69035456E-03  2.24360911E-03  1.82962527E-03  1.48829131E-03  1.21362919E-03  9.51266887E-04  7.61891874E-04  5.99647698E-04  4.56824182E-04  3.51676522E-04  2.69200948E-04  1.96695838E-04  1.40534868E-04  1.09458959E-04  7.59240802E-05  5.03297813E-05  3.69738481E-05  2.39251453E-05  1.75014721E-05  1.01472385E-05  7.10675660E-06  3.97676818E-06  2.72421331E-06  1.87540106E-06  1.19008615E-06  5.15779994E-07  3.84218910E-07  7.99718070E-08  0.00000000E+00  2.17972192E-08  7.69889244E-09  0.00000000E+00  0.00000000E+00  0.00000000E+00  0.00000000E+00  0.00000000E+00  0.00000000E+00  0.00000000E+00  0.00000000E+00  0.00000000E+00  0.00000000E+00  0.00000000E+00  0.00000000E+00  0.00000000E+00  0.00000000E+00  0.00000000E+00  0.00000000E+00  0.00000000E+00  0.00000000E+00  0.00000000E+00  0.00000000E+00  0.00000000E+00  0.00000000E+00  0.00000000E+00  0.00000000E+00  0.00000000E+00  0.00000000E+00  0.00000000E+00  0.00000000E+00  0.00000000E+00  0.00000000E+00  0.00000000E+00  0.00000000E+00  0.00000000E+00  0.00000000E+00  0.00000000E+00  0.00000000E+00  0.00000000E+00  0.00000000E+00  0.00000000E+00  0.00000000E+00  0.00000000E+00  0.00000000E+00  0.00000000E+00  0.00000000E+00  0.00000000E+00  0.00000000E+00  0.00000000E+00  0.00000000E+00  0.00000000E+00  0.00000000E+00  0.00000000E+00  0.00000000E+00  0.00000000E+00  0.00000000E+00  0.00000000E+00  0.00000000E+00  0.00000000E+00  0.00000000E+00  0.00000000E+00  0.00000000E+00  0.00000000E+00  0.00000000E+00  0.00000000E+00  0.00000000E+00  0.00000000E+00  0.00000000E+00  0.00000000E+00  0.00000000E+00  0.00000000E+00  0.00000000E+00  0.00000000E+00  0.00000000E+00  0.00000000E+00  0.00000000E+00  0.00000000E+00  0.00000000E+00  0.00000000E+00  0.00000000E+00  0.00000000E+00  0.00000000E+00  0.00000000E+00  0.00000000E+00  0.00000000E+00  0.00000000E+00  0.00000000E+00  0.00000000E+00  0.00000000E+00  0.00000000E+00  0.00000000E+00  0.00000000E+00  0.00000000E+00  0.00000000E+00
  2.68356546E-01  2.69110887E-01  2.67421331E-01  2.67969670E-01  2.66099226E-01  2.65209540E-01  2.64239723E-01  2.61379759E-01  2.59440426E-01  2.56967199E-01  2.55241650E-01  2.52159580E-01  2.49769324E-01  2.46500710E-01  2.42622465E-01  2.39272355E-01  2.35609281E-01  2.31316031E-01  2.28239165E-01  2.23494432E-01  2.18876300E-01  2.14788890E-01  2.09714333E-01  2.05009988E-01  2.00065967E-01  1.94970612E-01  1.89924562E-01  1.84365503E-01  1.79115447E-01  1.73580756E-01  1.68044780E-01  1.62683884E-01  1.57093765E-01  1.51472812E-01  1.46074067E-01  1.40229936E-01  1.34705665E-01  1.29099800E-01  1.23429852E-01  1.17896468E-01  1.12541729E-01  1.06915550E-01  1.01640867E-01  9.64831412E-02  9.12700238E-02  8.60847468E-02  8.12307614E-02  7.63762897E-02  7.17314138E-02  6.72104219E-02  6.28265293E-02  5.84135777E-02  5.43868963E-02  5.04819155E-02  4.66264376E-02  4.30452625E-02  3.97832116E-02  3.63348135E-02  3.31801739E-02  3.03176757E-02  2.74198267E-02  2.48768585E-02  2.24120423E-02  2.01320378E-02  1.80438817E-02  1.60534311E-02  1.43088440E-02  1.25893656E-02  1.10653514E-02  9.67411165E-03  8.47206377E-03  7.33921206E-03  6.29467384E-03  5.38662311E-03  4.59873828E-03  3.93131406E-03  3.28128184E-03  2.72954662E-03  2.24833703E-03  1.84956560E-03  1.51949655E-03  1.22396324E-03  9.74201990E-04  7.66462640E-04  6.09138042E-04  4.71672431E-04  3.55807793E-04  2.70837524E-04  2.01043951E-04  1.39828016E-04  1.01393656E-04  7.81877936E-05  5.39890339E-05  3.52924630E-05  2.53488542E-05  1.62539487E-05  8.94966814E-06  6.15707728E-06  3.49701481E-06  2.05492677E-06  1.27765087E-06  7.11784482E-07  3.10570848E-07  1.78457007E-07  9.77433198E-08  1.49243354E-08  4.70061772E-08  0.00000000E+00  0.00000000E+00  0.00000000E+00  0.00000000E+00  0.00000000E+00  0.00000000E+00  0.00000000E+00  0.00000000E+00  0.00000000E+00  0.00000000E+00  0.00000000E+00  0.00000000E+00  0.00000000E+00  0.00000000E+00  0.00000000E+00  0.00000000E+00  0.00000000E+00  0.00000000E+00  0.00000000E+00  0.00000000E+00  0.00000000E+00  0.00000000E+00  0.00000000E+00  0.00000000E+00  0.00000000E+00  0.00000000E+00  0.00000000E+00  0.00000000E+00  0.00000000E+00  0.00000000E+00  0.00000000E+00  0.00000000E+00  0.00000000E+00  0.00000000E+00  0.00000000E+00  0.00000000E+00  0.00000000E+00  0.00000000E+00  0.00000000E+00  0.00000000E+00  0.00000000E+00  0.00000000E+00  0.00000000E+00  0.00000000E+00  0.00000000E+00  0.00000000E+00  0.00000000E+00  0.00000000E+00  0.00000000E+00  0.00000000E+00  0.00000000E+00  0.00000000E+00  0.00000000E+00  0.00000000E+00  0.00000000E+00  0.00000000E+00  0.00000000E+00  0.00000000E+00  0.00000000E+00  0.00000000E+00  0.00000000E+00  0.00000000E+00  0.00000000E+00  0.00000000E+00  0.00000000E+00  0.00000000E+00  0.00000000E+00  0.00000000E+00  0.00000000E+00  0.00000000E+00  0.00000000E+00  0.00000000E+00  0.00000000E+00  0.00000000E+00  0.00000000E+00  0.00000000E+00  0.00000000E+00  0.00000000E+00  0.00000000E+00  0.00000000E+00  0.00000000E+00  0.00000000E+00  0.00000000E+00  0.00000000E+00  0.00000000E+00  0.00000000E+00  0.00000000E+00  0.00000000E+00  0.00000000E+00  0.00000000E+00  0.00000000E+00  0.00000000E+00  0.00000000E+00
  2.63788628E-01  2.61843292E-01  2.61298485E-01  2.60498060E-01  2.59930240E-01  2.57757974E-01  2.56916419E-01  2.54820010E-01  2.53088151E-01  2.51269507E-01  2.48679944E-01  2.45829664E-01  2.43581511E-01  2.40303253E-01  2.36390174E-01  2.33428083E-01  2.29919933E-01  2.25490901E-01  2.21763962E-01  2.17561127E-01  2.13247151E-01  2.08570479E-01  2.04200390E-01  1.99183203E-01  1.94461922E-01  1.89393425E-01  1.84537652E-01  1.79251651E-01  1.73854701E-01  1.68375693E-01  1.63211084E-01  1.57801926E-01  1.52338325E-01  1.46651588E-01  1.41283389E-01  1.35781291E-01  1.30222450E-01  1.24607767E-01  1.19333181E-01  1.14017461E-01  1.08541643E-01  1.03244121E-01  9.79517405E-02  9.28977498E-02  8.79423301E-02  8.29654735E-02  7.81141073E-02  7.35207858E-02  6.88969208E-02  6.44268041E-02  6.01618199E-02  5.60722123E-02  5.21431225E-02  4.84363722E-02  4.46823942E-02  4.11264372E-02  3.78225302E-02  3.47336574E-02  3.16767765E-02  2.88207422E-02  2.61600369E-02  2.36506413E-02  2.12688600E-02  1.92002573E-02  1.70839306E-02  1.52215672E-02  1.35723083E-02  1.19561443E-02  1.04736649E-02  9.16308796E-03  7.95562178E-03  6.89709198E-03  5.93661355E-03  5.07769500E-03  4.28553152E-03  3.64488771E-03  3.06461854E-03  2.54927597E-03  2.11466712E-03  1.72367962E-03  1.41548562E-03  1.12208649E-03  9.09103587E-04  7.14227246E-04  5.65808594E-04  4.30117354E-04  3.32203334E-04  2.51225150E-04  1.87728411E-04  1.37607768E-04  1.01206516E-04  6.68701088E-05  5.03631702E-05  3.73730367E-05  2.44969786E-05  1.51818649E-05  1.13799515E-05  6.68999085E-06  4.09173685E-06  1.91108798E-06  1.32947195E-06  7.00249556E-07  3.48776773E-07  2.24290227E-07  1.05470064E-07  2.56392430E-08  1.91436447E-08  0.00000000E+00  0.00000000E+00  0.00000000E+00  0.00000000E+00  0.00000000E+00  0.00000000E+00  0.00000000E+00  0.00000000E+00  0.00000000E+00  0.00000000E+00  0.00000000E+00  0.00000000E+00  0.00000000E+00  0.00000000E+00  0.00000000E+00  0.00000000E+00  0.00000000E+00  0.00000000E+00  0.00000000E+00  0.00000000E+00  0.00000000E+00  0.00000000E+00  0.00000000E+00  0.00000000E+00  0.00000000E+00  0.00000000E+00  0.00000000E+00  0.00000000E+00  0.00000000E+00  0.00000000E+00  0.00000000E+00  0.00000000E+00  0.00000000E+00  0.00000000E+00  0.00000000E+00  0.00000000E+00  0.00000000E+00  0.00000000E+00  0.00000000E+00  0.00000000E+00  0.00000000E+00  0.00000000E+00  0.00000000E+00  0.00000000E+00  0.00000000E+00  0.00000000E+00  0.00000000E+00  0.00000000E+00  0.00000000E+00  0.00000000E+00  0.00000000E+00  0.00000000E+00  0.00000000E+00  0.00000000E+00  0.00000000E+00  0.00000000E+00  0.00000000E+00  0.00000000E+00  0.00000000E+00  0.00000000E+00  0.00000000E+00  0.00000000E+00  0.00000000E+00  0.00000000E+00  0.00000000E+00  0.00000000E+00  0.00000000E+00  0.00000000E+00  0.00000000E+00  0.00000000E+00  0.00000000E+00  0.00000000E+00  0.00000000E+00  0.00000000E+00  0.00000000E+00  0.00000000E+00  0.00000000E+00  0.00000000E+00  0.00000000E+00  0.00000000E+00  0.00000000E+00  0.00000000E+00  0.00000000E+00  0.00000000E+00  0.00000000E+00  0.00000000E+00  0.00000000E+00  0.00000000E+00  0.00000000E+00  0.00000000E+00  0.00000000E+00  0.00000000E+00  0.00000000E+00
  2.61474209E-01  2.61351127E-01  2.61702942E-01  2.61112514E-01  2.60212706E-01  2.58354440E-01  2.57049464E-01  2.55168859E-01  2.52885046E-01  2.51146218E-01  2.48910914E-01  2.46074265E-01  2.43196667E-01  2.39817341E-01  2.36617385E-01  2.33101257E-01  2.29399530E-01  2.25572107E-01  2.21623266E-01  2.17206345E-01  2.13037781E-01  2.08488534E-01  2.03734790E-01  1.98813532E-01  1.94277242E-01  1.89005098E-01  1.84060778E-01  1.78846752E-01  1.73793390E-01  1.68308911E-01  1.62610207E-01  1.57301738E-01  1.51987178E-01  1.46484195E-01  1.41203401E-01  1.35552974E-01  1.30245264E-01  1.24550992E-01  1.19196718E-01  1.13803533E-01  1.08438257E-01  1.03179648E-01  9.81313609E-02  9.30458111E-02  8.78920140E-02  8.29202065E-02  7.82578268E-02  7.34831784E-02  6.89492379E-02  6.46723643E-02  6.02507451E-02  5.61231978E-02  5.21920510E-02  4.84552253E-02  4.47544201E-02  4.12665041E-02  3.79041485E-02  3.47905756E-02  3.17181225E-02  2.89191623E-02  2.62988610E-02  2.37573937E-02  2.14262665E-02  1.92018690E-02  1.72360450E-02  1.53699494E-02  1.35457528E-02  1.20147992E-02  1.05867349E-02  9.24654348E-03  8.03958659E-03  6.95464671E-03  6.01368528E-03  5.12674590E-03  4.35390475E-03  3.68718018E-03  3.09734961E-03  2.57462792E-03  2.13604640E-03  1.74249461E-03  1.42434845E-03  1.14732856E-03  9.16670568E-04  7.20800911E-04  5.66389811E-04  4.37721973E-04  3.31000801E-04  2.56513683E-04  1.87868687E-04  1.39825309E-04  1.01294175E-04  7.47788763E-05  5.16092539E-05  3.52181953E-05  2.40936834E-05  1.56838757E-05  1.03838240E-05  6.77508312E-06  4.23150268E-06  2.34199572E-06  1.49417463E-06  9.37312172E-07  5.73482757E-07  1.75531482E-07  1.02958873E-07  5.03217979E-08  5.17447029E-08  1.07033383E-08  0.00000000E+00  2.28591683E-08  0.00000000E+00  0.00000000E+00  0.00000000E+00  0.00000000E+00  0.00000000E+00  0.00000000E+00  0.00000000E+00  0.00000000E+00  0.00000000E+00  0.00000000E+00  0.00000000E+00  0.00000000E+00  0.00000000E+00  0.00000000E+00  0.00000000E+00  0.00000000E+00  0.00000000E+00  0.00000000E+00  0.00000000E+00  0.00000000E+00  0.00000000E+00  0.00000000E+00  0.00000000E+00  0.00000000E+00  0.00000000E+00  0.00000000E+00  0.00000000E+00  0.00000000E+00  0.00000000E+00  0.00000000E+00  0.00000000E+00  0.00000000E+00  0.00000000E+00  0.00000000E+00  0.00000000E+00  0.00000000E+00  0.00000000E+00  0.00000000E+00  0.00000000E+00  0.00000000E+00  0.00000000E+00  0.00000000E+00  0.00000000E+00  0.00000000E+00  0.00000000E+00  0.00000000E+00  0.00000000E+00  0.00000000E+00  0.00000000E+00  0.00000000E+00  0.00000000E+00  0.00000000E+00  0.00000000E+00  0.00000000E+00  0.00000000E+00  0.00000000E+00  0.00000000E+00  0.00000000E+00  0.00000000E+00  0.00000000E+00  0.00000000E+00  0.00000000E+00  0.00000000E+00  0.00000000E+00  0.00000000E+00  0.00000000E+00  0.00000000E+00  0.00000000E+00  0.00000000E+00  0.00000000E+00  0.00000000E+00  0.00000000E+00  0.00000000E+00  0.00000000E+00  0.00000000E+00  0.00000000E+00  0.00000000E+00  0.00000000E+00  0.00000000E+00  0.00000000E+00  0.00000000E+00  0.00000000E+00  0.00000000E+00  0.00000000E+00  0.00000000E+00  0.00000000E+00  0.00000000E+00  0.00000000E+00  0.00000000E+00  0.00000000E+00
  2.69231614E-01  2.68746366E-01  2.67962399E-01  2.67540525E-01  2.66118483E-01  2.65473949E-01  2.64002455E-01  2.61637420E-01  2.60061000E-01  2.57283936E-01  2.54993878E-01  2.52252362E-01  2.49924575E-01  2.46277073E-01  2.42741395E-01  2.39849962E-01  2.35677701E-01  2.31427112E-01  2.28036158E-01  2.23733857E-01  2.18901929E-01  2.14790543E-01  2.09777982E-01  2.04919172E-01  1.99898768E-01  1.94686905E-01  1.89803179E-01  1.84379622E-01  1.79216727E-01  1.73592981E-01  1.68130671E-01  1.62715647E-01  1.56741577E-01  1.51417863E-01  1.45500913E-01  1.39973231E-01  1.34660814E-01  1.28817517E-01  1.23145526E-01  1.17733083E-01  1.12366796E-01  1.07114885E-01  1.01665683E-01  9.63389270E-02  9.13040794E-02  8.61075904E-02  8.13378164E-02  7.64035695E-02  7.18424799E-02  6.72695465E-02  6.27095257E-02  5.84393748E-02  5.44430310E-02  5.05631792E-02  4.66830817E-02  4.31394113E-02  3.96296635E-02  3.63789589E-02  3.32798612E-02  3.03197143E-02  2.74659004E-02  2.48087525E-02  2.24298028E-02  2.01649517E-02  1.80745774E-02  1.61617794E-02  1.43182077E-02  1.26268669E-02  1.11496622E-02  9.74304566E-03  8.51610358E-03  7.37089157E-03  6.29129371E-03  5.42055832E-03  4.61857703E-03  3.89829090E-03  3.29070625E-03  2.74284394E-03  2.26058345E-03  1.86699041E-03  1.50074251E-03  1.21832203E-03  9.66019638E-04  7.62447899E-04  6.05525562E-04  4.70688151E-04  3.58228960E-04  2.68970019E-04  2.01526593E-04  1.45839194E-04  1.08081619E-04  7.33662891E-05  5.42186101E-05  3.69844269E-05  2.50043017E-05  1.59362551E-05  1.05415477E-05  6.51318114E-06  4.33130614E-06  2.31460751E-06  1.77316489E-06  8.80830810E-07  7.59195065E-07  2.60566733E-07  1.03538378E-07  1.93442348E-07  7.77118251E-09  0.00000000E+00  0.00000000E+00  0.00000000E+00  0.00000000E+00  0.00000000E+00  0.00000000E+00  0.00000000E+00  0.00000000E+00  0.00000000E+00  0.00000000E+00  0.00000000E+00  0.00000000E+00  0.00000000E+00  0.00000000E+00  0.00000000E+00  0.00000000E+00  0.00000000E+00  0.00000000E+00  0.00000000E+00  0.00000000E+00  0.00000000E+00  0.00000000E+00  0.00000000E+00  0.00000000E+00  0.00000000E+00  0.00000000E+00  0.00000000E+00  0.00000000E+00  0.00000000E+00  0.00000000E+00  0.00000000E+00  0.00000000E+00  0.00000000E+00  0.00000000E+00  0.00000000E+00  0.00000000E+00  0.00000000E+00  0.00000000E+00  0.00000000E+00  0.00000000E+00  0.00000000E+00  0.00000000E+00  0.00000000E+00  0.00000000E+00  0.00000000E+00  0.00000000E+00  0.00000000E+00  0.00000000E+00  0.00000000E+00  0.00000000E+00  0.00000000E+00  0.00000000E+00  0.00000000E+00  0.00000000E+00  0.00000000E+00  0.00000000E+00  0.00000000E+00  0.00000000E+00  0.00000000E+00  0.00000000E+00  0.00000000E+00  0.00000000E+00  0.00000000E+00  0.00000000E+00  0.00000000E+00  0.00000000E+00  0.00000000E+00  0.00000000E+00  0.00000000E+00  0.00000000E+00  0.00000000E+00  0.00000000E+00  0.00000000E+00  0.00000000E+00  0.00000000E+00  0.00000000E+00  0.00000000E+00  0.00000000E+00  0.00000000E+00  0.00000000E+00  0.00000000E+00  0.00000000E+00  0.00000000E+00  0.00000000E+00  0.00000000E+00  0.00000000E+00  0.00000000E+00  0.00000000E+00  0.00000000E+00  0.00000000E+00  0.00000000E+00  0.00000000E+00  0.00000000E+00
  2.62641128E-01  2.62756822E-01  2.61249287E-01  2.60828218E-01  2.60234970E-01  2.57976857E-01  2.57410867E-01  2.55364239E-01  2.53688059E-01  2.51635260E-01  2.48596739E-01  2.46398767E-01  2.43655354E-01  2.40626220E-01  2.36795830E-01  2.33347592E-01  2.29537342E-01  2.26293363E-01  2.21722544E-01  2.17670980E-01  2.12894738E-01  2.09003728E-01  2.04197448E-01  1.99580493E-01  1.94299948E-01  1.89212410E-01  1.84139098E-01  1.78742073E-01  1.73764497E-01  1.68281088E-01  1.62877216E-01  1.57650027E-01  1.51977931E-01  1.46618746E-01  1.40837868E-01  1.35393613E-01  1.30076054E-01  1.24439719E-01  1.19105019E-01  1.13816159E-01  1.08693311E-01  1.03285763E-01  9.80128028E-02  9.29189007E-02  8.79422874E-02  8.30076847E-02  7.81810957E-02  7.35548111E-02  6.89473907E-02  6.45908124E-02  6.03858303E-02  5.61123882E-02  5.21341249E-02  4.82705717E-02  4.46468285E-02  4.11004353E-02  3.77960560E-02  3.46802864E-02  3.17148023E-02  2.88963082E-02  2.61853703E-02  2.36978036E-02  2.13191028E-02  1.91479136E-02  1.71252561E-02  1.52448679E-02  1.35899122E-02  1.19818650E-02  1.04813050E-02  9.20258276E-03  7.97773804E-03  6.93188072E-03  5.95721342E-03  5.11849925E-03  4.33011493E-03  3.65786886E-03  3.08093447E-03  2.56226854E-03  2.11756903E-03  1.74309359E-03  1.43243870E-03  1.14737215E-03  9.17983278E-04  7.21043144E-04  5.70621013E-04  4.32674971E-04  3.34262085E-04  2.50121258E-04  1.85773208E-04  1.34371222E-04  1.00641305E-04  7.06251684E-05  4.68861382E-05  3.40737395E-05  2.49790958E-05  1.53198915E-05  9.21470248E-06  6.06018390E-06  4.85389098E-06  2.74592100E-06  1.36180992E-06  7.79800769E-07  2.92058698E-07  2.33456871E-07  1.44876462E-08  6.10367054E-08  6.19799191E-08  2.06555651E-08  0.00000000E+00  0.00000000E+00  3.28823681E-09  0.00000000E+00  0.00000000E+00  0.00000000E+00  0.00000000E+00  0.00000000E+00  0.00000000E+00  0.00000000E+00  0.00000000E+00  0.00000000E+00  0.00000000E+00  0.00000000E+00  0.00000000E+00  0.00000000E+00  0.00000000E+00  0.00000000E+00  0.00000000E+00  0.00000000E+00  0.00000000E+00  0.00000000E+00  0.00000000E+00  0.00000000E+00  0.00000000E+00  0.00000000E+00  0.00000000E+00  0.00000000E+00  0.00000000E+00  0.00000000E+00  0.00000000E+00  0.00000000E+00  0.00000000E+00  0.00000000E+00  0.00000000E+00  0.00000000E+00  0.00000000E+00  0.00000000E+00  0.00000000E+00  0.00000000E+00  0.00000000E+00  0.00000000E+00  0.00000000E+00  0.00000000E+00  0.00000000E+00  0.00000000E+00  0.00000000E+00  0.00000000E+00  0.00000000E+00  0.00000000E+00  0.00000000E+00  0.00000000E+00  0.00000000E+00  0.00000000E+00  0.00000000E+00  0.00000000E+00  0.00000000E+00  0.00000000E+00  0.00000000E+00  0.00000000E+00  0.00000000E+00  0.00000000E+00  0.00000000E+00  0.00000000E+00  0.00000000E+00  0.00000000E+00  0.00000000E+00  0.00000000E+00  0.00000000E+00  0.00000000E+00  0.00000000E+00  0.00000000E+00  0.00000000E+00  0.00000000E+00  0.00000000E+00  0.00000000E+00  0.00000000E+00  0.00000000E+00  0.00000000E+00  0.00000000E+00  0.00000000E+00  0.00000000E+00  0.00000000E+00  0.00000000E+00  0.00000000E+00  0.00000000E+00  0.00000000E+00  0.00000000E+00  0.00000000E+00  0.00000000E+00  0.00000000E+00  0.00000000E+00
  2.69801185E-01  2.68693479E-01  2.69015550E-01  2.68251745E-01  2.66372322E-01  2.65164790E-01  2.65264923E-01  2.62665965E-01  2.60697912E-01  2.58033544E-01  2.56282385E-01  2.53546105E-01  2.50720625E-01  2.46677234E-01  2.43709006E-01  2.40510724E-01  2.36196157E-01  2.32104069E-01  2.28046009E-01  2.23985998E-01  2.19456069E-01  2.14946320E-01  2.10252694E-01  2.05049106E-01  1.99892943E-01  1.94995533E-01  1.89776038E-01  1.84336732E-01  1.78989507E-01  1.73620739E-01  1.67871524E-01  1.62232524E-01  1.57034264E-01  1.51446599E-01  1.45653740E-01  1.40106559E-01  1.34367067E-01  1.28877660E-01  1.23366967E-01  1.17662026E-01  1.12141731E-01  1.06664374E-01  1.01509066E-01  9.64461867E-02  9.11877275E-02  8.59253448E-02  8.13108321E-02  7.64013596E-02  7.16331299E-02  6.71007134E-02  6.26036461E-02  5.85319554E-02  5.43204136E-02  5.02908194E-02  4.66079516E-02  4.30585104E-02  3.94592251E-02  3.62540174E-02  3.32057405E-02  3.01855788E-02  2.75384490E-02  2.48774296E-02  2.24349007E-02  2.01418610E-02  1.80071454E-02  1.60744320E-02  1.42641019E-02  1.25673947E-02  1.11159985E-02  9.73076146E-03  8.44194092E-03  7.32757837E-03  6.33212508E-03  5.41050645E-03  4.59193488E-03  3.89022528E-03  3.27379978E-03  2.71096810E-03  2.24584913E-03  1.82689138E-03  1.50494875E-03  1.22471595E-03  9.69425097E-04  7.72245541E-04  6.11714937E-04  4.61661532E-04  3.59047373E-04  2.66568447E-04  1.98427283E-04  1.52529483E-04  1.10655182E-04  8.03054611E-05  5.33908700E-05  3.66946967E-05  2.60437267E-05  1.62186494E-05  1.05007571E-05  6.53781856E-06  3.75215917E-06  2.32901168E-06  1.41744728E-06  6.23482635E-07  4.51972159E-07  1.44325885E-07  3.91745953E-07  5.85493160E-08  0.00000000E+00  1.99044536E-08  6.04653378E-08  0.00000000E+00  0.00000000E+00  0.00000000E+00  0.00000000E+00  0.00000000E+00  0.00000000E+00  0.00000000E+00  0.00000000E+00  0.00000000E+00  0.00000000E+00  0.00000000E+00  0.00000000E+00  0.00000000E+00  0.00000000E+00  0.00000000E+00  0.00000000E+00  0.00000000E+00  0.00000000E+00  0.00000000E+00  0.00000000E+00  0.00000000E+00  0.00000000E+00  0.00000000E+00  0.00000000E+00  0.00000000E+00  0.00000000E+00  0.00000000E+00  0.00000000E+00  0.00000000E+00  0.00000000E+00  0.00000000E+00  0.00000000E+00  0.00000000E+00  0.00000000E+00  0.00000000E+00  0.00000000E+00  0.00000000E+00  0.00000000E+00  0.00000000E+00  0.00000000E+00  0.00000000E+00  0.00000000E+00  0.00000000E+00  0.00000000E+00  0.00000000E+00  0.00000000E+00  0.00000000E+00  0.00000000E+00  0.00000000E+00  0.00000000E+00  0.00000000E+00  0.00000000E+00  0.00000000E+00  0.00000000E+00  0.00000000E+00  0.00000000E+00  0.00000000E+00  0.00000000E+00  0.00000000E+00  0.00000000E+00  0.00000000E+00  0.00000000E+00  0.00000000E+00  0.00000000E+00  0.00000000E+00  0.00000000E+00  0.00000000E+00  0.00000000E+00  0.00000000E+00  0.00000000E+00  0.00000000E+00  0.00000000E+00  0.00000000E+00  0.00000000E+00  0.00000000E+00  0.00000000E+00  0.00000000E+00  0.00000000E+00  0.00000000E+00  0.00000000E+00  0.00000000E+00  0.00000000E+00  0.00000000E+00  0.00000000E+00  0.00000000E+00  0.00000000E+00  0.00000000E+00  0.00000000E+00  0.00000000E+00  0.00000000E+00  0.00000000E+00
  2.70802457E-01  2.68770684E-01  2.69034169E-01  2.68311629E-01  2.68117816E-01  2.66305382E-01  2.64968659E-01  2.63049316E-01  2.60684138E-01  2.58377720E-01  2.55758317E-01  2.53469531E-01  2.50624702E-01  2.47497010E-01  2.44541827E-01  2.40628726E-01  2.36790109E-01  2.32937783E-01  2.28398021E-01  2.24150508E-01  2.19697962E-01  2.15257798E-01  2.10308680E-01  2.05674223E-01  2.00240043E-01  1.94968903E-01  1.89831665E-01  1.84467158E-01  1.79180831E-01  1.73864604E-01  1.68200848E-01  1.62772242E-01  1.56982007E-01  1.51278521E-01  1.45760708E-01  1.40133147E-01  1.34283126E-01  1.28739060E-01  1.23079690E-01  1.17635835E-01  1.12154815E-01  1.06565927E-01  1.01365944E-01  9.61826957E-02  9.09484426E-02  8.58777508E-02  8.09979138E-02  7.62872719E-02  7.14730789E-02  6.69542780E-02  6.26457856E-02  5.82836246E-02  5.43513118E-02  5.04057459E-02  4.65772401E-02  4.29961506E-02  3.95779527E-02  3.62421511E-02  3.30676057E-02  3.01969770E-02  2.73420350E-02  2.48578258E-02  2.23261169E-02  2.00763473E-02  1.79289951E-02  1.60316800E-02  1.42733365E-02  1.25642807E-02  1.10453789E-02  9.69604772E-03  8.43901751E-03  7.29443050E-03  6.29442660E-03  5.38686672E-03  4.57395162E-03  3.90136802E-03  3.27085261E-03  2.71368945E-03  2.24183273E-03  1.84865049E-03  1.50159459E-03  1.21118308E-03  9.70604701E-04  7.65640207E-04  6.06405868E-04  4.59584132E-04  3.54223941E-04  2.69439491E-04  1.98526959E-04  1.46472294E-04  1.04318971E-04  7.51450945E-05  5.21482779E-05  3.43164047E-05  2.52170570E-05  1.70326468E-05  9.43999214E-06  6.67115047E-06  4.05341396E-06  2.69986824E-06  1.35297221E-06  9.25180612E-07  5.45320658E-07  1.90549175E-07  1.14548990E-07  5.45312257E-08  0.00000000E+00  0.00000000E+00  0.00000000E+00  0.00000000E+00  0.00000000E+00  0.00000000E+00  0.00000000E+00  0.00000000E+00  0.00000000E+00  0.00000000E+00  0.00000000E+00  0.00000000E+00  0.00000000E+00  0.00000000E+00  0.00000000E+00  0.00000000E+00  0.00000000E+00  0.00000000E+00  0.00000000E+00  0.00000000E+00  0.00000000E+00  0.00000000E+00  0.00000000E+00  0.00000000E+00  0.00000000E+00  0.00000000E+00  0.00000000E+00  0.00000000E+00  0.00000000E+00  0.00000000E+00  0.00000000E+00  0.00000000E+00  0.00000000E+00  0.00000000E+00  0.00000000E+00  0.00000000E+00  0.00000000E+00  0.00000000E+00  0.00000000E+00  0.00000000E+00  0.00000000E+00  0.00000000E+00  0.00000000E+00  0.00000000E+00  0.00000000E+00  0.00000000E+00  0.00000000E+00  0.00000000E+00  0.00000000E+00  0.00000000E+00  0.00000000E+00  0.00000000E+00  0.00000000E+00  0.00000000E+00  0.00000000E+00  0.00000000E+00  0.00000000E+00  0.00000000E+00  0.00000000E+00  0.00000000E+00  0.00000000E+00  0.00000000E+00  0.00000000E+00  0.00000000E+00  0.00000000E+00  0.00000000E+00  0.00000000E+00  0.00000000E+00  0.00000000E+00  0.00000000E+00  0.00000000E+00  0.00000000E+00  0.00000000E+00  0.00000000E+00  0.00000000E+00  0.00000000E+00  0.00000000E+00  0.00000000E+00  0.00000000E+00  0.00000000E+00  0.00000000E+00  0.00000000E+00  0.00000000E+00  0.00000000E+00  0.00000000E+00  0.00000000E+00  0.00000000E+00  0.00000000E+00  0.00000000E+00  0.00000000E+00  0.00000000E+00  0.00000000E+00  0.00000000E+00  0.00000000E+00
  2.69853669E-01  2.69164784E-01  2.69315128E-01  2.68965676E-01  2.66340244E-01  2.65647755E-01  2.64360681E-01  2.62720250E-01  2.60967029E-01  2.58282649E-01  2.56658589E-01  2.53401009E-01  2.50567606E-01  2.47154020E-01  2.43665991E-01  2.40199667E-01  2.36607102E-01  2.32392996E-01  2.28177754E-01  2.23940817E-01  2.19359956E-01  2.14705847E-01  2.10022619E-01  2.05148717E-01  2.00241975E-01  1.95365437E-01  1.89642836E-01  1.84629797E-01  1.78830753E-01  1.73821469E-01  1.68241057E-01  1.62410667E-01  1.56931878E-01  1.51124224E-01  1.45643401E-01  1.40024631E-01  1.34366140E-01  1.28839170E-01  1.23021830E-01  1.17682308E-01  1.11996155E-01  1.06941808E-01  1.01445046E-01  9.60602425E-02  9.10447716E-02  8.60115737E-02  8.11236043E-02  7.62890564E-02  7.15785924E-02  6.70960466E-02  6.26985337E-02  5.84455917E-02  5.42470872E-02  5.03144311E-02  4.66642601E-02  4.30178967E-02  3.95496364E-02  3.62744714E-02  3.31441328E-02  3.02563669E-02  2.74484366E-02  2.48332775E-02  2.24138820E-02  2.01008240E-02  1.80111201E-02  1.60858716E-02  1.43228523E-02  1.25965641E-02  1.11101578E-02  9.73971567E-03  8.47143299E-03  7.35888831E-03  6.32596233E-03  5.43122702E-03  4.59627178E-03  3.85691577E-03  3.27068268E-03  2.72210902E-03  2.26632274E-03  1.85992019E-03  1.51679487E-03  1.23488332E-03  9.84483454E-04  7.76333291E-04  6.00683043E-04  4.80249997E-04  3.67573851E-04  2.72249398E-04  2.01391563E-04  1.51519952E-04  1.05823450E-04  7.70211903E-05  5.28276227E-05  3.67491021E-05  2.57987163E-05  1.73784530E-05  1.04515992E-05  6.37964219E-06  3.81036077E-06  3.34501259E-06  1.28186886E-06  8.97337687E-07  4.92541338E-07  1.14095463E-07  2.06497251E-07  2.48738924E-09  5.98949676E-08  1.76511192E-08  0.00000000E+00  0.00000000E+00  0.00000000E+00  0.00000000E+00  0.00000000E+00  0.00000000E+00  0.00000000E+00  0.00000000E+00  0.00000000E+00  0.00000000E+00  0.00000000E+00  0.00000000E+00  0.00000000E+00  0.00000000E+00  0.00000000E+00  0.00000000E+00  0.00000000E+00  0.00000000E+00  0.00000000E+00  0.00000000E+00  0.00000000E+00  0.00000000E+00  0.00000000E+00  0.00000000E+00  0.00000000E+00  0.00000000E+00  0.00000000E+00  0.00000000E+00  0.00000000E+00  0.00000000E+00  0.00000000E+00  0.00000000E+00  0.00000000E+00  0.00000000E+00  0.00000000E+00  0.00000000E+00  0.00000000E+00  0.00000000E+00  0.00000000E+00  0.00000000E+00  0.00000000E+00  0.00000000E+00  0.00000000E+00  0.00000000E+00  0.00000000E+00  0.00000000E+00  0.00000000E+00  0.00000000E+00  0.00000000E+00  0.00000000E+00  0.00000000E+00  0.00000000E+00  0.00000000E+00  0.00000000E+00  0.00000000E+00  0.00000000E+00  0.00000000E+00  0.00000000E+00  0.00000000E+00  0.00000000E+00  0.00000000E+00  0.00000000E+00  0.00000000E+00  0.00000000E+00  0.00000000E+00  0.00000000E+00  0.00000000E+00  0.00000000E+00  0.00000000E+00  0.00000000E+00  0.00000000E+00  0.00000000E+00  0.00000000E+00  0.00000000E+00  0.00000000E+00  0.00000000E+00  0.00000000E+00  0.00000000E+00  0.00000000E+00  0.00000000E+00  0.00000000E+00  0.00000000E+00  0.00000000E+00  0.00000000E+00  0.00000000E+00  0.00000000E+00  0.00000000E+00  0.00000000E+00  0.00000000E+00  0.00000000E+00  0.00000000E+00  0.00000000E+00
  2.62574070E-01  2.62149112E-01  2.61349564E-01  2.61033932E-01  2.59295113E-01  2.58523758E-01  2.56921683E-01  2.54837193E-01  2.53252423E-01  2.51022174E-01  2.48440885E-01  2.45949030E-01  2.43228333E-01  2.40235592E-01  2.36734899E-01  2.33435240E-01  2.29855016E-01  2.26017225E-01  2.21787968E-01  2.17735775E-01  2.13267715E-01  2.08587381E-01  2.04056492E-01  1.99343415E-01  1.94352279E-01  1.89334119E-01  1.83977296E-01  1.78903594E-01  1.73513685E-01  1.68147422E-01  1.62868006E-01  1.57417375E-01  1.52179305E-01  1.46579022E-01  1.41130183E-01  1.35382315E-01  1.30023377E-01  1.24632502E-01  1.19076219E-01  1.13567038E-01  1.08324345E-01  1.03285919E-01  9.79900733E-02  9.26761262E-02  8.77291959E-02  8.28287385E-02  7.82033291E-02  7.34637810E-02  6.89136366E-02  6.43483832E-02  6.03403128E-02  5.61400040E-02  5.20834539E-02  4.84458219E-02  4.46728567E-02  4.13473934E-02  3.79060836E-02  3.47566450E-02  3.17215024E-02  2.89713704E-02  2.63239112E-02  2.38712250E-02  2.14541288E-02  1.92694175E-02  1.72762016E-02  1.53481610E-02  1.36301518E-02  1.19939913E-02  1.05719100E-02  9.23463919E-03  8.01926962E-03  6.97476507E-03  5.97509498E-03  5.12503955E-03  4.34870757E-03  3.68152272E-03  3.09728390E-03  2.55155844E-03  2.11102667E-03  1.73179165E-03  1.40389201E-03  1.14661350E-03  9.14262180E-04  7.19577173E-04  5.67986545E-04  4.35040643E-04  3.37485330E-04  2.52177474E-04  1.88268760E-04  1.37747379E-04  1.01294621E-04  6.96088028E-05  4.98171629E-05  3.26600634E-05  2.06530713E-05  1.60582173E-05  9.90312240E-06  5.95148940E-06  3.80892623E-06  2.43430411E-06  1.50180719E-06  7.62100624E-07  3.02496399E-07  2.02251274E-07  1.36570212E-07  5.37658753E-08  1.51632829E-09  0.00000000E+00  0.00000000E+00  0.00000000E+00  0.00000000E+00  0.00000000E+00  0.00000000E+00  0.00000000E+00  0.00000000E+00  0.00000000E+00  0.00000000E+00  0.00000000E+00  0.00000000E+00  0.00000000E+00  0.00000000E+00  0.00000000E+00  0.00000000E+00  0.00000000E+00  0.00000000E+00  0.00000000E+00  0.00000000E+00  0.00000000E+00  0.00000000E+00  0.00000000E+00  0.00000000E+00  0.00000000E+00  0.00000000E+00  0.00000000E+00  0.00000000E+00  0.00000000E+00  0.00000000E+00  0.00000000E+00  0.00000000E+00  0.00000000E+00  0.00000000E+00  0.00000000E+00  0.00000000E+00  0.00000000E+00  0.00000000E+00  0.00000000E+00  0.00000000E+00  0.00000000E+00  0.00000000E+00  0.00000000E+00  0.00000000E+00  0.00000000E+00  0.00000000E+00  0.00000000E+00  0.00000000E+00  0.00000000E+00  0.00000000E+00  0.00000000E+00  0.00000000E+00  0.00000000E+00  0.00000000E+00  0.00000000E+00  0.00000000E+00  0.00000000E+00  0.00000000E+00  0.00000000E+00  0.00000000E+00  0.00000000E+00  0.00000000E+00  0.00000000E+00  0.00000000E+00  0.00000000E+00  0.00000000E+00  0.00000000E+00  0.00000000E+00  0.00000000E+00  0.00000000E+00  0.00000000E+00  0.00000000E+00  0.00000000E+00  0.00000000E+00  0.00000000E+00  0.00000000E+00  0.00000000E+00  0.00000000E+00  0.00000000E+00  0.00000000E+00  0.00000000E+00  0.00000000E+00  0.00000000E+00  0.00000000E+00  0.00000000E+00  0.00000000E+00  0.00000000E+00  0.00000000E+00  0.00000000E+00  0.00000000E+00  0.00000000E+00  0.00000000E+00  0.00000000E+00
  2.67453459E-01  2.69921401E-01  2.68640144E-01  2.68388716E-01  2.67177900E-01  2.65039716E-01  2.64258633E-01  2.62202201E-01  2.60477727E-01  2.58315296E-01  2.55586073E-01  2.53162751E-01  2.50396597E-01  2.47238161E-01  2.43762473E-01  2.40018579E-01  2.36029187E-01  2.32434086E-01  2.28346437E-01  2.23747996E-01  2.19382775E-01  2.14742865E-01  2.09892469E-01  2.05378289E-01  2.00082578E-01  1.95421512E-01  1.90097875E-01  1.84823837E-01  1.79300161E-01  1.73497784E-01  1.67939967E-01  1.62609867E-01  1.57264187E-01  1.51398525E-01  1.45713679E-01  1.40170342E-01  1.34431786E-01  1.28953952E-01  1.23234332E-01  1.17689547E-01  1.12278926E-01  1.06770814E-01  1.01643102E-01  9.62888389E-02  9.09467020E-02  8.61616298E-02  8.10599134E-02  7.62527362E-02  7.16731126E-02  6.70684523E-02  6.27600138E-02  5.83945392E-02  5.44483690E-02  5.03678055E-02  4.65911534E-02  4.29340123E-02  3.95692670E-02  3.62358888E-02  3.30729990E-02  3.01371555E-02  2.74279832E-02  2.48131055E-02  2.23655406E-02  2.00905015E-02  1.80258444E-02  1.60261434E-02  1.42218358E-02  1.26010469E-02  1.10354750E-02  9.70889393E-03  8.44181723E-03  7.31128407E-03  6.29886782E-03  5.38701805E-03  4.57956851E-03  3.89593648E-03  3.26546806E-03  2.73228074E-03  2.23604999E-03  1.84856213E-03  1.49424685E-03  1.21559009E-03  9.76013847E-04  7.69666552E-04  6.04726240E-04  4.67339852E-04  3.60215135E-04  2.71154273E-04  2.00544430E-04  1.46640549E-04  1.06689780E-04  7.91745971E-05  5.27807036E-05  3.62385120E-05  2.34176086E-05  1.63621717E-05  1.04741909E-05  7.89370474E-06  4.09481088E-06  2.59660457E-06  1.15091015E-06  9.92998021E-07  5.74467446E-07  1.62074068E-07  1.27104950E-07  7.23256258E-08  4.73852592E-09  5.20144684E-08  5.39536860E-09  3.68696263E-09  0.00000000E+00  0.00000000E+00  0.00000000E+00  0.00000000E+00  0.00000000E+00  0.00000000E+00  0.00000000E+00  0.00000000E+00  0.00000000E+00  0.00000000E+00  0.00000000E+00  0.00000000E+00  0.00000000E+00  0.00000000E+00  0.00000000E+00  0.00000000E+00  0.00000000E+00  0.00000000E+00  0.00000000E+00  0.00000000E+00  0.00000000E+00  0.00000000E+00  0.00000000E+00  0.00000000E+00  0.00000000E+00  0.00000000E+00  0.00000000E+00  0.00000000E+00  0.00000000E+00  0.00000000E+00  0.00000000E+00  0.00000000E+00  0.00000000E+00  0.00000000E+00  0.00000000E+00  0.00000000E+00  0.00000000E+00  0.00000000E+00  0.00000000E+00  0.00000000E+00  0.00000000E+00  0.00000000E+00  0.00000000E+00  0.00000000E+00  0.00000000E+00  0.00000000E+00  0.00000000E+00  0.00000000E+00  0.00000000E+00  0.00000000E+00  0.00000000E+00  0.00000000E+00  0.00000000E+00  0.00000000E+00  0.00000000E+00  0.00000000E+00  0.00000000E+00  0.00000000E+00  0.00000000E+00  0.00000000E+00  0.00000000E+00  0.00000000E+00  0.00000000E+00  0.00000000E+00  0.00000000E+00  0.00000000E+00  0.00000000E+00  0.00000000E+00  0.00000000E+00  0.00000000E+00  0.00000000E+00  0.00000000E+00  0.00000000E+00  0.00000000E+00  0.00000000E+00  0.00000000E+00  0.00000000E+00  0.00000000E+00  0.00000000E+00  0.00000000E+00  0.00000000E+00  0.00000000E+00  0.00000000E+00  0.00000000E+00  0.00000000E+00  0.00000000E+00  0.00000000E+00  0.00000000E+00  0.00000000E+00  0.00000000E+00
  2.69315992E-01  2.67642670E-01  2.69589159E-01  2.68214712E-01  2.66629793E-01  2.66649681E-01  2.64779782E-01  2.63167924E-01  2.60545474E-01  2.58397149E-01  2.56204953E-01  2.53253678E-01  2.50952242E-01  2.47046981E-01  2.43749784E-01  2.40809137E-01  2.36315964E-01  2.32299245E-01  2.28415715E-01  2.23845886E-01  2.19445516E-01  2.14418110E-01  2.10240861E-01  2.04822375E-01  2.00009591E-01  1.94950008E-01  1.89673613E-01  1.84591328E-01  1.79213930E-01  1.73594674E-01  1.68008322E-01  1.62577607E-01  1.57099437E-01  1.51383469E-01  1.45681537E-01  1.39985086E-01  1.34475427E-01  1.28690207E-01  1.23241511E-01  1.17785132E-01  1.12172329E-01  1.06877370E-01  1.01592091E-01  9.61302693E-02  9.11219452E-02  8.60867832E-02  8.10949839E-02  7.63341246E-02  7.16456420E-02  6.70900658E-02  6.26121243E-02  5.83689268E-02  5.43527933E-02  5.03717310E-02  4.65873995E-02  4.28924019E-02  3.95198510E-02  3.63288380E-02  3.31036875E-02  3.01793988E-02  2.74520931E-02  2.49486738E-02  2.23010739E-02  2.01330007E-02  1.80325721E-02  1.60316667E-02  1.42614901E-02  1.26039672E-02  1.10554843E-02  9.67737570E-03  8.43420406E-03  7.34668121E-03  6.28096872E-03  5.38432135E-03  4.62255627E-03  3.91068465E-03  3.25472007E-03  2.71007548E-03  2.26340745E-03  1.83293884E-03  1.52774678E-03  1.22297028E-03  9.73380598E-04  7.72357713E-04  6.04258973E-04  4.70022363E-04  3.64208019E-04  2.65175490E-04  2.07580605E-04  1.50372839E-04  1.09268250E-04  7.87384445E-05  5.68563359E-05  3.92139677E-05  2.66313671E-05  1.72412719E-05  1.18336686E-05  6.88957465E-06  4.69137734E-06  2.53472752E-06  1.60625279E-06  8.84211737E-07  4.45473213E-07  2.55300789E-07  1.32900008E-07  1.52496095E-07  0.00000000E+00  0.00000000E+00  0.00000000E+00  0.00000000E+00  0.00000000E+00  0.00000000E+00  0.00000000E+00  0.00000000E+00  0.00000000E+00  0.00000000E+00  0.00000000E+00  0.00000000E+00  0.00000000E+00  0.00000000E+00  0.00000000E+00  0.00000000E+00  0.00000000E+00  0.00000000E+00  0.00000000E+00  0.00000000E+00  0.00000000E+00  0.00000000E+00  0.00000000E+00  0.00000000E+00  0.00000000E+00  0.00000000E+00  0.00000000E+00  0.00000000E+00  0.00000000E+00  0.00000000E+00  0.00000000E+00  0.00000000E+00  0.00000000E+00  0.00000000E+00  0.00000000E+00  0.00000000E+00  0.00000000E+00  0.00000000E+00  0.00000000E+00  0.00000000E+00  0.00000000E+00  0.00000000E+00  0.00000000E+00  0.00000000E+00  0.00000000E+00  0.00000000E+00  0.00000000E+00  0.00000000E+00  0.00000000E+00  0.00000000E+00  0.00000000E+00  0.00000000E+00  0.00000000E+00  0.00000000E+00  0.00000000E+00  0.00000000E+00  0.00000000E+00  0.00000000E+00  0.00000000E+00  0.00000000E+00  0.00000000E+00  0.00000000E+00  0.00000000E+00  0.00000000E+00  0.00000000E+00  0.00000000E+00  0.00000000E+00  0.00000000E+00  0.00000000E+00  0.00000000E+00  0.00000000E+00  0.00000000E+00  0.00000000E+00  0.00000000E+00  0.00000000E+00  0.00000000E+00  0.00000000E+00  0.00000000E+00  0.00000000E+00  0.00000000E+00  0.00000000E+00  0.00000000E+00  0.00000000E+00  0.00000000E+00  0.00000000E+00  0.00000000E+00  0.00000000E+00  0.00000000E+00  0.00000000E+00  0.00000000E+00  0.00000000E+00  0.00000000E+00  0.00000000E+00  0.00000000E+00
  2.61498997E-01  2.63080567E-01  2.64422004E-01  2.62013023E-01  2.61638973E-01  2.60033984E-01  2.58726735E-01  2.57379619E-01  2.55286869E-01  2.52732146E-01  2.50962783E-01  2.48202100E-01  2.45071547E-01  2.42163969E-01  2.39124604E-01  2.35560905E-01  2.31835497E-01  2.27951422E-01  2.24273983E-01  2.19766908E-01  2.15631482E-01  2.10926039E-01  2.06300568E-01  2.01596713E-01  1.96189187E-01  1.91404122E-01  1.86330707E-01  1.80908982E-01  1.75717157E-01  1.70242069E-01  1.65043418E-01  1.59398200E-01  1.53794035E-01  1.48208436E-01  1.42768492E-01  1.37260872E-01  1.31782780E-01  1.26051023E-01  1.20711922E-01  1.15338615E-01  1.10080252E-01  1.04676698E-01  9.93279552E-02  9.40455642E-02  8.91652520E-02  8.41909511E-02  7.92932988E-02  7.46225302E-02  6.99921923E-02  6.54912614E-02  6.13132690E-02  5.70197096E-02  5.29186490E-02  4.91863114E-02  4.53966158E-02  4.19545082E-02  3.85486628E-02  3.53385638E-02  3.21901202E-02  2.93680463E-02  2.66979573E-02  2.41229115E-02  2.17410369E-02  1.95792249E-02  1.74556340E-02  1.55618953E-02  1.38391883E-02  1.21970320E-02  1.07420534E-02  9.39722053E-03  8.16872307E-03  7.06383216E-03  6.06884712E-03  5.20427736E-03  4.41124986E-03  3.73488359E-03  3.16225260E-03  2.62094504E-03  2.16746166E-03  1.77094409E-03  1.45281464E-03  1.17056117E-03  9.34972161E-04  7.32100545E-04  5.78891111E-04  4.43400058E-04  3.41904340E-04  2.55026139E-04  1.88684115E-04  1.41006479E-04  9.98833773E-05  7.15067393E-05  5.35392653E-05  3.63853201E-05  2.37512670E-05  1.61791227E-05  9.81170961E-06  6.71524939E-06  3.91467281E-06  2.55237770E-06  1.35196793E-06  9.07082711E-07  2.60942532E-07  3.56133873E-07  1.21309891E-07  1.01600284E-07  1.91436447E-08  0.00000000E+00  3.72094385E-10  4.79305143E-09  0.00000000E+00  0.00000000E+00  0.00000000E+00  0.00000000E+00  0.00000000E+00  0.00000000E+00  0.00000000E+00  0.00000000E+00  0.00000000E+00  0.00000000E+00  0.00000000E+00  0.00000000E+00  0.00000000E+00  0.00000000E+00  0.00000000E+00  0.00000000E+00  0.00000000E+00  0.00000000E+00  0.00000000E+00  0.00000000E+00  0.00000000E+00  0.00000000E+00  0.00000000E+00  0.00000000E+00  0.00000000E+00  0.00000000E+00  0.00000000E+00  0.00000000E+00  0.00000000E+00  0.00000000E+00  0.00000000E+00  0.00000000E+00  0.00000000E+00  0.00000000E+00  0.00000000E+00  0.00000000E+00  0.00000000E+00  0.00000000E+00  0.00000000E+00  0.00000000E+00  0.00000000E+00  0.00000000E+00  0.00000000E+00  0.00000000E+00  0.00000000E+00  0.00000000E+00  0.00000000E+00  0.00000000E+00  0.00000000E+00  0.00000000E+00  0.00000000E+00  0.00000000E+00  0.00000000E+00  0.00000000E+00  0.00000000E+00  0.00000000E+00  0.00000000E+00  0.00000000E+00  0.00000000E+00  0.00000000E+00  0.00000000E+00  0.00000000E+00  0.00000000E+00  0.00000000E+00  0.00000000E+00  0.00000000E+00  0.00000000E+00  0.00000000E+00  0.00000000E+00  0.00000000E+00  0.00000000E+00  0.00000000E+00  0.00000000E+00  0.00000000E+00  0.00000000E+00  0.00000000E+00  0.00000000E+00  0.00000000E+00  0.00000000E+00  0.00000000E+00  0.00000000E+00  0.00000000E+00  0.00000000E+00  0.00000000E+00  0.00000000E+00  0.00000000E+00  0.00000000E+00  0.00000000E+00  0.00000000E+00  0.00000000E+00
  2.67849389E-01  2.68985532E-01  2.68905592E-01  2.67187233E-01  2.66378274E-01  2.65444720E-01  2.64122482E-01  2.61944177E-01  2.60245418E-01  2.57309644E-01  2.55524832E-01  2.52505265E-01  2.50186229E-01  2.46650440E-01  2.43801128E-01  2.39815102E-01  2.35654922E-01  2.32099237E-01  2.27533045E-01  2.23624706E-01  2.19395664E-01  2.14911477E-01  2.10090122E-01  2.04761170E-01  1.99966870E-01  1.95176313E-01  1.89748759E-01  1.84535052E-01  1.79274519E-01  1.73535668E-01  1.68183965E-01  1.62347304E-01  1.56944430E-01  1.51233953E-01  1.45751165E-01  1.39975474E-01  1.34447693E-01  1.28816897E-01  1.23173140E-01  1.17851600E-01  1.12352135E-01  1.06891496E-01  1.01794664E-01  9.65247181E-02  9.10906336E-02  8.60735793E-02  8.11044379E-02  7.64957083E-02  7.17159267E-02  6.71996124E-02  6.27163606E-02  5.84479517E-02  5.43135796E-02  5.03959702E-02  4.67033556E-02  4.31333387E-02  3.95144611E-02  3.63309079E-02  3.31892076E-02  3.02698882E-02  2.73857465E-02  2.49882051E-02  2.24935932E-02  2.02742145E-02  1.80528434E-02  1.61482917E-02  1.42371016E-02  1.25895007E-02  1.11467409E-02  9.71173568E-03  8.48108482E-03  7.30394254E-03  6.29094094E-03  5.39255069E-03  4.59529444E-03  3.90111509E-03  3.27888062E-03  2.70303066E-03  2.25367286E-03  1.81850233E-03  1.49022241E-03  1.22638483E-03  9.69169407E-04  7.77235501E-04  6.04768523E-04  4.69156131E-04  3.56303694E-04  2.71880512E-04  2.02293666E-04  1.44893942E-04  1.08916499E-04  7.51139880E-05  5.60096100E-05  3.83732752E-05  2.50310029E-05  1.46988776E-05  1.07293937E-05  7.03429360E-06  4.06017682E-06  2.43633286E-06  1.38069047E-06  6.58087413E-07  3.37157445E-07  1.09609659E-07  6.99270392E-08  1.37380422E-07  2.84311556E-08  0.00000000E+00  0.00000000E+00  0.00000000E+00  0.00000000E+00  0.00000000E+00  0.00000000E+00  0.00000000E+00  0.00000000E+00  0.00000000E+00  0.00000000E+00  0.00000000E+00  0.00000000E+00  0.00000000E+00  0.00000000E+00  0.00000000E+00  0.00000000E+00  0.00000000E+00  0.00000000E+00  0.00000000E+00  0.00000000E+00  0.00000000E+00  0.00000000E+00  0.00000000E+00  0.00000000E+00  0.00000000E+00  0.00000000E+00  0.00000000E+00  0.00000000E+00  0.00000000E+00  0.00000000E+00  0.00000000E+00  0.00000000E+00  0.00000000E+00  0.00000000E+00  0.00000000E+00  0.00000000E+00  0.00000000E+00  0.00000000E+00  0.00000000E+00  0.00000000E+00  0.00000000E+00  0.00000000E+00  0.00000000E+00  0.00000000E+00  0.00000000E+00  0.00000000E+00  0.00000000E+00  0.00000000E+00  0.00000000E+00  0.00000000E+00  0.00000000E+00  0.00000000E+00  0.00000000E+00  0.00000000E+00  0.00000000E+00  0.00000000E+00  0.00000000E+00  0.00000000E+00  0.00000000E+00  0.00000000E+00  0.00000000E+00  0.00000000E+00  0.00000000E+00  0.00000000E+00  0.00000000E+00  0.00000000E+00  0.00000000E+00  0.00000000E+00  0.00000000E+00  0.00000000E+00  0.00000000E+00  0.00000000E+00  0.00000000E+00  0.00000000E+00  0.00000000E+00  0.00000000E+00  0.00000000E+00  0.00000000E+00  0.00000000E+00  0.00000000E+00  0.00000000E+00  0.00000000E+00  0.00000000E+00  0.00000000E+00  0.00000000E+00  0.00000000E+00  0.00000000E+00  0.00000000E+00  0.00000000E+00  0.00000000E+00  0.00000000E+00  0.00000000E+00  0.00000000E+00
  2.61887136E-01  2.63095666E-01  2.62444911E-01  2.61085661E-01  2.59592714E-01  2.58715086E-01  2.57519748E-01  2.55908659E-01  2.53895135E-01  2.50957081E-01  2.49150002E-01  2.46197232E-01  2.43334294E-01  2.40969697E-01  2.36932975E-01  2.33449920E-01  2.30144895E-01  2.26294878E-01  2.21638823E-01  2.18030914E-01  2.13071505E-01  2.09017963E-01  2.04658339E-01  1.99553846E-01  1.94713094E-01  1.89657188E-01  1.84592120E-01  1.79437892E-01  1.74042052E-01  1.68658716E-01  1.63203051E-01  1.57682034E-01  1.52190365E-01  1.46683888E-01  1.41262053E-01  1.35497630E-01  1.30068776E-01  1.24565794E-01  1.19385953E-01  1.13884987E-01  1.08549957E-01  1.02973843E-01  9.77795686E-02  9.27885935E-02  8.76881696E-02  8.28344909E-02  7.80731125E-02  7.33983818E-02  6.88816556E-02  6.44066763E-02  6.01284536E-02  5.59860576E-02  5.19271664E-02  4.82643898E-02  4.45657529E-02  4.10892329E-02  3.77432598E-02  3.45744942E-02  3.16203751E-02  2.87615898E-02  2.61305068E-02  2.35955699E-02  2.13006849E-02  1.91275297E-02  1.70700632E-02  1.52520008E-02  1.34845606E-02  1.19363772E-02  1.04731413E-02  9.18462641E-03  7.96352071E-03  6.90328870E-03  5.95434616E-03  5.09142843E-03  4.32499633E-03  3.66928404E-03  3.08056056E-03  2.55839802E-03  2.11625655E-03  1.75117743E-03  1.41412976E-03  1.14231992E-03  9.14149138E-04  7.12466823E-04  5.69590446E-04  4.31182615E-04  3.34364532E-04  2.48791742E-04  1.92330846E-04  1.36798519E-04  9.94000257E-05  7.38567126E-05  5.01213732E-05  3.38634584E-05  2.41812634E-05  1.61784885E-05  1.03231611E-05  6.27426029E-06  4.20506603E-06  1.92914391E-06  1.56005570E-06  4.62988062E-07  3.80089877E-07  1.54857774E-07  1.08753931E-07  8.34232086E-08  1.80063985E-08  0.00000000E+00  2.49303238E-08  0.00000000E+00  0.00000000E+00  0.00000000E+00  0.00000000E+00  0.00000000E+00  0.00000000E+00  0.00000000E+00  0.00000000E+00  0.00000000E+00  0.00000000E+00  0.00000000E+00  0.00000000E+00  0.00000000E+00  0.00000000E+00  0.00000000E+00  0.00000000E+00  0.00000000E+00  0.00000000E+00  0.00000000E+00  0.00000000E+00  0.00000000E+00  0.00000000E+00  0.00000000E+00  0.00000000E+00  0.00000000E+00  0.00000000E+00  0.00000000E+00  0.00000000E+00  0.00000000E+00  0.00000000E+00  0.00000000E+00  0.00000000E+00  0.00000000E+00  0.00000000E+00  0.00000000E+00  0.00000000E+00  0.00000000E+00  0.00000000E+00  0.00000000E+00  0.00000000E+00  0.00000000E+00  0.00000000E+00  0.00000000E+00  0.00000000E+00  0.00000000E+00  0.00000000E+00  0.00000000E+00  0.00000000E+00  0.00000000E+00  0.00000000E+00  0.00000000E+00  0.00000000E+00  0.00000000E+00  0.00000000E+00  0.00000000E+00  0.00000000E+00  0.00000000E+00  0.00000000E+00  0.00000000E+00  0.00000000E+00  0.00000000E+00  0.00000000E+00  0.00000000E+00  0.00000000E+00  0.00000000E+00  0.00000000E+00  0.00000000E+00  0.00000000E+00  0.00000000E+00  0.00000000E+00  0.00000000E+00  0.00000000E+00  0.00000000E+00  0.00000000E+00  0.00000000E+00  0.00000000E+00  0.00000000E+00  0.00000000E+00  0.00000000E+00  0.00000000E+00  0.00000000E+00  0.00000000E+00  0.00000000E+00  0.00000000E+00  0.00000000E+00  0.00000000E+00  0.00000000E+00  0.00000000E+00  0.00000000E+00  0.00000000E+00  0.00000000E+00
  2.62919979E-01  2.62737349E-01  2.61467426E-01  2.62289820E-01  2.60245691E-01  2.59441467E-01  2.57368473E-01  2.55226333E-01  2.53642260E-01  2.51553064E-01  2.48555255E-01  2.45897285E-01  2.43286970E-01  2.39841393E-01  2.37111705E-01  2.33583126E-01  2.29424330E-01  2.25826885E-01  2.21988356E-01  2.17199618E-01  2.12980908E-01  2.08821836E-01  2.03935504E-01  1.99220715E-01  1.94434940E-01  1.89619216E-01  1.84005833E-01  1.79057115E-01  1.73705991E-01  1.68374985E-01  1.62879731E-01  1.57654406E-01  1.52212436E-01  1.46265137E-01  1.41148199E-01  1.35545659E-01  1.30167235E-01  1.24536144E-01  1.19162087E-01  1.13805080E-01  1.08346292E-01  1.03034111E-01  9.79888203E-02  9.28218857E-02  8.78960925E-02  8.28110927E-02  7.80695224E-02  7.36160112E-02  6.88869551E-02  6.43897909E-02  6.02115233E-02  5.61012721E-02  5.21063096E-02  4.83064543E-02  4.46826498E-02  4.11718338E-02  3.78356469E-02  3.48204061E-02  3.16856967E-02  2.89939113E-02  2.63054427E-02  2.37454714E-02  2.13894548E-02  1.92710054E-02  1.71899709E-02  1.52859403E-02  1.36021182E-02  1.19733967E-02  1.05665626E-02  9.21967793E-03  8.05207106E-03  6.88291314E-03  5.96851180E-03  5.11397564E-03  4.34457524E-03  3.65691811E-03  3.06799688E-03  2.55831779E-03  2.11770866E-03  1.72901637E-03  1.41903537E-03  1.14461049E-03  9.07221751E-04  7.29120977E-04  5.60778308E-04  4.41499021E-04  3.32087818E-04  2.55237690E-04  1.90377925E-04  1.36816111E-04  1.02559990E-04  6.87439985E-05  5.05765975E-05  3.40217089E-05  2.19287487E-05  1.41975009E-05  8.72207747E-06  5.34549172E-06  4.14583975E-06  2.63981707E-06  9.45031807E-07  6.32034391E-07  2.81424059E-07  2.33651906E-07  6.02686083E-08  1.08488439E-07  6.19799190E-08  4.61933545E-08  1.20930675E-08  0.00000000E+00  0.00000000E+00  0.00000000E+00  0.00000000E+00  0.00000000E+00  0.00000000E+00  0.00000000E+00  0.00000000E+00  0.00000000E+00  0.00000000E+00  0.00000000E+00  0.00000000E+00  0.00000000E+00  0.00000000E+00  0.00000000E+00  0.00000000E+00  0.00000000E+00  0.00000000E+00  0.00000000E+00  0.00000000E+00  0.00000000E+00  0.00000000E+00  0.00000000E+00  0.00000000E+00  0.00000000E+00  0.00000000E+00  0.00000000E+00  0.00000000E+00  0.00000000E+00  0.00000000E+00  0.00000000E+00  0.00000000E+00  0.00000000E+00  0.00000000E+00  0.00000000E+00  0.00000000E+00  0.00000000E+00  0.00000000E+00  0.00000000E+00  0.00000000E+00  0.00000000E+00  0.00000000E+00  0.00000000E+00  0.00000000E+00  0.00000000E+00  0.00000000E+00  0.00000000E+00  0.00000000E+00  0.00000000E+00  0.00000000E+00  0.00000000E+00  0.00000000E+00  0.00000000E+00  0.00000000E+00  0.00000000E+00  0.00000000E+00  0.00000000E+00  0.00000000E+00  0.00000000E+00  0.00000000E+00  0.00000000E+00  0.00000000E+00  0.00000000E+00  0.00000000E+00  0.00000000E+00  0.00000000E+00  0.00000000E+00  0.00000000E+00  0.00000000E+00  0.00000000E+00  0.00000000E+00  0.00000000E+00  0.00000000E+00  0.00000000E+00  0.00000000E+00  0.00000000E+00  0.00000000E+00  0.00000000E+00  0.00000000E+00  0.00000000E+00  0.00000000E+00  0.00000000E+00  0.00000000E+00  0.00000000E+00  0.00000000E+00  0.00000000E+00  0.00000000E+00  0.00000000E+00  0.00000000E+00  0.00000000E+00  0.00000000E+00
  2.69775630E-01  2.71257964E-01  2.69262717E-01  2.68592862E-01  2.67798808E-01  2.66113434E-01  2.64211742E-01  2.62521707E-01  2.60495695E-01  2.58281502E-01  2.56281147E-01  2.54030424E-01  2.50447668E-01  2.47357892E-01  2.43470949E-01  2.40494305E-01  2.36320071E-01  2.32778280E-01  2.28667038E-01  2.23986416E-01  2.20084164E-01  2.15315564E-01  2.10679882E-01  2.05511935E-01  2.00631230E-01  1.95156553E-01  1.90108691E-01  1.84877628E-01  1.79250500E-01  1.73693111E-01  1.67997023E-01  1.62693822E-01  1.56916790E-01  1.51404286E-01  1.45635465E-01  1.40071470E-01  1.34490214E-01  1.28638751E-01  1.23101490E-01  1.17422958E-01  1.12121671E-01  1.06814712E-01  1.01572943E-01  9.62864161E-02  9.09831132E-02  8.60087175E-02  8.10249914E-02  7.62077956E-02  7.15327662E-02  6.70027341E-02  6.24814497E-02  5.84517448E-02  5.41320071E-02  5.02298260E-02  4.66084783E-02  4.28489938E-02  3.94734268E-02  3.62056697E-02  3.30036488E-02  3.01738532E-02  2.74754466E-02  2.48067818E-02  2.23543759E-02  2.01152620E-02  1.80163938E-02  1.60616803E-02  1.42148365E-02  1.25880357E-02  1.10490805E-02  9.67109680E-03  8.40305014E-03  7.31401132E-03  6.27865052E-03  5.38451112E-03  4.60656914E-03  3.87446353E-03  3.26092341E-03  2.72922339E-03  2.22678314E-03  1.83783099E-03  1.50220143E-03  1.20606843E-03  9.53633924E-04  7.63938529E-04  5.92616240E-04  4.65536086E-04  3.61526882E-04  2.69113283E-04  1.99295856E-04  1.50865651E-04  1.05469468E-04  7.31216289E-05  5.21504602E-05  3.68240174E-05  2.55210237E-05  1.70345491E-05  1.23034927E-05  7.20779072E-06  4.73461867E-06  2.31501326E-06  1.85089651E-06  1.14911728E-06  5.69150126E-07  2.28385961E-07  9.48457906E-08  1.08105763E-07  0.00000000E+00  2.44111224E-09  2.79070790E-08  3.13391824E-09  0.00000000E+00  0.00000000E+00  0.00000000E+00  0.00000000E+00  0.00000000E+00  0.00000000E+00  0.00000000E+00  0.00000000E+00  0.00000000E+00  0.00000000E+00  0.00000000E+00  0.00000000E+00  0.00000000E+00  0.00000000E+00  0.00000000E+00  0.00000000E+00  0.00000000E+00  0.00000000E+00  0.00000000E+00  0.00000000E+00  0.00000000E+00  0.00000000E+00  0.00000000E+00  0.00000000E+00  0.00000000E+00  0.00000000E+00  0.00000000E+00  0.00000000E+00  0.00000000E+00  0.00000000E+00  0.00000000E+00  0.00000000E+00  0.00000000E+00  0.00000000E+00  0.00000000E+00  0.00000000E+00  0.00000000E+00  0.00000000E+00  0.00000000E+00  0.00000000E+00  0.00000000E+00  0.00000000E+00  0.00000000E+00  0.00000000E+00  0.00000000E+00  0.00000000E+00  0.00000000E+00  0.00000000E+00  0.00000000E+00  0.00000000E+00  0.00000000E+00  0.00000000E+00  0.00000000E+00  0.00000000E+00  0.00000000E+00  0.00000000E+00  0.00000000E+00  0.00000000E+00  0.00000000E+00  0.00000000E+00  0.00000000E+00  0.00000000E+00  0.00000000E+00  0.00000000E+00  0.00000000E+00  0.00000000E+00  0.00000000E+00  0.00000000E+00  0.00000000E+00  0.00000000E+00  0.00000000E+00  0.00000000E+00  0.00000000E+00  0.00000000E+00  0.00000000E+00  0.00000000E+00  0.00000000E+00  0.00000000E+00  0.00000000E+00  0.00000000E+00  0.00000000E+00  0.00000000E+00  0.00000000E+00  0.00000000E+00  0.00000000E+00  0.00000000E+00  0.00000000E+00  0.00000000E+00  0.00000000E+00  0.00000000E+00
  2.69796583E-01  2.68599640E-01  2.69025433E-01  2.68001760E-01  2.66951865E-01  2.65701212E-01  2.64132982E-01  2.61612554E-01  2.60133886E-01  2.58055536E-01  2.54917670E-01  2.52457018E-01  2.49501194E-01  2.46845914E-01  2.43196555E-01  2.39454691E-01  2.36066406E-01  2.32374878E-01  2.28419933E-01  2.24053195E-01  2.19376648E-01  2.15077889E-01  2.10347637E-01  2.05439754E-01  2.00268734E-01  1.95019780E-01  1.89859977E-01  1.84411907E-01  1.79140284E-01  1.73539067E-01  1.68249743E-01  1.62823447E-01  1.56874074E-01  1.51185885E-01  1.45427674E-01  1.40047691E-01  1.34222773E-01  1.28637401E-01  1.23104912E-01  1.17488069E-01  1.12055097E-01  1.06691327E-01  1.01484658E-01  9.64092113E-02  9.11605266E-02  8.60036474E-02  8.10150143E-02  7.64727229E-02  7.16755582E-02  6.71489244E-02  6.26879206E-02  5.85014293E-02  5.43644163E-02  5.04895866E-02  4.66280303E-02  4.31035037E-02  3.96285584E-02  3.63740749E-02  3.32441021E-02  3.03050107E-02  2.75375531E-02  2.48675574E-02  2.24229686E-02  2.01869981E-02  1.80885446E-02  1.61245318E-02  1.43482980E-02  1.26851853E-02  1.10904532E-02  9.72224960E-03  8.47318532E-03  7.35139573E-03  6.30304036E-03  5.39646268E-03  4.59651970E-03  3.90362218E-03  3.28529822E-03  2.72853107E-03  2.25338819E-03  1.84935637E-03  1.50519374E-03  1.22826772E-03  9.67707687E-04  7.69950609E-04  6.03635234E-04  4.75120834E-04  3.53712870E-04  2.71457180E-04  2.04350598E-04  1.47911711E-04  1.05925830E-04  7.71937099E-05  5.42600735E-05  3.70019143E-05  2.51194374E-05  1.63981051E-05  1.09938005E-05  6.65520862E-06  4.59751700E-06  2.32738867E-06  1.35538249E-06  1.00870939E-06  1.14676858E-06  3.75052266E-07  1.17446519E-07  6.29500817E-08  1.31920562E-07  0.00000000E+00  0.00000000E+00  0.00000000E+00  0.00000000E+00  0.00000000E+00  0.00000000E+00  0.00000000E+00  0.00000000E+00  0.00000000E+00  0.00000000E+00  0.00000000E+00  0.00000000E+00  0.00000000E+00  0.00000000E+00  0.00000000E+00  0.00000000E+00  0.00000000E+00  0.00000000E+00  0.00000000E+00  0.00000000E+00  0.00000000E+00  0.00000000E+00  0.00000000E+00  0.00000000E+00  0.00000000E+00  0.00000000E+00  0.00000000E+00  0.00000000E+00  0.00000000E+00  0.00000000E+00  0.00000000E+00  0.00000000E+00  0.00000000E+00  0.00000000E+00  0.00000000E+00  0.00000000E+00  0.00000000E+00  0.00000000E+00  0.00000000E+00  0.00000000E+00  0.00000000E+00  0.00000000E+00  0.00000000E+00  0.00000000E+00  0.00000000E+00  0.00000000E+00  0.00000000E+00  0.00000000E+00  0.00000000E+00  0.00000000E+00  0.00000000E+00  0.00000000E+00  0.00000000E+00  0.00000000E+00  0.00000000E+00  0.00000000E+00  0.00000000E+00  0.00000000E+00  0.00000000E+00  0.00000000E+00  0.00000000E+00  0.00000000E+00  0.00000000E+00  0.00000000E+00  0.00000000E+00  0.00000000E+00  0.00000000E+00  0.00000000E+00  0.00000000E+00  0.00000000E+00  0.00000000E+00  0.00000000E+00  0.00000000E+00  0.00000000E+00  0.00000000E+00  0.00000000E+00  0.00000000E+00  0.00000000E+00  0.00000000E+00  0.00000000E+00  0.00000000E+00  0.00000000E+00  0.00000000E+00  0.00000000E+00  0.00000000E+00  0.00000000E+00  0.00000000E+00  0.00000000E+00  0.00000000E+00  0.00000000E+00  0.00000000E+00  0.00000000E+00  0.00000000E+00
  2.69486484E-01  2.69593228E-01  2.69823519E-01  2.68039820E-01  2.67292073E-01  2.66067359E-01  2.64826586E-01  2.62807569E-01  2.61148210E-01  2.58240059E-01  2.56207077E-01  2.53194194E-01  2.50346051E-01  2.47197837E-01  2.43525451E-01  2.40401626E-01  2.36369351E-01  2.32345456E-01  2.27893086E-01  2.23808257E-01  2.19038974E-01  2.14832102E-01  2.09995419E-01  2.05182247E-01  2.00212883E-01  1.95060535E-01  1.89904168E-01  1.84592470E-01  1.79213437E-01  1.73623204E-01  1.68040193E-01  1.62514145E-01  1.56930035E-01  1.51006594E-01  1.45526101E-01  1.40002794E-01  1.34424229E-01  1.28618977E-01  1.23180573E-01  1.17770832E-01  1.12109816E-01  1.06773277E-01  1.01382898E-01  9.61337102E-02  9.08993613E-02  8.59410953E-02  8.11459093E-02  7.63020418E-02  7.15178572E-02  6.72167098E-02  6.26886605E-02  5.84891518E-02  5.42827786E-02  5.05294680E-02  4.66182135E-02  4.29453434E-02  3.96070761E-02  3.62920958E-02  3.32307061E-02  3.02277769E-02  2.75007286E-02  2.48747407E-02  2.25184422E-02  2.01837260E-02  1.80592382E-02  1.60884905E-02  1.42889618E-02  1.26122979E-02  1.11388017E-02  9.74253912E-03  8.47603829E-03  7.30618870E-03  6.31152188E-03  5.40158748E-03  4.61255534E-03  3.89512529E-03  3.26380093E-03  2.73595878E-03  2.24404446E-03  1.85472004E-03  1.51552577E-03  1.22703847E-03  9.60598258E-04  7.73762522E-04  5.92399806E-04  4.61758567E-04  3.58729296E-04  2.67957714E-04  2.00932643E-04  1.48369113E-04  1.09086241E-04  7.65373852E-05  5.29849653E-05  3.66616649E-05  2.44365270E-05  1.55847418E-05  1.17029294E-05  5.97074386E-06  4.42270725E-06  1.89688669E-06  1.59761594E-06  9.21600807E-07  4.86239329E-07  7.21239356E-07  2.78549145E-07  9.98782451E-08  1.22633051E-07  2.64766788E-08  0.00000000E+00  0.00000000E+00  0.00000000E+00  0.00000000E+00  0.00000000E+00  0.00000000E+00  0.00000000E+00  0.00000000E+00  0.00000000E+00  0.00000000E+00  0.00000000E+00  0.00000000E+00  0.00000000E+00  0.00000000E+00  0.00000000E+00  0.00000000E+00  0.00000000E+00  0.00000000E+00  0.00000000E+00  0.00000000E+00  0.00000000E+00  0.00000000E+00  0.00000000E+00  0.00000000E+00  0.00000000E+00  0.00000000E+00  0.00000000E+00  0.00000000E+00  0.00000000E+00  0.00000000E+00  0.00000000E+00  0.00000000E+00  0.00000000E+00  0.00000000E+00  0.00000000E+00  0.00000000E+00  0.00000000E+00  0.00000000E+00  0.00000000E+00  0.00000000E+00  0.00000000E+00  0.00000000E+00  0.00000000E+00  0.00000000E+00  0.00000000E+00  0.00000000E+00  0.00000000E+00  0.00000000E+00  0.00000000E+00  0.00000000E+00  0.00000000E+00  0.00000000E+00  0.00000000E+00  0.00000000E+00  0.00000000E+00  0.00000000E+00  0.00000000E+00  0.00000000E+00  0.00000000E+00  0.00000000E+00  0.00000000E+00  0.00000000E+00  0.00000000E+00  0.00000000E+00  0.00000000E+00  0.00000000E+00  0.00000000E+00  0.00000000E+00  0.00000000E+00  0.00000000E+00  0.00000000E+00  0.00000000E+00  0.00000000E+00  0.00000000E+00  0.00000000E+00  0.00000000E+00  0.00000000E+00  0.00000000E+00  0.00000000E+00  0.00000000E+00  0.00000000E+00  0.00000000E+00  0.00000000E+00  0.00000000E+00  0.00000000E+00  0.00000000E+00  0.00000000E+00  0.00000000E+00  0.00000000E+00  0.00000000E+00  0.00000000E+00  0.00000000E+00
  2.70202324E-01  2.69721289E-01  2.68114336E-01  2.67122672E-01  2.67132275E-01  2.66096687E-01  2.64190904E-01  2.63145897E-01  2.59367196E-01  2.58024131E-01  2.55589313E-01  2.53267954E-01  2.50131849E-01  2.46910597E-01  2.43158821E-01  2.39991059E-01  2.36410021E-01  2.31966856E-01  2.28257558E-01  2.24008122E-01  2.19625056E-01  2.15124518E-01  2.09879013E-01  2.05169257E-01  2.00220790E-01  1.94913817E-01  1.89746853E-01  1.84718494E-01  1.79000333E-01  1.73691997E-01  1.68046296E-01  1.62886793E-01  1.57111145E-01  1.51221835E-01  1.45502934E-01  1.39992808E-01  1.34510665E-01  1.28864682E-01  1.23442888E-01  1.17775262E-01  1.12211266E-01  1.06799354E-01  1.01532640E-01  9.62318718E-02  9.11202038E-02  8.60489757E-02  8.10543303E-02  7.63046324E-02  7.15211515E-02  6.70368584E-02  6.26159940E-02  5.84463466E-02  5.42592597E-02  5.03689676E-02  4.66138300E-02  4.30006741E-02  3.94382026E-02  3.63058933E-02  3.31882611E-02  3.02074273E-02  2.74691305E-02  2.48482290E-02  2.23743065E-02  2.02731353E-02  1.80517245E-02  1.61185247E-02  1.42972760E-02  1.26571242E-02  1.11031015E-02  9.70506031E-03  8.48786449E-03  7.34257849E-03  6.30433784E-03  5.44528178E-03  4.59620675E-03  3.88340852E-03  3.25179559E-03  2.74613857E-03  2.24507125E-03  1.86706938E-03  1.49536724E-03  1.22176358E-03  9.73965629E-04  7.73809905E-04  6.12271310E-04  4.66850427E-04  3.57086869E-04  2.70360208E-04  1.97438733E-04  1.52411524E-04  1.08718653E-04  7.70423692E-05  5.28160566E-05  3.70943171E-05  2.56231291E-05  1.66090553E-05  1.00288411E-05  6.24589621E-06  4.09460594E-06  2.50247030E-06  1.69101441E-06  1.24974956E-06  6.25671264E-07  2.49449739E-07  3.51566882E-08  3.50147870E-08  2.27449244E-08  2.02800093E-08  1.86047193E-10  0.00000000E+00  2.15562191E-08  0.00000000E+00  1.00482022E-08  0.00000000E+00  0.00000000E+00  0.00000000E+00  0.00000000E+00  0.00000000E+00  0.00000000E+00  0.00000000E+00  0.00000000E+00  0.00000000E+00  0.00000000E+00  0.00000000E+00  0.00000000E+00  0.00000000E+00  0.00000000E+00  0.00000000E+00  0.00000000E+00  0.00000000E+00  0.00000000E+00  0.00000000E+00  0.00000000E+00  0.00000000E+00  0.00000000E+00  0.00000000E+00  0.00000000E+00  0.00000000E+00  0.00000000E+00  0.00000000E+00  0.00000000E+00  0.00000000E+00  0.00000000E+00  0.00000000E+00  0.00000000E+00  0.00000000E+00  0.00000000E+00  0.00000000E+00  0.00000000E+00  0.00000000E+00  0.00000000E+00  0.00000000E+00  0.00000000E+00  0.00000000E+00  0.00000000E+00  0.00000000E+00  0.00000000E+00  0.00000000E+00  0.00000000E+00  0.00000000E+00  0.00000000E+00  0.00000000E+00  0.00000000E+00  0.00000000E+00  0.00000000E+00  0.00000000E+00  0.00000000E+00  0.00000000E+00  0.00000000E+00  0.00000000E+00  0.00000000E+00  0.00000000E+00  0.00000000E+00  0.00000000E+00  0.00000000E+00  0.00000000E+00  0.00000000E+00  0.00000000E+00  0.00000000E+00  0.00000000E+00  0.00000000E+00  0.00000000E+00  0.00000000E+00  0.00000000E+00  0.00000000E+00  0.00000000E+00  0.00000000E+00  0.00000000E+00  0.00000000E+00  0.00000000E+00  0.00000000E+00  0.00000000E+00  0.00000000E+00  0.00000000E+00  0.00000000E+00  0.00000000E+00  0.00000000E+00  0.00000000E+00  0.00000000E+00  0.00000000E+00
  2.68862127E-01  2.69871245E-01  2.68811000E-01  2.68723443E-01  2.67324348E-01  2.65708552E-01  2.64751174E-01  2.62748381E-01  2.60975013E-01  2.58873657E-01  2.56110030E-01  2.53511160E-01  2.50152833E-01  2.47551543E-01  2.43510353E-01  2.40155083E-01  2.36957627E-01  2.32390427E-01  2.28329401E-01  2.24253805E-01  2.19426814E-01  2.14914799E-01  2.10122635E-01  2.05046245E-01  2.00424897E-01  1.95249954E-01  1.90106368E-01  1.84490236E-01  1.79301837E-01  1.73783473E-01  1.68286343E-01  1.62701713E-01  1.56999816E-01  1.51290513E-01  1.45600575E-01  1.40099890E-01  1.34466875E-01  1.28816085E-01  1.23218042E-01  1.17742263E-01  1.12323060E-01  1.06636127E-01  1.01447332E-01  9.63056820E-02  9.10364246E-02  8.59321877E-02  8.10152092E-02  7.61764688E-02  7.16724554E-02  6.70276662E-02  6.26240425E-02  5.83544708E-02  5.43215067E-02  5.03415888E-02  4.64609536E-02  4.29089858E-02  3.95679000E-02  3.62817770E-02  3.31043976E-02  3.01376824E-02  2.74388650E-02  2.48177072E-02  2.23492434E-02  2.01031485E-02  1.79796366E-02  1.60040179E-02  1.42361558E-02  1.25557418E-02  1.10646170E-02  9.70091504E-03  8.44535538E-03  7.34298249E-03  6.25895054E-03  5.39522460E-03  4.61155714E-03  3.87804543E-03  3.26299718E-03  2.71370195E-03  2.23980281E-03  1.84897804E-03  1.50752931E-03  1.21059607E-03  9.61115756E-04  7.62889576E-04  5.99357926E-04  4.66098465E-04  3.53486039E-04  2.64195944E-04  1.97787942E-04  1.45347059E-04  1.06083974E-04  7.45723823E-05  5.27361850E-05  3.70943171E-05  2.45717420E-05  1.62600785E-05  1.09532190E-05  7.81420248E-06  4.27330947E-06  2.36350053E-06  1.48814892E-06  8.47220423E-07  3.35385005E-07  1.35159241E-07  1.28263961E-07  5.64446021E-08  2.93788607E-08  0.00000000E+00  0.00000000E+00  0.00000000E+00  0.00000000E+00  0.00000000E+00  0.00000000E+00  0.00000000E+00  0.00000000E+00  0.00000000E+00  0.00000000E+00  0.00000000E+00  0.00000000E+00  0.00000000E+00  0.00000000E+00  0.00000000E+00  0.00000000E+00  0.00000000E+00  0.00000000E+00  0.00000000E+00  0.00000000E+00  0.00000000E+00  0.00000000E+00  0.00000000E+00  0.00000000E+00  0.00000000E+00  0.00000000E+00  0.00000000E+00  0.00000000E+00  0.00000000E+00  0.00000000E+00  0.00000000E+00  0.00000000E+00  0.00000000E+00  0.00000000E+00  0.00000000E+00  0.00000000E+00  0.00000000E+00  0.00000000E+00  0.00000000E+00  0.00000000E+00  0.00000000E+00  0.00000000E+00  0.00000000E+00  0.00000000E+00  0.00000000E+00  0.00000000E+00  0.00000000E+00  0.00000000E+00  0.00000000E+00  0.00000000E+00  0.00000000E+00  0.00000000E+00  0.00000000E+00  0.00000000E+00  0.00000000E+00  0.00000000E+00  0.00000000E+00  0.00000000E+00  0.00000000E+00  0.00000000E+00  0.00000000E+00  0.00000000E+00  0.00000000E+00  0.00000000E+00  0.00000000E+00  0.00000000E+00  0.00000000E+00  0.00000000E+00  0.00000000E+00  0.00000000E+00  0.00000000E+00  0.00000000E+00  0.00000000E+00  0.00000000E+00  0.00000000E+00  0.00000000E+00  0.00000000E+00  0.00000000E+00  0.00000000E+00  0.00000000E+00  0.00000000E+00  0.00000000E+00  0.00000000E+00  0.00000000E+00  0.00000000E+00  0.00000000E+00  0.00000000E+00  0.00000000E+00  0.00000000E+00  0.00000000E+00  0.00000000E+00  0.00000000E+00  0.00000000E+00
  2.70867295E-01  2.70535745E-01  2.69546130E-01  2.69152427E-01  2.68525032E-01  2.67072683E-01  2.65169878E-01  2.63578860E-01  2.61366306E-01  2.58947051E-01  2.56216042E-01  2.53721859E-01  2.50346930E-01  2.47754382E-01  2.44000621E-01  2.40573183E-01  2.37062480E-01  2.32994030E-01  2.28610225E-01  2.24236219E-01  2.19480797E-01  2.14975730E-01  2.10064693E-01  2.05000014E-01  2.00245014E-01  1.95248124E-01  1.89944228E-01  1.84654091E-01  1.79078685E-01  1.73516328E-01  1.68085147E-01  1.62337893E-01  1.57222177E-01  1.51282744E-01  1.45513971E-01  1.39862126E-01  1.34324567E-01  1.28715039E-01  1.23283373E-01  1.17533545E-01  1.12306009E-01  1.06675760E-01  1.01372518E-01  9.62176951E-02  9.10766294E-02  8.59415740E-02  8.11508920E-02  7.62565410E-02  7.15164491E-02  6.69987886E-02  6.25536341E-02  5.83128274E-02  5.42411591E-02  5.02467970E-02  4.65350467E-02  4.29010736E-02  3.94784737E-02  3.63232796E-02  3.32011712E-02  3.02191844E-02  2.74192408E-02  2.47471973E-02  2.23607515E-02  2.01128031E-02  1.79792911E-02  1.60110205E-02  1.41847243E-02  1.25513705E-02  1.10153805E-02  9.66131539E-03  8.43526461E-03  7.32869270E-03  6.31840158E-03  5.36245634E-03  4.59502999E-03  3.88393229E-03  3.27811592E-03  2.70998015E-03  2.23963592E-03  1.84679743E-03  1.51521057E-03  1.22475038E-03  9.72334590E-04  7.67575415E-04  5.98370598E-04  4.56928772E-04  3.53981007E-04  2.69425879E-04  2.02056223E-04  1.50752654E-04  1.12349478E-04  7.72658505E-05  5.10924893E-05  3.72447955E-05  2.45681106E-05  1.63285634E-05  1.08546940E-05  7.25851482E-06  5.13895589E-06  2.85932845E-06  1.12620475E-06  7.30081261E-07  8.92128053E-07  3.73882056E-07  1.76749284E-07  6.62028216E-08  1.45946598E-08  3.38000156E-09  0.00000000E+00  0.00000000E+00  0.00000000E+00  0.00000000E+00  0.00000000E+00  0.00000000E+00  0.00000000E+00  0.00000000E+00  0.00000000E+00  0.00000000E+00  0.00000000E+00  0.00000000E+00  0.00000000E+00  0.00000000E+00  0.00000000E+00  0.00000000E+00  0.00000000E+00  0.00000000E+00  0.00000000E+00  0.00000000E+00  0.00000000E+00  0.00000000E+00  0.00000000E+00  0.00000000E+00  0.00000000E+00  0.00000000E+00  0.00000000E+00  0.00000000E+00  0.00000000E+00  0.00000000E+00  0.00000000E+00  0.00000000E+00  0.00000000E+00  0.00000000E+00  0.00000000E+00  0.00000000E+00  0.00000000E+00  0.00000000E+00  0.00000000E+00  0.00000000E+00  0.00000000E+00  0.00000000E+00  0.00000000E+00  0.00000000E+00  0.00000000E+00  0.00000000E+00  0.00000000E+00  0.00000000E+00  0.00000000E+00  0.00000000E+00  0.00000000E+00  0.00000000E+00  0.00000000E+00  0.00000000E+00  0.00000000E+00  0.00000000E+00  0.00000000E+00  0.00000000E+00  0.00000000E+00  0.00000000E+00  0.00000000E+00  0.00000000E+00  0.00000000E+00  0.00000000E+00  0.00000000E+00  0.00000000E+00  0.00000000E+00  0.00000000E+00  0.00000000E+00  0.00000000E+00  0.00000000E+00  0.00000000E+00  0.00000000E+00  0.00000000E+00  0.00000000E+00  0.00000000E+00  0.00000000E+00  0.00000000E+00  0.00000000E+00  0.00000000E+00  0.00000000E+00  0.00000000E+00  0.00000000E+00  0.00000000E+00  0.00000000E+00  0.00000000E+00  0.00000000E+00  0.00000000E+00  0.00000000E+00  0.00000000E+00  0.00000000E+00  0.00000000E+00
  2.68313589E-01  2.69391596E-01  2.70288180E-01  2.68563298E-01  2.67327367E-01  2.65777427E-01  2.64361433E-01  2.62446106E-01  2.60506577E-01  2.58463823E-01  2.55545084E-01  2.53349913E-01  2.50367213E-01  2.46894987E-01  2.43930615E-01  2.40320646E-01  2.36868192E-01  2.32933839E-01  2.28071011E-01  2.23908377E-01  2.19506312E-01  2.15166902E-01  2.10540283E-01  2.05358841E-01  2.00212626E-01  1.95148523E-01  1.89888304E-01  1.84520582E-01  1.79183239E-01  1.73530719E-01  1.68327158E-01  1.62632327E-01  1.56898304E-01  1.51167445E-01  1.45465000E-01  1.40124867E-01  1.34329080E-01  1.28789157E-01  1.23146474E-01  1.17738177E-01  1.12211554E-01  1.06808963E-01  1.01437175E-01  9.64189461E-02  9.11518198E-02  8.60094313E-02  8.08990379E-02  7.63145389E-02  7.16276722E-02  6.70189454E-02  6.26268742E-02  5.83730377E-02  5.44949297E-02  5.04450934E-02  4.65483533E-02  4.30068358E-02  3.95825509E-02  3.62872374E-02  3.31719020E-02  3.02239687E-02  2.75095408E-02  2.47896111E-02  2.24073065E-02  2.01529278E-02  1.79683781E-02  1.60048137E-02  1.42408296E-02  1.25396742E-02  1.10701783E-02  9.68075100E-03  8.43349883E-03  7.27347307E-03  6.25066949E-03  5.36932896E-03  4.58404928E-03  3.85995866E-03  3.24017103E-03  2.69622963E-03  2.22352662E-03  1.84398534E-03  1.51168765E-03  1.19379255E-03  9.58816007E-04  7.68436045E-04  5.95741147E-04  4.59797562E-04  3.53267375E-04  2.70016006E-04  2.00536219E-04  1.42832026E-04  1.08676496E-04  7.94519081E-05  5.12995880E-05  3.54574063E-05  2.20902376E-05  1.64689150E-05  1.01246468E-05  6.47301594E-06  4.37598202E-06  2.78446736E-06  1.31501025E-06  8.86996029E-07  5.04357603E-07  1.91914420E-07  1.23627914E-07  1.43503226E-08  5.87577214E-09  4.61933546E-08  2.90233621E-08  0.00000000E+00  3.83627628E-09  0.00000000E+00  0.00000000E+00  0.00000000E+00  0.00000000E+00  0.00000000E+00  0.00000000E+00  0.00000000E+00  0.00000000E+00  0.00000000E+00  0.00000000E+00  0.00000000E+00  0.00000000E+00  0.00000000E+00  0.00000000E+00  0.00000000E+00  0.00000000E+00  0.00000000E+00  0.00000000E+00  0.00000000E+00  0.00000000E+00  0.00000000E+00  0.00000000E+00  0.00000000E+00  0.00000000E+00  0.00000000E+00  0.00000000E+00  0.00000000E+00  0.00000000E+00  0.00000000E+00  0.00000000E+00  0.00000000E+00  0.00000000E+00  0.00000000E+00  0.00000000E+00  0.00000000E+00  0.00000000E+00  0.00000000E+00  0.00000000E+00  0.00000000E+00  0.00000000E+00  0.00000000E+00  0.00000000E+00  0.00000000E+00  0.00000000E+00  0.00000000E+00  0.00000000E+00  0.00000000E+00  0.00000000E+00  0.00000000E+00  0.00000000E+00  0.00000000E+00  0.00000000E+00  0.00000000E+00  0.00000000E+00  0.00000000E+00  0.00000000E+00  0.00000000E+00  0.00000000E+00  0.00000000E+00  0.00000000E+00  0.00000000E+00  0.00000000E+00  0.00000000E+00  0.00000000E+00  0.00000000E+00  0.00000000E+00  0.00000000E+00  0.00000000E+00  0.00000000E+00  0.00000000E+00  0.00000000E+00  0.00000000E+00  0.00000000E+00  0.00000000E+00  0.00000000E+00  0.00000000E+00  0.00000000E+00  0.00000000E+00  0.00000000E+00  0.00000000E+00  0.00000000E+00  0.00000000E+00  0.00000000E+00  0.00000000E+00  0.00000000E+00  0.00000000E+00  0.00000000E+00  0.00000000E+00  0.00000000E+00
  2.69803406E-01  2.69655832E-01  2.70351193E-01  2.68449898E-01  2.67929008E-01  2.66360744E-01  2.64763969E-01  2.63063640E-01  2.61034470E-01  2.58604937E-01  2.56364164E-01  2.53918656E-01  2.50858620E-01  2.47437443E-01  2.43937682E-01  2.40721000E-01  2.36746411E-01  2.32972147E-01  2.28413880E-01  2.24182975E-01  2.19928537E-01  2.15283802E-01  2.10268743E-01  2.05555792E-01  2.00317529E-01  1.95318961E-01  1.90105694E-01  1.84803890E-01  1.79372192E-01  1.73329479E-01  1.68139213E-01  1.62348991E-01  1.56961598E-01  1.51385138E-01  1.45876520E-01  1.40113288E-01  1.34529193E-01  1.28873023E-01  1.23337818E-01  1.17589611E-01  1.12208056E-01  1.06586379E-01  1.01472289E-01  9.60828894E-02  9.09575830E-02  8.58294883E-02  8.10606792E-02  7.62351288E-02  7.15024912E-02  6.69797276E-02  6.26237899E-02  5.84206052E-02  5.43423857E-02  5.03181710E-02  4.64521410E-02  4.28897879E-02  3.94133894E-02  3.61135585E-02  3.31521397E-02  3.01803986E-02  2.74419717E-02  2.48000272E-02  2.23217997E-02  2.00642217E-02  1.79264420E-02  1.60238006E-02  1.42157705E-02  1.25208673E-02  1.10457549E-02  9.65451195E-03  8.37924799E-03  7.29701743E-03  6.25184057E-03  5.35814503E-03  4.54869567E-03  3.85995118E-03  3.25252704E-03  2.71209592E-03  2.23513043E-03  1.83677775E-03  1.50104418E-03  1.22182624E-03  9.69690576E-04  7.61134230E-04  5.94949707E-04  4.56420695E-04  3.55842331E-04  2.73778007E-04  1.94224920E-04  1.45540124E-04  1.02805123E-04  7.20750393E-05  5.15226173E-05  3.58514134E-05  2.65301161E-05  1.84391226E-05  1.17282405E-05  7.76078690E-06  3.70768823E-06  2.84025814E-06  1.31380511E-06  9.63365194E-07  3.92300018E-07  1.63439313E-07  1.22468903E-07  1.01408946E-08  4.39735206E-08  0.00000000E+00  0.00000000E+00  0.00000000E+00  0.00000000E+00  0.00000000E+00  0.00000000E+00  0.00000000E+00  0.00000000E+00  0.00000000E+00  0.00000000E+00  0.00000000E+00  0.00000000E+00  0.00000000E+00  0.00000000E+00  0.00000000E+00  0.00000000E+00  0.00000000E+00  0.00000000E+00  0.00000000E+00  0.00000000E+00  0.00000000E+00  0.00000000E+00  0.00000000E+00  0.00000000E+00  0.00000000E+00  0.00000000E+00  0.00000000E+00  0.00000000E+00  0.00000000E+00  0.00000000E+00  0.00000000E+00  0.00000000E+00  0.00000000E+00  0.00000000E+00  0.00000000E+00  0.00000000E+00  0.00000000E+00  0.00000000E+00  0.00000000E+00  0.00000000E+00  0.00000000E+00  0.00000000E+00  0.00000000E+00  0.00000000E+00  0.00000000E+00  0.00000000E+00  0.00000000E+00  0.00000000E+00  0.00000000E+00  0.00000000E+00  0.00000000E+00  0.00000000E+00  0.00000000E+00  0.00000000E+00  0.00000000E+00  0.00000000E+00  0.00000000E+00  0.00000000E+00  0.00000000E+00  0.00000000E+00  0.00000000E+00  0.00000000E+00  0.00000000E+00  0.00000000E+00  0.00000000E+00  0.00000000E+00  0.00000000E+00  0.00000000E+00  0.00000000E+00  0.00000000E+00  0.00000000E+00  0.00000000E+00  0.00000000E+00  0.00000000E+00  0.00000000E+00  0.00000000E+00  0.00000000E+00  0.00000000E+00  0.00000000E+00  0.00000000E+00  0.00000000E+00  0.00000000E+00  0.00000000E+00  0.00000000E+00  0.00000000E+00  0.00000000E+00  0.00000000E+00  0.00000000E+00  0.00000000E+00  0.00000000E+00  0.00000000E+00  0.00000000E+00  0.00000000E+00
  2.62686426E-01  2.62131590E-01  2.62944978E-01  2.61255299E-01  2.59741293E-01  2.59093810E-01  2.57368809E-01  2.55460643E-01  2.53527862E-01  2.51255298E-01  2.49243596E-01  2.45995567E-01  2.43120291E-01  2.40742320E-01  2.37375502E-01  2.33733438E-01  2.29831417E-01  2.25822823E-01  2.21904758E-01  2.17518597E-01  2.13247198E-01  2.08981731E-01  2.03951100E-01  1.99183010E-01  1.94305351E-01  1.89257411E-01  1.83971592E-01  1.79013125E-01  1.73787224E-01  1.68335596E-01  1.63022005E-01  1.57575514E-01  1.52144190E-01  1.46408686E-01  1.40905670E-01  1.35498876E-01  1.30107035E-01  1.24577795E-01  1.19088375E-01  1.13738870E-01  1.08312642E-01  1.03047529E-01  9.80472152E-02  9.28389121E-02  8.78165265E-02  8.30008139E-02  7.80227280E-02  7.34412036E-02  6.89175931E-02  6.44270903E-02  6.02879060E-02  5.61200605E-02  5.22227839E-02  4.83581376E-02  4.47344622E-02  4.11992000E-02  3.78441225E-02  3.46320296E-02  3.16801754E-02  2.88574033E-02  2.62247439E-02  2.37021979E-02  2.13761878E-02  1.91661568E-02  1.71509441E-02  1.52818078E-02  1.35185161E-02  1.19664231E-02  1.05543272E-02  9.22241395E-03  8.01922953E-03  6.96605285E-03  5.99646053E-03  5.12498682E-03  4.35337856E-03  3.68319375E-03  3.08862762E-03  2.56813789E-03  2.12164071E-03  1.75563158E-03  1.41804687E-03  1.14129848E-03  9.12969779E-04  7.33277142E-04  5.53248049E-04  4.33638003E-04  3.32913932E-04  2.49232838E-04  1.85325920E-04  1.37380646E-04  1.01493137E-04  7.15645400E-05  4.98341847E-05  3.51778231E-05  2.41163260E-05  1.51628413E-05  9.73493960E-06  6.05480093E-06  4.01119731E-06  2.39778650E-06  1.27483887E-06  6.34420927E-07  3.27704433E-07  1.73386097E-07  1.17253350E-07  1.70290495E-08  0.00000000E+00  0.00000000E+00  9.30235964E-10  0.00000000E+00  0.00000000E+00  0.00000000E+00  0.00000000E+00  0.00000000E+00  0.00000000E+00  0.00000000E+00  0.00000000E+00  0.00000000E+00  0.00000000E+00  0.00000000E+00  0.00000000E+00  0.00000000E+00  0.00000000E+00  0.00000000E+00  0.00000000E+00  0.00000000E+00  0.00000000E+00  0.00000000E+00  0.00000000E+00  0.00000000E+00  0.00000000E+00  0.00000000E+00  0.00000000E+00  0.00000000E+00  0.00000000E+00  0.00000000E+00  0.00000000E+00  0.00000000E+00  0.00000000E+00  0.00000000E+00  0.00000000E+00  0.00000000E+00  0.00000000E+00  0.00000000E+00  0.00000000E+00  0.00000000E+00  0.00000000E+00  0.00000000E+00  0.00000000E+00  0.00000000E+00  0.00000000E+00  0.00000000E+00  0.00000000E+00  0.00000000E+00  0.00000000E+00  0.00000000E+00  0.00000000E+00  0.00000000E+00  0.00000000E+00  0.00000000E+00  0.00000000E+00  0.00000000E+00  0.00000000E+00  0.00000000E+00  0.00000000E+00  0.00000000E+00  0.00000000E+00  0.00000000E+00  0.00000000E+00  0.00000000E+00  0.00000000E+00  0.00000000E+00  0.00000000E+00  0.00000000E+00  0.00000000E+00  0.00000000E+00  0.00000000E+00  0.00000000E+00  0.00000000E+00  0.00000000E+00  0.00000000E+00  0.00000000E+00  0.00000000E+00  0.00000000E+00  0.00000000E+00  0.00000000E+00  0.00000000E+00  0.00000000E+00  0.00000000E+00  0.00000000E+00  0.00000000E+00  0.00000000E+00  0.00000000E+00  0.00000000E+00  0.00000000E+00  0.00000000E+00  0.00000000E+00  0.00000000E+00  0.00000000E+00  0.00000000E+00
  2.69733522E-01  2.71055430E-01  2.68878211E-01  2.67875020E-01  2.67894947E-01  2.65914678E-01  2.64699407E-01  2.62868688E-01  2.60537036E-01  2.58214901E-01  2.56215471E-01  2.53525141E-01  2.49956926E-01  2.47092939E-01  2.43915266E-01  2.40315450E-01  2.36365960E-01  2.33084740E-01  2.28838101E-01  2.24207110E-01  2.19593705E-01  2.15081768E-01  2.10417188E-01  2.05250839E-01  2.00044414E-01  1.94895009E-01  1.89997209E-01  1.84592549E-01  1.79231560E-01  1.73583213E-01  1.68156803E-01  1.62562814E-01  1.57056284E-01  1.51258884E-01  1.45751593E-01  1.39832981E-01  1.34557244E-01  1.28742487E-01  1.23341462E-01  1.17708654E-01  1.12313013E-01  1.06857502E-01  1.01448937E-01  9.61695157E-02  9.10787932E-02  8.61799890E-02  8.09986896E-02  7.62635305E-02  7.15273084E-02  6.70119271E-02  6.25712336E-02  5.83095588E-02  5.41639262E-02  5.01632767E-02  4.66429302E-02  4.29171087E-02  3.93904526E-02  3.62949980E-02  3.31845434E-02  3.01941658E-02  2.74157898E-02  2.48962549E-02  2.24055088E-02  2.00901184E-02  1.80422968E-02  1.60298568E-02  1.42498757E-02  1.26057205E-02  1.10558624E-02  9.70481460E-03  8.42765430E-03  7.29550925E-03  6.27817023E-03  5.39643055E-03  4.58864603E-03  3.86101556E-03  3.25293684E-03  2.69741735E-03  2.24004735E-03  1.85059344E-03  1.51061415E-03  1.22027426E-03  9.68687876E-04  7.73816674E-04  6.00241576E-04  4.68708967E-04  3.54281815E-04  2.71586832E-04  1.99385496E-04  1.41462979E-04  1.07974108E-04  7.71652508E-05  5.69798531E-05  3.99173515E-05  2.52982287E-05  1.64651103E-05  1.12956509E-05  6.06308242E-06  4.89221387E-06  1.87943939E-06  1.56829083E-06  5.83905906E-07  3.95844898E-07  4.84271855E-07  4.38492759E-08  9.98782452E-08  3.79082073E-10  1.29566726E-08  0.00000000E+00  3.68696263E-10  0.00000000E+00  0.00000000E+00  0.00000000E+00  0.00000000E+00  0.00000000E+00  0.00000000E+00  0.00000000E+00  0.00000000E+00  0.00000000E+00  0.00000000E+00  0.00000000E+00  0.00000000E+00  0.00000000E+00  0.00000000E+00  0.00000000E+00  0.00000000E+00  0.00000000E+00  0.00000000E+00  0.00000000E+00  0.00000000E+00  0.00000000E+00  0.00000000E+00  0.00000000E+00  0.00000000E+00  0.00000000E+00  0.00000000E+00  0.00000000E+00  0.00000000E+00  0.00000000E+00  0.00000000E+00  0.00000000E+00  0.00000000E+00  0.00000000E+00  0.00000000E+00  0.00000000E+00  0.00000000E+00  0.00000000E+00  0.00000000E+00  0.00000000E+00  0.00000000E+00  0.00000000E+00  0.00000000E+00  0.00000000E+00  0.00000000E+00  0.00000000E+00  0.00000000E+00  0.00000000E+00  0.00000000E+00  0.00000000E+00  0.00000000E+00  0.00000000E+00  0.00000000E+00  0.00000000E+00  0.00000000E+00  0.00000000E+00  0.00000000E+00  0.00000000E+00  0.00000000E+00  0.00000000E+00  0.00000000E+00  0.00000000E+00  0.00000000E+00  0.00000000E+00  0.00000000E+00  0.00000000E+00  0.00000000E+00  0.00000000E+00  0.00000000E+00  0.00000000E+00  0.00000000E+00  0.00000000E+00  0.00000000E+00  0.00000000E+00  0.00000000E+00  0.00000000E+00  0.00000000E+00  0.00000000E+00  0.00000000E+00  0.00000000E+00  0.00000000E+00  0.00000000E+00  0.00000000E+00  0.00000000E+00  0.00000000E+00  0.00000000E+00  0.00000000E+00  0.00000000E+00  0.00000000E+00  0.00000000E+00  0.00000000E+00
  2.70078301E-01  2.69893746E-01  2.68286952E-01  2.68639647E-01  2.68376996E-01  2.66291693E-01  2.64284788E-01  2.62512448E-01  2.60751992E-01  2.58304931E-01  2.56034549E-01  2.53428162E-01  2.50236056E-01  2.47152019E-01  2.43691018E-01  2.40429789E-01  2.36392338E-01  2.32525128E-01  2.28565712E-01  2.24118256E-01  2.19778066E-01  2.15129572E-01  2.10392588E-01  2.05303393E-01  2.00824062E-01  1.94893902E-01  1.89803414E-01  1.84433971E-01  1.79175190E-01  1.73488628E-01  1.68072439E-01  1.62449161E-01  1.56851960E-01  1.51170088E-01  1.45863471E-01  1.39942281E-01  1.34355352E-01  1.28765400E-01  1.23080791E-01  1.17631185E-01  1.12155708E-01  1.06778455E-01  1.01548945E-01  9.61754338E-02  9.10521262E-02  8.60322687E-02  8.12115637E-02  7.63447871E-02  7.16763731E-02  6.70438824E-02  6.26067612E-02  5.83785405E-02  5.43393878E-02  5.03539185E-02  4.65634325E-02  4.29818763E-02  3.94911970E-02  3.62515094E-02  3.31500672E-02  3.01534886E-02  2.74285107E-02  2.48650931E-02  2.23683424E-02  2.01408263E-02  1.79991799E-02  1.60584406E-02  1.42454013E-02  1.25642537E-02  1.10522531E-02  9.67904810E-03  8.44663613E-03  7.32916700E-03  6.27250336E-03  5.38953019E-03  4.58147765E-03  3.89450634E-03  3.28269355E-03  2.70344766E-03  2.24490025E-03  1.84121997E-03  1.50611653E-03  1.21021142E-03  9.71032402E-04  7.65613615E-04  6.01522738E-04  4.77047369E-04  3.56071729E-04  2.73311996E-04  1.98544522E-04  1.43738710E-04  1.08382069E-04  7.64334764E-05  5.45422427E-05  3.56547337E-05  2.59723810E-05  1.54811691E-05  1.09233059E-05  6.75831311E-06  4.13989663E-06  2.35011074E-06  1.51104661E-06  1.01248807E-06  2.89695445E-07  1.98545609E-07  1.04117884E-07  1.23412774E-07  4.71957181E-08  3.99966852E-08  0.00000000E+00  0.00000000E+00  0.00000000E+00  0.00000000E+00  0.00000000E+00  0.00000000E+00  0.00000000E+00  0.00000000E+00  0.00000000E+00  0.00000000E+00  0.00000000E+00  0.00000000E+00  0.00000000E+00  0.00000000E+00  0.00000000E+00  0.00000000E+00  0.00000000E+00  0.00000000E+00  0.00000000E+00  0.00000000E+00  0.00000000E+00  0.00000000E+00  0.00000000E+00  0.00000000E+00  0.00000000E+00  0.00000000E+00  0.00000000E+00  0.00000000E+00  0.00000000E+00  0.00000000E+00  0.00000000E+00  0.00000000E+00  0.00000000E+00  0.00000000E+00  0.00000000E+00  0.00000000E+00  0.00000000E+00  0.00000000E+00  0.00000000E+00  0.00000000E+00  0.00000000E+00  0.00000000E+00  0.00000000E+00  0.00000000E+00  0.00000000E+00  0.00000000E+00  0.00000000E+00  0.00000000E+00  0.00000000E+00  0.00000000E+00  0.00000000E+00  0.00000000E+00  0.00000000E+00  0.00000000E+00  0.00000000E+00  0.00000000E+00  0.00000000E+00  0.00000000E+00  0.00000000E+00  0.00000000E+00  0.00000000E+00  0.00000000E+00  0.00000000E+00  0.00000000E+00  0.00000000E+00  0.00000000E+00  0.00000000E+00  0.00000000E+00  0.00000000E+00  0.00000000E+00  0.00000000E+00  0.00000000E+00  0.00000000E+00  0.00000000E+00  0.00000000E+00  0.00000000E+00  0.00000000E+00  0.00000000E+00  0.00000000E+00  0.00000000E+00  0.00000000E+00  0.00000000E+00  0.00000000E+00  0.00000000E+00  0.00000000E+00  0.00000000E+00  0.00000000E+00  0.00000000E+00  0.00000000E+00  0.00000000E+00  0.00000000E+00  0.00000000E+00
  2.68956800E-01  2.70285652E-01  2.68307978E-01  2.68629548E-01  2.67417599E-01  2.67221278E-01  2.64903629E-01  2.62960354E-01  2.61567913E-01  2.59164007E-01  2.56202575E-01  2.53638057E-01  2.50373269E-01  2.47439350E-01  2.44302061E-01  2.40496371E-01  2.36178079E-01  2.32756858E-01  2.28579968E-01  2.24038090E-01  2.19621560E-01  2.15050619E-01  2.10210815E-01  2.05273237E-01  2.00232600E-01  1.95395143E-01  1.89948651E-01  1.84543093E-01  1.79276458E-01  1.73706699E-01  1.68123637E-01  1.62407393E-01  1.56925809E-01  1.51416994E-01  1.45550994E-01  1.39932443E-01  1.34319052E-01  1.28659745E-01  1.23078769E-01  1.17724311E-01  1.12000482E-01  1.06598140E-01  1.01389274E-01  9.60113652E-02  9.12411118E-02  8.59437080E-02  8.10258254E-02  7.62046499E-02  7.14997525E-02  6.70123410E-02  6.27226607E-02  5.83838343E-02  5.44082055E-02  5.03054741E-02  4.65639162E-02  4.29232172E-02  3.94978385E-02  3.62900694E-02  3.30964974E-02  3.01815381E-02  2.74234725E-02  2.47958737E-02  2.23691828E-02  2.01097291E-02  1.79894940E-02  1.59885002E-02  1.42670979E-02  1.25720608E-02  1.11070400E-02  9.73074113E-03  8.46865532E-03  7.31842262E-03  6.32011949E-03  5.43001695E-03  4.59128892E-03  3.87399483E-03  3.25713713E-03  2.70406419E-03  2.24296727E-03  1.85435644E-03  1.49464605E-03  1.21341618E-03  9.72284186E-04  7.54466766E-04  5.87726182E-04  4.61161010E-04  3.55652838E-04  2.69009007E-04  2.03661760E-04  1.47220195E-04  1.05244856E-04  7.47733610E-05  5.20858646E-05  3.54960513E-05  2.52610606E-05  1.68889131E-05  1.07107764E-05  6.18544136E-06  4.68932799E-06  2.22899402E-06  1.24712061E-06  7.79601891E-07  2.28447802E-07  1.53687564E-07  8.36420109E-08  3.97982279E-08  7.86595302E-08  3.09833476E-08  0.00000000E+00  0.00000000E+00  0.00000000E+00  0.00000000E+00  0.00000000E+00  0.00000000E+00  0.00000000E+00  0.00000000E+00  0.00000000E+00  0.00000000E+00  0.00000000E+00  0.00000000E+00  0.00000000E+00  0.00000000E+00  0.00000000E+00  0.00000000E+00  0.00000000E+00  0.00000000E+00  0.00000000E+00  0.00000000E+00  0.00000000E+00  0.00000000E+00  0.00000000E+00  0.00000000E+00  0.00000000E+00  0.00000000E+00  0.00000000E+00  0.00000000E+00  0.00000000E+00  0.00000000E+00  0.00000000E+00  0.00000000E+00  0.00000000E+00  0.00000000E+00  0.00000000E+00  0.00000000E+00  0.00000000E+00  0.00000000E+00  0.00000000E+00  0.00000000E+00  0.00000000E+00  0.00000000E+00  0.00000000E+00  0.00000000E+00  0.00000000E+00  0.00000000E+00  0.00000000E+00  0.00000000E+00  0.00000000E+00  0.00000000E+00  0.00000000E+00  0.00000000E+00  0.00000000E+00  0.00000000E+00  0.00000000E+00  0.00000000E+00  0.00000000E+00  0.00000000E+00  0.00000000E+00  0.00000000E+00  0.00000000E+00  0.00000000E+00  0.00000000E+00  0.00000000E+00  0.00000000E+00  0.00000000E+00  0.00000000E+00  0.00000000E+00  0.00000000E+00  0.00000000E+00  0.00000000E+00  0.00000000E+00  0.00000000E+00  0.00000000E+00  0.00000000E+00  0.00000000E+00  0.00000000E+00  0.00000000E+00  0.00000000E+00  0.00000000E+00  0.00000000E+00  0.00000000E+00  0.00000000E+00  0.00000000E+00  0.00000000E+00  0.00000000E+00  0.00000000E+00  0.00000000E+00  0.00000000E+00  0.00000000E+00  0.00000000E+00  0.00000000E+00
  2.68976340E-01  2.68485535E-01  2.69187947E-01  2.67130539E-01  2.66334228E-01  2.65440910E-01  2.64044887E-01  2.62817385E-01  2.60536236E-01  2.58304905E-01  2.55571064E-01  2.52790150E-01  2.49613382E-01  2.46515038E-01  2.43376428E-01  2.39949167E-01  2.36246271E-01  2.31632820E-01  2.28243453E-01  2.23526694E-01  2.19080397E-01  2.14717469E-01  2.09962170E-01  2.04823059E-01  2.00075269E-01  1.95146138E-01  1.89398367E-01  1.84398473E-01  1.79087412E-01  1.73167606E-01  1.68210297E-01  1.62115440E-01  1.56644283E-01  1.51176336E-01  1.45551034E-01  1.39763424E-01  1.34231270E-01  1.28550080E-01  1.23032496E-01  1.17487779E-01  1.12041843E-01  1.06905302E-01  1.01476079E-01  9.62300277E-02  9.11366702E-02  8.60914464E-02  8.12465708E-02  7.64037977E-02  7.17720254E-02  6.72429901E-02  6.27875581E-02  5.85847623E-02  5.45472376E-02  5.06076071E-02  4.68479042E-02  4.31690213E-02  3.97348985E-02  3.63515111E-02  3.32524209E-02  3.04095310E-02  2.75726536E-02  2.48853731E-02  2.24945108E-02  2.02120133E-02  1.81472437E-02  1.60828917E-02  1.43837014E-02  1.27125144E-02  1.11537745E-02  9.79294023E-03  8.46381581E-03  7.37565634E-03  6.33199227E-03  5.42095297E-03  4.61607341E-03  3.88115061E-03  3.29990268E-03  2.73710144E-03  2.25286824E-03  1.87977444E-03  1.50428850E-03  1.22627685E-03  9.81600631E-04  7.72573112E-04  6.08772064E-04  4.62315515E-04  3.62164904E-04  2.75624056E-04  1.98434810E-04  1.48922596E-04  1.07668528E-04  7.42028549E-05  5.07219376E-05  3.52464775E-05  2.59232508E-05  1.65152057E-05  1.03202325E-05  6.52374004E-06  3.91774684E-06  2.30344936E-06  1.84547338E-06  8.63727299E-07  3.54881844E-07  2.43988760E-07  8.28693363E-08  1.50200043E-07  3.98036178E-08  1.50222292E-08  0.00000000E+00  0.00000000E+00  0.00000000E+00  0.00000000E+00  0.00000000E+00  0.00000000E+00  0.00000000E+00  0.00000000E+00  0.00000000E+00  0.00000000E+00  0.00000000E+00  0.00000000E+00  0.00000000E+00  0.00000000E+00  0.00000000E+00  0.00000000E+00  0.00000000E+00  0.00000000E+00  0.00000000E+00  0.00000000E+00  0.00000000E+00  0.00000000E+00  0.00000000E+00  0.00000000E+00  0.00000000E+00  0.00000000E+00  0.00000000E+00  0.00000000E+00  0.00000000E+00  0.00000000E+00  0.00000000E+00  0.00000000E+00  0.00000000E+00  0.00000000E+00  0.00000000E+00  0.00000000E+00  0.00000000E+00  0.00000000E+00  0.00000000E+00  0.00000000E+00  0.00000000E+00  0.00000000E+00  0.00000000E+00  0.00000000E+00  0.00000000E+00  0.00000000E+00  0.00000000E+00  0.00000000E+00  0.00000000E+00  0.00000000E+00  0.00000000E+00  0.00000000E+00  0.00000000E+00  0.00000000E+00  0.00000000E+00  0.00000000E+00  0.00000000E+00  0.00000000E+00  0.00000000E+00  0.00000000E+00  0.00000000E+00  0.00000000E+00  0.00000000E+00  0.00000000E+00  0.00000000E+00  0.00000000E+00  0.00000000E+00  0.00000000E+00  0.00000000E+00  0.00000000E+00  0.00000000E+00  0.00000000E+00  0.00000000E+00  0.00000000E+00  0.00000000E+00  0.00000000E+00  0.00000000E+00  0.00000000E+00  0.00000000E+00  0.00000000E+00  0.00000000E+00  0.00000000E+00  0.00000000E+00  0.00000000E+00  0.00000000E+00  0.00000000E+00  0.00000000E+00  0.00000000E+00  0.00000000E+00  0.00000000E+00  0.00000000E+00  0.00000000E+00
  2.63581317E-01  2.61279171E-01  2.61515494E-01  2.60610508E-01  2.59025825E-01  2.58291684E-01  2.56591693E-01  2.55110682E-01  2.52857286E-01  2.51276476E-01  2.48935737E-01  2.45849027E-01  2.43208943E-01  2.40005165E-01  2.36854552E-01  2.33391639E-01  2.29669185E-01  2.25593481E-01  2.22024208E-01  2.17536932E-01  2.13204750E-01  2.08667934E-01  2.03836985E-01  1.99297043E-01  1.94458776E-01  1.89190542E-01  1.84253616E-01  1.79041948E-01  1.73564803E-01  1.68247179E-01  1.62729792E-01  1.57405772E-01  1.52209736E-01  1.46617593E-01  1.41055497E-01  1.35577442E-01  1.29968617E-01  1.24745089E-01  1.19200145E-01  1.13676394E-01  1.08368129E-01  1.03055634E-01  9.80299867E-02  9.27942813E-02  8.79151423E-02  8.29037652E-02  7.81521649E-02  7.34461448E-02  6.90640057E-02  6.44486365E-02  6.03194147E-02  5.61682669E-02  5.21475016E-02  4.83873916E-02  4.48248738E-02  4.13186956E-02  3.78733159E-02  3.47868880E-02  3.17488775E-02  2.89554946E-02  2.61952802E-02  2.37787421E-02  2.13837003E-02  1.91528419E-02  1.71375440E-02  1.53066741E-02  1.35546590E-02  1.19777758E-02  1.05478794E-02  9.24865533E-03  8.04160778E-03  6.93847494E-03  5.96226329E-03  5.10070168E-03  4.33020516E-03  3.67419342E-03  3.09123229E-03  2.60386263E-03  2.13344509E-03  1.75148010E-03  1.42412102E-03  1.14918717E-03  9.18531606E-04  7.30309903E-04  5.74691681E-04  4.42205417E-04  3.36907750E-04  2.58498152E-04  1.97834928E-04  1.36649886E-04  1.02528763E-04  7.20430503E-05  4.97429653E-05  3.44381691E-05  2.33652742E-05  1.52492929E-05  9.58411895E-06  5.76846858E-06  4.11509947E-06  2.53290164E-06  1.36723305E-06  8.24548327E-07  5.69544002E-07  2.27020716E-07  1.16673844E-07  2.62132559E-08  1.57319061E-08  4.13111301E-09  0.00000000E+00  1.19826286E-08  0.00000000E+00  0.00000000E+00  0.00000000E+00  0.00000000E+00  0.00000000E+00  0.00000000E+00  0.00000000E+00  0.00000000E+00  0.00000000E+00  0.00000000E+00  0.00000000E+00  0.00000000E+00  0.00000000E+00  0.00000000E+00  0.00000000E+00  0.00000000E+00  0.00000000E+00  0.00000000E+00  0.00000000E+00  0.00000000E+00  0.00000000E+00  0.00000000E+00  0.00000000E+00  0.00000000E+00  0.00000000E+00  0.00000000E+00  0.00000000E+00  0.00000000E+00  0.00000000E+00  0.00000000E+00  0.00000000E+00  0.00000000E+00  0.00000000E+00  0.00000000E+00  0.00000000E+00  0.00000000E+00  0.00000000E+00  0.00000000E+00  0.00000000E+00  0.00000000E+00  0.00000000E+00  0.00000000E+00  0.00000000E+00  0.00000000E+00  0.00000000E+00  0.00000000E+00  0.00000000E+00  0.00000000E+00  0.00000000E+00  0.00000000E+00  0.00000000E+00  0.00000000E+00  0.00000000E+00  0.00000000E+00  0.00000000E+00  0.00000000E+00  0.00000000E+00  0.00000000E+00  0.00000000E+00  0.00000000E+00  0.00000000E+00  0.00000000E+00  0.00000000E+00  0.00000000E+00  0.00000000E+00  0.00000000E+00  0.00000000E+00  0.00000000E+00  0.00000000E+00  0.00000000E+00  0.00000000E+00  0.00000000E+00  0.00000000E+00  0.00000000E+00  0.00000000E+00  0.00000000E+00  0.00000000E+00  0.00000000E+00  0.00000000E+00  0.00000000E+00  0.00000000E+00  0.00000000E+00  0.00000000E+00  0.00000000E+00  0.00000000E+00  0.00000000E+00  0.00000000E+00  0.00000000E+00  0.00000000E+00  0.00000000E+00
  2.70879689E-01  2.69193018E-01  2.69889601E-01  2.67882333E-01  2.67322106E-01  2.66190241E-01  2.65140701E-01  2.62933324E-01  2.60992803E-01  2.58932141E-01  2.55832596E-01  2.53562205E-01  2.50178815E-01  2.47274921E-01  2.44151356E-01  2.40611590E-01  2.36651646E-01  2.32846778E-01  2.28784998E-01  2.24084908E-01  2.19944163E-01  2.15212854E-01  2.10350780E-01  2.05628180E-01  2.00510783E-01  1.95249715E-01  1.89925141E-01  1.84666697E-01  1.79352520E-01  1.73694966E-01  1.68019386E-01  1.62605550E-01  1.56844871E-01  1.51289633E-01  1.45768378E-01  1.40091094E-01  1.34638016E-01  1.28819244E-01  1.23229640E-01  1.17613115E-01  1.12440106E-01  1.06766695E-01  1.01395293E-01  9.62099103E-02  9.11781665E-02  8.58818919E-02  8.10652742E-02  7.61870230E-02  7.15916589E-02  6.70207846E-02  6.26578636E-02  5.84203402E-02  5.42415024E-02  5.02076937E-02  4.64720486E-02  4.28602864E-02  3.94210776E-02  3.61881920E-02  3.30374135E-02  3.00886939E-02  2.73097459E-02  2.47708147E-02  2.23327157E-02  2.00707057E-02  1.79926937E-02  1.60148389E-02  1.42477244E-02  1.25144197E-02  1.10601979E-02  9.65532346E-03  8.39826589E-03  7.27128224E-03  6.29647361E-03  5.35821232E-03  4.55574943E-03  3.86712861E-03  3.24015308E-03  2.71968043E-03  2.24548989E-03  1.84225391E-03  1.49792448E-03  1.20464971E-03  9.68923014E-04  7.68846537E-04  6.07126596E-04  4.58297887E-04  3.60707069E-04  2.70051995E-04  1.98771701E-04  1.44603668E-04  1.07795444E-04  7.64489193E-05  5.34711780E-05  3.81731411E-05  2.45638384E-05  1.72651571E-05  1.05898689E-05  6.64382158E-06  4.13333870E-06  2.57854865E-06  1.48212321E-06  1.01924992E-06  4.61228234E-07  3.76612546E-07  2.43778794E-07  7.42390021E-08  4.81434233E-08  5.18266906E-08  8.37212367E-09  2.21217758E-08  0.00000000E+00  0.00000000E+00  0.00000000E+00  0.00000000E+00  0.00000000E+00  0.00000000E+00  0.00000000E+00  0.00000000E+00  0.00000000E+00  0.00000000E+00  0.00000000E+00  0.00000000E+00  0.00000000E+00  0.00000000E+00  0.00000000E+00  0.00000000E+00  0.00000000E+00  0.00000000E+00  0.00000000E+00  0.00000000E+00  0.00000000E+00  0.00000000E+00  0.00000000E+00  0.00000000E+00  0.00000000E+00  0.00000000E+00  0.00000000E+00  0.00000000E+00  0.00000000E+00  0.00000000E+00  0.00000000E+00  0.00000000E+00  0.00000000E+00  0.00000000E+00  0.00000000E+00  0.00000000E+00  0.00000000E+00  0.00000000E+00  0.00000000E+00  0.00000000E+00  0.00000000E+00  0.00000000E+00  0.00000000E+00  0.00000000E+00  0.00000000E+00  0.00000000E+00  0.00000000E+00  0.00000000E+00  0.00000000E+00  0.00000000E+00  0.00000000E+00  0.00000000E+00  0.00000000E+00  0.00000000E+00  0.00000000E+00  0.00000000E+00  0.00000000E+00  0.00000000E+00  0.00000000E+00  0.00000000E+00  0.00000000E+00  0.00000000E+00  0.00000000E+00  0.00000000E+00  0.00000000E+00  0.00000000E+00  0.00000000E+00  0.00000000E+00  0.00000000E+00  0.00000000E+00  0.00000000E+00  0.00000000E+00  0.00000000E+00  0.00000000E+00  0.00000000E+00  0.00000000E+00  0.00000000E+00  0.00000000E+00  0.00000000E+00  0.00000000E+00  0.00000000E+00  0.00000000E+00  0.00000000E+00  0.00000000E+00  0.00000000E+00  0.00000000E+00  0.00000000E+00  0.00000000E+00  0.00000000E+00  0.00000000E+00
  2.70215203E-01  2.69737074E-01  2.68794124E-01  2.69286958E-01  2.67512981E-01  2.66172389E-01  2.64722966E-01  2.63228517E-01  2.61252936E-01  2.59332838E-01  2.56328938E-01  2.53469610E-01  2.50711297E-01  2.47217938E-01  2.43906498E-01  2.40078603E-01  2.36652447E-01  2.32816056E-01  2.28332566E-01  2.24183593E-01  2.19541584E-01  2.15189625E-01  2.10425416E-01  2.05518159E-01  2.00304485E-01  1.94740846E-01  1.90020938E-01  1.84326305E-01  1.79103456E-01  1.73732785E-01  1.68065998E-01  1.62601036E-01  1.56985976E-01  1.51340545E-01  1.45735666E-01  1.39990731E-01  1.34473519E-01  1.28930529E-01  1.23265085E-01  1.17672413E-01  1.12159467E-01  1.06977463E-01  1.01175196E-01  9.62157257E-02  9.11127680E-02  8.59986613E-02  8.08547669E-02  7.62720163E-02  7.16473339E-02  6.69308470E-02  6.25519641E-02  5.83001372E-02  5.42200648E-02  5.02610386E-02  4.65773761E-02  4.29907313E-02  3.95937811E-02  3.62468171E-02  3.31963673E-02  3.01746111E-02  2.73672450E-02  2.48284653E-02  2.23854932E-02  2.00709196E-02  1.80200380E-02  1.60269916E-02  1.41770724E-02  1.26102162E-02  1.10263085E-02  9.66119544E-03  8.45535854E-03  7.28856975E-03  6.26185539E-03  5.37850472E-03  4.59099466E-03  3.87470309E-03  3.25094857E-03  2.73461321E-03  2.25578378E-03  1.83897741E-03  1.49224127E-03  1.20736381E-03  9.62537838E-04  7.70183414E-04  5.94862035E-04  4.64782235E-04  3.55645604E-04  2.61476239E-04  2.02273138E-04  1.49930774E-04  1.09295909E-04  7.62214670E-05  5.58705985E-05  3.69716891E-05  2.43767163E-05  1.72843920E-05  1.15958280E-05  8.29597789E-06  4.63194612E-06  2.41361080E-06  1.86636250E-06  5.60239420E-07  5.89631654E-07  2.53935544E-07  1.46421811E-07  3.90328774E-08  7.08883478E-08  0.00000000E+00  0.00000000E+00  2.21217757E-09  0.00000000E+00  0.00000000E+00  0.00000000E+00  0.00000000E+00  0.00000000E+00  0.00000000E+00  0.00000000E+00  0.00000000E+00  0.00000000E+00  0.00000000E+00  0.00000000E+00  0.00000000E+00  0.00000000E+00  0.00000000E+00  0.00000000E+00  0.00000000E+00  0.00000000E+00  0.00000000E+00  0.00000000E+00  0.00000000E+00  0.00000000E+00  0.00000000E+00  0.00000000E+00  0.00000000E+00  0.00000000E+00  0.00000000E+00  0.00000000E+00  0.00000000E+00  0.00000000E+00  0.00000000E+00  0.00000000E+00  0.00000000E+00  0.00000000E+00  0.00000000E+00  0.00000000E+00  0.00000000E+00  0.00000000E+00  0.00000000E+00  0.00000000E+00  0.00000000E+00  0.00000000E+00  0.00000000E+00  0.00000000E+00  0.00000000E+00  0.00000000E+00  0.00000000E+00  0.00000000E+00  0.00000000E+00  0.00000000E+00  0.00000000E+00  0.00000000E+00  0.00000000E+00  0.00000000E+00  0.00000000E+00  0.00000000E+00  0.00000000E+00  0.00000000E+00  0.00000000E+00  0.00000000E+00  0.00000000E+00  0.00000000E+00  0.00000000E+00  0.00000000E+00  0.00000000E+00  0.00000000E+00  0.00000000E+00  0.00000000E+00  0.00000000E+00  0.00000000E+00  0.00000000E+00  0.00000000E+00  0.00000000E+00  0.00000000E+00  0.00000000E+00  0.00000000E+00  0.00000000E+00  0.00000000E+00  0.00000000E+00  0.00000000E+00  0.00000000E+00  0.00000000E+00  0.00000000E+00  0.00000000E+00  0.00000000E+00  0.00000000E+00  0.00000000E+00  0.00000000E+00  0.00000000E+00  0.00000000E+00  0.00000000E+00
  2.60716866E-01  2.61712392E-01  2.60326588E-01  2.60215979E-01  2.59953019E-01  2.58753678E-01  2.56702552E-01  2.55611882E-01  2.52989439E-01  2.50916719E-01  2.48733656E-01  2.46123022E-01  2.43272701E-01  2.39786024E-01  2.36765033E-01  2.33183632E-01  2.29788511E-01  2.25916700E-01  2.21805113E-01  2.17640977E-01  2.13424074E-01  2.08715733E-01  2.03994550E-01  1.99238481E-01  1.94532667E-01  1.89351846E-01  1.84306886E-01  1.78468928E-01  1.73642905E-01  1.68133140E-01  1.62899843E-01  1.57436850E-01  1.51910862E-01  1.46504143E-01  1.41049334E-01  1.35672245E-01  1.29936426E-01  1.24505386E-01  1.19095537E-01  1.13669849E-01  1.08435047E-01  1.03149670E-01  9.80708201E-02  9.26972808E-02  8.78386310E-02  8.29637073E-02  7.81146078E-02  7.35849352E-02  6.89644673E-02  6.45387775E-02  6.04268764E-02  5.62347619E-02  5.23235072E-02  4.84561640E-02  4.47571695E-02  4.12092668E-02  3.78733892E-02  3.47114727E-02  3.16974840E-02  2.89341353E-02  2.62210958E-02  2.37527381E-02  2.14102381E-02  1.92207162E-02  1.72129355E-02  1.52882739E-02  1.36023811E-02  1.20095215E-02  1.05409074E-02  9.21770725E-03  7.98974606E-03  6.94704854E-03  5.99557596E-03  5.10462905E-03  4.35756183E-03  3.67032169E-03  3.10044191E-03  2.57313310E-03  2.11746386E-03  1.72853292E-03  1.43299463E-03  1.14036001E-03  9.17845767E-04  7.16607274E-04  5.68659734E-04  4.37432049E-04  3.37134114E-04  2.44353564E-04  1.92072190E-04  1.36322171E-04  1.02720810E-04  7.46932784E-05  4.93067268E-05  3.39817685E-05  2.54768064E-05  1.52065955E-05  1.04526451E-05  5.96039200E-06  3.84417509E-06  2.33469220E-06  1.52349974E-06  8.27929254E-07  2.91664822E-07  2.55105754E-07  1.27877624E-07  1.36041058E-07  0.00000000E+00  7.51111457E-10  0.00000000E+00  0.00000000E+00  0.00000000E+00  0.00000000E+00  0.00000000E+00  0.00000000E+00  0.00000000E+00  0.00000000E+00  0.00000000E+00  0.00000000E+00  0.00000000E+00  0.00000000E+00  0.00000000E+00  0.00000000E+00  0.00000000E+00  0.00000000E+00  0.00000000E+00  0.00000000E+00  0.00000000E+00  0.00000000E+00  0.00000000E+00  0.00000000E+00  0.00000000E+00  0.00000000E+00  0.00000000E+00  0.00000000E+00  0.00000000E+00  0.00000000E+00  0.00000000E+00  0.00000000E+00  0.00000000E+00  0.00000000E+00  0.00000000E+00  0.00000000E+00  0.00000000E+00  0.00000000E+00  0.00000000E+00  0.00000000E+00  0.00000000E+00  0.00000000E+00  0.00000000E+00  0.00000000E+00  0.00000000E+00  0.00000000E+00  0.00000000E+00  0.00000000E+00  0.00000000E+00  0.00000000E+00  0.00000000E+00  0.00000000E+00  0.00000000E+00  0.00000000E+00  0.00000000E+00  0.00000000E+00  0.00000000E+00  0.00000000E+00  0.00000000E+00  0.00000000E+00  0.00000000E+00  0.00000000E+00  0.00000000E+00  0.00000000E+00  0.00000000E+00  0.00000000E+00  0.00000000E+00  0.00000000E+00  0.00000000E+00  0.00000000E+00  0.00000000E+00  0.00000000E+00  0.00000000E+00  0.00000000E+00  0.00000000E+00  0.00000000E+00  0.00000000E+00  0.00000000E+00  0.00000000E+00  0.00000000E+00  0.00000000E+00  0.00000000E+00  0.00000000E+00  0.00000000E+00  0.00000000E+00  0.00000000E+00  0.00000000E+00  0.00000000E+00  0.00000000E+00  0.00000000E+00  0.00000000E+00  0.00000000E+00  0.00000000E+00  0.00000000E+00
  2.72326388E-01  2.71187595E-01  2.68852244E-01  2.68932571E-01  2.68069853E-01  2.66449588E-01  2.65129897E-01  2.62751907E-01  2.61323511E-01  2.58756205E-01  2.56418239E-01  2.53575970E-01  2.50397681E-01  2.47389524E-01  2.43882867E-01  2.40227908E-01  2.37014208E-01  2.32454841E-01  2.28732054E-01  2.24197154E-01  2.19960925E-01  2.14893464E-01  2.10622237E-01  2.05141678E-01  2.00057250E-01  1.95131527E-01  1.90142872E-01  1.84749436E-01  1.79031826E-01  1.73967761E-01  1.68265823E-01  1.62375178E-01  1.57113427E-01  1.51488286E-01  1.45632363E-01  1.40119398E-01  1.34361084E-01  1.28661728E-01  1.23047397E-01  1.17756526E-01  1.12249527E-01  1.06833061E-01  1.01427856E-01  9.62473135E-02  9.10059109E-02  8.59436929E-02  8.11949165E-02  7.62316777E-02  7.14513762E-02  6.69744829E-02  6.25498859E-02  5.83697585E-02  5.41816927E-02  5.03092725E-02  4.65124523E-02  4.29327975E-02  3.94272889E-02  3.61873323E-02  3.31075276E-02  3.01676403E-02  2.73902135E-02  2.48038891E-02  2.23757925E-02  2.00520521E-02  1.79920240E-02  1.60121016E-02  1.42059901E-02  1.25659691E-02  1.10579314E-02  9.67331466E-03  8.43171672E-03  7.28808754E-03  6.28934499E-03  5.37458669E-03  4.59577051E-03  3.87578592E-03  3.24161123E-03  2.71484514E-03  2.22533437E-03  1.83783911E-03  1.49882019E-03  1.20921326E-03  9.55419600E-04  7.68497208E-04  5.95651085E-04  4.57216336E-04  3.54288116E-04  2.69657270E-04  1.97726129E-04  1.43261912E-04  1.06661230E-04  7.25103094E-05  5.15749921E-05  3.56985602E-05  2.63252643E-05  1.61459371E-05  9.90458668E-06  7.41503489E-06  4.06509527E-06  2.16873997E-06  1.67133043E-06  9.97373338E-07  3.73787868E-07  3.37995620E-07  1.31547828E-07  5.41485505E-08  4.73852592E-08  0.00000000E+00  0.00000000E+00  0.00000000E+00  0.00000000E+00  0.00000000E+00  0.00000000E+00  0.00000000E+00  0.00000000E+00  0.00000000E+00  0.00000000E+00  0.00000000E+00  0.00000000E+00  0.00000000E+00  0.00000000E+00  0.00000000E+00  0.00000000E+00  0.00000000E+00  0.00000000E+00  0.00000000E+00  0.00000000E+00  0.00000000E+00  0.00000000E+00  0.00000000E+00  0.00000000E+00  0.00000000E+00  0.00000000E+00  0.00000000E+00  0.00000000E+00  0.00000000E+00  0.00000000E+00  0.00000000E+00  0.00000000E+00  0.00000000E+00  0.00000000E+00  0.00000000E+00  0.00000000E+00  0.00000000E+00  0.00000000E+00  0.00000000E+00  0.00000000E+00  0.00000000E+00  0.00000000E+00  0.00000000E+00  0.00000000E+00  0.00000000E+00  0.00000000E+00  0.00000000E+00  0.00000000E+00  0.00000000E+00  0.00000000E+00  0.00000000E+00  0.00000000E+00  0.00000000E+00  0.00000000E+00  0.00000000E+00  0.00000000E+00  0.00000000E+00  0.00000000E+00  0.00000000E+00  0.00000000E+00  0.00000000E+00  0.00000000E+00  0.00000000E+00  0.00000000E+00  0.00000000E+00  0.00000000E+00  0.00000000E+00  0.00000000E+00  0.00000000E+00  0.00000000E+00  0.00000000E+00  0.00000000E+00  0.00000000E+00  0.00000000E+00  0.00000000E+00  0.00000000E+00  0.00000000E+00  0.00000000E+00  0.00000000E+00  0.00000000E+00  0.00000000E+00  0.00000000E+00  0.00000000E+00  0.00000000E+00  0.00000000E+00  0.00000000E+00  0.00000000E+00  0.00000000E+00  0.00000000E+00  0.00000000E+00  0.00000000E+00  0.00000000E+00  0.00000000E+00
  2.63877084E-01  2.61969240E-01  2.60886526E-01  2.60656925E-01  2.59642341E-01  2.58319816E-01  2.56507998E-01  2.55180618E-01  2.53270643E-01  2.51040061E-01  2.48467844E-01  2.46276911E-01  2.42861810E-01  2.39664130E-01  2.36515586E-01  2.33011386E-01  2.29674880E-01  2.25973103E-01  2.21939942E-01  2.17394238E-01  2.13186266E-01  2.08748593E-01  2.04052252E-01  1.99265175E-01  1.94560235E-01  1.89165375E-01  1.84429426E-01  1.79211636E-01  1.73502279E-01  1.68466055E-01  1.62931624E-01  1.57709320E-01  1.52268379E-01  1.46618622E-01  1.41086138E-01  1.35581015E-01  1.30153361E-01  1.24662153E-01  1.19203889E-01  1.13772592E-01  1.08400651E-01  1.03125420E-01  9.80185523E-02  9.28409196E-02  8.79198554E-02  8.29031410E-02  7.81179670E-02  7.35539357E-02  6.87541842E-02  6.44845404E-02  6.02084254E-02  5.61958470E-02  5.21085793E-02  4.83829303E-02  4.46700810E-02  4.12661746E-02  3.78821621E-02  3.47471863E-02  3.17172098E-02  2.88896889E-02  2.62318298E-02  2.37012106E-02  2.13659856E-02  1.91753298E-02  1.71888048E-02  1.53134341E-02  1.35420031E-02  1.20001234E-02  1.05376113E-02  9.20100098E-03  8.01890484E-03  6.94912277E-03  5.98825772E-03  5.11143081E-03  4.35208394E-03  3.67211518E-03  3.08395579E-03  2.56538554E-03  2.12590243E-03  1.75110557E-03  1.42465689E-03  1.13561120E-03  9.24838973E-04  7.29829546E-04  5.70639168E-04  4.39631510E-04  3.38819714E-04  2.50287361E-04  1.88304342E-04  1.37828800E-04  9.88354835E-05  7.14438645E-05  4.98309113E-05  3.41879476E-05  2.29448902E-05  1.70675233E-05  1.02884367E-05  6.88750428E-06  4.46389923E-06  2.56678186E-06  1.52972630E-06  8.34293351E-07  5.59106301E-07  1.17216023E-07  2.04951902E-07  4.34336429E-08  3.82872894E-08  3.00444583E-09  0.00000000E+00  0.00000000E+00  0.00000000E+00  0.00000000E+00  0.00000000E+00  0.00000000E+00  0.00000000E+00  0.00000000E+00  0.00000000E+00  0.00000000E+00  0.00000000E+00  0.00000000E+00  0.00000000E+00  0.00000000E+00  0.00000000E+00  0.00000000E+00  0.00000000E+00  0.00000000E+00  0.00000000E+00  0.00000000E+00  0.00000000E+00  0.00000000E+00  0.00000000E+00  0.00000000E+00  0.00000000E+00  0.00000000E+00  0.00000000E+00  0.00000000E+00  0.00000000E+00  0.00000000E+00  0.00000000E+00  0.00000000E+00  0.00000000E+00  0.00000000E+00  0.00000000E+00  0.00000000E+00  0.00000000E+00  0.00000000E+00  0.00000000E+00  0.00000000E+00  0.00000000E+00  0.00000000E+00  0.00000000E+00  0.00000000E+00  0.00000000E+00  0.00000000E+00  0.00000000E+00  0.00000000E+00  0.00000000E+00  0.00000000E+00  0.00000000E+00  0.00000000E+00  0.00000000E+00  0.00000000E+00  0.00000000E+00  0.00000000E+00  0.00000000E+00  0.00000000E+00  0.00000000E+00  0.00000000E+00  0.00000000E+00  0.00000000E+00  0.00000000E+00  0.00000000E+00  0.00000000E+00  0.00000000E+00  0.00000000E+00  0.00000000E+00  0.00000000E+00  0.00000000E+00  0.00000000E+00  0.00000000E+00  0.00000000E+00  0.00000000E+00  0.00000000E+00  0.00000000E+00  0.00000000E+00  0.00000000E+00  0.00000000E+00  0.00000000E+00  0.00000000E+00  0.00000000E+00  0.00000000E+00  0.00000000E+00  0.00000000E+00  0.00000000E+00  0.00000000E+00  0.00000000E+00  0.00000000E+00  0.00000000E+00  0.00000000E+00  0.00000000E+00
  2.68615049E-01  2.69135528E-01  2.69171718E-01  2.67851333E-01  2.67571090E-01  2.65815359E-01  2.64796285E-01  2.63398614E-01  2.60645091E-01  2.58721587E-01  2.56280409E-01  2.53290417E-01  2.50615362E-01  2.47457275E-01  2.44152261E-01  2.40733673E-01  2.36681158E-01  2.32437542E-01  2.28681305E-01  2.24119678E-01  2.19309204E-01  2.15310966E-01  2.10137347E-01  2.05095882E-01  2.00208889E-01  1.95052815E-01  1.89926743E-01  1.84485613E-01  1.79204967E-01  1.73843470E-01  1.68272941E-01  1.62600362E-01  1.57075050E-01  1.51460218E-01  1.45491578E-01  1.39885441E-01  1.34447464E-01  1.28972791E-01  1.23312640E-01  1.17726306E-01  1.12324567E-01  1.06711970E-01  1.01568769E-01  9.60137044E-02  9.10151475E-02  8.60216149E-02  8.10366490E-02  7.62899335E-02  7.14848164E-02  6.70684952E-02  6.25208059E-02  5.83089105E-02  5.43061764E-02  5.02733740E-02  4.66512602E-02  4.28955066E-02  3.94415049E-02  3.61631739E-02  3.31378179E-02  3.01598881E-02  2.74504989E-02  2.48631674E-02  2.23633340E-02  2.00593951E-02  1.79710696E-02  1.60080847E-02  1.42487653E-02  1.25940338E-02  1.10749046E-02  9.69990719E-03  8.46657372E-03  7.27527966E-03  6.29803087E-03  5.37853850E-03  4.59589244E-03  3.90139823E-03  3.23826773E-03  2.69822167E-03  2.25353271E-03  1.85643624E-03  1.49605933E-03  1.21144884E-03  9.62293158E-04  7.67404256E-04  5.93646329E-04  4.60462878E-04  3.48212677E-04  2.68911883E-04  1.98286550E-04  1.42157652E-04  1.03559482E-04  7.45593661E-05  5.20166862E-05  3.69572242E-05  2.47674085E-05  1.58567788E-05  1.06647562E-05  7.51172123E-06  3.64313363E-06  2.60837136E-06  1.68318099E-06  9.68536023E-07  3.14312665E-07  1.97960504E-07  2.00895361E-07  2.62132559E-08  4.75748002E-08  8.63778176E-09  1.67442473E-09  0.00000000E+00  0.00000000E+00  0.00000000E+00  0.00000000E+00  0.00000000E+00  0.00000000E+00  0.00000000E+00  0.00000000E+00  0.00000000E+00  0.00000000E+00  0.00000000E+00  0.00000000E+00  0.00000000E+00  0.00000000E+00  0.00000000E+00  0.00000000E+00  0.00000000E+00  0.00000000E+00  0.00000000E+00  0.00000000E+00  0.00000000E+00  0.00000000E+00  0.00000000E+00  0.00000000E+00  0.00000000E+00  0.00000000E+00  0.00000000E+00  0.00000000E+00  0.00000000E+00  0.00000000E+00  0.00000000E+00  0.00000000E+00  0.00000000E+00  0.00000000E+00  0.00000000E+00  0.00000000E+00  0.00000000E+00  0.00000000E+00  0.00000000E+00  0.00000000E+00  0.00000000E+00  0.00000000E+00  0.00000000E+00  0.00000000E+00  0.00000000E+00  0.00000000E+00  0.00000000E+00  0.00000000E+00  0.00000000E+00  0.00000000E+00  0.00000000E+00  0.00000000E+00  0.00000000E+00  0.00000000E+00  0.00000000E+00  0.00000000E+00  0.00000000E+00  0.00000000E+00  0.00000000E+00  0.00000000E+00  0.00000000E+00  0.00000000E+00  0.00000000E+00  0.00000000E+00  0.00000000E+00  0.00000000E+00  0.00000000E+00  0.00000000E+00  0.00000000E+00  0.00000000E+00  0.00000000E+00  0.00000000E+00  0.00000000E+00  0.00000000E+00  0.00000000E+00  0.00000000E+00  0.00000000E+00  0.00000000E+00  0.00000000E+00  0.00000000E+00  0.00000000E+00  0.00000000E+00  0.00000000E+00  0.00000000E+00  0.00000000E+00  0.00000000E+00  0.00000000E+00  0.00000000E+00  0.00000000E+00  0.00000000E+00  0.00000000E+00
  2.67969739E-01  2.68299742E-01  2.68038978E-01  2.67434011E-01  2.66730545E-01  2.64967652E-01  2.64381666E-01  2.62828496E-01  2.60582282E-01  2.57849219E-01  2.56181852E-01  2.53020277E-01  2.49749479E-01  2.46878280E-01  2.43631989E-01  2.39775652E-01  2.36138076E-01  2.32223749E-01  2.28172246E-01  2.23670696E-01  2.19479377E-01  2.14741400E-01  2.09935357E-01  2.05182674E-01  2.00046885E-01  1.95045095E-01  1.90020580E-01  1.84329285E-01  1.79491589E-01  1.73668885E-01  1.68727258E-01  1.62800857E-01  1.57100594E-01  1.51526040E-01  1.45664953E-01  1.40365132E-01  1.34525632E-01  1.28911500E-01  1.23472126E-01  1.17588713E-01  1.12038145E-01  1.06846153E-01  1.01713729E-01  9.63404370E-02  9.09692443E-02  8.60920942E-02  8.11596255E-02  7.62487092E-02  7.15829793E-02  6.71820843E-02  6.26094042E-02  5.84177819E-02  5.42717155E-02  5.03574343E-02  4.66070867E-02  4.29963383E-02  3.96550358E-02  3.62344130E-02  3.31475907E-02  3.02751994E-02  2.74402777E-02  2.48308033E-02  2.24266564E-02  2.01490911E-02  1.79760097E-02  1.60457422E-02  1.41591134E-02  1.26235226E-02  1.10992384E-02  9.69672185E-03  8.38907820E-03  7.30694843E-03  6.30961853E-03  5.39086412E-03  4.57293798E-03  3.85416083E-03  3.22965894E-03  2.72935310E-03  2.25104043E-03  1.85207172E-03  1.50753633E-03  1.20079106E-03  9.72015527E-04  7.67337533E-04  6.02745850E-04  4.64494671E-04  3.50214954E-04  2.63283301E-04  1.96552140E-04  1.42656553E-04  1.04565219E-04  7.41567467E-05  5.22765962E-05  3.73667758E-05  2.56566659E-05  1.74205162E-05  1.13552680E-05  6.39579109E-06  4.15260261E-06  3.06423279E-06  1.50441833E-06  9.94191289E-07  2.36916125E-07  2.27800856E-07  1.35411200E-07  6.25674064E-08  1.38364957E-08  0.00000000E+00  0.00000000E+00  0.00000000E+00  0.00000000E+00  0.00000000E+00  0.00000000E+00  0.00000000E+00  0.00000000E+00  0.00000000E+00  0.00000000E+00  0.00000000E+00  0.00000000E+00  0.00000000E+00  0.00000000E+00  0.00000000E+00  0.00000000E+00  0.00000000E+00  0.00000000E+00  0.00000000E+00  0.00000000E+00  0.00000000E+00  0.00000000E+00  0.00000000E+00  0.00000000E+00  0.00000000E+00  0.00000000E+00  0.00000000E+00  0.00000000E+00  0.00000000E+00  0.00000000E+00  0.00000000E+00  0.00000000E+00  0.00000000E+00  0.00000000E+00  0.00000000E+00  0.00000000E+00  0.00000000E+00  0.00000000E+00  0.00000000E+00  0.00000000E+00  0.00000000E+00  0.00000000E+00  0.00000000E+00  0.00000000E+00  0.00000000E+00  0.00000000E+00  0.00000000E+00  0.00000000E+00  0.00000000E+00  0.00000000E+00  0.00000000E+00  0.00000000E+00  0.00000000E+00  0.00000000E+00  0.00000000E+00  0.00000000E+00  0.00000000E+00  0.00000000E+00  0.00000000E+00  0.00000000E+00  0.00000000E+00  0.00000000E+00  0.00000000E+00  0.00000000E+00  0.00000000E+00  0.00000000E+00  0.00000000E+00  0.00000000E+00  0.00000000E+00  0.00000000E+00  0.00000000E+00  0.00000000E+00  0.00000000E+00  0.00000000E+00  0.00000000E+00  0.00000000E+00  0.00000000E+00  0.00000000E+00  0.00000000E+00  0.00000000E+00  0.00000000E+00  0.00000000E+00  0.00000000E+00  0.00000000E+00  0.00000000E+00  0.00000000E+00  0.00000000E+00  0.00000000E+00  0.00000000E+00  0.00000000E+00  0.00000000E+00  0.00000000E+00  0.00000000E+00
  2.63909947E-01  2.61628619E-01  2.60295961E-01  2.60038082E-01  2.59588924E-01  2.57397849E-01  2.56419207E-01  2.55194326E-01  2.52905657E-01  2.51376225E-01  2.48580521E-01  2.45380194E-01  2.42831382E-01  2.40041036E-01  2.36500083E-01  2.33402082E-01  2.29582652E-01  2.25961054E-01  2.21593964E-01  2.17701861E-01  2.13033503E-01  2.08719039E-01  2.04018825E-01  1.99419497E-01  1.94292255E-01  1.89312551E-01  1.84364366E-01  1.79238124E-01  1.73693902E-01  1.68424033E-01  1.62829312E-01  1.57555364E-01  1.52205778E-01  1.46614858E-01  1.40876779E-01  1.35484809E-01  1.30132651E-01  1.24667117E-01  1.19071240E-01  1.13694508E-01  1.08573317E-01  1.03093892E-01  9.78982027E-02  9.29302755E-02  8.79674243E-02  8.30252990E-02  7.80941829E-02  7.34477414E-02  6.90029875E-02  6.45579657E-02  6.03062989E-02  5.60904390E-02  5.21160135E-02  4.84717156E-02  4.47915926E-02  4.11570092E-02  3.79137471E-02  3.47492836E-02  3.17240959E-02  2.88743050E-02  2.63146035E-02  2.37647572E-02  2.13876144E-02  1.91992531E-02  1.71760237E-02  1.52666082E-02  1.36326548E-02  1.19843669E-02  1.05475099E-02  9.23236092E-03  8.03303025E-03  6.96132394E-03  6.01356332E-03  5.10631095E-03  4.34067187E-03  3.67819588E-03  3.05512235E-03  2.55546934E-03  2.13096696E-03  1.72627004E-03  1.42664967E-03  1.14079667E-03  9.17119556E-04  7.15818928E-04  5.66416089E-04  4.36619882E-04  3.40791186E-04  2.57115345E-04  1.90988070E-04  1.37011657E-04  9.48192262E-05  7.21820367E-05  4.92045960E-05  3.41406667E-05  2.36130615E-05  1.36840759E-05  9.61089432E-06  5.62623407E-06  3.68698977E-06  2.04011685E-06  1.41644300E-06  1.07235036E-06  5.72498068E-07  2.00495959E-07  1.34059020E-07  3.76935140E-08  0.00000000E+00  0.00000000E+00  2.60466069E-09  0.00000000E+00  0.00000000E+00  0.00000000E+00  0.00000000E+00  0.00000000E+00  0.00000000E+00  0.00000000E+00  0.00000000E+00  0.00000000E+00  0.00000000E+00  0.00000000E+00  0.00000000E+00  0.00000000E+00  0.00000000E+00  0.00000000E+00  0.00000000E+00  0.00000000E+00  0.00000000E+00  0.00000000E+00  0.00000000E+00  0.00000000E+00  0.00000000E+00  0.00000000E+00  0.00000000E+00  0.00000000E+00  0.00000000E+00  0.00000000E+00  0.00000000E+00  0.00000000E+00  0.00000000E+00  0.00000000E+00  0.00000000E+00  0.00000000E+00  0.00000000E+00  0.00000000E+00  0.00000000E+00  0.00000000E+00  0.00000000E+00  0.00000000E+00  0.00000000E+00  0.00000000E+00  0.00000000E+00  0.00000000E+00  0.00000000E+00  0.00000000E+00  0.00000000E+00  0.00000000E+00  0.00000000E+00  0.00000000E+00  0.00000000E+00  0.00000000E+00  0.00000000E+00  0.00000000E+00  0.00000000E+00  0.00000000E+00  0.00000000E+00  0.00000000E+00  0.00000000E+00  0.00000000E+00  0.00000000E+00  0.00000000E+00  0.00000000E+00  0.00000000E+00  0.00000000E+00  0.00000000E+00  0.00000000E+00  0.00000000E+00  0.00000000E+00  0.00000000E+00  0.00000000E+00  0.00000000E+00  0.00000000E+00  0.00000000E+00  0.00000000E+00  0.00000000E+00  0.00000000E+00  0.00000000E+00  0.00000000E+00  0.00000000E+00  0.00000000E+00  0.00000000E+00  0.00000000E+00  0.00000000E+00  0.00000000E+00  0.00000000E+00  0.00000000E+00  0.00000000E+00  0.00000000E+00  0.00000000E+00  0.00000000E+00  0.00000000E+00
  2.53079407E-01  2.52780841E-01  2.51845688E-01  2.52119759E-01  2.51911402E-01  2.50537376E-01  2.49144204E-01  2.47267688E-01  2.44912278E-01  2.42530616E-01  2.40875334E-01  2.37915532E-01  2.35315736E-01  2.32253014E-01  2.29541089E-01  2.25762103E-01  2.22025889E-01  2.18663927E-01  2.14873856E-01  2.10552835E-01  2.06239481E-01  2.01990661E-01  1.97260735E-01  1.92731408E-01  1.87861559E-01  1.82876997E-01  1.78163796E-01  1.72901450E-01  1.68098042E-01  1.63010588E-01  1.57646687E-01  1.52215321E-01  1.47091653E-01  1.41741930E-01  1.36213783E-01  1.31134198E-01  1.25567782E-01  1.20388079E-01  1.15047840E-01  1.10074194E-01  1.04734992E-01  9.97158091E-02  9.44536103E-02  8.94911285E-02  8.46145501E-02  7.99996200E-02  7.53515651E-02  7.07970050E-02  6.63229349E-02  6.21572944E-02  5.79235157E-02  5.40657284E-02  5.01984494E-02  4.65540380E-02  4.28998646E-02  3.96681417E-02  3.64008639E-02  3.33267986E-02  3.04985616E-02  2.78138504E-02  2.52039645E-02  2.27608729E-02  2.05383366E-02  1.84362861E-02  1.65110766E-02  1.46278564E-02  1.30021537E-02  1.14688053E-02  1.01134423E-02  8.81125550E-03  7.70367065E-03  6.64876770E-03  5.74232479E-03  4.91768443E-03  4.18710372E-03  3.53134092E-03  2.95146702E-03  2.43885659E-03  2.03740853E-03  1.66933503E-03  1.35505038E-03  1.09805139E-03  8.72299273E-04  6.92851716E-04  5.41808133E-04  4.15505200E-04  3.15697621E-04  2.46538049E-04  1.74598993E-04  1.29933433E-04  9.81134672E-05  7.03096913E-05  5.08299606E-05  3.38781392E-05  2.25838897E-05  1.43964029E-05  9.34837016E-06  6.38005627E-06  4.24338892E-06  2.63575956E-06  1.50964061E-06  6.37602976E-07  5.27202383E-07  2.66417782E-07  5.21555264E-08  9.24160774E-08  3.73395843E-08  0.00000000E+00  0.00000000E+00  0.00000000E+00  0.00000000E+00  0.00000000E+00  0.00000000E+00  0.00000000E+00  0.00000000E+00  0.00000000E+00  0.00000000E+00  0.00000000E+00  0.00000000E+00  0.00000000E+00  0.00000000E+00  0.00000000E+00  0.00000000E+00  0.00000000E+00  0.00000000E+00  0.00000000E+00  0.00000000E+00  0.00000000E+00  0.00000000E+00  0.00000000E+00  0.00000000E+00  0.00000000E+00  0.00000000E+00  0.00000000E+00  0.00000000E+00  0.00000000E+00  0.00000000E+00  0.00000000E+00  0.00000000E+00  0.00000000E+00  0.00000000E+00  0.00000000E+00  0.00000000E+00  0.00000000E+00  0.00000000E+00  0.00000000E+00  0.00000000E+00  0.00000000E+00  0.00000000E+00  0.00000000E+00  0.00000000E+00  0.00000000E+00  0.00000000E+00  0.00000000E+00  0.00000000E+00  0.00000000E+00  0.00000000E+00  0.00000000E+00  0.00000000E+00  0.00000000E+00  0.00000000E+00  0.00000000E+00  0.00000000E+00  0.00000000E+00  0.00000000E+00  0.00000000E+00  0.00000000E+00  0.00000000E+00  0.00000000E+00  0.00000000E+00  0.00000000E+00  0.00000000E+00  0.00000000E+00  0.00000000E+00  0.00000000E+00  0.00000000E+00  0.00000000E+00  0.00000000E+00  0.00000000E+00  0.00000000E+00  0.00000000E+00  0.00000000E+00  0.00000000E+00  0.00000000E+00  0.00000000E+00  0.00000000E+00  0.00000000E+00  0.00000000E+00  0.00000000E+00  0.00000000E+00  0.00000000E+00  0.00000000E+00  0.00000000E+00  0.00000000E+00  0.00000000E+00  0.00000000E+00  0.00000000E+00  0.00000000E+00  0.00000000E+00  0.00000000E+00
  2.71926824E-01  2.69768645E-01  2.69989813E-01  2.68466485E-01  2.67174074E-01  2.66213793E-01  2.64684212E-01  2.62402127E-01  2.60497799E-01  2.58284730E-01  2.55947409E-01  2.52849415E-01  2.50133244E-01  2.47433428E-01  2.43147861E-01  2.39980558E-01  2.36134003E-01  2.32168718E-01  2.28344201E-01  2.24297171E-01  2.19538277E-01  2.14832335E-01  2.10007442E-01  2.05143816E-01  2.00515221E-01  1.95170320E-01  1.89828560E-01  1.84521769E-01  1.79236805E-01  1.73619064E-01  1.68008238E-01  1.62648464E-01  1.56964105E-01  1.51150106E-01  1.45647868E-01  1.39807925E-01  1.34436220E-01  1.28823547E-01  1.23103019E-01  1.17739942E-01  1.12129090E-01  1.06880760E-01  1.01525771E-01  9.62755249E-02  9.11862904E-02  8.60593234E-02  8.11561695E-02  7.63318471E-02  7.16333476E-02  6.69684397E-02  6.27021168E-02  5.85130667E-02  5.43019716E-02  5.02941755E-02  4.65731866E-02  4.30682736E-02  3.95905538E-02  3.62007162E-02  3.31346084E-02  3.01883078E-02  2.74950305E-02  2.48937446E-02  2.23795478E-02  2.00966552E-02  1.80466164E-02  1.60785571E-02  1.42765939E-02  1.26472118E-02  1.11225049E-02  9.69757925E-03  8.46461437E-03  7.33520844E-03  6.31491871E-03  5.39959276E-03  4.59760108E-03  3.87451459E-03  3.24273005E-03  2.69670889E-03  2.25688232E-03  1.83642735E-03  1.50627928E-03  1.20888681E-03  9.72371048E-04  7.73853178E-04  6.03476611E-04  4.64928850E-04  3.54828357E-04  2.73379821E-04  1.98771245E-04  1.44925293E-04  1.04753920E-04  7.23916194E-05  5.44119604E-05  3.42309105E-05  2.17437626E-05  1.62404208E-05  1.07344140E-05  7.13781217E-06  4.13641273E-06  2.60755985E-06  1.22803921E-06  8.69693640E-07  6.63680251E-07  2.07127149E-07  1.33479514E-07  1.89424258E-08  3.22219763E-09  0.00000000E+00  0.00000000E+00  0.00000000E+00  0.00000000E+00  0.00000000E+00  0.00000000E+00  0.00000000E+00  0.00000000E+00  0.00000000E+00  0.00000000E+00  0.00000000E+00  0.00000000E+00  0.00000000E+00  0.00000000E+00  0.00000000E+00  0.00000000E+00  0.00000000E+00  0.00000000E+00  0.00000000E+00  0.00000000E+00  0.00000000E+00  0.00000000E+00  0.00000000E+00  0.00000000E+00  0.00000000E+00  0.00000000E+00  0.00000000E+00  0.00000000E+00  0.00000000E+00  0.00000000E+00  0.00000000E+00  0.00000000E+00  0.00000000E+00  0.00000000E+00  0.00000000E+00  0.00000000E+00  0.00000000E+00  0.00000000E+00  0.00000000E+00  0.00000000E+00  0.00000000E+00  0.00000000E+00  0.00000000E+00  0.00000000E+00  0.00000000E+00  0.00000000E+00  0.00000000E+00  0.00000000E+00  0.00000000E+00  0.00000000E+00  0.00000000E+00  0.00000000E+00  0.00000000E+00  0.00000000E+00  0.00000000E+00  0.00000000E+00  0.00000000E+00  0.00000000E+00  0.00000000E+00  0.00000000E+00  0.00000000E+00  0.00000000E+00  0.00000000E+00  0.00000000E+00  0.00000000E+00  0.00000000E+00  0.00000000E+00  0.00000000E+00  0.00000000E+00  0.00000000E+00  0.00000000E+00  0.00000000E+00  0.00000000E+00  0.00000000E+00  0.00000000E+00  0.00000000E+00  0.00000000E+00  0.00000000E+00  0.00000000E+00  0.00000000E+00  0.00000000E+00  0.00000000E+00  0.00000000E+00  0.00000000E+00  0.00000000E+00  0.00000000E+00  0.00000000E+00  0.00000000E+00  0.00000000E+00  0.00000000E+00  0.00000000E+00  0.00000000E+00  0.00000000E+00
  2.72595671E-01  2.67226405E-01  2.69001807E-01  2.68578454E-01  2.67951886E-01  2.65449480E-01  2.64322638E-01  2.62319022E-01  2.60810679E-01  2.58007608E-01  2.56100650E-01  2.53519110E-01  2.50309959E-01  2.47016619E-01  2.44130662E-01  2.40775417E-01  2.36720338E-01  2.32712202E-01  2.28746970E-01  2.24371711E-01  2.20121175E-01  2.15382626E-01  2.10287818E-01  2.05736275E-01  2.00148286E-01  1.95345576E-01  1.90045639E-01  1.84638648E-01  1.79178171E-01  1.73599870E-01  1.68361087E-01  1.62534545E-01  1.56810406E-01  1.51457202E-01  1.45595031E-01  1.40049936E-01  1.34328125E-01  1.28808411E-01  1.23219705E-01  1.17790048E-01  1.12328242E-01  1.06721542E-01  1.01529406E-01  9.61541488E-02  9.11626636E-02  8.59511981E-02  8.10500474E-02  7.62905289E-02  7.14620457E-02  6.70089975E-02  6.25760959E-02  5.83928581E-02  5.42903382E-02  5.02334180E-02  4.64933189E-02  4.29995615E-02  3.94658694E-02  3.61987903E-02  3.31160210E-02  3.00613378E-02  2.73695005E-02  2.48132932E-02  2.23236633E-02  2.00543842E-02  1.79440336E-02  1.59819069E-02  1.42217016E-02  1.25526543E-02  1.10617229E-02  9.67640648E-03  8.45181552E-03  7.31786531E-03  6.28309676E-03  5.39335429E-03  4.59109844E-03  3.87604526E-03  3.24749107E-03  2.71008043E-03  2.22605824E-03  1.85516134E-03  1.49740566E-03  1.20024468E-03  9.71575103E-04  7.72726140E-04  5.95125769E-04  4.63149166E-04  3.53464102E-04  2.64021767E-04  2.00243121E-04  1.44103639E-04  1.05437349E-04  7.05435415E-05  5.06427207E-05  3.81806974E-05  2.46251444E-05  1.60189019E-05  1.01899117E-05  6.51835707E-06  3.69723653E-06  2.33692383E-06  1.28809543E-06  5.27424545E-07  3.61971603E-07  1.83527916E-07  3.74747116E-08  5.14698236E-08  1.89541037E-09  1.20177833E-08  0.00000000E+00  0.00000000E+00  0.00000000E+00  0.00000000E+00  0.00000000E+00  0.00000000E+00  0.00000000E+00  0.00000000E+00  0.00000000E+00  0.00000000E+00  0.00000000E+00  0.00000000E+00  0.00000000E+00  0.00000000E+00  0.00000000E+00  0.00000000E+00  0.00000000E+00  0.00000000E+00  0.00000000E+00  0.00000000E+00  0.00000000E+00  0.00000000E+00  0.00000000E+00  0.00000000E+00  0.00000000E+00  0.00000000E+00  0.00000000E+00  0.00000000E+00  0.00000000E+00  0.00000000E+00  0.00000000E+00  0.00000000E+00  0.00000000E+00  0.00000000E+00  0.00000000E+00  0.00000000E+00  0.00000000E+00  0.00000000E+00  0.00000000E+00  0.00000000E+00  0.00000000E+00  0.00000000E+00  0.00000000E+00  0.00000000E+00  0.00000000E+00  0.00000000E+00  0.00000000E+00  0.00000000E+00  0.00000000E+00  0.00000000E+00  0.00000000E+00  0.00000000E+00  0.00000000E+00  0.00000000E+00  0.00000000E+00  0.00000000E+00  0.00000000E+00  0.00000000E+00  0.00000000E+00  0.00000000E+00  0.00000000E+00  0.00000000E+00  0.00000000E+00  0.00000000E+00  0.00000000E+00  0.00000000E+00  0.00000000E+00  0.00000000E+00  0.00000000E+00  0.00000000E+00  0.00000000E+00  0.00000000E+00  0.00000000E+00  0.00000000E+00  0.00000000E+00  0.00000000E+00  0.00000000E+00  0.00000000E+00  0.00000000E+00  0.00000000E+00  0.00000000E+00  0.00000000E+00  0.00000000E+00  0.00000000E+00  0.00000000E+00  0.00000000E+00  0.00000000E+00  0.00000000E+00  0.00000000E+00  0.00000000E+00  0.00000000E+00  0.00000000E+00
  2.64068691E-01  2.62857322E-01  2.61531691E-01  2.61250864E-01  2.59830875E-01  2.58655470E-01  2.56829575E-01  2.55157078E-01  2.53076175E-01  2.50447135E-01  2.48294558E-01  2.45646935E-01  2.43056814E-01  2.39890789E-01  2.36672781E-01  2.33079379E-01  2.29598306E-01  2.25392799E-01  2.21477430E-01  2.17300970E-01  2.12866411E-01  2.08581213E-01  2.03908052E-01  1.98814849E-01  1.94106054E-01  1.89257636E-01  1.83905938E-01  1.78836161E-01  1.73491567E-01  1.68458839E-01  1.62820632E-01  1.57481353E-01  1.51990114E-01  1.46410408E-01  1.40817368E-01  1.35603376E-01  1.30046923E-01  1.24481984E-01  1.19194479E-01  1.13777369E-01  1.08566945E-01  1.03303393E-01  9.80918674E-02  9.28953641E-02  8.79437717E-02  8.30031971E-02  7.81254871E-02  7.35534767E-02  6.90735819E-02  6.44610613E-02  6.04585139E-02  5.61330329E-02  5.22967377E-02  4.85185599E-02  4.48225737E-02  4.13362583E-02  3.80479366E-02  3.47815621E-02  3.17878502E-02  2.88735671E-02  2.63239876E-02  2.37885479E-02  2.14255124E-02  1.91951790E-02  1.71802137E-02  1.53098795E-02  1.35932233E-02  1.20297923E-02  1.05170003E-02  9.24100726E-03  8.03123555E-03  6.93813700E-03  5.96898791E-03  5.13764091E-03  4.38725114E-03  3.66662696E-03  3.09844573E-03  2.58000264E-03  2.12783541E-03  1.75038649E-03  1.42871869E-03  1.14965157E-03  9.26653767E-04  7.32032855E-04  5.79343806E-04  4.42529811E-04  3.31623187E-04  2.51840654E-04  1.89576410E-04  1.38002694E-04  1.02515157E-04  7.30949347E-05  4.98885236E-05  3.47836000E-05  2.28551741E-05  1.62822727E-05  1.06126698E-05  6.07819613E-06  3.37589808E-06  2.78446736E-06  1.51928174E-06  4.61198160E-07  4.99828035E-07  3.71346602E-07  1.89305244E-07  7.94051182E-08  3.65814201E-08  0.00000000E+00  0.00000000E+00  0.00000000E+00  0.00000000E+00  0.00000000E+00  0.00000000E+00  0.00000000E+00  0.00000000E+00  0.00000000E+00  0.00000000E+00  0.00000000E+00  0.00000000E+00  0.00000000E+00  0.00000000E+00  0.00000000E+00  0.00000000E+00  0.00000000E+00  0.00000000E+00  0.00000000E+00  0.00000000E+00  0.00000000E+00  0.00000000E+00  0.00000000E+00  0.00000000E+00  0.00000000E+00  0.00000000E+00  0.00000000E+00  0.00000000E+00  0.00000000E+00  0.00000000E+00  0.00000000E+00  0.00000000E+00  0.00000000E+00  0.00000000E+00  0.00000000E+00  0.00000000E+00  0.00000000E+00  0.00000000E+00  0.00000000E+00  0.00000000E+00  0.00000000E+00  0.00000000E+00  0.00000000E+00  0.00000000E+00  0.00000000E+00  0.00000000E+00  0.00000000E+00  0.00000000E+00  0.00000000E+00  0.00000000E+00  0.00000000E+00  0.00000000E+00  0.00000000E+00  0.00000000E+00  0.00000000E+00  0.00000000E+00  0.00000000E+00  0.00000000E+00  0.00000000E+00  0.00000000E+00  0.00000000E+00  0.00000000E+00  0.00000000E+00  0.00000000E+00  0.00000000E+00  0.00000000E+00  0.00000000E+00  0.00000000E+00  0.00000000E+00  0.00000000E+00  0.00000000E+00  0.00000000E+00  0.00000000E+00  0.00000000E+00  0.00000000E+00  0.00000000E+00  0.00000000E+00  0.00000000E+00  0.00000000E+00  0.00000000E+00  0.00000000E+00  0.00000000E+00  0.00000000E+00  0.00000000E+00  0.00000000E+00  0.00000000E+00  0.00000000E+00  0.00000000E+00  0.00000000E+00  0.00000000E+00  0.00000000E+00  0.00000000E+00  0.00000000E+00
  2.62385814E-01  2.62526121E-01  2.61470406E-01  2.61434610E-01  2.59763960E-01  2.58680997E-01  2.57270462E-01  2.56037077E-01  2.53828455E-01  2.51154620E-01  2.48987275E-01  2.46084937E-01  2.43303853E-01  2.40478571E-01  2.37047998E-01  2.33440393E-01  2.30080095E-01  2.25952989E-01  2.21820867E-01  2.17759437E-01  2.13156713E-01  2.08827780E-01  2.03819858E-01  1.99105323E-01  1.94442037E-01  1.89208020E-01  1.84297120E-01  1.79043147E-01  1.73794041E-01  1.68257384E-01  1.62803515E-01  1.57600935E-01  1.52112300E-01  1.46427667E-01  1.40958217E-01  1.35391074E-01  1.30216794E-01  1.24512869E-01  1.19105001E-01  1.13821096E-01  1.08392218E-01  1.03121419E-01  9.79277689E-02  9.28260510E-02  8.78149080E-02  8.28804891E-02  7.80452340E-02  7.35150151E-02  6.88916541E-02  6.44157347E-02  6.02763583E-02  5.60972874E-02  5.20755632E-02  4.83561423E-02  4.47511981E-02  4.11697020E-02  3.78661997E-02  3.47161204E-02  3.17453013E-02  2.89190978E-02  2.62171486E-02  2.37649902E-02  2.13464480E-02  1.92206771E-02  1.71961648E-02  1.52660562E-02  1.35816604E-02  1.19482972E-02  1.04958016E-02  9.22247059E-03  8.02993734E-03  6.92951343E-03  5.96377600E-03  5.13137717E-03  4.35552723E-03  3.67645186E-03  3.08880098E-03  2.55995456E-03  2.13546345E-03  1.74164831E-03  1.42950507E-03  1.14353431E-03  9.12667110E-04  7.24705172E-04  5.64708749E-04  4.36002730E-04  3.37430955E-04  2.48751370E-04  1.89375005E-04  1.42555285E-04  1.03144161E-04  7.31331008E-05  4.96399615E-05  3.54368963E-05  2.37452859E-05  1.59935372E-05  1.11249579E-05  6.59765229E-06  3.96201285E-06  2.56637611E-06  1.67735614E-06  7.28092481E-07  5.82344956E-07  1.73191062E-07  1.66704516E-07  1.00069583E-07  1.63005292E-08  6.94778097E-09  0.00000000E+00  0.00000000E+00  0.00000000E+00  0.00000000E+00  0.00000000E+00  0.00000000E+00  0.00000000E+00  0.00000000E+00  0.00000000E+00  0.00000000E+00  0.00000000E+00  0.00000000E+00  0.00000000E+00  0.00000000E+00  0.00000000E+00  0.00000000E+00  0.00000000E+00  0.00000000E+00  0.00000000E+00  0.00000000E+00  0.00000000E+00  0.00000000E+00  0.00000000E+00  0.00000000E+00  0.00000000E+00  0.00000000E+00  0.00000000E+00  0.00000000E+00  0.00000000E+00  0.00000000E+00  0.00000000E+00  0.00000000E+00  0.00000000E+00  0.00000000E+00  0.00000000E+00  0.00000000E+00  0.00000000E+00  0.00000000E+00  0.00000000E+00  0.00000000E+00  0.00000000E+00  0.00000000E+00  0.00000000E+00  0.00000000E+00  0.00000000E+00  0.00000000E+00  0.00000000E+00  0.00000000E+00  0.00000000E+00  0.00000000E+00  0.00000000E+00  0.00000000E+00  0.00000000E+00  0.00000000E+00  0.00000000E+00  0.00000000E+00  0.00000000E+00  0.00000000E+00  0.00000000E+00  0.00000000E+00  0.00000000E+00  0.00000000E+00  0.00000000E+00  0.00000000E+00  0.00000000E+00  0.00000000E+00  0.00000000E+00  0.00000000E+00  0.00000000E+00  0.00000000E+00  0.00000000E+00  0.00000000E+00  0.00000000E+00  0.00000000E+00  0.00000000E+00  0.00000000E+00  0.00000000E+00  0.00000000E+00  0.00000000E+00  0.00000000E+00  0.00000000E+00  0.00000000E+00  0.00000000E+00  0.00000000E+00  0.00000000E+00  0.00000000E+00  0.00000000E+00  0.00000000E+00  0.00000000E+00  0.00000000E+00  0.00000000E+00  0.00000000E+00
  2.67078683E-01  2.67339650E-01  2.67334409E-01  2.67408507E-01  2.66169815E-01  2.64519014E-01  2.63439443E-01  2.61883492E-01  2.59492229E-01  2.57063355E-01  2.54698249E-01  2.52013274E-01  2.49361946E-01  2.46066457E-01  2.42591896E-01  2.39289926E-01  2.34849174E-01  2.31367873E-01  2.27288766E-01  2.22627568E-01  2.18379613E-01  2.13741154E-01  2.08955730E-01  2.03968112E-01  1.98984762E-01  1.94109217E-01  1.88731969E-01  1.83610218E-01  1.78113359E-01  1.72473523E-01  1.67102183E-01  1.61524336E-01  1.55792720E-01  1.50385127E-01  1.44656531E-01  1.38966711E-01  1.33395433E-01  1.27945068E-01  1.22293055E-01  1.16744728E-01  1.11227120E-01  1.05922275E-01  1.00547450E-01  9.53908234E-02  9.03635468E-02  8.53440280E-02  8.03967312E-02  7.56563405E-02  7.10221868E-02  6.64886026E-02  6.21252631E-02  5.79312349E-02  5.37822374E-02  4.99109769E-02  4.62475601E-02  4.25309060E-02  3.91228947E-02  3.58784594E-02  3.28457616E-02  2.98892930E-02  2.71086638E-02  2.45403703E-02  2.21441008E-02  1.99403911E-02  1.77808140E-02  1.58850881E-02  1.40673440E-02  1.24608341E-02  1.09457980E-02  9.55462028E-03  8.34961190E-03  7.22461899E-03  6.21559019E-03  5.32604608E-03  4.53318433E-03  3.82885680E-03  3.20218655E-03  2.68279661E-03  2.22050925E-03  1.81693645E-03  1.47815738E-03  1.18714698E-03  9.58727677E-04  7.56797236E-04  5.88365210E-04  4.58613546E-04  3.50024528E-04  2.65917878E-04  1.97285683E-04  1.47950730E-04  1.06541897E-04  7.47113687E-05  5.28031811E-05  3.66124410E-05  2.40144342E-05  1.54864534E-05  1.12021463E-05  6.50510670E-06  3.70133523E-06  2.74429800E-06  1.44034497E-06  9.14043442E-07  5.02979039E-07  4.07428073E-07  2.10553792E-07  7.02209118E-08  1.55423650E-08  2.06555651E-09  0.00000000E+00  0.00000000E+00  0.00000000E+00  0.00000000E+00  0.00000000E+00  0.00000000E+00  0.00000000E+00  0.00000000E+00  0.00000000E+00  0.00000000E+00  0.00000000E+00  0.00000000E+00  0.00000000E+00  0.00000000E+00  0.00000000E+00  0.00000000E+00  0.00000000E+00  0.00000000E+00  0.00000000E+00  0.00000000E+00  0.00000000E+00  0.00000000E+00  0.00000000E+00  0.00000000E+00  0.00000000E+00  0.00000000E+00  0.00000000E+00  0.00000000E+00  0.00000000E+00  0.00000000E+00  0.00000000E+00  0.00000000E+00  0.00000000E+00  0.00000000E+00  0.00000000E+00  0.00000000E+00  0.00000000E+00  0.00000000E+00  0.00000000E+00  0.00000000E+00  0.00000000E+00  0.00000000E+00  0.00000000E+00  0.00000000E+00  0.00000000E+00  0.00000000E+00  0.00000000E+00  0.00000000E+00  0.00000000E+00  0.00000000E+00  0.00000000E+00  0.00000000E+00  0.00000000E+00  0.00000000E+00  0.00000000E+00  0.00000000E+00  0.00000000E+00  0.00000000E+00  0.00000000E+00  0.00000000E+00  0.00000000E+00  0.00000000E+00  0.00000000E+00  0.00000000E+00  0.00000000E+00  0.00000000E+00  0.00000000E+00  0.00000000E+00  0.00000000E+00  0.00000000E+00  0.00000000E+00  0.00000000E+00  0.00000000E+00  0.00000000E+00  0.00000000E+00  0.00000000E+00  0.00000000E+00  0.00000000E+00  0.00000000E+00  0.00000000E+00  0.00000000E+00  0.00000000E+00  0.00000000E+00  0.00000000E+00  0.00000000E+00  0.00000000E+00  0.00000000E+00  0.00000000E+00  0.00000000E+00  0.00000000E+00  0.00000000E+00  0.00000000E+00
  2.62051290E-01  2.61108531E-01  2.63206905E-01  2.61776164E-01  2.58952608E-01  2.58936740E-01  2.56867466E-01  2.54702336E-01  2.53012389E-01  2.50969802E-01  2.48923829E-01  2.45762056E-01  2.42953519E-01  2.39631170E-01  2.36369859E-01  2.32939373E-01  2.29540037E-01  2.25688277E-01  2.21427427E-01  2.17684565E-01  2.12857912E-01  2.08788660E-01  2.03880621E-01  1.99241091E-01  1.94083009E-01  1.89237400E-01  1.84316192E-01  1.78923130E-01  1.73707919E-01  1.68488512E-01  1.63165084E-01  1.57552490E-01  1.52099545E-01  1.46747839E-01  1.40997756E-01  1.35473781E-01  1.30144712E-01  1.24526271E-01  1.19146607E-01  1.13810578E-01  1.08279940E-01  1.03178400E-01  9.81382156E-02  9.28464970E-02  8.80175590E-02  8.29917612E-02  7.82242250E-02  7.36089575E-02  6.89468430E-02  6.46317751E-02  6.02765630E-02  5.61159558E-02  5.22235267E-02  4.83609976E-02  4.47457497E-02  4.11375301E-02  3.79462186E-02  3.47489013E-02  3.17234233E-02  2.89300031E-02  2.62103190E-02  2.37504539E-02  2.13951573E-02  1.92329003E-02  1.71741459E-02  1.53184606E-02  1.35551854E-02  1.19442225E-02  1.05585073E-02  9.19745694E-03  8.02752474E-03  6.97668939E-03  5.98811378E-03  5.09813681E-03  4.35355603E-03  3.69006666E-03  3.08817904E-03  2.58518044E-03  2.11890954E-03  1.74180142E-03  1.41252164E-03  1.14458102E-03  9.08553546E-04  7.26779870E-04  5.63949082E-04  4.36886433E-04  3.34612833E-04  2.53829506E-04  1.84385270E-04  1.36471481E-04  9.81478171E-05  6.85156637E-05  5.03797555E-05  3.44908473E-05  2.37572480E-05  1.60019921E-05  8.87770932E-06  5.73803412E-06  4.25322581E-06  1.78307349E-06  1.29954427E-06  5.71575468E-07  4.99434159E-07  1.56808124E-07  1.60716289E-07  3.65454882E-08  5.15551620E-08  0.00000000E+00  0.00000000E+00  0.00000000E+00  0.00000000E+00  0.00000000E+00  0.00000000E+00  0.00000000E+00  0.00000000E+00  0.00000000E+00  0.00000000E+00  0.00000000E+00  0.00000000E+00  0.00000000E+00  0.00000000E+00  0.00000000E+00  0.00000000E+00  0.00000000E+00  0.00000000E+00  0.00000000E+00  0.00000000E+00  0.00000000E+00  0.00000000E+00  0.00000000E+00  0.00000000E+00  0.00000000E+00  0.00000000E+00  0.00000000E+00  0.00000000E+00  0.00000000E+00  0.00000000E+00  0.00000000E+00  0.00000000E+00  0.00000000E+00  0.00000000E+00  0.00000000E+00  0.00000000E+00  0.00000000E+00  0.00000000E+00  0.00000000E+00  0.00000000E+00  0.00000000E+00  0.00000000E+00  0.00000000E+00  0.00000000E+00  0.00000000E+00  0.00000000E+00  0.00000000E+00  0.00000000E+00  0.00000000E+00  0.00000000E+00  0.00000000E+00  0.00000000E+00  0.00000000E+00  0.00000000E+00  0.00000000E+00  0.00000000E+00  0.00000000E+00  0.00000000E+00  0.00000000E+00  0.00000000E+00  0.00000000E+00  0.00000000E+00  0.00000000E+00  0.00000000E+00  0.00000000E+00  0.00000000E+00  0.00000000E+00  0.00000000E+00  0.00000000E+00  0.00000000E+00  0.00000000E+00  0.00000000E+00  0.00000000E+00  0.00000000E+00  0.00000000E+00  0.00000000E+00  0.00000000E+00  0.00000000E+00  0.00000000E+00  0.00000000E+00  0.00000000E+00  0.00000000E+00  0.00000000E+00  0.00000000E+00  0.00000000E+00  0.00000000E+00  0.00000000E+00  0.00000000E+00  0.00000000E+00  0.00000000E+00  0.00000000E+00  0.00000000E+00  0.00000000E+00
  2.61772277E-01  2.61889437E-01  2.61156269E-01  2.59757939E-01  2.59156936E-01  2.57863965E-01  2.57010048E-01  2.55155644E-01  2.53259080E-01  2.50757321E-01  2.48302606E-01  2.45662918E-01  2.43317982E-01  2.39862470E-01  2.36603359E-01  2.33032153E-01  2.29742133E-01  2.25573938E-01  2.21294384E-01  2.17302087E-01  2.13304778E-01  2.08322518E-01  2.04054127E-01  1.98951147E-01  1.94267182E-01  1.89427586E-01  1.84316163E-01  1.78890654E-01  1.73695770E-01  1.68396357E-01  1.62848930E-01  1.57399821E-01  1.52231248E-01  1.46528952E-01  1.40992618E-01  1.35478457E-01  1.29988836E-01  1.24615704E-01  1.19229137E-01  1.13747008E-01  1.08433062E-01  1.03126212E-01  9.80976268E-02  9.28157635E-02  8.77760939E-02  8.30096949E-02  7.82960849E-02  7.35858654E-02  6.90906689E-02  6.45639245E-02  6.03737378E-02  5.61860550E-02  5.21745548E-02  4.84358258E-02  4.47715654E-02  4.12553716E-02  3.79294380E-02  3.47378284E-02  3.17341334E-02  2.89366801E-02  2.62956286E-02  2.37308937E-02  2.14149532E-02  1.92483966E-02  1.72305707E-02  1.52933395E-02  1.35798816E-02  1.19955611E-02  1.05468536E-02  9.23867670E-03  8.04629067E-03  6.95955631E-03  5.97842750E-03  5.12896033E-03  4.36593080E-03  3.68458593E-03  3.06974819E-03  2.58732955E-03  2.12045038E-03  1.73477234E-03  1.42169341E-03  1.15246698E-03  9.11275613E-04  7.23262892E-04  5.65156188E-04  4.38871048E-04  3.41295956E-04  2.55878570E-04  1.88646252E-04  1.34655632E-04  1.00488515E-04  7.07718763E-05  4.98599356E-05  3.41063395E-05  2.47197735E-05  1.47908249E-05  1.00505961E-05  5.60387406E-06  3.46299556E-06  2.09266163E-06  1.44576811E-06  8.19775254E-07  4.40352831E-07  1.93864770E-07  1.06629076E-07  6.42894451E-08  7.27837582E-08  0.00000000E+00  4.65117981E-09  0.00000000E+00  0.00000000E+00  0.00000000E+00  0.00000000E+00  0.00000000E+00  0.00000000E+00  0.00000000E+00  0.00000000E+00  0.00000000E+00  0.00000000E+00  0.00000000E+00  0.00000000E+00  0.00000000E+00  0.00000000E+00  0.00000000E+00  0.00000000E+00  0.00000000E+00  0.00000000E+00  0.00000000E+00  0.00000000E+00  0.00000000E+00  0.00000000E+00  0.00000000E+00  0.00000000E+00  0.00000000E+00  0.00000000E+00  0.00000000E+00  0.00000000E+00  0.00000000E+00  0.00000000E+00  0.00000000E+00  0.00000000E+00  0.00000000E+00  0.00000000E+00  0.00000000E+00  0.00000000E+00  0.00000000E+00  0.00000000E+00  0.00000000E+00  0.00000000E+00  0.00000000E+00  0.00000000E+00  0.00000000E+00  0.00000000E+00  0.00000000E+00  0.00000000E+00  0.00000000E+00  0.00000000E+00  0.00000000E+00  0.00000000E+00  0.00000000E+00  0.00000000E+00  0.00000000E+00  0.00000000E+00  0.00000000E+00  0.00000000E+00  0.00000000E+00  0.00000000E+00  0.00000000E+00  0.00000000E+00  0.00000000E+00  0.00000000E+00  0.00000000E+00  0.00000000E+00  0.00000000E+00  0.00000000E+00  0.00000000E+00  0.00000000E+00  0.00000000E+00  0.00000000E+00  0.00000000E+00  0.00000000E+00  0.00000000E+00  0.00000000E+00  0.00000000E+00  0.00000000E+00  0.00000000E+00  0.00000000E+00  0.00000000E+00  0.00000000E+00  0.00000000E+00  0.00000000E+00  0.00000000E+00  0.00000000E+00  0.00000000E+00  0.00000000E+00  0.00000000E+00  0.00000000E+00  0.00000000E+00  0.00000000E+00  0.00000000E+00
  2.63227131E-01  2.62095040E-01  2.62642646E-01  2.61704590E-01  2.60490746E-01  2.59648895E-01  2.57995401E-01  2.56760217E-01  2.54302603E-01  2.52436849E-01  2.49886140E-01  2.47053543E-01  2.44176734E-01  2.41304296E-01  2.38369000E-01  2.34755058E-01  2.30691737E-01  2.27046769E-01  2.23119584E-01  2.18936436E-01  2.14395586E-01  2.09728104E-01  2.05093914E-01  2.00258362E-01  1.95469692E-01  1.90467112E-01  1.85154565E-01  1.79946397E-01  1.74802045E-01  1.69418069E-01  1.64189567E-01  1.58490205E-01  1.53141165E-01  1.47220764E-01  1.41903561E-01  1.36450914E-01  1.30837483E-01  1.25431927E-01  1.19970527E-01  1.14743332E-01  1.09213863E-01  1.03888608E-01  9.86583564E-02  9.34781370E-02  8.85838454E-02  8.35553381E-02  7.87466036E-02  7.39605351E-02  6.94410121E-02  6.49959348E-02  6.06734681E-02  5.66293861E-02  5.25378861E-02  4.86625741E-02  4.49937720E-02  4.15126653E-02  3.81578624E-02  3.49855598E-02  3.19708420E-02  2.90953264E-02  2.64639408E-02  2.39620855E-02  2.15636875E-02  1.93633090E-02  1.73282509E-02  1.54181714E-02  1.36710555E-02  1.21344927E-02  1.06440868E-02  9.33587215E-03  8.10529227E-03  7.04110146E-03  6.06314044E-03  5.15791354E-03  4.39765092E-03  3.71257378E-03  3.11692196E-03  2.61145053E-03  2.14913138E-03  1.77605587E-03  1.43263830E-03  1.16290357E-03  9.24321475E-04  7.27293589E-04  5.73725375E-04  4.45927454E-04  3.33831525E-04  2.56011453E-04  1.89653961E-04  1.40509382E-04  1.00250742E-04  7.12814931E-05  5.23752354E-05  3.44744393E-05  2.41058591E-05  1.64756790E-05  1.12326870E-05  7.04257509E-06  4.39586074E-06  2.52214923E-06  1.49618319E-06  9.21401930E-07  4.93722964E-07  2.74024147E-07  1.06049570E-07  2.81266322E-08  6.06531317E-09  1.93411200E-08  0.00000000E+00  0.00000000E+00  0.00000000E+00  0.00000000E+00  0.00000000E+00  0.00000000E+00  0.00000000E+00  0.00000000E+00  0.00000000E+00  0.00000000E+00  0.00000000E+00  0.00000000E+00  0.00000000E+00  0.00000000E+00  0.00000000E+00  0.00000000E+00  0.00000000E+00  0.00000000E+00  0.00000000E+00  0.00000000E+00  0.00000000E+00  0.00000000E+00  0.00000000E+00  0.00000000E+00  0.00000000E+00  0.00000000E+00  0.00000000E+00  0.00000000E+00  0.00000000E+00  0.00000000E+00  0.00000000E+00  0.00000000E+00  0.00000000E+00  0.00000000E+00  0.00000000E+00  0.00000000E+00  0.00000000E+00  0.00000000E+00  0.00000000E+00  0.00000000E+00  0.00000000E+00  0.00000000E+00  0.00000000E+00  0.00000000E+00  0.00000000E+00  0.00000000E+00  0.00000000E+00  0.00000000E+00  0.00000000E+00  0.00000000E+00  0.00000000E+00  0.00000000E+00  0.00000000E+00  0.00000000E+00  0.00000000E+00  0.00000000E+00  0.00000000E+00  0.00000000E+00  0.00000000E+00  0.00000000E+00  0.00000000E+00  0.00000000E+00  0.00000000E+00  0.00000000E+00  0.00000000E+00  0.00000000E+00  0.00000000E+00  0.00000000E+00  0.00000000E+00  0.00000000E+00  0.00000000E+00  0.00000000E+00  0.00000000E+00  0.00000000E+00  0.00000000E+00  0.00000000E+00  0.00000000E+00  0.00000000E+00  0.00000000E+00  0.00000000E+00  0.00000000E+00  0.00000000E+00  0.00000000E+00  0.00000000E+00  0.00000000E+00  0.00000000E+00  0.00000000E+00  0.00000000E+00  0.00000000E+00  0.00000000E+00  0.00000000E+00  0.00000000E+00
  2.63639978E-01  2.61188966E-01  2.61765785E-01  2.60368246E-01  2.59158350E-01  2.58734795E-01  2.56809889E-01  2.55266810E-01  2.53754379E-01  2.51212943E-01  2.49096751E-01  2.46363783E-01  2.43485782E-01  2.39948998E-01  2.36427262E-01  2.33338848E-01  2.29654059E-01  2.25989928E-01  2.21677945E-01  2.17578946E-01  2.13619289E-01  2.08537886E-01  2.04222199E-01  1.99530302E-01  1.94561594E-01  1.89411372E-01  1.84377381E-01  1.78953920E-01  1.74065059E-01  1.68497079E-01  1.63022701E-01  1.57776394E-01  1.52047002E-01  1.46504231E-01  1.40992147E-01  1.35520236E-01  1.29949831E-01  1.24623605E-01  1.19217174E-01  1.13984979E-01  1.08537566E-01  1.03051309E-01  9.79880090E-02  9.26848786E-02  8.79477572E-02  8.30173745E-02  7.81209220E-02  7.34650313E-02  6.90318603E-02  6.42895083E-02  6.01619146E-02  5.61252732E-02  5.20870993E-02  4.82507719E-02  4.46976231E-02  4.12102198E-02  3.77750135E-02  3.47025610E-02  3.16715329E-02  2.88891155E-02  2.62389413E-02  2.37613692E-02  2.13852780E-02  1.91594655E-02  1.71345060E-02  1.52941186E-02  1.35368248E-02  1.18821411E-02  1.05033453E-02  9.18280995E-03  8.01460448E-03  6.92472947E-03  5.99616066E-03  5.10413030E-03  4.34853280E-03  3.67434261E-03  3.07654708E-03  2.56034839E-03  2.10520253E-03  1.74089292E-03  1.41330577E-03  1.13394677E-03  9.10049031E-04  7.22647155E-04  5.76778855E-04  4.31293107E-04  3.32784414E-04  2.53249530E-04  1.86086834E-04  1.37255018E-04  1.00714466E-04  7.46573184E-05  4.81392053E-05  3.42632947E-05  2.32321953E-05  1.57111429E-05  1.00118974E-05  6.70634679E-06  4.79466470E-06  2.40184401E-06  1.58596624E-06  9.28561538E-07  3.03284150E-07  3.55158698E-07  4.79058169E-08  9.05027010E-08  9.83717982E-08  3.00444583E-08  0.00000000E+00  0.00000000E+00  0.00000000E+00  0.00000000E+00  0.00000000E+00  0.00000000E+00  0.00000000E+00  0.00000000E+00  0.00000000E+00  0.00000000E+00  0.00000000E+00  0.00000000E+00  0.00000000E+00  0.00000000E+00  0.00000000E+00  0.00000000E+00  0.00000000E+00  0.00000000E+00  0.00000000E+00  0.00000000E+00  0.00000000E+00  0.00000000E+00  0.00000000E+00  0.00000000E+00  0.00000000E+00  0.00000000E+00  0.00000000E+00  0.00000000E+00  0.00000000E+00  0.00000000E+00  0.00000000E+00  0.00000000E+00  0.00000000E+00  0.00000000E+00  0.00000000E+00  0.00000000E+00  0.00000000E+00  0.00000000E+00  0.00000000E+00  0.00000000E+00  0.00000000E+00  0.00000000E+00  0.00000000E+00  0.00000000E+00  0.00000000E+00  0.00000000E+00  0.00000000E+00  0.00000000E+00  0.00000000E+00  0.00000000E+00  0.00000000E+00  0.00000000E+00  0.00000000E+00  0.00000000E+00  0.00000000E+00  0.00000000E+00  0.00000000E+00  0.00000000E+00  0.00000000E+00  0.00000000E+00  0.00000000E+00  0.00000000E+00  0.00000000E+00  0.00000000E+00  0.00000000E+00  0.00000000E+00  0.00000000E+00  0.00000000E+00  0.00000000E+00  0.00000000E+00  0.00000000E+00  0.00000000E+00  0.00000000E+00  0.00000000E+00  0.00000000E+00  0.00000000E+00  0.00000000E+00  0.00000000E+00  0.00000000E+00  0.00000000E+00  0.00000000E+00  0.00000000E+00  0.00000000E+00  0.00000000E+00  0.00000000E+00  0.00000000E+00  0.00000000E+00  0.00000000E+00  0.00000000E+00  0.00000000E+00  0.00000000E+00  0.00000000E+00
  2.65373764E-01  2.64132425E-01  2.64093907E-01  2.62289930E-01  2.62244166E-01  2.60218247E-01  2.58918562E-01  2.56899652E-01  2.54675904E-01  2.52717880E-01  2.50387667E-01  2.47740478E-01  2.44790984E-01  2.41220396E-01  2.38013064E-01  2.35104681E-01  2.30961770E-01  2.27329972E-01  2.22757688E-01  2.18736774E-01  2.14482953E-01  2.09675671E-01  2.05204937E-01  2.00624004E-01  1.95542105E-01  1.90461673E-01  1.85361660E-01  1.80299800E-01  1.74955966E-01  1.69597512E-01  1.64099596E-01  1.59019581E-01  1.53324969E-01  1.47712344E-01  1.42205997E-01  1.36653659E-01  1.31200106E-01  1.25675789E-01  1.20360677E-01  1.14800652E-01  1.09683720E-01  1.04213758E-01  9.88958406E-02  9.36753456E-02  8.87955683E-02  8.37092202E-02  7.89047929E-02  7.42467514E-02  6.96727862E-02  6.52270920E-02  6.08242340E-02  5.67481491E-02  5.27058646E-02  4.88952268E-02  4.51946472E-02  4.17040763E-02  3.83026708E-02  3.51030845E-02  3.21305191E-02  2.92327674E-02  2.65388493E-02  2.40329884E-02  2.16772833E-02  1.94044255E-02  1.73903105E-02  1.55208904E-02  1.37845440E-02  1.21587861E-02  1.07110567E-02  9.34519959E-03  8.11838920E-03  7.06239598E-03  6.04831213E-03  5.18930749E-03  4.42536497E-03  3.72527473E-03  3.13947633E-03  2.63007515E-03  2.15847357E-03  1.77672595E-03  1.43433519E-03  1.15029554E-03  9.22089257E-04  7.35859515E-04  5.82756096E-04  4.44288955E-04  3.38592416E-04  2.57016145E-04  1.92524724E-04  1.38419272E-04  1.02779472E-04  7.38410491E-05  5.17724887E-05  3.60187315E-05  2.43628317E-05  1.62053329E-05  1.01861465E-05  6.25355658E-06  3.59804788E-06  2.77614946E-06  1.61408621E-06  9.32936855E-07  4.20068242E-07  3.83633805E-07  8.40283481E-08  4.41989935E-08  9.11692387E-08  0.00000000E+00  4.83722701E-09  0.00000000E+00  0.00000000E+00  0.00000000E+00  0.00000000E+00  0.00000000E+00  0.00000000E+00  0.00000000E+00  0.00000000E+00  0.00000000E+00  0.00000000E+00  0.00000000E+00  0.00000000E+00  0.00000000E+00  0.00000000E+00  0.00000000E+00  0.00000000E+00  0.00000000E+00  0.00000000E+00  0.00000000E+00  0.00000000E+00  0.00000000E+00  0.00000000E+00  0.00000000E+00  0.00000000E+00  0.00000000E+00  0.00000000E+00  0.00000000E+00  0.00000000E+00  0.00000000E+00  0.00000000E+00  0.00000000E+00  0.00000000E+00  0.00000000E+00  0.00000000E+00  0.00000000E+00  0.00000000E+00  0.00000000E+00  0.00000000E+00  0.00000000E+00  0.00000000E+00  0.00000000E+00  0.00000000E+00  0.00000000E+00  0.00000000E+00  0.00000000E+00  0.00000000E+00  0.00000000E+00  0.00000000E+00  0.00000000E+00  0.00000000E+00  0.00000000E+00  0.00000000E+00  0.00000000E+00  0.00000000E+00  0.00000000E+00  0.00000000E+00  0.00000000E+00  0.00000000E+00  0.00000000E+00  0.00000000E+00  0.00000000E+00  0.00000000E+00  0.00000000E+00  0.00000000E+00  0.00000000E+00  0.00000000E+00  0.00000000E+00  0.00000000E+00  0.00000000E+00  0.00000000E+00  0.00000000E+00  0.00000000E+00  0.00000000E+00  0.00000000E+00  0.00000000E+00  0.00000000E+00  0.00000000E+00  0.00000000E+00  0.00000000E+00  0.00000000E+00  0.00000000E+00  0.00000000E+00  0.00000000E+00  0.00000000E+00  0.00000000E+00  0.00000000E+00  0.00000000E+00  0.00000000E+00  0.00000000E+00  0.00000000E+00  0.00000000E+00
  2.71714386E-01  2.70263394E-01  2.69085063E-01  2.68964079E-01  2.68431158E-01  2.65568138E-01  2.65011559E-01  2.62844244E-01  2.60526162E-01  2.58222839E-01  2.55850977E-01  2.52910593E-01  2.50332457E-01  2.47029489E-01  2.43750802E-01  2.39908654E-01  2.36314728E-01  2.32492939E-01  2.28547144E-01  2.23724813E-01  2.19633449E-01  2.14960507E-01  2.10331757E-01  2.05404947E-01  2.00302390E-01  1.95030137E-01  1.90007132E-01  1.84382321E-01  1.79096640E-01  1.73686880E-01  1.68319174E-01  1.62410984E-01  1.56960370E-01  1.51076714E-01  1.45576948E-01  1.40022718E-01  1.34360107E-01  1.28665134E-01  1.23264392E-01  1.17661927E-01  1.12217643E-01  1.06948819E-01  1.01622951E-01  9.62347568E-02  9.12018999E-02  8.61866699E-02  8.09200075E-02  7.63030243E-02  7.16182121E-02  6.70718061E-02  6.27514813E-02  5.84960139E-02  5.42590755E-02  5.04051871E-02  4.66583717E-02  4.30148851E-02  3.95921034E-02  3.63440987E-02  3.31798968E-02  3.02234567E-02  2.74389341E-02  2.47731173E-02  2.24116169E-02  2.00744079E-02  1.79439726E-02  1.60477028E-02  1.42349492E-02  1.25928451E-02  1.10053691E-02  9.71309294E-03  8.39760734E-03  7.27829769E-03  6.26223656E-03  5.41337727E-03  4.60217290E-03  3.87207007E-03  3.23873056E-03  2.71496339E-03  2.23173556E-03  1.83354747E-03  1.48991849E-03  1.20677259E-03  9.59162229E-04  7.63599838E-04  5.97773375E-04  4.63812593E-04  3.52036605E-04  2.70177264E-04  1.98244581E-04  1.53303999E-04  1.05003960E-04  7.67703529E-05  5.44892132E-05  3.69982441E-05  2.55534923E-05  1.66479479E-05  1.16583736E-05  7.00613655E-06  3.89315461E-06  1.86280359E-06  1.38631446E-06  1.08110099E-06  4.82300574E-07  8.67905661E-08  2.03020216E-07  1.20542710E-08  3.03265659E-09  1.82144528E-08  0.00000000E+00  0.00000000E+00  0.00000000E+00  0.00000000E+00  0.00000000E+00  0.00000000E+00  0.00000000E+00  0.00000000E+00  0.00000000E+00  0.00000000E+00  0.00000000E+00  0.00000000E+00  0.00000000E+00  0.00000000E+00  0.00000000E+00  0.00000000E+00  0.00000000E+00  0.00000000E+00  0.00000000E+00  0.00000000E+00  0.00000000E+00  0.00000000E+00  0.00000000E+00  0.00000000E+00  0.00000000E+00  0.00000000E+00  0.00000000E+00  0.00000000E+00  0.00000000E+00  0.00000000E+00  0.00000000E+00  0.00000000E+00  0.00000000E+00  0.00000000E+00  0.00000000E+00  0.00000000E+00  0.00000000E+00  0.00000000E+00  0.00000000E+00  0.00000000E+00  0.00000000E+00  0.00000000E+00  0.00000000E+00  0.00000000E+00  0.00000000E+00  0.00000000E+00  0.00000000E+00  0.00000000E+00  0.00000000E+00  0.00000000E+00  0.00000000E+00  0.00000000E+00  0.00000000E+00  0.00000000E+00  0.00000000E+00  0.00000000E+00  0.00000000E+00  0.00000000E+00  0.00000000E+00  0.00000000E+00  0.00000000E+00  0.00000000E+00  0.00000000E+00  0.00000000E+00  0.00000000E+00  0.00000000E+00  0.00000000E+00  0.00000000E+00  0.00000000E+00  0.00000000E+00  0.00000000E+00  0.00000000E+00  0.00000000E+00  0.00000000E+00  0.00000000E+00  0.00000000E+00  0.00000000E+00  0.00000000E+00  0.00000000E+00  0.00000000E+00  0.00000000E+00  0.00000000E+00  0.00000000E+00  0.00000000E+00  0.00000000E+00  0.00000000E+00  0.00000000E+00  0.00000000E+00  0.00000000E+00  0.00000000E+00  0.00000000E+00  0.00000000E+00
  2.61157892E-01  2.60652795E-01  2.59718622E-01  2.59813237E-01  2.58661282E-01  2.57967469E-01  2.56527069E-01  2.54587404E-01  2.52782949E-01  2.50673619E-01  2.48418151E-01  2.45610204E-01  2.42927495E-01  2.40267510E-01  2.36678733E-01  2.33248018E-01  2.29548597E-01  2.25745887E-01  2.21728778E-01  2.17662559E-01  2.13105598E-01  2.08768546E-01  2.04152071E-01  1.99323352E-01  1.94179449E-01  1.89465193E-01  1.84283516E-01  1.78931322E-01  1.73646329E-01  1.68478141E-01  1.62969328E-01  1.57502390E-01  1.52138716E-01  1.46708609E-01  1.40850773E-01  1.35509104E-01  1.30200625E-01  1.24741506E-01  1.19155565E-01  1.13790834E-01  1.08385207E-01  1.03166315E-01  9.79924923E-02  9.28373539E-02  8.79623774E-02  8.30872508E-02  7.82246109E-02  7.36443057E-02  6.90469878E-02  6.46819896E-02  6.02990359E-02  5.61351440E-02  5.22192742E-02  4.84029515E-02  4.46430046E-02  4.13075696E-02  3.79049138E-02  3.47306169E-02  3.16842043E-02  2.89145955E-02  2.61890729E-02  2.37045103E-02  2.13941696E-02  1.92621158E-02  1.71635274E-02  1.53032079E-02  1.35637403E-02  1.19250682E-02  1.05128555E-02  9.22532540E-03  8.01060562E-03  6.95175261E-03  6.00562503E-03  5.11833886E-03  4.33261287E-03  3.65232262E-03  3.06513520E-03  2.56728798E-03  2.14191889E-03  1.75129474E-03  1.41562780E-03  1.14785637E-03  9.11302773E-04  7.20656828E-04  5.61685609E-04  4.34140649E-04  3.34270019E-04  2.48715150E-04  1.86173509E-04  1.39128606E-04  9.63482412E-05  7.24355215E-05  4.82932745E-05  3.38010649E-05  2.22767189E-05  1.57246707E-05  8.83189834E-06  6.27301807E-06  3.60194165E-06  2.25739660E-06  1.53374344E-06  1.17159050E-06  6.58756807E-07  3.14396388E-07  6.43251492E-08  2.27309110E-07  3.33592225E-08  1.25811169E-08  3.81396745E-08  0.00000000E+00  0.00000000E+00  0.00000000E+00  0.00000000E+00  0.00000000E+00  0.00000000E+00  0.00000000E+00  0.00000000E+00  0.00000000E+00  0.00000000E+00  0.00000000E+00  0.00000000E+00  0.00000000E+00  0.00000000E+00  0.00000000E+00  0.00000000E+00  0.00000000E+00  0.00000000E+00  0.00000000E+00  0.00000000E+00  0.00000000E+00  0.00000000E+00  0.00000000E+00  0.00000000E+00  0.00000000E+00  0.00000000E+00  0.00000000E+00  0.00000000E+00  0.00000000E+00  0.00000000E+00  0.00000000E+00  0.00000000E+00  0.00000000E+00  0.00000000E+00  0.00000000E+00  0.00000000E+00  0.00000000E+00  0.00000000E+00  0.00000000E+00  0.00000000E+00  0.00000000E+00  0.00000000E+00  0.00000000E+00  0.00000000E+00  0.00000000E+00  0.00000000E+00  0.00000000E+00  0.00000000E+00  0.00000000E+00  0.00000000E+00  0.00000000E+00  0.00000000E+00  0.00000000E+00  0.00000000E+00  0.00000000E+00  0.00000000E+00  0.00000000E+00  0.00000000E+00  0.00000000E+00  0.00000000E+00  0.00000000E+00  0.00000000E+00  0.00000000E+00  0.00000000E+00  0.00000000E+00  0.00000000E+00  0.00000000E+00  0.00000000E+00  0.00000000E+00  0.00000000E+00  0.00000000E+00  0.00000000E+00  0.00000000E+00  0.00000000E+00  0.00000000E+00  0.00000000E+00  0.00000000E+00  0.00000000E+00  0.00000000E+00  0.00000000E+00  0.00000000E+00  0.00000000E+00  0.00000000E+00  0.00000000E+00  0.00000000E+00  0.00000000E+00  0.00000000E+00  0.00000000E+00  0.00000000E+00  0.00000000E+00  0.00000000E+00
  2.72162356E-01  2.69753842E-01  2.69727159E-01  2.68102506E-01  2.67340080E-01  2.65785770E-01  2.64295219E-01  2.62671284E-01  2.60373901E-01  2.58291767E-01  2.56319435E-01  2.53438774E-01  2.50847586E-01  2.47181951E-01  2.43820394E-01  2.39715143E-01  2.36475710E-01  2.32501038E-01  2.28376392E-01  2.24147466E-01  2.19298640E-01  2.14620130E-01  2.09951228E-01  2.04910220E-01  1.99937208E-01  1.94789346E-01  1.89384281E-01  1.84204032E-01  1.78585262E-01  1.73388531E-01  1.67710611E-01  1.62162602E-01  1.56350092E-01  1.50701593E-01  1.45292352E-01  1.39515331E-01  1.34035895E-01  1.28079401E-01  1.22570477E-01  1.17161580E-01  1.11512564E-01  1.06105904E-01  1.00916541E-01  9.56067898E-02  9.03573871E-02  8.55276055E-02  8.05620508E-02  7.56327172E-02  7.11164397E-02  6.64596055E-02  6.20782238E-02  5.80282321E-02  5.38157175E-02  4.98559096E-02  4.60365047E-02  4.25729808E-02  3.90746084E-02  3.58710333E-02  3.27231442E-02  2.98392789E-02  2.71468342E-02  2.45072473E-02  2.21547619E-02  1.98651258E-02  1.77664543E-02  1.58713436E-02  1.40348883E-02  1.24007264E-02  1.09058507E-02  9.57461267E-03  8.33891984E-03  7.21876417E-03  6.21835694E-03  5.34525310E-03  4.54397699E-03  3.82095721E-03  3.21391746E-03  2.68316804E-03  2.21966323E-03  1.83590937E-03  1.48407329E-03  1.19289866E-03  9.53699253E-04  7.54053616E-04  5.92402434E-04  4.48750442E-04  3.46445400E-04  2.64929565E-04  1.99907370E-04  1.44032367E-04  1.05897949E-04  7.51993654E-05  5.41767102E-05  3.55437640E-05  2.34861773E-05  1.59605630E-05  1.03716914E-05  6.79413053E-06  4.49771355E-06  2.54466842E-06  1.60384250E-06  6.75787558E-07  3.59805288E-07  3.07180093E-07  4.80989855E-08  2.67872688E-09  5.04179158E-08  0.00000000E+00  3.31164004E-08  0.00000000E+00  0.00000000E+00  0.00000000E+00  0.00000000E+00  0.00000000E+00  0.00000000E+00  0.00000000E+00  0.00000000E+00  0.00000000E+00  0.00000000E+00  0.00000000E+00  0.00000000E+00  0.00000000E+00  0.00000000E+00  0.00000000E+00  0.00000000E+00  0.00000000E+00  0.00000000E+00  0.00000000E+00  0.00000000E+00  0.00000000E+00  0.00000000E+00  0.00000000E+00  0.00000000E+00  0.00000000E+00  0.00000000E+00  0.00000000E+00  0.00000000E+00  0.00000000E+00  0.00000000E+00  0.00000000E+00  0.00000000E+00  0.00000000E+00  0.00000000E+00  0.00000000E+00  0.00000000E+00  0.00000000E+00  0.00000000E+00  0.00000000E+00  0.00000000E+00  0.00000000E+00  0.00000000E+00  0.00000000E+00  0.00000000E+00  0.00000000E+00  0.00000000E+00  0.00000000E+00  0.00000000E+00  0.00000000E+00  0.00000000E+00  0.00000000E+00  0.00000000E+00  0.00000000E+00  0.00000000E+00  0.00000000E+00  0.00000000E+00  0.00000000E+00  0.00000000E+00  0.00000000E+00  0.00000000E+00  0.00000000E+00  0.00000000E+00  0.00000000E+00  0.00000000E+00  0.00000000E+00  0.00000000E+00  0.00000000E+00  0.00000000E+00  0.00000000E+00  0.00000000E+00  0.00000000E+00  0.00000000E+00  0.00000000E+00  0.00000000E+00  0.00000000E+00  0.00000000E+00  0.00000000E+00  0.00000000E+00  0.00000000E+00  0.00000000E+00  0.00000000E+00  0.00000000E+00  0.00000000E+00  0.00000000E+00  0.00000000E+00  0.00000000E+00  0.00000000E+00  0.00000000E+00  0.00000000E+00  0.00000000E+00  0.00000000E+00
  2.67031367E-01  2.65697226E-01  2.65697113E-01  2.64775776E-01  2.63899742E-01  2.62936906E-01  2.61117439E-01  2.59761592E-01  2.57473762E-01  2.54904370E-01  2.52969823E-01  2.50550169E-01  2.47512577E-01  2.43733981E-01  2.40716245E-01  2.37104305E-01  2.33745557E-01  2.29352959E-01  2.25341201E-01  2.21162105E-01  2.16551424E-01  2.12240705E-01  2.07253909E-01  2.02627201E-01  1.97691501E-01  1.92529192E-01  1.87162054E-01  1.82325124E-01  1.76573637E-01  1.70946291E-01  1.65772284E-01  1.60134403E-01  1.54688711E-01  1.49303027E-01  1.43392684E-01  1.37852811E-01  1.32324776E-01  1.26764428E-01  1.21106063E-01  1.15779227E-01  1.10242316E-01  1.04936015E-01  9.97639189E-02  9.45982300E-02  8.94960725E-02  8.43696338E-02  7.95767949E-02  7.47677764E-02  7.01918954E-02  6.57893537E-02  6.14618484E-02  5.72682251E-02  5.33725153E-02  4.93879606E-02  4.57534449E-02  4.20165484E-02  3.86899152E-02  3.54742226E-02  3.23937782E-02  2.95330473E-02  2.67315710E-02  2.42000894E-02  2.18330679E-02  1.96646357E-02  1.75704383E-02  1.56225502E-02  1.38388741E-02  1.22514634E-02  1.07974942E-02  9.40201785E-03  8.22490749E-03  7.11967375E-03  6.16003799E-03  5.24534526E-03  4.45976077E-03  3.78759663E-03  3.18380135E-03  2.64342196E-03  2.20293318E-03  1.79378716E-03  1.46981161E-03  1.18626325E-03  9.42498526E-04  7.42880900E-04  5.84226936E-04  4.47596646E-04  3.50813536E-04  2.62989852E-04  1.95571802E-04  1.43676911E-04  1.02600139E-04  7.48368977E-05  5.14898830E-05  3.69274308E-05  2.45563621E-05  1.50062139E-05  1.01512130E-05  6.74485570E-06  4.68154045E-06  2.34767623E-06  1.63537704E-06  9.74502364E-07  5.47093097E-07  2.19024282E-07  2.50346527E-07  3.21447226E-08  3.03265658E-09  2.40355667E-08  0.00000000E+00  0.00000000E+00  0.00000000E+00  0.00000000E+00  0.00000000E+00  0.00000000E+00  0.00000000E+00  0.00000000E+00  0.00000000E+00  0.00000000E+00  0.00000000E+00  0.00000000E+00  0.00000000E+00  0.00000000E+00  0.00000000E+00  0.00000000E+00  0.00000000E+00  0.00000000E+00  0.00000000E+00  0.00000000E+00  0.00000000E+00  0.00000000E+00  0.00000000E+00  0.00000000E+00  0.00000000E+00  0.00000000E+00  0.00000000E+00  0.00000000E+00  0.00000000E+00  0.00000000E+00  0.00000000E+00  0.00000000E+00  0.00000000E+00  0.00000000E+00  0.00000000E+00  0.00000000E+00  0.00000000E+00  0.00000000E+00  0.00000000E+00  0.00000000E+00  0.00000000E+00  0.00000000E+00  0.00000000E+00  0.00000000E+00  0.00000000E+00  0.00000000E+00  0.00000000E+00  0.00000000E+00  0.00000000E+00  0.00000000E+00  0.00000000E+00  0.00000000E+00  0.00000000E+00  0.00000000E+00  0.00000000E+00  0.00000000E+00  0.00000000E+00  0.00000000E+00  0.00000000E+00  0.00000000E+00  0.00000000E+00  0.00000000E+00  0.00000000E+00  0.00000000E+00  0.00000000E+00  0.00000000E+00  0.00000000E+00  0.00000000E+00  0.00000000E+00  0.00000000E+00  0.00000000E+00  0.00000000E+00  0.00000000E+00  0.00000000E+00  0.00000000E+00  0.00000000E+00  0.00000000E+00  0.00000000E+00  0.00000000E+00  0.00000000E+00  0.00000000E+00  0.00000000E+00  0.00000000E+00  0.00000000E+00  0.00000000E+00  0.00000000E+00  0.00000000E+00  0.00000000E+00  0.00000000E+00  0.00000000E+00  0.00000000E+00  0.00000000E+00
  2.68367486E-01  2.69861098E-01  2.69278777E-01  2.69149785E-01  2.67515812E-01  2.66202066E-01  2.64254359E-01  2.63086587E-01  2.60195535E-01  2.58181838E-01  2.55818106E-01  2.53102251E-01  2.50251206E-01  2.46927690E-01  2.43773906E-01  2.39929245E-01  2.36240966E-01  2.32288823E-01  2.28438751E-01  2.23855669E-01  2.19419432E-01  2.15053235E-01  2.10120213E-01  2.05548385E-01  2.00126790E-01  1.94870436E-01  1.89804291E-01  1.84357368E-01  1.79043971E-01  1.73683442E-01  1.68299409E-01  1.62531122E-01  1.56741953E-01  1.51254660E-01  1.45479024E-01  1.40061363E-01  1.34402726E-01  1.28636762E-01  1.23259589E-01  1.17827510E-01  1.12216413E-01  1.06804659E-01  1.01308134E-01  9.63885648E-02  9.10990111E-02  8.61140331E-02  8.12174207E-02  7.63886725E-02  7.16182500E-02  6.71692084E-02  6.26993987E-02  5.84582623E-02  5.43579444E-02  5.03759191E-02  4.66392178E-02  4.30524157E-02  3.95119870E-02  3.61951294E-02  3.31775307E-02  3.02529777E-02  2.74754850E-02  2.48254525E-02  2.23908520E-02  2.01285245E-02  1.80497691E-02  1.60709169E-02  1.42271340E-02  1.26193870E-02  1.11064120E-02  9.67632806E-03  8.43067020E-03  7.30545861E-03  6.29076887E-03  5.37910646E-03  4.61325657E-03  3.88539531E-03  3.26830467E-03  2.73032151E-03  2.25105869E-03  1.82787758E-03  1.49532411E-03  1.22135391E-03  9.74222298E-04  7.71600310E-04  5.98118809E-04  4.64820719E-04  3.54644932E-04  2.70135969E-04  1.97442382E-04  1.48736297E-04  1.04053094E-04  7.41435099E-05  5.15234902E-05  3.78385049E-05  2.48214518E-05  1.54126842E-05  1.08737296E-05  6.82725647E-06  4.02123913E-06  3.10338778E-06  1.38209646E-06  8.60744129E-07  2.17813162E-07  2.04006589E-07  1.10878786E-07  4.40076559E-08  2.27449244E-09  0.00000000E+00  0.00000000E+00  0.00000000E+00  0.00000000E+00  0.00000000E+00  0.00000000E+00  0.00000000E+00  0.00000000E+00  0.00000000E+00  0.00000000E+00  0.00000000E+00  0.00000000E+00  0.00000000E+00  0.00000000E+00  0.00000000E+00  0.00000000E+00  0.00000000E+00  0.00000000E+00  0.00000000E+00  0.00000000E+00  0.00000000E+00  0.00000000E+00  0.00000000E+00  0.00000000E+00  0.00000000E+00  0.00000000E+00  0.00000000E+00  0.00000000E+00  0.00000000E+00  0.00000000E+00  0.00000000E+00  0.00000000E+00  0.00000000E+00  0.00000000E+00  0.00000000E+00  0.00000000E+00  0.00000000E+00  0.00000000E+00  0.00000000E+00  0.00000000E+00  0.00000000E+00  0.00000000E+00  0.00000000E+00  0.00000000E+00  0.00000000E+00  0.00000000E+00  0.00000000E+00  0.00000000E+00  0.00000000E+00  0.00000000E+00  0.00000000E+00  0.00000000E+00  0.00000000E+00  0.00000000E+00  0.00000000E+00  0.00000000E+00  0.00000000E+00  0.00000000E+00  0.00000000E+00  0.00000000E+00  0.00000000E+00  0.00000000E+00  0.00000000E+00  0.00000000E+00  0.00000000E+00  0.00000000E+00  0.00000000E+00  0.00000000E+00  0.00000000E+00  0.00000000E+00  0.00000000E+00  0.00000000E+00  0.00000000E+00  0.00000000E+00  0.00000000E+00  0.00000000E+00  0.00000000E+00  0.00000000E+00  0.00000000E+00  0.00000000E+00  0.00000000E+00  0.00000000E+00  0.00000000E+00  0.00000000E+00  0.00000000E+00  0.00000000E+00  0.00000000E+00  0.00000000E+00  0.00000000E+00  0.00000000E+00  0.00000000E+00  0.00000000E+00  0.00000000E+00
  2.69926783E-01  2.69615729E-01  2.69569021E-01  2.68214043E-01  2.66741037E-01  2.65361061E-01  2.64007247E-01  2.62469883E-01  2.60983482E-01  2.58048497E-01  2.55969348E-01  2.52916559E-01  2.50483012E-01  2.46986926E-01  2.43889232E-01  2.40258161E-01  2.36379141E-01  2.32249777E-01  2.28483941E-01  2.23931805E-01  2.19559267E-01  2.14772369E-01  2.10618826E-01  2.05349244E-01  2.00382515E-01  1.94996778E-01  1.89682001E-01  1.84999476E-01  1.79211570E-01  1.73529651E-01  1.68354277E-01  1.62591976E-01  1.56863140E-01  1.51216550E-01  1.45525435E-01  1.40237720E-01  1.34448399E-01  1.28783516E-01  1.23251653E-01  1.17814610E-01  1.12293887E-01  1.06758146E-01  1.01530130E-01  9.64177266E-02  9.11849336E-02  8.59986524E-02  8.10861120E-02  7.65082908E-02  7.15551640E-02  6.70379627E-02  6.26524578E-02  5.83111067E-02  5.44168937E-02  5.04259162E-02  4.65313084E-02  4.29501848E-02  3.94720520E-02  3.62311003E-02  3.31173122E-02  3.01819575E-02  2.74115490E-02  2.47670831E-02  2.23755535E-02  2.00793110E-02  1.80525320E-02  1.60443023E-02  1.42006355E-02  1.25980857E-02  1.10311522E-02  9.67840331E-03  8.42659403E-03  7.31427247E-03  6.28298594E-03  5.41873937E-03  4.56663937E-03  3.86366462E-03  3.24304089E-03  2.72260755E-03  2.24476808E-03  1.84186948E-03  1.50060961E-03  1.20155244E-03  9.55254196E-04  7.64627517E-04  5.98512976E-04  4.64463743E-04  3.56145006E-04  2.66419647E-04  2.03359995E-04  1.49574190E-04  1.08500955E-04  7.74529306E-05  5.28621028E-05  3.56089641E-05  2.53866631E-05  1.74524335E-05  1.12090493E-05  7.02746138E-06  4.11243531E-06  2.52904700E-06  1.57250882E-06  9.28362661E-07  7.03855554E-07  3.64520377E-07  2.02054373E-07  4.53470194E-08  1.09933801E-08  3.00444583E-09  1.73023890E-08  0.00000000E+00  0.00000000E+00  0.00000000E+00  0.00000000E+00  0.00000000E+00  0.00000000E+00  0.00000000E+00  0.00000000E+00  0.00000000E+00  0.00000000E+00  0.00000000E+00  0.00000000E+00  0.00000000E+00  0.00000000E+00  0.00000000E+00  0.00000000E+00  0.00000000E+00  0.00000000E+00  0.00000000E+00  0.00000000E+00  0.00000000E+00  0.00000000E+00  0.00000000E+00  0.00000000E+00  0.00000000E+00  0.00000000E+00  0.00000000E+00  0.00000000E+00  0.00000000E+00  0.00000000E+00  0.00000000E+00  0.00000000E+00  0.00000000E+00  0.00000000E+00  0.00000000E+00  0.00000000E+00  0.00000000E+00  0.00000000E+00  0.00000000E+00  0.00000000E+00  0.00000000E+00  0.00000000E+00  0.00000000E+00  0.00000000E+00  0.00000000E+00  0.00000000E+00  0.00000000E+00  0.00000000E+00  0.00000000E+00  0.00000000E+00  0.00000000E+00  0.00000000E+00  0.00000000E+00  0.00000000E+00  0.00000000E+00  0.00000000E+00  0.00000000E+00  0.00000000E+00  0.00000000E+00  0.00000000E+00  0.00000000E+00  0.00000000E+00  0.00000000E+00  0.00000000E+00  0.00000000E+00  0.00000000E+00  0.00000000E+00  0.00000000E+00  0.00000000E+00  0.00000000E+00  0.00000000E+00  0.00000000E+00  0.00000000E+00  0.00000000E+00  0.00000000E+00  0.00000000E+00  0.00000000E+00  0.00000000E+00  0.00000000E+00  0.00000000E+00  0.00000000E+00  0.00000000E+00  0.00000000E+00  0.00000000E+00  0.00000000E+00  0.00000000E+00  0.00000000E+00  0.00000000E+00  0.00000000E+00  0.00000000E+00  0.00000000E+00
  2.60928618E-01  2.61642319E-01  2.61355038E-01  2.61407312E-01  2.59789220E-01  2.58515478E-01  2.57547536E-01  2.55119266E-01  2.53918729E-01  2.51263780E-01  2.49208413E-01  2.46521105E-01  2.43021514E-01  2.40283464E-01  2.37023471E-01  2.33268380E-01  2.29468276E-01  2.25681952E-01  2.21612021E-01  2.17615194E-01  2.13113522E-01  2.08256296E-01  2.04155504E-01  1.98792864E-01  1.94228587E-01  1.89490794E-01  1.84182686E-01  1.79177754E-01  1.73472982E-01  1.68205081E-01  1.62921194E-01  1.57702691E-01  1.52082970E-01  1.46429750E-01  1.41080891E-01  1.35620430E-01  1.30268815E-01  1.24718422E-01  1.19242821E-01  1.13902260E-01  1.08525449E-01  1.03279008E-01  9.79381878E-02  9.29262317E-02  8.79567661E-02  8.28545745E-02  7.81481402E-02  7.33939082E-02  6.88629058E-02  6.44426137E-02  6.02644941E-02  5.62000069E-02  5.22432430E-02  4.83942643E-02  4.46180916E-02  4.12169423E-02  3.78622464E-02  3.46758626E-02  3.17003522E-02  2.89230642E-02  2.62230717E-02  2.36658340E-02  2.13944994E-02  1.92549782E-02  1.71220010E-02  1.52977083E-02  1.35489088E-02  1.19770147E-02  1.05524612E-02  9.21233774E-03  8.00985716E-03  6.91858667E-03  5.96794854E-03  5.09617944E-03  4.32953455E-03  3.65378779E-03  3.07740255E-03  2.55897677E-03  2.11140108E-03  1.74326015E-03  1.42027838E-03  1.13645777E-03  9.09722138E-04  7.25470311E-04  5.67809050E-04  4.35275085E-04  3.33790219E-04  2.56752918E-04  1.88750262E-04  1.39831850E-04  1.02213592E-04  7.30841247E-05  5.16177648E-05  3.44696897E-05  2.55069254E-05  1.46574485E-05  1.13339314E-05  6.46183593E-06  4.49607406E-06  2.02307530E-06  1.75569033E-06  7.46389260E-07  4.70090433E-07  2.12003023E-07  1.16673844E-07  1.64933041E-07  1.89541037E-10  0.00000000E+00  0.00000000E+00  0.00000000E+00  0.00000000E+00  0.00000000E+00  0.00000000E+00  0.00000000E+00  0.00000000E+00  0.00000000E+00  0.00000000E+00  0.00000000E+00  0.00000000E+00  0.00000000E+00  0.00000000E+00  0.00000000E+00  0.00000000E+00  0.00000000E+00  0.00000000E+00  0.00000000E+00  0.00000000E+00  0.00000000E+00  0.00000000E+00  0.00000000E+00  0.00000000E+00  0.00000000E+00  0.00000000E+00  0.00000000E+00  0.00000000E+00  0.00000000E+00  0.00000000E+00  0.00000000E+00  0.00000000E+00  0.00000000E+00  0.00000000E+00  0.00000000E+00  0.00000000E+00  0.00000000E+00  0.00000000E+00  0.00000000E+00  0.00000000E+00  0.00000000E+00  0.00000000E+00  0.00000000E+00  0.00000000E+00  0.00000000E+00  0.00000000E+00  0.00000000E+00  0.00000000E+00  0.00000000E+00  0.00000000E+00  0.00000000E+00  0.00000000E+00  0.00000000E+00  0.00000000E+00  0.00000000E+00  0.00000000E+00  0.00000000E+00  0.00000000E+00  0.00000000E+00  0.00000000E+00  0.00000000E+00  0.00000000E+00  0.00000000E+00  0.00000000E+00  0.00000000E+00  0.00000000E+00  0.00000000E+00  0.00000000E+00  0.00000000E+00  0.00000000E+00  0.00000000E+00  0.00000000E+00  0.00000000E+00  0.00000000E+00  0.00000000E+00  0.00000000E+00  0.00000000E+00  0.00000000E+00  0.00000000E+00  0.00000000E+00  0.00000000E+00  0.00000000E+00  0.00000000E+00  0.00000000E+00  0.00000000E+00  0.00000000E+00  0.00000000E+00  0.00000000E+00  0.00000000E+00  0.00000000E+00  0.00000000E+00  0.00000000E+00  0.00000000E+00
  2.60568861E-01  2.60907504E-01  2.62244657E-01  2.61956271E-01  2.60319321E-01  2.58535752E-01  2.56946176E-01  2.55830248E-01  2.53237089E-01  2.51469978E-01  2.48705738E-01  2.45755154E-01  2.43424862E-01  2.39355987E-01  2.37205031E-01  2.33479430E-01  2.29648741E-01  2.25872484E-01  2.22041357E-01  2.17385766E-01  2.12834162E-01  2.08423139E-01  2.03949776E-01  1.99010287E-01  1.94358814E-01  1.89409416E-01  1.84348479E-01  1.79062326E-01  1.73575242E-01  1.68288964E-01  1.62747351E-01  1.57564796E-01  1.52034809E-01  1.46503546E-01  1.41164484E-01  1.35607656E-01  1.29968716E-01  1.24730913E-01  1.19157182E-01  1.13754055E-01  1.08454981E-01  1.03130421E-01  9.80340595E-02  9.28833309E-02  8.77815710E-02  8.29520185E-02  7.80541710E-02  7.35184884E-02  6.88662596E-02  6.45056869E-02  6.02238828E-02  5.60465356E-02  5.21155633E-02  4.85043107E-02  4.47507600E-02  4.11926117E-02  3.78704049E-02  3.47501279E-02  3.18128147E-02  2.89364725E-02  2.62792782E-02  2.37841483E-02  2.14180516E-02  1.92487119E-02  1.72380120E-02  1.53312718E-02  1.35642224E-02  1.19359286E-02  1.05454185E-02  9.21167000E-03  7.97396853E-03  6.95117102E-03  5.96589095E-03  5.09431463E-03  4.33595970E-03  3.66042408E-03  3.08650320E-03  2.56420328E-03  2.11712751E-03  1.74736060E-03  1.40088641E-03  1.13785941E-03  9.12886343E-04  7.31540410E-04  5.64906071E-04  4.35223852E-04  3.34372000E-04  2.56748534E-04  1.90506796E-04  1.39826662E-04  1.03019252E-04  7.03933038E-05  5.28983287E-05  3.56707099E-05  2.43034481E-05  1.66244855E-05  1.08032351E-05  7.61958758E-06  3.60153178E-06  2.36918104E-06  1.64321046E-06  7.61305112E-07  5.64620558E-07  2.85531210E-07  5.04170088E-08  1.13080542E-07  5.89472625E-08  2.44111224E-09  6.51165175E-09  0.00000000E+00  0.00000000E+00  0.00000000E+00  0.00000000E+00  0.00000000E+00  0.00000000E+00  0.00000000E+00  0.00000000E+00  0.00000000E+00  0.00000000E+00  0.00000000E+00  0.00000000E+00  0.00000000E+00  0.00000000E+00  0.00000000E+00  0.00000000E+00  0.00000000E+00  0.00000000E+00  0.00000000E+00  0.00000000E+00  0.00000000E+00  0.00000000E+00  0.00000000E+00  0.00000000E+00  0.00000000E+00  0.00000000E+00  0.00000000E+00  0.00000000E+00  0.00000000E+00  0.00000000E+00  0.00000000E+00  0.00000000E+00  0.00000000E+00  0.00000000E+00  0.00000000E+00  0.00000000E+00  0.00000000E+00  0.00000000E+00  0.00000000E+00  0.00000000E+00  0.00000000E+00  0.00000000E+00  0.00000000E+00  0.00000000E+00  0.00000000E+00  0.00000000E+00  0.00000000E+00  0.00000000E+00  0.00000000E+00  0.00000000E+00  0.00000000E+00  0.00000000E+00  0.00000000E+00  0.00000000E+00  0.00000000E+00  0.00000000E+00  0.00000000E+00  0.00000000E+00  0.00000000E+00  0.00000000E+00  0.00000000E+00  0.00000000E+00  0.00000000E+00  0.00000000E+00  0.00000000E+00  0.00000000E+00  0.00000000E+00  0.00000000E+00  0.00000000E+00  0.00000000E+00  0.00000000E+00  0.00000000E+00  0.00000000E+00  0.00000000E+00  0.00000000E+00  0.00000000E+00  0.00000000E+00  0.00000000E+00  0.00000000E+00  0.00000000E+00  0.00000000E+00  0.00000000E+00  0.00000000E+00  0.00000000E+00  0.00000000E+00  0.00000000E+00  0.00000000E+00  0.00000000E+00  0.00000000E+00  0.00000000E+00  0.00000000E+00
  2.69177031E-01  2.69144168E-01  2.68398137E-01  2.67748367E-01  2.67325169E-01  2.66162079E-01  2.64558297E-01  2.62894790E-01  2.60444004E-01  2.58752293E-01  2.55895663E-01  2.53323568E-01  2.50522016E-01  2.47098916E-01  2.43941714E-01  2.40403821E-01  2.36646756E-01  2.32688990E-01  2.27871449E-01  2.24158070E-01  2.19810679E-01  2.15113957E-01  2.10375036E-01  2.05374771E-01  2.00859683E-01  1.95232023E-01  1.89911680E-01  1.84497744E-01  1.79209459E-01  1.73660891E-01  1.68236328E-01  1.62593906E-01  1.56897340E-01  1.51277629E-01  1.45556257E-01  1.39972995E-01  1.34378798E-01  1.28806290E-01  1.23255443E-01  1.17611159E-01  1.12235567E-01  1.06841418E-01  1.01491420E-01  9.61532174E-02  9.10973526E-02  8.61013753E-02  8.10898028E-02  7.63765218E-02  7.16471890E-02  6.70268428E-02  6.26605534E-02  5.83612670E-02  5.41809098E-02  5.03299050E-02  4.65381031E-02  4.29397138E-02  3.94273768E-02  3.62720754E-02  3.30482257E-02  3.01775823E-02  2.73983963E-02  2.48132456E-02  2.23395735E-02  2.00614331E-02  1.79856677E-02  1.60241504E-02  1.42155237E-02  1.25765218E-02  1.10682968E-02  9.70484045E-03  8.44941380E-03  7.31281737E-03  6.26338397E-03  5.40959931E-03  4.60355287E-03  3.90020390E-03  3.26581584E-03  2.71742974E-03  2.25252983E-03  1.84620404E-03  1.50850803E-03  1.20872929E-03  9.74537936E-04  7.71310452E-04  6.04053528E-04  4.58177478E-04  3.50883313E-04  2.65824214E-04  1.99359494E-04  1.46309903E-04  1.04020974E-04  7.40118038E-05  5.15258907E-05  3.65863177E-05  2.39584684E-05  1.63890160E-05  1.03890536E-05  7.35478709E-06  4.26285777E-06  2.40123539E-06  1.39595559E-06  7.68663599E-07  4.64576176E-07  1.68315187E-07  1.57046085E-07  2.46825548E-08  2.95684017E-08  6.00889166E-09  0.00000000E+00  0.00000000E+00  0.00000000E+00  0.00000000E+00  0.00000000E+00  0.00000000E+00  0.00000000E+00  0.00000000E+00  0.00000000E+00  0.00000000E+00  0.00000000E+00  0.00000000E+00  0.00000000E+00  0.00000000E+00  0.00000000E+00  0.00000000E+00  0.00000000E+00  0.00000000E+00  0.00000000E+00  0.00000000E+00  0.00000000E+00  0.00000000E+00  0.00000000E+00  0.00000000E+00  0.00000000E+00  0.00000000E+00  0.00000000E+00  0.00000000E+00  0.00000000E+00  0.00000000E+00  0.00000000E+00  0.00000000E+00  0.00000000E+00  0.00000000E+00  0.00000000E+00  0.00000000E+00  0.00000000E+00  0.00000000E+00  0.00000000E+00  0.00000000E+00  0.00000000E+00  0.00000000E+00  0.00000000E+00  0.00000000E+00  0.00000000E+00  0.00000000E+00  0.00000000E+00  0.00000000E+00  0.00000000E+00  0.00000000E+00  0.00000000E+00  0.00000000E+00  0.00000000E+00  0.00000000E+00  0.00000000E+00  0.00000000E+00  0.00000000E+00  0.00000000E+00  0.00000000E+00  0.00000000E+00  0.00000000E+00  0.00000000E+00  0.00000000E+00  0.00000000E+00  0.00000000E+00  0.00000000E+00  0.00000000E+00  0.00000000E+00  0.00000000E+00  0.00000000E+00  0.00000000E+00  0.00000000E+00  0.00000000E+00  0.00000000E+00  0.00000000E+00  0.00000000E+00  0.00000000E+00  0.00000000E+00  0.00000000E+00  0.00000000E+00  0.00000000E+00  0.00000000E+00  0.00000000E+00  0.00000000E+00  0.00000000E+00  0.00000000E+00  0.00000000E+00  0.00000000E+00  0.00000000E+00  0.00000000E+00  0.00000000E+00  0.00000000E+00
  2.64543307E-01  2.62211150E-01  2.62460882E-01  2.61350012E-01  2.60877714E-01  2.59295253E-01  2.57980240E-01  2.55851365E-01  2.53776028E-01  2.51899654E-01  2.49736797E-01  2.46858729E-01  2.43888674E-01  2.40824334E-01  2.37017479E-01  2.34070316E-01  2.30138245E-01  2.26114281E-01  2.22009229E-01  2.18083370E-01  2.13615452E-01  2.08870377E-01  2.04159591E-01  1.99555429E-01  1.94393471E-01  1.89534554E-01  1.84496727E-01  1.79270736E-01  1.73843175E-01  1.68575259E-01  1.63005523E-01  1.57758936E-01  1.52184565E-01  1.46850060E-01  1.41130599E-01  1.35533659E-01  1.30077890E-01  1.24591200E-01  1.19040890E-01  1.13836903E-01  1.08361024E-01  1.03090542E-01  9.79563506E-02  9.27279057E-02  8.76939042E-02  8.28852179E-02  7.80235537E-02  7.33176718E-02  6.87700696E-02  6.43453757E-02  6.01079721E-02  5.61199209E-02  5.20590564E-02  4.82212047E-02  4.46596080E-02  4.11080795E-02  3.78372760E-02  3.46326556E-02  3.16468758E-02  2.88109067E-02  2.60775501E-02  2.35941878E-02  2.13076367E-02  1.90889990E-02  1.70618094E-02  1.52060948E-02  1.34807754E-02  1.18710214E-02  1.04822648E-02  9.14138715E-03  7.96610768E-03  6.87069419E-03  5.94309177E-03  5.07249961E-03  4.31526093E-03  3.65913805E-03  3.06690604E-03  2.54485013E-03  2.11234533E-03  1.72783771E-03  1.41207529E-03  1.13628390E-03  8.99950833E-04  7.18969897E-04  5.61294070E-04  4.28485702E-04  3.30535470E-04  2.53523138E-04  1.84308859E-04  1.35336096E-04  9.62541136E-05  7.05353788E-05  4.82950203E-05  3.54081824E-05  2.36083621E-05  1.54853965E-05  1.02168963E-05  6.81090054E-06  3.90155696E-06  2.46250381E-06  9.54070368E-07  8.00086329E-07  4.71075122E-07  2.42038410E-07  9.00165751E-08  2.44912172E-08  3.48755508E-08  0.00000000E+00  0.00000000E+00  0.00000000E+00  0.00000000E+00  0.00000000E+00  0.00000000E+00  0.00000000E+00  0.00000000E+00  0.00000000E+00  0.00000000E+00  0.00000000E+00  0.00000000E+00  0.00000000E+00  0.00000000E+00  0.00000000E+00  0.00000000E+00  0.00000000E+00  0.00000000E+00  0.00000000E+00  0.00000000E+00  0.00000000E+00  0.00000000E+00  0.00000000E+00  0.00000000E+00  0.00000000E+00  0.00000000E+00  0.00000000E+00  0.00000000E+00  0.00000000E+00  0.00000000E+00  0.00000000E+00  0.00000000E+00  0.00000000E+00  0.00000000E+00  0.00000000E+00  0.00000000E+00  0.00000000E+00  0.00000000E+00  0.00000000E+00  0.00000000E+00  0.00000000E+00  0.00000000E+00  0.00000000E+00  0.00000000E+00  0.00000000E+00  0.00000000E+00  0.00000000E+00  0.00000000E+00  0.00000000E+00  0.00000000E+00  0.00000000E+00  0.00000000E+00  0.00000000E+00  0.00000000E+00  0.00000000E+00  0.00000000E+00  0.00000000E+00  0.00000000E+00  0.00000000E+00  0.00000000E+00  0.00000000E+00  0.00000000E+00  0.00000000E+00  0.00000000E+00  0.00000000E+00  0.00000000E+00  0.00000000E+00  0.00000000E+00  0.00000000E+00  0.00000000E+00  0.00000000E+00  0.00000000E+00  0.00000000E+00  0.00000000E+00  0.00000000E+00  0.00000000E+00  0.00000000E+00  0.00000000E+00  0.00000000E+00  0.00000000E+00  0.00000000E+00  0.00000000E+00  0.00000000E+00  0.00000000E+00  0.00000000E+00  0.00000000E+00  0.00000000E+00  0.00000000E+00  0.00000000E+00  0.00000000E+00  0.00000000E+00  0.00000000E+00  0.00000000E+00
  2.62826517E-01  2.61198063E-01  2.61875630E-01  2.60485539E-01  2.60555121E-01  2.58460917E-01  2.56680626E-01  2.54584527E-01  2.52929220E-01  2.51322972E-01  2.48607726E-01  2.46029352E-01  2.43099785E-01  2.39702194E-01  2.36293600E-01  2.33084629E-01  2.29281132E-01  2.25544393E-01  2.21348163E-01  2.17442232E-01  2.13039995E-01  2.08534337E-01  2.03902223E-01  1.98848392E-01  1.94022281E-01  1.89514808E-01  1.83823839E-01  1.79012162E-01  1.73749323E-01  1.68089339E-01  1.63062952E-01  1.57668094E-01  1.52108317E-01  1.46603643E-01  1.41101680E-01  1.35465987E-01  1.30012114E-01  1.24627104E-01  1.19213148E-01  1.13751482E-01  1.08585957E-01  1.03270805E-01  9.81233482E-02  9.29059862E-02  8.79283930E-02  8.30940032E-02  7.82197449E-02  7.36150010E-02  6.88712865E-02  6.45718387E-02  6.02866045E-02  5.62202189E-02  5.22738082E-02  4.84420379E-02  4.48603476E-02  4.12655392E-02  3.80206793E-02  3.47315609E-02  3.17723776E-02  2.89792297E-02  2.62449731E-02  2.37172062E-02  2.13654388E-02  1.92183733E-02  1.72201656E-02  1.53670410E-02  1.35558696E-02  1.19383754E-02  1.05253877E-02  9.17604861E-03  8.01035222E-03  6.95641518E-03  5.96944036E-03  5.10609536E-03  4.33418061E-03  3.67065216E-03  3.06702346E-03  2.55779348E-03  2.12665021E-03  1.75688312E-03  1.42054193E-03  1.14409060E-03  9.12114867E-04  7.26256724E-04  5.63069015E-04  4.36349789E-04  3.30199890E-04  2.52679705E-04  1.85323183E-04  1.35631558E-04  9.82330226E-05  7.26576791E-05  5.00689984E-05  3.17507164E-05  2.35970407E-05  1.49387860E-05  1.08536481E-05  6.18233581E-06  3.86036497E-06  1.93421580E-06  1.53575201E-06  1.06678177E-06  5.60681803E-07  1.52127284E-07  7.03133763E-08  4.22856172E-08  0.00000000E+00  9.48278214E-08  3.40466363E-08  0.00000000E+00  0.00000000E+00  0.00000000E+00  0.00000000E+00  0.00000000E+00  0.00000000E+00  0.00000000E+00  0.00000000E+00  0.00000000E+00  0.00000000E+00  0.00000000E+00  0.00000000E+00  0.00000000E+00  0.00000000E+00  0.00000000E+00  0.00000000E+00  0.00000000E+00  0.00000000E+00  0.00000000E+00  0.00000000E+00  0.00000000E+00  0.00000000E+00  0.00000000E+00  0.00000000E+00  0.00000000E+00  0.00000000E+00  0.00000000E+00  0.00000000E+00  0.00000000E+00  0.00000000E+00  0.00000000E+00  0.00000000E+00  0.00000000E+00  0.00000000E+00  0.00000000E+00  0.00000000E+00  0.00000000E+00  0.00000000E+00  0.00000000E+00  0.00000000E+00  0.00000000E+00  0.00000000E+00  0.00000000E+00  0.00000000E+00  0.00000000E+00  0.00000000E+00  0.00000000E+00  0.00000000E+00  0.00000000E+00  0.00000000E+00  0.00000000E+00  0.00000000E+00  0.00000000E+00  0.00000000E+00  0.00000000E+00  0.00000000E+00  0.00000000E+00  0.00000000E+00  0.00000000E+00  0.00000000E+00  0.00000000E+00  0.00000000E+00  0.00000000E+00  0.00000000E+00  0.00000000E+00  0.00000000E+00  0.00000000E+00  0.00000000E+00  0.00000000E+00  0.00000000E+00  0.00000000E+00  0.00000000E+00  0.00000000E+00  0.00000000E+00  0.00000000E+00  0.00000000E+00  0.00000000E+00  0.00000000E+00  0.00000000E+00  0.00000000E+00  0.00000000E+00  0.00000000E+00  0.00000000E+00  0.00000000E+00  0.00000000E+00  0.00000000E+00  0.00000000E+00  0.00000000E+00  0.00000000E+00  0.00000000E+00  0.00000000E+00
  2.69900299E-01  2.70677801E-01  2.70346041E-01  2.68233116E-01  2.67775360E-01  2.67006685E-01  2.65146893E-01  2.62722863E-01  2.61162255E-01  2.59046962E-01  2.56325087E-01  2.54034061E-01  2.50737145E-01  2.47613809E-01  2.44383197E-01  2.40625478E-01  2.36845095E-01  2.32715691E-01  2.28741908E-01  2.24437470E-01  2.19765379E-01  2.15171839E-01  2.10293834E-01  2.05570667E-01  2.00418405E-01  1.95350081E-01  1.90040875E-01  1.84545576E-01  1.79375432E-01  1.73730573E-01  1.68068169E-01  1.62777734E-01  1.57024597E-01  1.51295250E-01  1.45768581E-01  1.40025452E-01  1.34356933E-01  1.28722735E-01  1.23165722E-01  1.17659801E-01  1.12116280E-01  1.06778406E-01  1.01359776E-01  9.62160543E-02  9.09840545E-02  8.59097984E-02  8.08261920E-02  7.61132901E-02  7.16066882E-02  6.70184254E-02  6.26096860E-02  5.83494047E-02  5.42109176E-02  5.02915095E-02  4.65186985E-02  4.28777275E-02  3.94332400E-02  3.61571851E-02  3.30357030E-02  3.01189062E-02  2.74031903E-02  2.47793372E-02  2.23269612E-02  2.00263363E-02  1.79697273E-02  1.60022653E-02  1.41965925E-02  1.25824512E-02  1.10248315E-02  9.65878008E-03  8.39924799E-03  7.26620381E-03  6.25460370E-03  5.39042250E-03  4.58283839E-03  3.86170483E-03  3.24474708E-03  2.71456436E-03  2.24383566E-03  1.84326118E-03  1.50012815E-03  1.21007222E-03  9.74728787E-04  7.70347562E-04  6.01436977E-04  4.59547065E-04  3.53604822E-04  2.65558219E-04  1.97659298E-04  1.44159123E-04  1.04983217E-04  7.36910320E-05  5.39010878E-05  3.72534312E-05  2.62118376E-05  1.53769622E-05  1.08021892E-05  7.03781324E-06  3.56792240E-06  2.48989202E-06  1.51064489E-06  7.40025163E-07  6.26262077E-07  2.56470998E-07  8.94370694E-08  5.72099526E-08  5.21237852E-08  1.69000077E-09  0.00000000E+00  0.00000000E+00  2.92287717E-09  0.00000000E+00  0.00000000E+00  0.00000000E+00  0.00000000E+00  0.00000000E+00  0.00000000E+00  0.00000000E+00  0.00000000E+00  0.00000000E+00  0.00000000E+00  0.00000000E+00  0.00000000E+00  0.00000000E+00  0.00000000E+00  0.00000000E+00  0.00000000E+00  0.00000000E+00  0.00000000E+00  0.00000000E+00  0.00000000E+00  0.00000000E+00  0.00000000E+00  0.00000000E+00  0.00000000E+00  0.00000000E+00  0.00000000E+00  0.00000000E+00  0.00000000E+00  0.00000000E+00  0.00000000E+00  0.00000000E+00  0.00000000E+00  0.00000000E+00  0.00000000E+00  0.00000000E+00  0.00000000E+00  0.00000000E+00  0.00000000E+00  0.00000000E+00  0.00000000E+00  0.00000000E+00  0.00000000E+00  0.00000000E+00  0.00000000E+00  0.00000000E+00  0.00000000E+00  0.00000000E+00  0.00000000E+00  0.00000000E+00  0.00000000E+00  0.00000000E+00  0.00000000E+00  0.00000000E+00  0.00000000E+00  0.00000000E+00  0.00000000E+00  0.00000000E+00  0.00000000E+00  0.00000000E+00  0.00000000E+00  0.00000000E+00  0.00000000E+00  0.00000000E+00  0.00000000E+00  0.00000000E+00  0.00000000E+00  0.00000000E+00  0.00000000E+00  0.00000000E+00  0.00000000E+00  0.00000000E+00  0.00000000E+00  0.00000000E+00  0.00000000E+00  0.00000000E+00  0.00000000E+00  0.00000000E+00  0.00000000E+00  0.00000000E+00  0.00000000E+00  0.00000000E+00  0.00000000E+00  0.00000000E+00  0.00000000E+00  0.00000000E+00  0.00000000E+00  0.00000000E+00  0.00000000E+00  0.00000000E+00
  2.66854617E-01  2.68391629E-01  2.69597725E-01  2.67789292E-01  2.66435208E-01  2.64869984E-01  2.63348972E-01  2.62603902E-01  2.59672678E-01  2.57936198E-01  2.55350986E-01  2.51950938E-01  2.50151649E-01  2.46501843E-01  2.43118258E-01  2.39744431E-01  2.35777734E-01  2.31701104E-01  2.27793361E-01  2.23695994E-01  2.19020624E-01  2.14778285E-01  2.10124884E-01  2.05296380E-01  1.99806700E-01  1.94977356E-01  1.89606038E-01  1.84271526E-01  1.78955677E-01  1.73308251E-01  1.67805505E-01  1.62438941E-01  1.56963968E-01  1.51232069E-01  1.45858436E-01  1.40018351E-01  1.34356174E-01  1.29021790E-01  1.23311400E-01  1.17972284E-01  1.12305195E-01  1.06888717E-01  1.01612518E-01  9.62674221E-02  9.12483571E-02  8.62435242E-02  8.14313111E-02  7.63261712E-02  7.16638590E-02  6.72925403E-02  6.27763222E-02  5.86567946E-02  5.44243621E-02  5.05214230E-02  4.66312464E-02  4.30836285E-02  3.95897428E-02  3.63481296E-02  3.31808126E-02  3.02795260E-02  2.75368878E-02  2.48562768E-02  2.24458800E-02  2.01808110E-02  1.80523123E-02  1.61158990E-02  1.43351349E-02  1.26995106E-02  1.10957122E-02  9.73126132E-03  8.48112261E-03  7.33280869E-03  6.30719703E-03  5.40377665E-03  4.58300367E-03  3.90582607E-03  3.28867023E-03  2.73288658E-03  2.25970169E-03  1.85984274E-03  1.49606786E-03  1.21584743E-03  9.76432006E-04  7.69260171E-04  6.13425383E-04  4.67595543E-04  3.63074796E-04  2.73543386E-04  2.00483530E-04  1.48413545E-04  1.06685096E-04  7.56558144E-05  5.63565930E-05  3.68635261E-05  2.44606649E-05  1.76821960E-05  1.08256176E-05  7.66327241E-06  3.83372339E-06  3.13381911E-06  1.71110010E-06  5.82513760E-07  6.33351836E-07  1.84503091E-07  2.43199288E-07  4.26682925E-08  2.23658424E-08  1.50222292E-09  5.56281107E-08  0.00000000E+00  0.00000000E+00  0.00000000E+00  0.00000000E+00  0.00000000E+00  0.00000000E+00  0.00000000E+00  0.00000000E+00  0.00000000E+00  0.00000000E+00  0.00000000E+00  0.00000000E+00  0.00000000E+00  0.00000000E+00  0.00000000E+00  0.00000000E+00  0.00000000E+00  0.00000000E+00  0.00000000E+00  0.00000000E+00  0.00000000E+00  0.00000000E+00  0.00000000E+00  0.00000000E+00  0.00000000E+00  0.00000000E+00  0.00000000E+00  0.00000000E+00  0.00000000E+00  0.00000000E+00  0.00000000E+00  0.00000000E+00  0.00000000E+00  0.00000000E+00  0.00000000E+00  0.00000000E+00  0.00000000E+00  0.00000000E+00  0.00000000E+00  0.00000000E+00  0.00000000E+00  0.00000000E+00  0.00000000E+00  0.00000000E+00  0.00000000E+00  0.00000000E+00  0.00000000E+00  0.00000000E+00  0.00000000E+00  0.00000000E+00  0.00000000E+00  0.00000000E+00  0.00000000E+00  0.00000000E+00  0.00000000E+00  0.00000000E+00  0.00000000E+00  0.00000000E+00  0.00000000E+00  0.00000000E+00  0.00000000E+00  0.00000000E+00  0.00000000E+00  0.00000000E+00  0.00000000E+00  0.00000000E+00  0.00000000E+00  0.00000000E+00  0.00000000E+00  0.00000000E+00  0.00000000E+00  0.00000000E+00  0.00000000E+00  0.00000000E+00  0.00000000E+00  0.00000000E+00  0.00000000E+00  0.00000000E+00  0.00000000E+00  0.00000000E+00  0.00000000E+00  0.00000000E+00  0.00000000E+00  0.00000000E+00  0.00000000E+00  0.00000000E+00  0.00000000E+00  0.00000000E+00  0.00000000E+00  0.00000000E+00  0.00000000E+00
  2.69793717E-01  2.70126411E-01  2.70419664E-01  2.68858926E-01  2.66634338E-01  2.65503135E-01  2.64062293E-01  2.62301129E-01  2.60603456E-01  2.58524500E-01  2.55962360E-01  2.53028671E-01  2.50469238E-01  2.47341513E-01  2.43366293E-01  2.39888663E-01  2.36719638E-01  2.32456112E-01  2.28048350E-01  2.23728844E-01  2.19347990E-01  2.14790824E-01  2.09711367E-01  2.05220915E-01  1.99790953E-01  1.94951605E-01  1.90006740E-01  1.84192731E-01  1.79494769E-01  1.73933664E-01  1.68129766E-01  1.62870844E-01  1.57122010E-01  1.51359521E-01  1.45734463E-01  1.39919668E-01  1.34180530E-01  1.28849188E-01  1.23395955E-01  1.17538116E-01  1.12185834E-01  1.06829549E-01  1.01319262E-01  9.63432468E-02  9.09584889E-02  8.59401206E-02  8.09647786E-02  7.63604566E-02  7.16580754E-02  6.70602939E-02  6.27371271E-02  5.83578115E-02  5.43408946E-02  5.03261545E-02  4.67029112E-02  4.29372424E-02  3.96481461E-02  3.63183981E-02  3.32448685E-02  3.03391694E-02  2.74486601E-02  2.49204090E-02  2.24174722E-02  2.01797130E-02  1.80268534E-02  1.60503310E-02  1.42837404E-02  1.25853397E-02  1.10799254E-02  9.69197680E-03  8.45869626E-03  7.33695348E-03  6.31706735E-03  5.38609855E-03  4.58398995E-03  3.89508866E-03  3.23877251E-03  2.70679465E-03  2.25521832E-03  1.83334154E-03  1.50729260E-03  1.21404777E-03  9.71814645E-04  7.69010927E-04  6.08996142E-04  4.59595701E-04  3.59184826E-04  2.66358973E-04  1.99805413E-04  1.49242416E-04  1.07081681E-04  7.64513461E-05  5.36265566E-05  3.74889720E-05  2.47718943E-05  1.65067508E-05  9.20508008E-06  7.91585771E-06  3.63882999E-06  2.83315750E-06  1.51687146E-06  5.23049228E-07  2.76500615E-07  1.52907424E-07  9.48457905E-08  3.99895655E-08  3.98036177E-09  0.00000000E+00  0.00000000E+00  0.00000000E+00  0.00000000E+00  0.00000000E+00  0.00000000E+00  0.00000000E+00  0.00000000E+00  0.00000000E+00  0.00000000E+00  0.00000000E+00  0.00000000E+00  0.00000000E+00  0.00000000E+00  0.00000000E+00  0.00000000E+00  0.00000000E+00  0.00000000E+00  0.00000000E+00  0.00000000E+00  0.00000000E+00  0.00000000E+00  0.00000000E+00  0.00000000E+00  0.00000000E+00  0.00000000E+00  0.00000000E+00  0.00000000E+00  0.00000000E+00  0.00000000E+00  0.00000000E+00  0.00000000E+00  0.00000000E+00  0.00000000E+00  0.00000000E+00  0.00000000E+00  0.00000000E+00  0.00000000E+00  0.00000000E+00  0.00000000E+00  0.00000000E+00  0.00000000E+00  0.00000000E+00  0.00000000E+00  0.00000000E+00  0.00000000E+00  0.00000000E+00  0.00000000E+00  0.00000000E+00  0.00000000E+00  0.00000000E+00  0.00000000E+00  0.00000000E+00  0.00000000E+00  0.00000000E+00  0.00000000E+00  0.00000000E+00  0.00000000E+00  0.00000000E+00  0.00000000E+00  0.00000000E+00  0.00000000E+00  0.00000000E+00  0.00000000E+00  0.00000000E+00  0.00000000E+00  0.00000000E+00  0.00000000E+00  0.00000000E+00  0.00000000E+00  0.00000000E+00  0.00000000E+00  0.00000000E+00  0.00000000E+00  0.00000000E+00  0.00000000E+00  0.00000000E+00  0.00000000E+00  0.00000000E+00  0.00000000E+00  0.00000000E+00  0.00000000E+00  0.00000000E+00  0.00000000E+00  0.00000000E+00  0.00000000E+00  0.00000000E+00  0.00000000E+00  0.00000000E+00  0.00000000E+00  0.00000000E+00  0.00000000E+00  0.00000000E+00
  2.70437089E-01  2.70105471E-01  2.69677485E-01  2.67171620E-01  2.67291817E-01  2.65091411E-01  2.64142671E-01  2.62816726E-01  2.60252191E-01  2.57942054E-01  2.55411225E-01  2.52466604E-01  2.50464077E-01  2.46408824E-01  2.43417018E-01  2.39612592E-01  2.35974276E-01  2.32345127E-01  2.27931237E-01  2.24122524E-01  2.19421691E-01  2.14144040E-01  2.09828214E-01  2.05139362E-01  2.00151389E-01  1.94996841E-01  1.89738803E-01  1.84705297E-01  1.79098090E-01  1.73343135E-01  1.67826823E-01  1.62712540E-01  1.56717613E-01  1.51233660E-01  1.45812676E-01  1.40074308E-01  1.34383741E-01  1.28872250E-01  1.23426915E-01  1.17612876E-01  1.12186860E-01  1.06891509E-01  1.01290662E-01  9.62967510E-02  9.11493385E-02  8.59898974E-02  8.11425949E-02  7.63692820E-02  7.16225778E-02  6.71750293E-02  6.27604603E-02  5.85716668E-02  5.45192665E-02  5.05303830E-02  4.67294620E-02  4.31313983E-02  3.96407951E-02  3.62830886E-02  3.32550061E-02  3.02793044E-02  2.74958780E-02  2.49502601E-02  2.24426977E-02  2.01195224E-02  1.80206122E-02  1.60664272E-02  1.42858698E-02  1.26542369E-02  1.11152114E-02  9.76893704E-03  8.47556556E-03  7.25573413E-03  6.31500837E-03  5.42546533E-03  4.61493269E-03  3.90005953E-03  3.28072666E-03  2.71249000E-03  2.26122015E-03  1.85940855E-03  1.51400492E-03  1.21854568E-03  9.64901204E-04  7.70652167E-04  5.86490648E-04  4.59938275E-04  3.56739621E-04  2.66983243E-04  1.99195268E-04  1.50963762E-04  1.05236380E-04  7.28304193E-05  5.41101506E-05  3.60692508E-05  2.34436689E-05  1.55135091E-05  1.00863664E-05  6.89764910E-06  4.19502421E-06  2.06811368E-06  1.42487899E-06  5.60040542E-07  5.84708209E-07  3.65105482E-07  9.90955001E-08  6.10367054E-08  2.06599730E-08  1.87777864E-10  4.26048071E-08  3.50261449E-09  0.00000000E+00  0.00000000E+00  0.00000000E+00  0.00000000E+00  0.00000000E+00  0.00000000E+00  0.00000000E+00  0.00000000E+00  0.00000000E+00  0.00000000E+00  0.00000000E+00  0.00000000E+00  0.00000000E+00  0.00000000E+00  0.00000000E+00  0.00000000E+00  0.00000000E+00  0.00000000E+00  0.00000000E+00  0.00000000E+00  0.00000000E+00  0.00000000E+00  0.00000000E+00  0.00000000E+00  0.00000000E+00  0.00000000E+00  0.00000000E+00  0.00000000E+00  0.00000000E+00  0.00000000E+00  0.00000000E+00  0.00000000E+00  0.00000000E+00  0.00000000E+00  0.00000000E+00  0.00000000E+00  0.00000000E+00  0.00000000E+00  0.00000000E+00  0.00000000E+00  0.00000000E+00  0.00000000E+00  0.00000000E+00  0.00000000E+00  0.00000000E+00  0.00000000E+00  0.00000000E+00  0.00000000E+00  0.00000000E+00  0.00000000E+00  0.00000000E+00  0.00000000E+00  0.00000000E+00  0.00000000E+00  0.00000000E+00  0.00000000E+00  0.00000000E+00  0.00000000E+00  0.00000000E+00  0.00000000E+00  0.00000000E+00  0.00000000E+00  0.00000000E+00  0.00000000E+00  0.00000000E+00  0.00000000E+00  0.00000000E+00  0.00000000E+00  0.00000000E+00  0.00000000E+00  0.00000000E+00  0.00000000E+00  0.00000000E+00  0.00000000E+00  0.00000000E+00  0.00000000E+00  0.00000000E+00  0.00000000E+00  0.00000000E+00  0.00000000E+00  0.00000000E+00  0.00000000E+00  0.00000000E+00  0.00000000E+00  0.00000000E+00  0.00000000E+00  0.00000000E+00  0.00000000E+00  0.00000000E+00  0.00000000E+00
  2.71011586E-01  2.68878438E-01  2.68515217E-01  2.68631936E-01  2.66929647E-01  2.65518406E-01  2.64729246E-01  2.63219164E-01  2.60998398E-01  2.58392309E-01  2.56134107E-01  2.53143271E-01  2.50805139E-01  2.47574609E-01  2.44064127E-01  2.40336749E-01  2.36557207E-01  2.32716144E-01  2.28434329E-01  2.24290478E-01  2.19853365E-01  2.14931783E-01  2.10332019E-01  2.05236952E-01  2.00184631E-01  1.95046323E-01  1.89783403E-01  1.84425932E-01  1.78881692E-01  1.73595315E-01  1.68025620E-01  1.62399860E-01  1.57067338E-01  1.51135233E-01  1.45473050E-01  1.39936656E-01  1.34359315E-01  1.28648725E-01  1.23178605E-01  1.17550315E-01  1.12130808E-01  1.06705931E-01  1.01389579E-01  9.62566019E-02  9.09555204E-02  8.59757693E-02  8.10069976E-02  7.62399204E-02  7.16202457E-02  6.70940630E-02  6.27307367E-02  5.84694435E-02  5.43871193E-02  5.04230996E-02  4.66216566E-02  4.30600973E-02  3.96159498E-02  3.62642400E-02  3.31972551E-02  3.02954109E-02  2.74049600E-02  2.48439886E-02  2.23862467E-02  2.00750303E-02  1.80092633E-02  1.60591784E-02  1.42625392E-02  1.25956460E-02  1.10712313E-02  9.68210100E-03  8.42862152E-03  7.27617010E-03  6.30520571E-03  5.40114998E-03  4.59012924E-03  3.89608059E-03  3.26357215E-03  2.71340085E-03  2.26166322E-03  1.85222407E-03  1.51677430E-03  1.22190104E-03  9.68400866E-04  7.66444509E-04  6.05736501E-04  4.72325470E-04  3.55228579E-04  2.66864664E-04  2.04278292E-04  1.47155013E-04  1.07393952E-04  7.35588846E-05  5.56030506E-05  3.62467160E-05  2.41853220E-05  1.72734006E-05  1.04139463E-05  6.98067099E-06  4.34770096E-06  2.70717176E-06  1.38310075E-06  8.25542717E-07  2.63896599E-07  2.01471134E-07  8.20966620E-08  2.71699441E-08  2.71043682E-08  2.92933469E-08  0.00000000E+00  0.00000000E+00  0.00000000E+00  0.00000000E+00  0.00000000E+00  0.00000000E+00  0.00000000E+00  0.00000000E+00  0.00000000E+00  0.00000000E+00  0.00000000E+00  0.00000000E+00  0.00000000E+00  0.00000000E+00  0.00000000E+00  0.00000000E+00  0.00000000E+00  0.00000000E+00  0.00000000E+00  0.00000000E+00  0.00000000E+00  0.00000000E+00  0.00000000E+00  0.00000000E+00  0.00000000E+00  0.00000000E+00  0.00000000E+00  0.00000000E+00  0.00000000E+00  0.00000000E+00  0.00000000E+00  0.00000000E+00  0.00000000E+00  0.00000000E+00  0.00000000E+00  0.00000000E+00  0.00000000E+00  0.00000000E+00  0.00000000E+00  0.00000000E+00  0.00000000E+00  0.00000000E+00  0.00000000E+00  0.00000000E+00  0.00000000E+00  0.00000000E+00  0.00000000E+00  0.00000000E+00  0.00000000E+00  0.00000000E+00  0.00000000E+00  0.00000000E+00  0.00000000E+00  0.00000000E+00  0.00000000E+00  0.00000000E+00  0.00000000E+00  0.00000000E+00  0.00000000E+00  0.00000000E+00  0.00000000E+00  0.00000000E+00  0.00000000E+00  0.00000000E+00  0.00000000E+00  0.00000000E+00  0.00000000E+00  0.00000000E+00  0.00000000E+00  0.00000000E+00  0.00000000E+00  0.00000000E+00  0.00000000E+00  0.00000000E+00  0.00000000E+00  0.00000000E+00  0.00000000E+00  0.00000000E+00  0.00000000E+00  0.00000000E+00  0.00000000E+00  0.00000000E+00  0.00000000E+00  0.00000000E+00  0.00000000E+00  0.00000000E+00  0.00000000E+00  0.00000000E+00  0.00000000E+00  0.00000000E+00  0.00000000E+00  0.00000000E+00
  2.70835280E-01  2.69067514E-01  2.69449640E-01  2.68315793E-01  2.67937468E-01  2.65553846E-01  2.64961554E-01  2.63100761E-01  2.61117931E-01  2.58695925E-01  2.56481589E-01  2.52944495E-01  2.49942620E-01  2.46986427E-01  2.43698719E-01  2.40279059E-01  2.36863696E-01  2.32221975E-01  2.28107702E-01  2.23951271E-01  2.19399149E-01  2.14948164E-01  2.10289900E-01  2.05112410E-01  2.00160556E-01  1.95259733E-01  1.89900010E-01  1.84539028E-01  1.78938203E-01  1.73721199E-01  1.68295339E-01  1.62525179E-01  1.56908169E-01  1.51385814E-01  1.45636176E-01  1.39943843E-01  1.34276000E-01  1.28751297E-01  1.22996607E-01  1.17605355E-01  1.12295656E-01  1.06757656E-01  1.01383239E-01  9.62447362E-02  9.10576985E-02  8.60433396E-02  8.10930013E-02  7.62916343E-02  7.15781675E-02  6.70310318E-02  6.27068392E-02  5.83971729E-02  5.43880617E-02  5.03358099E-02  4.65820015E-02  4.29427308E-02  3.95022033E-02  3.62076444E-02  3.31793481E-02  3.02127961E-02  2.74104376E-02  2.48967554E-02  2.23743068E-02  2.01657226E-02  1.80211246E-02  1.60827037E-02  1.42806815E-02  1.26186767E-02  1.11081141E-02  9.68294591E-03  8.44986934E-03  7.35392789E-03  6.36346230E-03  5.41665621E-03  4.58336323E-03  3.90520792E-03  3.26774052E-03  2.73264539E-03  2.25147913E-03  1.84607733E-03  1.50200960E-03  1.20572960E-03  9.66146138E-04  7.63455513E-04  5.95912669E-04  4.67177655E-04  3.60935301E-04  2.69408577E-04  1.99280346E-04  1.43543841E-04  1.04220605E-04  7.63174338E-05  5.46932567E-05  3.69852905E-05  2.59394851E-05  1.67126281E-05  1.05379916E-05  7.26969483E-06  4.00586899E-06  3.00499312E-06  1.52269631E-06  8.25343839E-07  3.61183852E-07  2.25070367E-07  1.57046085E-07  6.83075355E-08  4.26467333E-08  0.00000000E+00  0.00000000E+00  0.00000000E+00  0.00000000E+00  0.00000000E+00  0.00000000E+00  0.00000000E+00  0.00000000E+00  0.00000000E+00  0.00000000E+00  0.00000000E+00  0.00000000E+00  0.00000000E+00  0.00000000E+00  0.00000000E+00  0.00000000E+00  0.00000000E+00  0.00000000E+00  0.00000000E+00  0.00000000E+00  0.00000000E+00  0.00000000E+00  0.00000000E+00  0.00000000E+00  0.00000000E+00  0.00000000E+00  0.00000000E+00  0.00000000E+00  0.00000000E+00  0.00000000E+00  0.00000000E+00  0.00000000E+00  0.00000000E+00  0.00000000E+00  0.00000000E+00  0.00000000E+00  0.00000000E+00  0.00000000E+00  0.00000000E+00  0.00000000E+00  0.00000000E+00  0.00000000E+00  0.00000000E+00  0.00000000E+00  0.00000000E+00  0.00000000E+00  0.00000000E+00  0.00000000E+00  0.00000000E+00  0.00000000E+00  0.00000000E+00  0.00000000E+00  0.00000000E+00  0.00000000E+00  0.00000000E+00  0.00000000E+00  0.00000000E+00  0.00000000E+00  0.00000000E+00  0.00000000E+00  0.00000000E+00  0.00000000E+00  0.00000000E+00  0.00000000E+00  0.00000000E+00  0.00000000E+00  0.00000000E+00  0.00000000E+00  0.00000000E+00  0.00000000E+00  0.00000000E+00  0.00000000E+00  0.00000000E+00  0.00000000E+00  0.00000000E+00  0.00000000E+00  0.00000000E+00  0.00000000E+00  0.00000000E+00  0.00000000E+00  0.00000000E+00  0.00000000E+00  0.00000000E+00  0.00000000E+00  0.00000000E+00  0.00000000E+00  0.00000000E+00  0.00000000E+00  0.00000000E+00  0.00000000E+00  0.00000000E+00  0.00000000E+00  0.00000000E+00
  2.69855809E-01  2.70283741E-01  2.69132573E-01  2.68750930E-01  2.67327551E-01  2.66511608E-01  2.64488152E-01  2.62921960E-01  2.60657222E-01  2.58773839E-01  2.56210782E-01  2.52993386E-01  2.50045485E-01  2.47105376E-01  2.43519496E-01  2.40546371E-01  2.37018887E-01  2.32479374E-01  2.28672467E-01  2.23902066E-01  2.19455618E-01  2.14884357E-01  2.10378415E-01  2.05226227E-01  2.00310674E-01  1.95306378E-01  1.90126149E-01  1.84796244E-01  1.79377461E-01  1.73456343E-01  1.68005927E-01  1.62611398E-01  1.56909686E-01  1.51265602E-01  1.45513480E-01  1.40189719E-01  1.34386222E-01  1.28635443E-01  1.23093470E-01  1.17688428E-01  1.12299095E-01  1.06962342E-01  1.01438064E-01  9.61132781E-02  9.12264504E-02  8.60802323E-02  8.11803113E-02  7.64070415E-02  7.16377323E-02  6.71712829E-02  6.25828144E-02  5.83007730E-02  5.42644542E-02  5.02954135E-02  4.65413533E-02  4.28818968E-02  3.95294485E-02  3.62011343E-02  3.30941178E-02  3.02248060E-02  2.73703757E-02  2.47784402E-02  2.22982723E-02  2.00981582E-02  1.80118230E-02  1.60466479E-02  1.42103273E-02  1.25960862E-02  1.09925416E-02  9.69717553E-03  8.41469567E-03  7.29313407E-03  6.30539532E-03  5.38055849E-03  4.58306572E-03  3.88546590E-03  3.24220547E-03  2.72057982E-03  2.26677018E-03  1.84482783E-03  1.49860404E-03  1.22523831E-03  9.76626771E-04  7.65376941E-04  6.06032724E-04  4.67571697E-04  3.61745546E-04  2.65936334E-04  1.98450092E-04  1.42640991E-04  1.06474090E-04  7.64725249E-05  5.29782002E-05  3.59869951E-05  2.38546541E-05  1.72579704E-05  1.09548925E-05  7.01980101E-06  4.33212588E-06  2.57611414E-06  1.26258660E-06  9.96975582E-07  6.04598923E-07  3.71151567E-07  2.37211061E-07  3.40580989E-08  4.15094870E-08  9.01333748E-09  0.00000000E+00  0.00000000E+00  0.00000000E+00  0.00000000E+00  0.00000000E+00  0.00000000E+00  0.00000000E+00  0.00000000E+00  0.00000000E+00  0.00000000E+00  0.00000000E+00  0.00000000E+00  0.00000000E+00  0.00000000E+00  0.00000000E+00  0.00000000E+00  0.00000000E+00  0.00000000E+00  0.00000000E+00  0.00000000E+00  0.00000000E+00  0.00000000E+00  0.00000000E+00  0.00000000E+00  0.00000000E+00  0.00000000E+00  0.00000000E+00  0.00000000E+00  0.00000000E+00  0.00000000E+00  0.00000000E+00  0.00000000E+00  0.00000000E+00  0.00000000E+00  0.00000000E+00  0.00000000E+00  0.00000000E+00  0.00000000E+00  0.00000000E+00  0.00000000E+00  0.00000000E+00  0.00000000E+00  0.00000000E+00  0.00000000E+00  0.00000000E+00  0.00000000E+00  0.00000000E+00  0.00000000E+00  0.00000000E+00  0.00000000E+00  0.00000000E+00  0.00000000E+00  0.00000000E+00  0.00000000E+00  0.00000000E+00  0.00000000E+00  0.00000000E+00  0.00000000E+00  0.00000000E+00  0.00000000E+00  0.00000000E+00  0.00000000E+00  0.00000000E+00  0.00000000E+00  0.00000000E+00  0.00000000E+00  0.00000000E+00  0.00000000E+00  0.00000000E+00  0.00000000E+00  0.00000000E+00  0.00000000E+00  0.00000000E+00  0.00000000E+00  0.00000000E+00  0.00000000E+00  0.00000000E+00  0.00000000E+00  0.00000000E+00  0.00000000E+00  0.00000000E+00  0.00000000E+00  0.00000000E+00  0.00000000E+00  0.00000000E+00  0.00000000E+00  0.00000000E+00  0.00000000E+00  0.00000000E+00  0.00000000E+00  0.00000000E+00  0.00000000E+00
  2.69187366E-01  2.69534621E-01  2.69806329E-01  2.67913772E-01  2.66947164E-01  2.66273327E-01  2.65108785E-01  2.62739776E-01  2.61083657E-01  2.58488082E-01  2.56300508E-01  2.53585968E-01  2.50310173E-01  2.47494648E-01  2.43709134E-01  2.39896677E-01  2.36492624E-01  2.32917065E-01  2.28770070E-01  2.24248915E-01  2.19751190E-01  2.15043822E-01  2.10757592E-01  2.05582760E-01  2.00216323E-01  1.95033809E-01  1.89926239E-01  1.84478625E-01  1.79172604E-01  1.73527101E-01  1.68273042E-01  1.62673930E-01  1.57104472E-01  1.51571849E-01  1.45697190E-01  1.40010128E-01  1.34374888E-01  1.28712755E-01  1.23179892E-01  1.17602863E-01  1.12213871E-01  1.06658193E-01  1.01451191E-01  9.63255512E-02  9.10784226E-02  8.59897727E-02  8.09863001E-02  7.61579248E-02  7.16054999E-02  6.70287497E-02  6.25741416E-02  5.84027881E-02  5.41569372E-02  5.04310167E-02  4.65665919E-02  4.28937051E-02  3.94376359E-02  3.62240240E-02  3.30924812E-02  3.01732649E-02  2.74332009E-02  2.48145618E-02  2.23972157E-02  2.00691945E-02  1.79682247E-02  1.60617684E-02  1.42123119E-02  1.25629343E-02  1.10867039E-02  9.67719475E-03  8.43653018E-03  7.32431922E-03  6.28022392E-03  5.38976006E-03  4.57736267E-03  3.84159170E-03  3.23033419E-03  2.69936356E-03  2.23448653E-03  1.84526278E-03  1.49662505E-03  1.21604583E-03  9.70059309E-04  7.69875666E-04  5.94617652E-04  4.58674694E-04  3.54777017E-04  2.63059523E-04  2.02596572E-04  1.48750055E-04  1.06474982E-04  7.45573806E-05  5.18547608E-05  3.48097233E-05  2.58677123E-05  1.66591507E-05  9.80878106E-06  6.82829166E-06  4.04009317E-06  3.09527275E-06  1.16276071E-06  8.39066424E-07  5.71513379E-07  2.95868064E-07  1.59557277E-07  7.61523785E-08  6.63393628E-09  0.00000000E+00  0.00000000E+00  0.00000000E+00  0.00000000E+00  0.00000000E+00  0.00000000E+00  0.00000000E+00  0.00000000E+00  0.00000000E+00  0.00000000E+00  0.00000000E+00  0.00000000E+00  0.00000000E+00  0.00000000E+00  0.00000000E+00  0.00000000E+00  0.00000000E+00  0.00000000E+00  0.00000000E+00  0.00000000E+00  0.00000000E+00  0.00000000E+00  0.00000000E+00  0.00000000E+00  0.00000000E+00  0.00000000E+00  0.00000000E+00  0.00000000E+00  0.00000000E+00  0.00000000E+00  0.00000000E+00  0.00000000E+00  0.00000000E+00  0.00000000E+00  0.00000000E+00  0.00000000E+00  0.00000000E+00  0.00000000E+00  0.00000000E+00  0.00000000E+00  0.00000000E+00  0.00000000E+00  0.00000000E+00  0.00000000E+00  0.00000000E+00  0.00000000E+00  0.00000000E+00  0.00000000E+00  0.00000000E+00  0.00000000E+00  0.00000000E+00  0.00000000E+00  0.00000000E+00  0.00000000E+00  0.00000000E+00  0.00000000E+00  0.00000000E+00  0.00000000E+00  0.00000000E+00  0.00000000E+00  0.00000000E+00  0.00000000E+00  0.00000000E+00  0.00000000E+00  0.00000000E+00  0.00000000E+00  0.00000000E+00  0.00000000E+00  0.00000000E+00  0.00000000E+00  0.00000000E+00  0.00000000E+00  0.00000000E+00  0.00000000E+00  0.00000000E+00  0.00000000E+00  0.00000000E+00  0.00000000E+00  0.00000000E+00  0.00000000E+00  0.00000000E+00  0.00000000E+00  0.00000000E+00  0.00000000E+00  0.00000000E+00  0.00000000E+00  0.00000000E+00  0.00000000E+00  0.00000000E+00  0.00000000E+00  0.00000000E+00  0.00000000E+00  0.00000000E+00
  2.45223978E-01  2.43202621E-01  2.44260398E-01  2.42316231E-01  2.42064160E-01  2.40751835E-01  2.38924533E-01  2.37545913E-01  2.35933445E-01  2.34234731E-01  2.31821386E-01  2.29969545E-01  2.26313407E-01  2.24096458E-01  2.20917853E-01  2.17615760E-01  2.14126166E-01  2.10409844E-01  2.06872137E-01  2.03056521E-01  1.98648121E-01  1.94627819E-01  1.90178359E-01  1.85773422E-01  1.81228191E-01  1.76430026E-01  1.71726222E-01  1.67194448E-01  1.62036875E-01  1.57082751E-01  1.51787621E-01  1.46981528E-01  1.41719168E-01  1.36848404E-01  1.31752496E-01  1.26362046E-01  1.21241634E-01  1.16293609E-01  1.11163041E-01  1.06067384E-01  1.00976381E-01  9.62676938E-02  9.12100641E-02  8.64939472E-02  8.18283189E-02  7.71578277E-02  7.28081621E-02  6.84365259E-02  6.42097020E-02  6.00360142E-02  5.60517583E-02  5.21340276E-02  4.84441821E-02  4.49129792E-02  4.15122229E-02  3.82472403E-02  3.51692043E-02  3.22582352E-02  2.93433462E-02  2.68197152E-02  2.42550567E-02  2.18593775E-02  1.97384226E-02  1.78175678E-02  1.57610443E-02  1.40805109E-02  1.24893788E-02  1.09912256E-02  9.70213698E-03  8.43162748E-03  7.35648656E-03  6.37966102E-03  5.44525749E-03  4.68668243E-03  3.99848841E-03  3.36498002E-03  2.82650992E-03  2.34754709E-03  1.93948811E-03  1.60226607E-03  1.27943568E-03  1.04420844E-03  8.43171558E-04  6.62345049E-04  5.16026754E-04  3.97759121E-04  3.00766193E-04  2.24184285E-04  1.68522629E-04  1.23801815E-04  9.04327042E-05  6.30892374E-05  4.65625056E-05  2.95341293E-05  2.16348217E-05  1.40220613E-05  9.09002966E-06  5.85149047E-06  3.23715693E-06  2.01556891E-06  1.21900065E-06  6.73401021E-07  2.22342731E-07  2.74024147E-07  1.77135621E-07  4.30509677E-08  3.69605022E-08  0.00000000E+00  0.00000000E+00  0.00000000E+00  0.00000000E+00  0.00000000E+00  0.00000000E+00  0.00000000E+00  0.00000000E+00  0.00000000E+00  0.00000000E+00  0.00000000E+00  0.00000000E+00  0.00000000E+00  0.00000000E+00  0.00000000E+00  0.00000000E+00  0.00000000E+00  0.00000000E+00  0.00000000E+00  0.00000000E+00  0.00000000E+00  0.00000000E+00  0.00000000E+00  0.00000000E+00  0.00000000E+00  0.00000000E+00  0.00000000E+00  0.00000000E+00  0.00000000E+00  0.00000000E+00  0.00000000E+00  0.00000000E+00  0.00000000E+00  0.00000000E+00  0.00000000E+00  0.00000000E+00  0.00000000E+00  0.00000000E+00  0.00000000E+00  0.00000000E+00  0.00000000E+00  0.00000000E+00  0.00000000E+00  0.00000000E+00  0.00000000E+00  0.00000000E+00  0.00000000E+00  0.00000000E+00  0.00000000E+00  0.00000000E+00  0.00000000E+00  0.00000000E+00  0.00000000E+00  0.00000000E+00  0.00000000E+00  0.00000000E+00  0.00000000E+00  0.00000000E+00  0.00000000E+00  0.00000000E+00  0.00000000E+00  0.00000000E+00  0.00000000E+00  0.00000000E+00  0.00000000E+00  0.00000000E+00  0.00000000E+00  0.00000000E+00  0.00000000E+00  0.00000000E+00  0.00000000E+00  0.00000000E+00  0.00000000E+00  0.00000000E+00  0.00000000E+00  0.00000000E+00  0.00000000E+00  0.00000000E+00  0.00000000E+00  0.00000000E+00  0.00000000E+00  0.00000000E+00  0.00000000E+00  0.00000000E+00  0.00000000E+00  0.00000000E+00  0.00000000E+00  0.00000000E+00  0.00000000E+00  0.00000000E+00  0.00000000E+00  0.00000000E+00  0.00000000E+00
  2.61952580E-01  2.62200909E-01  2.60526414E-01  2.60924714E-01  2.59132520E-01  2.58553615E-01  2.56662201E-01  2.55155972E-01  2.53317924E-01  2.50715262E-01  2.48243287E-01  2.45463605E-01  2.43044951E-01  2.39756349E-01  2.36724782E-01  2.32650599E-01  2.29745129E-01  2.25212527E-01  2.21584469E-01  2.17428825E-01  2.12924881E-01  2.08455415E-01  2.03669169E-01  1.98961616E-01  1.94094505E-01  1.88958886E-01  1.83990103E-01  1.78869716E-01  1.73747184E-01  1.68509030E-01  1.62958939E-01  1.57669292E-01  1.52030957E-01  1.46647824E-01  1.41182271E-01  1.35468453E-01  1.30001647E-01  1.24602796E-01  1.19261646E-01  1.13828790E-01  1.08552043E-01  1.03341272E-01  9.80442409E-02  9.29257282E-02  8.79910662E-02  8.31047356E-02  7.83139508E-02  7.36412340E-02  6.90787549E-02  6.46578364E-02  6.03618236E-02  5.61521690E-02  5.23050298E-02  4.83655351E-02  4.48126647E-02  4.13490443E-02  3.80313772E-02  3.48361190E-02  3.17595351E-02  2.89429555E-02  2.62433062E-02  2.37447372E-02  2.14217551E-02  1.92034699E-02  1.71588442E-02  1.52602688E-02  1.35826391E-02  1.19414270E-02  1.05273294E-02  9.19732653E-03  8.00199860E-03  6.91209634E-03  5.93567079E-03  5.08893991E-03  4.33728737E-03  3.67553238E-03  3.07788491E-03  2.56755001E-03  2.12946444E-03  1.73070185E-03  1.41459944E-03  1.13726175E-03  9.10241839E-04  7.12329026E-04  5.61465114E-04  4.38037868E-04  3.30991000E-04  2.52080119E-04  1.88507800E-04  1.39792831E-04  1.00867925E-04  6.97074169E-05  4.85254694E-05  3.43241769E-05  2.17918248E-05  1.44492461E-05  1.02417890E-05  6.27239696E-06  4.04747084E-06  2.78649612E-06  1.41363100E-06  7.19142969E-07  4.10812167E-07  1.59538614E-07  1.15901170E-08  4.19029419E-08  4.05617819E-08  0.00000000E+00  0.00000000E+00  0.00000000E+00  1.82679823E-10  0.00000000E+00  0.00000000E+00  0.00000000E+00  0.00000000E+00  0.00000000E+00  0.00000000E+00  0.00000000E+00  0.00000000E+00  0.00000000E+00  0.00000000E+00  0.00000000E+00  0.00000000E+00  0.00000000E+00  0.00000000E+00  0.00000000E+00  0.00000000E+00  0.00000000E+00  0.00000000E+00  0.00000000E+00  0.00000000E+00  0.00000000E+00  0.00000000E+00  0.00000000E+00  0.00000000E+00  0.00000000E+00  0.00000000E+00  0.00000000E+00  0.00000000E+00  0.00000000E+00  0.00000000E+00  0.00000000E+00  0.00000000E+00  0.00000000E+00  0.00000000E+00  0.00000000E+00  0.00000000E+00  0.00000000E+00  0.00000000E+00  0.00000000E+00  0.00000000E+00  0.00000000E+00  0.00000000E+00  0.00000000E+00  0.00000000E+00  0.00000000E+00  0.00000000E+00  0.00000000E+00  0.00000000E+00  0.00000000E+00  0.00000000E+00  0.00000000E+00  0.00000000E+00  0.00000000E+00  0.00000000E+00  0.00000000E+00  0.00000000E+00  0.00000000E+00  0.00000000E+00  0.00000000E+00  0.00000000E+00  0.00000000E+00  0.00000000E+00  0.00000000E+00  0.00000000E+00  0.00000000E+00  0.00000000E+00  0.00000000E+00  0.00000000E+00  0.00000000E+00  0.00000000E+00  0.00000000E+00  0.00000000E+00  0.00000000E+00  0.00000000E+00  0.00000000E+00  0.00000000E+00  0.00000000E+00  0.00000000E+00  0.00000000E+00  0.00000000E+00  0.00000000E+00  0.00000000E+00  0.00000000E+00  0.00000000E+00  0.00000000E+00  0.00000000E+00  0.00000000E+00  0.00000000E+00  0.00000000E+00
  2.61070769E-01  2.60311690E-01  2.60535369E-01  2.59991429E-01  2.58234996E-01  2.58017196E-01  2.56247022E-01  2.54741355E-01  2.52049509E-01  2.50450430E-01  2.47979459E-01  2.45205344E-01  2.42544016E-01  2.39185709E-01  2.35970673E-01  2.32400833E-01  2.28914789E-01  2.25244363E-01  2.21388685E-01  2.17180968E-01  2.12507448E-01  2.08213325E-01  2.03648480E-01  1.98662279E-01  1.93917798E-01  1.88812400E-01  1.84012740E-01  1.78597768E-01  1.73731981E-01  1.68167869E-01  1.63211730E-01  1.57282225E-01  1.52001148E-01  1.46628408E-01  1.41002976E-01  1.35626386E-01  1.30288387E-01  1.24686340E-01  1.19337498E-01  1.13820817E-01  1.08653248E-01  1.03584033E-01  9.82636797E-02  9.31540667E-02  8.80486851E-02  8.31251679E-02  7.82162026E-02  7.37091618E-02  6.91388330E-02  6.47457117E-02  6.04311075E-02  5.63284977E-02  5.22729450E-02  4.85114902E-02  4.48650927E-02  4.13920600E-02  3.79793788E-02  3.47991156E-02  3.17812547E-02  2.89894812E-02  2.62649100E-02  2.38125297E-02  2.14404846E-02  1.92598970E-02  1.72085243E-02  1.53507177E-02  1.36571347E-02  1.20320235E-02  1.05843294E-02  9.23926370E-03  8.04209855E-03  7.00498242E-03  5.98791999E-03  5.14835109E-03  4.36242357E-03  3.68627755E-03  3.08629078E-03  2.56364458E-03  2.11536579E-03  1.72815814E-03  1.42996095E-03  1.13689716E-03  9.07030900E-04  7.24284286E-04  5.69927757E-04  4.38375248E-04  3.36357007E-04  2.47021823E-04  1.90668057E-04  1.37879096E-04  1.01386295E-04  7.14535715E-05  4.82439549E-05  3.73473453E-05  2.37335374E-05  1.66538664E-05  1.02993142E-05  6.24651732E-06  3.46647946E-06  2.83843226E-06  1.08864450E-06  8.49408081E-07  3.65122607E-07  2.60566733E-07  1.12230966E-07  2.88919828E-08  9.47705184E-10  0.00000000E+00  0.00000000E+00  0.00000000E+00  0.00000000E+00  0.00000000E+00  0.00000000E+00  0.00000000E+00  0.00000000E+00  0.00000000E+00  0.00000000E+00  0.00000000E+00  0.00000000E+00  0.00000000E+00  0.00000000E+00  0.00000000E+00  0.00000000E+00  0.00000000E+00  0.00000000E+00  0.00000000E+00  0.00000000E+00  0.00000000E+00  0.00000000E+00  0.00000000E+00  0.00000000E+00  0.00000000E+00  0.00000000E+00  0.00000000E+00  0.00000000E+00  0.00000000E+00  0.00000000E+00  0.00000000E+00  0.00000000E+00  0.00000000E+00  0.00000000E+00  0.00000000E+00  0.00000000E+00  0.00000000E+00  0.00000000E+00  0.00000000E+00  0.00000000E+00  0.00000000E+00  0.00000000E+00  0.00000000E+00  0.00000000E+00  0.00000000E+00  0.00000000E+00  0.00000000E+00  0.00000000E+00  0.00000000E+00  0.00000000E+00  0.00000000E+00  0.00000000E+00  0.00000000E+00  0.00000000E+00  0.00000000E+00  0.00000000E+00  0.00000000E+00  0.00000000E+00  0.00000000E+00  0.00000000E+00  0.00000000E+00  0.00000000E+00  0.00000000E+00  0.00000000E+00  0.00000000E+00  0.00000000E+00  0.00000000E+00  0.00000000E+00  0.00000000E+00  0.00000000E+00  0.00000000E+00  0.00000000E+00  0.00000000E+00  0.00000000E+00  0.00000000E+00  0.00000000E+00  0.00000000E+00  0.00000000E+00  0.00000000E+00  0.00000000E+00  0.00000000E+00  0.00000000E+00  0.00000000E+00  0.00000000E+00  0.00000000E+00  0.00000000E+00  0.00000000E+00  0.00000000E+00  0.00000000E+00  0.00000000E+00  0.00000000E+00  0.00000000E+00  0.00000000E+00
  2.64499906E-01  2.61984231E-01  2.61307778E-01  2.60109552E-01  2.59399305E-01  2.58267813E-01  2.57384737E-01  2.54905131E-01  2.52744498E-01  2.51016708E-01  2.48702912E-01  2.46342614E-01  2.42969615E-01  2.39973094E-01  2.36369220E-01  2.32959519E-01  2.29462038E-01  2.25065107E-01  2.21556119E-01  2.17202011E-01  2.13309780E-01  2.08482678E-01  2.03677819E-01  1.98876294E-01  1.94003926E-01  1.88915027E-01  1.83922269E-01  1.78971529E-01  1.73619295E-01  1.68156418E-01  1.62816825E-01  1.57401379E-01  1.51805368E-01  1.46379380E-01  1.41194624E-01  1.35617411E-01  1.30187795E-01  1.24708746E-01  1.19127343E-01  1.13809380E-01  1.08317109E-01  1.03190980E-01  9.79953207E-02  9.29843613E-02  8.79107209E-02  8.31661191E-02  7.82939383E-02  7.36952598E-02  6.90854517E-02  6.46202287E-02  6.04498358E-02  5.61736842E-02  5.24256236E-02  4.84810001E-02  4.47653240E-02  4.13727864E-02  3.80949074E-02  3.47686121E-02  3.17808106E-02  2.89234994E-02  2.62764935E-02  2.37615845E-02  2.13968700E-02  1.92327636E-02  1.71791283E-02  1.53172630E-02  1.35630191E-02  1.19957375E-02  1.05116602E-02  9.21325788E-03  7.99124040E-03  6.94026854E-03  5.98869430E-03  5.08711794E-03  4.33649700E-03  3.67985516E-03  3.09818581E-03  2.56550535E-03  2.11240601E-03  1.75349109E-03  1.42827885E-03  1.15475730E-03  9.12763514E-04  7.23135490E-04  5.70002290E-04  4.32784991E-04  3.31880122E-04  2.52674398E-04  1.86107363E-04  1.40038673E-04  1.04513917E-04  7.12492835E-05  4.84730946E-05  3.59122956E-05  2.39409524E-05  1.51093640E-05  1.11067591E-05  6.34382477E-06  4.77314650E-06  2.80597217E-06  1.07137081E-06  7.27893602E-07  5.24642193E-07  2.67002887E-07  9.96750060E-08  1.32596981E-07  1.39691744E-07  6.34689181E-08  0.00000000E+00  1.47478505E-09  0.00000000E+00  0.00000000E+00  0.00000000E+00  0.00000000E+00  0.00000000E+00  0.00000000E+00  0.00000000E+00  0.00000000E+00  0.00000000E+00  0.00000000E+00  0.00000000E+00  0.00000000E+00  0.00000000E+00  0.00000000E+00  0.00000000E+00  0.00000000E+00  0.00000000E+00  0.00000000E+00  0.00000000E+00  0.00000000E+00  0.00000000E+00  0.00000000E+00  0.00000000E+00  0.00000000E+00  0.00000000E+00  0.00000000E+00  0.00000000E+00  0.00000000E+00  0.00000000E+00  0.00000000E+00  0.00000000E+00  0.00000000E+00  0.00000000E+00  0.00000000E+00  0.00000000E+00  0.00000000E+00  0.00000000E+00  0.00000000E+00  0.00000000E+00  0.00000000E+00  0.00000000E+00  0.00000000E+00  0.00000000E+00  0.00000000E+00  0.00000000E+00  0.00000000E+00  0.00000000E+00  0.00000000E+00  0.00000000E+00  0.00000000E+00  0.00000000E+00  0.00000000E+00  0.00000000E+00  0.00000000E+00  0.00000000E+00  0.00000000E+00  0.00000000E+00  0.00000000E+00  0.00000000E+00  0.00000000E+00  0.00000000E+00  0.00000000E+00  0.00000000E+00  0.00000000E+00  0.00000000E+00  0.00000000E+00  0.00000000E+00  0.00000000E+00  0.00000000E+00  0.00000000E+00  0.00000000E+00  0.00000000E+00  0.00000000E+00  0.00000000E+00  0.00000000E+00  0.00000000E+00  0.00000000E+00  0.00000000E+00  0.00000000E+00  0.00000000E+00  0.00000000E+00  0.00000000E+00  0.00000000E+00  0.00000000E+00  0.00000000E+00  0.00000000E+00  0.00000000E+00  0.00000000E+00  0.00000000E+00  0.00000000E+00
  2.70053350E-01  2.69774526E-01  2.69832159E-01  2.68929762E-01  2.68555020E-01  2.67439347E-01  2.65531333E-01  2.63142673E-01  2.61180836E-01  2.59083949E-01  2.56993075E-01  2.54335050E-01  2.51175620E-01  2.47892583E-01  2.44887929E-01  2.40981752E-01  2.36686580E-01  2.33144755E-01  2.28869838E-01  2.24644682E-01  2.20067345E-01  2.15756089E-01  2.10546851E-01  2.05582552E-01  2.00643380E-01  1.95464210E-01  1.90198322E-01  1.84553768E-01  1.79324127E-01  1.73944823E-01  1.67961433E-01  1.62674505E-01  1.56919680E-01  1.51007174E-01  1.45707350E-01  1.39878515E-01  1.34396794E-01  1.28616683E-01  1.23004086E-01  1.17694735E-01  1.12124567E-01  1.06825680E-01  1.01302447E-01  9.60123939E-02  9.07738449E-02  8.59138662E-02  8.09204447E-02  7.61910050E-02  7.14074994E-02  6.68827616E-02  6.25980596E-02  5.83047584E-02  5.42282053E-02  5.00845998E-02  4.64653827E-02  4.28514896E-02  3.94401851E-02  3.61300318E-02  3.30195265E-02  3.00507267E-02  2.73106434E-02  2.46941554E-02  2.22902337E-02  2.00258658E-02  1.79334570E-02  1.59885362E-02  1.41658471E-02  1.25103353E-02  1.10179063E-02  9.66115768E-03  8.42875380E-03  7.31132811E-03  6.27078489E-03  5.40375770E-03  4.59865184E-03  3.85385336E-03  3.25581725E-03  2.70628674E-03  2.25022501E-03  1.85589871E-03  1.50032675E-03  1.21654119E-03  9.68574100E-04  7.61569622E-04  5.92269612E-04  4.58446390E-04  3.54248677E-04  2.68357976E-04  2.01314696E-04  1.45392167E-04  1.07115808E-04  7.81650705E-05  5.36389956E-05  3.83786725E-05  2.36070804E-05  1.62822727E-05  1.13540129E-05  7.82248397E-06  4.79118080E-06  2.64610621E-06  1.86435393E-06  1.00572622E-06  4.06085661E-07  2.29946241E-07  8.24829991E-08  9.56688172E-08  4.24571923E-08  0.00000000E+00  0.00000000E+00  0.00000000E+00  0.00000000E+00  0.00000000E+00  0.00000000E+00  0.00000000E+00  0.00000000E+00  0.00000000E+00  0.00000000E+00  0.00000000E+00  0.00000000E+00  0.00000000E+00  0.00000000E+00  0.00000000E+00  0.00000000E+00  0.00000000E+00  0.00000000E+00  0.00000000E+00  0.00000000E+00  0.00000000E+00  0.00000000E+00  0.00000000E+00  0.00000000E+00  0.00000000E+00  0.00000000E+00  0.00000000E+00  0.00000000E+00  0.00000000E+00  0.00000000E+00  0.00000000E+00  0.00000000E+00  0.00000000E+00  0.00000000E+00  0.00000000E+00  0.00000000E+00  0.00000000E+00  0.00000000E+00  0.00000000E+00  0.00000000E+00  0.00000000E+00  0.00000000E+00  0.00000000E+00  0.00000000E+00  0.00000000E+00  0.00000000E+00  0.00000000E+00  0.00000000E+00  0.00000000E+00  0.00000000E+00  0.00000000E+00  0.00000000E+00  0.00000000E+00  0.00000000E+00  0.00000000E+00  0.00000000E+00  0.00000000E+00  0.00000000E+00  0.00000000E+00  0.00000000E+00  0.00000000E+00  0.00000000E+00  0.00000000E+00  0.00000000E+00  0.00000000E+00  0.00000000E+00  0.00000000E+00  0.00000000E+00  0.00000000E+00  0.00000000E+00  0.00000000E+00  0.00000000E+00  0.00000000E+00  0.00000000E+00  0.00000000E+00  0.00000000E+00  0.00000000E+00  0.00000000E+00  0.00000000E+00  0.00000000E+00  0.00000000E+00  0.00000000E+00  0.00000000E+00  0.00000000E+00  0.00000000E+00  0.00000000E+00  0.00000000E+00  0.00000000E+00  0.00000000E+00  0.00000000E+00  0.00000000E+00  0.00000000E+00  0.00000000E+00
  2.70816265E-01  2.67739577E-01  2.69188626E-01  2.68543048E-01  2.67680351E-01  2.67295482E-01  2.64729168E-01  2.63134948E-01  2.60296137E-01  2.58961371E-01  2.55829324E-01  2.52790110E-01  2.50310522E-01  2.46829334E-01  2.43567349E-01  2.40295568E-01  2.35852443E-01  2.31994365E-01  2.28204451E-01  2.24061914E-01  2.19521570E-01  2.14811626E-01  2.10415145E-01  2.05099866E-01  2.00264232E-01  1.95071332E-01  1.89906698E-01  1.84660411E-01  1.78913212E-01  1.73669865E-01  1.68188718E-01  1.62589537E-01  1.56926060E-01  1.51332854E-01  1.45588211E-01  1.40154493E-01  1.34498190E-01  1.28845092E-01  1.23201767E-01  1.17611402E-01  1.12036608E-01  1.06669069E-01  1.01523257E-01  9.62426206E-02  9.11889037E-02  8.59817945E-02  8.11760717E-02  7.63605675E-02  7.16104170E-02  6.70306965E-02  6.26951844E-02  5.83468487E-02  5.43504275E-02  5.03731376E-02  4.65819555E-02  4.29462101E-02  3.95911391E-02  3.63128998E-02  3.31275844E-02  3.01593276E-02  2.74586544E-02  2.48594745E-02  2.24668139E-02  2.00875765E-02  1.80163247E-02  1.60366384E-02  1.42498760E-02  1.26538750E-02  1.11160218E-02  9.68657999E-03  8.46509455E-03  7.35505069E-03  6.28154145E-03  5.42600362E-03  4.59945170E-03  3.90394515E-03  3.23521369E-03  2.72194154E-03  2.26490071E-03  1.84505584E-03  1.48542940E-03  1.20454073E-03  9.64593152E-04  7.79872993E-04  5.98139831E-04  4.64837009E-04  3.56998190E-04  2.74577147E-04  1.93364786E-04  1.53712683E-04  1.06597883E-04  7.43228686E-05  5.39237836E-05  3.79842336E-05  2.48103441E-05  1.58265525E-05  1.02185698E-05  5.97177904E-06  5.71953740E-06  2.86419746E-06  1.58214996E-06  8.76853249E-07  4.24794748E-07  1.27942947E-07  1.35411200E-07  7.27083010E-08  2.74834503E-08  2.79789018E-08  1.76744833E-08  0.00000000E+00  0.00000000E+00  0.00000000E+00  0.00000000E+00  0.00000000E+00  0.00000000E+00  0.00000000E+00  0.00000000E+00  0.00000000E+00  0.00000000E+00  0.00000000E+00  0.00000000E+00  0.00000000E+00  0.00000000E+00  0.00000000E+00  0.00000000E+00  0.00000000E+00  0.00000000E+00  0.00000000E+00  0.00000000E+00  0.00000000E+00  0.00000000E+00  0.00000000E+00  0.00000000E+00  0.00000000E+00  0.00000000E+00  0.00000000E+00  0.00000000E+00  0.00000000E+00  0.00000000E+00  0.00000000E+00  0.00000000E+00  0.00000000E+00  0.00000000E+00  0.00000000E+00  0.00000000E+00  0.00000000E+00  0.00000000E+00  0.00000000E+00  0.00000000E+00  0.00000000E+00  0.00000000E+00  0.00000000E+00  0.00000000E+00  0.00000000E+00  0.00000000E+00  0.00000000E+00  0.00000000E+00  0.00000000E+00  0.00000000E+00  0.00000000E+00  0.00000000E+00  0.00000000E+00  0.00000000E+00  0.00000000E+00  0.00000000E+00  0.00000000E+00  0.00000000E+00  0.00000000E+00  0.00000000E+00  0.00000000E+00  0.00000000E+00  0.00000000E+00  0.00000000E+00  0.00000000E+00  0.00000000E+00  0.00000000E+00  0.00000000E+00  0.00000000E+00  0.00000000E+00  0.00000000E+00  0.00000000E+00  0.00000000E+00  0.00000000E+00  0.00000000E+00  0.00000000E+00  0.00000000E+00  0.00000000E+00  0.00000000E+00  0.00000000E+00  0.00000000E+00  0.00000000E+00  0.00000000E+00  0.00000000E+00  0.00000000E+00  0.00000000E+00  0.00000000E+00  0.00000000E+00  0.00000000E+00  0.00000000E+00  0.00000000E+00
  2.60347945E-01  2.61812690E-01  2.61627664E-01  2.61004016E-01  2.58978235E-01  2.58360577E-01  2.56160241E-01  2.55339216E-01  2.52753230E-01  2.51096718E-01  2.48497686E-01  2.46012962E-01  2.43425768E-01  2.40289729E-01  2.36930317E-01  2.33399414E-01  2.29462648E-01  2.25768284E-01  2.21570720E-01  2.17384667E-01  2.13143549E-01  2.08699535E-01  2.04306423E-01  1.99154756E-01  1.94498248E-01  1.89488770E-01  1.84275376E-01  1.79256436E-01  1.73772856E-01  1.68077433E-01  1.62882119E-01  1.57592372E-01  1.51806122E-01  1.46504455E-01  1.40820622E-01  1.35428024E-01  1.30100465E-01  1.24584275E-01  1.18906588E-01  1.13627633E-01  1.08417665E-01  1.02962942E-01  9.79584219E-02  9.28132089E-02  8.78301238E-02  8.29645024E-02  7.82791399E-02  7.34666122E-02  6.89330145E-02  6.45267237E-02  6.03202693E-02  5.60342495E-02  5.22434329E-02  4.84892579E-02  4.46222033E-02  4.12297159E-02  3.78577901E-02  3.48119789E-02  3.17639412E-02  2.88656813E-02  2.62861328E-02  2.37494643E-02  2.14398254E-02  1.92089396E-02  1.72861273E-02  1.53614749E-02  1.36190385E-02  1.20024408E-02  1.05795448E-02  9.24940672E-03  8.04369368E-03  6.96273810E-03  6.00452133E-03  5.13772715E-03  4.37350588E-03  3.68915280E-03  3.11660954E-03  2.56682644E-03  2.11143168E-03  1.74674156E-03  1.43093189E-03  1.14878889E-03  9.13195130E-04  7.22053176E-04  5.65958616E-04  4.42642901E-04  3.36656648E-04  2.50834578E-04  1.87727955E-04  1.37724825E-04  1.00164868E-04  6.92187584E-05  5.01916427E-05  3.42717146E-05  2.34868181E-05  1.43446165E-05  1.06047208E-05  6.48502409E-06  3.70481913E-06  2.70433151E-06  1.27242859E-06  6.70218973E-07  4.61622110E-07  4.05867793E-07  7.43699173E-08  8.53365848E-08  0.00000000E+00  8.63778176E-09  0.00000000E+00  0.00000000E+00  0.00000000E+00  0.00000000E+00  0.00000000E+00  0.00000000E+00  0.00000000E+00  0.00000000E+00  0.00000000E+00  0.00000000E+00  0.00000000E+00  0.00000000E+00  0.00000000E+00  0.00000000E+00  0.00000000E+00  0.00000000E+00  0.00000000E+00  0.00000000E+00  0.00000000E+00  0.00000000E+00  0.00000000E+00  0.00000000E+00  0.00000000E+00  0.00000000E+00  0.00000000E+00  0.00000000E+00  0.00000000E+00  0.00000000E+00  0.00000000E+00  0.00000000E+00  0.00000000E+00  0.00000000E+00  0.00000000E+00  0.00000000E+00  0.00000000E+00  0.00000000E+00  0.00000000E+00  0.00000000E+00  0.00000000E+00  0.00000000E+00  0.00000000E+00  0.00000000E+00  0.00000000E+00  0.00000000E+00  0.00000000E+00  0.00000000E+00  0.00000000E+00  0.00000000E+00  0.00000000E+00  0.00000000E+00  0.00000000E+00  0.00000000E+00  0.00000000E+00  0.00000000E+00  0.00000000E+00  0.00000000E+00  0.00000000E+00  0.00000000E+00  0.00000000E+00  0.00000000E+00  0.00000000E+00  0.00000000E+00  0.00000000E+00  0.00000000E+00  0.00000000E+00  0.00000000E+00  0.00000000E+00  0.00000000E+00  0.00000000E+00  0.00000000E+00  0.00000000E+00  0.00000000E+00  0.00000000E+00  0.00000000E+00  0.00000000E+00  0.00000000E+00  0.00000000E+00  0.00000000E+00  0.00000000E+00  0.00000000E+00  0.00000000E+00  0.00000000E+00  0.00000000E+00  0.00000000E+00  0.00000000E+00  0.00000000E+00  0.00000000E+00  0.00000000E+00  0.00000000E+00  0.00000000E+00  0.00000000E+00  0.00000000E+00
  2.61903810E-01  2.62011617E-01  2.61737291E-01  2.60532405E-01  2.59959178E-01  2.58343621E-01  2.56659105E-01  2.54664157E-01  2.53066754E-01  2.51001745E-01  2.48102746E-01  2.46045283E-01  2.43016532E-01  2.40381904E-01  2.36889636E-01  2.33355486E-01  2.29637722E-01  2.25679097E-01  2.21798336E-01  2.17352589E-01  2.13392378E-01  2.08678376E-01  2.03917784E-01  1.99218447E-01  1.94458609E-01  1.89353794E-01  1.84105521E-01  1.79119127E-01  1.73875012E-01  1.68343936E-01  1.63212890E-01  1.57474076E-01  1.51831762E-01  1.46615645E-01  1.41142487E-01  1.35358337E-01  1.29892631E-01  1.24584423E-01  1.18849890E-01  1.13605381E-01  1.08325879E-01  1.03264082E-01  9.81244729E-02  9.27451692E-02  8.79357526E-02  8.28195873E-02  7.82895286E-02  7.35721814E-02  6.89999221E-02  6.47743997E-02  6.04270915E-02  5.61842770E-02  5.21298870E-02  4.83671477E-02  4.47494544E-02  4.12356012E-02  3.78605433E-02  3.46087383E-02  3.17278205E-02  2.89200386E-02  2.62345751E-02  2.37346431E-02  2.13473003E-02  1.92552125E-02  1.71914966E-02  1.53028165E-02  1.35979960E-02  1.19482714E-02  1.05151467E-02  9.25961392E-03  8.00198200E-03  6.96759914E-03  5.98955660E-03  5.10753228E-03  4.36165703E-03  3.68670106E-03  3.09756625E-03  2.58088275E-03  2.12780507E-03  1.74593513E-03  1.42024026E-03  1.13504177E-03  9.14168468E-04  7.22106602E-04  5.59932402E-04  4.40590291E-04  3.33131428E-04  2.54506837E-04  1.86184914E-04  1.40023562E-04  1.00959376E-04  7.24092685E-05  5.01362127E-05  3.51575290E-05  2.22991480E-05  1.57335484E-05  9.81756672E-06  7.20592739E-06  3.20764626E-06  2.61445762E-06  1.34031823E-06  8.43441740E-07  2.73152673E-07  2.03421484E-07  2.18280537E-08  3.04226838E-08  0.00000000E+00  0.00000000E+00  0.00000000E+00  0.00000000E+00  0.00000000E+00  0.00000000E+00  0.00000000E+00  0.00000000E+00  0.00000000E+00  0.00000000E+00  0.00000000E+00  0.00000000E+00  0.00000000E+00  0.00000000E+00  0.00000000E+00  0.00000000E+00  0.00000000E+00  0.00000000E+00  0.00000000E+00  0.00000000E+00  0.00000000E+00  0.00000000E+00  0.00000000E+00  0.00000000E+00  0.00000000E+00  0.00000000E+00  0.00000000E+00  0.00000000E+00  0.00000000E+00  0.00000000E+00  0.00000000E+00  0.00000000E+00  0.00000000E+00  0.00000000E+00  0.00000000E+00  0.00000000E+00  0.00000000E+00  0.00000000E+00  0.00000000E+00  0.00000000E+00  0.00000000E+00  0.00000000E+00  0.00000000E+00  0.00000000E+00  0.00000000E+00  0.00000000E+00  0.00000000E+00  0.00000000E+00  0.00000000E+00  0.00000000E+00  0.00000000E+00  0.00000000E+00  0.00000000E+00  0.00000000E+00  0.00000000E+00  0.00000000E+00  0.00000000E+00  0.00000000E+00  0.00000000E+00  0.00000000E+00  0.00000000E+00  0.00000000E+00  0.00000000E+00  0.00000000E+00  0.00000000E+00  0.00000000E+00  0.00000000E+00  0.00000000E+00  0.00000000E+00  0.00000000E+00  0.00000000E+00  0.00000000E+00  0.00000000E+00  0.00000000E+00  0.00000000E+00  0.00000000E+00  0.00000000E+00  0.00000000E+00  0.00000000E+00  0.00000000E+00  0.00000000E+00  0.00000000E+00  0.00000000E+00  0.00000000E+00  0.00000000E+00  0.00000000E+00  0.00000000E+00  0.00000000E+00  0.00000000E+00  0.00000000E+00  0.00000000E+00  0.00000000E+00  0.00000000E+00  0.00000000E+00
  2.42924537E-01  2.44352490E-01  2.43233005E-01  2.42802123E-01  2.41424367E-01  2.41174668E-01  2.39878613E-01  2.38098114E-01  2.35256784E-01  2.34385976E-01  2.31833775E-01  2.29539572E-01  2.26524346E-01  2.23813812E-01  2.20349800E-01  2.17744334E-01  2.14393763E-01  2.10653653E-01  2.06921380E-01  2.03025714E-01  1.98978246E-01  1.95016870E-01  1.90355930E-01  1.85724967E-01  1.81285849E-01  1.76661766E-01  1.71812646E-01  1.66940959E-01  1.61854600E-01  1.56888099E-01  1.52151076E-01  1.46763507E-01  1.41861305E-01  1.36671582E-01  1.31387119E-01  1.26492477E-01  1.21275780E-01  1.16318829E-01  1.11173810E-01  1.06104458E-01  1.01040030E-01  9.62595751E-02  9.12076660E-02  8.63571155E-02  8.16950606E-02  7.72635968E-02  7.27749075E-02  6.83836561E-02  6.41379622E-02  6.00348711E-02  5.59993087E-02  5.22197685E-02  4.84964703E-02  4.49165874E-02  4.14890348E-02  3.82562153E-02  3.51129715E-02  3.21232628E-02  2.93950323E-02  2.67308450E-02  2.42406295E-02  2.18884708E-02  1.96845434E-02  1.76772549E-02  1.58083067E-02  1.40795974E-02  1.25068154E-02  1.10482211E-02  9.73442740E-03  8.49378243E-03  7.36809028E-03  6.37511477E-03  5.47370349E-03  4.68207945E-03  3.98155049E-03  3.36541983E-03  2.83542322E-03  2.36979870E-03  1.95119811E-03  1.59297005E-03  1.30351609E-03  1.05365010E-03  8.34828451E-04  6.61695950E-04  5.20069473E-04  3.94814545E-04  3.02475129E-04  2.36473134E-04  1.70480340E-04  1.29098247E-04  9.10960580E-05  6.69980645E-05  4.39101585E-05  3.20046081E-05  2.28761079E-05  1.34524111E-05  8.20267709E-06  5.61091332E-06  3.30683491E-06  2.31095575E-06  1.61649649E-06  5.74757517E-07  7.35365596E-07  2.59201488E-07  2.16735187E-07  7.40476644E-08  3.79082073E-09  5.82111380E-09  1.19070203E-08  7.92696965E-09  0.00000000E+00  0.00000000E+00  0.00000000E+00  0.00000000E+00  0.00000000E+00  0.00000000E+00  0.00000000E+00  0.00000000E+00  0.00000000E+00  0.00000000E+00  0.00000000E+00  0.00000000E+00  0.00000000E+00  0.00000000E+00  0.00000000E+00  0.00000000E+00  0.00000000E+00  0.00000000E+00  0.00000000E+00  0.00000000E+00  0.00000000E+00  0.00000000E+00  0.00000000E+00  0.00000000E+00  0.00000000E+00  0.00000000E+00  0.00000000E+00  0.00000000E+00  0.00000000E+00  0.00000000E+00  0.00000000E+00  0.00000000E+00  0.00000000E+00  0.00000000E+00  0.00000000E+00  0.00000000E+00  0.00000000E+00  0.00000000E+00  0.00000000E+00  0.00000000E+00  0.00000000E+00  0.00000000E+00  0.00000000E+00  0.00000000E+00  0.00000000E+00  0.00000000E+00  0.00000000E+00  0.00000000E+00  0.00000000E+00  0.00000000E+00  0.00000000E+00  0.00000000E+00  0.00000000E+00  0.00000000E+00  0.00000000E+00  0.00000000E+00  0.00000000E+00  0.00000000E+00  0.00000000E+00  0.00000000E+00  0.00000000E+00  0.00000000E+00  0.00000000E+00  0.00000000E+00  0.00000000E+00  0.00000000E+00  0.00000000E+00  0.00000000E+00  0.00000000E+00  0.00000000E+00  0.00000000E+00  0.00000000E+00  0.00000000E+00  0.00000000E+00  0.00000000E+00  0.00000000E+00  0.00000000E+00  0.00000000E+00  0.00000000E+00  0.00000000E+00  0.00000000E+00  0.00000000E+00  0.00000000E+00  0.00000000E+00  0.00000000E+00  0.00000000E+00  0.00000000E+00  0.00000000E+00  0.00000000E+00  0.00000000E+00
  2.65099959E-01  2.65292144E-01  2.65048234E-01  2.64101680E-01  2.63362055E-01  2.62234789E-01  2.60350699E-01  2.59097229E-01  2.56846151E-01  2.54743391E-01  2.51879461E-01  2.49830556E-01  2.46787455E-01  2.43954037E-01  2.40507920E-01  2.36791957E-01  2.33198540E-01  2.29039625E-01  2.25055563E-01  2.20732964E-01  2.16448768E-01  2.11873552E-01  2.07242357E-01  2.02555281E-01  1.97464457E-01  1.92337423E-01  1.87397065E-01  1.81793562E-01  1.76678487E-01  1.70890123E-01  1.65654854E-01  1.60252784E-01  1.54716611E-01  1.49005924E-01  1.43540478E-01  1.38129772E-01  1.32557718E-01  1.26816270E-01  1.21239152E-01  1.15877591E-01  1.10448949E-01  1.05079474E-01  9.99101086E-02  9.47938377E-02  8.97130847E-02  8.45943727E-02  7.96615718E-02  7.49571961E-02  7.03312962E-02  6.58436279E-02  6.15715682E-02  5.72879334E-02  5.32249106E-02  4.94299168E-02  4.57319495E-02  4.20643371E-02  3.87297534E-02  3.55996581E-02  3.24374554E-02  2.95978380E-02  2.68301644E-02  2.43192529E-02  2.19125986E-02  1.97507013E-02  1.75755149E-02  1.57256723E-02  1.39364098E-02  1.23308860E-02  1.08381989E-02  9.48877605E-03  8.27362934E-03  7.16554028E-03  6.20307897E-03  5.27570656E-03  4.50149239E-03  3.82286459E-03  3.20873319E-03  2.66767890E-03  2.20320138E-03  1.80725270E-03  1.48549936E-03  1.19532174E-03  9.56920713E-04  7.46196501E-04  5.86030548E-04  4.58878444E-04  3.47726110E-04  2.63409493E-04  1.97344531E-04  1.44513451E-04  1.05978247E-04  7.56708161E-05  5.21402035E-05  3.64861428E-05  2.41126946E-05  1.59366778E-05  1.11607282E-05  6.54610005E-06  4.56329282E-06  2.85161918E-06  1.34694650E-06  5.62228201E-07  4.09630541E-07  2.79290091E-07  2.16735188E-07  1.36423733E-07  7.33523813E-08  0.00000000E+00  0.00000000E+00  0.00000000E+00  0.00000000E+00  0.00000000E+00  0.00000000E+00  0.00000000E+00  0.00000000E+00  0.00000000E+00  0.00000000E+00  0.00000000E+00  0.00000000E+00  0.00000000E+00  0.00000000E+00  0.00000000E+00  0.00000000E+00  0.00000000E+00  0.00000000E+00  0.00000000E+00  0.00000000E+00  0.00000000E+00  0.00000000E+00  0.00000000E+00  0.00000000E+00  0.00000000E+00  0.00000000E+00  0.00000000E+00  0.00000000E+00  0.00000000E+00  0.00000000E+00  0.00000000E+00  0.00000000E+00  0.00000000E+00  0.00000000E+00  0.00000000E+00  0.00000000E+00  0.00000000E+00  0.00000000E+00  0.00000000E+00  0.00000000E+00  0.00000000E+00  0.00000000E+00  0.00000000E+00  0.00000000E+00  0.00000000E+00  0.00000000E+00  0.00000000E+00  0.00000000E+00  0.00000000E+00  0.00000000E+00  0.00000000E+00  0.00000000E+00  0.00000000E+00  0.00000000E+00  0.00000000E+00  0.00000000E+00  0.00000000E+00  0.00000000E+00  0.00000000E+00  0.00000000E+00  0.00000000E+00  0.00000000E+00  0.00000000E+00  0.00000000E+00  0.00000000E+00  0.00000000E+00  0.00000000E+00  0.00000000E+00  0.00000000E+00  0.00000000E+00  0.00000000E+00  0.00000000E+00  0.00000000E+00  0.00000000E+00  0.00000000E+00  0.00000000E+00  0.00000000E+00  0.00000000E+00  0.00000000E+00  0.00000000E+00  0.00000000E+00  0.00000000E+00  0.00000000E+00  0.00000000E+00  0.00000000E+00  0.00000000E+00  0.00000000E+00  0.00000000E+00  0.00000000E+00  0.00000000E+00  0.00000000E+00  0.00000000E+00  0.00000000E+00
  2.70041158E-01  2.69253751E-01  2.68145770E-01  2.67890275E-01  2.67145867E-01  2.65892947E-01  2.64725541E-01  2.63163222E-01  2.60854220E-01  2.58911791E-01  2.55897718E-01  2.53902039E-01  2.50529693E-01  2.47572001E-01  2.44390992E-01  2.40373758E-01  2.37028914E-01  2.32342843E-01  2.28457183E-01  2.24489244E-01  2.19971763E-01  2.14918126E-01  2.10405075E-01  2.05193025E-01  2.00182001E-01  1.95309071E-01  1.89908814E-01  1.84475572E-01  1.79244496E-01  1.73363154E-01  1.68150962E-01  1.62637729E-01  1.57019307E-01  1.51303163E-01  1.45799213E-01  1.39952604E-01  1.34494335E-01  1.28771427E-01  1.23348063E-01  1.17856174E-01  1.12158236E-01  1.06799570E-01  1.01571243E-01  9.63259698E-02  9.10890645E-02  8.60260598E-02  8.10819810E-02  7.61961416E-02  7.14809195E-02  6.69624879E-02  6.27457080E-02  5.82023497E-02  5.42083999E-02  5.03535242E-02  4.65227706E-02  4.29700050E-02  3.93685065E-02  3.62428929E-02  3.30933035E-02  3.01440391E-02  2.74325079E-02  2.47758803E-02  2.23384143E-02  2.00717528E-02  1.79905252E-02  1.60323546E-02  1.42131803E-02  1.25350156E-02  1.09912326E-02  9.71444323E-03  8.41409925E-03  7.29821109E-03  6.28422412E-03  5.40216121E-03  4.55611224E-03  3.87361918E-03  3.24017446E-03  2.70455647E-03  2.22781971E-03  1.82592498E-03  1.49322901E-03  1.21785168E-03  9.66494562E-04  7.60570953E-04  6.04680851E-04  4.63392580E-04  3.52060175E-04  2.73101368E-04  1.98790633E-04  1.47636774E-04  1.07938643E-04  7.85862213E-05  5.58780183E-05  3.78937738E-05  2.53749146E-05  1.60104470E-05  1.09944280E-05  7.18646590E-06  4.76720338E-06  2.83214312E-06  1.16979070E-06  7.26501456E-07  4.12387669E-07  4.88952694E-07  6.02686083E-08  2.73612817E-08  1.61109881E-07  6.14033616E-08  2.80931261E-08  0.00000000E+00  0.00000000E+00  3.62082877E-10  1.29191171E-08  0.00000000E+00  0.00000000E+00  0.00000000E+00  0.00000000E+00  0.00000000E+00  0.00000000E+00  0.00000000E+00  0.00000000E+00  0.00000000E+00  0.00000000E+00  0.00000000E+00  0.00000000E+00  0.00000000E+00  0.00000000E+00  0.00000000E+00  0.00000000E+00  0.00000000E+00  0.00000000E+00  0.00000000E+00  0.00000000E+00  0.00000000E+00  0.00000000E+00  0.00000000E+00  0.00000000E+00  0.00000000E+00  0.00000000E+00  0.00000000E+00  0.00000000E+00  0.00000000E+00  0.00000000E+00  0.00000000E+00  0.00000000E+00  0.00000000E+00  0.00000000E+00  0.00000000E+00  0.00000000E+00  0.00000000E+00  0.00000000E+00  0.00000000E+00  0.00000000E+00  0.00000000E+00  0.00000000E+00  0.00000000E+00  0.00000000E+00  0.00000000E+00  0.00000000E+00  0.00000000E+00  0.00000000E+00  0.00000000E+00  0.00000000E+00  0.00000000E+00  0.00000000E+00  0.00000000E+00  0.00000000E+00  0.00000000E+00  0.00000000E+00  0.00000000E+00  0.00000000E+00  0.00000000E+00  0.00000000E+00  0.00000000E+00  0.00000000E+00  0.00000000E+00  0.00000000E+00  0.00000000E+00  0.00000000E+00  0.00000000E+00  0.00000000E+00  0.00000000E+00  0.00000000E+00  0.00000000E+00  0.00000000E+00  0.00000000E+00  0.00000000E+00  0.00000000E+00  0.00000000E+00  0.00000000E+00  0.00000000E+00  0.00000000E+00  0.00000000E+00  0.00000000E+00  0.00000000E+00  0.00000000E+00  0.00000000E+00  0.00000000E+00  0.00000000E+00  0.00000000E+00
  2.65496213E-01  2.63843858E-01  2.64035715E-01  2.63301087E-01  2.62669501E-01  2.61678779E-01  2.60186769E-01  2.58603665E-01  2.56389881E-01  2.54718945E-01  2.52239524E-01  2.49226505E-01  2.46425300E-01  2.43419726E-01  2.40312478E-01  2.36566512E-01  2.32653400E-01  2.28833091E-01  2.25175195E-01  2.20752488E-01  2.16401852E-01  2.11717274E-01  2.06829395E-01  2.02135274E-01  1.96756678E-01  1.91753782E-01  1.86874770E-01  1.81444461E-01  1.76457883E-01  1.70868908E-01  1.65434184E-01  1.59924092E-01  1.54519807E-01  1.48826024E-01  1.43292150E-01  1.37900144E-01  1.32128689E-01  1.26534768E-01  1.21051694E-01  1.15533258E-01  1.10265239E-01  1.04894914E-01  9.97298010E-02  9.45312418E-02  8.93122391E-02  8.45669804E-02  7.96444114E-02  7.49066225E-02  7.01719857E-02  6.57751443E-02  6.13988237E-02  5.73628850E-02  5.32811610E-02  4.93614787E-02  4.56234834E-02  4.20046698E-02  3.87796077E-02  3.55274266E-02  3.24554680E-02  2.95442559E-02  2.68208371E-02  2.42520807E-02  2.18879906E-02  1.96882970E-02  1.75947070E-02  1.56567288E-02  1.38903533E-02  1.22756846E-02  1.08005767E-02  9.44834137E-03  8.24127829E-03  7.07622757E-03  6.10538205E-03  5.23218309E-03  4.46968285E-03  3.78254797E-03  3.14869729E-03  2.62427900E-03  2.17854757E-03  1.79086588E-03  1.46165190E-03  1.17563396E-03  9.41404071E-04  7.47691724E-04  5.85946220E-04  4.49548679E-04  3.50278196E-04  2.56493612E-04  1.93911978E-04  1.40821759E-04  1.04122909E-04  7.16587419E-05  4.99110011E-05  3.67408981E-05  2.41212390E-05  1.62144219E-05  9.42158407E-06  6.80324017E-06  4.47783483E-06  2.62236977E-06  1.69282212E-06  7.60509600E-07  4.45867089E-07  2.24485262E-07  9.96750061E-08  2.60219183E-08  3.96140767E-08  7.51111457E-10  0.00000000E+00  0.00000000E+00  0.00000000E+00  0.00000000E+00  0.00000000E+00  0.00000000E+00  0.00000000E+00  0.00000000E+00  0.00000000E+00  0.00000000E+00  0.00000000E+00  0.00000000E+00  0.00000000E+00  0.00000000E+00  0.00000000E+00  0.00000000E+00  0.00000000E+00  0.00000000E+00  0.00000000E+00  0.00000000E+00  0.00000000E+00  0.00000000E+00  0.00000000E+00  0.00000000E+00  0.00000000E+00  0.00000000E+00  0.00000000E+00  0.00000000E+00  0.00000000E+00  0.00000000E+00  0.00000000E+00  0.00000000E+00  0.00000000E+00  0.00000000E+00  0.00000000E+00  0.00000000E+00  0.00000000E+00  0.00000000E+00  0.00000000E+00  0.00000000E+00  0.00000000E+00  0.00000000E+00  0.00000000E+00  0.00000000E+00  0.00000000E+00  0.00000000E+00  0.00000000E+00  0.00000000E+00  0.00000000E+00  0.00000000E+00  0.00000000E+00  0.00000000E+00  0.00000000E+00  0.00000000E+00  0.00000000E+00  0.00000000E+00  0.00000000E+00  0.00000000E+00  0.00000000E+00  0.00000000E+00  0.00000000E+00  0.00000000E+00  0.00000000E+00  0.00000000E+00  0.00000000E+00  0.00000000E+00  0.00000000E+00  0.00000000E+00  0.00000000E+00  0.00000000E+00  0.00000000E+00  0.00000000E+00  0.00000000E+00  0.00000000E+00  0.00000000E+00  0.00000000E+00  0.00000000E+00  0.00000000E+00  0.00000000E+00  0.00000000E+00  0.00000000E+00  0.00000000E+00  0.00000000E+00  0.00000000E+00  0.00000000E+00  0.00000000E+00  0.00000000E+00  0.00000000E+00  0.00000000E+00  0.00000000E+00  0.00000000E+00  0.00000000E+00
  2.65951692E-01  2.68960514E-01  2.68252191E-01  2.68089593E-01  2.66794431E-01  2.66141401E-01  2.64565707E-01  2.62635638E-01  2.59953878E-01  2.57763035E-01  2.55786554E-01  2.52994871E-01  2.50058501E-01  2.46937203E-01  2.43358319E-01  2.39751053E-01  2.36155745E-01  2.32390380E-01  2.27728443E-01  2.23964666E-01  2.19225697E-01  2.14542500E-01  2.10169173E-01  2.05208223E-01  2.00213839E-01  1.94905180E-01  1.89661073E-01  1.84482282E-01  1.79053698E-01  1.73727168E-01  1.67954171E-01  1.62906141E-01  1.57073653E-01  1.51168151E-01  1.45430030E-01  1.40145176E-01  1.34228528E-01  1.28682109E-01  1.23223501E-01  1.17626207E-01  1.12244869E-01  1.06849292E-01  1.01569332E-01  9.62711076E-02  9.11216921E-02  8.60547223E-02  8.10606319E-02  7.64015190E-02  7.17232258E-02  6.70886062E-02  6.27479701E-02  5.84611683E-02  5.42861887E-02  5.03924337E-02  4.66119310E-02  4.30684165E-02  3.95527265E-02  3.63560953E-02  3.32393465E-02  3.02948983E-02  2.75040518E-02  2.48895459E-02  2.24819460E-02  2.01819058E-02  1.80611810E-02  1.61297180E-02  1.42973601E-02  1.26302773E-02  1.11195430E-02  9.74987786E-03  8.48509599E-03  7.31800845E-03  6.34126926E-03  5.41688938E-03  4.58879885E-03  3.88450766E-03  3.28073721E-03  2.74777873E-03  2.25555415E-03  1.84435174E-03  1.51384117E-03  1.21369953E-03  9.71697198E-04  7.69654465E-04  6.08310530E-04  4.62236659E-04  3.52454563E-04  2.67332290E-04  2.02728865E-04  1.45596735E-04  1.06671490E-04  7.72239340E-05  5.45817420E-05  3.74248513E-05  2.40447668E-05  1.79005443E-05  9.15885073E-06  7.42393749E-06  4.37167838E-06  2.08373510E-06  1.84808452E-06  6.88515752E-07  5.25626881E-07  4.06842968E-07  8.36420110E-08  6.71595096E-08  2.21763012E-08  4.01844630E-08  3.90699105E-09  1.84348132E-10  0.00000000E+00  0.00000000E+00  0.00000000E+00  0.00000000E+00  0.00000000E+00  0.00000000E+00  0.00000000E+00  0.00000000E+00  0.00000000E+00  0.00000000E+00  0.00000000E+00  0.00000000E+00  0.00000000E+00  0.00000000E+00  0.00000000E+00  0.00000000E+00  0.00000000E+00  0.00000000E+00  0.00000000E+00  0.00000000E+00  0.00000000E+00  0.00000000E+00  0.00000000E+00  0.00000000E+00  0.00000000E+00  0.00000000E+00  0.00000000E+00  0.00000000E+00  0.00000000E+00  0.00000000E+00  0.00000000E+00  0.00000000E+00  0.00000000E+00  0.00000000E+00  0.00000000E+00  0.00000000E+00  0.00000000E+00  0.00000000E+00  0.00000000E+00  0.00000000E+00  0.00000000E+00  0.00000000E+00  0.00000000E+00  0.00000000E+00  0.00000000E+00  0.00000000E+00  0.00000000E+00  0.00000000E+00  0.00000000E+00  0.00000000E+00  0.00000000E+00  0.00000000E+00  0.00000000E+00  0.00000000E+00  0.00000000E+00  0.00000000E+00  0.00000000E+00  0.00000000E+00  0.00000000E+00  0.00000000E+00  0.00000000E+00  0.00000000E+00  0.00000000E+00  0.00000000E+00  0.00000000E+00  0.00000000E+00  0.00000000E+00  0.00000000E+00  0.00000000E+00  0.00000000E+00  0.00000000E+00  0.00000000E+00  0.00000000E+00  0.00000000E+00  0.00000000E+00  0.00000000E+00  0.00000000E+00  0.00000000E+00  0.00000000E+00  0.00000000E+00  0.00000000E+00  0.00000000E+00  0.00000000E+00  0.00000000E+00  0.00000000E+00  0.00000000E+00  0.00000000E+00  0.00000000E+00  0.00000000E+00  0.00000000E+00
  2.61733560E-01  2.61399399E-01  2.60495352E-01  2.60241864E-01  2.58918489E-01  2.58147386E-01  2.56816858E-01  2.54825827E-01  2.52872761E-01  2.50938061E-01  2.48374011E-01  2.45581425E-01  2.42945834E-01  2.40144682E-01  2.36496488E-01  2.33233289E-01  2.29256352E-01  2.25873765E-01  2.21130464E-01  2.17094619E-01  2.12702825E-01  2.08421238E-01  2.03774594E-01  1.98983263E-01  1.94182906E-01  1.89199314E-01  1.83992057E-01  1.78782131E-01  1.73702822E-01  1.68413579E-01  1.62874204E-01  1.57408995E-01  1.52047638E-01  1.46544753E-01  1.40980800E-01  1.35555953E-01  1.29992215E-01  1.24594602E-01  1.19099236E-01  1.13755049E-01  1.08543807E-01  1.03205883E-01  9.81272467E-02  9.30552563E-02  8.78494966E-02  8.30817819E-02  7.82690316E-02  7.35574608E-02  6.90121078E-02  6.45876931E-02  6.03989636E-02  5.62182117E-02  5.22345772E-02  4.84980904E-02  4.48219266E-02  4.12812596E-02  3.79814174E-02  3.48458979E-02  3.17449117E-02  2.89674750E-02  2.62377174E-02  2.37459135E-02  2.13762963E-02  1.92465036E-02  1.72322306E-02  1.53439974E-02  1.36141546E-02  1.20117901E-02  1.05883389E-02  9.27938093E-03  8.05046075E-03  6.97084501E-03  5.96000913E-03  5.15469640E-03  4.37888569E-03  3.67243281E-03  3.09507636E-03  2.57806633E-03  2.12123802E-03  1.74551643E-03  1.42544828E-03  1.15031536E-03  9.17725629E-04  7.22711944E-04  5.75181643E-04  4.30392169E-04  3.32569484E-04  2.48557122E-04  1.89269399E-04  1.38328830E-04  9.98528193E-05  7.24787617E-05  4.90913355E-05  3.31266110E-05  2.24525197E-05  1.44224018E-05  9.55002219E-06  6.70758901E-06  4.02410822E-06  2.19004191E-06  1.35779278E-06  8.04859402E-07  5.08099421E-07  2.61541908E-07  1.68829371E-07  5.30005247E-08  5.28819493E-08  1.12666719E-09  7.44188771E-10  0.00000000E+00  2.32003375E-08  0.00000000E+00  0.00000000E+00  0.00000000E+00  0.00000000E+00  0.00000000E+00  0.00000000E+00  0.00000000E+00  0.00000000E+00  0.00000000E+00  0.00000000E+00  0.00000000E+00  0.00000000E+00  0.00000000E+00  0.00000000E+00  0.00000000E+00  0.00000000E+00  0.00000000E+00  0.00000000E+00  0.00000000E+00  0.00000000E+00  0.00000000E+00  0.00000000E+00  0.00000000E+00  0.00000000E+00  0.00000000E+00  0.00000000E+00  0.00000000E+00  0.00000000E+00  0.00000000E+00  0.00000000E+00  0.00000000E+00  0.00000000E+00  0.00000000E+00  0.00000000E+00  0.00000000E+00  0.00000000E+00  0.00000000E+00  0.00000000E+00  0.00000000E+00  0.00000000E+00  0.00000000E+00  0.00000000E+00  0.00000000E+00  0.00000000E+00  0.00000000E+00  0.00000000E+00  0.00000000E+00  0.00000000E+00  0.00000000E+00  0.00000000E+00  0.00000000E+00  0.00000000E+00  0.00000000E+00  0.00000000E+00  0.00000000E+00  0.00000000E+00  0.00000000E+00  0.00000000E+00  0.00000000E+00  0.00000000E+00  0.00000000E+00  0.00000000E+00  0.00000000E+00  0.00000000E+00  0.00000000E+00  0.00000000E+00  0.00000000E+00  0.00000000E+00  0.00000000E+00  0.00000000E+00  0.00000000E+00  0.00000000E+00  0.00000000E+00  0.00000000E+00  0.00000000E+00  0.00000000E+00  0.00000000E+00  0.00000000E+00  0.00000000E+00  0.00000000E+00  0.00000000E+00  0.00000000E+00  0.00000000E+00  0.00000000E+00  0.00000000E+00  0.00000000E+00  0.00000000E+00  0.00000000E+00  0.00000000E+00
  2.68963986E-01  2.69911348E-01  2.70009837E-01  2.68429221E-01  2.68425116E-01  2.66407473E-01  2.64884524E-01  2.63244782E-01  2.61108833E-01  2.58933201E-01  2.56629429E-01  2.53918909E-01  2.50844490E-01  2.47819060E-01  2.43706880E-01  2.40315233E-01  2.36570525E-01  2.32785215E-01  2.28883061E-01  2.24164026E-01  2.19941040E-01  2.15079860E-01  2.10309922E-01  2.05227618E-01  2.00614460E-01  1.95464071E-01  1.90123380E-01  1.84807482E-01  1.79250026E-01  1.73768440E-01  1.68295969E-01  1.62703790E-01  1.57131041E-01  1.51420052E-01  1.45734624E-01  1.40104759E-01  1.34727958E-01  1.28882124E-01  1.23208429E-01  1.17852939E-01  1.12236184E-01  1.06826815E-01  1.01544515E-01  9.62320556E-02  9.08673497E-02  8.59347152E-02  8.10828145E-02  7.61207517E-02  7.15202054E-02  6.69882906E-02  6.24624256E-02  5.82130942E-02  5.41800474E-02  5.02167831E-02  4.64028887E-02  4.29078972E-02  3.94343508E-02  3.61304281E-02  3.30069269E-02  3.01274773E-02  2.73393401E-02  2.47476565E-02  2.22737318E-02  2.00106191E-02  1.79663135E-02  1.59767007E-02  1.42300669E-02  1.25026612E-02  1.10605927E-02  9.64684790E-03  8.37402136E-03  7.28315027E-03  6.28323681E-03  5.36877227E-03  4.56163998E-03  3.85801331E-03  3.24087662E-03  2.69311836E-03  2.22571444E-03  1.82359482E-03  1.48771005E-03  1.19418413E-03  9.58440178E-04  7.52193350E-04  5.88348965E-04  4.67427915E-04  3.51029866E-04  2.65322906E-04  2.01682608E-04  1.45344352E-04  1.05360173E-04  7.56052939E-05  5.32647340E-05  3.64051824E-05  2.52931021E-05  1.60358118E-05  1.03662527E-05  6.87280464E-06  4.95697340E-06  2.24765857E-06  1.51847831E-06  7.93125597E-07  5.33307454E-07  2.25070367E-07  9.87091630E-08  7.28996387E-08  1.02920783E-07  7.51111457E-09  3.72094385E-09  0.00000000E+00  0.00000000E+00  0.00000000E+00  0.00000000E+00  0.00000000E+00  0.00000000E+00  0.00000000E+00  0.00000000E+00  0.00000000E+00  0.00000000E+00  0.00000000E+00  0.00000000E+00  0.00000000E+00  0.00000000E+00  0.00000000E+00  0.00000000E+00  0.00000000E+00  0.00000000E+00  0.00000000E+00  0.00000000E+00  0.00000000E+00  0.00000000E+00  0.00000000E+00  0.00000000E+00  0.00000000E+00  0.00000000E+00  0.00000000E+00  0.00000000E+00  0.00000000E+00  0.00000000E+00  0.00000000E+00  0.00000000E+00  0.00000000E+00  0.00000000E+00  0.00000000E+00  0.00000000E+00  0.00000000E+00  0.00000000E+00  0.00000000E+00  0.00000000E+00  0.00000000E+00  0.00000000E+00  0.00000000E+00  0.00000000E+00  0.00000000E+00  0.00000000E+00  0.00000000E+00  0.00000000E+00  0.00000000E+00  0.00000000E+00  0.00000000E+00  0.00000000E+00  0.00000000E+00  0.00000000E+00  0.00000000E+00  0.00000000E+00  0.00000000E+00  0.00000000E+00  0.00000000E+00  0.00000000E+00  0.00000000E+00  0.00000000E+00  0.00000000E+00  0.00000000E+00  0.00000000E+00  0.00000000E+00  0.00000000E+00  0.00000000E+00  0.00000000E+00  0.00000000E+00  0.00000000E+00  0.00000000E+00  0.00000000E+00  0.00000000E+00  0.00000000E+00  0.00000000E+00  0.00000000E+00  0.00000000E+00  0.00000000E+00  0.00000000E+00  0.00000000E+00  0.00000000E+00  0.00000000E+00  0.00000000E+00  0.00000000E+00  0.00000000E+00  0.00000000E+00  0.00000000E+00  0.00000000E+00  0.00000000E+00  0.00000000E+00
  2.61216836E-01  2.60992864E-01  2.61044406E-01  2.60504998E-01  2.59205298E-01  2.58541213E-01  2.55946529E-01  2.54328769E-01  2.52529024E-01  2.50474135E-01  2.48377987E-01  2.45926220E-01  2.42679381E-01  2.39446736E-01  2.36657487E-01  2.32972333E-01  2.29226555E-01  2.25507269E-01  2.21487815E-01  2.17422536E-01  2.13057630E-01  2.08306496E-01  2.03782438E-01  1.99014678E-01  1.94683863E-01  1.89404656E-01  1.83845263E-01  1.78885500E-01  1.73720805E-01  1.68342746E-01  1.62830315E-01  1.57252912E-01  1.52017392E-01  1.46457567E-01  1.41161701E-01  1.35497609E-01  1.29998730E-01  1.24739231E-01  1.19096102E-01  1.13799253E-01  1.08362480E-01  1.03310687E-01  9.80809621E-02  9.28255429E-02  8.78898294E-02  8.29811792E-02  7.83304838E-02  7.36985180E-02  6.89922222E-02  6.45350791E-02  6.04748822E-02  5.63251256E-02  5.22953624E-02  4.84820170E-02  4.48658960E-02  4.12513609E-02  3.79830988E-02  3.48900268E-02  3.17744922E-02  2.89348060E-02  2.62963263E-02  2.37190716E-02  2.14284815E-02  1.92777564E-02  1.71785559E-02  1.53481185E-02  1.35864596E-02  1.20223907E-02  1.05441410E-02  9.20345381E-03  8.01144599E-03  6.94761319E-03  5.95652236E-03  5.13025664E-03  4.39608426E-03  3.70594284E-03  3.08197385E-03  2.56114046E-03  2.12820365E-03  1.74847376E-03  1.42310268E-03  1.13351035E-03  9.19691880E-04  7.22774316E-04  5.67552722E-04  4.43859498E-04  3.41297356E-04  2.54465080E-04  1.88654463E-04  1.40612906E-04  1.03017022E-04  7.15157845E-05  4.88218235E-05  3.54748937E-05  2.24723855E-05  1.42799364E-05  9.58244549E-06  6.18005840E-06  3.93946997E-06  2.42253732E-06  1.50261062E-06  6.71611119E-07  4.53547661E-07  2.62322048E-07  6.52909924E-08  6.31414193E-08  4.79538823E-08  0.00000000E+00  0.00000000E+00  0.00000000E+00  0.00000000E+00  0.00000000E+00  0.00000000E+00  0.00000000E+00  0.00000000E+00  0.00000000E+00  0.00000000E+00  0.00000000E+00  0.00000000E+00  0.00000000E+00  0.00000000E+00  0.00000000E+00  0.00000000E+00  0.00000000E+00  0.00000000E+00  0.00000000E+00  0.00000000E+00  0.00000000E+00  0.00000000E+00  0.00000000E+00  0.00000000E+00  0.00000000E+00  0.00000000E+00  0.00000000E+00  0.00000000E+00  0.00000000E+00  0.00000000E+00  0.00000000E+00  0.00000000E+00  0.00000000E+00  0.00000000E+00  0.00000000E+00  0.00000000E+00  0.00000000E+00  0.00000000E+00  0.00000000E+00  0.00000000E+00  0.00000000E+00  0.00000000E+00  0.00000000E+00  0.00000000E+00  0.00000000E+00  0.00000000E+00  0.00000000E+00  0.00000000E+00  0.00000000E+00  0.00000000E+00  0.00000000E+00  0.00000000E+00  0.00000000E+00  0.00000000E+00  0.00000000E+00  0.00000000E+00  0.00000000E+00  0.00000000E+00  0.00000000E+00  0.00000000E+00  0.00000000E+00  0.00000000E+00  0.00000000E+00  0.00000000E+00  0.00000000E+00  0.00000000E+00  0.00000000E+00  0.00000000E+00  0.00000000E+00  0.00000000E+00  0.00000000E+00  0.00000000E+00  0.00000000E+00  0.00000000E+00  0.00000000E+00  0.00000000E+00  0.00000000E+00  0.00000000E+00  0.00000000E+00  0.00000000E+00  0.00000000E+00  0.00000000E+00  0.00000000E+00  0.00000000E+00  0.00000000E+00  0.00000000E+00  0.00000000E+00  0.00000000E+00  0.00000000E+00  0.00000000E+00  0.00000000E+00  0.00000000E+00  0.00000000E+00
  2.62254847E-01  2.61979817E-01  2.60558139E-01  2.60404039E-01  2.59742563E-01  2.58635761E-01  2.56911093E-01  2.54967127E-01  2.52811304E-01  2.51233184E-01  2.48843999E-01  2.45526930E-01  2.42836106E-01  2.39669851E-01  2.36846566E-01  2.32847350E-01  2.29602144E-01  2.25843662E-01  2.21685690E-01  2.17416084E-01  2.12915068E-01  2.08661256E-01  2.03918909E-01  1.99326267E-01  1.94364638E-01  1.89344781E-01  1.84218135E-01  1.79336978E-01  1.73991670E-01  1.68376566E-01  1.63101131E-01  1.57674443E-01  1.52075457E-01  1.46571713E-01  1.40942843E-01  1.35447515E-01  1.29988275E-01  1.24421020E-01  1.19302894E-01  1.13676554E-01  1.08575959E-01  1.03225061E-01  9.77101972E-02  9.29551689E-02  8.79351724E-02  8.29765674E-02  7.81167662E-02  7.35212477E-02  6.88992820E-02  6.45901991E-02  6.03203449E-02  5.61481980E-02  5.21688823E-02  4.83043225E-02  4.46569678E-02  4.12139049E-02  3.78778341E-02  3.47558418E-02  3.16881618E-02  2.89447732E-02  2.62486600E-02  2.37570622E-02  2.13959754E-02  1.92016719E-02  1.72477358E-02  1.53067579E-02  1.36167169E-02  1.19906733E-02  1.05310315E-02  9.22166198E-03  8.04527679E-03  6.93602240E-03  5.98586156E-03  5.12195259E-03  4.34664940E-03  3.68843118E-03  3.11140416E-03  2.57878912E-03  2.13034543E-03  1.74920122E-03  1.41503851E-03  1.15540895E-03  9.23326360E-04  7.22625639E-04  5.70101429E-04  4.35255489E-04  3.40485244E-04  2.51005064E-04  1.90856917E-04  1.40728835E-04  9.66199174E-05  7.07447408E-05  5.04999994E-05  3.32108098E-05  2.42754653E-05  1.52311148E-05  9.28247764E-06  6.02333129E-06  3.93701075E-06  2.28458193E-06  1.68579213E-06  8.03666133E-07  4.49411968E-07  4.12889053E-07  1.68636202E-07  4.72603957E-08  2.84311554E-08  5.07000233E-09  4.87443646E-08  0.00000000E+00  1.60758244E-08  0.00000000E+00  0.00000000E+00  0.00000000E+00  0.00000000E+00  0.00000000E+00  0.00000000E+00  0.00000000E+00  0.00000000E+00  0.00000000E+00  0.00000000E+00  0.00000000E+00  0.00000000E+00  0.00000000E+00  0.00000000E+00  0.00000000E+00  0.00000000E+00  0.00000000E+00  0.00000000E+00  0.00000000E+00  0.00000000E+00  0.00000000E+00  0.00000000E+00  0.00000000E+00  0.00000000E+00  0.00000000E+00  0.00000000E+00  0.00000000E+00  0.00000000E+00  0.00000000E+00  0.00000000E+00  0.00000000E+00  0.00000000E+00  0.00000000E+00  0.00000000E+00  0.00000000E+00  0.00000000E+00  0.00000000E+00  0.00000000E+00  0.00000000E+00  0.00000000E+00  0.00000000E+00  0.00000000E+00  0.00000000E+00  0.00000000E+00  0.00000000E+00  0.00000000E+00  0.00000000E+00  0.00000000E+00  0.00000000E+00  0.00000000E+00  0.00000000E+00  0.00000000E+00  0.00000000E+00  0.00000000E+00  0.00000000E+00  0.00000000E+00  0.00000000E+00  0.00000000E+00  0.00000000E+00  0.00000000E+00  0.00000000E+00  0.00000000E+00  0.00000000E+00  0.00000000E+00  0.00000000E+00  0.00000000E+00  0.00000000E+00  0.00000000E+00  0.00000000E+00  0.00000000E+00  0.00000000E+00  0.00000000E+00  0.00000000E+00  0.00000000E+00  0.00000000E+00  0.00000000E+00  0.00000000E+00  0.00000000E+00  0.00000000E+00  0.00000000E+00  0.00000000E+00  0.00000000E+00  0.00000000E+00  0.00000000E+00  0.00000000E+00  0.00000000E+00  0.00000000E+00  0.00000000E+00  0.00000000E+00
  2.62675485E-01  2.62775447E-01  2.62604422E-01  2.60813534E-01  2.60241514E-01  2.58909210E-01  2.56877590E-01  2.55347619E-01  2.53700983E-01  2.51585288E-01  2.49093179E-01  2.46603638E-01  2.43384611E-01  2.40569403E-01  2.37014095E-01  2.33622920E-01  2.29750019E-01  2.26016026E-01  2.22014834E-01  2.18135389E-01  2.13324102E-01  2.08691276E-01  2.04343117E-01  1.99381886E-01  1.94599482E-01  1.89757764E-01  1.84540753E-01  1.79269243E-01  1.73963110E-01  1.68709124E-01  1.63129780E-01  1.57568381E-01  1.52137489E-01  1.46548353E-01  1.41041928E-01  1.35524511E-01  1.30060314E-01  1.24564948E-01  1.19130988E-01  1.13746725E-01  1.08295958E-01  1.03139410E-01  9.79478244E-02  9.28207971E-02  8.77324502E-02  8.28025196E-02  7.80508323E-02  7.33886674E-02  6.89207197E-02  6.44651556E-02  6.01291399E-02  5.61387552E-02  5.21340065E-02  4.82750398E-02  4.45989748E-02  4.10949283E-02  3.77429951E-02  3.46582284E-02  3.16859620E-02  2.87917143E-02  2.61469486E-02  2.36699832E-02  2.12972669E-02  1.91507826E-02  1.70974537E-02  1.52295581E-02  1.35309638E-02  1.19288335E-02  1.05120793E-02  9.18625407E-03  7.99880891E-03  6.91043656E-03  5.95830626E-03  5.08677518E-03  4.33323633E-03  3.66773199E-03  3.06632024E-03  2.56208700E-03  2.11447888E-03  1.73499248E-03  1.41189399E-03  1.12982954E-03  9.07812654E-04  7.25869682E-04  5.69623173E-04  4.42700744E-04  3.32357355E-04  2.51074043E-04  1.86970462E-04  1.38843294E-04  1.01646819E-04  7.17191900E-05  4.87901804E-05  3.43019398E-05  2.17285963E-05  1.46897886E-05  1.01328049E-05  6.64216528E-06  3.77080828E-06  2.46919871E-06  1.62573591E-06  6.46751365E-07  4.97070906E-07  1.40425185E-07  6.58704982E-08  5.33832000E-08  3.79082075E-10  8.07444817E-09  0.00000000E+00  0.00000000E+00  0.00000000E+00  0.00000000E+00  0.00000000E+00  0.00000000E+00  0.00000000E+00  0.00000000E+00  0.00000000E+00  0.00000000E+00  0.00000000E+00  0.00000000E+00  0.00000000E+00  0.00000000E+00  0.00000000E+00  0.00000000E+00  0.00000000E+00  0.00000000E+00  0.00000000E+00  0.00000000E+00  0.00000000E+00  0.00000000E+00  0.00000000E+00  0.00000000E+00  0.00000000E+00  0.00000000E+00  0.00000000E+00  0.00000000E+00  0.00000000E+00  0.00000000E+00  0.00000000E+00  0.00000000E+00  0.00000000E+00  0.00000000E+00  0.00000000E+00  0.00000000E+00  0.00000000E+00  0.00000000E+00  0.00000000E+00  0.00000000E+00  0.00000000E+00  0.00000000E+00  0.00000000E+00  0.00000000E+00  0.00000000E+00  0.00000000E+00  0.00000000E+00  0.00000000E+00  0.00000000E+00  0.00000000E+00  0.00000000E+00  0.00000000E+00  0.00000000E+00  0.00000000E+00  0.00000000E+00  0.00000000E+00  0.00000000E+00  0.00000000E+00  0.00000000E+00  0.00000000E+00  0.00000000E+00  0.00000000E+00  0.00000000E+00  0.00000000E+00  0.00000000E+00  0.00000000E+00  0.00000000E+00  0.00000000E+00  0.00000000E+00  0.00000000E+00  0.00000000E+00  0.00000000E+00  0.00000000E+00  0.00000000E+00  0.00000000E+00  0.00000000E+00  0.00000000E+00  0.00000000E+00  0.00000000E+00  0.00000000E+00  0.00000000E+00  0.00000000E+00  0.00000000E+00  0.00000000E+00  0.00000000E+00  0.00000000E+00  0.00000000E+00  0.00000000E+00  0.00000000E+00  0.00000000E+00  0.00000000E+00  0.00000000E+00
  2.69274933E-01  2.69778779E-01  2.68430281E-01  2.68847259E-01  2.67724469E-01  2.65890147E-01  2.64432643E-01  2.62421460E-01  2.61116110E-01  2.58793316E-01  2.55855320E-01  2.53443707E-01  2.50842661E-01  2.47390167E-01  2.43883371E-01  2.40490569E-01  2.36400015E-01  2.32221597E-01  2.28390299E-01  2.23885327E-01  2.19540844E-01  2.14703212E-01  2.10163204E-01  2.05044523E-01  2.00013538E-01  1.95293889E-01  1.90028666E-01  1.84369981E-01  1.78890320E-01  1.73502610E-01  1.68035447E-01  1.62538619E-01  1.56947996E-01  1.51358452E-01  1.45674316E-01  1.40032148E-01  1.34311993E-01  1.28584345E-01  1.23143210E-01  1.17521819E-01  1.12166760E-01  1.06722687E-01  1.01403915E-01  9.61542026E-02  9.10193725E-02  8.60476461E-02  8.11322783E-02  7.62512794E-02  7.15430673E-02  6.71542621E-02  6.27250538E-02  5.85316054E-02  5.43247911E-02  5.03267767E-02  4.65743485E-02  4.29840782E-02  3.95054985E-02  3.62636084E-02  3.32352430E-02  3.01892503E-02  2.74429129E-02  2.48476142E-02  2.24591580E-02  2.01538099E-02  1.80880452E-02  1.61072531E-02  1.42466334E-02  1.26115042E-02  1.10869782E-02  9.71248619E-03  8.46059920E-03  7.31131428E-03  6.28839666E-03  5.40833212E-03  4.62046830E-03  3.89985152E-03  3.28145600E-03  2.73896404E-03  2.26678149E-03  1.84047600E-03  1.51702205E-03  1.21585090E-03  9.70286127E-04  7.71826830E-04  6.03006478E-04  4.72486014E-04  3.58466993E-04  2.74650278E-04  2.00509760E-04  1.48337762E-04  1.08715976E-04  7.52026746E-05  5.19634385E-05  3.81308258E-05  2.46646622E-05  1.75082360E-05  1.12726409E-05  7.12269846E-06  3.87163641E-06  2.47629935E-06  1.80148571E-06  9.99958753E-07  3.29870748E-07  3.29999186E-07  5.87232593E-08  9.50948043E-08  1.32678726E-09  1.07033383E-08  2.04651912E-09  0.00000000E+00  0.00000000E+00  0.00000000E+00  0.00000000E+00  0.00000000E+00  0.00000000E+00  0.00000000E+00  0.00000000E+00  0.00000000E+00  0.00000000E+00  0.00000000E+00  0.00000000E+00  0.00000000E+00  0.00000000E+00  0.00000000E+00  0.00000000E+00  0.00000000E+00  0.00000000E+00  0.00000000E+00  0.00000000E+00  0.00000000E+00  0.00000000E+00  0.00000000E+00  0.00000000E+00  0.00000000E+00  0.00000000E+00  0.00000000E+00  0.00000000E+00  0.00000000E+00  0.00000000E+00  0.00000000E+00  0.00000000E+00  0.00000000E+00  0.00000000E+00  0.00000000E+00  0.00000000E+00  0.00000000E+00  0.00000000E+00  0.00000000E+00  0.00000000E+00  0.00000000E+00  0.00000000E+00  0.00000000E+00  0.00000000E+00  0.00000000E+00  0.00000000E+00  0.00000000E+00  0.00000000E+00  0.00000000E+00  0.00000000E+00  0.00000000E+00  0.00000000E+00  0.00000000E+00  0.00000000E+00  0.00000000E+00  0.00000000E+00  0.00000000E+00  0.00000000E+00  0.00000000E+00  0.00000000E+00  0.00000000E+00  0.00000000E+00  0.00000000E+00  0.00000000E+00  0.00000000E+00  0.00000000E+00  0.00000000E+00  0.00000000E+00  0.00000000E+00  0.00000000E+00  0.00000000E+00  0.00000000E+00  0.00000000E+00  0.00000000E+00  0.00000000E+00  0.00000000E+00  0.00000000E+00  0.00000000E+00  0.00000000E+00  0.00000000E+00  0.00000000E+00  0.00000000E+00  0.00000000E+00  0.00000000E+00  0.00000000E+00  0.00000000E+00  0.00000000E+00  0.00000000E+00  0.00000000E+00  0.00000000E+00  0.00000000E+00
  2.60874762E-01  2.61799246E-01  2.61152741E-01  2.60791762E-01  2.58771202E-01  2.58366607E-01  2.57051408E-01  2.54393577E-01  2.52776112E-01  2.50700507E-01  2.48543626E-01  2.45579021E-01  2.42945926E-01  2.39544595E-01  2.36305056E-01  2.32914778E-01  2.29167326E-01  2.25425809E-01  2.21536496E-01  2.17156329E-01  2.13090444E-01  2.08578938E-01  2.04134193E-01  1.99233821E-01  1.94359673E-01  1.89397282E-01  1.83853209E-01  1.78979130E-01  1.73670655E-01  1.68521137E-01  1.62867090E-01  1.57370083E-01  1.51746537E-01  1.46499887E-01  1.41042059E-01  1.35534890E-01  1.30149916E-01  1.24672579E-01  1.19212514E-01  1.13776777E-01  1.08462569E-01  1.03268738E-01  9.81480978E-02  9.30432806E-02  8.79451316E-02  8.31832631E-02  7.83434841E-02  7.35814330E-02  6.89806666E-02  6.45600455E-02  6.03556310E-02  5.62096026E-02  5.22162370E-02  4.84697906E-02  4.46825564E-02  4.13084160E-02  3.78586494E-02  3.47362665E-02  3.17316817E-02  2.89084776E-02  2.63056749E-02  2.37462224E-02  2.14601501E-02  1.92424295E-02  1.72588122E-02  1.53341244E-02  1.35609070E-02  1.20093286E-02  1.05510656E-02  9.19976222E-03  8.02457127E-03  6.94923767E-03  5.97945741E-03  5.11244451E-03  4.36577284E-03  3.68240075E-03  3.09476684E-03  2.58113358E-03  2.11712699E-03  1.74495934E-03  1.42661030E-03  1.14311251E-03  9.18358128E-04  7.19149275E-04  5.64374782E-04  4.36755637E-04  3.39510709E-04  2.55135260E-04  1.87637630E-04  1.37164801E-04  9.91274573E-05  6.98347108E-05  4.97364184E-05  3.28135642E-05  2.18913670E-05  1.56678114E-05  9.34397733E-06  5.61091332E-06  3.70707342E-06  2.84086677E-06  1.15693586E-06  6.29051220E-07  4.56107852E-07  3.08155268E-07  1.01413524E-07  3.63541505E-09  2.00913499E-08  0.00000000E+00  0.00000000E+00  0.00000000E+00  0.00000000E+00  0.00000000E+00  0.00000000E+00  0.00000000E+00  0.00000000E+00  0.00000000E+00  0.00000000E+00  0.00000000E+00  0.00000000E+00  0.00000000E+00  0.00000000E+00  0.00000000E+00  0.00000000E+00  0.00000000E+00  0.00000000E+00  0.00000000E+00  0.00000000E+00  0.00000000E+00  0.00000000E+00  0.00000000E+00  0.00000000E+00  0.00000000E+00  0.00000000E+00  0.00000000E+00  0.00000000E+00  0.00000000E+00  0.00000000E+00  0.00000000E+00  0.00000000E+00  0.00000000E+00  0.00000000E+00  0.00000000E+00  0.00000000E+00  0.00000000E+00  0.00000000E+00  0.00000000E+00  0.00000000E+00  0.00000000E+00  0.00000000E+00  0.00000000E+00  0.00000000E+00  0.00000000E+00  0.00000000E+00  0.00000000E+00  0.00000000E+00  0.00000000E+00  0.00000000E+00  0.00000000E+00  0.00000000E+00  0.00000000E+00  0.00000000E+00  0.00000000E+00  0.00000000E+00  0.00000000E+00  0.00000000E+00  0.00000000E+00  0.00000000E+00  0.00000000E+00  0.00000000E+00  0.00000000E+00  0.00000000E+00  0.00000000E+00  0.00000000E+00  0.00000000E+00  0.00000000E+00  0.00000000E+00  0.00000000E+00  0.00000000E+00  0.00000000E+00  0.00000000E+00  0.00000000E+00  0.00000000E+00  0.00000000E+00  0.00000000E+00  0.00000000E+00  0.00000000E+00  0.00000000E+00  0.00000000E+00  0.00000000E+00  0.00000000E+00  0.00000000E+00  0.00000000E+00  0.00000000E+00  0.00000000E+00  0.00000000E+00  0.00000000E+00  0.00000000E+00  0.00000000E+00  0.00000000E+00  0.00000000E+00
  2.68880214E-01  2.70932833E-01  2.69461647E-01  2.68114958E-01  2.67863883E-01  2.66120371E-01  2.65176051E-01  2.63240933E-01  2.61059702E-01  2.59093774E-01  2.56322628E-01  2.53867347E-01  2.50276214E-01  2.47774167E-01  2.44029560E-01  2.40461613E-01  2.36950044E-01  2.32971087E-01  2.28820689E-01  2.24202032E-01  2.19737817E-01  2.15383351E-01  2.10530373E-01  2.05434793E-01  2.00331236E-01  1.95278416E-01  1.89829795E-01  1.84839107E-01  1.79056569E-01  1.73626135E-01  1.68360760E-01  1.62546625E-01  1.57069089E-01  1.51207577E-01  1.45478545E-01  1.39774168E-01  1.34140771E-01  1.28607175E-01  1.23185467E-01  1.17669139E-01  1.12010365E-01  1.06627400E-01  1.01412517E-01  9.62355397E-02  9.10351735E-02  8.57831249E-02  8.11471687E-02  7.62365130E-02  7.14715102E-02  6.70177905E-02  6.26299336E-02  5.82880228E-02  5.42649498E-02  5.02513029E-02  4.64727016E-02  4.29213561E-02  3.93728528E-02  3.61739677E-02  3.30254443E-02  3.01481544E-02  2.73664179E-02  2.47479109E-02  2.23051802E-02  2.00026435E-02  1.80057171E-02  1.60424954E-02  1.42182657E-02  1.25962839E-02  1.10979978E-02  9.67761416E-03  8.45974995E-03  7.33644050E-03  6.31713278E-03  5.38740666E-03  4.58012125E-03  3.88551696E-03  3.24769874E-03  2.74077089E-03  2.26703015E-03  1.85011202E-03  1.50337498E-03  1.22704838E-03  9.75328253E-04  7.67043082E-04  6.00339282E-04  4.62809425E-04  3.55680142E-04  2.75832377E-04  2.04217164E-04  1.46167811E-04  1.07735667E-04  7.85396719E-05  5.11302428E-05  3.72944512E-05  2.40150750E-05  1.58874279E-05  1.08703827E-05  7.34091560E-06  4.38725346E-06  2.55542083E-06  1.44074668E-06  5.84701419E-07  2.63502723E-07  2.21364702E-07  1.48546666E-07  3.82675269E-09  2.86206965E-08  3.56777943E-09  0.00000000E+00  2.98643973E-08  0.00000000E+00  0.00000000E+00  0.00000000E+00  0.00000000E+00  0.00000000E+00  0.00000000E+00  0.00000000E+00  0.00000000E+00  0.00000000E+00  0.00000000E+00  0.00000000E+00  0.00000000E+00  0.00000000E+00  0.00000000E+00  0.00000000E+00  0.00000000E+00  0.00000000E+00  0.00000000E+00  0.00000000E+00  0.00000000E+00  0.00000000E+00  0.00000000E+00  0.00000000E+00  0.00000000E+00  0.00000000E+00  0.00000000E+00  0.00000000E+00  0.00000000E+00  0.00000000E+00  0.00000000E+00  0.00000000E+00  0.00000000E+00  0.00000000E+00  0.00000000E+00  0.00000000E+00  0.00000000E+00  0.00000000E+00  0.00000000E+00  0.00000000E+00  0.00000000E+00  0.00000000E+00  0.00000000E+00  0.00000000E+00  0.00000000E+00  0.00000000E+00  0.00000000E+00  0.00000000E+00  0.00000000E+00  0.00000000E+00  0.00000000E+00  0.00000000E+00  0.00000000E+00  0.00000000E+00  0.00000000E+00  0.00000000E+00  0.00000000E+00  0.00000000E+00  0.00000000E+00  0.00000000E+00  0.00000000E+00  0.00000000E+00  0.00000000E+00  0.00000000E+00  0.00000000E+00  0.00000000E+00  0.00000000E+00  0.00000000E+00  0.00000000E+00  0.00000000E+00  0.00000000E+00  0.00000000E+00  0.00000000E+00  0.00000000E+00  0.00000000E+00  0.00000000E+00  0.00000000E+00  0.00000000E+00  0.00000000E+00  0.00000000E+00  0.00000000E+00  0.00000000E+00  0.00000000E+00  0.00000000E+00  0.00000000E+00  0.00000000E+00  0.00000000E+00  0.00000000E+00  0.00000000E+00  0.00000000E+00  0.00000000E+00
  2.69467953E-01  2.68904020E-01  2.69176514E-01  2.68528745E-01  2.67606694E-01  2.66323576E-01  2.64395050E-01  2.63307173E-01  2.60208615E-01  2.58781002E-01  2.55845267E-01  2.53061327E-01  2.50219068E-01  2.47143599E-01  2.43880188E-01  2.40539176E-01  2.36517394E-01  2.32216388E-01  2.28429385E-01  2.23956037E-01  2.19219506E-01  2.14534237E-01  2.09793875E-01  2.05231827E-01  2.00224626E-01  1.95243645E-01  1.90140833E-01  1.84515984E-01  1.79332276E-01  1.73711780E-01  1.68065263E-01  1.62721465E-01  1.56908256E-01  1.51114569E-01  1.45657393E-01  1.39885825E-01  1.34281349E-01  1.28678329E-01  1.23248327E-01  1.17786284E-01  1.12212616E-01  1.06956026E-01  1.01577452E-01  9.62929982E-02  9.10631846E-02  8.58863195E-02  8.12107324E-02  7.63500236E-02  7.17373843E-02  6.70714896E-02  6.25335363E-02  5.85203948E-02  5.42711945E-02  5.03586149E-02  4.65864661E-02  4.28705580E-02  3.95136594E-02  3.62006804E-02  3.30733765E-02  3.00848290E-02  2.73481856E-02  2.48090072E-02  2.24332468E-02  2.00893183E-02  1.80284820E-02  1.60792477E-02  1.42709057E-02  1.26050850E-02  1.10878375E-02  9.71363811E-03  8.46253420E-03  7.38485105E-03  6.32778270E-03  5.42770255E-03  4.63238786E-03  3.89627630E-03  3.27798847E-03  2.74225997E-03  2.26281833E-03  1.86964380E-03  1.50583644E-03  1.22067501E-03  9.69176502E-04  7.68261018E-04  6.05598423E-04  4.64750362E-04  3.53707036E-04  2.63812754E-04  2.01466149E-04  1.45248722E-04  9.78495978E-05  7.17741227E-05  5.40981480E-05  3.53315399E-05  2.56212066E-05  1.57944238E-05  9.27160015E-06  7.63138869E-06  5.03751295E-06  2.75099289E-06  1.62332563E-06  9.98566606E-07  5.66392998E-07  1.47446445E-07  1.67477190E-07  7.51956903E-08  0.00000000E+00  0.00000000E+00  0.00000000E+00  0.00000000E+00  0.00000000E+00  0.00000000E+00  0.00000000E+00  0.00000000E+00  0.00000000E+00  0.00000000E+00  0.00000000E+00  0.00000000E+00  0.00000000E+00  0.00000000E+00  0.00000000E+00  0.00000000E+00  0.00000000E+00  0.00000000E+00  0.00000000E+00  0.00000000E+00  0.00000000E+00  0.00000000E+00  0.00000000E+00  0.00000000E+00  0.00000000E+00  0.00000000E+00  0.00000000E+00  0.00000000E+00  0.00000000E+00  0.00000000E+00  0.00000000E+00  0.00000000E+00  0.00000000E+00  0.00000000E+00  0.00000000E+00  0.00000000E+00  0.00000000E+00  0.00000000E+00  0.00000000E+00  0.00000000E+00  0.00000000E+00  0.00000000E+00  0.00000000E+00  0.00000000E+00  0.00000000E+00  0.00000000E+00  0.00000000E+00  0.00000000E+00  0.00000000E+00  0.00000000E+00  0.00000000E+00  0.00000000E+00  0.00000000E+00  0.00000000E+00  0.00000000E+00  0.00000000E+00  0.00000000E+00  0.00000000E+00  0.00000000E+00  0.00000000E+00  0.00000000E+00  0.00000000E+00  0.00000000E+00  0.00000000E+00  0.00000000E+00  0.00000000E+00  0.00000000E+00  0.00000000E+00  0.00000000E+00  0.00000000E+00  0.00000000E+00  0.00000000E+00  0.00000000E+00  0.00000000E+00  0.00000000E+00  0.00000000E+00  0.00000000E+00  0.00000000E+00  0.00000000E+00  0.00000000E+00  0.00000000E+00  0.00000000E+00  0.00000000E+00  0.00000000E+00  0.00000000E+00  0.00000000E+00  0.00000000E+00  0.00000000E+00  0.00000000E+00  0.00000000E+00  0.00000000E+00  0.00000000E+00  0.00000000E+00  0.00000000E+00
  2.60467769E-01  2.62891840E-01  2.61723499E-01  2.61592874E-01  2.60459753E-01  2.58625595E-01  2.57507509E-01  2.55679369E-01  2.53575121E-01  2.51448649E-01  2.48831663E-01  2.45640155E-01  2.43700207E-01  2.39862528E-01  2.36963518E-01  2.33758499E-01  2.29475531E-01  2.25320218E-01  2.21996437E-01  2.17970267E-01  2.13483730E-01  2.08692222E-01  2.04236499E-01  1.99405308E-01  1.94601221E-01  1.89453276E-01  1.84066389E-01  1.79137958E-01  1.73689502E-01  1.68318484E-01  1.63057946E-01  1.57512755E-01  1.51803732E-01  1.46479803E-01  1.40978936E-01  1.35444736E-01  1.30076943E-01  1.24575596E-01  1.19130632E-01  1.13691052E-01  1.08333636E-01  1.03055833E-01  9.78615779E-02  9.29154992E-02  8.78046761E-02  8.29261696E-02  7.81897536E-02  7.35270184E-02  6.89267884E-02  6.44721792E-02  6.02647899E-02  5.60930887E-02  5.20762238E-02  4.83961531E-02  4.46177423E-02  4.12628641E-02  3.79344974E-02  3.46946638E-02  3.17045933E-02  2.89171844E-02  2.62189560E-02  2.37876003E-02  2.13406386E-02  1.92210166E-02  1.71495743E-02  1.52627651E-02  1.35257376E-02  1.19377977E-02  1.05646678E-02  9.22952528E-03  8.01741393E-03  6.92685254E-03  5.99385916E-03  5.14518146E-03  4.34913568E-03  3.66858381E-03  3.08109727E-03  2.55874027E-03  2.12153734E-03  1.73060638E-03  1.40345795E-03  1.14190728E-03  9.10195350E-04  7.19273293E-04  5.60714047E-04  4.21624782E-04  3.28790362E-04  2.52061663E-04  1.84661033E-04  1.35135814E-04  9.90728098E-05  7.13609139E-05  4.99494093E-05  3.33697080E-05  2.37153805E-05  1.54095136E-05  9.59248625E-06  6.06453168E-06  4.33991342E-06  2.07257694E-06  1.23647520E-06  8.52192374E-07  3.78120499E-07  3.13616248E-07  6.37456433E-09  4.78344085E-08  1.68691523E-08  0.00000000E+00  0.00000000E+00  0.00000000E+00  0.00000000E+00  0.00000000E+00  0.00000000E+00  0.00000000E+00  0.00000000E+00  0.00000000E+00  0.00000000E+00  0.00000000E+00  0.00000000E+00  0.00000000E+00  0.00000000E+00  0.00000000E+00  0.00000000E+00  0.00000000E+00  0.00000000E+00  0.00000000E+00  0.00000000E+00  0.00000000E+00  0.00000000E+00  0.00000000E+00  0.00000000E+00  0.00000000E+00  0.00000000E+00  0.00000000E+00  0.00000000E+00  0.00000000E+00  0.00000000E+00  0.00000000E+00  0.00000000E+00  0.00000000E+00  0.00000000E+00  0.00000000E+00  0.00000000E+00  0.00000000E+00  0.00000000E+00  0.00000000E+00  0.00000000E+00  0.00000000E+00  0.00000000E+00  0.00000000E+00  0.00000000E+00  0.00000000E+00  0.00000000E+00  0.00000000E+00  0.00000000E+00  0.00000000E+00  0.00000000E+00  0.00000000E+00  0.00000000E+00  0.00000000E+00  0.00000000E+00  0.00000000E+00  0.00000000E+00  0.00000000E+00  0.00000000E+00  0.00000000E+00  0.00000000E+00  0.00000000E+00  0.00000000E+00  0.00000000E+00  0.00000000E+00  0.00000000E+00  0.00000000E+00  0.00000000E+00  0.00000000E+00  0.00000000E+00  0.00000000E+00  0.00000000E+00  0.00000000E+00  0.00000000E+00  0.00000000E+00  0.00000000E+00  0.00000000E+00  0.00000000E+00  0.00000000E+00  0.00000000E+00  0.00000000E+00  0.00000000E+00  0.00000000E+00  0.00000000E+00  0.00000000E+00  0.00000000E+00  0.00000000E+00  0.00000000E+00  0.00000000E+00  0.00000000E+00  0.00000000E+00  0.00000000E+00  0.00000000E+00  0.00000000E+00
  2.63181753E-01  2.62522380E-01  2.61121420E-01  2.60093957E-01  2.59907905E-01  2.57757206E-01  2.56790622E-01  2.55143618E-01  2.53313718E-01  2.51276587E-01  2.48267786E-01  2.45919508E-01  2.43255744E-01  2.39868732E-01  2.36687052E-01  2.33120072E-01  2.29435456E-01  2.25691482E-01  2.21701772E-01  2.17296250E-01  2.13205917E-01  2.08412978E-01  2.04333011E-01  1.98939941E-01  1.94403379E-01  1.89391812E-01  1.84168650E-01  1.79207214E-01  1.73609663E-01  1.68493684E-01  1.63235689E-01  1.57719863E-01  1.52005545E-01  1.46722283E-01  1.41182077E-01  1.35572135E-01  1.30256997E-01  1.24627372E-01  1.19018177E-01  1.13754077E-01  1.08434956E-01  1.02939153E-01  9.78799140E-02  9.28895965E-02  8.77420370E-02  8.28654031E-02  7.82696442E-02  7.34632107E-02  6.88899864E-02  6.44862928E-02  6.01954899E-02  5.61121558E-02  5.20894009E-02  4.82810628E-02  4.46698125E-02  4.12249782E-02  3.78938097E-02  3.47906858E-02  3.16933246E-02  2.88502493E-02  2.62356708E-02  2.37359097E-02  2.14416493E-02  1.92537982E-02  1.72263266E-02  1.53669141E-02  1.36029491E-02  1.20162897E-02  1.05833218E-02  9.21704096E-03  8.07729827E-03  6.95511169E-03  5.98020082E-03  5.15144987E-03  4.36851652E-03  3.68263442E-03  3.10306479E-03  2.58571518E-03  2.13970356E-03  1.75012623E-03  1.42507591E-03  1.14822442E-03  9.25244409E-04  7.33703589E-04  5.67594289E-04  4.41112061E-04  3.31941031E-04  2.49276901E-04  1.86829957E-04  1.32737613E-04  1.00153938E-04  7.01857066E-05  4.70965103E-05  3.45243109E-05  2.34440962E-05  1.68445248E-05  1.09444334E-05  6.15210838E-06  3.52160703E-06  2.15940769E-06  1.07538795E-06  1.26486429E-06  5.50637977E-07  2.36187361E-07  2.33927194E-07  4.01809032E-09  2.55880400E-08  3.75555728E-09  0.00000000E+00  2.21217757E-09  0.00000000E+00  0.00000000E+00  0.00000000E+00  0.00000000E+00  0.00000000E+00  0.00000000E+00  0.00000000E+00  0.00000000E+00  0.00000000E+00  0.00000000E+00  0.00000000E+00  0.00000000E+00  0.00000000E+00  0.00000000E+00  0.00000000E+00  0.00000000E+00  0.00000000E+00  0.00000000E+00  0.00000000E+00  0.00000000E+00  0.00000000E+00  0.00000000E+00  0.00000000E+00  0.00000000E+00  0.00000000E+00  0.00000000E+00  0.00000000E+00  0.00000000E+00  0.00000000E+00  0.00000000E+00  0.00000000E+00  0.00000000E+00  0.00000000E+00  0.00000000E+00  0.00000000E+00  0.00000000E+00  0.00000000E+00  0.00000000E+00  0.00000000E+00  0.00000000E+00  0.00000000E+00  0.00000000E+00  0.00000000E+00  0.00000000E+00  0.00000000E+00  0.00000000E+00  0.00000000E+00  0.00000000E+00  0.00000000E+00  0.00000000E+00  0.00000000E+00  0.00000000E+00  0.00000000E+00  0.00000000E+00  0.00000000E+00  0.00000000E+00  0.00000000E+00  0.00000000E+00  0.00000000E+00  0.00000000E+00  0.00000000E+00  0.00000000E+00  0.00000000E+00  0.00000000E+00  0.00000000E+00  0.00000000E+00  0.00000000E+00  0.00000000E+00  0.00000000E+00  0.00000000E+00  0.00000000E+00  0.00000000E+00  0.00000000E+00  0.00000000E+00  0.00000000E+00  0.00000000E+00  0.00000000E+00  0.00000000E+00  0.00000000E+00  0.00000000E+00  0.00000000E+00  0.00000000E+00  0.00000000E+00  0.00000000E+00  0.00000000E+00  0.00000000E+00  0.00000000E+00  0.00000000E+00  0.00000000E+00  0.00000000E+00
  2.54733498E-01  2.54644450E-01  2.52608651E-01  2.52483628E-01  2.51361317E-01  2.50019811E-01  2.48097979E-01  2.46887296E-01  2.45589290E-01  2.42889130E-01  2.40521691E-01  2.38090451E-01  2.35588636E-01  2.32416737E-01  2.29416671E-01  2.26035520E-01  2.22227304E-01  2.18554500E-01  2.14452919E-01  2.10493488E-01  2.05904218E-01  2.01854894E-01  1.97143545E-01  1.92532184E-01  1.87814775E-01  1.82908944E-01  1.78198079E-01  1.72960479E-01  1.67782143E-01  1.62827725E-01  1.57521411E-01  1.52427847E-01  1.46821276E-01  1.41727903E-01  1.36497067E-01  1.31206849E-01  1.25663139E-01  1.20351718E-01  1.15074801E-01  1.09843075E-01  1.04697323E-01  9.95562556E-02  9.46475837E-02  8.96813245E-02  8.47643769E-02  7.99535375E-02  7.55243453E-02  7.08637769E-02  6.65966929E-02  6.21940821E-02  5.81749836E-02  5.41655988E-02  5.02425531E-02  4.65366752E-02  4.30094960E-02  3.96374297E-02  3.64968122E-02  3.33983852E-02  3.04072993E-02  2.77771907E-02  2.50734437E-02  2.27017154E-02  2.04904225E-02  1.84537720E-02  1.64556596E-02  1.46576077E-02  1.30107466E-02  1.14391736E-02  1.00706462E-02  8.83060658E-03  7.66111602E-03  6.66234914E-03  5.70003306E-03  4.88441084E-03  4.16644722E-03  3.49317739E-03  2.94505470E-03  2.44404872E-03  2.03432636E-03  1.66070476E-03  1.34790575E-03  1.08893271E-03  8.69017622E-04  6.96434692E-04  5.41000927E-04  4.07189227E-04  3.09417521E-04  2.41964912E-04  1.77510812E-04  1.29657369E-04  9.03541902E-05  6.77730792E-05  4.66718380E-05  3.05544459E-05  2.31185549E-05  1.44304339E-05  1.08530206E-05  6.01463573E-06  3.62366478E-06  2.97943079E-06  1.32665995E-06  1.06021880E-06  6.63483313E-07  3.58084223E-07  1.65931841E-07  3.52061247E-08  5.17447030E-08  0.00000000E+00  0.00000000E+00  0.00000000E+00  0.00000000E+00  0.00000000E+00  0.00000000E+00  0.00000000E+00  0.00000000E+00  0.00000000E+00  0.00000000E+00  0.00000000E+00  0.00000000E+00  0.00000000E+00  0.00000000E+00  0.00000000E+00  0.00000000E+00  0.00000000E+00  0.00000000E+00  0.00000000E+00  0.00000000E+00  0.00000000E+00  0.00000000E+00  0.00000000E+00  0.00000000E+00  0.00000000E+00  0.00000000E+00  0.00000000E+00  0.00000000E+00  0.00000000E+00  0.00000000E+00  0.00000000E+00  0.00000000E+00  0.00000000E+00  0.00000000E+00  0.00000000E+00  0.00000000E+00  0.00000000E+00  0.00000000E+00  0.00000000E+00  0.00000000E+00  0.00000000E+00  0.00000000E+00  0.00000000E+00  0.00000000E+00  0.00000000E+00  0.00000000E+00  0.00000000E+00  0.00000000E+00  0.00000000E+00  0.00000000E+00  0.00000000E+00  0.00000000E+00  0.00000000E+00  0.00000000E+00  0.00000000E+00  0.00000000E+00  0.00000000E+00  0.00000000E+00  0.00000000E+00  0.00000000E+00  0.00000000E+00  0.00000000E+00  0.00000000E+00  0.00000000E+00  0.00000000E+00  0.00000000E+00  0.00000000E+00  0.00000000E+00  0.00000000E+00  0.00000000E+00  0.00000000E+00  0.00000000E+00  0.00000000E+00  0.00000000E+00  0.00000000E+00  0.00000000E+00  0.00000000E+00  0.00000000E+00  0.00000000E+00  0.00000000E+00  0.00000000E+00  0.00000000E+00  0.00000000E+00  0.00000000E+00  0.00000000E+00  0.00000000E+00  0.00000000E+00  0.00000000E+00  0.00000000E+00  0.00000000E+00  0.00000000E+00  0.00000000E+00  0.00000000E+00
  2.63874177E-01  2.64049352E-01  2.61792754E-01  2.61149137E-01  2.60107613E-01  2.58060563E-01  2.56857479E-01  2.54770643E-01  2.53868452E-01  2.51326733E-01  2.49009476E-01  2.46311477E-01  2.43266430E-01  2.40314981E-01  2.36960019E-01  2.33030613E-01  2.29749574E-01  2.25825067E-01  2.21919940E-01  2.17901613E-01  2.13579747E-01  2.08737756E-01  2.04451754E-01  1.99604440E-01  1.94594002E-01  1.89439979E-01  1.84332734E-01  1.79384613E-01  1.73728875E-01  1.68419558E-01  1.63156341E-01  1.57487711E-01  1.52066369E-01  1.46488208E-01  1.41187303E-01  1.35563476E-01  1.29912999E-01  1.24531566E-01  1.19242402E-01  1.13807277E-01  1.08410162E-01  1.03212518E-01  9.78635543E-02  9.29233662E-02  8.77874308E-02  8.29566999E-02  7.81386059E-02  7.34378174E-02  6.90554564E-02  6.45319330E-02  6.00923596E-02  5.61007128E-02  5.21353253E-02  4.83194893E-02  4.46489449E-02  4.11061143E-02  3.78185154E-02  3.46294216E-02  3.16932763E-02  2.89293710E-02  2.61907565E-02  2.36246110E-02  2.13274294E-02  1.92102223E-02  1.71260335E-02  1.52402109E-02  1.35409194E-02  1.19524423E-02  1.05199018E-02  9.12697601E-03  7.99803210E-03  6.90716669E-03  5.94063519E-03  5.09877288E-03  4.33584427E-03  3.63730041E-03  3.07009887E-03  2.56117667E-03  2.11753406E-03  1.73373307E-03  1.41430078E-03  1.12505348E-03  9.06984901E-04  7.15869454E-04  5.59661263E-04  4.35391480E-04  3.34832663E-04  2.48394941E-04  1.87044592E-04  1.38493025E-04  1.02289206E-04  7.16507998E-05  5.01078430E-05  3.27259111E-05  2.29908163E-05  1.54661616E-05  9.75648540E-06  6.78419275E-06  4.07370255E-06  2.17076873E-06  1.68478784E-06  6.79168485E-07  4.90965836E-07  2.31311486E-07  1.41013090E-07  3.34840860E-08  5.11760799E-09  0.00000000E+00  0.00000000E+00  0.00000000E+00  0.00000000E+00  0.00000000E+00  0.00000000E+00  0.00000000E+00  0.00000000E+00  0.00000000E+00  0.00000000E+00  0.00000000E+00  0.00000000E+00  0.00000000E+00  0.00000000E+00  0.00000000E+00  0.00000000E+00  0.00000000E+00  0.00000000E+00  0.00000000E+00  0.00000000E+00  0.00000000E+00  0.00000000E+00  0.00000000E+00  0.00000000E+00  0.00000000E+00  0.00000000E+00  0.00000000E+00  0.00000000E+00  0.00000000E+00  0.00000000E+00  0.00000000E+00  0.00000000E+00  0.00000000E+00  0.00000000E+00  0.00000000E+00  0.00000000E+00  0.00000000E+00  0.00000000E+00  0.00000000E+00  0.00000000E+00  0.00000000E+00  0.00000000E+00  0.00000000E+00  0.00000000E+00  0.00000000E+00  0.00000000E+00  0.00000000E+00  0.00000000E+00  0.00000000E+00  0.00000000E+00  0.00000000E+00  0.00000000E+00  0.00000000E+00  0.00000000E+00  0.00000000E+00  0.00000000E+00  0.00000000E+00  0.00000000E+00  0.00000000E+00  0.00000000E+00  0.00000000E+00  0.00000000E+00  0.00000000E+00  0.00000000E+00  0.00000000E+00  0.00000000E+00  0.00000000E+00  0.00000000E+00  0.00000000E+00  0.00000000E+00  0.00000000E+00  0.00000000E+00  0.00000000E+00  0.00000000E+00  0.00000000E+00  0.00000000E+00  0.00000000E+00  0.00000000E+00  0.00000000E+00  0.00000000E+00  0.00000000E+00  0.00000000E+00  0.00000000E+00  0.00000000E+00  0.00000000E+00  0.00000000E+00  0.00000000E+00  0.00000000E+00  0.00000000E+00  0.00000000E+00  0.00000000E+00  0.00000000E+00  0.00000000E+00
  2.62010352E-01  2.61546906E-01  2.62176532E-01  2.61869534E-01  2.60545248E-01  2.59054447E-01  2.57654284E-01  2.55985417E-01  2.54215358E-01  2.52169674E-01  2.49182723E-01  2.46762306E-01  2.44107234E-01  2.40824905E-01  2.37410899E-01  2.34143052E-01  2.30196538E-01  2.26499120E-01  2.22205822E-01  2.18059162E-01  2.13674500E-01  2.08805410E-01  2.04344870E-01  1.99371419E-01  1.94596158E-01  1.89737830E-01  1.84562979E-01  1.79418176E-01  1.74150694E-01  1.68639914E-01  1.63335785E-01  1.57936997E-01  1.52140640E-01  1.46892843E-01  1.41536652E-01  1.35790805E-01  1.30204624E-01  1.24573863E-01  1.19410255E-01  1.13912924E-01  1.08733830E-01  1.03279292E-01  9.81036095E-02  9.29187387E-02  8.80074509E-02  8.30977800E-02  7.82078065E-02  7.35448749E-02  6.91398660E-02  6.45817996E-02  6.02241826E-02  5.62793352E-02  5.23529001E-02  4.84491192E-02  4.47629942E-02  4.13094446E-02  3.79134795E-02  3.48039388E-02  3.18105880E-02  2.89192916E-02  2.62004979E-02  2.37400359E-02  2.13683847E-02  1.91433000E-02  1.71453655E-02  1.52830079E-02  1.35510792E-02  1.19975991E-02  1.05192982E-02  9.22816801E-03  8.01153733E-03  6.94266716E-03  5.95576670E-03  5.10121307E-03  4.34025948E-03  3.66934126E-03  3.08722884E-03  2.57803065E-03  2.10813478E-03  1.74321750E-03  1.41837487E-03  1.14585831E-03  9.21239727E-04  7.23208982E-04  5.65487766E-04  4.37465574E-04  3.31958300E-04  2.54181090E-04  1.92382395E-04  1.38654965E-04  1.01397225E-04  7.23622778E-05  4.93558282E-05  3.37503297E-05  2.41201710E-05  1.63699925E-05  1.01133509E-05  5.91629309E-06  4.53583150E-06  2.66903115E-06  1.28387743E-06  6.56695267E-07  4.21249869E-07  2.74414217E-07  4.69399738E-08  1.41589849E-08  0.00000000E+00  0.00000000E+00  0.00000000E+00  0.00000000E+00  0.00000000E+00  0.00000000E+00  0.00000000E+00  0.00000000E+00  0.00000000E+00  0.00000000E+00  0.00000000E+00  0.00000000E+00  0.00000000E+00  0.00000000E+00  0.00000000E+00  0.00000000E+00  0.00000000E+00  0.00000000E+00  0.00000000E+00  0.00000000E+00  0.00000000E+00  0.00000000E+00  0.00000000E+00  0.00000000E+00  0.00000000E+00  0.00000000E+00  0.00000000E+00  0.00000000E+00  0.00000000E+00  0.00000000E+00  0.00000000E+00  0.00000000E+00  0.00000000E+00  0.00000000E+00  0.00000000E+00  0.00000000E+00  0.00000000E+00  0.00000000E+00  0.00000000E+00  0.00000000E+00  0.00000000E+00  0.00000000E+00  0.00000000E+00  0.00000000E+00  0.00000000E+00  0.00000000E+00  0.00000000E+00  0.00000000E+00  0.00000000E+00  0.00000000E+00  0.00000000E+00  0.00000000E+00  0.00000000E+00  0.00000000E+00  0.00000000E+00  0.00000000E+00  0.00000000E+00  0.00000000E+00  0.00000000E+00  0.00000000E+00  0.00000000E+00  0.00000000E+00  0.00000000E+00  0.00000000E+00  0.00000000E+00  0.00000000E+00  0.00000000E+00  0.00000000E+00  0.00000000E+00  0.00000000E+00  0.00000000E+00  0.00000000E+00  0.00000000E+00  0.00000000E+00  0.00000000E+00  0.00000000E+00  0.00000000E+00  0.00000000E+00  0.00000000E+00  0.00000000E+00  0.00000000E+00  0.00000000E+00  0.00000000E+00  0.00000000E+00  0.00000000E+00  0.00000000E+00  0.00000000E+00  0.00000000E+00  0.00000000E+00  0.00000000E+00  0.00000000E+00  0.00000000E+00  0.00000000E+00  0.00000000E+00
  2.70895838E-01  2.70256086E-01  2.70405154E-01  2.68604541E-01  2.67445622E-01  2.65842830E-01  2.64491515E-01  2.62966480E-01  2.61668950E-01  2.58546782E-01  2.55693000E-01  2.53529017E-01  2.50292414E-01  2.47157973E-01  2.43636276E-01  2.40907549E-01  2.36505174E-01  2.32537608E-01  2.28595844E-01  2.24306061E-01  2.19448578E-01  2.15034596E-01  2.10502782E-01  2.05826469E-01  2.00299879E-01  1.95038447E-01  1.89926000E-01  1.84537520E-01  1.79203801E-01  1.73900690E-01  1.67992144E-01  1.62684440E-01  1.56947280E-01  1.51335779E-01  1.45825161E-01  1.40127361E-01  1.34447837E-01  1.28806762E-01  1.23142599E-01  1.17601525E-01  1.12067473E-01  1.06633642E-01  1.01456793E-01  9.61417466E-02  9.10515918E-02  8.59705666E-02  8.11204479E-02  7.62537438E-02  7.14665665E-02  6.69306672E-02  6.25995358E-02  5.83106226E-02  5.43341709E-02  5.02063984E-02  4.65470880E-02  4.29353689E-02  3.94619318E-02  3.61549095E-02  3.30907079E-02  3.01595461E-02  2.73892225E-02  2.48552626E-02  2.23467035E-02  2.00977589E-02  1.79633021E-02  1.60294675E-02  1.42491459E-02  1.26241895E-02  1.10631164E-02  9.68382393E-03  8.44706448E-03  7.33604440E-03  6.29996678E-03  5.40571287E-03  4.59000324E-03  3.89141639E-03  3.25942225E-03  2.72460428E-03  2.27467568E-03  1.86070630E-03  1.50396953E-03  1.21440270E-03  9.69882894E-04  7.80377042E-04  5.89748616E-04  4.61868823E-04  3.52909626E-04  2.70321220E-04  2.00588452E-04  1.47184785E-04  1.05880774E-04  7.71469399E-05  5.56139620E-05  3.77685551E-05  2.72619430E-05  1.74458810E-05  1.13339314E-05  6.72311679E-06  4.08476905E-06  3.12448683E-06  1.51285432E-06  7.93921110E-07  7.43440044E-07  3.63350167E-07  1.14548989E-07  2.04731269E-08  5.68623111E-08  8.93822633E-08  2.82791734E-08  0.00000000E+00  0.00000000E+00  0.00000000E+00  0.00000000E+00  0.00000000E+00  0.00000000E+00  0.00000000E+00  0.00000000E+00  0.00000000E+00  0.00000000E+00  0.00000000E+00  0.00000000E+00  0.00000000E+00  0.00000000E+00  0.00000000E+00  0.00000000E+00  0.00000000E+00  0.00000000E+00  0.00000000E+00  0.00000000E+00  0.00000000E+00  0.00000000E+00  0.00000000E+00  0.00000000E+00  0.00000000E+00  0.00000000E+00  0.00000000E+00  0.00000000E+00  0.00000000E+00  0.00000000E+00  0.00000000E+00  0.00000000E+00  0.00000000E+00  0.00000000E+00  0.00000000E+00  0.00000000E+00  0.00000000E+00  0.00000000E+00  0.00000000E+00  0.00000000E+00  0.00000000E+00  0.00000000E+00  0.00000000E+00  0.00000000E+00  0.00000000E+00  0.00000000E+00  0.00000000E+00  0.00000000E+00  0.00000000E+00  0.00000000E+00  0.00000000E+00  0.00000000E+00  0.00000000E+00  0.00000000E+00  0.00000000E+00  0.00000000E+00  0.00000000E+00  0.00000000E+00  0.00000000E+00  0.00000000E+00  0.00000000E+00  0.00000000E+00  0.00000000E+00  0.00000000E+00  0.00000000E+00  0.00000000E+00  0.00000000E+00  0.00000000E+00  0.00000000E+00  0.00000000E+00  0.00000000E+00  0.00000000E+00  0.00000000E+00  0.00000000E+00  0.00000000E+00  0.00000000E+00  0.00000000E+00  0.00000000E+00  0.00000000E+00  0.00000000E+00  0.00000000E+00  0.00000000E+00  0.00000000E+00  0.00000000E+00  0.00000000E+00  0.00000000E+00  0.00000000E+00  0.00000000E+00  0.00000000E+00  0.00000000E+00  0.00000000E+00
  2.68574192E-01  2.66645583E-01  2.66170082E-01  2.64607723E-01  2.63968271E-01  2.62711218E-01  2.61221255E-01  2.58883038E-01  2.57283138E-01  2.54427213E-01  2.51949223E-01  2.49572276E-01  2.46934259E-01  2.43788379E-01  2.40463735E-01  2.37168226E-01  2.33044241E-01  2.29327062E-01  2.24969629E-01  2.20953054E-01  2.16596514E-01  2.11997938E-01  2.07430520E-01  2.02310979E-01  1.97544901E-01  1.92315417E-01  1.87252964E-01  1.82025180E-01  1.76681115E-01  1.71575333E-01  1.65715749E-01  1.60169471E-01  1.54879017E-01  1.49033029E-01  1.43537164E-01  1.38028656E-01  1.32463444E-01  1.26770087E-01  1.21486947E-01  1.15897549E-01  1.10491496E-01  1.05049509E-01  9.97161471E-02  9.46265871E-02  8.97014874E-02  8.46328040E-02  7.97088177E-02  7.49508301E-02  7.03142346E-02  6.58795123E-02  6.15629445E-02  5.73395816E-02  5.32257595E-02  4.94077426E-02  4.57453249E-02  4.22194170E-02  3.86600605E-02  3.54652856E-02  3.25320110E-02  2.96394611E-02  2.68041090E-02  2.42698412E-02  2.19236263E-02  1.96530043E-02  1.76425046E-02  1.57213614E-02  1.38707099E-02  1.22693979E-02  1.08051358E-02  9.48252794E-03  8.23347786E-03  7.14357835E-03  6.16074659E-03  5.23262801E-03  4.45022750E-03  3.79671862E-03  3.18033514E-03  2.63764013E-03  2.18645822E-03  1.79404259E-03  1.45444458E-03  1.17995899E-03  9.42533026E-04  7.45796646E-04  5.77305605E-04  4.50589386E-04  3.42812598E-04  2.65121737E-04  1.90879042E-04  1.43963577E-04  1.05134891E-04  7.22958732E-05  5.26399463E-05  3.46557906E-05  2.33932570E-05  1.58593153E-05  1.04595481E-05  6.67032233E-06  4.72068308E-06  2.38317946E-06  1.39756245E-06  8.49209203E-07  5.09477985E-07  3.83048700E-07  1.42751607E-07  1.38911122E-07  1.78168575E-08  2.00922315E-08  4.27908543E-09  0.00000000E+00  0.00000000E+00  0.00000000E+00  0.00000000E+00  0.00000000E+00  0.00000000E+00  0.00000000E+00  0.00000000E+00  0.00000000E+00  0.00000000E+00  0.00000000E+00  0.00000000E+00  0.00000000E+00  0.00000000E+00  0.00000000E+00  0.00000000E+00  0.00000000E+00  0.00000000E+00  0.00000000E+00  0.00000000E+00  0.00000000E+00  0.00000000E+00  0.00000000E+00  0.00000000E+00  0.00000000E+00  0.00000000E+00  0.00000000E+00  0.00000000E+00  0.00000000E+00  0.00000000E+00  0.00000000E+00  0.00000000E+00  0.00000000E+00  0.00000000E+00  0.00000000E+00  0.00000000E+00  0.00000000E+00  0.00000000E+00  0.00000000E+00  0.00000000E+00  0.00000000E+00  0.00000000E+00  0.00000000E+00  0.00000000E+00  0.00000000E+00  0.00000000E+00  0.00000000E+00  0.00000000E+00  0.00000000E+00  0.00000000E+00  0.00000000E+00  0.00000000E+00  0.00000000E+00  0.00000000E+00  0.00000000E+00  0.00000000E+00  0.00000000E+00  0.00000000E+00  0.00000000E+00  0.00000000E+00  0.00000000E+00  0.00000000E+00  0.00000000E+00  0.00000000E+00  0.00000000E+00  0.00000000E+00  0.00000000E+00  0.00000000E+00  0.00000000E+00  0.00000000E+00  0.00000000E+00  0.00000000E+00  0.00000000E+00  0.00000000E+00  0.00000000E+00  0.00000000E+00  0.00000000E+00  0.00000000E+00  0.00000000E+00  0.00000000E+00  0.00000000E+00  0.00000000E+00  0.00000000E+00  0.00000000E+00  0.00000000E+00  0.00000000E+00  0.00000000E+00  0.00000000E+00  0.00000000E+00  0.00000000E+00  0.00000000E+00
  2.61082719E-01  2.61697871E-01  2.61917246E-01  2.61083331E-01  2.60095744E-01  2.58725259E-01  2.57473590E-01  2.55352165E-01  2.54002248E-01  2.51489631E-01  2.48156958E-01  2.46238901E-01  2.42938338E-01  2.40085878E-01  2.37240400E-01  2.33007273E-01  2.29448400E-01  2.25719970E-01  2.21496303E-01  2.17379663E-01  2.13388544E-01  2.08931675E-01  2.04291369E-01  1.99120660E-01  1.94119974E-01  1.89354574E-01  1.84257931E-01  1.78838789E-01  1.73862003E-01  1.68187695E-01  1.63013859E-01  1.57613148E-01  1.52234540E-01  1.46494008E-01  1.41089881E-01  1.35593026E-01  1.30150146E-01  1.24701441E-01  1.19137392E-01  1.13650262E-01  1.08346618E-01  1.03184066E-01  9.79070850E-02  9.29049050E-02  8.77692284E-02  8.30797642E-02  7.80698906E-02  7.35258600E-02  6.88309451E-02  6.45526488E-02  6.01888813E-02  5.61263942E-02  5.20501933E-02  4.83352276E-02  4.46923176E-02  4.12803725E-02  3.78453483E-02  3.47590189E-02  3.16466070E-02  2.89093339E-02  2.62118048E-02  2.36894731E-02  2.13802845E-02  1.92183345E-02  1.71127125E-02  1.52908056E-02  1.35523563E-02  1.20132573E-02  1.05553011E-02  9.24562334E-03  8.03789210E-03  6.96470081E-03  6.01374597E-03  5.13921268E-03  4.35233511E-03  3.67390359E-03  3.10426962E-03  2.57495637E-03  2.12954364E-03  1.74053592E-03  1.43315186E-03  1.13976632E-03  9.12940662E-04  7.28761978E-04  5.62577142E-04  4.35494417E-04  3.33658134E-04  2.52608188E-04  1.85981912E-04  1.36526514E-04  1.01276777E-04  7.13492214E-05  5.03489853E-05  3.40726600E-05  2.29055860E-05  1.70823194E-05  9.61005759E-06  6.27260399E-06  3.89417929E-06  2.72989383E-06  2.01138119E-06  1.14235542E-06  7.23549330E-07  3.31559466E-07  2.91298273E-07  9.73908559E-08  2.55880400E-08  4.84466890E-08  0.00000000E+00  0.00000000E+00  0.00000000E+00  0.00000000E+00  0.00000000E+00  0.00000000E+00  0.00000000E+00  0.00000000E+00  0.00000000E+00  0.00000000E+00  0.00000000E+00  0.00000000E+00  0.00000000E+00  0.00000000E+00  0.00000000E+00  0.00000000E+00  0.00000000E+00  0.00000000E+00  0.00000000E+00  0.00000000E+00  0.00000000E+00  0.00000000E+00  0.00000000E+00  0.00000000E+00  0.00000000E+00  0.00000000E+00  0.00000000E+00  0.00000000E+00  0.00000000E+00  0.00000000E+00  0.00000000E+00  0.00000000E+00  0.00000000E+00  0.00000000E+00  0.00000000E+00  0.00000000E+00  0.00000000E+00  0.00000000E+00  0.00000000E+00  0.00000000E+00  0.00000000E+00  0.00000000E+00  0.00000000E+00  0.00000000E+00  0.00000000E+00  0.00000000E+00  0.00000000E+00  0.00000000E+00  0.00000000E+00  0.00000000E+00  0.00000000E+00  0.00000000E+00  0.00000000E+00  0.00000000E+00  0.00000000E+00  0.00000000E+00  0.00000000E+00  0.00000000E+00  0.00000000E+00  0.00000000E+00  0.00000000E+00  0.00000000E+00  0.00000000E+00  0.00000000E+00  0.00000000E+00  0.00000000E+00  0.00000000E+00  0.00000000E+00  0.00000000E+00  0.00000000E+00  0.00000000E+00  0.00000000E+00  0.00000000E+00  0.00000000E+00  0.00000000E+00  0.00000000E+00  0.00000000E+00  0.00000000E+00  0.00000000E+00  0.00000000E+00  0.00000000E+00  0.00000000E+00  0.00000000E+00  0.00000000E+00  0.00000000E+00  0.00000000E+00  0.00000000E+00  0.00000000E+00  0.00000000E+00  0.00000000E+00  0.00000000E+00  0.00000000E+00
  2.70540119E-01  2.68981171E-01  2.68596429E-01  2.68557138E-01  2.66879576E-01  2.66225607E-01  2.64238770E-01  2.62330259E-01  2.61226570E-01  2.58288992E-01  2.56016434E-01  2.53119049E-01  2.50018329E-01  2.46544725E-01  2.43578853E-01  2.40006569E-01  2.36113313E-01  2.31826419E-01  2.28168404E-01  2.23772517E-01  2.19625208E-01  2.15021036E-01  2.10266802E-01  2.05465623E-01  2.00054265E-01  1.95442766E-01  1.90179010E-01  1.84677451E-01  1.79592251E-01  1.73863225E-01  1.68430828E-01  1.63137700E-01  1.56926793E-01  1.51579997E-01  1.45515755E-01  1.40154478E-01  1.34431551E-01  1.28865967E-01  1.23286419E-01  1.17633510E-01  1.12342697E-01  1.06849084E-01  1.01569043E-01  9.60666450E-02  9.11936881E-02  8.60492778E-02  8.09512418E-02  7.62593314E-02  7.16896810E-02  6.71055353E-02  6.26214159E-02  5.83669282E-02  5.42962441E-02  5.03393826E-02  4.65801736E-02  4.30526168E-02  3.95898239E-02  3.62608642E-02  3.31521145E-02  3.02282573E-02  2.73637239E-02  2.48279208E-02  2.23741644E-02  2.00737565E-02  1.79402105E-02  1.59456563E-02  1.42350830E-02  1.25567436E-02  1.10292229E-02  9.64728619E-03  8.45084916E-03  7.27864693E-03  6.27552654E-03  5.36332091E-03  4.56402601E-03  3.85951564E-03  3.24044202E-03  2.70734163E-03  2.21478282E-03  1.84331577E-03  1.49150479E-03  1.20950602E-03  9.71620369E-04  7.60042971E-04  5.88876671E-04  4.67804015E-04  3.59455063E-04  2.67818603E-04  1.99774165E-04  1.46352982E-04  1.06207321E-04  7.73664502E-05  5.15162887E-05  4.03638209E-05  2.50739385E-05  1.63082715E-05  1.02083198E-05  6.91504022E-06  4.01775523E-06  2.73516859E-06  1.57351311E-06  1.06857167E-06  6.05386674E-07  3.22392822E-07  1.16480676E-07  1.60723613E-08  3.48755508E-08  2.81666796E-09  0.00000000E+00  0.00000000E+00  0.00000000E+00  3.65703705E-08  0.00000000E+00  0.00000000E+00  0.00000000E+00  0.00000000E+00  0.00000000E+00  0.00000000E+00  0.00000000E+00  0.00000000E+00  0.00000000E+00  0.00000000E+00  0.00000000E+00  0.00000000E+00  0.00000000E+00  0.00000000E+00  0.00000000E+00  0.00000000E+00  0.00000000E+00  0.00000000E+00  0.00000000E+00  0.00000000E+00  0.00000000E+00  0.00000000E+00  0.00000000E+00  0.00000000E+00  0.00000000E+00  0.00000000E+00  0.00000000E+00  0.00000000E+00  0.00000000E+00  0.00000000E+00  0.00000000E+00  0.00000000E+00  0.00000000E+00  0.00000000E+00  0.00000000E+00  0.00000000E+00  0.00000000E+00  0.00000000E+00  0.00000000E+00  0.00000000E+00  0.00000000E+00  0.00000000E+00  0.00000000E+00  0.00000000E+00  0.00000000E+00  0.00000000E+00  0.00000000E+00  0.00000000E+00  0.00000000E+00  0.00000000E+00  0.00000000E+00  0.00000000E+00  0.00000000E+00  0.00000000E+00  0.00000000E+00  0.00000000E+00  0.00000000E+00  0.00000000E+00  0.00000000E+00  0.00000000E+00  0.00000000E+00  0.00000000E+00  0.00000000E+00  0.00000000E+00  0.00000000E+00  0.00000000E+00  0.00000000E+00  0.00000000E+00  0.00000000E+00  0.00000000E+00  0.00000000E+00  0.00000000E+00  0.00000000E+00  0.00000000E+00  0.00000000E+00  0.00000000E+00  0.00000000E+00  0.00000000E+00  0.00000000E+00  0.00000000E+00  0.00000000E+00  0.00000000E+00  0.00000000E+00  0.00000000E+00  0.00000000E+00  0.00000000E+00  0.00000000E+00  0.00000000E+00
  2.66935846E-01  2.65444321E-01  2.65898248E-01  2.64692061E-01  2.63650457E-01  2.62485269E-01  2.60113680E-01  2.58889347E-01  2.56905881E-01  2.54618314E-01  2.52226138E-01  2.49239542E-01  2.46479804E-01  2.43275369E-01  2.40186723E-01  2.36342006E-01  2.32265958E-01  2.28920651E-01  2.24689118E-01  2.20450276E-01  2.15922037E-01  2.11401168E-01  2.06844154E-01  2.02195390E-01  1.97066008E-01  1.91916853E-01  1.86506965E-01  1.81304834E-01  1.75952066E-01  1.70997411E-01  1.65325513E-01  1.59759608E-01  1.54354075E-01  1.48890784E-01  1.43095453E-01  1.37804907E-01  1.31987325E-01  1.26661252E-01  1.21028062E-01  1.15476635E-01  1.10239522E-01  1.04795349E-01  9.95757533E-02  9.44352793E-02  8.95970390E-02  8.44813345E-02  7.95942096E-02  7.48158436E-02  7.01867802E-02  6.58985088E-02  6.15523202E-02  5.71486562E-02  5.31642242E-02  4.92589487E-02  4.55383598E-02  4.20402585E-02  3.87520095E-02  3.54269685E-02  3.24942077E-02  2.94979730E-02  2.68387967E-02  2.43403478E-02  2.19007937E-02  1.96245781E-02  1.75707728E-02  1.56915876E-02  1.38897875E-02  1.22994280E-02  1.08334105E-02  9.45865139E-03  8.26680986E-03  7.13478115E-03  6.16041276E-03  5.27134004E-03  4.47646675E-03  3.76305058E-03  3.17571899E-03  2.65297273E-03  2.18180307E-03  1.79482465E-03  1.46529092E-03  1.18222578E-03  9.30848810E-04  7.35499066E-04  5.85069736E-04  4.49779580E-04  3.43067900E-04  2.55798749E-04  1.95350097E-04  1.43868623E-04  1.04400161E-04  7.15656431E-05  5.32758637E-05  3.84781998E-05  2.31050975E-05  1.39322278E-05  1.08080463E-05  6.37529441E-06  3.20416236E-06  2.34503885E-06  1.49738834E-06  9.94191289E-07  4.03131595E-07  2.88066665E-07  7.82332895E-08  1.68951131E-07  1.70586933E-09  1.20177833E-08  0.00000000E+00  0.00000000E+00  0.00000000E+00  0.00000000E+00  0.00000000E+00  0.00000000E+00  0.00000000E+00  0.00000000E+00  0.00000000E+00  0.00000000E+00  0.00000000E+00  0.00000000E+00  0.00000000E+00  0.00000000E+00  0.00000000E+00  0.00000000E+00  0.00000000E+00  0.00000000E+00  0.00000000E+00  0.00000000E+00  0.00000000E+00  0.00000000E+00  0.00000000E+00  0.00000000E+00  0.00000000E+00  0.00000000E+00  0.00000000E+00  0.00000000E+00  0.00000000E+00  0.00000000E+00  0.00000000E+00  0.00000000E+00  0.00000000E+00  0.00000000E+00  0.00000000E+00  0.00000000E+00  0.00000000E+00  0.00000000E+00  0.00000000E+00  0.00000000E+00  0.00000000E+00  0.00000000E+00  0.00000000E+00  0.00000000E+00  0.00000000E+00  0.00000000E+00  0.00000000E+00  0.00000000E+00  0.00000000E+00  0.00000000E+00  0.00000000E+00  0.00000000E+00  0.00000000E+00  0.00000000E+00  0.00000000E+00  0.00000000E+00  0.00000000E+00  0.00000000E+00  0.00000000E+00  0.00000000E+00  0.00000000E+00  0.00000000E+00  0.00000000E+00  0.00000000E+00  0.00000000E+00  0.00000000E+00  0.00000000E+00  0.00000000E+00  0.00000000E+00  0.00000000E+00  0.00000000E+00  0.00000000E+00  0.00000000E+00  0.00000000E+00  0.00000000E+00  0.00000000E+00  0.00000000E+00  0.00000000E+00  0.00000000E+00  0.00000000E+00  0.00000000E+00  0.00000000E+00  0.00000000E+00  0.00000000E+00  0.00000000E+00  0.00000000E+00  0.00000000E+00  0.00000000E+00  0.00000000E+00  0.00000000E+00  0.00000000E+00  0.00000000E+00
  2.61128380E-01  2.60758032E-01  2.60927714E-01  2.60525750E-01  2.60124655E-01  2.58153809E-01  2.57181202E-01  2.55348736E-01  2.53409984E-01  2.50550615E-01  2.48522192E-01  2.45709161E-01  2.42551870E-01  2.39503419E-01  2.36350071E-01  2.33015233E-01  2.29164205E-01  2.25264399E-01  2.21637833E-01  2.17424193E-01  2.13040990E-01  2.08619190E-01  2.04157101E-01  1.99226484E-01  1.94366500E-01  1.89270056E-01  1.84203026E-01  1.78897116E-01  1.73687076E-01  1.68322546E-01  1.63217732E-01  1.57336185E-01  1.52069510E-01  1.46566553E-01  1.41197628E-01  1.35662030E-01  1.30140591E-01  1.24467301E-01  1.19058874E-01  1.13896184E-01  1.08422091E-01  1.03220945E-01  9.80054000E-02  9.29500212E-02  8.79502616E-02  8.29433380E-02  7.81463873E-02  7.36895724E-02  6.89792860E-02  6.45773840E-02  6.02445022E-02  5.63424351E-02  5.23482946E-02  4.83951317E-02  4.47466531E-02  4.12528383E-02  3.79150984E-02  3.47814869E-02  3.16954464E-02  2.89275543E-02  2.62575332E-02  2.37039087E-02  2.13685300E-02  1.92540897E-02  1.72028844E-02  1.53429249E-02  1.35937745E-02  1.20158567E-02  1.05320847E-02  9.21514491E-03  8.01831615E-03  6.91989976E-03  5.98554805E-03  5.10962615E-03  4.34943427E-03  3.68730076E-03  3.07222514E-03  2.57239130E-03  2.13616469E-03  1.74117222E-03  1.42106376E-03  1.13651127E-03  9.02863017E-04  7.17178288E-04  5.62555881E-04  4.34737969E-04  3.26986913E-04  2.49328116E-04  1.89793325E-04  1.32881284E-04  1.00127172E-04  7.16307240E-05  4.87404243E-05  3.37229112E-05  2.29673192E-05  1.51829218E-05  9.60566475E-06  6.01008091E-06  4.55468554E-06  2.59498157E-06  1.04425512E-06  5.79729468E-07  3.90527578E-07  2.23120017E-07  7.24382312E-08  4.43903312E-08  1.89541037E-08  0.00000000E+00  0.00000000E+00  0.00000000E+00  0.00000000E+00  0.00000000E+00  0.00000000E+00  0.00000000E+00  0.00000000E+00  0.00000000E+00  0.00000000E+00  0.00000000E+00  0.00000000E+00  0.00000000E+00  0.00000000E+00  0.00000000E+00  0.00000000E+00  0.00000000E+00  0.00000000E+00  0.00000000E+00  0.00000000E+00  0.00000000E+00  0.00000000E+00  0.00000000E+00  0.00000000E+00  0.00000000E+00  0.00000000E+00  0.00000000E+00  0.00000000E+00  0.00000000E+00  0.00000000E+00  0.00000000E+00  0.00000000E+00  0.00000000E+00  0.00000000E+00  0.00000000E+00  0.00000000E+00  0.00000000E+00  0.00000000E+00  0.00000000E+00  0.00000000E+00  0.00000000E+00  0.00000000E+00  0.00000000E+00  0.00000000E+00  0.00000000E+00  0.00000000E+00  0.00000000E+00  0.00000000E+00  0.00000000E+00  0.00000000E+00  0.00000000E+00  0.00000000E+00  0.00000000E+00  0.00000000E+00  0.00000000E+00  0.00000000E+00  0.00000000E+00  0.00000000E+00  0.00000000E+00  0.00000000E+00  0.00000000E+00  0.00000000E+00  0.00000000E+00  0.00000000E+00  0.00000000E+00  0.00000000E+00  0.00000000E+00  0.00000000E+00  0.00000000E+00  0.00000000E+00  0.00000000E+00  0.00000000E+00  0.00000000E+00  0.00000000E+00  0.00000000E+00  0.00000000E+00  0.00000000E+00  0.00000000E+00  0.00000000E+00  0.00000000E+00  0.00000000E+00  0.00000000E+00  0.00000000E+00  0.00000000E+00  0.00000000E+00  0.00000000E+00  0.00000000E+00  0.00000000E+00  0.00000000E+00  0.00000000E+00  0.00000000E+00  0.00000000E+00  0.00000000E+00
  2.62220974E-01  2.62152059E-01  2.61357630E-01  2.60203568E-01  2.59488599E-01  2.58492418E-01  2.57006182E-01  2.55619324E-01  2.53186256E-01  2.50768151E-01  2.48403190E-01  2.45999573E-01  2.42896672E-01  2.40048203E-01  2.36837593E-01  2.33504882E-01  2.29894329E-01  2.25812703E-01  2.21770568E-01  2.17696011E-01  2.13253773E-01  2.08856976E-01  2.04203162E-01  1.99266927E-01  1.94277569E-01  1.89412735E-01  1.84172069E-01  1.79211338E-01  1.73817952E-01  1.68385146E-01  1.63109205E-01  1.57704732E-01  1.52200744E-01  1.46629984E-01  1.41123819E-01  1.35509462E-01  1.30247115E-01  1.24567309E-01  1.19200647E-01  1.13724860E-01  1.08415324E-01  1.03087318E-01  9.78852004E-02  9.28768379E-02  8.77808556E-02  8.29218262E-02  7.81028374E-02  7.35351001E-02  6.89197212E-02  6.45209558E-02  6.03443883E-02  5.61289330E-02  5.22073571E-02  4.82894636E-02  4.46808082E-02  4.12033921E-02  3.78033230E-02  3.47672036E-02  3.16974153E-02  2.88641522E-02  2.61951641E-02  2.37092920E-02  2.14151086E-02  1.91756331E-02  1.71581513E-02  1.52795411E-02  1.35357435E-02  1.19800605E-02  1.05057034E-02  9.17245113E-03  8.00753074E-03  6.91589641E-03  5.97828355E-03  5.09423526E-03  4.35876270E-03  3.66607833E-03  3.07650302E-03  2.55894317E-03  2.12302520E-03  1.74270028E-03  1.41141254E-03  1.14187261E-03  9.11620857E-04  7.22850950E-04  5.64334888E-04  4.39182221E-04  3.31913494E-04  2.52708773E-04  1.89643241E-04  1.39245888E-04  9.85140669E-05  6.91861076E-05  4.90651481E-05  3.49304082E-05  2.45029596E-05  1.61909595E-05  1.07162152E-05  6.17467543E-06  4.30917313E-06  2.49455815E-06  1.37908361E-06  7.59515210E-07  3.32824815E-07  2.32091626E-07  8.26761677E-08  1.53070107E-08  8.15026457E-09  5.82111379E-09  0.00000000E+00  0.00000000E+00  0.00000000E+00  0.00000000E+00  0.00000000E+00  0.00000000E+00  0.00000000E+00  0.00000000E+00  0.00000000E+00  0.00000000E+00  0.00000000E+00  0.00000000E+00  0.00000000E+00  0.00000000E+00  0.00000000E+00  0.00000000E+00  0.00000000E+00  0.00000000E+00  0.00000000E+00  0.00000000E+00  0.00000000E+00  0.00000000E+00  0.00000000E+00  0.00000000E+00  0.00000000E+00  0.00000000E+00  0.00000000E+00  0.00000000E+00  0.00000000E+00  0.00000000E+00  0.00000000E+00  0.00000000E+00  0.00000000E+00  0.00000000E+00  0.00000000E+00  0.00000000E+00  0.00000000E+00  0.00000000E+00  0.00000000E+00  0.00000000E+00  0.00000000E+00  0.00000000E+00  0.00000000E+00  0.00000000E+00  0.00000000E+00  0.00000000E+00  0.00000000E+00  0.00000000E+00  0.00000000E+00  0.00000000E+00  0.00000000E+00  0.00000000E+00  0.00000000E+00  0.00000000E+00  0.00000000E+00  0.00000000E+00  0.00000000E+00  0.00000000E+00  0.00000000E+00  0.00000000E+00  0.00000000E+00  0.00000000E+00  0.00000000E+00  0.00000000E+00  0.00000000E+00  0.00000000E+00  0.00000000E+00  0.00000000E+00  0.00000000E+00  0.00000000E+00  0.00000000E+00  0.00000000E+00  0.00000000E+00  0.00000000E+00  0.00000000E+00  0.00000000E+00  0.00000000E+00  0.00000000E+00  0.00000000E+00  0.00000000E+00  0.00000000E+00  0.00000000E+00  0.00000000E+00  0.00000000E+00  0.00000000E+00  0.00000000E+00  0.00000000E+00  0.00000000E+00  0.00000000E+00  0.00000000E+00  0.00000000E+00  0.00000000E+00
  2.68667129E-01  2.70785959E-01  2.69138709E-01  2.69702879E-01  2.67667050E-01  2.65592959E-01  2.65492502E-01  2.62114402E-01  2.60671060E-01  2.58308851E-01  2.55674287E-01  2.53732967E-01  2.50686441E-01  2.47287604E-01  2.43864245E-01  2.40233398E-01  2.36366146E-01  2.32524103E-01  2.28176576E-01  2.24005914E-01  2.19550710E-01  2.14974377E-01  2.10467074E-01  2.05292864E-01  2.00585666E-01  1.95166326E-01  1.89925565E-01  1.84813925E-01  1.79072531E-01  1.73924617E-01  1.68397616E-01  1.62606300E-01  1.56853342E-01  1.51553874E-01  1.45789267E-01  1.40057841E-01  1.34441324E-01  1.28788201E-01  1.23374835E-01  1.17678922E-01  1.12119679E-01  1.06837809E-01  1.01408476E-01  9.62131387E-02  9.10391395E-02  8.58932342E-02  8.10024724E-02  7.62114214E-02  7.15585632E-02  6.69501531E-02  6.26528763E-02  5.84290559E-02  5.42355342E-02  5.03381122E-02  4.66547215E-02  4.29815053E-02  3.94708126E-02  3.61986263E-02  3.30861611E-02  3.01446525E-02  2.74099235E-02  2.48041812E-02  2.23271230E-02  2.00536381E-02  1.79957489E-02  1.60309342E-02  1.42350745E-02  1.25659772E-02  1.11044694E-02  9.67516162E-03  8.40527319E-03  7.31931617E-03  6.30069933E-03  5.40158885E-03  4.57544539E-03  3.86427983E-03  3.23922188E-03  2.70929721E-03  2.24254092E-03  1.82982636E-03  1.49478071E-03  1.20918750E-03  9.53913593E-04  7.65119478E-04  5.95718691E-04  4.64001705E-04  3.54980278E-04  2.69051225E-04  2.06238285E-04  1.42368760E-04  1.07712023E-04  7.81494069E-05  5.40970569E-05  3.64762116E-05  2.57164766E-05  1.64219902E-05  1.02867633E-05  6.14113542E-06  3.71977940E-06  2.15514730E-06  1.45842209E-06  6.95078727E-07  5.70134815E-07  4.97339199E-08  1.38115561E-07  5.20438365E-08  5.93263446E-08  0.00000000E+00  4.40931848E-08  0.00000000E+00  0.00000000E+00  0.00000000E+00  0.00000000E+00  0.00000000E+00  0.00000000E+00  0.00000000E+00  0.00000000E+00  0.00000000E+00  0.00000000E+00  0.00000000E+00  0.00000000E+00  0.00000000E+00  0.00000000E+00  0.00000000E+00  0.00000000E+00  0.00000000E+00  0.00000000E+00  0.00000000E+00  0.00000000E+00  0.00000000E+00  0.00000000E+00  0.00000000E+00  0.00000000E+00  0.00000000E+00  0.00000000E+00  0.00000000E+00  0.00000000E+00  0.00000000E+00  0.00000000E+00  0.00000000E+00  0.00000000E+00  0.00000000E+00  0.00000000E+00  0.00000000E+00  0.00000000E+00  0.00000000E+00  0.00000000E+00  0.00000000E+00  0.00000000E+00  0.00000000E+00  0.00000000E+00  0.00000000E+00  0.00000000E+00  0.00000000E+00  0.00000000E+00  0.00000000E+00  0.00000000E+00  0.00000000E+00  0.00000000E+00  0.00000000E+00  0.00000000E+00  0.00000000E+00  0.00000000E+00  0.00000000E+00  0.00000000E+00  0.00000000E+00  0.00000000E+00  0.00000000E+00  0.00000000E+00  0.00000000E+00  0.00000000E+00  0.00000000E+00  0.00000000E+00  0.00000000E+00  0.00000000E+00  0.00000000E+00  0.00000000E+00  0.00000000E+00  0.00000000E+00  0.00000000E+00  0.00000000E+00  0.00000000E+00  0.00000000E+00  0.00000000E+00  0.00000000E+00  0.00000000E+00  0.00000000E+00  0.00000000E+00  0.00000000E+00  0.00000000E+00  0.00000000E+00  0.00000000E+00  0.00000000E+00  0.00000000E+00  0.00000000E+00  0.00000000E+00  0.00000000E+00  0.00000000E+00  0.00000000E+00  0.00000000E+00
  2.64534586E-01  2.63289506E-01  2.62705885E-01  2.63255161E-01  2.61407868E-01  2.60371885E-01  2.58831979E-01  2.56771311E-01  2.55185418E-01  2.52581286E-01  2.50603395E-01  2.47795764E-01  2.45061267E-01  2.41765371E-01  2.38437566E-01  2.34515928E-01  2.31307114E-01  2.27173613E-01  2.23455367E-01  2.19081487E-01  2.14616012E-01  2.09827554E-01  2.05500576E-01  2.00655864E-01  1.95753878E-01  1.90786662E-01  1.85562792E-01  1.80122146E-01  1.74907667E-01  1.69461771E-01  1.63909442E-01  1.58595960E-01  1.52841375E-01  1.47589500E-01  1.42080588E-01  1.36384707E-01  1.31112655E-01  1.25446723E-01  1.19904599E-01  1.14539881E-01  1.09249716E-01  1.03988535E-01  9.86893632E-02  9.34192371E-02  8.83945976E-02  8.35330651E-02  7.87903362E-02  7.39164474E-02  6.95745052E-02  6.50089192E-02  6.07547754E-02  5.65601156E-02  5.26053466E-02  4.86884878E-02  4.50317397E-02  4.15654217E-02  3.82599341E-02  3.49162955E-02  3.19201745E-02  2.91301184E-02  2.64773190E-02  2.38605185E-02  2.15492697E-02  1.93635805E-02  1.73154247E-02  1.54705200E-02  1.36961188E-02  1.20991894E-02  1.06293052E-02  9.28266531E-03  8.09306721E-03  6.99648618E-03  6.00794267E-03  5.16157066E-03  4.41737858E-03  3.71429161E-03  3.13998507E-03  2.60037160E-03  2.15059635E-03  1.75515600E-03  1.44943140E-03  1.14691220E-03  9.24251252E-04  7.24522409E-04  5.62483976E-04  4.39600109E-04  3.39435565E-04  2.56261991E-04  1.88459445E-04  1.37730463E-04  1.00916996E-04  7.30157346E-05  5.03169058E-05  3.53378008E-05  2.35645721E-05  1.62636719E-05  1.01478660E-05  6.18792581E-06  4.58931959E-06  2.47832811E-06  1.02758400E-06  9.66348365E-07  5.74664384E-07  2.36577431E-07  1.02572535E-07  3.71195010E-08  2.29344654E-08  0.00000000E+00  1.07907372E-08  0.00000000E+00  0.00000000E+00  0.00000000E+00  0.00000000E+00  0.00000000E+00  0.00000000E+00  0.00000000E+00  0.00000000E+00  0.00000000E+00  0.00000000E+00  0.00000000E+00  0.00000000E+00  0.00000000E+00  0.00000000E+00  0.00000000E+00  0.00000000E+00  0.00000000E+00  0.00000000E+00  0.00000000E+00  0.00000000E+00  0.00000000E+00  0.00000000E+00  0.00000000E+00  0.00000000E+00  0.00000000E+00  0.00000000E+00  0.00000000E+00  0.00000000E+00  0.00000000E+00  0.00000000E+00  0.00000000E+00  0.00000000E+00  0.00000000E+00  0.00000000E+00  0.00000000E+00  0.00000000E+00  0.00000000E+00  0.00000000E+00  0.00000000E+00  0.00000000E+00  0.00000000E+00  0.00000000E+00  0.00000000E+00  0.00000000E+00  0.00000000E+00  0.00000000E+00  0.00000000E+00  0.00000000E+00  0.00000000E+00  0.00000000E+00  0.00000000E+00  0.00000000E+00  0.00000000E+00  0.00000000E+00  0.00000000E+00  0.00000000E+00  0.00000000E+00  0.00000000E+00  0.00000000E+00  0.00000000E+00  0.00000000E+00  0.00000000E+00  0.00000000E+00  0.00000000E+00  0.00000000E+00  0.00000000E+00  0.00000000E+00  0.00000000E+00  0.00000000E+00  0.00000000E+00  0.00000000E+00  0.00000000E+00  0.00000000E+00  0.00000000E+00  0.00000000E+00  0.00000000E+00  0.00000000E+00  0.00000000E+00  0.00000000E+00  0.00000000E+00  0.00000000E+00  0.00000000E+00  0.00000000E+00  0.00000000E+00  0.00000000E+00  0.00000000E+00  0.00000000E+00  0.00000000E+00  0.00000000E+00  0.00000000E+00  0.00000000E+00
  2.66143501E-01  2.66205324E-01  2.65926839E-01  2.64510063E-01  2.63772174E-01  2.61764551E-01  2.60151881E-01  2.58635645E-01  2.57409760E-01  2.54625606E-01  2.52105150E-01  2.49602974E-01  2.46971131E-01  2.43458472E-01  2.40329969E-01  2.36774777E-01  2.32932499E-01  2.29143787E-01  2.24722215E-01  2.20524286E-01  2.16120851E-01  2.11770470E-01  2.06896501E-01  2.02105676E-01  1.97256048E-01  1.92104233E-01  1.87244875E-01  1.81534825E-01  1.76268746E-01  1.70887568E-01  1.65415055E-01  1.59972040E-01  1.54403212E-01  1.49028189E-01  1.43222424E-01  1.37875954E-01  1.32344375E-01  1.26752699E-01  1.21218971E-01  1.15891160E-01  1.10579299E-01  1.05203266E-01  9.98406560E-02  9.46652219E-02  8.95421295E-02  8.45549641E-02  7.95955011E-02  7.50060878E-02  7.03286957E-02  6.57978091E-02  6.15490796E-02  5.72643940E-02  5.32595342E-02  4.94188816E-02  4.57109070E-02  4.21415201E-02  3.87336959E-02  3.54596146E-02  3.25216260E-02  2.96091045E-02  2.68618920E-02  2.42338964E-02  2.18584849E-02  1.96865069E-02  1.76167609E-02  1.56836965E-02  1.39292275E-02  1.22835309E-02  1.07901574E-02  9.45274688E-03  8.23836318E-03  7.12325248E-03  6.16199757E-03  5.23835647E-03  4.45478496E-03  3.77571677E-03  3.19073852E-03  2.62268104E-03  2.17566366E-03  1.78704626E-03  1.46984320E-03  1.17773529E-03  9.41412635E-04  7.46362099E-04  5.87011665E-04  4.50143402E-04  3.43557035E-04  2.59537449E-04  1.92960151E-04  1.42280122E-04  1.01684961E-04  7.35604289E-05  5.02695502E-05  3.54854725E-05  2.49558123E-05  1.56008062E-05  1.15060886E-05  6.68026011E-06  4.09849971E-06  2.68120369E-06  1.11555933E-06  8.16990962E-07  4.54729288E-07  3.71931707E-07  1.03731547E-07  5.77839656E-08  6.36857883E-08  3.39877934E-08  0.00000000E+00  5.53044395E-10  0.00000000E+00  0.00000000E+00  0.00000000E+00  0.00000000E+00  0.00000000E+00  0.00000000E+00  0.00000000E+00  0.00000000E+00  0.00000000E+00  0.00000000E+00  0.00000000E+00  0.00000000E+00  0.00000000E+00  0.00000000E+00  0.00000000E+00  0.00000000E+00  0.00000000E+00  0.00000000E+00  0.00000000E+00  0.00000000E+00  0.00000000E+00  0.00000000E+00  0.00000000E+00  0.00000000E+00  0.00000000E+00  0.00000000E+00  0.00000000E+00  0.00000000E+00  0.00000000E+00  0.00000000E+00  0.00000000E+00  0.00000000E+00  0.00000000E+00  0.00000000E+00  0.00000000E+00  0.00000000E+00  0.00000000E+00  0.00000000E+00  0.00000000E+00  0.00000000E+00  0.00000000E+00  0.00000000E+00  0.00000000E+00  0.00000000E+00  0.00000000E+00  0.00000000E+00  0.00000000E+00  0.00000000E+00  0.00000000E+00  0.00000000E+00  0.00000000E+00  0.00000000E+00  0.00000000E+00  0.00000000E+00  0.00000000E+00  0.00000000E+00  0.00000000E+00  0.00000000E+00  0.00000000E+00  0.00000000E+00  0.00000000E+00  0.00000000E+00  0.00000000E+00  0.00000000E+00  0.00000000E+00  0.00000000E+00  0.00000000E+00  0.00000000E+00  0.00000000E+00  0.00000000E+00  0.00000000E+00  0.00000000E+00  0.00000000E+00  0.00000000E+00  0.00000000E+00  0.00000000E+00  0.00000000E+00  0.00000000E+00  0.00000000E+00  0.00000000E+00  0.00000000E+00  0.00000000E+00  0.00000000E+00  0.00000000E+00  0.00000000E+00  0.00000000E+00  0.00000000E+00  0.00000000E+00  0.00000000E+00  0.00000000E+00
  2.61961865E-01  2.61421133E-01  2.61464334E-01  2.61168251E-01  2.59456346E-01  2.57937013E-01  2.57367104E-01  2.55911870E-01  2.53731369E-01  2.51133323E-01  2.48678089E-01  2.45862813E-01  2.43455406E-01  2.40200178E-01  2.36914067E-01  2.33517367E-01  2.29384272E-01  2.25880744E-01  2.21991760E-01  2.17566002E-01  2.13510157E-01  2.08748710E-01  2.04092237E-01  1.99077486E-01  1.94348136E-01  1.89126810E-01  1.84339768E-01  1.78745738E-01  1.73680977E-01  1.68544853E-01  1.62972449E-01  1.57231375E-01  1.51983440E-01  1.46550457E-01  1.41134209E-01  1.35504348E-01  1.29984882E-01  1.24677602E-01  1.19105667E-01  1.13724847E-01  1.08382680E-01  1.03164237E-01  9.79937866E-02  9.27362841E-02  8.78093983E-02  8.30418995E-02  7.81749400E-02  7.35038333E-02  6.88946858E-02  6.45589799E-02  6.02680432E-02  5.61382280E-02  5.22218099E-02  4.84342332E-02  4.46822683E-02  4.12721726E-02  3.79717931E-02  3.47119105E-02  3.17220873E-02  2.88787063E-02  2.62504267E-02  2.37264515E-02  2.14060972E-02  1.91903241E-02  1.71840547E-02  1.52874294E-02  1.35662367E-02  1.19802890E-02  1.05332638E-02  9.19950401E-03  7.99602695E-03  6.93476211E-03  5.97255432E-03  5.08382005E-03  4.34767740E-03  3.66311592E-03  3.09137742E-03  2.55165455E-03  2.11291080E-03  1.73730411E-03  1.41226462E-03  1.14759160E-03  9.02743613E-04  7.26307733E-04  5.66837489E-04  4.38607802E-04  3.30807808E-04  2.50629487E-04  1.85442703E-04  1.39237994E-04  1.01573658E-04  6.93809092E-05  5.03212703E-05  3.52322285E-05  2.18642385E-05  1.33410175E-05  9.24294214E-06  5.77675007E-06  3.81958286E-06  2.46189519E-06  1.35257050E-06  5.79729468E-07  3.69455238E-07  1.90549175E-07  1.47194486E-07  1.72203871E-08  4.77643414E-08  0.00000000E+00  0.00000000E+00  0.00000000E+00  0.00000000E+00  0.00000000E+00  0.00000000E+00  0.00000000E+00  0.00000000E+00  0.00000000E+00  0.00000000E+00  0.00000000E+00  0.00000000E+00  0.00000000E+00  0.00000000E+00  0.00000000E+00  0.00000000E+00  0.00000000E+00  0.00000000E+00  0.00000000E+00  0.00000000E+00  0.00000000E+00  0.00000000E+00  0.00000000E+00  0.00000000E+00  0.00000000E+00  0.00000000E+00  0.00000000E+00  0.00000000E+00  0.00000000E+00  0.00000000E+00  0.00000000E+00  0.00000000E+00  0.00000000E+00  0.00000000E+00  0.00000000E+00  0.00000000E+00  0.00000000E+00  0.00000000E+00  0.00000000E+00  0.00000000E+00  0.00000000E+00  0.00000000E+00  0.00000000E+00  0.00000000E+00  0.00000000E+00  0.00000000E+00  0.00000000E+00  0.00000000E+00  0.00000000E+00  0.00000000E+00  0.00000000E+00  0.00000000E+00  0.00000000E+00  0.00000000E+00  0.00000000E+00  0.00000000E+00  0.00000000E+00  0.00000000E+00  0.00000000E+00  0.00000000E+00  0.00000000E+00  0.00000000E+00  0.00000000E+00  0.00000000E+00  0.00000000E+00  0.00000000E+00  0.00000000E+00  0.00000000E+00  0.00000000E+00  0.00000000E+00  0.00000000E+00  0.00000000E+00  0.00000000E+00  0.00000000E+00  0.00000000E+00  0.00000000E+00  0.00000000E+00  0.00000000E+00  0.00000000E+00  0.00000000E+00  0.00000000E+00  0.00000000E+00  0.00000000E+00  0.00000000E+00  0.00000000E+00  0.00000000E+00  0.00000000E+00  0.00000000E+00  0.00000000E+00  0.00000000E+00  0.00000000E+00  0.00000000E+00  0.00000000E+00
  2.69762024E-01  2.69309088E-01  2.69354450E-01  2.68219701E-01  2.67538779E-01  2.66552743E-01  2.64635365E-01  2.62695461E-01  2.60486414E-01  2.58772023E-01  2.55607194E-01  2.52781081E-01  2.50305379E-01  2.47191243E-01  2.43500088E-01  2.40271875E-01  2.36257622E-01  2.32301304E-01  2.28451810E-01  2.23900717E-01  2.19700138E-01  2.15122915E-01  2.10128677E-01  2.05237129E-01  2.00256111E-01  1.95042774E-01  1.90000976E-01  1.84602726E-01  1.79238139E-01  1.73756023E-01  1.68199221E-01  1.62429877E-01  1.56855495E-01  1.51335329E-01  1.45743229E-01  1.40116329E-01  1.34433826E-01  1.28906983E-01  1.23172190E-01  1.17595145E-01  1.12243789E-01  1.06812454E-01  1.01321724E-01  9.63097503E-02  9.11483827E-02  8.60936092E-02  8.09963211E-02  7.63634437E-02  7.15709879E-02  6.70636672E-02  6.26496837E-02  5.84557730E-02  5.43352383E-02  5.03915458E-02  4.66034306E-02  4.29200511E-02  3.95542999E-02  3.62630573E-02  3.30648342E-02  3.02360152E-02  2.73670321E-02  2.48602760E-02  2.24061706E-02  2.01034702E-02  1.80181855E-02  1.59917207E-02  1.42587588E-02  1.25807268E-02  1.10510116E-02  9.68673103E-03  8.42788594E-03  7.31930064E-03  6.29136054E-03  5.42434314E-03  4.59837113E-03  3.87909404E-03  3.28643366E-03  2.70968661E-03  2.24953174E-03  1.85033013E-03  1.50030368E-03  1.20301575E-03  9.71209061E-04  7.61232380E-04  6.01956322E-04  4.63733973E-04  3.52359117E-04  2.70801765E-04  2.01731420E-04  1.49311207E-04  1.06198845E-04  7.61367514E-05  5.57586474E-05  3.76111682E-05  2.57245937E-05  1.80119378E-05  1.10988101E-05  6.97218247E-06  4.45775118E-06  2.81713033E-06  1.68599298E-06  1.34839307E-06  4.37398765E-07  3.85584155E-07  7.16655566E-08  4.36249806E-08  2.88102376E-08  1.44588955E-08  0.00000000E+00  0.00000000E+00  0.00000000E+00  0.00000000E+00  0.00000000E+00  0.00000000E+00  0.00000000E+00  0.00000000E+00  0.00000000E+00  0.00000000E+00  0.00000000E+00  0.00000000E+00  0.00000000E+00  0.00000000E+00  0.00000000E+00  0.00000000E+00  0.00000000E+00  0.00000000E+00  0.00000000E+00  0.00000000E+00  0.00000000E+00  0.00000000E+00  0.00000000E+00  0.00000000E+00  0.00000000E+00  0.00000000E+00  0.00000000E+00  0.00000000E+00  0.00000000E+00  0.00000000E+00  0.00000000E+00  0.00000000E+00  0.00000000E+00  0.00000000E+00  0.00000000E+00  0.00000000E+00  0.00000000E+00  0.00000000E+00  0.00000000E+00  0.00000000E+00  0.00000000E+00  0.00000000E+00  0.00000000E+00  0.00000000E+00  0.00000000E+00  0.00000000E+00  0.00000000E+00  0.00000000E+00  0.00000000E+00  0.00000000E+00  0.00000000E+00  0.00000000E+00  0.00000000E+00  0.00000000E+00  0.00000000E+00  0.00000000E+00  0.00000000E+00  0.00000000E+00  0.00000000E+00  0.00000000E+00  0.00000000E+00  0.00000000E+00  0.00000000E+00  0.00000000E+00  0.00000000E+00  0.00000000E+00  0.00000000E+00  0.00000000E+00  0.00000000E+00  0.00000000E+00  0.00000000E+00  0.00000000E+00  0.00000000E+00  0.00000000E+00  0.00000000E+00  0.00000000E+00  0.00000000E+00  0.00000000E+00  0.00000000E+00  0.00000000E+00  0.00000000E+00  0.00000000E+00  0.00000000E+00  0.00000000E+00  0.00000000E+00  0.00000000E+00  0.00000000E+00  0.00000000E+00  0.00000000E+00  0.00000000E+00  0.00000000E+00  0.00000000E+00
  2.61633800E-01  2.62236504E-01  2.61340633E-01  2.60642547E-01  2.59290555E-01  2.58541889E-01  2.56979996E-01  2.55145421E-01  2.53121368E-01  2.51239761E-01  2.48901626E-01  2.46105780E-01  2.43135098E-01  2.40443316E-01  2.36784725E-01  2.33153719E-01  2.29548560E-01  2.25810806E-01  2.21606700E-01  2.17532021E-01  2.13305319E-01  2.08867583E-01  2.03878371E-01  1.99438373E-01  1.94190029E-01  1.89390574E-01  1.84115185E-01  1.78758852E-01  1.73973147E-01  1.68261955E-01  1.62924478E-01  1.57574380E-01  1.52359223E-01  1.46623188E-01  1.41058606E-01  1.35681418E-01  1.30131360E-01  1.24724986E-01  1.19222645E-01  1.13727774E-01  1.08223437E-01  1.03013939E-01  9.80568627E-02  9.28993916E-02  8.78999823E-02  8.28885560E-02  7.82350122E-02  7.36614724E-02  6.89783945E-02  6.44998668E-02  6.03172794E-02  5.62268294E-02  5.20546908E-02  4.84056063E-02  4.46111416E-02  4.12671865E-02  3.78636048E-02  3.45899487E-02  3.17477578E-02  2.89009955E-02  2.61841381E-02  2.36978157E-02  2.13636750E-02  1.91841170E-02  1.71256845E-02  1.53024954E-02  1.35523490E-02  1.19978115E-02  1.05346854E-02  9.16538947E-03  7.99223883E-03  6.96152382E-03  5.96610812E-03  5.14577688E-03  4.33936668E-03  3.66376989E-03  3.06804437E-03  2.57913997E-03  2.12163248E-03  1.73419240E-03  1.42525219E-03  1.14003951E-03  9.13789703E-04  7.27002522E-04  5.56928612E-04  4.41329032E-04  3.32527945E-04  2.51178319E-04  1.86316295E-04  1.37677686E-04  9.85606846E-05  7.09388806E-05  5.06184973E-05  3.42792709E-05  2.40733905E-05  1.56263823E-05  9.92843350E-06  6.99412840E-06  4.06816930E-06  2.91349623E-06  1.52631173E-06  9.32737977E-07  3.67485860E-07  2.24485262E-07  1.27104950E-07  4.85997591E-08  8.33980563E-09  0.00000000E+00  0.00000000E+00  0.00000000E+00  0.00000000E+00  0.00000000E+00  0.00000000E+00  0.00000000E+00  0.00000000E+00  0.00000000E+00  0.00000000E+00  0.00000000E+00  0.00000000E+00  0.00000000E+00  0.00000000E+00  0.00000000E+00  0.00000000E+00  0.00000000E+00  0.00000000E+00  0.00000000E+00  0.00000000E+00  0.00000000E+00  0.00000000E+00  0.00000000E+00  0.00000000E+00  0.00000000E+00  0.00000000E+00  0.00000000E+00  0.00000000E+00  0.00000000E+00  0.00000000E+00  0.00000000E+00  0.00000000E+00  0.00000000E+00  0.00000000E+00  0.00000000E+00  0.00000000E+00  0.00000000E+00  0.00000000E+00  0.00000000E+00  0.00000000E+00  0.00000000E+00  0.00000000E+00  0.00000000E+00  0.00000000E+00  0.00000000E+00  0.00000000E+00  0.00000000E+00  0.00000000E+00  0.00000000E+00  0.00000000E+00  0.00000000E+00  0.00000000E+00  0.00000000E+00  0.00000000E+00  0.00000000E+00  0.00000000E+00  0.00000000E+00  0.00000000E+00  0.00000000E+00  0.00000000E+00  0.00000000E+00  0.00000000E+00  0.00000000E+00  0.00000000E+00  0.00000000E+00  0.00000000E+00  0.00000000E+00  0.00000000E+00  0.00000000E+00  0.00000000E+00  0.00000000E+00  0.00000000E+00  0.00000000E+00  0.00000000E+00  0.00000000E+00  0.00000000E+00  0.00000000E+00  0.00000000E+00  0.00000000E+00  0.00000000E+00  0.00000000E+00  0.00000000E+00  0.00000000E+00  0.00000000E+00  0.00000000E+00  0.00000000E+00  0.00000000E+00  0.00000000E+00  0.00000000E+00  0.00000000E+00  0.00000000E+00  0.00000000E+00  0.00000000E+00
  2.62470798E-01  2.61251623E-01  2.60128893E-01  2.59980419E-01  2.58777707E-01  2.57760330E-01  2.56344031E-01  2.55262132E-01  2.52728900E-01  2.50482701E-01  2.48027892E-01  2.45426050E-01  2.42904396E-01  2.39512833E-01  2.36777224E-01  2.33422328E-01  2.29518914E-01  2.25605826E-01  2.21259651E-01  2.17360977E-01  2.12880904E-01  2.08351098E-01  2.03668383E-01  1.98992516E-01  1.94193925E-01  1.89058608E-01  1.84306563E-01  1.78906620E-01  1.73693691E-01  1.68268992E-01  1.63014120E-01  1.57688501E-01  1.52080188E-01  1.46533675E-01  1.41131729E-01  1.35605939E-01  1.30070954E-01  1.24883057E-01  1.19240565E-01  1.13681384E-01  1.08422408E-01  1.03256447E-01  9.80360325E-02  9.29747457E-02  8.78779876E-02  8.29607562E-02  7.82834003E-02  7.33586823E-02  6.89303029E-02  6.46022431E-02  6.03726913E-02  5.63276930E-02  5.22836575E-02  4.84151979E-02  4.48250545E-02  4.13271832E-02  3.78954185E-02  3.47408626E-02  3.18074942E-02  2.89754870E-02  2.62919480E-02  2.37838995E-02  2.14250747E-02  1.92404296E-02  1.72664607E-02  1.53412552E-02  1.35977547E-02  1.19730250E-02  1.05166720E-02  9.24428380E-03  8.07007364E-03  6.95527403E-03  5.98250176E-03  5.14584527E-03  4.35042217E-03  3.67785793E-03  3.08985251E-03  2.56030827E-03  2.12206398E-03  1.75683361E-03  1.42084735E-03  1.13942402E-03  9.17470428E-04  7.21003981E-04  5.63223337E-04  4.38087921E-04  3.38730335E-04  2.52909250E-04  1.86129944E-04  1.38416340E-04  9.96551961E-05  6.93500233E-05  5.17288431E-05  3.58894108E-05  2.38059511E-05  1.50952020E-05  1.11492231E-05  6.01877647E-06  3.57161123E-06  1.96444426E-06  1.22844092E-06  6.64849266E-07  5.32519703E-07  3.49112614E-07  4.88716599E-08  1.11167166E-07  3.31696815E-08  4.13111301E-09  1.65582001E-08  7.37392527E-10  0.00000000E+00  0.00000000E+00  0.00000000E+00  0.00000000E+00  0.00000000E+00  0.00000000E+00  0.00000000E+00  0.00000000E+00  0.00000000E+00  0.00000000E+00  0.00000000E+00  0.00000000E+00  0.00000000E+00  0.00000000E+00  0.00000000E+00  0.00000000E+00  0.00000000E+00  0.00000000E+00  0.00000000E+00  0.00000000E+00  0.00000000E+00  0.00000000E+00  0.00000000E+00  0.00000000E+00  0.00000000E+00  0.00000000E+00  0.00000000E+00  0.00000000E+00  0.00000000E+00  0.00000000E+00  0.00000000E+00  0.00000000E+00  0.00000000E+00  0.00000000E+00  0.00000000E+00  0.00000000E+00  0.00000000E+00  0.00000000E+00  0.00000000E+00  0.00000000E+00  0.00000000E+00  0.00000000E+00  0.00000000E+00  0.00000000E+00  0.00000000E+00  0.00000000E+00  0.00000000E+00  0.00000000E+00  0.00000000E+00  0.00000000E+00  0.00000000E+00  0.00000000E+00  0.00000000E+00  0.00000000E+00  0.00000000E+00  0.00000000E+00  0.00000000E+00  0.00000000E+00  0.00000000E+00  0.00000000E+00  0.00000000E+00  0.00000000E+00  0.00000000E+00  0.00000000E+00  0.00000000E+00  0.00000000E+00  0.00000000E+00  0.00000000E+00  0.00000000E+00  0.00000000E+00  0.00000000E+00  0.00000000E+00  0.00000000E+00  0.00000000E+00  0.00000000E+00  0.00000000E+00  0.00000000E+00  0.00000000E+00  0.00000000E+00  0.00000000E+00  0.00000000E+00  0.00000000E+00  0.00000000E+00  0.00000000E+00  0.00000000E+00  0.00000000E+00  0.00000000E+00  0.00000000E+00  0.00000000E+00  0.00000000E+00
  2.62625262E-01  2.61351666E-01  2.61256183E-01  2.60296683E-01  2.60106895E-01  2.59058829E-01  2.57062542E-01  2.55610440E-01  2.53388457E-01  2.51486711E-01  2.49102743E-01  2.46205682E-01  2.43620882E-01  2.40225726E-01  2.37096416E-01  2.33677975E-01  2.29936164E-01  2.25920691E-01  2.22142691E-01  2.17660118E-01  2.13447404E-01  2.08545718E-01  2.04041957E-01  1.99212647E-01  1.94308707E-01  1.89313453E-01  1.84050520E-01  1.78870611E-01  1.73735817E-01  1.68546360E-01  1.63042829E-01  1.57617356E-01  1.52136874E-01  1.46633011E-01  1.40814830E-01  1.35503185E-01  1.30243996E-01  1.24762509E-01  1.19192652E-01  1.13799988E-01  1.08467455E-01  1.03090066E-01  9.81124586E-02  9.27449400E-02  8.77080576E-02  8.29206208E-02  7.81246753E-02  7.33599589E-02  6.89323119E-02  6.44523907E-02  6.01738752E-02  5.61913986E-02  5.21670421E-02  4.82982221E-02  4.46492197E-02  4.11684265E-02  3.78961159E-02  3.46432864E-02  3.16477502E-02  2.88171939E-02  2.61692678E-02  2.36778843E-02  2.13178186E-02  1.91642453E-02  1.71333972E-02  1.52736955E-02  1.35497166E-02  1.19665944E-02  1.05490346E-02  9.25297719E-03  8.00917713E-03  6.94825942E-03  5.97768493E-03  5.10842020E-03  4.35464635E-03  3.67710209E-03  3.09176584E-03  2.56428768E-03  2.12129151E-03  1.75504809E-03  1.41352919E-03  1.14353431E-03  9.14997445E-04  7.16619604E-04  5.62137348E-04  4.35846435E-04  3.35323664E-04  2.59364425E-04  1.86461817E-04  1.38816680E-04  1.00835582E-04  7.28716740E-05  4.90730043E-05  3.45266858E-05  2.23897185E-05  1.45716311E-05  9.57198636E-06  5.69993929E-06  3.42631215E-06  2.10950030E-06  1.12037990E-06  7.55139893E-07  3.35975819E-07  1.06489099E-07  8.05513130E-08  3.48234495E-08  6.08426728E-08  3.94333515E-09  0.00000000E+00  0.00000000E+00  0.00000000E+00  0.00000000E+00  0.00000000E+00  0.00000000E+00  0.00000000E+00  0.00000000E+00  0.00000000E+00  0.00000000E+00  0.00000000E+00  0.00000000E+00  0.00000000E+00  0.00000000E+00  0.00000000E+00  0.00000000E+00  0.00000000E+00  0.00000000E+00  0.00000000E+00  0.00000000E+00  0.00000000E+00  0.00000000E+00  0.00000000E+00  0.00000000E+00  0.00000000E+00  0.00000000E+00  0.00000000E+00  0.00000000E+00  0.00000000E+00  0.00000000E+00  0.00000000E+00  0.00000000E+00  0.00000000E+00  0.00000000E+00  0.00000000E+00  0.00000000E+00  0.00000000E+00  0.00000000E+00  0.00000000E+00  0.00000000E+00  0.00000000E+00  0.00000000E+00  0.00000000E+00  0.00000000E+00  0.00000000E+00  0.00000000E+00  0.00000000E+00  0.00000000E+00  0.00000000E+00  0.00000000E+00  0.00000000E+00  0.00000000E+00  0.00000000E+00  0.00000000E+00  0.00000000E+00  0.00000000E+00  0.00000000E+00  0.00000000E+00  0.00000000E+00  0.00000000E+00  0.00000000E+00  0.00000000E+00  0.00000000E+00  0.00000000E+00  0.00000000E+00  0.00000000E+00  0.00000000E+00  0.00000000E+00  0.00000000E+00  0.00000000E+00  0.00000000E+00  0.00000000E+00  0.00000000E+00  0.00000000E+00  0.00000000E+00  0.00000000E+00  0.00000000E+00  0.00000000E+00  0.00000000E+00  0.00000000E+00  0.00000000E+00  0.00000000E+00  0.00000000E+00  0.00000000E+00  0.00000000E+00  0.00000000E+00  0.00000000E+00  0.00000000E+00  0.00000000E+00  0.00000000E+00  0.00000000E+00  0.00000000E+00
  2.69319020E-01  2.70101151E-01  2.70126747E-01  2.69631553E-01  2.68400852E-01  2.66591240E-01  2.65939453E-01  2.63408876E-01  2.60913230E-01  2.58828344E-01  2.56586353E-01  2.54075166E-01  2.51037444E-01  2.47388533E-01  2.44012913E-01  2.40395863E-01  2.36794338E-01  2.32958725E-01  2.28631225E-01  2.24366711E-01  2.20076122E-01  2.15164041E-01  2.10294134E-01  2.05318806E-01  2.00406736E-01  1.95187161E-01  1.90076188E-01  1.84777808E-01  1.79229506E-01  1.73766214E-01  1.68086658E-01  1.62380593E-01  1.56933645E-01  1.51546910E-01  1.45390679E-01  1.39928563E-01  1.34405700E-01  1.28631560E-01  1.23201387E-01  1.17603733E-01  1.12111047E-01  1.06716460E-01  1.01398651E-01  9.60607005E-02  9.09805294E-02  8.58556681E-02  8.09307401E-02  7.60167911E-02  7.14261722E-02  6.69151801E-02  6.26184531E-02  5.82529765E-02  5.41435770E-02  5.02721704E-02  4.64578968E-02  4.28947148E-02  3.94849054E-02  3.62592598E-02  3.30664749E-02  3.01514574E-02  2.73925767E-02  2.47998253E-02  2.23767192E-02  2.01301772E-02  1.79952190E-02  1.60310713E-02  1.42453798E-02  1.25841860E-02  1.10758369E-02  9.68367552E-03  8.44308538E-03  7.31690880E-03  6.31560615E-03  5.41079620E-03  4.59788612E-03  3.89527341E-03  3.25634710E-03  2.71195475E-03  2.24686152E-03  1.85551301E-03  1.50767977E-03  1.22705779E-03  9.72496569E-04  7.66875308E-04  6.03005522E-04  4.63880824E-04  3.56283158E-04  2.62571365E-04  2.01146365E-04  1.45525689E-04  1.05942336E-04  7.68261681E-05  5.65211372E-05  3.64328169E-05  2.57816275E-05  1.60489169E-05  1.03022428E-05  6.23119657E-06  4.64342250E-06  2.38581684E-06  1.42949870E-06  8.99326468E-07  5.15386118E-07  2.92747505E-07  8.63463715E-08  1.22838761E-07  4.64375540E-08  7.51111457E-09  0.00000000E+00  0.00000000E+00  0.00000000E+00  0.00000000E+00  0.00000000E+00  0.00000000E+00  0.00000000E+00  0.00000000E+00  0.00000000E+00  0.00000000E+00  0.00000000E+00  0.00000000E+00  0.00000000E+00  0.00000000E+00  0.00000000E+00  0.00000000E+00  0.00000000E+00  0.00000000E+00  0.00000000E+00  0.00000000E+00  0.00000000E+00  0.00000000E+00  0.00000000E+00  0.00000000E+00  0.00000000E+00  0.00000000E+00  0.00000000E+00  0.00000000E+00  0.00000000E+00  0.00000000E+00  0.00000000E+00  0.00000000E+00  0.00000000E+00  0.00000000E+00  0.00000000E+00  0.00000000E+00  0.00000000E+00  0.00000000E+00  0.00000000E+00  0.00000000E+00  0.00000000E+00  0.00000000E+00  0.00000000E+00  0.00000000E+00  0.00000000E+00  0.00000000E+00  0.00000000E+00  0.00000000E+00  0.00000000E+00  0.00000000E+00  0.00000000E+00  0.00000000E+00  0.00000000E+00  0.00000000E+00  0.00000000E+00  0.00000000E+00  0.00000000E+00  0.00000000E+00  0.00000000E+00  0.00000000E+00  0.00000000E+00  0.00000000E+00  0.00000000E+00  0.00000000E+00  0.00000000E+00  0.00000000E+00  0.00000000E+00  0.00000000E+00  0.00000000E+00  0.00000000E+00  0.00000000E+00  0.00000000E+00  0.00000000E+00  0.00000000E+00  0.00000000E+00  0.00000000E+00  0.00000000E+00  0.00000000E+00  0.00000000E+00  0.00000000E+00  0.00000000E+00  0.00000000E+00  0.00000000E+00  0.00000000E+00  0.00000000E+00  0.00000000E+00  0.00000000E+00  0.00000000E+00  0.00000000E+00  0.00000000E+00  0.00000000E+00  0.00000000E+00
  2.62498170E-01  2.62094030E-01  2.61197643E-01  2.60424998E-01  2.59950960E-01  2.58318362E-01  2.58166915E-01  2.55207439E-01  2.52891766E-01  2.51032617E-01  2.48510730E-01  2.46631390E-01  2.43166568E-01  2.40220292E-01  2.36680843E-01  2.32937163E-01  2.29367553E-01  2.25848111E-01  2.21996172E-01  2.17431381E-01  2.13365906E-01  2.08562050E-01  2.03982830E-01  1.99466038E-01  1.94402487E-01  1.89531561E-01  1.84073768E-01  1.79130490E-01  1.73663518E-01  1.68452719E-01  1.63054384E-01  1.57673390E-01  1.52109761E-01  1.46852383E-01  1.41063217E-01  1.35749482E-01  1.29996889E-01  1.24454121E-01  1.19273830E-01  1.13982151E-01  1.08607756E-01  1.03093459E-01  9.81353848E-02  9.28029066E-02  8.77756417E-02  8.28533860E-02  7.81339917E-02  7.35094820E-02  6.89465733E-02  6.45767119E-02  6.01820324E-02  5.60934066E-02  5.22213209E-02  4.83053224E-02  4.46559578E-02  4.11103290E-02  3.78338390E-02  3.46912206E-02  3.17278726E-02  2.88118078E-02  2.61569656E-02  2.36789252E-02  2.13290266E-02  1.91776975E-02  1.71398824E-02  1.52660097E-02  1.35492352E-02  1.19514919E-02  1.05457922E-02  9.20049473E-03  8.03922066E-03  6.93211646E-03  5.97978122E-03  5.10967750E-03  4.35182545E-03  3.67856485E-03  3.09062565E-03  2.59383729E-03  2.11935287E-03  1.74449189E-03  1.42187496E-03  1.13579968E-03  9.01391021E-04  7.19811187E-04  5.59054724E-04  4.39210316E-04  3.34078893E-04  2.49594343E-04  1.93920190E-04  1.43270257E-04  9.71512250E-05  7.06657613E-05  5.17637596E-05  3.66741867E-05  2.19998807E-05  1.52636662E-05  8.47022163E-06  5.83327120E-06  3.43307501E-06  1.79159426E-06  1.72556180E-06  1.15210045E-06  4.34247761E-07  1.98935679E-07  2.02633878E-07  2.67107338E-07  9.66659287E-09  7.51111457E-08  0.00000000E+00  0.00000000E+00  0.00000000E+00  0.00000000E+00  0.00000000E+00  0.00000000E+00  0.00000000E+00  0.00000000E+00  0.00000000E+00  0.00000000E+00  0.00000000E+00  0.00000000E+00  0.00000000E+00  0.00000000E+00  0.00000000E+00  0.00000000E+00  0.00000000E+00  0.00000000E+00  0.00000000E+00  0.00000000E+00  0.00000000E+00  0.00000000E+00  0.00000000E+00  0.00000000E+00  0.00000000E+00  0.00000000E+00  0.00000000E+00  0.00000000E+00  0.00000000E+00  0.00000000E+00  0.00000000E+00  0.00000000E+00  0.00000000E+00  0.00000000E+00  0.00000000E+00  0.00000000E+00  0.00000000E+00  0.00000000E+00  0.00000000E+00  0.00000000E+00  0.00000000E+00  0.00000000E+00  0.00000000E+00  0.00000000E+00  0.00000000E+00  0.00000000E+00  0.00000000E+00  0.00000000E+00  0.00000000E+00  0.00000000E+00  0.00000000E+00  0.00000000E+00  0.00000000E+00  0.00000000E+00  0.00000000E+00  0.00000000E+00  0.00000000E+00  0.00000000E+00  0.00000000E+00  0.00000000E+00  0.00000000E+00  0.00000000E+00  0.00000000E+00  0.00000000E+00  0.00000000E+00  0.00000000E+00  0.00000000E+00  0.00000000E+00  0.00000000E+00  0.00000000E+00  0.00000000E+00  0.00000000E+00  0.00000000E+00  0.00000000E+00  0.00000000E+00  0.00000000E+00  0.00000000E+00  0.00000000E+00  0.00000000E+00  0.00000000E+00  0.00000000E+00  0.00000000E+00  0.00000000E+00  0.00000000E+00  0.00000000E+00  0.00000000E+00  0.00000000E+00  0.00000000E+00  0.00000000E+00  0.00000000E+00  0.00000000E+00  0.00000000E+00
  2.69703363E-01  2.69910056E-01  2.70305709E-01  2.68738992E-01  2.68975501E-01  2.66453519E-01  2.64990029E-01  2.63309055E-01  2.61180418E-01  2.58850190E-01  2.56630876E-01  2.53872748E-01  2.50914032E-01  2.48029498E-01  2.43829592E-01  2.40611217E-01  2.36773709E-01  2.33000739E-01  2.29096229E-01  2.24511054E-01  2.19893647E-01  2.15368083E-01  2.10063286E-01  2.05251001E-01  2.00240271E-01  1.95220433E-01  1.89978068E-01  1.84600902E-01  1.78879466E-01  1.73805841E-01  1.67935382E-01  1.62548850E-01  1.57019951E-01  1.51201851E-01  1.45628039E-01  1.40004388E-01  1.34552698E-01  1.28741402E-01  1.23122429E-01  1.17722385E-01  1.12048972E-01  1.06837039E-01  1.01470971E-01  9.62942275E-02  9.09701007E-02  8.59290600E-02  8.10076661E-02  7.62212518E-02  7.12744155E-02  6.70268004E-02  6.25735808E-02  5.82407430E-02  5.41569510E-02  5.02253156E-02  4.64885197E-02  4.28587086E-02  3.94601608E-02  3.62394065E-02  3.30611958E-02  3.01432619E-02  2.74618955E-02  2.47608382E-02  2.23304571E-02  2.01033173E-02  1.79542256E-02  1.59453774E-02  1.41730124E-02  1.25352647E-02  1.10607990E-02  9.73307633E-03  8.43399189E-03  7.31655703E-03  6.29776775E-03  5.38310441E-03  4.59896480E-03  3.88708373E-03  3.27996935E-03  2.71716511E-03  2.25251260E-03  1.85386283E-03  1.50758498E-03  1.21729687E-03  9.70059064E-04  7.62451042E-04  5.88541032E-04  4.57898178E-04  3.52339514E-04  2.65219784E-04  2.00949978E-04  1.43972824E-04  1.07788307E-04  7.70066298E-05  5.23206783E-05  3.45253904E-05  2.58049110E-05  1.56210980E-05  1.24225176E-05  6.61442230E-06  4.17637510E-06  2.87150098E-06  1.18967553E-06  1.09184040E-06  5.62454242E-07  2.79290091E-07  1.45262799E-07  0.00000000E+00  0.00000000E+00  0.00000000E+00  0.00000000E+00  0.00000000E+00  0.00000000E+00  0.00000000E+00  0.00000000E+00  0.00000000E+00  0.00000000E+00  0.00000000E+00  0.00000000E+00  0.00000000E+00  0.00000000E+00  0.00000000E+00  0.00000000E+00  0.00000000E+00  0.00000000E+00  0.00000000E+00  0.00000000E+00  0.00000000E+00  0.00000000E+00  0.00000000E+00  0.00000000E+00  0.00000000E+00  0.00000000E+00  0.00000000E+00  0.00000000E+00  0.00000000E+00  0.00000000E+00  0.00000000E+00  0.00000000E+00  0.00000000E+00  0.00000000E+00  0.00000000E+00  0.00000000E+00  0.00000000E+00  0.00000000E+00  0.00000000E+00  0.00000000E+00  0.00000000E+00  0.00000000E+00  0.00000000E+00  0.00000000E+00  0.00000000E+00  0.00000000E+00  0.00000000E+00  0.00000000E+00  0.00000000E+00  0.00000000E+00  0.00000000E+00  0.00000000E+00  0.00000000E+00  0.00000000E+00  0.00000000E+00  0.00000000E+00  0.00000000E+00  0.00000000E+00  0.00000000E+00  0.00000000E+00  0.00000000E+00  0.00000000E+00  0.00000000E+00  0.00000000E+00  0.00000000E+00  0.00000000E+00  0.00000000E+00  0.00000000E+00  0.00000000E+00  0.00000000E+00  0.00000000E+00  0.00000000E+00  0.00000000E+00  0.00000000E+00  0.00000000E+00  0.00000000E+00  0.00000000E+00  0.00000000E+00  0.00000000E+00  0.00000000E+00  0.00000000E+00  0.00000000E+00  0.00000000E+00  0.00000000E+00  0.00000000E+00  0.00000000E+00  0.00000000E+00  0.00000000E+00  0.00000000E+00  0.00000000E+00  0.00000000E+00  0.00000000E+00  0.00000000E+00  0.00000000E+00  0.00000000E+00
  2.70352711E-01  2.71857761E-01  2.68889322E-01  2.67484009E-01  2.67220780E-01  2.65242440E-01  2.64050545E-01  2.62432918E-01  2.60485194E-01  2.58333187E-01  2.56650599E-01  2.53429789E-01  2.50676196E-01  2.47439874E-01  2.44182823E-01  2.39791406E-01  2.36631443E-01  2.32503129E-01  2.28487738E-01  2.24202333E-01  2.19680781E-01  2.15167853E-01  2.10470148E-01  2.05238050E-01  2.00580424E-01  1.94902439E-01  1.89793137E-01  1.84503315E-01  1.79293302E-01  1.73590950E-01  1.68177125E-01  1.62353738E-01  1.56820124E-01  1.51144757E-01  1.45689547E-01  1.39912811E-01  1.34298334E-01  1.28972554E-01  1.23325512E-01  1.17765705E-01  1.12231977E-01  1.06959629E-01  1.01560649E-01  9.64455602E-02  9.12126966E-02  8.60740318E-02  8.11526966E-02  7.62480373E-02  7.15745444E-02  6.71157327E-02  6.26064414E-02  5.83313963E-02  5.42924383E-02  5.03589802E-02  4.64820791E-02  4.28720871E-02  3.94975462E-02  3.61277186E-02  3.31334967E-02  3.01560921E-02  2.73847062E-02  2.47933828E-02  2.24010620E-02  2.00582119E-02  1.80227902E-02  1.60460408E-02  1.42501067E-02  1.25752478E-02  1.10732128E-02  9.68504498E-03  8.44538259E-03  7.28687919E-03  6.30352260E-03  5.35498583E-03  4.57592254E-03  3.88968279E-03  3.23171951E-03  2.71342143E-03  2.25293818E-03  1.83965942E-03  1.51064675E-03  1.21175275E-03  9.68399887E-04  7.63876883E-04  5.95104507E-04  4.72541496E-04  3.49219883E-04  2.68537229E-04  1.95086651E-04  1.44076799E-04  1.03138138E-04  7.75605899E-05  5.18554155E-05  3.94652687E-05  2.67084802E-05  1.57929442E-05  1.06471849E-05  6.48709447E-06  4.00525418E-06  2.96036049E-06  1.16677785E-06  7.79999647E-07  3.86785761E-07  2.69148272E-07  1.26718612E-07  2.75526193E-08  0.00000000E+00  5.63333593E-09  2.15814744E-08  0.00000000E+00  0.00000000E+00  0.00000000E+00  0.00000000E+00  0.00000000E+00  0.00000000E+00  0.00000000E+00  0.00000000E+00  0.00000000E+00  0.00000000E+00  0.00000000E+00  0.00000000E+00  0.00000000E+00  0.00000000E+00  0.00000000E+00  0.00000000E+00  0.00000000E+00  0.00000000E+00  0.00000000E+00  0.00000000E+00  0.00000000E+00  0.00000000E+00  0.00000000E+00  0.00000000E+00  0.00000000E+00  0.00000000E+00  0.00000000E+00  0.00000000E+00  0.00000000E+00  0.00000000E+00  0.00000000E+00  0.00000000E+00  0.00000000E+00  0.00000000E+00  0.00000000E+00  0.00000000E+00  0.00000000E+00  0.00000000E+00  0.00000000E+00  0.00000000E+00  0.00000000E+00  0.00000000E+00  0.00000000E+00  0.00000000E+00  0.00000000E+00  0.00000000E+00  0.00000000E+00  0.00000000E+00  0.00000000E+00  0.00000000E+00  0.00000000E+00  0.00000000E+00  0.00000000E+00  0.00000000E+00  0.00000000E+00  0.00000000E+00  0.00000000E+00  0.00000000E+00  0.00000000E+00  0.00000000E+00  0.00000000E+00  0.00000000E+00  0.00000000E+00  0.00000000E+00  0.00000000E+00  0.00000000E+00  0.00000000E+00  0.00000000E+00  0.00000000E+00  0.00000000E+00  0.00000000E+00  0.00000000E+00  0.00000000E+00  0.00000000E+00  0.00000000E+00  0.00000000E+00  0.00000000E+00  0.00000000E+00  0.00000000E+00  0.00000000E+00  0.00000000E+00  0.00000000E+00  0.00000000E+00  0.00000000E+00  0.00000000E+00  0.00000000E+00  0.00000000E+00  0.00000000E+00  0.00000000E+00  0.00000000E+00  0.00000000E+00
  2.68269947E-01  2.69866911E-01  2.68546085E-01  2.68664914E-01  2.66794333E-01  2.65082951E-01  2.63751877E-01  2.62356466E-01  2.60600387E-01  2.58127595E-01  2.55811416E-01  2.53398771E-01  2.49842461E-01  2.46810271E-01  2.43551514E-01  2.40064285E-01  2.36049582E-01  2.32433052E-01  2.28311683E-01  2.23891001E-01  2.19544991E-01  2.14826558E-01  2.10160900E-01  2.05424042E-01  2.00127167E-01  1.94953855E-01  1.89604711E-01  1.84387216E-01  1.78905819E-01  1.73536680E-01  1.68071292E-01  1.62248314E-01  1.56998153E-01  1.51329750E-01  1.45769937E-01  1.40129314E-01  1.34429586E-01  1.28695395E-01  1.23414966E-01  1.17869574E-01  1.12123394E-01  1.06878318E-01  1.01733386E-01  9.62851924E-02  9.11178418E-02  8.60805424E-02  8.10632409E-02  7.63501230E-02  7.16203873E-02  6.72231380E-02  6.27901599E-02  5.84352251E-02  5.43326122E-02  5.02993164E-02  4.66332842E-02  4.30510343E-02  3.96022132E-02  3.62235578E-02  3.31808854E-02  3.02627640E-02  2.74170763E-02  2.48448298E-02  2.23787840E-02  2.01496188E-02  1.80888974E-02  1.60519268E-02  1.43428226E-02  1.25666228E-02  1.10646709E-02  9.72407564E-03  8.50114982E-03  7.30856756E-03  6.33266635E-03  5.39157819E-03  4.58453836E-03  3.88213639E-03  3.25922884E-03  2.72248617E-03  2.24491594E-03  1.84070199E-03  1.50332182E-03  1.20951394E-03  9.83325627E-04  7.62044177E-04  5.96367514E-04  4.62235951E-04  3.60706136E-04  2.68551301E-04  2.00924431E-04  1.51943071E-04  1.10387298E-04  7.57306023E-05  5.38565693E-05  3.58334942E-05  2.58689939E-05  1.52894537E-05  1.09383671E-05  7.06038028E-06  3.78699816E-06  2.57367963E-06  1.39093417E-06  7.75226575E-07  7.23746268E-07  2.52765334E-07  8.49941912E-08  4.19029419E-08  3.88559125E-08  3.75555728E-10  2.30698520E-08  0.00000000E+00  0.00000000E+00  0.00000000E+00  0.00000000E+00  0.00000000E+00  0.00000000E+00  0.00000000E+00  0.00000000E+00  0.00000000E+00  0.00000000E+00  0.00000000E+00  0.00000000E+00  0.00000000E+00  0.00000000E+00  0.00000000E+00  0.00000000E+00  0.00000000E+00  0.00000000E+00  0.00000000E+00  0.00000000E+00  0.00000000E+00  0.00000000E+00  0.00000000E+00  0.00000000E+00  0.00000000E+00  0.00000000E+00  0.00000000E+00  0.00000000E+00  0.00000000E+00  0.00000000E+00  0.00000000E+00  0.00000000E+00  0.00000000E+00  0.00000000E+00  0.00000000E+00  0.00000000E+00  0.00000000E+00  0.00000000E+00  0.00000000E+00  0.00000000E+00  0.00000000E+00  0.00000000E+00  0.00000000E+00  0.00000000E+00  0.00000000E+00  0.00000000E+00  0.00000000E+00  0.00000000E+00  0.00000000E+00  0.00000000E+00  0.00000000E+00  0.00000000E+00  0.00000000E+00  0.00000000E+00  0.00000000E+00  0.00000000E+00  0.00000000E+00  0.00000000E+00  0.00000000E+00  0.00000000E+00  0.00000000E+00  0.00000000E+00  0.00000000E+00  0.00000000E+00  0.00000000E+00  0.00000000E+00  0.00000000E+00  0.00000000E+00  0.00000000E+00  0.00000000E+00  0.00000000E+00  0.00000000E+00  0.00000000E+00  0.00000000E+00  0.00000000E+00  0.00000000E+00  0.00000000E+00  0.00000000E+00  0.00000000E+00  0.00000000E+00  0.00000000E+00  0.00000000E+00  0.00000000E+00  0.00000000E+00  0.00000000E+00  0.00000000E+00  0.00000000E+00  0.00000000E+00  0.00000000E+00  0.00000000E+00  0.00000000E+00
  2.59923430E-01  2.59001275E-01  2.61038714E-01  2.59671467E-01  2.59218482E-01  2.58757183E-01  2.56282000E-01  2.54766628E-01  2.52336686E-01  2.50256204E-01  2.48281647E-01  2.45128412E-01  2.42802254E-01  2.39993796E-01  2.36539404E-01  2.32941650E-01  2.29046654E-01  2.25464560E-01  2.21480497E-01  2.17022957E-01  2.12821287E-01  2.08505135E-01  2.03843504E-01  1.99186295E-01  1.94197538E-01  1.88813375E-01  1.83935914E-01  1.78889764E-01  1.73554215E-01  1.68159228E-01  1.62992544E-01  1.57290884E-01  1.51983628E-01  1.46484417E-01  1.41026621E-01  1.35523458E-01  1.30025847E-01  1.24461639E-01  1.19010385E-01  1.13862685E-01  1.08353625E-01  1.03223897E-01  9.80094301E-02  9.30843559E-02  8.80390964E-02  8.30868475E-02  7.82878612E-02  7.37266116E-02  6.90744222E-02  6.46331295E-02  6.03125446E-02  5.61396528E-02  5.22616866E-02  4.85274652E-02  4.47593489E-02  4.13272240E-02  3.79657398E-02  3.47743449E-02  3.18683476E-02  2.89666156E-02  2.63667114E-02  2.37934802E-02  2.14765551E-02  1.92506590E-02  1.72386746E-02  1.54269707E-02  1.36338414E-02  1.20370658E-02  1.05847458E-02  9.25930750E-03  8.06165789E-03  6.96604692E-03  6.00047715E-03  5.15056854E-03  4.37659097E-03  3.71281922E-03  3.10018041E-03  2.59879839E-03  2.14106722E-03  1.74959301E-03  1.44394980E-03  1.15148814E-03  9.34272131E-04  7.24632647E-04  5.68720890E-04  4.45553952E-04  3.48188874E-04  2.61907645E-04  1.92484580E-04  1.41906171E-04  1.02560882E-04  7.39727552E-05  5.23841827E-05  3.51573131E-05  2.27757113E-05  1.65885521E-05  1.01263202E-05  6.37860701E-06  5.02747112E-06  3.14883190E-06  1.88885847E-06  8.76455493E-07  7.54271621E-07  2.53935544E-07  1.13196809E-07  2.48738924E-09  2.12285961E-08  2.79789018E-08  0.00000000E+00  0.00000000E+00  0.00000000E+00  0.00000000E+00  0.00000000E+00  0.00000000E+00  0.00000000E+00  0.00000000E+00  0.00000000E+00  0.00000000E+00  0.00000000E+00  0.00000000E+00  0.00000000E+00  0.00000000E+00  0.00000000E+00  0.00000000E+00  0.00000000E+00  0.00000000E+00  0.00000000E+00  0.00000000E+00  0.00000000E+00  0.00000000E+00  0.00000000E+00  0.00000000E+00  0.00000000E+00  0.00000000E+00  0.00000000E+00  0.00000000E+00  0.00000000E+00  0.00000000E+00  0.00000000E+00  0.00000000E+00  0.00000000E+00  0.00000000E+00  0.00000000E+00  0.00000000E+00  0.00000000E+00  0.00000000E+00  0.00000000E+00  0.00000000E+00  0.00000000E+00  0.00000000E+00  0.00000000E+00  0.00000000E+00  0.00000000E+00  0.00000000E+00  0.00000000E+00  0.00000000E+00  0.00000000E+00  0.00000000E+00  0.00000000E+00  0.00000000E+00  0.00000000E+00  0.00000000E+00  0.00000000E+00  0.00000000E+00  0.00000000E+00  0.00000000E+00  0.00000000E+00  0.00000000E+00  0.00000000E+00  0.00000000E+00  0.00000000E+00  0.00000000E+00  0.00000000E+00  0.00000000E+00  0.00000000E+00  0.00000000E+00  0.00000000E+00  0.00000000E+00  0.00000000E+00  0.00000000E+00  0.00000000E+00  0.00000000E+00  0.00000000E+00  0.00000000E+00  0.00000000E+00  0.00000000E+00  0.00000000E+00  0.00000000E+00  0.00000000E+00  0.00000000E+00  0.00000000E+00  0.00000000E+00  0.00000000E+00  0.00000000E+00  0.00000000E+00  0.00000000E+00  0.00000000E+00  0.00000000E+00  0.00000000E+00  0.00000000E+00
  2.71466217E-01  2.70880416E-01  2.70167039E-01  2.68964874E-01  2.67794918E-01  2.66744130E-01  2.65618314E-01  2.63151721E-01  2.61477370E-01  2.58912131E-01  2.57164953E-01  2.53778882E-01  2.50492606E-01  2.47632185E-01  2.44227131E-01  2.41012661E-01  2.36780540E-01  2.33011613E-01  2.28588855E-01  2.24405369E-01  2.19856169E-01  2.15263097E-01  2.10208145E-01  2.05559476E-01  2.00601253E-01  1.95503565E-01  1.90100985E-01  1.84754004E-01  1.79124315E-01  1.73687434E-01  1.68246180E-01  1.62484615E-01  1.57056798E-01  1.51261350E-01  1.45529452E-01  1.39990726E-01  1.34459724E-01  1.28887416E-01  1.23186126E-01  1.17753866E-01  1.12192003E-01  1.06706957E-01  1.01371976E-01  9.60722511E-02  9.09758077E-02  8.58255096E-02  8.09686939E-02  7.61476647E-02  7.14716459E-02  6.69955923E-02  6.25302502E-02  5.83355691E-02  5.42475948E-02  5.02765793E-02  4.65900915E-02  4.29490002E-02  3.94419676E-02  3.61921966E-02  3.30680684E-02  3.00670357E-02  2.73364623E-02  2.47505518E-02  2.22941153E-02  2.00433327E-02  1.79580431E-02  1.60158476E-02  1.41853891E-02  1.25237987E-02  1.09748854E-02  9.65011457E-03  8.42393748E-03  7.26666428E-03  6.26688939E-03  5.35292904E-03  4.54326682E-03  3.84397687E-03  3.22928688E-03  2.69288394E-03  2.22918182E-03  1.82856645E-03  1.50860657E-03  1.20590348E-03  9.63275794E-04  7.69695804E-04  6.03570734E-04  4.61035880E-04  3.60528778E-04  2.65833211E-04  1.99021690E-04  1.50550341E-04  1.06481897E-04  7.65865820E-05  5.43809719E-05  3.65981919E-05  2.78965776E-05  1.69576094E-05  1.01177437E-05  7.15333996E-06  4.12083765E-06  2.54892881E-06  1.43954154E-06  9.64160707E-07  3.23371802E-07  3.24928276E-07  1.13776315E-07  9.01200257E-08  1.53528240E-08  1.72755635E-08  0.00000000E+00  0.00000000E+00  0.00000000E+00  0.00000000E+00  0.00000000E+00  0.00000000E+00  0.00000000E+00  0.00000000E+00  0.00000000E+00  0.00000000E+00  0.00000000E+00  0.00000000E+00  0.00000000E+00  0.00000000E+00  0.00000000E+00  0.00000000E+00  0.00000000E+00  0.00000000E+00  0.00000000E+00  0.00000000E+00  0.00000000E+00  0.00000000E+00  0.00000000E+00  0.00000000E+00  0.00000000E+00  0.00000000E+00  0.00000000E+00  0.00000000E+00  0.00000000E+00  0.00000000E+00  0.00000000E+00  0.00000000E+00  0.00000000E+00  0.00000000E+00  0.00000000E+00  0.00000000E+00  0.00000000E+00  0.00000000E+00  0.00000000E+00  0.00000000E+00  0.00000000E+00  0.00000000E+00  0.00000000E+00  0.00000000E+00  0.00000000E+00  0.00000000E+00  0.00000000E+00  0.00000000E+00  0.00000000E+00  0.00000000E+00  0.00000000E+00  0.00000000E+00  0.00000000E+00  0.00000000E+00  0.00000000E+00  0.00000000E+00  0.00000000E+00  0.00000000E+00  0.00000000E+00  0.00000000E+00  0.00000000E+00  0.00000000E+00  0.00000000E+00  0.00000000E+00  0.00000000E+00  0.00000000E+00  0.00000000E+00  0.00000000E+00  0.00000000E+00  0.00000000E+00  0.00000000E+00  0.00000000E+00  0.00000000E+00  0.00000000E+00  0.00000000E+00  0.00000000E+00  0.00000000E+00  0.00000000E+00  0.00000000E+00  0.00000000E+00  0.00000000E+00  0.00000000E+00  0.00000000E+00  0.00000000E+00  0.00000000E+00  0.00000000E+00  0.00000000E+00  0.00000000E+00  0.00000000E+00  0.00000000E+00  0.00000000E+00  0.00000000E+00
  2.72629099E-01  2.69280733E-01  2.69211727E-01  2.68882429E-01  2.67559405E-01  2.66181179E-01  2.65134589E-01  2.63266971E-01  2.59901879E-01  2.58645721E-01  2.55935078E-01  2.53225567E-01  2.50252217E-01  2.47132775E-01  2.43426367E-01  2.40255897E-01  2.36168939E-01  2.32565884E-01  2.28384482E-01  2.24391993E-01  2.19989712E-01  2.14886857E-01  2.10237130E-01  2.05120733E-01  2.00276503E-01  1.95014496E-01  1.89938165E-01  1.84389483E-01  1.79540323E-01  1.73625774E-01  1.67984818E-01  1.62446725E-01  1.56714584E-01  1.50928294E-01  1.45689665E-01  1.40054711E-01  1.34356555E-01  1.28716887E-01  1.23108512E-01  1.17641090E-01  1.12359099E-01  1.06730036E-01  1.01335517E-01  9.62304337E-02  9.12542364E-02  8.60487681E-02  8.11085872E-02  7.63155410E-02  7.16149641E-02  6.71899911E-02  6.27819379E-02  5.84801515E-02  5.42465105E-02  5.04600994E-02  4.66156138E-02  4.30504287E-02  3.96005797E-02  3.62538661E-02  3.31329383E-02  3.01857854E-02  2.74113395E-02  2.48056737E-02  2.23509478E-02  2.00730508E-02  1.79836375E-02  1.60230243E-02  1.42113733E-02  1.25945021E-02  1.10750242E-02  9.67504777E-03  8.43321164E-03  7.29941717E-03  6.31600681E-03  5.41004808E-03  4.60142046E-03  3.88600063E-03  3.28070238E-03  2.71272468E-03  2.26125949E-03  1.83646544E-03  1.49713108E-03  1.20245846E-03  9.56939309E-04  7.66701489E-04  5.98257126E-04  4.67145310E-04  3.55021817E-04  2.64424566E-04  2.02656104E-04  1.52295595E-04  1.07118261E-04  7.54184344E-05  5.30602541E-05  3.80176972E-05  2.53069867E-05  1.72235166E-05  1.06768888E-05  6.44568704E-06  4.71207580E-06  2.51870035E-06  1.55885055E-06  5.22651472E-07  4.52562973E-07  3.41311215E-07  5.69847418E-08  4.40076558E-08  1.61109881E-08  0.00000000E+00  0.00000000E+00  0.00000000E+00  0.00000000E+00  0.00000000E+00  0.00000000E+00  0.00000000E+00  0.00000000E+00  0.00000000E+00  0.00000000E+00  0.00000000E+00  0.00000000E+00  0.00000000E+00  0.00000000E+00  0.00000000E+00  0.00000000E+00  0.00000000E+00  0.00000000E+00  0.00000000E+00  0.00000000E+00  0.00000000E+00  0.00000000E+00  0.00000000E+00  0.00000000E+00  0.00000000E+00  0.00000000E+00  0.00000000E+00  0.00000000E+00  0.00000000E+00  0.00000000E+00  0.00000000E+00  0.00000000E+00  0.00000000E+00  0.00000000E+00  0.00000000E+00  0.00000000E+00  0.00000000E+00  0.00000000E+00  0.00000000E+00  0.00000000E+00  0.00000000E+00  0.00000000E+00  0.00000000E+00  0.00000000E+00  0.00000000E+00  0.00000000E+00  0.00000000E+00  0.00000000E+00  0.00000000E+00  0.00000000E+00  0.00000000E+00  0.00000000E+00  0.00000000E+00  0.00000000E+00  0.00000000E+00  0.00000000E+00  0.00000000E+00  0.00000000E+00  0.00000000E+00  0.00000000E+00  0.00000000E+00  0.00000000E+00  0.00000000E+00  0.00000000E+00  0.00000000E+00  0.00000000E+00  0.00000000E+00  0.00000000E+00  0.00000000E+00  0.00000000E+00  0.00000000E+00  0.00000000E+00  0.00000000E+00  0.00000000E+00  0.00000000E+00  0.00000000E+00  0.00000000E+00  0.00000000E+00  0.00000000E+00  0.00000000E+00  0.00000000E+00  0.00000000E+00  0.00000000E+00  0.00000000E+00  0.00000000E+00  0.00000000E+00  0.00000000E+00  0.00000000E+00  0.00000000E+00  0.00000000E+00  0.00000000E+00  0.00000000E+00  0.00000000E+00
  2.63688303E-01  2.64290509E-01  2.63757606E-01  2.63522316E-01  2.62219189E-01  2.61780322E-01  2.59804537E-01  2.58576306E-01  2.56031375E-01  2.53819908E-01  2.52230759E-01  2.49123594E-01  2.46301287E-01  2.42593571E-01  2.39510444E-01  2.36177256E-01  2.32536146E-01  2.28634907E-01  2.24194797E-01  2.20269546E-01  2.15700928E-01  2.11202739E-01  2.06614994E-01  2.01482795E-01  1.96441563E-01  1.91539964E-01  1.86244010E-01  1.80993263E-01  1.75759523E-01  1.70315493E-01  1.64918929E-01  1.59425349E-01  1.53758840E-01  1.48453076E-01  1.42528318E-01  1.37102543E-01  1.31770346E-01  1.25967663E-01  1.20557209E-01  1.15201802E-01  1.09787243E-01  1.04456047E-01  9.92568635E-02  9.42422911E-02  8.91040367E-02  8.40458098E-02  7.92908153E-02  7.45786231E-02  6.99247773E-02  6.55943701E-02  6.11684969E-02  5.69286663E-02  5.29008049E-02  4.90636945E-02  4.53938868E-02  4.18234028E-02  3.84708548E-02  3.52599629E-02  3.21981598E-02  2.93439773E-02  2.66241429E-02  2.41023784E-02  2.17100307E-02  1.95631666E-02  1.74722389E-02  1.55545276E-02  1.38296613E-02  1.21661496E-02  1.07036311E-02  9.36172432E-03  8.17033911E-03  7.03693691E-03  6.09817602E-03  5.20502658E-03  4.41344703E-03  3.75772144E-03  3.16246792E-03  2.61145339E-03  2.17266325E-03  1.77389532E-03  1.44156032E-03  1.16806726E-03  9.32724284E-04  7.36607489E-04  5.72049330E-04  4.52803484E-04  3.40470075E-04  2.48291588E-04  1.90856461E-04  1.44551793E-04  1.02586533E-04  7.59415086E-05  5.26654790E-05  3.61003396E-05  2.48111985E-05  1.65536756E-05  1.09000867E-05  6.60427748E-06  3.98127676E-06  2.90558408E-06  1.56608140E-06  8.29918034E-07  4.50593595E-07  2.60371698E-07  1.18412362E-07  4.43903312E-08  5.87577213E-09  0.00000000E+00  6.88374613E-09  0.00000000E+00  4.20163592E-09  0.00000000E+00  0.00000000E+00  0.00000000E+00  0.00000000E+00  0.00000000E+00  0.00000000E+00  0.00000000E+00  0.00000000E+00  0.00000000E+00  0.00000000E+00  0.00000000E+00  0.00000000E+00  0.00000000E+00  0.00000000E+00  0.00000000E+00  0.00000000E+00  0.00000000E+00  0.00000000E+00  0.00000000E+00  0.00000000E+00  0.00000000E+00  0.00000000E+00  0.00000000E+00  0.00000000E+00  0.00000000E+00  0.00000000E+00  0.00000000E+00  0.00000000E+00  0.00000000E+00  0.00000000E+00  0.00000000E+00  0.00000000E+00  0.00000000E+00  0.00000000E+00  0.00000000E+00  0.00000000E+00  0.00000000E+00  0.00000000E+00  0.00000000E+00  0.00000000E+00  0.00000000E+00  0.00000000E+00  0.00000000E+00  0.00000000E+00  0.00000000E+00  0.00000000E+00  0.00000000E+00  0.00000000E+00  0.00000000E+00  0.00000000E+00  0.00000000E+00  0.00000000E+00  0.00000000E+00  0.00000000E+00  0.00000000E+00  0.00000000E+00  0.00000000E+00  0.00000000E+00  0.00000000E+00  0.00000000E+00  0.00000000E+00  0.00000000E+00  0.00000000E+00  0.00000000E+00  0.00000000E+00  0.00000000E+00  0.00000000E+00  0.00000000E+00  0.00000000E+00  0.00000000E+00  0.00000000E+00  0.00000000E+00  0.00000000E+00  0.00000000E+00  0.00000000E+00  0.00000000E+00  0.00000000E+00  0.00000000E+00  0.00000000E+00  0.00000000E+00  0.00000000E+00  0.00000000E+00  0.00000000E+00  0.00000000E+00  0.00000000E+00  0.00000000E+00  0.00000000E+00  0.00000000E+00  0.00000000E+00
  2.70914127E-01  2.68583263E-01  2.68956913E-01  2.67661163E-01  2.66461679E-01  2.65800135E-01  2.63910161E-01  2.62404068E-01  2.59701649E-01  2.58217008E-01  2.55794113E-01  2.52919940E-01  2.49837636E-01  2.46508397E-01  2.42864599E-01  2.39878453E-01  2.36735191E-01  2.31948955E-01  2.28366904E-01  2.23790787E-01  2.19525469E-01  2.14946279E-01  2.10282095E-01  2.05309629E-01  2.00182141E-01  1.95064249E-01  1.89953745E-01  1.84553883E-01  1.79208399E-01  1.73646695E-01  1.68294691E-01  1.62517065E-01  1.56930286E-01  1.51139234E-01  1.45631598E-01  1.39839972E-01  1.34234436E-01  1.28555183E-01  1.23081410E-01  1.17757425E-01  1.12164527E-01  1.06881924E-01  1.01444705E-01  9.63729130E-02  9.12671673E-02  8.60604574E-02  8.12004731E-02  7.63517766E-02  7.16339952E-02  6.73240547E-02  6.27341576E-02  5.84789141E-02  5.43082116E-02  5.05226692E-02  4.67433315E-02  4.29850697E-02  3.95832915E-02  3.62698426E-02  3.31185469E-02  3.02224220E-02  2.74454807E-02  2.48064345E-02  2.24319403E-02  2.01540868E-02  1.80586933E-02  1.61115344E-02  1.42724462E-02  1.26278176E-02  1.10893113E-02  9.74248858E-03  8.44944787E-03  7.33134004E-03  6.31002170E-03  5.41765673E-03  4.60454321E-03  3.92248243E-03  3.26759829E-03  2.71398690E-03  2.26027282E-03  1.85867931E-03  1.51061215E-03  1.20926255E-03  9.55177367E-04  7.66788519E-04  5.99079381E-04  4.66452135E-04  3.58628015E-04  2.70501396E-04  2.10106265E-04  1.46588449E-04  1.10271311E-04  8.02269227E-05  5.48931538E-05  3.89689276E-05  2.66021026E-05  1.83695809E-05  1.18817806E-05  7.33636078E-06  4.37454747E-06  2.47183609E-06  1.18907296E-06  5.02167034E-07  5.19127935E-07  2.56080928E-07  5.96891024E-08  8.66759484E-08  2.46403348E-08  3.75555728E-09  0.00000000E+00  0.00000000E+00  0.00000000E+00  0.00000000E+00  0.00000000E+00  0.00000000E+00  0.00000000E+00  0.00000000E+00  0.00000000E+00  0.00000000E+00  0.00000000E+00  0.00000000E+00  0.00000000E+00  0.00000000E+00  0.00000000E+00  0.00000000E+00  0.00000000E+00  0.00000000E+00  0.00000000E+00  0.00000000E+00  0.00000000E+00  0.00000000E+00  0.00000000E+00  0.00000000E+00  0.00000000E+00  0.00000000E+00  0.00000000E+00  0.00000000E+00  0.00000000E+00  0.00000000E+00  0.00000000E+00  0.00000000E+00  0.00000000E+00  0.00000000E+00  0.00000000E+00  0.00000000E+00  0.00000000E+00  0.00000000E+00  0.00000000E+00  0.00000000E+00  0.00000000E+00  0.00000000E+00  0.00000000E+00  0.00000000E+00  0.00000000E+00  0.00000000E+00  0.00000000E+00  0.00000000E+00  0.00000000E+00  0.00000000E+00  0.00000000E+00  0.00000000E+00  0.00000000E+00  0.00000000E+00  0.00000000E+00  0.00000000E+00  0.00000000E+00  0.00000000E+00  0.00000000E+00  0.00000000E+00  0.00000000E+00  0.00000000E+00  0.00000000E+00  0.00000000E+00  0.00000000E+00  0.00000000E+00  0.00000000E+00  0.00000000E+00  0.00000000E+00  0.00000000E+00  0.00000000E+00  0.00000000E+00  0.00000000E+00  0.00000000E+00  0.00000000E+00  0.00000000E+00  0.00000000E+00  0.00000000E+00  0.00000000E+00  0.00000000E+00  0.00000000E+00  0.00000000E+00  0.00000000E+00  0.00000000E+00  0.00000000E+00  0.00000000E+00  0.00000000E+00  0.00000000E+00  0.00000000E+00  0.00000000E+00  0.00000000E+00  0.00000000E+00
  2.70154685E-01  2.69461318E-01  2.68769449E-01  2.68049076E-01  2.68052650E-01  2.66729302E-01  2.65124319E-01  2.63125778E-01  2.60964030E-01  2.59101647E-01  2.56431126E-01  2.53632466E-01  2.51164841E-01  2.47593702E-01  2.44092247E-01  2.40453566E-01  2.36691867E-01  2.32676551E-01  2.28885277E-01  2.24150274E-01  2.19900720E-01  2.15069161E-01  2.10626697E-01  2.05338409E-01  2.00156744E-01  1.95370699E-01  1.90242797E-01  1.84829059E-01  1.79417884E-01  1.73719615E-01  1.68082645E-01  1.62479582E-01  1.56977147E-01  1.51255350E-01  1.45563643E-01  1.39969251E-01  1.34395782E-01  1.28707613E-01  1.23213859E-01  1.17668110E-01  1.12225574E-01  1.06766587E-01  1.01452466E-01  9.60035288E-02  9.10573324E-02  8.60578589E-02  8.10418983E-02  7.61786387E-02  7.14782503E-02  6.70263094E-02  6.25158509E-02  5.83747322E-02  5.42771019E-02  5.03190856E-02  4.65422119E-02  4.29177088E-02  3.94178046E-02  3.61799048E-02  3.30444641E-02  3.01500580E-02  2.73680441E-02  2.47656625E-02  2.23063145E-02  2.00901260E-02  1.80061618E-02  1.60173485E-02  1.41921755E-02  1.25535315E-02  1.10411171E-02  9.64724088E-03  8.39732960E-03  7.29104770E-03  6.28053827E-03  5.37051102E-03  4.55777373E-03  3.87106851E-03  3.24696992E-03  2.71208967E-03  2.25266766E-03  1.84679235E-03  1.48853229E-03  1.20726870E-03  9.63268208E-04  7.57672129E-04  5.91843434E-04  4.62026771E-04  3.60714303E-04  2.63740545E-04  1.99784657E-04  1.45086782E-04  1.06078397E-04  7.26398094E-05  5.07601275E-05  3.66791523E-05  2.56043315E-05  1.62539487E-05  1.00514329E-05  7.01876582E-06  4.33130614E-06  2.49658691E-06  1.46565294E-06  6.92493313E-07  5.34489081E-07  3.21027577E-07  1.42558439E-07  6.18020559E-08  6.08426729E-08  5.82111379E-09  8.39072841E-08  0.00000000E+00  0.00000000E+00  0.00000000E+00  0.00000000E+00  0.00000000E+00  0.00000000E+00  0.00000000E+00  0.00000000E+00  0.00000000E+00  0.00000000E+00  0.00000000E+00  0.00000000E+00  0.00000000E+00  0.00000000E+00  0.00000000E+00  0.00000000E+00  0.00000000E+00  0.00000000E+00  0.00000000E+00  0.00000000E+00  0.00000000E+00  0.00000000E+00  0.00000000E+00  0.00000000E+00  0.00000000E+00  0.00000000E+00  0.00000000E+00  0.00000000E+00  0.00000000E+00  0.00000000E+00  0.00000000E+00  0.00000000E+00  0.00000000E+00  0.00000000E+00  0.00000000E+00  0.00000000E+00  0.00000000E+00  0.00000000E+00  0.00000000E+00  0.00000000E+00  0.00000000E+00  0.00000000E+00  0.00000000E+00  0.00000000E+00  0.00000000E+00  0.00000000E+00  0.00000000E+00  0.00000000E+00  0.00000000E+00  0.00000000E+00  0.00000000E+00  0.00000000E+00  0.00000000E+00  0.00000000E+00  0.00000000E+00  0.00000000E+00  0.00000000E+00  0.00000000E+00  0.00000000E+00  0.00000000E+00  0.00000000E+00  0.00000000E+00  0.00000000E+00  0.00000000E+00  0.00000000E+00  0.00000000E+00  0.00000000E+00  0.00000000E+00  0.00000000E+00  0.00000000E+00  0.00000000E+00  0.00000000E+00  0.00000000E+00  0.00000000E+00  0.00000000E+00  0.00000000E+00  0.00000000E+00  0.00000000E+00  0.00000000E+00  0.00000000E+00  0.00000000E+00  0.00000000E+00  0.00000000E+00  0.00000000E+00  0.00000000E+00  0.00000000E+00  0.00000000E+00  0.00000000E+00  0.00000000E+00  0.00000000E+00  0.00000000E+00
  2.62437854E-01  2.61586686E-01  2.59990117E-01  2.61458568E-01  2.59087362E-01  2.58617418E-01  2.56541799E-01  2.54632277E-01  2.53338293E-01  2.50525810E-01  2.47935065E-01  2.45658958E-01  2.42747245E-01  2.39518706E-01  2.36852453E-01  2.33075825E-01  2.29490069E-01  2.25516520E-01  2.21249633E-01  2.17229281E-01  2.12729563E-01  2.08279986E-01  2.03333255E-01  1.98832248E-01  1.94311569E-01  1.89517746E-01  1.83717011E-01  1.78890662E-01  1.73743990E-01  1.68394846E-01  1.62956252E-01  1.57443009E-01  1.51984792E-01  1.46670945E-01  1.41084309E-01  1.35728602E-01  1.30167450E-01  1.24509814E-01  1.19301856E-01  1.13790122E-01  1.08453588E-01  1.03173746E-01  9.80551414E-02  9.29324453E-02  8.79939203E-02  8.30517139E-02  7.83230063E-02  7.36334061E-02  6.91300730E-02  6.46600051E-02  6.02889912E-02  5.61606064E-02  5.23275037E-02  4.84904555E-02  4.48452636E-02  4.12731023E-02  3.78549909E-02  3.47612580E-02  3.17545310E-02  2.89582972E-02  2.63045272E-02  2.37389659E-02  2.14289140E-02  1.92345438E-02  1.72175427E-02  1.53531166E-02  1.35540829E-02  1.19956816E-02  1.05749041E-02  9.25533098E-03  8.02162495E-03  6.97698300E-03  6.00094964E-03  5.12889222E-03  4.36892350E-03  3.67829267E-03  3.08241267E-03  2.58839824E-03  2.13501755E-03  1.73128610E-03  1.41782144E-03  1.12409817E-03  9.03937653E-04  7.19768397E-04  5.63716165E-04  4.43561074E-04  3.33693606E-04  2.49810968E-04  1.91408443E-04  1.41999320E-04  1.00235352E-04  7.34962304E-05  4.98776121E-05  3.42902815E-05  2.44346045E-05  1.52112457E-05  9.75648541E-06  6.29165141E-06  4.27822791E-06  2.30446373E-06  1.58817566E-06  6.41381658E-07  3.26325869E-07  1.45691130E-07  1.47967160E-07  1.85597505E-08  1.38364957E-08  0.00000000E+00  0.00000000E+00  0.00000000E+00  0.00000000E+00  0.00000000E+00  0.00000000E+00  0.00000000E+00  0.00000000E+00  0.00000000E+00  0.00000000E+00  0.00000000E+00  0.00000000E+00  0.00000000E+00  0.00000000E+00  0.00000000E+00  0.00000000E+00  0.00000000E+00  0.00000000E+00  0.00000000E+00  0.00000000E+00  0.00000000E+00  0.00000000E+00  0.00000000E+00  0.00000000E+00  0.00000000E+00  0.00000000E+00  0.00000000E+00  0.00000000E+00  0.00000000E+00  0.00000000E+00  0.00000000E+00  0.00000000E+00  0.00000000E+00  0.00000000E+00  0.00000000E+00  0.00000000E+00  0.00000000E+00  0.00000000E+00  0.00000000E+00  0.00000000E+00  0.00000000E+00  0.00000000E+00  0.00000000E+00  0.00000000E+00  0.00000000E+00  0.00000000E+00  0.00000000E+00  0.00000000E+00  0.00000000E+00  0.00000000E+00  0.00000000E+00  0.00000000E+00  0.00000000E+00  0.00000000E+00  0.00000000E+00  0.00000000E+00  0.00000000E+00  0.00000000E+00  0.00000000E+00  0.00000000E+00  0.00000000E+00  0.00000000E+00  0.00000000E+00  0.00000000E+00  0.00000000E+00  0.00000000E+00  0.00000000E+00  0.00000000E+00  0.00000000E+00  0.00000000E+00  0.00000000E+00  0.00000000E+00  0.00000000E+00  0.00000000E+00  0.00000000E+00  0.00000000E+00  0.00000000E+00  0.00000000E+00  0.00000000E+00  0.00000000E+00  0.00000000E+00  0.00000000E+00  0.00000000E+00  0.00000000E+00  0.00000000E+00  0.00000000E+00  0.00000000E+00  0.00000000E+00  0.00000000E+00  0.00000000E+00  0.00000000E+00  0.00000000E+00  0.00000000E+00
  2.71184904E-01  2.70095687E-01  2.69802162E-01  2.69193151E-01  2.67738635E-01  2.66926109E-01  2.65230818E-01  2.62881286E-01  2.61698643E-01  2.59318612E-01  2.56425341E-01  2.53397605E-01  2.50469064E-01  2.47570177E-01  2.44438091E-01  2.40927398E-01  2.37159666E-01  2.32831246E-01  2.28671387E-01  2.23917122E-01  2.20214112E-01  2.15289911E-01  2.10650258E-01  2.05691395E-01  2.00817678E-01  1.95496324E-01  1.90251679E-01  1.84843873E-01  1.79541150E-01  1.73936817E-01  1.68362490E-01  1.62624390E-01  1.57138697E-01  1.51490110E-01  1.45597014E-01  1.40283271E-01  1.34407412E-01  1.28973136E-01  1.23264656E-01  1.17757785E-01  1.12338409E-01  1.06947396E-01  1.01404664E-01  9.63194123E-02  9.09624277E-02  8.60168323E-02  8.08289968E-02  7.61639037E-02  7.15458784E-02  6.68557722E-02  6.24956376E-02  5.81813722E-02  5.41697656E-02  5.01483770E-02  4.63950706E-02  4.27779972E-02  3.93739253E-02  3.60618634E-02  3.30160476E-02  3.00106872E-02  2.73366599E-02  2.46865634E-02  2.22628010E-02  2.00138641E-02  1.79400884E-02  1.59541493E-02  1.41732525E-02  1.25254252E-02  1.09374011E-02  9.58523086E-03  8.32776078E-03  7.24849564E-03  6.23854112E-03  5.34402353E-03  4.55454530E-03  3.82973616E-03  3.23006293E-03  2.71235899E-03  2.25233594E-03  1.82866573E-03  1.47725615E-03  1.19621736E-03  9.40101638E-04  7.53776570E-04  5.88516188E-04  4.58077374E-04  3.60155860E-04  2.61883883E-04  1.95195451E-04  1.40741240E-04  1.02815830E-04  7.34205600E-05  5.07457244E-05  3.46955151E-05  2.25465080E-05  1.51960269E-05  1.05317161E-05  6.70883123E-06  3.94233907E-06  2.22534226E-06  1.42728927E-06  6.66440290E-07  2.63896598E-07  1.73581132E-07  5.21555264E-08  3.99895655E-08  6.08426728E-08  0.00000000E+00  0.00000000E+00  0.00000000E+00  0.00000000E+00  0.00000000E+00  0.00000000E+00  0.00000000E+00  0.00000000E+00  0.00000000E+00  0.00000000E+00  0.00000000E+00  0.00000000E+00  0.00000000E+00  0.00000000E+00  0.00000000E+00  0.00000000E+00  0.00000000E+00  0.00000000E+00  0.00000000E+00  0.00000000E+00  0.00000000E+00  0.00000000E+00  0.00000000E+00  0.00000000E+00  0.00000000E+00  0.00000000E+00  0.00000000E+00  0.00000000E+00  0.00000000E+00  0.00000000E+00  0.00000000E+00  0.00000000E+00  0.00000000E+00  0.00000000E+00  0.00000000E+00  0.00000000E+00  0.00000000E+00  0.00000000E+00  0.00000000E+00  0.00000000E+00  0.00000000E+00  0.00000000E+00  0.00000000E+00  0.00000000E+00  0.00000000E+00  0.00000000E+00  0.00000000E+00  0.00000000E+00  0.00000000E+00  0.00000000E+00  0.00000000E+00  0.00000000E+00  0.00000000E+00  0.00000000E+00  0.00000000E+00  0.00000000E+00  0.00000000E+00  0.00000000E+00  0.00000000E+00  0.00000000E+00  0.00000000E+00  0.00000000E+00  0.00000000E+00  0.00000000E+00  0.00000000E+00  0.00000000E+00  0.00000000E+00  0.00000000E+00  0.00000000E+00  0.00000000E+00  0.00000000E+00  0.00000000E+00  0.00000000E+00  0.00000000E+00  0.00000000E+00  0.00000000E+00  0.00000000E+00  0.00000000E+00  0.00000000E+00  0.00000000E+00  0.00000000E+00  0.00000000E+00  0.00000000E+00  0.00000000E+00  0.00000000E+00  0.00000000E+00  0.00000000E+00  0.00000000E+00  0.00000000E+00  0.00000000E+00  0.00000000E+00  0.00000000E+00  0.00000000E+00
  2.60734105E-01  2.63052414E-01  2.61125029E-01  2.60899510E-01  2.60169392E-01  2.58209548E-01  2.57191984E-01  2.55229552E-01  2.52655235E-01  2.51068993E-01  2.48732401E-01  2.45646967E-01  2.43183971E-01  2.39810189E-01  2.36911505E-01  2.33239130E-01  2.29511797E-01  2.25752122E-01  2.21633745E-01  2.17382907E-01  2.12783729E-01  2.08660970E-01  2.03680432E-01  1.99130069E-01  1.94366152E-01  1.89329718E-01  1.84408962E-01  1.78810199E-01  1.73493190E-01  1.68294586E-01  1.62969924E-01  1.57569114E-01  1.51833576E-01  1.46514236E-01  1.41072591E-01  1.35478490E-01  1.30172452E-01  1.24724998E-01  1.19252362E-01  1.13889887E-01  1.08373700E-01  1.03124792E-01  9.80552668E-02  9.29849501E-02  8.78454312E-02  8.30402083E-02  7.82533976E-02  7.34736756E-02  6.89510692E-02  6.45612420E-02  6.03661378E-02  5.61653319E-02  5.22673517E-02  4.83676567E-02  4.47545105E-02  4.13542410E-02  3.79227555E-02  3.47546468E-02  3.17020623E-02  2.89382621E-02  2.61757621E-02  2.37508823E-02  2.13688036E-02  1.92125505E-02  1.71725101E-02  1.53083601E-02  1.35689921E-02  1.19816644E-02  1.05081599E-02  9.23532290E-03  7.99214577E-03  6.94551919E-03  5.97748418E-03  5.12773159E-03  4.34479390E-03  3.68684945E-03  3.08246676E-03  2.57428957E-03  2.12911086E-03  1.74512566E-03  1.40707465E-03  1.15297250E-03  9.20651271E-04  7.23213575E-04  5.69554612E-04  4.39487019E-04  3.35256455E-04  2.51945853E-04  1.90044911E-04  1.39084400E-04  9.70905551E-05  7.07438584E-05  4.90922084E-05  3.48725485E-05  2.33443404E-05  1.61520669E-05  9.20842701E-06  6.30862846E-06  3.98414585E-06  2.05979578E-06  1.60344079E-06  8.49805838E-07  4.05691786E-07  2.14733513E-07  2.23689258E-07  3.09966967E-08  2.12285961E-08  1.03277825E-08  0.00000000E+00  0.00000000E+00  0.00000000E+00  0.00000000E+00  0.00000000E+00  0.00000000E+00  0.00000000E+00  0.00000000E+00  0.00000000E+00  0.00000000E+00  0.00000000E+00  0.00000000E+00  0.00000000E+00  0.00000000E+00  0.00000000E+00  0.00000000E+00  0.00000000E+00  0.00000000E+00  0.00000000E+00  0.00000000E+00  0.00000000E+00  0.00000000E+00  0.00000000E+00  0.00000000E+00  0.00000000E+00  0.00000000E+00  0.00000000E+00  0.00000000E+00  0.00000000E+00  0.00000000E+00  0.00000000E+00  0.00000000E+00  0.00000000E+00  0.00000000E+00  0.00000000E+00  0.00000000E+00  0.00000000E+00  0.00000000E+00  0.00000000E+00  0.00000000E+00  0.00000000E+00  0.00000000E+00  0.00000000E+00  0.00000000E+00  0.00000000E+00  0.00000000E+00  0.00000000E+00  0.00000000E+00  0.00000000E+00  0.00000000E+00  0.00000000E+00  0.00000000E+00  0.00000000E+00  0.00000000E+00  0.00000000E+00  0.00000000E+00  0.00000000E+00  0.00000000E+00  0.00000000E+00  0.00000000E+00  0.00000000E+00  0.00000000E+00  0.00000000E+00  0.00000000E+00  0.00000000E+00  0.00000000E+00  0.00000000E+00  0.00000000E+00  0.00000000E+00  0.00000000E+00  0.00000000E+00  0.00000000E+00  0.00000000E+00  0.00000000E+00  0.00000000E+00  0.00000000E+00  0.00000000E+00  0.00000000E+00  0.00000000E+00  0.00000000E+00  0.00000000E+00  0.00000000E+00  0.00000000E+00  0.00000000E+00  0.00000000E+00  0.00000000E+00  0.00000000E+00  0.00000000E+00  0.00000000E+00  0.00000000E+00  0.00000000E+00  0.00000000E+00
  2.60417102E-01  2.62485332E-01  2.61151837E-01  2.61276102E-01  2.59991341E-01  2.59193592E-01  2.57589048E-01  2.54973549E-01  2.53704217E-01  2.51021540E-01  2.48877045E-01  2.45993152E-01  2.43621250E-01  2.40621498E-01  2.37194382E-01  2.33723823E-01  2.29705104E-01  2.25925804E-01  2.21774470E-01  2.17776097E-01  2.13603161E-01  2.08718379E-01  2.04014889E-01  1.99383107E-01  1.94606503E-01  1.89541289E-01  1.84284293E-01  1.79091585E-01  1.73853794E-01  1.68557007E-01  1.63202375E-01  1.57693760E-01  1.52130601E-01  1.46562794E-01  1.40972160E-01  1.35596217E-01  1.30145624E-01  1.24625620E-01  1.19268154E-01  1.13639132E-01  1.08354365E-01  1.03083714E-01  9.79154587E-02  9.29158714E-02  8.78429676E-02  8.28021217E-02  7.80659658E-02  7.33889930E-02  6.88975830E-02  6.45016036E-02  6.01713469E-02  5.60877897E-02  5.20705032E-02  4.83372346E-02  4.46809056E-02  4.11836305E-02  3.78236320E-02  3.46554192E-02  3.16717282E-02  2.88349801E-02  2.62019590E-02  2.36482633E-02  2.13381562E-02  1.91089334E-02  1.71117705E-02  1.52070585E-02  1.34966917E-02  1.19958727E-02  1.05014083E-02  9.17565825E-03  8.00209366E-03  6.91536762E-03  5.95514748E-03  5.11143274E-03  4.35013984E-03  3.68673100E-03  3.08500678E-03  2.56676523E-03  2.11610895E-03  1.75054950E-03  1.41797892E-03  1.14030280E-03  9.12014792E-04  7.22614519E-04  5.64942144E-04  4.34936053E-04  3.33268414E-04  2.52132718E-04  1.85962753E-04  1.39558717E-04  1.00752830E-04  6.88611442E-05  5.06625794E-05  3.26227136E-05  2.30183719E-05  1.45352749E-05  1.04143647E-05  6.73388273E-06  3.98107183E-06  1.89303205E-06  1.41624214E-06  8.04262768E-07  4.70090433E-07  2.36967500E-07  1.04697390E-07  3.15707097E-08  8.83261231E-08  0.00000000E+00  0.00000000E+00  0.00000000E+00  0.00000000E+00  0.00000000E+00  0.00000000E+00  0.00000000E+00  0.00000000E+00  0.00000000E+00  0.00000000E+00  0.00000000E+00  0.00000000E+00  0.00000000E+00  0.00000000E+00  0.00000000E+00  0.00000000E+00  0.00000000E+00  0.00000000E+00  0.00000000E+00  0.00000000E+00  0.00000000E+00  0.00000000E+00  0.00000000E+00  0.00000000E+00  0.00000000E+00  0.00000000E+00  0.00000000E+00  0.00000000E+00  0.00000000E+00  0.00000000E+00  0.00000000E+00  0.00000000E+00  0.00000000E+00  0.00000000E+00  0.00000000E+00  0.00000000E+00  0.00000000E+00  0.00000000E+00  0.00000000E+00  0.00000000E+00  0.00000000E+00  0.00000000E+00  0.00000000E+00  0.00000000E+00  0.00000000E+00  0.00000000E+00  0.00000000E+00  0.00000000E+00  0.00000000E+00  0.00000000E+00  0.00000000E+00  0.00000000E+00  0.00000000E+00  0.00000000E+00  0.00000000E+00  0.00000000E+00  0.00000000E+00  0.00000000E+00  0.00000000E+00  0.00000000E+00  0.00000000E+00  0.00000000E+00  0.00000000E+00  0.00000000E+00  0.00000000E+00  0.00000000E+00  0.00000000E+00  0.00000000E+00  0.00000000E+00  0.00000000E+00  0.00000000E+00  0.00000000E+00  0.00000000E+00  0.00000000E+00  0.00000000E+00  0.00000000E+00  0.00000000E+00  0.00000000E+00  0.00000000E+00  0.00000000E+00  0.00000000E+00  0.00000000E+00  0.00000000E+00  0.00000000E+00  0.00000000E+00  0.00000000E+00  0.00000000E+00  0.00000000E+00  0.00000000E+00  0.00000000E+00  0.00000000E+00  0.00000000E+00  0.00000000E+00
  2.70440803E-01  2.71603550E-01  2.70209753E-01  2.68649711E-01  2.66831556E-01  2.66499837E-01  2.65066332E-01  2.62185810E-01  2.61163260E-01  2.58477125E-01  2.56091461E-01  2.53116927E-01  2.50038689E-01  2.46934375E-01  2.43268990E-01  2.39731072E-01  2.36158207E-01  2.32289184E-01  2.27602611E-01  2.23566495E-01  2.19736241E-01  2.14940182E-01  2.10111366E-01  2.05318819E-01  1.99920700E-01  1.95217478E-01  1.89852330E-01  1.84463306E-01  1.79186938E-01  1.73812252E-01  1.68372564E-01  1.62666809E-01  1.56875647E-01  1.51492020E-01  1.45667036E-01  1.40114017E-01  1.34608765E-01  1.28897599E-01  1.23133615E-01  1.17773549E-01  1.12370639E-01  1.06682430E-01  1.01606079E-01  9.61274841E-02  9.11141547E-02  8.61164466E-02  8.09725184E-02  7.63124243E-02  7.17009757E-02  6.71616021E-02  6.25875912E-02  5.83871484E-02  5.43204236E-02  5.03492112E-02  4.65788810E-02  4.29220424E-02  3.95165333E-02  3.63047484E-02  3.31322468E-02  3.02231731E-02  2.74334171E-02  2.48405176E-02  2.24286553E-02  2.01294899E-02  1.80009701E-02  1.60268418E-02  1.43122966E-02  1.25800369E-02  1.10887776E-02  9.67914163E-03  8.41834464E-03  7.30294142E-03  6.28595929E-03  5.39237822E-03  4.57533376E-03  3.88436007E-03  3.26113636E-03  2.72844616E-03  2.25567218E-03  1.86060804E-03  1.49999249E-03  1.22155849E-03  9.77187089E-04  7.69672838E-04  6.07091480E-04  4.57704816E-04  3.60154693E-04  2.68542535E-04  1.99315244E-04  1.48021100E-04  1.06844578E-04  7.44435441E-05  5.42262481E-05  3.64895971E-05  2.43914554E-05  1.62575420E-05  1.14809867E-05  7.10841290E-06  4.91639622E-06  2.63900557E-06  1.13223046E-06  1.00214641E-06  6.27049828E-07  5.19768221E-07  2.52278213E-07  1.39102460E-07  2.06599730E-08  0.00000000E+00  5.11629781E-08  0.00000000E+00  0.00000000E+00  0.00000000E+00  0.00000000E+00  0.00000000E+00  0.00000000E+00  0.00000000E+00  0.00000000E+00  0.00000000E+00  0.00000000E+00  0.00000000E+00  0.00000000E+00  0.00000000E+00  0.00000000E+00  0.00000000E+00  0.00000000E+00  0.00000000E+00  0.00000000E+00  0.00000000E+00  0.00000000E+00  0.00000000E+00  0.00000000E+00  0.00000000E+00  0.00000000E+00  0.00000000E+00  0.00000000E+00  0.00000000E+00  0.00000000E+00  0.00000000E+00  0.00000000E+00  0.00000000E+00  0.00000000E+00  0.00000000E+00  0.00000000E+00  0.00000000E+00  0.00000000E+00  0.00000000E+00  0.00000000E+00  0.00000000E+00  0.00000000E+00  0.00000000E+00  0.00000000E+00  0.00000000E+00  0.00000000E+00  0.00000000E+00  0.00000000E+00  0.00000000E+00  0.00000000E+00  0.00000000E+00  0.00000000E+00  0.00000000E+00  0.00000000E+00  0.00000000E+00  0.00000000E+00  0.00000000E+00  0.00000000E+00  0.00000000E+00  0.00000000E+00  0.00000000E+00  0.00000000E+00  0.00000000E+00  0.00000000E+00  0.00000000E+00  0.00000000E+00  0.00000000E+00  0.00000000E+00  0.00000000E+00  0.00000000E+00  0.00000000E+00  0.00000000E+00  0.00000000E+00  0.00000000E+00  0.00000000E+00  0.00000000E+00  0.00000000E+00  0.00000000E+00  0.00000000E+00  0.00000000E+00  0.00000000E+00  0.00000000E+00  0.00000000E+00  0.00000000E+00  0.00000000E+00  0.00000000E+00  0.00000000E+00  0.00000000E+00  0.00000000E+00  0.00000000E+00  0.00000000E+00  0.00000000E+00  0.00000000E+00
  2.61480749E-01  2.62129397E-01  2.61095380E-01  2.60662721E-01  2.60085646E-01  2.58263100E-01  2.57365774E-01  2.54614796E-01  2.53407220E-01  2.50289041E-01  2.48768482E-01  2.45963487E-01  2.43282156E-01  2.39787724E-01  2.36346525E-01  2.32985239E-01  2.29599448E-01  2.25441381E-01  2.21133569E-01  2.17205532E-01  2.12600311E-01  2.08292349E-01  2.04082920E-01  1.99152427E-01  1.94057258E-01  1.88784869E-01  1.84052280E-01  1.78895506E-01  1.73548108E-01  1.68256197E-01  1.62902290E-01  1.57281904E-01  1.51573930E-01  1.46621910E-01  1.40708374E-01  1.35346275E-01  1.30123345E-01  1.24586487E-01  1.19183420E-01  1.13781358E-01  1.08428314E-01  1.03453850E-01  9.80882571E-02  9.28162081E-02  8.79885821E-02  8.29286660E-02  7.83259977E-02  7.36343249E-02  6.91516930E-02  6.46531504E-02  6.03482805E-02  5.62157298E-02  5.22699894E-02  4.84973003E-02  4.46848284E-02  4.13637325E-02  3.79943255E-02  3.47009282E-02  3.17801174E-02  2.90231948E-02  2.62375423E-02  2.38431135E-02  2.13941499E-02  1.92323977E-02  1.72469972E-02  1.53622697E-02  1.36195888E-02  1.19896401E-02  1.05825686E-02  9.26602439E-03  8.06077400E-03  7.00979067E-03  5.97459854E-03  5.11472211E-03  4.38787217E-03  3.71816654E-03  3.07962593E-03  2.61054567E-03  2.15003834E-03  1.75995827E-03  1.41728682E-03  1.15524746E-03  9.25639323E-04  7.29421714E-04  5.78198094E-04  4.40372612E-04  3.35725987E-04  2.54875954E-04  1.95255211E-04  1.38880508E-04  9.99413706E-05  7.12768602E-05  5.07108079E-05  3.42904974E-05  2.31584999E-05  1.50797717E-05  1.04679154E-05  6.99764803E-06  4.40549269E-06  2.95001383E-06  1.95815411E-06  1.11570577E-06  6.88691347E-07  2.56275963E-07  1.07788088E-07  1.84066804E-07  6.31171652E-08  1.12666719E-09  0.00000000E+00  0.00000000E+00  0.00000000E+00  0.00000000E+00  0.00000000E+00  0.00000000E+00  0.00000000E+00  0.00000000E+00  0.00000000E+00  0.00000000E+00  0.00000000E+00  0.00000000E+00  0.00000000E+00  0.00000000E+00  0.00000000E+00  0.00000000E+00  0.00000000E+00  0.00000000E+00  0.00000000E+00  0.00000000E+00  0.00000000E+00  0.00000000E+00  0.00000000E+00  0.00000000E+00  0.00000000E+00  0.00000000E+00  0.00000000E+00  0.00000000E+00  0.00000000E+00  0.00000000E+00  0.00000000E+00  0.00000000E+00  0.00000000E+00  0.00000000E+00  0.00000000E+00  0.00000000E+00  0.00000000E+00  0.00000000E+00  0.00000000E+00  0.00000000E+00  0.00000000E+00  0.00000000E+00  0.00000000E+00  0.00000000E+00  0.00000000E+00  0.00000000E+00  0.00000000E+00  0.00000000E+00  0.00000000E+00  0.00000000E+00  0.00000000E+00  0.00000000E+00  0.00000000E+00  0.00000000E+00  0.00000000E+00  0.00000000E+00  0.00000000E+00  0.00000000E+00  0.00000000E+00  0.00000000E+00  0.00000000E+00  0.00000000E+00  0.00000000E+00  0.00000000E+00  0.00000000E+00  0.00000000E+00  0.00000000E+00  0.00000000E+00  0.00000000E+00  0.00000000E+00  0.00000000E+00  0.00000000E+00  0.00000000E+00  0.00000000E+00  0.00000000E+00  0.00000000E+00  0.00000000E+00  0.00000000E+00  0.00000000E+00  0.00000000E+00  0.00000000E+00  0.00000000E+00  0.00000000E+00  0.00000000E+00  0.00000000E+00  0.00000000E+00  0.00000000E+00  0.00000000E+00  0.00000000E+00  0.00000000E+00  0.00000000E+00  0.00000000E+00
  2.61229513E-01  2.61960816E-01  2.60083135E-01  2.59891929E-01  2.57952184E-01  2.57376515E-01  2.55737525E-01  2.54175516E-01  2.52785830E-01  2.50790819E-01  2.48014848E-01  2.45298416E-01  2.42353678E-01  2.38687397E-01  2.36426476E-01  2.32407718E-01  2.28816144E-01  2.24964137E-01  2.20909463E-01  2.17002772E-01  2.12433797E-01  2.08088694E-01  2.03597078E-01  1.98687270E-01  1.93711402E-01  1.88645317E-01  1.84086061E-01  1.78835115E-01  1.73447975E-01  1.68356509E-01  1.63073525E-01  1.57353369E-01  1.51746510E-01  1.46525759E-01  1.40912924E-01  1.35557862E-01  1.29762902E-01  1.24641100E-01  1.19001690E-01  1.13812184E-01  1.08442152E-01  1.03385198E-01  9.80726924E-02  9.31016881E-02  8.80533006E-02  8.30415091E-02  7.85738928E-02  7.36178887E-02  6.91121061E-02  6.49158877E-02  6.06159784E-02  5.63182463E-02  5.23653006E-02  4.86078263E-02  4.49555928E-02  4.14330844E-02  3.80129299E-02  3.48426814E-02  3.19333231E-02  2.89932518E-02  2.63999688E-02  2.38295589E-02  2.15107459E-02  1.93529775E-02  1.72805068E-02  1.53429595E-02  1.37030267E-02  1.21052800E-02  1.05892315E-02  9.33055376E-03  8.07215954E-03  7.00738302E-03  6.02849994E-03  5.15264016E-03  4.39617015E-03  3.69116045E-03  3.10339990E-03  2.58997276E-03  2.12545422E-03  1.75400552E-03  1.42804465E-03  1.14187360E-03  9.17600598E-04  7.30560840E-04  5.66992528E-04  4.40005012E-04  3.41397236E-04  2.49959077E-04  1.86979129E-04  1.34847795E-04  1.02606831E-04  7.14738679E-05  5.12465585E-05  3.59479182E-05  2.49175762E-05  1.63845772E-05  9.86588790E-06  6.44548000E-06  3.92901828E-06  2.84898179E-06  1.09386678E-06  5.45522446E-07  3.50943088E-07  2.16488828E-07  2.09008443E-07  7.71090667E-08  4.54898488E-08  0.00000000E+00  1.20930675E-08  0.00000000E+00  2.19215787E-09  0.00000000E+00  0.00000000E+00  0.00000000E+00  0.00000000E+00  0.00000000E+00  0.00000000E+00  0.00000000E+00  0.00000000E+00  0.00000000E+00  0.00000000E+00  0.00000000E+00  0.00000000E+00  0.00000000E+00  0.00000000E+00  0.00000000E+00  0.00000000E+00  0.00000000E+00  0.00000000E+00  0.00000000E+00  0.00000000E+00  0.00000000E+00  0.00000000E+00  0.00000000E+00  0.00000000E+00  0.00000000E+00  0.00000000E+00  0.00000000E+00  0.00000000E+00  0.00000000E+00  0.00000000E+00  0.00000000E+00  0.00000000E+00  0.00000000E+00  0.00000000E+00  0.00000000E+00  0.00000000E+00  0.00000000E+00  0.00000000E+00  0.00000000E+00  0.00000000E+00  0.00000000E+00  0.00000000E+00  0.00000000E+00  0.00000000E+00  0.00000000E+00  0.00000000E+00  0.00000000E+00  0.00000000E+00  0.00000000E+00  0.00000000E+00  0.00000000E+00  0.00000000E+00  0.00000000E+00  0.00000000E+00  0.00000000E+00  0.00000000E+00  0.00000000E+00  0.00000000E+00  0.00000000E+00  0.00000000E+00  0.00000000E+00  0.00000000E+00  0.00000000E+00  0.00000000E+00  0.00000000E+00  0.00000000E+00  0.00000000E+00  0.00000000E+00  0.00000000E+00  0.00000000E+00  0.00000000E+00  0.00000000E+00  0.00000000E+00  0.00000000E+00  0.00000000E+00  0.00000000E+00  0.00000000E+00  0.00000000E+00  0.00000000E+00  0.00000000E+00  0.00000000E+00  0.00000000E+00  0.00000000E+00  0.00000000E+00  0.00000000E+00  0.00000000E+00  0.00000000E+00  0.00000000E+00  0.00000000E+00
  2.64129693E-01  2.62170186E-01  2.61349200E-01  2.60481732E-01  2.59319713E-01  2.58160679E-01  2.56853618E-01  2.54799135E-01  2.52440243E-01  2.50741521E-01  2.48434164E-01  2.45698359E-01  2.42753218E-01  2.39587091E-01  2.37016989E-01  2.32943033E-01  2.29478142E-01  2.25483248E-01  2.21694887E-01  2.17223081E-01  2.12697611E-01  2.08206783E-01  2.04064915E-01  1.98924364E-01  1.94336306E-01  1.89010073E-01  1.84155125E-01  1.78901422E-01  1.73618100E-01  1.68493202E-01  1.62900693E-01  1.57333604E-01  1.52088325E-01  1.46673852E-01  1.41091811E-01  1.35440973E-01  1.30199953E-01  1.24786351E-01  1.19397805E-01  1.13787520E-01  1.08581618E-01  1.03243293E-01  9.80876297E-02  9.30172600E-02  8.78904558E-02  8.30652462E-02  7.82127966E-02  7.35559717E-02  6.89537658E-02  6.45455466E-02  6.02755921E-02  5.61590005E-02  5.21751242E-02  4.83459972E-02  4.47917519E-02  4.12360944E-02  3.79132616E-02  3.47359435E-02  3.17908160E-02  2.90023617E-02  2.62798060E-02  2.38079991E-02  2.14587655E-02  1.92283751E-02  1.72578701E-02  1.52928070E-02  1.35986784E-02  1.20232298E-02  1.05472173E-02  9.23637926E-03  8.05704114E-03  6.94214035E-03  5.96349200E-03  5.12334392E-03  4.33882179E-03  3.66048771E-03  3.09312187E-03  2.55138028E-03  2.11472549E-03  1.72954426E-03  1.42330454E-03  1.14469024E-03  9.13744682E-04  7.29779987E-04  5.63380048E-04  4.34650142E-04  3.35373371E-04  2.54925785E-04  1.95892955E-04  1.42442738E-04  1.01985634E-04  7.20734950E-05  4.98213093E-05  3.40771938E-05  2.25467216E-05  1.49017957E-05  9.04798396E-06  6.34982885E-06  3.89745825E-06  2.22311063E-06  1.17360698E-06  7.06613653E-07  4.79740383E-07  1.28528052E-07  8.96302380E-08  2.31518538E-08  9.85613391E-09  2.44111224E-09  0.00000000E+00  0.00000000E+00  0.00000000E+00  0.00000000E+00  0.00000000E+00  0.00000000E+00  0.00000000E+00  0.00000000E+00  0.00000000E+00  0.00000000E+00  0.00000000E+00  0.00000000E+00  0.00000000E+00  0.00000000E+00  0.00000000E+00  0.00000000E+00  0.00000000E+00  0.00000000E+00  0.00000000E+00  0.00000000E+00  0.00000000E+00  0.00000000E+00  0.00000000E+00  0.00000000E+00  0.00000000E+00  0.00000000E+00  0.00000000E+00  0.00000000E+00  0.00000000E+00  0.00000000E+00  0.00000000E+00  0.00000000E+00  0.00000000E+00  0.00000000E+00  0.00000000E+00  0.00000000E+00  0.00000000E+00  0.00000000E+00  0.00000000E+00  0.00000000E+00  0.00000000E+00  0.00000000E+00  0.00000000E+00  0.00000000E+00  0.00000000E+00  0.00000000E+00  0.00000000E+00  0.00000000E+00  0.00000000E+00  0.00000000E+00  0.00000000E+00  0.00000000E+00  0.00000000E+00  0.00000000E+00  0.00000000E+00  0.00000000E+00  0.00000000E+00  0.00000000E+00  0.00000000E+00  0.00000000E+00  0.00000000E+00  0.00000000E+00  0.00000000E+00  0.00000000E+00  0.00000000E+00  0.00000000E+00  0.00000000E+00  0.00000000E+00  0.00000000E+00  0.00000000E+00  0.00000000E+00  0.00000000E+00  0.00000000E+00  0.00000000E+00  0.00000000E+00  0.00000000E+00  0.00000000E+00  0.00000000E+00  0.00000000E+00  0.00000000E+00  0.00000000E+00  0.00000000E+00  0.00000000E+00  0.00000000E+00  0.00000000E+00  0.00000000E+00  0.00000000E+00  0.00000000E+00  0.00000000E+00  0.00000000E+00  0.00000000E+00  0.00000000E+00
  2.70651869E-01  2.68510418E-01  2.70415465E-01  2.67934361E-01  2.68019159E-01  2.66416208E-01  2.64793851E-01  2.62999031E-01  2.60296223E-01  2.59468533E-01  2.56460967E-01  2.53649846E-01  2.50848243E-01  2.47595590E-01  2.44290976E-01  2.40489658E-01  2.36319637E-01  2.33075467E-01  2.28167157E-01  2.24045310E-01  2.19666805E-01  2.14901288E-01  2.10213629E-01  2.05261511E-01  2.00202565E-01  1.94747679E-01  1.89797659E-01  1.84657559E-01  1.79208940E-01  1.73564111E-01  1.68226401E-01  1.62575828E-01  1.56824763E-01  1.51170413E-01  1.45268089E-01  1.40077440E-01  1.34184282E-01  1.28446228E-01  1.23007037E-01  1.17686997E-01  1.11940552E-01  1.06746421E-01  1.01315239E-01  9.59689005E-02  9.09283748E-02  8.59794982E-02  8.09542627E-02  7.61075305E-02  7.14832448E-02  6.69231478E-02  6.25637276E-02  5.83707847E-02  5.42250944E-02  5.03842664E-02  4.66723168E-02  4.28908547E-02  3.95104885E-02  3.63354675E-02  3.32060497E-02  3.02524674E-02  2.75008047E-02  2.48766878E-02  2.24044720E-02  2.02265403E-02  1.80592009E-02  1.61027321E-02  1.43266537E-02  1.26328874E-02  1.11335153E-02  9.69486763E-03  8.48458460E-03  7.34623909E-03  6.35369472E-03  5.43606263E-03  4.61648012E-03  3.90859304E-03  3.31134307E-03  2.76288368E-03  2.27357920E-03  1.86691119E-03  1.51889071E-03  1.22612725E-03  9.76991834E-04  7.75009951E-04  6.16242600E-04  4.71542815E-04  3.59074210E-04  2.70102749E-04  2.06726857E-04  1.56101637E-04  1.05349243E-04  7.72012108E-05  5.51598289E-05  3.82314326E-05  2.70391481E-05  1.91360194E-05  1.03334110E-05  7.05623954E-06  3.82962469E-06  2.61993526E-06  1.34152337E-06  1.35018297E-06  5.63241993E-07  2.25265402E-07  1.88918907E-07  7.90224430E-08  1.04247570E-08  0.00000000E+00  3.90699105E-09  1.38261099E-08  0.00000000E+00  2.35353871E-09  0.00000000E+00  0.00000000E+00  0.00000000E+00  0.00000000E+00  0.00000000E+00  0.00000000E+00  0.00000000E+00  0.00000000E+00  0.00000000E+00  0.00000000E+00  0.00000000E+00  0.00000000E+00  0.00000000E+00  0.00000000E+00  0.00000000E+00  0.00000000E+00  0.00000000E+00  0.00000000E+00  0.00000000E+00  0.00000000E+00  0.00000000E+00  0.00000000E+00  0.00000000E+00  0.00000000E+00  0.00000000E+00  0.00000000E+00  0.00000000E+00  0.00000000E+00  0.00000000E+00  0.00000000E+00  0.00000000E+00  0.00000000E+00  0.00000000E+00  0.00000000E+00  0.00000000E+00  0.00000000E+00  0.00000000E+00  0.00000000E+00  0.00000000E+00  0.00000000E+00  0.00000000E+00  0.00000000E+00  0.00000000E+00  0.00000000E+00  0.00000000E+00  0.00000000E+00  0.00000000E+00  0.00000000E+00  0.00000000E+00  0.00000000E+00  0.00000000E+00  0.00000000E+00  0.00000000E+00  0.00000000E+00  0.00000000E+00  0.00000000E+00  0.00000000E+00  0.00000000E+00  0.00000000E+00  0.00000000E+00  0.00000000E+00  0.00000000E+00  0.00000000E+00  0.00000000E+00  0.00000000E+00  0.00000000E+00  0.00000000E+00  0.00000000E+00  0.00000000E+00  0.00000000E+00  0.00000000E+00  0.00000000E+00  0.00000000E+00  0.00000000E+00  0.00000000E+00  0.00000000E+00  0.00000000E+00  0.00000000E+00  0.00000000E+00  0.00000000E+00  0.00000000E+00  0.00000000E+00  0.00000000E+00  0.00000000E+00  0.00000000E+00  0.00000000E+00  0.00000000E+00  0.00000000E+00
  2.69486161E-01  2.70116170E-01  2.70219264E-01  2.69398720E-01  2.68046343E-01  2.67164463E-01  2.65100885E-01  2.63007431E-01  2.61560112E-01  2.58963823E-01  2.56184813E-01  2.53506110E-01  2.51291655E-01  2.47466878E-01  2.43824078E-01  2.40234413E-01  2.36401523E-01  2.32370316E-01  2.28451092E-01  2.24439052E-01  2.19364637E-01  2.15069951E-01  2.10060402E-01  2.05336105E-01  2.00201855E-01  1.94819431E-01  1.89916147E-01  1.84532352E-01  1.78906428E-01  1.73589602E-01  1.68135147E-01  1.62474557E-01  1.56713242E-01  1.51282752E-01  1.45472119E-01  1.39901469E-01  1.34235012E-01  1.28742757E-01  1.23173299E-01  1.17687864E-01  1.12146932E-01  1.06784234E-01  1.01297852E-01  9.61799861E-02  9.11935547E-02  8.59582211E-02  8.09753049E-02  7.63088796E-02  7.16860084E-02  6.71603624E-02  6.26951376E-02  5.84330077E-02  5.42358941E-02  5.03294394E-02  4.65705806E-02  4.29670673E-02  3.94582387E-02  3.62221303E-02  3.30775128E-02  3.01931484E-02  2.74110936E-02  2.47875997E-02  2.23808701E-02  2.01256965E-02  1.80176294E-02  1.61185789E-02  1.43055311E-02  1.25823910E-02  1.10691561E-02  9.68902092E-03  8.46750715E-03  7.33015259E-03  6.30096941E-03  5.38071833E-03  4.59119436E-03  3.87601318E-03  3.26686842E-03  2.72319464E-03  2.25992644E-03  1.86486261E-03  1.49594524E-03  1.21742641E-03  9.76361293E-04  7.76976829E-04  6.02826355E-04  4.62153081E-04  3.50044830E-04  2.70030309E-04  2.02073101E-04  1.44884921E-04  1.06112747E-04  7.49873559E-05  5.38083408E-05  3.77372505E-05  2.44493436E-05  1.70586457E-05  9.99683621E-06  6.34320366E-06  3.49558026E-06  2.79278526E-06  1.27383458E-06  7.69459112E-07  5.43548218E-07  3.41116180E-07  9.09824183E-08  2.87006451E-08  3.20324352E-08  0.00000000E+00  0.00000000E+00  0.00000000E+00  0.00000000E+00  0.00000000E+00  0.00000000E+00  0.00000000E+00  0.00000000E+00  0.00000000E+00  0.00000000E+00  0.00000000E+00  0.00000000E+00  0.00000000E+00  0.00000000E+00  0.00000000E+00  0.00000000E+00  0.00000000E+00  0.00000000E+00  0.00000000E+00  0.00000000E+00  0.00000000E+00  0.00000000E+00  0.00000000E+00  0.00000000E+00  0.00000000E+00  0.00000000E+00  0.00000000E+00  0.00000000E+00  0.00000000E+00  0.00000000E+00  0.00000000E+00  0.00000000E+00  0.00000000E+00  0.00000000E+00  0.00000000E+00  0.00000000E+00  0.00000000E+00  0.00000000E+00  0.00000000E+00  0.00000000E+00  0.00000000E+00  0.00000000E+00  0.00000000E+00  0.00000000E+00  0.00000000E+00  0.00000000E+00  0.00000000E+00  0.00000000E+00  0.00000000E+00  0.00000000E+00  0.00000000E+00  0.00000000E+00  0.00000000E+00  0.00000000E+00  0.00000000E+00  0.00000000E+00  0.00000000E+00  0.00000000E+00  0.00000000E+00  0.00000000E+00  0.00000000E+00  0.00000000E+00  0.00000000E+00  0.00000000E+00  0.00000000E+00  0.00000000E+00  0.00000000E+00  0.00000000E+00  0.00000000E+00  0.00000000E+00  0.00000000E+00  0.00000000E+00  0.00000000E+00  0.00000000E+00  0.00000000E+00  0.00000000E+00  0.00000000E+00  0.00000000E+00  0.00000000E+00  0.00000000E+00  0.00000000E+00  0.00000000E+00  0.00000000E+00  0.00000000E+00  0.00000000E+00  0.00000000E+00  0.00000000E+00  0.00000000E+00  0.00000000E+00  0.00000000E+00  0.00000000E+00  0.00000000E+00  0.00000000E+00
  2.71142957E-01  2.70557411E-01  2.67861122E-01  2.67962224E-01  2.66945150E-01  2.66003185E-01  2.63763293E-01  2.62440747E-01  2.60209748E-01  2.57528589E-01  2.55144364E-01  2.52964869E-01  2.49770025E-01  2.46648042E-01  2.43307534E-01  2.40455967E-01  2.36168515E-01  2.32374025E-01  2.28091276E-01  2.23588783E-01  2.19036404E-01  2.14916549E-01  2.10241932E-01  2.05251152E-01  2.00363790E-01  1.95199313E-01  1.89975616E-01  1.84533999E-01  1.78987927E-01  1.73467057E-01  1.68090706E-01  1.62461666E-01  1.56991075E-01  1.51217576E-01  1.45758712E-01  1.39961940E-01  1.34483962E-01  1.28813809E-01  1.23310542E-01  1.17879487E-01  1.12328099E-01  1.06897411E-01  1.01661967E-01  9.62902380E-02  9.12261405E-02  8.60377145E-02  8.11780890E-02  7.62999505E-02  7.15579730E-02  6.71503611E-02  6.27251518E-02  5.83786585E-02  5.44244833E-02  5.03981401E-02  4.65731992E-02  4.30150022E-02  3.96366157E-02  3.62706971E-02  3.31598000E-02  3.01840860E-02  2.74138586E-02  2.47933671E-02  2.23922812E-02  2.01579705E-02  1.80754766E-02  1.60947097E-02  1.43038093E-02  1.26161581E-02  1.10813727E-02  9.72814975E-03  8.45619948E-03  7.33253992E-03  6.29932918E-03  5.41020847E-03  4.59683401E-03  3.90138031E-03  3.27572551E-03  2.71735759E-03  2.26065931E-03  1.85672875E-03  1.51016279E-03  1.22309413E-03  9.85612164E-04  7.73487169E-04  6.02621628E-04  4.57984352E-04  3.55714680E-04  2.67864281E-04  1.97224555E-04  1.48758400E-04  1.07623026E-04  7.86700544E-05  5.39290211E-05  4.07349433E-05  2.46732066E-05  1.69136438E-05  1.06948785E-05  6.73760939E-06  4.58808998E-06  2.39007723E-06  1.40178044E-06  1.10238094E-06  2.51686457E-07  1.37694696E-07  2.22723415E-07  3.97982280E-08  9.47705184E-10  0.00000000E+00  3.60931554E-08  0.00000000E+00  0.00000000E+00  0.00000000E+00  0.00000000E+00  0.00000000E+00  0.00000000E+00  0.00000000E+00  0.00000000E+00  0.00000000E+00  0.00000000E+00  0.00000000E+00  0.00000000E+00  0.00000000E+00  0.00000000E+00  0.00000000E+00  0.00000000E+00  0.00000000E+00  0.00000000E+00  0.00000000E+00  0.00000000E+00  0.00000000E+00  0.00000000E+00  0.00000000E+00  0.00000000E+00  0.00000000E+00  0.00000000E+00  0.00000000E+00  0.00000000E+00  0.00000000E+00  0.00000000E+00  0.00000000E+00  0.00000000E+00  0.00000000E+00  0.00000000E+00  0.00000000E+00  0.00000000E+00  0.00000000E+00  0.00000000E+00  0.00000000E+00  0.00000000E+00  0.00000000E+00  0.00000000E+00  0.00000000E+00  0.00000000E+00  0.00000000E+00  0.00000000E+00  0.00000000E+00  0.00000000E+00  0.00000000E+00  0.00000000E+00  0.00000000E+00  0.00000000E+00  0.00000000E+00  0.00000000E+00  0.00000000E+00  0.00000000E+00  0.00000000E+00  0.00000000E+00  0.00000000E+00  0.00000000E+00  0.00000000E+00  0.00000000E+00  0.00000000E+00  0.00000000E+00  0.00000000E+00  0.00000000E+00  0.00000000E+00  0.00000000E+00  0.00000000E+00  0.00000000E+00  0.00000000E+00  0.00000000E+00  0.00000000E+00  0.00000000E+00  0.00000000E+00  0.00000000E+00  0.00000000E+00  0.00000000E+00  0.00000000E+00  0.00000000E+00  0.00000000E+00  0.00000000E+00  0.00000000E+00  0.00000000E+00  0.00000000E+00  0.00000000E+00  0.00000000E+00  0.00000000E+00  0.00000000E+00  0.00000000E+00  0.00000000E+00
  2.60520697E-01  2.61904173E-01  2.60376407E-01  2.59456739E-01  2.59430566E-01  2.57981783E-01  2.56880596E-01  2.55081867E-01  2.53163977E-01  2.51065419E-01  2.48623298E-01  2.45840643E-01  2.42676563E-01  2.39748379E-01  2.36765360E-01  2.32720966E-01  2.29459306E-01  2.25577820E-01  2.21164614E-01  2.17529521E-01  2.12768629E-01  2.08873227E-01  2.03791824E-01  1.98949720E-01  1.94240702E-01  1.88791700E-01  1.84043515E-01  1.79002454E-01  1.73825204E-01  1.68274930E-01  1.63053854E-01  1.57647371E-01  1.51981068E-01  1.46488206E-01  1.41029063E-01  1.35696773E-01  1.30197976E-01  1.24409516E-01  1.19174778E-01  1.13826043E-01  1.08496118E-01  1.03091988E-01  9.80274979E-02  9.28168865E-02  8.78624103E-02  8.31434601E-02  7.82967522E-02  7.35594437E-02  6.89869638E-02  6.45906905E-02  6.03830146E-02  5.62048371E-02  5.21497063E-02  4.84829821E-02  4.47529093E-02  4.13116207E-02  3.79146603E-02  3.47307499E-02  3.18168633E-02  2.88975058E-02  2.62148024E-02  2.37592685E-02  2.14101195E-02  1.92281440E-02  1.71985054E-02  1.53538507E-02  1.35731291E-02  1.20079610E-02  1.05878356E-02  9.20280059E-03  8.01854292E-03  6.95830167E-03  6.02933328E-03  5.12510602E-03  4.39321160E-03  3.70138051E-03  3.10796091E-03  2.58447249E-03  2.15253216E-03  1.76652523E-03  1.42376820E-03  1.15850969E-03  9.26406150E-04  7.23973637E-04  5.68009000E-04  4.31134687E-04  3.38477600E-04  2.54371647E-04  1.93225878E-04  1.39116201E-04  1.01684738E-04  7.10527171E-05  4.93931453E-05  3.49323512E-05  2.29594157E-05  1.63801384E-05  8.68024095E-06  6.64858343E-06  4.30159053E-06  2.04458011E-06  1.60645364E-06  8.36679887E-07  4.09827479E-07  2.20584562E-07  1.82158005E-07  2.06644645E-08  2.65357452E-09  4.90100225E-08  0.00000000E+00  2.06469908E-08  0.00000000E+00  0.00000000E+00  0.00000000E+00  0.00000000E+00  0.00000000E+00  0.00000000E+00  0.00000000E+00  0.00000000E+00  0.00000000E+00  0.00000000E+00  0.00000000E+00  0.00000000E+00  0.00000000E+00  0.00000000E+00  0.00000000E+00  0.00000000E+00  0.00000000E+00  0.00000000E+00  0.00000000E+00  0.00000000E+00  0.00000000E+00  0.00000000E+00  0.00000000E+00  0.00000000E+00  0.00000000E+00  0.00000000E+00  0.00000000E+00  0.00000000E+00  0.00000000E+00  0.00000000E+00  0.00000000E+00  0.00000000E+00  0.00000000E+00  0.00000000E+00  0.00000000E+00  0.00000000E+00  0.00000000E+00  0.00000000E+00  0.00000000E+00  0.00000000E+00  0.00000000E+00  0.00000000E+00  0.00000000E+00  0.00000000E+00  0.00000000E+00  0.00000000E+00  0.00000000E+00  0.00000000E+00  0.00000000E+00  0.00000000E+00  0.00000000E+00  0.00000000E+00  0.00000000E+00  0.00000000E+00  0.00000000E+00  0.00000000E+00  0.00000000E+00  0.00000000E+00  0.00000000E+00  0.00000000E+00  0.00000000E+00  0.00000000E+00  0.00000000E+00  0.00000000E+00  0.00000000E+00  0.00000000E+00  0.00000000E+00  0.00000000E+00  0.00000000E+00  0.00000000E+00  0.00000000E+00  0.00000000E+00  0.00000000E+00  0.00000000E+00  0.00000000E+00  0.00000000E+00  0.00000000E+00  0.00000000E+00  0.00000000E+00  0.00000000E+00  0.00000000E+00  0.00000000E+00  0.00000000E+00  0.00000000E+00  0.00000000E+00  0.00000000E+00  0.00000000E+00  0.00000000E+00  0.00000000E+00  0.00000000E+00
