# PIMCID: b561ebee-926e-4877-8859-9a9056ff72c9
#      0.000E+00       1.450E-02       2.900E-02       4.350E-02       5.800E-02       7.250E-02       8.700E-02       1.015E-01       1.160E-01       1.305E-01       1.450E-01       1.595E-01       1.740E-01       1.885E-01       2.030E-01       2.175E-01       2.320E-01       2.465E-01       2.610E-01       2.755E-01       2.900E-01       3.045E-01       3.190E-01       3.335E-01       3.480E-01       3.625E-01       3.770E-01       3.915E-01       4.060E-01       4.205E-01       4.350E-01       4.495E-01       4.640E-01       4.785E-01       4.930E-01       5.075E-01       5.220E-01       5.365E-01       5.510E-01       5.655E-01       5.800E-01       5.945E-01       6.090E-01       6.235E-01       6.380E-01       6.525E-01       6.670E-01       6.815E-01       6.960E-01       7.105E-01       7.250E-01       7.395E-01       7.540E-01       7.685E-01       7.830E-01       7.975E-01       8.120E-01       8.265E-01       8.410E-01       8.555E-01       8.700E-01       8.845E-01       8.990E-01       9.135E-01       9.280E-01       9.425E-01       9.570E-01       9.715E-01       9.860E-01       1.000E+00       1.015E+00       1.029E+00       1.044E+00       1.058E+00       1.073E+00       1.087E+00       1.102E+00       1.116E+00       1.131E+00       1.145E+00       1.160E+00       1.174E+00       1.189E+00       1.204E+00       1.218E+00       1.232E+00       1.247E+00       1.261E+00       1.276E+00       1.290E+00       1.305E+00       1.319E+00       1.334E+00       1.348E+00       1.363E+00       1.377E+00       1.392E+00       1.406E+00       1.421E+00       1.435E+00       1.450E+00       1.464E+00       1.479E+00       1.493E+00       1.508E+00       1.522E+00       1.537E+00       1.551E+00       1.566E+00       1.580E+00       1.595E+00       1.609E+00       1.624E+00       1.638E+00       1.653E+00       1.667E+00       1.682E+00       1.696E+00       1.711E+00       1.725E+00       1.740E+00       1.754E+00       1.769E+00       1.783E+00       1.798E+00       1.812E+00       1.827E+00       1.841E+00       1.856E+00       1.870E+00       1.885E+00       1.899E+00       1.914E+00       1.928E+00       1.943E+00       1.957E+00       1.972E+00       1.986E+00       2.001E+00       2.015E+00       2.030E+00       2.044E+00       2.059E+00       2.073E+00       2.088E+00       2.103E+00       2.117E+00       2.131E+00       2.146E+00       2.160E+00       2.175E+00       2.189E+00       2.204E+00       2.218E+00       2.233E+00       2.248E+00       2.262E+00       2.276E+00       2.291E+00       2.305E+00       2.320E+00       2.334E+00       2.349E+00       2.363E+00       2.378E+00       2.392E+00       2.407E+00       2.421E+00       2.436E+00       2.450E+00       2.465E+00       2.479E+00       2.494E+00       2.508E+00       2.523E+00       2.537E+00       2.552E+00       2.567E+00       2.581E+00       2.595E+00       2.610E+00       2.624E+00       2.639E+00       2.653E+00       2.668E+00       2.682E+00       2.697E+00       2.712E+00       2.726E+00       2.740E+00       2.755E+00       2.769E+00       2.784E+00       2.798E+00       2.813E+00       2.827E+00       2.842E+00       2.856E+00       2.871E+00       2.885E+00
  2.70492412E-01  2.67890740E-01  2.67884417E-01  2.68076437E-01  2.66823050E-01  2.64998484E-01  2.63707997E-01  2.62153279E-01  2.60481004E-01  2.57840003E-01  2.55757535E-01  2.52333545E-01  2.49972002E-01  2.46577735E-01  2.43324864E-01  2.39803636E-01  2.35760316E-01  2.31856781E-01  2.27915128E-01  2.23132720E-01  2.19246354E-01  2.14033214E-01  2.09815087E-01  2.04452280E-01  1.99391418E-01  1.94606371E-01  1.89231857E-01  1.83902905E-01  1.78449730E-01  1.72942510E-01  1.67403211E-01  1.61988806E-01  1.56051373E-01  1.50776948E-01  1.45312195E-01  1.39438992E-01  1.33803339E-01  1.28184110E-01  1.22773768E-01  1.17181604E-01  1.11667843E-01  1.06367598E-01  1.01095749E-01  9.58951703E-02  9.05884320E-02  8.56745444E-02  8.07180791E-02  7.60014567E-02  7.12826659E-02  6.66902649E-02  6.25319389E-02  5.82943098E-02  5.41020700E-02  5.00185218E-02  4.63534842E-02  4.27603080E-02  3.93421263E-02  3.61227606E-02  3.30148458E-02  3.00309944E-02  2.71609689E-02  2.47171404E-02  2.22268748E-02  2.00496571E-02  1.79334784E-02  1.59552496E-02  1.41800404E-02  1.25071335E-02  1.09930067E-02  9.66930471E-03  8.37089559E-03  7.30107820E-03  6.28170204E-03  5.35844899E-03  4.57731304E-03  3.85116624E-03  3.25940008E-03  2.70275479E-03  2.22886694E-03  1.83504986E-03  1.48116161E-03  1.19404592E-03  9.61347016E-04  7.72590651E-04  5.91205511E-04  4.67378876E-04  3.51744904E-04  2.64835858E-04  1.92110553E-04  1.44496991E-04  1.07811482E-04  7.55872663E-05  5.07837247E-05  3.71097080E-05  2.49974151E-05  1.73531850E-05  1.08959196E-05  6.72106601E-06  4.83983790E-06  2.01623092E-06  1.74068981E-06  8.42892310E-07  5.33702107E-07  1.71245061E-07  6.69257497E-08  2.63349327E-08  1.97906358E-08  4.99075485E-08  0.00000000E+00  0.00000000E+00  0.00000000E+00  0.00000000E+00  0.00000000E+00  0.00000000E+00  0.00000000E+00  0.00000000E+00  0.00000000E+00  0.00000000E+00  0.00000000E+00  0.00000000E+00  0.00000000E+00  0.00000000E+00  0.00000000E+00  0.00000000E+00  0.00000000E+00  0.00000000E+00  0.00000000E+00  0.00000000E+00  0.00000000E+00  0.00000000E+00  0.00000000E+00  0.00000000E+00  0.00000000E+00  0.00000000E+00  0.00000000E+00  0.00000000E+00  0.00000000E+00  0.00000000E+00  0.00000000E+00  0.00000000E+00  0.00000000E+00  0.00000000E+00  0.00000000E+00  0.00000000E+00  0.00000000E+00  0.00000000E+00  0.00000000E+00  0.00000000E+00  0.00000000E+00  0.00000000E+00  0.00000000E+00  0.00000000E+00  0.00000000E+00  0.00000000E+00  0.00000000E+00  0.00000000E+00  0.00000000E+00  0.00000000E+00  0.00000000E+00  0.00000000E+00  0.00000000E+00  0.00000000E+00  0.00000000E+00  0.00000000E+00  0.00000000E+00  0.00000000E+00  0.00000000E+00  0.00000000E+00  0.00000000E+00  0.00000000E+00  0.00000000E+00  0.00000000E+00  0.00000000E+00  0.00000000E+00  0.00000000E+00  0.00000000E+00  0.00000000E+00  0.00000000E+00  0.00000000E+00  0.00000000E+00  0.00000000E+00  0.00000000E+00  0.00000000E+00  0.00000000E+00  0.00000000E+00  0.00000000E+00  0.00000000E+00  0.00000000E+00  0.00000000E+00  0.00000000E+00  0.00000000E+00  0.00000000E+00  0.00000000E+00  0.00000000E+00  0.00000000E+00  0.00000000E+00  0.00000000E+00  0.00000000E+00  0.00000000E+00  0.00000000E+00
  2.78251539E-01  2.76866323E-01  2.75367073E-01  2.75518576E-01  2.74302324E-01  2.73525858E-01  2.71277593E-01  2.69635841E-01  2.67906217E-01  2.65372398E-01  2.62173655E-01  2.60458609E-01  2.56673521E-01  2.53976518E-01  2.50389735E-01  2.46668953E-01  2.42518118E-01  2.39012422E-01  2.34864962E-01  2.30143477E-01  2.26275097E-01  2.21228349E-01  2.16137284E-01  2.10984435E-01  2.05888043E-01  2.00652861E-01  1.94964308E-01  1.89922736E-01  1.84603780E-01  1.78748318E-01  1.73227463E-01  1.66959856E-01  1.61812623E-01  1.55784702E-01  1.49919664E-01  1.44226057E-01  1.38814964E-01  1.32915505E-01  1.27381921E-01  1.21440668E-01  1.16053069E-01  1.10458586E-01  1.05071182E-01  9.98874287E-02  9.43266026E-02  8.90328903E-02  8.42379437E-02  7.92047111E-02  7.43234468E-02  6.96863735E-02  6.51903269E-02  6.07684838E-02  5.65804850E-02  5.24596690E-02  4.85908177E-02  4.48137123E-02  4.13465853E-02  3.78653642E-02  3.46781855E-02  3.16330990E-02  2.87330873E-02  2.60194126E-02  2.34816050E-02  2.11781855E-02  1.89183920E-02  1.68651762E-02  1.49755122E-02  1.32867044E-02  1.16862207E-02  1.02159316E-02  8.93826625E-03  7.70751181E-03  6.68319723E-03  5.71083862E-03  4.85351327E-03  4.13229809E-03  3.46570261E-03  2.89050155E-03  2.36640383E-03  1.97053534E-03  1.59442028E-03  1.29074184E-03  1.01912997E-03  8.16205795E-04  6.43572550E-04  4.86562355E-04  3.80435021E-04  2.86568312E-04  2.10770756E-04  1.54907995E-04  1.16472366E-04  8.26870463E-05  5.97300863E-05  3.93557097E-05  2.72639972E-05  1.85697288E-05  1.21600221E-05  8.26889899E-06  4.62011082E-06  3.19595885E-06  2.43662233E-06  8.62733329E-07  4.55823392E-07  1.61021730E-07  9.03417544E-08  1.10487118E-07  3.43726270E-08  0.00000000E+00  0.00000000E+00  0.00000000E+00  0.00000000E+00  0.00000000E+00  0.00000000E+00  0.00000000E+00  0.00000000E+00  0.00000000E+00  0.00000000E+00  0.00000000E+00  0.00000000E+00  0.00000000E+00  0.00000000E+00  0.00000000E+00  0.00000000E+00  0.00000000E+00  0.00000000E+00  0.00000000E+00  0.00000000E+00  0.00000000E+00  0.00000000E+00  0.00000000E+00  0.00000000E+00  0.00000000E+00  0.00000000E+00  0.00000000E+00  0.00000000E+00  0.00000000E+00  0.00000000E+00  0.00000000E+00  0.00000000E+00  0.00000000E+00  0.00000000E+00  0.00000000E+00  0.00000000E+00  0.00000000E+00  0.00000000E+00  0.00000000E+00  0.00000000E+00  0.00000000E+00  0.00000000E+00  0.00000000E+00  0.00000000E+00  0.00000000E+00  0.00000000E+00  0.00000000E+00  0.00000000E+00  0.00000000E+00  0.00000000E+00  0.00000000E+00  0.00000000E+00  0.00000000E+00  0.00000000E+00  0.00000000E+00  0.00000000E+00  0.00000000E+00  0.00000000E+00  0.00000000E+00  0.00000000E+00  0.00000000E+00  0.00000000E+00  0.00000000E+00  0.00000000E+00  0.00000000E+00  0.00000000E+00  0.00000000E+00  0.00000000E+00  0.00000000E+00  0.00000000E+00  0.00000000E+00  0.00000000E+00  0.00000000E+00  0.00000000E+00  0.00000000E+00  0.00000000E+00  0.00000000E+00  0.00000000E+00  0.00000000E+00  0.00000000E+00  0.00000000E+00  0.00000000E+00  0.00000000E+00  0.00000000E+00  0.00000000E+00  0.00000000E+00  0.00000000E+00  0.00000000E+00  0.00000000E+00  0.00000000E+00  0.00000000E+00  0.00000000E+00  0.00000000E+00
  2.74116345E-01  2.70372040E-01  2.69973706E-01  2.68966304E-01  2.67556575E-01  2.66886421E-01  2.64777178E-01  2.63803950E-01  2.60966866E-01  2.58411163E-01  2.56331804E-01  2.53375890E-01  2.50415988E-01  2.47493286E-01  2.43802045E-01  2.40836545E-01  2.36659451E-01  2.32498875E-01  2.28214609E-01  2.23905932E-01  2.20146371E-01  2.14926508E-01  2.10711609E-01  2.05289241E-01  2.00323367E-01  1.95322702E-01  1.90055546E-01  1.84674302E-01  1.79080032E-01  1.73657272E-01  1.68036770E-01  1.62511711E-01  1.56992565E-01  1.51125483E-01  1.45629626E-01  1.40377088E-01  1.34520276E-01  1.29119463E-01  1.23420522E-01  1.17917308E-01  1.12158518E-01  1.06859410E-01  1.01323721E-01  9.62121259E-02  9.09988482E-02  8.58975121E-02  8.09198559E-02  7.61063904E-02  7.15858112E-02  6.69820754E-02  6.25357843E-02  5.82822511E-02  5.42036877E-02  5.02887978E-02  4.65103617E-02  4.29261026E-02  3.94399039E-02  3.62325459E-02  3.29690888E-02  3.01425649E-02  2.73256222E-02  2.48481748E-02  2.23805249E-02  2.00745870E-02  1.79950691E-02  1.60167147E-02  1.41760357E-02  1.25578082E-02  1.10440351E-02  9.70459813E-03  8.43822482E-03  7.31735909E-03  6.27652164E-03  5.36997395E-03  4.57130752E-03  3.88377550E-03  3.25834892E-03  2.71925782E-03  2.25202563E-03  1.84534069E-03  1.49257968E-03  1.19824766E-03  9.66978655E-04  7.63576115E-04  5.93721959E-04  4.57934749E-04  3.53308891E-04  2.65207608E-04  1.96455500E-04  1.48237025E-04  1.05860709E-04  7.60411618E-05  5.16304587E-05  3.68891507E-05  2.53494027E-05  1.76464274E-05  9.52753490E-06  6.50346160E-06  3.29396889E-06  2.13748968E-06  1.60388321E-06  9.19159315E-07  5.68869942E-07  3.34204686E-07  1.79689273E-08  1.18969628E-07  0.00000000E+00  1.19514260E-08  0.00000000E+00  0.00000000E+00  0.00000000E+00  0.00000000E+00  0.00000000E+00  0.00000000E+00  0.00000000E+00  0.00000000E+00  0.00000000E+00  0.00000000E+00  0.00000000E+00  0.00000000E+00  0.00000000E+00  0.00000000E+00  0.00000000E+00  0.00000000E+00  0.00000000E+00  0.00000000E+00  0.00000000E+00  0.00000000E+00  0.00000000E+00  0.00000000E+00  0.00000000E+00  0.00000000E+00  0.00000000E+00  0.00000000E+00  0.00000000E+00  0.00000000E+00  0.00000000E+00  0.00000000E+00  0.00000000E+00  0.00000000E+00  0.00000000E+00  0.00000000E+00  0.00000000E+00  0.00000000E+00  0.00000000E+00  0.00000000E+00  0.00000000E+00  0.00000000E+00  0.00000000E+00  0.00000000E+00  0.00000000E+00  0.00000000E+00  0.00000000E+00  0.00000000E+00  0.00000000E+00  0.00000000E+00  0.00000000E+00  0.00000000E+00  0.00000000E+00  0.00000000E+00  0.00000000E+00  0.00000000E+00  0.00000000E+00  0.00000000E+00  0.00000000E+00  0.00000000E+00  0.00000000E+00  0.00000000E+00  0.00000000E+00  0.00000000E+00  0.00000000E+00  0.00000000E+00  0.00000000E+00  0.00000000E+00  0.00000000E+00  0.00000000E+00  0.00000000E+00  0.00000000E+00  0.00000000E+00  0.00000000E+00  0.00000000E+00  0.00000000E+00  0.00000000E+00  0.00000000E+00  0.00000000E+00  0.00000000E+00  0.00000000E+00  0.00000000E+00  0.00000000E+00  0.00000000E+00  0.00000000E+00  0.00000000E+00  0.00000000E+00  0.00000000E+00  0.00000000E+00  0.00000000E+00  0.00000000E+00  0.00000000E+00  0.00000000E+00  0.00000000E+00
  2.70256115E-01  2.69503604E-01  2.69950369E-01  2.69405936E-01  2.67186479E-01  2.66015807E-01  2.64558172E-01  2.63840222E-01  2.60461741E-01  2.58212428E-01  2.56228145E-01  2.53685642E-01  2.50562078E-01  2.47864734E-01  2.44228904E-01  2.40087072E-01  2.36060490E-01  2.32336483E-01  2.28466751E-01  2.24155178E-01  2.19550936E-01  2.14963700E-01  2.09927675E-01  2.05144238E-01  2.00386191E-01  1.94959787E-01  1.89762706E-01  1.84561595E-01  1.79084194E-01  1.73717361E-01  1.68015588E-01  1.62542952E-01  1.56995832E-01  1.51139209E-01  1.45723337E-01  1.39885150E-01  1.34401303E-01  1.28604462E-01  1.23204337E-01  1.17544753E-01  1.12127434E-01  1.06748685E-01  1.01505133E-01  9.62312287E-02  9.10518625E-02  8.61141798E-02  8.10732788E-02  7.63759285E-02  7.16186478E-02  6.71769283E-02  6.25442737E-02  5.82327490E-02  5.42578566E-02  5.03515317E-02  4.66048172E-02  4.30126528E-02  3.94190017E-02  3.62353060E-02  3.31553650E-02  3.02923353E-02  2.74606552E-02  2.49205703E-02  2.24534056E-02  2.01432633E-02  1.79817330E-02  1.60498514E-02  1.42829286E-02  1.25626108E-02  1.10247729E-02  9.71969935E-03  8.41164881E-03  7.34658322E-03  6.32411112E-03  5.41752506E-03  4.61490234E-03  3.88726847E-03  3.26288364E-03  2.72814286E-03  2.24234834E-03  1.85328518E-03  1.49048390E-03  1.21761533E-03  9.65193207E-04  7.71054674E-04  5.97721858E-04  4.65274673E-04  3.46415697E-04  2.68128813E-04  2.00976588E-04  1.48019535E-04  1.03427789E-04  7.70290441E-05  5.90769896E-05  3.64017043E-05  2.50431781E-05  1.80927316E-05  9.48028626E-06  7.45742610E-06  3.45596780E-06  2.22046693E-06  1.79172095E-06  6.34329927E-07  4.78275514E-07  2.12549019E-07  1.83293282E-07  1.22235659E-07  4.80790217E-08  0.00000000E+00  0.00000000E+00  0.00000000E+00  0.00000000E+00  0.00000000E+00  0.00000000E+00  0.00000000E+00  0.00000000E+00  0.00000000E+00  0.00000000E+00  0.00000000E+00  0.00000000E+00  0.00000000E+00  0.00000000E+00  0.00000000E+00  0.00000000E+00  0.00000000E+00  0.00000000E+00  0.00000000E+00  0.00000000E+00  0.00000000E+00  0.00000000E+00  0.00000000E+00  0.00000000E+00  0.00000000E+00  0.00000000E+00  0.00000000E+00  0.00000000E+00  0.00000000E+00  0.00000000E+00  0.00000000E+00  0.00000000E+00  0.00000000E+00  0.00000000E+00  0.00000000E+00  0.00000000E+00  0.00000000E+00  0.00000000E+00  0.00000000E+00  0.00000000E+00  0.00000000E+00  0.00000000E+00  0.00000000E+00  0.00000000E+00  0.00000000E+00  0.00000000E+00  0.00000000E+00  0.00000000E+00  0.00000000E+00  0.00000000E+00  0.00000000E+00  0.00000000E+00  0.00000000E+00  0.00000000E+00  0.00000000E+00  0.00000000E+00  0.00000000E+00  0.00000000E+00  0.00000000E+00  0.00000000E+00  0.00000000E+00  0.00000000E+00  0.00000000E+00  0.00000000E+00  0.00000000E+00  0.00000000E+00  0.00000000E+00  0.00000000E+00  0.00000000E+00  0.00000000E+00  0.00000000E+00  0.00000000E+00  0.00000000E+00  0.00000000E+00  0.00000000E+00  0.00000000E+00  0.00000000E+00  0.00000000E+00  0.00000000E+00  0.00000000E+00  0.00000000E+00  0.00000000E+00  0.00000000E+00  0.00000000E+00  0.00000000E+00  0.00000000E+00  0.00000000E+00  0.00000000E+00  0.00000000E+00  0.00000000E+00  0.00000000E+00  0.00000000E+00  0.00000000E+00
  2.68624465E-01  2.67874944E-01  2.68677153E-01  2.67350579E-01  2.66182361E-01  2.65540424E-01  2.64025496E-01  2.62352709E-01  2.60136043E-01  2.57410436E-01  2.55325844E-01  2.52919462E-01  2.50046420E-01  2.46774874E-01  2.43396195E-01  2.39540807E-01  2.35653342E-01  2.31799227E-01  2.27936187E-01  2.23371050E-01  2.19096684E-01  2.14179005E-01  2.09790554E-01  2.05019478E-01  1.99793224E-01  1.94894717E-01  1.89446566E-01  1.84509356E-01  1.79173315E-01  1.73612827E-01  1.68020846E-01  1.62063556E-01  1.57255311E-01  1.51098538E-01  1.45690433E-01  1.40074694E-01  1.34412934E-01  1.28818170E-01  1.23463672E-01  1.17859580E-01  1.12267265E-01  1.06558368E-01  1.01763279E-01  9.63306940E-02  9.12973503E-02  8.60990730E-02  8.13166392E-02  7.64130043E-02  7.18239801E-02  6.72804126E-02  6.28649053E-02  5.85832514E-02  5.45059714E-02  5.04918665E-02  4.67328515E-02  4.30059324E-02  3.95910866E-02  3.64799319E-02  3.33475819E-02  3.03041865E-02  2.75343473E-02  2.48743180E-02  2.25029910E-02  2.01708502E-02  1.80212611E-02  1.61263669E-02  1.42662981E-02  1.25957194E-02  1.11000078E-02  9.71819681E-03  8.44772902E-03  7.33440018E-03  6.32860629E-03  5.39133548E-03  4.61590323E-03  3.88871394E-03  3.26599612E-03  2.74266065E-03  2.26314711E-03  1.86783845E-03  1.50235285E-03  1.21932911E-03  9.72243250E-04  7.73201804E-04  6.03599902E-04  4.70134485E-04  3.54781716E-04  2.67469192E-04  2.02489275E-04  1.50269415E-04  1.07546810E-04  7.87708276E-05  5.30994264E-05  3.61759800E-05  2.48547269E-05  1.82685378E-05  1.03881629E-05  6.71842716E-06  4.99400488E-06  3.24630903E-06  1.23608317E-06  8.27295424E-07  3.14942046E-07  4.93840284E-07  5.24051293E-08  1.21119596E-07  2.88679272E-08  5.36238532E-09  0.00000000E+00  0.00000000E+00  0.00000000E+00  0.00000000E+00  0.00000000E+00  0.00000000E+00  0.00000000E+00  0.00000000E+00  0.00000000E+00  0.00000000E+00  0.00000000E+00  0.00000000E+00  0.00000000E+00  0.00000000E+00  0.00000000E+00  0.00000000E+00  0.00000000E+00  0.00000000E+00  0.00000000E+00  0.00000000E+00  0.00000000E+00  0.00000000E+00  0.00000000E+00  0.00000000E+00  0.00000000E+00  0.00000000E+00  0.00000000E+00  0.00000000E+00  0.00000000E+00  0.00000000E+00  0.00000000E+00  0.00000000E+00  0.00000000E+00  0.00000000E+00  0.00000000E+00  0.00000000E+00  0.00000000E+00  0.00000000E+00  0.00000000E+00  0.00000000E+00  0.00000000E+00  0.00000000E+00  0.00000000E+00  0.00000000E+00  0.00000000E+00  0.00000000E+00  0.00000000E+00  0.00000000E+00  0.00000000E+00  0.00000000E+00  0.00000000E+00  0.00000000E+00  0.00000000E+00  0.00000000E+00  0.00000000E+00  0.00000000E+00  0.00000000E+00  0.00000000E+00  0.00000000E+00  0.00000000E+00  0.00000000E+00  0.00000000E+00  0.00000000E+00  0.00000000E+00  0.00000000E+00  0.00000000E+00  0.00000000E+00  0.00000000E+00  0.00000000E+00  0.00000000E+00  0.00000000E+00  0.00000000E+00  0.00000000E+00  0.00000000E+00  0.00000000E+00  0.00000000E+00  0.00000000E+00  0.00000000E+00  0.00000000E+00  0.00000000E+00  0.00000000E+00  0.00000000E+00  0.00000000E+00  0.00000000E+00  0.00000000E+00  0.00000000E+00  0.00000000E+00  0.00000000E+00  0.00000000E+00  0.00000000E+00  0.00000000E+00  0.00000000E+00
  2.68957416E-01  2.69117334E-01  2.69231583E-01  2.67398634E-01  2.67345592E-01  2.65966780E-01  2.64459732E-01  2.62062365E-01  2.60820354E-01  2.58535353E-01  2.56183396E-01  2.53262114E-01  2.50126146E-01  2.46822767E-01  2.43762819E-01  2.40609809E-01  2.36340903E-01  2.32662211E-01  2.28270776E-01  2.24118561E-01  2.19447792E-01  2.14718567E-01  2.10100084E-01  2.05107977E-01  2.00203178E-01  1.94887504E-01  1.89875731E-01  1.84237598E-01  1.79029228E-01  1.73496288E-01  1.68323964E-01  1.62795215E-01  1.56712750E-01  1.51188234E-01  1.45691633E-01  1.40221721E-01  1.34429534E-01  1.28775542E-01  1.23003163E-01  1.17762058E-01  1.12126052E-01  1.06758659E-01  1.01539427E-01  9.61725324E-02  9.11808867E-02  8.60374957E-02  8.12197020E-02  7.63127078E-02  7.16084089E-02  6.70136413E-02  6.26185983E-02  5.84048553E-02  5.42798572E-02  5.03790369E-02  4.65330880E-02  4.29751836E-02  3.95165295E-02  3.62446618E-02  3.32183735E-02  3.01867730E-02  2.75301178E-02  2.48011309E-02  2.23838150E-02  2.01729649E-02  1.80615884E-02  1.61408327E-02  1.43269317E-02  1.26529562E-02  1.10693013E-02  9.69777100E-03  8.46201100E-03  7.34187391E-03  6.31074971E-03  5.40742603E-03  4.62164009E-03  3.89401719E-03  3.27111247E-03  2.72433765E-03  2.26737689E-03  1.85322533E-03  1.50538259E-03  1.20849941E-03  9.67269990E-04  7.68165177E-04  5.90673613E-04  4.68341730E-04  3.55907775E-04  2.72119943E-04  2.02676935E-04  1.46642773E-04  1.04075300E-04  7.30517455E-05  5.39640438E-05  3.81241051E-05  2.52397976E-05  1.51084198E-05  9.68256565E-06  7.47680188E-06  3.68365577E-06  2.76133507E-06  1.30909249E-06  8.66923541E-07  3.17198946E-07  3.83535968E-07  1.80888461E-07  6.18149878E-08  7.98711723E-09  0.00000000E+00  0.00000000E+00  0.00000000E+00  0.00000000E+00  0.00000000E+00  0.00000000E+00  0.00000000E+00  0.00000000E+00  0.00000000E+00  0.00000000E+00  0.00000000E+00  0.00000000E+00  0.00000000E+00  0.00000000E+00  0.00000000E+00  0.00000000E+00  0.00000000E+00  0.00000000E+00  0.00000000E+00  0.00000000E+00  0.00000000E+00  0.00000000E+00  0.00000000E+00  0.00000000E+00  0.00000000E+00  0.00000000E+00  0.00000000E+00  0.00000000E+00  0.00000000E+00  0.00000000E+00  0.00000000E+00  0.00000000E+00  0.00000000E+00  0.00000000E+00  0.00000000E+00  0.00000000E+00  0.00000000E+00  0.00000000E+00  0.00000000E+00  0.00000000E+00  0.00000000E+00  0.00000000E+00  0.00000000E+00  0.00000000E+00  0.00000000E+00  0.00000000E+00  0.00000000E+00  0.00000000E+00  0.00000000E+00  0.00000000E+00  0.00000000E+00  0.00000000E+00  0.00000000E+00  0.00000000E+00  0.00000000E+00  0.00000000E+00  0.00000000E+00  0.00000000E+00  0.00000000E+00  0.00000000E+00  0.00000000E+00  0.00000000E+00  0.00000000E+00  0.00000000E+00  0.00000000E+00  0.00000000E+00  0.00000000E+00  0.00000000E+00  0.00000000E+00  0.00000000E+00  0.00000000E+00  0.00000000E+00  0.00000000E+00  0.00000000E+00  0.00000000E+00  0.00000000E+00  0.00000000E+00  0.00000000E+00  0.00000000E+00  0.00000000E+00  0.00000000E+00  0.00000000E+00  0.00000000E+00  0.00000000E+00  0.00000000E+00  0.00000000E+00  0.00000000E+00  0.00000000E+00  0.00000000E+00  0.00000000E+00  0.00000000E+00  0.00000000E+00  0.00000000E+00
  2.69831220E-01  2.69763972E-01  2.69409242E-01  2.67610476E-01  2.66613056E-01  2.66003634E-01  2.64020540E-01  2.62133104E-01  2.60020617E-01  2.58127863E-01  2.55585321E-01  2.52799089E-01  2.50340591E-01  2.47006890E-01  2.43853646E-01  2.39722839E-01  2.36238503E-01  2.32291266E-01  2.28711831E-01  2.23774761E-01  2.19523681E-01  2.14702895E-01  2.09764312E-01  2.05174597E-01  2.00274642E-01  1.95017096E-01  1.89895170E-01  1.84382976E-01  1.79256263E-01  1.73673688E-01  1.68227573E-01  1.62516979E-01  1.57048941E-01  1.51551119E-01  1.45486534E-01  1.40134119E-01  1.34319022E-01  1.28557287E-01  1.23176211E-01  1.17810192E-01  1.12290204E-01  1.06952215E-01  1.01717196E-01  9.63741232E-02  9.13050878E-02  8.62217868E-02  8.10612474E-02  7.64676361E-02  7.17065580E-02  6.70837316E-02  6.27166507E-02  5.85533565E-02  5.42224004E-02  5.04123341E-02  4.65216286E-02  4.30263762E-02  3.95746578E-02  3.63082168E-02  3.31192642E-02  3.02000764E-02  2.73584911E-02  2.48820930E-02  2.24084603E-02  2.01204301E-02  1.79515981E-02  1.61274867E-02  1.42190064E-02  1.26294289E-02  1.10316168E-02  9.67807207E-03  8.43235398E-03  7.30342024E-03  6.25576201E-03  5.39091253E-03  4.60173502E-03  3.87539537E-03  3.23746435E-03  2.72409099E-03  2.23723848E-03  1.84410382E-03  1.52663783E-03  1.21526221E-03  9.66851085E-04  7.65114438E-04  5.96494317E-04  4.74845340E-04  3.51596484E-04  2.66505959E-04  2.03702625E-04  1.46786081E-04  1.09057532E-04  7.73745790E-05  5.48870645E-05  3.59740984E-05  2.53097600E-05  1.56835267E-05  1.03245749E-05  5.47706239E-06  3.90451199E-06  2.35480586E-06  1.12519213E-06  1.06637271E-06  4.65117982E-07  1.77883286E-07  1.02926826E-07  4.22500536E-08  5.18617467E-08  4.32667890E-08  0.00000000E+00  3.53971067E-09  0.00000000E+00  0.00000000E+00  0.00000000E+00  0.00000000E+00  0.00000000E+00  0.00000000E+00  0.00000000E+00  0.00000000E+00  0.00000000E+00  0.00000000E+00  0.00000000E+00  0.00000000E+00  0.00000000E+00  0.00000000E+00  0.00000000E+00  0.00000000E+00  0.00000000E+00  0.00000000E+00  0.00000000E+00  0.00000000E+00  0.00000000E+00  0.00000000E+00  0.00000000E+00  0.00000000E+00  0.00000000E+00  0.00000000E+00  0.00000000E+00  0.00000000E+00  0.00000000E+00  0.00000000E+00  0.00000000E+00  0.00000000E+00  0.00000000E+00  0.00000000E+00  0.00000000E+00  0.00000000E+00  0.00000000E+00  0.00000000E+00  0.00000000E+00  0.00000000E+00  0.00000000E+00  0.00000000E+00  0.00000000E+00  0.00000000E+00  0.00000000E+00  0.00000000E+00  0.00000000E+00  0.00000000E+00  0.00000000E+00  0.00000000E+00  0.00000000E+00  0.00000000E+00  0.00000000E+00  0.00000000E+00  0.00000000E+00  0.00000000E+00  0.00000000E+00  0.00000000E+00  0.00000000E+00  0.00000000E+00  0.00000000E+00  0.00000000E+00  0.00000000E+00  0.00000000E+00  0.00000000E+00  0.00000000E+00  0.00000000E+00  0.00000000E+00  0.00000000E+00  0.00000000E+00  0.00000000E+00  0.00000000E+00  0.00000000E+00  0.00000000E+00  0.00000000E+00  0.00000000E+00  0.00000000E+00  0.00000000E+00  0.00000000E+00  0.00000000E+00  0.00000000E+00  0.00000000E+00  0.00000000E+00  0.00000000E+00  0.00000000E+00  0.00000000E+00  0.00000000E+00  0.00000000E+00  0.00000000E+00  0.00000000E+00
  2.73523616E-01  2.72172623E-01  2.72382238E-01  2.73307535E-01  2.70726893E-01  2.69651552E-01  2.67382432E-01  2.65231596E-01  2.63227058E-01  2.60823099E-01  2.58700643E-01  2.55872559E-01  2.53395558E-01  2.49946709E-01  2.46304156E-01  2.43072292E-01  2.39048014E-01  2.35359734E-01  2.30703860E-01  2.26970030E-01  2.22553269E-01  2.17321568E-01  2.12293261E-01  2.07749702E-01  2.02822916E-01  1.97666638E-01  1.91852160E-01  1.86997510E-01  1.81428565E-01  1.75768857E-01  1.70316524E-01  1.64715781E-01  1.58723507E-01  1.52994127E-01  1.47193860E-01  1.42152560E-01  1.36177108E-01  1.30425257E-01  1.25029232E-01  1.19066897E-01  1.13653145E-01  1.08417857E-01  1.02670152E-01  9.76516898E-02  9.25754337E-02  8.73628222E-02  8.23285703E-02  7.74036937E-02  7.28719191E-02  6.84605667E-02  6.37917258E-02  5.93907214E-02  5.52627234E-02  5.13000128E-02  4.75324825E-02  4.36900216E-02  4.01951295E-02  3.69712053E-02  3.37681256E-02  3.08550065E-02  2.79569863E-02  2.53685548E-02  2.28543879E-02  2.05241390E-02  1.83396906E-02  1.64055555E-02  1.45299817E-02  1.28795879E-02  1.13089892E-02  9.86584606E-03  8.62335644E-03  7.48454042E-03  6.40964938E-03  5.51625154E-03  4.69478466E-03  3.95426457E-03  3.34363409E-03  2.76030730E-03  2.31009644E-03  1.89933306E-03  1.51576389E-03  1.24961249E-03  9.92588080E-04  7.80264949E-04  6.21480778E-04  4.51283199E-04  3.68429968E-04  2.67677283E-04  2.05400075E-04  1.44224401E-04  1.07586345E-04  7.51744096E-05  5.21853362E-05  3.87257440E-05  2.61207125E-05  1.75076888E-05  1.15422988E-05  6.20559615E-06  4.13690893E-06  2.84398053E-06  1.81907268E-06  6.72854453E-07  4.50998537E-07  2.37105750E-07  1.19238838E-07  4.32764380E-08  0.00000000E+00  0.00000000E+00  0.00000000E+00  0.00000000E+00  0.00000000E+00  0.00000000E+00  0.00000000E+00  0.00000000E+00  0.00000000E+00  0.00000000E+00  0.00000000E+00  0.00000000E+00  0.00000000E+00  0.00000000E+00  0.00000000E+00  0.00000000E+00  0.00000000E+00  0.00000000E+00  0.00000000E+00  0.00000000E+00  0.00000000E+00  0.00000000E+00  0.00000000E+00  0.00000000E+00  0.00000000E+00  0.00000000E+00  0.00000000E+00  0.00000000E+00  0.00000000E+00  0.00000000E+00  0.00000000E+00  0.00000000E+00  0.00000000E+00  0.00000000E+00  0.00000000E+00  0.00000000E+00  0.00000000E+00  0.00000000E+00  0.00000000E+00  0.00000000E+00  0.00000000E+00  0.00000000E+00  0.00000000E+00  0.00000000E+00  0.00000000E+00  0.00000000E+00  0.00000000E+00  0.00000000E+00  0.00000000E+00  0.00000000E+00  0.00000000E+00  0.00000000E+00  0.00000000E+00  0.00000000E+00  0.00000000E+00  0.00000000E+00  0.00000000E+00  0.00000000E+00  0.00000000E+00  0.00000000E+00  0.00000000E+00  0.00000000E+00  0.00000000E+00  0.00000000E+00  0.00000000E+00  0.00000000E+00  0.00000000E+00  0.00000000E+00  0.00000000E+00  0.00000000E+00  0.00000000E+00  0.00000000E+00  0.00000000E+00  0.00000000E+00  0.00000000E+00  0.00000000E+00  0.00000000E+00  0.00000000E+00  0.00000000E+00  0.00000000E+00  0.00000000E+00  0.00000000E+00  0.00000000E+00  0.00000000E+00  0.00000000E+00  0.00000000E+00  0.00000000E+00  0.00000000E+00  0.00000000E+00  0.00000000E+00  0.00000000E+00  0.00000000E+00  0.00000000E+00  0.00000000E+00
  2.70955066E-01  2.68524893E-01  2.68673058E-01  2.68081164E-01  2.68024156E-01  2.66581931E-01  2.64586197E-01  2.62182949E-01  2.61045758E-01  2.58653976E-01  2.56179844E-01  2.53709248E-01  2.50198271E-01  2.46725691E-01  2.44080608E-01  2.40367333E-01  2.36699609E-01  2.32591683E-01  2.28798469E-01  2.24150741E-01  2.19611024E-01  2.15021747E-01  2.10159032E-01  2.05562775E-01  1.99982238E-01  1.94938727E-01  1.89973398E-01  1.84518789E-01  1.79290672E-01  1.73847323E-01  1.68161807E-01  1.62519247E-01  1.56770875E-01  1.51225646E-01  1.45553244E-01  1.40136766E-01  1.34567789E-01  1.28726951E-01  1.23123666E-01  1.17810079E-01  1.12254495E-01  1.06629059E-01  1.01469952E-01  9.60548515E-02  9.09979098E-02  8.61205689E-02  8.11546085E-02  7.62664376E-02  7.15383516E-02  6.68965765E-02  6.26160013E-02  5.84084824E-02  5.42497638E-02  5.04274643E-02  4.65631755E-02  4.30603159E-02  3.95113936E-02  3.63138884E-02  3.30466687E-02  3.01611588E-02  2.75064718E-02  2.48286078E-02  2.24211015E-02  2.00952896E-02  1.80197533E-02  1.60147120E-02  1.42667645E-02  1.26174725E-02  1.10757388E-02  9.67030044E-03  8.40721043E-03  7.27926130E-03  6.25614154E-03  5.39215232E-03  4.58213251E-03  3.88228631E-03  3.25810815E-03  2.70824265E-03  2.26095405E-03  1.84580105E-03  1.50125737E-03  1.21176267E-03  9.69906100E-04  7.64517693E-04  5.98792338E-04  4.59454579E-04  3.51633635E-04  2.66296574E-04  1.99597837E-04  1.47474842E-04  1.04951240E-04  7.42296746E-05  5.20017924E-05  3.73120996E-05  2.44085529E-05  1.62395954E-05  1.15789279E-05  7.14640158E-06  4.12058663E-06  2.72260908E-06  1.38436271E-06  1.10308406E-06  8.47539013E-07  2.71581290E-07  9.38730616E-08  1.45733394E-07  6.99683152E-08  2.28133370E-08  0.00000000E+00  0.00000000E+00  0.00000000E+00  0.00000000E+00  0.00000000E+00  0.00000000E+00  0.00000000E+00  0.00000000E+00  0.00000000E+00  0.00000000E+00  0.00000000E+00  0.00000000E+00  0.00000000E+00  0.00000000E+00  0.00000000E+00  0.00000000E+00  0.00000000E+00  0.00000000E+00  0.00000000E+00  0.00000000E+00  0.00000000E+00  0.00000000E+00  0.00000000E+00  0.00000000E+00  0.00000000E+00  0.00000000E+00  0.00000000E+00  0.00000000E+00  0.00000000E+00  0.00000000E+00  0.00000000E+00  0.00000000E+00  0.00000000E+00  0.00000000E+00  0.00000000E+00  0.00000000E+00  0.00000000E+00  0.00000000E+00  0.00000000E+00  0.00000000E+00  0.00000000E+00  0.00000000E+00  0.00000000E+00  0.00000000E+00  0.00000000E+00  0.00000000E+00  0.00000000E+00  0.00000000E+00  0.00000000E+00  0.00000000E+00  0.00000000E+00  0.00000000E+00  0.00000000E+00  0.00000000E+00  0.00000000E+00  0.00000000E+00  0.00000000E+00  0.00000000E+00  0.00000000E+00  0.00000000E+00  0.00000000E+00  0.00000000E+00  0.00000000E+00  0.00000000E+00  0.00000000E+00  0.00000000E+00  0.00000000E+00  0.00000000E+00  0.00000000E+00  0.00000000E+00  0.00000000E+00  0.00000000E+00  0.00000000E+00  0.00000000E+00  0.00000000E+00  0.00000000E+00  0.00000000E+00  0.00000000E+00  0.00000000E+00  0.00000000E+00  0.00000000E+00  0.00000000E+00  0.00000000E+00  0.00000000E+00  0.00000000E+00  0.00000000E+00  0.00000000E+00  0.00000000E+00  0.00000000E+00  0.00000000E+00  0.00000000E+00  0.00000000E+00
  2.70750949E-01  2.70750552E-01  2.69915000E-01  2.69243689E-01  2.67823593E-01  2.66888463E-01  2.64792378E-01  2.63367987E-01  2.60727324E-01  2.58150740E-01  2.55466854E-01  2.53797236E-01  2.50574482E-01  2.47136278E-01  2.44180921E-01  2.40192343E-01  2.36435293E-01  2.32835991E-01  2.28830162E-01  2.24077465E-01  2.20120629E-01  2.15254956E-01  2.10457629E-01  2.05424660E-01  2.00264540E-01  1.95221802E-01  1.90149837E-01  1.84706273E-01  1.79253033E-01  1.73775768E-01  1.68200316E-01  1.62556187E-01  1.57177959E-01  1.51430827E-01  1.45745910E-01  1.39825204E-01  1.34268147E-01  1.28504075E-01  1.23249705E-01  1.17731498E-01  1.12047058E-01  1.06691307E-01  1.01431797E-01  9.61109008E-02  9.08468873E-02  8.58562054E-02  8.09947646E-02  7.61442763E-02  7.15167857E-02  6.69613231E-02  6.27758153E-02  5.82344341E-02  5.42106041E-02  5.03411890E-02  4.64962534E-02  4.28935651E-02  3.94523260E-02  3.62467496E-02  3.30870532E-02  3.02051472E-02  2.74267455E-02  2.47759424E-02  2.24575147E-02  2.00640501E-02  1.79564782E-02  1.60573435E-02  1.42623799E-02  1.26061234E-02  1.10752888E-02  9.70149495E-03  8.47234326E-03  7.31866129E-03  6.30340757E-03  5.39264546E-03  4.58905274E-03  3.89501297E-03  3.25505834E-03  2.71651748E-03  2.24080720E-03  1.84600057E-03  1.50398757E-03  1.21477201E-03  9.73769887E-04  7.62876173E-04  5.95570632E-04  4.63861341E-04  3.47414552E-04  2.66141945E-04  1.97078127E-04  1.43220418E-04  9.76052937E-05  7.62761033E-05  5.33440195E-05  3.38312580E-05  2.39716913E-05  1.55659165E-05  1.05698577E-05  5.75461069E-06  3.68736810E-06  2.38436358E-06  1.22472929E-06  9.19513195E-07  4.84783964E-07  2.28071486E-07  8.06746370E-08  4.32453839E-08  4.56331929E-08  1.01488914E-08  0.00000000E+00  0.00000000E+00  0.00000000E+00  0.00000000E+00  0.00000000E+00  0.00000000E+00  0.00000000E+00  0.00000000E+00  0.00000000E+00  0.00000000E+00  0.00000000E+00  0.00000000E+00  0.00000000E+00  0.00000000E+00  0.00000000E+00  0.00000000E+00  0.00000000E+00  0.00000000E+00  0.00000000E+00  0.00000000E+00  0.00000000E+00  0.00000000E+00  0.00000000E+00  0.00000000E+00  0.00000000E+00  0.00000000E+00  0.00000000E+00  0.00000000E+00  0.00000000E+00  0.00000000E+00  0.00000000E+00  0.00000000E+00  0.00000000E+00  0.00000000E+00  0.00000000E+00  0.00000000E+00  0.00000000E+00  0.00000000E+00  0.00000000E+00  0.00000000E+00  0.00000000E+00  0.00000000E+00  0.00000000E+00  0.00000000E+00  0.00000000E+00  0.00000000E+00  0.00000000E+00  0.00000000E+00  0.00000000E+00  0.00000000E+00  0.00000000E+00  0.00000000E+00  0.00000000E+00  0.00000000E+00  0.00000000E+00  0.00000000E+00  0.00000000E+00  0.00000000E+00  0.00000000E+00  0.00000000E+00  0.00000000E+00  0.00000000E+00  0.00000000E+00  0.00000000E+00  0.00000000E+00  0.00000000E+00  0.00000000E+00  0.00000000E+00  0.00000000E+00  0.00000000E+00  0.00000000E+00  0.00000000E+00  0.00000000E+00  0.00000000E+00  0.00000000E+00  0.00000000E+00  0.00000000E+00  0.00000000E+00  0.00000000E+00  0.00000000E+00  0.00000000E+00  0.00000000E+00  0.00000000E+00  0.00000000E+00  0.00000000E+00  0.00000000E+00  0.00000000E+00  0.00000000E+00  0.00000000E+00  0.00000000E+00  0.00000000E+00  0.00000000E+00
  2.68744559E-01  2.68120925E-01  2.67617208E-01  2.67160637E-01  2.66306464E-01  2.65137755E-01  2.63260056E-01  2.62458953E-01  2.59939744E-01  2.57736321E-01  2.55496975E-01  2.52482466E-01  2.49665964E-01  2.46598341E-01  2.43479893E-01  2.39843622E-01  2.36470083E-01  2.32176363E-01  2.28434105E-01  2.23733429E-01  2.19382154E-01  2.14358192E-01  2.09821787E-01  2.05152906E-01  2.00126734E-01  1.94811006E-01  1.89760280E-01  1.84498750E-01  1.79363623E-01  1.73365981E-01  1.68006969E-01  1.62413821E-01  1.56748936E-01  1.51425798E-01  1.45634515E-01  1.40050199E-01  1.34676903E-01  1.29177980E-01  1.23280982E-01  1.17575175E-01  1.12393566E-01  1.06765915E-01  1.01422884E-01  9.63115322E-02  9.12306084E-02  8.62616964E-02  8.11961754E-02  7.64575480E-02  7.15041010E-02  6.71318861E-02  6.26911552E-02  5.84327068E-02  5.43588394E-02  5.04702442E-02  4.67525646E-02  4.29459412E-02  3.96521703E-02  3.63075218E-02  3.31828557E-02  3.02043307E-02  2.74598696E-02  2.49697712E-02  2.25266826E-02  2.02178932E-02  1.80910741E-02  1.60712385E-02  1.42722468E-02  1.26411233E-02  1.10980550E-02  9.73635300E-03  8.47276588E-03  7.32841729E-03  6.31894346E-03  5.44322191E-03  4.59925637E-03  3.92604682E-03  3.26084983E-03  2.76007649E-03  2.26245088E-03  1.86402210E-03  1.50491446E-03  1.20849207E-03  9.71959646E-04  7.62473702E-04  5.99896009E-04  4.68528383E-04  3.60355614E-04  2.67736537E-04  2.01732828E-04  1.50775428E-04  1.01676907E-04  7.62279937E-05  5.48901247E-05  3.66609211E-05  2.55046721E-05  1.74395264E-05  1.06578441E-05  6.13789762E-06  4.28642521E-06  2.75122224E-06  1.74975595E-06  7.91524306E-07  2.71817361E-07  3.13441700E-07  1.09567856E-07  8.13969733E-09  4.83796094E-08  0.00000000E+00  0.00000000E+00  0.00000000E+00  0.00000000E+00  0.00000000E+00  0.00000000E+00  0.00000000E+00  0.00000000E+00  0.00000000E+00  0.00000000E+00  0.00000000E+00  0.00000000E+00  0.00000000E+00  0.00000000E+00  0.00000000E+00  0.00000000E+00  0.00000000E+00  0.00000000E+00  0.00000000E+00  0.00000000E+00  0.00000000E+00  0.00000000E+00  0.00000000E+00  0.00000000E+00  0.00000000E+00  0.00000000E+00  0.00000000E+00  0.00000000E+00  0.00000000E+00  0.00000000E+00  0.00000000E+00  0.00000000E+00  0.00000000E+00  0.00000000E+00  0.00000000E+00  0.00000000E+00  0.00000000E+00  0.00000000E+00  0.00000000E+00  0.00000000E+00  0.00000000E+00  0.00000000E+00  0.00000000E+00  0.00000000E+00  0.00000000E+00  0.00000000E+00  0.00000000E+00  0.00000000E+00  0.00000000E+00  0.00000000E+00  0.00000000E+00  0.00000000E+00  0.00000000E+00  0.00000000E+00  0.00000000E+00  0.00000000E+00  0.00000000E+00  0.00000000E+00  0.00000000E+00  0.00000000E+00  0.00000000E+00  0.00000000E+00  0.00000000E+00  0.00000000E+00  0.00000000E+00  0.00000000E+00  0.00000000E+00  0.00000000E+00  0.00000000E+00  0.00000000E+00  0.00000000E+00  0.00000000E+00  0.00000000E+00  0.00000000E+00  0.00000000E+00  0.00000000E+00  0.00000000E+00  0.00000000E+00  0.00000000E+00  0.00000000E+00  0.00000000E+00  0.00000000E+00  0.00000000E+00  0.00000000E+00  0.00000000E+00  0.00000000E+00  0.00000000E+00  0.00000000E+00  0.00000000E+00  0.00000000E+00  0.00000000E+00  0.00000000E+00  0.00000000E+00
  2.66453081E-01  2.67832963E-01  2.68536082E-01  2.67635312E-01  2.66325550E-01  2.65023142E-01  2.63369684E-01  2.61885868E-01  2.59200648E-01  2.56547724E-01  2.55585731E-01  2.52370494E-01  2.49456014E-01  2.46302065E-01  2.42621469E-01  2.39123712E-01  2.35472561E-01  2.31429183E-01  2.27160531E-01  2.23036289E-01  2.18514115E-01  2.13832338E-01  2.08949184E-01  2.04482090E-01  1.99276290E-01  1.94046568E-01  1.89121908E-01  1.83466098E-01  1.78453598E-01  1.72858216E-01  1.67418637E-01  1.61517208E-01  1.56151455E-01  1.50512281E-01  1.44588448E-01  1.39195532E-01  1.33375419E-01  1.27969224E-01  1.22466449E-01  1.17048397E-01  1.11348643E-01  1.06081882E-01  1.00618773E-01  9.56605497E-02  9.04278208E-02  8.53505277E-02  8.06081842E-02  7.58033888E-02  7.10399061E-02  6.66217526E-02  6.21009203E-02  5.79687040E-02  5.37682008E-02  4.99800148E-02  4.62013462E-02  4.25365453E-02  3.91465523E-02  3.58204204E-02  3.27560588E-02  2.98669808E-02  2.71853569E-02  2.45452280E-02  2.21323875E-02  1.98901288E-02  1.77360837E-02  1.58866594E-02  1.40813503E-02  1.24498527E-02  1.09045605E-02  9.57507429E-03  8.35710066E-03  7.21996512E-03  6.20549750E-03  5.32519305E-03  4.52065126E-03  3.81433238E-03  3.22115369E-03  2.66194217E-03  2.21013522E-03  1.79741204E-03  1.47364289E-03  1.18979417E-03  9.53651707E-04  7.44484137E-04  5.94340269E-04  4.55217445E-04  3.50898041E-04  2.59667650E-04  2.01208939E-04  1.45412307E-04  1.05009051E-04  7.60015453E-05  5.12280734E-05  3.58596525E-05  2.33322842E-05  1.68840955E-05  9.57786949E-06  6.18677179E-06  3.68479005E-06  2.88630838E-06  1.51544640E-06  1.12681689E-06  2.37891317E-07  3.91719857E-07  1.17595132E-07  3.11837523E-08  5.90562224E-08  1.80021114E-08  0.00000000E+00  0.00000000E+00  0.00000000E+00  0.00000000E+00  0.00000000E+00  0.00000000E+00  0.00000000E+00  0.00000000E+00  0.00000000E+00  0.00000000E+00  0.00000000E+00  0.00000000E+00  0.00000000E+00  0.00000000E+00  0.00000000E+00  0.00000000E+00  0.00000000E+00  0.00000000E+00  0.00000000E+00  0.00000000E+00  0.00000000E+00  0.00000000E+00  0.00000000E+00  0.00000000E+00  0.00000000E+00  0.00000000E+00  0.00000000E+00  0.00000000E+00  0.00000000E+00  0.00000000E+00  0.00000000E+00  0.00000000E+00  0.00000000E+00  0.00000000E+00  0.00000000E+00  0.00000000E+00  0.00000000E+00  0.00000000E+00  0.00000000E+00  0.00000000E+00  0.00000000E+00  0.00000000E+00  0.00000000E+00  0.00000000E+00  0.00000000E+00  0.00000000E+00  0.00000000E+00  0.00000000E+00  0.00000000E+00  0.00000000E+00  0.00000000E+00  0.00000000E+00  0.00000000E+00  0.00000000E+00  0.00000000E+00  0.00000000E+00  0.00000000E+00  0.00000000E+00  0.00000000E+00  0.00000000E+00  0.00000000E+00  0.00000000E+00  0.00000000E+00  0.00000000E+00  0.00000000E+00  0.00000000E+00  0.00000000E+00  0.00000000E+00  0.00000000E+00  0.00000000E+00  0.00000000E+00  0.00000000E+00  0.00000000E+00  0.00000000E+00  0.00000000E+00  0.00000000E+00  0.00000000E+00  0.00000000E+00  0.00000000E+00  0.00000000E+00  0.00000000E+00  0.00000000E+00  0.00000000E+00  0.00000000E+00  0.00000000E+00  0.00000000E+00  0.00000000E+00  0.00000000E+00  0.00000000E+00  0.00000000E+00  0.00000000E+00  0.00000000E+00
  2.68079751E-01  2.67327985E-01  2.66828112E-01  2.66123673E-01  2.65491965E-01  2.64322380E-01  2.62924171E-01  2.60599421E-01  2.59215397E-01  2.56683125E-01  2.54186968E-01  2.51995067E-01  2.48406935E-01  2.45318529E-01  2.42178694E-01  2.38261704E-01  2.34853815E-01  2.30828634E-01  2.26946787E-01  2.22425171E-01  2.18177291E-01  2.12980461E-01  2.08934411E-01  2.04047811E-01  1.98664643E-01  1.94049044E-01  1.88467951E-01  1.83273939E-01  1.77913556E-01  1.72552583E-01  1.67040412E-01  1.61571837E-01  1.55990291E-01  1.50315229E-01  1.44884129E-01  1.39284726E-01  1.33661108E-01  1.28089710E-01  1.22497119E-01  1.17037750E-01  1.11505875E-01  1.06293569E-01  1.00938922E-01  9.56724888E-02  9.04260616E-02  8.55220882E-02  8.07551450E-02  7.57818690E-02  7.12167897E-02  6.66776605E-02  6.23917590E-02  5.80554813E-02  5.40991591E-02  4.99986981E-02  4.62927088E-02  4.27673831E-02  3.92266215E-02  3.59785969E-02  3.29260998E-02  3.00573605E-02  2.72441074E-02  2.46955238E-02  2.22923941E-02  2.00073473E-02  1.78520223E-02  1.59290855E-02  1.41710852E-02  1.25088045E-02  1.09506719E-02  9.61698266E-03  8.39099654E-03  7.24427219E-03  6.25229273E-03  5.35087767E-03  4.55498276E-03  3.82522058E-03  3.23205981E-03  2.68331460E-03  2.21945685E-03  1.82328104E-03  1.49980093E-03  1.20348710E-03  9.52190273E-04  7.51337045E-04  5.89480758E-04  4.54487677E-04  3.48904537E-04  2.70291436E-04  1.98072309E-04  1.43080820E-04  1.08247754E-04  7.35540945E-05  5.05000382E-05  3.56959737E-05  2.32726621E-05  1.59383281E-05  1.10906643E-05  6.52095880E-06  4.55367065E-06  2.14732345E-06  1.55968382E-06  1.03757325E-06  8.08032171E-07  4.62940139E-07  8.14089343E-08  2.31716338E-08  3.02993589E-08  2.54693977E-08  0.00000000E+00  0.00000000E+00  0.00000000E+00  0.00000000E+00  0.00000000E+00  0.00000000E+00  0.00000000E+00  0.00000000E+00  0.00000000E+00  0.00000000E+00  0.00000000E+00  0.00000000E+00  0.00000000E+00  0.00000000E+00  0.00000000E+00  0.00000000E+00  0.00000000E+00  0.00000000E+00  0.00000000E+00  0.00000000E+00  0.00000000E+00  0.00000000E+00  0.00000000E+00  0.00000000E+00  0.00000000E+00  0.00000000E+00  0.00000000E+00  0.00000000E+00  0.00000000E+00  0.00000000E+00  0.00000000E+00  0.00000000E+00  0.00000000E+00  0.00000000E+00  0.00000000E+00  0.00000000E+00  0.00000000E+00  0.00000000E+00  0.00000000E+00  0.00000000E+00  0.00000000E+00  0.00000000E+00  0.00000000E+00  0.00000000E+00  0.00000000E+00  0.00000000E+00  0.00000000E+00  0.00000000E+00  0.00000000E+00  0.00000000E+00  0.00000000E+00  0.00000000E+00  0.00000000E+00  0.00000000E+00  0.00000000E+00  0.00000000E+00  0.00000000E+00  0.00000000E+00  0.00000000E+00  0.00000000E+00  0.00000000E+00  0.00000000E+00  0.00000000E+00  0.00000000E+00  0.00000000E+00  0.00000000E+00  0.00000000E+00  0.00000000E+00  0.00000000E+00  0.00000000E+00  0.00000000E+00  0.00000000E+00  0.00000000E+00  0.00000000E+00  0.00000000E+00  0.00000000E+00  0.00000000E+00  0.00000000E+00  0.00000000E+00  0.00000000E+00  0.00000000E+00  0.00000000E+00  0.00000000E+00  0.00000000E+00  0.00000000E+00  0.00000000E+00  0.00000000E+00  0.00000000E+00  0.00000000E+00  0.00000000E+00  0.00000000E+00  0.00000000E+00
  2.69355852E-01  2.69496437E-01  2.69282873E-01  2.68055363E-01  2.67807805E-01  2.66363446E-01  2.64356354E-01  2.62970727E-01  2.60643264E-01  2.58258298E-01  2.56323599E-01  2.53544437E-01  2.49893474E-01  2.47122958E-01  2.43452629E-01  2.40265000E-01  2.36255935E-01  2.32380228E-01  2.28201416E-01  2.23865435E-01  2.19677593E-01  2.14828773E-01  2.10031473E-01  2.05021717E-01  2.00582802E-01  1.94762779E-01  1.89790568E-01  1.84375628E-01  1.78936307E-01  1.73675336E-01  1.68085624E-01  1.62645996E-01  1.57033747E-01  1.51483062E-01  1.45405681E-01  1.40093698E-01  1.34463768E-01  1.28809508E-01  1.23139400E-01  1.17697509E-01  1.12333579E-01  1.06969946E-01  1.01428782E-01  9.62049299E-02  9.09737955E-02  8.61612421E-02  8.11102331E-02  7.62986856E-02  7.15586912E-02  6.69886052E-02  6.27093739E-02  5.85832861E-02  5.42607912E-02  5.03718712E-02  4.65998714E-02  4.29491741E-02  3.95744662E-02  3.61828770E-02  3.32055463E-02  3.02189559E-02  2.75305152E-02  2.49157549E-02  2.23630533E-02  2.02294123E-02  1.79988179E-02  1.60652367E-02  1.42524085E-02  1.25835234E-02  1.10383383E-02  9.68055030E-03  8.45114094E-03  7.31118500E-03  6.31827294E-03  5.39148404E-03  4.57999998E-03  3.89308203E-03  3.24951270E-03  2.71082648E-03  2.24383606E-03  1.86150396E-03  1.48152913E-03  1.22279725E-03  9.73990726E-04  7.70625735E-04  6.02958880E-04  4.64993019E-04  3.55840679E-04  2.69585951E-04  2.00726240E-04  1.48175576E-04  1.06770311E-04  7.56783976E-05  5.23543519E-05  3.57614095E-05  2.50759916E-05  1.63178964E-05  1.14526736E-05  7.92980349E-06  4.03325926E-06  2.56107769E-06  1.63221693E-06  1.19548483E-06  4.51337849E-07  2.97053529E-07  1.54944932E-07  0.00000000E+00  3.61988494E-09  9.05518426E-08  4.61910664E-08  1.67233726E-08  0.00000000E+00  3.45755826E-09  0.00000000E+00  0.00000000E+00  0.00000000E+00  0.00000000E+00  0.00000000E+00  0.00000000E+00  0.00000000E+00  0.00000000E+00  0.00000000E+00  0.00000000E+00  0.00000000E+00  0.00000000E+00  0.00000000E+00  0.00000000E+00  0.00000000E+00  0.00000000E+00  0.00000000E+00  0.00000000E+00  0.00000000E+00  0.00000000E+00  0.00000000E+00  0.00000000E+00  0.00000000E+00  0.00000000E+00  0.00000000E+00  0.00000000E+00  0.00000000E+00  0.00000000E+00  0.00000000E+00  0.00000000E+00  0.00000000E+00  0.00000000E+00  0.00000000E+00  0.00000000E+00  0.00000000E+00  0.00000000E+00  0.00000000E+00  0.00000000E+00  0.00000000E+00  0.00000000E+00  0.00000000E+00  0.00000000E+00  0.00000000E+00  0.00000000E+00  0.00000000E+00  0.00000000E+00  0.00000000E+00  0.00000000E+00  0.00000000E+00  0.00000000E+00  0.00000000E+00  0.00000000E+00  0.00000000E+00  0.00000000E+00  0.00000000E+00  0.00000000E+00  0.00000000E+00  0.00000000E+00  0.00000000E+00  0.00000000E+00  0.00000000E+00  0.00000000E+00  0.00000000E+00  0.00000000E+00  0.00000000E+00  0.00000000E+00  0.00000000E+00  0.00000000E+00  0.00000000E+00  0.00000000E+00  0.00000000E+00  0.00000000E+00  0.00000000E+00  0.00000000E+00  0.00000000E+00  0.00000000E+00  0.00000000E+00  0.00000000E+00  0.00000000E+00  0.00000000E+00  0.00000000E+00  0.00000000E+00  0.00000000E+00  0.00000000E+00  0.00000000E+00  0.00000000E+00  0.00000000E+00  0.00000000E+00
  2.69093287E-01  2.69948182E-01  2.69796046E-01  2.69457365E-01  2.67083157E-01  2.67067507E-01  2.64868990E-01  2.63337519E-01  2.61563073E-01  2.59463300E-01  2.55995646E-01  2.53903744E-01  2.50942324E-01  2.47440742E-01  2.43725608E-01  2.41146771E-01  2.36451104E-01  2.33126222E-01  2.28489107E-01  2.24458907E-01  2.19866852E-01  2.15317408E-01  2.10106251E-01  2.05342995E-01  2.00435118E-01  1.95474429E-01  1.90201836E-01  1.84598687E-01  1.79251437E-01  1.73573813E-01  1.68553407E-01  1.62543594E-01  1.57078161E-01  1.51291764E-01  1.45588826E-01  1.39831547E-01  1.34223526E-01  1.28587015E-01  1.23089089E-01  1.17669012E-01  1.12013417E-01  1.06737090E-01  1.01378267E-01  9.62672618E-02  9.10537678E-02  8.60476589E-02  8.11287021E-02  7.62594089E-02  7.15574067E-02  6.69850076E-02  6.24751715E-02  5.83584731E-02  5.41670566E-02  5.01873875E-02  4.64251553E-02  4.28245473E-02  3.94197506E-02  3.61386388E-02  3.32332899E-02  3.01479412E-02  2.74007073E-02  2.47909472E-02  2.22883164E-02  2.01045212E-02  1.79891646E-02  1.60353661E-02  1.41560395E-02  1.25189846E-02  1.10479111E-02  9.69329001E-03  8.45209371E-03  7.25960991E-03  6.29221758E-03  5.38684055E-03  4.55766166E-03  3.86247919E-03  3.24003839E-03  2.73347509E-03  2.24670827E-03  1.83930056E-03  1.49758072E-03  1.21698454E-03  9.62190145E-04  7.73330027E-04  6.05151214E-04  4.53792098E-04  3.50898470E-04  2.64790756E-04  1.99256195E-04  1.44698400E-04  1.07331196E-04  7.55740258E-05  5.27766550E-05  3.51708582E-05  2.65981713E-05  1.76792798E-05  1.09919688E-05  6.48509614E-06  3.99782345E-06  1.73987545E-06  2.04271070E-06  1.18568580E-06  3.53716976E-07  2.24668477E-07  7.26591147E-08  1.27747465E-07  0.00000000E+00  0.00000000E+00  2.53679087E-08  0.00000000E+00  0.00000000E+00  0.00000000E+00  0.00000000E+00  0.00000000E+00  0.00000000E+00  0.00000000E+00  0.00000000E+00  0.00000000E+00  0.00000000E+00  0.00000000E+00  0.00000000E+00  0.00000000E+00  0.00000000E+00  0.00000000E+00  0.00000000E+00  0.00000000E+00  0.00000000E+00  0.00000000E+00  0.00000000E+00  0.00000000E+00  0.00000000E+00  0.00000000E+00  0.00000000E+00  0.00000000E+00  0.00000000E+00  0.00000000E+00  0.00000000E+00  0.00000000E+00  0.00000000E+00  0.00000000E+00  0.00000000E+00  0.00000000E+00  0.00000000E+00  0.00000000E+00  0.00000000E+00  0.00000000E+00  0.00000000E+00  0.00000000E+00  0.00000000E+00  0.00000000E+00  0.00000000E+00  0.00000000E+00  0.00000000E+00  0.00000000E+00  0.00000000E+00  0.00000000E+00  0.00000000E+00  0.00000000E+00  0.00000000E+00  0.00000000E+00  0.00000000E+00  0.00000000E+00  0.00000000E+00  0.00000000E+00  0.00000000E+00  0.00000000E+00  0.00000000E+00  0.00000000E+00  0.00000000E+00  0.00000000E+00  0.00000000E+00  0.00000000E+00  0.00000000E+00  0.00000000E+00  0.00000000E+00  0.00000000E+00  0.00000000E+00  0.00000000E+00  0.00000000E+00  0.00000000E+00  0.00000000E+00  0.00000000E+00  0.00000000E+00  0.00000000E+00  0.00000000E+00  0.00000000E+00  0.00000000E+00  0.00000000E+00  0.00000000E+00  0.00000000E+00  0.00000000E+00  0.00000000E+00  0.00000000E+00  0.00000000E+00  0.00000000E+00  0.00000000E+00  0.00000000E+00  0.00000000E+00  0.00000000E+00  0.00000000E+00
  2.68185511E-01  2.69753727E-01  2.68420119E-01  2.69140654E-01  2.67515272E-01  2.66081731E-01  2.64132830E-01  2.62948592E-01  2.60941228E-01  2.58517334E-01  2.56212387E-01  2.53095086E-01  2.49892928E-01  2.46740274E-01  2.43651910E-01  2.40144410E-01  2.36310815E-01  2.32282908E-01  2.28125529E-01  2.24351083E-01  2.19623288E-01  2.14878607E-01  2.10196279E-01  2.05095436E-01  1.99879467E-01  1.95367227E-01  1.89672664E-01  1.84599000E-01  1.79162808E-01  1.73442513E-01  1.68091801E-01  1.62487661E-01  1.56798569E-01  1.51091793E-01  1.45550350E-01  1.40101412E-01  1.34241403E-01  1.28814265E-01  1.23384293E-01  1.17587819E-01  1.12079370E-01  1.06622908E-01  1.01521442E-01  9.62904669E-02  9.09269475E-02  8.62395233E-02  8.10754330E-02  7.62832384E-02  7.16745917E-02  6.71747857E-02  6.27493170E-02  5.84725995E-02  5.44686628E-02  5.03343436E-02  4.66440548E-02  4.30596798E-02  3.96364635E-02  3.63026765E-02  3.32050492E-02  3.01729223E-02  2.74888976E-02  2.48186049E-02  2.24330645E-02  2.01098890E-02  1.80750343E-02  1.60313405E-02  1.42689905E-02  1.25993245E-02  1.10471241E-02  9.71735363E-03  8.48456485E-03  7.31921312E-03  6.29384964E-03  5.40039858E-03  4.61676848E-03  3.87735246E-03  3.27044303E-03  2.72266012E-03  2.24392311E-03  1.84689825E-03  1.51574517E-03  1.20302714E-03  9.65577822E-04  7.62635963E-04  5.96311519E-04  4.67353551E-04  3.51813855E-04  2.65991132E-04  1.99203311E-04  1.49548550E-04  1.04405860E-04  7.55097270E-05  5.25715385E-05  3.91188265E-05  2.50052925E-05  1.66551021E-05  1.17920167E-05  6.85703895E-06  4.46538506E-06  3.16482381E-06  1.33506401E-06  9.17282818E-07  3.50008757E-07  4.47920183E-07  1.24254298E-07  1.40398415E-07  1.26436473E-08  0.00000000E+00  0.00000000E+00  0.00000000E+00  0.00000000E+00  0.00000000E+00  0.00000000E+00  0.00000000E+00  0.00000000E+00  0.00000000E+00  0.00000000E+00  0.00000000E+00  0.00000000E+00  0.00000000E+00  0.00000000E+00  0.00000000E+00  0.00000000E+00  0.00000000E+00  0.00000000E+00  0.00000000E+00  0.00000000E+00  0.00000000E+00  0.00000000E+00  0.00000000E+00  0.00000000E+00  0.00000000E+00  0.00000000E+00  0.00000000E+00  0.00000000E+00  0.00000000E+00  0.00000000E+00  0.00000000E+00  0.00000000E+00  0.00000000E+00  0.00000000E+00  0.00000000E+00  0.00000000E+00  0.00000000E+00  0.00000000E+00  0.00000000E+00  0.00000000E+00  0.00000000E+00  0.00000000E+00  0.00000000E+00  0.00000000E+00  0.00000000E+00  0.00000000E+00  0.00000000E+00  0.00000000E+00  0.00000000E+00  0.00000000E+00  0.00000000E+00  0.00000000E+00  0.00000000E+00  0.00000000E+00  0.00000000E+00  0.00000000E+00  0.00000000E+00  0.00000000E+00  0.00000000E+00  0.00000000E+00  0.00000000E+00  0.00000000E+00  0.00000000E+00  0.00000000E+00  0.00000000E+00  0.00000000E+00  0.00000000E+00  0.00000000E+00  0.00000000E+00  0.00000000E+00  0.00000000E+00  0.00000000E+00  0.00000000E+00  0.00000000E+00  0.00000000E+00  0.00000000E+00  0.00000000E+00  0.00000000E+00  0.00000000E+00  0.00000000E+00  0.00000000E+00  0.00000000E+00  0.00000000E+00  0.00000000E+00  0.00000000E+00  0.00000000E+00  0.00000000E+00  0.00000000E+00  0.00000000E+00  0.00000000E+00  0.00000000E+00  0.00000000E+00  0.00000000E+00
  2.68128806E-01  2.70902865E-01  2.68681873E-01  2.68840365E-01  2.67294538E-01  2.66336038E-01  2.65365809E-01  2.62906438E-01  2.60790622E-01  2.58458148E-01  2.55838833E-01  2.53729591E-01  2.50319600E-01  2.46979657E-01  2.44101995E-01  2.40570716E-01  2.36597168E-01  2.32444317E-01  2.28411662E-01  2.24237680E-01  2.19688554E-01  2.15341020E-01  2.10640842E-01  2.05310040E-01  2.00409042E-01  1.95268440E-01  1.89976746E-01  1.85067612E-01  1.79280801E-01  1.74024783E-01  1.68341756E-01  1.62690048E-01  1.56826634E-01  1.50998644E-01  1.45644979E-01  1.40099785E-01  1.34453494E-01  1.28752045E-01  1.23198633E-01  1.17398269E-01  1.12208293E-01  1.06572267E-01  1.01495518E-01  9.61745625E-02  9.08986205E-02  8.59632889E-02  8.10132782E-02  7.62701517E-02  7.15403620E-02  6.69581695E-02  6.27431265E-02  5.83646917E-02  5.42476577E-02  5.03173480E-02  4.64386395E-02  4.30120511E-02  3.94712607E-02  3.63119743E-02  3.31310709E-02  3.01925943E-02  2.74171161E-02  2.47943008E-02  2.23530488E-02  2.00617883E-02  1.79022630E-02  1.59869376E-02  1.41842031E-02  1.25879348E-02  1.10729064E-02  9.67629600E-03  8.40957747E-03  7.29789637E-03  6.31885016E-03  5.38788104E-03  4.59799072E-03  3.89116125E-03  3.26378823E-03  2.69594946E-03  2.24865050E-03  1.82710759E-03  1.50049791E-03  1.21382443E-03  9.61266320E-04  7.63443257E-04  6.03194495E-04  4.67006862E-04  3.55600840E-04  2.61386410E-04  1.99213919E-04  1.45986920E-04  1.08337231E-04  7.82106501E-05  5.31123368E-05  3.75639763E-05  2.64782492E-05  1.59380037E-05  1.16102881E-05  7.16806666E-06  3.86314557E-06  2.20756574E-06  1.46089596E-06  9.13780334E-07  5.91353947E-07  2.16593982E-07  1.74010850E-07  5.74538195E-08  9.03402333E-10  0.00000000E+00  7.09399805E-09  3.51460634E-09  0.00000000E+00  0.00000000E+00  0.00000000E+00  0.00000000E+00  0.00000000E+00  0.00000000E+00  0.00000000E+00  0.00000000E+00  0.00000000E+00  0.00000000E+00  0.00000000E+00  0.00000000E+00  0.00000000E+00  0.00000000E+00  0.00000000E+00  0.00000000E+00  0.00000000E+00  0.00000000E+00  0.00000000E+00  0.00000000E+00  0.00000000E+00  0.00000000E+00  0.00000000E+00  0.00000000E+00  0.00000000E+00  0.00000000E+00  0.00000000E+00  0.00000000E+00  0.00000000E+00  0.00000000E+00  0.00000000E+00  0.00000000E+00  0.00000000E+00  0.00000000E+00  0.00000000E+00  0.00000000E+00  0.00000000E+00  0.00000000E+00  0.00000000E+00  0.00000000E+00  0.00000000E+00  0.00000000E+00  0.00000000E+00  0.00000000E+00  0.00000000E+00  0.00000000E+00  0.00000000E+00  0.00000000E+00  0.00000000E+00  0.00000000E+00  0.00000000E+00  0.00000000E+00  0.00000000E+00  0.00000000E+00  0.00000000E+00  0.00000000E+00  0.00000000E+00  0.00000000E+00  0.00000000E+00  0.00000000E+00  0.00000000E+00  0.00000000E+00  0.00000000E+00  0.00000000E+00  0.00000000E+00  0.00000000E+00  0.00000000E+00  0.00000000E+00  0.00000000E+00  0.00000000E+00  0.00000000E+00  0.00000000E+00  0.00000000E+00  0.00000000E+00  0.00000000E+00  0.00000000E+00  0.00000000E+00  0.00000000E+00  0.00000000E+00  0.00000000E+00  0.00000000E+00  0.00000000E+00  0.00000000E+00  0.00000000E+00  0.00000000E+00  0.00000000E+00  0.00000000E+00  0.00000000E+00  0.00000000E+00  0.00000000E+00
  2.70142338E-01  2.70113795E-01  2.68162673E-01  2.67562225E-01  2.66913879E-01  2.65374351E-01  2.64303285E-01  2.61793415E-01  2.60553646E-01  2.59050472E-01  2.56401767E-01  2.52959992E-01  2.50451788E-01  2.47303843E-01  2.43844259E-01  2.40496620E-01  2.36015404E-01  2.32584875E-01  2.28466280E-01  2.24131476E-01  2.19405202E-01  2.15095257E-01  2.10380765E-01  2.05412590E-01  2.00291451E-01  1.95089217E-01  1.89951818E-01  1.84336391E-01  1.79105134E-01  1.73592584E-01  1.67791238E-01  1.62597684E-01  1.57032804E-01  1.51293275E-01  1.45705071E-01  1.40215857E-01  1.34453278E-01  1.28942827E-01  1.23310604E-01  1.17696598E-01  1.12328725E-01  1.06679610E-01  1.01543208E-01  9.62571038E-02  9.08989080E-02  8.61279157E-02  8.10686800E-02  7.61546746E-02  7.14960905E-02  6.71798350E-02  6.25540035E-02  5.83073323E-02  5.44022425E-02  5.03380148E-02  4.65818158E-02  4.30151784E-02  3.94746000E-02  3.62462052E-02  3.30781097E-02  3.02156303E-02  2.74519800E-02  2.48357284E-02  2.24088427E-02  2.01044839E-02  1.80368887E-02  1.60037637E-02  1.42942744E-02  1.26052402E-02  1.11122510E-02  9.69404198E-03  8.44560593E-03  7.31851003E-03  6.31819724E-03  5.41670024E-03  4.56869438E-03  3.87786865E-03  3.27435021E-03  2.71380026E-03  2.27339607E-03  1.85559492E-03  1.49896688E-03  1.21503565E-03  9.73218809E-04  7.60873753E-04  6.02263113E-04  4.55020267E-04  3.53709961E-04  2.66564283E-04  1.99709657E-04  1.43763824E-04  1.05193585E-04  7.57448800E-05  5.05546485E-05  3.57673264E-05  2.51251676E-05  1.64044573E-05  1.08096817E-05  6.64703979E-06  4.33492794E-06  2.61755605E-06  1.21964708E-06  9.45061196E-07  5.11568097E-07  2.48199971E-07  2.94621546E-08  0.00000000E+00  6.32381633E-09  0.00000000E+00  5.67519843E-08  0.00000000E+00  0.00000000E+00  0.00000000E+00  0.00000000E+00  0.00000000E+00  0.00000000E+00  0.00000000E+00  0.00000000E+00  0.00000000E+00  0.00000000E+00  0.00000000E+00  0.00000000E+00  0.00000000E+00  0.00000000E+00  0.00000000E+00  0.00000000E+00  0.00000000E+00  0.00000000E+00  0.00000000E+00  0.00000000E+00  0.00000000E+00  0.00000000E+00  0.00000000E+00  0.00000000E+00  0.00000000E+00  0.00000000E+00  0.00000000E+00  0.00000000E+00  0.00000000E+00  0.00000000E+00  0.00000000E+00  0.00000000E+00  0.00000000E+00  0.00000000E+00  0.00000000E+00  0.00000000E+00  0.00000000E+00  0.00000000E+00  0.00000000E+00  0.00000000E+00  0.00000000E+00  0.00000000E+00  0.00000000E+00  0.00000000E+00  0.00000000E+00  0.00000000E+00  0.00000000E+00  0.00000000E+00  0.00000000E+00  0.00000000E+00  0.00000000E+00  0.00000000E+00  0.00000000E+00  0.00000000E+00  0.00000000E+00  0.00000000E+00  0.00000000E+00  0.00000000E+00  0.00000000E+00  0.00000000E+00  0.00000000E+00  0.00000000E+00  0.00000000E+00  0.00000000E+00  0.00000000E+00  0.00000000E+00  0.00000000E+00  0.00000000E+00  0.00000000E+00  0.00000000E+00  0.00000000E+00  0.00000000E+00  0.00000000E+00  0.00000000E+00  0.00000000E+00  0.00000000E+00  0.00000000E+00  0.00000000E+00  0.00000000E+00  0.00000000E+00  0.00000000E+00  0.00000000E+00  0.00000000E+00  0.00000000E+00  0.00000000E+00  0.00000000E+00  0.00000000E+00  0.00000000E+00  0.00000000E+00  0.00000000E+00  0.00000000E+00
  2.71908056E-01  2.72010142E-01  2.70120848E-01  2.69605039E-01  2.68615526E-01  2.66610710E-01  2.65366021E-01  2.63609606E-01  2.61132841E-01  2.58793434E-01  2.56500525E-01  2.53649659E-01  2.50987961E-01  2.47793113E-01  2.44478199E-01  2.40516653E-01  2.36804037E-01  2.32868945E-01  2.28830211E-01  2.24487339E-01  2.19991370E-01  2.14970275E-01  2.10628273E-01  2.05248846E-01  2.00456181E-01  1.95336679E-01  1.89896151E-01  1.84580234E-01  1.79288564E-01  1.73737852E-01  1.68115505E-01  1.62607886E-01  1.57043083E-01  1.51053852E-01  1.45755468E-01  1.39898708E-01  1.34344310E-01  1.28714634E-01  1.23161850E-01  1.17650389E-01  1.12065860E-01  1.06670808E-01  1.01405096E-01  9.62233575E-02  9.09935055E-02  8.58968443E-02  8.09911168E-02  7.62040435E-02  7.15629057E-02  6.68534827E-02  6.25714465E-02  5.84294025E-02  5.40886142E-02  5.02270435E-02  4.65330172E-02  4.28866794E-02  3.94073312E-02  3.61358047E-02  3.30966804E-02  3.00687364E-02  2.72996071E-02  2.47273394E-02  2.22916832E-02  2.01089151E-02  1.79899133E-02  1.60551413E-02  1.42072232E-02  1.25734045E-02  1.10788885E-02  9.67220358E-03  8.42866543E-03  7.31951337E-03  6.28446660E-03  5.36081001E-03  4.61036942E-03  3.85406050E-03  3.24677370E-03  2.69551910E-03  2.24962842E-03  1.84184395E-03  1.50333052E-03  1.20552111E-03  9.72437170E-04  7.60515789E-04  5.99545620E-04  4.69949006E-04  3.55981445E-04  2.72036431E-04  2.02873343E-04  1.48390811E-04  1.12329721E-04  7.82724977E-05  5.19154748E-05  3.66403966E-05  2.57757029E-05  1.73184999E-05  9.93684887E-06  6.80290969E-06  4.57007125E-06  2.52466568E-06  1.29341221E-06  1.08208736E-06  5.96306216E-07  2.50643443E-07  7.76881652E-08  3.80336406E-08  8.76198074E-10  6.07633176E-09  8.60046958E-09  0.00000000E+00  0.00000000E+00  0.00000000E+00  0.00000000E+00  0.00000000E+00  0.00000000E+00  0.00000000E+00  0.00000000E+00  0.00000000E+00  0.00000000E+00  0.00000000E+00  0.00000000E+00  0.00000000E+00  0.00000000E+00  0.00000000E+00  0.00000000E+00  0.00000000E+00  0.00000000E+00  0.00000000E+00  0.00000000E+00  0.00000000E+00  0.00000000E+00  0.00000000E+00  0.00000000E+00  0.00000000E+00  0.00000000E+00  0.00000000E+00  0.00000000E+00  0.00000000E+00  0.00000000E+00  0.00000000E+00  0.00000000E+00  0.00000000E+00  0.00000000E+00  0.00000000E+00  0.00000000E+00  0.00000000E+00  0.00000000E+00  0.00000000E+00  0.00000000E+00  0.00000000E+00  0.00000000E+00  0.00000000E+00  0.00000000E+00  0.00000000E+00  0.00000000E+00  0.00000000E+00  0.00000000E+00  0.00000000E+00  0.00000000E+00  0.00000000E+00  0.00000000E+00  0.00000000E+00  0.00000000E+00  0.00000000E+00  0.00000000E+00  0.00000000E+00  0.00000000E+00  0.00000000E+00  0.00000000E+00  0.00000000E+00  0.00000000E+00  0.00000000E+00  0.00000000E+00  0.00000000E+00  0.00000000E+00  0.00000000E+00  0.00000000E+00  0.00000000E+00  0.00000000E+00  0.00000000E+00  0.00000000E+00  0.00000000E+00  0.00000000E+00  0.00000000E+00  0.00000000E+00  0.00000000E+00  0.00000000E+00  0.00000000E+00  0.00000000E+00  0.00000000E+00  0.00000000E+00  0.00000000E+00  0.00000000E+00  0.00000000E+00  0.00000000E+00  0.00000000E+00  0.00000000E+00  0.00000000E+00  0.00000000E+00  0.00000000E+00
  2.70444629E-01  2.71205056E-01  2.70202986E-01  2.68956154E-01  2.68632020E-01  2.66530898E-01  2.65760919E-01  2.63508295E-01  2.61330519E-01  2.59285607E-01  2.56691533E-01  2.53909232E-01  2.50833548E-01  2.47812722E-01  2.44122905E-01  2.40794951E-01  2.36691459E-01  2.32975265E-01  2.28565416E-01  2.24496107E-01  2.19811345E-01  2.14961434E-01  2.10657127E-01  2.05664153E-01  2.00176918E-01  1.95532801E-01  1.90228192E-01  1.84943500E-01  1.79266016E-01  1.74010607E-01  1.68245012E-01  1.62770263E-01  1.57096560E-01  1.51507567E-01  1.45793135E-01  1.40062539E-01  1.34458476E-01  1.28891229E-01  1.23189095E-01  1.17640058E-01  1.12032509E-01  1.06645836E-01  1.01235775E-01  9.59191938E-02  9.08040133E-02  8.59105449E-02  8.09153136E-02  7.60252145E-02  7.14784682E-02  6.67728787E-02  6.24880136E-02  5.81952558E-02  5.41027829E-02  5.01816361E-02  4.64819399E-02  4.27766575E-02  3.95722179E-02  3.62485606E-02  3.30389722E-02  3.00921862E-02  2.73983274E-02  2.47531186E-02  2.22472693E-02  2.00298629E-02  1.79664227E-02  1.59835810E-02  1.41868306E-02  1.25637235E-02  1.10519639E-02  9.70829004E-03  8.41369718E-03  7.29484909E-03  6.31838159E-03  5.34765071E-03  4.57801975E-03  3.87090803E-03  3.23535984E-03  2.71955441E-03  2.22851076E-03  1.83922654E-03  1.49084145E-03  1.20204218E-03  9.67552327E-04  7.74149557E-04  6.05077082E-04  4.69424101E-04  3.53890634E-04  2.67318099E-04  2.03797980E-04  1.44540392E-04  1.04935874E-04  7.17983326E-05  5.36529141E-05  3.72304770E-05  2.45734039E-05  1.66307869E-05  1.14139046E-05  7.01465067E-06  4.37939445E-06  2.23303093E-06  1.25225815E-06  9.21992268E-07  5.11130291E-07  4.64926195E-07  1.03539239E-07  6.47733626E-08  0.00000000E+00  0.00000000E+00  0.00000000E+00  0.00000000E+00  0.00000000E+00  0.00000000E+00  0.00000000E+00  0.00000000E+00  0.00000000E+00  0.00000000E+00  0.00000000E+00  0.00000000E+00  0.00000000E+00  0.00000000E+00  0.00000000E+00  0.00000000E+00  0.00000000E+00  0.00000000E+00  0.00000000E+00  0.00000000E+00  0.00000000E+00  0.00000000E+00  0.00000000E+00  0.00000000E+00  0.00000000E+00  0.00000000E+00  0.00000000E+00  0.00000000E+00  0.00000000E+00  0.00000000E+00  0.00000000E+00  0.00000000E+00  0.00000000E+00  0.00000000E+00  0.00000000E+00  0.00000000E+00  0.00000000E+00  0.00000000E+00  0.00000000E+00  0.00000000E+00  0.00000000E+00  0.00000000E+00  0.00000000E+00  0.00000000E+00  0.00000000E+00  0.00000000E+00  0.00000000E+00  0.00000000E+00  0.00000000E+00  0.00000000E+00  0.00000000E+00  0.00000000E+00  0.00000000E+00  0.00000000E+00  0.00000000E+00  0.00000000E+00  0.00000000E+00  0.00000000E+00  0.00000000E+00  0.00000000E+00  0.00000000E+00  0.00000000E+00  0.00000000E+00  0.00000000E+00  0.00000000E+00  0.00000000E+00  0.00000000E+00  0.00000000E+00  0.00000000E+00  0.00000000E+00  0.00000000E+00  0.00000000E+00  0.00000000E+00  0.00000000E+00  0.00000000E+00  0.00000000E+00  0.00000000E+00  0.00000000E+00  0.00000000E+00  0.00000000E+00  0.00000000E+00  0.00000000E+00  0.00000000E+00  0.00000000E+00  0.00000000E+00  0.00000000E+00  0.00000000E+00  0.00000000E+00  0.00000000E+00  0.00000000E+00  0.00000000E+00  0.00000000E+00  0.00000000E+00  0.00000000E+00
  2.70703065E-01  2.69667355E-01  2.69647227E-01  2.69602647E-01  2.67704891E-01  2.66826930E-01  2.65182451E-01  2.63907826E-01  2.61179221E-01  2.58973031E-01  2.56358040E-01  2.54203319E-01  2.50719693E-01  2.48080728E-01  2.44625074E-01  2.41152443E-01  2.37093042E-01  2.32740212E-01  2.28739227E-01  2.24316262E-01  2.19819136E-01  2.15072345E-01  2.10504367E-01  2.05319008E-01  2.00399081E-01  1.95228841E-01  1.90256970E-01  1.84536370E-01  1.79475392E-01  1.73828244E-01  1.68058802E-01  1.62546112E-01  1.57132721E-01  1.51245577E-01  1.45662213E-01  1.40050574E-01  1.34304787E-01  1.28881373E-01  1.23194717E-01  1.17453302E-01  1.12013170E-01  1.06847061E-01  1.01314181E-01  9.62093088E-02  9.09771198E-02  8.59259087E-02  8.10128266E-02  7.62562195E-02  7.14502260E-02  6.68045803E-02  6.25070726E-02  5.84031247E-02  5.41609970E-02  5.02786859E-02  4.64390184E-02  4.28763027E-02  3.94373048E-02  3.61197824E-02  3.30629274E-02  3.01081918E-02  2.73140320E-02  2.46580542E-02  2.23274441E-02  2.00848634E-02  1.80002106E-02  1.60350483E-02  1.42061262E-02  1.25120230E-02  1.10431665E-02  9.67954272E-03  8.40307396E-03  7.28208579E-03  6.31378264E-03  5.36645141E-03  4.56817363E-03  3.83796839E-03  3.25683356E-03  2.71725350E-03  2.21510929E-03  1.84849940E-03  1.48931380E-03  1.20397757E-03  9.62273760E-04  7.59921695E-04  6.10402508E-04  4.59476121E-04  3.55378861E-04  2.61762743E-04  2.03517938E-04  1.45676434E-04  1.04233669E-04  7.44890905E-05  5.29064555E-05  3.81195408E-05  2.32357054E-05  1.60975485E-05  1.19571063E-05  6.83383921E-06  3.75100008E-06  1.79066397E-06  1.29250468E-06  1.06942289E-06  2.82028534E-07  2.43706100E-07  3.25448069E-08  6.08908367E-08  2.30631821E-08  3.69093429E-08  0.00000000E+00  0.00000000E+00  0.00000000E+00  0.00000000E+00  0.00000000E+00  0.00000000E+00  0.00000000E+00  0.00000000E+00  0.00000000E+00  0.00000000E+00  0.00000000E+00  0.00000000E+00  0.00000000E+00  0.00000000E+00  0.00000000E+00  0.00000000E+00  0.00000000E+00  0.00000000E+00  0.00000000E+00  0.00000000E+00  0.00000000E+00  0.00000000E+00  0.00000000E+00  0.00000000E+00  0.00000000E+00  0.00000000E+00  0.00000000E+00  0.00000000E+00  0.00000000E+00  0.00000000E+00  0.00000000E+00  0.00000000E+00  0.00000000E+00  0.00000000E+00  0.00000000E+00  0.00000000E+00  0.00000000E+00  0.00000000E+00  0.00000000E+00  0.00000000E+00  0.00000000E+00  0.00000000E+00  0.00000000E+00  0.00000000E+00  0.00000000E+00  0.00000000E+00  0.00000000E+00  0.00000000E+00  0.00000000E+00  0.00000000E+00  0.00000000E+00  0.00000000E+00  0.00000000E+00  0.00000000E+00  0.00000000E+00  0.00000000E+00  0.00000000E+00  0.00000000E+00  0.00000000E+00  0.00000000E+00  0.00000000E+00  0.00000000E+00  0.00000000E+00  0.00000000E+00  0.00000000E+00  0.00000000E+00  0.00000000E+00  0.00000000E+00  0.00000000E+00  0.00000000E+00  0.00000000E+00  0.00000000E+00  0.00000000E+00  0.00000000E+00  0.00000000E+00  0.00000000E+00  0.00000000E+00  0.00000000E+00  0.00000000E+00  0.00000000E+00  0.00000000E+00  0.00000000E+00  0.00000000E+00  0.00000000E+00  0.00000000E+00  0.00000000E+00  0.00000000E+00  0.00000000E+00  0.00000000E+00  0.00000000E+00  0.00000000E+00  0.00000000E+00
  2.69936736E-01  2.69981801E-01  2.68879515E-01  2.69007701E-01  2.68424847E-01  2.66867704E-01  2.64682153E-01  2.63304236E-01  2.60990171E-01  2.58909083E-01  2.55744822E-01  2.52961871E-01  2.51125763E-01  2.47368563E-01  2.44024603E-01  2.40302298E-01  2.36494972E-01  2.32469624E-01  2.28515187E-01  2.23392189E-01  2.19589374E-01  2.14825515E-01  2.09921851E-01  2.05409050E-01  2.00092821E-01  1.94862843E-01  1.89880556E-01  1.84564928E-01  1.79028711E-01  1.73760430E-01  1.68203509E-01  1.62741930E-01  1.57086307E-01  1.51070016E-01  1.45818993E-01  1.40092507E-01  1.34583737E-01  1.28909847E-01  1.23225978E-01  1.17607694E-01  1.12335717E-01  1.06778798E-01  1.01358728E-01  9.61509251E-02  9.10218495E-02  8.61676944E-02  8.11187571E-02  7.62566329E-02  7.16343314E-02  6.71326137E-02  6.26288950E-02  5.84039137E-02  5.43205108E-02  5.02683265E-02  4.65700398E-02  4.29720948E-02  3.95051873E-02  3.62255515E-02  3.31116672E-02  3.01798670E-02  2.73576352E-02  2.48719909E-02  2.22560738E-02  2.00997409E-02  1.80346095E-02  1.60046519E-02  1.42480481E-02  1.26265392E-02  1.10068479E-02  9.69180872E-03  8.45082605E-03  7.30716909E-03  6.24541665E-03  5.38942807E-03  4.62096343E-03  3.86265390E-03  3.26717430E-03  2.71338056E-03  2.24567646E-03  1.82988930E-03  1.50101811E-03  1.20336909E-03  9.73189884E-04  7.61392835E-04  5.90827553E-04  4.66059565E-04  3.51083654E-04  2.62928544E-04  1.99390957E-04  1.48316457E-04  1.07916406E-04  7.48328755E-05  5.21668326E-05  3.74779751E-05  2.33859212E-05  1.69820108E-05  1.05438051E-05  7.23845311E-06  4.59216203E-06  2.78134608E-06  1.04147063E-06  7.18297433E-07  3.45932809E-07  2.07019906E-07  8.07453894E-08  9.70544187E-08  1.15727817E-08  0.00000000E+00  0.00000000E+00  0.00000000E+00  0.00000000E+00  0.00000000E+00  0.00000000E+00  0.00000000E+00  0.00000000E+00  0.00000000E+00  0.00000000E+00  0.00000000E+00  0.00000000E+00  0.00000000E+00  0.00000000E+00  0.00000000E+00  0.00000000E+00  0.00000000E+00  0.00000000E+00  0.00000000E+00  0.00000000E+00  0.00000000E+00  0.00000000E+00  0.00000000E+00  0.00000000E+00  0.00000000E+00  0.00000000E+00  0.00000000E+00  0.00000000E+00  0.00000000E+00  0.00000000E+00  0.00000000E+00  0.00000000E+00  0.00000000E+00  0.00000000E+00  0.00000000E+00  0.00000000E+00  0.00000000E+00  0.00000000E+00  0.00000000E+00  0.00000000E+00  0.00000000E+00  0.00000000E+00  0.00000000E+00  0.00000000E+00  0.00000000E+00  0.00000000E+00  0.00000000E+00  0.00000000E+00  0.00000000E+00  0.00000000E+00  0.00000000E+00  0.00000000E+00  0.00000000E+00  0.00000000E+00  0.00000000E+00  0.00000000E+00  0.00000000E+00  0.00000000E+00  0.00000000E+00  0.00000000E+00  0.00000000E+00  0.00000000E+00  0.00000000E+00  0.00000000E+00  0.00000000E+00  0.00000000E+00  0.00000000E+00  0.00000000E+00  0.00000000E+00  0.00000000E+00  0.00000000E+00  0.00000000E+00  0.00000000E+00  0.00000000E+00  0.00000000E+00  0.00000000E+00  0.00000000E+00  0.00000000E+00  0.00000000E+00  0.00000000E+00  0.00000000E+00  0.00000000E+00  0.00000000E+00  0.00000000E+00  0.00000000E+00  0.00000000E+00  0.00000000E+00  0.00000000E+00  0.00000000E+00  0.00000000E+00  0.00000000E+00  0.00000000E+00  0.00000000E+00
  2.69897280E-01  2.69353477E-01  2.69146614E-01  2.68641628E-01  2.67197324E-01  2.65281234E-01  2.64734089E-01  2.62970077E-01  2.60190298E-01  2.58120360E-01  2.55565291E-01  2.52425131E-01  2.50084943E-01  2.46862895E-01  2.43282692E-01  2.40292940E-01  2.36717938E-01  2.32634869E-01  2.27797686E-01  2.24164304E-01  2.19615045E-01  2.14445390E-01  2.10468555E-01  2.04834970E-01  2.00130796E-01  1.94911725E-01  1.89952369E-01  1.84641177E-01  1.79059674E-01  1.73625123E-01  1.67863119E-01  1.62850414E-01  1.57142761E-01  1.51517204E-01  1.45884097E-01  1.40019553E-01  1.34597741E-01  1.28991185E-01  1.23444104E-01  1.17768794E-01  1.12342421E-01  1.07104882E-01  1.01411932E-01  9.63527763E-02  9.10049605E-02  8.61434665E-02  8.12192969E-02  7.62961548E-02  7.15302413E-02  6.70746478E-02  6.25989879E-02  5.84872148E-02  5.42849576E-02  5.03265673E-02  4.66368790E-02  4.29113898E-02  3.95977814E-02  3.62533778E-02  3.31383739E-02  3.01365174E-02  2.74541180E-02  2.47914317E-02  2.23756548E-02  2.00645401E-02  1.79126699E-02  1.60764685E-02  1.42954926E-02  1.25630630E-02  1.10879934E-02  9.72863087E-03  8.41106399E-03  7.31427311E-03  6.29201680E-03  5.38425603E-03  4.57265023E-03  3.87938788E-03  3.27166137E-03  2.73059616E-03  2.23723142E-03  1.82679903E-03  1.49459271E-03  1.20640321E-03  9.67214811E-04  7.60882314E-04  5.99918022E-04  4.64923882E-04  3.49325183E-04  2.73779101E-04  1.98300574E-04  1.45632235E-04  1.05507708E-04  7.26475017E-05  5.35458714E-05  3.45619589E-05  2.55572320E-05  1.54890640E-05  1.19798062E-05  7.05817462E-06  3.50854356E-06  1.85768839E-06  1.53766340E-06  9.99060104E-07  5.05080386E-07  2.08338621E-07  7.06406134E-08  7.45743917E-08  2.18886407E-08  0.00000000E+00  0.00000000E+00  0.00000000E+00  0.00000000E+00  0.00000000E+00  0.00000000E+00  0.00000000E+00  0.00000000E+00  0.00000000E+00  0.00000000E+00  0.00000000E+00  0.00000000E+00  0.00000000E+00  0.00000000E+00  0.00000000E+00  0.00000000E+00  0.00000000E+00  0.00000000E+00  0.00000000E+00  0.00000000E+00  0.00000000E+00  0.00000000E+00  0.00000000E+00  0.00000000E+00  0.00000000E+00  0.00000000E+00  0.00000000E+00  0.00000000E+00  0.00000000E+00  0.00000000E+00  0.00000000E+00  0.00000000E+00  0.00000000E+00  0.00000000E+00  0.00000000E+00  0.00000000E+00  0.00000000E+00  0.00000000E+00  0.00000000E+00  0.00000000E+00  0.00000000E+00  0.00000000E+00  0.00000000E+00  0.00000000E+00  0.00000000E+00  0.00000000E+00  0.00000000E+00  0.00000000E+00  0.00000000E+00  0.00000000E+00  0.00000000E+00  0.00000000E+00  0.00000000E+00  0.00000000E+00  0.00000000E+00  0.00000000E+00  0.00000000E+00  0.00000000E+00  0.00000000E+00  0.00000000E+00  0.00000000E+00  0.00000000E+00  0.00000000E+00  0.00000000E+00  0.00000000E+00  0.00000000E+00  0.00000000E+00  0.00000000E+00  0.00000000E+00  0.00000000E+00  0.00000000E+00  0.00000000E+00  0.00000000E+00  0.00000000E+00  0.00000000E+00  0.00000000E+00  0.00000000E+00  0.00000000E+00  0.00000000E+00  0.00000000E+00  0.00000000E+00  0.00000000E+00  0.00000000E+00  0.00000000E+00  0.00000000E+00  0.00000000E+00  0.00000000E+00  0.00000000E+00  0.00000000E+00  0.00000000E+00  0.00000000E+00  0.00000000E+00  0.00000000E+00
  2.70188898E-01  2.69032309E-01  2.69808443E-01  2.68999258E-01  2.68548635E-01  2.66000677E-01  2.63750045E-01  2.62882353E-01  2.60438062E-01  2.58659148E-01  2.55445097E-01  2.53822988E-01  2.50073639E-01  2.47453990E-01  2.43557807E-01  2.40781499E-01  2.36171059E-01  2.32447016E-01  2.28125591E-01  2.24416367E-01  2.19572195E-01  2.15142677E-01  2.10173009E-01  2.05353001E-01  2.00379373E-01  1.95153104E-01  1.90223511E-01  1.84810343E-01  1.79283245E-01  1.73981607E-01  1.68480545E-01  1.62270319E-01  1.56841154E-01  1.51422270E-01  1.45775259E-01  1.40007960E-01  1.34283703E-01  1.28772754E-01  1.23279672E-01  1.17728405E-01  1.12243838E-01  1.06643664E-01  1.01458064E-01  9.61789301E-02  9.09831888E-02  8.59743409E-02  8.11149036E-02  7.61884794E-02  7.16746641E-02  6.70687762E-02  6.27138217E-02  5.83609344E-02  5.43083003E-02  5.03027203E-02  4.65818957E-02  4.29485245E-02  3.94968638E-02  3.62050632E-02  3.31137611E-02  3.01277685E-02  2.73670494E-02  2.47834600E-02  2.23942999E-02  2.01226721E-02  1.79923549E-02  1.60227784E-02  1.42175683E-02  1.25486926E-02  1.11027474E-02  9.62036221E-03  8.42260012E-03  7.31727748E-03  6.27947668E-03  5.38199678E-03  4.58039684E-03  3.84997468E-03  3.26563008E-03  2.71620125E-03  2.25708129E-03  1.85006021E-03  1.49882679E-03  1.21517295E-03  9.71183665E-04  7.59375507E-04  5.96987528E-04  4.61073555E-04  3.64752290E-04  2.69323289E-04  1.95345989E-04  1.46259030E-04  1.03286071E-04  7.96314577E-05  5.75964528E-05  3.83991382E-05  2.33729144E-05  1.76629600E-05  1.06468450E-05  6.22222941E-06  3.79612566E-06  2.70963648E-06  1.45855088E-06  8.30193442E-07  3.22535186E-07  3.95602148E-07  9.45450443E-08  6.21324318E-08  1.25774102E-07  3.09300983E-08  1.92625892E-08  0.00000000E+00  0.00000000E+00  0.00000000E+00  0.00000000E+00  0.00000000E+00  0.00000000E+00  0.00000000E+00  0.00000000E+00  0.00000000E+00  0.00000000E+00  0.00000000E+00  0.00000000E+00  0.00000000E+00  0.00000000E+00  0.00000000E+00  0.00000000E+00  0.00000000E+00  0.00000000E+00  0.00000000E+00  0.00000000E+00  0.00000000E+00  0.00000000E+00  0.00000000E+00  0.00000000E+00  0.00000000E+00  0.00000000E+00  0.00000000E+00  0.00000000E+00  0.00000000E+00  0.00000000E+00  0.00000000E+00  0.00000000E+00  0.00000000E+00  0.00000000E+00  0.00000000E+00  0.00000000E+00  0.00000000E+00  0.00000000E+00  0.00000000E+00  0.00000000E+00  0.00000000E+00  0.00000000E+00  0.00000000E+00  0.00000000E+00  0.00000000E+00  0.00000000E+00  0.00000000E+00  0.00000000E+00  0.00000000E+00  0.00000000E+00  0.00000000E+00  0.00000000E+00  0.00000000E+00  0.00000000E+00  0.00000000E+00  0.00000000E+00  0.00000000E+00  0.00000000E+00  0.00000000E+00  0.00000000E+00  0.00000000E+00  0.00000000E+00  0.00000000E+00  0.00000000E+00  0.00000000E+00  0.00000000E+00  0.00000000E+00  0.00000000E+00  0.00000000E+00  0.00000000E+00  0.00000000E+00  0.00000000E+00  0.00000000E+00  0.00000000E+00  0.00000000E+00  0.00000000E+00  0.00000000E+00  0.00000000E+00  0.00000000E+00  0.00000000E+00  0.00000000E+00  0.00000000E+00  0.00000000E+00  0.00000000E+00  0.00000000E+00  0.00000000E+00  0.00000000E+00  0.00000000E+00  0.00000000E+00  0.00000000E+00  0.00000000E+00
  2.68653927E-01  2.71153599E-01  2.68567932E-01  2.68560165E-01  2.66865079E-01  2.65413131E-01  2.64231173E-01  2.62745185E-01  2.60423586E-01  2.58445199E-01  2.56275258E-01  2.52827872E-01  2.50482496E-01  2.47313661E-01  2.43797607E-01  2.40007879E-01  2.36269912E-01  2.32586010E-01  2.28420345E-01  2.24145309E-01  2.20027588E-01  2.14616548E-01  2.10075410E-01  2.05105343E-01  2.00325311E-01  1.95049485E-01  1.90146669E-01  1.84563926E-01  1.79608394E-01  1.73560170E-01  1.68070376E-01  1.62687655E-01  1.57073608E-01  1.51091404E-01  1.45687653E-01  1.39954314E-01  1.34529327E-01  1.28831299E-01  1.23334465E-01  1.17783629E-01  1.12240288E-01  1.06717817E-01  1.01522320E-01  9.61279430E-02  9.11158441E-02  8.60793552E-02  8.11349288E-02  7.62613998E-02  7.15082176E-02  6.70887150E-02  6.26998379E-02  5.84386491E-02  5.43352346E-02  5.02500255E-02  4.66288458E-02  4.29419520E-02  3.95048174E-02  3.62850470E-02  3.30582594E-02  3.02411906E-02  2.73843735E-02  2.47829504E-02  2.23533931E-02  2.01260499E-02  1.80390973E-02  1.60204047E-02  1.42347521E-02  1.25689978E-02  1.10924130E-02  9.69292077E-03  8.44862672E-03  7.30719569E-03  6.31914143E-03  5.43536497E-03  4.58649410E-03  3.87873001E-03  3.23442328E-03  2.71068099E-03  2.23179879E-03  1.82997722E-03  1.49573731E-03  1.21273050E-03  9.70854522E-04  7.56388964E-04  6.00548605E-04  4.62359881E-04  3.56600485E-04  2.63566975E-04  1.98374658E-04  1.54891327E-04  1.05055840E-04  7.36656402E-05  5.17247841E-05  3.82819639E-05  2.36309879E-05  1.53628696E-05  1.12851278E-05  7.80738048E-06  4.46082289E-06  2.35838067E-06  1.73935801E-06  5.63970126E-07  2.01012090E-07  2.59421466E-07  1.54341808E-07  5.39052602E-08  1.40063233E-08  0.00000000E+00  0.00000000E+00  0.00000000E+00  0.00000000E+00  0.00000000E+00  0.00000000E+00  0.00000000E+00  0.00000000E+00  0.00000000E+00  0.00000000E+00  0.00000000E+00  0.00000000E+00  0.00000000E+00  0.00000000E+00  0.00000000E+00  0.00000000E+00  0.00000000E+00  0.00000000E+00  0.00000000E+00  0.00000000E+00  0.00000000E+00  0.00000000E+00  0.00000000E+00  0.00000000E+00  0.00000000E+00  0.00000000E+00  0.00000000E+00  0.00000000E+00  0.00000000E+00  0.00000000E+00  0.00000000E+00  0.00000000E+00  0.00000000E+00  0.00000000E+00  0.00000000E+00  0.00000000E+00  0.00000000E+00  0.00000000E+00  0.00000000E+00  0.00000000E+00  0.00000000E+00  0.00000000E+00  0.00000000E+00  0.00000000E+00  0.00000000E+00  0.00000000E+00  0.00000000E+00  0.00000000E+00  0.00000000E+00  0.00000000E+00  0.00000000E+00  0.00000000E+00  0.00000000E+00  0.00000000E+00  0.00000000E+00  0.00000000E+00  0.00000000E+00  0.00000000E+00  0.00000000E+00  0.00000000E+00  0.00000000E+00  0.00000000E+00  0.00000000E+00  0.00000000E+00  0.00000000E+00  0.00000000E+00  0.00000000E+00  0.00000000E+00  0.00000000E+00  0.00000000E+00  0.00000000E+00  0.00000000E+00  0.00000000E+00  0.00000000E+00  0.00000000E+00  0.00000000E+00  0.00000000E+00  0.00000000E+00  0.00000000E+00  0.00000000E+00  0.00000000E+00  0.00000000E+00  0.00000000E+00  0.00000000E+00  0.00000000E+00  0.00000000E+00  0.00000000E+00  0.00000000E+00  0.00000000E+00  0.00000000E+00  0.00000000E+00  0.00000000E+00  0.00000000E+00
  2.71456312E-01  2.69153000E-01  2.69009345E-01  2.68479421E-01  2.66838990E-01  2.65952026E-01  2.64970884E-01  2.62514987E-01  2.59490347E-01  2.57674310E-01  2.55965501E-01  2.52786099E-01  2.49664979E-01  2.47248431E-01  2.43148446E-01  2.40028538E-01  2.35954218E-01  2.32181603E-01  2.27759950E-01  2.23563881E-01  2.19229276E-01  2.14829635E-01  2.09817813E-01  2.05107114E-01  2.00133003E-01  1.94926942E-01  1.89724040E-01  1.84105310E-01  1.79078259E-01  1.73792825E-01  1.68107165E-01  1.62624014E-01  1.57056744E-01  1.51149778E-01  1.45822329E-01  1.40032680E-01  1.34280793E-01  1.28909375E-01  1.23125599E-01  1.17849057E-01  1.12139294E-01  1.06853256E-01  1.01531393E-01  9.61370920E-02  9.11965211E-02  8.62237675E-02  8.10184503E-02  7.64290552E-02  7.17342248E-02  6.71526999E-02  6.26818787E-02  5.84369774E-02  5.43565074E-02  5.04372641E-02  4.66550664E-02  4.30217145E-02  3.96394432E-02  3.63266457E-02  3.32440819E-02  3.02373328E-02  2.75125549E-02  2.49395019E-02  2.24850346E-02  2.01893757E-02  1.80833300E-02  1.61300669E-02  1.42921026E-02  1.25972642E-02  1.11340674E-02  9.75626066E-03  8.45000919E-03  7.32750722E-03  6.33196047E-03  5.40762610E-03  4.61162240E-03  3.88786126E-03  3.27059272E-03  2.72761077E-03  2.24538744E-03  1.84595879E-03  1.50148321E-03  1.20361068E-03  9.76870158E-04  7.60383662E-04  6.01649373E-04  4.65156311E-04  3.50053771E-04  2.68722717E-04  1.99577111E-04  1.46454153E-04  1.09469417E-04  7.74373679E-05  5.36185552E-05  3.69735561E-05  2.44103325E-05  1.64422550E-05  1.12756118E-05  7.12592740E-06  4.40214441E-06  2.67996671E-06  1.35493905E-06  1.19574391E-06  4.71527070E-07  2.45325669E-07  1.81060867E-07  3.80991225E-08  5.52312940E-08  8.20762719E-09  0.00000000E+00  0.00000000E+00  0.00000000E+00  0.00000000E+00  0.00000000E+00  0.00000000E+00  0.00000000E+00  0.00000000E+00  0.00000000E+00  0.00000000E+00  0.00000000E+00  0.00000000E+00  0.00000000E+00  0.00000000E+00  0.00000000E+00  0.00000000E+00  0.00000000E+00  0.00000000E+00  0.00000000E+00  0.00000000E+00  0.00000000E+00  0.00000000E+00  0.00000000E+00  0.00000000E+00  0.00000000E+00  0.00000000E+00  0.00000000E+00  0.00000000E+00  0.00000000E+00  0.00000000E+00  0.00000000E+00  0.00000000E+00  0.00000000E+00  0.00000000E+00  0.00000000E+00  0.00000000E+00  0.00000000E+00  0.00000000E+00  0.00000000E+00  0.00000000E+00  0.00000000E+00  0.00000000E+00  0.00000000E+00  0.00000000E+00  0.00000000E+00  0.00000000E+00  0.00000000E+00  0.00000000E+00  0.00000000E+00  0.00000000E+00  0.00000000E+00  0.00000000E+00  0.00000000E+00  0.00000000E+00  0.00000000E+00  0.00000000E+00  0.00000000E+00  0.00000000E+00  0.00000000E+00  0.00000000E+00  0.00000000E+00  0.00000000E+00  0.00000000E+00  0.00000000E+00  0.00000000E+00  0.00000000E+00  0.00000000E+00  0.00000000E+00  0.00000000E+00  0.00000000E+00  0.00000000E+00  0.00000000E+00  0.00000000E+00  0.00000000E+00  0.00000000E+00  0.00000000E+00  0.00000000E+00  0.00000000E+00  0.00000000E+00  0.00000000E+00  0.00000000E+00  0.00000000E+00  0.00000000E+00  0.00000000E+00  0.00000000E+00  0.00000000E+00  0.00000000E+00  0.00000000E+00  0.00000000E+00  0.00000000E+00  0.00000000E+00  0.00000000E+00
  2.70336265E-01  2.71065712E-01  2.70523342E-01  2.69519977E-01  2.68239153E-01  2.67037985E-01  2.64990340E-01  2.63028827E-01  2.61544890E-01  2.59060815E-01  2.56378887E-01  2.53925288E-01  2.50990851E-01  2.47211107E-01  2.44277086E-01  2.40615927E-01  2.36925260E-01  2.33309309E-01  2.28296936E-01  2.24450684E-01  2.19810618E-01  2.15134191E-01  2.10376735E-01  2.05421560E-01  2.00468458E-01  1.95052224E-01  1.89815386E-01  1.84459507E-01  1.79026807E-01  1.73616759E-01  1.68057820E-01  1.62775735E-01  1.56785516E-01  1.51163276E-01  1.45641425E-01  1.40038042E-01  1.34229102E-01  1.28660439E-01  1.23095230E-01  1.17556400E-01  1.11853061E-01  1.06596321E-01  1.01377683E-01  9.61064167E-02  9.09159236E-02  8.57995695E-02  8.11242699E-02  7.62470044E-02  7.15334906E-02  6.70837711E-02  6.24934995E-02  5.82148939E-02  5.43389528E-02  5.03072982E-02  4.65452665E-02  4.28842170E-02  3.95028332E-02  3.61728345E-02  3.30658103E-02  3.01739466E-02  2.74181396E-02  2.47866868E-02  2.24076846E-02  2.00941641E-02  1.79715950E-02  1.60533613E-02  1.42169556E-02  1.25978690E-02  1.10576936E-02  9.72809866E-03  8.44912457E-03  7.34626170E-03  6.27441239E-03  5.42528389E-03  4.60584165E-03  3.92908329E-03  3.26462082E-03  2.72084419E-03  2.25277506E-03  1.87250787E-03  1.50461780E-03  1.21672959E-03  9.65646072E-04  7.76981210E-04  6.06750351E-04  4.65473769E-04  3.63681727E-04  2.69674430E-04  1.95753681E-04  1.50810340E-04  1.07379507E-04  7.64536756E-05  5.04717222E-05  3.52672120E-05  2.37031739E-05  1.59995579E-05  1.06114685E-05  6.78280958E-06  4.27964024E-06  3.06199600E-06  2.07662037E-06  1.20994315E-06  3.90497700E-07  3.28488574E-07  4.59628872E-08  1.08908252E-07  5.30585110E-09  4.64323667E-08  0.00000000E+00  0.00000000E+00  0.00000000E+00  0.00000000E+00  0.00000000E+00  0.00000000E+00  0.00000000E+00  0.00000000E+00  0.00000000E+00  0.00000000E+00  0.00000000E+00  0.00000000E+00  0.00000000E+00  0.00000000E+00  0.00000000E+00  0.00000000E+00  0.00000000E+00  0.00000000E+00  0.00000000E+00  0.00000000E+00  0.00000000E+00  0.00000000E+00  0.00000000E+00  0.00000000E+00  0.00000000E+00  0.00000000E+00  0.00000000E+00  0.00000000E+00  0.00000000E+00  0.00000000E+00  0.00000000E+00  0.00000000E+00  0.00000000E+00  0.00000000E+00  0.00000000E+00  0.00000000E+00  0.00000000E+00  0.00000000E+00  0.00000000E+00  0.00000000E+00  0.00000000E+00  0.00000000E+00  0.00000000E+00  0.00000000E+00  0.00000000E+00  0.00000000E+00  0.00000000E+00  0.00000000E+00  0.00000000E+00  0.00000000E+00  0.00000000E+00  0.00000000E+00  0.00000000E+00  0.00000000E+00  0.00000000E+00  0.00000000E+00  0.00000000E+00  0.00000000E+00  0.00000000E+00  0.00000000E+00  0.00000000E+00  0.00000000E+00  0.00000000E+00  0.00000000E+00  0.00000000E+00  0.00000000E+00  0.00000000E+00  0.00000000E+00  0.00000000E+00  0.00000000E+00  0.00000000E+00  0.00000000E+00  0.00000000E+00  0.00000000E+00  0.00000000E+00  0.00000000E+00  0.00000000E+00  0.00000000E+00  0.00000000E+00  0.00000000E+00  0.00000000E+00  0.00000000E+00  0.00000000E+00  0.00000000E+00  0.00000000E+00  0.00000000E+00  0.00000000E+00  0.00000000E+00  0.00000000E+00  0.00000000E+00  0.00000000E+00  0.00000000E+00
  2.69492668E-01  2.70710868E-01  2.69759942E-01  2.68372503E-01  2.67076132E-01  2.65313504E-01  2.64288633E-01  2.63171232E-01  2.61385797E-01  2.58814809E-01  2.56686514E-01  2.53648614E-01  2.50118123E-01  2.47267618E-01  2.44395255E-01  2.40953703E-01  2.36610562E-01  2.32217735E-01  2.28474613E-01  2.24102141E-01  2.19425773E-01  2.15148651E-01  2.10295586E-01  2.05487862E-01  2.00356023E-01  1.95352018E-01  1.89984437E-01  1.84854055E-01  1.79120460E-01  1.73820757E-01  1.68164831E-01  1.63053848E-01  1.56798538E-01  1.51185464E-01  1.45773350E-01  1.39974091E-01  1.34190462E-01  1.28609498E-01  1.23130850E-01  1.17646310E-01  1.12212970E-01  1.06870166E-01  1.01304529E-01  9.60928397E-02  9.10374188E-02  8.58415354E-02  8.10881805E-02  7.63156121E-02  7.15771545E-02  6.69082397E-02  6.25277427E-02  5.83297957E-02  5.42823649E-02  5.03773828E-02  4.66023171E-02  4.29447820E-02  3.95486400E-02  3.62981149E-02  3.31712415E-02  3.01956951E-02  2.75001926E-02  2.47557802E-02  2.23655409E-02  2.01012792E-02  1.79783708E-02  1.59907025E-02  1.42296570E-02  1.25842128E-02  1.10447069E-02  9.64888870E-03  8.42974031E-03  7.28042177E-03  6.26667660E-03  5.39935023E-03  4.58954437E-03  3.85764337E-03  3.26647705E-03  2.70993600E-03  2.22802782E-03  1.84151750E-03  1.48533373E-03  1.20111716E-03  9.61356492E-04  7.62997786E-04  6.11415146E-04  4.58139644E-04  3.52416908E-04  2.71391872E-04  1.95106276E-04  1.46044734E-04  1.05684702E-04  7.49065409E-05  5.49300205E-05  3.67959968E-05  2.54855434E-05  1.66765945E-05  1.06354179E-05  7.21325097E-06  3.70366745E-06  2.33083864E-06  1.38401818E-06  6.41955602E-07  3.40649340E-07  2.35044538E-07  2.16362697E-07  1.41066039E-07  1.97071311E-08  9.76190445E-09  0.00000000E+00  0.00000000E+00  0.00000000E+00  0.00000000E+00  0.00000000E+00  0.00000000E+00  0.00000000E+00  0.00000000E+00  0.00000000E+00  0.00000000E+00  0.00000000E+00  0.00000000E+00  0.00000000E+00  0.00000000E+00  0.00000000E+00  0.00000000E+00  0.00000000E+00  0.00000000E+00  0.00000000E+00  0.00000000E+00  0.00000000E+00  0.00000000E+00  0.00000000E+00  0.00000000E+00  0.00000000E+00  0.00000000E+00  0.00000000E+00  0.00000000E+00  0.00000000E+00  0.00000000E+00  0.00000000E+00  0.00000000E+00  0.00000000E+00  0.00000000E+00  0.00000000E+00  0.00000000E+00  0.00000000E+00  0.00000000E+00  0.00000000E+00  0.00000000E+00  0.00000000E+00  0.00000000E+00  0.00000000E+00  0.00000000E+00  0.00000000E+00  0.00000000E+00  0.00000000E+00  0.00000000E+00  0.00000000E+00  0.00000000E+00  0.00000000E+00  0.00000000E+00  0.00000000E+00  0.00000000E+00  0.00000000E+00  0.00000000E+00  0.00000000E+00  0.00000000E+00  0.00000000E+00  0.00000000E+00  0.00000000E+00  0.00000000E+00  0.00000000E+00  0.00000000E+00  0.00000000E+00  0.00000000E+00  0.00000000E+00  0.00000000E+00  0.00000000E+00  0.00000000E+00  0.00000000E+00  0.00000000E+00  0.00000000E+00  0.00000000E+00  0.00000000E+00  0.00000000E+00  0.00000000E+00  0.00000000E+00  0.00000000E+00  0.00000000E+00  0.00000000E+00  0.00000000E+00  0.00000000E+00  0.00000000E+00  0.00000000E+00  0.00000000E+00  0.00000000E+00  0.00000000E+00  0.00000000E+00  0.00000000E+00  0.00000000E+00  0.00000000E+00
  2.69207021E-01  2.71017110E-01  2.68559665E-01  2.69171105E-01  2.67401431E-01  2.66009622E-01  2.64403769E-01  2.62888769E-01  2.61248301E-01  2.58515803E-01  2.56102958E-01  2.53652520E-01  2.50200273E-01  2.47051728E-01  2.43701961E-01  2.40265125E-01  2.36183180E-01  2.32069478E-01  2.27964366E-01  2.24061988E-01  2.19479219E-01  2.14625510E-01  2.10173691E-01  2.05337266E-01  2.00344619E-01  1.95241185E-01  1.89796745E-01  1.84294203E-01  1.79034018E-01  1.73643700E-01  1.68179213E-01  1.62449584E-01  1.56733359E-01  1.51219279E-01  1.45694520E-01  1.40127456E-01  1.34476187E-01  1.28659957E-01  1.23098861E-01  1.17602875E-01  1.12338546E-01  1.06831053E-01  1.01351239E-01  9.62552057E-02  9.10430083E-02  8.60252912E-02  8.10220549E-02  7.62063939E-02  7.16369421E-02  6.69825175E-02  6.26885689E-02  5.85031557E-02  5.44592008E-02  5.04150553E-02  4.65917173E-02  4.30662947E-02  3.95779036E-02  3.63426370E-02  3.32559713E-02  3.03695064E-02  2.74210495E-02  2.48670939E-02  2.24313377E-02  2.01412950E-02  1.80027340E-02  1.60775575E-02  1.42627209E-02  1.26433675E-02  1.10582897E-02  9.69723657E-03  8.45679352E-03  7.28866223E-03  6.30733200E-03  5.38361221E-03  4.57320379E-03  3.85292111E-03  3.24921341E-03  2.72012857E-03  2.24285020E-03  1.83244311E-03  1.50495905E-03  1.20472717E-03  9.61716957E-04  7.67790622E-04  5.98344487E-04  4.59229222E-04  3.53484753E-04  2.65150761E-04  2.01167717E-04  1.51875727E-04  1.03485978E-04  7.57898678E-05  4.94421342E-05  3.54778780E-05  2.51342355E-05  1.56321843E-05  1.07702260E-05  6.81902698E-06  4.23482862E-06  2.23682664E-06  1.63669216E-06  8.09817607E-07  5.51836979E-07  1.59016569E-07  1.17668588E-07  5.91731865E-08  3.73020898E-08  3.16757945E-08  0.00000000E+00  0.00000000E+00  0.00000000E+00  0.00000000E+00  4.11980859E-08  0.00000000E+00  0.00000000E+00  0.00000000E+00  0.00000000E+00  0.00000000E+00  0.00000000E+00  0.00000000E+00  0.00000000E+00  0.00000000E+00  0.00000000E+00  0.00000000E+00  0.00000000E+00  0.00000000E+00  0.00000000E+00  0.00000000E+00  0.00000000E+00  0.00000000E+00  0.00000000E+00  0.00000000E+00  0.00000000E+00  0.00000000E+00  0.00000000E+00  0.00000000E+00  0.00000000E+00  0.00000000E+00  0.00000000E+00  0.00000000E+00  0.00000000E+00  0.00000000E+00  0.00000000E+00  0.00000000E+00  0.00000000E+00  0.00000000E+00  0.00000000E+00  0.00000000E+00  0.00000000E+00  0.00000000E+00  0.00000000E+00  0.00000000E+00  0.00000000E+00  0.00000000E+00  0.00000000E+00  0.00000000E+00  0.00000000E+00  0.00000000E+00  0.00000000E+00  0.00000000E+00  0.00000000E+00  0.00000000E+00  0.00000000E+00  0.00000000E+00  0.00000000E+00  0.00000000E+00  0.00000000E+00  0.00000000E+00  0.00000000E+00  0.00000000E+00  0.00000000E+00  0.00000000E+00  0.00000000E+00  0.00000000E+00  0.00000000E+00  0.00000000E+00  0.00000000E+00  0.00000000E+00  0.00000000E+00  0.00000000E+00  0.00000000E+00  0.00000000E+00  0.00000000E+00  0.00000000E+00  0.00000000E+00  0.00000000E+00  0.00000000E+00  0.00000000E+00  0.00000000E+00  0.00000000E+00  0.00000000E+00  0.00000000E+00  0.00000000E+00  0.00000000E+00  0.00000000E+00  0.00000000E+00  0.00000000E+00  0.00000000E+00  0.00000000E+00  0.00000000E+00
  2.69216764E-01  2.67925108E-01  2.67605380E-01  2.66863794E-01  2.65914296E-01  2.64731544E-01  2.62723228E-01  2.60459811E-01  2.59525303E-01  2.56854752E-01  2.54610746E-01  2.51456667E-01  2.48673068E-01  2.45362550E-01  2.42331610E-01  2.39266552E-01  2.35250705E-01  2.30730432E-01  2.27145774E-01  2.22794220E-01  2.18242105E-01  2.13674229E-01  2.08795673E-01  2.03684020E-01  1.98667299E-01  1.93728694E-01  1.88561968E-01  1.83238460E-01  1.77803713E-01  1.72328051E-01  1.66889926E-01  1.61446578E-01  1.55545325E-01  1.49983980E-01  1.44482188E-01  1.38910366E-01  1.32956489E-01  1.27802819E-01  1.22285366E-01  1.16631572E-01  1.11222462E-01  1.05785077E-01  1.00647773E-01  9.54270187E-02  9.02441164E-02  8.52746688E-02  8.04619195E-02  7.56039178E-02  7.11515240E-02  6.64920818E-02  6.21706698E-02  5.79883870E-02  5.38391116E-02  4.99389740E-02  4.62302974E-02  4.26723534E-02  3.92175405E-02  3.59499468E-02  3.27348151E-02  2.99441405E-02  2.72232834E-02  2.45747359E-02  2.21771026E-02  1.99103216E-02  1.78204333E-02  1.58607433E-02  1.41219251E-02  1.24669380E-02  1.09607592E-02  9.57130054E-03  8.37506137E-03  7.25374391E-03  6.22231669E-03  5.33981981E-03  4.54606846E-03  3.83890380E-03  3.22340749E-03  2.68038212E-03  2.22842189E-03  1.82382975E-03  1.48804572E-03  1.17326252E-03  9.62891426E-04  7.65410734E-04  5.93503687E-04  4.53162799E-04  3.47377208E-04  2.59863313E-04  1.90802624E-04  1.44033265E-04  1.02200898E-04  7.32488633E-05  5.44207447E-05  3.59933425E-05  2.39672871E-05  1.64093871E-05  1.05947975E-05  6.91149137E-06  3.97355931E-06  2.61353938E-06  1.52822696E-06  4.80149617E-07  3.74832784E-07  2.94408892E-07  1.45795791E-07  7.26554102E-08  2.22139506E-08  8.71489443E-08  0.00000000E+00  0.00000000E+00  0.00000000E+00  0.00000000E+00  0.00000000E+00  0.00000000E+00  0.00000000E+00  0.00000000E+00  0.00000000E+00  0.00000000E+00  0.00000000E+00  0.00000000E+00  0.00000000E+00  0.00000000E+00  0.00000000E+00  0.00000000E+00  0.00000000E+00  0.00000000E+00  0.00000000E+00  0.00000000E+00  0.00000000E+00  0.00000000E+00  0.00000000E+00  0.00000000E+00  0.00000000E+00  0.00000000E+00  0.00000000E+00  0.00000000E+00  0.00000000E+00  0.00000000E+00  0.00000000E+00  0.00000000E+00  0.00000000E+00  0.00000000E+00  0.00000000E+00  0.00000000E+00  0.00000000E+00  0.00000000E+00  0.00000000E+00  0.00000000E+00  0.00000000E+00  0.00000000E+00  0.00000000E+00  0.00000000E+00  0.00000000E+00  0.00000000E+00  0.00000000E+00  0.00000000E+00  0.00000000E+00  0.00000000E+00  0.00000000E+00  0.00000000E+00  0.00000000E+00  0.00000000E+00  0.00000000E+00  0.00000000E+00  0.00000000E+00  0.00000000E+00  0.00000000E+00  0.00000000E+00  0.00000000E+00  0.00000000E+00  0.00000000E+00  0.00000000E+00  0.00000000E+00  0.00000000E+00  0.00000000E+00  0.00000000E+00  0.00000000E+00  0.00000000E+00  0.00000000E+00  0.00000000E+00  0.00000000E+00  0.00000000E+00  0.00000000E+00  0.00000000E+00  0.00000000E+00  0.00000000E+00  0.00000000E+00  0.00000000E+00  0.00000000E+00  0.00000000E+00  0.00000000E+00  0.00000000E+00  0.00000000E+00  0.00000000E+00  0.00000000E+00  0.00000000E+00  0.00000000E+00  0.00000000E+00  0.00000000E+00  0.00000000E+00
  2.69779427E-01  2.69297998E-01  2.69633516E-01  2.67586356E-01  2.66958818E-01  2.66847684E-01  2.64885087E-01  2.62377252E-01  2.60508974E-01  2.57950536E-01  2.56289141E-01  2.52736483E-01  2.50253300E-01  2.46953494E-01  2.43497262E-01  2.40183137E-01  2.36829305E-01  2.32391295E-01  2.28178779E-01  2.23917827E-01  2.19745204E-01  2.15008719E-01  2.10379796E-01  2.05109443E-01  2.00271033E-01  1.95270088E-01  1.89833753E-01  1.84673842E-01  1.79085390E-01  1.73964626E-01  1.68050671E-01  1.62575296E-01  1.56924783E-01  1.51318336E-01  1.45666146E-01  1.39994572E-01  1.34342733E-01  1.28697690E-01  1.23082577E-01  1.17530455E-01  1.12099410E-01  1.06775583E-01  1.01305127E-01  9.61555607E-02  9.10734755E-02  8.60911526E-02  8.11160663E-02  7.63924608E-02  7.16842530E-02  6.71628830E-02  6.27973413E-02  5.84628313E-02  5.43018473E-02  5.03946825E-02  4.65459672E-02  4.30253489E-02  3.96202486E-02  3.62749883E-02  3.31812451E-02  3.02171407E-02  2.74641224E-02  2.48600148E-02  2.24119480E-02  2.01590752E-02  1.79828476E-02  1.60190746E-02  1.42667758E-02  1.26442710E-02  1.10689805E-02  9.67638858E-03  8.44892670E-03  7.26619444E-03  6.27210295E-03  5.38789723E-03  4.57232377E-03  3.87517008E-03  3.24758003E-03  2.70284663E-03  2.25475993E-03  1.83244873E-03  1.50677971E-03  1.20241687E-03  9.71098118E-04  7.57091724E-04  5.98942287E-04  4.69501597E-04  3.55623730E-04  2.70056277E-04  1.96390890E-04  1.50331933E-04  1.04335163E-04  7.70884415E-05  5.33664126E-05  3.69746415E-05  2.57654619E-05  1.53234748E-05  1.06114365E-05  6.32651586E-06  4.17421491E-06  3.38337391E-06  1.50651768E-06  7.80015942E-07  6.17553922E-07  2.77326336E-07  1.89178407E-07  2.88284995E-08  0.00000000E+00  0.00000000E+00  0.00000000E+00  0.00000000E+00  0.00000000E+00  0.00000000E+00  0.00000000E+00  0.00000000E+00  0.00000000E+00  0.00000000E+00  0.00000000E+00  0.00000000E+00  0.00000000E+00  0.00000000E+00  0.00000000E+00  0.00000000E+00  0.00000000E+00  0.00000000E+00  0.00000000E+00  0.00000000E+00  0.00000000E+00  0.00000000E+00  0.00000000E+00  0.00000000E+00  0.00000000E+00  0.00000000E+00  0.00000000E+00  0.00000000E+00  0.00000000E+00  0.00000000E+00  0.00000000E+00  0.00000000E+00  0.00000000E+00  0.00000000E+00  0.00000000E+00  0.00000000E+00  0.00000000E+00  0.00000000E+00  0.00000000E+00  0.00000000E+00  0.00000000E+00  0.00000000E+00  0.00000000E+00  0.00000000E+00  0.00000000E+00  0.00000000E+00  0.00000000E+00  0.00000000E+00  0.00000000E+00  0.00000000E+00  0.00000000E+00  0.00000000E+00  0.00000000E+00  0.00000000E+00  0.00000000E+00  0.00000000E+00  0.00000000E+00  0.00000000E+00  0.00000000E+00  0.00000000E+00  0.00000000E+00  0.00000000E+00  0.00000000E+00  0.00000000E+00  0.00000000E+00  0.00000000E+00  0.00000000E+00  0.00000000E+00  0.00000000E+00  0.00000000E+00  0.00000000E+00  0.00000000E+00  0.00000000E+00  0.00000000E+00  0.00000000E+00  0.00000000E+00  0.00000000E+00  0.00000000E+00  0.00000000E+00  0.00000000E+00  0.00000000E+00  0.00000000E+00  0.00000000E+00  0.00000000E+00  0.00000000E+00  0.00000000E+00  0.00000000E+00  0.00000000E+00  0.00000000E+00  0.00000000E+00  0.00000000E+00  0.00000000E+00  0.00000000E+00  0.00000000E+00
  2.71851681E-01  2.69185259E-01  2.70100584E-01  2.69381574E-01  2.68402563E-01  2.66328068E-01  2.64349622E-01  2.63029268E-01  2.61411718E-01  2.58630609E-01  2.56176463E-01  2.53296002E-01  2.50510743E-01  2.47129446E-01  2.44107712E-01  2.40423435E-01  2.36631799E-01  2.32249308E-01  2.28213243E-01  2.24527292E-01  2.19917054E-01  2.15227167E-01  2.10484462E-01  2.05530955E-01  2.00838331E-01  1.95167171E-01  1.90127586E-01  1.84528698E-01  1.79301043E-01  1.73544835E-01  1.68044249E-01  1.62568126E-01  1.56932002E-01  1.51154405E-01  1.45487090E-01  1.39976525E-01  1.34295797E-01  1.28728354E-01  1.23049569E-01  1.17650386E-01  1.12178399E-01  1.06487276E-01  1.01387940E-01  9.61206095E-02  9.11374035E-02  8.61023272E-02  8.10610443E-02  7.61463403E-02  7.15068947E-02  6.69721460E-02  6.25982237E-02  5.84272459E-02  5.43635675E-02  5.03665111E-02  4.65927446E-02  4.29811332E-02  3.95659312E-02  3.62253083E-02  3.30763672E-02  3.01233415E-02  2.74651929E-02  2.47522449E-02  2.23523324E-02  2.00990869E-02  1.79326239E-02  1.60447196E-02  1.42088094E-02  1.25709188E-02  1.10842334E-02  9.67647185E-03  8.41705239E-03  7.34834072E-03  6.29842981E-03  5.39448813E-03  4.61646575E-03  3.87164879E-03  3.25544236E-03  2.70804569E-03  2.24836943E-03  1.82804877E-03  1.49422609E-03  1.21301971E-03  9.65623280E-04  7.65428277E-04  6.03333024E-04  4.59908808E-04  3.58317651E-04  2.73936007E-04  1.94532000E-04  1.44470570E-04  1.08257307E-04  7.72043091E-05  5.33817107E-05  3.79997074E-05  2.72737787E-05  1.68158014E-05  1.09517693E-05  7.60082341E-06  3.64297396E-06  2.01676486E-06  1.22477839E-06  1.06726033E-06  3.28430206E-07  2.78921477E-07  5.03913121E-08  3.83265676E-08  7.94651728E-09  0.00000000E+00  0.00000000E+00  0.00000000E+00  0.00000000E+00  0.00000000E+00  0.00000000E+00  0.00000000E+00  0.00000000E+00  0.00000000E+00  0.00000000E+00  0.00000000E+00  0.00000000E+00  0.00000000E+00  0.00000000E+00  0.00000000E+00  0.00000000E+00  0.00000000E+00  0.00000000E+00  0.00000000E+00  0.00000000E+00  0.00000000E+00  0.00000000E+00  0.00000000E+00  0.00000000E+00  0.00000000E+00  0.00000000E+00  0.00000000E+00  0.00000000E+00  0.00000000E+00  0.00000000E+00  0.00000000E+00  0.00000000E+00  0.00000000E+00  0.00000000E+00  0.00000000E+00  0.00000000E+00  0.00000000E+00  0.00000000E+00  0.00000000E+00  0.00000000E+00  0.00000000E+00  0.00000000E+00  0.00000000E+00  0.00000000E+00  0.00000000E+00  0.00000000E+00  0.00000000E+00  0.00000000E+00  0.00000000E+00  0.00000000E+00  0.00000000E+00  0.00000000E+00  0.00000000E+00  0.00000000E+00  0.00000000E+00  0.00000000E+00  0.00000000E+00  0.00000000E+00  0.00000000E+00  0.00000000E+00  0.00000000E+00  0.00000000E+00  0.00000000E+00  0.00000000E+00  0.00000000E+00  0.00000000E+00  0.00000000E+00  0.00000000E+00  0.00000000E+00  0.00000000E+00  0.00000000E+00  0.00000000E+00  0.00000000E+00  0.00000000E+00  0.00000000E+00  0.00000000E+00  0.00000000E+00  0.00000000E+00  0.00000000E+00  0.00000000E+00  0.00000000E+00  0.00000000E+00  0.00000000E+00  0.00000000E+00  0.00000000E+00  0.00000000E+00  0.00000000E+00  0.00000000E+00  0.00000000E+00  0.00000000E+00  0.00000000E+00  0.00000000E+00  0.00000000E+00
  2.62859670E-01  2.63975981E-01  2.62121486E-01  2.61693996E-01  2.60450164E-01  2.60441707E-01  2.58431428E-01  2.55820993E-01  2.54935410E-01  2.52170379E-01  2.49548713E-01  2.46773856E-01  2.43973773E-01  2.41300087E-01  2.37573320E-01  2.34255716E-01  2.30497372E-01  2.26378410E-01  2.22232014E-01  2.17725081E-01  2.13673021E-01  2.09411319E-01  2.04302563E-01  1.99679287E-01  1.94392223E-01  1.89584884E-01  1.84508103E-01  1.79733670E-01  1.73921940E-01  1.68640090E-01  1.63611122E-01  1.58030459E-01  1.52575991E-01  1.47260291E-01  1.41455202E-01  1.36043967E-01  1.30539013E-01  1.24979208E-01  1.19530836E-01  1.14165131E-01  1.08725149E-01  1.03366523E-01  9.83240223E-02  9.32517552E-02  8.82272933E-02  8.32595342E-02  7.84706039E-02  7.38180935E-02  6.93563216E-02  6.49314401E-02  6.05337978E-02  5.63621547E-02  5.23531732E-02  4.86085182E-02  4.49611772E-02  4.13848893E-02  3.80746457E-02  3.49127082E-02  3.19436245E-02  2.90712086E-02  2.63864452E-02  2.38767964E-02  2.14961777E-02  1.92992658E-02  1.72581481E-02  1.53421574E-02  1.36021448E-02  1.20096544E-02  1.05730846E-02  9.23342346E-03  7.99063422E-03  6.97059864E-03  5.99979058E-03  5.15173819E-03  4.37254896E-03  3.70654505E-03  3.10822174E-03  2.59868023E-03  2.13275911E-03  1.74596173E-03  1.42333416E-03  1.15003636E-03  9.10589018E-04  7.19982492E-04  5.72102872E-04  4.38608383E-04  3.37888611E-04  2.47303595E-04  1.86787266E-04  1.41583238E-04  1.02700272E-04  6.99953880E-05  5.14800282E-05  3.29784484E-05  2.20167979E-05  1.53515939E-05  9.93283185E-06  7.20924256E-06  4.12771651E-06  2.34369641E-06  1.65937058E-06  5.53105512E-07  6.69621755E-07  2.94734213E-07  1.14303592E-08  4.96426794E-08  0.00000000E+00  8.54720960E-10  0.00000000E+00  0.00000000E+00  0.00000000E+00  0.00000000E+00  0.00000000E+00  0.00000000E+00  0.00000000E+00  0.00000000E+00  0.00000000E+00  0.00000000E+00  0.00000000E+00  0.00000000E+00  0.00000000E+00  0.00000000E+00  0.00000000E+00  0.00000000E+00  0.00000000E+00  0.00000000E+00  0.00000000E+00  0.00000000E+00  0.00000000E+00  0.00000000E+00  0.00000000E+00  0.00000000E+00  0.00000000E+00  0.00000000E+00  0.00000000E+00  0.00000000E+00  0.00000000E+00  0.00000000E+00  0.00000000E+00  0.00000000E+00  0.00000000E+00  0.00000000E+00  0.00000000E+00  0.00000000E+00  0.00000000E+00  0.00000000E+00  0.00000000E+00  0.00000000E+00  0.00000000E+00  0.00000000E+00  0.00000000E+00  0.00000000E+00  0.00000000E+00  0.00000000E+00  0.00000000E+00  0.00000000E+00  0.00000000E+00  0.00000000E+00  0.00000000E+00  0.00000000E+00  0.00000000E+00  0.00000000E+00  0.00000000E+00  0.00000000E+00  0.00000000E+00  0.00000000E+00  0.00000000E+00  0.00000000E+00  0.00000000E+00  0.00000000E+00  0.00000000E+00  0.00000000E+00  0.00000000E+00  0.00000000E+00  0.00000000E+00  0.00000000E+00  0.00000000E+00  0.00000000E+00  0.00000000E+00  0.00000000E+00  0.00000000E+00  0.00000000E+00  0.00000000E+00  0.00000000E+00  0.00000000E+00  0.00000000E+00  0.00000000E+00  0.00000000E+00  0.00000000E+00  0.00000000E+00  0.00000000E+00  0.00000000E+00  0.00000000E+00  0.00000000E+00  0.00000000E+00  0.00000000E+00  0.00000000E+00  0.00000000E+00  0.00000000E+00  0.00000000E+00
  2.69478773E-01  2.69950435E-01  2.69818201E-01  2.68517863E-01  2.66732315E-01  2.65893408E-01  2.64909477E-01  2.63161570E-01  2.61064059E-01  2.58612081E-01  2.56552189E-01  2.53608149E-01  2.50323361E-01  2.47334931E-01  2.43850548E-01  2.40099601E-01  2.36311480E-01  2.32447075E-01  2.28637696E-01  2.24134208E-01  2.19664935E-01  2.15287052E-01  2.10189216E-01  2.05551020E-01  2.00686471E-01  1.95087271E-01  1.90015973E-01  1.84350890E-01  1.79096577E-01  1.74049771E-01  1.67879983E-01  1.62740780E-01  1.57046029E-01  1.51679233E-01  1.45652559E-01  1.40184799E-01  1.34313655E-01  1.28780771E-01  1.23327138E-01  1.17415472E-01  1.12065745E-01  1.06787119E-01  1.01446905E-01  9.61288616E-02  9.10760387E-02  8.59016513E-02  8.10117283E-02  7.61575727E-02  7.16157946E-02  6.69799920E-02  6.25783838E-02  5.83854272E-02  5.44371369E-02  5.02845437E-02  4.65068443E-02  4.29373977E-02  3.94638543E-02  3.63064903E-02  3.30761688E-02  3.01475477E-02  2.74121106E-02  2.48251323E-02  2.24009997E-02  2.00970437E-02  1.79814706E-02  1.60409608E-02  1.42210557E-02  1.25421821E-02  1.10249119E-02  9.70102471E-03  8.43459657E-03  7.27451575E-03  6.29612177E-03  5.36452672E-03  4.59095068E-03  3.86633115E-03  3.25859835E-03  2.72076417E-03  2.24887610E-03  1.85300021E-03  1.49592252E-03  1.21019191E-03  9.69258585E-04  7.64251493E-04  5.98986686E-04  4.61474797E-04  3.50249591E-04  2.75551145E-04  2.00202811E-04  1.48769044E-04  1.03694630E-04  7.79132344E-05  5.41117106E-05  3.79241950E-05  2.41185151E-05  1.71781889E-05  1.02474447E-05  8.15698699E-06  4.58806441E-06  3.20704915E-06  1.21944406E-06  9.06754274E-07  2.55608816E-07  3.18973893E-07  2.40614640E-07  1.09160580E-07  2.34293795E-08  4.46373688E-09  0.00000000E+00  0.00000000E+00  0.00000000E+00  0.00000000E+00  0.00000000E+00  0.00000000E+00  0.00000000E+00  0.00000000E+00  0.00000000E+00  0.00000000E+00  0.00000000E+00  0.00000000E+00  0.00000000E+00  0.00000000E+00  0.00000000E+00  0.00000000E+00  0.00000000E+00  0.00000000E+00  0.00000000E+00  0.00000000E+00  0.00000000E+00  0.00000000E+00  0.00000000E+00  0.00000000E+00  0.00000000E+00  0.00000000E+00  0.00000000E+00  0.00000000E+00  0.00000000E+00  0.00000000E+00  0.00000000E+00  0.00000000E+00  0.00000000E+00  0.00000000E+00  0.00000000E+00  0.00000000E+00  0.00000000E+00  0.00000000E+00  0.00000000E+00  0.00000000E+00  0.00000000E+00  0.00000000E+00  0.00000000E+00  0.00000000E+00  0.00000000E+00  0.00000000E+00  0.00000000E+00  0.00000000E+00  0.00000000E+00  0.00000000E+00  0.00000000E+00  0.00000000E+00  0.00000000E+00  0.00000000E+00  0.00000000E+00  0.00000000E+00  0.00000000E+00  0.00000000E+00  0.00000000E+00  0.00000000E+00  0.00000000E+00  0.00000000E+00  0.00000000E+00  0.00000000E+00  0.00000000E+00  0.00000000E+00  0.00000000E+00  0.00000000E+00  0.00000000E+00  0.00000000E+00  0.00000000E+00  0.00000000E+00  0.00000000E+00  0.00000000E+00  0.00000000E+00  0.00000000E+00  0.00000000E+00  0.00000000E+00  0.00000000E+00  0.00000000E+00  0.00000000E+00  0.00000000E+00  0.00000000E+00  0.00000000E+00  0.00000000E+00  0.00000000E+00  0.00000000E+00  0.00000000E+00  0.00000000E+00  0.00000000E+00  0.00000000E+00  0.00000000E+00
  2.70579824E-01  2.68902354E-01  2.68789568E-01  2.68816688E-01  2.67260537E-01  2.65711010E-01  2.64305547E-01  2.62526449E-01  2.60396447E-01  2.57719957E-01  2.55648662E-01  2.53143328E-01  2.50301072E-01  2.46938680E-01  2.43467607E-01  2.39722007E-01  2.36504200E-01  2.32270672E-01  2.28099672E-01  2.24053574E-01  2.19852221E-01  2.15157578E-01  2.10067704E-01  2.05213043E-01  2.00257366E-01  1.94898459E-01  1.89528249E-01  1.84502184E-01  1.78935819E-01  1.73603870E-01  1.68194650E-01  1.62796541E-01  1.56986431E-01  1.51469291E-01  1.45768050E-01  1.40163941E-01  1.34453026E-01  1.28836920E-01  1.23179113E-01  1.17684128E-01  1.12125477E-01  1.06878326E-01  1.01391472E-01  9.64030843E-02  9.11758942E-02  8.60200237E-02  8.10315701E-02  7.62253138E-02  7.15678935E-02  6.71000423E-02  6.27705624E-02  5.83636149E-02  5.43944042E-02  5.03554628E-02  4.66692661E-02  4.29612759E-02  3.96232013E-02  3.62319493E-02  3.31382079E-02  3.02245418E-02  2.74178831E-02  2.49358410E-02  2.24007469E-02  2.01578195E-02  1.80010687E-02  1.60502028E-02  1.42562015E-02  1.26054412E-02  1.10714949E-02  9.71981558E-03  8.43268295E-03  7.32630567E-03  6.28838981E-03  5.42904337E-03  4.60225569E-03  3.88164509E-03  3.27307490E-03  2.72220474E-03  2.24822988E-03  1.85485615E-03  1.49741782E-03  1.21252763E-03  9.67955850E-04  7.77695676E-04  5.95888563E-04  4.65138890E-04  3.45152073E-04  2.64575074E-04  1.97977205E-04  1.48633696E-04  1.06618455E-04  7.74546357E-05  5.25740584E-05  3.80417524E-05  2.33614406E-05  1.63822358E-05  9.29413112E-06  6.58206993E-06  4.24363287E-06  2.27694045E-06  1.49325429E-06  9.23743994E-07  5.77629480E-07  1.74140953E-07  2.33242761E-07  6.99292046E-08  4.91046224E-08  8.68711345E-09  0.00000000E+00  0.00000000E+00  0.00000000E+00  0.00000000E+00  0.00000000E+00  0.00000000E+00  0.00000000E+00  0.00000000E+00  0.00000000E+00  0.00000000E+00  0.00000000E+00  0.00000000E+00  0.00000000E+00  0.00000000E+00  0.00000000E+00  0.00000000E+00  0.00000000E+00  0.00000000E+00  0.00000000E+00  0.00000000E+00  0.00000000E+00  0.00000000E+00  0.00000000E+00  0.00000000E+00  0.00000000E+00  0.00000000E+00  0.00000000E+00  0.00000000E+00  0.00000000E+00  0.00000000E+00  0.00000000E+00  0.00000000E+00  0.00000000E+00  0.00000000E+00  0.00000000E+00  0.00000000E+00  0.00000000E+00  0.00000000E+00  0.00000000E+00  0.00000000E+00  0.00000000E+00  0.00000000E+00  0.00000000E+00  0.00000000E+00  0.00000000E+00  0.00000000E+00  0.00000000E+00  0.00000000E+00  0.00000000E+00  0.00000000E+00  0.00000000E+00  0.00000000E+00  0.00000000E+00  0.00000000E+00  0.00000000E+00  0.00000000E+00  0.00000000E+00  0.00000000E+00  0.00000000E+00  0.00000000E+00  0.00000000E+00  0.00000000E+00  0.00000000E+00  0.00000000E+00  0.00000000E+00  0.00000000E+00  0.00000000E+00  0.00000000E+00  0.00000000E+00  0.00000000E+00  0.00000000E+00  0.00000000E+00  0.00000000E+00  0.00000000E+00  0.00000000E+00  0.00000000E+00  0.00000000E+00  0.00000000E+00  0.00000000E+00  0.00000000E+00  0.00000000E+00  0.00000000E+00  0.00000000E+00  0.00000000E+00  0.00000000E+00  0.00000000E+00  0.00000000E+00  0.00000000E+00  0.00000000E+00  0.00000000E+00  0.00000000E+00  0.00000000E+00
  2.72418903E-01  2.70048255E-01  2.68384810E-01  2.68745254E-01  2.68003102E-01  2.66426166E-01  2.64286623E-01  2.62721916E-01  2.61078920E-01  2.58816974E-01  2.56199004E-01  2.52704908E-01  2.50536959E-01  2.46785108E-01  2.44362733E-01  2.40389274E-01  2.36809274E-01  2.32993183E-01  2.28359940E-01  2.24253716E-01  2.19529156E-01  2.15077636E-01  2.10404234E-01  2.05262083E-01  2.00213813E-01  1.95316988E-01  1.90002592E-01  1.84520477E-01  1.79269614E-01  1.73756866E-01  1.68255150E-01  1.62604930E-01  1.56725554E-01  1.51410061E-01  1.45555215E-01  1.39919122E-01  1.34167035E-01  1.28729989E-01  1.23125115E-01  1.17649517E-01  1.12154694E-01  1.06864163E-01  1.01413705E-01  9.62592089E-02  9.10420422E-02  8.60550531E-02  8.11561831E-02  7.60721038E-02  7.14560708E-02  6.69681222E-02  6.26660563E-02  5.84176261E-02  5.43193514E-02  5.02208654E-02  4.65822311E-02  4.29852903E-02  3.94696146E-02  3.62680627E-02  3.31898493E-02  3.01140397E-02  2.74357760E-02  2.47947958E-02  2.23537366E-02  2.00839522E-02  1.80136481E-02  1.60202797E-02  1.42479102E-02  1.25681575E-02  1.10749966E-02  9.70035549E-03  8.45718477E-03  7.32964871E-03  6.30126451E-03  5.38681134E-03  4.59052328E-03  3.90766096E-03  3.27207098E-03  2.72395935E-03  2.26098119E-03  1.86038965E-03  1.51798579E-03  1.20681818E-03  9.77524483E-04  7.66435057E-04  5.97645082E-04  4.65868104E-04  3.49177463E-04  2.74297739E-04  2.00572970E-04  1.43155075E-04  1.04802733E-04  7.28634739E-05  5.36253051E-05  3.63995239E-05  2.42435294E-05  1.59101363E-05  1.09712994E-05  7.67800160E-06  3.89239481E-06  2.77762251E-06  1.60813252E-06  7.74939608E-07  3.33103667E-07  1.74867552E-07  1.76938917E-07  4.26563042E-08  7.34883051E-09  9.10058663E-09  2.43451177E-08  0.00000000E+00  0.00000000E+00  0.00000000E+00  0.00000000E+00  0.00000000E+00  0.00000000E+00  0.00000000E+00  0.00000000E+00  0.00000000E+00  0.00000000E+00  0.00000000E+00  0.00000000E+00  0.00000000E+00  0.00000000E+00  0.00000000E+00  0.00000000E+00  0.00000000E+00  0.00000000E+00  0.00000000E+00  0.00000000E+00  0.00000000E+00  0.00000000E+00  0.00000000E+00  0.00000000E+00  0.00000000E+00  0.00000000E+00  0.00000000E+00  0.00000000E+00  0.00000000E+00  0.00000000E+00  0.00000000E+00  0.00000000E+00  0.00000000E+00  0.00000000E+00  0.00000000E+00  0.00000000E+00  0.00000000E+00  0.00000000E+00  0.00000000E+00  0.00000000E+00  0.00000000E+00  0.00000000E+00  0.00000000E+00  0.00000000E+00  0.00000000E+00  0.00000000E+00  0.00000000E+00  0.00000000E+00  0.00000000E+00  0.00000000E+00  0.00000000E+00  0.00000000E+00  0.00000000E+00  0.00000000E+00  0.00000000E+00  0.00000000E+00  0.00000000E+00  0.00000000E+00  0.00000000E+00  0.00000000E+00  0.00000000E+00  0.00000000E+00  0.00000000E+00  0.00000000E+00  0.00000000E+00  0.00000000E+00  0.00000000E+00  0.00000000E+00  0.00000000E+00  0.00000000E+00  0.00000000E+00  0.00000000E+00  0.00000000E+00  0.00000000E+00  0.00000000E+00  0.00000000E+00  0.00000000E+00  0.00000000E+00  0.00000000E+00  0.00000000E+00  0.00000000E+00  0.00000000E+00  0.00000000E+00  0.00000000E+00  0.00000000E+00  0.00000000E+00  0.00000000E+00  0.00000000E+00  0.00000000E+00  0.00000000E+00  0.00000000E+00
  2.68665114E-01  2.69533452E-01  2.68831392E-01  2.67911087E-01  2.67745563E-01  2.65498487E-01  2.64293596E-01  2.62041452E-01  2.60340572E-01  2.58121769E-01  2.56078488E-01  2.53258397E-01  2.49542422E-01  2.46933453E-01  2.43432062E-01  2.39587911E-01  2.36659050E-01  2.31730267E-01  2.28045047E-01  2.23626609E-01  2.19418559E-01  2.14583975E-01  2.10029071E-01  2.05007291E-01  1.99871493E-01  1.94632751E-01  1.89864937E-01  1.84593603E-01  1.79036395E-01  1.73386720E-01  1.67986365E-01  1.62884105E-01  1.57050551E-01  1.51282324E-01  1.45797182E-01  1.39904166E-01  1.34381898E-01  1.28727638E-01  1.23228833E-01  1.17710071E-01  1.12183088E-01  1.06845420E-01  1.01531109E-01  9.61703301E-02  9.10868028E-02  8.60348180E-02  8.10752331E-02  7.63635038E-02  7.16814766E-02  6.70728846E-02  6.26833533E-02  5.83902390E-02  5.43717166E-02  5.04092315E-02  4.66189544E-02  4.29500031E-02  3.95124901E-02  3.63147463E-02  3.31502262E-02  3.01980257E-02  2.74277106E-02  2.48486873E-02  2.24397723E-02  2.02058774E-02  1.80323745E-02  1.59970170E-02  1.42520344E-02  1.26102661E-02  1.10656192E-02  9.71564752E-03  8.46128026E-03  7.33699706E-03  6.31182885E-03  5.38806149E-03  4.61533148E-03  3.91011452E-03  3.28273388E-03  2.73928517E-03  2.24506569E-03  1.86252710E-03  1.52232564E-03  1.22244529E-03  9.71923028E-04  7.70705264E-04  6.12391343E-04  4.72971601E-04  3.50116438E-04  2.69923085E-04  2.04566586E-04  1.52328064E-04  1.08417202E-04  7.67099274E-05  5.30360129E-05  3.62097408E-05  2.37158699E-05  1.54232468E-05  1.08950355E-05  6.23021713E-06  5.16342041E-06  3.22993076E-06  1.58292590E-06  8.48311858E-07  5.55418305E-07  8.66582666E-08  5.96285690E-08  9.30695516E-08  2.39354115E-08  0.00000000E+00  0.00000000E+00  0.00000000E+00  0.00000000E+00  0.00000000E+00  0.00000000E+00  0.00000000E+00  0.00000000E+00  0.00000000E+00  0.00000000E+00  0.00000000E+00  0.00000000E+00  0.00000000E+00  0.00000000E+00  0.00000000E+00  0.00000000E+00  0.00000000E+00  0.00000000E+00  0.00000000E+00  0.00000000E+00  0.00000000E+00  0.00000000E+00  0.00000000E+00  0.00000000E+00  0.00000000E+00  0.00000000E+00  0.00000000E+00  0.00000000E+00  0.00000000E+00  0.00000000E+00  0.00000000E+00  0.00000000E+00  0.00000000E+00  0.00000000E+00  0.00000000E+00  0.00000000E+00  0.00000000E+00  0.00000000E+00  0.00000000E+00  0.00000000E+00  0.00000000E+00  0.00000000E+00  0.00000000E+00  0.00000000E+00  0.00000000E+00  0.00000000E+00  0.00000000E+00  0.00000000E+00  0.00000000E+00  0.00000000E+00  0.00000000E+00  0.00000000E+00  0.00000000E+00  0.00000000E+00  0.00000000E+00  0.00000000E+00  0.00000000E+00  0.00000000E+00  0.00000000E+00  0.00000000E+00  0.00000000E+00  0.00000000E+00  0.00000000E+00  0.00000000E+00  0.00000000E+00  0.00000000E+00  0.00000000E+00  0.00000000E+00  0.00000000E+00  0.00000000E+00  0.00000000E+00  0.00000000E+00  0.00000000E+00  0.00000000E+00  0.00000000E+00  0.00000000E+00  0.00000000E+00  0.00000000E+00  0.00000000E+00  0.00000000E+00  0.00000000E+00  0.00000000E+00  0.00000000E+00  0.00000000E+00  0.00000000E+00  0.00000000E+00  0.00000000E+00  0.00000000E+00  0.00000000E+00  0.00000000E+00  0.00000000E+00  0.00000000E+00  0.00000000E+00
  2.68668690E-01  2.69253551E-01  2.68222353E-01  2.67047101E-01  2.67169430E-01  2.65136918E-01  2.63440571E-01  2.61481494E-01  2.59971844E-01  2.57899567E-01  2.55388895E-01  2.52246014E-01  2.49258313E-01  2.46203534E-01  2.42791347E-01  2.39041727E-01  2.35550129E-01  2.31693001E-01  2.27427356E-01  2.23986117E-01  2.18479778E-01  2.14356613E-01  2.09474363E-01  2.04850121E-01  1.99242847E-01  1.94322617E-01  1.88765078E-01  1.83835744E-01  1.78461806E-01  1.72806898E-01  1.67362099E-01  1.61651873E-01  1.56294382E-01  1.50589315E-01  1.44783059E-01  1.39624369E-01  1.33711750E-01  1.28175295E-01  1.22529103E-01  1.16987145E-01  1.11723179E-01  1.06041612E-01  1.00840582E-01  9.57260971E-02  9.04496711E-02  8.54856362E-02  8.06130391E-02  7.56789516E-02  7.09579311E-02  6.64720106E-02  6.22713089E-02  5.78090221E-02  5.38355924E-02  4.98421662E-02  4.61706800E-02  4.26107944E-02  3.91060250E-02  3.60446819E-02  3.28198719E-02  3.00135444E-02  2.72319625E-02  2.46133109E-02  2.22207393E-02  1.98776037E-02  1.78198436E-02  1.59199103E-02  1.41676224E-02  1.24998533E-02  1.09968043E-02  9.56846198E-03  8.37836698E-03  7.23727290E-03  6.25642767E-03  5.35164686E-03  4.52340655E-03  3.81760065E-03  3.24901543E-03  2.70034150E-03  2.22547962E-03  1.82139641E-03  1.48881725E-03  1.19236073E-03  9.54999869E-04  7.54331388E-04  5.97609915E-04  4.67685375E-04  3.43335605E-04  2.61206900E-04  1.97200688E-04  1.46207989E-04  1.04576762E-04  7.48846700E-05  5.30766860E-05  3.60182640E-05  2.31019778E-05  1.83871954E-05  1.08846468E-05  6.60555072E-06  4.09776802E-06  2.78259258E-06  1.33997399E-06  7.93497786E-07  4.14654330E-07  2.98326343E-07  2.44742997E-07  3.26169339E-08  2.44513190E-08  3.28752452E-08  0.00000000E+00  0.00000000E+00  0.00000000E+00  0.00000000E+00  0.00000000E+00  0.00000000E+00  0.00000000E+00  0.00000000E+00  0.00000000E+00  0.00000000E+00  0.00000000E+00  0.00000000E+00  0.00000000E+00  0.00000000E+00  0.00000000E+00  0.00000000E+00  0.00000000E+00  0.00000000E+00  0.00000000E+00  0.00000000E+00  0.00000000E+00  0.00000000E+00  0.00000000E+00  0.00000000E+00  0.00000000E+00  0.00000000E+00  0.00000000E+00  0.00000000E+00  0.00000000E+00  0.00000000E+00  0.00000000E+00  0.00000000E+00  0.00000000E+00  0.00000000E+00  0.00000000E+00  0.00000000E+00  0.00000000E+00  0.00000000E+00  0.00000000E+00  0.00000000E+00  0.00000000E+00  0.00000000E+00  0.00000000E+00  0.00000000E+00  0.00000000E+00  0.00000000E+00  0.00000000E+00  0.00000000E+00  0.00000000E+00  0.00000000E+00  0.00000000E+00  0.00000000E+00  0.00000000E+00  0.00000000E+00  0.00000000E+00  0.00000000E+00  0.00000000E+00  0.00000000E+00  0.00000000E+00  0.00000000E+00  0.00000000E+00  0.00000000E+00  0.00000000E+00  0.00000000E+00  0.00000000E+00  0.00000000E+00  0.00000000E+00  0.00000000E+00  0.00000000E+00  0.00000000E+00  0.00000000E+00  0.00000000E+00  0.00000000E+00  0.00000000E+00  0.00000000E+00  0.00000000E+00  0.00000000E+00  0.00000000E+00  0.00000000E+00  0.00000000E+00  0.00000000E+00  0.00000000E+00  0.00000000E+00  0.00000000E+00  0.00000000E+00  0.00000000E+00  0.00000000E+00  0.00000000E+00  0.00000000E+00  0.00000000E+00  0.00000000E+00  0.00000000E+00
  2.69096230E-01  2.68944506E-01  2.67894137E-01  2.67943328E-01  2.66867743E-01  2.65666015E-01  2.63827156E-01  2.61981374E-01  2.60939863E-01  2.57874372E-01  2.56260677E-01  2.53042822E-01  2.50664979E-01  2.46714597E-01  2.43660286E-01  2.39604698E-01  2.36396611E-01  2.32709503E-01  2.28330962E-01  2.23556658E-01  2.19603164E-01  2.15116521E-01  2.10398313E-01  2.05278398E-01  2.00262823E-01  1.94929940E-01  1.90016479E-01  1.84510265E-01  1.79092925E-01  1.73672431E-01  1.67997094E-01  1.62542178E-01  1.56838475E-01  1.51347548E-01  1.45590666E-01  1.40001992E-01  1.34496200E-01  1.28699087E-01  1.23176182E-01  1.18000652E-01  1.12225501E-01  1.06930726E-01  1.01624888E-01  9.63064367E-02  9.11570369E-02  8.61351613E-02  8.11550109E-02  7.63227221E-02  7.17438253E-02  6.70057802E-02  6.26770072E-02  5.83714665E-02  5.43054532E-02  5.03513602E-02  4.65842233E-02  4.30248425E-02  3.94751015E-02  3.63625289E-02  3.31269765E-02  3.02315301E-02  2.74065496E-02  2.48489078E-02  2.23871154E-02  2.01342107E-02  1.80355107E-02  1.60572583E-02  1.42260645E-02  1.26245479E-02  1.10726717E-02  9.69281339E-03  8.42558290E-03  7.31659082E-03  6.32450567E-03  5.41042641E-03  4.60227163E-03  3.85923518E-03  3.25805115E-03  2.72525849E-03  2.23584661E-03  1.83314472E-03  1.48868408E-03  1.21652575E-03  9.72887805E-04  7.59225740E-04  5.90807423E-04  4.67418251E-04  3.56694443E-04  2.63266917E-04  1.93085956E-04  1.40446045E-04  1.09095907E-04  7.36061201E-05  5.12549125E-05  3.40994015E-05  2.34873071E-05  1.72179809E-05  1.01588457E-05  6.21701380E-06  4.09611777E-06  2.67411204E-06  1.75388801E-06  1.25835715E-06  6.57601700E-07  1.30434626E-07  4.21459333E-08  1.81506286E-08  8.09109006E-09  0.00000000E+00  0.00000000E+00  0.00000000E+00  0.00000000E+00  0.00000000E+00  0.00000000E+00  0.00000000E+00  0.00000000E+00  0.00000000E+00  0.00000000E+00  0.00000000E+00  0.00000000E+00  0.00000000E+00  0.00000000E+00  0.00000000E+00  0.00000000E+00  0.00000000E+00  0.00000000E+00  0.00000000E+00  0.00000000E+00  0.00000000E+00  0.00000000E+00  0.00000000E+00  0.00000000E+00  0.00000000E+00  0.00000000E+00  0.00000000E+00  0.00000000E+00  0.00000000E+00  0.00000000E+00  0.00000000E+00  0.00000000E+00  0.00000000E+00  0.00000000E+00  0.00000000E+00  0.00000000E+00  0.00000000E+00  0.00000000E+00  0.00000000E+00  0.00000000E+00  0.00000000E+00  0.00000000E+00  0.00000000E+00  0.00000000E+00  0.00000000E+00  0.00000000E+00  0.00000000E+00  0.00000000E+00  0.00000000E+00  0.00000000E+00  0.00000000E+00  0.00000000E+00  0.00000000E+00  0.00000000E+00  0.00000000E+00  0.00000000E+00  0.00000000E+00  0.00000000E+00  0.00000000E+00  0.00000000E+00  0.00000000E+00  0.00000000E+00  0.00000000E+00  0.00000000E+00  0.00000000E+00  0.00000000E+00  0.00000000E+00  0.00000000E+00  0.00000000E+00  0.00000000E+00  0.00000000E+00  0.00000000E+00  0.00000000E+00  0.00000000E+00  0.00000000E+00  0.00000000E+00  0.00000000E+00  0.00000000E+00  0.00000000E+00  0.00000000E+00  0.00000000E+00  0.00000000E+00  0.00000000E+00  0.00000000E+00  0.00000000E+00  0.00000000E+00  0.00000000E+00  0.00000000E+00  0.00000000E+00  0.00000000E+00  0.00000000E+00  0.00000000E+00  0.00000000E+00
  2.65959155E-01  2.69014064E-01  2.70186676E-01  2.68356924E-01  2.67798406E-01  2.66038523E-01  2.64313245E-01  2.63514660E-01  2.61484928E-01  2.58659011E-01  2.55485265E-01  2.53967986E-01  2.50190235E-01  2.47734811E-01  2.43980378E-01  2.40247414E-01  2.36448579E-01  2.32950824E-01  2.28619903E-01  2.24542896E-01  2.20144305E-01  2.15411777E-01  2.10634059E-01  2.05284161E-01  2.00579085E-01  1.95258907E-01  1.90282985E-01  1.84390801E-01  1.79468156E-01  1.74105436E-01  1.68376248E-01  1.62539703E-01  1.57264192E-01  1.51583277E-01  1.45747254E-01  1.39927498E-01  1.34390495E-01  1.28700644E-01  1.23242345E-01  1.17587364E-01  1.12314950E-01  1.06745417E-01  1.01593980E-01  9.61914607E-02  9.10915006E-02  8.58803365E-02  8.10606723E-02  7.62059991E-02  7.15544848E-02  6.69307097E-02  6.25497032E-02  5.83678947E-02  5.40611304E-02  5.03021140E-02  4.65497835E-02  4.29548670E-02  3.94031375E-02  3.61404071E-02  3.30842269E-02  3.00466205E-02  2.73536832E-02  2.47451148E-02  2.23153445E-02  2.00395492E-02  1.79236813E-02  1.60140268E-02  1.41865914E-02  1.25158347E-02  1.10202526E-02  9.65937401E-03  8.38272291E-03  7.29338520E-03  6.26564201E-03  5.36610218E-03  4.52721971E-03  3.85050675E-03  3.25928170E-03  2.70293508E-03  2.23008351E-03  1.81110977E-03  1.48810305E-03  1.19617026E-03  9.63163431E-04  7.52304039E-04  5.93505664E-04  4.56623584E-04  3.49402067E-04  2.66024117E-04  1.97029429E-04  1.41264852E-04  1.07261033E-04  7.69827601E-05  5.16045335E-05  3.39521836E-05  2.44065489E-05  1.64087026E-05  9.90540066E-06  5.06984979E-06  4.13443733E-06  2.47005025E-06  1.64803591E-06  6.18991893E-07  8.63925808E-07  1.92146725E-07  2.07350507E-07  3.18862712E-08  0.00000000E+00  0.00000000E+00  0.00000000E+00  0.00000000E+00  0.00000000E+00  0.00000000E+00  0.00000000E+00  0.00000000E+00  0.00000000E+00  0.00000000E+00  0.00000000E+00  0.00000000E+00  0.00000000E+00  0.00000000E+00  0.00000000E+00  0.00000000E+00  0.00000000E+00  0.00000000E+00  0.00000000E+00  0.00000000E+00  0.00000000E+00  0.00000000E+00  0.00000000E+00  0.00000000E+00  0.00000000E+00  0.00000000E+00  0.00000000E+00  0.00000000E+00  0.00000000E+00  0.00000000E+00  0.00000000E+00  0.00000000E+00  0.00000000E+00  0.00000000E+00  0.00000000E+00  0.00000000E+00  0.00000000E+00  0.00000000E+00  0.00000000E+00  0.00000000E+00  0.00000000E+00  0.00000000E+00  0.00000000E+00  0.00000000E+00  0.00000000E+00  0.00000000E+00  0.00000000E+00  0.00000000E+00  0.00000000E+00  0.00000000E+00  0.00000000E+00  0.00000000E+00  0.00000000E+00  0.00000000E+00  0.00000000E+00  0.00000000E+00  0.00000000E+00  0.00000000E+00  0.00000000E+00  0.00000000E+00  0.00000000E+00  0.00000000E+00  0.00000000E+00  0.00000000E+00  0.00000000E+00  0.00000000E+00  0.00000000E+00  0.00000000E+00  0.00000000E+00  0.00000000E+00  0.00000000E+00  0.00000000E+00  0.00000000E+00  0.00000000E+00  0.00000000E+00  0.00000000E+00  0.00000000E+00  0.00000000E+00  0.00000000E+00  0.00000000E+00  0.00000000E+00  0.00000000E+00  0.00000000E+00  0.00000000E+00  0.00000000E+00  0.00000000E+00  0.00000000E+00  0.00000000E+00  0.00000000E+00  0.00000000E+00  0.00000000E+00  0.00000000E+00  0.00000000E+00  0.00000000E+00
  2.70113871E-01  2.69718748E-01  2.70385676E-01  2.67653354E-01  2.66093121E-01  2.65254734E-01  2.63822477E-01  2.61630961E-01  2.59915791E-01  2.57665148E-01  2.55378506E-01  2.52430183E-01  2.49819167E-01  2.46178356E-01  2.42933846E-01  2.39596580E-01  2.35457683E-01  2.32167771E-01  2.28156876E-01  2.23795841E-01  2.19326540E-01  2.14135913E-01  2.09685090E-01  2.05022662E-01  1.99971279E-01  1.95078332E-01  1.89563843E-01  1.84020561E-01  1.78828871E-01  1.73569779E-01  1.68313675E-01  1.62625330E-01  1.56858602E-01  1.51424502E-01  1.45454862E-01  1.40055850E-01  1.34498152E-01  1.28886837E-01  1.23410526E-01  1.17848959E-01  1.12255400E-01  1.06835381E-01  1.01550087E-01  9.63717790E-02  9.13103467E-02  8.60667973E-02  8.12737809E-02  7.63875227E-02  7.18182114E-02  6.72477560E-02  6.28741250E-02  5.84760275E-02  5.46053563E-02  5.05696776E-02  4.67009980E-02  4.31263127E-02  3.97339927E-02  3.63491927E-02  3.32316514E-02  3.02434102E-02  2.75135967E-02  2.49105377E-02  2.23745509E-02  2.02024701E-02  1.81008874E-02  1.60564376E-02  1.42923285E-02  1.26499564E-02  1.11008143E-02  9.70732676E-03  8.46796835E-03  7.31222668E-03  6.37065030E-03  5.41777838E-03  4.58845051E-03  3.91214640E-03  3.28089686E-03  2.71830781E-03  2.26966049E-03  1.83723709E-03  1.51796758E-03  1.21558599E-03  9.65468332E-04  7.72569584E-04  6.03611457E-04  4.56317802E-04  3.58473600E-04  2.72293842E-04  2.03220271E-04  1.43374678E-04  1.03448130E-04  7.62808008E-05  5.19787986E-05  3.68071254E-05  2.25936074E-05  1.75073857E-05  9.72539293E-06  5.85771513E-06  4.37717645E-06  2.45913225E-06  1.41552489E-06  6.59681658E-07  2.57809149E-07  1.28618963E-07  6.93980271E-08  3.01327017E-08  1.02608569E-08  0.00000000E+00  0.00000000E+00  0.00000000E+00  0.00000000E+00  0.00000000E+00  0.00000000E+00  0.00000000E+00  0.00000000E+00  0.00000000E+00  0.00000000E+00  0.00000000E+00  0.00000000E+00  0.00000000E+00  0.00000000E+00  0.00000000E+00  0.00000000E+00  0.00000000E+00  0.00000000E+00  0.00000000E+00  0.00000000E+00  0.00000000E+00  0.00000000E+00  0.00000000E+00  0.00000000E+00  0.00000000E+00  0.00000000E+00  0.00000000E+00  0.00000000E+00  0.00000000E+00  0.00000000E+00  0.00000000E+00  0.00000000E+00  0.00000000E+00  0.00000000E+00  0.00000000E+00  0.00000000E+00  0.00000000E+00  0.00000000E+00  0.00000000E+00  0.00000000E+00  0.00000000E+00  0.00000000E+00  0.00000000E+00  0.00000000E+00  0.00000000E+00  0.00000000E+00  0.00000000E+00  0.00000000E+00  0.00000000E+00  0.00000000E+00  0.00000000E+00  0.00000000E+00  0.00000000E+00  0.00000000E+00  0.00000000E+00  0.00000000E+00  0.00000000E+00  0.00000000E+00  0.00000000E+00  0.00000000E+00  0.00000000E+00  0.00000000E+00  0.00000000E+00  0.00000000E+00  0.00000000E+00  0.00000000E+00  0.00000000E+00  0.00000000E+00  0.00000000E+00  0.00000000E+00  0.00000000E+00  0.00000000E+00  0.00000000E+00  0.00000000E+00  0.00000000E+00  0.00000000E+00  0.00000000E+00  0.00000000E+00  0.00000000E+00  0.00000000E+00  0.00000000E+00  0.00000000E+00  0.00000000E+00  0.00000000E+00  0.00000000E+00  0.00000000E+00  0.00000000E+00  0.00000000E+00  0.00000000E+00  0.00000000E+00  0.00000000E+00  0.00000000E+00  0.00000000E+00
  2.69505053E-01  2.69353461E-01  2.69366837E-01  2.68686771E-01  2.68174402E-01  2.66407201E-01  2.64011129E-01  2.62798002E-01  2.60927033E-01  2.58184713E-01  2.55842999E-01  2.53217655E-01  2.50160177E-01  2.47058770E-01  2.43583317E-01  2.39921343E-01  2.36826911E-01  2.31938720E-01  2.28414281E-01  2.24127916E-01  2.19573605E-01  2.14970728E-01  2.10216956E-01  2.05111695E-01  2.00608142E-01  1.95198663E-01  1.89960052E-01  1.84049367E-01  1.79154795E-01  1.73567122E-01  1.67889418E-01  1.62530614E-01  1.57098584E-01  1.51379243E-01  1.45675405E-01  1.39915786E-01  1.34425624E-01  1.28971449E-01  1.23151013E-01  1.17913034E-01  1.12249665E-01  1.06722603E-01  1.01518643E-01  9.62552032E-02  9.10099103E-02  8.59512166E-02  8.10465240E-02  7.63751828E-02  7.16910814E-02  6.71553615E-02  6.27202801E-02  5.84611394E-02  5.42723435E-02  5.04868774E-02  4.66562104E-02  4.30565183E-02  3.96131152E-02  3.61693600E-02  3.30855185E-02  3.01753445E-02  2.73903629E-02  2.48595590E-02  2.24360583E-02  2.01065682E-02  1.79983201E-02  1.60140747E-02  1.42103892E-02  1.25394175E-02  1.10707419E-02  9.69182030E-03  8.42235488E-03  7.28195610E-03  6.29605565E-03  5.40111681E-03  4.59080618E-03  3.88393728E-03  3.25268909E-03  2.70506891E-03  2.24690910E-03  1.84992038E-03  1.50840732E-03  1.21624011E-03  9.73856172E-04  7.65454078E-04  5.96333275E-04  4.57460724E-04  3.54304485E-04  2.64651774E-04  2.01247951E-04  1.44646362E-04  1.06117378E-04  7.49925896E-05  5.38665119E-05  3.80833546E-05  2.46511736E-05  1.62672717E-05  1.07334385E-05  5.79053049E-06  4.44267277E-06  2.40226551E-06  1.95815700E-06  8.70039003E-07  4.77927234E-07  1.38728670E-07  2.25409685E-07  6.22673986E-09  1.02217092E-07  0.00000000E+00  0.00000000E+00  0.00000000E+00  0.00000000E+00  0.00000000E+00  0.00000000E+00  0.00000000E+00  0.00000000E+00  0.00000000E+00  0.00000000E+00  0.00000000E+00  0.00000000E+00  0.00000000E+00  0.00000000E+00  0.00000000E+00  0.00000000E+00  0.00000000E+00  0.00000000E+00  0.00000000E+00  0.00000000E+00  0.00000000E+00  0.00000000E+00  0.00000000E+00  0.00000000E+00  0.00000000E+00  0.00000000E+00  0.00000000E+00  0.00000000E+00  0.00000000E+00  0.00000000E+00  0.00000000E+00  0.00000000E+00  0.00000000E+00  0.00000000E+00  0.00000000E+00  0.00000000E+00  0.00000000E+00  0.00000000E+00  0.00000000E+00  0.00000000E+00  0.00000000E+00  0.00000000E+00  0.00000000E+00  0.00000000E+00  0.00000000E+00  0.00000000E+00  0.00000000E+00  0.00000000E+00  0.00000000E+00  0.00000000E+00  0.00000000E+00  0.00000000E+00  0.00000000E+00  0.00000000E+00  0.00000000E+00  0.00000000E+00  0.00000000E+00  0.00000000E+00  0.00000000E+00  0.00000000E+00  0.00000000E+00  0.00000000E+00  0.00000000E+00  0.00000000E+00  0.00000000E+00  0.00000000E+00  0.00000000E+00  0.00000000E+00  0.00000000E+00  0.00000000E+00  0.00000000E+00  0.00000000E+00  0.00000000E+00  0.00000000E+00  0.00000000E+00  0.00000000E+00  0.00000000E+00  0.00000000E+00  0.00000000E+00  0.00000000E+00  0.00000000E+00  0.00000000E+00  0.00000000E+00  0.00000000E+00  0.00000000E+00  0.00000000E+00  0.00000000E+00  0.00000000E+00  0.00000000E+00  0.00000000E+00  0.00000000E+00  0.00000000E+00  0.00000000E+00
  2.69028922E-01  2.69738962E-01  2.68713200E-01  2.67652903E-01  2.67382054E-01  2.65838793E-01  2.64575277E-01  2.62635596E-01  2.60563638E-01  2.58198697E-01  2.55463463E-01  2.52807376E-01  2.49872008E-01  2.46335766E-01  2.43582805E-01  2.39812080E-01  2.35762787E-01  2.32081795E-01  2.28084379E-01  2.24195868E-01  2.19210906E-01  2.14497601E-01  2.09938303E-01  2.05153393E-01  2.00185018E-01  1.95162683E-01  1.89959548E-01  1.84290995E-01  1.79023258E-01  1.73681775E-01  1.68033550E-01  1.62495275E-01  1.56987634E-01  1.51360087E-01  1.45607322E-01  1.40177869E-01  1.34461890E-01  1.28820135E-01  1.23187925E-01  1.17807733E-01  1.12302162E-01  1.07076140E-01  1.01676691E-01  9.64071292E-02  9.11655130E-02  8.60865375E-02  8.12689875E-02  7.62677586E-02  7.17088896E-02  6.71268966E-02  6.26012598E-02  5.84834564E-02  5.44705485E-02  5.03991640E-02  4.66025825E-02  4.29969318E-02  3.95542770E-02  3.63202347E-02  3.31130653E-02  3.02406020E-02  2.75212371E-02  2.48360177E-02  2.24259321E-02  2.01615789E-02  1.80544347E-02  1.59890854E-02  1.42783942E-02  1.26165946E-02  1.10802710E-02  9.69745614E-03  8.45056545E-03  7.30314040E-03  6.30625117E-03  5.40895659E-03  4.61303102E-03  3.88030750E-03  3.27062183E-03  2.72331637E-03  2.25984340E-03  1.83479109E-03  1.48930111E-03  1.22354306E-03  9.66590774E-04  7.71101943E-04  6.03789185E-04  4.70535250E-04  3.48891273E-04  2.73503727E-04  2.02708029E-04  1.45860511E-04  1.03746820E-04  7.38535609E-05  5.23817218E-05  3.67664516E-05  2.37629370E-05  1.67655077E-05  1.00898798E-05  6.05451563E-06  4.31446201E-06  2.31735938E-06  1.39989671E-06  6.51035152E-07  4.22473501E-07  2.39080932E-07  1.42614012E-07  3.64261071E-08  7.04079569E-08  8.71912492E-09  1.29581465E-08  0.00000000E+00  0.00000000E+00  0.00000000E+00  0.00000000E+00  0.00000000E+00  0.00000000E+00  0.00000000E+00  0.00000000E+00  0.00000000E+00  0.00000000E+00  0.00000000E+00  0.00000000E+00  0.00000000E+00  0.00000000E+00  0.00000000E+00  0.00000000E+00  0.00000000E+00  0.00000000E+00  0.00000000E+00  0.00000000E+00  0.00000000E+00  0.00000000E+00  0.00000000E+00  0.00000000E+00  0.00000000E+00  0.00000000E+00  0.00000000E+00  0.00000000E+00  0.00000000E+00  0.00000000E+00  0.00000000E+00  0.00000000E+00  0.00000000E+00  0.00000000E+00  0.00000000E+00  0.00000000E+00  0.00000000E+00  0.00000000E+00  0.00000000E+00  0.00000000E+00  0.00000000E+00  0.00000000E+00  0.00000000E+00  0.00000000E+00  0.00000000E+00  0.00000000E+00  0.00000000E+00  0.00000000E+00  0.00000000E+00  0.00000000E+00  0.00000000E+00  0.00000000E+00  0.00000000E+00  0.00000000E+00  0.00000000E+00  0.00000000E+00  0.00000000E+00  0.00000000E+00  0.00000000E+00  0.00000000E+00  0.00000000E+00  0.00000000E+00  0.00000000E+00  0.00000000E+00  0.00000000E+00  0.00000000E+00  0.00000000E+00  0.00000000E+00  0.00000000E+00  0.00000000E+00  0.00000000E+00  0.00000000E+00  0.00000000E+00  0.00000000E+00  0.00000000E+00  0.00000000E+00  0.00000000E+00  0.00000000E+00  0.00000000E+00  0.00000000E+00  0.00000000E+00  0.00000000E+00  0.00000000E+00  0.00000000E+00  0.00000000E+00  0.00000000E+00  0.00000000E+00  0.00000000E+00  0.00000000E+00  0.00000000E+00  0.00000000E+00
  2.68340222E-01  2.68531749E-01  2.68953108E-01  2.66779853E-01  2.66048896E-01  2.66329611E-01  2.63392902E-01  2.62290282E-01  2.60417896E-01  2.58434508E-01  2.55484667E-01  2.53211282E-01  2.50443906E-01  2.47331522E-01  2.43849482E-01  2.40149948E-01  2.36423927E-01  2.32495417E-01  2.28186614E-01  2.23670028E-01  2.19396488E-01  2.14863808E-01  2.09961969E-01  2.04862483E-01  2.00171480E-01  1.94932730E-01  1.89557385E-01  1.84549191E-01  1.78943213E-01  1.73513922E-01  1.68183728E-01  1.62454597E-01  1.56767000E-01  1.51095884E-01  1.45595322E-01  1.40115487E-01  1.34321488E-01  1.28893594E-01  1.23153694E-01  1.17750739E-01  1.12214597E-01  1.07013842E-01  1.01419802E-01  9.60563242E-02  9.09797859E-02  8.60503365E-02  8.12077809E-02  7.63305108E-02  7.16973355E-02  6.72337169E-02  6.28343227E-02  5.83807701E-02  5.44188258E-02  5.05295600E-02  4.66527721E-02  4.31147686E-02  3.96585917E-02  3.63352674E-02  3.31806951E-02  3.02632224E-02  2.74333339E-02  2.49268981E-02  2.23869343E-02  2.01254684E-02  1.81255733E-02  1.60341661E-02  1.42813111E-02  1.25927885E-02  1.10937362E-02  9.75176857E-03  8.42787825E-03  7.32971483E-03  6.32828367E-03  5.40010473E-03  4.62295689E-03  3.89066925E-03  3.27157257E-03  2.71983879E-03  2.26064354E-03  1.83883466E-03  1.49484465E-03  1.21678096E-03  9.72923509E-04  7.69183093E-04  5.96963210E-04  4.70260446E-04  3.55686728E-04  2.71751870E-04  2.06130326E-04  1.48835718E-04  1.09343402E-04  7.37639004E-05  5.47038332E-05  3.88254473E-05  2.54052969E-05  1.58260866E-05  1.01851783E-05  7.08002180E-06  4.20254805E-06  2.45336861E-06  1.30422769E-06  5.22790716E-07  1.87229772E-07  2.03035763E-07  1.77218802E-07  7.00336955E-08  2.88316268E-08  4.10599243E-08  0.00000000E+00  0.00000000E+00  0.00000000E+00  0.00000000E+00  0.00000000E+00  0.00000000E+00  0.00000000E+00  0.00000000E+00  0.00000000E+00  0.00000000E+00  0.00000000E+00  0.00000000E+00  0.00000000E+00  0.00000000E+00  0.00000000E+00  0.00000000E+00  0.00000000E+00  0.00000000E+00  0.00000000E+00  0.00000000E+00  0.00000000E+00  0.00000000E+00  0.00000000E+00  0.00000000E+00  0.00000000E+00  0.00000000E+00  0.00000000E+00  0.00000000E+00  0.00000000E+00  0.00000000E+00  0.00000000E+00  0.00000000E+00  0.00000000E+00  0.00000000E+00  0.00000000E+00  0.00000000E+00  0.00000000E+00  0.00000000E+00  0.00000000E+00  0.00000000E+00  0.00000000E+00  0.00000000E+00  0.00000000E+00  0.00000000E+00  0.00000000E+00  0.00000000E+00  0.00000000E+00  0.00000000E+00  0.00000000E+00  0.00000000E+00  0.00000000E+00  0.00000000E+00  0.00000000E+00  0.00000000E+00  0.00000000E+00  0.00000000E+00  0.00000000E+00  0.00000000E+00  0.00000000E+00  0.00000000E+00  0.00000000E+00  0.00000000E+00  0.00000000E+00  0.00000000E+00  0.00000000E+00  0.00000000E+00  0.00000000E+00  0.00000000E+00  0.00000000E+00  0.00000000E+00  0.00000000E+00  0.00000000E+00  0.00000000E+00  0.00000000E+00  0.00000000E+00  0.00000000E+00  0.00000000E+00  0.00000000E+00  0.00000000E+00  0.00000000E+00  0.00000000E+00  0.00000000E+00  0.00000000E+00  0.00000000E+00  0.00000000E+00  0.00000000E+00  0.00000000E+00  0.00000000E+00  0.00000000E+00  0.00000000E+00  0.00000000E+00  0.00000000E+00
  2.71968291E-01  2.68714209E-01  2.68784754E-01  2.68176714E-01  2.66771724E-01  2.66839242E-01  2.63866775E-01  2.63003390E-01  2.60747106E-01  2.58508832E-01  2.56216027E-01  2.53404040E-01  2.50540382E-01  2.47019289E-01  2.43630110E-01  2.40036715E-01  2.36536565E-01  2.32619587E-01  2.29001944E-01  2.24466484E-01  2.19615363E-01  2.15015162E-01  2.10120285E-01  2.05390557E-01  2.00465105E-01  1.95171278E-01  1.89847085E-01  1.84456921E-01  1.78870342E-01  1.73674934E-01  1.68208781E-01  1.62527384E-01  1.56789002E-01  1.51620342E-01  1.45591725E-01  1.40036547E-01  1.34280383E-01  1.28820807E-01  1.23304409E-01  1.17861978E-01  1.12291641E-01  1.06734266E-01  1.01338077E-01  9.63577747E-02  9.11673213E-02  8.59077918E-02  8.12703953E-02  7.62574976E-02  7.16080219E-02  6.69883320E-02  6.25535070E-02  5.83148546E-02  5.44151057E-02  5.02779710E-02  4.65467878E-02  4.29755902E-02  3.95116818E-02  3.62113413E-02  3.31086869E-02  3.01243300E-02  2.74478787E-02  2.48815926E-02  2.23332872E-02  2.01112728E-02  1.80251734E-02  1.60819121E-02  1.41973249E-02  1.25828923E-02  1.10623809E-02  9.68406102E-03  8.42284721E-03  7.27930976E-03  6.26270300E-03  5.40105563E-03  4.60242610E-03  3.86228547E-03  3.23070310E-03  2.70352675E-03  2.26884163E-03  1.83786648E-03  1.49053876E-03  1.22265960E-03  9.61626780E-04  7.63229370E-04  5.84693287E-04  4.58543292E-04  3.54168317E-04  2.69596068E-04  2.02022717E-04  1.46674020E-04  1.03672518E-04  7.45023624E-05  5.34413253E-05  3.58481906E-05  2.61413054E-05  1.63019081E-05  1.13831406E-05  6.20953203E-06  3.50848675E-06  2.19571732E-06  1.71113887E-06  9.28751997E-07  2.20234331E-07  4.18427419E-07  6.95341156E-08  1.19383376E-08  1.09165297E-08  0.00000000E+00  0.00000000E+00  0.00000000E+00  0.00000000E+00  0.00000000E+00  0.00000000E+00  0.00000000E+00  0.00000000E+00  0.00000000E+00  0.00000000E+00  0.00000000E+00  0.00000000E+00  0.00000000E+00  0.00000000E+00  0.00000000E+00  0.00000000E+00  0.00000000E+00  0.00000000E+00  0.00000000E+00  0.00000000E+00  0.00000000E+00  0.00000000E+00  0.00000000E+00  0.00000000E+00  0.00000000E+00  0.00000000E+00  0.00000000E+00  0.00000000E+00  0.00000000E+00  0.00000000E+00  0.00000000E+00  0.00000000E+00  0.00000000E+00  0.00000000E+00  0.00000000E+00  0.00000000E+00  0.00000000E+00  0.00000000E+00  0.00000000E+00  0.00000000E+00  0.00000000E+00  0.00000000E+00  0.00000000E+00  0.00000000E+00  0.00000000E+00  0.00000000E+00  0.00000000E+00  0.00000000E+00  0.00000000E+00  0.00000000E+00  0.00000000E+00  0.00000000E+00  0.00000000E+00  0.00000000E+00  0.00000000E+00  0.00000000E+00  0.00000000E+00  0.00000000E+00  0.00000000E+00  0.00000000E+00  0.00000000E+00  0.00000000E+00  0.00000000E+00  0.00000000E+00  0.00000000E+00  0.00000000E+00  0.00000000E+00  0.00000000E+00  0.00000000E+00  0.00000000E+00  0.00000000E+00  0.00000000E+00  0.00000000E+00  0.00000000E+00  0.00000000E+00  0.00000000E+00  0.00000000E+00  0.00000000E+00  0.00000000E+00  0.00000000E+00  0.00000000E+00  0.00000000E+00  0.00000000E+00  0.00000000E+00  0.00000000E+00  0.00000000E+00  0.00000000E+00  0.00000000E+00  0.00000000E+00  0.00000000E+00  0.00000000E+00  0.00000000E+00  0.00000000E+00
  2.68736079E-01  2.67815558E-01  2.70067078E-01  2.67830544E-01  2.67740598E-01  2.66250589E-01  2.64585105E-01  2.62165533E-01  2.60998449E-01  2.58319421E-01  2.55448620E-01  2.52708957E-01  2.50448102E-01  2.46647724E-01  2.43943237E-01  2.40232722E-01  2.36436627E-01  2.32072306E-01  2.28253846E-01  2.23994917E-01  2.19580748E-01  2.14972322E-01  2.10110650E-01  2.05314260E-01  2.00235633E-01  1.95087663E-01  1.89496101E-01  1.84622469E-01  1.79441743E-01  1.73737249E-01  1.68212630E-01  1.62496724E-01  1.57162654E-01  1.51385511E-01  1.45518085E-01  1.40089341E-01  1.34421376E-01  1.28584537E-01  1.23418396E-01  1.17916720E-01  1.12273418E-01  1.06871465E-01  1.01399383E-01  9.62526267E-02  9.11527083E-02  8.58987914E-02  8.11404229E-02  7.62925546E-02  7.16331528E-02  6.70196808E-02  6.26865633E-02  5.84065639E-02  5.43242442E-02  5.04472608E-02  4.65805007E-02  4.28494595E-02  3.95873510E-02  3.62366144E-02  3.30862469E-02  3.01900864E-02  2.74582698E-02  2.48465823E-02  2.24178675E-02  2.00828599E-02  1.80170940E-02  1.60448730E-02  1.42588444E-02  1.25809028E-02  1.10756735E-02  9.70452131E-03  8.45792084E-03  7.30976321E-03  6.29445651E-03  5.41850122E-03  4.59843718E-03  3.89351309E-03  3.26156233E-03  2.72276830E-03  2.25882888E-03  1.86937217E-03  1.51041316E-03  1.20765200E-03  9.73638860E-04  7.65528162E-04  6.01939444E-04  4.59141230E-04  3.52022063E-04  2.63185339E-04  1.97358460E-04  1.47029540E-04  1.04190074E-04  7.36187486E-05  5.33324787E-05  3.68409577E-05  2.39274362E-05  1.65644942E-05  9.99827358E-06  7.80047345E-06  4.73330753E-06  3.05131163E-06  1.33989153E-06  9.98320544E-07  8.12916185E-07  2.53548237E-07  2.24543339E-07  2.72344857E-08  6.47490307E-08  7.12741269E-09  7.06172225E-09  0.00000000E+00  0.00000000E+00  0.00000000E+00  0.00000000E+00  0.00000000E+00  0.00000000E+00  0.00000000E+00  0.00000000E+00  0.00000000E+00  0.00000000E+00  0.00000000E+00  0.00000000E+00  0.00000000E+00  0.00000000E+00  0.00000000E+00  0.00000000E+00  0.00000000E+00  0.00000000E+00  0.00000000E+00  0.00000000E+00  0.00000000E+00  0.00000000E+00  0.00000000E+00  0.00000000E+00  0.00000000E+00  0.00000000E+00  0.00000000E+00  0.00000000E+00  0.00000000E+00  0.00000000E+00  0.00000000E+00  0.00000000E+00  0.00000000E+00  0.00000000E+00  0.00000000E+00  0.00000000E+00  0.00000000E+00  0.00000000E+00  0.00000000E+00  0.00000000E+00  0.00000000E+00  0.00000000E+00  0.00000000E+00  0.00000000E+00  0.00000000E+00  0.00000000E+00  0.00000000E+00  0.00000000E+00  0.00000000E+00  0.00000000E+00  0.00000000E+00  0.00000000E+00  0.00000000E+00  0.00000000E+00  0.00000000E+00  0.00000000E+00  0.00000000E+00  0.00000000E+00  0.00000000E+00  0.00000000E+00  0.00000000E+00  0.00000000E+00  0.00000000E+00  0.00000000E+00  0.00000000E+00  0.00000000E+00  0.00000000E+00  0.00000000E+00  0.00000000E+00  0.00000000E+00  0.00000000E+00  0.00000000E+00  0.00000000E+00  0.00000000E+00  0.00000000E+00  0.00000000E+00  0.00000000E+00  0.00000000E+00  0.00000000E+00  0.00000000E+00  0.00000000E+00  0.00000000E+00  0.00000000E+00  0.00000000E+00  0.00000000E+00  0.00000000E+00  0.00000000E+00  0.00000000E+00  0.00000000E+00  0.00000000E+00  0.00000000E+00
  2.71410859E-01  2.69384389E-01  2.68840400E-01  2.68087804E-01  2.66498608E-01  2.66097303E-01  2.63685164E-01  2.62203464E-01  2.60915811E-01  2.58688924E-01  2.55828231E-01  2.53464430E-01  2.50216876E-01  2.47333262E-01  2.43525196E-01  2.40527347E-01  2.36873373E-01  2.32120114E-01  2.28531152E-01  2.23640988E-01  2.19337620E-01  2.15154293E-01  2.09960582E-01  2.04961182E-01  2.00161614E-01  1.95379090E-01  1.89742952E-01  1.84484736E-01  1.79126689E-01  1.73707656E-01  1.67921193E-01  1.62638476E-01  1.56815968E-01  1.51240935E-01  1.45780510E-01  1.40155563E-01  1.34116184E-01  1.28946158E-01  1.23242901E-01  1.17845648E-01  1.12105639E-01  1.06847464E-01  1.01660811E-01  9.63173794E-02  9.11254637E-02  8.60603193E-02  8.12377494E-02  7.63848228E-02  7.16277906E-02  6.70884329E-02  6.26765054E-02  5.82062793E-02  5.42526099E-02  5.03718836E-02  4.66007446E-02  4.29707694E-02  3.95266659E-02  3.62500653E-02  3.31384672E-02  3.02420025E-02  2.74245865E-02  2.48813216E-02  2.23859783E-02  2.01513541E-02  1.80951492E-02  1.60295868E-02  1.42307905E-02  1.26130287E-02  1.10199022E-02  9.76680941E-03  8.40926744E-03  7.32513934E-03  6.28829184E-03  5.39741684E-03  4.54955011E-03  3.85398947E-03  3.27806996E-03  2.72105433E-03  2.26347455E-03  1.84820996E-03  1.51111828E-03  1.21042041E-03  9.54128779E-04  7.65888364E-04  6.04936611E-04  4.62281893E-04  3.51368250E-04  2.72719193E-04  2.06759949E-04  1.48460970E-04  1.07727495E-04  7.44938686E-05  5.36780875E-05  3.65009945E-05  2.46379391E-05  1.53065832E-05  1.05264190E-05  6.95472833E-06  3.72552482E-06  2.86246351E-06  1.50251092E-06  1.39601265E-06  4.94770692E-07  1.48648742E-07  8.81539989E-08  5.04106319E-08  2.67521210E-09  2.12026112E-08  0.00000000E+00  0.00000000E+00  0.00000000E+00  0.00000000E+00  0.00000000E+00  0.00000000E+00  0.00000000E+00  0.00000000E+00  0.00000000E+00  0.00000000E+00  0.00000000E+00  0.00000000E+00  0.00000000E+00  0.00000000E+00  0.00000000E+00  0.00000000E+00  0.00000000E+00  0.00000000E+00  0.00000000E+00  0.00000000E+00  0.00000000E+00  0.00000000E+00  0.00000000E+00  0.00000000E+00  0.00000000E+00  0.00000000E+00  0.00000000E+00  0.00000000E+00  0.00000000E+00  0.00000000E+00  0.00000000E+00  0.00000000E+00  0.00000000E+00  0.00000000E+00  0.00000000E+00  0.00000000E+00  0.00000000E+00  0.00000000E+00  0.00000000E+00  0.00000000E+00  0.00000000E+00  0.00000000E+00  0.00000000E+00  0.00000000E+00  0.00000000E+00  0.00000000E+00  0.00000000E+00  0.00000000E+00  0.00000000E+00  0.00000000E+00  0.00000000E+00  0.00000000E+00  0.00000000E+00  0.00000000E+00  0.00000000E+00  0.00000000E+00  0.00000000E+00  0.00000000E+00  0.00000000E+00  0.00000000E+00  0.00000000E+00  0.00000000E+00  0.00000000E+00  0.00000000E+00  0.00000000E+00  0.00000000E+00  0.00000000E+00  0.00000000E+00  0.00000000E+00  0.00000000E+00  0.00000000E+00  0.00000000E+00  0.00000000E+00  0.00000000E+00  0.00000000E+00  0.00000000E+00  0.00000000E+00  0.00000000E+00  0.00000000E+00  0.00000000E+00  0.00000000E+00  0.00000000E+00  0.00000000E+00  0.00000000E+00  0.00000000E+00  0.00000000E+00  0.00000000E+00  0.00000000E+00  0.00000000E+00  0.00000000E+00  0.00000000E+00  0.00000000E+00
  2.69669863E-01  2.68568156E-01  2.67979477E-01  2.67034014E-01  2.66439937E-01  2.64342398E-01  2.63547922E-01  2.61510998E-01  2.59765314E-01  2.58269644E-01  2.55140784E-01  2.52831101E-01  2.49662009E-01  2.46580557E-01  2.43244098E-01  2.39960046E-01  2.35517045E-01  2.31897226E-01  2.27901652E-01  2.23369363E-01  2.18702818E-01  2.14096218E-01  2.09192393E-01  2.04745495E-01  1.99510589E-01  1.94544714E-01  1.88875755E-01  1.84207433E-01  1.78556328E-01  1.72867102E-01  1.67952885E-01  1.62206961E-01  1.56728110E-01  1.50966497E-01  1.45470490E-01  1.39524437E-01  1.33860064E-01  1.28469801E-01  1.23061015E-01  1.17315746E-01  1.12045557E-01  1.06594142E-01  1.01365958E-01  9.58674372E-02  9.09275975E-02  8.58426835E-02  8.10681926E-02  7.62698620E-02  7.16488210E-02  6.68489267E-02  6.25341687E-02  5.82097501E-02  5.41156862E-02  5.01887603E-02  4.65858876E-02  4.28362869E-02  3.95906039E-02  3.63068059E-02  3.30949713E-02  3.01287914E-02  2.73565117E-02  2.48795686E-02  2.24704262E-02  2.00854032E-02  1.80185981E-02  1.60468109E-02  1.42886956E-02  1.26073655E-02  1.10909274E-02  9.69265056E-03  8.47394975E-03  7.33416539E-03  6.27631238E-03  5.38343735E-03  4.60808238E-03  3.88738517E-03  3.27280362E-03  2.72123682E-03  2.26275059E-03  1.85564403E-03  1.50405892E-03  1.19754419E-03  9.67448692E-04  7.62479681E-04  6.04669118E-04  4.68473838E-04  3.55803875E-04  2.63119250E-04  2.01865064E-04  1.48456937E-04  1.07496123E-04  7.74238378E-05  5.12407057E-05  3.60276878E-05  2.69840895E-05  1.62038805E-05  9.83167019E-06  6.43900450E-06  4.23483725E-06  2.73349393E-06  1.63332748E-06  7.63265718E-07  3.28700142E-07  3.02813298E-08  9.55980858E-08  2.22804571E-08  1.74730737E-08  0.00000000E+00  0.00000000E+00  0.00000000E+00  0.00000000E+00  0.00000000E+00  0.00000000E+00  0.00000000E+00  0.00000000E+00  0.00000000E+00  0.00000000E+00  0.00000000E+00  0.00000000E+00  0.00000000E+00  0.00000000E+00  0.00000000E+00  0.00000000E+00  0.00000000E+00  0.00000000E+00  0.00000000E+00  0.00000000E+00  0.00000000E+00  0.00000000E+00  0.00000000E+00  0.00000000E+00  0.00000000E+00  0.00000000E+00  0.00000000E+00  0.00000000E+00  0.00000000E+00  0.00000000E+00  0.00000000E+00  0.00000000E+00  0.00000000E+00  0.00000000E+00  0.00000000E+00  0.00000000E+00  0.00000000E+00  0.00000000E+00  0.00000000E+00  0.00000000E+00  0.00000000E+00  0.00000000E+00  0.00000000E+00  0.00000000E+00  0.00000000E+00  0.00000000E+00  0.00000000E+00  0.00000000E+00  0.00000000E+00  0.00000000E+00  0.00000000E+00  0.00000000E+00  0.00000000E+00  0.00000000E+00  0.00000000E+00  0.00000000E+00  0.00000000E+00  0.00000000E+00  0.00000000E+00  0.00000000E+00  0.00000000E+00  0.00000000E+00  0.00000000E+00  0.00000000E+00  0.00000000E+00  0.00000000E+00  0.00000000E+00  0.00000000E+00  0.00000000E+00  0.00000000E+00  0.00000000E+00  0.00000000E+00  0.00000000E+00  0.00000000E+00  0.00000000E+00  0.00000000E+00  0.00000000E+00  0.00000000E+00  0.00000000E+00  0.00000000E+00  0.00000000E+00  0.00000000E+00  0.00000000E+00  0.00000000E+00  0.00000000E+00  0.00000000E+00  0.00000000E+00  0.00000000E+00  0.00000000E+00  0.00000000E+00  0.00000000E+00  0.00000000E+00  0.00000000E+00
