# PIMCID: 3c52133c-05a3-4268-a034-c607fe93950b
#      0.000E+00       1.450E-02       2.900E-02       4.350E-02       5.800E-02       7.250E-02       8.700E-02       1.015E-01       1.160E-01       1.305E-01       1.450E-01       1.595E-01       1.740E-01       1.885E-01       2.030E-01       2.175E-01       2.320E-01       2.465E-01       2.610E-01       2.755E-01       2.900E-01       3.045E-01       3.190E-01       3.335E-01       3.480E-01       3.625E-01       3.770E-01       3.915E-01       4.060E-01       4.205E-01       4.350E-01       4.495E-01       4.640E-01       4.785E-01       4.930E-01       5.075E-01       5.220E-01       5.365E-01       5.510E-01       5.655E-01       5.800E-01       5.945E-01       6.090E-01       6.235E-01       6.380E-01       6.525E-01       6.670E-01       6.815E-01       6.960E-01       7.105E-01       7.250E-01       7.395E-01       7.540E-01       7.685E-01       7.830E-01       7.975E-01       8.120E-01       8.265E-01       8.410E-01       8.555E-01       8.700E-01       8.845E-01       8.990E-01       9.135E-01       9.280E-01       9.425E-01       9.570E-01       9.715E-01       9.860E-01       1.000E+00       1.015E+00       1.029E+00       1.044E+00       1.058E+00       1.073E+00       1.087E+00       1.102E+00       1.116E+00       1.131E+00       1.145E+00       1.160E+00       1.174E+00       1.189E+00       1.204E+00       1.218E+00       1.232E+00       1.247E+00       1.261E+00       1.276E+00       1.290E+00       1.305E+00       1.319E+00       1.334E+00       1.348E+00       1.363E+00       1.377E+00       1.392E+00       1.406E+00       1.421E+00       1.435E+00       1.450E+00       1.464E+00       1.479E+00       1.493E+00       1.508E+00       1.522E+00       1.537E+00       1.551E+00       1.566E+00       1.580E+00       1.595E+00       1.609E+00       1.624E+00       1.638E+00       1.653E+00       1.667E+00       1.682E+00       1.696E+00       1.711E+00       1.725E+00       1.740E+00       1.754E+00       1.769E+00       1.783E+00       1.798E+00       1.812E+00       1.827E+00       1.841E+00       1.856E+00       1.870E+00       1.885E+00       1.899E+00       1.914E+00       1.928E+00       1.943E+00       1.957E+00       1.972E+00       1.986E+00       2.001E+00       2.015E+00       2.030E+00       2.044E+00       2.059E+00       2.073E+00       2.088E+00       2.103E+00       2.117E+00       2.131E+00       2.146E+00       2.160E+00       2.175E+00       2.189E+00       2.204E+00       2.218E+00       2.233E+00       2.248E+00       2.262E+00       2.276E+00       2.291E+00       2.305E+00       2.320E+00       2.334E+00       2.349E+00       2.363E+00       2.378E+00       2.392E+00       2.407E+00       2.421E+00       2.436E+00       2.450E+00       2.465E+00       2.479E+00       2.494E+00       2.508E+00       2.523E+00       2.537E+00       2.552E+00       2.567E+00       2.581E+00       2.595E+00       2.610E+00       2.624E+00       2.639E+00       2.653E+00       2.668E+00       2.682E+00       2.697E+00       2.712E+00       2.726E+00       2.740E+00       2.755E+00       2.769E+00       2.784E+00       2.798E+00       2.813E+00       2.827E+00       2.842E+00       2.856E+00       2.871E+00       2.885E+00
  2.73528976E-01  2.69510913E-01  2.69176571E-01  2.68307337E-01  2.67067722E-01  2.67576587E-01  2.64490184E-01  2.62512217E-01  2.61099911E-01  2.58964983E-01  2.56028715E-01  2.53495140E-01  2.50861147E-01  2.47827184E-01  2.43963056E-01  2.40439270E-01  2.36706923E-01  2.32699619E-01  2.28302284E-01  2.24372457E-01  2.19388201E-01  2.15039616E-01  2.10173294E-01  2.05437196E-01  2.00503455E-01  1.95186137E-01  1.90200253E-01  1.84533897E-01  1.79357234E-01  1.73792745E-01  1.68606219E-01  1.62725839E-01  1.56953579E-01  1.51224282E-01  1.45615762E-01  1.40051006E-01  1.34480593E-01  1.28928384E-01  1.23131120E-01  1.17706899E-01  1.11974168E-01  1.06841969E-01  1.01405441E-01  9.60793595E-02  9.09518702E-02  8.59570411E-02  8.09047500E-02  7.62153716E-02  7.15275779E-02  6.70680831E-02  6.25672294E-02  5.84083095E-02  5.42892497E-02  5.02983788E-02  4.65177279E-02  4.29393925E-02  3.94493809E-02  3.60735678E-02  3.30136358E-02  3.02071282E-02  2.73511087E-02  2.47837170E-02  2.24098514E-02  2.01249768E-02  1.79301845E-02  1.60014750E-02  1.42630153E-02  1.26185883E-02  1.10563426E-02  9.64410836E-03  8.43806989E-03  7.30234184E-03  6.26955808E-03  5.39437148E-03  4.58460864E-03  3.87736117E-03  3.23520737E-03  2.71219921E-03  2.22140350E-03  1.85774167E-03  1.51149623E-03  1.21890178E-03  9.57732585E-04  7.66156982E-04  5.96691468E-04  4.64461470E-04  3.48295210E-04  2.68668184E-04  2.00074386E-04  1.49287658E-04  1.08536209E-04  7.61080706E-05  5.29237412E-05  3.72864770E-05  2.27422720E-05  1.56669080E-05  1.04581998E-05  6.47399489E-06  4.10476351E-06  2.46164666E-06  1.09835954E-06  8.22285027E-07  6.23830321E-07  2.55575336E-07  1.99025594E-07  2.16916805E-08  1.30192016E-07  2.69232033E-08  0.00000000E+00  0.00000000E+00  0.00000000E+00  0.00000000E+00  0.00000000E+00  0.00000000E+00  0.00000000E+00  0.00000000E+00  0.00000000E+00  0.00000000E+00  0.00000000E+00  0.00000000E+00  0.00000000E+00  0.00000000E+00  0.00000000E+00  0.00000000E+00  0.00000000E+00  0.00000000E+00  0.00000000E+00  0.00000000E+00  0.00000000E+00  0.00000000E+00  0.00000000E+00  0.00000000E+00  0.00000000E+00  0.00000000E+00  0.00000000E+00  0.00000000E+00  0.00000000E+00  0.00000000E+00  0.00000000E+00  0.00000000E+00  0.00000000E+00  0.00000000E+00  0.00000000E+00  0.00000000E+00  0.00000000E+00  0.00000000E+00  0.00000000E+00  0.00000000E+00  0.00000000E+00  0.00000000E+00  0.00000000E+00  0.00000000E+00  0.00000000E+00  0.00000000E+00  0.00000000E+00  0.00000000E+00  0.00000000E+00  0.00000000E+00  0.00000000E+00  0.00000000E+00  0.00000000E+00  0.00000000E+00  0.00000000E+00  0.00000000E+00  0.00000000E+00  0.00000000E+00  0.00000000E+00  0.00000000E+00  0.00000000E+00  0.00000000E+00  0.00000000E+00  0.00000000E+00  0.00000000E+00  0.00000000E+00  0.00000000E+00  0.00000000E+00  0.00000000E+00  0.00000000E+00  0.00000000E+00  0.00000000E+00  0.00000000E+00  0.00000000E+00  0.00000000E+00  0.00000000E+00  0.00000000E+00  0.00000000E+00  0.00000000E+00  0.00000000E+00  0.00000000E+00  0.00000000E+00  0.00000000E+00  0.00000000E+00  0.00000000E+00  0.00000000E+00  0.00000000E+00  0.00000000E+00  0.00000000E+00  0.00000000E+00  0.00000000E+00  0.00000000E+00
  2.66969411E-01  2.68285717E-01  2.68821035E-01  2.68279876E-01  2.66197055E-01  2.65715850E-01  2.64361331E-01  2.62430197E-01  2.60381874E-01  2.58099601E-01  2.55861595E-01  2.53149899E-01  2.50209337E-01  2.47042223E-01  2.43484118E-01  2.40068098E-01  2.36214685E-01  2.32199731E-01  2.28521957E-01  2.23891489E-01  2.19672013E-01  2.15036216E-01  2.10009783E-01  2.05171102E-01  1.99944382E-01  1.94830042E-01  1.89611055E-01  1.84279747E-01  1.79272165E-01  1.73323995E-01  1.68185103E-01  1.62662911E-01  1.56969548E-01  1.51155892E-01  1.45548840E-01  1.40062266E-01  1.34325814E-01  1.28579725E-01  1.23275417E-01  1.17450758E-01  1.12185152E-01  1.06873184E-01  1.01620515E-01  9.62913064E-02  9.11020139E-02  8.60562219E-02  8.11757923E-02  7.63805556E-02  7.16335286E-02  6.69780834E-02  6.27840194E-02  5.84134807E-02  5.43862387E-02  5.04124556E-02  4.65932628E-02  4.29122186E-02  3.96010723E-02  3.63263496E-02  3.32349600E-02  3.02836730E-02  2.75601177E-02  2.49048236E-02  2.24457824E-02  2.01851777E-02  1.80315268E-02  1.60730242E-02  1.42705849E-02  1.26615891E-02  1.11190969E-02  9.68704535E-03  8.46761423E-03  7.34882614E-03  6.32297921E-03  5.41098767E-03  4.60758940E-03  3.89892096E-03  3.25824527E-03  2.73173165E-03  2.28171650E-03  1.86170888E-03  1.50947068E-03  1.22227631E-03  9.90807638E-04  7.68726209E-04  6.06433888E-04  4.73723607E-04  3.64056723E-04  2.67842534E-04  2.02830664E-04  1.46023282E-04  1.08028346E-04  7.84393598E-05  5.44940746E-05  3.70115617E-05  2.45978528E-05  1.77431405E-05  9.24085471E-06  7.28534031E-06  4.13835528E-06  3.21535781E-06  1.42776157E-06  9.26778314E-07  4.41648065E-07  1.46462423E-07  1.00681516E-07  6.56099926E-09  7.14933300E-09  4.70042193E-08  0.00000000E+00  0.00000000E+00  0.00000000E+00  0.00000000E+00  0.00000000E+00  0.00000000E+00  0.00000000E+00  0.00000000E+00  0.00000000E+00  0.00000000E+00  0.00000000E+00  0.00000000E+00  0.00000000E+00  0.00000000E+00  0.00000000E+00  0.00000000E+00  0.00000000E+00  0.00000000E+00  0.00000000E+00  0.00000000E+00  0.00000000E+00  0.00000000E+00  0.00000000E+00  0.00000000E+00  0.00000000E+00  0.00000000E+00  0.00000000E+00  0.00000000E+00  0.00000000E+00  0.00000000E+00  0.00000000E+00  0.00000000E+00  0.00000000E+00  0.00000000E+00  0.00000000E+00  0.00000000E+00  0.00000000E+00  0.00000000E+00  0.00000000E+00  0.00000000E+00  0.00000000E+00  0.00000000E+00  0.00000000E+00  0.00000000E+00  0.00000000E+00  0.00000000E+00  0.00000000E+00  0.00000000E+00  0.00000000E+00  0.00000000E+00  0.00000000E+00  0.00000000E+00  0.00000000E+00  0.00000000E+00  0.00000000E+00  0.00000000E+00  0.00000000E+00  0.00000000E+00  0.00000000E+00  0.00000000E+00  0.00000000E+00  0.00000000E+00  0.00000000E+00  0.00000000E+00  0.00000000E+00  0.00000000E+00  0.00000000E+00  0.00000000E+00  0.00000000E+00  0.00000000E+00  0.00000000E+00  0.00000000E+00  0.00000000E+00  0.00000000E+00  0.00000000E+00  0.00000000E+00  0.00000000E+00  0.00000000E+00  0.00000000E+00  0.00000000E+00  0.00000000E+00  0.00000000E+00  0.00000000E+00  0.00000000E+00  0.00000000E+00  0.00000000E+00  0.00000000E+00  0.00000000E+00  0.00000000E+00  0.00000000E+00  0.00000000E+00  0.00000000E+00
  2.69564279E-01  2.68581534E-01  2.70497462E-01  2.68275679E-01  2.67696659E-01  2.65487680E-01  2.64903386E-01  2.62639438E-01  2.60901117E-01  2.58486346E-01  2.56087753E-01  2.53464861E-01  2.50594752E-01  2.47308713E-01  2.43990265E-01  2.39999435E-01  2.36254428E-01  2.32622804E-01  2.28541935E-01  2.24152426E-01  2.19245722E-01  2.14781849E-01  2.09958669E-01  2.05101824E-01  2.00086063E-01  1.94946517E-01  1.90030361E-01  1.84622858E-01  1.79224227E-01  1.73682916E-01  1.68131539E-01  1.62551700E-01  1.57045259E-01  1.51368173E-01  1.45713838E-01  1.40108037E-01  1.34330264E-01  1.28853777E-01  1.23073824E-01  1.17735792E-01  1.12096977E-01  1.06888672E-01  1.01435019E-01  9.59923961E-02  9.10640477E-02  8.61071997E-02  8.11018989E-02  7.62199352E-02  7.15494915E-02  6.70928421E-02  6.26571620E-02  5.84147081E-02  5.43086768E-02  5.03056741E-02  4.66763071E-02  4.28454355E-02  3.94088960E-02  3.62258051E-02  3.31445197E-02  3.02693206E-02  2.74570738E-02  2.48944689E-02  2.23947462E-02  2.02031910E-02  1.79989570E-02  1.60847511E-02  1.41879032E-02  1.26013489E-02  1.11212836E-02  9.72806447E-03  8.45987853E-03  7.34463118E-03  6.28489575E-03  5.39821875E-03  4.59353627E-03  3.88789195E-03  3.26354789E-03  2.71237309E-03  2.26541530E-03  1.84381947E-03  1.51047810E-03  1.20962354E-03  9.68563069E-04  7.66817020E-04  6.09819526E-04  4.63304503E-04  3.57614206E-04  2.62798139E-04  2.01133736E-04  1.44947097E-04  1.08051332E-04  7.17009830E-05  5.49917136E-05  3.32705846E-05  2.55326647E-05  1.62287942E-05  9.71092029E-06  6.44093256E-06  3.80221685E-06  2.39919045E-06  1.40505856E-06  6.07705131E-07  4.33169274E-07  1.50008668E-07  1.16303890E-07  1.29185479E-07  3.62808549E-08  5.62023423E-08  0.00000000E+00  0.00000000E+00  0.00000000E+00  0.00000000E+00  0.00000000E+00  0.00000000E+00  0.00000000E+00  0.00000000E+00  0.00000000E+00  0.00000000E+00  0.00000000E+00  0.00000000E+00  0.00000000E+00  0.00000000E+00  0.00000000E+00  0.00000000E+00  0.00000000E+00  0.00000000E+00  0.00000000E+00  0.00000000E+00  0.00000000E+00  0.00000000E+00  0.00000000E+00  0.00000000E+00  0.00000000E+00  0.00000000E+00  0.00000000E+00  0.00000000E+00  0.00000000E+00  0.00000000E+00  0.00000000E+00  0.00000000E+00  0.00000000E+00  0.00000000E+00  0.00000000E+00  0.00000000E+00  0.00000000E+00  0.00000000E+00  0.00000000E+00  0.00000000E+00  0.00000000E+00  0.00000000E+00  0.00000000E+00  0.00000000E+00  0.00000000E+00  0.00000000E+00  0.00000000E+00  0.00000000E+00  0.00000000E+00  0.00000000E+00  0.00000000E+00  0.00000000E+00  0.00000000E+00  0.00000000E+00  0.00000000E+00  0.00000000E+00  0.00000000E+00  0.00000000E+00  0.00000000E+00  0.00000000E+00  0.00000000E+00  0.00000000E+00  0.00000000E+00  0.00000000E+00  0.00000000E+00  0.00000000E+00  0.00000000E+00  0.00000000E+00  0.00000000E+00  0.00000000E+00  0.00000000E+00  0.00000000E+00  0.00000000E+00  0.00000000E+00  0.00000000E+00  0.00000000E+00  0.00000000E+00  0.00000000E+00  0.00000000E+00  0.00000000E+00  0.00000000E+00  0.00000000E+00  0.00000000E+00  0.00000000E+00  0.00000000E+00  0.00000000E+00  0.00000000E+00  0.00000000E+00  0.00000000E+00  0.00000000E+00  0.00000000E+00  0.00000000E+00
  2.69021288E-01  2.69994352E-01  2.69688276E-01  2.67288053E-01  2.67591584E-01  2.66165614E-01  2.64851598E-01  2.62628445E-01  2.60584669E-01  2.58604700E-01  2.56018252E-01  2.54305923E-01  2.50653614E-01  2.47113276E-01  2.44115152E-01  2.40161754E-01  2.36933916E-01  2.32642294E-01  2.27906271E-01  2.23676639E-01  2.19427427E-01  2.14951585E-01  2.09841120E-01  2.05001338E-01  2.00302889E-01  1.95057407E-01  1.89825161E-01  1.84399463E-01  1.79214064E-01  1.73550664E-01  1.68174114E-01  1.62577969E-01  1.56971793E-01  1.51295379E-01  1.45704328E-01  1.40075867E-01  1.34323202E-01  1.28872118E-01  1.23138530E-01  1.17937452E-01  1.12283204E-01  1.06842112E-01  1.01487874E-01  9.62778585E-02  9.11080248E-02  8.60583058E-02  8.11533053E-02  7.63087546E-02  7.15990757E-02  6.69540442E-02  6.26285053E-02  5.83558467E-02  5.42879451E-02  5.03298473E-02  4.65124021E-02  4.28778173E-02  3.95242010E-02  3.61610650E-02  3.30808509E-02  3.01560455E-02  2.74656259E-02  2.48269069E-02  2.23904260E-02  2.01756209E-02  1.80186840E-02  1.60667164E-02  1.42655203E-02  1.26099260E-02  1.11110258E-02  9.69057397E-03  8.44882393E-03  7.34842154E-03  6.27744596E-03  5.41578135E-03  4.60752495E-03  3.88584603E-03  3.28157838E-03  2.71094468E-03  2.24615821E-03  1.85340260E-03  1.51181472E-03  1.21449789E-03  9.58715713E-04  7.64352623E-04  5.96892588E-04  4.62566103E-04  3.53452930E-04  2.61246336E-04  1.99184318E-04  1.46396018E-04  1.01441926E-04  7.30809662E-05  5.50274584E-05  3.73741324E-05  2.46893920E-05  1.41343812E-05  9.88184680E-06  6.30417964E-06  3.40742407E-06  2.89921514E-06  1.46399705E-06  7.99506997E-07  2.87893429E-07  2.33152213E-07  1.06883477E-07  3.20225172E-08  3.36639896E-08  0.00000000E+00  0.00000000E+00  1.00743657E-08  0.00000000E+00  0.00000000E+00  0.00000000E+00  0.00000000E+00  0.00000000E+00  0.00000000E+00  0.00000000E+00  0.00000000E+00  0.00000000E+00  0.00000000E+00  0.00000000E+00  0.00000000E+00  0.00000000E+00  0.00000000E+00  0.00000000E+00  0.00000000E+00  0.00000000E+00  0.00000000E+00  0.00000000E+00  0.00000000E+00  0.00000000E+00  0.00000000E+00  0.00000000E+00  0.00000000E+00  0.00000000E+00  0.00000000E+00  0.00000000E+00  0.00000000E+00  0.00000000E+00  0.00000000E+00  0.00000000E+00  0.00000000E+00  0.00000000E+00  0.00000000E+00  0.00000000E+00  0.00000000E+00  0.00000000E+00  0.00000000E+00  0.00000000E+00  0.00000000E+00  0.00000000E+00  0.00000000E+00  0.00000000E+00  0.00000000E+00  0.00000000E+00  0.00000000E+00  0.00000000E+00  0.00000000E+00  0.00000000E+00  0.00000000E+00  0.00000000E+00  0.00000000E+00  0.00000000E+00  0.00000000E+00  0.00000000E+00  0.00000000E+00  0.00000000E+00  0.00000000E+00  0.00000000E+00  0.00000000E+00  0.00000000E+00  0.00000000E+00  0.00000000E+00  0.00000000E+00  0.00000000E+00  0.00000000E+00  0.00000000E+00  0.00000000E+00  0.00000000E+00  0.00000000E+00  0.00000000E+00  0.00000000E+00  0.00000000E+00  0.00000000E+00  0.00000000E+00  0.00000000E+00  0.00000000E+00  0.00000000E+00  0.00000000E+00  0.00000000E+00  0.00000000E+00  0.00000000E+00  0.00000000E+00  0.00000000E+00  0.00000000E+00  0.00000000E+00  0.00000000E+00  0.00000000E+00  0.00000000E+00  0.00000000E+00
  2.69657846E-01  2.68653301E-01  2.67701168E-01  2.68194265E-01  2.67172638E-01  2.65135726E-01  2.64131852E-01  2.62126644E-01  2.60664205E-01  2.58049812E-01  2.55717217E-01  2.53074741E-01  2.49706263E-01  2.46529109E-01  2.43384989E-01  2.39381036E-01  2.35870729E-01  2.32127676E-01  2.28052842E-01  2.23573162E-01  2.19632041E-01  2.14817504E-01  2.09991925E-01  2.05223292E-01  2.00232599E-01  1.95101270E-01  1.89796608E-01  1.84696807E-01  1.79004273E-01  1.73747577E-01  1.68143569E-01  1.62366055E-01  1.56764200E-01  1.51462787E-01  1.45526633E-01  1.40046183E-01  1.34596230E-01  1.28657536E-01  1.23240818E-01  1.17813444E-01  1.12286644E-01  1.06941318E-01  1.01562895E-01  9.62339040E-02  9.09597675E-02  8.60968248E-02  8.10630718E-02  7.63069623E-02  7.16218956E-02  6.69464337E-02  6.29047999E-02  5.86246964E-02  5.44214046E-02  5.04515379E-02  4.65794035E-02  4.31489769E-02  3.94930688E-02  3.63081583E-02  3.31898047E-02  3.02261906E-02  2.74755237E-02  2.49394054E-02  2.24996156E-02  2.01427014E-02  1.80513385E-02  1.60731231E-02  1.42836596E-02  1.26320503E-02  1.11379022E-02  9.73167140E-03  8.47138085E-03  7.34967835E-03  6.32949687E-03  5.41542688E-03  4.62675675E-03  3.88739146E-03  3.27666711E-03  2.73273971E-03  2.26028855E-03  1.84349684E-03  1.51781455E-03  1.21002289E-03  9.65155200E-04  7.70979191E-04  6.07119291E-04  4.63105694E-04  3.50928979E-04  2.66468381E-04  1.98562168E-04  1.47412680E-04  1.04483019E-04  7.51557216E-05  5.15586494E-05  3.60492156E-05  2.52138740E-05  1.80204523E-05  9.89939912E-06  6.27253668E-06  4.42934759E-06  2.34513422E-06  1.25352281E-06  7.09034480E-07  4.58027292E-07  3.59753237E-07  1.68296914E-07  7.32371410E-08  4.49115756E-08  4.79163931E-09  0.00000000E+00  0.00000000E+00  0.00000000E+00  0.00000000E+00  0.00000000E+00  0.00000000E+00  0.00000000E+00  0.00000000E+00  0.00000000E+00  0.00000000E+00  0.00000000E+00  0.00000000E+00  0.00000000E+00  0.00000000E+00  0.00000000E+00  0.00000000E+00  0.00000000E+00  0.00000000E+00  0.00000000E+00  0.00000000E+00  0.00000000E+00  0.00000000E+00  0.00000000E+00  0.00000000E+00  0.00000000E+00  0.00000000E+00  0.00000000E+00  0.00000000E+00  0.00000000E+00  0.00000000E+00  0.00000000E+00  0.00000000E+00  0.00000000E+00  0.00000000E+00  0.00000000E+00  0.00000000E+00  0.00000000E+00  0.00000000E+00  0.00000000E+00  0.00000000E+00  0.00000000E+00  0.00000000E+00  0.00000000E+00  0.00000000E+00  0.00000000E+00  0.00000000E+00  0.00000000E+00  0.00000000E+00  0.00000000E+00  0.00000000E+00  0.00000000E+00  0.00000000E+00  0.00000000E+00  0.00000000E+00  0.00000000E+00  0.00000000E+00  0.00000000E+00  0.00000000E+00  0.00000000E+00  0.00000000E+00  0.00000000E+00  0.00000000E+00  0.00000000E+00  0.00000000E+00  0.00000000E+00  0.00000000E+00  0.00000000E+00  0.00000000E+00  0.00000000E+00  0.00000000E+00  0.00000000E+00  0.00000000E+00  0.00000000E+00  0.00000000E+00  0.00000000E+00  0.00000000E+00  0.00000000E+00  0.00000000E+00  0.00000000E+00  0.00000000E+00  0.00000000E+00  0.00000000E+00  0.00000000E+00  0.00000000E+00  0.00000000E+00  0.00000000E+00  0.00000000E+00  0.00000000E+00  0.00000000E+00  0.00000000E+00  0.00000000E+00  0.00000000E+00
  2.68538730E-01  2.70385540E-01  2.69843714E-01  2.68615295E-01  2.66941420E-01  2.66011119E-01  2.65167528E-01  2.62531973E-01  2.61096461E-01  2.58779662E-01  2.56282494E-01  2.53242979E-01  2.50211629E-01  2.47113344E-01  2.44194610E-01  2.39812568E-01  2.36861702E-01  2.32217207E-01  2.28613723E-01  2.24731271E-01  2.20011895E-01  2.15051202E-01  2.10256622E-01  2.05166059E-01  2.00442269E-01  1.95472647E-01  1.89964017E-01  1.84660147E-01  1.78959505E-01  1.73693131E-01  1.68258007E-01  1.62519223E-01  1.57001094E-01  1.51436229E-01  1.45490296E-01  1.40066646E-01  1.34376505E-01  1.28643308E-01  1.23268481E-01  1.17615247E-01  1.12203026E-01  1.06800436E-01  1.01412574E-01  9.62040348E-02  9.08854141E-02  8.60471369E-02  8.09838623E-02  7.62738090E-02  7.14932594E-02  6.70303519E-02  6.25777603E-02  5.83707798E-02  5.42698164E-02  5.03749253E-02  4.65487489E-02  4.29663027E-02  3.95364290E-02  3.61917281E-02  3.30536689E-02  3.01819329E-02  2.73962494E-02  2.48299065E-02  2.23847956E-02  2.00667679E-02  1.80182069E-02  1.60707739E-02  1.42514719E-02  1.25999697E-02  1.11077642E-02  9.70012269E-03  8.40571253E-03  7.31945934E-03  6.30867099E-03  5.34681466E-03  4.55579284E-03  3.86975385E-03  3.26393708E-03  2.72793145E-03  2.25831832E-03  1.83096902E-03  1.49629763E-03  1.21487611E-03  9.60154719E-04  7.59470730E-04  5.95873948E-04  4.69760548E-04  3.59677583E-04  2.66534768E-04  2.02030376E-04  1.47587937E-04  1.07486298E-04  7.77193275E-05  5.38665673E-05  3.80691378E-05  2.44518732E-05  1.64032372E-05  1.06081463E-05  7.17547326E-06  3.66823137E-06  2.22890663E-06  1.07086306E-06  7.47128965E-07  4.88846258E-07  1.99765852E-07  1.20517064E-07  5.55379722E-08  4.04718998E-08  6.20225983E-08  0.00000000E+00  0.00000000E+00  0.00000000E+00  0.00000000E+00  0.00000000E+00  0.00000000E+00  0.00000000E+00  0.00000000E+00  0.00000000E+00  0.00000000E+00  0.00000000E+00  0.00000000E+00  0.00000000E+00  0.00000000E+00  0.00000000E+00  0.00000000E+00  0.00000000E+00  0.00000000E+00  0.00000000E+00  0.00000000E+00  0.00000000E+00  0.00000000E+00  0.00000000E+00  0.00000000E+00  0.00000000E+00  0.00000000E+00  0.00000000E+00  0.00000000E+00  0.00000000E+00  0.00000000E+00  0.00000000E+00  0.00000000E+00  0.00000000E+00  0.00000000E+00  0.00000000E+00  0.00000000E+00  0.00000000E+00  0.00000000E+00  0.00000000E+00  0.00000000E+00  0.00000000E+00  0.00000000E+00  0.00000000E+00  0.00000000E+00  0.00000000E+00  0.00000000E+00  0.00000000E+00  0.00000000E+00  0.00000000E+00  0.00000000E+00  0.00000000E+00  0.00000000E+00  0.00000000E+00  0.00000000E+00  0.00000000E+00  0.00000000E+00  0.00000000E+00  0.00000000E+00  0.00000000E+00  0.00000000E+00  0.00000000E+00  0.00000000E+00  0.00000000E+00  0.00000000E+00  0.00000000E+00  0.00000000E+00  0.00000000E+00  0.00000000E+00  0.00000000E+00  0.00000000E+00  0.00000000E+00  0.00000000E+00  0.00000000E+00  0.00000000E+00  0.00000000E+00  0.00000000E+00  0.00000000E+00  0.00000000E+00  0.00000000E+00  0.00000000E+00  0.00000000E+00  0.00000000E+00  0.00000000E+00  0.00000000E+00  0.00000000E+00  0.00000000E+00  0.00000000E+00  0.00000000E+00  0.00000000E+00  0.00000000E+00  0.00000000E+00  0.00000000E+00
  2.71530671E-01  2.68779128E-01  2.68442401E-01  2.68099484E-01  2.67807688E-01  2.65142983E-01  2.64813070E-01  2.62346318E-01  2.59383641E-01  2.58441197E-01  2.55408953E-01  2.52930474E-01  2.50044675E-01  2.46730373E-01  2.43311002E-01  2.39893768E-01  2.36355794E-01  2.32661873E-01  2.27936198E-01  2.24133717E-01  2.19668104E-01  2.14860803E-01  2.09990445E-01  2.05105153E-01  2.00209723E-01  1.95097817E-01  1.89971818E-01  1.84655274E-01  1.79106725E-01  1.73393279E-01  1.68188761E-01  1.62607193E-01  1.57118611E-01  1.51341134E-01  1.45541028E-01  1.40003018E-01  1.34551582E-01  1.28811795E-01  1.23122138E-01  1.17776744E-01  1.12067278E-01  1.07024129E-01  1.01393931E-01  9.61790807E-02  9.11075066E-02  8.60752980E-02  8.09064218E-02  7.63373247E-02  7.17169634E-02  6.69874845E-02  6.25686211E-02  5.83732715E-02  5.42677726E-02  5.03991819E-02  4.65930012E-02  4.29163174E-02  3.96011906E-02  3.62585205E-02  3.31701690E-02  3.01744033E-02  2.73961037E-02  2.48319090E-02  2.23840931E-02  2.00704142E-02  1.80013317E-02  1.60051601E-02  1.42445110E-02  1.26127953E-02  1.10635105E-02  9.67491272E-03  8.45752083E-03  7.33836522E-03  6.26434890E-03  5.39774428E-03  4.60316423E-03  3.87927046E-03  3.26597401E-03  2.71337502E-03  2.24093024E-03  1.84597696E-03  1.51170389E-03  1.21884686E-03  9.52480476E-04  7.59602952E-04  6.03874611E-04  4.60174434E-04  3.59614158E-04  2.72770411E-04  1.99415965E-04  1.46964692E-04  1.07887288E-04  7.68674161E-05  5.35538624E-05  3.71743020E-05  2.43594332E-05  1.96269063E-05  1.08154024E-05  5.95401673E-06  4.19648012E-06  2.68282176E-06  1.78058352E-06  4.43787650E-07  5.02943121E-07  2.01189516E-07  7.05727578E-08  4.66025479E-08  4.14126894E-08  0.00000000E+00  0.00000000E+00  0.00000000E+00  0.00000000E+00  0.00000000E+00  0.00000000E+00  0.00000000E+00  0.00000000E+00  0.00000000E+00  0.00000000E+00  0.00000000E+00  0.00000000E+00  0.00000000E+00  0.00000000E+00  0.00000000E+00  0.00000000E+00  0.00000000E+00  0.00000000E+00  0.00000000E+00  0.00000000E+00  0.00000000E+00  0.00000000E+00  0.00000000E+00  0.00000000E+00  0.00000000E+00  0.00000000E+00  0.00000000E+00  0.00000000E+00  0.00000000E+00  0.00000000E+00  0.00000000E+00  0.00000000E+00  0.00000000E+00  0.00000000E+00  0.00000000E+00  0.00000000E+00  0.00000000E+00  0.00000000E+00  0.00000000E+00  0.00000000E+00  0.00000000E+00  0.00000000E+00  0.00000000E+00  0.00000000E+00  0.00000000E+00  0.00000000E+00  0.00000000E+00  0.00000000E+00  0.00000000E+00  0.00000000E+00  0.00000000E+00  0.00000000E+00  0.00000000E+00  0.00000000E+00  0.00000000E+00  0.00000000E+00  0.00000000E+00  0.00000000E+00  0.00000000E+00  0.00000000E+00  0.00000000E+00  0.00000000E+00  0.00000000E+00  0.00000000E+00  0.00000000E+00  0.00000000E+00  0.00000000E+00  0.00000000E+00  0.00000000E+00  0.00000000E+00  0.00000000E+00  0.00000000E+00  0.00000000E+00  0.00000000E+00  0.00000000E+00  0.00000000E+00  0.00000000E+00  0.00000000E+00  0.00000000E+00  0.00000000E+00  0.00000000E+00  0.00000000E+00  0.00000000E+00  0.00000000E+00  0.00000000E+00  0.00000000E+00  0.00000000E+00  0.00000000E+00  0.00000000E+00  0.00000000E+00  0.00000000E+00  0.00000000E+00  0.00000000E+00
  2.66755641E-01  2.65676676E-01  2.63540952E-01  2.65493836E-01  2.63554730E-01  2.61236122E-01  2.60196118E-01  2.57645340E-01  2.55526089E-01  2.54024971E-01  2.51416399E-01  2.48976458E-01  2.46328380E-01  2.42953772E-01  2.39890113E-01  2.36383434E-01  2.32607613E-01  2.28685934E-01  2.24406045E-01  2.20013333E-01  2.15650054E-01  2.11535429E-01  2.06939930E-01  2.01789740E-01  1.96565426E-01  1.91618708E-01  1.86700739E-01  1.81254479E-01  1.76156563E-01  1.70737346E-01  1.65134922E-01  1.59776024E-01  1.54212942E-01  1.48727263E-01  1.42996980E-01  1.37454019E-01  1.31932108E-01  1.26557154E-01  1.20829143E-01  1.15455288E-01  1.10046908E-01  1.04836203E-01  9.95273824E-02  9.45325103E-02  8.92639830E-02  8.43028397E-02  7.93487641E-02  7.48667557E-02  7.01420323E-02  6.56623757E-02  6.13785196E-02  5.71713069E-02  5.31767177E-02  4.93724703E-02  4.56032239E-02  4.20643311E-02  3.86841199E-02  3.53982279E-02  3.23466697E-02  2.94960125E-02  2.68806321E-02  2.43034624E-02  2.18287405E-02  1.95085363E-02  1.75718343E-02  1.57283880E-02  1.38996662E-02  1.22749063E-02  1.07801861E-02  9.44137316E-03  8.21880577E-03  7.10829876E-03  6.14183134E-03  5.27834725E-03  4.44783856E-03  3.77052896E-03  3.16125730E-03  2.63947522E-03  2.18931022E-03  1.79544276E-03  1.44655318E-03  1.15883022E-03  9.44109761E-04  7.40462108E-04  5.71176450E-04  4.46825639E-04  3.47719238E-04  2.60077476E-04  1.94623450E-04  1.41689162E-04  1.03803943E-04  7.61565589E-05  5.10042785E-05  3.57565671E-05  2.37680631E-05  1.65597963E-05  9.29576795E-06  6.43247849E-06  3.64226534E-06  2.45889318E-06  1.34898378E-06  6.31933833E-07  5.22017622E-07  2.13251764E-07  2.24011749E-07  7.86118954E-08  1.82124106E-08  6.84389383E-09  0.00000000E+00  0.00000000E+00  0.00000000E+00  0.00000000E+00  0.00000000E+00  0.00000000E+00  0.00000000E+00  0.00000000E+00  0.00000000E+00  0.00000000E+00  0.00000000E+00  0.00000000E+00  0.00000000E+00  0.00000000E+00  0.00000000E+00  0.00000000E+00  0.00000000E+00  0.00000000E+00  0.00000000E+00  0.00000000E+00  0.00000000E+00  0.00000000E+00  0.00000000E+00  0.00000000E+00  0.00000000E+00  0.00000000E+00  0.00000000E+00  0.00000000E+00  0.00000000E+00  0.00000000E+00  0.00000000E+00  0.00000000E+00  0.00000000E+00  0.00000000E+00  0.00000000E+00  0.00000000E+00  0.00000000E+00  0.00000000E+00  0.00000000E+00  0.00000000E+00  0.00000000E+00  0.00000000E+00  0.00000000E+00  0.00000000E+00  0.00000000E+00  0.00000000E+00  0.00000000E+00  0.00000000E+00  0.00000000E+00  0.00000000E+00  0.00000000E+00  0.00000000E+00  0.00000000E+00  0.00000000E+00  0.00000000E+00  0.00000000E+00  0.00000000E+00  0.00000000E+00  0.00000000E+00  0.00000000E+00  0.00000000E+00  0.00000000E+00  0.00000000E+00  0.00000000E+00  0.00000000E+00  0.00000000E+00  0.00000000E+00  0.00000000E+00  0.00000000E+00  0.00000000E+00  0.00000000E+00  0.00000000E+00  0.00000000E+00  0.00000000E+00  0.00000000E+00  0.00000000E+00  0.00000000E+00  0.00000000E+00  0.00000000E+00  0.00000000E+00  0.00000000E+00  0.00000000E+00  0.00000000E+00  0.00000000E+00  0.00000000E+00  0.00000000E+00  0.00000000E+00  0.00000000E+00  0.00000000E+00  0.00000000E+00  0.00000000E+00  0.00000000E+00
  2.68318262E-01  2.66503105E-01  2.66811326E-01  2.65585346E-01  2.64354554E-01  2.63183398E-01  2.61620544E-01  2.59810450E-01  2.57443161E-01  2.55535333E-01  2.53122275E-01  2.50057971E-01  2.47397348E-01  2.44430594E-01  2.41136619E-01  2.37303785E-01  2.34020019E-01  2.29751660E-01  2.25827063E-01  2.21244626E-01  2.17274717E-01  2.12354444E-01  2.07929428E-01  2.02913298E-01  1.97715199E-01  1.92759870E-01  1.87799172E-01  1.82583718E-01  1.77200277E-01  1.71978257E-01  1.66143960E-01  1.60896517E-01  1.55243318E-01  1.49534127E-01  1.44302534E-01  1.38684580E-01  1.32963034E-01  1.27250150E-01  1.21723581E-01  1.16496299E-01  1.11008353E-01  1.05744019E-01  1.00378799E-01  9.51094891E-02  9.01410982E-02  8.50808758E-02  8.02286490E-02  7.56013598E-02  7.07292519E-02  6.63131480E-02  6.19710258E-02  5.78251035E-02  5.36980972E-02  4.97790910E-02  4.60545457E-02  4.24081260E-02  3.91415387E-02  3.57687906E-02  3.27736663E-02  2.98042377E-02  2.70427141E-02  2.44965603E-02  2.20752916E-02  1.98563606E-02  1.77650640E-02  1.58542933E-02  1.40094936E-02  1.23624277E-02  1.09482008E-02  9.56127756E-03  8.29976210E-03  7.22174691E-03  6.21150019E-03  5.30048693E-03  4.52972436E-03  3.81955943E-03  3.22114890E-03  2.66886399E-03  2.23673585E-03  1.81291398E-03  1.48634694E-03  1.19024208E-03  9.53423566E-04  7.48348311E-04  5.92634383E-04  4.62822775E-04  3.48422949E-04  2.67604152E-04  1.99632028E-04  1.47089102E-04  1.03487333E-04  7.62991163E-05  5.24820274E-05  3.81962704E-05  2.52660058E-05  1.75407877E-05  1.07874925E-05  6.75557143E-06  4.10145540E-06  2.70123921E-06  1.39730190E-06  6.75345906E-07  4.11959834E-07  2.32843589E-07  2.31944617E-07  7.04379128E-08  2.34762137E-08  0.00000000E+00  0.00000000E+00  0.00000000E+00  0.00000000E+00  0.00000000E+00  0.00000000E+00  0.00000000E+00  0.00000000E+00  0.00000000E+00  0.00000000E+00  0.00000000E+00  0.00000000E+00  0.00000000E+00  0.00000000E+00  0.00000000E+00  0.00000000E+00  0.00000000E+00  0.00000000E+00  0.00000000E+00  0.00000000E+00  0.00000000E+00  0.00000000E+00  0.00000000E+00  0.00000000E+00  0.00000000E+00  0.00000000E+00  0.00000000E+00  0.00000000E+00  0.00000000E+00  0.00000000E+00  0.00000000E+00  0.00000000E+00  0.00000000E+00  0.00000000E+00  0.00000000E+00  0.00000000E+00  0.00000000E+00  0.00000000E+00  0.00000000E+00  0.00000000E+00  0.00000000E+00  0.00000000E+00  0.00000000E+00  0.00000000E+00  0.00000000E+00  0.00000000E+00  0.00000000E+00  0.00000000E+00  0.00000000E+00  0.00000000E+00  0.00000000E+00  0.00000000E+00  0.00000000E+00  0.00000000E+00  0.00000000E+00  0.00000000E+00  0.00000000E+00  0.00000000E+00  0.00000000E+00  0.00000000E+00  0.00000000E+00  0.00000000E+00  0.00000000E+00  0.00000000E+00  0.00000000E+00  0.00000000E+00  0.00000000E+00  0.00000000E+00  0.00000000E+00  0.00000000E+00  0.00000000E+00  0.00000000E+00  0.00000000E+00  0.00000000E+00  0.00000000E+00  0.00000000E+00  0.00000000E+00  0.00000000E+00  0.00000000E+00  0.00000000E+00  0.00000000E+00  0.00000000E+00  0.00000000E+00  0.00000000E+00  0.00000000E+00  0.00000000E+00  0.00000000E+00  0.00000000E+00  0.00000000E+00  0.00000000E+00  0.00000000E+00  0.00000000E+00  0.00000000E+00
  2.69576339E-01  2.69232524E-01  2.68862972E-01  2.68199500E-01  2.67539269E-01  2.64960421E-01  2.63997129E-01  2.62527671E-01  2.60476720E-01  2.57962848E-01  2.55314418E-01  2.52745595E-01  2.49856676E-01  2.46997621E-01  2.43522019E-01  2.39646778E-01  2.35768236E-01  2.31822345E-01  2.27858237E-01  2.23343040E-01  2.19320189E-01  2.15086494E-01  2.09994731E-01  2.05059590E-01  2.00361289E-01  1.94994064E-01  1.89947741E-01  1.84466015E-01  1.79099150E-01  1.73795357E-01  1.68037778E-01  1.62549204E-01  1.57109854E-01  1.51400789E-01  1.45840425E-01  1.40152984E-01  1.34375189E-01  1.28742370E-01  1.23364786E-01  1.17748995E-01  1.12307905E-01  1.06936251E-01  1.01558689E-01  9.62751152E-02  9.11267365E-02  8.61105350E-02  8.11708060E-02  7.61817942E-02  7.17167660E-02  6.72479635E-02  6.27055250E-02  5.84418955E-02  5.43009472E-02  5.04683800E-02  4.66962632E-02  4.30443704E-02  3.95107474E-02  3.63261140E-02  3.31205942E-02  3.01956914E-02  2.74886544E-02  2.48143429E-02  2.24044038E-02  2.01701114E-02  1.80565996E-02  1.60621376E-02  1.43070625E-02  1.26191934E-02  1.10781023E-02  9.74130980E-03  8.44255501E-03  7.35020653E-03  6.30410173E-03  5.39665443E-03  4.59668451E-03  3.89377365E-03  3.26320808E-03  2.73601052E-03  2.26978117E-03  1.84846136E-03  1.50006404E-03  1.23805534E-03  9.75315609E-04  7.70740386E-04  5.98285572E-04  4.68908644E-04  3.52646045E-04  2.73222850E-04  2.01748836E-04  1.49064064E-04  1.04332037E-04  7.96844439E-05  5.47881823E-05  3.59592404E-05  2.52661310E-05  1.75328948E-05  1.11911031E-05  5.85068908E-06  4.30527644E-06  1.98114599E-06  1.54083433E-06  1.16513040E-06  4.23068779E-07  1.09040837E-07  1.32214980E-07  6.15909254E-08  2.76162326E-08  1.65428551E-08  6.30399480E-10  0.00000000E+00  0.00000000E+00  0.00000000E+00  0.00000000E+00  0.00000000E+00  0.00000000E+00  0.00000000E+00  0.00000000E+00  0.00000000E+00  0.00000000E+00  0.00000000E+00  0.00000000E+00  0.00000000E+00  0.00000000E+00  0.00000000E+00  0.00000000E+00  0.00000000E+00  0.00000000E+00  0.00000000E+00  0.00000000E+00  0.00000000E+00  0.00000000E+00  0.00000000E+00  0.00000000E+00  0.00000000E+00  0.00000000E+00  0.00000000E+00  0.00000000E+00  0.00000000E+00  0.00000000E+00  0.00000000E+00  0.00000000E+00  0.00000000E+00  0.00000000E+00  0.00000000E+00  0.00000000E+00  0.00000000E+00  0.00000000E+00  0.00000000E+00  0.00000000E+00  0.00000000E+00  0.00000000E+00  0.00000000E+00  0.00000000E+00  0.00000000E+00  0.00000000E+00  0.00000000E+00  0.00000000E+00  0.00000000E+00  0.00000000E+00  0.00000000E+00  0.00000000E+00  0.00000000E+00  0.00000000E+00  0.00000000E+00  0.00000000E+00  0.00000000E+00  0.00000000E+00  0.00000000E+00  0.00000000E+00  0.00000000E+00  0.00000000E+00  0.00000000E+00  0.00000000E+00  0.00000000E+00  0.00000000E+00  0.00000000E+00  0.00000000E+00  0.00000000E+00  0.00000000E+00  0.00000000E+00  0.00000000E+00  0.00000000E+00  0.00000000E+00  0.00000000E+00  0.00000000E+00  0.00000000E+00  0.00000000E+00  0.00000000E+00  0.00000000E+00  0.00000000E+00  0.00000000E+00  0.00000000E+00  0.00000000E+00  0.00000000E+00  0.00000000E+00  0.00000000E+00  0.00000000E+00  0.00000000E+00  0.00000000E+00  0.00000000E+00
  2.70689460E-01  2.69341183E-01  2.68827715E-01  2.67777816E-01  2.66983227E-01  2.65277279E-01  2.64543405E-01  2.62834382E-01  2.60615777E-01  2.58266491E-01  2.55772234E-01  2.53418404E-01  2.49753545E-01  2.46741546E-01  2.43049173E-01  2.39361579E-01  2.36364569E-01  2.32433753E-01  2.28118045E-01  2.24032345E-01  2.18984471E-01  2.14628513E-01  2.10327099E-01  2.05403363E-01  2.00369686E-01  1.94807975E-01  1.89570506E-01  1.84259200E-01  1.79083432E-01  1.73427895E-01  1.67926203E-01  1.62444876E-01  1.57092072E-01  1.51222058E-01  1.45515333E-01  1.40063968E-01  1.34348702E-01  1.28832758E-01  1.23472021E-01  1.17696364E-01  1.12325305E-01  1.06969391E-01  1.01465755E-01  9.64050592E-02  9.11900993E-02  8.61662821E-02  8.11725015E-02  7.63704133E-02  7.16917375E-02  6.70364319E-02  6.27949784E-02  5.83479134E-02  5.43575774E-02  5.03777943E-02  4.66419425E-02  4.29614675E-02  3.95116040E-02  3.62972787E-02  3.30976335E-02  3.02449303E-02  2.74470235E-02  2.48495920E-02  2.23880063E-02  2.01412214E-02  1.80764983E-02  1.60985395E-02  1.43217825E-02  1.26271464E-02  1.11174624E-02  9.73749317E-03  8.45589142E-03  7.34401156E-03  6.32609455E-03  5.46788243E-03  4.61582825E-03  3.92216539E-03  3.28514391E-03  2.72594408E-03  2.25724715E-03  1.85394466E-03  1.51333997E-03  1.22851976E-03  9.81347948E-04  7.68391590E-04  5.97248291E-04  4.63195649E-04  3.55443064E-04  2.68700907E-04  1.99752096E-04  1.47283113E-04  1.06787146E-04  7.66124980E-05  5.42168995E-05  3.85229503E-05  2.52031198E-05  1.69015077E-05  1.12974758E-05  6.76698819E-06  4.67357644E-06  3.10369034E-06  1.60252764E-06  8.88601954E-07  4.58341601E-07  4.45672699E-07  1.38067490E-07  0.00000000E+00  4.00417755E-08  0.00000000E+00  0.00000000E+00  9.21692193E-08  0.00000000E+00  0.00000000E+00  0.00000000E+00  0.00000000E+00  0.00000000E+00  0.00000000E+00  0.00000000E+00  0.00000000E+00  0.00000000E+00  0.00000000E+00  0.00000000E+00  0.00000000E+00  0.00000000E+00  0.00000000E+00  0.00000000E+00  0.00000000E+00  0.00000000E+00  0.00000000E+00  0.00000000E+00  0.00000000E+00  0.00000000E+00  0.00000000E+00  0.00000000E+00  0.00000000E+00  0.00000000E+00  0.00000000E+00  0.00000000E+00  0.00000000E+00  0.00000000E+00  0.00000000E+00  0.00000000E+00  0.00000000E+00  0.00000000E+00  0.00000000E+00  0.00000000E+00  0.00000000E+00  0.00000000E+00  0.00000000E+00  0.00000000E+00  0.00000000E+00  0.00000000E+00  0.00000000E+00  0.00000000E+00  0.00000000E+00  0.00000000E+00  0.00000000E+00  0.00000000E+00  0.00000000E+00  0.00000000E+00  0.00000000E+00  0.00000000E+00  0.00000000E+00  0.00000000E+00  0.00000000E+00  0.00000000E+00  0.00000000E+00  0.00000000E+00  0.00000000E+00  0.00000000E+00  0.00000000E+00  0.00000000E+00  0.00000000E+00  0.00000000E+00  0.00000000E+00  0.00000000E+00  0.00000000E+00  0.00000000E+00  0.00000000E+00  0.00000000E+00  0.00000000E+00  0.00000000E+00  0.00000000E+00  0.00000000E+00  0.00000000E+00  0.00000000E+00  0.00000000E+00  0.00000000E+00  0.00000000E+00  0.00000000E+00  0.00000000E+00  0.00000000E+00  0.00000000E+00  0.00000000E+00  0.00000000E+00  0.00000000E+00  0.00000000E+00  0.00000000E+00  0.00000000E+00  0.00000000E+00  0.00000000E+00
  2.66846732E-01  2.68840764E-01  2.67999343E-01  2.68335578E-01  2.66429053E-01  2.65857352E-01  2.63589158E-01  2.62389551E-01  2.59888079E-01  2.58324269E-01  2.55752827E-01  2.53517939E-01  2.50033285E-01  2.46790656E-01  2.43798465E-01  2.39840965E-01  2.35849121E-01  2.32358410E-01  2.28085241E-01  2.24292559E-01  2.19375364E-01  2.15019113E-01  2.09900344E-01  2.05208529E-01  2.00164473E-01  1.95393158E-01  1.90092781E-01  1.84458300E-01  1.79035038E-01  1.73789242E-01  1.68311400E-01  1.62599560E-01  1.57112411E-01  1.51484618E-01  1.45863698E-01  1.39983251E-01  1.34478743E-01  1.28849763E-01  1.23434834E-01  1.17770327E-01  1.12334611E-01  1.06860100E-01  1.01522532E-01  9.61884996E-02  9.11085151E-02  8.59904421E-02  8.11104429E-02  7.63648536E-02  7.16116134E-02  6.70730980E-02  6.26491691E-02  5.84925727E-02  5.42581256E-02  5.04052905E-02  4.65693595E-02  4.30297617E-02  3.94872467E-02  3.63832028E-02  3.30556839E-02  3.01102691E-02  2.74698853E-02  2.48377842E-02  2.24337500E-02  2.01395938E-02  1.80809201E-02  1.60556615E-02  1.42750383E-02  1.25706258E-02  1.11206561E-02  9.68033560E-03  8.43484805E-03  7.31958572E-03  6.27058104E-03  5.38511747E-03  4.57680719E-03  3.87605183E-03  3.23450016E-03  2.72963041E-03  2.24109581E-03  1.83128929E-03  1.47942027E-03  1.20396398E-03  9.60111281E-04  7.59361748E-04  5.99584665E-04  4.64607761E-04  3.57206075E-04  2.58114598E-04  1.97488394E-04  1.48401078E-04  1.06013059E-04  7.29598836E-05  5.42254761E-05  3.58954514E-05  2.55066358E-05  1.73212182E-05  1.01647588E-05  6.28991380E-06  4.75902529E-06  2.33298092E-06  1.43580122E-06  6.71187967E-07  4.41097279E-07  2.12158403E-07  1.19420673E-07  1.74524346E-08  1.60079278E-08  6.34360674E-09  0.00000000E+00  0.00000000E+00  0.00000000E+00  0.00000000E+00  0.00000000E+00  0.00000000E+00  0.00000000E+00  0.00000000E+00  0.00000000E+00  0.00000000E+00  0.00000000E+00  0.00000000E+00  0.00000000E+00  0.00000000E+00  0.00000000E+00  0.00000000E+00  0.00000000E+00  0.00000000E+00  0.00000000E+00  0.00000000E+00  0.00000000E+00  0.00000000E+00  0.00000000E+00  0.00000000E+00  0.00000000E+00  0.00000000E+00  0.00000000E+00  0.00000000E+00  0.00000000E+00  0.00000000E+00  0.00000000E+00  0.00000000E+00  0.00000000E+00  0.00000000E+00  0.00000000E+00  0.00000000E+00  0.00000000E+00  0.00000000E+00  0.00000000E+00  0.00000000E+00  0.00000000E+00  0.00000000E+00  0.00000000E+00  0.00000000E+00  0.00000000E+00  0.00000000E+00  0.00000000E+00  0.00000000E+00  0.00000000E+00  0.00000000E+00  0.00000000E+00  0.00000000E+00  0.00000000E+00  0.00000000E+00  0.00000000E+00  0.00000000E+00  0.00000000E+00  0.00000000E+00  0.00000000E+00  0.00000000E+00  0.00000000E+00  0.00000000E+00  0.00000000E+00  0.00000000E+00  0.00000000E+00  0.00000000E+00  0.00000000E+00  0.00000000E+00  0.00000000E+00  0.00000000E+00  0.00000000E+00  0.00000000E+00  0.00000000E+00  0.00000000E+00  0.00000000E+00  0.00000000E+00  0.00000000E+00  0.00000000E+00  0.00000000E+00  0.00000000E+00  0.00000000E+00  0.00000000E+00  0.00000000E+00  0.00000000E+00  0.00000000E+00  0.00000000E+00  0.00000000E+00  0.00000000E+00  0.00000000E+00  0.00000000E+00  0.00000000E+00  0.00000000E+00
  2.68314509E-01  2.68241763E-01  2.71559623E-01  2.69008749E-01  2.67531422E-01  2.66108889E-01  2.65115215E-01  2.63267488E-01  2.61117319E-01  2.59043942E-01  2.56198612E-01  2.53427300E-01  2.50449419E-01  2.47410705E-01  2.43943979E-01  2.40756827E-01  2.36700521E-01  2.32615947E-01  2.28290632E-01  2.24197944E-01  2.19808316E-01  2.15423385E-01  2.10391667E-01  2.05580978E-01  2.00477715E-01  1.95247825E-01  1.89875050E-01  1.84563875E-01  1.79084511E-01  1.73496420E-01  1.67980041E-01  1.62495599E-01  1.57058642E-01  1.51310781E-01  1.45626092E-01  1.40010090E-01  1.34289707E-01  1.28789884E-01  1.23239339E-01  1.17579622E-01  1.12117775E-01  1.06664369E-01  1.01339028E-01  9.62868232E-02  9.11021445E-02  8.58857908E-02  8.10951351E-02  7.61462630E-02  7.15752869E-02  6.70414234E-02  6.26664178E-02  5.84843784E-02  5.42015770E-02  5.02332156E-02  4.65261854E-02  4.29065779E-02  3.94938916E-02  3.62057252E-02  3.31087523E-02  3.01484701E-02  2.73772208E-02  2.48011712E-02  2.23549487E-02  2.00863315E-02  1.80000338E-02  1.60401128E-02  1.42282631E-02  1.25385551E-02  1.10851234E-02  9.71286405E-03  8.43109470E-03  7.32982774E-03  6.29449754E-03  5.39855637E-03  4.58003285E-03  3.86742282E-03  3.24768910E-03  2.71370748E-03  2.25316805E-03  1.85516007E-03  1.50961886E-03  1.20403924E-03  9.67174665E-04  7.65399656E-04  5.94310758E-04  4.58204568E-04  3.53678256E-04  2.68006669E-04  1.96911356E-04  1.45291600E-04  1.09227845E-04  7.80587660E-05  5.38624991E-05  3.63744331E-05  2.42967678E-05  1.68234598E-05  1.23535978E-05  6.61957436E-06  4.15256307E-06  2.65859207E-06  1.12104476E-06  8.78550268E-07  5.69588775E-07  3.72027819E-07  1.96870853E-07  5.92919933E-08  1.43575082E-08  0.00000000E+00  2.56233704E-09  0.00000000E+00  0.00000000E+00  0.00000000E+00  0.00000000E+00  0.00000000E+00  0.00000000E+00  0.00000000E+00  0.00000000E+00  0.00000000E+00  0.00000000E+00  0.00000000E+00  0.00000000E+00  0.00000000E+00  0.00000000E+00  0.00000000E+00  0.00000000E+00  0.00000000E+00  0.00000000E+00  0.00000000E+00  0.00000000E+00  0.00000000E+00  0.00000000E+00  0.00000000E+00  0.00000000E+00  0.00000000E+00  0.00000000E+00  0.00000000E+00  0.00000000E+00  0.00000000E+00  0.00000000E+00  0.00000000E+00  0.00000000E+00  0.00000000E+00  0.00000000E+00  0.00000000E+00  0.00000000E+00  0.00000000E+00  0.00000000E+00  0.00000000E+00  0.00000000E+00  0.00000000E+00  0.00000000E+00  0.00000000E+00  0.00000000E+00  0.00000000E+00  0.00000000E+00  0.00000000E+00  0.00000000E+00  0.00000000E+00  0.00000000E+00  0.00000000E+00  0.00000000E+00  0.00000000E+00  0.00000000E+00  0.00000000E+00  0.00000000E+00  0.00000000E+00  0.00000000E+00  0.00000000E+00  0.00000000E+00  0.00000000E+00  0.00000000E+00  0.00000000E+00  0.00000000E+00  0.00000000E+00  0.00000000E+00  0.00000000E+00  0.00000000E+00  0.00000000E+00  0.00000000E+00  0.00000000E+00  0.00000000E+00  0.00000000E+00  0.00000000E+00  0.00000000E+00  0.00000000E+00  0.00000000E+00  0.00000000E+00  0.00000000E+00  0.00000000E+00  0.00000000E+00  0.00000000E+00  0.00000000E+00  0.00000000E+00  0.00000000E+00  0.00000000E+00  0.00000000E+00  0.00000000E+00  0.00000000E+00  0.00000000E+00  0.00000000E+00
  2.71051507E-01  2.69858758E-01  2.68662033E-01  2.68454744E-01  2.67957224E-01  2.65710046E-01  2.64539699E-01  2.62158754E-01  2.60096780E-01  2.58589043E-01  2.55330017E-01  2.52899898E-01  2.49757738E-01  2.47281617E-01  2.43825806E-01  2.40080660E-01  2.36375923E-01  2.32431746E-01  2.28318376E-01  2.24102444E-01  2.19494372E-01  2.14484087E-01  2.09987875E-01  2.05321416E-01  2.00561023E-01  1.94943529E-01  1.89873525E-01  1.84424293E-01  1.79035798E-01  1.73837104E-01  1.68191499E-01  1.62512851E-01  1.56720277E-01  1.51190245E-01  1.45827520E-01  1.40068601E-01  1.34433552E-01  1.28699169E-01  1.23233856E-01  1.17567137E-01  1.12228499E-01  1.06786601E-01  1.01351805E-01  9.60784526E-02  9.10781940E-02  8.61731679E-02  8.10320578E-02  7.63547541E-02  7.15007560E-02  6.71762199E-02  6.26814600E-02  5.84135522E-02  5.44193384E-02  5.05171497E-02  4.65280580E-02  4.31472347E-02  3.95900032E-02  3.62645228E-02  3.31182689E-02  3.03293086E-02  2.74462230E-02  2.49205573E-02  2.24084569E-02  2.01470196E-02  1.80511997E-02  1.60458453E-02  1.42587156E-02  1.26068075E-02  1.10920385E-02  9.71852607E-03  8.42454177E-03  7.35104270E-03  6.30653583E-03  5.36576346E-03  4.61175451E-03  3.89297649E-03  3.28336366E-03  2.72005282E-03  2.24997654E-03  1.84849808E-03  1.50180995E-03  1.20827273E-03  9.77265735E-04  7.61119344E-04  6.10672111E-04  4.62860435E-04  3.60174248E-04  2.62110914E-04  2.00624987E-04  1.49757021E-04  1.06018216E-04  7.91819346E-05  5.40817636E-05  3.63895751E-05  2.50436734E-05  1.67968614E-05  1.10085602E-05  6.84611736E-06  4.20137772E-06  2.35361342E-06  1.46146691E-06  7.35774970E-07  3.55780572E-07  2.68637264E-07  1.34961305E-07  0.00000000E+00  8.38703196E-08  5.56016663E-08  0.00000000E+00  0.00000000E+00  0.00000000E+00  0.00000000E+00  0.00000000E+00  0.00000000E+00  0.00000000E+00  0.00000000E+00  0.00000000E+00  0.00000000E+00  0.00000000E+00  0.00000000E+00  0.00000000E+00  0.00000000E+00  0.00000000E+00  0.00000000E+00  0.00000000E+00  0.00000000E+00  0.00000000E+00  0.00000000E+00  0.00000000E+00  0.00000000E+00  0.00000000E+00  0.00000000E+00  0.00000000E+00  0.00000000E+00  0.00000000E+00  0.00000000E+00  0.00000000E+00  0.00000000E+00  0.00000000E+00  0.00000000E+00  0.00000000E+00  0.00000000E+00  0.00000000E+00  0.00000000E+00  0.00000000E+00  0.00000000E+00  0.00000000E+00  0.00000000E+00  0.00000000E+00  0.00000000E+00  0.00000000E+00  0.00000000E+00  0.00000000E+00  0.00000000E+00  0.00000000E+00  0.00000000E+00  0.00000000E+00  0.00000000E+00  0.00000000E+00  0.00000000E+00  0.00000000E+00  0.00000000E+00  0.00000000E+00  0.00000000E+00  0.00000000E+00  0.00000000E+00  0.00000000E+00  0.00000000E+00  0.00000000E+00  0.00000000E+00  0.00000000E+00  0.00000000E+00  0.00000000E+00  0.00000000E+00  0.00000000E+00  0.00000000E+00  0.00000000E+00  0.00000000E+00  0.00000000E+00  0.00000000E+00  0.00000000E+00  0.00000000E+00  0.00000000E+00  0.00000000E+00  0.00000000E+00  0.00000000E+00  0.00000000E+00  0.00000000E+00  0.00000000E+00  0.00000000E+00  0.00000000E+00  0.00000000E+00  0.00000000E+00  0.00000000E+00  0.00000000E+00  0.00000000E+00  0.00000000E+00  0.00000000E+00  0.00000000E+00  0.00000000E+00
  2.67595694E-01  2.68856400E-01  2.67421556E-01  2.66793477E-01  2.65502105E-01  2.64130497E-01  2.62882203E-01  2.61108365E-01  2.59294933E-01  2.56606185E-01  2.54197583E-01  2.51583480E-01  2.48310600E-01  2.45255720E-01  2.41977796E-01  2.38410037E-01  2.34622395E-01  2.30930641E-01  2.26723401E-01  2.22452521E-01  2.18118020E-01  2.13819924E-01  2.08574019E-01  2.03785935E-01  1.98811631E-01  1.93739526E-01  1.88562911E-01  1.83039756E-01  1.77878148E-01  1.72633524E-01  1.67274647E-01  1.61429495E-01  1.55791318E-01  1.50310601E-01  1.44781960E-01  1.38858094E-01  1.33565165E-01  1.27906225E-01  1.22187856E-01  1.16772012E-01  1.11297980E-01  1.06077666E-01  1.00742273E-01  9.54618193E-02  9.03671029E-02  8.55227216E-02  8.05958117E-02  7.56622537E-02  7.09990557E-02  6.65284378E-02  6.21771684E-02  5.79986524E-02  5.39472458E-02  4.99650025E-02  4.61318282E-02  4.25979332E-02  3.93315126E-02  3.59496666E-02  3.28065308E-02  2.99078528E-02  2.71765983E-02  2.45801183E-02  2.21716076E-02  1.99415956E-02  1.78232087E-02  1.58221447E-02  1.40990873E-02  1.24965320E-02  1.09209239E-02  9.60529218E-03  8.31214287E-03  7.24268103E-03  6.26323374E-03  5.31826113E-03  4.53680333E-03  3.84724262E-03  3.19583689E-03  2.66946218E-03  2.20749810E-03  1.80032574E-03  1.49189953E-03  1.18816380E-03  9.43252998E-04  7.61297935E-04  5.92244752E-04  4.54670860E-04  3.46170063E-04  2.62825391E-04  1.96832959E-04  1.42947555E-04  1.02729458E-04  7.46864162E-05  5.20315988E-05  3.57074116E-05  2.44043745E-05  1.55488788E-05  1.01573899E-05  6.80082454E-06  4.28836302E-06  2.36370083E-06  1.38212962E-06  8.33123755E-07  7.31787068E-07  1.72832158E-07  1.24493281E-07  5.45918034E-08  3.88097819E-08  0.00000000E+00  0.00000000E+00  0.00000000E+00  0.00000000E+00  0.00000000E+00  0.00000000E+00  0.00000000E+00  0.00000000E+00  0.00000000E+00  0.00000000E+00  0.00000000E+00  0.00000000E+00  0.00000000E+00  0.00000000E+00  0.00000000E+00  0.00000000E+00  0.00000000E+00  0.00000000E+00  0.00000000E+00  0.00000000E+00  0.00000000E+00  0.00000000E+00  0.00000000E+00  0.00000000E+00  0.00000000E+00  0.00000000E+00  0.00000000E+00  0.00000000E+00  0.00000000E+00  0.00000000E+00  0.00000000E+00  0.00000000E+00  0.00000000E+00  0.00000000E+00  0.00000000E+00  0.00000000E+00  0.00000000E+00  0.00000000E+00  0.00000000E+00  0.00000000E+00  0.00000000E+00  0.00000000E+00  0.00000000E+00  0.00000000E+00  0.00000000E+00  0.00000000E+00  0.00000000E+00  0.00000000E+00  0.00000000E+00  0.00000000E+00  0.00000000E+00  0.00000000E+00  0.00000000E+00  0.00000000E+00  0.00000000E+00  0.00000000E+00  0.00000000E+00  0.00000000E+00  0.00000000E+00  0.00000000E+00  0.00000000E+00  0.00000000E+00  0.00000000E+00  0.00000000E+00  0.00000000E+00  0.00000000E+00  0.00000000E+00  0.00000000E+00  0.00000000E+00  0.00000000E+00  0.00000000E+00  0.00000000E+00  0.00000000E+00  0.00000000E+00  0.00000000E+00  0.00000000E+00  0.00000000E+00  0.00000000E+00  0.00000000E+00  0.00000000E+00  0.00000000E+00  0.00000000E+00  0.00000000E+00  0.00000000E+00  0.00000000E+00  0.00000000E+00  0.00000000E+00  0.00000000E+00  0.00000000E+00  0.00000000E+00  0.00000000E+00  0.00000000E+00  0.00000000E+00
  2.68811030E-01  2.69402690E-01  2.69440160E-01  2.68733926E-01  2.67068005E-01  2.66261535E-01  2.63828411E-01  2.62687905E-01  2.60389284E-01  2.58775890E-01  2.55770367E-01  2.53064860E-01  2.50272087E-01  2.47379145E-01  2.43338455E-01  2.40580893E-01  2.36406726E-01  2.32348080E-01  2.27820375E-01  2.23766628E-01  2.19169172E-01  2.14956999E-01  2.10035328E-01  2.04867485E-01  1.99984435E-01  1.95081707E-01  1.89779885E-01  1.84773922E-01  1.79002310E-01  1.73487357E-01  1.67939182E-01  1.62359421E-01  1.56774191E-01  1.51423972E-01  1.45747928E-01  1.40207783E-01  1.34454758E-01  1.28905205E-01  1.23058670E-01  1.17876518E-01  1.12045394E-01  1.06866192E-01  1.01460582E-01  9.62741346E-02  9.11361306E-02  8.61607292E-02  8.10582872E-02  7.62021732E-02  7.17284373E-02  6.70930555E-02  6.26013526E-02  5.83903481E-02  5.44442237E-02  5.04247108E-02  4.66917865E-02  4.30636842E-02  3.94975165E-02  3.63465198E-02  3.32104324E-02  3.02473491E-02  2.74213229E-02  2.48970778E-02  2.24097927E-02  2.01289164E-02  1.80579882E-02  1.60575686E-02  1.42719487E-02  1.25726604E-02  1.11080884E-02  9.69029220E-03  8.45769150E-03  7.35653863E-03  6.28591726E-03  5.42434107E-03  4.57147390E-03  3.89783986E-03  3.27493752E-03  2.70479401E-03  2.25116794E-03  1.85557321E-03  1.50662431E-03  1.21387205E-03  9.70684677E-04  7.72509296E-04  5.97723062E-04  4.65961354E-04  3.60677682E-04  2.71563614E-04  2.01401473E-04  1.49196708E-04  1.05920560E-04  7.76546204E-05  5.53589956E-05  3.83343985E-05  2.65286330E-05  1.60709692E-05  1.14475131E-05  6.65874543E-06  4.35586808E-06  2.75748124E-06  1.50397199E-06  1.06241378E-06  4.31367040E-07  2.49087960E-07  9.35089042E-08  3.54724712E-08  0.00000000E+00  0.00000000E+00  0.00000000E+00  0.00000000E+00  0.00000000E+00  0.00000000E+00  0.00000000E+00  0.00000000E+00  0.00000000E+00  0.00000000E+00  0.00000000E+00  0.00000000E+00  0.00000000E+00  0.00000000E+00  0.00000000E+00  0.00000000E+00  0.00000000E+00  0.00000000E+00  0.00000000E+00  0.00000000E+00  0.00000000E+00  0.00000000E+00  0.00000000E+00  0.00000000E+00  0.00000000E+00  0.00000000E+00  0.00000000E+00  0.00000000E+00  0.00000000E+00  0.00000000E+00  0.00000000E+00  0.00000000E+00  0.00000000E+00  0.00000000E+00  0.00000000E+00  0.00000000E+00  0.00000000E+00  0.00000000E+00  0.00000000E+00  0.00000000E+00  0.00000000E+00  0.00000000E+00  0.00000000E+00  0.00000000E+00  0.00000000E+00  0.00000000E+00  0.00000000E+00  0.00000000E+00  0.00000000E+00  0.00000000E+00  0.00000000E+00  0.00000000E+00  0.00000000E+00  0.00000000E+00  0.00000000E+00  0.00000000E+00  0.00000000E+00  0.00000000E+00  0.00000000E+00  0.00000000E+00  0.00000000E+00  0.00000000E+00  0.00000000E+00  0.00000000E+00  0.00000000E+00  0.00000000E+00  0.00000000E+00  0.00000000E+00  0.00000000E+00  0.00000000E+00  0.00000000E+00  0.00000000E+00  0.00000000E+00  0.00000000E+00  0.00000000E+00  0.00000000E+00  0.00000000E+00  0.00000000E+00  0.00000000E+00  0.00000000E+00  0.00000000E+00  0.00000000E+00  0.00000000E+00  0.00000000E+00  0.00000000E+00  0.00000000E+00  0.00000000E+00  0.00000000E+00  0.00000000E+00  0.00000000E+00  0.00000000E+00  0.00000000E+00  0.00000000E+00  0.00000000E+00
  2.68183642E-01  2.69995473E-01  2.69093437E-01  2.68715863E-01  2.66807477E-01  2.65510688E-01  2.64114314E-01  2.61717099E-01  2.60279554E-01  2.58408989E-01  2.55497851E-01  2.53129849E-01  2.50247106E-01  2.46815753E-01  2.43906363E-01  2.40501688E-01  2.36432107E-01  2.32038185E-01  2.28250829E-01  2.24054155E-01  2.19603694E-01  2.14794849E-01  2.10280932E-01  2.05425417E-01  2.00300287E-01  1.95291515E-01  1.89970542E-01  1.84469548E-01  1.79319112E-01  1.73588802E-01  1.67873874E-01  1.62611850E-01  1.56976371E-01  1.51425949E-01  1.45705329E-01  1.40057293E-01  1.34406419E-01  1.28662850E-01  1.23098906E-01  1.17617524E-01  1.12111839E-01  1.06823928E-01  1.01452711E-01  9.63017106E-02  9.10057898E-02  8.60111411E-02  8.11977763E-02  7.61893912E-02  7.15327570E-02  6.71226246E-02  6.27735363E-02  5.84509087E-02  5.43269191E-02  5.04435475E-02  4.65978969E-02  4.30344743E-02  3.95600537E-02  3.62024658E-02  3.30904889E-02  3.02816587E-02  2.74108011E-02  2.48410945E-02  2.24273589E-02  2.01823637E-02  1.80030816E-02  1.60101908E-02  1.43172013E-02  1.26041184E-02  1.10825293E-02  9.68993136E-03  8.41762912E-03  7.33581505E-03  6.32718221E-03  5.38938650E-03  4.60245257E-03  3.89941360E-03  3.28699141E-03  2.73371918E-03  2.25650786E-03  1.86051544E-03  1.50996816E-03  1.20803572E-03  9.80755790E-04  7.63224195E-04  6.12004469E-04  4.70233298E-04  3.65947105E-04  2.73973719E-04  1.96170248E-04  1.47569764E-04  1.06710802E-04  7.67175369E-05  5.42581754E-05  3.64988008E-05  2.43520490E-05  1.60813360E-05  1.13324612E-05  7.51534966E-06  4.01423958E-06  2.58832743E-06  1.59417816E-06  7.31374108E-07  3.37890773E-07  1.51100558E-07  1.86265406E-08  3.81723843E-08  6.05023330E-08  0.00000000E+00  0.00000000E+00  0.00000000E+00  0.00000000E+00  0.00000000E+00  0.00000000E+00  0.00000000E+00  0.00000000E+00  0.00000000E+00  0.00000000E+00  0.00000000E+00  0.00000000E+00  0.00000000E+00  0.00000000E+00  0.00000000E+00  0.00000000E+00  0.00000000E+00  0.00000000E+00  0.00000000E+00  0.00000000E+00  0.00000000E+00  0.00000000E+00  0.00000000E+00  0.00000000E+00  0.00000000E+00  0.00000000E+00  0.00000000E+00  0.00000000E+00  0.00000000E+00  0.00000000E+00  0.00000000E+00  0.00000000E+00  0.00000000E+00  0.00000000E+00  0.00000000E+00  0.00000000E+00  0.00000000E+00  0.00000000E+00  0.00000000E+00  0.00000000E+00  0.00000000E+00  0.00000000E+00  0.00000000E+00  0.00000000E+00  0.00000000E+00  0.00000000E+00  0.00000000E+00  0.00000000E+00  0.00000000E+00  0.00000000E+00  0.00000000E+00  0.00000000E+00  0.00000000E+00  0.00000000E+00  0.00000000E+00  0.00000000E+00  0.00000000E+00  0.00000000E+00  0.00000000E+00  0.00000000E+00  0.00000000E+00  0.00000000E+00  0.00000000E+00  0.00000000E+00  0.00000000E+00  0.00000000E+00  0.00000000E+00  0.00000000E+00  0.00000000E+00  0.00000000E+00  0.00000000E+00  0.00000000E+00  0.00000000E+00  0.00000000E+00  0.00000000E+00  0.00000000E+00  0.00000000E+00  0.00000000E+00  0.00000000E+00  0.00000000E+00  0.00000000E+00  0.00000000E+00  0.00000000E+00  0.00000000E+00  0.00000000E+00  0.00000000E+00  0.00000000E+00  0.00000000E+00  0.00000000E+00  0.00000000E+00  0.00000000E+00  0.00000000E+00  0.00000000E+00
  2.62832252E-01  2.60748151E-01  2.61577335E-01  2.61177499E-01  2.59461354E-01  2.58254034E-01  2.57542498E-01  2.55394826E-01  2.54078612E-01  2.51517275E-01  2.48644775E-01  2.46047336E-01  2.43633866E-01  2.40195921E-01  2.37076065E-01  2.33770550E-01  2.29764197E-01  2.26089385E-01  2.22348977E-01  2.17752408E-01  2.13490558E-01  2.08558592E-01  2.04183297E-01  1.99529221E-01  1.94570395E-01  1.89509148E-01  1.84742805E-01  1.79052057E-01  1.73965559E-01  1.68360540E-01  1.62922433E-01  1.57803590E-01  1.52182334E-01  1.46408634E-01  1.41357364E-01  1.35371015E-01  1.29877916E-01  1.24413265E-01  1.19111223E-01  1.13730209E-01  1.08433422E-01  1.03208832E-01  9.79210807E-02  9.28046426E-02  8.77587439E-02  8.29979178E-02  7.81755510E-02  7.34060477E-02  6.88751393E-02  6.45275654E-02  6.01526199E-02  5.61811518E-02  5.19885097E-02  4.82511847E-02  4.45305447E-02  4.11292199E-02  3.78226690E-02  3.46588528E-02  3.16779176E-02  2.87636233E-02  2.62098817E-02  2.36728827E-02  2.13494758E-02  1.92121156E-02  1.71346480E-02  1.53484519E-02  1.35880233E-02  1.20239192E-02  1.05388502E-02  9.19093010E-03  8.00954202E-03  6.90296244E-03  5.93710122E-03  5.10016835E-03  4.31544794E-03  3.65034751E-03  3.06276301E-03  2.54871287E-03  2.11512569E-03  1.71631531E-03  1.39613754E-03  1.15234044E-03  9.01913220E-04  7.06917785E-04  5.52774192E-04  4.26699896E-04  3.33096250E-04  2.47988904E-04  1.83841942E-04  1.40419234E-04  9.67670505E-05  6.80067104E-05  4.60273482E-05  3.57576840E-05  2.26046334E-05  1.50860382E-05  8.80583044E-06  6.76484152E-06  4.57766305E-06  2.21576920E-06  7.49282487E-07  1.15385205E-06  4.07932614E-07  8.61172541E-08  1.20413881E-07  6.14998915E-08  2.21536101E-08  9.75445778E-09  0.00000000E+00  0.00000000E+00  0.00000000E+00  0.00000000E+00  0.00000000E+00  0.00000000E+00  0.00000000E+00  0.00000000E+00  0.00000000E+00  0.00000000E+00  0.00000000E+00  0.00000000E+00  0.00000000E+00  0.00000000E+00  0.00000000E+00  0.00000000E+00  0.00000000E+00  0.00000000E+00  0.00000000E+00  0.00000000E+00  0.00000000E+00  0.00000000E+00  0.00000000E+00  0.00000000E+00  0.00000000E+00  0.00000000E+00  0.00000000E+00  0.00000000E+00  0.00000000E+00  0.00000000E+00  0.00000000E+00  0.00000000E+00  0.00000000E+00  0.00000000E+00  0.00000000E+00  0.00000000E+00  0.00000000E+00  0.00000000E+00  0.00000000E+00  0.00000000E+00  0.00000000E+00  0.00000000E+00  0.00000000E+00  0.00000000E+00  0.00000000E+00  0.00000000E+00  0.00000000E+00  0.00000000E+00  0.00000000E+00  0.00000000E+00  0.00000000E+00  0.00000000E+00  0.00000000E+00  0.00000000E+00  0.00000000E+00  0.00000000E+00  0.00000000E+00  0.00000000E+00  0.00000000E+00  0.00000000E+00  0.00000000E+00  0.00000000E+00  0.00000000E+00  0.00000000E+00  0.00000000E+00  0.00000000E+00  0.00000000E+00  0.00000000E+00  0.00000000E+00  0.00000000E+00  0.00000000E+00  0.00000000E+00  0.00000000E+00  0.00000000E+00  0.00000000E+00  0.00000000E+00  0.00000000E+00  0.00000000E+00  0.00000000E+00  0.00000000E+00  0.00000000E+00  0.00000000E+00  0.00000000E+00  0.00000000E+00  0.00000000E+00  0.00000000E+00  0.00000000E+00  0.00000000E+00  0.00000000E+00  0.00000000E+00  0.00000000E+00  0.00000000E+00
  2.73675742E-01  2.69802110E-01  2.69425990E-01  2.68828352E-01  2.67634694E-01  2.66890141E-01  2.64683148E-01  2.63340320E-01  2.61209384E-01  2.59040658E-01  2.56475006E-01  2.53744073E-01  2.50524504E-01  2.47267641E-01  2.43971602E-01  2.40424913E-01  2.36973515E-01  2.33132603E-01  2.28358480E-01  2.24309714E-01  2.19693809E-01  2.14911675E-01  2.10346591E-01  2.05238787E-01  2.00324140E-01  1.95101581E-01  1.89959428E-01  1.84870874E-01  1.78957236E-01  1.73534106E-01  1.68244949E-01  1.62590170E-01  1.56865877E-01  1.51325019E-01  1.45536748E-01  1.40081413E-01  1.34226267E-01  1.28627514E-01  1.23052149E-01  1.17643064E-01  1.12221203E-01  1.06550838E-01  1.01372412E-01  9.61956702E-02  9.11501219E-02  8.60801823E-02  8.11680203E-02  7.63552091E-02  7.15857648E-02  6.71105822E-02  6.26532149E-02  5.83550173E-02  5.42654320E-02  5.03153970E-02  4.64695253E-02  4.29848261E-02  3.94911573E-02  3.61963178E-02  3.30934262E-02  3.01308932E-02  2.74366767E-02  2.47455188E-02  2.23365618E-02  2.00741655E-02  1.80838737E-02  1.60061828E-02  1.42074507E-02  1.25202453E-02  1.10719296E-02  9.65701598E-03  8.41497243E-03  7.32109766E-03  6.28626677E-03  5.36780312E-03  4.56614006E-03  3.87023890E-03  3.24172162E-03  2.70406035E-03  2.26817814E-03  1.83781073E-03  1.50716939E-03  1.19600998E-03  9.52854281E-04  7.68126232E-04  6.02721946E-04  4.55966518E-04  3.56864218E-04  2.71841159E-04  1.96674252E-04  1.45711165E-04  1.06221642E-04  7.32079921E-05  5.25414018E-05  3.78394904E-05  2.60739044E-05  1.70853663E-05  1.03977815E-05  7.20023962E-06  3.62077977E-06  2.70169712E-06  1.47775044E-06  8.21936393E-07  3.73452155E-07  2.13916693E-07  3.50988867E-08  7.96461942E-08  5.51036043E-08  2.97769160E-08  1.84390465E-08  9.74434846E-09  0.00000000E+00  0.00000000E+00  0.00000000E+00  0.00000000E+00  0.00000000E+00  0.00000000E+00  0.00000000E+00  0.00000000E+00  0.00000000E+00  0.00000000E+00  0.00000000E+00  0.00000000E+00  0.00000000E+00  0.00000000E+00  0.00000000E+00  0.00000000E+00  0.00000000E+00  0.00000000E+00  0.00000000E+00  0.00000000E+00  0.00000000E+00  0.00000000E+00  0.00000000E+00  0.00000000E+00  0.00000000E+00  0.00000000E+00  0.00000000E+00  0.00000000E+00  0.00000000E+00  0.00000000E+00  0.00000000E+00  0.00000000E+00  0.00000000E+00  0.00000000E+00  0.00000000E+00  0.00000000E+00  0.00000000E+00  0.00000000E+00  0.00000000E+00  0.00000000E+00  0.00000000E+00  0.00000000E+00  0.00000000E+00  0.00000000E+00  0.00000000E+00  0.00000000E+00  0.00000000E+00  0.00000000E+00  0.00000000E+00  0.00000000E+00  0.00000000E+00  0.00000000E+00  0.00000000E+00  0.00000000E+00  0.00000000E+00  0.00000000E+00  0.00000000E+00  0.00000000E+00  0.00000000E+00  0.00000000E+00  0.00000000E+00  0.00000000E+00  0.00000000E+00  0.00000000E+00  0.00000000E+00  0.00000000E+00  0.00000000E+00  0.00000000E+00  0.00000000E+00  0.00000000E+00  0.00000000E+00  0.00000000E+00  0.00000000E+00  0.00000000E+00  0.00000000E+00  0.00000000E+00  0.00000000E+00  0.00000000E+00  0.00000000E+00  0.00000000E+00  0.00000000E+00  0.00000000E+00  0.00000000E+00  0.00000000E+00  0.00000000E+00  0.00000000E+00  0.00000000E+00  0.00000000E+00  0.00000000E+00  0.00000000E+00
  2.71444070E-01  2.69696497E-01  2.69758325E-01  2.67447780E-01  2.66770403E-01  2.66813182E-01  2.64324777E-01  2.62771258E-01  2.60873071E-01  2.58348801E-01  2.55887804E-01  2.53753907E-01  2.49891310E-01  2.47407326E-01  2.43488458E-01  2.40067227E-01  2.36046925E-01  2.32421161E-01  2.28193397E-01  2.23779434E-01  2.19341497E-01  2.14699031E-01  2.10579342E-01  2.05217693E-01  2.00022501E-01  1.95144441E-01  1.89820254E-01  1.84264121E-01  1.79234560E-01  1.73531118E-01  1.67698534E-01  1.62655157E-01  1.56970564E-01  1.51196715E-01  1.45747203E-01  1.39948731E-01  1.34289466E-01  1.28761327E-01  1.23269431E-01  1.17699765E-01  1.12293085E-01  1.06875777E-01  1.01536863E-01  9.61002586E-02  9.10245426E-02  8.61360736E-02  8.11280184E-02  7.64550506E-02  7.16869374E-02  6.71295604E-02  6.27053634E-02  5.85793367E-02  5.43320186E-02  5.04088040E-02  4.66633117E-02  4.29616280E-02  3.95507806E-02  3.62459122E-02  3.31605857E-02  3.02081499E-02  2.74906042E-02  2.49130204E-02  2.23738937E-02  2.01878783E-02  1.79914529E-02  1.60444896E-02  1.42615852E-02  1.26021926E-02  1.10900456E-02  9.71838097E-03  8.41744337E-03  7.27295271E-03  6.28972979E-03  5.39634442E-03  4.60195925E-03  3.87986793E-03  3.25114800E-03  2.71289599E-03  2.25518576E-03  1.83973312E-03  1.50922356E-03  1.22359467E-03  9.61617210E-04  7.58889454E-04  5.95216421E-04  4.57039124E-04  3.57528622E-04  2.70108501E-04  2.03538300E-04  1.48857890E-04  1.11566162E-04  7.32315369E-05  5.31510681E-05  3.68434975E-05  2.64010454E-05  1.59630662E-05  1.18543564E-05  7.56886099E-06  4.85439011E-06  3.13090213E-06  1.35975113E-06  1.38227510E-06  4.50554383E-07  3.42478992E-07  6.59020408E-08  2.62389456E-08  4.12077338E-08  5.65261007E-09  8.71190800E-09  0.00000000E+00  0.00000000E+00  0.00000000E+00  0.00000000E+00  0.00000000E+00  0.00000000E+00  0.00000000E+00  0.00000000E+00  0.00000000E+00  0.00000000E+00  0.00000000E+00  0.00000000E+00  0.00000000E+00  0.00000000E+00  0.00000000E+00  0.00000000E+00  0.00000000E+00  0.00000000E+00  0.00000000E+00  0.00000000E+00  0.00000000E+00  0.00000000E+00  0.00000000E+00  0.00000000E+00  0.00000000E+00  0.00000000E+00  0.00000000E+00  0.00000000E+00  0.00000000E+00  0.00000000E+00  0.00000000E+00  0.00000000E+00  0.00000000E+00  0.00000000E+00  0.00000000E+00  0.00000000E+00  0.00000000E+00  0.00000000E+00  0.00000000E+00  0.00000000E+00  0.00000000E+00  0.00000000E+00  0.00000000E+00  0.00000000E+00  0.00000000E+00  0.00000000E+00  0.00000000E+00  0.00000000E+00  0.00000000E+00  0.00000000E+00  0.00000000E+00  0.00000000E+00  0.00000000E+00  0.00000000E+00  0.00000000E+00  0.00000000E+00  0.00000000E+00  0.00000000E+00  0.00000000E+00  0.00000000E+00  0.00000000E+00  0.00000000E+00  0.00000000E+00  0.00000000E+00  0.00000000E+00  0.00000000E+00  0.00000000E+00  0.00000000E+00  0.00000000E+00  0.00000000E+00  0.00000000E+00  0.00000000E+00  0.00000000E+00  0.00000000E+00  0.00000000E+00  0.00000000E+00  0.00000000E+00  0.00000000E+00  0.00000000E+00  0.00000000E+00  0.00000000E+00  0.00000000E+00  0.00000000E+00  0.00000000E+00  0.00000000E+00  0.00000000E+00  0.00000000E+00  0.00000000E+00  0.00000000E+00  0.00000000E+00  0.00000000E+00
  2.70469404E-01  2.69273229E-01  2.68637442E-01  2.68625461E-01  2.67723984E-01  2.66353344E-01  2.64505233E-01  2.63521270E-01  2.60727613E-01  2.59223996E-01  2.56195411E-01  2.53508419E-01  2.50585958E-01  2.47758159E-01  2.44071152E-01  2.40628276E-01  2.36452135E-01  2.32803388E-01  2.28439969E-01  2.24263168E-01  2.19489234E-01  2.14748896E-01  2.10056764E-01  2.05409321E-01  2.00470984E-01  1.95015430E-01  1.89956980E-01  1.84482755E-01  1.79157681E-01  1.73353781E-01  1.68172455E-01  1.62811123E-01  1.56987550E-01  1.51307183E-01  1.45888220E-01  1.40046201E-01  1.34362693E-01  1.28798908E-01  1.23389422E-01  1.17740630E-01  1.12104846E-01  1.06723618E-01  1.01441648E-01  9.61392497E-02  9.10234935E-02  8.60879390E-02  8.11484277E-02  7.61913674E-02  7.15803364E-02  6.68879532E-02  6.25693254E-02  5.84483293E-02  5.42123166E-02  5.02943769E-02  4.66015795E-02  4.29523183E-02  3.95292943E-02  3.61852984E-02  3.31476342E-02  3.01817749E-02  2.73943011E-02  2.48298950E-02  2.24183078E-02  2.01467719E-02  1.80042782E-02  1.60596700E-02  1.41789711E-02  1.25791574E-02  1.10530216E-02  9.67809819E-03  8.42315493E-03  7.28689719E-03  6.23237486E-03  5.35937086E-03  4.57282732E-03  3.87283077E-03  3.23854185E-03  2.69818005E-03  2.24666018E-03  1.84040265E-03  1.47246731E-03  1.19203834E-03  9.66515848E-04  7.65104425E-04  5.96478357E-04  4.57288281E-04  3.50329901E-04  2.63319613E-04  2.00896279E-04  1.48776554E-04  1.05694436E-04  7.43371733E-05  5.26934742E-05  3.56213239E-05  2.36610705E-05  1.61112367E-05  1.17540597E-05  8.19693202E-06  4.35113884E-06  3.18397965E-06  1.41069319E-06  9.87059162E-07  4.15221185E-07  3.17295334E-07  6.04599797E-08  5.19897258E-08  5.93245809E-08  1.67922070E-08  0.00000000E+00  0.00000000E+00  0.00000000E+00  0.00000000E+00  0.00000000E+00  0.00000000E+00  0.00000000E+00  0.00000000E+00  0.00000000E+00  0.00000000E+00  0.00000000E+00  0.00000000E+00  0.00000000E+00  0.00000000E+00  0.00000000E+00  0.00000000E+00  0.00000000E+00  0.00000000E+00  0.00000000E+00  0.00000000E+00  0.00000000E+00  0.00000000E+00  0.00000000E+00  0.00000000E+00  0.00000000E+00  0.00000000E+00  0.00000000E+00  0.00000000E+00  0.00000000E+00  0.00000000E+00  0.00000000E+00  0.00000000E+00  0.00000000E+00  0.00000000E+00  0.00000000E+00  0.00000000E+00  0.00000000E+00  0.00000000E+00  0.00000000E+00  0.00000000E+00  0.00000000E+00  0.00000000E+00  0.00000000E+00  0.00000000E+00  0.00000000E+00  0.00000000E+00  0.00000000E+00  0.00000000E+00  0.00000000E+00  0.00000000E+00  0.00000000E+00  0.00000000E+00  0.00000000E+00  0.00000000E+00  0.00000000E+00  0.00000000E+00  0.00000000E+00  0.00000000E+00  0.00000000E+00  0.00000000E+00  0.00000000E+00  0.00000000E+00  0.00000000E+00  0.00000000E+00  0.00000000E+00  0.00000000E+00  0.00000000E+00  0.00000000E+00  0.00000000E+00  0.00000000E+00  0.00000000E+00  0.00000000E+00  0.00000000E+00  0.00000000E+00  0.00000000E+00  0.00000000E+00  0.00000000E+00  0.00000000E+00  0.00000000E+00  0.00000000E+00  0.00000000E+00  0.00000000E+00  0.00000000E+00  0.00000000E+00  0.00000000E+00  0.00000000E+00  0.00000000E+00  0.00000000E+00  0.00000000E+00  0.00000000E+00  0.00000000E+00  0.00000000E+00
  2.72684424E-01  2.70117686E-01  2.68334846E-01  2.69201070E-01  2.66409162E-01  2.65449718E-01  2.64059551E-01  2.62154569E-01  2.60720148E-01  2.58108545E-01  2.55379822E-01  2.52366502E-01  2.49881162E-01  2.46638785E-01  2.42916388E-01  2.39600320E-01  2.36023307E-01  2.31679743E-01  2.28172350E-01  2.23940260E-01  2.19420161E-01  2.14222303E-01  2.09552570E-01  2.04850360E-01  2.00095922E-01  1.94983288E-01  1.89662412E-01  1.84194367E-01  1.78667178E-01  1.72945592E-01  1.67594638E-01  1.62021213E-01  1.56552658E-01  1.50975484E-01  1.45365424E-01  1.39694263E-01  1.34194788E-01  1.28581986E-01  1.23114170E-01  1.17274329E-01  1.11874069E-01  1.06588754E-01  1.01288603E-01  9.60479601E-02  9.08813307E-02  8.58657596E-02  8.09964066E-02  7.60096783E-02  7.14729027E-02  6.68319423E-02  6.24487973E-02  5.82790565E-02  5.42024688E-02  5.01830841E-02  4.64401351E-02  4.27799748E-02  3.93632191E-02  3.61791041E-02  3.30924206E-02  3.01239150E-02  2.73681424E-02  2.46864258E-02  2.23344010E-02  2.01137160E-02  1.79307383E-02  1.59838250E-02  1.42077367E-02  1.26006661E-02  1.10575803E-02  9.69636021E-03  8.45230176E-03  7.30673121E-03  6.29711582E-03  5.39980446E-03  4.56063459E-03  3.87037405E-03  3.24848499E-03  2.72785722E-03  2.25415088E-03  1.84612644E-03  1.50164821E-03  1.21209685E-03  9.75498708E-04  7.62491418E-04  6.00618453E-04  4.59770486E-04  3.55288682E-04  2.66885453E-04  1.99823662E-04  1.50041635E-04  1.09225232E-04  7.72162443E-05  5.38942358E-05  3.74259173E-05  2.51347999E-05  1.65491658E-05  1.14417370E-05  7.00304088E-06  4.56226055E-06  2.35708845E-06  1.50391343E-06  7.53485604E-07  3.58770889E-07  1.61134301E-07  2.36383641E-07  1.22362887E-07  5.24168389E-09  2.40172738E-08  0.00000000E+00  0.00000000E+00  0.00000000E+00  0.00000000E+00  0.00000000E+00  0.00000000E+00  0.00000000E+00  0.00000000E+00  0.00000000E+00  0.00000000E+00  0.00000000E+00  0.00000000E+00  0.00000000E+00  0.00000000E+00  0.00000000E+00  0.00000000E+00  0.00000000E+00  0.00000000E+00  0.00000000E+00  0.00000000E+00  0.00000000E+00  0.00000000E+00  0.00000000E+00  0.00000000E+00  0.00000000E+00  0.00000000E+00  0.00000000E+00  0.00000000E+00  0.00000000E+00  0.00000000E+00  0.00000000E+00  0.00000000E+00  0.00000000E+00  0.00000000E+00  0.00000000E+00  0.00000000E+00  0.00000000E+00  0.00000000E+00  0.00000000E+00  0.00000000E+00  0.00000000E+00  0.00000000E+00  0.00000000E+00  0.00000000E+00  0.00000000E+00  0.00000000E+00  0.00000000E+00  0.00000000E+00  0.00000000E+00  0.00000000E+00  0.00000000E+00  0.00000000E+00  0.00000000E+00  0.00000000E+00  0.00000000E+00  0.00000000E+00  0.00000000E+00  0.00000000E+00  0.00000000E+00  0.00000000E+00  0.00000000E+00  0.00000000E+00  0.00000000E+00  0.00000000E+00  0.00000000E+00  0.00000000E+00  0.00000000E+00  0.00000000E+00  0.00000000E+00  0.00000000E+00  0.00000000E+00  0.00000000E+00  0.00000000E+00  0.00000000E+00  0.00000000E+00  0.00000000E+00  0.00000000E+00  0.00000000E+00  0.00000000E+00  0.00000000E+00  0.00000000E+00  0.00000000E+00  0.00000000E+00  0.00000000E+00  0.00000000E+00  0.00000000E+00  0.00000000E+00  0.00000000E+00  0.00000000E+00  0.00000000E+00  0.00000000E+00  0.00000000E+00
  2.64009167E-01  2.64744171E-01  2.63407282E-01  2.62805407E-01  2.61842583E-01  2.60080421E-01  2.59339227E-01  2.57773810E-01  2.56282174E-01  2.53091312E-01  2.50580272E-01  2.47990843E-01  2.45643453E-01  2.42962000E-01  2.39422990E-01  2.35202174E-01  2.31603761E-01  2.27488638E-01  2.24118523E-01  2.19755001E-01  2.15477740E-01  2.10726413E-01  2.06063584E-01  2.01398093E-01  1.95972047E-01  1.91335970E-01  1.85764036E-01  1.81246241E-01  1.75469688E-01  1.69994566E-01  1.64919269E-01  1.59417721E-01  1.53797232E-01  1.48430711E-01  1.42750195E-01  1.37037873E-01  1.31637956E-01  1.25896310E-01  1.20545276E-01  1.15001133E-01  1.09434607E-01  1.04531527E-01  9.90388000E-02  9.38011807E-02  8.90889086E-02  8.41696975E-02  7.89896830E-02  7.45840846E-02  6.98981307E-02  6.55356927E-02  6.11133354E-02  5.70254681E-02  5.30505083E-02  4.91379541E-02  4.52655842E-02  4.19448177E-02  3.85069687E-02  3.53848594E-02  3.22778042E-02  2.93907867E-02  2.67020534E-02  2.41430519E-02  2.17724346E-02  1.95280617E-02  1.74823081E-02  1.56095750E-02  1.38018191E-02  1.22246903E-02  1.07284049E-02  9.35965565E-03  8.17830819E-03  7.07987506E-03  6.07074244E-03  5.23378294E-03  4.41196430E-03  3.72236563E-03  3.14095691E-03  2.63348757E-03  2.15785094E-03  1.80667274E-03  1.44119444E-03  1.17571385E-03  9.24209657E-04  7.44430347E-04  5.85198683E-04  4.49008547E-04  3.40564544E-04  2.58795857E-04  1.92903882E-04  1.44151080E-04  9.88900703E-05  7.50636902E-05  4.78821144E-05  3.44916507E-05  2.43830463E-05  1.61466778E-05  1.09035036E-05  6.65161552E-06  3.77082516E-06  1.93752617E-06  1.40972524E-06  7.78920734E-07  3.80527166E-07  2.30050436E-07  1.52948359E-07  3.74070646E-08  2.47038830E-08  0.00000000E+00  3.09168527E-08  2.88324771E-08  0.00000000E+00  0.00000000E+00  0.00000000E+00  0.00000000E+00  0.00000000E+00  0.00000000E+00  0.00000000E+00  0.00000000E+00  0.00000000E+00  0.00000000E+00  0.00000000E+00  0.00000000E+00  0.00000000E+00  0.00000000E+00  0.00000000E+00  0.00000000E+00  0.00000000E+00  0.00000000E+00  0.00000000E+00  0.00000000E+00  0.00000000E+00  0.00000000E+00  0.00000000E+00  0.00000000E+00  0.00000000E+00  0.00000000E+00  0.00000000E+00  0.00000000E+00  0.00000000E+00  0.00000000E+00  0.00000000E+00  0.00000000E+00  0.00000000E+00  0.00000000E+00  0.00000000E+00  0.00000000E+00  0.00000000E+00  0.00000000E+00  0.00000000E+00  0.00000000E+00  0.00000000E+00  0.00000000E+00  0.00000000E+00  0.00000000E+00  0.00000000E+00  0.00000000E+00  0.00000000E+00  0.00000000E+00  0.00000000E+00  0.00000000E+00  0.00000000E+00  0.00000000E+00  0.00000000E+00  0.00000000E+00  0.00000000E+00  0.00000000E+00  0.00000000E+00  0.00000000E+00  0.00000000E+00  0.00000000E+00  0.00000000E+00  0.00000000E+00  0.00000000E+00  0.00000000E+00  0.00000000E+00  0.00000000E+00  0.00000000E+00  0.00000000E+00  0.00000000E+00  0.00000000E+00  0.00000000E+00  0.00000000E+00  0.00000000E+00  0.00000000E+00  0.00000000E+00  0.00000000E+00  0.00000000E+00  0.00000000E+00  0.00000000E+00  0.00000000E+00  0.00000000E+00  0.00000000E+00  0.00000000E+00  0.00000000E+00  0.00000000E+00  0.00000000E+00  0.00000000E+00  0.00000000E+00  0.00000000E+00  0.00000000E+00
  2.69567564E-01  2.69130167E-01  2.67984850E-01  2.67269190E-01  2.66037540E-01  2.65110117E-01  2.63518101E-01  2.62265666E-01  2.59927080E-01  2.58130344E-01  2.55167407E-01  2.52969832E-01  2.49613728E-01  2.46585074E-01  2.43769413E-01  2.39724327E-01  2.35987358E-01  2.31932382E-01  2.28479681E-01  2.23761501E-01  2.19399943E-01  2.14535275E-01  2.09811290E-01  2.05264225E-01  1.99903922E-01  1.94708113E-01  1.89648959E-01  1.84277749E-01  1.79032248E-01  1.73587257E-01  1.67886345E-01  1.62658911E-01  1.56846315E-01  1.51230408E-01  1.45659090E-01  1.40134014E-01  1.34825939E-01  1.28687458E-01  1.23287023E-01  1.17931469E-01  1.12455435E-01  1.06995364E-01  1.01438593E-01  9.65234170E-02  9.10791031E-02  8.61788600E-02  8.12886233E-02  7.65225515E-02  7.17310678E-02  6.71927504E-02  6.27159161E-02  5.85502956E-02  5.44490534E-02  5.04019977E-02  4.66485401E-02  4.30277348E-02  3.95654225E-02  3.62657657E-02  3.32584176E-02  3.03035559E-02  2.75565188E-02  2.49100973E-02  2.24153348E-02  2.01533559E-02  1.80165786E-02  1.60993185E-02  1.42952992E-02  1.25932416E-02  1.10813635E-02  9.71195381E-03  8.42573440E-03  7.33357985E-03  6.29460534E-03  5.39745338E-03  4.61741456E-03  3.88072832E-03  3.24220388E-03  2.72300544E-03  2.25333489E-03  1.83224808E-03  1.50355455E-03  1.20863493E-03  9.66390687E-04  7.67821901E-04  6.12091566E-04  4.64746066E-04  3.46655518E-04  2.65568091E-04  1.99933864E-04  1.47823841E-04  1.08607993E-04  7.99389603E-05  5.48728992E-05  3.91284422E-05  2.74079454E-05  1.51235591E-05  1.10884404E-05  7.35044321E-06  4.27616999E-06  2.26913491E-06  1.28111672E-06  7.97956862E-07  7.56078205E-07  3.67435076E-07  1.10814960E-07  5.65060269E-08  0.00000000E+00  0.00000000E+00  1.13676514E-08  0.00000000E+00  0.00000000E+00  0.00000000E+00  0.00000000E+00  0.00000000E+00  0.00000000E+00  0.00000000E+00  0.00000000E+00  0.00000000E+00  0.00000000E+00  0.00000000E+00  0.00000000E+00  0.00000000E+00  0.00000000E+00  0.00000000E+00  0.00000000E+00  0.00000000E+00  0.00000000E+00  0.00000000E+00  0.00000000E+00  0.00000000E+00  0.00000000E+00  0.00000000E+00  0.00000000E+00  0.00000000E+00  0.00000000E+00  0.00000000E+00  0.00000000E+00  0.00000000E+00  0.00000000E+00  0.00000000E+00  0.00000000E+00  0.00000000E+00  0.00000000E+00  0.00000000E+00  0.00000000E+00  0.00000000E+00  0.00000000E+00  0.00000000E+00  0.00000000E+00  0.00000000E+00  0.00000000E+00  0.00000000E+00  0.00000000E+00  0.00000000E+00  0.00000000E+00  0.00000000E+00  0.00000000E+00  0.00000000E+00  0.00000000E+00  0.00000000E+00  0.00000000E+00  0.00000000E+00  0.00000000E+00  0.00000000E+00  0.00000000E+00  0.00000000E+00  0.00000000E+00  0.00000000E+00  0.00000000E+00  0.00000000E+00  0.00000000E+00  0.00000000E+00  0.00000000E+00  0.00000000E+00  0.00000000E+00  0.00000000E+00  0.00000000E+00  0.00000000E+00  0.00000000E+00  0.00000000E+00  0.00000000E+00  0.00000000E+00  0.00000000E+00  0.00000000E+00  0.00000000E+00  0.00000000E+00  0.00000000E+00  0.00000000E+00  0.00000000E+00  0.00000000E+00  0.00000000E+00  0.00000000E+00  0.00000000E+00  0.00000000E+00  0.00000000E+00  0.00000000E+00  0.00000000E+00  0.00000000E+00  0.00000000E+00  0.00000000E+00
  2.63963885E-01  2.60632284E-01  2.60427109E-01  2.60126905E-01  2.58490507E-01  2.58523520E-01  2.56718520E-01  2.55200305E-01  2.52449546E-01  2.51689312E-01  2.48738666E-01  2.45949849E-01  2.42824982E-01  2.39921049E-01  2.36644392E-01  2.33414169E-01  2.30186508E-01  2.25584919E-01  2.21396267E-01  2.17340926E-01  2.12869212E-01  2.08654346E-01  2.04115079E-01  1.99347105E-01  1.94039962E-01  1.89113531E-01  1.83939908E-01  1.79062751E-01  1.73787745E-01  1.68052996E-01  1.62948552E-01  1.57338216E-01  1.52129449E-01  1.46380495E-01  1.41243035E-01  1.35362946E-01  1.30139022E-01  1.24774152E-01  1.19064989E-01  1.13975898E-01  1.08417672E-01  1.03345586E-01  9.80222700E-02  9.28760622E-02  8.78476311E-02  8.28253591E-02  7.82550793E-02  7.34532030E-02  6.88941274E-02  6.44842317E-02  6.03214336E-02  5.61781102E-02  5.21220265E-02  4.84295919E-02  4.47711491E-02  4.12514949E-02  3.79609140E-02  3.47570833E-02  3.17530867E-02  2.88927289E-02  2.62655723E-02  2.38312879E-02  2.13849848E-02  1.91917526E-02  1.71950405E-02  1.53477205E-02  1.36151579E-02  1.20105185E-02  1.05903495E-02  9.23670704E-03  8.02729747E-03  6.97537828E-03  5.98645286E-03  5.17476778E-03  4.35908558E-03  3.68523452E-03  3.09204142E-03  2.58444289E-03  2.13810367E-03  1.73979689E-03  1.41858276E-03  1.14432464E-03  8.94997581E-04  7.30165089E-04  5.70403321E-04  4.47332995E-04  3.37168122E-04  2.47546994E-04  1.87523638E-04  1.37499750E-04  9.74651128E-05  6.96771101E-05  4.96893323E-05  3.31594489E-05  2.39467530E-05  1.45786738E-05  9.44559235E-06  6.15658518E-06  3.91092866E-06  2.28164481E-06  1.43733077E-06  1.30898081E-06  8.31133347E-07  9.99617876E-08  7.01809121E-08  1.42755436E-08  0.00000000E+00  8.58870973E-08  1.62948851E-08  0.00000000E+00  2.19258643E-08  0.00000000E+00  0.00000000E+00  0.00000000E+00  0.00000000E+00  0.00000000E+00  0.00000000E+00  0.00000000E+00  0.00000000E+00  0.00000000E+00  0.00000000E+00  0.00000000E+00  0.00000000E+00  0.00000000E+00  0.00000000E+00  0.00000000E+00  0.00000000E+00  0.00000000E+00  0.00000000E+00  0.00000000E+00  0.00000000E+00  0.00000000E+00  0.00000000E+00  0.00000000E+00  0.00000000E+00  0.00000000E+00  0.00000000E+00  0.00000000E+00  0.00000000E+00  0.00000000E+00  0.00000000E+00  0.00000000E+00  0.00000000E+00  0.00000000E+00  0.00000000E+00  0.00000000E+00  0.00000000E+00  0.00000000E+00  0.00000000E+00  0.00000000E+00  0.00000000E+00  0.00000000E+00  0.00000000E+00  0.00000000E+00  0.00000000E+00  0.00000000E+00  0.00000000E+00  0.00000000E+00  0.00000000E+00  0.00000000E+00  0.00000000E+00  0.00000000E+00  0.00000000E+00  0.00000000E+00  0.00000000E+00  0.00000000E+00  0.00000000E+00  0.00000000E+00  0.00000000E+00  0.00000000E+00  0.00000000E+00  0.00000000E+00  0.00000000E+00  0.00000000E+00  0.00000000E+00  0.00000000E+00  0.00000000E+00  0.00000000E+00  0.00000000E+00  0.00000000E+00  0.00000000E+00  0.00000000E+00  0.00000000E+00  0.00000000E+00  0.00000000E+00  0.00000000E+00  0.00000000E+00  0.00000000E+00  0.00000000E+00  0.00000000E+00  0.00000000E+00  0.00000000E+00  0.00000000E+00  0.00000000E+00  0.00000000E+00  0.00000000E+00  0.00000000E+00  0.00000000E+00  0.00000000E+00  0.00000000E+00
  2.70163381E-01  2.71410225E-01  2.69015201E-01  2.67862991E-01  2.67307182E-01  2.66802212E-01  2.63723992E-01  2.62213334E-01  2.60940097E-01  2.58735457E-01  2.55787837E-01  2.53130731E-01  2.50302015E-01  2.47341236E-01  2.43610565E-01  2.40172446E-01  2.36822620E-01  2.32907733E-01  2.28463649E-01  2.24332920E-01  2.19623134E-01  2.15126541E-01  2.10313946E-01  2.05365606E-01  2.00470428E-01  1.95103278E-01  1.90036217E-01  1.84564237E-01  1.79246446E-01  1.73618519E-01  1.68434941E-01  1.62789810E-01  1.57104103E-01  1.51211439E-01  1.45785225E-01  1.39826639E-01  1.34376210E-01  1.28855440E-01  1.23223490E-01  1.17547001E-01  1.12073249E-01  1.06719432E-01  1.01467878E-01  9.61588003E-02  9.08943984E-02  8.60150407E-02  8.10300898E-02  7.62702572E-02  7.15511239E-02  6.69241335E-02  6.25433430E-02  5.84008958E-02  5.42027856E-02  5.04296865E-02  4.65091145E-02  4.29619584E-02  3.94261412E-02  3.62120270E-02  3.31112926E-02  3.01975562E-02  2.73826456E-02  2.48346314E-02  2.23906363E-02  2.01318219E-02  1.79975066E-02  1.61004552E-02  1.42578433E-02  1.25854730E-02  1.10781495E-02  9.72251823E-03  8.46785912E-03  7.30243584E-03  6.34958697E-03  5.39543526E-03  4.59298620E-03  3.88631960E-03  3.25471029E-03  2.71199675E-03  2.23137769E-03  1.85411598E-03  1.51086662E-03  1.21002501E-03  9.61325193E-04  7.68980062E-04  6.03811546E-04  4.61028902E-04  3.59722134E-04  2.64181796E-04  2.04455913E-04  1.46659204E-04  1.07236757E-04  7.83401018E-05  5.36289768E-05  3.62572849E-05  2.56724337E-05  1.68784142E-05  1.20736475E-05  6.56902232E-06  4.02252969E-06  2.62881502E-06  1.63020643E-06  7.25496120E-07  5.19777157E-07  3.04262920E-07  4.15656983E-08  2.18724713E-08  1.52944207E-07  0.00000000E+00  0.00000000E+00  0.00000000E+00  0.00000000E+00  0.00000000E+00  0.00000000E+00  0.00000000E+00  0.00000000E+00  0.00000000E+00  0.00000000E+00  0.00000000E+00  0.00000000E+00  0.00000000E+00  0.00000000E+00  0.00000000E+00  0.00000000E+00  0.00000000E+00  0.00000000E+00  0.00000000E+00  0.00000000E+00  0.00000000E+00  0.00000000E+00  0.00000000E+00  0.00000000E+00  0.00000000E+00  0.00000000E+00  0.00000000E+00  0.00000000E+00  0.00000000E+00  0.00000000E+00  0.00000000E+00  0.00000000E+00  0.00000000E+00  0.00000000E+00  0.00000000E+00  0.00000000E+00  0.00000000E+00  0.00000000E+00  0.00000000E+00  0.00000000E+00  0.00000000E+00  0.00000000E+00  0.00000000E+00  0.00000000E+00  0.00000000E+00  0.00000000E+00  0.00000000E+00  0.00000000E+00  0.00000000E+00  0.00000000E+00  0.00000000E+00  0.00000000E+00  0.00000000E+00  0.00000000E+00  0.00000000E+00  0.00000000E+00  0.00000000E+00  0.00000000E+00  0.00000000E+00  0.00000000E+00  0.00000000E+00  0.00000000E+00  0.00000000E+00  0.00000000E+00  0.00000000E+00  0.00000000E+00  0.00000000E+00  0.00000000E+00  0.00000000E+00  0.00000000E+00  0.00000000E+00  0.00000000E+00  0.00000000E+00  0.00000000E+00  0.00000000E+00  0.00000000E+00  0.00000000E+00  0.00000000E+00  0.00000000E+00  0.00000000E+00  0.00000000E+00  0.00000000E+00  0.00000000E+00  0.00000000E+00  0.00000000E+00  0.00000000E+00  0.00000000E+00  0.00000000E+00  0.00000000E+00  0.00000000E+00  0.00000000E+00  0.00000000E+00  0.00000000E+00
  2.71449918E-01  2.70151669E-01  2.70910297E-01  2.69292781E-01  2.67209725E-01  2.66380962E-01  2.65262249E-01  2.62964823E-01  2.61041035E-01  2.59021749E-01  2.56120134E-01  2.53253713E-01  2.50516094E-01  2.47170694E-01  2.43978268E-01  2.40294187E-01  2.36500183E-01  2.32393539E-01  2.28509438E-01  2.23867447E-01  2.20060574E-01  2.15267933E-01  2.10142906E-01  2.05581354E-01  2.00704487E-01  1.95396818E-01  1.90026933E-01  1.84689743E-01  1.79102360E-01  1.73884241E-01  1.68388967E-01  1.62492997E-01  1.57051764E-01  1.51434992E-01  1.45780301E-01  1.39969323E-01  1.34270332E-01  1.28681628E-01  1.23182375E-01  1.17484817E-01  1.11977769E-01  1.06652809E-01  1.01227555E-01  9.61033700E-02  9.10539084E-02  8.57962942E-02  8.10916245E-02  7.61631667E-02  7.14535621E-02  6.68728872E-02  6.26476908E-02  5.83680120E-02  5.42880512E-02  5.04107735E-02  4.65295494E-02  4.29884861E-02  3.95576839E-02  3.62223331E-02  3.31955901E-02  3.02603280E-02  2.73489776E-02  2.47673368E-02  2.23453548E-02  2.00945527E-02  1.79546216E-02  1.60903238E-02  1.42577574E-02  1.25410389E-02  1.10347584E-02  9.69519333E-03  8.43139686E-03  7.30999534E-03  6.29246919E-03  5.38302494E-03  4.58856097E-03  3.90191837E-03  3.26497047E-03  2.71164932E-03  2.23759016E-03  1.85154577E-03  1.49841800E-03  1.21670783E-03  9.72028688E-04  7.64373090E-04  6.03700157E-04  4.65746482E-04  3.55089316E-04  2.62996976E-04  1.99368368E-04  1.44254457E-04  1.08678685E-04  7.73597218E-05  5.16354106E-05  3.67210388E-05  2.55452010E-05  1.65729026E-05  1.20230547E-05  7.13915432E-06  5.26378486E-06  3.25832383E-06  1.68596285E-06  8.96688285E-07  4.43313293E-07  1.39839208E-07  7.40819486E-08  3.89231716E-08  9.48140062E-08  4.69660078E-08  0.00000000E+00  0.00000000E+00  0.00000000E+00  0.00000000E+00  0.00000000E+00  0.00000000E+00  0.00000000E+00  0.00000000E+00  0.00000000E+00  0.00000000E+00  0.00000000E+00  0.00000000E+00  0.00000000E+00  0.00000000E+00  0.00000000E+00  0.00000000E+00  0.00000000E+00  0.00000000E+00  0.00000000E+00  0.00000000E+00  0.00000000E+00  0.00000000E+00  0.00000000E+00  0.00000000E+00  0.00000000E+00  0.00000000E+00  0.00000000E+00  0.00000000E+00  0.00000000E+00  0.00000000E+00  0.00000000E+00  0.00000000E+00  0.00000000E+00  0.00000000E+00  0.00000000E+00  0.00000000E+00  0.00000000E+00  0.00000000E+00  0.00000000E+00  0.00000000E+00  0.00000000E+00  0.00000000E+00  0.00000000E+00  0.00000000E+00  0.00000000E+00  0.00000000E+00  0.00000000E+00  0.00000000E+00  0.00000000E+00  0.00000000E+00  0.00000000E+00  0.00000000E+00  0.00000000E+00  0.00000000E+00  0.00000000E+00  0.00000000E+00  0.00000000E+00  0.00000000E+00  0.00000000E+00  0.00000000E+00  0.00000000E+00  0.00000000E+00  0.00000000E+00  0.00000000E+00  0.00000000E+00  0.00000000E+00  0.00000000E+00  0.00000000E+00  0.00000000E+00  0.00000000E+00  0.00000000E+00  0.00000000E+00  0.00000000E+00  0.00000000E+00  0.00000000E+00  0.00000000E+00  0.00000000E+00  0.00000000E+00  0.00000000E+00  0.00000000E+00  0.00000000E+00  0.00000000E+00  0.00000000E+00  0.00000000E+00  0.00000000E+00  0.00000000E+00  0.00000000E+00  0.00000000E+00  0.00000000E+00  0.00000000E+00  0.00000000E+00  0.00000000E+00
  2.68491774E-01  2.70384525E-01  2.69674403E-01  2.69185135E-01  2.67942610E-01  2.66781410E-01  2.64700269E-01  2.62860288E-01  2.60932930E-01  2.58936483E-01  2.55898436E-01  2.53549180E-01  2.50311465E-01  2.47535855E-01  2.43903167E-01  2.40414402E-01  2.36418870E-01  2.32546606E-01  2.28360320E-01  2.24014353E-01  2.19229722E-01  2.15021855E-01  2.09983560E-01  2.05434045E-01  2.00407777E-01  1.94915455E-01  1.90061232E-01  1.84661600E-01  1.79185713E-01  1.73788202E-01  1.68036482E-01  1.62575358E-01  1.57039483E-01  1.51277262E-01  1.45546549E-01  1.40031643E-01  1.34276797E-01  1.28906797E-01  1.23333844E-01  1.17657913E-01  1.12239848E-01  1.06618558E-01  1.01236633E-01  9.62989652E-02  9.11297876E-02  8.60785307E-02  8.12579344E-02  7.61076895E-02  7.16078573E-02  6.70739891E-02  6.26349764E-02  5.82913568E-02  5.43406090E-02  5.03237241E-02  4.65675123E-02  4.29283265E-02  3.95427886E-02  3.62368818E-02  3.31232226E-02  3.03069854E-02  2.74048718E-02  2.47902935E-02  2.23381147E-02  2.01423212E-02  1.79616178E-02  1.59919299E-02  1.42292762E-02  1.25776349E-02  1.10919889E-02  9.65078811E-03  8.45153743E-03  7.28229401E-03  6.30010976E-03  5.41616120E-03  4.58655681E-03  3.88647960E-03  3.24909367E-03  2.71928052E-03  2.24890062E-03  1.84328222E-03  1.48706423E-03  1.21970013E-03  9.62263606E-04  7.61165041E-04  5.96248868E-04  4.62799409E-04  3.51135964E-04  2.64549271E-04  1.94008481E-04  1.47538270E-04  1.06504642E-04  7.61182215E-05  5.03082444E-05  3.57162826E-05  2.43523863E-05  1.62450186E-05  1.11495063E-05  6.99483328E-06  3.96034420E-06  2.81937430E-06  1.35475195E-06  8.34411744E-07  8.46326266E-07  1.48960166E-07  1.44256161E-07  4.28666411E-08  1.02943363E-08  0.00000000E+00  0.00000000E+00  4.38038114E-09  4.27872911E-08  0.00000000E+00  0.00000000E+00  0.00000000E+00  0.00000000E+00  0.00000000E+00  0.00000000E+00  0.00000000E+00  0.00000000E+00  0.00000000E+00  0.00000000E+00  0.00000000E+00  0.00000000E+00  0.00000000E+00  0.00000000E+00  0.00000000E+00  0.00000000E+00  0.00000000E+00  0.00000000E+00  0.00000000E+00  0.00000000E+00  0.00000000E+00  0.00000000E+00  0.00000000E+00  0.00000000E+00  0.00000000E+00  0.00000000E+00  0.00000000E+00  0.00000000E+00  0.00000000E+00  0.00000000E+00  0.00000000E+00  0.00000000E+00  0.00000000E+00  0.00000000E+00  0.00000000E+00  0.00000000E+00  0.00000000E+00  0.00000000E+00  0.00000000E+00  0.00000000E+00  0.00000000E+00  0.00000000E+00  0.00000000E+00  0.00000000E+00  0.00000000E+00  0.00000000E+00  0.00000000E+00  0.00000000E+00  0.00000000E+00  0.00000000E+00  0.00000000E+00  0.00000000E+00  0.00000000E+00  0.00000000E+00  0.00000000E+00  0.00000000E+00  0.00000000E+00  0.00000000E+00  0.00000000E+00  0.00000000E+00  0.00000000E+00  0.00000000E+00  0.00000000E+00  0.00000000E+00  0.00000000E+00  0.00000000E+00  0.00000000E+00  0.00000000E+00  0.00000000E+00  0.00000000E+00  0.00000000E+00  0.00000000E+00  0.00000000E+00  0.00000000E+00  0.00000000E+00  0.00000000E+00  0.00000000E+00  0.00000000E+00  0.00000000E+00  0.00000000E+00  0.00000000E+00  0.00000000E+00  0.00000000E+00  0.00000000E+00  0.00000000E+00  0.00000000E+00  0.00000000E+00  0.00000000E+00  0.00000000E+00
  2.70676006E-01  2.70148086E-01  2.69425216E-01  2.68785367E-01  2.68524881E-01  2.66861546E-01  2.65238613E-01  2.63079121E-01  2.60996845E-01  2.58787561E-01  2.55905609E-01  2.53298057E-01  2.50651121E-01  2.47402654E-01  2.43931582E-01  2.40154520E-01  2.37047861E-01  2.32691453E-01  2.28761007E-01  2.24388391E-01  2.20010375E-01  2.14972984E-01  2.10003290E-01  2.05355008E-01  2.00339055E-01  1.95148773E-01  1.89902783E-01  1.84506039E-01  1.79067314E-01  1.73768581E-01  1.67949901E-01  1.62592390E-01  1.56611908E-01  1.51195951E-01  1.45321662E-01  1.39658439E-01  1.34144406E-01  1.28529474E-01  1.23196884E-01  1.17385399E-01  1.12034194E-01  1.06534646E-01  1.01370116E-01  9.58645450E-02  9.07490217E-02  8.59422157E-02  8.07866202E-02  7.60040251E-02  7.13783102E-02  6.68948027E-02  6.24989134E-02  5.81320859E-02  5.41366876E-02  5.02536348E-02  4.63598747E-02  4.28634209E-02  3.94250667E-02  3.61081803E-02  3.29717367E-02  3.00744332E-02  2.72891210E-02  2.47159180E-02  2.23023593E-02  2.00872353E-02  1.79776333E-02  1.59646985E-02  1.42059448E-02  1.25578010E-02  1.10440960E-02  9.65419816E-03  8.39528913E-03  7.30758686E-03  6.26504748E-03  5.37729939E-03  4.57874892E-03  3.84879810E-03  3.24243901E-03  2.71781190E-03  2.25733860E-03  1.84732561E-03  1.50526646E-03  1.19522694E-03  9.70537589E-04  7.70690954E-04  6.00373124E-04  4.61117263E-04  3.57899658E-04  2.71381468E-04  1.97458232E-04  1.49841496E-04  1.06487675E-04  7.31240252E-05  5.32333339E-05  3.78550647E-05  2.36661472E-05  1.73582329E-05  1.10774199E-05  7.32153052E-06  4.11708384E-06  2.96396343E-06  1.60025145E-06  7.33930433E-07  5.03097501E-07  1.22258599E-07  7.68196877E-08  8.96332534E-08  8.30425285E-09  0.00000000E+00  0.00000000E+00  1.05618896E-08  0.00000000E+00  0.00000000E+00  0.00000000E+00  0.00000000E+00  0.00000000E+00  0.00000000E+00  0.00000000E+00  0.00000000E+00  0.00000000E+00  0.00000000E+00  0.00000000E+00  0.00000000E+00  0.00000000E+00  0.00000000E+00  0.00000000E+00  0.00000000E+00  0.00000000E+00  0.00000000E+00  0.00000000E+00  0.00000000E+00  0.00000000E+00  0.00000000E+00  0.00000000E+00  0.00000000E+00  0.00000000E+00  0.00000000E+00  0.00000000E+00  0.00000000E+00  0.00000000E+00  0.00000000E+00  0.00000000E+00  0.00000000E+00  0.00000000E+00  0.00000000E+00  0.00000000E+00  0.00000000E+00  0.00000000E+00  0.00000000E+00  0.00000000E+00  0.00000000E+00  0.00000000E+00  0.00000000E+00  0.00000000E+00  0.00000000E+00  0.00000000E+00  0.00000000E+00  0.00000000E+00  0.00000000E+00  0.00000000E+00  0.00000000E+00  0.00000000E+00  0.00000000E+00  0.00000000E+00  0.00000000E+00  0.00000000E+00  0.00000000E+00  0.00000000E+00  0.00000000E+00  0.00000000E+00  0.00000000E+00  0.00000000E+00  0.00000000E+00  0.00000000E+00  0.00000000E+00  0.00000000E+00  0.00000000E+00  0.00000000E+00  0.00000000E+00  0.00000000E+00  0.00000000E+00  0.00000000E+00  0.00000000E+00  0.00000000E+00  0.00000000E+00  0.00000000E+00  0.00000000E+00  0.00000000E+00  0.00000000E+00  0.00000000E+00  0.00000000E+00  0.00000000E+00  0.00000000E+00  0.00000000E+00  0.00000000E+00  0.00000000E+00  0.00000000E+00  0.00000000E+00  0.00000000E+00  0.00000000E+00  0.00000000E+00
  2.70395892E-01  2.68528364E-01  2.70161580E-01  2.68483987E-01  2.68267762E-01  2.65888597E-01  2.65287332E-01  2.63191763E-01  2.61161515E-01  2.59452222E-01  2.56324279E-01  2.53593497E-01  2.51057102E-01  2.47985042E-01  2.43905650E-01  2.40546136E-01  2.36314223E-01  2.32417029E-01  2.28652373E-01  2.24094208E-01  2.19833713E-01  2.15239195E-01  2.10552809E-01  2.05469137E-01  2.00292003E-01  1.95211642E-01  1.89974628E-01  1.84364148E-01  1.79287511E-01  1.73809937E-01  1.68281736E-01  1.62637215E-01  1.56933045E-01  1.51334072E-01  1.45736058E-01  1.40007349E-01  1.34268015E-01  1.28711744E-01  1.23357239E-01  1.17562736E-01  1.12156801E-01  1.06934793E-01  1.01256754E-01  9.60777731E-02  9.08270055E-02  8.60028551E-02  8.11428288E-02  7.61984748E-02  7.15502840E-02  6.69476363E-02  6.25502793E-02  5.83876699E-02  5.41866392E-02  5.02716546E-02  4.65995301E-02  4.28744053E-02  3.94717398E-02  3.61880999E-02  3.30665911E-02  3.01611120E-02  2.74224113E-02  2.48376108E-02  2.24140111E-02  2.01028232E-02  1.79442729E-02  1.59817406E-02  1.42087885E-02  1.25400627E-02  1.10675453E-02  9.67595558E-03  8.43734416E-03  7.27070439E-03  6.26856820E-03  5.37052315E-03  4.60369264E-03  3.89119159E-03  3.24119016E-03  2.69457159E-03  2.23875063E-03  1.83288420E-03  1.49080721E-03  1.20381923E-03  9.47230031E-04  7.73881420E-04  6.06803978E-04  4.67198593E-04  3.60924377E-04  2.65556194E-04  2.03610178E-04  1.45735077E-04  1.05618265E-04  7.85137914E-05  5.44025061E-05  3.45777016E-05  2.42872636E-05  1.54131648E-05  1.17177234E-05  6.39519797E-06  4.31840502E-06  3.21356271E-06  1.59550595E-06  5.79921691E-07  3.29376661E-07  3.83719521E-07  9.71160727E-08  2.69347515E-08  1.33409215E-08  1.76224265E-08  0.00000000E+00  0.00000000E+00  0.00000000E+00  0.00000000E+00  0.00000000E+00  0.00000000E+00  0.00000000E+00  0.00000000E+00  0.00000000E+00  0.00000000E+00  0.00000000E+00  0.00000000E+00  0.00000000E+00  0.00000000E+00  0.00000000E+00  0.00000000E+00  0.00000000E+00  0.00000000E+00  0.00000000E+00  0.00000000E+00  0.00000000E+00  0.00000000E+00  0.00000000E+00  0.00000000E+00  0.00000000E+00  0.00000000E+00  0.00000000E+00  0.00000000E+00  0.00000000E+00  0.00000000E+00  0.00000000E+00  0.00000000E+00  0.00000000E+00  0.00000000E+00  0.00000000E+00  0.00000000E+00  0.00000000E+00  0.00000000E+00  0.00000000E+00  0.00000000E+00  0.00000000E+00  0.00000000E+00  0.00000000E+00  0.00000000E+00  0.00000000E+00  0.00000000E+00  0.00000000E+00  0.00000000E+00  0.00000000E+00  0.00000000E+00  0.00000000E+00  0.00000000E+00  0.00000000E+00  0.00000000E+00  0.00000000E+00  0.00000000E+00  0.00000000E+00  0.00000000E+00  0.00000000E+00  0.00000000E+00  0.00000000E+00  0.00000000E+00  0.00000000E+00  0.00000000E+00  0.00000000E+00  0.00000000E+00  0.00000000E+00  0.00000000E+00  0.00000000E+00  0.00000000E+00  0.00000000E+00  0.00000000E+00  0.00000000E+00  0.00000000E+00  0.00000000E+00  0.00000000E+00  0.00000000E+00  0.00000000E+00  0.00000000E+00  0.00000000E+00  0.00000000E+00  0.00000000E+00  0.00000000E+00  0.00000000E+00  0.00000000E+00  0.00000000E+00  0.00000000E+00  0.00000000E+00  0.00000000E+00  0.00000000E+00  0.00000000E+00  0.00000000E+00
  2.68340792E-01  2.69851209E-01  2.68422572E-01  2.67395583E-01  2.65860149E-01  2.66052873E-01  2.63884064E-01  2.61925782E-01  2.60342192E-01  2.58258217E-01  2.56039381E-01  2.52966494E-01  2.50071303E-01  2.47140782E-01  2.43176480E-01  2.39834130E-01  2.36131257E-01  2.32573317E-01  2.28175689E-01  2.24356457E-01  2.19552961E-01  2.14552216E-01  2.10103674E-01  2.05374704E-01  2.00178279E-01  1.95178590E-01  1.89571245E-01  1.84653830E-01  1.79057926E-01  1.73761940E-01  1.68209397E-01  1.62557762E-01  1.56826139E-01  1.51140917E-01  1.45770140E-01  1.40182566E-01  1.34378251E-01  1.29019459E-01  1.23234560E-01  1.17772420E-01  1.12185537E-01  1.06704682E-01  1.01446639E-01  9.61959979E-02  9.11891281E-02  8.60438173E-02  8.10852188E-02  7.62352630E-02  7.16828223E-02  6.72433444E-02  6.27371181E-02  5.84710127E-02  5.43034794E-02  5.04111215E-02  4.66056942E-02  4.29122361E-02  3.95913355E-02  3.62063779E-02  3.32808851E-02  3.02467458E-02  2.74488887E-02  2.48625823E-02  2.24569121E-02  2.01681517E-02  1.80532591E-02  1.61591739E-02  1.42700167E-02  1.26101757E-02  1.10343350E-02  9.67806587E-03  8.45318820E-03  7.28813541E-03  6.32685569E-03  5.39850623E-03  4.60222500E-03  3.89559431E-03  3.24205343E-03  2.71297105E-03  2.25831251E-03  1.85374952E-03  1.50713691E-03  1.21143548E-03  9.76841492E-04  7.70621326E-04  6.05623279E-04  4.56999141E-04  3.53863114E-04  2.64933824E-04  2.01997485E-04  1.47728332E-04  1.03710742E-04  7.62716823E-05  5.16604540E-05  3.47348140E-05  2.57046539E-05  1.49216724E-05  1.02665912E-05  6.88010020E-06  4.52864788E-06  2.71984997E-06  1.50796060E-06  9.83999703E-07  3.36755727E-07  2.14441159E-07  1.43330061E-07  1.13577186E-07  2.68491523E-08  8.23314537E-09  1.88244551E-09  0.00000000E+00  0.00000000E+00  0.00000000E+00  0.00000000E+00  0.00000000E+00  0.00000000E+00  0.00000000E+00  0.00000000E+00  0.00000000E+00  0.00000000E+00  0.00000000E+00  0.00000000E+00  0.00000000E+00  0.00000000E+00  0.00000000E+00  0.00000000E+00  0.00000000E+00  0.00000000E+00  0.00000000E+00  0.00000000E+00  0.00000000E+00  0.00000000E+00  0.00000000E+00  0.00000000E+00  0.00000000E+00  0.00000000E+00  0.00000000E+00  0.00000000E+00  0.00000000E+00  0.00000000E+00  0.00000000E+00  0.00000000E+00  0.00000000E+00  0.00000000E+00  0.00000000E+00  0.00000000E+00  0.00000000E+00  0.00000000E+00  0.00000000E+00  0.00000000E+00  0.00000000E+00  0.00000000E+00  0.00000000E+00  0.00000000E+00  0.00000000E+00  0.00000000E+00  0.00000000E+00  0.00000000E+00  0.00000000E+00  0.00000000E+00  0.00000000E+00  0.00000000E+00  0.00000000E+00  0.00000000E+00  0.00000000E+00  0.00000000E+00  0.00000000E+00  0.00000000E+00  0.00000000E+00  0.00000000E+00  0.00000000E+00  0.00000000E+00  0.00000000E+00  0.00000000E+00  0.00000000E+00  0.00000000E+00  0.00000000E+00  0.00000000E+00  0.00000000E+00  0.00000000E+00  0.00000000E+00  0.00000000E+00  0.00000000E+00  0.00000000E+00  0.00000000E+00  0.00000000E+00  0.00000000E+00  0.00000000E+00  0.00000000E+00  0.00000000E+00  0.00000000E+00  0.00000000E+00  0.00000000E+00  0.00000000E+00  0.00000000E+00  0.00000000E+00  0.00000000E+00  0.00000000E+00  0.00000000E+00  0.00000000E+00  0.00000000E+00
  2.67799026E-01  2.69252261E-01  2.69584982E-01  2.68903453E-01  2.67409068E-01  2.66240927E-01  2.63417609E-01  2.63256562E-01  2.61108235E-01  2.59079854E-01  2.56192163E-01  2.53622068E-01  2.50701192E-01  2.47425878E-01  2.43897062E-01  2.40584259E-01  2.36262526E-01  2.32903243E-01  2.28405292E-01  2.24179448E-01  2.19996955E-01  2.15522186E-01  2.10683170E-01  2.05714557E-01  2.00480971E-01  1.95526662E-01  1.89774536E-01  1.84696488E-01  1.79223236E-01  1.73822451E-01  1.68169771E-01  1.62748524E-01  1.57319853E-01  1.51575392E-01  1.45835406E-01  1.39929988E-01  1.34314455E-01  1.28767011E-01  1.23310497E-01  1.17747856E-01  1.12105022E-01  1.06813472E-01  1.01378420E-01  9.62437880E-02  9.10297065E-02  8.60076709E-02  8.09972100E-02  7.62584595E-02  7.14999668E-02  6.68857261E-02  6.24979401E-02  5.83656676E-02  5.41685602E-02  5.01639172E-02  4.66223831E-02  4.26523322E-02  3.92571801E-02  3.60410172E-02  3.30246297E-02  3.00941792E-02  2.73198874E-02  2.48272720E-02  2.22752983E-02  2.00706028E-02  1.79524637E-02  1.60599537E-02  1.42457897E-02  1.25281294E-02  1.10622070E-02  9.70911092E-03  8.40830169E-03  7.29496501E-03  6.30983278E-03  5.36905971E-03  4.62779793E-03  3.86321987E-03  3.25408006E-03  2.72006441E-03  2.25414478E-03  1.85990022E-03  1.50024324E-03  1.22272108E-03  9.83622764E-04  7.66224088E-04  6.09990522E-04  4.56536327E-04  3.60909762E-04  2.74322328E-04  2.01138550E-04  1.47380725E-04  1.08416066E-04  7.44801869E-05  5.23228529E-05  3.72916313E-05  2.64772055E-05  1.69535438E-05  1.08647861E-05  7.33074995E-06  4.32623297E-06  2.42691636E-06  1.57537412E-06  8.05800938E-07  3.70020302E-07  4.25761900E-07  2.01705071E-07  4.78469090E-08  0.00000000E+00  0.00000000E+00  0.00000000E+00  0.00000000E+00  0.00000000E+00  0.00000000E+00  0.00000000E+00  0.00000000E+00  0.00000000E+00  0.00000000E+00  0.00000000E+00  0.00000000E+00  0.00000000E+00  0.00000000E+00  0.00000000E+00  0.00000000E+00  0.00000000E+00  0.00000000E+00  0.00000000E+00  0.00000000E+00  0.00000000E+00  0.00000000E+00  0.00000000E+00  0.00000000E+00  0.00000000E+00  0.00000000E+00  0.00000000E+00  0.00000000E+00  0.00000000E+00  0.00000000E+00  0.00000000E+00  0.00000000E+00  0.00000000E+00  0.00000000E+00  0.00000000E+00  0.00000000E+00  0.00000000E+00  0.00000000E+00  0.00000000E+00  0.00000000E+00  0.00000000E+00  0.00000000E+00  0.00000000E+00  0.00000000E+00  0.00000000E+00  0.00000000E+00  0.00000000E+00  0.00000000E+00  0.00000000E+00  0.00000000E+00  0.00000000E+00  0.00000000E+00  0.00000000E+00  0.00000000E+00  0.00000000E+00  0.00000000E+00  0.00000000E+00  0.00000000E+00  0.00000000E+00  0.00000000E+00  0.00000000E+00  0.00000000E+00  0.00000000E+00  0.00000000E+00  0.00000000E+00  0.00000000E+00  0.00000000E+00  0.00000000E+00  0.00000000E+00  0.00000000E+00  0.00000000E+00  0.00000000E+00  0.00000000E+00  0.00000000E+00  0.00000000E+00  0.00000000E+00  0.00000000E+00  0.00000000E+00  0.00000000E+00  0.00000000E+00  0.00000000E+00  0.00000000E+00  0.00000000E+00  0.00000000E+00  0.00000000E+00  0.00000000E+00  0.00000000E+00  0.00000000E+00  0.00000000E+00  0.00000000E+00  0.00000000E+00  0.00000000E+00  0.00000000E+00  0.00000000E+00
  2.71249988E-01  2.69816957E-01  2.69567845E-01  2.69063481E-01  2.67069553E-01  2.66660194E-01  2.64227723E-01  2.63365769E-01  2.61185117E-01  2.58893302E-01  2.55995827E-01  2.53716491E-01  2.50362605E-01  2.47452170E-01  2.44092644E-01  2.40443927E-01  2.36374937E-01  2.32681884E-01  2.28427761E-01  2.24308280E-01  2.19676444E-01  2.15184545E-01  2.10125798E-01  2.05356234E-01  2.00329533E-01  1.95077549E-01  1.90013630E-01  1.84962196E-01  1.79290608E-01  1.73732057E-01  1.67994825E-01  1.62343028E-01  1.56966470E-01  1.51241200E-01  1.45693717E-01  1.40232102E-01  1.34719050E-01  1.28934554E-01  1.23398652E-01  1.17538404E-01  1.12286124E-01  1.06870129E-01  1.01405789E-01  9.62160104E-02  9.10228785E-02  8.60302714E-02  8.10042875E-02  7.62668913E-02  7.15489338E-02  6.69687717E-02  6.26069078E-02  5.83486170E-02  5.41566042E-02  5.03447180E-02  4.64633464E-02  4.29275990E-02  3.93841358E-02  3.62571205E-02  3.30081945E-02  3.01841267E-02  2.73726277E-02  2.48195116E-02  2.23214386E-02  2.00583055E-02  1.80120320E-02  1.59874556E-02  1.41887996E-02  1.25920089E-02  1.10754162E-02  9.68566930E-03  8.40452253E-03  7.26956584E-03  6.26886933E-03  5.36092270E-03  4.59025328E-03  3.87580951E-03  3.23459902E-03  2.73215805E-03  2.23587821E-03  1.83685398E-03  1.48996689E-03  1.22267921E-03  9.60648019E-04  7.63652430E-04  5.97653979E-04  4.66948421E-04  3.60491577E-04  2.74099726E-04  1.96000633E-04  1.43602005E-04  1.08183487E-04  7.66783128E-05  5.51641680E-05  3.61138047E-05  2.40294187E-05  1.68794875E-05  1.07325866E-05  6.78112285E-06  3.31763429E-06  2.46543064E-06  1.51899126E-06  1.07830778E-06  7.39390125E-07  3.63178439E-07  1.78231240E-07  7.76784114E-08  1.71704462E-08  0.00000000E+00  0.00000000E+00  0.00000000E+00  1.83876574E-09  0.00000000E+00  0.00000000E+00  0.00000000E+00  0.00000000E+00  0.00000000E+00  0.00000000E+00  0.00000000E+00  0.00000000E+00  0.00000000E+00  0.00000000E+00  0.00000000E+00  0.00000000E+00  0.00000000E+00  0.00000000E+00  0.00000000E+00  0.00000000E+00  0.00000000E+00  0.00000000E+00  0.00000000E+00  0.00000000E+00  0.00000000E+00  0.00000000E+00  0.00000000E+00  0.00000000E+00  0.00000000E+00  0.00000000E+00  0.00000000E+00  0.00000000E+00  0.00000000E+00  0.00000000E+00  0.00000000E+00  0.00000000E+00  0.00000000E+00  0.00000000E+00  0.00000000E+00  0.00000000E+00  0.00000000E+00  0.00000000E+00  0.00000000E+00  0.00000000E+00  0.00000000E+00  0.00000000E+00  0.00000000E+00  0.00000000E+00  0.00000000E+00  0.00000000E+00  0.00000000E+00  0.00000000E+00  0.00000000E+00  0.00000000E+00  0.00000000E+00  0.00000000E+00  0.00000000E+00  0.00000000E+00  0.00000000E+00  0.00000000E+00  0.00000000E+00  0.00000000E+00  0.00000000E+00  0.00000000E+00  0.00000000E+00  0.00000000E+00  0.00000000E+00  0.00000000E+00  0.00000000E+00  0.00000000E+00  0.00000000E+00  0.00000000E+00  0.00000000E+00  0.00000000E+00  0.00000000E+00  0.00000000E+00  0.00000000E+00  0.00000000E+00  0.00000000E+00  0.00000000E+00  0.00000000E+00  0.00000000E+00  0.00000000E+00  0.00000000E+00  0.00000000E+00  0.00000000E+00  0.00000000E+00  0.00000000E+00  0.00000000E+00  0.00000000E+00  0.00000000E+00  0.00000000E+00  0.00000000E+00
  2.70031982E-01  2.70144668E-01  2.69730698E-01  2.67894784E-01  2.66936213E-01  2.66804004E-01  2.63828872E-01  2.62990283E-01  2.60214821E-01  2.58265700E-01  2.56047333E-01  2.53755663E-01  2.50418571E-01  2.47391837E-01  2.43800659E-01  2.40287339E-01  2.36404688E-01  2.32465661E-01  2.28503445E-01  2.24234175E-01  2.19659237E-01  2.15077353E-01  2.10489174E-01  2.05162595E-01  2.00130772E-01  1.95045172E-01  1.89768900E-01  1.84409269E-01  1.79212166E-01  1.73685328E-01  1.68025662E-01  1.62686387E-01  1.57139112E-01  1.51490210E-01  1.45516483E-01  1.40047550E-01  1.34393871E-01  1.28832717E-01  1.23232006E-01  1.17731658E-01  1.12203224E-01  1.06848226E-01  1.01313755E-01  9.63708113E-02  9.09867499E-02  8.60400015E-02  8.10184145E-02  7.62620820E-02  7.15301237E-02  6.70308105E-02  6.26093883E-02  5.82979778E-02  5.42994664E-02  5.04065936E-02  4.66072328E-02  4.30721648E-02  3.95251030E-02  3.61377936E-02  3.31211367E-02  3.02093798E-02  2.74353502E-02  2.48881759E-02  2.23484715E-02  2.01254414E-02  1.79818719E-02  1.61031664E-02  1.42250898E-02  1.25485159E-02  1.10881611E-02  9.68836085E-03  8.44554173E-03  7.33756794E-03  6.28019363E-03  5.38946324E-03  4.58080395E-03  3.85389279E-03  3.26781201E-03  2.70691314E-03  2.24394400E-03  1.84882632E-03  1.50132390E-03  1.21561695E-03  9.67235756E-04  7.74612738E-04  5.95193025E-04  4.60426178E-04  3.54536752E-04  2.65507321E-04  2.02500838E-04  1.50148618E-04  1.03959364E-04  7.28114110E-05  5.21279942E-05  3.73044795E-05  2.25120389E-05  1.63370212E-05  9.77501907E-06  7.12776639E-06  3.91273929E-06  2.64771241E-06  1.42022190E-06  7.75194248E-07  5.75050172E-07  2.14727295E-07  3.59297621E-07  8.50477101E-08  8.29529995E-08  6.42041748E-10  9.54186467E-09  2.71035432E-08  0.00000000E+00  0.00000000E+00  0.00000000E+00  0.00000000E+00  0.00000000E+00  0.00000000E+00  0.00000000E+00  0.00000000E+00  0.00000000E+00  0.00000000E+00  0.00000000E+00  0.00000000E+00  0.00000000E+00  0.00000000E+00  0.00000000E+00  0.00000000E+00  0.00000000E+00  0.00000000E+00  0.00000000E+00  0.00000000E+00  0.00000000E+00  0.00000000E+00  0.00000000E+00  0.00000000E+00  0.00000000E+00  0.00000000E+00  0.00000000E+00  0.00000000E+00  0.00000000E+00  0.00000000E+00  0.00000000E+00  0.00000000E+00  0.00000000E+00  0.00000000E+00  0.00000000E+00  0.00000000E+00  0.00000000E+00  0.00000000E+00  0.00000000E+00  0.00000000E+00  0.00000000E+00  0.00000000E+00  0.00000000E+00  0.00000000E+00  0.00000000E+00  0.00000000E+00  0.00000000E+00  0.00000000E+00  0.00000000E+00  0.00000000E+00  0.00000000E+00  0.00000000E+00  0.00000000E+00  0.00000000E+00  0.00000000E+00  0.00000000E+00  0.00000000E+00  0.00000000E+00  0.00000000E+00  0.00000000E+00  0.00000000E+00  0.00000000E+00  0.00000000E+00  0.00000000E+00  0.00000000E+00  0.00000000E+00  0.00000000E+00  0.00000000E+00  0.00000000E+00  0.00000000E+00  0.00000000E+00  0.00000000E+00  0.00000000E+00  0.00000000E+00  0.00000000E+00  0.00000000E+00  0.00000000E+00  0.00000000E+00  0.00000000E+00  0.00000000E+00  0.00000000E+00  0.00000000E+00  0.00000000E+00  0.00000000E+00  0.00000000E+00  0.00000000E+00  0.00000000E+00  0.00000000E+00  0.00000000E+00  0.00000000E+00
  2.68677186E-01  2.70219319E-01  2.69110330E-01  2.67851790E-01  2.67886733E-01  2.65746772E-01  2.63604629E-01  2.62887763E-01  2.60938875E-01  2.58718308E-01  2.55938864E-01  2.53121705E-01  2.50480027E-01  2.47454560E-01  2.43556544E-01  2.39896642E-01  2.36235079E-01  2.32719010E-01  2.28329369E-01  2.24255354E-01  2.19844404E-01  2.15002840E-01  2.10326883E-01  2.05360859E-01  2.00192263E-01  1.95134704E-01  1.89742201E-01  1.84802631E-01  1.79036121E-01  1.73988617E-01  1.68006873E-01  1.62841343E-01  1.57023147E-01  1.51305015E-01  1.45872601E-01  1.40072702E-01  1.34562698E-01  1.28731302E-01  1.23052232E-01  1.17639061E-01  1.12233642E-01  1.06903495E-01  1.01409588E-01  9.64182648E-02  9.10704479E-02  8.58284165E-02  8.11024893E-02  7.63981444E-02  7.16581199E-02  6.69210540E-02  6.25614186E-02  5.83583487E-02  5.43393349E-02  5.04262106E-02  4.65371539E-02  4.29352816E-02  3.94728222E-02  3.62285581E-02  3.31956992E-02  3.00508494E-02  2.74017359E-02  2.48686271E-02  2.23767156E-02  2.01836622E-02  1.79395202E-02  1.60342504E-02  1.41824727E-02  1.25690201E-02  1.10659862E-02  9.64904685E-03  8.42715370E-03  7.30962525E-03  6.31565157E-03  5.39918889E-03  4.55445232E-03  3.87683301E-03  3.26128511E-03  2.70318237E-03  2.25165317E-03  1.84243855E-03  1.51486328E-03  1.21286519E-03  9.67481748E-04  7.60043844E-04  5.98907134E-04  4.62913059E-04  3.55235557E-04  2.63866615E-04  1.98468755E-04  1.42635746E-04  1.06897077E-04  7.72862522E-05  5.18036302E-05  3.65344474E-05  2.67010746E-05  1.52112763E-05  1.20089237E-05  5.95153113E-06  3.93677143E-06  2.51266329E-06  1.46949345E-06  5.55938350E-07  4.10910390E-07  1.31733860E-07  2.24775696E-07  9.78870791E-08  0.00000000E+00  3.45335021E-08  0.00000000E+00  0.00000000E+00  0.00000000E+00  0.00000000E+00  0.00000000E+00  0.00000000E+00  0.00000000E+00  0.00000000E+00  0.00000000E+00  0.00000000E+00  0.00000000E+00  0.00000000E+00  0.00000000E+00  0.00000000E+00  0.00000000E+00  0.00000000E+00  0.00000000E+00  0.00000000E+00  0.00000000E+00  0.00000000E+00  0.00000000E+00  0.00000000E+00  0.00000000E+00  0.00000000E+00  0.00000000E+00  0.00000000E+00  0.00000000E+00  0.00000000E+00  0.00000000E+00  0.00000000E+00  0.00000000E+00  0.00000000E+00  0.00000000E+00  0.00000000E+00  0.00000000E+00  0.00000000E+00  0.00000000E+00  0.00000000E+00  0.00000000E+00  0.00000000E+00  0.00000000E+00  0.00000000E+00  0.00000000E+00  0.00000000E+00  0.00000000E+00  0.00000000E+00  0.00000000E+00  0.00000000E+00  0.00000000E+00  0.00000000E+00  0.00000000E+00  0.00000000E+00  0.00000000E+00  0.00000000E+00  0.00000000E+00  0.00000000E+00  0.00000000E+00  0.00000000E+00  0.00000000E+00  0.00000000E+00  0.00000000E+00  0.00000000E+00  0.00000000E+00  0.00000000E+00  0.00000000E+00  0.00000000E+00  0.00000000E+00  0.00000000E+00  0.00000000E+00  0.00000000E+00  0.00000000E+00  0.00000000E+00  0.00000000E+00  0.00000000E+00  0.00000000E+00  0.00000000E+00  0.00000000E+00  0.00000000E+00  0.00000000E+00  0.00000000E+00  0.00000000E+00  0.00000000E+00  0.00000000E+00  0.00000000E+00  0.00000000E+00  0.00000000E+00  0.00000000E+00  0.00000000E+00  0.00000000E+00  0.00000000E+00  0.00000000E+00  0.00000000E+00
  2.71812864E-01  2.69927185E-01  2.68464085E-01  2.67734889E-01  2.65948497E-01  2.66041912E-01  2.64242290E-01  2.62264288E-01  2.60758151E-01  2.58400681E-01  2.55325847E-01  2.53061380E-01  2.50179508E-01  2.46861207E-01  2.43676246E-01  2.40341136E-01  2.36280810E-01  2.31577387E-01  2.27951915E-01  2.23420367E-01  2.19286785E-01  2.15073460E-01  2.09828958E-01  2.04835685E-01  2.00442940E-01  1.94921179E-01  1.89677005E-01  1.84393992E-01  1.79361714E-01  1.73673998E-01  1.68079322E-01  1.62492001E-01  1.56715368E-01  1.51148907E-01  1.45576681E-01  1.39994219E-01  1.34537584E-01  1.28759988E-01  1.23380364E-01  1.17695734E-01  1.12335616E-01  1.06766200E-01  1.01432733E-01  9.61743626E-02  9.10570063E-02  8.60456254E-02  8.11369937E-02  7.64260133E-02  7.17507572E-02  6.70465714E-02  6.28156938E-02  5.85074073E-02  5.42708350E-02  5.03327684E-02  4.66557768E-02  4.29361397E-02  3.95358163E-02  3.62962575E-02  3.32749332E-02  3.02209155E-02  2.74314056E-02  2.48825759E-02  2.24014439E-02  2.01672779E-02  1.80772318E-02  1.60979177E-02  1.42892907E-02  1.25746348E-02  1.11263214E-02  9.73924972E-03  8.47467464E-03  7.34622676E-03  6.30408017E-03  5.38857528E-03  4.60761914E-03  3.88471192E-03  3.25810870E-03  2.70570230E-03  2.24937122E-03  1.85096977E-03  1.50547396E-03  1.21739368E-03  9.69022544E-04  7.72857982E-04  5.97452387E-04  4.64483717E-04  3.57411293E-04  2.64301921E-04  1.98727362E-04  1.43312504E-04  1.07366099E-04  7.49678287E-05  5.42113975E-05  3.52224224E-05  2.40899237E-05  1.72685632E-05  1.04345856E-05  7.27227962E-06  3.86897534E-06  2.43088626E-06  1.37983129E-06  8.35259890E-07  4.46960636E-07  2.58042524E-07  6.74975421E-08  8.69799920E-08  2.70064007E-08  0.00000000E+00  0.00000000E+00  0.00000000E+00  0.00000000E+00  0.00000000E+00  0.00000000E+00  0.00000000E+00  0.00000000E+00  0.00000000E+00  0.00000000E+00  0.00000000E+00  0.00000000E+00  0.00000000E+00  0.00000000E+00  0.00000000E+00  0.00000000E+00  0.00000000E+00  0.00000000E+00  0.00000000E+00  0.00000000E+00  0.00000000E+00  0.00000000E+00  0.00000000E+00  0.00000000E+00  0.00000000E+00  0.00000000E+00  0.00000000E+00  0.00000000E+00  0.00000000E+00  0.00000000E+00  0.00000000E+00  0.00000000E+00  0.00000000E+00  0.00000000E+00  0.00000000E+00  0.00000000E+00  0.00000000E+00  0.00000000E+00  0.00000000E+00  0.00000000E+00  0.00000000E+00  0.00000000E+00  0.00000000E+00  0.00000000E+00  0.00000000E+00  0.00000000E+00  0.00000000E+00  0.00000000E+00  0.00000000E+00  0.00000000E+00  0.00000000E+00  0.00000000E+00  0.00000000E+00  0.00000000E+00  0.00000000E+00  0.00000000E+00  0.00000000E+00  0.00000000E+00  0.00000000E+00  0.00000000E+00  0.00000000E+00  0.00000000E+00  0.00000000E+00  0.00000000E+00  0.00000000E+00  0.00000000E+00  0.00000000E+00  0.00000000E+00  0.00000000E+00  0.00000000E+00  0.00000000E+00  0.00000000E+00  0.00000000E+00  0.00000000E+00  0.00000000E+00  0.00000000E+00  0.00000000E+00  0.00000000E+00  0.00000000E+00  0.00000000E+00  0.00000000E+00  0.00000000E+00  0.00000000E+00  0.00000000E+00  0.00000000E+00  0.00000000E+00  0.00000000E+00  0.00000000E+00  0.00000000E+00  0.00000000E+00  0.00000000E+00  0.00000000E+00  0.00000000E+00
  2.69797196E-01  2.70265820E-01  2.69635246E-01  2.69298252E-01  2.68539395E-01  2.66257062E-01  2.65257842E-01  2.63008856E-01  2.61833100E-01  2.59550924E-01  2.56358706E-01  2.53616507E-01  2.51176238E-01  2.47647553E-01  2.44606939E-01  2.40711865E-01  2.37148058E-01  2.32900427E-01  2.28788596E-01  2.24226690E-01  2.19710208E-01  2.14983565E-01  2.10160065E-01  2.05423880E-01  2.00634025E-01  1.95659039E-01  1.90087061E-01  1.84682394E-01  1.79159959E-01  1.73665283E-01  1.68321294E-01  1.62456987E-01  1.57207261E-01  1.51500402E-01  1.45605190E-01  1.40062478E-01  1.34447319E-01  1.28566073E-01  1.23330317E-01  1.17576384E-01  1.12243414E-01  1.06547029E-01  1.01275325E-01  9.60761099E-02  9.09445185E-02  8.59584386E-02  8.10690513E-02  7.62466334E-02  7.14858956E-02  6.71533538E-02  6.26919916E-02  5.83228929E-02  5.41895988E-02  5.03216758E-02  4.64598022E-02  4.28677692E-02  3.94025613E-02  3.61330793E-02  3.29521378E-02  3.01505097E-02  2.73689576E-02  2.47702728E-02  2.22439139E-02  2.00125914E-02  1.79424328E-02  1.59376773E-02  1.42180502E-02  1.25527053E-02  1.10404179E-02  9.62575782E-03  8.39490155E-03  7.26510504E-03  6.27775216E-03  5.33548042E-03  4.57680800E-03  3.85288017E-03  3.23100577E-03  2.69984438E-03  2.23693101E-03  1.83304284E-03  1.48890054E-03  1.20653290E-03  9.54446546E-04  7.55574248E-04  5.93760833E-04  4.66136907E-04  3.50951076E-04  2.67936366E-04  1.96314509E-04  1.49157622E-04  1.06274299E-04  7.17104097E-05  5.13949497E-05  3.70782068E-05  2.33445730E-05  1.66725761E-05  1.08744926E-05  6.80029258E-06  3.80367770E-06  2.51253920E-06  1.70469571E-06  7.83691693E-07  7.44743228E-07  2.03439148E-07  6.20468542E-08  9.75736577E-08  4.64457987E-08  0.00000000E+00  0.00000000E+00  0.00000000E+00  0.00000000E+00  0.00000000E+00  0.00000000E+00  0.00000000E+00  0.00000000E+00  0.00000000E+00  0.00000000E+00  0.00000000E+00  0.00000000E+00  0.00000000E+00  0.00000000E+00  0.00000000E+00  0.00000000E+00  0.00000000E+00  0.00000000E+00  0.00000000E+00  0.00000000E+00  0.00000000E+00  0.00000000E+00  0.00000000E+00  0.00000000E+00  0.00000000E+00  0.00000000E+00  0.00000000E+00  0.00000000E+00  0.00000000E+00  0.00000000E+00  0.00000000E+00  0.00000000E+00  0.00000000E+00  0.00000000E+00  0.00000000E+00  0.00000000E+00  0.00000000E+00  0.00000000E+00  0.00000000E+00  0.00000000E+00  0.00000000E+00  0.00000000E+00  0.00000000E+00  0.00000000E+00  0.00000000E+00  0.00000000E+00  0.00000000E+00  0.00000000E+00  0.00000000E+00  0.00000000E+00  0.00000000E+00  0.00000000E+00  0.00000000E+00  0.00000000E+00  0.00000000E+00  0.00000000E+00  0.00000000E+00  0.00000000E+00  0.00000000E+00  0.00000000E+00  0.00000000E+00  0.00000000E+00  0.00000000E+00  0.00000000E+00  0.00000000E+00  0.00000000E+00  0.00000000E+00  0.00000000E+00  0.00000000E+00  0.00000000E+00  0.00000000E+00  0.00000000E+00  0.00000000E+00  0.00000000E+00  0.00000000E+00  0.00000000E+00  0.00000000E+00  0.00000000E+00  0.00000000E+00  0.00000000E+00  0.00000000E+00  0.00000000E+00  0.00000000E+00  0.00000000E+00  0.00000000E+00  0.00000000E+00  0.00000000E+00  0.00000000E+00  0.00000000E+00  0.00000000E+00  0.00000000E+00  0.00000000E+00  0.00000000E+00
  2.62119707E-01  2.60802023E-01  2.62470007E-01  2.60566873E-01  2.59497402E-01  2.58281531E-01  2.56444692E-01  2.55287974E-01  2.53240586E-01  2.50973528E-01  2.48823293E-01  2.45895571E-01  2.42556914E-01  2.39971761E-01  2.36341593E-01  2.32597078E-01  2.29111986E-01  2.25456439E-01  2.21251637E-01  2.17192669E-01  2.12804567E-01  2.08600194E-01  2.03652991E-01  1.99080355E-01  1.94188267E-01  1.89367549E-01  1.83930621E-01  1.78897839E-01  1.73451608E-01  1.68203394E-01  1.62770711E-01  1.57436715E-01  1.52046594E-01  1.46382285E-01  1.41118012E-01  1.35532730E-01  1.30186108E-01  1.24649304E-01  1.19280256E-01  1.13602290E-01  1.08421865E-01  1.03225297E-01  9.79676303E-02  9.28614768E-02  8.78639190E-02  8.30187542E-02  7.81767616E-02  7.35924471E-02  6.90134472E-02  6.47722283E-02  6.05013322E-02  5.62679966E-02  5.23116737E-02  4.85250286E-02  4.48460922E-02  4.13607548E-02  3.80450174E-02  3.48570378E-02  3.17956301E-02  2.90474772E-02  2.62906725E-02  2.37224526E-02  2.13934681E-02  1.92708857E-02  1.72114772E-02  1.53167711E-02  1.35382891E-02  1.19789423E-02  1.05000445E-02  9.23531284E-03  8.04186233E-03  6.96289232E-03  6.00658665E-03  5.12960071E-03  4.32866671E-03  3.67576925E-03  3.08376888E-03  2.58163025E-03  2.13936812E-03  1.74229329E-03  1.41980879E-03  1.15105473E-03  9.27119947E-04  7.22543747E-04  5.59967099E-04  4.31084956E-04  3.35849552E-04  2.54525109E-04  1.92577980E-04  1.40445624E-04  1.00747611E-04  7.05547503E-05  4.99706882E-05  3.53682643E-05  2.24351582E-05  1.60053820E-05  9.13345756E-06  6.34870778E-06  4.09130396E-06  2.50751716E-06  1.08005145E-06  6.93346755E-07  8.01012796E-07  2.18788904E-07  1.81660672E-07  9.76810467E-08  4.39256968E-08  1.82897896E-08  0.00000000E+00  0.00000000E+00  0.00000000E+00  0.00000000E+00  0.00000000E+00  0.00000000E+00  0.00000000E+00  0.00000000E+00  0.00000000E+00  0.00000000E+00  0.00000000E+00  0.00000000E+00  0.00000000E+00  0.00000000E+00  0.00000000E+00  0.00000000E+00  0.00000000E+00  0.00000000E+00  0.00000000E+00  0.00000000E+00  0.00000000E+00  0.00000000E+00  0.00000000E+00  0.00000000E+00  0.00000000E+00  0.00000000E+00  0.00000000E+00  0.00000000E+00  0.00000000E+00  0.00000000E+00  0.00000000E+00  0.00000000E+00  0.00000000E+00  0.00000000E+00  0.00000000E+00  0.00000000E+00  0.00000000E+00  0.00000000E+00  0.00000000E+00  0.00000000E+00  0.00000000E+00  0.00000000E+00  0.00000000E+00  0.00000000E+00  0.00000000E+00  0.00000000E+00  0.00000000E+00  0.00000000E+00  0.00000000E+00  0.00000000E+00  0.00000000E+00  0.00000000E+00  0.00000000E+00  0.00000000E+00  0.00000000E+00  0.00000000E+00  0.00000000E+00  0.00000000E+00  0.00000000E+00  0.00000000E+00  0.00000000E+00  0.00000000E+00  0.00000000E+00  0.00000000E+00  0.00000000E+00  0.00000000E+00  0.00000000E+00  0.00000000E+00  0.00000000E+00  0.00000000E+00  0.00000000E+00  0.00000000E+00  0.00000000E+00  0.00000000E+00  0.00000000E+00  0.00000000E+00  0.00000000E+00  0.00000000E+00  0.00000000E+00  0.00000000E+00  0.00000000E+00  0.00000000E+00  0.00000000E+00  0.00000000E+00  0.00000000E+00  0.00000000E+00  0.00000000E+00  0.00000000E+00  0.00000000E+00  0.00000000E+00  0.00000000E+00  0.00000000E+00
  2.70100788E-01  2.68731733E-01  2.68949710E-01  2.68563369E-01  2.67250795E-01  2.66156441E-01  2.64434571E-01  2.62183530E-01  2.60354377E-01  2.58574851E-01  2.55682279E-01  2.53450944E-01  2.50060143E-01  2.46627341E-01  2.43385002E-01  2.39852512E-01  2.36341018E-01  2.32096349E-01  2.28047422E-01  2.23938538E-01  2.19292196E-01  2.14642481E-01  2.10097437E-01  2.05358081E-01  1.99973164E-01  1.95176135E-01  1.89944997E-01  1.84713395E-01  1.79350458E-01  1.73873410E-01  1.67888284E-01  1.62411590E-01  1.57093829E-01  1.51359407E-01  1.45771946E-01  1.39778715E-01  1.34563075E-01  1.28612471E-01  1.23242468E-01  1.17730079E-01  1.12361759E-01  1.06961704E-01  1.01509875E-01  9.63814630E-02  9.10117336E-02  8.61158713E-02  8.10718121E-02  7.63666581E-02  7.16645635E-02  6.71271463E-02  6.28546969E-02  5.84950679E-02  5.43404688E-02  5.05150327E-02  4.67396734E-02  4.30236097E-02  3.94949571E-02  3.63203164E-02  3.31421575E-02  3.01494679E-02  2.74553626E-02  2.47725853E-02  2.23837935E-02  2.00979696E-02  1.80302312E-02  1.60427531E-02  1.42164393E-02  1.25827576E-02  1.10652922E-02  9.71128906E-03  8.42396402E-03  7.31368684E-03  6.27712985E-03  5.38271841E-03  4.57772115E-03  3.87834114E-03  3.27548077E-03  2.71801667E-03  2.24250338E-03  1.85052908E-03  1.51599552E-03  1.22278896E-03  9.58378970E-04  7.59679370E-04  5.96718537E-04  4.52182424E-04  3.56483605E-04  2.68039221E-04  1.97573250E-04  1.46137624E-04  1.03355958E-04  7.59122343E-05  5.41637423E-05  3.68900756E-05  2.33174769E-05  1.58029674E-05  1.25137604E-05  6.52708045E-06  4.45768671E-06  2.23104247E-06  1.57629534E-06  6.84593209E-07  5.11420633E-07  2.04956633E-07  8.45813854E-08  1.21802745E-07  0.00000000E+00  0.00000000E+00  0.00000000E+00  0.00000000E+00  0.00000000E+00  0.00000000E+00  0.00000000E+00  0.00000000E+00  0.00000000E+00  0.00000000E+00  0.00000000E+00  0.00000000E+00  0.00000000E+00  0.00000000E+00  0.00000000E+00  0.00000000E+00  0.00000000E+00  0.00000000E+00  0.00000000E+00  0.00000000E+00  0.00000000E+00  0.00000000E+00  0.00000000E+00  0.00000000E+00  0.00000000E+00  0.00000000E+00  0.00000000E+00  0.00000000E+00  0.00000000E+00  0.00000000E+00  0.00000000E+00  0.00000000E+00  0.00000000E+00  0.00000000E+00  0.00000000E+00  0.00000000E+00  0.00000000E+00  0.00000000E+00  0.00000000E+00  0.00000000E+00  0.00000000E+00  0.00000000E+00  0.00000000E+00  0.00000000E+00  0.00000000E+00  0.00000000E+00  0.00000000E+00  0.00000000E+00  0.00000000E+00  0.00000000E+00  0.00000000E+00  0.00000000E+00  0.00000000E+00  0.00000000E+00  0.00000000E+00  0.00000000E+00  0.00000000E+00  0.00000000E+00  0.00000000E+00  0.00000000E+00  0.00000000E+00  0.00000000E+00  0.00000000E+00  0.00000000E+00  0.00000000E+00  0.00000000E+00  0.00000000E+00  0.00000000E+00  0.00000000E+00  0.00000000E+00  0.00000000E+00  0.00000000E+00  0.00000000E+00  0.00000000E+00  0.00000000E+00  0.00000000E+00  0.00000000E+00  0.00000000E+00  0.00000000E+00  0.00000000E+00  0.00000000E+00  0.00000000E+00  0.00000000E+00  0.00000000E+00  0.00000000E+00  0.00000000E+00  0.00000000E+00  0.00000000E+00  0.00000000E+00  0.00000000E+00  0.00000000E+00  0.00000000E+00  0.00000000E+00  0.00000000E+00
  2.62235611E-01  2.62287812E-01  2.62065090E-01  2.62207807E-01  2.60317887E-01  2.59211770E-01  2.57532552E-01  2.56017011E-01  2.53805373E-01  2.52010298E-01  2.49275178E-01  2.46196987E-01  2.43801444E-01  2.40380131E-01  2.37185533E-01  2.33464972E-01  2.29571492E-01  2.26146455E-01  2.21504527E-01  2.17551375E-01  2.13442010E-01  2.08746595E-01  2.04224097E-01  1.99432857E-01  1.94402424E-01  1.89586181E-01  1.84306887E-01  1.79095893E-01  1.73923673E-01  1.68348254E-01  1.62713277E-01  1.57566757E-01  1.51992081E-01  1.46598809E-01  1.41103318E-01  1.35789248E-01  1.29971663E-01  1.24522841E-01  1.19019656E-01  1.13722227E-01  1.08535770E-01  1.02969644E-01  9.78987254E-02  9.26714961E-02  8.77013209E-02  8.27472867E-02  7.81249881E-02  7.33444982E-02  6.89264343E-02  6.44567252E-02  6.02902442E-02  5.60498067E-02  5.22115330E-02  4.83736642E-02  4.46497208E-02  4.11010985E-02  3.78140047E-02  3.46607733E-02  3.17411356E-02  2.88720382E-02  2.62581706E-02  2.37457038E-02  2.13944094E-02  1.91921712E-02  1.71155120E-02  1.52547067E-02  1.35483163E-02  1.19801614E-02  1.05120531E-02  9.13655625E-03  8.01142767E-03  6.95650147E-03  5.95802241E-03  5.07084423E-03  4.36778001E-03  3.65270507E-03  3.07711179E-03  2.54516395E-03  2.12232625E-03  1.75693827E-03  1.42344058E-03  1.13645673E-03  8.98844784E-04  7.09616059E-04  5.64045495E-04  4.36878982E-04  3.26536369E-04  2.44305877E-04  1.86040147E-04  1.38042853E-04  1.01677038E-04  6.82981671E-05  4.95398150E-05  3.25193854E-05  2.40724134E-05  1.61134383E-05  9.49070228E-06  5.86204820E-06  4.23142007E-06  2.21885934E-06  1.09182125E-06  6.56314059E-07  3.92909521E-07  5.77291034E-07  1.25725499E-07  1.58952675E-07  5.14535173E-08  0.00000000E+00  0.00000000E+00  0.00000000E+00  0.00000000E+00  0.00000000E+00  0.00000000E+00  0.00000000E+00  0.00000000E+00  0.00000000E+00  0.00000000E+00  0.00000000E+00  0.00000000E+00  0.00000000E+00  0.00000000E+00  0.00000000E+00  0.00000000E+00  0.00000000E+00  0.00000000E+00  0.00000000E+00  0.00000000E+00  0.00000000E+00  0.00000000E+00  0.00000000E+00  0.00000000E+00  0.00000000E+00  0.00000000E+00  0.00000000E+00  0.00000000E+00  0.00000000E+00  0.00000000E+00  0.00000000E+00  0.00000000E+00  0.00000000E+00  0.00000000E+00  0.00000000E+00  0.00000000E+00  0.00000000E+00  0.00000000E+00  0.00000000E+00  0.00000000E+00  0.00000000E+00  0.00000000E+00  0.00000000E+00  0.00000000E+00  0.00000000E+00  0.00000000E+00  0.00000000E+00  0.00000000E+00  0.00000000E+00  0.00000000E+00  0.00000000E+00  0.00000000E+00  0.00000000E+00  0.00000000E+00  0.00000000E+00  0.00000000E+00  0.00000000E+00  0.00000000E+00  0.00000000E+00  0.00000000E+00  0.00000000E+00  0.00000000E+00  0.00000000E+00  0.00000000E+00  0.00000000E+00  0.00000000E+00  0.00000000E+00  0.00000000E+00  0.00000000E+00  0.00000000E+00  0.00000000E+00  0.00000000E+00  0.00000000E+00  0.00000000E+00  0.00000000E+00  0.00000000E+00  0.00000000E+00  0.00000000E+00  0.00000000E+00  0.00000000E+00  0.00000000E+00  0.00000000E+00  0.00000000E+00  0.00000000E+00  0.00000000E+00  0.00000000E+00  0.00000000E+00  0.00000000E+00  0.00000000E+00  0.00000000E+00  0.00000000E+00  0.00000000E+00  0.00000000E+00
  2.69273968E-01  2.68694998E-01  2.69077615E-01  2.69290473E-01  2.67406089E-01  2.66499048E-01  2.64355405E-01  2.62633067E-01  2.60944744E-01  2.58234650E-01  2.56423492E-01  2.53480279E-01  2.50404830E-01  2.47253655E-01  2.43734823E-01  2.40380246E-01  2.36419360E-01  2.32082606E-01  2.28777218E-01  2.23704272E-01  2.19954997E-01  2.14974041E-01  2.10374296E-01  2.05440064E-01  2.00205126E-01  1.94628739E-01  1.90281797E-01  1.84593043E-01  1.79238499E-01  1.73380898E-01  1.68297686E-01  1.62841662E-01  1.56922113E-01  1.51382557E-01  1.45485267E-01  1.39951493E-01  1.34359049E-01  1.28749498E-01  1.23196175E-01  1.17513160E-01  1.12259654E-01  1.06741958E-01  1.01453576E-01  9.61245253E-02  9.10280898E-02  8.60659933E-02  8.10588332E-02  7.62960695E-02  7.15902137E-02  6.70216630E-02  6.26274834E-02  5.84028325E-02  5.43190948E-02  5.03166769E-02  4.65788404E-02  4.29861870E-02  3.95380096E-02  3.62894807E-02  3.31672446E-02  3.01405249E-02  2.74465167E-02  2.48303272E-02  2.24009433E-02  2.01104120E-02  1.80683496E-02  1.60334563E-02  1.42877111E-02  1.25545617E-02  1.10575789E-02  9.68844926E-03  8.39634277E-03  7.31624912E-03  6.29982228E-03  5.39922135E-03  4.59877623E-03  3.86515677E-03  3.25859788E-03  2.72232678E-03  2.24952128E-03  1.85745010E-03  1.50032585E-03  1.20808256E-03  9.67445299E-04  7.69874293E-04  6.11305354E-04  4.64815402E-04  3.54794088E-04  2.74223501E-04  2.00948828E-04  1.46650639E-04  1.06926157E-04  7.40851382E-05  5.30192859E-05  3.70169187E-05  2.38131224E-05  1.64581272E-05  1.02335573E-05  5.91911568E-06  4.03037482E-06  2.46848634E-06  1.48546829E-06  7.55644808E-07  3.57840012E-07  2.72343380E-07  1.05230818E-07  2.83673095E-08  5.22808367E-09  5.17945034E-09  0.00000000E+00  0.00000000E+00  0.00000000E+00  0.00000000E+00  0.00000000E+00  0.00000000E+00  0.00000000E+00  0.00000000E+00  0.00000000E+00  0.00000000E+00  0.00000000E+00  0.00000000E+00  0.00000000E+00  0.00000000E+00  0.00000000E+00  0.00000000E+00  0.00000000E+00  0.00000000E+00  0.00000000E+00  0.00000000E+00  0.00000000E+00  0.00000000E+00  0.00000000E+00  0.00000000E+00  0.00000000E+00  0.00000000E+00  0.00000000E+00  0.00000000E+00  0.00000000E+00  0.00000000E+00  0.00000000E+00  0.00000000E+00  0.00000000E+00  0.00000000E+00  0.00000000E+00  0.00000000E+00  0.00000000E+00  0.00000000E+00  0.00000000E+00  0.00000000E+00  0.00000000E+00  0.00000000E+00  0.00000000E+00  0.00000000E+00  0.00000000E+00  0.00000000E+00  0.00000000E+00  0.00000000E+00  0.00000000E+00  0.00000000E+00  0.00000000E+00  0.00000000E+00  0.00000000E+00  0.00000000E+00  0.00000000E+00  0.00000000E+00  0.00000000E+00  0.00000000E+00  0.00000000E+00  0.00000000E+00  0.00000000E+00  0.00000000E+00  0.00000000E+00  0.00000000E+00  0.00000000E+00  0.00000000E+00  0.00000000E+00  0.00000000E+00  0.00000000E+00  0.00000000E+00  0.00000000E+00  0.00000000E+00  0.00000000E+00  0.00000000E+00  0.00000000E+00  0.00000000E+00  0.00000000E+00  0.00000000E+00  0.00000000E+00  0.00000000E+00  0.00000000E+00  0.00000000E+00  0.00000000E+00  0.00000000E+00  0.00000000E+00  0.00000000E+00  0.00000000E+00  0.00000000E+00  0.00000000E+00  0.00000000E+00  0.00000000E+00  0.00000000E+00
  2.70662000E-01  2.69550528E-01  2.70213625E-01  2.68097483E-01  2.67808539E-01  2.66139156E-01  2.64194624E-01  2.62794943E-01  2.60901595E-01  2.58231270E-01  2.55774784E-01  2.53304125E-01  2.50056648E-01  2.47244847E-01  2.43694241E-01  2.40013850E-01  2.36405117E-01  2.33086439E-01  2.28531539E-01  2.24199318E-01  2.19302556E-01  2.15017556E-01  2.10268223E-01  2.05381569E-01  2.00207017E-01  1.95109828E-01  1.89952257E-01  1.84435569E-01  1.78995599E-01  1.73503653E-01  1.68040845E-01  1.62440521E-01  1.56741585E-01  1.51286628E-01  1.45330608E-01  1.39967716E-01  1.34266374E-01  1.28655721E-01  1.23407003E-01  1.17632502E-01  1.12241023E-01  1.06861293E-01  1.01488518E-01  9.62462249E-02  9.11104470E-02  8.62014969E-02  8.11319132E-02  7.63012390E-02  7.15806074E-02  6.69671035E-02  6.28234805E-02  5.85456772E-02  5.43271681E-02  5.03759564E-02  4.66112957E-02  4.30378008E-02  3.96245275E-02  3.62996890E-02  3.30717527E-02  3.02291454E-02  2.73821735E-02  2.48208348E-02  2.24128677E-02  2.00890760E-02  1.79365283E-02  1.60413912E-02  1.42837522E-02  1.25994419E-02  1.10494733E-02  9.68145319E-03  8.42173377E-03  7.30582082E-03  6.31146881E-03  5.39379784E-03  4.60094058E-03  3.89178845E-03  3.26845725E-03  2.71078404E-03  2.24926901E-03  1.84042092E-03  1.51144207E-03  1.21509246E-03  9.56459515E-04  7.70804962E-04  6.04690173E-04  4.76348375E-04  3.51923879E-04  2.74165215E-04  2.06602458E-04  1.44709982E-04  1.09552989E-04  7.90607636E-05  5.46411912E-05  3.71773025E-05  2.75218892E-05  1.68261967E-05  1.14845282E-05  6.75057913E-06  4.79666347E-06  2.80541264E-06  2.06399386E-06  9.22471096E-07  3.89607388E-07  3.66941970E-07  1.69127545E-07  8.95168763E-09  4.30713662E-08  0.00000000E+00  0.00000000E+00  0.00000000E+00  0.00000000E+00  0.00000000E+00  0.00000000E+00  0.00000000E+00  0.00000000E+00  0.00000000E+00  0.00000000E+00  0.00000000E+00  0.00000000E+00  0.00000000E+00  0.00000000E+00  0.00000000E+00  0.00000000E+00  0.00000000E+00  0.00000000E+00  0.00000000E+00  0.00000000E+00  0.00000000E+00  0.00000000E+00  0.00000000E+00  0.00000000E+00  0.00000000E+00  0.00000000E+00  0.00000000E+00  0.00000000E+00  0.00000000E+00  0.00000000E+00  0.00000000E+00  0.00000000E+00  0.00000000E+00  0.00000000E+00  0.00000000E+00  0.00000000E+00  0.00000000E+00  0.00000000E+00  0.00000000E+00  0.00000000E+00  0.00000000E+00  0.00000000E+00  0.00000000E+00  0.00000000E+00  0.00000000E+00  0.00000000E+00  0.00000000E+00  0.00000000E+00  0.00000000E+00  0.00000000E+00  0.00000000E+00  0.00000000E+00  0.00000000E+00  0.00000000E+00  0.00000000E+00  0.00000000E+00  0.00000000E+00  0.00000000E+00  0.00000000E+00  0.00000000E+00  0.00000000E+00  0.00000000E+00  0.00000000E+00  0.00000000E+00  0.00000000E+00  0.00000000E+00  0.00000000E+00  0.00000000E+00  0.00000000E+00  0.00000000E+00  0.00000000E+00  0.00000000E+00  0.00000000E+00  0.00000000E+00  0.00000000E+00  0.00000000E+00  0.00000000E+00  0.00000000E+00  0.00000000E+00  0.00000000E+00  0.00000000E+00  0.00000000E+00  0.00000000E+00  0.00000000E+00  0.00000000E+00  0.00000000E+00  0.00000000E+00  0.00000000E+00  0.00000000E+00  0.00000000E+00  0.00000000E+00  0.00000000E+00  0.00000000E+00
  2.70518392E-01  2.69333109E-01  2.67477790E-01  2.66758644E-01  2.66101587E-01  2.65250272E-01  2.63486082E-01  2.62120280E-01  2.59951322E-01  2.58512144E-01  2.54908995E-01  2.52457536E-01  2.49638913E-01  2.46428311E-01  2.42909704E-01  2.39342571E-01  2.36076787E-01  2.31605707E-01  2.28066258E-01  2.23562641E-01  2.19162164E-01  2.14649315E-01  2.09988359E-01  2.04947342E-01  2.00374944E-01  1.95232178E-01  1.89900166E-01  1.84753173E-01  1.79409802E-01  1.73571099E-01  1.68010673E-01  1.62705017E-01  1.57121159E-01  1.51262912E-01  1.45756945E-01  1.39891258E-01  1.34568886E-01  1.28690479E-01  1.23479212E-01  1.17609841E-01  1.12239166E-01  1.07033922E-01  1.01677619E-01  9.62594964E-02  9.13052200E-02  8.62516731E-02  8.13354578E-02  7.64247857E-02  7.17548363E-02  6.73261272E-02  6.29281323E-02  5.85165769E-02  5.43118764E-02  5.04713640E-02  4.66762903E-02  4.30268161E-02  3.95435804E-02  3.63733686E-02  3.31729886E-02  3.02422144E-02  2.74503569E-02  2.48568247E-02  2.23989334E-02  2.01464851E-02  1.80115143E-02  1.60467790E-02  1.42587436E-02  1.25819431E-02  1.10997824E-02  9.72386197E-03  8.48031914E-03  7.32973281E-03  6.30774046E-03  5.39854622E-03  4.60447614E-03  3.87139957E-03  3.27430437E-03  2.69939349E-03  2.24207639E-03  1.85082126E-03  1.51370193E-03  1.20322012E-03  9.64508097E-04  7.59893736E-04  5.95968396E-04  4.62263712E-04  3.56011359E-04  2.68004217E-04  1.96018999E-04  1.44358741E-04  1.05240131E-04  7.76390863E-05  5.28262751E-05  3.52155955E-05  2.51668169E-05  1.58227909E-05  1.08589184E-05  6.49492918E-06  4.47141468E-06  2.93918540E-06  1.76227247E-06  1.05161699E-06  6.54812880E-07  3.28496535E-07  2.04803897E-07  9.56535808E-08  1.20829066E-08  2.96112553E-08  0.00000000E+00  0.00000000E+00  0.00000000E+00  0.00000000E+00  0.00000000E+00  0.00000000E+00  0.00000000E+00  0.00000000E+00  0.00000000E+00  0.00000000E+00  0.00000000E+00  0.00000000E+00  0.00000000E+00  0.00000000E+00  0.00000000E+00  0.00000000E+00  0.00000000E+00  0.00000000E+00  0.00000000E+00  0.00000000E+00  0.00000000E+00  0.00000000E+00  0.00000000E+00  0.00000000E+00  0.00000000E+00  0.00000000E+00  0.00000000E+00  0.00000000E+00  0.00000000E+00  0.00000000E+00  0.00000000E+00  0.00000000E+00  0.00000000E+00  0.00000000E+00  0.00000000E+00  0.00000000E+00  0.00000000E+00  0.00000000E+00  0.00000000E+00  0.00000000E+00  0.00000000E+00  0.00000000E+00  0.00000000E+00  0.00000000E+00  0.00000000E+00  0.00000000E+00  0.00000000E+00  0.00000000E+00  0.00000000E+00  0.00000000E+00  0.00000000E+00  0.00000000E+00  0.00000000E+00  0.00000000E+00  0.00000000E+00  0.00000000E+00  0.00000000E+00  0.00000000E+00  0.00000000E+00  0.00000000E+00  0.00000000E+00  0.00000000E+00  0.00000000E+00  0.00000000E+00  0.00000000E+00  0.00000000E+00  0.00000000E+00  0.00000000E+00  0.00000000E+00  0.00000000E+00  0.00000000E+00  0.00000000E+00  0.00000000E+00  0.00000000E+00  0.00000000E+00  0.00000000E+00  0.00000000E+00  0.00000000E+00  0.00000000E+00  0.00000000E+00  0.00000000E+00  0.00000000E+00  0.00000000E+00  0.00000000E+00  0.00000000E+00  0.00000000E+00  0.00000000E+00  0.00000000E+00  0.00000000E+00  0.00000000E+00  0.00000000E+00  0.00000000E+00
  2.69451081E-01  2.68663298E-01  2.68185061E-01  2.67588323E-01  2.66652292E-01  2.65155834E-01  2.63978602E-01  2.61386755E-01  2.59509882E-01  2.57838616E-01  2.55639064E-01  2.52398986E-01  2.49188521E-01  2.45803073E-01  2.42996247E-01  2.39199422E-01  2.35631217E-01  2.31747296E-01  2.27799172E-01  2.23484640E-01  2.18394806E-01  2.13972062E-01  2.09520758E-01  2.04796442E-01  1.99580155E-01  1.94468187E-01  1.89286620E-01  1.84282174E-01  1.78514467E-01  1.73286244E-01  1.67834016E-01  1.62448118E-01  1.56507400E-01  1.50862537E-01  1.45376817E-01  1.39625610E-01  1.34275996E-01  1.28644154E-01  1.22956134E-01  1.17499140E-01  1.12031328E-01  1.06589971E-01  1.01177556E-01  9.59350783E-02  9.09398868E-02  8.58925546E-02  8.09357297E-02  7.60971447E-02  7.14356038E-02  6.68427671E-02  6.24893533E-02  5.82955678E-02  5.41635716E-02  5.02519351E-02  4.64647625E-02  4.28331703E-02  3.93844175E-02  3.60823972E-02  3.30624750E-02  3.00718781E-02  2.73246824E-02  2.47159999E-02  2.22921930E-02  2.00255271E-02  1.79492965E-02  1.59355514E-02  1.41251393E-02  1.25389441E-02  1.10146410E-02  9.63326158E-03  8.36854946E-03  7.27611050E-03  6.24672900E-03  5.38292192E-03  4.55031008E-03  3.84706652E-03  3.23787290E-03  2.71392534E-03  2.24600547E-03  1.81484296E-03  1.48175400E-03  1.18889335E-03  9.63439208E-04  7.52309380E-04  5.94280336E-04  4.55710780E-04  3.42346820E-04  2.63590641E-04  1.99002049E-04  1.44804640E-04  1.05050491E-04  7.57420033E-05  5.46070358E-05  3.77609150E-05  2.39190568E-05  1.66779623E-05  9.62419988E-06  7.07395170E-06  4.16383349E-06  3.04531785E-06  1.72845028E-06  1.01543888E-06  4.33911809E-07  3.94981627E-07  1.23604509E-07  2.25301783E-07  8.12723126E-09  0.00000000E+00  0.00000000E+00  7.29652374E-09  0.00000000E+00  0.00000000E+00  0.00000000E+00  0.00000000E+00  0.00000000E+00  0.00000000E+00  0.00000000E+00  0.00000000E+00  0.00000000E+00  0.00000000E+00  0.00000000E+00  0.00000000E+00  0.00000000E+00  0.00000000E+00  0.00000000E+00  0.00000000E+00  0.00000000E+00  0.00000000E+00  0.00000000E+00  0.00000000E+00  0.00000000E+00  0.00000000E+00  0.00000000E+00  0.00000000E+00  0.00000000E+00  0.00000000E+00  0.00000000E+00  0.00000000E+00  0.00000000E+00  0.00000000E+00  0.00000000E+00  0.00000000E+00  0.00000000E+00  0.00000000E+00  0.00000000E+00  0.00000000E+00  0.00000000E+00  0.00000000E+00  0.00000000E+00  0.00000000E+00  0.00000000E+00  0.00000000E+00  0.00000000E+00  0.00000000E+00  0.00000000E+00  0.00000000E+00  0.00000000E+00  0.00000000E+00  0.00000000E+00  0.00000000E+00  0.00000000E+00  0.00000000E+00  0.00000000E+00  0.00000000E+00  0.00000000E+00  0.00000000E+00  0.00000000E+00  0.00000000E+00  0.00000000E+00  0.00000000E+00  0.00000000E+00  0.00000000E+00  0.00000000E+00  0.00000000E+00  0.00000000E+00  0.00000000E+00  0.00000000E+00  0.00000000E+00  0.00000000E+00  0.00000000E+00  0.00000000E+00  0.00000000E+00  0.00000000E+00  0.00000000E+00  0.00000000E+00  0.00000000E+00  0.00000000E+00  0.00000000E+00  0.00000000E+00  0.00000000E+00  0.00000000E+00  0.00000000E+00  0.00000000E+00  0.00000000E+00  0.00000000E+00  0.00000000E+00  0.00000000E+00  0.00000000E+00  0.00000000E+00  0.00000000E+00
  2.69121640E-01  2.68760284E-01  2.69749550E-01  2.68220212E-01  2.67703736E-01  2.67113467E-01  2.64813320E-01  2.63025779E-01  2.61194994E-01  2.58512490E-01  2.56330420E-01  2.53641383E-01  2.50492114E-01  2.47546158E-01  2.44217733E-01  2.40976544E-01  2.36640933E-01  2.32750908E-01  2.28722712E-01  2.24374952E-01  2.20205891E-01  2.15107806E-01  2.10540151E-01  2.05144690E-01  2.00260271E-01  1.95214307E-01  1.89975402E-01  1.84638362E-01  1.79515926E-01  1.73800554E-01  1.68283856E-01  1.62614665E-01  1.56929991E-01  1.51319919E-01  1.45660063E-01  1.39892959E-01  1.34354647E-01  1.28800684E-01  1.23245847E-01  1.17598414E-01  1.12144250E-01  1.06887381E-01  1.01452852E-01  9.61995663E-02  9.08873838E-02  8.59020749E-02  8.10043065E-02  7.63032241E-02  7.15173224E-02  6.69364779E-02  6.26181562E-02  5.83404174E-02  5.43237650E-02  5.02828236E-02  4.63978067E-02  4.29316691E-02  3.94259604E-02  3.62239028E-02  3.30803187E-02  3.01663881E-02  2.74266809E-02  2.47510928E-02  2.23675283E-02  2.00882662E-02  1.79517471E-02  1.60597403E-02  1.41379409E-02  1.25606040E-02  1.10724983E-02  9.65067317E-03  8.39555009E-03  7.28615442E-03  6.27790809E-03  5.37022628E-03  4.53839257E-03  3.84708327E-03  3.24470243E-03  2.70708771E-03  2.24952874E-03  1.83672836E-03  1.48910766E-03  1.20040406E-03  9.68994062E-04  7.52637898E-04  5.98158568E-04  4.58344420E-04  3.48074307E-04  2.67220245E-04  1.96953468E-04  1.44825469E-04  1.04272857E-04  7.85143832E-05  5.32782993E-05  3.72296930E-05  2.33638647E-05  1.66200963E-05  9.90846185E-06  6.70929390E-06  3.93941909E-06  2.92487021E-06  1.30909074E-06  7.41244142E-07  4.26116986E-07  1.98777398E-07  1.68204074E-07  4.60701126E-08  4.31368428E-08  0.00000000E+00  0.00000000E+00  0.00000000E+00  0.00000000E+00  0.00000000E+00  0.00000000E+00  0.00000000E+00  0.00000000E+00  0.00000000E+00  0.00000000E+00  0.00000000E+00  0.00000000E+00  0.00000000E+00  0.00000000E+00  0.00000000E+00  0.00000000E+00  0.00000000E+00  0.00000000E+00  0.00000000E+00  0.00000000E+00  0.00000000E+00  0.00000000E+00  0.00000000E+00  0.00000000E+00  0.00000000E+00  0.00000000E+00  0.00000000E+00  0.00000000E+00  0.00000000E+00  0.00000000E+00  0.00000000E+00  0.00000000E+00  0.00000000E+00  0.00000000E+00  0.00000000E+00  0.00000000E+00  0.00000000E+00  0.00000000E+00  0.00000000E+00  0.00000000E+00  0.00000000E+00  0.00000000E+00  0.00000000E+00  0.00000000E+00  0.00000000E+00  0.00000000E+00  0.00000000E+00  0.00000000E+00  0.00000000E+00  0.00000000E+00  0.00000000E+00  0.00000000E+00  0.00000000E+00  0.00000000E+00  0.00000000E+00  0.00000000E+00  0.00000000E+00  0.00000000E+00  0.00000000E+00  0.00000000E+00  0.00000000E+00  0.00000000E+00  0.00000000E+00  0.00000000E+00  0.00000000E+00  0.00000000E+00  0.00000000E+00  0.00000000E+00  0.00000000E+00  0.00000000E+00  0.00000000E+00  0.00000000E+00  0.00000000E+00  0.00000000E+00  0.00000000E+00  0.00000000E+00  0.00000000E+00  0.00000000E+00  0.00000000E+00  0.00000000E+00  0.00000000E+00  0.00000000E+00  0.00000000E+00  0.00000000E+00  0.00000000E+00  0.00000000E+00  0.00000000E+00  0.00000000E+00  0.00000000E+00  0.00000000E+00  0.00000000E+00  0.00000000E+00  0.00000000E+00
  2.70037345E-01  2.69058764E-01  2.68270556E-01  2.68699338E-01  2.66393254E-01  2.66340719E-01  2.64908614E-01  2.63322657E-01  2.61141814E-01  2.59056281E-01  2.56721538E-01  2.52977959E-01  2.50931025E-01  2.47452906E-01  2.44120544E-01  2.40367931E-01  2.36773561E-01  2.32865410E-01  2.28423975E-01  2.24386687E-01  2.19597157E-01  2.15429391E-01  2.10597430E-01  2.05339766E-01  2.00342341E-01  1.95314518E-01  1.89863330E-01  1.84891137E-01  1.79208774E-01  1.73834030E-01  1.68206602E-01  1.62653781E-01  1.57198955E-01  1.51179623E-01  1.45506989E-01  1.39926464E-01  1.34275924E-01  1.28735028E-01  1.23194833E-01  1.17689480E-01  1.11939240E-01  1.06936386E-01  1.01322339E-01  9.60956771E-02  9.11026644E-02  8.59763806E-02  8.09553374E-02  7.64047172E-02  7.14481976E-02  6.69545455E-02  6.24649841E-02  5.83376335E-02  5.42341155E-02  5.04387434E-02  4.64638203E-02  4.28750754E-02  3.92985043E-02  3.61827449E-02  3.31206714E-02  3.01513427E-02  2.73749885E-02  2.47724608E-02  2.23562348E-02  2.01214747E-02  1.79485127E-02  1.59867054E-02  1.42881912E-02  1.25438111E-02  1.10637693E-02  9.69831850E-03  8.46179675E-03  7.31255901E-03  6.28188062E-03  5.40200469E-03  4.60562276E-03  3.89673026E-03  3.26955950E-03  2.73782617E-03  2.24908941E-03  1.85488734E-03  1.47899550E-03  1.19290768E-03  9.72827533E-04  7.76767869E-04  6.17442409E-04  4.69829075E-04  3.55338080E-04  2.66804268E-04  1.97884071E-04  1.44174091E-04  1.05649407E-04  7.45355912E-05  5.37434613E-05  3.73122172E-05  2.49442328E-05  1.68106568E-05  1.00493991E-05  7.16639322E-06  3.59749760E-06  2.40338033E-06  1.46929514E-06  8.23445020E-07  5.64667465E-07  1.70761627E-07  9.94108469E-08  1.34275314E-08  0.00000000E+00  0.00000000E+00  4.41426044E-08  0.00000000E+00  0.00000000E+00  0.00000000E+00  0.00000000E+00  0.00000000E+00  0.00000000E+00  0.00000000E+00  0.00000000E+00  0.00000000E+00  0.00000000E+00  0.00000000E+00  0.00000000E+00  0.00000000E+00  0.00000000E+00  0.00000000E+00  0.00000000E+00  0.00000000E+00  0.00000000E+00  0.00000000E+00  0.00000000E+00  0.00000000E+00  0.00000000E+00  0.00000000E+00  0.00000000E+00  0.00000000E+00  0.00000000E+00  0.00000000E+00  0.00000000E+00  0.00000000E+00  0.00000000E+00  0.00000000E+00  0.00000000E+00  0.00000000E+00  0.00000000E+00  0.00000000E+00  0.00000000E+00  0.00000000E+00  0.00000000E+00  0.00000000E+00  0.00000000E+00  0.00000000E+00  0.00000000E+00  0.00000000E+00  0.00000000E+00  0.00000000E+00  0.00000000E+00  0.00000000E+00  0.00000000E+00  0.00000000E+00  0.00000000E+00  0.00000000E+00  0.00000000E+00  0.00000000E+00  0.00000000E+00  0.00000000E+00  0.00000000E+00  0.00000000E+00  0.00000000E+00  0.00000000E+00  0.00000000E+00  0.00000000E+00  0.00000000E+00  0.00000000E+00  0.00000000E+00  0.00000000E+00  0.00000000E+00  0.00000000E+00  0.00000000E+00  0.00000000E+00  0.00000000E+00  0.00000000E+00  0.00000000E+00  0.00000000E+00  0.00000000E+00  0.00000000E+00  0.00000000E+00  0.00000000E+00  0.00000000E+00  0.00000000E+00  0.00000000E+00  0.00000000E+00  0.00000000E+00  0.00000000E+00  0.00000000E+00  0.00000000E+00  0.00000000E+00  0.00000000E+00  0.00000000E+00  0.00000000E+00  0.00000000E+00  0.00000000E+00
  2.68045812E-01  2.66892456E-01  2.66145872E-01  2.65689907E-01  2.64746935E-01  2.63293090E-01  2.61271278E-01  2.59877670E-01  2.57946669E-01  2.55527026E-01  2.53525409E-01  2.50286228E-01  2.47918872E-01  2.44549148E-01  2.40789038E-01  2.37566592E-01  2.33365494E-01  2.29543882E-01  2.25504953E-01  2.21357955E-01  2.16429732E-01  2.12358045E-01  2.07482902E-01  2.02739243E-01  1.97711808E-01  1.92516219E-01  1.87673671E-01  1.82358496E-01  1.77098888E-01  1.71336303E-01  1.66087301E-01  1.60554619E-01  1.54951031E-01  1.49520354E-01  1.43689020E-01  1.38196029E-01  1.32489697E-01  1.27163136E-01  1.21390869E-01  1.15948382E-01  1.10518060E-01  1.05163113E-01  9.99943757E-02  9.46064122E-02  8.96716093E-02  8.47290256E-02  7.98795764E-02  7.51236071E-02  7.05987249E-02  6.60898556E-02  6.15961208E-02  5.74012101E-02  5.33847054E-02  4.95652608E-02  4.57008120E-02  4.21741224E-02  3.89031716E-02  3.55780318E-02  3.25393615E-02  2.96892757E-02  2.69581466E-02  2.43456182E-02  2.19993421E-02  1.97246427E-02  1.76180873E-02  1.56832695E-02  1.39645231E-02  1.22962751E-02  1.08470759E-02  9.41241806E-03  8.24027126E-03  7.14170425E-03  6.12942040E-03  5.25259409E-03  4.49748209E-03  3.80259290E-03  3.18571112E-03  2.65708871E-03  2.19686502E-03  1.80925220E-03  1.47276520E-03  1.18275711E-03  9.57644535E-04  7.44920354E-04  5.81989487E-04  4.45491637E-04  3.48378135E-04  2.61318868E-04  1.96858558E-04  1.42641552E-04  1.07219325E-04  7.27540315E-05  5.21330146E-05  3.83384532E-05  2.41810305E-05  1.55673033E-05  1.07412747E-05  6.09051286E-06  4.31579809E-06  2.60692556E-06  1.90688839E-06  8.37513079E-07  6.36982748E-07  8.63516308E-08  7.05094072E-08  2.91004464E-08  5.76544056E-09  6.40991849E-08  0.00000000E+00  0.00000000E+00  0.00000000E+00  0.00000000E+00  2.24382406E-08  0.00000000E+00  0.00000000E+00  0.00000000E+00  0.00000000E+00  0.00000000E+00  0.00000000E+00  0.00000000E+00  0.00000000E+00  0.00000000E+00  0.00000000E+00  0.00000000E+00  0.00000000E+00  0.00000000E+00  0.00000000E+00  0.00000000E+00  0.00000000E+00  0.00000000E+00  0.00000000E+00  0.00000000E+00  0.00000000E+00  0.00000000E+00  0.00000000E+00  0.00000000E+00  0.00000000E+00  0.00000000E+00  0.00000000E+00  0.00000000E+00  0.00000000E+00  0.00000000E+00  0.00000000E+00  0.00000000E+00  0.00000000E+00  0.00000000E+00  0.00000000E+00  0.00000000E+00  0.00000000E+00  0.00000000E+00  0.00000000E+00  0.00000000E+00  0.00000000E+00  0.00000000E+00  0.00000000E+00  0.00000000E+00  0.00000000E+00  0.00000000E+00  0.00000000E+00  0.00000000E+00  0.00000000E+00  0.00000000E+00  0.00000000E+00  0.00000000E+00  0.00000000E+00  0.00000000E+00  0.00000000E+00  0.00000000E+00  0.00000000E+00  0.00000000E+00  0.00000000E+00  0.00000000E+00  0.00000000E+00  0.00000000E+00  0.00000000E+00  0.00000000E+00  0.00000000E+00  0.00000000E+00  0.00000000E+00  0.00000000E+00  0.00000000E+00  0.00000000E+00  0.00000000E+00  0.00000000E+00  0.00000000E+00  0.00000000E+00  0.00000000E+00  0.00000000E+00  0.00000000E+00  0.00000000E+00  0.00000000E+00  0.00000000E+00  0.00000000E+00  0.00000000E+00  0.00000000E+00  0.00000000E+00  0.00000000E+00  0.00000000E+00  0.00000000E+00  0.00000000E+00
  2.70768929E-01  2.70720286E-01  2.69858583E-01  2.68398910E-01  2.68190906E-01  2.66529128E-01  2.64711135E-01  2.62788739E-01  2.60851362E-01  2.58979562E-01  2.56454801E-01  2.53603042E-01  2.50220812E-01  2.47573741E-01  2.43785044E-01  2.40567424E-01  2.36843907E-01  2.33098210E-01  2.28678144E-01  2.24879598E-01  2.19782547E-01  2.15178487E-01  2.10083503E-01  2.05323870E-01  2.00370305E-01  1.95195502E-01  1.90124901E-01  1.84762007E-01  1.79448154E-01  1.73556667E-01  1.68236610E-01  1.62464892E-01  1.57063469E-01  1.51373825E-01  1.45792260E-01  1.40107087E-01  1.34281490E-01  1.29029613E-01  1.23201364E-01  1.17738505E-01  1.12291009E-01  1.06793686E-01  1.01569979E-01  9.60308223E-02  9.11122011E-02  8.59377873E-02  8.10114092E-02  7.62999917E-02  7.14818298E-02  6.70660617E-02  6.24992862E-02  5.81768348E-02  5.41781237E-02  5.02531733E-02  4.64704686E-02  4.28782296E-02  3.93980408E-02  3.61496835E-02  3.30196472E-02  3.01401840E-02  2.74117427E-02  2.47282165E-02  2.22757827E-02  2.00601073E-02  1.79629787E-02  1.60689631E-02  1.42097334E-02  1.25356442E-02  1.10129765E-02  9.64135594E-03  8.42331147E-03  7.30446066E-03  6.29042629E-03  5.35384038E-03  4.57412627E-03  3.87810814E-03  3.23123022E-03  2.71060712E-03  2.24108564E-03  1.83740824E-03  1.50203748E-03  1.20733234E-03  9.77076297E-04  7.51771213E-04  6.08339042E-04  4.60856600E-04  3.58847352E-04  2.74815435E-04  2.00389412E-04  1.45739475E-04  1.09729055E-04  7.49273861E-05  5.13854493E-05  3.69090924E-05  2.58355685E-05  1.58717544E-05  9.81660476E-06  7.61827002E-06  4.39078706E-06  2.41696056E-06  1.64226104E-06  4.80371468E-07  4.36771341E-07  1.44183776E-07  1.94792590E-07  2.60738128E-09  8.71728353E-08  6.39717966E-10  2.53528778E-09  0.00000000E+00  0.00000000E+00  0.00000000E+00  0.00000000E+00  0.00000000E+00  0.00000000E+00  0.00000000E+00  0.00000000E+00  0.00000000E+00  0.00000000E+00  0.00000000E+00  0.00000000E+00  0.00000000E+00  0.00000000E+00  0.00000000E+00  0.00000000E+00  0.00000000E+00  0.00000000E+00  0.00000000E+00  0.00000000E+00  0.00000000E+00  0.00000000E+00  0.00000000E+00  0.00000000E+00  0.00000000E+00  0.00000000E+00  0.00000000E+00  0.00000000E+00  0.00000000E+00  0.00000000E+00  0.00000000E+00  0.00000000E+00  0.00000000E+00  0.00000000E+00  0.00000000E+00  0.00000000E+00  0.00000000E+00  0.00000000E+00  0.00000000E+00  0.00000000E+00  0.00000000E+00  0.00000000E+00  0.00000000E+00  0.00000000E+00  0.00000000E+00  0.00000000E+00  0.00000000E+00  0.00000000E+00  0.00000000E+00  0.00000000E+00  0.00000000E+00  0.00000000E+00  0.00000000E+00  0.00000000E+00  0.00000000E+00  0.00000000E+00  0.00000000E+00  0.00000000E+00  0.00000000E+00  0.00000000E+00  0.00000000E+00  0.00000000E+00  0.00000000E+00  0.00000000E+00  0.00000000E+00  0.00000000E+00  0.00000000E+00  0.00000000E+00  0.00000000E+00  0.00000000E+00  0.00000000E+00  0.00000000E+00  0.00000000E+00  0.00000000E+00  0.00000000E+00  0.00000000E+00  0.00000000E+00  0.00000000E+00  0.00000000E+00  0.00000000E+00  0.00000000E+00  0.00000000E+00  0.00000000E+00  0.00000000E+00  0.00000000E+00  0.00000000E+00  0.00000000E+00  0.00000000E+00  0.00000000E+00  0.00000000E+00  0.00000000E+00
