# PIMCID: da03fbc4-8ec4-4b18-8380-d712af500267
#      0.000E+00       1.450E-02       2.900E-02       4.350E-02       5.800E-02       7.250E-02       8.700E-02       1.015E-01       1.160E-01       1.305E-01       1.450E-01       1.595E-01       1.740E-01       1.885E-01       2.030E-01       2.175E-01       2.320E-01       2.465E-01       2.610E-01       2.755E-01       2.900E-01       3.045E-01       3.190E-01       3.335E-01       3.480E-01       3.625E-01       3.770E-01       3.915E-01       4.060E-01       4.205E-01       4.350E-01       4.495E-01       4.640E-01       4.785E-01       4.930E-01       5.075E-01       5.220E-01       5.365E-01       5.510E-01       5.655E-01       5.800E-01       5.945E-01       6.090E-01       6.235E-01       6.380E-01       6.525E-01       6.670E-01       6.815E-01       6.960E-01       7.105E-01       7.250E-01       7.395E-01       7.540E-01       7.685E-01       7.830E-01       7.975E-01       8.120E-01       8.265E-01       8.410E-01       8.555E-01       8.700E-01       8.845E-01       8.990E-01       9.135E-01       9.280E-01       9.425E-01       9.570E-01       9.715E-01       9.860E-01       1.000E+00       1.015E+00       1.029E+00       1.044E+00       1.058E+00       1.073E+00       1.087E+00       1.102E+00       1.116E+00       1.131E+00       1.145E+00       1.160E+00       1.174E+00       1.189E+00       1.204E+00       1.218E+00       1.232E+00       1.247E+00       1.261E+00       1.276E+00       1.290E+00       1.305E+00       1.319E+00       1.334E+00       1.348E+00       1.363E+00       1.377E+00       1.392E+00       1.406E+00       1.421E+00       1.435E+00       1.450E+00       1.464E+00       1.479E+00       1.493E+00       1.508E+00       1.522E+00       1.537E+00       1.551E+00       1.566E+00       1.580E+00       1.595E+00       1.609E+00       1.624E+00       1.638E+00       1.653E+00       1.667E+00       1.682E+00       1.696E+00       1.711E+00       1.725E+00       1.740E+00       1.754E+00       1.769E+00       1.783E+00       1.798E+00       1.812E+00       1.827E+00       1.841E+00       1.856E+00       1.870E+00       1.885E+00       1.899E+00       1.914E+00       1.928E+00       1.943E+00       1.957E+00       1.972E+00       1.986E+00       2.001E+00       2.015E+00       2.030E+00       2.044E+00       2.059E+00       2.073E+00       2.088E+00       2.103E+00       2.117E+00       2.131E+00       2.146E+00       2.160E+00       2.175E+00       2.189E+00       2.204E+00       2.218E+00       2.233E+00       2.248E+00       2.262E+00       2.276E+00       2.291E+00       2.305E+00       2.320E+00       2.334E+00       2.349E+00       2.363E+00       2.378E+00       2.392E+00       2.407E+00       2.421E+00       2.436E+00       2.450E+00       2.465E+00       2.479E+00       2.494E+00       2.508E+00       2.523E+00       2.537E+00       2.552E+00       2.567E+00       2.581E+00       2.595E+00       2.610E+00       2.624E+00       2.639E+00       2.653E+00       2.668E+00       2.682E+00       2.697E+00       2.712E+00       2.726E+00       2.740E+00       2.755E+00       2.769E+00       2.784E+00       2.798E+00       2.813E+00       2.827E+00       2.842E+00       2.856E+00       2.871E+00       2.885E+00
  2.62505851E-01  2.62222140E-01  2.61303238E-01  2.60474560E-01  2.59965008E-01  2.58906839E-01  2.57209256E-01  2.55828805E-01  2.53781876E-01  2.52054950E-01  2.49502301E-01  2.47091027E-01  2.44360807E-01  2.41563668E-01  2.38385286E-01  2.35266570E-01  2.31725520E-01  2.28064298E-01  2.24301910E-01  2.20189634E-01  2.16071566E-01  2.11835106E-01  2.07408428E-01  2.02846759E-01  1.98080862E-01  1.93313356E-01  1.88335535E-01  1.83301399E-01  1.78204722E-01  1.72919288E-01  1.67661082E-01  1.62396595E-01  1.56934230E-01  1.51507074E-01  1.46125762E-01  1.40576188E-01  1.35154835E-01  1.29760749E-01  1.24239169E-01  1.18788583E-01  1.13429451E-01  1.08107763E-01  1.02814875E-01  9.76127161E-02  9.24766061E-02  8.74369929E-02  8.25456331E-02  7.76757296E-02  7.30614461E-02  6.84412098E-02  6.40410354E-02  5.97719361E-02  5.55403757E-02  5.16007526E-02  4.77264643E-02  4.40597322E-02  4.05253858E-02  3.71495376E-02  3.39566056E-02  3.09587837E-02  2.81137204E-02  2.54541411E-02  2.29200363E-02  2.06022344E-02  1.84065104E-02  1.64149434E-02  1.45506695E-02  1.28290859E-02  1.12727195E-02  9.83958634E-03  8.55853255E-03  7.38113395E-03  6.34156581E-03  5.41063671E-03  4.57532809E-03  3.84994992E-03  3.21780561E-03  2.66827125E-03  2.19218999E-03  1.78760439E-03  1.43613910E-03  1.14692443E-03  9.04994030E-04  7.05640210E-04  5.48291066E-04  4.15884966E-04  3.11067345E-04  2.30635945E-04  1.69194611E-04  1.22495718E-04  8.62415145E-05  5.99205460E-05  4.15133141E-05  2.83371525E-05  1.86774275E-05  1.23716205E-05  8.10761528E-06  5.16345951E-06  3.23497601E-06  2.08652506E-06  1.15519735E-06  7.46751554E-07  4.01992860E-07  2.02497680E-07  9.21211438E-08  6.35400492E-08  1.05046907E-08  1.18337350E-08  9.97844116E-10  1.64788564E-09  0.00000000E+00  0.00000000E+00  0.00000000E+00  0.00000000E+00  0.00000000E+00  0.00000000E+00  0.00000000E+00  0.00000000E+00  0.00000000E+00  0.00000000E+00  0.00000000E+00  0.00000000E+00  0.00000000E+00  0.00000000E+00  0.00000000E+00  0.00000000E+00  0.00000000E+00  0.00000000E+00  0.00000000E+00  0.00000000E+00  0.00000000E+00  0.00000000E+00  0.00000000E+00  0.00000000E+00  0.00000000E+00  0.00000000E+00  0.00000000E+00  0.00000000E+00  0.00000000E+00  0.00000000E+00  0.00000000E+00  0.00000000E+00  0.00000000E+00  0.00000000E+00  0.00000000E+00  0.00000000E+00  0.00000000E+00  0.00000000E+00  0.00000000E+00  0.00000000E+00  0.00000000E+00  0.00000000E+00  0.00000000E+00  0.00000000E+00  0.00000000E+00  0.00000000E+00  0.00000000E+00  0.00000000E+00  0.00000000E+00  0.00000000E+00  0.00000000E+00  0.00000000E+00  0.00000000E+00  0.00000000E+00  0.00000000E+00  0.00000000E+00  0.00000000E+00  0.00000000E+00  0.00000000E+00  0.00000000E+00  0.00000000E+00  0.00000000E+00  0.00000000E+00  0.00000000E+00  0.00000000E+00  0.00000000E+00  0.00000000E+00  0.00000000E+00  0.00000000E+00  0.00000000E+00  0.00000000E+00  0.00000000E+00  0.00000000E+00  0.00000000E+00  0.00000000E+00  0.00000000E+00  0.00000000E+00  0.00000000E+00  0.00000000E+00  0.00000000E+00  0.00000000E+00  0.00000000E+00  0.00000000E+00  0.00000000E+00  0.00000000E+00  0.00000000E+00  0.00000000E+00  0.00000000E+00  0.00000000E+00  0.00000000E+00
  2.62671089E-01  2.62719440E-01  2.61930612E-01  2.61411806E-01  2.60630758E-01  2.59257499E-01  2.57579439E-01  2.56049805E-01  2.54166112E-01  2.52547440E-01  2.50246719E-01  2.47740405E-01  2.45355330E-01  2.42194713E-01  2.39219215E-01  2.35780691E-01  2.32571211E-01  2.28784689E-01  2.25069201E-01  2.21171740E-01  2.16951780E-01  2.12657386E-01  2.08220502E-01  2.03621511E-01  1.98954492E-01  1.94085025E-01  1.89177017E-01  1.84135406E-01  1.78978868E-01  1.73751512E-01  1.68463583E-01  1.63036067E-01  1.57800131E-01  1.52259611E-01  1.47024523E-01  1.41439354E-01  1.35913460E-01  1.30403940E-01  1.24924839E-01  1.19527046E-01  1.14157826E-01  1.08816565E-01  1.03466586E-01  9.82843506E-02  9.30963887E-02  8.80376283E-02  8.31642643E-02  7.82337440E-02  7.34938149E-02  6.89299882E-02  6.44623498E-02  6.00888453E-02  5.59611100E-02  5.19264332E-02  4.80621765E-02  4.43507251E-02  4.08555788E-02  3.74698286E-02  3.42390272E-02  3.12267892E-02  2.83573857E-02  2.56602468E-02  2.31466070E-02  2.07757659E-02  1.85867032E-02  1.65434536E-02  1.46875922E-02  1.29429130E-02  1.13774104E-02  9.93408466E-03  8.63352478E-03  7.46246300E-03  6.40869524E-03  5.46275072E-03  4.63047086E-03  3.90212704E-03  3.24525058E-03  2.68547958E-03  2.21368031E-03  1.80158100E-03  1.44794663E-03  1.15924667E-03  9.20204709E-04  7.16846046E-04  5.54475203E-04  4.16616648E-04  3.15316969E-04  2.33509816E-04  1.70267853E-04  1.23090417E-04  8.63937215E-05  6.12140156E-05  4.21060586E-05  2.84106813E-05  1.95570206E-05  1.26859187E-05  8.09599431E-06  5.44822630E-06  3.19294494E-06  1.79796835E-06  1.12770335E-06  5.82589589E-07  3.34670564E-07  2.73143210E-07  9.25677273E-08  5.76167856E-08  4.85101751E-08  5.62927882E-09  5.82713021E-10  5.03155400E-09  0.00000000E+00  0.00000000E+00  0.00000000E+00  0.00000000E+00  0.00000000E+00  0.00000000E+00  0.00000000E+00  0.00000000E+00  0.00000000E+00  0.00000000E+00  0.00000000E+00  0.00000000E+00  0.00000000E+00  0.00000000E+00  0.00000000E+00  0.00000000E+00  0.00000000E+00  0.00000000E+00  0.00000000E+00  0.00000000E+00  0.00000000E+00  0.00000000E+00  0.00000000E+00  0.00000000E+00  0.00000000E+00  0.00000000E+00  0.00000000E+00  0.00000000E+00  0.00000000E+00  0.00000000E+00  0.00000000E+00  0.00000000E+00  0.00000000E+00  0.00000000E+00  0.00000000E+00  0.00000000E+00  0.00000000E+00  0.00000000E+00  0.00000000E+00  0.00000000E+00  0.00000000E+00  0.00000000E+00  0.00000000E+00  0.00000000E+00  0.00000000E+00  0.00000000E+00  0.00000000E+00  0.00000000E+00  0.00000000E+00  0.00000000E+00  0.00000000E+00  0.00000000E+00  0.00000000E+00  0.00000000E+00  0.00000000E+00  0.00000000E+00  0.00000000E+00  0.00000000E+00  0.00000000E+00  0.00000000E+00  0.00000000E+00  0.00000000E+00  0.00000000E+00  0.00000000E+00  0.00000000E+00  0.00000000E+00  0.00000000E+00  0.00000000E+00  0.00000000E+00  0.00000000E+00  0.00000000E+00  0.00000000E+00  0.00000000E+00  0.00000000E+00  0.00000000E+00  0.00000000E+00  0.00000000E+00  0.00000000E+00  0.00000000E+00  0.00000000E+00  0.00000000E+00  0.00000000E+00  0.00000000E+00  0.00000000E+00  0.00000000E+00  0.00000000E+00  0.00000000E+00  0.00000000E+00  0.00000000E+00  0.00000000E+00
  2.63539461E-01  2.63020906E-01  2.63013901E-01  2.61908873E-01  2.60816548E-01  2.59626947E-01  2.58379852E-01  2.56750927E-01  2.54854133E-01  2.52801904E-01  2.50781699E-01  2.48172610E-01  2.45481524E-01  2.42634047E-01  2.39674181E-01  2.36375375E-01  2.32981733E-01  2.29345178E-01  2.25504615E-01  2.21669314E-01  2.17529725E-01  2.13018384E-01  2.08736613E-01  2.04102963E-01  1.99491627E-01  1.94576979E-01  1.89632009E-01  1.84525195E-01  1.79354749E-01  1.74276106E-01  1.68974410E-01  1.63593233E-01  1.58199526E-01  1.52804886E-01  1.47377801E-01  1.41842334E-01  1.36343865E-01  1.30779504E-01  1.25317098E-01  1.19928864E-01  1.14514058E-01  1.09205771E-01  1.03852397E-01  9.85777115E-02  9.34593026E-02  8.84133380E-02  8.34719554E-02  7.85908017E-02  7.38533842E-02  6.92479309E-02  6.47484181E-02  6.04343886E-02  5.61916472E-02  5.21928787E-02  4.82960553E-02  4.46110145E-02  4.10472923E-02  3.76651525E-02  3.44052164E-02  3.13687419E-02  2.85006041E-02  2.57951366E-02  2.32554471E-02  2.08901194E-02  1.86903572E-02  1.66439114E-02  1.47498275E-02  1.30175894E-02  1.14356619E-02  9.99900504E-03  8.69265522E-03  7.50805879E-03  6.43616758E-03  5.50395932E-03  4.66786629E-03  3.93189759E-03  3.27417874E-03  2.71629615E-03  2.23269827E-03  1.82037161E-03  1.46154220E-03  1.16466606E-03  9.23026523E-04  7.18036339E-04  5.55029793E-04  4.23400067E-04  3.16941206E-04  2.35321753E-04  1.72646518E-04  1.22840452E-04  8.77421042E-05  6.09263227E-05  4.27127142E-05  2.89250662E-05  1.92151877E-05  1.29216628E-05  8.04007261E-06  5.33763123E-06  3.47869149E-06  2.07228460E-06  1.18685692E-06  6.85780002E-07  4.27060818E-07  2.36023961E-07  1.13934600E-07  4.02806935E-08  1.67607394E-08  9.01886465E-09  1.75374365E-09  2.48246818E-09  0.00000000E+00  0.00000000E+00  0.00000000E+00  0.00000000E+00  0.00000000E+00  0.00000000E+00  0.00000000E+00  0.00000000E+00  0.00000000E+00  0.00000000E+00  0.00000000E+00  0.00000000E+00  0.00000000E+00  0.00000000E+00  0.00000000E+00  0.00000000E+00  0.00000000E+00  0.00000000E+00  0.00000000E+00  0.00000000E+00  0.00000000E+00  0.00000000E+00  0.00000000E+00  0.00000000E+00  0.00000000E+00  0.00000000E+00  0.00000000E+00  0.00000000E+00  0.00000000E+00  0.00000000E+00  0.00000000E+00  0.00000000E+00  0.00000000E+00  0.00000000E+00  0.00000000E+00  0.00000000E+00  0.00000000E+00  0.00000000E+00  0.00000000E+00  0.00000000E+00  0.00000000E+00  0.00000000E+00  0.00000000E+00  0.00000000E+00  0.00000000E+00  0.00000000E+00  0.00000000E+00  0.00000000E+00  0.00000000E+00  0.00000000E+00  0.00000000E+00  0.00000000E+00  0.00000000E+00  0.00000000E+00  0.00000000E+00  0.00000000E+00  0.00000000E+00  0.00000000E+00  0.00000000E+00  0.00000000E+00  0.00000000E+00  0.00000000E+00  0.00000000E+00  0.00000000E+00  0.00000000E+00  0.00000000E+00  0.00000000E+00  0.00000000E+00  0.00000000E+00  0.00000000E+00  0.00000000E+00  0.00000000E+00  0.00000000E+00  0.00000000E+00  0.00000000E+00  0.00000000E+00  0.00000000E+00  0.00000000E+00  0.00000000E+00  0.00000000E+00  0.00000000E+00  0.00000000E+00  0.00000000E+00  0.00000000E+00  0.00000000E+00  0.00000000E+00  0.00000000E+00  0.00000000E+00  0.00000000E+00  0.00000000E+00
  2.64318513E-01  2.64754180E-01  2.64051901E-01  2.63490336E-01  2.62334543E-01  2.60970261E-01  2.59852976E-01  2.58283493E-01  2.56229275E-01  2.54133314E-01  2.51998232E-01  2.49534407E-01  2.46720928E-01  2.43844438E-01  2.40856435E-01  2.37620333E-01  2.34151139E-01  2.30539041E-01  2.26823984E-01  2.22880103E-01  2.18707941E-01  2.14330959E-01  2.09818708E-01  2.05395388E-01  2.00690555E-01  1.95844269E-01  1.90835704E-01  1.85754876E-01  1.80650820E-01  1.75404117E-01  1.70117964E-01  1.64716620E-01  1.59344992E-01  1.53915462E-01  1.48416949E-01  1.42807595E-01  1.37314836E-01  1.31895108E-01  1.26343292E-01  1.20811940E-01  1.15422915E-01  1.10081289E-01  1.04720034E-01  9.94776874E-02  9.42665343E-02  8.92198301E-02  8.42003210E-02  7.92959514E-02  7.44767728E-02  6.98510260E-02  6.53560118E-02  6.10013736E-02  5.67933938E-02  5.27061640E-02  4.88101331E-02  4.50611891E-02  4.14436530E-02  3.80423819E-02  3.48237277E-02  3.17045474E-02  2.88380998E-02  2.60904492E-02  2.35248480E-02  2.11356269E-02  1.89031383E-02  1.68378629E-02  1.49348268E-02  1.32093638E-02  1.15857579E-02  1.01167235E-02  8.80144900E-03  7.59143448E-03  6.52215410E-03  5.56599830E-03  4.71342984E-03  3.97746111E-03  3.32116222E-03  2.75305831E-03  2.25620484E-03  1.84240186E-03  1.48223698E-03  1.18446444E-03  9.31985109E-04  7.29884999E-04  5.63696093E-04  4.25698817E-04  3.20172019E-04  2.39360318E-04  1.75634220E-04  1.25079583E-04  8.96891979E-05  6.27831908E-05  4.19355749E-05  2.87692017E-05  1.98664898E-05  1.33738671E-05  8.39974331E-06  5.42138782E-06  3.41327180E-06  2.09436383E-06  1.28468555E-06  7.78662107E-07  3.83063035E-07  2.76725451E-07  1.21293074E-07  3.74483992E-08  3.31918478E-08  8.57819645E-09  7.99918565E-09  0.00000000E+00  0.00000000E+00  1.62165852E-10  0.00000000E+00  0.00000000E+00  0.00000000E+00  0.00000000E+00  0.00000000E+00  0.00000000E+00  0.00000000E+00  0.00000000E+00  0.00000000E+00  0.00000000E+00  0.00000000E+00  0.00000000E+00  0.00000000E+00  0.00000000E+00  0.00000000E+00  0.00000000E+00  0.00000000E+00  0.00000000E+00  0.00000000E+00  0.00000000E+00  0.00000000E+00  0.00000000E+00  0.00000000E+00  0.00000000E+00  0.00000000E+00  0.00000000E+00  0.00000000E+00  0.00000000E+00  0.00000000E+00  0.00000000E+00  0.00000000E+00  0.00000000E+00  0.00000000E+00  0.00000000E+00  0.00000000E+00  0.00000000E+00  0.00000000E+00  0.00000000E+00  0.00000000E+00  0.00000000E+00  0.00000000E+00  0.00000000E+00  0.00000000E+00  0.00000000E+00  0.00000000E+00  0.00000000E+00  0.00000000E+00  0.00000000E+00  0.00000000E+00  0.00000000E+00  0.00000000E+00  0.00000000E+00  0.00000000E+00  0.00000000E+00  0.00000000E+00  0.00000000E+00  0.00000000E+00  0.00000000E+00  0.00000000E+00  0.00000000E+00  0.00000000E+00  0.00000000E+00  0.00000000E+00  0.00000000E+00  0.00000000E+00  0.00000000E+00  0.00000000E+00  0.00000000E+00  0.00000000E+00  0.00000000E+00  0.00000000E+00  0.00000000E+00  0.00000000E+00  0.00000000E+00  0.00000000E+00  0.00000000E+00  0.00000000E+00  0.00000000E+00  0.00000000E+00  0.00000000E+00  0.00000000E+00  0.00000000E+00  0.00000000E+00  0.00000000E+00  0.00000000E+00  0.00000000E+00  0.00000000E+00  0.00000000E+00
  2.63551325E-01  2.62983015E-01  2.61894612E-01  2.60965331E-01  2.60180052E-01  2.58937803E-01  2.57719797E-01  2.56187636E-01  2.54264302E-01  2.52335949E-01  2.50074133E-01  2.47794314E-01  2.44919878E-01  2.42018689E-01  2.39067852E-01  2.35794649E-01  2.32328678E-01  2.28583249E-01  2.24760065E-01  2.20871810E-01  2.16791694E-01  2.12328196E-01  2.08000467E-01  2.03445703E-01  1.98763758E-01  1.93840321E-01  1.88918576E-01  1.83875663E-01  1.78794016E-01  1.73545789E-01  1.68370421E-01  1.62991705E-01  1.57567934E-01  1.52140270E-01  1.46767111E-01  1.41216624E-01  1.35701270E-01  1.30250741E-01  1.24775165E-01  1.19372064E-01  1.13890925E-01  1.08522310E-01  1.03264378E-01  9.80990206E-02  9.29620111E-02  8.78402724E-02  8.28945081E-02  7.80788498E-02  7.33789807E-02  6.87929102E-02  6.43635157E-02  5.99942973E-02  5.58678487E-02  5.18004659E-02  4.79473208E-02  4.42517290E-02  4.07305997E-02  3.73604401E-02  3.41594190E-02  3.11220984E-02  2.83037156E-02  2.55909520E-02  2.30867722E-02  2.07044477E-02  1.85356725E-02  1.65121867E-02  1.46419911E-02  1.29012055E-02  1.13454572E-02  9.91525944E-03  8.60800199E-03  7.43643487E-03  6.38490695E-03  5.45878280E-03  4.62048981E-03  3.89471748E-03  3.23878892E-03  2.68856101E-03  2.21231289E-03  1.80124243E-03  1.44830734E-03  1.15655953E-03  9.12376530E-04  7.12339375E-04  5.45935117E-04  4.19201128E-04  3.15565435E-04  2.33644815E-04  1.71191049E-04  1.22601924E-04  8.68586445E-05  6.08501031E-05  4.22661615E-05  2.90667430E-05  1.89030328E-05  1.27601391E-05  8.38716091E-06  4.99483234E-06  3.08229886E-06  2.08678955E-06  1.25114718E-06  6.39316578E-07  3.51994937E-07  1.85870227E-07  1.27774079E-07  4.69576824E-08  3.93015735E-08  5.80255387E-09  2.58291735E-09  2.47677007E-09  0.00000000E+00  5.67546864E-10  0.00000000E+00  0.00000000E+00  0.00000000E+00  0.00000000E+00  0.00000000E+00  0.00000000E+00  0.00000000E+00  0.00000000E+00  0.00000000E+00  0.00000000E+00  0.00000000E+00  0.00000000E+00  0.00000000E+00  0.00000000E+00  0.00000000E+00  0.00000000E+00  0.00000000E+00  0.00000000E+00  0.00000000E+00  0.00000000E+00  0.00000000E+00  0.00000000E+00  0.00000000E+00  0.00000000E+00  0.00000000E+00  0.00000000E+00  0.00000000E+00  0.00000000E+00  0.00000000E+00  0.00000000E+00  0.00000000E+00  0.00000000E+00  0.00000000E+00  0.00000000E+00  0.00000000E+00  0.00000000E+00  0.00000000E+00  0.00000000E+00  0.00000000E+00  0.00000000E+00  0.00000000E+00  0.00000000E+00  0.00000000E+00  0.00000000E+00  0.00000000E+00  0.00000000E+00  0.00000000E+00  0.00000000E+00  0.00000000E+00  0.00000000E+00  0.00000000E+00  0.00000000E+00  0.00000000E+00  0.00000000E+00  0.00000000E+00  0.00000000E+00  0.00000000E+00  0.00000000E+00  0.00000000E+00  0.00000000E+00  0.00000000E+00  0.00000000E+00  0.00000000E+00  0.00000000E+00  0.00000000E+00  0.00000000E+00  0.00000000E+00  0.00000000E+00  0.00000000E+00  0.00000000E+00  0.00000000E+00  0.00000000E+00  0.00000000E+00  0.00000000E+00  0.00000000E+00  0.00000000E+00  0.00000000E+00  0.00000000E+00  0.00000000E+00  0.00000000E+00  0.00000000E+00  0.00000000E+00  0.00000000E+00  0.00000000E+00  0.00000000E+00  0.00000000E+00  0.00000000E+00  0.00000000E+00
  2.63406200E-01  2.63290592E-01  2.62913784E-01  2.62064330E-01  2.61279561E-01  2.60015389E-01  2.58681685E-01  2.57426325E-01  2.55458001E-01  2.53422039E-01  2.51185547E-01  2.48735132E-01  2.45886264E-01  2.42988275E-01  2.40087209E-01  2.36680515E-01  2.33319203E-01  2.29695770E-01  2.25812028E-01  2.21838246E-01  2.17770566E-01  2.13463455E-01  2.09004412E-01  2.04432655E-01  1.99742541E-01  1.94966394E-01  1.89965686E-01  1.84765364E-01  1.79768307E-01  1.74655067E-01  1.69278635E-01  1.63872231E-01  1.58534142E-01  1.53066090E-01  1.47602462E-01  1.41973003E-01  1.36574213E-01  1.31080462E-01  1.25596004E-01  1.20151197E-01  1.14726460E-01  1.09348229E-01  1.04073396E-01  9.88147654E-02  9.37021677E-02  8.86091438E-02  8.36302903E-02  7.87677510E-02  7.40498644E-02  6.93940757E-02  6.49182686E-02  6.05407864E-02  5.63722739E-02  5.23012561E-02  4.83855748E-02  4.46790783E-02  4.11243003E-02  3.77267509E-02  3.44908340E-02  3.14679662E-02  2.85876597E-02  2.58515854E-02  2.33489780E-02  2.09519826E-02  1.87392729E-02  1.66941271E-02  1.48093587E-02  1.30684165E-02  1.14765823E-02  1.00255420E-02  8.70303531E-03  7.54113126E-03  6.46782342E-03  5.51558369E-03  4.67443537E-03  3.93652826E-03  3.28971217E-03  2.72733579E-03  2.24110451E-03  1.82447596E-03  1.46899856E-03  1.17814640E-03  9.28315664E-04  7.26611408E-04  5.57591816E-04  4.25079392E-04  3.17898811E-04  2.37370970E-04  1.72187833E-04  1.24531329E-04  8.83946550E-05  6.20840637E-05  4.20152568E-05  2.93443234E-05  1.96596804E-05  1.28048504E-05  8.27959707E-06  5.31754248E-06  3.19280621E-06  2.09188828E-06  1.18170737E-06  7.53223167E-07  3.66930754E-07  1.92715051E-07  1.19478418E-07  5.08055005E-08  1.78529987E-08  8.67501525E-09  1.66894392E-10  0.00000000E+00  2.37616835E-09  0.00000000E+00  0.00000000E+00  0.00000000E+00  0.00000000E+00  0.00000000E+00  0.00000000E+00  0.00000000E+00  0.00000000E+00  0.00000000E+00  0.00000000E+00  0.00000000E+00  0.00000000E+00  0.00000000E+00  0.00000000E+00  0.00000000E+00  0.00000000E+00  0.00000000E+00  0.00000000E+00  0.00000000E+00  0.00000000E+00  0.00000000E+00  0.00000000E+00  0.00000000E+00  0.00000000E+00  0.00000000E+00  0.00000000E+00  0.00000000E+00  0.00000000E+00  0.00000000E+00  0.00000000E+00  0.00000000E+00  0.00000000E+00  0.00000000E+00  0.00000000E+00  0.00000000E+00  0.00000000E+00  0.00000000E+00  0.00000000E+00  0.00000000E+00  0.00000000E+00  0.00000000E+00  0.00000000E+00  0.00000000E+00  0.00000000E+00  0.00000000E+00  0.00000000E+00  0.00000000E+00  0.00000000E+00  0.00000000E+00  0.00000000E+00  0.00000000E+00  0.00000000E+00  0.00000000E+00  0.00000000E+00  0.00000000E+00  0.00000000E+00  0.00000000E+00  0.00000000E+00  0.00000000E+00  0.00000000E+00  0.00000000E+00  0.00000000E+00  0.00000000E+00  0.00000000E+00  0.00000000E+00  0.00000000E+00  0.00000000E+00  0.00000000E+00  0.00000000E+00  0.00000000E+00  0.00000000E+00  0.00000000E+00  0.00000000E+00  0.00000000E+00  0.00000000E+00  0.00000000E+00  0.00000000E+00  0.00000000E+00  0.00000000E+00  0.00000000E+00  0.00000000E+00  0.00000000E+00  0.00000000E+00  0.00000000E+00  0.00000000E+00  0.00000000E+00  0.00000000E+00  0.00000000E+00  0.00000000E+00
  2.63830806E-01  2.63696342E-01  2.63308680E-01  2.62509080E-01  2.61842138E-01  2.60557355E-01  2.59298819E-01  2.57494717E-01  2.55455353E-01  2.53398112E-01  2.51457889E-01  2.48864363E-01  2.46252825E-01  2.43396023E-01  2.40264609E-01  2.37183902E-01  2.33693236E-01  2.30014043E-01  2.26287085E-01  2.22210070E-01  2.18107382E-01  2.13825177E-01  2.09441615E-01  2.04876606E-01  2.00193000E-01  1.95282407E-01  1.90377860E-01  1.85367105E-01  1.80252357E-01  1.74964365E-01  1.69671715E-01  1.64368009E-01  1.58932390E-01  1.53499473E-01  1.47902078E-01  1.42486519E-01  1.36934532E-01  1.31452306E-01  1.25984002E-01  1.20547722E-01  1.15088359E-01  1.09741568E-01  1.04400074E-01  9.91189034E-02  9.39408940E-02  8.89135209E-02  8.38748646E-02  7.89729399E-02  7.42707498E-02  6.96364593E-02  6.51654405E-02  6.07531186E-02  5.66065340E-02  5.25055259E-02  4.85911173E-02  4.48789932E-02  4.13246863E-02  3.78697971E-02  3.46625917E-02  3.15675156E-02  2.86769521E-02  2.59553170E-02  2.34200400E-02  2.10534007E-02  1.88219793E-02  1.67498189E-02  1.48509225E-02  1.31066040E-02  1.15217885E-02  1.00673120E-02  8.75456376E-03  7.55321697E-03  6.49622804E-03  5.53391750E-03  4.70019753E-03  3.94617572E-03  3.29882988E-03  2.73492293E-03  2.25230870E-03  1.82921407E-03  1.47462965E-03  1.17723150E-03  9.27283484E-04  7.25501541E-04  5.58128935E-04  4.27590094E-04  3.18735941E-04  2.36349734E-04  1.72412047E-04  1.24463428E-04  8.87719324E-05  6.08744215E-05  4.27817725E-05  2.86702435E-05  1.98854814E-05  1.33403878E-05  8.16444768E-06  5.67015147E-06  3.23714484E-06  2.08341936E-06  1.27775910E-06  6.98835644E-07  3.96710982E-07  2.36914444E-07  1.09842277E-07  5.53429307E-08  2.19802310E-08  1.53018880E-08  1.16621975E-09  2.22859802E-09  0.00000000E+00  0.00000000E+00  0.00000000E+00  0.00000000E+00  0.00000000E+00  0.00000000E+00  0.00000000E+00  0.00000000E+00  0.00000000E+00  0.00000000E+00  0.00000000E+00  0.00000000E+00  0.00000000E+00  0.00000000E+00  0.00000000E+00  0.00000000E+00  0.00000000E+00  0.00000000E+00  0.00000000E+00  0.00000000E+00  0.00000000E+00  0.00000000E+00  0.00000000E+00  0.00000000E+00  0.00000000E+00  0.00000000E+00  0.00000000E+00  0.00000000E+00  0.00000000E+00  0.00000000E+00  0.00000000E+00  0.00000000E+00  0.00000000E+00  0.00000000E+00  0.00000000E+00  0.00000000E+00  0.00000000E+00  0.00000000E+00  0.00000000E+00  0.00000000E+00  0.00000000E+00  0.00000000E+00  0.00000000E+00  0.00000000E+00  0.00000000E+00  0.00000000E+00  0.00000000E+00  0.00000000E+00  0.00000000E+00  0.00000000E+00  0.00000000E+00  0.00000000E+00  0.00000000E+00  0.00000000E+00  0.00000000E+00  0.00000000E+00  0.00000000E+00  0.00000000E+00  0.00000000E+00  0.00000000E+00  0.00000000E+00  0.00000000E+00  0.00000000E+00  0.00000000E+00  0.00000000E+00  0.00000000E+00  0.00000000E+00  0.00000000E+00  0.00000000E+00  0.00000000E+00  0.00000000E+00  0.00000000E+00  0.00000000E+00  0.00000000E+00  0.00000000E+00  0.00000000E+00  0.00000000E+00  0.00000000E+00  0.00000000E+00  0.00000000E+00  0.00000000E+00  0.00000000E+00  0.00000000E+00  0.00000000E+00  0.00000000E+00  0.00000000E+00  0.00000000E+00  0.00000000E+00  0.00000000E+00  0.00000000E+00
  2.63286104E-01  2.63658746E-01  2.63028084E-01  2.62245218E-01  2.61329155E-01  2.59883470E-01  2.58426110E-01  2.57098184E-01  2.55211873E-01  2.53087201E-01  2.50808118E-01  2.48442946E-01  2.45843966E-01  2.42826208E-01  2.39756555E-01  2.36585702E-01  2.33208062E-01  2.29344295E-01  2.25543245E-01  2.21563282E-01  2.17523332E-01  2.13204117E-01  2.08806291E-01  2.04148781E-01  1.99461595E-01  1.94685072E-01  1.89754309E-01  1.84676341E-01  1.79432771E-01  1.74322996E-01  1.68995109E-01  1.63625579E-01  1.58244332E-01  1.52888668E-01  1.47338525E-01  1.41897380E-01  1.36396762E-01  1.30890511E-01  1.25407183E-01  1.19891589E-01  1.14544103E-01  1.09165756E-01  1.03884721E-01  9.86632005E-02  9.35120883E-02  8.84394345E-02  8.34667724E-02  7.85647340E-02  7.38684885E-02  6.92604437E-02  6.48124176E-02  6.04539993E-02  5.62510918E-02  5.21656563E-02  4.83134556E-02  4.45713338E-02  4.10373099E-02  3.76299043E-02  3.44378028E-02  3.13702195E-02  2.84806071E-02  2.57971972E-02  2.32603076E-02  2.08967514E-02  1.86757156E-02  1.66668072E-02  1.47451126E-02  1.30358165E-02  1.14578619E-02  9.97446333E-03  8.69928292E-03  7.51146908E-03  6.45032058E-03  5.49004816E-03  4.66137035E-03  3.92930301E-03  3.27503050E-03  2.71812155E-03  2.23316931E-03  1.81101085E-03  1.46500610E-03  1.16890688E-03  9.27333090E-04  7.18392404E-04  5.54873527E-04  4.23610225E-04  3.19069357E-04  2.34551401E-04  1.72514281E-04  1.24892512E-04  8.67594408E-05  6.04463168E-05  4.22733331E-05  2.90614373E-05  1.85386479E-05  1.22966536E-05  8.00573579E-06  5.37325176E-06  3.28091927E-06  1.97966020E-06  1.20160601E-06  6.44009130E-07  4.86813156E-07  2.49294896E-07  7.92804255E-08  4.85887199E-08  1.50837726E-08  2.18275235E-08  4.57480443E-09  0.00000000E+00  0.00000000E+00  0.00000000E+00  0.00000000E+00  0.00000000E+00  0.00000000E+00  0.00000000E+00  0.00000000E+00  0.00000000E+00  0.00000000E+00  0.00000000E+00  0.00000000E+00  0.00000000E+00  0.00000000E+00  0.00000000E+00  0.00000000E+00  0.00000000E+00  0.00000000E+00  0.00000000E+00  0.00000000E+00  0.00000000E+00  0.00000000E+00  0.00000000E+00  0.00000000E+00  0.00000000E+00  0.00000000E+00  0.00000000E+00  0.00000000E+00  0.00000000E+00  0.00000000E+00  0.00000000E+00  0.00000000E+00  0.00000000E+00  0.00000000E+00  0.00000000E+00  0.00000000E+00  0.00000000E+00  0.00000000E+00  0.00000000E+00  0.00000000E+00  0.00000000E+00  0.00000000E+00  0.00000000E+00  0.00000000E+00  0.00000000E+00  0.00000000E+00  0.00000000E+00  0.00000000E+00  0.00000000E+00  0.00000000E+00  0.00000000E+00  0.00000000E+00  0.00000000E+00  0.00000000E+00  0.00000000E+00  0.00000000E+00  0.00000000E+00  0.00000000E+00  0.00000000E+00  0.00000000E+00  0.00000000E+00  0.00000000E+00  0.00000000E+00  0.00000000E+00  0.00000000E+00  0.00000000E+00  0.00000000E+00  0.00000000E+00  0.00000000E+00  0.00000000E+00  0.00000000E+00  0.00000000E+00  0.00000000E+00  0.00000000E+00  0.00000000E+00  0.00000000E+00  0.00000000E+00  0.00000000E+00  0.00000000E+00  0.00000000E+00  0.00000000E+00  0.00000000E+00  0.00000000E+00  0.00000000E+00  0.00000000E+00  0.00000000E+00  0.00000000E+00  0.00000000E+00  0.00000000E+00  0.00000000E+00  0.00000000E+00
  2.62852809E-01  2.63287720E-01  2.62216572E-01  2.61483914E-01  2.60671860E-01  2.59559758E-01  2.58293810E-01  2.56420673E-01  2.54567188E-01  2.52738301E-01  2.50316943E-01  2.47848981E-01  2.45306558E-01  2.42302268E-01  2.39302216E-01  2.36116548E-01  2.32536384E-01  2.28865450E-01  2.25123934E-01  2.21163991E-01  2.16975798E-01  2.12670751E-01  2.08309462E-01  2.03670004E-01  1.98972861E-01  1.94239800E-01  1.89182003E-01  1.84067955E-01  1.79022143E-01  1.73751048E-01  1.68476242E-01  1.63171526E-01  1.57655472E-01  1.52304811E-01  1.46898420E-01  1.41385148E-01  1.35775757E-01  1.30469704E-01  1.25025265E-01  1.19411711E-01  1.14035137E-01  1.08713913E-01  1.03403480E-01  9.82299322E-02  9.30444546E-02  8.79117700E-02  8.30261166E-02  7.82070644E-02  7.34697383E-02  6.88244333E-02  6.43994205E-02  6.01066407E-02  5.59036355E-02  5.18680772E-02  4.80019044E-02  4.43308301E-02  4.07319098E-02  3.74396088E-02  3.41974436E-02  3.11437190E-02  2.82893819E-02  2.55950930E-02  2.31092892E-02  2.07371767E-02  1.85453646E-02  1.65105932E-02  1.46464940E-02  1.29156223E-02  1.13353678E-02  9.90239869E-03  8.60877920E-03  7.43334366E-03  6.40003408E-03  5.44651407E-03  4.61379520E-03  3.88596344E-03  3.24983835E-03  2.69164374E-03  2.20855376E-03  1.80304200E-03  1.44963553E-03  1.15613718E-03  9.17584493E-04  7.13842082E-04  5.54731612E-04  4.18273606E-04  3.13292781E-04  2.31649585E-04  1.69189529E-04  1.22288496E-04  8.72037647E-05  6.17130719E-05  4.15101343E-05  2.85615758E-05  1.85085695E-05  1.27514905E-05  8.14744580E-06  5.39188591E-06  3.29689944E-06  1.95252897E-06  1.11782717E-06  7.25839658E-07  4.35351573E-07  2.53301130E-07  1.04265151E-07  4.34037285E-08  1.94587463E-08  9.84932296E-09  4.67075697E-09  3.47107623E-09  0.00000000E+00  0.00000000E+00  8.04408143E-11  0.00000000E+00  0.00000000E+00  0.00000000E+00  0.00000000E+00  0.00000000E+00  0.00000000E+00  0.00000000E+00  0.00000000E+00  0.00000000E+00  0.00000000E+00  0.00000000E+00  0.00000000E+00  0.00000000E+00  0.00000000E+00  0.00000000E+00  0.00000000E+00  0.00000000E+00  0.00000000E+00  0.00000000E+00  0.00000000E+00  0.00000000E+00  0.00000000E+00  0.00000000E+00  0.00000000E+00  0.00000000E+00  0.00000000E+00  0.00000000E+00  0.00000000E+00  0.00000000E+00  0.00000000E+00  0.00000000E+00  0.00000000E+00  0.00000000E+00  0.00000000E+00  0.00000000E+00  0.00000000E+00  0.00000000E+00  0.00000000E+00  0.00000000E+00  0.00000000E+00  0.00000000E+00  0.00000000E+00  0.00000000E+00  0.00000000E+00  0.00000000E+00  0.00000000E+00  0.00000000E+00  0.00000000E+00  0.00000000E+00  0.00000000E+00  0.00000000E+00  0.00000000E+00  0.00000000E+00  0.00000000E+00  0.00000000E+00  0.00000000E+00  0.00000000E+00  0.00000000E+00  0.00000000E+00  0.00000000E+00  0.00000000E+00  0.00000000E+00  0.00000000E+00  0.00000000E+00  0.00000000E+00  0.00000000E+00  0.00000000E+00  0.00000000E+00  0.00000000E+00  0.00000000E+00  0.00000000E+00  0.00000000E+00  0.00000000E+00  0.00000000E+00  0.00000000E+00  0.00000000E+00  0.00000000E+00  0.00000000E+00  0.00000000E+00  0.00000000E+00  0.00000000E+00  0.00000000E+00  0.00000000E+00  0.00000000E+00  0.00000000E+00  0.00000000E+00  0.00000000E+00
  2.65304371E-01  2.64529795E-01  2.63535184E-01  2.63205787E-01  2.62152638E-01  2.60922039E-01  2.59537935E-01  2.57834613E-01  2.56075469E-01  2.53885582E-01  2.51716868E-01  2.49425165E-01  2.46564544E-01  2.43832380E-01  2.40688609E-01  2.37468174E-01  2.33924345E-01  2.30335201E-01  2.26483321E-01  2.22508287E-01  2.18326322E-01  2.14003888E-01  2.09510372E-01  2.05049189E-01  2.00424557E-01  1.95480703E-01  1.90504601E-01  1.85455130E-01  1.80365467E-01  1.75196671E-01  1.69874638E-01  1.64498624E-01  1.59017397E-01  1.53626031E-01  1.48110799E-01  1.42632188E-01  1.37066668E-01  1.31641101E-01  1.26136006E-01  1.20719116E-01  1.15178040E-01  1.09810349E-01  1.04496158E-01  9.92501147E-02  9.40568409E-02  8.90505679E-02  8.39759649E-02  7.91267763E-02  7.43711325E-02  6.97456374E-02  6.52358365E-02  6.08410858E-02  5.65934636E-02  5.25558940E-02  4.86191397E-02  4.48926775E-02  4.13625284E-02  3.79195049E-02  3.47163301E-02  3.16353507E-02  2.87180535E-02  2.60229204E-02  2.34453078E-02  2.10569092E-02  1.88443078E-02  1.67844155E-02  1.49185330E-02  1.31458028E-02  1.15336753E-02  1.00887272E-02  8.75447621E-03  7.58953195E-03  6.50324390E-03  5.54717294E-03  4.70443778E-03  3.95610085E-03  3.30760463E-03  2.74879339E-03  2.25471709E-03  1.83538864E-03  1.48246144E-03  1.18418243E-03  9.32593634E-04  7.28120066E-04  5.61156568E-04  4.26803414E-04  3.21561093E-04  2.38175975E-04  1.74296736E-04  1.25234335E-04  8.91480690E-05  6.22484664E-05  4.27701893E-05  2.92289823E-05  1.94743311E-05  1.29862912E-05  8.42890572E-06  5.27890843E-06  3.27405576E-06  1.95229332E-06  1.17897085E-06  8.17968959E-07  3.48537949E-07  2.06332883E-07  9.56847617E-08  3.75680318E-08  1.66534131E-08  1.50675055E-08  5.83801349E-10  9.33815582E-09  2.78428335E-09  0.00000000E+00  0.00000000E+00  0.00000000E+00  0.00000000E+00  0.00000000E+00  0.00000000E+00  0.00000000E+00  0.00000000E+00  0.00000000E+00  0.00000000E+00  0.00000000E+00  0.00000000E+00  0.00000000E+00  0.00000000E+00  0.00000000E+00  0.00000000E+00  0.00000000E+00  0.00000000E+00  0.00000000E+00  0.00000000E+00  0.00000000E+00  0.00000000E+00  0.00000000E+00  0.00000000E+00  0.00000000E+00  0.00000000E+00  0.00000000E+00  0.00000000E+00  0.00000000E+00  0.00000000E+00  0.00000000E+00  0.00000000E+00  0.00000000E+00  0.00000000E+00  0.00000000E+00  0.00000000E+00  0.00000000E+00  0.00000000E+00  0.00000000E+00  0.00000000E+00  0.00000000E+00  0.00000000E+00  0.00000000E+00  0.00000000E+00  0.00000000E+00  0.00000000E+00  0.00000000E+00  0.00000000E+00  0.00000000E+00  0.00000000E+00  0.00000000E+00  0.00000000E+00  0.00000000E+00  0.00000000E+00  0.00000000E+00  0.00000000E+00  0.00000000E+00  0.00000000E+00  0.00000000E+00  0.00000000E+00  0.00000000E+00  0.00000000E+00  0.00000000E+00  0.00000000E+00  0.00000000E+00  0.00000000E+00  0.00000000E+00  0.00000000E+00  0.00000000E+00  0.00000000E+00  0.00000000E+00  0.00000000E+00  0.00000000E+00  0.00000000E+00  0.00000000E+00  0.00000000E+00  0.00000000E+00  0.00000000E+00  0.00000000E+00  0.00000000E+00  0.00000000E+00  0.00000000E+00  0.00000000E+00  0.00000000E+00  0.00000000E+00  0.00000000E+00  0.00000000E+00  0.00000000E+00  0.00000000E+00
  2.62389460E-01  2.63049138E-01  2.62516683E-01  2.61811483E-01  2.60784072E-01  2.59498746E-01  2.58226104E-01  2.56552776E-01  2.54917832E-01  2.52666775E-01  2.50345524E-01  2.48004541E-01  2.45400139E-01  2.42407154E-01  2.39353374E-01  2.36192789E-01  2.32718458E-01  2.29047602E-01  2.25073681E-01  2.21318142E-01  2.17157823E-01  2.12874655E-01  2.08349214E-01  2.03750744E-01  1.99122659E-01  1.94167764E-01  1.89160101E-01  1.84095912E-01  1.79096763E-01  1.73943259E-01  1.68686059E-01  1.63245938E-01  1.57930219E-01  1.52383795E-01  1.47068690E-01  1.41495557E-01  1.35935643E-01  1.30441877E-01  1.25028694E-01  1.19573378E-01  1.14208148E-01  1.08801744E-01  1.03466408E-01  9.83533011E-02  9.31683787E-02  8.81036393E-02  8.31363593E-02  7.83513374E-02  7.35591234E-02  6.90049927E-02  6.44731996E-02  6.01933207E-02  5.60125515E-02  5.19826349E-02  4.80984624E-02  4.43838483E-02  4.08792275E-02  3.74710477E-02  3.42836093E-02  3.12492418E-02  2.83486231E-02  2.56706505E-02  2.31293710E-02  2.07760945E-02  1.85997947E-02  1.65522344E-02  1.46852990E-02  1.29525616E-02  1.13786295E-02  9.94684669E-03  8.61256309E-03  7.46521231E-03  6.40399696E-03  5.46132005E-03  4.62490653E-03  3.89343164E-03  3.24601374E-03  2.70084456E-03  2.22172163E-03  1.80710844E-03  1.45247548E-03  1.15968260E-03  9.14452478E-04  7.14234771E-04  5.51418546E-04  4.20683881E-04  3.14760825E-04  2.35262849E-04  1.71400121E-04  1.23352907E-04  8.71092075E-05  6.03754612E-05  4.24505026E-05  2.87927694E-05  1.88628967E-05  1.26820710E-05  8.15040684E-06  5.17469219E-06  3.20464533E-06  2.21520316E-06  1.21879199E-06  7.46663274E-07  3.72021663E-07  2.26704348E-07  9.38367810E-08  4.43787173E-08  1.84657407E-08  1.37624334E-08  5.82006923E-09  3.62491982E-09  5.87800656E-09  0.00000000E+00  0.00000000E+00  0.00000000E+00  0.00000000E+00  0.00000000E+00  0.00000000E+00  0.00000000E+00  0.00000000E+00  0.00000000E+00  0.00000000E+00  0.00000000E+00  0.00000000E+00  0.00000000E+00  0.00000000E+00  0.00000000E+00  0.00000000E+00  0.00000000E+00  0.00000000E+00  0.00000000E+00  0.00000000E+00  0.00000000E+00  0.00000000E+00  0.00000000E+00  0.00000000E+00  0.00000000E+00  0.00000000E+00  0.00000000E+00  0.00000000E+00  0.00000000E+00  0.00000000E+00  0.00000000E+00  0.00000000E+00  0.00000000E+00  0.00000000E+00  0.00000000E+00  0.00000000E+00  0.00000000E+00  0.00000000E+00  0.00000000E+00  0.00000000E+00  0.00000000E+00  0.00000000E+00  0.00000000E+00  0.00000000E+00  0.00000000E+00  0.00000000E+00  0.00000000E+00  0.00000000E+00  0.00000000E+00  0.00000000E+00  0.00000000E+00  0.00000000E+00  0.00000000E+00  0.00000000E+00  0.00000000E+00  0.00000000E+00  0.00000000E+00  0.00000000E+00  0.00000000E+00  0.00000000E+00  0.00000000E+00  0.00000000E+00  0.00000000E+00  0.00000000E+00  0.00000000E+00  0.00000000E+00  0.00000000E+00  0.00000000E+00  0.00000000E+00  0.00000000E+00  0.00000000E+00  0.00000000E+00  0.00000000E+00  0.00000000E+00  0.00000000E+00  0.00000000E+00  0.00000000E+00  0.00000000E+00  0.00000000E+00  0.00000000E+00  0.00000000E+00  0.00000000E+00  0.00000000E+00  0.00000000E+00  0.00000000E+00  0.00000000E+00  0.00000000E+00  0.00000000E+00  0.00000000E+00
  2.65260565E-01  2.64464655E-01  2.63955468E-01  2.63588688E-01  2.62480078E-01  2.61024699E-01  2.59732217E-01  2.58158767E-01  2.56426860E-01  2.54556763E-01  2.52271740E-01  2.49625009E-01  2.47148120E-01  2.44238560E-01  2.41316497E-01  2.37938891E-01  2.34517327E-01  2.30988751E-01  2.27040560E-01  2.23094689E-01  2.18948352E-01  2.14659808E-01  2.10222347E-01  2.05685779E-01  2.01025665E-01  1.96205268E-01  1.91117338E-01  1.86185360E-01  1.81045599E-01  1.75874489E-01  1.70563776E-01  1.65048212E-01  1.59697687E-01  1.54348618E-01  1.48854887E-01  1.43223823E-01  1.37772737E-01  1.32249271E-01  1.26729059E-01  1.21203096E-01  1.15713110E-01  1.10412155E-01  1.04978045E-01  9.98258693E-02  9.46183103E-02  8.94826886E-02  8.44762032E-02  7.95839926E-02  7.47832469E-02  7.01303639E-02  6.56198558E-02  6.12435321E-02  5.70247025E-02  5.29283833E-02  4.90214393E-02  4.52538150E-02  4.16059572E-02  3.82175294E-02  3.49801100E-02  3.18952739E-02  2.89423765E-02  2.62073964E-02  2.36740645E-02  2.12572446E-02  1.90113617E-02  1.69246639E-02  1.50414517E-02  1.32736181E-02  1.16473198E-02  1.01699491E-02  8.84440003E-03  7.64186584E-03  6.57444244E-03  5.59431402E-03  4.75076446E-03  4.00052701E-03  3.33623644E-03  2.78247900E-03  2.28168132E-03  1.85767047E-03  1.49775900E-03  1.19226367E-03  9.40491332E-04  7.32923910E-04  5.67813662E-04  4.35606119E-04  3.23645889E-04  2.39295328E-04  1.78580447E-04  1.25660737E-04  8.92101295E-05  6.27188824E-05  4.30425132E-05  3.02640413E-05  2.00470192E-05  1.30113771E-05  8.72333940E-06  5.91818992E-06  3.48606257E-06  2.16281283E-06  1.26973584E-06  7.34782979E-07  5.19284102E-07  2.91287033E-07  1.25197938E-07  6.33321662E-08  2.85709957E-08  1.97380607E-08  1.99722313E-09  1.23686478E-09  0.00000000E+00  0.00000000E+00  0.00000000E+00  0.00000000E+00  0.00000000E+00  0.00000000E+00  0.00000000E+00  0.00000000E+00  0.00000000E+00  0.00000000E+00  0.00000000E+00  0.00000000E+00  0.00000000E+00  0.00000000E+00  0.00000000E+00  0.00000000E+00  0.00000000E+00  0.00000000E+00  0.00000000E+00  0.00000000E+00  0.00000000E+00  0.00000000E+00  0.00000000E+00  0.00000000E+00  0.00000000E+00  0.00000000E+00  0.00000000E+00  0.00000000E+00  0.00000000E+00  0.00000000E+00  0.00000000E+00  0.00000000E+00  0.00000000E+00  0.00000000E+00  0.00000000E+00  0.00000000E+00  0.00000000E+00  0.00000000E+00  0.00000000E+00  0.00000000E+00  0.00000000E+00  0.00000000E+00  0.00000000E+00  0.00000000E+00  0.00000000E+00  0.00000000E+00  0.00000000E+00  0.00000000E+00  0.00000000E+00  0.00000000E+00  0.00000000E+00  0.00000000E+00  0.00000000E+00  0.00000000E+00  0.00000000E+00  0.00000000E+00  0.00000000E+00  0.00000000E+00  0.00000000E+00  0.00000000E+00  0.00000000E+00  0.00000000E+00  0.00000000E+00  0.00000000E+00  0.00000000E+00  0.00000000E+00  0.00000000E+00  0.00000000E+00  0.00000000E+00  0.00000000E+00  0.00000000E+00  0.00000000E+00  0.00000000E+00  0.00000000E+00  0.00000000E+00  0.00000000E+00  0.00000000E+00  0.00000000E+00  0.00000000E+00  0.00000000E+00  0.00000000E+00  0.00000000E+00  0.00000000E+00  0.00000000E+00  0.00000000E+00  0.00000000E+00  0.00000000E+00  0.00000000E+00  0.00000000E+00  0.00000000E+00
  2.63805613E-01  2.63769718E-01  2.63552772E-01  2.63210342E-01  2.61855753E-01  2.60861197E-01  2.59210012E-01  2.57633663E-01  2.55963062E-01  2.54011022E-01  2.51513375E-01  2.49172856E-01  2.46461927E-01  2.43849843E-01  2.40615940E-01  2.37259618E-01  2.33960504E-01  2.30313985E-01  2.26418905E-01  2.22461546E-01  2.18290408E-01  2.13965258E-01  2.09478375E-01  2.05013299E-01  2.00262641E-01  1.95424868E-01  1.90456642E-01  1.85463123E-01  1.80403621E-01  1.75058577E-01  1.69857626E-01  1.64416100E-01  1.59059929E-01  1.53651501E-01  1.48085298E-01  1.42639308E-01  1.37098813E-01  1.31556708E-01  1.26064579E-01  1.20674760E-01  1.15195361E-01  1.09763089E-01  1.04480016E-01  9.92224537E-02  9.41178690E-02  8.90021982E-02  8.39728486E-02  7.90754099E-02  7.43565498E-02  6.96662755E-02  6.51810002E-02  6.08417810E-02  5.65805571E-02  5.25547418E-02  4.86654126E-02  4.49328614E-02  4.13328377E-02  3.79208968E-02  3.46918186E-02  3.16448274E-02  2.87114615E-02  2.60024149E-02  2.34487324E-02  2.10372943E-02  1.88174178E-02  1.67671814E-02  1.48644042E-02  1.31461507E-02  1.15542597E-02  1.00698683E-02  8.74013034E-03  7.56438242E-03  6.49995693E-03  5.53567431E-03  4.70391662E-03  3.95135610E-03  3.31133082E-03  2.73935933E-03  2.23740176E-03  1.83385451E-03  1.47482479E-03  1.17600808E-03  9.26894415E-04  7.29989980E-04  5.59041668E-04  4.26833050E-04  3.21935527E-04  2.36334754E-04  1.74375881E-04  1.24713129E-04  8.91419816E-05  6.13454303E-05  4.32161256E-05  2.88727829E-05  1.93434502E-05  1.29535212E-05  8.47908356E-06  5.35757542E-06  3.32824046E-06  1.99427290E-06  1.23699950E-06  7.29362586E-07  3.88610280E-07  2.57531660E-07  1.25066903E-07  4.56946747E-08  1.77495570E-08  7.23570459E-09  1.94230319E-08  4.29516710E-09  0.00000000E+00  3.16359281E-09  0.00000000E+00  0.00000000E+00  0.00000000E+00  0.00000000E+00  0.00000000E+00  0.00000000E+00  0.00000000E+00  0.00000000E+00  0.00000000E+00  0.00000000E+00  0.00000000E+00  0.00000000E+00  0.00000000E+00  0.00000000E+00  0.00000000E+00  0.00000000E+00  0.00000000E+00  0.00000000E+00  0.00000000E+00  0.00000000E+00  0.00000000E+00  0.00000000E+00  0.00000000E+00  0.00000000E+00  0.00000000E+00  0.00000000E+00  0.00000000E+00  0.00000000E+00  0.00000000E+00  0.00000000E+00  0.00000000E+00  0.00000000E+00  0.00000000E+00  0.00000000E+00  0.00000000E+00  0.00000000E+00  0.00000000E+00  0.00000000E+00  0.00000000E+00  0.00000000E+00  0.00000000E+00  0.00000000E+00  0.00000000E+00  0.00000000E+00  0.00000000E+00  0.00000000E+00  0.00000000E+00  0.00000000E+00  0.00000000E+00  0.00000000E+00  0.00000000E+00  0.00000000E+00  0.00000000E+00  0.00000000E+00  0.00000000E+00  0.00000000E+00  0.00000000E+00  0.00000000E+00  0.00000000E+00  0.00000000E+00  0.00000000E+00  0.00000000E+00  0.00000000E+00  0.00000000E+00  0.00000000E+00  0.00000000E+00  0.00000000E+00  0.00000000E+00  0.00000000E+00  0.00000000E+00  0.00000000E+00  0.00000000E+00  0.00000000E+00  0.00000000E+00  0.00000000E+00  0.00000000E+00  0.00000000E+00  0.00000000E+00  0.00000000E+00  0.00000000E+00  0.00000000E+00  0.00000000E+00  0.00000000E+00  0.00000000E+00  0.00000000E+00  0.00000000E+00  0.00000000E+00  0.00000000E+00
  2.65685149E-01  2.64853960E-01  2.64235194E-01  2.63563625E-01  2.62595525E-01  2.61702789E-01  2.60053743E-01  2.58319577E-01  2.56711820E-01  2.54778361E-01  2.52392378E-01  2.49868155E-01  2.47291321E-01  2.44339658E-01  2.41451231E-01  2.38077159E-01  2.34803488E-01  2.31073695E-01  2.27354320E-01  2.23230818E-01  2.19156540E-01  2.14875810E-01  2.10371676E-01  2.05694121E-01  2.01134681E-01  1.96188961E-01  1.91244389E-01  1.86136195E-01  1.81034803E-01  1.75854489E-01  1.70554480E-01  1.65163396E-01  1.59760191E-01  1.54366696E-01  1.48844159E-01  1.43247332E-01  1.37691083E-01  1.32225453E-01  1.26639472E-01  1.21274906E-01  1.15729671E-01  1.10410361E-01  1.05089294E-01  9.98379060E-02  9.45717422E-02  8.95231035E-02  8.44321808E-02  7.95692223E-02  7.47763688E-02  7.01370683E-02  6.56077204E-02  6.12126753E-02  5.69819868E-02  5.29141889E-02  4.89949863E-02  4.52601684E-02  4.16356854E-02  3.82102078E-02  3.49227344E-02  3.18685608E-02  2.89283433E-02  2.61760940E-02  2.36191678E-02  2.12012069E-02  1.89870427E-02  1.69127714E-02  1.49964503E-02  1.32486365E-02  1.16200557E-02  1.01760047E-02  8.83729542E-03  7.65222184E-03  6.55959348E-03  5.59747007E-03  4.75250500E-03  4.00445885E-03  3.32829830E-03  2.77031947E-03  2.26988462E-03  1.85125156E-03  1.48886960E-03  1.19152251E-03  9.38376483E-04  7.33515458E-04  5.68151356E-04  4.32956119E-04  3.27273118E-04  2.40225143E-04  1.77838533E-04  1.27151125E-04  8.92961059E-05  6.43402140E-05  4.30305387E-05  2.90324425E-05  1.96825030E-05  1.28452025E-05  8.00137132E-06  5.29390000E-06  3.57971613E-06  2.13743000E-06  1.49569686E-06  7.89525390E-07  3.57417256E-07  1.90293812E-07  1.55101026E-07  5.68622634E-08  3.02001370E-08  5.96703255E-09  1.02419794E-08  8.08575316E-09  0.00000000E+00  0.00000000E+00  0.00000000E+00  0.00000000E+00  0.00000000E+00  0.00000000E+00  0.00000000E+00  0.00000000E+00  0.00000000E+00  0.00000000E+00  0.00000000E+00  0.00000000E+00  0.00000000E+00  0.00000000E+00  0.00000000E+00  0.00000000E+00  0.00000000E+00  0.00000000E+00  0.00000000E+00  0.00000000E+00  0.00000000E+00  0.00000000E+00  0.00000000E+00  0.00000000E+00  0.00000000E+00  0.00000000E+00  0.00000000E+00  0.00000000E+00  0.00000000E+00  0.00000000E+00  0.00000000E+00  0.00000000E+00  0.00000000E+00  0.00000000E+00  0.00000000E+00  0.00000000E+00  0.00000000E+00  0.00000000E+00  0.00000000E+00  0.00000000E+00  0.00000000E+00  0.00000000E+00  0.00000000E+00  0.00000000E+00  0.00000000E+00  0.00000000E+00  0.00000000E+00  0.00000000E+00  0.00000000E+00  0.00000000E+00  0.00000000E+00  0.00000000E+00  0.00000000E+00  0.00000000E+00  0.00000000E+00  0.00000000E+00  0.00000000E+00  0.00000000E+00  0.00000000E+00  0.00000000E+00  0.00000000E+00  0.00000000E+00  0.00000000E+00  0.00000000E+00  0.00000000E+00  0.00000000E+00  0.00000000E+00  0.00000000E+00  0.00000000E+00  0.00000000E+00  0.00000000E+00  0.00000000E+00  0.00000000E+00  0.00000000E+00  0.00000000E+00  0.00000000E+00  0.00000000E+00  0.00000000E+00  0.00000000E+00  0.00000000E+00  0.00000000E+00  0.00000000E+00  0.00000000E+00  0.00000000E+00  0.00000000E+00  0.00000000E+00  0.00000000E+00  0.00000000E+00  0.00000000E+00  0.00000000E+00
  2.65245838E-01  2.63700496E-01  2.63131674E-01  2.62952113E-01  2.62042824E-01  2.60782365E-01  2.59419877E-01  2.57545274E-01  2.55825199E-01  2.53815808E-01  2.51629906E-01  2.49048582E-01  2.46549519E-01  2.43770067E-01  2.40555158E-01  2.37324711E-01  2.33724675E-01  2.30316059E-01  2.26430178E-01  2.22495835E-01  2.18296332E-01  2.14129679E-01  2.09694396E-01  2.04979873E-01  2.00359530E-01  1.95481537E-01  1.90555024E-01  1.85551012E-01  1.80364193E-01  1.75153347E-01  1.69819695E-01  1.64455147E-01  1.59104512E-01  1.53651385E-01  1.48197645E-01  1.42619115E-01  1.37136956E-01  1.31555366E-01  1.26043914E-01  1.20587035E-01  1.15266608E-01  1.09877967E-01  1.04457696E-01  9.92431957E-02  9.40909124E-02  8.89900798E-02  8.39913891E-02  7.91386177E-02  7.43582438E-02  6.97238793E-02  6.52158137E-02  6.08698196E-02  5.66535694E-02  5.25640238E-02  4.87069218E-02  4.49331467E-02  4.13735266E-02  3.79471441E-02  3.47261156E-02  3.16293156E-02  2.87523033E-02  2.60380059E-02  2.34480850E-02  2.10692942E-02  1.88698046E-02  1.67935459E-02  1.48961147E-02  1.31585417E-02  1.15325754E-02  1.00898410E-02  8.76370783E-03  7.57389621E-03  6.50749171E-03  5.55099033E-03  4.69875445E-03  3.96537313E-03  3.31204881E-03  2.73323608E-03  2.25413640E-03  1.84085933E-03  1.48234961E-03  1.18387137E-03  9.31372336E-04  7.23489939E-04  5.62775609E-04  4.27153671E-04  3.21632778E-04  2.38654149E-04  1.71889297E-04  1.25429589E-04  8.91682701E-05  6.12777145E-05  4.27472324E-05  2.88564498E-05  1.92404144E-05  1.28166140E-05  8.15694538E-06  5.52181314E-06  3.42007246E-06  1.94544571E-06  1.31909808E-06  7.63716523E-07  3.74565109E-07  2.20369216E-07  1.24596803E-07  3.15814333E-08  2.39935637E-08  8.14744054E-09  1.24830138E-08  9.89521093E-10  0.00000000E+00  0.00000000E+00  0.00000000E+00  0.00000000E+00  0.00000000E+00  0.00000000E+00  0.00000000E+00  0.00000000E+00  0.00000000E+00  0.00000000E+00  0.00000000E+00  0.00000000E+00  0.00000000E+00  0.00000000E+00  0.00000000E+00  0.00000000E+00  0.00000000E+00  0.00000000E+00  0.00000000E+00  0.00000000E+00  0.00000000E+00  0.00000000E+00  0.00000000E+00  0.00000000E+00  0.00000000E+00  0.00000000E+00  0.00000000E+00  0.00000000E+00  0.00000000E+00  0.00000000E+00  0.00000000E+00  0.00000000E+00  0.00000000E+00  0.00000000E+00  0.00000000E+00  0.00000000E+00  0.00000000E+00  0.00000000E+00  0.00000000E+00  0.00000000E+00  0.00000000E+00  0.00000000E+00  0.00000000E+00  0.00000000E+00  0.00000000E+00  0.00000000E+00  0.00000000E+00  0.00000000E+00  0.00000000E+00  0.00000000E+00  0.00000000E+00  0.00000000E+00  0.00000000E+00  0.00000000E+00  0.00000000E+00  0.00000000E+00  0.00000000E+00  0.00000000E+00  0.00000000E+00  0.00000000E+00  0.00000000E+00  0.00000000E+00  0.00000000E+00  0.00000000E+00  0.00000000E+00  0.00000000E+00  0.00000000E+00  0.00000000E+00  0.00000000E+00  0.00000000E+00  0.00000000E+00  0.00000000E+00  0.00000000E+00  0.00000000E+00  0.00000000E+00  0.00000000E+00  0.00000000E+00  0.00000000E+00  0.00000000E+00  0.00000000E+00  0.00000000E+00  0.00000000E+00  0.00000000E+00  0.00000000E+00  0.00000000E+00  0.00000000E+00  0.00000000E+00  0.00000000E+00  0.00000000E+00  0.00000000E+00
  2.63037948E-01  2.63380608E-01  2.62634440E-01  2.62282322E-01  2.60946487E-01  2.60122764E-01  2.58546103E-01  2.56901584E-01  2.55447141E-01  2.53205312E-01  2.50788285E-01  2.48264325E-01  2.45704222E-01  2.43015467E-01  2.39762951E-01  2.36476824E-01  2.33287310E-01  2.29505228E-01  2.25674803E-01  2.21623625E-01  2.17375255E-01  2.13166619E-01  2.08864386E-01  2.04354668E-01  1.99419232E-01  1.94776109E-01  1.89684145E-01  1.84699056E-01  1.79586535E-01  1.74221958E-01  1.69041528E-01  1.63693402E-01  1.58246569E-01  1.52870305E-01  1.47342341E-01  1.41855574E-01  1.36378825E-01  1.30853587E-01  1.25391708E-01  1.19939602E-01  1.14572946E-01  1.09137722E-01  1.03869775E-01  9.86003800E-02  9.34193406E-02  8.84533147E-02  8.33856268E-02  7.85850253E-02  7.38540106E-02  6.92053982E-02  6.47314123E-02  6.04358555E-02  5.62148251E-02  5.21660755E-02  4.83115789E-02  4.45925166E-02  4.10148269E-02  3.76141853E-02  3.44092556E-02  3.13686034E-02  2.84949321E-02  2.58041292E-02  2.32505200E-02  2.08780800E-02  1.86607531E-02  1.66468534E-02  1.47658421E-02  1.30229010E-02  1.14263307E-02  9.98329918E-03  8.68042096E-03  7.49062884E-03  6.44249735E-03  5.48738828E-03  4.65264973E-03  3.91682654E-03  3.26540360E-03  2.71133238E-03  2.22700011E-03  1.82151584E-03  1.45955910E-03  1.16808950E-03  9.22519116E-04  7.17666991E-04  5.51957724E-04  4.21449986E-04  3.17009539E-04  2.32369189E-04  1.72586700E-04  1.22836671E-04  8.62426098E-05  6.15349973E-05  4.27435823E-05  2.85966859E-05  1.91130546E-05  1.27211444E-05  8.27923711E-06  5.33732082E-06  3.43039520E-06  2.18635635E-06  1.28078097E-06  6.53956003E-07  4.67498054E-07  1.92814345E-07  1.13579620E-07  4.46589997E-08  1.77128166E-08  1.36857968E-08  1.08144531E-09  1.64856784E-10  0.00000000E+00  0.00000000E+00  0.00000000E+00  0.00000000E+00  0.00000000E+00  0.00000000E+00  0.00000000E+00  0.00000000E+00  0.00000000E+00  0.00000000E+00  0.00000000E+00  0.00000000E+00  0.00000000E+00  0.00000000E+00  0.00000000E+00  0.00000000E+00  0.00000000E+00  0.00000000E+00  0.00000000E+00  0.00000000E+00  0.00000000E+00  0.00000000E+00  0.00000000E+00  0.00000000E+00  0.00000000E+00  0.00000000E+00  0.00000000E+00  0.00000000E+00  0.00000000E+00  0.00000000E+00  0.00000000E+00  0.00000000E+00  0.00000000E+00  0.00000000E+00  0.00000000E+00  0.00000000E+00  0.00000000E+00  0.00000000E+00  0.00000000E+00  0.00000000E+00  0.00000000E+00  0.00000000E+00  0.00000000E+00  0.00000000E+00  0.00000000E+00  0.00000000E+00  0.00000000E+00  0.00000000E+00  0.00000000E+00  0.00000000E+00  0.00000000E+00  0.00000000E+00  0.00000000E+00  0.00000000E+00  0.00000000E+00  0.00000000E+00  0.00000000E+00  0.00000000E+00  0.00000000E+00  0.00000000E+00  0.00000000E+00  0.00000000E+00  0.00000000E+00  0.00000000E+00  0.00000000E+00  0.00000000E+00  0.00000000E+00  0.00000000E+00  0.00000000E+00  0.00000000E+00  0.00000000E+00  0.00000000E+00  0.00000000E+00  0.00000000E+00  0.00000000E+00  0.00000000E+00  0.00000000E+00  0.00000000E+00  0.00000000E+00  0.00000000E+00  0.00000000E+00  0.00000000E+00  0.00000000E+00  0.00000000E+00  0.00000000E+00  0.00000000E+00  0.00000000E+00  0.00000000E+00  0.00000000E+00  0.00000000E+00
  2.64649224E-01  2.63870034E-01  2.63721231E-01  2.63398038E-01  2.61728303E-01  2.60581538E-01  2.59268520E-01  2.57787810E-01  2.55881432E-01  2.53866661E-01  2.51618319E-01  2.48924663E-01  2.46478484E-01  2.43775457E-01  2.40589749E-01  2.37412488E-01  2.33935261E-01  2.30266351E-01  2.26404509E-01  2.22443903E-01  2.18291728E-01  2.14036876E-01  2.09600817E-01  2.05015439E-01  2.00276634E-01  1.95575719E-01  1.90609408E-01  1.85530309E-01  1.80276590E-01  1.75106241E-01  1.69825651E-01  1.64453386E-01  1.58943755E-01  1.53613391E-01  1.48072437E-01  1.42607982E-01  1.37177175E-01  1.31633060E-01  1.26123327E-01  1.20652686E-01  1.15193647E-01  1.09884716E-01  1.04521751E-01  9.92342636E-02  9.41293570E-02  8.90040271E-02  8.40751526E-02  7.91279369E-02  7.43543394E-02  6.97379387E-02  6.52665175E-02  6.08611050E-02  5.66729313E-02  5.26314328E-02  4.87170261E-02  4.49179279E-02  4.13620190E-02  3.79148979E-02  3.47107378E-02  3.16480009E-02  2.87449604E-02  2.60185101E-02  2.34604282E-02  2.10825002E-02  1.88603889E-02  1.67664682E-02  1.48912727E-02  1.31559588E-02  1.15376616E-02  1.00844828E-02  8.77571336E-03  7.57702658E-03  6.50196395E-03  5.54267146E-03  4.70888632E-03  3.95431661E-03  3.30233519E-03  2.74027360E-03  2.25945744E-03  1.83319443E-03  1.47430691E-03  1.17614235E-03  9.28758130E-04  7.27559038E-04  5.60452645E-04  4.25165846E-04  3.21018732E-04  2.37725315E-04  1.72536096E-04  1.23932852E-04  8.87849969E-05  6.11676129E-05  4.25517191E-05  2.90312568E-05  1.93073416E-05  1.24669725E-05  8.53225416E-06  5.40137446E-06  3.25415165E-06  2.29972471E-06  1.21065816E-06  7.88514481E-07  4.32361614E-07  2.26429319E-07  9.11903092E-08  7.62125171E-08  2.66908255E-08  1.98948625E-08  1.16439239E-09  8.24113335E-10  6.53324237E-10  0.00000000E+00  0.00000000E+00  0.00000000E+00  0.00000000E+00  0.00000000E+00  0.00000000E+00  0.00000000E+00  0.00000000E+00  0.00000000E+00  0.00000000E+00  0.00000000E+00  0.00000000E+00  0.00000000E+00  0.00000000E+00  0.00000000E+00  0.00000000E+00  0.00000000E+00  0.00000000E+00  0.00000000E+00  0.00000000E+00  0.00000000E+00  0.00000000E+00  0.00000000E+00  0.00000000E+00  0.00000000E+00  0.00000000E+00  0.00000000E+00  0.00000000E+00  0.00000000E+00  0.00000000E+00  0.00000000E+00  0.00000000E+00  0.00000000E+00  0.00000000E+00  0.00000000E+00  0.00000000E+00  0.00000000E+00  0.00000000E+00  0.00000000E+00  0.00000000E+00  0.00000000E+00  0.00000000E+00  0.00000000E+00  0.00000000E+00  0.00000000E+00  0.00000000E+00  0.00000000E+00  0.00000000E+00  0.00000000E+00  0.00000000E+00  0.00000000E+00  0.00000000E+00  0.00000000E+00  0.00000000E+00  0.00000000E+00  0.00000000E+00  0.00000000E+00  0.00000000E+00  0.00000000E+00  0.00000000E+00  0.00000000E+00  0.00000000E+00  0.00000000E+00  0.00000000E+00  0.00000000E+00  0.00000000E+00  0.00000000E+00  0.00000000E+00  0.00000000E+00  0.00000000E+00  0.00000000E+00  0.00000000E+00  0.00000000E+00  0.00000000E+00  0.00000000E+00  0.00000000E+00  0.00000000E+00  0.00000000E+00  0.00000000E+00  0.00000000E+00  0.00000000E+00  0.00000000E+00  0.00000000E+00  0.00000000E+00  0.00000000E+00  0.00000000E+00  0.00000000E+00  0.00000000E+00  0.00000000E+00
  2.66262682E-01  2.65786859E-01  2.65049946E-01  2.64461187E-01  2.64023628E-01  2.62393479E-01  2.61158020E-01  2.59408900E-01  2.57714684E-01  2.55584349E-01  2.53333095E-01  2.50853709E-01  2.48150928E-01  2.45461892E-01  2.42311974E-01  2.39013686E-01  2.35727819E-01  2.31899519E-01  2.27965205E-01  2.24102764E-01  2.20041463E-01  2.15719941E-01  2.11321512E-01  2.06769510E-01  2.01943387E-01  1.97195718E-01  1.92273254E-01  1.87133108E-01  1.82022194E-01  1.76703152E-01  1.71442106E-01  1.66162118E-01  1.60607566E-01  1.55161962E-01  1.49645844E-01  1.44195602E-01  1.38694545E-01  1.33138235E-01  1.27585935E-01  1.22133516E-01  1.16625226E-01  1.11201236E-01  1.05808742E-01  1.00497892E-01  9.53360651E-02  9.01226828E-02  8.51074304E-02  8.01684057E-02  7.54520920E-02  7.07063799E-02  6.61694425E-02  6.17420261E-02  5.74734559E-02  5.34215491E-02  4.94634732E-02  4.56350232E-02  4.20157251E-02  3.85392338E-02  3.52912738E-02  3.21455539E-02  2.92510222E-02  2.64607147E-02  2.38815847E-02  2.14430643E-02  1.91938680E-02  1.70916631E-02  1.51798155E-02  1.33922999E-02  1.17745100E-02  1.02770943E-02  8.95229269E-03  7.72822829E-03  6.63597468E-03  5.66739379E-03  4.79646920E-03  4.04778864E-03  3.37844151E-03  2.79349655E-03  2.29870826E-03  1.87386723E-03  1.51262401E-03  1.20712099E-03  9.49275692E-04  7.43398461E-04  5.75994132E-04  4.34904021E-04  3.27583200E-04  2.43690810E-04  1.76174452E-04  1.27692347E-04  9.06478326E-05  6.38534373E-05  4.38659922E-05  2.98674690E-05  1.94331123E-05  1.31974551E-05  8.55667737E-06  5.72570592E-06  3.43710526E-06  2.20261251E-06  1.38252335E-06  6.33367457E-07  3.68582068E-07  1.94718500E-07  1.43626574E-07  6.42460336E-08  4.71176939E-08  4.19778685E-09  1.45568415E-08  7.25316231E-09  0.00000000E+00  0.00000000E+00  0.00000000E+00  0.00000000E+00  0.00000000E+00  0.00000000E+00  0.00000000E+00  0.00000000E+00  0.00000000E+00  0.00000000E+00  0.00000000E+00  0.00000000E+00  0.00000000E+00  0.00000000E+00  0.00000000E+00  0.00000000E+00  0.00000000E+00  0.00000000E+00  0.00000000E+00  0.00000000E+00  0.00000000E+00  0.00000000E+00  0.00000000E+00  0.00000000E+00  0.00000000E+00  0.00000000E+00  0.00000000E+00  0.00000000E+00  0.00000000E+00  0.00000000E+00  0.00000000E+00  0.00000000E+00  0.00000000E+00  0.00000000E+00  0.00000000E+00  0.00000000E+00  0.00000000E+00  0.00000000E+00  0.00000000E+00  0.00000000E+00  0.00000000E+00  0.00000000E+00  0.00000000E+00  0.00000000E+00  0.00000000E+00  0.00000000E+00  0.00000000E+00  0.00000000E+00  0.00000000E+00  0.00000000E+00  0.00000000E+00  0.00000000E+00  0.00000000E+00  0.00000000E+00  0.00000000E+00  0.00000000E+00  0.00000000E+00  0.00000000E+00  0.00000000E+00  0.00000000E+00  0.00000000E+00  0.00000000E+00  0.00000000E+00  0.00000000E+00  0.00000000E+00  0.00000000E+00  0.00000000E+00  0.00000000E+00  0.00000000E+00  0.00000000E+00  0.00000000E+00  0.00000000E+00  0.00000000E+00  0.00000000E+00  0.00000000E+00  0.00000000E+00  0.00000000E+00  0.00000000E+00  0.00000000E+00  0.00000000E+00  0.00000000E+00  0.00000000E+00  0.00000000E+00  0.00000000E+00  0.00000000E+00  0.00000000E+00  0.00000000E+00  0.00000000E+00  0.00000000E+00  0.00000000E+00
  2.65028218E-01  2.64304033E-01  2.63967572E-01  2.63554656E-01  2.62612707E-01  2.61156823E-01  2.59859019E-01  2.58218516E-01  2.56561395E-01  2.54463386E-01  2.52408308E-01  2.49776165E-01  2.47177253E-01  2.44487030E-01  2.41196519E-01  2.37986724E-01  2.34540456E-01  2.31067494E-01  2.27179472E-01  2.23112586E-01  2.19022325E-01  2.14708463E-01  2.10200080E-01  2.05671271E-01  2.00931000E-01  1.96117099E-01  1.91319427E-01  1.86126314E-01  1.80957621E-01  1.75813290E-01  1.70432392E-01  1.65055753E-01  1.59754753E-01  1.54235011E-01  1.48728777E-01  1.43245818E-01  1.37696138E-01  1.32196643E-01  1.26693370E-01  1.21203805E-01  1.15779262E-01  1.10340178E-01  1.05014460E-01  9.97458171E-02  9.45678037E-02  8.94336010E-02  8.44614250E-02  7.95360454E-02  7.47941319E-02  7.01525956E-02  6.56189814E-02  6.12074898E-02  5.69594140E-02  5.28980261E-02  4.89806279E-02  4.51845791E-02  4.16245512E-02  3.81905123E-02  3.48954517E-02  3.18655693E-02  2.89683470E-02  2.62141063E-02  2.36001555E-02  2.12225490E-02  1.89948508E-02  1.69328322E-02  1.50061074E-02  1.32443174E-02  1.16264547E-02  1.01590612E-02  8.83277454E-03  7.63960281E-03  6.55214944E-03  5.60917405E-03  4.76156849E-03  3.99454199E-03  3.33328423E-03  2.76358323E-03  2.26612683E-03  1.85702069E-03  1.49653853E-03  1.19046827E-03  9.37817981E-04  7.35182643E-04  5.66287262E-04  4.28746505E-04  3.25092125E-04  2.39331258E-04  1.75008492E-04  1.26021414E-04  8.86286452E-05  6.18487044E-05  4.27676519E-05  2.92443679E-05  1.95386592E-05  1.31019490E-05  8.23536498E-06  5.57125408E-06  3.42088654E-06  2.05419065E-06  1.30112108E-06  6.95602837E-07  3.68446992E-07  2.11720302E-07  1.12345504E-07  6.44843703E-08  4.16786322E-08  1.36512851E-08  3.08914982E-09  5.62550842E-09  0.00000000E+00  0.00000000E+00  0.00000000E+00  0.00000000E+00  0.00000000E+00  0.00000000E+00  0.00000000E+00  0.00000000E+00  0.00000000E+00  0.00000000E+00  0.00000000E+00  0.00000000E+00  0.00000000E+00  0.00000000E+00  0.00000000E+00  0.00000000E+00  0.00000000E+00  0.00000000E+00  0.00000000E+00  0.00000000E+00  0.00000000E+00  0.00000000E+00  0.00000000E+00  0.00000000E+00  0.00000000E+00  0.00000000E+00  0.00000000E+00  0.00000000E+00  0.00000000E+00  0.00000000E+00  0.00000000E+00  0.00000000E+00  0.00000000E+00  0.00000000E+00  0.00000000E+00  0.00000000E+00  0.00000000E+00  0.00000000E+00  0.00000000E+00  0.00000000E+00  0.00000000E+00  0.00000000E+00  0.00000000E+00  0.00000000E+00  0.00000000E+00  0.00000000E+00  0.00000000E+00  0.00000000E+00  0.00000000E+00  0.00000000E+00  0.00000000E+00  0.00000000E+00  0.00000000E+00  0.00000000E+00  0.00000000E+00  0.00000000E+00  0.00000000E+00  0.00000000E+00  0.00000000E+00  0.00000000E+00  0.00000000E+00  0.00000000E+00  0.00000000E+00  0.00000000E+00  0.00000000E+00  0.00000000E+00  0.00000000E+00  0.00000000E+00  0.00000000E+00  0.00000000E+00  0.00000000E+00  0.00000000E+00  0.00000000E+00  0.00000000E+00  0.00000000E+00  0.00000000E+00  0.00000000E+00  0.00000000E+00  0.00000000E+00  0.00000000E+00  0.00000000E+00  0.00000000E+00  0.00000000E+00  0.00000000E+00  0.00000000E+00  0.00000000E+00  0.00000000E+00  0.00000000E+00  0.00000000E+00  0.00000000E+00
  2.65253200E-01  2.64592203E-01  2.63690304E-01  2.63350208E-01  2.62459244E-01  2.61149846E-01  2.59909122E-01  2.58531780E-01  2.56535701E-01  2.54531575E-01  2.52400660E-01  2.49797373E-01  2.47009531E-01  2.44164771E-01  2.41162158E-01  2.37926329E-01  2.34420085E-01  2.30869765E-01  2.27161431E-01  2.23036596E-01  2.18991171E-01  2.14607419E-01  2.10187099E-01  2.05668672E-01  2.00876049E-01  1.96080731E-01  1.91139389E-01  1.86088807E-01  1.80989234E-01  1.75730290E-01  1.70363788E-01  1.65081743E-01  1.59577225E-01  1.54261038E-01  1.48671630E-01  1.43080254E-01  1.37700136E-01  1.32110151E-01  1.26568566E-01  1.21102128E-01  1.15663066E-01  1.10247981E-01  1.04955618E-01  9.96636394E-02  9.45382893E-02  8.93636410E-02  8.44194258E-02  7.94665214E-02  7.47212730E-02  7.00539479E-02  6.55227429E-02  6.11409499E-02  5.69417853E-02  5.28367852E-02  4.89516412E-02  4.51745019E-02  4.15580481E-02  3.81554816E-02  3.49177223E-02  3.18005181E-02  2.89183651E-02  2.61885687E-02  2.36077036E-02  2.12046871E-02  1.89645809E-02  1.69035767E-02  1.50098133E-02  1.32249435E-02  1.16084572E-02  1.01726359E-02  8.83440547E-03  7.62813304E-03  6.55340045E-03  5.58896404E-03  4.74082557E-03  3.98145985E-03  3.33950290E-03  2.76137120E-03  2.26412237E-03  1.85141099E-03  1.48708759E-03  1.18713818E-03  9.41096148E-04  7.30438730E-04  5.64489498E-04  4.29926391E-04  3.24118016E-04  2.39496456E-04  1.74883114E-04  1.25761470E-04  9.10931906E-05  6.28818014E-05  4.27735186E-05  2.93401507E-05  2.02376636E-05  1.30261746E-05  8.47684923E-06  5.27028573E-06  3.40080841E-06  2.07928728E-06  1.23174270E-06  7.23913750E-07  3.64375110E-07  2.10978595E-07  1.18269266E-07  7.25325668E-08  3.41867278E-08  7.81585656E-09  1.44884393E-08  1.81514221E-09  2.37103418E-09  2.26874278E-09  0.00000000E+00  0.00000000E+00  0.00000000E+00  0.00000000E+00  0.00000000E+00  0.00000000E+00  0.00000000E+00  0.00000000E+00  0.00000000E+00  0.00000000E+00  0.00000000E+00  0.00000000E+00  0.00000000E+00  0.00000000E+00  0.00000000E+00  0.00000000E+00  0.00000000E+00  0.00000000E+00  0.00000000E+00  0.00000000E+00  0.00000000E+00  0.00000000E+00  0.00000000E+00  0.00000000E+00  0.00000000E+00  0.00000000E+00  0.00000000E+00  0.00000000E+00  0.00000000E+00  0.00000000E+00  0.00000000E+00  0.00000000E+00  0.00000000E+00  0.00000000E+00  0.00000000E+00  0.00000000E+00  0.00000000E+00  0.00000000E+00  0.00000000E+00  0.00000000E+00  0.00000000E+00  0.00000000E+00  0.00000000E+00  0.00000000E+00  0.00000000E+00  0.00000000E+00  0.00000000E+00  0.00000000E+00  0.00000000E+00  0.00000000E+00  0.00000000E+00  0.00000000E+00  0.00000000E+00  0.00000000E+00  0.00000000E+00  0.00000000E+00  0.00000000E+00  0.00000000E+00  0.00000000E+00  0.00000000E+00  0.00000000E+00  0.00000000E+00  0.00000000E+00  0.00000000E+00  0.00000000E+00  0.00000000E+00  0.00000000E+00  0.00000000E+00  0.00000000E+00  0.00000000E+00  0.00000000E+00  0.00000000E+00  0.00000000E+00  0.00000000E+00  0.00000000E+00  0.00000000E+00  0.00000000E+00  0.00000000E+00  0.00000000E+00  0.00000000E+00  0.00000000E+00  0.00000000E+00  0.00000000E+00  0.00000000E+00  0.00000000E+00  0.00000000E+00  0.00000000E+00  0.00000000E+00
  2.66789622E-01  2.65896445E-01  2.65856556E-01  2.65277478E-01  2.63941953E-01  2.62893683E-01  2.61501521E-01  2.60052429E-01  2.58156493E-01  2.55989204E-01  2.53811241E-01  2.51597364E-01  2.48592535E-01  2.46045023E-01  2.42704154E-01  2.39527541E-01  2.36094655E-01  2.32594742E-01  2.28733144E-01  2.24608771E-01  2.20561317E-01  2.16148321E-01  2.11696576E-01  2.07087688E-01  2.02379781E-01  1.97483781E-01  1.92666881E-01  1.87796260E-01  1.82481479E-01  1.77173689E-01  1.71893379E-01  1.66564093E-01  1.61059856E-01  1.55545540E-01  1.50122086E-01  1.44649173E-01  1.39037349E-01  1.33503233E-01  1.27973906E-01  1.22414748E-01  1.16965053E-01  1.11553510E-01  1.06145202E-01  1.00824084E-01  9.56104491E-02  9.04681868E-02  8.54699343E-02  8.04865443E-02  7.56856610E-02  7.10227022E-02  6.64054949E-02  6.20175971E-02  5.77325638E-02  5.36430474E-02  4.96639010E-02  4.58530816E-02  4.22220953E-02  3.87330744E-02  3.54426828E-02  3.23333952E-02  2.93684573E-02  2.65961653E-02  2.40144173E-02  2.15788067E-02  1.93048248E-02  1.71782946E-02  1.52534250E-02  1.34777837E-02  1.18426309E-02  1.03428919E-02  8.99009186E-03  7.76023309E-03  6.66877007E-03  5.70450008E-03  4.82953356E-03  4.06187148E-03  3.39830211E-03  2.82006041E-03  2.31822458E-03  1.88830989E-03  1.52215405E-03  1.21591111E-03  9.57317923E-04  7.47395855E-04  5.79311856E-04  4.41888266E-04  3.29687040E-04  2.47939555E-04  1.78381583E-04  1.28350152E-04  9.21900346E-05  6.34078831E-05  4.39444004E-05  3.05835747E-05  2.00923131E-05  1.26629006E-05  8.58556341E-06  5.67888224E-06  3.44243015E-06  2.25789666E-06  1.36055604E-06  7.38542643E-07  4.69340804E-07  2.51621084E-07  8.61499135E-08  6.23326604E-08  2.32929064E-08  8.05570147E-09  5.73667106E-09  0.00000000E+00  0.00000000E+00  0.00000000E+00  0.00000000E+00  0.00000000E+00  0.00000000E+00  0.00000000E+00  0.00000000E+00  0.00000000E+00  0.00000000E+00  0.00000000E+00  0.00000000E+00  0.00000000E+00  0.00000000E+00  0.00000000E+00  0.00000000E+00  0.00000000E+00  0.00000000E+00  0.00000000E+00  0.00000000E+00  0.00000000E+00  0.00000000E+00  0.00000000E+00  0.00000000E+00  0.00000000E+00  0.00000000E+00  0.00000000E+00  0.00000000E+00  0.00000000E+00  0.00000000E+00  0.00000000E+00  0.00000000E+00  0.00000000E+00  0.00000000E+00  0.00000000E+00  0.00000000E+00  0.00000000E+00  0.00000000E+00  0.00000000E+00  0.00000000E+00  0.00000000E+00  0.00000000E+00  0.00000000E+00  0.00000000E+00  0.00000000E+00  0.00000000E+00  0.00000000E+00  0.00000000E+00  0.00000000E+00  0.00000000E+00  0.00000000E+00  0.00000000E+00  0.00000000E+00  0.00000000E+00  0.00000000E+00  0.00000000E+00  0.00000000E+00  0.00000000E+00  0.00000000E+00  0.00000000E+00  0.00000000E+00  0.00000000E+00  0.00000000E+00  0.00000000E+00  0.00000000E+00  0.00000000E+00  0.00000000E+00  0.00000000E+00  0.00000000E+00  0.00000000E+00  0.00000000E+00  0.00000000E+00  0.00000000E+00  0.00000000E+00  0.00000000E+00  0.00000000E+00  0.00000000E+00  0.00000000E+00  0.00000000E+00  0.00000000E+00  0.00000000E+00  0.00000000E+00  0.00000000E+00  0.00000000E+00  0.00000000E+00  0.00000000E+00  0.00000000E+00  0.00000000E+00  0.00000000E+00  0.00000000E+00  0.00000000E+00
  2.65264094E-01  2.64285511E-01  2.64153895E-01  2.63390908E-01  2.62426314E-01  2.61353368E-01  2.59934010E-01  2.58305865E-01  2.56454052E-01  2.54565770E-01  2.52151138E-01  2.49915293E-01  2.47013334E-01  2.44268809E-01  2.41226455E-01  2.37925201E-01  2.34365082E-01  2.30780437E-01  2.27033420E-01  2.22979264E-01  2.18893656E-01  2.14553560E-01  2.10137023E-01  2.05498418E-01  2.00824757E-01  1.96038974E-01  1.91085218E-01  1.85994499E-01  1.80763965E-01  1.75595898E-01  1.70229703E-01  1.64874586E-01  1.59372497E-01  1.53978135E-01  1.48395708E-01  1.42956583E-01  1.37449811E-01  1.31968113E-01  1.26392528E-01  1.20991520E-01  1.15548089E-01  1.10173434E-01  1.04811615E-01  9.95638211E-02  9.43488763E-02  8.91961548E-02  8.42081586E-02  7.93468715E-02  7.45853577E-02  6.99319173E-02  6.54628385E-02  6.10664098E-02  5.67999846E-02  5.27247480E-02  4.88217310E-02  4.50878644E-02  4.14467120E-02  3.80557235E-02  3.48208906E-02  3.17396524E-02  2.88429009E-02  2.60793855E-02  2.35650861E-02  2.11477912E-02  1.89243735E-02  1.68501539E-02  1.49604594E-02  1.31906682E-02  1.15794204E-02  1.01291418E-02  8.80404929E-03  7.61800626E-03  6.53024768E-03  5.57752327E-03  4.73043260E-03  3.97375863E-03  3.31686671E-03  2.74992562E-03  2.26616680E-03  1.84419662E-03  1.48654225E-03  1.18722507E-03  9.33548142E-04  7.33060629E-04  5.63793113E-04  4.29065526E-04  3.19648968E-04  2.37046592E-04  1.73325886E-04  1.26189905E-04  8.87642307E-05  6.23600488E-05  4.28289502E-05  2.93781036E-05  1.94748206E-05  1.25586984E-05  8.65896481E-06  4.94867334E-06  3.24574800E-06  2.08062194E-06  1.19217474E-06  7.70925478E-07  4.14746854E-07  2.58724625E-07  9.85438229E-08  6.68855550E-08  1.65857538E-08  1.40599157E-08  0.00000000E+00  1.82932831E-09  4.11993931E-10  0.00000000E+00  0.00000000E+00  0.00000000E+00  0.00000000E+00  0.00000000E+00  0.00000000E+00  0.00000000E+00  0.00000000E+00  0.00000000E+00  0.00000000E+00  0.00000000E+00  0.00000000E+00  0.00000000E+00  0.00000000E+00  0.00000000E+00  0.00000000E+00  0.00000000E+00  0.00000000E+00  0.00000000E+00  0.00000000E+00  0.00000000E+00  0.00000000E+00  0.00000000E+00  0.00000000E+00  0.00000000E+00  0.00000000E+00  0.00000000E+00  0.00000000E+00  0.00000000E+00  0.00000000E+00  0.00000000E+00  0.00000000E+00  0.00000000E+00  0.00000000E+00  0.00000000E+00  0.00000000E+00  0.00000000E+00  0.00000000E+00  0.00000000E+00  0.00000000E+00  0.00000000E+00  0.00000000E+00  0.00000000E+00  0.00000000E+00  0.00000000E+00  0.00000000E+00  0.00000000E+00  0.00000000E+00  0.00000000E+00  0.00000000E+00  0.00000000E+00  0.00000000E+00  0.00000000E+00  0.00000000E+00  0.00000000E+00  0.00000000E+00  0.00000000E+00  0.00000000E+00  0.00000000E+00  0.00000000E+00  0.00000000E+00  0.00000000E+00  0.00000000E+00  0.00000000E+00  0.00000000E+00  0.00000000E+00  0.00000000E+00  0.00000000E+00  0.00000000E+00  0.00000000E+00  0.00000000E+00  0.00000000E+00  0.00000000E+00  0.00000000E+00  0.00000000E+00  0.00000000E+00  0.00000000E+00  0.00000000E+00  0.00000000E+00  0.00000000E+00  0.00000000E+00  0.00000000E+00  0.00000000E+00  0.00000000E+00  0.00000000E+00  0.00000000E+00  0.00000000E+00  0.00000000E+00  0.00000000E+00
  2.62020966E-01  2.61746297E-01  2.60918915E-01  2.60486775E-01  2.59780760E-01  2.58399626E-01  2.57248385E-01  2.55616978E-01  2.53639076E-01  2.51660911E-01  2.49451636E-01  2.46962121E-01  2.44270867E-01  2.41568432E-01  2.38294338E-01  2.35090320E-01  2.31680018E-01  2.27955007E-01  2.24237653E-01  2.20069761E-01  2.16094450E-01  2.11719304E-01  2.07284038E-01  2.02957103E-01  1.98191859E-01  1.93276266E-01  1.88301275E-01  1.83286592E-01  1.78181173E-01  1.73026150E-01  1.67714241E-01  1.62437622E-01  1.56977725E-01  1.51480408E-01  1.46118898E-01  1.40788529E-01  1.35198967E-01  1.29745604E-01  1.24233141E-01  1.18808528E-01  1.13470190E-01  1.08091247E-01  1.02847200E-01  9.76603633E-02  9.24952401E-02  8.74824123E-02  8.26047606E-02  7.77130069E-02  7.30018271E-02  6.84730715E-02  6.40133986E-02  5.97373778E-02  5.55721248E-02  5.16183085E-02  4.77360524E-02  4.40185917E-02  4.05112073E-02  3.71621380E-02  3.40286045E-02  3.09698833E-02  2.81113459E-02  2.54325588E-02  2.29620631E-02  2.05950693E-02  1.83831193E-02  1.64017117E-02  1.45441566E-02  1.28344771E-02  1.12834678E-02  9.84537767E-03  8.54519436E-03  7.37731165E-03  6.34574661E-03  5.41365326E-03  4.57485912E-03  3.85849128E-03  3.22216063E-03  2.67076574E-03  2.18699612E-03  1.78513018E-03  1.43992337E-03  1.14249568E-03  9.04928048E-04  7.06756868E-04  5.44951212E-04  4.18370679E-04  3.10209077E-04  2.32706731E-04  1.67546019E-04  1.21345888E-04  8.54418477E-05  6.02075602E-05  4.24985827E-05  2.80481180E-05  1.88228983E-05  1.26372961E-05  8.27960031E-06  4.90415149E-06  3.06507002E-06  1.95227641E-06  1.20335288E-06  7.43019280E-07  4.16379108E-07  1.31437969E-07  9.11606631E-08  4.72859937E-08  2.68515588E-08  2.01401465E-09  0.00000000E+00  0.00000000E+00  0.00000000E+00  0.00000000E+00  0.00000000E+00  0.00000000E+00  0.00000000E+00  0.00000000E+00  0.00000000E+00  0.00000000E+00  0.00000000E+00  0.00000000E+00  0.00000000E+00  0.00000000E+00  0.00000000E+00  0.00000000E+00  0.00000000E+00  0.00000000E+00  0.00000000E+00  0.00000000E+00  0.00000000E+00  0.00000000E+00  0.00000000E+00  0.00000000E+00  0.00000000E+00  0.00000000E+00  0.00000000E+00  0.00000000E+00  0.00000000E+00  0.00000000E+00  0.00000000E+00  0.00000000E+00  0.00000000E+00  0.00000000E+00  0.00000000E+00  0.00000000E+00  0.00000000E+00  0.00000000E+00  0.00000000E+00  0.00000000E+00  0.00000000E+00  0.00000000E+00  0.00000000E+00  0.00000000E+00  0.00000000E+00  0.00000000E+00  0.00000000E+00  0.00000000E+00  0.00000000E+00  0.00000000E+00  0.00000000E+00  0.00000000E+00  0.00000000E+00  0.00000000E+00  0.00000000E+00  0.00000000E+00  0.00000000E+00  0.00000000E+00  0.00000000E+00  0.00000000E+00  0.00000000E+00  0.00000000E+00  0.00000000E+00  0.00000000E+00  0.00000000E+00  0.00000000E+00  0.00000000E+00  0.00000000E+00  0.00000000E+00  0.00000000E+00  0.00000000E+00  0.00000000E+00  0.00000000E+00  0.00000000E+00  0.00000000E+00  0.00000000E+00  0.00000000E+00  0.00000000E+00  0.00000000E+00  0.00000000E+00  0.00000000E+00  0.00000000E+00  0.00000000E+00  0.00000000E+00  0.00000000E+00  0.00000000E+00  0.00000000E+00  0.00000000E+00  0.00000000E+00  0.00000000E+00  0.00000000E+00  0.00000000E+00
  2.63709351E-01  2.64025111E-01  2.63394600E-01  2.62926486E-01  2.62046953E-01  2.60904692E-01  2.59407788E-01  2.57902461E-01  2.56052499E-01  2.54179811E-01  2.51755559E-01  2.49247183E-01  2.46529059E-01  2.43631679E-01  2.40656845E-01  2.37208609E-01  2.33726186E-01  2.30245797E-01  2.26273228E-01  2.22351724E-01  2.18140194E-01  2.14008760E-01  2.09527656E-01  2.04918394E-01  2.00189126E-01  1.95367306E-01  1.90430455E-01  1.85516151E-01  1.80304811E-01  1.75037714E-01  1.69815188E-01  1.64346105E-01  1.58952240E-01  1.53485912E-01  1.47993222E-01  1.42517952E-01  1.37033470E-01  1.31485421E-01  1.26033425E-01  1.20525442E-01  1.15106930E-01  1.09781408E-01  1.04392819E-01  9.92382798E-02  9.40105915E-02  8.89515927E-02  8.39129555E-02  7.90295415E-02  7.42548785E-02  6.97087220E-02  6.51639992E-02  6.08253276E-02  5.66175478E-02  5.25673228E-02  4.86396699E-02  4.48879436E-02  4.12953752E-02  3.78812161E-02  3.46836672E-02  3.16122186E-02  2.87072653E-02  2.59651443E-02  2.34453739E-02  2.10517936E-02  1.88495695E-02  1.67649422E-02  1.48736833E-02  1.31312530E-02  1.15313306E-02  1.00752124E-02  8.74424465E-03  7.56182387E-03  6.48645161E-03  5.53864870E-03  4.68897646E-03  3.95975088E-03  3.30483668E-03  2.73365744E-03  2.24873448E-03  1.83244373E-03  1.47642412E-03  1.18135747E-03  9.30420979E-04  7.26195739E-04  5.63324407E-04  4.26206497E-04  3.21228592E-04  2.41053882E-04  1.73431260E-04  1.24402976E-04  8.73308426E-05  6.15219222E-05  4.28819974E-05  2.85726844E-05  1.89400319E-05  1.28272771E-05  7.98901999E-06  5.54096432E-06  3.41409760E-06  2.02839712E-06  1.17971239E-06  7.16485198E-07  3.72973596E-07  1.82417850E-07  1.03117895E-07  6.69815671E-08  1.84736575E-08  5.45696156E-09  6.65435936E-09  7.41778757E-10  0.00000000E+00  0.00000000E+00  0.00000000E+00  0.00000000E+00  0.00000000E+00  0.00000000E+00  0.00000000E+00  0.00000000E+00  0.00000000E+00  0.00000000E+00  0.00000000E+00  0.00000000E+00  0.00000000E+00  0.00000000E+00  0.00000000E+00  0.00000000E+00  0.00000000E+00  0.00000000E+00  0.00000000E+00  0.00000000E+00  0.00000000E+00  0.00000000E+00  0.00000000E+00  0.00000000E+00  0.00000000E+00  0.00000000E+00  0.00000000E+00  0.00000000E+00  0.00000000E+00  0.00000000E+00  0.00000000E+00  0.00000000E+00  0.00000000E+00  0.00000000E+00  0.00000000E+00  0.00000000E+00  0.00000000E+00  0.00000000E+00  0.00000000E+00  0.00000000E+00  0.00000000E+00  0.00000000E+00  0.00000000E+00  0.00000000E+00  0.00000000E+00  0.00000000E+00  0.00000000E+00  0.00000000E+00  0.00000000E+00  0.00000000E+00  0.00000000E+00  0.00000000E+00  0.00000000E+00  0.00000000E+00  0.00000000E+00  0.00000000E+00  0.00000000E+00  0.00000000E+00  0.00000000E+00  0.00000000E+00  0.00000000E+00  0.00000000E+00  0.00000000E+00  0.00000000E+00  0.00000000E+00  0.00000000E+00  0.00000000E+00  0.00000000E+00  0.00000000E+00  0.00000000E+00  0.00000000E+00  0.00000000E+00  0.00000000E+00  0.00000000E+00  0.00000000E+00  0.00000000E+00  0.00000000E+00  0.00000000E+00  0.00000000E+00  0.00000000E+00  0.00000000E+00  0.00000000E+00  0.00000000E+00  0.00000000E+00  0.00000000E+00  0.00000000E+00  0.00000000E+00  0.00000000E+00  0.00000000E+00  0.00000000E+00
  2.64777527E-01  2.64624296E-01  2.63853502E-01  2.63020150E-01  2.61854535E-01  2.60983881E-01  2.59459380E-01  2.58053865E-01  2.56096106E-01  2.54290158E-01  2.52001189E-01  2.49573811E-01  2.46846159E-01  2.43858547E-01  2.40770257E-01  2.37798455E-01  2.34090157E-01  2.30545347E-01  2.26795049E-01  2.22816854E-01  2.18703891E-01  2.14444255E-01  2.09925346E-01  2.05390327E-01  2.00562410E-01  1.95811144E-01  1.90933538E-01  1.85765778E-01  1.80650226E-01  1.75410375E-01  1.70078528E-01  1.64710955E-01  1.59395669E-01  1.53803248E-01  1.48449584E-01  1.42893213E-01  1.37422552E-01  1.32002588E-01  1.26419292E-01  1.20888438E-01  1.15479286E-01  1.10026595E-01  1.04749250E-01  9.95354964E-02  9.43095910E-02  8.92269497E-02  8.41864574E-02  7.93533507E-02  7.45624024E-02  6.98639338E-02  6.53919331E-02  6.10580518E-02  5.68310492E-02  5.27507061E-02  4.88395234E-02  4.50935206E-02  4.14756082E-02  3.80883630E-02  3.48201673E-02  3.17296917E-02  2.88239199E-02  2.61117657E-02  2.35282355E-02  2.11483031E-02  1.89287790E-02  1.68575745E-02  1.49512625E-02  1.31992958E-02  1.16183812E-02  1.01355503E-02  8.80705002E-03  7.60966584E-03  6.53681749E-03  5.58220271E-03  4.72963935E-03  3.97690460E-03  3.31589436E-03  2.75263587E-03  2.26379289E-03  1.84229143E-03  1.48697983E-03  1.19036288E-03  9.37505982E-04  7.28829253E-04  5.63749247E-04  4.29367469E-04  3.20874085E-04  2.39936233E-04  1.72584096E-04  1.25113994E-04  8.83409313E-05  6.22549820E-05  4.33568286E-05  2.87828640E-05  1.88820314E-05  1.29561027E-05  8.51259404E-06  5.45501340E-06  3.58235590E-06  1.92724102E-06  1.19840692E-06  6.91181787E-07  3.40808789E-07  2.13282842E-07  1.11371065E-07  6.16670024E-08  2.15504781E-08  2.32832771E-08  4.41386384E-09  1.36983030E-08  7.11426069E-09  0.00000000E+00  0.00000000E+00  0.00000000E+00  0.00000000E+00  0.00000000E+00  0.00000000E+00  0.00000000E+00  0.00000000E+00  0.00000000E+00  0.00000000E+00  0.00000000E+00  0.00000000E+00  0.00000000E+00  0.00000000E+00  0.00000000E+00  0.00000000E+00  0.00000000E+00  0.00000000E+00  0.00000000E+00  0.00000000E+00  0.00000000E+00  0.00000000E+00  0.00000000E+00  0.00000000E+00  0.00000000E+00  0.00000000E+00  0.00000000E+00  0.00000000E+00  0.00000000E+00  0.00000000E+00  0.00000000E+00  0.00000000E+00  0.00000000E+00  0.00000000E+00  0.00000000E+00  0.00000000E+00  0.00000000E+00  0.00000000E+00  0.00000000E+00  0.00000000E+00  0.00000000E+00  0.00000000E+00  0.00000000E+00  0.00000000E+00  0.00000000E+00  0.00000000E+00  0.00000000E+00  0.00000000E+00  0.00000000E+00  0.00000000E+00  0.00000000E+00  0.00000000E+00  0.00000000E+00  0.00000000E+00  0.00000000E+00  0.00000000E+00  0.00000000E+00  0.00000000E+00  0.00000000E+00  0.00000000E+00  0.00000000E+00  0.00000000E+00  0.00000000E+00  0.00000000E+00  0.00000000E+00  0.00000000E+00  0.00000000E+00  0.00000000E+00  0.00000000E+00  0.00000000E+00  0.00000000E+00  0.00000000E+00  0.00000000E+00  0.00000000E+00  0.00000000E+00  0.00000000E+00  0.00000000E+00  0.00000000E+00  0.00000000E+00  0.00000000E+00  0.00000000E+00  0.00000000E+00  0.00000000E+00  0.00000000E+00  0.00000000E+00  0.00000000E+00  0.00000000E+00  0.00000000E+00  0.00000000E+00
  2.64802990E-01  2.64675849E-01  2.63935323E-01  2.63518056E-01  2.62895840E-01  2.61573293E-01  2.60300786E-01  2.58807819E-01  2.56733230E-01  2.54636893E-01  2.52364409E-01  2.50221770E-01  2.47282023E-01  2.44579615E-01  2.41496136E-01  2.38290756E-01  2.34802769E-01  2.31153732E-01  2.27353782E-01  2.23333463E-01  2.19187232E-01  2.14968400E-01  2.10470380E-01  2.05851141E-01  2.01122595E-01  1.96295899E-01  1.91320296E-01  1.86322302E-01  1.81174302E-01  1.76021100E-01  1.70582277E-01  1.65130272E-01  1.59827392E-01  1.54372129E-01  1.48880250E-01  1.43343719E-01  1.37849687E-01  1.32329094E-01  1.26747636E-01  1.21263467E-01  1.15901134E-01  1.10440942E-01  1.05039341E-01  9.98725911E-02  9.47283528E-02  8.95800801E-02  8.45665329E-02  7.96526037E-02  7.48304398E-02  7.01631980E-02  6.57077572E-02  6.12651987E-02  5.70902730E-02  5.29521874E-02  4.90734607E-02  4.52522120E-02  4.16719712E-02  3.82504327E-02  3.49930581E-02  3.19110414E-02  2.89708294E-02  2.62483050E-02  2.36565280E-02  2.12612833E-02  1.90125963E-02  1.69362445E-02  1.50195325E-02  1.32803884E-02  1.16601766E-02  1.01835038E-02  8.84993425E-03  7.63713687E-03  6.57391971E-03  5.60934453E-03  4.75171828E-03  3.99999985E-03  3.34562795E-03  2.77400670E-03  2.27912514E-03  1.85508010E-03  1.49738746E-03  1.19623404E-03  9.43445986E-04  7.33955294E-04  5.71314948E-04  4.30949993E-04  3.25740794E-04  2.40878337E-04  1.76535794E-04  1.27896173E-04  9.06341989E-05  6.28217886E-05  4.32586705E-05  2.93038765E-05  1.98505067E-05  1.31066315E-05  8.22191984E-06  5.60555546E-06  3.37703040E-06  2.10760047E-06  1.23208953E-06  6.85577438E-07  3.66483734E-07  2.12392643E-07  1.23710790E-07  5.69049490E-08  3.23813244E-08  1.63759687E-08  9.56861224E-09  0.00000000E+00  2.28758166E-09  1.78126554E-09  0.00000000E+00  0.00000000E+00  0.00000000E+00  0.00000000E+00  0.00000000E+00  0.00000000E+00  0.00000000E+00  0.00000000E+00  0.00000000E+00  0.00000000E+00  0.00000000E+00  0.00000000E+00  0.00000000E+00  0.00000000E+00  0.00000000E+00  0.00000000E+00  0.00000000E+00  0.00000000E+00  0.00000000E+00  0.00000000E+00  0.00000000E+00  0.00000000E+00  0.00000000E+00  0.00000000E+00  0.00000000E+00  0.00000000E+00  0.00000000E+00  0.00000000E+00  0.00000000E+00  0.00000000E+00  0.00000000E+00  0.00000000E+00  0.00000000E+00  0.00000000E+00  0.00000000E+00  0.00000000E+00  0.00000000E+00  0.00000000E+00  0.00000000E+00  0.00000000E+00  0.00000000E+00  0.00000000E+00  0.00000000E+00  0.00000000E+00  0.00000000E+00  0.00000000E+00  0.00000000E+00  0.00000000E+00  0.00000000E+00  0.00000000E+00  0.00000000E+00  0.00000000E+00  0.00000000E+00  0.00000000E+00  0.00000000E+00  0.00000000E+00  0.00000000E+00  0.00000000E+00  0.00000000E+00  0.00000000E+00  0.00000000E+00  0.00000000E+00  0.00000000E+00  0.00000000E+00  0.00000000E+00  0.00000000E+00  0.00000000E+00  0.00000000E+00  0.00000000E+00  0.00000000E+00  0.00000000E+00  0.00000000E+00  0.00000000E+00  0.00000000E+00  0.00000000E+00  0.00000000E+00  0.00000000E+00  0.00000000E+00  0.00000000E+00  0.00000000E+00  0.00000000E+00  0.00000000E+00  0.00000000E+00  0.00000000E+00  0.00000000E+00  0.00000000E+00  0.00000000E+00  0.00000000E+00
  2.64066965E-01  2.63870254E-01  2.63484611E-01  2.62776672E-01  2.61887273E-01  2.60925261E-01  2.59513767E-01  2.57902230E-01  2.55937379E-01  2.53924888E-01  2.51620273E-01  2.49200006E-01  2.46458214E-01  2.43734695E-01  2.40650590E-01  2.37297286E-01  2.33809001E-01  2.30282376E-01  2.26420550E-01  2.22400929E-01  2.18211761E-01  2.14069056E-01  2.09531287E-01  2.04861024E-01  2.00193713E-01  1.95295688E-01  1.90517810E-01  1.85326706E-01  1.80147408E-01  1.75032252E-01  1.69601225E-01  1.64357177E-01  1.58951288E-01  1.53474745E-01  1.47989193E-01  1.42513985E-01  1.36933095E-01  1.31407670E-01  1.25966377E-01  1.20473718E-01  1.15117382E-01  1.09744744E-01  1.04431490E-01  9.90981200E-02  9.39824424E-02  8.88772889E-02  8.39100084E-02  7.89810071E-02  7.42475056E-02  6.95543604E-02  6.51118253E-02  6.07735878E-02  5.65172013E-02  5.24995309E-02  4.85731866E-02  4.48942655E-02  4.12791778E-02  3.78567831E-02  3.46126378E-02  3.15723042E-02  2.86621969E-02  2.59465950E-02  2.34044177E-02  2.10175757E-02  1.88200219E-02  1.67743934E-02  1.48669025E-02  1.31316706E-02  1.15208799E-02  1.00788722E-02  8.76274742E-03  7.55708377E-03  6.47941087E-03  5.53027861E-03  4.69916130E-03  3.95535216E-03  3.29316583E-03  2.73950961E-03  2.24570934E-03  1.82777172E-03  1.47242408E-03  1.17947391E-03  9.28147831E-04  7.24326951E-04  5.60512809E-04  4.27894527E-04  3.20113218E-04  2.38874898E-04  1.72398788E-04  1.26188417E-04  8.85117705E-05  6.14709985E-05  4.22363512E-05  2.93969522E-05  1.88579676E-05  1.27537510E-05  8.32829649E-06  5.25416271E-06  3.60655697E-06  1.99452568E-06  1.29354129E-06  6.40532320E-07  4.12315011E-07  2.02241205E-07  1.24844626E-07  8.79616910E-08  2.49080757E-08  3.52880551E-08  9.51255712E-09  1.65362885E-09  3.52312735E-09  0.00000000E+00  0.00000000E+00  0.00000000E+00  0.00000000E+00  0.00000000E+00  0.00000000E+00  0.00000000E+00  0.00000000E+00  0.00000000E+00  0.00000000E+00  0.00000000E+00  0.00000000E+00  0.00000000E+00  0.00000000E+00  0.00000000E+00  0.00000000E+00  0.00000000E+00  0.00000000E+00  0.00000000E+00  0.00000000E+00  0.00000000E+00  0.00000000E+00  0.00000000E+00  0.00000000E+00  0.00000000E+00  0.00000000E+00  0.00000000E+00  0.00000000E+00  0.00000000E+00  0.00000000E+00  0.00000000E+00  0.00000000E+00  0.00000000E+00  0.00000000E+00  0.00000000E+00  0.00000000E+00  0.00000000E+00  0.00000000E+00  0.00000000E+00  0.00000000E+00  0.00000000E+00  0.00000000E+00  0.00000000E+00  0.00000000E+00  0.00000000E+00  0.00000000E+00  0.00000000E+00  0.00000000E+00  0.00000000E+00  0.00000000E+00  0.00000000E+00  0.00000000E+00  0.00000000E+00  0.00000000E+00  0.00000000E+00  0.00000000E+00  0.00000000E+00  0.00000000E+00  0.00000000E+00  0.00000000E+00  0.00000000E+00  0.00000000E+00  0.00000000E+00  0.00000000E+00  0.00000000E+00  0.00000000E+00  0.00000000E+00  0.00000000E+00  0.00000000E+00  0.00000000E+00  0.00000000E+00  0.00000000E+00  0.00000000E+00  0.00000000E+00  0.00000000E+00  0.00000000E+00  0.00000000E+00  0.00000000E+00  0.00000000E+00  0.00000000E+00  0.00000000E+00  0.00000000E+00  0.00000000E+00  0.00000000E+00  0.00000000E+00  0.00000000E+00  0.00000000E+00  0.00000000E+00  0.00000000E+00
  2.62868123E-01  2.63198703E-01  2.63155345E-01  2.62552202E-01  2.60944200E-01  2.60348475E-01  2.58745609E-01  2.57449450E-01  2.55499962E-01  2.53546567E-01  2.51314347E-01  2.48962812E-01  2.46178761E-01  2.43420978E-01  2.40258381E-01  2.37005094E-01  2.33472124E-01  2.29796011E-01  2.26040580E-01  2.21997298E-01  2.17760835E-01  2.13593646E-01  2.09129783E-01  2.04593514E-01  1.99880814E-01  1.94827824E-01  1.89929837E-01  1.84953238E-01  1.79872128E-01  1.74639456E-01  1.69274856E-01  1.63961550E-01  1.58557156E-01  1.53006447E-01  1.47649233E-01  1.42068949E-01  1.36535712E-01  1.31071402E-01  1.25592325E-01  1.20138271E-01  1.14751973E-01  1.09407737E-01  1.04021398E-01  9.88057828E-02  9.36434696E-02  8.85127857E-02  8.36129581E-02  7.87081472E-02  7.40447592E-02  6.93528805E-02  6.48552337E-02  6.05185387E-02  5.63438225E-02  5.22725892E-02  4.83778889E-02  4.46820907E-02  4.10896659E-02  3.77256827E-02  3.44971166E-02  3.14560695E-02  2.85891868E-02  2.58360278E-02  2.33292341E-02  2.09215276E-02  1.87211780E-02  1.66823750E-02  1.48165945E-02  1.30491365E-02  1.14646547E-02  1.00153019E-02  8.70704786E-03  7.52956866E-03  6.45946347E-03  5.51858226E-03  4.67261023E-03  3.92467066E-03  3.28275870E-03  2.71268070E-03  2.24096683E-03  1.82698343E-03  1.46948124E-03  1.16665609E-03  9.19859704E-04  7.22294151E-04  5.58634638E-04  4.24233811E-04  3.18874109E-04  2.36519969E-04  1.70515729E-04  1.23873270E-04  8.65137211E-05  6.11959106E-05  4.25424964E-05  2.89222187E-05  1.91891969E-05  1.25457980E-05  8.16603837E-06  5.29080692E-06  3.39643847E-06  1.99956816E-06  1.29137571E-06  6.56415454E-07  4.16271708E-07  2.54088302E-07  9.64785391E-08  5.99416088E-08  1.20454090E-08  3.02535854E-08  6.41126608E-09  1.89756443E-09  0.00000000E+00  0.00000000E+00  0.00000000E+00  0.00000000E+00  0.00000000E+00  0.00000000E+00  0.00000000E+00  0.00000000E+00  0.00000000E+00  0.00000000E+00  0.00000000E+00  0.00000000E+00  0.00000000E+00  0.00000000E+00  0.00000000E+00  0.00000000E+00  0.00000000E+00  0.00000000E+00  0.00000000E+00  0.00000000E+00  0.00000000E+00  0.00000000E+00  0.00000000E+00  0.00000000E+00  0.00000000E+00  0.00000000E+00  0.00000000E+00  0.00000000E+00  0.00000000E+00  0.00000000E+00  0.00000000E+00  0.00000000E+00  0.00000000E+00  0.00000000E+00  0.00000000E+00  0.00000000E+00  0.00000000E+00  0.00000000E+00  0.00000000E+00  0.00000000E+00  0.00000000E+00  0.00000000E+00  0.00000000E+00  0.00000000E+00  0.00000000E+00  0.00000000E+00  0.00000000E+00  0.00000000E+00  0.00000000E+00  0.00000000E+00  0.00000000E+00  0.00000000E+00  0.00000000E+00  0.00000000E+00  0.00000000E+00  0.00000000E+00  0.00000000E+00  0.00000000E+00  0.00000000E+00  0.00000000E+00  0.00000000E+00  0.00000000E+00  0.00000000E+00  0.00000000E+00  0.00000000E+00  0.00000000E+00  0.00000000E+00  0.00000000E+00  0.00000000E+00  0.00000000E+00  0.00000000E+00  0.00000000E+00  0.00000000E+00  0.00000000E+00  0.00000000E+00  0.00000000E+00  0.00000000E+00  0.00000000E+00  0.00000000E+00  0.00000000E+00  0.00000000E+00  0.00000000E+00  0.00000000E+00  0.00000000E+00  0.00000000E+00  0.00000000E+00  0.00000000E+00  0.00000000E+00  0.00000000E+00  0.00000000E+00
  2.64670174E-01  2.62367404E-01  2.62182561E-01  2.61592793E-01  2.61021811E-01  2.59893090E-01  2.58281065E-01  2.56624636E-01  2.54884519E-01  2.52897887E-01  2.50689389E-01  2.48263473E-01  2.45598113E-01  2.42591146E-01  2.39668984E-01  2.36230745E-01  2.32945084E-01  2.29120050E-01  2.25309104E-01  2.21557096E-01  2.17370474E-01  2.13027896E-01  2.08581026E-01  2.03990812E-01  1.99303825E-01  1.94456541E-01  1.89479357E-01  1.84440493E-01  1.79279650E-01  1.74068604E-01  1.68809636E-01  1.63425987E-01  1.58111414E-01  1.52580220E-01  1.47214583E-01  1.41779574E-01  1.36189651E-01  1.30669360E-01  1.25262068E-01  1.19828530E-01  1.14324077E-01  1.08978087E-01  1.03664736E-01  9.84585593E-02  9.33677482E-02  8.82501078E-02  8.33069225E-02  7.84122664E-02  7.37495782E-02  6.91472934E-02  6.46905232E-02  6.03393921E-02  5.61357754E-02  5.20954975E-02  4.82382090E-02  4.45012871E-02  4.09372390E-02  3.75795328E-02  3.43596256E-02  3.13365025E-02  2.84389352E-02  2.57425938E-02  2.32154751E-02  2.08460439E-02  1.86546575E-02  1.66178454E-02  1.47297701E-02  1.29960475E-02  1.14129826E-02  9.97731793E-03  8.66524378E-03  7.49134060E-03  6.42424125E-03  5.47878409E-03  4.64772765E-03  3.91353737E-03  3.25805210E-03  2.71637487E-03  2.22735398E-03  1.80469641E-03  1.46211990E-03  1.16505233E-03  9.21541548E-04  7.22757342E-04  5.54405822E-04  4.21905752E-04  3.17028386E-04  2.34029138E-04  1.71952967E-04  1.23307058E-04  8.77253928E-05  6.11776838E-05  4.19525125E-05  2.87756589E-05  1.93619381E-05  1.28619656E-05  8.51550394E-06  5.40201899E-06  3.01248844E-06  2.03739693E-06  1.14033659E-06  7.32286852E-07  3.71079047E-07  1.89116523E-07  1.17347794E-07  2.38124296E-08  1.96007976E-08  1.21890795E-08  3.66466526E-09  0.00000000E+00  0.00000000E+00  0.00000000E+00  0.00000000E+00  0.00000000E+00  0.00000000E+00  0.00000000E+00  0.00000000E+00  0.00000000E+00  0.00000000E+00  0.00000000E+00  0.00000000E+00  0.00000000E+00  0.00000000E+00  0.00000000E+00  0.00000000E+00  0.00000000E+00  0.00000000E+00  0.00000000E+00  0.00000000E+00  0.00000000E+00  0.00000000E+00  0.00000000E+00  0.00000000E+00  0.00000000E+00  0.00000000E+00  0.00000000E+00  0.00000000E+00  0.00000000E+00  0.00000000E+00  0.00000000E+00  0.00000000E+00  0.00000000E+00  0.00000000E+00  0.00000000E+00  0.00000000E+00  0.00000000E+00  0.00000000E+00  0.00000000E+00  0.00000000E+00  0.00000000E+00  0.00000000E+00  0.00000000E+00  0.00000000E+00  0.00000000E+00  0.00000000E+00  0.00000000E+00  0.00000000E+00  0.00000000E+00  0.00000000E+00  0.00000000E+00  0.00000000E+00  0.00000000E+00  0.00000000E+00  0.00000000E+00  0.00000000E+00  0.00000000E+00  0.00000000E+00  0.00000000E+00  0.00000000E+00  0.00000000E+00  0.00000000E+00  0.00000000E+00  0.00000000E+00  0.00000000E+00  0.00000000E+00  0.00000000E+00  0.00000000E+00  0.00000000E+00  0.00000000E+00  0.00000000E+00  0.00000000E+00  0.00000000E+00  0.00000000E+00  0.00000000E+00  0.00000000E+00  0.00000000E+00  0.00000000E+00  0.00000000E+00  0.00000000E+00  0.00000000E+00  0.00000000E+00  0.00000000E+00  0.00000000E+00  0.00000000E+00  0.00000000E+00  0.00000000E+00  0.00000000E+00  0.00000000E+00  0.00000000E+00  0.00000000E+00
  2.65700268E-01  2.65354429E-01  2.64933500E-01  2.64296665E-01  2.63654925E-01  2.62612714E-01  2.60745156E-01  2.59540587E-01  2.57693265E-01  2.55565633E-01  2.53451839E-01  2.51097362E-01  2.48275402E-01  2.45419719E-01  2.42177069E-01  2.39127330E-01  2.35630203E-01  2.31880725E-01  2.28094195E-01  2.24241232E-01  2.20073996E-01  2.15808216E-01  2.11287235E-01  2.06589435E-01  2.02008680E-01  1.97165609E-01  1.92169116E-01  1.87099807E-01  1.82023177E-01  1.76685011E-01  1.71341302E-01  1.66108900E-01  1.60670702E-01  1.55160908E-01  1.49672915E-01  1.44079209E-01  1.38560335E-01  1.33103006E-01  1.27514291E-01  1.21941585E-01  1.16557295E-01  1.11120463E-01  1.05750708E-01  1.00437888E-01  9.51973642E-02  9.00895178E-02  8.50746467E-02  8.01544140E-02  7.52916603E-02  7.06518703E-02  6.60790863E-02  6.17224111E-02  5.73969262E-02  5.32949847E-02  4.93752478E-02  4.55602955E-02  4.19375533E-02  3.85120110E-02  3.52291814E-02  3.21135626E-02  2.91853634E-02  2.64043704E-02  2.38438029E-02  2.14259642E-02  1.91544944E-02  1.70647621E-02  1.51469387E-02  1.33736765E-02  1.17613932E-02  1.02594484E-02  8.92909934E-03  7.71291723E-03  6.62153945E-03  5.65717171E-03  4.78167713E-03  4.02875503E-03  3.38178432E-03  2.80039563E-03  2.30076487E-03  1.86505061E-03  1.50803310E-03  1.20367195E-03  9.54845895E-04  7.41114233E-04  5.69296963E-04  4.38599874E-04  3.29282535E-04  2.43435081E-04  1.76251893E-04  1.27930631E-04  8.89417446E-05  6.28143662E-05  4.38778600E-05  2.99295776E-05  2.02581592E-05  1.27397319E-05  8.45265288E-06  5.65116842E-06  3.54014797E-06  2.15475530E-06  1.34508167E-06  7.40507221E-07  4.85836102E-07  1.70076089E-07  8.32323945E-08  1.25587450E-08  3.51220499E-08  2.01226023E-09  4.15357095E-09  3.70407490E-09  5.46504687E-09  0.00000000E+00  0.00000000E+00  0.00000000E+00  0.00000000E+00  0.00000000E+00  0.00000000E+00  0.00000000E+00  0.00000000E+00  0.00000000E+00  0.00000000E+00  0.00000000E+00  0.00000000E+00  0.00000000E+00  0.00000000E+00  0.00000000E+00  0.00000000E+00  0.00000000E+00  0.00000000E+00  0.00000000E+00  0.00000000E+00  0.00000000E+00  0.00000000E+00  0.00000000E+00  0.00000000E+00  0.00000000E+00  0.00000000E+00  0.00000000E+00  0.00000000E+00  0.00000000E+00  0.00000000E+00  0.00000000E+00  0.00000000E+00  0.00000000E+00  0.00000000E+00  0.00000000E+00  0.00000000E+00  0.00000000E+00  0.00000000E+00  0.00000000E+00  0.00000000E+00  0.00000000E+00  0.00000000E+00  0.00000000E+00  0.00000000E+00  0.00000000E+00  0.00000000E+00  0.00000000E+00  0.00000000E+00  0.00000000E+00  0.00000000E+00  0.00000000E+00  0.00000000E+00  0.00000000E+00  0.00000000E+00  0.00000000E+00  0.00000000E+00  0.00000000E+00  0.00000000E+00  0.00000000E+00  0.00000000E+00  0.00000000E+00  0.00000000E+00  0.00000000E+00  0.00000000E+00  0.00000000E+00  0.00000000E+00  0.00000000E+00  0.00000000E+00  0.00000000E+00  0.00000000E+00  0.00000000E+00  0.00000000E+00  0.00000000E+00  0.00000000E+00  0.00000000E+00  0.00000000E+00  0.00000000E+00  0.00000000E+00  0.00000000E+00  0.00000000E+00  0.00000000E+00  0.00000000E+00  0.00000000E+00  0.00000000E+00  0.00000000E+00  0.00000000E+00  0.00000000E+00  0.00000000E+00  0.00000000E+00
  2.64893528E-01  2.63242856E-01  2.62948783E-01  2.62403893E-01  2.61351176E-01  2.60184977E-01  2.58890779E-01  2.57340848E-01  2.55431141E-01  2.53518784E-01  2.51253525E-01  2.48628847E-01  2.46107012E-01  2.43140472E-01  2.40189213E-01  2.36987686E-01  2.33422140E-01  2.29885250E-01  2.26062626E-01  2.22118951E-01  2.17895092E-01  2.13654224E-01  2.09169236E-01  2.04540968E-01  1.99775965E-01  1.94994093E-01  1.90100954E-01  1.85085606E-01  1.79878799E-01  1.74741395E-01  1.69421557E-01  1.63975298E-01  1.58595637E-01  1.53142764E-01  1.47588921E-01  1.42188792E-01  1.36584508E-01  1.31168073E-01  1.25712677E-01  1.20301859E-01  1.14818151E-01  1.09414854E-01  1.04114563E-01  9.88909785E-02  9.37141318E-02  8.85704121E-02  8.36775652E-02  7.87346085E-02  7.40845835E-02  6.93956263E-02  6.49152016E-02  6.05965543E-02  5.63479643E-02  5.23152854E-02  4.84520863E-02  4.47380374E-02  4.11403259E-02  3.77647239E-02  3.45224180E-02  3.14439684E-02  2.85893983E-02  2.58824127E-02  2.33268668E-02  2.09352588E-02  1.87386176E-02  1.67064886E-02  1.48128491E-02  1.30774205E-02  1.14970338E-02  1.00432777E-02  8.72820571E-03  7.51835275E-03  6.46935748E-03  5.51778760E-03  4.68061521E-03  3.94383002E-03  3.28985468E-03  2.72666013E-03  2.24834736E-03  1.82647089E-03  1.47235695E-03  1.17039445E-03  9.29544602E-04  7.25726607E-04  5.58385527E-04  4.24337817E-04  3.18828051E-04  2.36920389E-04  1.75055973E-04  1.25400838E-04  8.95593170E-05  6.11954099E-05  4.18129065E-05  2.94505111E-05  1.92290235E-05  1.27981874E-05  8.16968516E-06  5.20511149E-06  3.27959151E-06  1.95148403E-06  1.13525078E-06  6.63079669E-07  3.81553528E-07  2.48651865E-07  8.15431508E-08  5.98710400E-08  3.21574563E-08  4.03482645E-09  9.41110875E-09  4.95141374E-10  2.45330229E-09  0.00000000E+00  0.00000000E+00  0.00000000E+00  0.00000000E+00  0.00000000E+00  0.00000000E+00  0.00000000E+00  0.00000000E+00  0.00000000E+00  0.00000000E+00  0.00000000E+00  0.00000000E+00  0.00000000E+00  0.00000000E+00  0.00000000E+00  0.00000000E+00  0.00000000E+00  0.00000000E+00  0.00000000E+00  0.00000000E+00  0.00000000E+00  0.00000000E+00  0.00000000E+00  0.00000000E+00  0.00000000E+00  0.00000000E+00  0.00000000E+00  0.00000000E+00  0.00000000E+00  0.00000000E+00  0.00000000E+00  0.00000000E+00  0.00000000E+00  0.00000000E+00  0.00000000E+00  0.00000000E+00  0.00000000E+00  0.00000000E+00  0.00000000E+00  0.00000000E+00  0.00000000E+00  0.00000000E+00  0.00000000E+00  0.00000000E+00  0.00000000E+00  0.00000000E+00  0.00000000E+00  0.00000000E+00  0.00000000E+00  0.00000000E+00  0.00000000E+00  0.00000000E+00  0.00000000E+00  0.00000000E+00  0.00000000E+00  0.00000000E+00  0.00000000E+00  0.00000000E+00  0.00000000E+00  0.00000000E+00  0.00000000E+00  0.00000000E+00  0.00000000E+00  0.00000000E+00  0.00000000E+00  0.00000000E+00  0.00000000E+00  0.00000000E+00  0.00000000E+00  0.00000000E+00  0.00000000E+00  0.00000000E+00  0.00000000E+00  0.00000000E+00  0.00000000E+00  0.00000000E+00  0.00000000E+00  0.00000000E+00  0.00000000E+00  0.00000000E+00  0.00000000E+00  0.00000000E+00  0.00000000E+00  0.00000000E+00  0.00000000E+00  0.00000000E+00  0.00000000E+00  0.00000000E+00  0.00000000E+00
  2.63371643E-01  2.63561041E-01  2.63107235E-01  2.62452189E-01  2.61402784E-01  2.59940195E-01  2.58647718E-01  2.57176719E-01  2.55445514E-01  2.53309582E-01  2.51218633E-01  2.48624892E-01  2.45788723E-01  2.43089696E-01  2.40020836E-01  2.36764120E-01  2.33203457E-01  2.29518882E-01  2.25816894E-01  2.21791258E-01  2.17670737E-01  2.13371338E-01  2.08910164E-01  2.04337346E-01  1.99549620E-01  1.94808833E-01  1.89815750E-01  1.84708470E-01  1.79658242E-01  1.74455502E-01  1.69072809E-01  1.63814726E-01  1.58364358E-01  1.52865207E-01  1.47383423E-01  1.41956446E-01  1.36378782E-01  1.30813659E-01  1.25409450E-01  1.20026718E-01  1.14463698E-01  1.09178362E-01  1.03846068E-01  9.86130112E-02  9.34478362E-02  8.83784118E-02  8.34211179E-02  7.85775329E-02  7.38186827E-02  6.92059592E-02  6.47565974E-02  6.03971987E-02  5.62006571E-02  5.21602886E-02  4.82475603E-02  4.46165408E-02  4.09973134E-02  3.76200938E-02  3.44059179E-02  3.13394454E-02  2.84756374E-02  2.57649000E-02  2.32456605E-02  2.08846641E-02  1.86599977E-02  1.66362075E-02  1.47623736E-02  1.30300213E-02  1.14314500E-02  9.97930293E-03  8.69019884E-03  7.49640493E-03  6.43272037E-03  5.50521685E-03  4.65647128E-03  3.93119955E-03  3.27574002E-03  2.70884432E-03  2.23277251E-03  1.81459952E-03  1.46947435E-03  1.16603286E-03  9.25034146E-04  7.21246223E-04  5.56835000E-04  4.22226015E-04  3.15968036E-04  2.34808049E-04  1.72571035E-04  1.22660046E-04  8.87483820E-05  6.10834628E-05  4.16221306E-05  2.89346438E-05  1.96036817E-05  1.29711924E-05  8.59306209E-06  5.23634499E-06  3.22632473E-06  1.99227378E-06  1.23719477E-06  7.44023480E-07  3.68910883E-07  2.11112367E-07  1.03509256E-07  5.04938181E-08  3.91679667E-08  1.62941581E-08  6.15801356E-09  0.00000000E+00  0.00000000E+00  0.00000000E+00  0.00000000E+00  0.00000000E+00  0.00000000E+00  0.00000000E+00  0.00000000E+00  0.00000000E+00  0.00000000E+00  0.00000000E+00  0.00000000E+00  0.00000000E+00  0.00000000E+00  0.00000000E+00  0.00000000E+00  0.00000000E+00  0.00000000E+00  0.00000000E+00  0.00000000E+00  0.00000000E+00  0.00000000E+00  0.00000000E+00  0.00000000E+00  0.00000000E+00  0.00000000E+00  0.00000000E+00  0.00000000E+00  0.00000000E+00  0.00000000E+00  0.00000000E+00  0.00000000E+00  0.00000000E+00  0.00000000E+00  0.00000000E+00  0.00000000E+00  0.00000000E+00  0.00000000E+00  0.00000000E+00  0.00000000E+00  0.00000000E+00  0.00000000E+00  0.00000000E+00  0.00000000E+00  0.00000000E+00  0.00000000E+00  0.00000000E+00  0.00000000E+00  0.00000000E+00  0.00000000E+00  0.00000000E+00  0.00000000E+00  0.00000000E+00  0.00000000E+00  0.00000000E+00  0.00000000E+00  0.00000000E+00  0.00000000E+00  0.00000000E+00  0.00000000E+00  0.00000000E+00  0.00000000E+00  0.00000000E+00  0.00000000E+00  0.00000000E+00  0.00000000E+00  0.00000000E+00  0.00000000E+00  0.00000000E+00  0.00000000E+00  0.00000000E+00  0.00000000E+00  0.00000000E+00  0.00000000E+00  0.00000000E+00  0.00000000E+00  0.00000000E+00  0.00000000E+00  0.00000000E+00  0.00000000E+00  0.00000000E+00  0.00000000E+00  0.00000000E+00  0.00000000E+00  0.00000000E+00  0.00000000E+00  0.00000000E+00  0.00000000E+00  0.00000000E+00  0.00000000E+00  0.00000000E+00
  2.64029711E-01  2.63337059E-01  2.63169965E-01  2.62386370E-01  2.61494296E-01  2.60579572E-01  2.59130156E-01  2.57320091E-01  2.55765305E-01  2.53404811E-01  2.51345430E-01  2.49131677E-01  2.46317628E-01  2.43350522E-01  2.40259486E-01  2.36918183E-01  2.33596587E-01  2.29958384E-01  2.26241421E-01  2.22220568E-01  2.17997709E-01  2.13671596E-01  2.09204343E-01  2.04728312E-01  1.99962483E-01  1.95127921E-01  1.90190097E-01  1.85082640E-01  1.80061717E-01  1.74840378E-01  1.69579457E-01  1.64199014E-01  1.58675073E-01  1.53333406E-01  1.47889921E-01  1.42297594E-01  1.36833514E-01  1.31334567E-01  1.25811927E-01  1.20377926E-01  1.14936302E-01  1.09574618E-01  1.04259958E-01  9.89573884E-02  9.38335355E-02  8.87671941E-02  8.37697608E-02  7.89574839E-02  7.41640773E-02  6.94906096E-02  6.50208673E-02  6.06827025E-02  5.64932984E-02  5.23950786E-02  4.85607056E-02  4.48403677E-02  4.12279061E-02  3.78109470E-02  3.45706484E-02  3.15502036E-02  2.86266944E-02  2.59182446E-02  2.33673377E-02  2.09944062E-02  1.87836734E-02  1.67350966E-02  1.48409861E-02  1.31044236E-02  1.15017865E-02  1.00386826E-02  8.72282057E-03  7.54888845E-03  6.48499629E-03  5.53585934E-03  4.70081688E-03  3.94744938E-03  3.29210118E-03  2.72913848E-03  2.23969457E-03  1.83095250E-03  1.47166848E-03  1.17672470E-03  9.26376529E-04  7.25152556E-04  5.59147834E-04  4.25375606E-04  3.18600977E-04  2.37222861E-04  1.73986731E-04  1.23851580E-04  8.84903406E-05  6.17456810E-05  4.22275328E-05  2.92965904E-05  1.90842574E-05  1.26263230E-05  8.15214251E-06  5.35652153E-06  3.30576135E-06  1.96406694E-06  1.23984962E-06  6.94707810E-07  3.47796218E-07  2.07498842E-07  1.02195092E-07  5.36508574E-08  2.95826725E-08  4.36673127E-09  0.00000000E+00  3.29767201E-10  0.00000000E+00  0.00000000E+00  0.00000000E+00  0.00000000E+00  0.00000000E+00  0.00000000E+00  0.00000000E+00  0.00000000E+00  0.00000000E+00  0.00000000E+00  0.00000000E+00  0.00000000E+00  0.00000000E+00  0.00000000E+00  0.00000000E+00  0.00000000E+00  0.00000000E+00  0.00000000E+00  0.00000000E+00  0.00000000E+00  0.00000000E+00  0.00000000E+00  0.00000000E+00  0.00000000E+00  0.00000000E+00  0.00000000E+00  0.00000000E+00  0.00000000E+00  0.00000000E+00  0.00000000E+00  0.00000000E+00  0.00000000E+00  0.00000000E+00  0.00000000E+00  0.00000000E+00  0.00000000E+00  0.00000000E+00  0.00000000E+00  0.00000000E+00  0.00000000E+00  0.00000000E+00  0.00000000E+00  0.00000000E+00  0.00000000E+00  0.00000000E+00  0.00000000E+00  0.00000000E+00  0.00000000E+00  0.00000000E+00  0.00000000E+00  0.00000000E+00  0.00000000E+00  0.00000000E+00  0.00000000E+00  0.00000000E+00  0.00000000E+00  0.00000000E+00  0.00000000E+00  0.00000000E+00  0.00000000E+00  0.00000000E+00  0.00000000E+00  0.00000000E+00  0.00000000E+00  0.00000000E+00  0.00000000E+00  0.00000000E+00  0.00000000E+00  0.00000000E+00  0.00000000E+00  0.00000000E+00  0.00000000E+00  0.00000000E+00  0.00000000E+00  0.00000000E+00  0.00000000E+00  0.00000000E+00  0.00000000E+00  0.00000000E+00  0.00000000E+00  0.00000000E+00  0.00000000E+00  0.00000000E+00  0.00000000E+00  0.00000000E+00  0.00000000E+00  0.00000000E+00  0.00000000E+00  0.00000000E+00  0.00000000E+00
  2.62074255E-01  2.62878067E-01  2.61846932E-01  2.61171186E-01  2.60394458E-01  2.58978410E-01  2.57962052E-01  2.56139217E-01  2.54251287E-01  2.52104528E-01  2.50056201E-01  2.47447445E-01  2.44774260E-01  2.41813665E-01  2.38781428E-01  2.35582369E-01  2.32302497E-01  2.28626263E-01  2.24543189E-01  2.20813557E-01  2.16657788E-01  2.12237706E-01  2.07949369E-01  2.03341405E-01  1.98413822E-01  1.93797939E-01  1.88829486E-01  1.83814356E-01  1.78715656E-01  1.73451073E-01  1.68239396E-01  1.62888599E-01  1.57615362E-01  1.52112856E-01  1.46607966E-01  1.41177400E-01  1.35705120E-01  1.30209169E-01  1.24744373E-01  1.19317602E-01  1.13943264E-01  1.08540012E-01  1.03302318E-01  9.80381563E-02  9.29153479E-02  8.78683717E-02  8.29395239E-02  7.81466315E-02  7.33867170E-02  6.87745166E-02  6.43748175E-02  6.00443502E-02  5.57866593E-02  5.18484618E-02  4.79387068E-02  4.43044406E-02  4.07260567E-02  3.73703877E-02  3.41866004E-02  3.11189529E-02  2.82704626E-02  2.56045913E-02  2.30961904E-02  2.07052614E-02  1.85362745E-02  1.64942820E-02  1.46367038E-02  1.29076322E-02  1.13671347E-02  9.92106252E-03  8.61532771E-03  7.44643841E-03  6.40694153E-03  5.46656466E-03  4.61602301E-03  3.88569211E-03  3.25632189E-03  2.68920138E-03  2.20747724E-03  1.79758367E-03  1.45373449E-03  1.15763114E-03  9.19183923E-04  7.15582606E-04  5.52839983E-04  4.20057550E-04  3.15210373E-04  2.31244150E-04  1.68912754E-04  1.24075866E-04  8.70288914E-05  6.09519612E-05  4.20885474E-05  2.84349421E-05  1.90162608E-05  1.27354273E-05  8.20983080E-06  5.20130287E-06  3.30612293E-06  2.07437554E-06  1.22329880E-06  6.36799672E-07  3.30332674E-07  1.91916928E-07  1.34968333E-07  4.18206654E-08  1.61297475E-08  3.36414807E-10  2.16654237E-09  0.00000000E+00  0.00000000E+00  8.10865288E-11  0.00000000E+00  0.00000000E+00  0.00000000E+00  0.00000000E+00  0.00000000E+00  0.00000000E+00  0.00000000E+00  0.00000000E+00  0.00000000E+00  0.00000000E+00  0.00000000E+00  0.00000000E+00  0.00000000E+00  0.00000000E+00  0.00000000E+00  0.00000000E+00  0.00000000E+00  0.00000000E+00  0.00000000E+00  0.00000000E+00  0.00000000E+00  0.00000000E+00  0.00000000E+00  0.00000000E+00  0.00000000E+00  0.00000000E+00  0.00000000E+00  0.00000000E+00  0.00000000E+00  0.00000000E+00  0.00000000E+00  0.00000000E+00  0.00000000E+00  0.00000000E+00  0.00000000E+00  0.00000000E+00  0.00000000E+00  0.00000000E+00  0.00000000E+00  0.00000000E+00  0.00000000E+00  0.00000000E+00  0.00000000E+00  0.00000000E+00  0.00000000E+00  0.00000000E+00  0.00000000E+00  0.00000000E+00  0.00000000E+00  0.00000000E+00  0.00000000E+00  0.00000000E+00  0.00000000E+00  0.00000000E+00  0.00000000E+00  0.00000000E+00  0.00000000E+00  0.00000000E+00  0.00000000E+00  0.00000000E+00  0.00000000E+00  0.00000000E+00  0.00000000E+00  0.00000000E+00  0.00000000E+00  0.00000000E+00  0.00000000E+00  0.00000000E+00  0.00000000E+00  0.00000000E+00  0.00000000E+00  0.00000000E+00  0.00000000E+00  0.00000000E+00  0.00000000E+00  0.00000000E+00  0.00000000E+00  0.00000000E+00  0.00000000E+00  0.00000000E+00  0.00000000E+00  0.00000000E+00  0.00000000E+00  0.00000000E+00  0.00000000E+00  0.00000000E+00  0.00000000E+00  0.00000000E+00
  2.62913502E-01  2.62515189E-01  2.61321966E-01  2.61048750E-01  2.60136810E-01  2.58922812E-01  2.57772754E-01  2.55990481E-01  2.54334772E-01  2.52122537E-01  2.49995096E-01  2.47508701E-01  2.44807491E-01  2.41981705E-01  2.38815453E-01  2.35433759E-01  2.32007439E-01  2.28455117E-01  2.24534859E-01  2.20641475E-01  2.16635847E-01  2.12254960E-01  2.07880313E-01  2.03199505E-01  1.98490675E-01  1.93667273E-01  1.88792562E-01  1.83778865E-01  1.78584140E-01  1.73403246E-01  1.68092761E-01  1.62705181E-01  1.57416090E-01  1.51956425E-01  1.46397383E-01  1.40998646E-01  1.35564013E-01  1.30010111E-01  1.24545397E-01  1.19238190E-01  1.13723960E-01  1.08471265E-01  1.03145099E-01  9.79160299E-02  9.28224482E-02  8.77308997E-02  8.28137357E-02  7.79859109E-02  7.32233725E-02  6.86623076E-02  6.41730015E-02  5.98985391E-02  5.57522913E-02  5.17411246E-02  4.78508798E-02  4.42102872E-02  4.06490741E-02  3.73011931E-02  3.41020324E-02  3.10844535E-02  2.82304058E-02  2.55415425E-02  2.30149862E-02  2.06650791E-02  1.85092939E-02  1.64924376E-02  1.46124406E-02  1.28894656E-02  1.13162327E-02  9.87610318E-03  8.57900201E-03  7.42622380E-03  6.37181527E-03  5.43295511E-03  4.61486604E-03  3.87104340E-03  3.23939041E-03  2.68499245E-03  2.20814141E-03  1.79082838E-03  1.44661075E-03  1.15342993E-03  9.09025185E-04  7.09874414E-04  5.45373025E-04  4.16215283E-04  3.11533236E-04  2.32425426E-04  1.70172704E-04  1.22039441E-04  8.67622290E-05  6.01862478E-05  4.11960385E-05  2.77507589E-05  1.93327635E-05  1.26338188E-05  8.09420151E-06  5.12282818E-06  3.26928408E-06  2.05919829E-06  1.14379504E-06  6.27137231E-07  3.23753470E-07  2.56831504E-07  9.24446301E-08  4.07825548E-08  2.54085660E-08  1.77883598E-08  1.06411543E-08  0.00000000E+00  0.00000000E+00  0.00000000E+00  0.00000000E+00  0.00000000E+00  0.00000000E+00  0.00000000E+00  0.00000000E+00  0.00000000E+00  0.00000000E+00  0.00000000E+00  0.00000000E+00  0.00000000E+00  0.00000000E+00  0.00000000E+00  0.00000000E+00  0.00000000E+00  0.00000000E+00  0.00000000E+00  0.00000000E+00  0.00000000E+00  0.00000000E+00  0.00000000E+00  0.00000000E+00  0.00000000E+00  0.00000000E+00  0.00000000E+00  0.00000000E+00  0.00000000E+00  0.00000000E+00  0.00000000E+00  0.00000000E+00  0.00000000E+00  0.00000000E+00  0.00000000E+00  0.00000000E+00  0.00000000E+00  0.00000000E+00  0.00000000E+00  0.00000000E+00  0.00000000E+00  0.00000000E+00  0.00000000E+00  0.00000000E+00  0.00000000E+00  0.00000000E+00  0.00000000E+00  0.00000000E+00  0.00000000E+00  0.00000000E+00  0.00000000E+00  0.00000000E+00  0.00000000E+00  0.00000000E+00  0.00000000E+00  0.00000000E+00  0.00000000E+00  0.00000000E+00  0.00000000E+00  0.00000000E+00  0.00000000E+00  0.00000000E+00  0.00000000E+00  0.00000000E+00  0.00000000E+00  0.00000000E+00  0.00000000E+00  0.00000000E+00  0.00000000E+00  0.00000000E+00  0.00000000E+00  0.00000000E+00  0.00000000E+00  0.00000000E+00  0.00000000E+00  0.00000000E+00  0.00000000E+00  0.00000000E+00  0.00000000E+00  0.00000000E+00  0.00000000E+00  0.00000000E+00  0.00000000E+00  0.00000000E+00  0.00000000E+00  0.00000000E+00  0.00000000E+00  0.00000000E+00  0.00000000E+00  0.00000000E+00  0.00000000E+00
  2.63950514E-01  2.64170630E-01  2.64194153E-01  2.63386389E-01  2.62625269E-01  2.61269970E-01  2.59864665E-01  2.58350596E-01  2.56544171E-01  2.54329607E-01  2.52393112E-01  2.49775933E-01  2.47057662E-01  2.44307655E-01  2.41203638E-01  2.37816347E-01  2.34422524E-01  2.30880089E-01  2.27036747E-01  2.22964863E-01  2.18869134E-01  2.14666609E-01  2.10143654E-01  2.05700117E-01  2.00878765E-01  1.96039216E-01  1.91122918E-01  1.86097272E-01  1.80954301E-01  1.75726274E-01  1.70469852E-01  1.65008793E-01  1.59651170E-01  1.54232301E-01  1.48802013E-01  1.43194009E-01  1.37711795E-01  1.32236400E-01  1.26678508E-01  1.21227349E-01  1.15816472E-01  1.10342537E-01  1.04998438E-01  9.97522119E-02  9.45821658E-02  8.94569603E-02  8.44774816E-02  7.95192776E-02  7.48215154E-02  7.01722581E-02  6.56408849E-02  6.12006857E-02  5.70076088E-02  5.29092155E-02  4.89440681E-02  4.52005917E-02  4.16461281E-02  3.82198163E-02  3.49931703E-02  3.18477676E-02  2.89296351E-02  2.62032061E-02  2.36536883E-02  2.12299709E-02  1.89906638E-02  1.69293264E-02  1.50104621E-02  1.32280895E-02  1.16390592E-02  1.01831673E-02  8.83611969E-03  7.64183066E-03  6.56916118E-03  5.60191097E-03  4.74544256E-03  3.99052148E-03  3.34204593E-03  2.77500276E-03  2.27102684E-03  1.84746316E-03  1.49332538E-03  1.19321249E-03  9.40782493E-04  7.37856641E-04  5.68047846E-04  4.32124471E-04  3.25533890E-04  2.39917483E-04  1.76678180E-04  1.27032550E-04  8.99954560E-05  6.20479942E-05  4.31892682E-05  2.89755128E-05  1.96543311E-05  1.33245287E-05  8.48067609E-06  5.99060637E-06  3.50650055E-06  2.10032403E-06  1.28585291E-06  7.97573116E-07  3.69684216E-07  1.96956438E-07  1.21704017E-07  6.51485274E-08  2.02418585E-08  1.26698238E-08  2.99278043E-09  3.29494344E-09  0.00000000E+00  0.00000000E+00  0.00000000E+00  0.00000000E+00  0.00000000E+00  0.00000000E+00  0.00000000E+00  0.00000000E+00  0.00000000E+00  0.00000000E+00  0.00000000E+00  0.00000000E+00  0.00000000E+00  0.00000000E+00  0.00000000E+00  0.00000000E+00  0.00000000E+00  0.00000000E+00  0.00000000E+00  0.00000000E+00  0.00000000E+00  0.00000000E+00  0.00000000E+00  0.00000000E+00  0.00000000E+00  0.00000000E+00  0.00000000E+00  0.00000000E+00  0.00000000E+00  0.00000000E+00  0.00000000E+00  0.00000000E+00  0.00000000E+00  0.00000000E+00  0.00000000E+00  0.00000000E+00  0.00000000E+00  0.00000000E+00  0.00000000E+00  0.00000000E+00  0.00000000E+00  0.00000000E+00  0.00000000E+00  0.00000000E+00  0.00000000E+00  0.00000000E+00  0.00000000E+00  0.00000000E+00  0.00000000E+00  0.00000000E+00  0.00000000E+00  0.00000000E+00  0.00000000E+00  0.00000000E+00  0.00000000E+00  0.00000000E+00  0.00000000E+00  0.00000000E+00  0.00000000E+00  0.00000000E+00  0.00000000E+00  0.00000000E+00  0.00000000E+00  0.00000000E+00  0.00000000E+00  0.00000000E+00  0.00000000E+00  0.00000000E+00  0.00000000E+00  0.00000000E+00  0.00000000E+00  0.00000000E+00  0.00000000E+00  0.00000000E+00  0.00000000E+00  0.00000000E+00  0.00000000E+00  0.00000000E+00  0.00000000E+00  0.00000000E+00  0.00000000E+00  0.00000000E+00  0.00000000E+00  0.00000000E+00  0.00000000E+00  0.00000000E+00  0.00000000E+00  0.00000000E+00  0.00000000E+00  0.00000000E+00
  2.65180184E-01  2.65515294E-01  2.64818451E-01  2.64220937E-01  2.63425052E-01  2.62376403E-01  2.61101842E-01  2.59145152E-01  2.57399023E-01  2.55506509E-01  2.53328257E-01  2.50777647E-01  2.47958432E-01  2.45082111E-01  2.42168218E-01  2.38989083E-01  2.35556833E-01  2.31778278E-01  2.28014970E-01  2.24013153E-01  2.19906339E-01  2.15495819E-01  2.11002717E-01  2.06528610E-01  2.01805154E-01  1.96994990E-01  1.92075632E-01  1.86882149E-01  1.81863069E-01  1.76583223E-01  1.71259462E-01  1.65932425E-01  1.60358631E-01  1.54953494E-01  1.49454542E-01  1.43890868E-01  1.38378290E-01  1.32909138E-01  1.27330805E-01  1.21914022E-01  1.16394286E-01  1.10943428E-01  1.05648129E-01  1.00382995E-01  9.51251276E-02  8.99726523E-02  8.49878567E-02  8.00771318E-02  7.52485207E-02  7.05602816E-02  6.60957857E-02  6.16208184E-02  5.73791082E-02  5.33333547E-02  4.93419330E-02  4.55528478E-02  4.19507874E-02  3.84804269E-02  3.52273680E-02  3.21030457E-02  2.91542269E-02  2.64217886E-02  2.38167045E-02  2.14206188E-02  1.91524956E-02  1.70776954E-02  1.51304838E-02  1.33622742E-02  1.17415938E-02  1.02615903E-02  8.91465059E-03  7.71567153E-03  6.62267003E-03  5.64489341E-03  4.78625547E-03  4.02397656E-03  3.37131569E-03  2.80124585E-03  2.29234166E-03  1.86851220E-03  1.50965397E-03  1.20343787E-03  9.52460495E-04  7.42949118E-04  5.73350499E-04  4.36271980E-04  3.28473969E-04  2.43154381E-04  1.74337619E-04  1.27910266E-04  9.04792604E-05  6.39678214E-05  4.33889687E-05  2.96675215E-05  2.02154497E-05  1.31356582E-05  8.64128490E-06  5.58651976E-06  3.49713677E-06  2.06569998E-06  1.17112795E-06  8.00856175E-07  3.46657903E-07  1.94112486E-07  1.61730032E-07  5.68635092E-08  2.45059198E-08  1.93886468E-09  2.08803800E-09  2.48276299E-10  1.47617673E-09  0.00000000E+00  0.00000000E+00  0.00000000E+00  0.00000000E+00  0.00000000E+00  0.00000000E+00  0.00000000E+00  0.00000000E+00  0.00000000E+00  0.00000000E+00  0.00000000E+00  0.00000000E+00  0.00000000E+00  0.00000000E+00  0.00000000E+00  0.00000000E+00  0.00000000E+00  0.00000000E+00  0.00000000E+00  0.00000000E+00  0.00000000E+00  0.00000000E+00  0.00000000E+00  0.00000000E+00  0.00000000E+00  0.00000000E+00  0.00000000E+00  0.00000000E+00  0.00000000E+00  0.00000000E+00  0.00000000E+00  0.00000000E+00  0.00000000E+00  0.00000000E+00  0.00000000E+00  0.00000000E+00  0.00000000E+00  0.00000000E+00  0.00000000E+00  0.00000000E+00  0.00000000E+00  0.00000000E+00  0.00000000E+00  0.00000000E+00  0.00000000E+00  0.00000000E+00  0.00000000E+00  0.00000000E+00  0.00000000E+00  0.00000000E+00  0.00000000E+00  0.00000000E+00  0.00000000E+00  0.00000000E+00  0.00000000E+00  0.00000000E+00  0.00000000E+00  0.00000000E+00  0.00000000E+00  0.00000000E+00  0.00000000E+00  0.00000000E+00  0.00000000E+00  0.00000000E+00  0.00000000E+00  0.00000000E+00  0.00000000E+00  0.00000000E+00  0.00000000E+00  0.00000000E+00  0.00000000E+00  0.00000000E+00  0.00000000E+00  0.00000000E+00  0.00000000E+00  0.00000000E+00  0.00000000E+00  0.00000000E+00  0.00000000E+00  0.00000000E+00  0.00000000E+00  0.00000000E+00  0.00000000E+00  0.00000000E+00  0.00000000E+00  0.00000000E+00  0.00000000E+00  0.00000000E+00  0.00000000E+00
  2.64167746E-01  2.63548924E-01  2.63711296E-01  2.62934938E-01  2.61655499E-01  2.60576294E-01  2.59362638E-01  2.57851826E-01  2.55898087E-01  2.53880166E-01  2.51481372E-01  2.49344571E-01  2.46698562E-01  2.43628728E-01  2.40465426E-01  2.37281380E-01  2.33889279E-01  2.29988970E-01  2.26442586E-01  2.22371190E-01  2.18242183E-01  2.13951673E-01  2.09351996E-01  2.04856333E-01  2.00231494E-01  1.95386142E-01  1.90356672E-01  1.85289592E-01  1.80188632E-01  1.75023905E-01  1.69619808E-01  1.64327696E-01  1.58974433E-01  1.53500276E-01  1.48027816E-01  1.42467817E-01  1.36975188E-01  1.31469927E-01  1.26029942E-01  1.20493189E-01  1.15121423E-01  1.09699367E-01  1.04357957E-01  9.91425366E-02  9.39171635E-02  8.89243709E-02  8.38920464E-02  7.90300076E-02  7.42648058E-02  6.96084606E-02  6.51478573E-02  6.07932009E-02  5.65250139E-02  5.24848665E-02  4.86079463E-02  4.48774667E-02  4.13324625E-02  3.78810131E-02  3.46907645E-02  3.15938542E-02  2.86963328E-02  2.59092561E-02  2.34104004E-02  2.10285968E-02  1.87984420E-02  1.67443787E-02  1.48624005E-02  1.31341407E-02  1.15067600E-02  1.00507899E-02  8.73899712E-03  7.56113187E-03  6.48165415E-03  5.53801694E-03  4.69288515E-03  3.94243938E-03  3.30130706E-03  2.73098133E-03  2.24762770E-03  1.82435537E-03  1.46976108E-03  1.17634782E-03  9.31992817E-04  7.25699075E-04  5.58697892E-04  4.25011375E-04  3.20537529E-04  2.38140469E-04  1.74229399E-04  1.25290456E-04  8.79695735E-05  6.20673509E-05  4.29823091E-05  2.86924061E-05  1.95811897E-05  1.27437074E-05  8.62608176E-06  5.27551769E-06  3.47122013E-06  2.14668729E-06  1.17760202E-06  7.55444159E-07  3.66635548E-07  2.13440497E-07  1.48652725E-07  7.90150758E-08  2.21335777E-08  2.08355004E-08  1.16535708E-09  3.38166402E-09  0.00000000E+00  0.00000000E+00  0.00000000E+00  0.00000000E+00  0.00000000E+00  0.00000000E+00  0.00000000E+00  0.00000000E+00  0.00000000E+00  0.00000000E+00  0.00000000E+00  0.00000000E+00  0.00000000E+00  0.00000000E+00  0.00000000E+00  0.00000000E+00  0.00000000E+00  0.00000000E+00  0.00000000E+00  0.00000000E+00  0.00000000E+00  0.00000000E+00  0.00000000E+00  0.00000000E+00  0.00000000E+00  0.00000000E+00  0.00000000E+00  0.00000000E+00  0.00000000E+00  0.00000000E+00  0.00000000E+00  0.00000000E+00  0.00000000E+00  0.00000000E+00  0.00000000E+00  0.00000000E+00  0.00000000E+00  0.00000000E+00  0.00000000E+00  0.00000000E+00  0.00000000E+00  0.00000000E+00  0.00000000E+00  0.00000000E+00  0.00000000E+00  0.00000000E+00  0.00000000E+00  0.00000000E+00  0.00000000E+00  0.00000000E+00  0.00000000E+00  0.00000000E+00  0.00000000E+00  0.00000000E+00  0.00000000E+00  0.00000000E+00  0.00000000E+00  0.00000000E+00  0.00000000E+00  0.00000000E+00  0.00000000E+00  0.00000000E+00  0.00000000E+00  0.00000000E+00  0.00000000E+00  0.00000000E+00  0.00000000E+00  0.00000000E+00  0.00000000E+00  0.00000000E+00  0.00000000E+00  0.00000000E+00  0.00000000E+00  0.00000000E+00  0.00000000E+00  0.00000000E+00  0.00000000E+00  0.00000000E+00  0.00000000E+00  0.00000000E+00  0.00000000E+00  0.00000000E+00  0.00000000E+00  0.00000000E+00  0.00000000E+00  0.00000000E+00  0.00000000E+00  0.00000000E+00  0.00000000E+00  0.00000000E+00
  2.64334811E-01  2.63232534E-01  2.62613760E-01  2.62263861E-01  2.61521259E-01  2.60742752E-01  2.58767204E-01  2.57107587E-01  2.55440701E-01  2.53444722E-01  2.51004305E-01  2.48507378E-01  2.45979613E-01  2.43144107E-01  2.40043691E-01  2.36867389E-01  2.33375242E-01  2.29708485E-01  2.25961925E-01  2.21766527E-01  2.17851295E-01  2.13516331E-01  2.09075032E-01  2.04483237E-01  1.99721515E-01  1.94866032E-01  1.89913056E-01  1.84880900E-01  1.79818865E-01  1.74508970E-01  1.69361619E-01  1.63921908E-01  1.58580999E-01  1.53104168E-01  1.47587145E-01  1.42121029E-01  1.36658053E-01  1.31078342E-01  1.25653438E-01  1.20197801E-01  1.14745130E-01  1.09381053E-01  1.04075398E-01  9.87593988E-02  9.37019128E-02  8.85794379E-02  8.35873746E-02  7.87983792E-02  7.40177618E-02  6.94236650E-02  6.49172098E-02  6.05777227E-02  5.63771790E-02  5.23267397E-02  4.84349325E-02  4.47158437E-02  4.11543938E-02  3.77404740E-02  3.45382058E-02  3.14808229E-02  2.86012118E-02  2.58813252E-02  2.33307022E-02  2.09444051E-02  1.87551534E-02  1.66943775E-02  1.48123272E-02  1.30860223E-02  1.14672730E-02  1.00288599E-02  8.71917819E-03  7.52701190E-03  6.46197808E-03  5.51702143E-03  4.68208201E-03  3.94065603E-03  3.29860172E-03  2.72387887E-03  2.23786493E-03  1.82935200E-03  1.47032632E-03  1.18073182E-03  9.27936322E-04  7.23242221E-04  5.55155052E-04  4.24286571E-04  3.17495829E-04  2.36627646E-04  1.72766739E-04  1.24315739E-04  8.70368047E-05  6.13974018E-05  4.17852329E-05  2.95532702E-05  1.94796089E-05  1.27055860E-05  8.31288114E-06  5.37906732E-06  3.27749919E-06  2.04762833E-06  1.17064117E-06  7.19225253E-07  4.75686842E-07  2.13378490E-07  9.55984741E-08  8.29628077E-08  1.11953183E-08  2.02497983E-08  1.06559544E-08  5.27931989E-09  0.00000000E+00  0.00000000E+00  0.00000000E+00  0.00000000E+00  0.00000000E+00  0.00000000E+00  0.00000000E+00  0.00000000E+00  0.00000000E+00  0.00000000E+00  0.00000000E+00  0.00000000E+00  0.00000000E+00  0.00000000E+00  0.00000000E+00  0.00000000E+00  0.00000000E+00  0.00000000E+00  0.00000000E+00  0.00000000E+00  0.00000000E+00  0.00000000E+00  0.00000000E+00  0.00000000E+00  0.00000000E+00  0.00000000E+00  0.00000000E+00  0.00000000E+00  0.00000000E+00  0.00000000E+00  0.00000000E+00  0.00000000E+00  0.00000000E+00  0.00000000E+00  0.00000000E+00  0.00000000E+00  0.00000000E+00  0.00000000E+00  0.00000000E+00  0.00000000E+00  0.00000000E+00  0.00000000E+00  0.00000000E+00  0.00000000E+00  0.00000000E+00  0.00000000E+00  0.00000000E+00  0.00000000E+00  0.00000000E+00  0.00000000E+00  0.00000000E+00  0.00000000E+00  0.00000000E+00  0.00000000E+00  0.00000000E+00  0.00000000E+00  0.00000000E+00  0.00000000E+00  0.00000000E+00  0.00000000E+00  0.00000000E+00  0.00000000E+00  0.00000000E+00  0.00000000E+00  0.00000000E+00  0.00000000E+00  0.00000000E+00  0.00000000E+00  0.00000000E+00  0.00000000E+00  0.00000000E+00  0.00000000E+00  0.00000000E+00  0.00000000E+00  0.00000000E+00  0.00000000E+00  0.00000000E+00  0.00000000E+00  0.00000000E+00  0.00000000E+00  0.00000000E+00  0.00000000E+00  0.00000000E+00  0.00000000E+00  0.00000000E+00  0.00000000E+00  0.00000000E+00  0.00000000E+00  0.00000000E+00  0.00000000E+00
  2.61893255E-01  2.63401501E-01  2.62240715E-01  2.61751318E-01  2.60612665E-01  2.59524362E-01  2.58299860E-01  2.56614257E-01  2.54820074E-01  2.52995750E-01  2.50641618E-01  2.48219321E-01  2.45290617E-01  2.42574664E-01  2.39305457E-01  2.36046798E-01  2.32733398E-01  2.29128435E-01  2.25105862E-01  2.21298131E-01  2.16980451E-01  2.12923556E-01  2.08328334E-01  2.03759733E-01  1.99054500E-01  1.94216754E-01  1.89238909E-01  1.84246934E-01  1.79241558E-01  1.73953077E-01  1.68569701E-01  1.63222112E-01  1.57850164E-01  1.52473723E-01  1.47020116E-01  1.41472441E-01  1.35990904E-01  1.30495162E-01  1.25080331E-01  1.19728548E-01  1.14178783E-01  1.08838992E-01  1.03648844E-01  9.83442918E-02  9.31690562E-02  8.81400545E-02  8.31549766E-02  7.83991622E-02  7.35986647E-02  6.89479383E-02  6.44708627E-02  6.01839962E-02  5.60060525E-02  5.19488025E-02  4.81128887E-02  4.43823518E-02  4.08287483E-02  3.74896256E-02  3.42858240E-02  3.12409043E-02  2.83597778E-02  2.56485806E-02  2.31251518E-02  2.08040727E-02  1.85657243E-02  1.65446768E-02  1.46786066E-02  1.29455115E-02  1.13609166E-02  9.93349269E-03  8.63037786E-03  7.45669280E-03  6.39957105E-03  5.44856877E-03  4.62950826E-03  3.90077697E-03  3.24929950E-03  2.70381635E-03  2.22220167E-03  1.80593432E-03  1.45319367E-03  1.16007263E-03  9.16518295E-04  7.13387449E-04  5.50971862E-04  4.19742767E-04  3.15872795E-04  2.32904224E-04  1.69825660E-04  1.22991702E-04  8.70863816E-05  6.13550562E-05  4.19419181E-05  2.84432521E-05  1.87967300E-05  1.28703464E-05  8.24697973E-06  4.83593651E-06  3.24085457E-06  2.00535893E-06  1.17996584E-06  6.49543839E-07  3.23855476E-07  2.30377266E-07  7.40651700E-08  4.94235827E-08  3.36596641E-08  2.17257832E-08  1.59355783E-08  0.00000000E+00  0.00000000E+00  0.00000000E+00  0.00000000E+00  0.00000000E+00  0.00000000E+00  0.00000000E+00  0.00000000E+00  0.00000000E+00  0.00000000E+00  0.00000000E+00  0.00000000E+00  0.00000000E+00  0.00000000E+00  0.00000000E+00  0.00000000E+00  0.00000000E+00  0.00000000E+00  0.00000000E+00  0.00000000E+00  0.00000000E+00  0.00000000E+00  0.00000000E+00  0.00000000E+00  0.00000000E+00  0.00000000E+00  0.00000000E+00  0.00000000E+00  0.00000000E+00  0.00000000E+00  0.00000000E+00  0.00000000E+00  0.00000000E+00  0.00000000E+00  0.00000000E+00  0.00000000E+00  0.00000000E+00  0.00000000E+00  0.00000000E+00  0.00000000E+00  0.00000000E+00  0.00000000E+00  0.00000000E+00  0.00000000E+00  0.00000000E+00  0.00000000E+00  0.00000000E+00  0.00000000E+00  0.00000000E+00  0.00000000E+00  0.00000000E+00  0.00000000E+00  0.00000000E+00  0.00000000E+00  0.00000000E+00  0.00000000E+00  0.00000000E+00  0.00000000E+00  0.00000000E+00  0.00000000E+00  0.00000000E+00  0.00000000E+00  0.00000000E+00  0.00000000E+00  0.00000000E+00  0.00000000E+00  0.00000000E+00  0.00000000E+00  0.00000000E+00  0.00000000E+00  0.00000000E+00  0.00000000E+00  0.00000000E+00  0.00000000E+00  0.00000000E+00  0.00000000E+00  0.00000000E+00  0.00000000E+00  0.00000000E+00  0.00000000E+00  0.00000000E+00  0.00000000E+00  0.00000000E+00  0.00000000E+00  0.00000000E+00  0.00000000E+00  0.00000000E+00  0.00000000E+00  0.00000000E+00  0.00000000E+00  0.00000000E+00
  2.65599108E-01  2.65914827E-01  2.65809555E-01  2.65090060E-01  2.63819757E-01  2.62620155E-01  2.61542298E-01  2.59906682E-01  2.57994729E-01  2.55937174E-01  2.54015258E-01  2.51500970E-01  2.48506567E-01  2.45839249E-01  2.42947729E-01  2.39309791E-01  2.36055532E-01  2.32492810E-01  2.28600778E-01  2.24644180E-01  2.20510668E-01  2.16236199E-01  2.11663748E-01  2.07185177E-01  2.02576889E-01  1.97620392E-01  1.92694416E-01  1.87588403E-01  1.82371933E-01  1.77207939E-01  1.71865808E-01  1.66437872E-01  1.61004796E-01  1.55583805E-01  1.50072029E-01  1.44484051E-01  1.39026002E-01  1.33412958E-01  1.27858125E-01  1.22342948E-01  1.16878113E-01  1.11437331E-01  1.06031318E-01  1.00834337E-01  9.55868647E-02  9.04938139E-02  8.53895662E-02  8.04056899E-02  7.55435457E-02  7.09256585E-02  6.63285566E-02  6.19475638E-02  5.76863833E-02  5.35424813E-02  4.96118886E-02  4.58094332E-02  4.21756613E-02  3.86893589E-02  3.54325033E-02  3.23109769E-02  2.93396259E-02  2.65804250E-02  2.39296227E-02  2.15366694E-02  1.92753181E-02  1.71644047E-02  1.52311285E-02  1.34480560E-02  1.18120713E-02  1.03233643E-02  8.97905237E-03  7.73873308E-03  6.65646100E-03  5.69535070E-03  4.82295132E-03  4.06468960E-03  3.39158692E-03  2.81727063E-03  2.30876158E-03  1.88606475E-03  1.51419509E-03  1.21236274E-03  9.55049887E-04  7.45170460E-04  5.76720569E-04  4.39487178E-04  3.29133729E-04  2.44921592E-04  1.78108273E-04  1.27642866E-04  9.11253338E-05  6.39250474E-05  4.47350039E-05  3.02583749E-05  2.00632033E-05  1.31567703E-05  8.55021306E-06  5.29727261E-06  3.59159550E-06  2.07938182E-06  1.34152839E-06  8.11311397E-07  4.96380916E-07  2.48886130E-07  9.65820986E-08  8.73738108E-08  2.11725537E-08  1.70321870E-08  2.82638957E-09  8.23699348E-10  5.14234385E-09  0.00000000E+00  0.00000000E+00  0.00000000E+00  0.00000000E+00  0.00000000E+00  0.00000000E+00  0.00000000E+00  0.00000000E+00  0.00000000E+00  0.00000000E+00  0.00000000E+00  0.00000000E+00  0.00000000E+00  0.00000000E+00  0.00000000E+00  0.00000000E+00  0.00000000E+00  0.00000000E+00  0.00000000E+00  0.00000000E+00  0.00000000E+00  0.00000000E+00  0.00000000E+00  0.00000000E+00  0.00000000E+00  0.00000000E+00  0.00000000E+00  0.00000000E+00  0.00000000E+00  0.00000000E+00  0.00000000E+00  0.00000000E+00  0.00000000E+00  0.00000000E+00  0.00000000E+00  0.00000000E+00  0.00000000E+00  0.00000000E+00  0.00000000E+00  0.00000000E+00  0.00000000E+00  0.00000000E+00  0.00000000E+00  0.00000000E+00  0.00000000E+00  0.00000000E+00  0.00000000E+00  0.00000000E+00  0.00000000E+00  0.00000000E+00  0.00000000E+00  0.00000000E+00  0.00000000E+00  0.00000000E+00  0.00000000E+00  0.00000000E+00  0.00000000E+00  0.00000000E+00  0.00000000E+00  0.00000000E+00  0.00000000E+00  0.00000000E+00  0.00000000E+00  0.00000000E+00  0.00000000E+00  0.00000000E+00  0.00000000E+00  0.00000000E+00  0.00000000E+00  0.00000000E+00  0.00000000E+00  0.00000000E+00  0.00000000E+00  0.00000000E+00  0.00000000E+00  0.00000000E+00  0.00000000E+00  0.00000000E+00  0.00000000E+00  0.00000000E+00  0.00000000E+00  0.00000000E+00  0.00000000E+00  0.00000000E+00  0.00000000E+00  0.00000000E+00  0.00000000E+00  0.00000000E+00  0.00000000E+00
  2.62496881E-01  2.62163637E-01  2.62067632E-01  2.61371802E-01  2.60458956E-01  2.59038911E-01  2.57748537E-01  2.56180182E-01  2.54301469E-01  2.52357851E-01  2.50102220E-01  2.47573060E-01  2.45019408E-01  2.42192767E-01  2.38839384E-01  2.35772414E-01  2.32474578E-01  2.28604572E-01  2.24921163E-01  2.20815309E-01  2.16886338E-01  2.12589278E-01  2.08145157E-01  2.03519517E-01  1.98765724E-01  1.93879140E-01  1.89179622E-01  1.83985412E-01  1.78875421E-01  1.73667439E-01  1.68426291E-01  1.63005682E-01  1.57678287E-01  1.52309726E-01  1.46779001E-01  1.41368933E-01  1.35836287E-01  1.30368321E-01  1.24888770E-01  1.19521397E-01  1.14035597E-01  1.08587630E-01  1.03406011E-01  9.82087822E-02  9.30700352E-02  8.79809119E-02  8.30619826E-02  7.81917185E-02  7.35054475E-02  6.89179550E-02  6.43984854E-02  6.01073133E-02  5.59167749E-02  5.18838663E-02  4.79796800E-02  4.43198302E-02  4.07955036E-02  3.74078316E-02  3.41960981E-02  3.11886525E-02  2.83347740E-02  2.56330597E-02  2.31055557E-02  2.07685878E-02  1.85827008E-02  1.65326426E-02  1.46433911E-02  1.29466409E-02  1.13526694E-02  9.92444787E-03  8.62412612E-03  7.45261156E-03  6.39927319E-03  5.45335616E-03  4.62437398E-03  3.88701776E-03  3.25724899E-03  2.68849533E-03  2.21152715E-03  1.80080532E-03  1.44911841E-03  1.15665940E-03  9.15616034E-04  7.11110685E-04  5.49939148E-04  4.19532754E-04  3.14897079E-04  2.32559644E-04  1.68570464E-04  1.22729866E-04  8.66324124E-05  6.03379978E-05  4.16171546E-05  2.87687152E-05  1.89676240E-05  1.26409769E-05  8.61114851E-06  5.29894572E-06  3.26942020E-06  1.99996541E-06  1.22366309E-06  7.73141172E-07  3.43475612E-07  2.27817975E-07  1.04785134E-07  4.73181586E-08  2.82260294E-08  1.74666668E-08  8.32004022E-11  3.46250440E-09  0.00000000E+00  0.00000000E+00  0.00000000E+00  0.00000000E+00  0.00000000E+00  0.00000000E+00  0.00000000E+00  0.00000000E+00  0.00000000E+00  0.00000000E+00  0.00000000E+00  0.00000000E+00  0.00000000E+00  0.00000000E+00  0.00000000E+00  0.00000000E+00  0.00000000E+00  0.00000000E+00  0.00000000E+00  0.00000000E+00  0.00000000E+00  0.00000000E+00  0.00000000E+00  0.00000000E+00  0.00000000E+00  0.00000000E+00  0.00000000E+00  0.00000000E+00  0.00000000E+00  0.00000000E+00  0.00000000E+00  0.00000000E+00  0.00000000E+00  0.00000000E+00  0.00000000E+00  0.00000000E+00  0.00000000E+00  0.00000000E+00  0.00000000E+00  0.00000000E+00  0.00000000E+00  0.00000000E+00  0.00000000E+00  0.00000000E+00  0.00000000E+00  0.00000000E+00  0.00000000E+00  0.00000000E+00  0.00000000E+00  0.00000000E+00  0.00000000E+00  0.00000000E+00  0.00000000E+00  0.00000000E+00  0.00000000E+00  0.00000000E+00  0.00000000E+00  0.00000000E+00  0.00000000E+00  0.00000000E+00  0.00000000E+00  0.00000000E+00  0.00000000E+00  0.00000000E+00  0.00000000E+00  0.00000000E+00  0.00000000E+00  0.00000000E+00  0.00000000E+00  0.00000000E+00  0.00000000E+00  0.00000000E+00  0.00000000E+00  0.00000000E+00  0.00000000E+00  0.00000000E+00  0.00000000E+00  0.00000000E+00  0.00000000E+00  0.00000000E+00  0.00000000E+00  0.00000000E+00  0.00000000E+00  0.00000000E+00  0.00000000E+00  0.00000000E+00  0.00000000E+00  0.00000000E+00  0.00000000E+00  0.00000000E+00
  2.63761621E-01  2.63881784E-01  2.63347124E-01  2.62312522E-01  2.61354079E-01  2.60227407E-01  2.59189717E-01  2.57535027E-01  2.55492149E-01  2.53519051E-01  2.51339328E-01  2.48829728E-01  2.46240874E-01  2.43091193E-01  2.40378431E-01  2.36863881E-01  2.33560211E-01  2.30008494E-01  2.26182373E-01  2.22252541E-01  2.18094033E-01  2.13800561E-01  2.09381649E-01  2.04698112E-01  2.00110143E-01  1.95313496E-01  1.90220575E-01  1.85263289E-01  1.80161603E-01  1.74907064E-01  1.69667806E-01  1.64336847E-01  1.58905620E-01  1.53427281E-01  1.47996678E-01  1.42444202E-01  1.36916908E-01  1.31407637E-01  1.25957197E-01  1.20523309E-01  1.15105722E-01  1.09631043E-01  1.04367610E-01  9.91732330E-02  9.39213350E-02  8.88962113E-02  8.38648559E-02  7.90186496E-02  7.42554595E-02  6.96621558E-02  6.51206507E-02  6.07711778E-02  5.65624602E-02  5.25117942E-02  4.86135982E-02  4.48791873E-02  4.12853140E-02  3.79068715E-02  3.46484724E-02  3.15740360E-02  2.87007864E-02  2.59753498E-02  2.34166971E-02  2.09817792E-02  1.88105729E-02  1.67659565E-02  1.48732233E-02  1.31147964E-02  1.15271912E-02  1.00587091E-02  8.75415495E-03  7.55002085E-03  6.49318574E-03  5.53811573E-03  4.69558658E-03  3.95374809E-03  3.29917063E-03  2.74211110E-03  2.24702663E-03  1.83655503E-03  1.47807185E-03  1.17292984E-03  9.29048813E-04  7.25208633E-04  5.57635837E-04  4.26294247E-04  3.18576509E-04  2.36550812E-04  1.74471603E-04  1.24548173E-04  8.76055255E-05  6.14027612E-05  4.24898416E-05  2.89209389E-05  1.98607126E-05  1.25731752E-05  8.31934081E-06  5.13463658E-06  3.34319153E-06  2.12398778E-06  1.30296322E-06  6.36309377E-07  4.39750991E-07  1.62016924E-07  1.21191500E-07  8.27645276E-08  1.57537765E-08  1.41807625E-08  4.23996021E-09  7.66108308E-09  0.00000000E+00  0.00000000E+00  0.00000000E+00  0.00000000E+00  0.00000000E+00  0.00000000E+00  0.00000000E+00  0.00000000E+00  0.00000000E+00  0.00000000E+00  0.00000000E+00  0.00000000E+00  0.00000000E+00  0.00000000E+00  0.00000000E+00  0.00000000E+00  0.00000000E+00  0.00000000E+00  0.00000000E+00  0.00000000E+00  0.00000000E+00  0.00000000E+00  0.00000000E+00  0.00000000E+00  0.00000000E+00  0.00000000E+00  0.00000000E+00  0.00000000E+00  0.00000000E+00  0.00000000E+00  0.00000000E+00  0.00000000E+00  0.00000000E+00  0.00000000E+00  0.00000000E+00  0.00000000E+00  0.00000000E+00  0.00000000E+00  0.00000000E+00  0.00000000E+00  0.00000000E+00  0.00000000E+00  0.00000000E+00  0.00000000E+00  0.00000000E+00  0.00000000E+00  0.00000000E+00  0.00000000E+00  0.00000000E+00  0.00000000E+00  0.00000000E+00  0.00000000E+00  0.00000000E+00  0.00000000E+00  0.00000000E+00  0.00000000E+00  0.00000000E+00  0.00000000E+00  0.00000000E+00  0.00000000E+00  0.00000000E+00  0.00000000E+00  0.00000000E+00  0.00000000E+00  0.00000000E+00  0.00000000E+00  0.00000000E+00  0.00000000E+00  0.00000000E+00  0.00000000E+00  0.00000000E+00  0.00000000E+00  0.00000000E+00  0.00000000E+00  0.00000000E+00  0.00000000E+00  0.00000000E+00  0.00000000E+00  0.00000000E+00  0.00000000E+00  0.00000000E+00  0.00000000E+00  0.00000000E+00  0.00000000E+00  0.00000000E+00  0.00000000E+00  0.00000000E+00  0.00000000E+00  0.00000000E+00  0.00000000E+00
  2.66171821E-01  2.66166588E-01  2.65345491E-01  2.64396155E-01  2.63790738E-01  2.62137131E-01  2.61191897E-01  2.59736704E-01  2.57720708E-01  2.55749461E-01  2.53546754E-01  2.51192477E-01  2.48428128E-01  2.45569112E-01  2.42436579E-01  2.39233244E-01  2.35655490E-01  2.32090718E-01  2.28260314E-01  2.24152095E-01  2.20164665E-01  2.15932364E-01  2.11294605E-01  2.06789657E-01  2.02047412E-01  1.97285422E-01  1.92197921E-01  1.87243032E-01  1.82041530E-01  1.76765349E-01  1.71441324E-01  1.66144577E-01  1.60661812E-01  1.55198222E-01  1.49744265E-01  1.44266880E-01  1.38594840E-01  1.33060965E-01  1.27534295E-01  1.22028298E-01  1.16491913E-01  1.11186217E-01  1.05815248E-01  1.00537457E-01  9.52802157E-02  9.02338598E-02  8.51319082E-02  8.02400258E-02  7.54071915E-02  7.06570208E-02  6.61922830E-02  6.17861946E-02  5.74519982E-02  5.33865460E-02  4.94195116E-02  4.56046188E-02  4.20149628E-02  3.85533670E-02  3.52919082E-02  3.21693083E-02  2.92351441E-02  2.64765683E-02  2.38850631E-02  2.14435760E-02  1.91891295E-02  1.70999015E-02  1.51625931E-02  1.33885821E-02  1.17630665E-02  1.02809125E-02  8.92343339E-03  7.72934851E-03  6.64826372E-03  5.66648202E-03  4.80255765E-03  4.04056194E-03  3.37693291E-03  2.80091548E-03  2.29345536E-03  1.87149404E-03  1.50953825E-03  1.20831582E-03  9.51485631E-04  7.47544863E-04  5.73287996E-04  4.36325046E-04  3.28246406E-04  2.42838216E-04  1.78951803E-04  1.29725692E-04  8.96499055E-05  6.26129905E-05  4.33504336E-05  2.96684019E-05  2.03284731E-05  1.29563792E-05  8.62498764E-06  5.74847046E-06  3.47594288E-06  2.16990845E-06  1.21290584E-06  6.41048451E-07  4.24163218E-07  1.79605003E-07  1.38653011E-07  5.86764499E-08  5.07646265E-10  9.80701751E-09  0.00000000E+00  2.79784951E-09  0.00000000E+00  0.00000000E+00  8.00952996E-10  0.00000000E+00  0.00000000E+00  0.00000000E+00  0.00000000E+00  0.00000000E+00  0.00000000E+00  0.00000000E+00  0.00000000E+00  0.00000000E+00  0.00000000E+00  0.00000000E+00  0.00000000E+00  0.00000000E+00  0.00000000E+00  0.00000000E+00  0.00000000E+00  0.00000000E+00  0.00000000E+00  0.00000000E+00  0.00000000E+00  0.00000000E+00  0.00000000E+00  0.00000000E+00  0.00000000E+00  0.00000000E+00  0.00000000E+00  0.00000000E+00  0.00000000E+00  0.00000000E+00  0.00000000E+00  0.00000000E+00  0.00000000E+00  0.00000000E+00  0.00000000E+00  0.00000000E+00  0.00000000E+00  0.00000000E+00  0.00000000E+00  0.00000000E+00  0.00000000E+00  0.00000000E+00  0.00000000E+00  0.00000000E+00  0.00000000E+00  0.00000000E+00  0.00000000E+00  0.00000000E+00  0.00000000E+00  0.00000000E+00  0.00000000E+00  0.00000000E+00  0.00000000E+00  0.00000000E+00  0.00000000E+00  0.00000000E+00  0.00000000E+00  0.00000000E+00  0.00000000E+00  0.00000000E+00  0.00000000E+00  0.00000000E+00  0.00000000E+00  0.00000000E+00  0.00000000E+00  0.00000000E+00  0.00000000E+00  0.00000000E+00  0.00000000E+00  0.00000000E+00  0.00000000E+00  0.00000000E+00  0.00000000E+00  0.00000000E+00  0.00000000E+00  0.00000000E+00  0.00000000E+00  0.00000000E+00  0.00000000E+00  0.00000000E+00  0.00000000E+00  0.00000000E+00  0.00000000E+00  0.00000000E+00  0.00000000E+00  0.00000000E+00  0.00000000E+00  0.00000000E+00
  2.62970476E-01  2.62255528E-01  2.61928395E-01  2.61169107E-01  2.60289791E-01  2.59249395E-01  2.57674483E-01  2.56184509E-01  2.54529090E-01  2.52513221E-01  2.50260612E-01  2.47584563E-01  2.45150922E-01  2.42134497E-01  2.38994144E-01  2.35867704E-01  2.32366189E-01  2.28788749E-01  2.24881294E-01  2.20980070E-01  2.16832214E-01  2.12453707E-01  2.08099334E-01  2.03541528E-01  1.98714271E-01  1.94153393E-01  1.89256910E-01  1.84035721E-01  1.78914260E-01  1.73707501E-01  1.68418845E-01  1.63114557E-01  1.57743168E-01  1.52260597E-01  1.46812759E-01  1.41339571E-01  1.35819724E-01  1.30395535E-01  1.24942973E-01  1.19487783E-01  1.14041948E-01  1.08718635E-01  1.03364999E-01  9.81798182E-02  9.30696895E-02  8.79813388E-02  8.30423448E-02  7.81844620E-02  7.34279603E-02  6.88774095E-02  6.44635110E-02  6.00888221E-02  5.59060167E-02  5.18703751E-02  4.80096466E-02  4.43333539E-02  4.07709802E-02  3.74355084E-02  3.42008298E-02  3.11972001E-02  2.83108039E-02  2.56013641E-02  2.31066433E-02  2.07635359E-02  1.85737149E-02  1.65438080E-02  1.46631156E-02  1.29289842E-02  1.13511873E-02  9.92466002E-03  8.62550174E-03  7.44153017E-03  6.40012450E-03  5.45876835E-03  4.62705618E-03  3.88571723E-03  3.25438962E-03  2.69352895E-03  2.20964590E-03  1.80294083E-03  1.45507602E-03  1.16596102E-03  9.16124432E-04  7.13301635E-04  5.51942552E-04  4.18466095E-04  3.14559157E-04  2.32514193E-04  1.70720297E-04  1.21268488E-04  8.69302666E-05  6.08792745E-05  4.25873007E-05  2.85166154E-05  1.85804239E-05  1.20645621E-05  8.45602812E-06  5.22897114E-06  3.29394515E-06  2.05864194E-06  1.20398615E-06  7.31718851E-07  4.17318679E-07  2.63452764E-07  9.88757361E-08  5.05958640E-08  1.25513981E-08  9.57803418E-09  8.15786160E-09  0.00000000E+00  2.77905175E-09  0.00000000E+00  0.00000000E+00  0.00000000E+00  0.00000000E+00  0.00000000E+00  0.00000000E+00  0.00000000E+00  0.00000000E+00  0.00000000E+00  0.00000000E+00  0.00000000E+00  0.00000000E+00  0.00000000E+00  0.00000000E+00  0.00000000E+00  0.00000000E+00  0.00000000E+00  0.00000000E+00  0.00000000E+00  0.00000000E+00  0.00000000E+00  0.00000000E+00  0.00000000E+00  0.00000000E+00  0.00000000E+00  0.00000000E+00  0.00000000E+00  0.00000000E+00  0.00000000E+00  0.00000000E+00  0.00000000E+00  0.00000000E+00  0.00000000E+00  0.00000000E+00  0.00000000E+00  0.00000000E+00  0.00000000E+00  0.00000000E+00  0.00000000E+00  0.00000000E+00  0.00000000E+00  0.00000000E+00  0.00000000E+00  0.00000000E+00  0.00000000E+00  0.00000000E+00  0.00000000E+00  0.00000000E+00  0.00000000E+00  0.00000000E+00  0.00000000E+00  0.00000000E+00  0.00000000E+00  0.00000000E+00  0.00000000E+00  0.00000000E+00  0.00000000E+00  0.00000000E+00  0.00000000E+00  0.00000000E+00  0.00000000E+00  0.00000000E+00  0.00000000E+00  0.00000000E+00  0.00000000E+00  0.00000000E+00  0.00000000E+00  0.00000000E+00  0.00000000E+00  0.00000000E+00  0.00000000E+00  0.00000000E+00  0.00000000E+00  0.00000000E+00  0.00000000E+00  0.00000000E+00  0.00000000E+00  0.00000000E+00  0.00000000E+00  0.00000000E+00  0.00000000E+00  0.00000000E+00  0.00000000E+00  0.00000000E+00  0.00000000E+00  0.00000000E+00  0.00000000E+00  0.00000000E+00  0.00000000E+00
  2.63839652E-01  2.63382240E-01  2.62642712E-01  2.62242154E-01  2.61091033E-01  2.59971427E-01  2.58618754E-01  2.56921052E-01  2.55192687E-01  2.53118887E-01  2.50975203E-01  2.48460750E-01  2.45777492E-01  2.42834266E-01  2.39963398E-01  2.36467879E-01  2.33094919E-01  2.29483946E-01  2.25635724E-01  2.21707582E-01  2.17585554E-01  2.13226352E-01  2.08789849E-01  2.04369719E-01  1.99402897E-01  1.94753894E-01  1.89732925E-01  1.84593289E-01  1.79530516E-01  1.74301415E-01  1.69182900E-01  1.63593653E-01  1.58379238E-01  1.52954467E-01  1.47375307E-01  1.41876751E-01  1.36415370E-01  1.30870427E-01  1.25419763E-01  1.19988069E-01  1.14509925E-01  1.09183568E-01  1.03914643E-01  9.86259726E-02  9.35674634E-02  8.83938889E-02  8.34287014E-02  7.86434042E-02  7.38065351E-02  6.92364642E-02  6.47001338E-02  6.04091412E-02  5.62565708E-02  5.22029218E-02  4.82692133E-02  4.45732874E-02  4.10337292E-02  3.76460652E-02  3.43973648E-02  3.13619346E-02  2.84971574E-02  2.58109079E-02  2.32712424E-02  2.08829426E-02  1.86752186E-02  1.66593998E-02  1.47577303E-02  1.30134738E-02  1.14365566E-02  9.99846621E-03  8.68288966E-03  7.49533333E-03  6.44911023E-03  5.48981090E-03  4.65858384E-03  3.93012580E-03  3.28251993E-03  2.71249039E-03  2.23272395E-03  1.80946870E-03  1.46344642E-03  1.17420067E-03  9.19669454E-04  7.20578234E-04  5.55226042E-04  4.20179629E-04  3.17520198E-04  2.35264923E-04  1.71186356E-04  1.23301199E-04  8.68278408E-05  6.11461774E-05  4.23693326E-05  2.90574901E-05  1.92751998E-05  1.32780293E-05  8.20226394E-06  5.47208267E-06  3.35171664E-06  1.98944185E-06  1.23484024E-06  6.76777322E-07  4.29432278E-07  1.61527496E-07  9.78864247E-08  5.44164076E-08  2.50486889E-08  1.12341244E-08  0.00000000E+00  0.00000000E+00  0.00000000E+00  0.00000000E+00  0.00000000E+00  0.00000000E+00  0.00000000E+00  0.00000000E+00  0.00000000E+00  0.00000000E+00  0.00000000E+00  0.00000000E+00  0.00000000E+00  0.00000000E+00  0.00000000E+00  0.00000000E+00  0.00000000E+00  0.00000000E+00  0.00000000E+00  0.00000000E+00  0.00000000E+00  0.00000000E+00  0.00000000E+00  0.00000000E+00  0.00000000E+00  0.00000000E+00  0.00000000E+00  0.00000000E+00  0.00000000E+00  0.00000000E+00  0.00000000E+00  0.00000000E+00  0.00000000E+00  0.00000000E+00  0.00000000E+00  0.00000000E+00  0.00000000E+00  0.00000000E+00  0.00000000E+00  0.00000000E+00  0.00000000E+00  0.00000000E+00  0.00000000E+00  0.00000000E+00  0.00000000E+00  0.00000000E+00  0.00000000E+00  0.00000000E+00  0.00000000E+00  0.00000000E+00  0.00000000E+00  0.00000000E+00  0.00000000E+00  0.00000000E+00  0.00000000E+00  0.00000000E+00  0.00000000E+00  0.00000000E+00  0.00000000E+00  0.00000000E+00  0.00000000E+00  0.00000000E+00  0.00000000E+00  0.00000000E+00  0.00000000E+00  0.00000000E+00  0.00000000E+00  0.00000000E+00  0.00000000E+00  0.00000000E+00  0.00000000E+00  0.00000000E+00  0.00000000E+00  0.00000000E+00  0.00000000E+00  0.00000000E+00  0.00000000E+00  0.00000000E+00  0.00000000E+00  0.00000000E+00  0.00000000E+00  0.00000000E+00  0.00000000E+00  0.00000000E+00  0.00000000E+00  0.00000000E+00  0.00000000E+00  0.00000000E+00  0.00000000E+00  0.00000000E+00  0.00000000E+00  0.00000000E+00
  2.65425358E-01  2.64135535E-01  2.64381730E-01  2.63226786E-01  2.62153693E-01  2.61147114E-01  2.59839933E-01  2.58144735E-01  2.56525818E-01  2.54197008E-01  2.52260782E-01  2.49401319E-01  2.46868498E-01  2.44179069E-01  2.40949566E-01  2.37792828E-01  2.34213647E-01  2.30562779E-01  2.26880234E-01  2.22823299E-01  2.18587330E-01  2.14339901E-01  2.09934780E-01  2.05379419E-01  2.00750135E-01  1.95906848E-01  1.90903128E-01  1.85898226E-01  1.80840238E-01  1.75405183E-01  1.70282612E-01  1.64747338E-01  1.59358999E-01  1.53982923E-01  1.48488079E-01  1.42992116E-01  1.37466724E-01  1.31899777E-01  1.26330472E-01  1.20937217E-01  1.15494803E-01  1.10097332E-01  1.04759329E-01  9.95028030E-02  9.43043268E-02  8.92067513E-02  8.41989116E-02  7.93151327E-02  7.45477671E-02  6.99514898E-02  6.54469252E-02  6.10981175E-02  5.68225744E-02  5.27739854E-02  4.88461762E-02  4.50906631E-02  4.15000927E-02  3.80699453E-02  3.48289921E-02  3.17641944E-02  2.88478154E-02  2.61074659E-02  2.35321102E-02  2.11703701E-02  1.89382616E-02  1.68485055E-02  1.49520192E-02  1.31938213E-02  1.15814727E-02  1.01444669E-02  8.80490577E-03  7.61042021E-03  6.53524841E-03  5.57668585E-03  4.73369556E-03  3.97538267E-03  3.32456169E-03  2.75461766E-03  2.26486540E-03  1.84206287E-03  1.49358548E-03  1.19192777E-03  9.37559938E-04  7.34162728E-04  5.62781484E-04  4.31240436E-04  3.23831621E-04  2.38237086E-04  1.75512611E-04  1.26596327E-04  8.83146966E-05  6.18343824E-05  4.29534198E-05  2.93216057E-05  1.95703340E-05  1.27932643E-05  8.29714379E-06  5.15968612E-06  3.31392374E-06  2.11217869E-06  1.26413506E-06  7.35753906E-07  4.56780993E-07  2.49792826E-07  1.23182568E-07  6.66158875E-08  3.79996054E-08  1.24366649E-08  4.07959474E-09  0.00000000E+00  8.99251328E-10  0.00000000E+00  0.00000000E+00  1.67137582E-09  0.00000000E+00  0.00000000E+00  0.00000000E+00  0.00000000E+00  0.00000000E+00  0.00000000E+00  0.00000000E+00  0.00000000E+00  0.00000000E+00  0.00000000E+00  0.00000000E+00  0.00000000E+00  0.00000000E+00  0.00000000E+00  0.00000000E+00  0.00000000E+00  0.00000000E+00  0.00000000E+00  0.00000000E+00  0.00000000E+00  0.00000000E+00  0.00000000E+00  0.00000000E+00  0.00000000E+00  0.00000000E+00  0.00000000E+00  0.00000000E+00  0.00000000E+00  0.00000000E+00  0.00000000E+00  0.00000000E+00  0.00000000E+00  0.00000000E+00  0.00000000E+00  0.00000000E+00  0.00000000E+00  0.00000000E+00  0.00000000E+00  0.00000000E+00  0.00000000E+00  0.00000000E+00  0.00000000E+00  0.00000000E+00  0.00000000E+00  0.00000000E+00  0.00000000E+00  0.00000000E+00  0.00000000E+00  0.00000000E+00  0.00000000E+00  0.00000000E+00  0.00000000E+00  0.00000000E+00  0.00000000E+00  0.00000000E+00  0.00000000E+00  0.00000000E+00  0.00000000E+00  0.00000000E+00  0.00000000E+00  0.00000000E+00  0.00000000E+00  0.00000000E+00  0.00000000E+00  0.00000000E+00  0.00000000E+00  0.00000000E+00  0.00000000E+00  0.00000000E+00  0.00000000E+00  0.00000000E+00  0.00000000E+00  0.00000000E+00  0.00000000E+00  0.00000000E+00  0.00000000E+00  0.00000000E+00  0.00000000E+00  0.00000000E+00  0.00000000E+00  0.00000000E+00  0.00000000E+00  0.00000000E+00  0.00000000E+00  0.00000000E+00  0.00000000E+00
  2.64702265E-01  2.63523227E-01  2.63611874E-01  2.62749282E-01  2.62170365E-01  2.60963051E-01  2.59799141E-01  2.57983176E-01  2.56099200E-01  2.54156112E-01  2.51627915E-01  2.49122718E-01  2.46846530E-01  2.43683372E-01  2.40590323E-01  2.37253047E-01  2.33901516E-01  2.30310323E-01  2.26410123E-01  2.22505377E-01  2.18365661E-01  2.14014757E-01  2.09609563E-01  2.05003591E-01  2.00291967E-01  1.95451862E-01  1.90491343E-01  1.85438652E-01  1.80309441E-01  1.75059939E-01  1.69753271E-01  1.64398774E-01  1.58904593E-01  1.53551232E-01  1.48005550E-01  1.42496133E-01  1.37056096E-01  1.31542277E-01  1.26034769E-01  1.20590278E-01  1.15210582E-01  1.09793775E-01  1.04443727E-01  9.91453580E-02  9.39520399E-02  8.89303603E-02  8.39366507E-02  7.90263234E-02  7.42653408E-02  6.97169184E-02  6.51969832E-02  6.08221090E-02  5.66424711E-02  5.25181115E-02  4.86420645E-02  4.48906513E-02  4.13471818E-02  3.79010349E-02  3.46783068E-02  3.15603661E-02  2.87121676E-02  2.59632617E-02  2.34195615E-02  2.10510881E-02  1.88289147E-02  1.67825021E-02  1.48662470E-02  1.31153720E-02  1.15366959E-02  1.00835755E-02  8.75910579E-03  7.56418922E-03  6.50004125E-03  5.54137433E-03  4.69511334E-03  3.95096962E-03  3.30690330E-03  2.73604991E-03  2.24575333E-03  1.83225086E-03  1.47423487E-03  1.18128032E-03  9.32087702E-04  7.26450690E-04  5.57798698E-04  4.26317534E-04  3.20635983E-04  2.35804932E-04  1.72960697E-04  1.24421705E-04  8.79021056E-05  6.21132294E-05  4.32655541E-05  2.89590497E-05  1.95462896E-05  1.28223001E-05  8.33908080E-06  5.33720132E-06  3.39614651E-06  2.12905845E-06  1.32575866E-06  7.32599968E-07  4.32476317E-07  2.51581432E-07  8.12186384E-08  6.79800846E-08  2.38572616E-08  7.45937834E-09  1.32865228E-09  0.00000000E+00  4.97380379E-09  1.77774271E-09  0.00000000E+00  0.00000000E+00  0.00000000E+00  0.00000000E+00  0.00000000E+00  0.00000000E+00  0.00000000E+00  0.00000000E+00  0.00000000E+00  0.00000000E+00  0.00000000E+00  0.00000000E+00  0.00000000E+00  0.00000000E+00  0.00000000E+00  0.00000000E+00  0.00000000E+00  0.00000000E+00  0.00000000E+00  0.00000000E+00  0.00000000E+00  0.00000000E+00  0.00000000E+00  0.00000000E+00  0.00000000E+00  0.00000000E+00  0.00000000E+00  0.00000000E+00  0.00000000E+00  0.00000000E+00  0.00000000E+00  0.00000000E+00  0.00000000E+00  0.00000000E+00  0.00000000E+00  0.00000000E+00  0.00000000E+00  0.00000000E+00  0.00000000E+00  0.00000000E+00  0.00000000E+00  0.00000000E+00  0.00000000E+00  0.00000000E+00  0.00000000E+00  0.00000000E+00  0.00000000E+00  0.00000000E+00  0.00000000E+00  0.00000000E+00  0.00000000E+00  0.00000000E+00  0.00000000E+00  0.00000000E+00  0.00000000E+00  0.00000000E+00  0.00000000E+00  0.00000000E+00  0.00000000E+00  0.00000000E+00  0.00000000E+00  0.00000000E+00  0.00000000E+00  0.00000000E+00  0.00000000E+00  0.00000000E+00  0.00000000E+00  0.00000000E+00  0.00000000E+00  0.00000000E+00  0.00000000E+00  0.00000000E+00  0.00000000E+00  0.00000000E+00  0.00000000E+00  0.00000000E+00  0.00000000E+00  0.00000000E+00  0.00000000E+00  0.00000000E+00  0.00000000E+00  0.00000000E+00  0.00000000E+00  0.00000000E+00  0.00000000E+00  0.00000000E+00  0.00000000E+00  0.00000000E+00
