# PIMCID: 70e3a439-024d-4062-bf5b-0640e6b539fb
#      0.000E+00       1.450E-02       2.900E-02       4.350E-02       5.800E-02       7.250E-02       8.700E-02       1.015E-01       1.160E-01       1.305E-01       1.450E-01       1.595E-01       1.740E-01       1.885E-01       2.030E-01       2.175E-01       2.320E-01       2.465E-01       2.610E-01       2.755E-01       2.900E-01       3.045E-01       3.190E-01       3.335E-01       3.480E-01       3.625E-01       3.770E-01       3.915E-01       4.060E-01       4.205E-01       4.350E-01       4.495E-01       4.640E-01       4.785E-01       4.930E-01       5.075E-01       5.220E-01       5.365E-01       5.510E-01       5.655E-01       5.800E-01       5.945E-01       6.090E-01       6.235E-01       6.380E-01       6.525E-01       6.670E-01       6.815E-01       6.960E-01       7.105E-01       7.250E-01       7.395E-01       7.540E-01       7.685E-01       7.830E-01       7.975E-01       8.120E-01       8.265E-01       8.410E-01       8.555E-01       8.700E-01       8.845E-01       8.990E-01       9.135E-01       9.280E-01       9.425E-01       9.570E-01       9.715E-01       9.860E-01       1.000E+00       1.015E+00       1.029E+00       1.044E+00       1.058E+00       1.073E+00       1.087E+00       1.102E+00       1.116E+00       1.131E+00       1.145E+00       1.160E+00       1.174E+00       1.189E+00       1.204E+00       1.218E+00       1.232E+00       1.247E+00       1.261E+00       1.276E+00       1.290E+00       1.305E+00       1.319E+00       1.334E+00       1.348E+00       1.363E+00       1.377E+00       1.392E+00       1.406E+00       1.421E+00       1.435E+00       1.450E+00       1.464E+00       1.479E+00       1.493E+00       1.508E+00       1.522E+00       1.537E+00       1.551E+00       1.566E+00       1.580E+00       1.595E+00       1.609E+00       1.624E+00       1.638E+00       1.653E+00       1.667E+00       1.682E+00       1.696E+00       1.711E+00       1.725E+00       1.740E+00       1.754E+00       1.769E+00       1.783E+00       1.798E+00       1.812E+00       1.827E+00       1.841E+00       1.856E+00       1.870E+00       1.885E+00       1.899E+00       1.914E+00       1.928E+00       1.943E+00       1.957E+00       1.972E+00       1.986E+00       2.001E+00       2.015E+00       2.030E+00       2.044E+00       2.059E+00       2.073E+00       2.088E+00       2.103E+00       2.117E+00       2.131E+00       2.146E+00       2.160E+00       2.175E+00       2.189E+00       2.204E+00       2.218E+00       2.233E+00       2.248E+00       2.262E+00       2.276E+00       2.291E+00       2.305E+00       2.320E+00       2.334E+00       2.349E+00       2.363E+00       2.378E+00       2.392E+00       2.407E+00       2.421E+00       2.436E+00       2.450E+00       2.465E+00       2.479E+00       2.494E+00       2.508E+00       2.523E+00       2.537E+00       2.552E+00       2.567E+00       2.581E+00       2.595E+00       2.610E+00       2.624E+00       2.639E+00       2.653E+00       2.668E+00       2.682E+00       2.697E+00       2.712E+00       2.726E+00       2.740E+00       2.755E+00       2.769E+00       2.784E+00       2.798E+00       2.813E+00       2.827E+00       2.842E+00       2.856E+00       2.871E+00       2.885E+00
  2.61805062E-01  2.62183732E-01  2.61378927E-01  2.60687427E-01  2.59933109E-01  2.58940230E-01  2.57306879E-01  2.55693226E-01  2.53902696E-01  2.51915182E-01  2.49603748E-01  2.47193835E-01  2.44514867E-01  2.41617918E-01  2.38658880E-01  2.35257097E-01  2.31730390E-01  2.28067757E-01  2.24417347E-01  2.20351672E-01  2.16179971E-01  2.11903975E-01  2.07350071E-01  2.02922608E-01  1.98097038E-01  1.93365980E-01  1.88423155E-01  1.83455763E-01  1.78361892E-01  1.73053892E-01  1.67715549E-01  1.62371633E-01  1.57025101E-01  1.51580293E-01  1.46027295E-01  1.40630197E-01  1.35146972E-01  1.29687861E-01  1.24216935E-01  1.18826941E-01  1.13387006E-01  1.08141290E-01  1.02763361E-01  9.76210907E-02  9.24636392E-02  8.74306331E-02  8.25309768E-02  7.76865699E-02  7.29909816E-02  6.84290116E-02  6.39926189E-02  5.96785651E-02  5.55258052E-02  5.15254973E-02  4.76794708E-02  4.40191605E-02  4.04849875E-02  3.71230649E-02  3.39369995E-02  3.09452686E-02  2.81155864E-02  2.54053830E-02  2.29157623E-02  2.05771935E-02  1.84204116E-02  1.63866305E-02  1.45054974E-02  1.28194833E-02  1.12675479E-02  9.83110457E-03  8.55055173E-03  7.38159607E-03  6.33659070E-03  5.40283725E-03  4.58127734E-03  3.86825204E-03  3.22370809E-03  2.67745937E-03  2.19308053E-03  1.78716258E-03  1.44193144E-03  1.15169735E-03  9.06810952E-04  7.05584218E-04  5.47757106E-04  4.15356238E-04  3.11125940E-04  2.32036310E-04  1.69266946E-04  1.21640809E-04  8.65871859E-05  6.01896146E-05  4.24433751E-05  2.83561960E-05  1.92036854E-05  1.22769587E-05  8.24609118E-06  4.92044599E-06  3.29127527E-06  1.98816419E-06  1.32602003E-06  7.07710013E-07  3.45529199E-07  1.83448603E-07  8.46132281E-08  5.26896737E-08  3.04573769E-08  1.77277676E-08  5.07054794E-09  1.60775730E-10  0.00000000E+00  0.00000000E+00  0.00000000E+00  0.00000000E+00  0.00000000E+00  0.00000000E+00  0.00000000E+00  0.00000000E+00  0.00000000E+00  0.00000000E+00  0.00000000E+00  0.00000000E+00  0.00000000E+00  0.00000000E+00  0.00000000E+00  0.00000000E+00  0.00000000E+00  0.00000000E+00  0.00000000E+00  0.00000000E+00  0.00000000E+00  0.00000000E+00  0.00000000E+00  0.00000000E+00  0.00000000E+00  0.00000000E+00  0.00000000E+00  0.00000000E+00  0.00000000E+00  0.00000000E+00  0.00000000E+00  0.00000000E+00  0.00000000E+00  0.00000000E+00  0.00000000E+00  0.00000000E+00  0.00000000E+00  0.00000000E+00  0.00000000E+00  0.00000000E+00  0.00000000E+00  0.00000000E+00  0.00000000E+00  0.00000000E+00  0.00000000E+00  0.00000000E+00  0.00000000E+00  0.00000000E+00  0.00000000E+00  0.00000000E+00  0.00000000E+00  0.00000000E+00  0.00000000E+00  0.00000000E+00  0.00000000E+00  0.00000000E+00  0.00000000E+00  0.00000000E+00  0.00000000E+00  0.00000000E+00  0.00000000E+00  0.00000000E+00  0.00000000E+00  0.00000000E+00  0.00000000E+00  0.00000000E+00  0.00000000E+00  0.00000000E+00  0.00000000E+00  0.00000000E+00  0.00000000E+00  0.00000000E+00  0.00000000E+00  0.00000000E+00  0.00000000E+00  0.00000000E+00  0.00000000E+00  0.00000000E+00  0.00000000E+00  0.00000000E+00  0.00000000E+00  0.00000000E+00  0.00000000E+00  0.00000000E+00  0.00000000E+00  0.00000000E+00  0.00000000E+00  0.00000000E+00  0.00000000E+00  0.00000000E+00
  2.63095739E-01  2.62298912E-01  2.60953748E-01  2.60667660E-01  2.59532894E-01  2.58997267E-01  2.57203678E-01  2.55760129E-01  2.53766615E-01  2.51866316E-01  2.49439363E-01  2.46922454E-01  2.44259226E-01  2.41477434E-01  2.38369371E-01  2.35276772E-01  2.31786305E-01  2.28122785E-01  2.24010854E-01  2.20339340E-01  2.16202285E-01  2.11651105E-01  2.07470191E-01  2.03006213E-01  1.98147879E-01  1.93303753E-01  1.88380801E-01  1.83250162E-01  1.78177428E-01  1.73068376E-01  1.67718374E-01  1.62347723E-01  1.57074130E-01  1.51585080E-01  1.46133865E-01  1.40614616E-01  1.35170844E-01  1.29752913E-01  1.24220774E-01  1.18820554E-01  1.13426374E-01  1.08072211E-01  1.02841658E-01  9.76527264E-02  9.25039616E-02  8.74405426E-02  8.25569549E-02  7.77334695E-02  7.30164023E-02  6.84676397E-02  6.40475743E-02  5.96984870E-02  5.55142039E-02  5.15663177E-02  4.76831517E-02  4.40072724E-02  4.04514753E-02  3.71434375E-02  3.39915338E-02  3.09410071E-02  2.81407789E-02  2.54328492E-02  2.29420954E-02  2.05862906E-02  1.84158805E-02  1.63847162E-02  1.45243119E-02  1.28194963E-02  1.12503179E-02  9.84826429E-03  8.55352594E-03  7.38985350E-03  6.34753513E-03  5.41365052E-03  4.57630779E-03  3.85552626E-03  3.23020629E-03  2.67524152E-03  2.19444763E-03  1.78299563E-03  1.44071828E-03  1.14890123E-03  9.08147337E-04  7.11060160E-04  5.50182047E-04  4.18746763E-04  3.14591343E-04  2.32959626E-04  1.70060694E-04  1.22939072E-04  8.61980864E-05  6.13243228E-05  4.22731161E-05  2.77979638E-05  1.89286653E-05  1.24535198E-05  8.11062666E-06  5.39470978E-06  3.30203531E-06  1.89391311E-06  1.22120365E-06  7.37862350E-07  3.86938070E-07  1.26727406E-07  1.09814843E-07  3.14356281E-08  1.87090550E-08  1.07609482E-08  7.82403578E-09  0.00000000E+00  0.00000000E+00  2.13020867E-09  0.00000000E+00  0.00000000E+00  0.00000000E+00  0.00000000E+00  0.00000000E+00  0.00000000E+00  0.00000000E+00  0.00000000E+00  0.00000000E+00  0.00000000E+00  0.00000000E+00  0.00000000E+00  0.00000000E+00  0.00000000E+00  0.00000000E+00  0.00000000E+00  0.00000000E+00  0.00000000E+00  0.00000000E+00  0.00000000E+00  0.00000000E+00  0.00000000E+00  0.00000000E+00  0.00000000E+00  0.00000000E+00  0.00000000E+00  0.00000000E+00  0.00000000E+00  0.00000000E+00  0.00000000E+00  0.00000000E+00  0.00000000E+00  0.00000000E+00  0.00000000E+00  0.00000000E+00  0.00000000E+00  0.00000000E+00  0.00000000E+00  0.00000000E+00  0.00000000E+00  0.00000000E+00  0.00000000E+00  0.00000000E+00  0.00000000E+00  0.00000000E+00  0.00000000E+00  0.00000000E+00  0.00000000E+00  0.00000000E+00  0.00000000E+00  0.00000000E+00  0.00000000E+00  0.00000000E+00  0.00000000E+00  0.00000000E+00  0.00000000E+00  0.00000000E+00  0.00000000E+00  0.00000000E+00  0.00000000E+00  0.00000000E+00  0.00000000E+00  0.00000000E+00  0.00000000E+00  0.00000000E+00  0.00000000E+00  0.00000000E+00  0.00000000E+00  0.00000000E+00  0.00000000E+00  0.00000000E+00  0.00000000E+00  0.00000000E+00  0.00000000E+00  0.00000000E+00  0.00000000E+00  0.00000000E+00  0.00000000E+00  0.00000000E+00  0.00000000E+00  0.00000000E+00  0.00000000E+00  0.00000000E+00  0.00000000E+00  0.00000000E+00  0.00000000E+00  0.00000000E+00  0.00000000E+00
  2.62866219E-01  2.62345782E-01  2.62030526E-01  2.61259931E-01  2.60182011E-01  2.58974550E-01  2.57647088E-01  2.56466224E-01  2.54194440E-01  2.52391616E-01  2.50173397E-01  2.47469996E-01  2.44759079E-01  2.42040204E-01  2.39030213E-01  2.35664334E-01  2.32073959E-01  2.28439088E-01  2.24732479E-01  2.20781745E-01  2.16694197E-01  2.12305748E-01  2.07884807E-01  2.03233742E-01  1.98580533E-01  1.93856872E-01  1.88853804E-01  1.83910078E-01  1.78706128E-01  1.73525841E-01  1.68194191E-01  1.62902399E-01  1.57493340E-01  1.52002013E-01  1.46544777E-01  1.41095804E-01  1.35644808E-01  1.30106521E-01  1.24615100E-01  1.19162144E-01  1.13851818E-01  1.08517075E-01  1.03246624E-01  9.79947800E-02  9.28543676E-02  8.78019854E-02  8.28794498E-02  7.80478362E-02  7.33019209E-02  6.87659895E-02  6.42762372E-02  5.99398301E-02  5.58103691E-02  5.17626476E-02  4.79254709E-02  4.42206108E-02  4.07035210E-02  3.73095337E-02  3.41597356E-02  3.11176764E-02  2.82576157E-02  2.55713289E-02  2.30462556E-02  2.06992316E-02  1.85354916E-02  1.65026476E-02  1.46012555E-02  1.28998849E-02  1.13242336E-02  9.90721362E-03  8.61192539E-03  7.43287423E-03  6.38431049E-03  5.45138231E-03  4.61358278E-03  3.88225035E-03  3.25023736E-03  2.68523008E-03  2.20575306E-03  1.80105432E-03  1.45033763E-03  1.15686474E-03  9.16140068E-04  7.15042146E-04  5.49940468E-04  4.18675187E-04  3.15250340E-04  2.34201983E-04  1.72138397E-04  1.21640538E-04  8.83151571E-05  6.06804402E-05  4.20444977E-05  2.88745487E-05  1.89967491E-05  1.28294083E-05  8.24539714E-06  5.26233013E-06  3.26102078E-06  2.00200012E-06  1.10054377E-06  7.22357847E-07  3.49752072E-07  2.17114038E-07  1.03862829E-07  5.45604828E-08  1.82634193E-08  8.20947843E-09  5.50347684E-09  5.21263369E-10  0.00000000E+00  0.00000000E+00  0.00000000E+00  0.00000000E+00  0.00000000E+00  0.00000000E+00  0.00000000E+00  0.00000000E+00  0.00000000E+00  0.00000000E+00  0.00000000E+00  0.00000000E+00  0.00000000E+00  0.00000000E+00  0.00000000E+00  0.00000000E+00  0.00000000E+00  0.00000000E+00  0.00000000E+00  0.00000000E+00  0.00000000E+00  0.00000000E+00  0.00000000E+00  0.00000000E+00  0.00000000E+00  0.00000000E+00  0.00000000E+00  0.00000000E+00  0.00000000E+00  0.00000000E+00  0.00000000E+00  0.00000000E+00  0.00000000E+00  0.00000000E+00  0.00000000E+00  0.00000000E+00  0.00000000E+00  0.00000000E+00  0.00000000E+00  0.00000000E+00  0.00000000E+00  0.00000000E+00  0.00000000E+00  0.00000000E+00  0.00000000E+00  0.00000000E+00  0.00000000E+00  0.00000000E+00  0.00000000E+00  0.00000000E+00  0.00000000E+00  0.00000000E+00  0.00000000E+00  0.00000000E+00  0.00000000E+00  0.00000000E+00  0.00000000E+00  0.00000000E+00  0.00000000E+00  0.00000000E+00  0.00000000E+00  0.00000000E+00  0.00000000E+00  0.00000000E+00  0.00000000E+00  0.00000000E+00  0.00000000E+00  0.00000000E+00  0.00000000E+00  0.00000000E+00  0.00000000E+00  0.00000000E+00  0.00000000E+00  0.00000000E+00  0.00000000E+00  0.00000000E+00  0.00000000E+00  0.00000000E+00  0.00000000E+00  0.00000000E+00  0.00000000E+00  0.00000000E+00  0.00000000E+00  0.00000000E+00  0.00000000E+00  0.00000000E+00  0.00000000E+00  0.00000000E+00  0.00000000E+00  0.00000000E+00
  2.62422161E-01  2.61846786E-01  2.61075393E-01  2.60610702E-01  2.59460998E-01  2.58570017E-01  2.57446629E-01  2.55451371E-01  2.53753226E-01  2.51623356E-01  2.49436122E-01  2.46891325E-01  2.44172643E-01  2.41433422E-01  2.38271660E-01  2.35030947E-01  2.31693777E-01  2.28179359E-01  2.24334942E-01  2.20322308E-01  2.16161554E-01  2.11914530E-01  2.07337646E-01  2.02763845E-01  1.98155865E-01  1.93347025E-01  1.88383068E-01  1.83361351E-01  1.78255021E-01  1.72999070E-01  1.67722302E-01  1.62372726E-01  1.56993991E-01  1.51627871E-01  1.46163962E-01  1.40667312E-01  1.35260435E-01  1.29749216E-01  1.24282321E-01  1.18802425E-01  1.13494830E-01  1.08161480E-01  1.02844071E-01  9.76510034E-02  9.25309175E-02  8.74594708E-02  8.25210070E-02  7.77439222E-02  7.30122525E-02  6.84581404E-02  6.39983332E-02  5.97215384E-02  5.55808814E-02  5.15590111E-02  4.76587819E-02  4.40397793E-02  4.04717863E-02  3.71618497E-02  3.39759289E-02  3.09265103E-02  2.81287337E-02  2.54094459E-02  2.29295032E-02  2.05908325E-02  1.83979628E-02  1.64013553E-02  1.45414338E-02  1.28338827E-02  1.12562120E-02  9.81874535E-03  8.53392267E-03  7.39787356E-03  6.32878992E-03  5.39851772E-03  4.58126145E-03  3.85460984E-03  3.22216280E-03  2.66431804E-03  2.19956346E-03  1.79165066E-03  1.43321745E-03  1.14725072E-03  9.04216875E-04  7.03828057E-04  5.47952186E-04  4.13126923E-04  3.11959601E-04  2.29970733E-04  1.69379582E-04  1.21642650E-04  8.57454359E-05  6.04704628E-05  4.15248652E-05  2.80855383E-05  1.91355091E-05  1.25549201E-05  8.41319710E-06  5.50283615E-06  3.19462314E-06  2.11010701E-06  1.20943475E-06  7.63828854E-07  4.34293192E-07  2.30554427E-07  8.03120887E-08  5.69407765E-08  1.62630788E-08  2.52893987E-09  1.73777680E-09  4.08452285E-09  1.07141264E-09  4.71912692E-10  0.00000000E+00  0.00000000E+00  0.00000000E+00  0.00000000E+00  0.00000000E+00  0.00000000E+00  0.00000000E+00  0.00000000E+00  0.00000000E+00  0.00000000E+00  0.00000000E+00  0.00000000E+00  0.00000000E+00  0.00000000E+00  0.00000000E+00  0.00000000E+00  0.00000000E+00  0.00000000E+00  0.00000000E+00  0.00000000E+00  0.00000000E+00  0.00000000E+00  0.00000000E+00  0.00000000E+00  0.00000000E+00  0.00000000E+00  0.00000000E+00  0.00000000E+00  0.00000000E+00  0.00000000E+00  0.00000000E+00  0.00000000E+00  0.00000000E+00  0.00000000E+00  0.00000000E+00  0.00000000E+00  0.00000000E+00  0.00000000E+00  0.00000000E+00  0.00000000E+00  0.00000000E+00  0.00000000E+00  0.00000000E+00  0.00000000E+00  0.00000000E+00  0.00000000E+00  0.00000000E+00  0.00000000E+00  0.00000000E+00  0.00000000E+00  0.00000000E+00  0.00000000E+00  0.00000000E+00  0.00000000E+00  0.00000000E+00  0.00000000E+00  0.00000000E+00  0.00000000E+00  0.00000000E+00  0.00000000E+00  0.00000000E+00  0.00000000E+00  0.00000000E+00  0.00000000E+00  0.00000000E+00  0.00000000E+00  0.00000000E+00  0.00000000E+00  0.00000000E+00  0.00000000E+00  0.00000000E+00  0.00000000E+00  0.00000000E+00  0.00000000E+00  0.00000000E+00  0.00000000E+00  0.00000000E+00  0.00000000E+00  0.00000000E+00  0.00000000E+00  0.00000000E+00  0.00000000E+00  0.00000000E+00  0.00000000E+00  0.00000000E+00  0.00000000E+00  0.00000000E+00  0.00000000E+00
  2.61881753E-01  2.61899535E-01  2.61115095E-01  2.60733330E-01  2.59993212E-01  2.58743822E-01  2.57268957E-01  2.55541076E-01  2.53830171E-01  2.51745256E-01  2.49531196E-01  2.47078881E-01  2.44412687E-01  2.41519303E-01  2.38427335E-01  2.35228696E-01  2.31678225E-01  2.28104117E-01  2.24338532E-01  2.20340343E-01  2.16193782E-01  2.11785921E-01  2.07304935E-01  2.02852744E-01  1.98157423E-01  1.93427119E-01  1.88414600E-01  1.83398669E-01  1.78274287E-01  1.73019524E-01  1.67744627E-01  1.62338787E-01  1.57113881E-01  1.51510362E-01  1.46163782E-01  1.40646742E-01  1.35166982E-01  1.29667974E-01  1.24225208E-01  1.18789648E-01  1.13424755E-01  1.08092992E-01  1.02839011E-01  9.75491384E-02  9.24995271E-02  8.74877709E-02  8.25423169E-02  7.77210437E-02  7.30027357E-02  6.84152798E-02  6.39847336E-02  5.97127089E-02  5.55056066E-02  5.15577927E-02  4.77021965E-02  4.40050261E-02  4.04994824E-02  3.71538965E-02  3.39845810E-02  3.09687745E-02  2.80921532E-02  2.54343894E-02  2.29150318E-02  2.05893106E-02  1.84140231E-02  1.63984213E-02  1.45215896E-02  1.28182961E-02  1.12623149E-02  9.83702475E-03  8.54873944E-03  7.38604464E-03  6.34268498E-03  5.41062506E-03  4.57905386E-03  3.85414362E-03  3.22695900E-03  2.67966702E-03  2.19073591E-03  1.78862065E-03  1.44077419E-03  1.15522954E-03  9.07253954E-04  7.09914044E-04  5.47368225E-04  4.14251955E-04  3.14051656E-04  2.30861685E-04  1.68944492E-04  1.21951493E-04  8.58642361E-05  5.96976032E-05  4.11532134E-05  2.87708304E-05  1.89012212E-05  1.25093035E-05  8.33794243E-06  5.27594428E-06  3.30835522E-06  1.76649230E-06  1.14143379E-06  6.72825096E-07  4.32136731E-07  2.19174869E-07  9.46656939E-08  7.63930436E-08  2.26323831E-08  2.09051977E-09  1.04374871E-08  0.00000000E+00  0.00000000E+00  0.00000000E+00  0.00000000E+00  0.00000000E+00  0.00000000E+00  0.00000000E+00  0.00000000E+00  0.00000000E+00  0.00000000E+00  0.00000000E+00  0.00000000E+00  0.00000000E+00  0.00000000E+00  0.00000000E+00  0.00000000E+00  0.00000000E+00  0.00000000E+00  0.00000000E+00  0.00000000E+00  0.00000000E+00  0.00000000E+00  0.00000000E+00  0.00000000E+00  0.00000000E+00  0.00000000E+00  0.00000000E+00  0.00000000E+00  0.00000000E+00  0.00000000E+00  0.00000000E+00  0.00000000E+00  0.00000000E+00  0.00000000E+00  0.00000000E+00  0.00000000E+00  0.00000000E+00  0.00000000E+00  0.00000000E+00  0.00000000E+00  0.00000000E+00  0.00000000E+00  0.00000000E+00  0.00000000E+00  0.00000000E+00  0.00000000E+00  0.00000000E+00  0.00000000E+00  0.00000000E+00  0.00000000E+00  0.00000000E+00  0.00000000E+00  0.00000000E+00  0.00000000E+00  0.00000000E+00  0.00000000E+00  0.00000000E+00  0.00000000E+00  0.00000000E+00  0.00000000E+00  0.00000000E+00  0.00000000E+00  0.00000000E+00  0.00000000E+00  0.00000000E+00  0.00000000E+00  0.00000000E+00  0.00000000E+00  0.00000000E+00  0.00000000E+00  0.00000000E+00  0.00000000E+00  0.00000000E+00  0.00000000E+00  0.00000000E+00  0.00000000E+00  0.00000000E+00  0.00000000E+00  0.00000000E+00  0.00000000E+00  0.00000000E+00  0.00000000E+00  0.00000000E+00  0.00000000E+00  0.00000000E+00  0.00000000E+00  0.00000000E+00  0.00000000E+00  0.00000000E+00  0.00000000E+00  0.00000000E+00
  2.62826571E-01  2.62083719E-01  2.61433376E-01  2.60661699E-01  2.59688479E-01  2.58745529E-01  2.57205349E-01  2.55514955E-01  2.53576974E-01  2.51752128E-01  2.49423114E-01  2.47033318E-01  2.44203108E-01  2.41403025E-01  2.38395965E-01  2.35208334E-01  2.31731780E-01  2.28104626E-01  2.24304265E-01  2.20350850E-01  2.16206643E-01  2.11887300E-01  2.07489219E-01  2.02810129E-01  1.98163306E-01  1.93295032E-01  1.88353666E-01  1.83331787E-01  1.78256144E-01  1.72933153E-01  1.67651284E-01  1.62400018E-01  1.56908782E-01  1.51522533E-01  1.46072301E-01  1.40591560E-01  1.35150579E-01  1.29687339E-01  1.24181354E-01  1.18882711E-01  1.13460017E-01  1.08093351E-01  1.02813647E-01  9.76737815E-02  9.25142218E-02  8.74498816E-02  8.25620773E-02  7.76898983E-02  7.30577307E-02  6.84605039E-02  6.40350362E-02  5.97059305E-02  5.55927642E-02  5.15711928E-02  4.76799689E-02  4.40457735E-02  4.05233798E-02  3.71201253E-02  3.39646270E-02  3.09580128E-02  2.81120699E-02  2.54543113E-02  2.29245812E-02  2.05866599E-02  1.84385129E-02  1.64076697E-02  1.45475677E-02  1.28491822E-02  1.12543127E-02  9.84265254E-03  8.53785229E-03  7.38561369E-03  6.33492770E-03  5.41671726E-03  4.59016058E-03  3.86475536E-03  3.22246838E-03  2.66430141E-03  2.18706278E-03  1.79003771E-03  1.44801881E-03  1.14877213E-03  9.07603694E-04  7.09399735E-04  5.44531379E-04  4.18957469E-04  3.12217658E-04  2.32708592E-04  1.69052925E-04  1.22656561E-04  8.55723465E-05  5.95886917E-05  4.18801484E-05  2.83235034E-05  1.91058233E-05  1.29472139E-05  8.29379143E-06  5.15133943E-06  3.35036976E-06  2.07566219E-06  1.20932853E-06  6.08767826E-07  4.15040511E-07  2.18209754E-07  1.19033270E-07  5.07333583E-08  1.99622743E-08  1.43308542E-08  1.66328478E-09  1.72848984E-09  1.11534249E-09  2.88177779E-09  0.00000000E+00  0.00000000E+00  0.00000000E+00  0.00000000E+00  0.00000000E+00  0.00000000E+00  0.00000000E+00  0.00000000E+00  0.00000000E+00  0.00000000E+00  0.00000000E+00  0.00000000E+00  0.00000000E+00  0.00000000E+00  0.00000000E+00  0.00000000E+00  0.00000000E+00  0.00000000E+00  0.00000000E+00  0.00000000E+00  0.00000000E+00  0.00000000E+00  0.00000000E+00  0.00000000E+00  0.00000000E+00  0.00000000E+00  0.00000000E+00  0.00000000E+00  0.00000000E+00  0.00000000E+00  0.00000000E+00  0.00000000E+00  0.00000000E+00  0.00000000E+00  0.00000000E+00  0.00000000E+00  0.00000000E+00  0.00000000E+00  0.00000000E+00  0.00000000E+00  0.00000000E+00  0.00000000E+00  0.00000000E+00  0.00000000E+00  0.00000000E+00  0.00000000E+00  0.00000000E+00  0.00000000E+00  0.00000000E+00  0.00000000E+00  0.00000000E+00  0.00000000E+00  0.00000000E+00  0.00000000E+00  0.00000000E+00  0.00000000E+00  0.00000000E+00  0.00000000E+00  0.00000000E+00  0.00000000E+00  0.00000000E+00  0.00000000E+00  0.00000000E+00  0.00000000E+00  0.00000000E+00  0.00000000E+00  0.00000000E+00  0.00000000E+00  0.00000000E+00  0.00000000E+00  0.00000000E+00  0.00000000E+00  0.00000000E+00  0.00000000E+00  0.00000000E+00  0.00000000E+00  0.00000000E+00  0.00000000E+00  0.00000000E+00  0.00000000E+00  0.00000000E+00  0.00000000E+00  0.00000000E+00  0.00000000E+00  0.00000000E+00  0.00000000E+00  0.00000000E+00  0.00000000E+00
  2.61930276E-01  2.61954239E-01  2.61827234E-01  2.61079308E-01  2.59773059E-01  2.58684434E-01  2.57430838E-01  2.55992075E-01  2.54069537E-01  2.52025534E-01  2.49844260E-01  2.47111092E-01  2.44573995E-01  2.41567017E-01  2.38736119E-01  2.35331766E-01  2.31727803E-01  2.28191726E-01  2.24277745E-01  2.20359971E-01  2.16163808E-01  2.11793909E-01  2.07374269E-01  2.02851246E-01  1.98174810E-01  1.93434675E-01  1.88346839E-01  1.83315049E-01  1.78279015E-01  1.73045384E-01  1.67613486E-01  1.62297238E-01  1.57055341E-01  1.51542185E-01  1.46083072E-01  1.40583635E-01  1.35207001E-01  1.29755592E-01  1.24218444E-01  1.18797804E-01  1.13483391E-01  1.08087847E-01  1.02830128E-01  9.76153461E-02  9.24916618E-02  8.74569127E-02  8.24469339E-02  7.77111002E-02  7.29611764E-02  6.84763927E-02  6.40173825E-02  5.97267540E-02  5.55052601E-02  5.14791836E-02  4.76829870E-02  4.40309727E-02  4.04647028E-02  3.71255084E-02  3.39435832E-02  3.09101377E-02  2.81106697E-02  2.54262976E-02  2.29251424E-02  2.05793404E-02  1.83734369E-02  1.63899515E-02  1.45204718E-02  1.28208680E-02  1.12601947E-02  9.84270390E-03  8.55017127E-03  7.38071171E-03  6.33280206E-03  5.40381522E-03  4.57987971E-03  3.85746251E-03  3.21842720E-03  2.66962265E-03  2.19076594E-03  1.78657891E-03  1.43571095E-03  1.14778156E-03  9.06458241E-04  7.07915797E-04  5.48777166E-04  4.16264212E-04  3.13078379E-04  2.33532976E-04  1.72224267E-04  1.23158889E-04  8.78447909E-05  6.14890417E-05  4.08076759E-05  2.83449435E-05  1.89588822E-05  1.23902208E-05  7.96178685E-06  5.37458182E-06  3.20260494E-06  1.99875038E-06  1.27401897E-06  7.13161023E-07  3.74401233E-07  2.55117931E-07  7.94522432E-08  5.26602077E-08  2.91320555E-08  4.20465225E-09  1.05158633E-09  0.00000000E+00  0.00000000E+00  0.00000000E+00  0.00000000E+00  0.00000000E+00  0.00000000E+00  0.00000000E+00  0.00000000E+00  0.00000000E+00  0.00000000E+00  0.00000000E+00  0.00000000E+00  0.00000000E+00  0.00000000E+00  0.00000000E+00  0.00000000E+00  0.00000000E+00  0.00000000E+00  0.00000000E+00  0.00000000E+00  0.00000000E+00  0.00000000E+00  0.00000000E+00  0.00000000E+00  0.00000000E+00  0.00000000E+00  0.00000000E+00  0.00000000E+00  0.00000000E+00  0.00000000E+00  0.00000000E+00  0.00000000E+00  0.00000000E+00  0.00000000E+00  0.00000000E+00  0.00000000E+00  0.00000000E+00  0.00000000E+00  0.00000000E+00  0.00000000E+00  0.00000000E+00  0.00000000E+00  0.00000000E+00  0.00000000E+00  0.00000000E+00  0.00000000E+00  0.00000000E+00  0.00000000E+00  0.00000000E+00  0.00000000E+00  0.00000000E+00  0.00000000E+00  0.00000000E+00  0.00000000E+00  0.00000000E+00  0.00000000E+00  0.00000000E+00  0.00000000E+00  0.00000000E+00  0.00000000E+00  0.00000000E+00  0.00000000E+00  0.00000000E+00  0.00000000E+00  0.00000000E+00  0.00000000E+00  0.00000000E+00  0.00000000E+00  0.00000000E+00  0.00000000E+00  0.00000000E+00  0.00000000E+00  0.00000000E+00  0.00000000E+00  0.00000000E+00  0.00000000E+00  0.00000000E+00  0.00000000E+00  0.00000000E+00  0.00000000E+00  0.00000000E+00  0.00000000E+00  0.00000000E+00  0.00000000E+00  0.00000000E+00  0.00000000E+00  0.00000000E+00  0.00000000E+00  0.00000000E+00  0.00000000E+00  0.00000000E+00
  2.62470143E-01  2.62813543E-01  2.61875023E-01  2.61147701E-01  2.59952859E-01  2.58978563E-01  2.57565635E-01  2.55972139E-01  2.54202131E-01  2.51879751E-01  2.49592110E-01  2.47232478E-01  2.44460184E-01  2.41698874E-01  2.38670865E-01  2.35310711E-01  2.31974832E-01  2.28180814E-01  2.24450682E-01  2.20303578E-01  2.16092859E-01  2.11847758E-01  2.07428761E-01  2.02823625E-01  1.98184166E-01  1.93412605E-01  1.88474872E-01  1.83300369E-01  1.78219836E-01  1.73040021E-01  1.67762308E-01  1.62394563E-01  1.57027375E-01  1.51601099E-01  1.46120945E-01  1.40611748E-01  1.35112417E-01  1.29689324E-01  1.24216808E-01  1.18746595E-01  1.13384423E-01  1.08065035E-01  1.02873904E-01  9.75682096E-02  9.24633361E-02  8.73626179E-02  8.25173353E-02  7.76192403E-02  7.29449818E-02  6.83825184E-02  6.39539763E-02  5.96811988E-02  5.55781497E-02  5.15036459E-02  4.77110000E-02  4.39426338E-02  4.04333095E-02  3.71424174E-02  3.39533752E-02  3.09371279E-02  2.80709934E-02  2.54308604E-02  2.29227688E-02  2.06053752E-02  1.84105489E-02  1.63844508E-02  1.45554668E-02  1.28103744E-02  1.12726788E-02  9.84502579E-03  8.55129724E-03  7.38843138E-03  6.34316564E-03  5.41255639E-03  4.57877582E-03  3.86299162E-03  3.21978808E-03  2.67288912E-03  2.19404014E-03  1.78504545E-03  1.43674186E-03  1.15273654E-03  9.04007483E-04  7.09421377E-04  5.47802946E-04  4.14690672E-04  3.12645090E-04  2.32345671E-04  1.70928784E-04  1.23519249E-04  8.65157199E-05  6.11397710E-05  4.20949504E-05  2.88412216E-05  1.92728473E-05  1.28319530E-05  8.07127152E-06  5.42020920E-06  3.25001058E-06  1.86470116E-06  1.15055052E-06  7.02621871E-07  3.86052012E-07  2.13908694E-07  1.26529111E-07  3.97245081E-08  3.15636179E-08  5.71514414E-09  4.69176086E-09  2.00384213E-10  3.57427405E-10  1.18073926E-10  1.71635757E-09  0.00000000E+00  0.00000000E+00  0.00000000E+00  0.00000000E+00  0.00000000E+00  0.00000000E+00  0.00000000E+00  0.00000000E+00  0.00000000E+00  0.00000000E+00  0.00000000E+00  0.00000000E+00  0.00000000E+00  0.00000000E+00  0.00000000E+00  0.00000000E+00  0.00000000E+00  0.00000000E+00  0.00000000E+00  0.00000000E+00  0.00000000E+00  0.00000000E+00  0.00000000E+00  0.00000000E+00  0.00000000E+00  0.00000000E+00  0.00000000E+00  0.00000000E+00  0.00000000E+00  0.00000000E+00  0.00000000E+00  0.00000000E+00  0.00000000E+00  0.00000000E+00  0.00000000E+00  0.00000000E+00  0.00000000E+00  0.00000000E+00  0.00000000E+00  0.00000000E+00  0.00000000E+00  0.00000000E+00  0.00000000E+00  0.00000000E+00  0.00000000E+00  0.00000000E+00  0.00000000E+00  0.00000000E+00  0.00000000E+00  0.00000000E+00  0.00000000E+00  0.00000000E+00  0.00000000E+00  0.00000000E+00  0.00000000E+00  0.00000000E+00  0.00000000E+00  0.00000000E+00  0.00000000E+00  0.00000000E+00  0.00000000E+00  0.00000000E+00  0.00000000E+00  0.00000000E+00  0.00000000E+00  0.00000000E+00  0.00000000E+00  0.00000000E+00  0.00000000E+00  0.00000000E+00  0.00000000E+00  0.00000000E+00  0.00000000E+00  0.00000000E+00  0.00000000E+00  0.00000000E+00  0.00000000E+00  0.00000000E+00  0.00000000E+00  0.00000000E+00  0.00000000E+00  0.00000000E+00  0.00000000E+00  0.00000000E+00  0.00000000E+00  0.00000000E+00  0.00000000E+00
  2.62060427E-01  2.61681750E-01  2.61014254E-01  2.60578520E-01  2.59510720E-01  2.58582875E-01  2.57074004E-01  2.55381025E-01  2.53413047E-01  2.51646594E-01  2.49384111E-01  2.47010236E-01  2.44315944E-01  2.41304619E-01  2.38413115E-01  2.35109423E-01  2.31674400E-01  2.28062437E-01  2.24205532E-01  2.20353984E-01  2.16155487E-01  2.11846901E-01  2.07400018E-01  2.02731425E-01  1.98012363E-01  1.93293283E-01  1.88313968E-01  1.83298586E-01  1.78225117E-01  1.72948441E-01  1.67736648E-01  1.62292305E-01  1.56884440E-01  1.51533636E-01  1.46105642E-01  1.40678497E-01  1.35191653E-01  1.29723191E-01  1.24286718E-01  1.18775973E-01  1.13460153E-01  1.08128596E-01  1.02857815E-01  9.76892873E-02  9.24929487E-02  8.75201560E-02  8.25651685E-02  7.77100659E-02  7.30423818E-02  6.84998529E-02  6.40116208E-02  5.97109735E-02  5.55693074E-02  5.15768031E-02  4.77479069E-02  4.40220609E-02  4.05328953E-02  3.71576544E-02  3.39815302E-02  3.09537271E-02  2.80966535E-02  2.54833238E-02  2.29328018E-02  2.06112521E-02  1.84132699E-02  1.64132743E-02  1.45532075E-02  1.28453971E-02  1.12828639E-02  9.85354127E-03  8.56457136E-03  7.38626376E-03  6.34272178E-03  5.41279701E-03  4.58368445E-03  3.85672632E-03  3.22565142E-03  2.66476491E-03  2.19968947E-03  1.78839833E-03  1.44094878E-03  1.14965288E-03  9.09373698E-04  7.11314790E-04  5.48156029E-04  4.20998564E-04  3.15236781E-04  2.31420651E-04  1.69558985E-04  1.22638170E-04  8.58356363E-05  6.11063186E-05  4.14463450E-05  2.87094885E-05  1.88489494E-05  1.22404993E-05  8.03661128E-06  5.17157191E-06  3.24264928E-06  2.00408491E-06  1.27459660E-06  6.64028274E-07  3.81995410E-07  1.65569304E-07  1.12224544E-07  4.36896529E-08  3.14384358E-08  1.31205528E-08  0.00000000E+00  6.82166469E-09  0.00000000E+00  0.00000000E+00  0.00000000E+00  0.00000000E+00  0.00000000E+00  0.00000000E+00  0.00000000E+00  0.00000000E+00  0.00000000E+00  0.00000000E+00  0.00000000E+00  0.00000000E+00  0.00000000E+00  0.00000000E+00  0.00000000E+00  0.00000000E+00  0.00000000E+00  0.00000000E+00  0.00000000E+00  0.00000000E+00  0.00000000E+00  0.00000000E+00  0.00000000E+00  0.00000000E+00  0.00000000E+00  0.00000000E+00  0.00000000E+00  0.00000000E+00  0.00000000E+00  0.00000000E+00  0.00000000E+00  0.00000000E+00  0.00000000E+00  0.00000000E+00  0.00000000E+00  0.00000000E+00  0.00000000E+00  0.00000000E+00  0.00000000E+00  0.00000000E+00  0.00000000E+00  0.00000000E+00  0.00000000E+00  0.00000000E+00  0.00000000E+00  0.00000000E+00  0.00000000E+00  0.00000000E+00  0.00000000E+00  0.00000000E+00  0.00000000E+00  0.00000000E+00  0.00000000E+00  0.00000000E+00  0.00000000E+00  0.00000000E+00  0.00000000E+00  0.00000000E+00  0.00000000E+00  0.00000000E+00  0.00000000E+00  0.00000000E+00  0.00000000E+00  0.00000000E+00  0.00000000E+00  0.00000000E+00  0.00000000E+00  0.00000000E+00  0.00000000E+00  0.00000000E+00  0.00000000E+00  0.00000000E+00  0.00000000E+00  0.00000000E+00  0.00000000E+00  0.00000000E+00  0.00000000E+00  0.00000000E+00  0.00000000E+00  0.00000000E+00  0.00000000E+00  0.00000000E+00  0.00000000E+00  0.00000000E+00  0.00000000E+00  0.00000000E+00  0.00000000E+00  0.00000000E+00  0.00000000E+00  0.00000000E+00
  2.61558104E-01  2.61929227E-01  2.61305579E-01  2.60522708E-01  2.60111304E-01  2.58228009E-01  2.57081396E-01  2.55387856E-01  2.53866869E-01  2.51792665E-01  2.49466104E-01  2.46880205E-01  2.44534083E-01  2.41619358E-01  2.38638833E-01  2.35343138E-01  2.31456396E-01  2.28067814E-01  2.24069039E-01  2.20149144E-01  2.16152834E-01  2.11826307E-01  2.07386524E-01  2.02771340E-01  1.98116203E-01  1.93381319E-01  1.88355072E-01  1.83414766E-01  1.78145154E-01  1.73026995E-01  1.67695703E-01  1.62296392E-01  1.57062126E-01  1.51627943E-01  1.46141961E-01  1.40644603E-01  1.35152516E-01  1.29754897E-01  1.24248825E-01  1.18847726E-01  1.13501177E-01  1.08161129E-01  1.02903026E-01  9.77003794E-02  9.25071506E-02  8.74805044E-02  8.25494230E-02  7.77397867E-02  7.29828575E-02  6.84942777E-02  6.40039180E-02  5.97163299E-02  5.55879197E-02  5.15436594E-02  4.76941605E-02  4.40004721E-02  4.04579265E-02  3.71356588E-02  3.39477297E-02  3.09429288E-02  2.81160266E-02  2.53960093E-02  2.29153460E-02  2.05829694E-02  1.84206808E-02  1.63728146E-02  1.45278987E-02  1.28219492E-02  1.12415017E-02  9.84659215E-03  8.52884565E-03  7.39724874E-03  6.33761669E-03  5.40892527E-03  4.59662996E-03  3.86259450E-03  3.22140181E-03  2.66923471E-03  2.18937021E-03  1.78745447E-03  1.44394020E-03  1.15920841E-03  9.11807999E-04  7.09682630E-04  5.45103796E-04  4.17850047E-04  3.15741318E-04  2.33873710E-04  1.69339270E-04  1.22875172E-04  8.50572823E-05  6.07089444E-05  4.21560023E-05  2.86856007E-05  1.94296152E-05  1.25510302E-05  8.26043698E-06  5.50407875E-06  2.95828960E-06  1.81665916E-06  1.15834383E-06  7.85008237E-07  3.23716192E-07  2.31258850E-07  1.49612865E-07  5.15187001E-08  5.76267989E-09  5.21620391E-09  1.21674832E-08  0.00000000E+00  5.19445965E-10  0.00000000E+00  0.00000000E+00  0.00000000E+00  0.00000000E+00  0.00000000E+00  0.00000000E+00  0.00000000E+00  0.00000000E+00  0.00000000E+00  0.00000000E+00  0.00000000E+00  0.00000000E+00  0.00000000E+00  0.00000000E+00  0.00000000E+00  0.00000000E+00  0.00000000E+00  0.00000000E+00  0.00000000E+00  0.00000000E+00  0.00000000E+00  0.00000000E+00  0.00000000E+00  0.00000000E+00  0.00000000E+00  0.00000000E+00  0.00000000E+00  0.00000000E+00  0.00000000E+00  0.00000000E+00  0.00000000E+00  0.00000000E+00  0.00000000E+00  0.00000000E+00  0.00000000E+00  0.00000000E+00  0.00000000E+00  0.00000000E+00  0.00000000E+00  0.00000000E+00  0.00000000E+00  0.00000000E+00  0.00000000E+00  0.00000000E+00  0.00000000E+00  0.00000000E+00  0.00000000E+00  0.00000000E+00  0.00000000E+00  0.00000000E+00  0.00000000E+00  0.00000000E+00  0.00000000E+00  0.00000000E+00  0.00000000E+00  0.00000000E+00  0.00000000E+00  0.00000000E+00  0.00000000E+00  0.00000000E+00  0.00000000E+00  0.00000000E+00  0.00000000E+00  0.00000000E+00  0.00000000E+00  0.00000000E+00  0.00000000E+00  0.00000000E+00  0.00000000E+00  0.00000000E+00  0.00000000E+00  0.00000000E+00  0.00000000E+00  0.00000000E+00  0.00000000E+00  0.00000000E+00  0.00000000E+00  0.00000000E+00  0.00000000E+00  0.00000000E+00  0.00000000E+00  0.00000000E+00  0.00000000E+00  0.00000000E+00  0.00000000E+00  0.00000000E+00  0.00000000E+00  0.00000000E+00  0.00000000E+00
  2.62312639E-01  2.61556347E-01  2.61696470E-01  2.61001328E-01  2.60156793E-01  2.58962399E-01  2.57372710E-01  2.55934055E-01  2.54013111E-01  2.51828879E-01  2.49695185E-01  2.47076153E-01  2.44564622E-01  2.41812627E-01  2.38461351E-01  2.35067888E-01  2.31650185E-01  2.28183599E-01  2.24355834E-01  2.20282642E-01  2.16184310E-01  2.11798419E-01  2.07475984E-01  2.03004743E-01  1.98208723E-01  1.93425546E-01  1.88393630E-01  1.83410808E-01  1.78190648E-01  1.73062735E-01  1.67815363E-01  1.62467563E-01  1.57018146E-01  1.51558963E-01  1.46115374E-01  1.40614430E-01  1.35158340E-01  1.29629633E-01  1.24258314E-01  1.18788616E-01  1.13385179E-01  1.08052296E-01  1.02809860E-01  9.76148443E-02  9.24811735E-02  8.74399855E-02  8.24636424E-02  7.76632123E-02  7.30086851E-02  6.83971367E-02  6.40103780E-02  5.96729065E-02  5.55742508E-02  5.15215066E-02  4.76458620E-02  4.39720178E-02  4.04477605E-02  3.71272465E-02  3.39596370E-02  3.09378335E-02  2.81079537E-02  2.54279966E-02  2.29227800E-02  2.05943134E-02  1.83941114E-02  1.63914136E-02  1.45380383E-02  1.28330117E-02  1.12619719E-02  9.82539933E-03  8.55326026E-03  7.37694490E-03  6.33501484E-03  5.40442597E-03  4.57834161E-03  3.86407961E-03  3.22540731E-03  2.67086375E-03  2.18987060E-03  1.78996109E-03  1.44092336E-03  1.14752915E-03  9.04335023E-04  7.05964766E-04  5.48434332E-04  4.15999936E-04  3.13057679E-04  2.33571087E-04  1.69354036E-04  1.21006588E-04  8.61607100E-05  6.02426128E-05  4.29239229E-05  2.85984789E-05  1.97221606E-05  1.29863416E-05  8.16442679E-06  5.03515483E-06  3.37715696E-06  2.06628996E-06  1.18152585E-06  7.07804986E-07  4.36027722E-07  2.55059230E-07  1.08895240E-07  5.08104912E-08  2.38269482E-08  0.00000000E+00  0.00000000E+00  0.00000000E+00  0.00000000E+00  0.00000000E+00  0.00000000E+00  0.00000000E+00  0.00000000E+00  0.00000000E+00  0.00000000E+00  0.00000000E+00  0.00000000E+00  0.00000000E+00  0.00000000E+00  0.00000000E+00  0.00000000E+00  0.00000000E+00  0.00000000E+00  0.00000000E+00  0.00000000E+00  0.00000000E+00  0.00000000E+00  0.00000000E+00  0.00000000E+00  0.00000000E+00  0.00000000E+00  0.00000000E+00  0.00000000E+00  0.00000000E+00  0.00000000E+00  0.00000000E+00  0.00000000E+00  0.00000000E+00  0.00000000E+00  0.00000000E+00  0.00000000E+00  0.00000000E+00  0.00000000E+00  0.00000000E+00  0.00000000E+00  0.00000000E+00  0.00000000E+00  0.00000000E+00  0.00000000E+00  0.00000000E+00  0.00000000E+00  0.00000000E+00  0.00000000E+00  0.00000000E+00  0.00000000E+00  0.00000000E+00  0.00000000E+00  0.00000000E+00  0.00000000E+00  0.00000000E+00  0.00000000E+00  0.00000000E+00  0.00000000E+00  0.00000000E+00  0.00000000E+00  0.00000000E+00  0.00000000E+00  0.00000000E+00  0.00000000E+00  0.00000000E+00  0.00000000E+00  0.00000000E+00  0.00000000E+00  0.00000000E+00  0.00000000E+00  0.00000000E+00  0.00000000E+00  0.00000000E+00  0.00000000E+00  0.00000000E+00  0.00000000E+00  0.00000000E+00  0.00000000E+00  0.00000000E+00  0.00000000E+00  0.00000000E+00  0.00000000E+00  0.00000000E+00  0.00000000E+00  0.00000000E+00  0.00000000E+00  0.00000000E+00  0.00000000E+00  0.00000000E+00  0.00000000E+00  0.00000000E+00  0.00000000E+00  0.00000000E+00
  2.65638182E-01  2.65298826E-01  2.65185233E-01  2.64741444E-01  2.63449454E-01  2.62253111E-01  2.60864980E-01  2.59413931E-01  2.57666449E-01  2.55577390E-01  2.53425283E-01  2.51014791E-01  2.48235548E-01  2.45436116E-01  2.42361673E-01  2.39091722E-01  2.35644666E-01  2.31987444E-01  2.28013961E-01  2.24223664E-01  2.20116586E-01  2.15776383E-01  2.11291688E-01  2.06677971E-01  2.02036800E-01  1.97065299E-01  1.92191262E-01  1.87141571E-01  1.81925163E-01  1.76768928E-01  1.71465903E-01  1.66049714E-01  1.60601777E-01  1.55149005E-01  1.49635856E-01  1.44135121E-01  1.38515771E-01  1.32997076E-01  1.27510690E-01  1.22016940E-01  1.16505028E-01  1.11128998E-01  1.05756358E-01  1.00428915E-01  9.52277326E-02  9.00571596E-02  8.50532179E-02  8.01077575E-02  7.53761909E-02  7.06768873E-02  6.61178524E-02  6.17065460E-02  5.74122696E-02  5.33326885E-02  4.93838290E-02  4.55719944E-02  4.19484654E-02  3.85035985E-02  3.52265889E-02  3.21216085E-02  2.91900225E-02  2.64171362E-02  2.38520613E-02  2.14256665E-02  1.91690032E-02  1.70836952E-02  1.51508200E-02  1.33795790E-02  1.17662832E-02  1.02710955E-02  8.92563199E-03  7.72078687E-03  6.62946695E-03  5.67112215E-03  4.79964518E-03  4.04453885E-03  3.37232865E-03  2.80174781E-03  2.29546306E-03  1.87725547E-03  1.51196422E-03  1.20721375E-03  9.56379963E-04  7.45043241E-04  5.77636891E-04  4.37902597E-04  3.28481838E-04  2.42326446E-04  1.77546348E-04  1.28563914E-04  8.99543383E-05  6.29504081E-05  4.35649640E-05  2.95890627E-05  1.97366264E-05  1.32815139E-05  8.84515705E-06  5.37752728E-06  3.46813014E-06  2.10951161E-06  1.14646719E-06  6.99644526E-07  4.17154937E-07  2.04676105E-07  9.06750383E-08  5.26003160E-08  2.05542306E-08  8.16153446E-09  7.31811322E-09  4.80747920E-10  0.00000000E+00  7.08186958E-10  0.00000000E+00  0.00000000E+00  0.00000000E+00  0.00000000E+00  0.00000000E+00  0.00000000E+00  0.00000000E+00  0.00000000E+00  0.00000000E+00  0.00000000E+00  0.00000000E+00  0.00000000E+00  0.00000000E+00  0.00000000E+00  0.00000000E+00  0.00000000E+00  0.00000000E+00  0.00000000E+00  0.00000000E+00  0.00000000E+00  0.00000000E+00  0.00000000E+00  0.00000000E+00  0.00000000E+00  0.00000000E+00  0.00000000E+00  0.00000000E+00  0.00000000E+00  0.00000000E+00  0.00000000E+00  0.00000000E+00  0.00000000E+00  0.00000000E+00  0.00000000E+00  0.00000000E+00  0.00000000E+00  0.00000000E+00  0.00000000E+00  0.00000000E+00  0.00000000E+00  0.00000000E+00  0.00000000E+00  0.00000000E+00  0.00000000E+00  0.00000000E+00  0.00000000E+00  0.00000000E+00  0.00000000E+00  0.00000000E+00  0.00000000E+00  0.00000000E+00  0.00000000E+00  0.00000000E+00  0.00000000E+00  0.00000000E+00  0.00000000E+00  0.00000000E+00  0.00000000E+00  0.00000000E+00  0.00000000E+00  0.00000000E+00  0.00000000E+00  0.00000000E+00  0.00000000E+00  0.00000000E+00  0.00000000E+00  0.00000000E+00  0.00000000E+00  0.00000000E+00  0.00000000E+00  0.00000000E+00  0.00000000E+00  0.00000000E+00  0.00000000E+00  0.00000000E+00  0.00000000E+00  0.00000000E+00  0.00000000E+00  0.00000000E+00  0.00000000E+00  0.00000000E+00  0.00000000E+00  0.00000000E+00  0.00000000E+00  0.00000000E+00  0.00000000E+00  0.00000000E+00  0.00000000E+00
  2.62014056E-01  2.62163052E-01  2.61304163E-01  2.60951153E-01  2.59983576E-01  2.58917386E-01  2.57159002E-01  2.55755746E-01  2.53923776E-01  2.51847229E-01  2.49596113E-01  2.47049449E-01  2.44566910E-01  2.41384162E-01  2.38563251E-01  2.35242050E-01  2.31749257E-01  2.28178484E-01  2.24179658E-01  2.20263636E-01  2.16229900E-01  2.11791119E-01  2.07393103E-01  2.02845324E-01  1.98253705E-01  1.93325152E-01  1.88405908E-01  1.83423608E-01  1.78312151E-01  1.73027710E-01  1.67739246E-01  1.62335894E-01  1.57030635E-01  1.51531592E-01  1.46074381E-01  1.40720511E-01  1.35184047E-01  1.29743835E-01  1.24280411E-01  1.18833841E-01  1.13421444E-01  1.08097402E-01  1.02805958E-01  9.75896571E-02  9.24573646E-02  8.74583498E-02  8.25582493E-02  7.76823211E-02  7.30315567E-02  6.84088888E-02  6.39418300E-02  5.96988981E-02  5.55315353E-02  5.15081708E-02  4.77156698E-02  4.40206509E-02  4.05136139E-02  3.71598989E-02  3.39362987E-02  3.09553063E-02  2.80971111E-02  2.54292287E-02  2.29353576E-02  2.05932787E-02  1.84037445E-02  1.63867667E-02  1.45268796E-02  1.28059111E-02  1.12479624E-02  9.83038169E-03  8.53340963E-03  7.39435238E-03  6.33416881E-03  5.40064975E-03  4.58215714E-03  3.85774092E-03  3.21906188E-03  2.66498525E-03  2.18336567E-03  1.78126575E-03  1.43759562E-03  1.14720390E-03  9.06135159E-04  7.09142348E-04  5.46783816E-04  4.15021406E-04  3.12959896E-04  2.32974749E-04  1.68753357E-04  1.21717387E-04  8.68828743E-05  6.02613264E-05  4.15985795E-05  2.83954779E-05  1.90378273E-05  1.27637287E-05  8.38294512E-06  5.14899123E-06  3.17756444E-06  2.06156203E-06  1.29092849E-06  6.94990024E-07  4.36438211E-07  2.07249871E-07  1.19742377E-07  4.40076001E-08  4.45051871E-08  2.02204227E-08  4.06370371E-10  2.33542351E-09  1.55615948E-09  3.32166778E-09  0.00000000E+00  0.00000000E+00  0.00000000E+00  0.00000000E+00  0.00000000E+00  0.00000000E+00  0.00000000E+00  0.00000000E+00  0.00000000E+00  0.00000000E+00  0.00000000E+00  0.00000000E+00  0.00000000E+00  0.00000000E+00  0.00000000E+00  0.00000000E+00  0.00000000E+00  0.00000000E+00  0.00000000E+00  0.00000000E+00  0.00000000E+00  0.00000000E+00  0.00000000E+00  0.00000000E+00  0.00000000E+00  0.00000000E+00  0.00000000E+00  0.00000000E+00  0.00000000E+00  0.00000000E+00  0.00000000E+00  0.00000000E+00  0.00000000E+00  0.00000000E+00  0.00000000E+00  0.00000000E+00  0.00000000E+00  0.00000000E+00  0.00000000E+00  0.00000000E+00  0.00000000E+00  0.00000000E+00  0.00000000E+00  0.00000000E+00  0.00000000E+00  0.00000000E+00  0.00000000E+00  0.00000000E+00  0.00000000E+00  0.00000000E+00  0.00000000E+00  0.00000000E+00  0.00000000E+00  0.00000000E+00  0.00000000E+00  0.00000000E+00  0.00000000E+00  0.00000000E+00  0.00000000E+00  0.00000000E+00  0.00000000E+00  0.00000000E+00  0.00000000E+00  0.00000000E+00  0.00000000E+00  0.00000000E+00  0.00000000E+00  0.00000000E+00  0.00000000E+00  0.00000000E+00  0.00000000E+00  0.00000000E+00  0.00000000E+00  0.00000000E+00  0.00000000E+00  0.00000000E+00  0.00000000E+00  0.00000000E+00  0.00000000E+00  0.00000000E+00  0.00000000E+00  0.00000000E+00  0.00000000E+00  0.00000000E+00  0.00000000E+00  0.00000000E+00  0.00000000E+00  0.00000000E+00
  2.62026873E-01  2.61851521E-01  2.61460365E-01  2.60701206E-01  2.59805105E-01  2.58586881E-01  2.57120048E-01  2.55755114E-01  2.53834942E-01  2.51806220E-01  2.49294186E-01  2.46977958E-01  2.44385564E-01  2.41516297E-01  2.38420881E-01  2.35052811E-01  2.31523194E-01  2.28027235E-01  2.24248257E-01  2.20282576E-01  2.16152683E-01  2.11871830E-01  2.07369767E-01  2.02857372E-01  1.98161287E-01  1.93298603E-01  1.88335130E-01  1.83296786E-01  1.78181599E-01  1.72979423E-01  1.67782785E-01  1.62304946E-01  1.56954010E-01  1.51575939E-01  1.46072106E-01  1.40615161E-01  1.35225364E-01  1.29688921E-01  1.24251593E-01  1.18837793E-01  1.13366588E-01  1.08073617E-01  1.02815943E-01  9.76588978E-02  9.24787815E-02  8.74637813E-02  8.25324283E-02  7.77494439E-02  7.31115151E-02  6.84594744E-02  6.39669074E-02  5.97259186E-02  5.55174249E-02  5.15513912E-02  4.77067649E-02  4.40326188E-02  4.05201398E-02  3.71628896E-02  3.39514782E-02  3.09618789E-02  2.81202851E-02  2.54552204E-02  2.29404491E-02  2.05773830E-02  1.84191618E-02  1.64232706E-02  1.45533033E-02  1.28309783E-02  1.12731833E-02  9.84943175E-03  8.54856583E-03  7.38855780E-03  6.34924666E-03  5.42548144E-03  4.59893740E-03  3.86449659E-03  3.22313343E-03  2.67441002E-03  2.20564735E-03  1.78592449E-03  1.44048912E-03  1.15112803E-03  9.11803538E-04  7.11469007E-04  5.47415621E-04  4.20105444E-04  3.12659918E-04  2.34270209E-04  1.69908021E-04  1.21770386E-04  8.69904438E-05  6.07522824E-05  4.19155031E-05  2.80624356E-05  1.93685085E-05  1.27211123E-05  8.09981543E-06  5.48444025E-06  3.31959303E-06  2.08528307E-06  1.10382925E-06  6.89011865E-07  3.91235925E-07  2.63385300E-07  1.02248962E-07  5.55834055E-08  4.39915835E-08  1.15784753E-08  3.71620434E-09  2.92179835E-09  0.00000000E+00  0.00000000E+00  0.00000000E+00  0.00000000E+00  0.00000000E+00  0.00000000E+00  0.00000000E+00  0.00000000E+00  0.00000000E+00  0.00000000E+00  0.00000000E+00  0.00000000E+00  0.00000000E+00  0.00000000E+00  0.00000000E+00  0.00000000E+00  0.00000000E+00  0.00000000E+00  0.00000000E+00  0.00000000E+00  0.00000000E+00  0.00000000E+00  0.00000000E+00  0.00000000E+00  0.00000000E+00  0.00000000E+00  0.00000000E+00  0.00000000E+00  0.00000000E+00  0.00000000E+00  0.00000000E+00  0.00000000E+00  0.00000000E+00  0.00000000E+00  0.00000000E+00  0.00000000E+00  0.00000000E+00  0.00000000E+00  0.00000000E+00  0.00000000E+00  0.00000000E+00  0.00000000E+00  0.00000000E+00  0.00000000E+00  0.00000000E+00  0.00000000E+00  0.00000000E+00  0.00000000E+00  0.00000000E+00  0.00000000E+00  0.00000000E+00  0.00000000E+00  0.00000000E+00  0.00000000E+00  0.00000000E+00  0.00000000E+00  0.00000000E+00  0.00000000E+00  0.00000000E+00  0.00000000E+00  0.00000000E+00  0.00000000E+00  0.00000000E+00  0.00000000E+00  0.00000000E+00  0.00000000E+00  0.00000000E+00  0.00000000E+00  0.00000000E+00  0.00000000E+00  0.00000000E+00  0.00000000E+00  0.00000000E+00  0.00000000E+00  0.00000000E+00  0.00000000E+00  0.00000000E+00  0.00000000E+00  0.00000000E+00  0.00000000E+00  0.00000000E+00  0.00000000E+00  0.00000000E+00  0.00000000E+00  0.00000000E+00  0.00000000E+00  0.00000000E+00  0.00000000E+00  0.00000000E+00  0.00000000E+00
  2.65012136E-01  2.64317791E-01  2.63955370E-01  2.63293924E-01  2.61961241E-01  2.61200797E-01  2.59764303E-01  2.57995316E-01  2.56182125E-01  2.54196818E-01  2.51835262E-01  2.49500305E-01  2.46791885E-01  2.43970019E-01  2.40793191E-01  2.37299638E-01  2.34105507E-01  2.30422182E-01  2.26614450E-01  2.22753652E-01  2.18484818E-01  2.14211469E-01  2.09747070E-01  2.05196146E-01  2.00588939E-01  1.95638164E-01  1.90753455E-01  1.85668343E-01  1.80454525E-01  1.75282969E-01  1.70000468E-01  1.64652334E-01  1.59262925E-01  1.53802769E-01  1.48246226E-01  1.42717578E-01  1.37236989E-01  1.31755184E-01  1.26250917E-01  1.20743510E-01  1.15314690E-01  1.09941602E-01  1.04580666E-01  9.93832171E-02  9.41618645E-02  8.90636538E-02  8.40335930E-02  7.92037263E-02  7.44303666E-02  6.97805155E-02  6.53045233E-02  6.09694176E-02  5.67401178E-02  5.26966105E-02  4.87712940E-02  4.49887228E-02  4.14414523E-02  3.80022962E-02  3.47808863E-02  3.16831802E-02  2.87877869E-02  2.60455709E-02  2.35119923E-02  2.11059513E-02  1.88964144E-02  1.68303170E-02  1.49380646E-02  1.31897016E-02  1.15859896E-02  1.01151557E-02  8.79419592E-03  7.59112380E-03  6.52641795E-03  5.56721529E-03  4.72696957E-03  3.96741645E-03  3.32583890E-03  2.75870299E-03  2.26786557E-03  1.84311207E-03  1.48727448E-03  1.18827147E-03  9.37597374E-04  7.34946071E-04  5.65213238E-04  4.32838583E-04  3.20917196E-04  2.39294863E-04  1.76060245E-04  1.25671211E-04  9.00910793E-05  6.25622935E-05  4.32219754E-05  2.93586454E-05  1.96705224E-05  1.31032869E-05  8.60285897E-06  5.55006934E-06  3.35075890E-06  2.02625198E-06  1.28432998E-06  6.26763811E-07  3.58363700E-07  1.56402920E-07  1.21501691E-07  4.84233791E-08  1.34163746E-08  1.50092511E-08  3.16057636E-09  1.60600649E-10  1.07424393E-09  0.00000000E+00  0.00000000E+00  0.00000000E+00  0.00000000E+00  0.00000000E+00  0.00000000E+00  0.00000000E+00  0.00000000E+00  0.00000000E+00  0.00000000E+00  0.00000000E+00  0.00000000E+00  0.00000000E+00  0.00000000E+00  0.00000000E+00  0.00000000E+00  0.00000000E+00  0.00000000E+00  0.00000000E+00  0.00000000E+00  0.00000000E+00  0.00000000E+00  0.00000000E+00  0.00000000E+00  0.00000000E+00  0.00000000E+00  0.00000000E+00  0.00000000E+00  0.00000000E+00  0.00000000E+00  0.00000000E+00  0.00000000E+00  0.00000000E+00  0.00000000E+00  0.00000000E+00  0.00000000E+00  0.00000000E+00  0.00000000E+00  0.00000000E+00  0.00000000E+00  0.00000000E+00  0.00000000E+00  0.00000000E+00  0.00000000E+00  0.00000000E+00  0.00000000E+00  0.00000000E+00  0.00000000E+00  0.00000000E+00  0.00000000E+00  0.00000000E+00  0.00000000E+00  0.00000000E+00  0.00000000E+00  0.00000000E+00  0.00000000E+00  0.00000000E+00  0.00000000E+00  0.00000000E+00  0.00000000E+00  0.00000000E+00  0.00000000E+00  0.00000000E+00  0.00000000E+00  0.00000000E+00  0.00000000E+00  0.00000000E+00  0.00000000E+00  0.00000000E+00  0.00000000E+00  0.00000000E+00  0.00000000E+00  0.00000000E+00  0.00000000E+00  0.00000000E+00  0.00000000E+00  0.00000000E+00  0.00000000E+00  0.00000000E+00  0.00000000E+00  0.00000000E+00  0.00000000E+00  0.00000000E+00  0.00000000E+00  0.00000000E+00  0.00000000E+00  0.00000000E+00  0.00000000E+00  0.00000000E+00
  2.61684853E-01  2.61423558E-01  2.61227975E-01  2.60319376E-01  2.59943031E-01  2.58421529E-01  2.57198771E-01  2.55415805E-01  2.53819229E-01  2.51569998E-01  2.49372766E-01  2.46904671E-01  2.44357141E-01  2.41540166E-01  2.38532685E-01  2.34870228E-01  2.31548781E-01  2.28080310E-01  2.24109513E-01  2.20086319E-01  2.16139040E-01  2.11675426E-01  2.07326040E-01  2.02833362E-01  1.98062142E-01  1.93170481E-01  1.88376733E-01  1.83264849E-01  1.78140227E-01  1.72956783E-01  1.67714321E-01  1.62448729E-01  1.56965402E-01  1.51563884E-01  1.46136308E-01  1.40658203E-01  1.35202326E-01  1.29702304E-01  1.24337179E-01  1.18838059E-01  1.13460649E-01  1.08042755E-01  1.02867616E-01  9.76522782E-02  9.25144626E-02  8.75252493E-02  8.25294858E-02  7.77868248E-02  7.30265431E-02  6.85556033E-02  6.40409932E-02  5.97051725E-02  5.55344317E-02  5.16206795E-02  4.77111642E-02  4.40387058E-02  4.05301327E-02  3.71735804E-02  3.39724527E-02  3.09359446E-02  2.80803424E-02  2.54406984E-02  2.29234991E-02  2.05975396E-02  1.84316298E-02  1.64083875E-02  1.45402032E-02  1.28223295E-02  1.12829715E-02  9.85231361E-03  8.55983026E-03  7.39205458E-03  6.33854373E-03  5.41869603E-03  4.58957894E-03  3.87063034E-03  3.23827727E-03  2.67285044E-03  2.20199293E-03  1.79066936E-03  1.44455437E-03  1.15560049E-03  9.12349284E-04  7.11658572E-04  5.49525709E-04  4.18535750E-04  3.13694446E-04  2.34651775E-04  1.70472277E-04  1.23546723E-04  8.75954113E-05  6.20947025E-05  4.21523954E-05  2.81826102E-05  1.88986442E-05  1.27419726E-05  8.72112808E-06  5.50435286E-06  3.29590607E-06  2.09374173E-06  1.15976877E-06  7.57883518E-07  3.60581408E-07  1.97443937E-07  6.17784070E-08  7.83134920E-08  6.93251590E-09  2.37110469E-09  1.86319922E-08  0.00000000E+00  0.00000000E+00  0.00000000E+00  0.00000000E+00  0.00000000E+00  0.00000000E+00  0.00000000E+00  0.00000000E+00  0.00000000E+00  0.00000000E+00  0.00000000E+00  0.00000000E+00  0.00000000E+00  0.00000000E+00  0.00000000E+00  0.00000000E+00  0.00000000E+00  0.00000000E+00  0.00000000E+00  0.00000000E+00  0.00000000E+00  0.00000000E+00  0.00000000E+00  0.00000000E+00  0.00000000E+00  0.00000000E+00  0.00000000E+00  0.00000000E+00  0.00000000E+00  0.00000000E+00  0.00000000E+00  0.00000000E+00  0.00000000E+00  0.00000000E+00  0.00000000E+00  0.00000000E+00  0.00000000E+00  0.00000000E+00  0.00000000E+00  0.00000000E+00  0.00000000E+00  0.00000000E+00  0.00000000E+00  0.00000000E+00  0.00000000E+00  0.00000000E+00  0.00000000E+00  0.00000000E+00  0.00000000E+00  0.00000000E+00  0.00000000E+00  0.00000000E+00  0.00000000E+00  0.00000000E+00  0.00000000E+00  0.00000000E+00  0.00000000E+00  0.00000000E+00  0.00000000E+00  0.00000000E+00  0.00000000E+00  0.00000000E+00  0.00000000E+00  0.00000000E+00  0.00000000E+00  0.00000000E+00  0.00000000E+00  0.00000000E+00  0.00000000E+00  0.00000000E+00  0.00000000E+00  0.00000000E+00  0.00000000E+00  0.00000000E+00  0.00000000E+00  0.00000000E+00  0.00000000E+00  0.00000000E+00  0.00000000E+00  0.00000000E+00  0.00000000E+00  0.00000000E+00  0.00000000E+00  0.00000000E+00  0.00000000E+00  0.00000000E+00  0.00000000E+00  0.00000000E+00  0.00000000E+00  0.00000000E+00  0.00000000E+00
  2.62047519E-01  2.62166734E-01  2.61314622E-01  2.60723617E-01  2.59748443E-01  2.58563267E-01  2.57257229E-01  2.55883993E-01  2.54112812E-01  2.51851566E-01  2.49677932E-01  2.47285631E-01  2.44498469E-01  2.41531090E-01  2.38595065E-01  2.35290426E-01  2.31945284E-01  2.28195690E-01  2.24334305E-01  2.20244216E-01  2.16198706E-01  2.11884825E-01  2.07433271E-01  2.02954995E-01  1.98182412E-01  1.93279677E-01  1.88341658E-01  1.83332219E-01  1.78235019E-01  1.72977307E-01  1.67673325E-01  1.62385837E-01  1.56925864E-01  1.51603251E-01  1.46148211E-01  1.40637456E-01  1.35166975E-01  1.29684107E-01  1.24258623E-01  1.18851408E-01  1.13446719E-01  1.08085339E-01  1.02791442E-01  9.76383888E-02  9.25229322E-02  8.74189826E-02  8.25495692E-02  7.76909548E-02  7.30279624E-02  6.84062404E-02  6.39762755E-02  5.96721517E-02  5.55448709E-02  5.14682791E-02  4.77077330E-02  4.40206540E-02  4.04805396E-02  3.71233233E-02  3.39096273E-02  3.09221653E-02  2.80899442E-02  2.54151905E-02  2.29240389E-02  2.05777217E-02  1.83977493E-02  1.63885252E-02  1.45393158E-02  1.28293330E-02  1.12634671E-02  9.83376498E-03  8.55072317E-03  7.37810408E-03  6.33984331E-03  5.41381523E-03  4.58015686E-03  3.85963218E-03  3.22523377E-03  2.68123231E-03  2.19363341E-03  1.78791518E-03  1.44152462E-03  1.15032387E-03  9.06472547E-04  7.09999396E-04  5.48909767E-04  4.16490536E-04  3.10348229E-04  2.32297577E-04  1.70557501E-04  1.21489567E-04  8.55714874E-05  5.98679903E-05  4.14107767E-05  2.82019902E-05  1.89841231E-05  1.26383100E-05  8.07860566E-06  5.34640734E-06  3.22844501E-06  2.00338900E-06  1.31342553E-06  6.10036248E-07  3.67948340E-07  1.99784669E-07  1.04981723E-07  5.93374780E-08  3.80294607E-09  4.66851044E-09  6.16731026E-09  0.00000000E+00  0.00000000E+00  0.00000000E+00  0.00000000E+00  0.00000000E+00  0.00000000E+00  0.00000000E+00  0.00000000E+00  0.00000000E+00  0.00000000E+00  0.00000000E+00  0.00000000E+00  0.00000000E+00  0.00000000E+00  0.00000000E+00  0.00000000E+00  0.00000000E+00  0.00000000E+00  0.00000000E+00  0.00000000E+00  0.00000000E+00  0.00000000E+00  0.00000000E+00  0.00000000E+00  0.00000000E+00  0.00000000E+00  0.00000000E+00  0.00000000E+00  0.00000000E+00  0.00000000E+00  0.00000000E+00  0.00000000E+00  0.00000000E+00  0.00000000E+00  0.00000000E+00  0.00000000E+00  0.00000000E+00  0.00000000E+00  0.00000000E+00  0.00000000E+00  0.00000000E+00  0.00000000E+00  0.00000000E+00  0.00000000E+00  0.00000000E+00  0.00000000E+00  0.00000000E+00  0.00000000E+00  0.00000000E+00  0.00000000E+00  0.00000000E+00  0.00000000E+00  0.00000000E+00  0.00000000E+00  0.00000000E+00  0.00000000E+00  0.00000000E+00  0.00000000E+00  0.00000000E+00  0.00000000E+00  0.00000000E+00  0.00000000E+00  0.00000000E+00  0.00000000E+00  0.00000000E+00  0.00000000E+00  0.00000000E+00  0.00000000E+00  0.00000000E+00  0.00000000E+00  0.00000000E+00  0.00000000E+00  0.00000000E+00  0.00000000E+00  0.00000000E+00  0.00000000E+00  0.00000000E+00  0.00000000E+00  0.00000000E+00  0.00000000E+00  0.00000000E+00  0.00000000E+00  0.00000000E+00  0.00000000E+00  0.00000000E+00  0.00000000E+00  0.00000000E+00  0.00000000E+00  0.00000000E+00  0.00000000E+00  0.00000000E+00
  2.61854038E-01  2.61793636E-01  2.61510226E-01  2.60779922E-01  2.59652263E-01  2.58375762E-01  2.57143439E-01  2.55327805E-01  2.53675439E-01  2.51738615E-01  2.49362185E-01  2.46866913E-01  2.44245437E-01  2.41268484E-01  2.38214072E-01  2.34884894E-01  2.31582672E-01  2.28106974E-01  2.24105116E-01  2.20099600E-01  2.15951835E-01  2.11778477E-01  2.07324462E-01  2.02786631E-01  1.97908738E-01  1.93197974E-01  1.88195976E-01  1.83290110E-01  1.78134027E-01  1.72981425E-01  1.67669164E-01  1.62415108E-01  1.57002477E-01  1.51509723E-01  1.46230136E-01  1.40693845E-01  1.35193594E-01  1.29732516E-01  1.24261973E-01  1.18881140E-01  1.13444443E-01  1.08092052E-01  1.02871763E-01  9.76896137E-02  9.25524832E-02  8.74843910E-02  8.25614008E-02  7.78261243E-02  7.30585890E-02  6.85039227E-02  6.40641025E-02  5.96667131E-02  5.56093284E-02  5.15496158E-02  4.77173385E-02  4.40299225E-02  4.05510789E-02  3.72034949E-02  3.39844293E-02  3.09433487E-02  2.81350312E-02  2.54504980E-02  2.29407858E-02  2.06209181E-02  1.84183986E-02  1.64104790E-02  1.45282447E-02  1.28474474E-02  1.12729742E-02  9.86009335E-03  8.55879360E-03  7.39328941E-03  6.35908434E-03  5.42083413E-03  4.59815570E-03  3.87386519E-03  3.21272260E-03  2.68240798E-03  2.20094527E-03  1.79026485E-03  1.44615020E-03  1.14890604E-03  9.08627311E-04  7.14256970E-04  5.52323785E-04  4.18330766E-04  3.17233286E-04  2.34493628E-04  1.72743706E-04  1.23776092E-04  8.70541529E-05  6.03458343E-05  4.18291535E-05  2.76863704E-05  1.97957262E-05  1.29550905E-05  8.66130613E-06  5.18525106E-06  3.17990649E-06  2.15515035E-06  1.28247820E-06  6.82596827E-07  3.64144216E-07  1.99447344E-07  1.17993795E-07  5.54408807E-08  1.49670212E-08  2.53257071E-09  0.00000000E+00  0.00000000E+00  0.00000000E+00  0.00000000E+00  0.00000000E+00  0.00000000E+00  0.00000000E+00  0.00000000E+00  0.00000000E+00  0.00000000E+00  0.00000000E+00  0.00000000E+00  0.00000000E+00  0.00000000E+00  0.00000000E+00  0.00000000E+00  0.00000000E+00  0.00000000E+00  0.00000000E+00  0.00000000E+00  0.00000000E+00  0.00000000E+00  0.00000000E+00  0.00000000E+00  0.00000000E+00  0.00000000E+00  0.00000000E+00  0.00000000E+00  0.00000000E+00  0.00000000E+00  0.00000000E+00  0.00000000E+00  0.00000000E+00  0.00000000E+00  0.00000000E+00  0.00000000E+00  0.00000000E+00  0.00000000E+00  0.00000000E+00  0.00000000E+00  0.00000000E+00  0.00000000E+00  0.00000000E+00  0.00000000E+00  0.00000000E+00  0.00000000E+00  0.00000000E+00  0.00000000E+00  0.00000000E+00  0.00000000E+00  0.00000000E+00  0.00000000E+00  0.00000000E+00  0.00000000E+00  0.00000000E+00  0.00000000E+00  0.00000000E+00  0.00000000E+00  0.00000000E+00  0.00000000E+00  0.00000000E+00  0.00000000E+00  0.00000000E+00  0.00000000E+00  0.00000000E+00  0.00000000E+00  0.00000000E+00  0.00000000E+00  0.00000000E+00  0.00000000E+00  0.00000000E+00  0.00000000E+00  0.00000000E+00  0.00000000E+00  0.00000000E+00  0.00000000E+00  0.00000000E+00  0.00000000E+00  0.00000000E+00  0.00000000E+00  0.00000000E+00  0.00000000E+00  0.00000000E+00  0.00000000E+00  0.00000000E+00  0.00000000E+00  0.00000000E+00  0.00000000E+00  0.00000000E+00  0.00000000E+00  0.00000000E+00  0.00000000E+00
  2.62264784E-01  2.61797884E-01  2.61623491E-01  2.60638936E-01  2.59807613E-01  2.58922907E-01  2.57085514E-01  2.55598784E-01  2.53721067E-01  2.52086444E-01  2.49588456E-01  2.47169969E-01  2.44436912E-01  2.41629721E-01  2.38472777E-01  2.35153971E-01  2.31598308E-01  2.28126657E-01  2.24260959E-01  2.20323301E-01  2.16190609E-01  2.11886796E-01  2.07495015E-01  2.02905321E-01  1.98138994E-01  1.93347678E-01  1.88393057E-01  1.83406334E-01  1.78249094E-01  1.73063661E-01  1.67770991E-01  1.62443340E-01  1.56941782E-01  1.51571145E-01  1.46164852E-01  1.40687761E-01  1.35186133E-01  1.29697368E-01  1.24277534E-01  1.18878955E-01  1.13472702E-01  1.08107362E-01  1.02793973E-01  9.76261517E-02  9.24876809E-02  8.74743147E-02  8.25613735E-02  7.77112109E-02  7.30170380E-02  6.84365674E-02  6.39677336E-02  5.96640590E-02  5.55363587E-02  5.14988918E-02  4.76957727E-02  4.39996211E-02  4.04925093E-02  3.71060505E-02  3.39817693E-02  3.09180647E-02  2.80725321E-02  2.54122034E-02  2.29153900E-02  2.05863545E-02  1.84013570E-02  1.63810886E-02  1.45400049E-02  1.28156682E-02  1.12551173E-02  9.82946046E-03  8.53358884E-03  7.37107818E-03  6.32743879E-03  5.40567973E-03  4.58936323E-03  3.85358571E-03  3.22144201E-03  2.66653516E-03  2.18952968E-03  1.77827095E-03  1.44113832E-03  1.14900589E-03  9.06473255E-04  7.04389358E-04  5.46764341E-04  4.14993976E-04  3.13396507E-04  2.29402207E-04  1.68651358E-04  1.22170975E-04  8.69165506E-05  6.09609666E-05  4.11218845E-05  2.86670033E-05  1.95387024E-05  1.25538690E-05  8.31543132E-06  5.18925881E-06  3.20508861E-06  2.02473997E-06  1.12613919E-06  7.10210710E-07  4.35069149E-07  1.87602167E-07  7.71044138E-08  5.04856326E-08  2.16455765E-08  8.21007369E-09  4.20884626E-09  1.12280251E-09  0.00000000E+00  0.00000000E+00  0.00000000E+00  0.00000000E+00  0.00000000E+00  0.00000000E+00  0.00000000E+00  0.00000000E+00  0.00000000E+00  0.00000000E+00  0.00000000E+00  0.00000000E+00  0.00000000E+00  0.00000000E+00  0.00000000E+00  0.00000000E+00  0.00000000E+00  0.00000000E+00  0.00000000E+00  0.00000000E+00  0.00000000E+00  0.00000000E+00  0.00000000E+00  0.00000000E+00  0.00000000E+00  0.00000000E+00  0.00000000E+00  0.00000000E+00  0.00000000E+00  0.00000000E+00  0.00000000E+00  0.00000000E+00  0.00000000E+00  0.00000000E+00  0.00000000E+00  0.00000000E+00  0.00000000E+00  0.00000000E+00  0.00000000E+00  0.00000000E+00  0.00000000E+00  0.00000000E+00  0.00000000E+00  0.00000000E+00  0.00000000E+00  0.00000000E+00  0.00000000E+00  0.00000000E+00  0.00000000E+00  0.00000000E+00  0.00000000E+00  0.00000000E+00  0.00000000E+00  0.00000000E+00  0.00000000E+00  0.00000000E+00  0.00000000E+00  0.00000000E+00  0.00000000E+00  0.00000000E+00  0.00000000E+00  0.00000000E+00  0.00000000E+00  0.00000000E+00  0.00000000E+00  0.00000000E+00  0.00000000E+00  0.00000000E+00  0.00000000E+00  0.00000000E+00  0.00000000E+00  0.00000000E+00  0.00000000E+00  0.00000000E+00  0.00000000E+00  0.00000000E+00  0.00000000E+00  0.00000000E+00  0.00000000E+00  0.00000000E+00  0.00000000E+00  0.00000000E+00  0.00000000E+00  0.00000000E+00  0.00000000E+00  0.00000000E+00  0.00000000E+00  0.00000000E+00  0.00000000E+00  0.00000000E+00
  2.62935467E-01  2.61594479E-01  2.61468499E-01  2.60639369E-01  2.59882097E-01  2.58639546E-01  2.57259087E-01  2.55725228E-01  2.53806191E-01  2.51681768E-01  2.49375966E-01  2.47027595E-01  2.44364767E-01  2.41373555E-01  2.38466005E-01  2.34946734E-01  2.31632409E-01  2.27919390E-01  2.24105254E-01  2.20050646E-01  2.15961004E-01  2.11865237E-01  2.07248083E-01  2.02806931E-01  1.98029399E-01  1.93244208E-01  1.88228681E-01  1.83241333E-01  1.78201557E-01  1.72958045E-01  1.67738646E-01  1.62335088E-01  1.57053772E-01  1.51594744E-01  1.46183608E-01  1.40609067E-01  1.35144481E-01  1.29708935E-01  1.24212066E-01  1.18837142E-01  1.13457558E-01  1.08183226E-01  1.02894732E-01  9.76009841E-02  9.25258328E-02  8.74825237E-02  8.25583528E-02  7.77114998E-02  7.30431971E-02  6.84937316E-02  6.40040020E-02  5.97241495E-02  5.55843268E-02  5.15517207E-02  4.77399543E-02  4.40287032E-02  4.04910429E-02  3.71649377E-02  3.39868235E-02  3.09577426E-02  2.81273518E-02  2.54686482E-02  2.29794484E-02  2.05709003E-02  1.84448817E-02  1.64358959E-02  1.45504063E-02  1.28374650E-02  1.12738315E-02  9.85519101E-03  8.57660747E-03  7.39589779E-03  6.34527786E-03  5.42760807E-03  4.59593772E-03  3.85777020E-03  3.21876892E-03  2.67518767E-03  2.18751760E-03  1.79139378E-03  1.44095476E-03  1.15291878E-03  9.08763087E-04  7.05827343E-04  5.49255702E-04  4.16501999E-04  3.14220584E-04  2.31015045E-04  1.70102306E-04  1.23000245E-04  8.62532929E-05  5.99352168E-05  4.22263929E-05  2.78222411E-05  1.88183471E-05  1.28651761E-05  8.36091239E-06  5.07494008E-06  3.36954465E-06  1.95020462E-06  1.10133988E-06  6.15305438E-07  3.89722030E-07  2.35506140E-07  1.01906020E-07  5.64481292E-08  2.25323118E-08  1.59447921E-09  2.39397968E-08  0.00000000E+00  0.00000000E+00  0.00000000E+00  0.00000000E+00  0.00000000E+00  0.00000000E+00  0.00000000E+00  0.00000000E+00  0.00000000E+00  0.00000000E+00  0.00000000E+00  0.00000000E+00  0.00000000E+00  0.00000000E+00  0.00000000E+00  0.00000000E+00  0.00000000E+00  0.00000000E+00  0.00000000E+00  0.00000000E+00  0.00000000E+00  0.00000000E+00  0.00000000E+00  0.00000000E+00  0.00000000E+00  0.00000000E+00  0.00000000E+00  0.00000000E+00  0.00000000E+00  0.00000000E+00  0.00000000E+00  0.00000000E+00  0.00000000E+00  0.00000000E+00  0.00000000E+00  0.00000000E+00  0.00000000E+00  0.00000000E+00  0.00000000E+00  0.00000000E+00  0.00000000E+00  0.00000000E+00  0.00000000E+00  0.00000000E+00  0.00000000E+00  0.00000000E+00  0.00000000E+00  0.00000000E+00  0.00000000E+00  0.00000000E+00  0.00000000E+00  0.00000000E+00  0.00000000E+00  0.00000000E+00  0.00000000E+00  0.00000000E+00  0.00000000E+00  0.00000000E+00  0.00000000E+00  0.00000000E+00  0.00000000E+00  0.00000000E+00  0.00000000E+00  0.00000000E+00  0.00000000E+00  0.00000000E+00  0.00000000E+00  0.00000000E+00  0.00000000E+00  0.00000000E+00  0.00000000E+00  0.00000000E+00  0.00000000E+00  0.00000000E+00  0.00000000E+00  0.00000000E+00  0.00000000E+00  0.00000000E+00  0.00000000E+00  0.00000000E+00  0.00000000E+00  0.00000000E+00  0.00000000E+00  0.00000000E+00  0.00000000E+00  0.00000000E+00  0.00000000E+00  0.00000000E+00  0.00000000E+00  0.00000000E+00  0.00000000E+00
  2.61712425E-01  2.61820172E-01  2.60920786E-01  2.60957313E-01  2.59814741E-01  2.58702617E-01  2.57268322E-01  2.55641051E-01  2.53906540E-01  2.51642515E-01  2.49509017E-01  2.47171326E-01  2.44368652E-01  2.41656669E-01  2.38442640E-01  2.35251801E-01  2.31704957E-01  2.28136316E-01  2.24254645E-01  2.20371138E-01  2.16164076E-01  2.11820648E-01  2.07468333E-01  2.02970122E-01  1.98218571E-01  1.93359253E-01  1.88362721E-01  1.83357026E-01  1.78146197E-01  1.73035650E-01  1.67809512E-01  1.62376896E-01  1.57013349E-01  1.51521731E-01  1.46220972E-01  1.40714763E-01  1.35247818E-01  1.29715000E-01  1.24259950E-01  1.18842558E-01  1.13488739E-01  1.08107915E-01  1.02805421E-01  9.76139042E-02  9.24829353E-02  8.74245190E-02  8.24936488E-02  7.77164502E-02  7.30254186E-02  6.84135622E-02  6.39561429E-02  5.96514738E-02  5.55392602E-02  5.15137050E-02  4.76751448E-02  4.40150766E-02  4.04562439E-02  3.71085947E-02  3.39517672E-02  3.09388254E-02  2.80910228E-02  2.54270874E-02  2.29354863E-02  2.05922264E-02  1.84342042E-02  1.63936562E-02  1.45316487E-02  1.28270502E-02  1.12638373E-02  9.83131722E-03  8.54167913E-03  7.38024696E-03  6.33226533E-03  5.39560103E-03  4.58592067E-03  3.85655819E-03  3.22203162E-03  2.66700740E-03  2.19582644E-03  1.78461486E-03  1.44605841E-03  1.14965268E-03  9.04866699E-04  7.10964809E-04  5.44632235E-04  4.16558754E-04  3.12625530E-04  2.31813137E-04  1.68287771E-04  1.21916664E-04  8.67906015E-05  6.11410169E-05  4.18158639E-05  2.86782033E-05  1.90504877E-05  1.29017576E-05  8.16891033E-06  5.51602055E-06  3.21104611E-06  2.08055898E-06  1.20958139E-06  6.78582522E-07  3.66591187E-07  2.11009883E-07  8.24087653E-08  4.47137606E-08  1.60730711E-08  7.61383309E-09  1.08288016E-08  2.29065460E-09  0.00000000E+00  0.00000000E+00  0.00000000E+00  0.00000000E+00  0.00000000E+00  0.00000000E+00  0.00000000E+00  0.00000000E+00  0.00000000E+00  0.00000000E+00  0.00000000E+00  0.00000000E+00  0.00000000E+00  0.00000000E+00  0.00000000E+00  0.00000000E+00  0.00000000E+00  0.00000000E+00  0.00000000E+00  0.00000000E+00  0.00000000E+00  0.00000000E+00  0.00000000E+00  0.00000000E+00  0.00000000E+00  0.00000000E+00  0.00000000E+00  0.00000000E+00  0.00000000E+00  0.00000000E+00  0.00000000E+00  0.00000000E+00  0.00000000E+00  0.00000000E+00  0.00000000E+00  0.00000000E+00  0.00000000E+00  0.00000000E+00  0.00000000E+00  0.00000000E+00  0.00000000E+00  0.00000000E+00  0.00000000E+00  0.00000000E+00  0.00000000E+00  0.00000000E+00  0.00000000E+00  0.00000000E+00  0.00000000E+00  0.00000000E+00  0.00000000E+00  0.00000000E+00  0.00000000E+00  0.00000000E+00  0.00000000E+00  0.00000000E+00  0.00000000E+00  0.00000000E+00  0.00000000E+00  0.00000000E+00  0.00000000E+00  0.00000000E+00  0.00000000E+00  0.00000000E+00  0.00000000E+00  0.00000000E+00  0.00000000E+00  0.00000000E+00  0.00000000E+00  0.00000000E+00  0.00000000E+00  0.00000000E+00  0.00000000E+00  0.00000000E+00  0.00000000E+00  0.00000000E+00  0.00000000E+00  0.00000000E+00  0.00000000E+00  0.00000000E+00  0.00000000E+00  0.00000000E+00  0.00000000E+00  0.00000000E+00  0.00000000E+00  0.00000000E+00  0.00000000E+00  0.00000000E+00  0.00000000E+00  0.00000000E+00
  2.60925460E-01  2.62173049E-01  2.61317229E-01  2.60876773E-01  2.60155883E-01  2.58618486E-01  2.57554190E-01  2.55921036E-01  2.53979185E-01  2.51811979E-01  2.49673093E-01  2.47325935E-01  2.44496461E-01  2.41548583E-01  2.38460581E-01  2.35189827E-01  2.31885239E-01  2.28201109E-01  2.24333069E-01  2.20336936E-01  2.16117957E-01  2.12046673E-01  2.07286834E-01  2.02966362E-01  1.98139499E-01  1.93430780E-01  1.88422929E-01  1.83372553E-01  1.78247371E-01  1.73034609E-01  1.67707731E-01  1.62346455E-01  1.57062497E-01  1.51619538E-01  1.46050443E-01  1.40624511E-01  1.35056349E-01  1.29683763E-01  1.24333790E-01  1.18842548E-01  1.13409109E-01  1.08087033E-01  1.02791259E-01  9.75431983E-02  9.25139176E-02  8.74300363E-02  8.24911865E-02  7.76283971E-02  7.30103886E-02  6.83938565E-02  6.39624139E-02  5.96659915E-02  5.55101946E-02  5.14965798E-02  4.76433161E-02  4.39672698E-02  4.04697028E-02  3.71419107E-02  3.39469764E-02  3.09312470E-02  2.81155970E-02  2.54162996E-02  2.29349752E-02  2.05859134E-02  1.84188669E-02  1.63978335E-02  1.45560890E-02  1.28350203E-02  1.12597123E-02  9.85234426E-03  8.54226787E-03  7.39360491E-03  6.34351712E-03  5.42866312E-03  4.59751252E-03  3.86538424E-03  3.22668582E-03  2.67181334E-03  2.19629811E-03  1.78406786E-03  1.44025616E-03  1.14696326E-03  9.08914534E-04  7.10278712E-04  5.48806478E-04  4.17346300E-04  3.12801063E-04  2.30865821E-04  1.67235996E-04  1.21053830E-04  8.60108769E-05  6.05884335E-05  4.20830244E-05  2.83385163E-05  1.89480198E-05  1.28876061E-05  8.27747720E-06  5.33499353E-06  3.18433294E-06  1.81018747E-06  1.18133386E-06  7.66147476E-07  3.78393450E-07  2.30326862E-07  1.00229396E-07  5.18884543E-08  1.20458762E-08  4.94517947E-09  1.82216595E-09  0.00000000E+00  0.00000000E+00  0.00000000E+00  0.00000000E+00  0.00000000E+00  0.00000000E+00  0.00000000E+00  0.00000000E+00  0.00000000E+00  0.00000000E+00  0.00000000E+00  0.00000000E+00  0.00000000E+00  0.00000000E+00  0.00000000E+00  0.00000000E+00  0.00000000E+00  0.00000000E+00  0.00000000E+00  0.00000000E+00  0.00000000E+00  0.00000000E+00  0.00000000E+00  0.00000000E+00  0.00000000E+00  0.00000000E+00  0.00000000E+00  0.00000000E+00  0.00000000E+00  0.00000000E+00  0.00000000E+00  0.00000000E+00  0.00000000E+00  0.00000000E+00  0.00000000E+00  0.00000000E+00  0.00000000E+00  0.00000000E+00  0.00000000E+00  0.00000000E+00  0.00000000E+00  0.00000000E+00  0.00000000E+00  0.00000000E+00  0.00000000E+00  0.00000000E+00  0.00000000E+00  0.00000000E+00  0.00000000E+00  0.00000000E+00  0.00000000E+00  0.00000000E+00  0.00000000E+00  0.00000000E+00  0.00000000E+00  0.00000000E+00  0.00000000E+00  0.00000000E+00  0.00000000E+00  0.00000000E+00  0.00000000E+00  0.00000000E+00  0.00000000E+00  0.00000000E+00  0.00000000E+00  0.00000000E+00  0.00000000E+00  0.00000000E+00  0.00000000E+00  0.00000000E+00  0.00000000E+00  0.00000000E+00  0.00000000E+00  0.00000000E+00  0.00000000E+00  0.00000000E+00  0.00000000E+00  0.00000000E+00  0.00000000E+00  0.00000000E+00  0.00000000E+00  0.00000000E+00  0.00000000E+00  0.00000000E+00  0.00000000E+00  0.00000000E+00  0.00000000E+00  0.00000000E+00  0.00000000E+00  0.00000000E+00  0.00000000E+00
  2.62252643E-01  2.62235916E-01  2.61270172E-01  2.60661227E-01  2.59408972E-01  2.58576078E-01  2.57243612E-01  2.55652319E-01  2.53894476E-01  2.51831429E-01  2.49554205E-01  2.47060169E-01  2.44373394E-01  2.41426057E-01  2.38577182E-01  2.35228243E-01  2.31676014E-01  2.28086440E-01  2.24275487E-01  2.20424332E-01  2.16048599E-01  2.11836847E-01  2.07345351E-01  2.02803656E-01  1.98122426E-01  1.93362024E-01  1.88388579E-01  1.83379780E-01  1.78180087E-01  1.73037997E-01  1.67746835E-01  1.62425881E-01  1.56993036E-01  1.51528438E-01  1.46056555E-01  1.40659032E-01  1.35153932E-01  1.29660493E-01  1.24327722E-01  1.18803462E-01  1.13414512E-01  1.08167025E-01  1.02871780E-01  9.75698758E-02  9.24643599E-02  8.74850456E-02  8.25783336E-02  7.76788173E-02  7.30268705E-02  6.84388532E-02  6.40198001E-02  5.97309914E-02  5.55661695E-02  5.15515696E-02  4.76822357E-02  4.40262728E-02  4.04835575E-02  3.71453623E-02  3.39811277E-02  3.09475717E-02  2.80799050E-02  2.54361380E-02  2.29574444E-02  2.05862846E-02  1.84233124E-02  1.63826270E-02  1.45201710E-02  1.28187370E-02  1.12732419E-02  9.82556483E-03  8.55428728E-03  7.38363048E-03  6.33517322E-03  5.41071162E-03  4.58964758E-03  3.85538114E-03  3.22061613E-03  2.66839774E-03  2.19274102E-03  1.79008527E-03  1.43270633E-03  1.15197587E-03  9.05291513E-04  7.09475506E-04  5.48556041E-04  4.18046138E-04  3.13298626E-04  2.31503171E-04  1.70101380E-04  1.20593620E-04  8.60626317E-05  6.04244776E-05  4.18717098E-05  2.84822782E-05  1.84785703E-05  1.21297669E-05  7.91535989E-06  5.40007931E-06  3.12703900E-06  1.99105680E-06  1.27834368E-06  7.52743597E-07  3.69564338E-07  2.30596429E-07  1.26560201E-07  8.02908633E-08  4.08846424E-08  2.19517852E-08  1.28224455E-08  2.77426850E-09  0.00000000E+00  2.80347702E-09  0.00000000E+00  0.00000000E+00  0.00000000E+00  0.00000000E+00  0.00000000E+00  0.00000000E+00  0.00000000E+00  0.00000000E+00  0.00000000E+00  0.00000000E+00  0.00000000E+00  0.00000000E+00  0.00000000E+00  0.00000000E+00  0.00000000E+00  0.00000000E+00  0.00000000E+00  0.00000000E+00  0.00000000E+00  0.00000000E+00  0.00000000E+00  0.00000000E+00  0.00000000E+00  0.00000000E+00  0.00000000E+00  0.00000000E+00  0.00000000E+00  0.00000000E+00  0.00000000E+00  0.00000000E+00  0.00000000E+00  0.00000000E+00  0.00000000E+00  0.00000000E+00  0.00000000E+00  0.00000000E+00  0.00000000E+00  0.00000000E+00  0.00000000E+00  0.00000000E+00  0.00000000E+00  0.00000000E+00  0.00000000E+00  0.00000000E+00  0.00000000E+00  0.00000000E+00  0.00000000E+00  0.00000000E+00  0.00000000E+00  0.00000000E+00  0.00000000E+00  0.00000000E+00  0.00000000E+00  0.00000000E+00  0.00000000E+00  0.00000000E+00  0.00000000E+00  0.00000000E+00  0.00000000E+00  0.00000000E+00  0.00000000E+00  0.00000000E+00  0.00000000E+00  0.00000000E+00  0.00000000E+00  0.00000000E+00  0.00000000E+00  0.00000000E+00  0.00000000E+00  0.00000000E+00  0.00000000E+00  0.00000000E+00  0.00000000E+00  0.00000000E+00  0.00000000E+00  0.00000000E+00  0.00000000E+00  0.00000000E+00  0.00000000E+00  0.00000000E+00  0.00000000E+00  0.00000000E+00  0.00000000E+00  0.00000000E+00  0.00000000E+00  0.00000000E+00  0.00000000E+00  0.00000000E+00
  2.62487701E-01  2.61703911E-01  2.61323092E-01  2.60794562E-01  2.59523848E-01  2.58788040E-01  2.57010496E-01  2.55840170E-01  2.53842737E-01  2.51821642E-01  2.49397647E-01  2.46958149E-01  2.44324679E-01  2.41461305E-01  2.38464808E-01  2.34993143E-01  2.31540190E-01  2.28094406E-01  2.24244161E-01  2.20201360E-01  2.16137621E-01  2.11778168E-01  2.07427598E-01  2.02778104E-01  1.98140800E-01  1.93385190E-01  1.88298043E-01  1.83234186E-01  1.78171319E-01  1.72980899E-01  1.67607116E-01  1.62401233E-01  1.56862901E-01  1.51589109E-01  1.46048147E-01  1.40616125E-01  1.35137540E-01  1.29632484E-01  1.24248012E-01  1.18859718E-01  1.13491557E-01  1.08015157E-01  1.02848298E-01  9.76698709E-02  9.25186966E-02  8.74796097E-02  8.25792577E-02  7.77667262E-02  7.30050923E-02  6.84321243E-02  6.40497815E-02  5.97387604E-02  5.55537807E-02  5.15261523E-02  4.76840517E-02  4.40324248E-02  4.05305543E-02  3.71811029E-02  3.40016455E-02  3.09397451E-02  2.81450275E-02  2.54820148E-02  2.29600930E-02  2.06165228E-02  1.84273166E-02  1.64159065E-02  1.45362800E-02  1.28398333E-02  1.12670509E-02  9.86159573E-03  8.55114065E-03  7.38024808E-03  6.32615483E-03  5.41445730E-03  4.60222644E-03  3.86417117E-03  3.23980110E-03  2.67631267E-03  2.19635066E-03  1.78984877E-03  1.43394679E-03  1.15151585E-03  9.11636417E-04  7.11035870E-04  5.50329118E-04  4.19134625E-04  3.15632031E-04  2.32470662E-04  1.68751407E-04  1.22288843E-04  8.59419843E-05  6.17063260E-05  4.15334336E-05  2.87407280E-05  1.87811176E-05  1.25376489E-05  7.85665868E-06  5.16914129E-06  3.23223120E-06  2.03618624E-06  1.10500295E-06  6.92860940E-07  3.84442984E-07  1.72032276E-07  1.08140914E-07  5.46611553E-08  1.77331296E-08  4.08562099E-09  1.44917165E-08  0.00000000E+00  0.00000000E+00  0.00000000E+00  0.00000000E+00  0.00000000E+00  0.00000000E+00  0.00000000E+00  0.00000000E+00  0.00000000E+00  0.00000000E+00  0.00000000E+00  0.00000000E+00  0.00000000E+00  0.00000000E+00  0.00000000E+00  0.00000000E+00  0.00000000E+00  0.00000000E+00  0.00000000E+00  0.00000000E+00  0.00000000E+00  0.00000000E+00  0.00000000E+00  0.00000000E+00  0.00000000E+00  0.00000000E+00  0.00000000E+00  0.00000000E+00  0.00000000E+00  0.00000000E+00  0.00000000E+00  0.00000000E+00  0.00000000E+00  0.00000000E+00  0.00000000E+00  0.00000000E+00  0.00000000E+00  0.00000000E+00  0.00000000E+00  0.00000000E+00  0.00000000E+00  0.00000000E+00  0.00000000E+00  0.00000000E+00  0.00000000E+00  0.00000000E+00  0.00000000E+00  0.00000000E+00  0.00000000E+00  0.00000000E+00  0.00000000E+00  0.00000000E+00  0.00000000E+00  0.00000000E+00  0.00000000E+00  0.00000000E+00  0.00000000E+00  0.00000000E+00  0.00000000E+00  0.00000000E+00  0.00000000E+00  0.00000000E+00  0.00000000E+00  0.00000000E+00  0.00000000E+00  0.00000000E+00  0.00000000E+00  0.00000000E+00  0.00000000E+00  0.00000000E+00  0.00000000E+00  0.00000000E+00  0.00000000E+00  0.00000000E+00  0.00000000E+00  0.00000000E+00  0.00000000E+00  0.00000000E+00  0.00000000E+00  0.00000000E+00  0.00000000E+00  0.00000000E+00  0.00000000E+00  0.00000000E+00  0.00000000E+00  0.00000000E+00  0.00000000E+00  0.00000000E+00  0.00000000E+00  0.00000000E+00  0.00000000E+00
  2.62442173E-01  2.61432044E-01  2.61389529E-01  2.60961613E-01  2.59845695E-01  2.58735388E-01  2.57232644E-01  2.55632638E-01  2.53763756E-01  2.51668862E-01  2.49551012E-01  2.46944707E-01  2.44347808E-01  2.41470193E-01  2.38416390E-01  2.34982985E-01  2.31664390E-01  2.27968850E-01  2.24032619E-01  2.20273891E-01  2.16020366E-01  2.11827920E-01  2.07319242E-01  2.02841277E-01  1.98077721E-01  1.93280448E-01  1.88335091E-01  1.83202943E-01  1.78062995E-01  1.73077002E-01  1.67736023E-01  1.62360084E-01  1.56981144E-01  1.51514495E-01  1.46125624E-01  1.40661930E-01  1.35168115E-01  1.29735677E-01  1.24355018E-01  1.18751614E-01  1.13505466E-01  1.08143344E-01  1.02829182E-01  9.76393111E-02  9.25356160E-02  8.74854453E-02  8.25468782E-02  7.77419964E-02  7.30612361E-02  6.84522270E-02  6.40181251E-02  5.97708671E-02  5.55581157E-02  5.15776559E-02  4.76803957E-02  4.40346514E-02  4.05102588E-02  3.71370318E-02  3.40045075E-02  3.09455727E-02  2.81337434E-02  2.54202811E-02  2.29355254E-02  2.05860591E-02  1.84049791E-02  1.64025415E-02  1.45507267E-02  1.28408505E-02  1.12696088E-02  9.83380120E-03  8.55939975E-03  7.38744683E-03  6.34723016E-03  5.41704993E-03  4.59157397E-03  3.85857994E-03  3.22791133E-03  2.66841450E-03  2.19761596E-03  1.78725554E-03  1.44490475E-03  1.15628529E-03  9.08902994E-04  7.15427377E-04  5.47627678E-04  4.16732584E-04  3.14565439E-04  2.34070297E-04  1.71397036E-04  1.23713099E-04  8.66548301E-05  6.04256209E-05  4.03409664E-05  2.85218653E-05  1.93988897E-05  1.29421828E-05  8.14440132E-06  5.34256114E-06  3.30956318E-06  2.03872665E-06  1.08024367E-06  6.34209178E-07  3.87931070E-07  2.04009711E-07  9.45175250E-08  4.36484817E-08  2.28352763E-08  7.51372805E-09  5.25968490E-10  7.49675987E-09  0.00000000E+00  0.00000000E+00  0.00000000E+00  0.00000000E+00  0.00000000E+00  0.00000000E+00  0.00000000E+00  0.00000000E+00  0.00000000E+00  0.00000000E+00  0.00000000E+00  0.00000000E+00  0.00000000E+00  0.00000000E+00  0.00000000E+00  0.00000000E+00  0.00000000E+00  0.00000000E+00  0.00000000E+00  0.00000000E+00  0.00000000E+00  0.00000000E+00  0.00000000E+00  0.00000000E+00  0.00000000E+00  0.00000000E+00  0.00000000E+00  0.00000000E+00  0.00000000E+00  0.00000000E+00  0.00000000E+00  0.00000000E+00  0.00000000E+00  0.00000000E+00  0.00000000E+00  0.00000000E+00  0.00000000E+00  0.00000000E+00  0.00000000E+00  0.00000000E+00  0.00000000E+00  0.00000000E+00  0.00000000E+00  0.00000000E+00  0.00000000E+00  0.00000000E+00  0.00000000E+00  0.00000000E+00  0.00000000E+00  0.00000000E+00  0.00000000E+00  0.00000000E+00  0.00000000E+00  0.00000000E+00  0.00000000E+00  0.00000000E+00  0.00000000E+00  0.00000000E+00  0.00000000E+00  0.00000000E+00  0.00000000E+00  0.00000000E+00  0.00000000E+00  0.00000000E+00  0.00000000E+00  0.00000000E+00  0.00000000E+00  0.00000000E+00  0.00000000E+00  0.00000000E+00  0.00000000E+00  0.00000000E+00  0.00000000E+00  0.00000000E+00  0.00000000E+00  0.00000000E+00  0.00000000E+00  0.00000000E+00  0.00000000E+00  0.00000000E+00  0.00000000E+00  0.00000000E+00  0.00000000E+00  0.00000000E+00  0.00000000E+00  0.00000000E+00  0.00000000E+00  0.00000000E+00  0.00000000E+00  0.00000000E+00
  2.61545728E-01  2.61858234E-01  2.61207228E-01  2.60906405E-01  2.59726407E-01  2.59000005E-01  2.57185420E-01  2.55797853E-01  2.53862395E-01  2.52066235E-01  2.49723665E-01  2.47072264E-01  2.44293530E-01  2.41444448E-01  2.38464657E-01  2.35087899E-01  2.31674294E-01  2.27961221E-01  2.24308526E-01  2.20348831E-01  2.16239984E-01  2.11825790E-01  2.07522717E-01  2.02715268E-01  1.98158543E-01  1.93269601E-01  1.88503910E-01  1.83273886E-01  1.78200557E-01  1.72983123E-01  1.67755170E-01  1.62348013E-01  1.57028037E-01  1.51602907E-01  1.46113684E-01  1.40672463E-01  1.35167168E-01  1.29720880E-01  1.24260049E-01  1.18854502E-01  1.13463582E-01  1.08080417E-01  1.02896938E-01  9.76727224E-02  9.25105238E-02  8.74363979E-02  8.25698169E-02  7.76944368E-02  7.30428300E-02  6.84389853E-02  6.39532125E-02  5.96879482E-02  5.55260510E-02  5.15038265E-02  4.76499816E-02  4.39983393E-02  4.04459056E-02  3.71250836E-02  3.39663104E-02  3.09459641E-02  2.81136169E-02  2.54354799E-02  2.29186447E-02  2.05968319E-02  1.83988369E-02  1.64122859E-02  1.45372653E-02  1.28202993E-02  1.12550118E-02  9.83761984E-03  8.54539623E-03  7.38837847E-03  6.33659463E-03  5.40880862E-03  4.58868453E-03  3.85829110E-03  3.23017937E-03  2.67254777E-03  2.19750359E-03  1.78493502E-03  1.44638579E-03  1.15180626E-03  9.06104496E-04  7.09067718E-04  5.48135739E-04  4.15826354E-04  3.13355984E-04  2.32844135E-04  1.66295841E-04  1.21967484E-04  8.60439556E-05  6.02513626E-05  4.21016126E-05  2.83737325E-05  1.85647844E-05  1.23834165E-05  8.10762101E-06  5.32133118E-06  3.45780333E-06  2.03034285E-06  1.16721352E-06  7.10852841E-07  3.44020568E-07  1.99612072E-07  1.39608609E-07  6.01620071E-08  3.65325727E-08  1.17922214E-08  2.42564788E-10  0.00000000E+00  2.38174475E-10  0.00000000E+00  0.00000000E+00  0.00000000E+00  0.00000000E+00  0.00000000E+00  0.00000000E+00  0.00000000E+00  0.00000000E+00  0.00000000E+00  0.00000000E+00  0.00000000E+00  0.00000000E+00  0.00000000E+00  0.00000000E+00  0.00000000E+00  0.00000000E+00  0.00000000E+00  0.00000000E+00  0.00000000E+00  0.00000000E+00  0.00000000E+00  0.00000000E+00  0.00000000E+00  0.00000000E+00  0.00000000E+00  0.00000000E+00  0.00000000E+00  0.00000000E+00  0.00000000E+00  0.00000000E+00  0.00000000E+00  0.00000000E+00  0.00000000E+00  0.00000000E+00  0.00000000E+00  0.00000000E+00  0.00000000E+00  0.00000000E+00  0.00000000E+00  0.00000000E+00  0.00000000E+00  0.00000000E+00  0.00000000E+00  0.00000000E+00  0.00000000E+00  0.00000000E+00  0.00000000E+00  0.00000000E+00  0.00000000E+00  0.00000000E+00  0.00000000E+00  0.00000000E+00  0.00000000E+00  0.00000000E+00  0.00000000E+00  0.00000000E+00  0.00000000E+00  0.00000000E+00  0.00000000E+00  0.00000000E+00  0.00000000E+00  0.00000000E+00  0.00000000E+00  0.00000000E+00  0.00000000E+00  0.00000000E+00  0.00000000E+00  0.00000000E+00  0.00000000E+00  0.00000000E+00  0.00000000E+00  0.00000000E+00  0.00000000E+00  0.00000000E+00  0.00000000E+00  0.00000000E+00  0.00000000E+00  0.00000000E+00  0.00000000E+00  0.00000000E+00  0.00000000E+00  0.00000000E+00  0.00000000E+00  0.00000000E+00  0.00000000E+00  0.00000000E+00  0.00000000E+00  0.00000000E+00  0.00000000E+00
  2.61757142E-01  2.62133888E-01  2.61265917E-01  2.60877208E-01  2.59815750E-01  2.58463762E-01  2.57120822E-01  2.55568251E-01  2.53610441E-01  2.51994965E-01  2.49420492E-01  2.46934435E-01  2.44264957E-01  2.41397609E-01  2.38386583E-01  2.35110174E-01  2.31613615E-01  2.27963310E-01  2.24039588E-01  2.20277794E-01  2.16112158E-01  2.11913248E-01  2.07403822E-01  2.02862307E-01  1.97997783E-01  1.93321810E-01  1.88381764E-01  1.83349922E-01  1.78236425E-01  1.72989783E-01  1.67815705E-01  1.62398861E-01  1.57030395E-01  1.51552298E-01  1.46096721E-01  1.40631574E-01  1.35169296E-01  1.29661914E-01  1.24193303E-01  1.18832806E-01  1.13505300E-01  1.08112957E-01  1.02807873E-01  9.76323845E-02  9.25089308E-02  8.74483060E-02  8.25309283E-02  7.77194296E-02  7.30212509E-02  6.84843790E-02  6.40359452E-02  5.97018277E-02  5.55609715E-02  5.15418955E-02  4.77223279E-02  4.40556701E-02  4.05061505E-02  3.71612821E-02  3.39881416E-02  3.09953023E-02  2.81220290E-02  2.54477181E-02  2.29361360E-02  2.05944208E-02  1.84127463E-02  1.64093202E-02  1.45170218E-02  1.28228867E-02  1.12579313E-02  9.84499798E-03  8.55769762E-03  7.38627421E-03  6.34410212E-03  5.41830622E-03  4.57779006E-03  3.86928447E-03  3.22519929E-03  2.68143456E-03  2.18900570E-03  1.78496149E-03  1.44644243E-03  1.15135537E-03  9.08393553E-04  7.07339461E-04  5.50474602E-04  4.16288592E-04  3.13632178E-04  2.33730195E-04  1.68623277E-04  1.22986999E-04  8.75431806E-05  6.12857745E-05  4.18292720E-05  2.77632971E-05  1.93206619E-05  1.23898184E-05  8.25377545E-06  5.09466106E-06  3.41530386E-06  2.11786765E-06  1.17981406E-06  7.71311240E-07  4.14976916E-07  1.93646921E-07  1.11415859E-07  3.70929178E-08  3.43032614E-08  6.27210698E-09  7.43278964E-09  2.01227058E-09  4.22740715E-09  0.00000000E+00  0.00000000E+00  0.00000000E+00  0.00000000E+00  0.00000000E+00  0.00000000E+00  0.00000000E+00  0.00000000E+00  0.00000000E+00  0.00000000E+00  0.00000000E+00  0.00000000E+00  0.00000000E+00  0.00000000E+00  0.00000000E+00  0.00000000E+00  0.00000000E+00  0.00000000E+00  0.00000000E+00  0.00000000E+00  0.00000000E+00  0.00000000E+00  0.00000000E+00  0.00000000E+00  0.00000000E+00  0.00000000E+00  0.00000000E+00  0.00000000E+00  0.00000000E+00  0.00000000E+00  0.00000000E+00  0.00000000E+00  0.00000000E+00  0.00000000E+00  0.00000000E+00  0.00000000E+00  0.00000000E+00  0.00000000E+00  0.00000000E+00  0.00000000E+00  0.00000000E+00  0.00000000E+00  0.00000000E+00  0.00000000E+00  0.00000000E+00  0.00000000E+00  0.00000000E+00  0.00000000E+00  0.00000000E+00  0.00000000E+00  0.00000000E+00  0.00000000E+00  0.00000000E+00  0.00000000E+00  0.00000000E+00  0.00000000E+00  0.00000000E+00  0.00000000E+00  0.00000000E+00  0.00000000E+00  0.00000000E+00  0.00000000E+00  0.00000000E+00  0.00000000E+00  0.00000000E+00  0.00000000E+00  0.00000000E+00  0.00000000E+00  0.00000000E+00  0.00000000E+00  0.00000000E+00  0.00000000E+00  0.00000000E+00  0.00000000E+00  0.00000000E+00  0.00000000E+00  0.00000000E+00  0.00000000E+00  0.00000000E+00  0.00000000E+00  0.00000000E+00  0.00000000E+00  0.00000000E+00  0.00000000E+00  0.00000000E+00  0.00000000E+00  0.00000000E+00  0.00000000E+00  0.00000000E+00
  2.61359712E-01  2.62314505E-01  2.61322982E-01  2.60808709E-01  2.59919491E-01  2.58690133E-01  2.57554897E-01  2.55912815E-01  2.53796108E-01  2.51977344E-01  2.49570311E-01  2.47296054E-01  2.44640433E-01  2.41725436E-01  2.38549890E-01  2.35298028E-01  2.31798974E-01  2.28165979E-01  2.24327311E-01  2.20319706E-01  2.16152171E-01  2.11959746E-01  2.07472265E-01  2.02810613E-01  1.98115428E-01  1.93392815E-01  1.88368641E-01  1.83320978E-01  1.78340152E-01  1.73028739E-01  1.67739213E-01  1.62410547E-01  1.56943064E-01  1.51514555E-01  1.46100809E-01  1.40647307E-01  1.35168152E-01  1.29671976E-01  1.24201558E-01  1.18807852E-01  1.13468778E-01  1.08098551E-01  1.02850851E-01  9.76178588E-02  9.24026437E-02  8.74498732E-02  8.24984776E-02  7.76982327E-02  7.29776757E-02  6.84429589E-02  6.39421526E-02  5.97058414E-02  5.55457640E-02  5.15252595E-02  4.76604642E-02  4.40484098E-02  4.04789369E-02  3.71544732E-02  3.39625138E-02  3.09273966E-02  2.80951255E-02  2.54196390E-02  2.29150329E-02  2.05873793E-02  1.84000344E-02  1.63973925E-02  1.45161445E-02  1.28195126E-02  1.12615277E-02  9.83444666E-03  8.52908884E-03  7.38425391E-03  6.33989471E-03  5.40622580E-03  4.57775925E-03  3.84875655E-03  3.22475058E-03  2.66792258E-03  2.18982207E-03  1.78713072E-03  1.43546605E-03  1.14911237E-03  9.05783586E-04  7.08432257E-04  5.43957339E-04  4.16397149E-04  3.10913747E-04  2.30736172E-04  1.68159117E-04  1.21963137E-04  8.68814274E-05  6.01171586E-05  4.16657067E-05  2.84422298E-05  1.89766829E-05  1.24183822E-05  8.10111289E-06  5.13829751E-06  3.28898019E-06  1.93907091E-06  1.28345950E-06  6.62333717E-07  4.15747944E-07  2.21802818E-07  1.00061596E-07  5.24372831E-08  1.93139132E-08  6.76049479E-09  3.40998564E-09  0.00000000E+00  0.00000000E+00  0.00000000E+00  0.00000000E+00  0.00000000E+00  0.00000000E+00  0.00000000E+00  0.00000000E+00  0.00000000E+00  0.00000000E+00  0.00000000E+00  0.00000000E+00  0.00000000E+00  0.00000000E+00  0.00000000E+00  0.00000000E+00  0.00000000E+00  0.00000000E+00  0.00000000E+00  0.00000000E+00  0.00000000E+00  0.00000000E+00  0.00000000E+00  0.00000000E+00  0.00000000E+00  0.00000000E+00  0.00000000E+00  0.00000000E+00  0.00000000E+00  0.00000000E+00  0.00000000E+00  0.00000000E+00  0.00000000E+00  0.00000000E+00  0.00000000E+00  0.00000000E+00  0.00000000E+00  0.00000000E+00  0.00000000E+00  0.00000000E+00  0.00000000E+00  0.00000000E+00  0.00000000E+00  0.00000000E+00  0.00000000E+00  0.00000000E+00  0.00000000E+00  0.00000000E+00  0.00000000E+00  0.00000000E+00  0.00000000E+00  0.00000000E+00  0.00000000E+00  0.00000000E+00  0.00000000E+00  0.00000000E+00  0.00000000E+00  0.00000000E+00  0.00000000E+00  0.00000000E+00  0.00000000E+00  0.00000000E+00  0.00000000E+00  0.00000000E+00  0.00000000E+00  0.00000000E+00  0.00000000E+00  0.00000000E+00  0.00000000E+00  0.00000000E+00  0.00000000E+00  0.00000000E+00  0.00000000E+00  0.00000000E+00  0.00000000E+00  0.00000000E+00  0.00000000E+00  0.00000000E+00  0.00000000E+00  0.00000000E+00  0.00000000E+00  0.00000000E+00  0.00000000E+00  0.00000000E+00  0.00000000E+00  0.00000000E+00  0.00000000E+00  0.00000000E+00  0.00000000E+00  0.00000000E+00  0.00000000E+00
  2.61774690E-01  2.62051101E-01  2.61022053E-01  2.60568404E-01  2.59846666E-01  2.58471057E-01  2.57366814E-01  2.55858470E-01  2.53931251E-01  2.51948901E-01  2.49947471E-01  2.47220093E-01  2.44423162E-01  2.41508075E-01  2.38572673E-01  2.35294012E-01  2.31694514E-01  2.27998369E-01  2.24278605E-01  2.20320763E-01  2.16205458E-01  2.11913774E-01  2.07385277E-01  2.02828081E-01  1.98153133E-01  1.93323585E-01  1.88346792E-01  1.83467632E-01  1.78264702E-01  1.72966755E-01  1.67731021E-01  1.62407050E-01  1.57068613E-01  1.51592312E-01  1.46030910E-01  1.40655613E-01  1.35092602E-01  1.29714827E-01  1.24216798E-01  1.18720039E-01  1.13412853E-01  1.08101374E-01  1.02804749E-01  9.75979111E-02  9.25102532E-02  8.73881928E-02  8.25358422E-02  7.77258559E-02  7.29990968E-02  6.84587192E-02  6.39763456E-02  5.97470628E-02  5.55500532E-02  5.15359362E-02  4.77152991E-02  4.39949162E-02  4.04778283E-02  3.71208462E-02  3.39909925E-02  3.09534537E-02  2.80879452E-02  2.54020876E-02  2.29235647E-02  2.05958288E-02  1.84084781E-02  1.63863892E-02  1.45224531E-02  1.28132370E-02  1.12639464E-02  9.83664158E-03  8.53015182E-03  7.39917537E-03  6.33529502E-03  5.41427907E-03  4.58625830E-03  3.85948066E-03  3.24506142E-03  2.67401626E-03  2.19091973E-03  1.78333062E-03  1.43770476E-03  1.15085175E-03  9.08383614E-04  7.11791816E-04  5.49789352E-04  4.16475255E-04  3.16499300E-04  2.33499760E-04  1.69065978E-04  1.24211583E-04  8.73808795E-05  6.06723306E-05  4.14811183E-05  2.84723295E-05  1.89729251E-05  1.26946542E-05  8.43453304E-06  5.14178036E-06  3.00899633E-06  1.89588034E-06  1.22915138E-06  6.88197702E-07  3.95269042E-07  1.79181282E-07  1.21756224E-07  3.44993690E-08  2.06124435E-08  5.67695454E-09  0.00000000E+00  0.00000000E+00  0.00000000E+00  0.00000000E+00  0.00000000E+00  0.00000000E+00  0.00000000E+00  0.00000000E+00  0.00000000E+00  0.00000000E+00  0.00000000E+00  0.00000000E+00  0.00000000E+00  0.00000000E+00  0.00000000E+00  0.00000000E+00  0.00000000E+00  0.00000000E+00  0.00000000E+00  0.00000000E+00  0.00000000E+00  0.00000000E+00  0.00000000E+00  0.00000000E+00  0.00000000E+00  0.00000000E+00  0.00000000E+00  0.00000000E+00  0.00000000E+00  0.00000000E+00  0.00000000E+00  0.00000000E+00  0.00000000E+00  0.00000000E+00  0.00000000E+00  0.00000000E+00  0.00000000E+00  0.00000000E+00  0.00000000E+00  0.00000000E+00  0.00000000E+00  0.00000000E+00  0.00000000E+00  0.00000000E+00  0.00000000E+00  0.00000000E+00  0.00000000E+00  0.00000000E+00  0.00000000E+00  0.00000000E+00  0.00000000E+00  0.00000000E+00  0.00000000E+00  0.00000000E+00  0.00000000E+00  0.00000000E+00  0.00000000E+00  0.00000000E+00  0.00000000E+00  0.00000000E+00  0.00000000E+00  0.00000000E+00  0.00000000E+00  0.00000000E+00  0.00000000E+00  0.00000000E+00  0.00000000E+00  0.00000000E+00  0.00000000E+00  0.00000000E+00  0.00000000E+00  0.00000000E+00  0.00000000E+00  0.00000000E+00  0.00000000E+00  0.00000000E+00  0.00000000E+00  0.00000000E+00  0.00000000E+00  0.00000000E+00  0.00000000E+00  0.00000000E+00  0.00000000E+00  0.00000000E+00  0.00000000E+00  0.00000000E+00  0.00000000E+00  0.00000000E+00  0.00000000E+00  0.00000000E+00  0.00000000E+00  0.00000000E+00
  2.67052481E-01  2.66946788E-01  2.66602983E-01  2.65857766E-01  2.64687985E-01  2.63662963E-01  2.62434756E-01  2.60659155E-01  2.58778306E-01  2.56996236E-01  2.54882048E-01  2.52138387E-01  2.49569226E-01  2.46472760E-01  2.43546853E-01  2.40412002E-01  2.36689091E-01  2.33124698E-01  2.29440142E-01  2.25256054E-01  2.21223990E-01  2.16903547E-01  2.12624651E-01  2.08041365E-01  2.03271321E-01  1.98363764E-01  1.93398520E-01  1.88438363E-01  1.83207471E-01  1.78007984E-01  1.72701572E-01  1.67289147E-01  1.61875507E-01  1.56368148E-01  1.50822816E-01  1.45205705E-01  1.39640555E-01  1.34110175E-01  1.28610421E-01  1.23020176E-01  1.17584634E-01  1.12122338E-01  1.06745681E-01  1.01420479E-01  9.60985947E-02  9.09836390E-02  8.59378295E-02  8.09451984E-02  7.61338432E-02  7.14337925E-02  6.68366134E-02  6.23912539E-02  5.80533612E-02  5.39098160E-02  4.99257529E-02  4.61272426E-02  4.24661896E-02  3.89857572E-02  3.56999714E-02  3.25462301E-02  2.95552001E-02  2.67740742E-02  2.41736157E-02  2.16963663E-02  1.94385493E-02  1.73171455E-02  1.53723497E-02  1.35831757E-02  1.19251208E-02  1.04326636E-02  9.06876921E-03  7.83027475E-03  6.73357579E-03  5.73239518E-03  4.86269735E-03  4.10869756E-03  3.42867141E-03  2.83781183E-03  2.33869313E-03  1.89597501E-03  1.53638723E-03  1.22985851E-03  9.68099865E-04  7.56678339E-04  5.81042824E-04  4.44205633E-04  3.32358301E-04  2.48654417E-04  1.80598098E-04  1.30547862E-04  9.29184457E-05  6.48229551E-05  4.37655265E-05  3.03111826E-05  2.03212806E-05  1.35865751E-05  8.67279345E-06  5.66191363E-06  3.32441165E-06  2.14473959E-06  1.30256769E-06  7.30130094E-07  4.39431413E-07  1.96297259E-07  7.45867462E-08  5.86741788E-08  2.67458734E-08  6.53126019E-09  1.01571135E-08  2.23201410E-09  0.00000000E+00  0.00000000E+00  0.00000000E+00  0.00000000E+00  0.00000000E+00  0.00000000E+00  0.00000000E+00  0.00000000E+00  0.00000000E+00  0.00000000E+00  0.00000000E+00  0.00000000E+00  0.00000000E+00  0.00000000E+00  0.00000000E+00  0.00000000E+00  0.00000000E+00  0.00000000E+00  0.00000000E+00  0.00000000E+00  0.00000000E+00  0.00000000E+00  0.00000000E+00  0.00000000E+00  0.00000000E+00  0.00000000E+00  0.00000000E+00  0.00000000E+00  0.00000000E+00  0.00000000E+00  0.00000000E+00  0.00000000E+00  0.00000000E+00  0.00000000E+00  0.00000000E+00  0.00000000E+00  0.00000000E+00  0.00000000E+00  0.00000000E+00  0.00000000E+00  0.00000000E+00  0.00000000E+00  0.00000000E+00  0.00000000E+00  0.00000000E+00  0.00000000E+00  0.00000000E+00  0.00000000E+00  0.00000000E+00  0.00000000E+00  0.00000000E+00  0.00000000E+00  0.00000000E+00  0.00000000E+00  0.00000000E+00  0.00000000E+00  0.00000000E+00  0.00000000E+00  0.00000000E+00  0.00000000E+00  0.00000000E+00  0.00000000E+00  0.00000000E+00  0.00000000E+00  0.00000000E+00  0.00000000E+00  0.00000000E+00  0.00000000E+00  0.00000000E+00  0.00000000E+00  0.00000000E+00  0.00000000E+00  0.00000000E+00  0.00000000E+00  0.00000000E+00  0.00000000E+00  0.00000000E+00  0.00000000E+00  0.00000000E+00  0.00000000E+00  0.00000000E+00  0.00000000E+00  0.00000000E+00  0.00000000E+00  0.00000000E+00  0.00000000E+00  0.00000000E+00  0.00000000E+00  0.00000000E+00  0.00000000E+00
  2.61918576E-01  2.62248944E-01  2.61183611E-01  2.60196546E-01  2.59442088E-01  2.58330842E-01  2.57272768E-01  2.55361846E-01  2.53748859E-01  2.51778294E-01  2.49442289E-01  2.46846854E-01  2.44312890E-01  2.41432258E-01  2.38235555E-01  2.35027522E-01  2.31745941E-01  2.27982724E-01  2.24250835E-01  2.20103521E-01  2.16005742E-01  2.11789047E-01  2.07272025E-01  2.02669530E-01  1.98047127E-01  1.93233128E-01  1.88208219E-01  1.83226976E-01  1.78118625E-01  1.72972175E-01  1.67767201E-01  1.62312666E-01  1.57018019E-01  1.51530615E-01  1.46254467E-01  1.40702046E-01  1.35129987E-01  1.29688439E-01  1.24304087E-01  1.18876102E-01  1.13405995E-01  1.08159550E-01  1.02869805E-01  9.76320319E-02  9.25516308E-02  8.74913200E-02  8.25265552E-02  7.77634197E-02  7.30474655E-02  6.84682098E-02  6.40364270E-02  5.97315105E-02  5.55782076E-02  5.15737084E-02  4.77298793E-02  4.40268555E-02  4.05263949E-02  3.71436001E-02  3.39750811E-02  3.09792671E-02  2.81377356E-02  2.54869170E-02  2.29293410E-02  2.06072323E-02  1.84412962E-02  1.64050053E-02  1.45340621E-02  1.28401588E-02  1.12805066E-02  9.85510114E-03  8.58880650E-03  7.40177612E-03  6.34766860E-03  5.42466275E-03  4.59002452E-03  3.86474385E-03  3.22651137E-03  2.67729356E-03  2.19776074E-03  1.79317079E-03  1.44008323E-03  1.15584331E-03  9.09914230E-04  7.07607935E-04  5.48101988E-04  4.17548385E-04  3.15055627E-04  2.29519803E-04  1.71661420E-04  1.21510089E-04  8.73623990E-05  6.01564076E-05  4.19783495E-05  2.82835976E-05  1.92544984E-05  1.26786404E-05  8.16638045E-06  5.19512883E-06  3.27242365E-06  2.04061462E-06  1.14646090E-06  7.75640835E-07  4.41602542E-07  1.93070063E-07  1.16049659E-07  5.86239101E-08  2.02408535E-08  5.04389709E-09  1.30013907E-09  2.33498151E-09  0.00000000E+00  1.58144719E-10  0.00000000E+00  0.00000000E+00  0.00000000E+00  0.00000000E+00  0.00000000E+00  0.00000000E+00  0.00000000E+00  0.00000000E+00  0.00000000E+00  0.00000000E+00  0.00000000E+00  0.00000000E+00  0.00000000E+00  0.00000000E+00  0.00000000E+00  0.00000000E+00  0.00000000E+00  0.00000000E+00  0.00000000E+00  0.00000000E+00  0.00000000E+00  0.00000000E+00  0.00000000E+00  0.00000000E+00  0.00000000E+00  0.00000000E+00  0.00000000E+00  0.00000000E+00  0.00000000E+00  0.00000000E+00  0.00000000E+00  0.00000000E+00  0.00000000E+00  0.00000000E+00  0.00000000E+00  0.00000000E+00  0.00000000E+00  0.00000000E+00  0.00000000E+00  0.00000000E+00  0.00000000E+00  0.00000000E+00  0.00000000E+00  0.00000000E+00  0.00000000E+00  0.00000000E+00  0.00000000E+00  0.00000000E+00  0.00000000E+00  0.00000000E+00  0.00000000E+00  0.00000000E+00  0.00000000E+00  0.00000000E+00  0.00000000E+00  0.00000000E+00  0.00000000E+00  0.00000000E+00  0.00000000E+00  0.00000000E+00  0.00000000E+00  0.00000000E+00  0.00000000E+00  0.00000000E+00  0.00000000E+00  0.00000000E+00  0.00000000E+00  0.00000000E+00  0.00000000E+00  0.00000000E+00  0.00000000E+00  0.00000000E+00  0.00000000E+00  0.00000000E+00  0.00000000E+00  0.00000000E+00  0.00000000E+00  0.00000000E+00  0.00000000E+00  0.00000000E+00  0.00000000E+00  0.00000000E+00  0.00000000E+00  0.00000000E+00  0.00000000E+00  0.00000000E+00  0.00000000E+00  0.00000000E+00
  2.62108438E-01  2.61945601E-01  2.61761418E-01  2.60867395E-01  2.59713679E-01  2.58501415E-01  2.57432410E-01  2.55800737E-01  2.53814681E-01  2.51990663E-01  2.49635625E-01  2.47307625E-01  2.44330487E-01  2.41611252E-01  2.38439469E-01  2.35236773E-01  2.31759589E-01  2.28186215E-01  2.24235677E-01  2.20368865E-01  2.16323359E-01  2.11954606E-01  2.07394939E-01  2.02836754E-01  1.98129652E-01  1.93298789E-01  1.88349781E-01  1.83346874E-01  1.78217805E-01  1.73059512E-01  1.67694482E-01  1.62452189E-01  1.57011813E-01  1.51575411E-01  1.46093728E-01  1.40702110E-01  1.35190762E-01  1.29717983E-01  1.24249903E-01  1.18839499E-01  1.13427011E-01  1.08147793E-01  1.02827887E-01  9.76137313E-02  9.24470815E-02  8.74300810E-02  8.25564352E-02  7.77447914E-02  7.30153007E-02  6.84409770E-02  6.39665256E-02  5.96540283E-02  5.55460574E-02  5.15389933E-02  4.76754091E-02  4.39675869E-02  4.04626911E-02  3.71209642E-02  3.39540376E-02  3.09657249E-02  2.80916163E-02  2.54233047E-02  2.29015491E-02  2.05617917E-02  1.84012865E-02  1.63835191E-02  1.45267747E-02  1.28259448E-02  1.12573351E-02  9.82803032E-03  8.54956032E-03  7.38191758E-03  6.33311516E-03  5.41721137E-03  4.57549494E-03  3.86117188E-03  3.22004541E-03  2.66242283E-03  2.19083859E-03  1.78093655E-03  1.44162476E-03  1.15024029E-03  9.08757787E-04  7.06826153E-04  5.43173382E-04  4.14214511E-04  3.13331130E-04  2.31323436E-04  1.70160643E-04  1.23151631E-04  8.69782352E-05  6.16173381E-05  4.18309732E-05  2.80279937E-05  1.90301089E-05  1.21329904E-05  8.38799725E-06  5.27934711E-06  3.39504960E-06  2.07384192E-06  1.08894037E-06  8.04618835E-07  4.48117803E-07  2.24991072E-07  1.21636489E-07  5.54433804E-08  2.37043918E-08  5.09982811E-09  1.30395486E-09  1.09016432E-09  0.00000000E+00  0.00000000E+00  0.00000000E+00  0.00000000E+00  0.00000000E+00  0.00000000E+00  0.00000000E+00  0.00000000E+00  0.00000000E+00  0.00000000E+00  0.00000000E+00  0.00000000E+00  0.00000000E+00  0.00000000E+00  0.00000000E+00  0.00000000E+00  0.00000000E+00  0.00000000E+00  0.00000000E+00  0.00000000E+00  0.00000000E+00  0.00000000E+00  0.00000000E+00  0.00000000E+00  0.00000000E+00  0.00000000E+00  0.00000000E+00  0.00000000E+00  0.00000000E+00  0.00000000E+00  0.00000000E+00  0.00000000E+00  0.00000000E+00  0.00000000E+00  0.00000000E+00  0.00000000E+00  0.00000000E+00  0.00000000E+00  0.00000000E+00  0.00000000E+00  0.00000000E+00  0.00000000E+00  0.00000000E+00  0.00000000E+00  0.00000000E+00  0.00000000E+00  0.00000000E+00  0.00000000E+00  0.00000000E+00  0.00000000E+00  0.00000000E+00  0.00000000E+00  0.00000000E+00  0.00000000E+00  0.00000000E+00  0.00000000E+00  0.00000000E+00  0.00000000E+00  0.00000000E+00  0.00000000E+00  0.00000000E+00  0.00000000E+00  0.00000000E+00  0.00000000E+00  0.00000000E+00  0.00000000E+00  0.00000000E+00  0.00000000E+00  0.00000000E+00  0.00000000E+00  0.00000000E+00  0.00000000E+00  0.00000000E+00  0.00000000E+00  0.00000000E+00  0.00000000E+00  0.00000000E+00  0.00000000E+00  0.00000000E+00  0.00000000E+00  0.00000000E+00  0.00000000E+00  0.00000000E+00  0.00000000E+00  0.00000000E+00  0.00000000E+00  0.00000000E+00  0.00000000E+00  0.00000000E+00  0.00000000E+00
  2.62010250E-01  2.61627691E-01  2.61714554E-01  2.60903881E-01  2.59592547E-01  2.58592530E-01  2.57279087E-01  2.55536285E-01  2.53912503E-01  2.51697202E-01  2.49460379E-01  2.47197124E-01  2.44295191E-01  2.41531644E-01  2.38307342E-01  2.35060776E-01  2.31518196E-01  2.28101637E-01  2.24297091E-01  2.20246074E-01  2.16083945E-01  2.11886560E-01  2.07449037E-01  2.02924939E-01  1.98193115E-01  1.93222362E-01  1.88418167E-01  1.83314167E-01  1.78267416E-01  1.73020534E-01  1.67753857E-01  1.62384412E-01  1.57055996E-01  1.51643028E-01  1.46164407E-01  1.40745123E-01  1.35263560E-01  1.29722283E-01  1.24266076E-01  1.18908767E-01  1.13455791E-01  1.08121142E-01  1.02831629E-01  9.77049103E-02  9.24803007E-02  8.74961173E-02  8.25678862E-02  7.77044620E-02  7.30037497E-02  6.84574675E-02  6.39542206E-02  5.96953969E-02  5.55590572E-02  5.15486004E-02  4.76895858E-02  4.40233822E-02  4.04815127E-02  3.71278762E-02  3.39575800E-02  3.09438681E-02  2.81038232E-02  2.54435410E-02  2.29028733E-02  2.05868591E-02  1.84034933E-02  1.63910551E-02  1.45302353E-02  1.28080389E-02  1.12493237E-02  9.80440779E-03  8.53253652E-03  7.36638792E-03  6.32759791E-03  5.40446077E-03  4.58147021E-03  3.85259624E-03  3.21217395E-03  2.66010165E-03  2.19091641E-03  1.78192534E-03  1.43899775E-03  1.14562166E-03  9.07088071E-04  7.09268564E-04  5.46738553E-04  4.15356055E-04  3.13024491E-04  2.31542802E-04  1.68366791E-04  1.20568130E-04  8.55366781E-05  6.02354513E-05  4.19704375E-05  2.77900399E-05  1.88465353E-05  1.28196564E-05  8.14361485E-06  5.20238437E-06  3.37403066E-06  2.04353812E-06  1.22988275E-06  6.67005839E-07  3.28382205E-07  2.01560988E-07  8.32712867E-08  4.56194600E-08  2.42478799E-08  2.70097615E-09  7.29840643E-09  0.00000000E+00  0.00000000E+00  0.00000000E+00  0.00000000E+00  0.00000000E+00  0.00000000E+00  0.00000000E+00  0.00000000E+00  0.00000000E+00  0.00000000E+00  0.00000000E+00  0.00000000E+00  0.00000000E+00  0.00000000E+00  0.00000000E+00  0.00000000E+00  0.00000000E+00  0.00000000E+00  0.00000000E+00  0.00000000E+00  0.00000000E+00  0.00000000E+00  0.00000000E+00  0.00000000E+00  0.00000000E+00  0.00000000E+00  0.00000000E+00  0.00000000E+00  0.00000000E+00  0.00000000E+00  0.00000000E+00  0.00000000E+00  0.00000000E+00  0.00000000E+00  0.00000000E+00  0.00000000E+00  0.00000000E+00  0.00000000E+00  0.00000000E+00  0.00000000E+00  0.00000000E+00  0.00000000E+00  0.00000000E+00  0.00000000E+00  0.00000000E+00  0.00000000E+00  0.00000000E+00  0.00000000E+00  0.00000000E+00  0.00000000E+00  0.00000000E+00  0.00000000E+00  0.00000000E+00  0.00000000E+00  0.00000000E+00  0.00000000E+00  0.00000000E+00  0.00000000E+00  0.00000000E+00  0.00000000E+00  0.00000000E+00  0.00000000E+00  0.00000000E+00  0.00000000E+00  0.00000000E+00  0.00000000E+00  0.00000000E+00  0.00000000E+00  0.00000000E+00  0.00000000E+00  0.00000000E+00  0.00000000E+00  0.00000000E+00  0.00000000E+00  0.00000000E+00  0.00000000E+00  0.00000000E+00  0.00000000E+00  0.00000000E+00  0.00000000E+00  0.00000000E+00  0.00000000E+00  0.00000000E+00  0.00000000E+00  0.00000000E+00  0.00000000E+00  0.00000000E+00  0.00000000E+00  0.00000000E+00  0.00000000E+00  0.00000000E+00
  2.62069062E-01  2.61862607E-01  2.61181224E-01  2.60909693E-01  2.59914302E-01  2.58633632E-01  2.57237324E-01  2.55516807E-01  2.53748331E-01  2.51809915E-01  2.49577655E-01  2.46990903E-01  2.44316698E-01  2.41328088E-01  2.38470729E-01  2.35045619E-01  2.31634097E-01  2.27971795E-01  2.24154743E-01  2.20239577E-01  2.16006449E-01  2.11796820E-01  2.07360791E-01  2.02787810E-01  1.98068367E-01  1.93352627E-01  1.88347548E-01  1.83307469E-01  1.78190015E-01  1.73019313E-01  1.67792660E-01  1.62435989E-01  1.57020663E-01  1.51594519E-01  1.46064647E-01  1.40681032E-01  1.35169937E-01  1.29706638E-01  1.24268354E-01  1.18810494E-01  1.13471821E-01  1.08081669E-01  1.02881882E-01  9.76379340E-02  9.24981748E-02  8.75149339E-02  8.25389170E-02  7.77348267E-02  7.30012706E-02  6.84727633E-02  6.39703992E-02  5.97063728E-02  5.55291834E-02  5.15623183E-02  4.77126498E-02  4.39862337E-02  4.05006948E-02  3.71623456E-02  3.39968083E-02  3.09702571E-02  2.80982975E-02  2.54317928E-02  2.29359159E-02  2.05977504E-02  1.84316861E-02  1.64117562E-02  1.45516972E-02  1.28383318E-02  1.12652062E-02  9.84533909E-03  8.56101704E-03  7.38910843E-03  6.35264872E-03  5.40814660E-03  4.59339670E-03  3.85764195E-03  3.22470443E-03  2.67323307E-03  2.19508668E-03  1.78705729E-03  1.44491087E-03  1.14687149E-03  9.11819979E-04  7.11605256E-04  5.48343587E-04  4.16884251E-04  3.13773896E-04  2.30608602E-04  1.69075893E-04  1.22057518E-04  8.55472133E-05  6.01234105E-05  4.11863180E-05  2.84141444E-05  1.89929651E-05  1.26454701E-05  8.44776917E-06  5.21665969E-06  3.18648313E-06  1.87874385E-06  1.13197935E-06  6.89772988E-07  3.97919046E-07  1.63598140E-07  7.61464715E-08  4.10116608E-08  1.56383353E-08  1.02056157E-08  3.45173556E-09  0.00000000E+00  0.00000000E+00  2.88467122E-09  0.00000000E+00  0.00000000E+00  0.00000000E+00  0.00000000E+00  0.00000000E+00  0.00000000E+00  0.00000000E+00  0.00000000E+00  0.00000000E+00  0.00000000E+00  0.00000000E+00  0.00000000E+00  0.00000000E+00  0.00000000E+00  0.00000000E+00  0.00000000E+00  0.00000000E+00  0.00000000E+00  0.00000000E+00  0.00000000E+00  0.00000000E+00  0.00000000E+00  0.00000000E+00  0.00000000E+00  0.00000000E+00  0.00000000E+00  0.00000000E+00  0.00000000E+00  0.00000000E+00  0.00000000E+00  0.00000000E+00  0.00000000E+00  0.00000000E+00  0.00000000E+00  0.00000000E+00  0.00000000E+00  0.00000000E+00  0.00000000E+00  0.00000000E+00  0.00000000E+00  0.00000000E+00  0.00000000E+00  0.00000000E+00  0.00000000E+00  0.00000000E+00  0.00000000E+00  0.00000000E+00  0.00000000E+00  0.00000000E+00  0.00000000E+00  0.00000000E+00  0.00000000E+00  0.00000000E+00  0.00000000E+00  0.00000000E+00  0.00000000E+00  0.00000000E+00  0.00000000E+00  0.00000000E+00  0.00000000E+00  0.00000000E+00  0.00000000E+00  0.00000000E+00  0.00000000E+00  0.00000000E+00  0.00000000E+00  0.00000000E+00  0.00000000E+00  0.00000000E+00  0.00000000E+00  0.00000000E+00  0.00000000E+00  0.00000000E+00  0.00000000E+00  0.00000000E+00  0.00000000E+00  0.00000000E+00  0.00000000E+00  0.00000000E+00  0.00000000E+00  0.00000000E+00  0.00000000E+00  0.00000000E+00  0.00000000E+00  0.00000000E+00  0.00000000E+00  0.00000000E+00  0.00000000E+00
  2.62365783E-01  2.62166675E-01  2.61231898E-01  2.60791786E-01  2.59799857E-01  2.58461694E-01  2.57008203E-01  2.55363696E-01  2.53618762E-01  2.51536038E-01  2.49531328E-01  2.47204152E-01  2.44213709E-01  2.41379958E-01  2.38372425E-01  2.35144834E-01  2.31617111E-01  2.27931457E-01  2.24202624E-01  2.20226666E-01  2.16157837E-01  2.11885696E-01  2.07446767E-01  2.02844901E-01  1.98163884E-01  1.93308131E-01  1.88367593E-01  1.83329420E-01  1.78255153E-01  1.73114113E-01  1.67760199E-01  1.62346353E-01  1.56983052E-01  1.51591161E-01  1.46173891E-01  1.40653250E-01  1.35160654E-01  1.29676259E-01  1.24303402E-01  1.18814732E-01  1.13482683E-01  1.08140313E-01  1.02839165E-01  9.76457543E-02  9.25675589E-02  8.75056772E-02  8.25751432E-02  7.77235016E-02  7.30055134E-02  6.84461725E-02  6.40288959E-02  5.96862250E-02  5.55473854E-02  5.15378930E-02  4.77224025E-02  4.39959449E-02  4.05079305E-02  3.71590105E-02  3.39560877E-02  3.09599201E-02  2.80854793E-02  2.54201998E-02  2.29278450E-02  2.05972500E-02  1.84201425E-02  1.64018115E-02  1.45221238E-02  1.28312155E-02  1.12540856E-02  9.84365328E-03  8.55306325E-03  7.37638345E-03  6.34988101E-03  5.40503771E-03  4.58204329E-03  3.85206056E-03  3.22376106E-03  2.67348144E-03  2.19852078E-03  1.78613509E-03  1.43816721E-03  1.14746719E-03  9.08852369E-04  7.11666597E-04  5.47391967E-04  4.15276381E-04  3.11101122E-04  2.32916522E-04  1.67957281E-04  1.22287227E-04  8.73599334E-05  5.98647056E-05  4.21336327E-05  2.82015135E-05  1.92873449E-05  1.29523152E-05  8.11406339E-06  5.01824923E-06  3.34494951E-06  1.91972749E-06  1.25252685E-06  7.32141681E-07  4.41759257E-07  1.85782706E-07  9.21709432E-08  5.53291590E-08  2.51314170E-08  6.26535915E-09  6.89734877E-09  0.00000000E+00  4.38221228E-10  0.00000000E+00  0.00000000E+00  0.00000000E+00  0.00000000E+00  0.00000000E+00  0.00000000E+00  0.00000000E+00  0.00000000E+00  0.00000000E+00  0.00000000E+00  0.00000000E+00  0.00000000E+00  0.00000000E+00  0.00000000E+00  0.00000000E+00  0.00000000E+00  0.00000000E+00  0.00000000E+00  0.00000000E+00  0.00000000E+00  0.00000000E+00  0.00000000E+00  0.00000000E+00  0.00000000E+00  0.00000000E+00  0.00000000E+00  0.00000000E+00  0.00000000E+00  0.00000000E+00  0.00000000E+00  0.00000000E+00  0.00000000E+00  0.00000000E+00  0.00000000E+00  0.00000000E+00  0.00000000E+00  0.00000000E+00  0.00000000E+00  0.00000000E+00  0.00000000E+00  0.00000000E+00  0.00000000E+00  0.00000000E+00  0.00000000E+00  0.00000000E+00  0.00000000E+00  0.00000000E+00  0.00000000E+00  0.00000000E+00  0.00000000E+00  0.00000000E+00  0.00000000E+00  0.00000000E+00  0.00000000E+00  0.00000000E+00  0.00000000E+00  0.00000000E+00  0.00000000E+00  0.00000000E+00  0.00000000E+00  0.00000000E+00  0.00000000E+00  0.00000000E+00  0.00000000E+00  0.00000000E+00  0.00000000E+00  0.00000000E+00  0.00000000E+00  0.00000000E+00  0.00000000E+00  0.00000000E+00  0.00000000E+00  0.00000000E+00  0.00000000E+00  0.00000000E+00  0.00000000E+00  0.00000000E+00  0.00000000E+00  0.00000000E+00  0.00000000E+00  0.00000000E+00  0.00000000E+00  0.00000000E+00  0.00000000E+00  0.00000000E+00  0.00000000E+00  0.00000000E+00  0.00000000E+00  0.00000000E+00
  2.61704229E-01  2.61782811E-01  2.61586795E-01  2.60502567E-01  2.59583144E-01  2.58398252E-01  2.57629904E-01  2.55845347E-01  2.53975542E-01  2.51645895E-01  2.49462781E-01  2.46914064E-01  2.44534300E-01  2.41555388E-01  2.38235496E-01  2.35018769E-01  2.31664053E-01  2.28031327E-01  2.24293691E-01  2.20172028E-01  2.16194887E-01  2.11795456E-01  2.07477635E-01  2.02795232E-01  1.98120191E-01  1.93282211E-01  1.88192545E-01  1.83347303E-01  1.78165790E-01  1.72974329E-01  1.67684781E-01  1.62358708E-01  1.57001890E-01  1.51501801E-01  1.46142413E-01  1.40617855E-01  1.35149028E-01  1.29665314E-01  1.24267699E-01  1.18920888E-01  1.13502369E-01  1.08103201E-01  1.02834760E-01  9.76434970E-02  9.25164760E-02  8.74761529E-02  8.25374465E-02  7.77313739E-02  7.30336676E-02  6.84472366E-02  6.40004313E-02  5.97033992E-02  5.55688378E-02  5.15428948E-02  4.77182839E-02  4.39986678E-02  4.05064327E-02  3.71235553E-02  3.39734548E-02  3.09476523E-02  2.81314032E-02  2.54671837E-02  2.29449790E-02  2.05969286E-02  1.84193203E-02  1.63953830E-02  1.45647574E-02  1.28349115E-02  1.12669920E-02  9.86090584E-03  8.54986723E-03  7.39420094E-03  6.34291128E-03  5.40347763E-03  4.59601425E-03  3.85464524E-03  3.22538336E-03  2.67305749E-03  2.19503074E-03  1.78868061E-03  1.44439868E-03  1.15239664E-03  9.06492339E-04  7.05239641E-04  5.49264477E-04  4.16240598E-04  3.12974996E-04  2.32587478E-04  1.69288835E-04  1.22015117E-04  8.70445094E-05  6.03517406E-05  4.09513756E-05  2.79172674E-05  1.93037253E-05  1.24482182E-05  8.47450074E-06  5.19795194E-06  3.28992017E-06  1.97095182E-06  1.28638260E-06  7.89318182E-07  3.91943275E-07  2.10592327E-07  1.21778450E-07  4.89567678E-08  3.37872604E-08  1.40423150E-08  6.87555748E-09  2.76518190E-09  1.54878475E-09  0.00000000E+00  0.00000000E+00  0.00000000E+00  0.00000000E+00  0.00000000E+00  0.00000000E+00  0.00000000E+00  0.00000000E+00  0.00000000E+00  0.00000000E+00  0.00000000E+00  0.00000000E+00  0.00000000E+00  0.00000000E+00  0.00000000E+00  0.00000000E+00  0.00000000E+00  0.00000000E+00  0.00000000E+00  0.00000000E+00  0.00000000E+00  0.00000000E+00  0.00000000E+00  0.00000000E+00  0.00000000E+00  0.00000000E+00  0.00000000E+00  0.00000000E+00  0.00000000E+00  0.00000000E+00  0.00000000E+00  0.00000000E+00  0.00000000E+00  0.00000000E+00  0.00000000E+00  0.00000000E+00  0.00000000E+00  0.00000000E+00  0.00000000E+00  0.00000000E+00  0.00000000E+00  0.00000000E+00  0.00000000E+00  0.00000000E+00  0.00000000E+00  0.00000000E+00  0.00000000E+00  0.00000000E+00  0.00000000E+00  0.00000000E+00  0.00000000E+00  0.00000000E+00  0.00000000E+00  0.00000000E+00  0.00000000E+00  0.00000000E+00  0.00000000E+00  0.00000000E+00  0.00000000E+00  0.00000000E+00  0.00000000E+00  0.00000000E+00  0.00000000E+00  0.00000000E+00  0.00000000E+00  0.00000000E+00  0.00000000E+00  0.00000000E+00  0.00000000E+00  0.00000000E+00  0.00000000E+00  0.00000000E+00  0.00000000E+00  0.00000000E+00  0.00000000E+00  0.00000000E+00  0.00000000E+00  0.00000000E+00  0.00000000E+00  0.00000000E+00  0.00000000E+00  0.00000000E+00  0.00000000E+00  0.00000000E+00  0.00000000E+00  0.00000000E+00  0.00000000E+00  0.00000000E+00  0.00000000E+00
  2.64492231E-01  2.63574732E-01  2.63451219E-01  2.63090628E-01  2.61963611E-01  2.60641081E-01  2.59559834E-01  2.57730934E-01  2.55989450E-01  2.54063912E-01  2.51923392E-01  2.49145568E-01  2.46596323E-01  2.43687385E-01  2.40885462E-01  2.37356621E-01  2.33964891E-01  2.30245777E-01  2.26362360E-01  2.22501210E-01  2.18347269E-01  2.13941660E-01  2.09575728E-01  2.04879107E-01  2.00361554E-01  1.95456077E-01  1.90594890E-01  1.85644445E-01  1.80505207E-01  1.75157382E-01  1.69841807E-01  1.64457926E-01  1.59083452E-01  1.53648355E-01  1.48131958E-01  1.42595910E-01  1.37206846E-01  1.31537784E-01  1.26070209E-01  1.20589734E-01  1.15243007E-01  1.09842246E-01  1.04448314E-01  9.92198049E-02  9.40194605E-02  8.89786324E-02  8.40101830E-02  7.90941613E-02  7.43648008E-02  6.97596905E-02  6.51646166E-02  6.08641361E-02  5.66439025E-02  5.25414843E-02  4.86850890E-02  4.49206464E-02  4.13288917E-02  3.79319008E-02  3.47014725E-02  3.16008541E-02  2.87113843E-02  2.60090997E-02  2.34448336E-02  2.10560613E-02  1.88592900E-02  1.67947132E-02  1.48850294E-02  1.31648996E-02  1.15378615E-02  1.00972598E-02  8.75339725E-03  7.58200187E-03  6.50896183E-03  5.55402523E-03  4.70275404E-03  3.95837036E-03  3.30735556E-03  2.74803411E-03  2.25666067E-03  1.83717715E-03  1.48273467E-03  1.18595953E-03  9.34586136E-04  7.32062670E-04  5.63186436E-04  4.27780571E-04  3.20353577E-04  2.37622713E-04  1.75055238E-04  1.27474278E-04  8.90126935E-05  6.26837220E-05  4.31054683E-05  2.94503688E-05  1.97021632E-05  1.30353390E-05  8.92076107E-06  5.61152646E-06  3.53054656E-06  2.14963351E-06  1.33927503E-06  7.05897381E-07  3.84208703E-07  2.45747990E-07  1.67519403E-07  6.50531811E-08  2.54791332E-08  8.81015481E-09  3.97877960E-09  0.00000000E+00  5.46149869E-09  0.00000000E+00  0.00000000E+00  0.00000000E+00  0.00000000E+00  0.00000000E+00  0.00000000E+00  0.00000000E+00  0.00000000E+00  0.00000000E+00  0.00000000E+00  0.00000000E+00  0.00000000E+00  0.00000000E+00  0.00000000E+00  0.00000000E+00  0.00000000E+00  0.00000000E+00  0.00000000E+00  0.00000000E+00  0.00000000E+00  0.00000000E+00  0.00000000E+00  0.00000000E+00  0.00000000E+00  0.00000000E+00  0.00000000E+00  0.00000000E+00  0.00000000E+00  0.00000000E+00  0.00000000E+00  0.00000000E+00  0.00000000E+00  0.00000000E+00  0.00000000E+00  0.00000000E+00  0.00000000E+00  0.00000000E+00  0.00000000E+00  0.00000000E+00  0.00000000E+00  0.00000000E+00  0.00000000E+00  0.00000000E+00  0.00000000E+00  0.00000000E+00  0.00000000E+00  0.00000000E+00  0.00000000E+00  0.00000000E+00  0.00000000E+00  0.00000000E+00  0.00000000E+00  0.00000000E+00  0.00000000E+00  0.00000000E+00  0.00000000E+00  0.00000000E+00  0.00000000E+00  0.00000000E+00  0.00000000E+00  0.00000000E+00  0.00000000E+00  0.00000000E+00  0.00000000E+00  0.00000000E+00  0.00000000E+00  0.00000000E+00  0.00000000E+00  0.00000000E+00  0.00000000E+00  0.00000000E+00  0.00000000E+00  0.00000000E+00  0.00000000E+00  0.00000000E+00  0.00000000E+00  0.00000000E+00  0.00000000E+00  0.00000000E+00  0.00000000E+00  0.00000000E+00  0.00000000E+00  0.00000000E+00  0.00000000E+00  0.00000000E+00  0.00000000E+00  0.00000000E+00  0.00000000E+00  0.00000000E+00
  2.63541965E-01  2.63737172E-01  2.62833744E-01  2.62375666E-01  2.61540824E-01  2.60246683E-01  2.58812858E-01  2.57188394E-01  2.55251068E-01  2.53116574E-01  2.50851990E-01  2.48295907E-01  2.45784842E-01  2.42910509E-01  2.39689533E-01  2.36579726E-01  2.32983561E-01  2.29395170E-01  2.25570917E-01  2.21637401E-01  2.17427187E-01  2.13148595E-01  2.08790791E-01  2.04190743E-01  1.99515498E-01  1.94573596E-01  1.89608622E-01  1.84627427E-01  1.79523473E-01  1.74270178E-01  1.68964565E-01  1.63605757E-01  1.58272397E-01  1.52931318E-01  1.47323465E-01  1.41844776E-01  1.36324131E-01  1.30843198E-01  1.25403852E-01  1.19972376E-01  1.14465688E-01  1.09143703E-01  1.03833520E-01  9.85672102E-02  9.34264162E-02  8.83921932E-02  8.34463692E-02  7.85449097E-02  7.38232502E-02  6.92077692E-02  6.47371290E-02  6.03825696E-02  5.61793711E-02  5.21370355E-02  4.82981427E-02  4.45414133E-02  4.09814923E-02  3.76074566E-02  3.43914971E-02  3.13466774E-02  2.84507892E-02  2.57735952E-02  2.32360112E-02  2.08577011E-02  1.86559334E-02  1.66306215E-02  1.47480798E-02  1.30157153E-02  1.14143244E-02  9.98826063E-03  8.68377233E-03  7.50641311E-03  6.43865145E-03  5.49068189E-03  4.65458917E-03  3.92169608E-03  3.27790294E-03  2.71342950E-03  2.23203137E-03  1.81696384E-03  1.46515943E-03  1.16907986E-03  9.24655349E-04  7.23755119E-04  5.57751244E-04  4.25895631E-04  3.18448354E-04  2.35370132E-04  1.72205575E-04  1.25139601E-04  8.80754750E-05  6.11937422E-05  4.31343126E-05  2.90498560E-05  1.98112839E-05  1.32973658E-05  8.24648401E-06  5.41657396E-06  3.53964331E-06  1.99109757E-06  1.20596196E-06  6.84541660E-07  4.00162649E-07  2.17132428E-07  9.99726913E-08  4.46901613E-08  4.64119938E-08  1.04444943E-08  6.79102706E-09  3.44461151E-09  2.38146876E-10  0.00000000E+00  0.00000000E+00  0.00000000E+00  0.00000000E+00  0.00000000E+00  0.00000000E+00  0.00000000E+00  0.00000000E+00  0.00000000E+00  0.00000000E+00  0.00000000E+00  0.00000000E+00  0.00000000E+00  0.00000000E+00  0.00000000E+00  0.00000000E+00  0.00000000E+00  0.00000000E+00  0.00000000E+00  0.00000000E+00  0.00000000E+00  0.00000000E+00  0.00000000E+00  0.00000000E+00  0.00000000E+00  0.00000000E+00  0.00000000E+00  0.00000000E+00  0.00000000E+00  0.00000000E+00  0.00000000E+00  0.00000000E+00  0.00000000E+00  0.00000000E+00  0.00000000E+00  0.00000000E+00  0.00000000E+00  0.00000000E+00  0.00000000E+00  0.00000000E+00  0.00000000E+00  0.00000000E+00  0.00000000E+00  0.00000000E+00  0.00000000E+00  0.00000000E+00  0.00000000E+00  0.00000000E+00  0.00000000E+00  0.00000000E+00  0.00000000E+00  0.00000000E+00  0.00000000E+00  0.00000000E+00  0.00000000E+00  0.00000000E+00  0.00000000E+00  0.00000000E+00  0.00000000E+00  0.00000000E+00  0.00000000E+00  0.00000000E+00  0.00000000E+00  0.00000000E+00  0.00000000E+00  0.00000000E+00  0.00000000E+00  0.00000000E+00  0.00000000E+00  0.00000000E+00  0.00000000E+00  0.00000000E+00  0.00000000E+00  0.00000000E+00  0.00000000E+00  0.00000000E+00  0.00000000E+00  0.00000000E+00  0.00000000E+00  0.00000000E+00  0.00000000E+00  0.00000000E+00  0.00000000E+00  0.00000000E+00  0.00000000E+00  0.00000000E+00  0.00000000E+00  0.00000000E+00  0.00000000E+00
  2.61761924E-01  2.61519453E-01  2.61653795E-01  2.60521194E-01  2.59807193E-01  2.58428106E-01  2.57404409E-01  2.55730796E-01  2.53980255E-01  2.51958133E-01  2.49482847E-01  2.47086209E-01  2.44551121E-01  2.41675120E-01  2.38665038E-01  2.35244612E-01  2.31823041E-01  2.28195857E-01  2.24425239E-01  2.20465239E-01  2.16241932E-01  2.11939278E-01  2.07635077E-01  2.02882805E-01  1.98219347E-01  1.93395651E-01  1.88462431E-01  1.83384246E-01  1.78300230E-01  1.73049582E-01  1.67690711E-01  1.62503966E-01  1.57120808E-01  1.51583010E-01  1.46169930E-01  1.40634092E-01  1.35216094E-01  1.29677565E-01  1.24272394E-01  1.18847951E-01  1.13361365E-01  1.08055055E-01  1.02770229E-01  9.76280866E-02  9.24993880E-02  8.74598986E-02  8.25376211E-02  7.76459707E-02  7.29823857E-02  6.84241861E-02  6.39478034E-02  5.96758546E-02  5.55368120E-02  5.15034693E-02  4.76686723E-02  4.39469769E-02  4.04445898E-02  3.71325215E-02  3.39081910E-02  3.09081642E-02  2.80622044E-02  2.54286288E-02  2.29016250E-02  2.05685753E-02  1.83981832E-02  1.63732007E-02  1.45188624E-02  1.28119386E-02  1.12554698E-02  9.83552740E-03  8.54152315E-03  7.36548936E-03  6.31897936E-03  5.40417429E-03  4.58289989E-03  3.86794664E-03  3.21546463E-03  2.66277359E-03  2.19391905E-03  1.78715050E-03  1.43655710E-03  1.14911484E-03  9.05577598E-04  7.03355088E-04  5.48584434E-04  4.16520680E-04  3.10267470E-04  2.31609691E-04  1.69417388E-04  1.21831891E-04  8.61815906E-05  6.05376404E-05  4.14613135E-05  2.84489856E-05  1.95899645E-05  1.27013397E-05  8.49081003E-06  5.29236990E-06  3.29735860E-06  2.01147495E-06  1.29252882E-06  6.56235725E-07  4.07815500E-07  1.38806783E-07  1.06542659E-07  5.69316045E-08  2.55030712E-08  2.81005365E-08  0.00000000E+00  2.62159869E-09  0.00000000E+00  0.00000000E+00  0.00000000E+00  0.00000000E+00  0.00000000E+00  0.00000000E+00  0.00000000E+00  0.00000000E+00  0.00000000E+00  0.00000000E+00  0.00000000E+00  0.00000000E+00  0.00000000E+00  0.00000000E+00  0.00000000E+00  0.00000000E+00  0.00000000E+00  0.00000000E+00  0.00000000E+00  0.00000000E+00  0.00000000E+00  0.00000000E+00  0.00000000E+00  0.00000000E+00  0.00000000E+00  0.00000000E+00  0.00000000E+00  0.00000000E+00  0.00000000E+00  0.00000000E+00  0.00000000E+00  0.00000000E+00  0.00000000E+00  0.00000000E+00  0.00000000E+00  0.00000000E+00  0.00000000E+00  0.00000000E+00  0.00000000E+00  0.00000000E+00  0.00000000E+00  0.00000000E+00  0.00000000E+00  0.00000000E+00  0.00000000E+00  0.00000000E+00  0.00000000E+00  0.00000000E+00  0.00000000E+00  0.00000000E+00  0.00000000E+00  0.00000000E+00  0.00000000E+00  0.00000000E+00  0.00000000E+00  0.00000000E+00  0.00000000E+00  0.00000000E+00  0.00000000E+00  0.00000000E+00  0.00000000E+00  0.00000000E+00  0.00000000E+00  0.00000000E+00  0.00000000E+00  0.00000000E+00  0.00000000E+00  0.00000000E+00  0.00000000E+00  0.00000000E+00  0.00000000E+00  0.00000000E+00  0.00000000E+00  0.00000000E+00  0.00000000E+00  0.00000000E+00  0.00000000E+00  0.00000000E+00  0.00000000E+00  0.00000000E+00  0.00000000E+00  0.00000000E+00  0.00000000E+00  0.00000000E+00  0.00000000E+00  0.00000000E+00  0.00000000E+00  0.00000000E+00  0.00000000E+00  0.00000000E+00
  2.66937662E-01  2.66869684E-01  2.66653117E-01  2.65555256E-01  2.64800710E-01  2.63800891E-01  2.62295115E-01  2.60490656E-01  2.58803356E-01  2.56946786E-01  2.54635422E-01  2.52106322E-01  2.49596014E-01  2.46552428E-01  2.43588386E-01  2.40292633E-01  2.37039708E-01  2.33244287E-01  2.29351342E-01  2.25512521E-01  2.21335798E-01  2.16978892E-01  2.12395115E-01  2.08049462E-01  2.03301310E-01  1.98359203E-01  1.93485729E-01  1.88394143E-01  1.83221430E-01  1.78099776E-01  1.72672543E-01  1.67260376E-01  1.61768122E-01  1.56418618E-01  1.50814423E-01  1.45171140E-01  1.39605294E-01  1.34103794E-01  1.28545548E-01  1.23058011E-01  1.17592698E-01  1.12114128E-01  1.06777961E-01  1.01357074E-01  9.61388643E-02  9.09611584E-02  8.58994657E-02  8.09632082E-02  7.61401907E-02  7.14290943E-02  6.68346652E-02  6.23699707E-02  5.80900523E-02  5.39572052E-02  4.99593751E-02  4.61235881E-02  4.24639177E-02  3.90093169E-02  3.56612100E-02  3.25339004E-02  2.95689431E-02  2.67852554E-02  2.41365414E-02  2.16807806E-02  1.94542399E-02  1.73053123E-02  1.53710502E-02  1.35498436E-02  1.19275708E-02  1.04098051E-02  9.05467842E-03  7.82404381E-03  6.72783580E-03  5.74785372E-03  4.87825555E-03  4.10466442E-03  3.42838766E-03  2.84394152E-03  2.33281120E-03  1.90720903E-03  1.53608212E-03  1.22607611E-03  9.66311519E-04  7.56723937E-04  5.86730058E-04  4.43889839E-04  3.34211228E-04  2.45906182E-04  1.81368976E-04  1.31496912E-04  9.27079344E-05  6.45996767E-05  4.59596955E-05  3.06989499E-05  2.03294797E-05  1.37975525E-05  9.10158795E-06  5.95069890E-06  3.45650470E-06  2.22828211E-06  1.25751039E-06  7.48417816E-07  3.54187190E-07  2.56382346E-07  9.73148368E-08  6.82136060E-08  2.82037063E-08  5.48994193E-09  1.94842151E-09  1.76974206E-09  0.00000000E+00  0.00000000E+00  0.00000000E+00  0.00000000E+00  0.00000000E+00  0.00000000E+00  0.00000000E+00  0.00000000E+00  0.00000000E+00  0.00000000E+00  0.00000000E+00  0.00000000E+00  0.00000000E+00  0.00000000E+00  0.00000000E+00  0.00000000E+00  0.00000000E+00  0.00000000E+00  0.00000000E+00  0.00000000E+00  0.00000000E+00  0.00000000E+00  0.00000000E+00  0.00000000E+00  0.00000000E+00  0.00000000E+00  0.00000000E+00  0.00000000E+00  0.00000000E+00  0.00000000E+00  0.00000000E+00  0.00000000E+00  0.00000000E+00  0.00000000E+00  0.00000000E+00  0.00000000E+00  0.00000000E+00  0.00000000E+00  0.00000000E+00  0.00000000E+00  0.00000000E+00  0.00000000E+00  0.00000000E+00  0.00000000E+00  0.00000000E+00  0.00000000E+00  0.00000000E+00  0.00000000E+00  0.00000000E+00  0.00000000E+00  0.00000000E+00  0.00000000E+00  0.00000000E+00  0.00000000E+00  0.00000000E+00  0.00000000E+00  0.00000000E+00  0.00000000E+00  0.00000000E+00  0.00000000E+00  0.00000000E+00  0.00000000E+00  0.00000000E+00  0.00000000E+00  0.00000000E+00  0.00000000E+00  0.00000000E+00  0.00000000E+00  0.00000000E+00  0.00000000E+00  0.00000000E+00  0.00000000E+00  0.00000000E+00  0.00000000E+00  0.00000000E+00  0.00000000E+00  0.00000000E+00  0.00000000E+00  0.00000000E+00  0.00000000E+00  0.00000000E+00  0.00000000E+00  0.00000000E+00  0.00000000E+00  0.00000000E+00  0.00000000E+00  0.00000000E+00  0.00000000E+00  0.00000000E+00  0.00000000E+00
  2.62354022E-01  2.61727649E-01  2.61648354E-01  2.60787528E-01  2.59831586E-01  2.58649750E-01  2.57473672E-01  2.55574899E-01  2.53853066E-01  2.51865303E-01  2.49636142E-01  2.47084363E-01  2.44467441E-01  2.41565086E-01  2.38305337E-01  2.35231660E-01  2.31846279E-01  2.28001723E-01  2.24267775E-01  2.20382747E-01  2.16193876E-01  2.11903453E-01  2.07365978E-01  2.02904847E-01  1.98199758E-01  1.93299623E-01  1.88454602E-01  1.83368449E-01  1.78261622E-01  1.73038103E-01  1.67769374E-01  1.62399611E-01  1.56906363E-01  1.51666759E-01  1.46139432E-01  1.40619788E-01  1.35165605E-01  1.29664575E-01  1.24309997E-01  1.18867957E-01  1.13423203E-01  1.08135015E-01  1.02864363E-01  9.75979031E-02  9.24608981E-02  8.74491398E-02  8.24976530E-02  7.76963443E-02  7.30008980E-02  6.84411071E-02  6.40028455E-02  5.96921789E-02  5.55429788E-02  5.15322048E-02  4.77017370E-02  4.40120151E-02  4.05187252E-02  3.71469966E-02  3.39550203E-02  3.09283950E-02  2.81273084E-02  2.54349701E-02  2.29136471E-02  2.05698895E-02  1.83919183E-02  1.63888394E-02  1.45243963E-02  1.28156142E-02  1.12587331E-02  9.83002042E-03  8.54069939E-03  7.37307675E-03  6.34114689E-03  5.41197570E-03  4.57603587E-03  3.84648611E-03  3.20760195E-03  2.66200099E-03  2.18675030E-03  1.77862110E-03  1.43443081E-03  1.14579769E-03  9.07509580E-04  7.07265564E-04  5.45568460E-04  4.13668619E-04  3.11988455E-04  2.30473469E-04  1.68033439E-04  1.21630441E-04  8.66184785E-05  6.02300602E-05  4.20944026E-05  2.83465199E-05  1.92624474E-05  1.21481965E-05  8.28357050E-06  5.36950794E-06  3.30881346E-06  2.09399724E-06  1.23585827E-06  6.64093734E-07  3.54377950E-07  1.61091550E-07  1.15415565E-07  3.66179781E-08  4.33056240E-08  9.54761028E-09  1.20579628E-08  0.00000000E+00  5.18236862E-10  0.00000000E+00  0.00000000E+00  0.00000000E+00  0.00000000E+00  0.00000000E+00  0.00000000E+00  0.00000000E+00  0.00000000E+00  0.00000000E+00  0.00000000E+00  0.00000000E+00  0.00000000E+00  0.00000000E+00  0.00000000E+00  0.00000000E+00  0.00000000E+00  0.00000000E+00  0.00000000E+00  0.00000000E+00  0.00000000E+00  0.00000000E+00  0.00000000E+00  0.00000000E+00  0.00000000E+00  0.00000000E+00  0.00000000E+00  0.00000000E+00  0.00000000E+00  0.00000000E+00  0.00000000E+00  0.00000000E+00  0.00000000E+00  0.00000000E+00  0.00000000E+00  0.00000000E+00  0.00000000E+00  0.00000000E+00  0.00000000E+00  0.00000000E+00  0.00000000E+00  0.00000000E+00  0.00000000E+00  0.00000000E+00  0.00000000E+00  0.00000000E+00  0.00000000E+00  0.00000000E+00  0.00000000E+00  0.00000000E+00  0.00000000E+00  0.00000000E+00  0.00000000E+00  0.00000000E+00  0.00000000E+00  0.00000000E+00  0.00000000E+00  0.00000000E+00  0.00000000E+00  0.00000000E+00  0.00000000E+00  0.00000000E+00  0.00000000E+00  0.00000000E+00  0.00000000E+00  0.00000000E+00  0.00000000E+00  0.00000000E+00  0.00000000E+00  0.00000000E+00  0.00000000E+00  0.00000000E+00  0.00000000E+00  0.00000000E+00  0.00000000E+00  0.00000000E+00  0.00000000E+00  0.00000000E+00  0.00000000E+00  0.00000000E+00  0.00000000E+00  0.00000000E+00  0.00000000E+00  0.00000000E+00  0.00000000E+00  0.00000000E+00  0.00000000E+00  0.00000000E+00  0.00000000E+00  0.00000000E+00
  2.62009496E-01  2.62358289E-01  2.61520902E-01  2.60859127E-01  2.59675784E-01  2.58730182E-01  2.57134125E-01  2.55660573E-01  2.54055354E-01  2.51805617E-01  2.49570292E-01  2.47253992E-01  2.44518615E-01  2.41578275E-01  2.38579493E-01  2.35344461E-01  2.31813169E-01  2.28212616E-01  2.24467998E-01  2.20410730E-01  2.16298230E-01  2.12114246E-01  2.07539457E-01  2.03015474E-01  1.98290057E-01  1.93347447E-01  1.88472881E-01  1.83486832E-01  1.78343650E-01  1.73089666E-01  1.67921541E-01  1.62599215E-01  1.56994648E-01  1.51696816E-01  1.46150959E-01  1.40696081E-01  1.35298767E-01  1.29793823E-01  1.24247282E-01  1.18767405E-01  1.13448706E-01  1.08139926E-01  1.02804394E-01  9.76424338E-02  9.25062555E-02  8.74813645E-02  8.25861107E-02  7.78201267E-02  7.29786542E-02  6.84283914E-02  6.40482023E-02  5.96840713E-02  5.55618988E-02  5.15227700E-02  4.77029692E-02  4.40241379E-02  4.04813700E-02  3.71619077E-02  3.39741375E-02  3.09635274E-02  2.81207945E-02  2.54347461E-02  2.29139544E-02  2.05808257E-02  1.84368594E-02  1.63951729E-02  1.45225972E-02  1.28410240E-02  1.12739583E-02  9.83416818E-03  8.54199789E-03  7.39584911E-03  6.34102954E-03  5.41068186E-03  4.58106162E-03  3.85829589E-03  3.22740238E-03  2.66515750E-03  2.19506296E-03  1.79160855E-03  1.44116984E-03  1.14745315E-03  9.10595756E-04  7.09827526E-04  5.48219804E-04  4.18386273E-04  3.12242816E-04  2.32169214E-04  1.69133991E-04  1.22247743E-04  8.73267319E-05  6.04445044E-05  4.14104995E-05  2.80185639E-05  2.01443629E-05  1.21735913E-05  7.93010794E-06  5.27211326E-06  3.37584496E-06  2.16635487E-06  1.09122742E-06  6.49770293E-07  2.90468081E-07  2.29729180E-07  9.94946678E-08  2.98160320E-08  3.47483167E-08  1.12291321E-08  2.51748009E-09  1.12654360E-09  0.00000000E+00  0.00000000E+00  0.00000000E+00  0.00000000E+00  0.00000000E+00  0.00000000E+00  0.00000000E+00  0.00000000E+00  0.00000000E+00  0.00000000E+00  0.00000000E+00  0.00000000E+00  0.00000000E+00  0.00000000E+00  0.00000000E+00  0.00000000E+00  0.00000000E+00  0.00000000E+00  0.00000000E+00  0.00000000E+00  0.00000000E+00  0.00000000E+00  0.00000000E+00  0.00000000E+00  0.00000000E+00  0.00000000E+00  0.00000000E+00  0.00000000E+00  0.00000000E+00  0.00000000E+00  0.00000000E+00  0.00000000E+00  0.00000000E+00  0.00000000E+00  0.00000000E+00  0.00000000E+00  0.00000000E+00  0.00000000E+00  0.00000000E+00  0.00000000E+00  0.00000000E+00  0.00000000E+00  0.00000000E+00  0.00000000E+00  0.00000000E+00  0.00000000E+00  0.00000000E+00  0.00000000E+00  0.00000000E+00  0.00000000E+00  0.00000000E+00  0.00000000E+00  0.00000000E+00  0.00000000E+00  0.00000000E+00  0.00000000E+00  0.00000000E+00  0.00000000E+00  0.00000000E+00  0.00000000E+00  0.00000000E+00  0.00000000E+00  0.00000000E+00  0.00000000E+00  0.00000000E+00  0.00000000E+00  0.00000000E+00  0.00000000E+00  0.00000000E+00  0.00000000E+00  0.00000000E+00  0.00000000E+00  0.00000000E+00  0.00000000E+00  0.00000000E+00  0.00000000E+00  0.00000000E+00  0.00000000E+00  0.00000000E+00  0.00000000E+00  0.00000000E+00  0.00000000E+00  0.00000000E+00  0.00000000E+00  0.00000000E+00  0.00000000E+00  0.00000000E+00  0.00000000E+00  0.00000000E+00  0.00000000E+00
  2.62344173E-01  2.61564637E-01  2.61174499E-01  2.60193633E-01  2.59703810E-01  2.58523905E-01  2.57167523E-01  2.55575819E-01  2.53729972E-01  2.51605615E-01  2.49343216E-01  2.46900952E-01  2.44247993E-01  2.41351049E-01  2.38338614E-01  2.35134612E-01  2.31673980E-01  2.27972983E-01  2.24240400E-01  2.20157711E-01  2.16149769E-01  2.11684556E-01  2.07344442E-01  2.02727955E-01  1.98111522E-01  1.93218754E-01  1.88300985E-01  1.83300809E-01  1.78090969E-01  1.72949412E-01  1.67737405E-01  1.62338259E-01  1.57077091E-01  1.51612820E-01  1.46126190E-01  1.40631554E-01  1.35229799E-01  1.29696936E-01  1.24263084E-01  1.18869959E-01  1.13422256E-01  1.08127634E-01  1.02880650E-01  9.76669719E-02  9.25219033E-02  8.75126583E-02  8.25600000E-02  7.77412878E-02  7.30467302E-02  6.84900233E-02  6.40074187E-02  5.97197034E-02  5.55538934E-02  5.15740635E-02  4.76947786E-02  4.40557453E-02  4.05309527E-02  3.71676893E-02  3.39581841E-02  3.09684247E-02  2.81301644E-02  2.54593936E-02  2.29284668E-02  2.05966944E-02  1.84150833E-02  1.64159769E-02  1.45394965E-02  1.28387000E-02  1.12670905E-02  9.85274989E-03  8.56001865E-03  7.39488541E-03  6.35890502E-03  5.41297392E-03  4.59710417E-03  3.86222967E-03  3.22086988E-03  2.67531155E-03  2.20341806E-03  1.79176789E-03  1.44336851E-03  1.14923244E-03  9.07580446E-04  7.08296108E-04  5.47448879E-04  4.14628859E-04  3.13889920E-04  2.32555368E-04  1.69629696E-04  1.23315513E-04  8.76664976E-05  6.11561593E-05  4.21341135E-05  2.95238392E-05  1.92816675E-05  1.27582143E-05  8.29021683E-06  5.17246645E-06  3.17066176E-06  2.07341582E-06  1.24568905E-06  6.32323188E-07  4.13756567E-07  2.55264536E-07  7.76876226E-08  2.20337627E-08  3.18308563E-08  1.13443211E-08  9.61669435E-09  5.22680669E-10  0.00000000E+00  1.50043067E-09  0.00000000E+00  0.00000000E+00  0.00000000E+00  0.00000000E+00  0.00000000E+00  0.00000000E+00  0.00000000E+00  0.00000000E+00  0.00000000E+00  0.00000000E+00  0.00000000E+00  0.00000000E+00  0.00000000E+00  0.00000000E+00  0.00000000E+00  0.00000000E+00  0.00000000E+00  0.00000000E+00  0.00000000E+00  0.00000000E+00  0.00000000E+00  0.00000000E+00  0.00000000E+00  0.00000000E+00  0.00000000E+00  0.00000000E+00  0.00000000E+00  0.00000000E+00  0.00000000E+00  0.00000000E+00  0.00000000E+00  0.00000000E+00  0.00000000E+00  0.00000000E+00  0.00000000E+00  0.00000000E+00  0.00000000E+00  0.00000000E+00  0.00000000E+00  0.00000000E+00  0.00000000E+00  0.00000000E+00  0.00000000E+00  0.00000000E+00  0.00000000E+00  0.00000000E+00  0.00000000E+00  0.00000000E+00  0.00000000E+00  0.00000000E+00  0.00000000E+00  0.00000000E+00  0.00000000E+00  0.00000000E+00  0.00000000E+00  0.00000000E+00  0.00000000E+00  0.00000000E+00  0.00000000E+00  0.00000000E+00  0.00000000E+00  0.00000000E+00  0.00000000E+00  0.00000000E+00  0.00000000E+00  0.00000000E+00  0.00000000E+00  0.00000000E+00  0.00000000E+00  0.00000000E+00  0.00000000E+00  0.00000000E+00  0.00000000E+00  0.00000000E+00  0.00000000E+00  0.00000000E+00  0.00000000E+00  0.00000000E+00  0.00000000E+00  0.00000000E+00  0.00000000E+00  0.00000000E+00  0.00000000E+00  0.00000000E+00  0.00000000E+00  0.00000000E+00  0.00000000E+00  0.00000000E+00
  2.62518326E-01  2.62325888E-01  2.61210398E-01  2.60771500E-01  2.59959832E-01  2.58911396E-01  2.57491891E-01  2.55474865E-01  2.53936364E-01  2.51977991E-01  2.49710354E-01  2.47174262E-01  2.44575696E-01  2.41529833E-01  2.38589380E-01  2.35328763E-01  2.31897809E-01  2.28329532E-01  2.24391141E-01  2.20384350E-01  2.16201054E-01  2.11975681E-01  2.07525175E-01  2.02912399E-01  1.98247700E-01  1.93416746E-01  1.88418340E-01  1.83341998E-01  1.78172918E-01  1.73084293E-01  1.67799087E-01  1.62318272E-01  1.56969851E-01  1.51542277E-01  1.46141609E-01  1.40613233E-01  1.35186725E-01  1.29664204E-01  1.24248139E-01  1.18825952E-01  1.13439234E-01  1.08095706E-01  1.02829763E-01  9.76127633E-02  9.24861503E-02  8.74797104E-02  8.25714403E-02  7.76998537E-02  7.30121193E-02  6.84158999E-02  6.40016804E-02  5.96555379E-02  5.54984225E-02  5.14985913E-02  4.76767545E-02  4.39797215E-02  4.04649170E-02  3.71007849E-02  3.39490789E-02  3.09136560E-02  2.81074950E-02  2.54045492E-02  2.29107669E-02  2.05695334E-02  1.83757253E-02  1.63634653E-02  1.45191135E-02  1.28053412E-02  1.12628370E-02  9.82476351E-03  8.53678827E-03  7.36165966E-03  6.33672377E-03  5.39632711E-03  4.57712474E-03  3.85438157E-03  3.21351515E-03  2.66584837E-03  2.19029888E-03  1.78446929E-03  1.43345651E-03  1.14964410E-03  9.06197316E-04  7.05698333E-04  5.44521798E-04  4.14503340E-04  3.13582607E-04  2.33273483E-04  1.68627190E-04  1.21093019E-04  8.56602359E-05  6.06314328E-05  4.15374473E-05  2.86062764E-05  1.91308539E-05  1.26228944E-05  8.24812567E-06  5.14737251E-06  3.11768893E-06  1.97494807E-06  1.33245639E-06  6.83254266E-07  3.86009556E-07  2.51794518E-07  9.44112497E-08  5.29210870E-08  2.22531873E-08  1.10230905E-08  0.00000000E+00  3.48565907E-09  0.00000000E+00  5.97058610E-10  0.00000000E+00  0.00000000E+00  0.00000000E+00  0.00000000E+00  0.00000000E+00  0.00000000E+00  0.00000000E+00  0.00000000E+00  0.00000000E+00  0.00000000E+00  0.00000000E+00  0.00000000E+00  0.00000000E+00  0.00000000E+00  0.00000000E+00  0.00000000E+00  0.00000000E+00  0.00000000E+00  0.00000000E+00  0.00000000E+00  0.00000000E+00  0.00000000E+00  0.00000000E+00  0.00000000E+00  0.00000000E+00  0.00000000E+00  0.00000000E+00  0.00000000E+00  0.00000000E+00  0.00000000E+00  0.00000000E+00  0.00000000E+00  0.00000000E+00  0.00000000E+00  0.00000000E+00  0.00000000E+00  0.00000000E+00  0.00000000E+00  0.00000000E+00  0.00000000E+00  0.00000000E+00  0.00000000E+00  0.00000000E+00  0.00000000E+00  0.00000000E+00  0.00000000E+00  0.00000000E+00  0.00000000E+00  0.00000000E+00  0.00000000E+00  0.00000000E+00  0.00000000E+00  0.00000000E+00  0.00000000E+00  0.00000000E+00  0.00000000E+00  0.00000000E+00  0.00000000E+00  0.00000000E+00  0.00000000E+00  0.00000000E+00  0.00000000E+00  0.00000000E+00  0.00000000E+00  0.00000000E+00  0.00000000E+00  0.00000000E+00  0.00000000E+00  0.00000000E+00  0.00000000E+00  0.00000000E+00  0.00000000E+00  0.00000000E+00  0.00000000E+00  0.00000000E+00  0.00000000E+00  0.00000000E+00  0.00000000E+00  0.00000000E+00  0.00000000E+00  0.00000000E+00  0.00000000E+00  0.00000000E+00  0.00000000E+00  0.00000000E+00  0.00000000E+00  0.00000000E+00  0.00000000E+00
  2.60983205E-01  2.61293853E-01  2.61448068E-01  2.60948699E-01  2.59763832E-01  2.58592292E-01  2.56940599E-01  2.55415673E-01  2.53804716E-01  2.51773266E-01  2.49571585E-01  2.47116139E-01  2.44343293E-01  2.41414469E-01  2.38472939E-01  2.34954870E-01  2.31670839E-01  2.28014450E-01  2.24238824E-01  2.20198369E-01  2.16191503E-01  2.11791115E-01  2.07435788E-01  2.02680889E-01  1.98088872E-01  1.93275660E-01  1.88337907E-01  1.83339727E-01  1.78110486E-01  1.72927393E-01  1.67634634E-01  1.62290023E-01  1.56968385E-01  1.51557126E-01  1.46136366E-01  1.40619165E-01  1.35143997E-01  1.29678866E-01  1.24257081E-01  1.18877588E-01  1.13447638E-01  1.08164901E-01  1.02826396E-01  9.76806637E-02  9.25628325E-02  8.74712213E-02  8.25493134E-02  7.76988279E-02  7.30135306E-02  6.84535083E-02  6.40313274E-02  5.97311429E-02  5.55878977E-02  5.15509842E-02  4.76929843E-02  4.40309242E-02  4.05242277E-02  3.71703902E-02  3.39886059E-02  3.09528440E-02  2.81026062E-02  2.54470207E-02  2.29266801E-02  2.06045416E-02  1.84227415E-02  1.64191794E-02  1.45476604E-02  1.28486795E-02  1.12832966E-02  9.85289385E-03  8.56203657E-03  7.39962729E-03  6.35021871E-03  5.42382630E-03  4.58386607E-03  3.86510855E-03  3.22152568E-03  2.68043467E-03  2.19664470E-03  1.78856429E-03  1.44554430E-03  1.14836720E-03  9.07754479E-04  7.10397275E-04  5.46321621E-04  4.17148038E-04  3.13023527E-04  2.32101069E-04  1.70126026E-04  1.22584653E-04  8.71708041E-05  6.13991652E-05  4.22977746E-05  2.84089795E-05  1.88617928E-05  1.23173880E-05  8.19721763E-06  4.91914634E-06  3.40067192E-06  2.09369015E-06  1.18960909E-06  7.35958474E-07  3.60699830E-07  1.85150111E-07  9.70331461E-08  3.94706810E-08  6.68871216E-09  3.35415005E-09  6.07909066E-10  3.49367283E-09  0.00000000E+00  0.00000000E+00  0.00000000E+00  0.00000000E+00  0.00000000E+00  0.00000000E+00  0.00000000E+00  0.00000000E+00  0.00000000E+00  0.00000000E+00  0.00000000E+00  0.00000000E+00  0.00000000E+00  0.00000000E+00  0.00000000E+00  0.00000000E+00  0.00000000E+00  0.00000000E+00  0.00000000E+00  0.00000000E+00  0.00000000E+00  0.00000000E+00  0.00000000E+00  0.00000000E+00  0.00000000E+00  0.00000000E+00  0.00000000E+00  0.00000000E+00  0.00000000E+00  0.00000000E+00  0.00000000E+00  0.00000000E+00  0.00000000E+00  0.00000000E+00  0.00000000E+00  0.00000000E+00  0.00000000E+00  0.00000000E+00  0.00000000E+00  0.00000000E+00  0.00000000E+00  0.00000000E+00  0.00000000E+00  0.00000000E+00  0.00000000E+00  0.00000000E+00  0.00000000E+00  0.00000000E+00  0.00000000E+00  0.00000000E+00  0.00000000E+00  0.00000000E+00  0.00000000E+00  0.00000000E+00  0.00000000E+00  0.00000000E+00  0.00000000E+00  0.00000000E+00  0.00000000E+00  0.00000000E+00  0.00000000E+00  0.00000000E+00  0.00000000E+00  0.00000000E+00  0.00000000E+00  0.00000000E+00  0.00000000E+00  0.00000000E+00  0.00000000E+00  0.00000000E+00  0.00000000E+00  0.00000000E+00  0.00000000E+00  0.00000000E+00  0.00000000E+00  0.00000000E+00  0.00000000E+00  0.00000000E+00  0.00000000E+00  0.00000000E+00  0.00000000E+00  0.00000000E+00  0.00000000E+00  0.00000000E+00  0.00000000E+00  0.00000000E+00  0.00000000E+00  0.00000000E+00  0.00000000E+00  0.00000000E+00
  2.61569788E-01  2.61761717E-01  2.61646768E-01  2.60938434E-01  2.60102822E-01  2.58848336E-01  2.57522981E-01  2.55764928E-01  2.53846432E-01  2.51886884E-01  2.49423454E-01  2.47099547E-01  2.44395669E-01  2.41397772E-01  2.38681087E-01  2.35155065E-01  2.31720826E-01  2.28036786E-01  2.24199870E-01  2.20295524E-01  2.16127074E-01  2.11796034E-01  2.07391818E-01  2.02839074E-01  1.98226858E-01  1.93304344E-01  1.88358292E-01  1.83310688E-01  1.78270326E-01  1.72989849E-01  1.67713079E-01  1.62405173E-01  1.57009194E-01  1.51619187E-01  1.46179733E-01  1.40665738E-01  1.35228804E-01  1.29746008E-01  1.24286286E-01  1.18821216E-01  1.13499026E-01  1.08122564E-01  1.02829433E-01  9.76207332E-02  9.24825700E-02  8.74748267E-02  8.25610388E-02  7.76975105E-02  7.29974227E-02  6.84296937E-02  6.40037310E-02  5.97009679E-02  5.55241391E-02  5.15613162E-02  4.77016501E-02  4.40091566E-02  4.05089282E-02  3.71279962E-02  3.39421516E-02  3.09373914E-02  2.81136740E-02  2.54119078E-02  2.29036061E-02  2.05583974E-02  1.83959116E-02  1.63768783E-02  1.45163073E-02  1.28190284E-02  1.12551558E-02  9.82594179E-03  8.53313937E-03  7.37272465E-03  6.34122056E-03  5.40568022E-03  4.57925892E-03  3.84813478E-03  3.22411701E-03  2.67215492E-03  2.19395028E-03  1.78162331E-03  1.44057661E-03  1.15516744E-03  9.04561405E-04  7.09782233E-04  5.45248012E-04  4.14555241E-04  3.12276284E-04  2.30400266E-04  1.71152941E-04  1.21820850E-04  8.58882042E-05  6.04653496E-05  4.22989040E-05  2.78592753E-05  1.91918326E-05  1.26923550E-05  8.33412197E-06  5.32145323E-06  3.50303663E-06  2.01306408E-06  1.16240544E-06  7.81511413E-07  3.65794419E-07  2.05696960E-07  8.64801816E-08  3.97156862E-08  3.97154899E-08  8.04152714E-09  2.07315304E-09  1.20836478E-09  0.00000000E+00  0.00000000E+00  0.00000000E+00  0.00000000E+00  0.00000000E+00  0.00000000E+00  0.00000000E+00  0.00000000E+00  0.00000000E+00  0.00000000E+00  0.00000000E+00  0.00000000E+00  0.00000000E+00  0.00000000E+00  0.00000000E+00  0.00000000E+00  0.00000000E+00  0.00000000E+00  0.00000000E+00  0.00000000E+00  0.00000000E+00  0.00000000E+00  0.00000000E+00  0.00000000E+00  0.00000000E+00  0.00000000E+00  0.00000000E+00  0.00000000E+00  0.00000000E+00  0.00000000E+00  0.00000000E+00  0.00000000E+00  0.00000000E+00  0.00000000E+00  0.00000000E+00  0.00000000E+00  0.00000000E+00  0.00000000E+00  0.00000000E+00  0.00000000E+00  0.00000000E+00  0.00000000E+00  0.00000000E+00  0.00000000E+00  0.00000000E+00  0.00000000E+00  0.00000000E+00  0.00000000E+00  0.00000000E+00  0.00000000E+00  0.00000000E+00  0.00000000E+00  0.00000000E+00  0.00000000E+00  0.00000000E+00  0.00000000E+00  0.00000000E+00  0.00000000E+00  0.00000000E+00  0.00000000E+00  0.00000000E+00  0.00000000E+00  0.00000000E+00  0.00000000E+00  0.00000000E+00  0.00000000E+00  0.00000000E+00  0.00000000E+00  0.00000000E+00  0.00000000E+00  0.00000000E+00  0.00000000E+00  0.00000000E+00  0.00000000E+00  0.00000000E+00  0.00000000E+00  0.00000000E+00  0.00000000E+00  0.00000000E+00  0.00000000E+00  0.00000000E+00  0.00000000E+00  0.00000000E+00  0.00000000E+00  0.00000000E+00  0.00000000E+00  0.00000000E+00  0.00000000E+00  0.00000000E+00  0.00000000E+00
  2.61841603E-01  2.61494442E-01  2.61553841E-01  2.60899953E-01  2.59807079E-01  2.58553523E-01  2.57355520E-01  2.55873395E-01  2.53763159E-01  2.51812873E-01  2.49420895E-01  2.47074249E-01  2.44615729E-01  2.41454626E-01  2.38403000E-01  2.35171364E-01  2.31706771E-01  2.27916326E-01  2.24165803E-01  2.20165809E-01  2.16038791E-01  2.11871286E-01  2.07242839E-01  2.02667828E-01  1.98045188E-01  1.93251821E-01  1.88407219E-01  1.83308818E-01  1.78189533E-01  1.73015598E-01  1.67638624E-01  1.62392591E-01  1.57048593E-01  1.51607381E-01  1.46144821E-01  1.40545722E-01  1.35136880E-01  1.29715108E-01  1.24257718E-01  1.18893929E-01  1.13437851E-01  1.08100381E-01  1.02802364E-01  9.76199523E-02  9.25083901E-02  8.74656574E-02  8.25231102E-02  7.77419207E-02  7.31160269E-02  6.84405969E-02  6.40183680E-02  5.97072499E-02  5.55668015E-02  5.15475418E-02  4.76881640E-02  4.40325956E-02  4.04968155E-02  3.71646070E-02  3.39411201E-02  3.09477231E-02  2.81211550E-02  2.54608369E-02  2.29538388E-02  2.06049413E-02  1.84218854E-02  1.64101455E-02  1.45511987E-02  1.28385224E-02  1.12677315E-02  9.84245823E-03  8.56370239E-03  7.37680426E-03  6.34991611E-03  5.41045110E-03  4.58917632E-03  3.86325201E-03  3.22837027E-03  2.68018968E-03  2.19399023E-03  1.78797699E-03  1.44445392E-03  1.14830242E-03  9.10578585E-04  7.10681150E-04  5.48472397E-04  4.18523254E-04  3.11080240E-04  2.31996520E-04  1.71149616E-04  1.22049443E-04  8.73345210E-05  6.14845280E-05  4.18682328E-05  2.85993874E-05  1.90320065E-05  1.27827979E-05  8.76302429E-06  5.21454455E-06  3.31519788E-06  2.03496924E-06  1.36827836E-06  6.84110529E-07  4.97003856E-07  2.37926596E-07  9.39570984E-08  3.83264051E-08  1.54754889E-08  1.60265602E-08  0.00000000E+00  0.00000000E+00  0.00000000E+00  0.00000000E+00  0.00000000E+00  0.00000000E+00  0.00000000E+00  0.00000000E+00  0.00000000E+00  0.00000000E+00  0.00000000E+00  0.00000000E+00  0.00000000E+00  0.00000000E+00  0.00000000E+00  0.00000000E+00  0.00000000E+00  0.00000000E+00  0.00000000E+00  0.00000000E+00  0.00000000E+00  0.00000000E+00  0.00000000E+00  0.00000000E+00  0.00000000E+00  0.00000000E+00  0.00000000E+00  0.00000000E+00  0.00000000E+00  0.00000000E+00  0.00000000E+00  0.00000000E+00  0.00000000E+00  0.00000000E+00  0.00000000E+00  0.00000000E+00  0.00000000E+00  0.00000000E+00  0.00000000E+00  0.00000000E+00  0.00000000E+00  0.00000000E+00  0.00000000E+00  0.00000000E+00  0.00000000E+00  0.00000000E+00  0.00000000E+00  0.00000000E+00  0.00000000E+00  0.00000000E+00  0.00000000E+00  0.00000000E+00  0.00000000E+00  0.00000000E+00  0.00000000E+00  0.00000000E+00  0.00000000E+00  0.00000000E+00  0.00000000E+00  0.00000000E+00  0.00000000E+00  0.00000000E+00  0.00000000E+00  0.00000000E+00  0.00000000E+00  0.00000000E+00  0.00000000E+00  0.00000000E+00  0.00000000E+00  0.00000000E+00  0.00000000E+00  0.00000000E+00  0.00000000E+00  0.00000000E+00  0.00000000E+00  0.00000000E+00  0.00000000E+00  0.00000000E+00  0.00000000E+00  0.00000000E+00  0.00000000E+00  0.00000000E+00  0.00000000E+00  0.00000000E+00  0.00000000E+00  0.00000000E+00  0.00000000E+00  0.00000000E+00  0.00000000E+00  0.00000000E+00  0.00000000E+00  0.00000000E+00
  2.65298827E-01  2.65660657E-01  2.65117553E-01  2.64080646E-01  2.63210386E-01  2.62199185E-01  2.60975457E-01  2.59288157E-01  2.57416513E-01  2.55504402E-01  2.53072193E-01  2.50615456E-01  2.48105229E-01  2.45074310E-01  2.41985557E-01  2.38798275E-01  2.35298666E-01  2.31700277E-01  2.27824349E-01  2.23880124E-01  2.19605841E-01  2.15376468E-01  2.10916809E-01  2.06230321E-01  2.01640284E-01  1.96761827E-01  1.91832879E-01  1.86769986E-01  1.81597731E-01  1.76372151E-01  1.71045864E-01  1.65658134E-01  1.60234246E-01  1.54790799E-01  1.49347763E-01  1.43798609E-01  1.38202346E-01  1.32668428E-01  1.27067769E-01  1.21652060E-01  1.16148854E-01  1.10774541E-01  1.05403391E-01  1.00101347E-01  9.48713756E-02  8.98308360E-02  8.47602252E-02  7.98663052E-02  7.50365105E-02  7.03221542E-02  6.57652190E-02  6.14281640E-02  5.72002033E-02  5.31171140E-02  4.91167291E-02  4.53783553E-02  4.17295538E-02  3.83217744E-02  3.50602960E-02  3.19810479E-02  2.90389289E-02  2.62896667E-02  2.37100215E-02  2.13166295E-02  1.90539529E-02  1.69839834E-02  1.50601935E-02  1.32940880E-02  1.16865991E-02  1.01942926E-02  8.87629825E-03  7.65005833E-03  6.59280085E-03  5.61151812E-03  4.76365827E-03  4.01719942E-03  3.35136031E-03  2.78414056E-03  2.28602204E-03  1.86099836E-03  1.50301254E-03  1.19729495E-03  9.41711893E-04  7.36723140E-04  5.66650325E-04  4.34585357E-04  3.26292465E-04  2.39996462E-04  1.78201224E-04  1.27283080E-04  8.99438274E-05  6.27473431E-05  4.32684397E-05  2.95920125E-05  2.03706842E-05  1.32874033E-05  8.35306511E-06  5.28253312E-06  3.33615253E-06  2.03095176E-06  1.19077500E-06  7.32963276E-07  3.58764471E-07  2.26975967E-07  9.96462446E-08  4.54520009E-08  1.25988005E-08  6.58864913E-09  4.74389527E-09  1.48650568E-09  9.55493930E-10  0.00000000E+00  0.00000000E+00  0.00000000E+00  0.00000000E+00  0.00000000E+00  0.00000000E+00  0.00000000E+00  0.00000000E+00  0.00000000E+00  0.00000000E+00  0.00000000E+00  0.00000000E+00  0.00000000E+00  0.00000000E+00  0.00000000E+00  0.00000000E+00  0.00000000E+00  0.00000000E+00  0.00000000E+00  0.00000000E+00  0.00000000E+00  0.00000000E+00  0.00000000E+00  0.00000000E+00  0.00000000E+00  0.00000000E+00  0.00000000E+00  0.00000000E+00  0.00000000E+00  0.00000000E+00  0.00000000E+00  0.00000000E+00  0.00000000E+00  0.00000000E+00  0.00000000E+00  0.00000000E+00  0.00000000E+00  0.00000000E+00  0.00000000E+00  0.00000000E+00  0.00000000E+00  0.00000000E+00  0.00000000E+00  0.00000000E+00  0.00000000E+00  0.00000000E+00  0.00000000E+00  0.00000000E+00  0.00000000E+00  0.00000000E+00  0.00000000E+00  0.00000000E+00  0.00000000E+00  0.00000000E+00  0.00000000E+00  0.00000000E+00  0.00000000E+00  0.00000000E+00  0.00000000E+00  0.00000000E+00  0.00000000E+00  0.00000000E+00  0.00000000E+00  0.00000000E+00  0.00000000E+00  0.00000000E+00  0.00000000E+00  0.00000000E+00  0.00000000E+00  0.00000000E+00  0.00000000E+00  0.00000000E+00  0.00000000E+00  0.00000000E+00  0.00000000E+00  0.00000000E+00  0.00000000E+00  0.00000000E+00  0.00000000E+00  0.00000000E+00  0.00000000E+00  0.00000000E+00  0.00000000E+00  0.00000000E+00  0.00000000E+00  0.00000000E+00  0.00000000E+00  0.00000000E+00  0.00000000E+00
