# PIMCID: 90c3473b-d754-47ac-8e97-3e968a3d4b81
#      0.000E+00       1.450E-02       2.900E-02       4.350E-02       5.800E-02       7.250E-02       8.700E-02       1.015E-01       1.160E-01       1.305E-01       1.450E-01       1.595E-01       1.740E-01       1.885E-01       2.030E-01       2.175E-01       2.320E-01       2.465E-01       2.610E-01       2.755E-01       2.900E-01       3.045E-01       3.190E-01       3.335E-01       3.480E-01       3.625E-01       3.770E-01       3.915E-01       4.060E-01       4.205E-01       4.350E-01       4.495E-01       4.640E-01       4.785E-01       4.930E-01       5.075E-01       5.220E-01       5.365E-01       5.510E-01       5.655E-01       5.800E-01       5.945E-01       6.090E-01       6.235E-01       6.380E-01       6.525E-01       6.670E-01       6.815E-01       6.960E-01       7.105E-01       7.250E-01       7.395E-01       7.540E-01       7.685E-01       7.830E-01       7.975E-01       8.120E-01       8.265E-01       8.410E-01       8.555E-01       8.700E-01       8.845E-01       8.990E-01       9.135E-01       9.280E-01       9.425E-01       9.570E-01       9.715E-01       9.860E-01       1.000E+00       1.015E+00       1.029E+00       1.044E+00       1.058E+00       1.073E+00       1.087E+00       1.102E+00       1.116E+00       1.131E+00       1.145E+00       1.160E+00       1.174E+00       1.189E+00       1.204E+00       1.218E+00       1.232E+00       1.247E+00       1.261E+00       1.276E+00       1.290E+00       1.305E+00       1.319E+00       1.334E+00       1.348E+00       1.363E+00       1.377E+00       1.392E+00       1.406E+00       1.421E+00       1.435E+00       1.450E+00       1.464E+00       1.479E+00       1.493E+00       1.508E+00       1.522E+00       1.537E+00       1.551E+00       1.566E+00       1.580E+00       1.595E+00       1.609E+00       1.624E+00       1.638E+00       1.653E+00       1.667E+00       1.682E+00       1.696E+00       1.711E+00       1.725E+00       1.740E+00       1.754E+00       1.769E+00       1.783E+00       1.798E+00       1.812E+00       1.827E+00       1.841E+00       1.856E+00       1.870E+00       1.885E+00       1.899E+00       1.914E+00       1.928E+00       1.943E+00       1.957E+00       1.972E+00       1.986E+00       2.001E+00       2.015E+00       2.030E+00       2.044E+00       2.059E+00       2.073E+00       2.088E+00       2.103E+00       2.117E+00       2.131E+00       2.146E+00       2.160E+00       2.175E+00       2.189E+00       2.204E+00       2.218E+00       2.233E+00       2.248E+00       2.262E+00       2.276E+00       2.291E+00       2.305E+00       2.320E+00       2.334E+00       2.349E+00       2.363E+00       2.378E+00       2.392E+00       2.407E+00       2.421E+00       2.436E+00       2.450E+00       2.465E+00       2.479E+00       2.494E+00       2.508E+00       2.523E+00       2.537E+00       2.552E+00       2.567E+00       2.581E+00       2.595E+00       2.610E+00       2.624E+00       2.639E+00       2.653E+00       2.668E+00       2.682E+00       2.697E+00       2.712E+00       2.726E+00       2.740E+00       2.755E+00       2.769E+00       2.784E+00       2.798E+00       2.813E+00       2.827E+00       2.842E+00       2.856E+00       2.871E+00       2.885E+00
  2.61262086E-01  2.61553701E-01  2.60904520E-01  2.60804758E-01  2.60007267E-01  2.58788007E-01  2.57431944E-01  2.55740864E-01  2.53932716E-01  2.51849822E-01  2.49621445E-01  2.47147957E-01  2.44446849E-01  2.41367962E-01  2.38427958E-01  2.35205613E-01  2.31579961E-01  2.28206396E-01  2.24220971E-01  2.20271630E-01  2.16110034E-01  2.11966915E-01  2.07305235E-01  2.02929012E-01  1.98167231E-01  1.93305193E-01  1.88313299E-01  1.83271273E-01  1.78187786E-01  1.72997488E-01  1.67711820E-01  1.62447254E-01  1.56993143E-01  1.51573759E-01  1.46089977E-01  1.40596773E-01  1.35196042E-01  1.29674509E-01  1.24173799E-01  1.18888835E-01  1.13470647E-01  1.08076861E-01  1.02778930E-01  9.76664477E-02  9.25264082E-02  8.75022112E-02  8.25752077E-02  7.77375880E-02  7.30412551E-02  6.84575857E-02  6.39914676E-02  5.97325493E-02  5.55389989E-02  5.15319410E-02  4.76997540E-02  4.40405637E-02  4.05207076E-02  3.71272188E-02  3.39450613E-02  3.09577302E-02  2.81184514E-02  2.54244548E-02  2.29225802E-02  2.05820075E-02  1.84178446E-02  1.64014990E-02  1.45217580E-02  1.28052045E-02  1.12742846E-02  9.83602881E-03  8.53415449E-03  7.38762305E-03  6.34119052E-03  5.39990870E-03  4.58478569E-03  3.84981813E-03  3.21339492E-03  2.67024369E-03  2.18945719E-03  1.78871434E-03  1.44104525E-03  1.14965848E-03  9.04529962E-04  7.07011487E-04  5.44468046E-04  4.17478511E-04  3.09861997E-04  2.30905797E-04  1.67762635E-04  1.22077737E-04  8.62530102E-05  5.99664311E-05  4.16664467E-05  2.85597360E-05  1.90825242E-05  1.24909787E-05  7.99491777E-06  4.90802339E-06  3.25423707E-06  1.87633788E-06  1.14420396E-06  7.25297926E-07  4.63270645E-07  1.87742372E-07  1.06616718E-07  4.67858982E-08  2.70302006E-08  9.28414449E-09  1.62695908E-09  7.19245064E-09  0.00000000E+00  0.00000000E+00  0.00000000E+00  0.00000000E+00  0.00000000E+00  0.00000000E+00  0.00000000E+00  0.00000000E+00  0.00000000E+00  0.00000000E+00  0.00000000E+00  0.00000000E+00  0.00000000E+00  0.00000000E+00  0.00000000E+00  0.00000000E+00  0.00000000E+00  0.00000000E+00  0.00000000E+00  0.00000000E+00  0.00000000E+00  0.00000000E+00  0.00000000E+00  0.00000000E+00  0.00000000E+00  0.00000000E+00  0.00000000E+00  0.00000000E+00  0.00000000E+00  0.00000000E+00  0.00000000E+00  0.00000000E+00  0.00000000E+00  0.00000000E+00  0.00000000E+00  0.00000000E+00  0.00000000E+00  0.00000000E+00  0.00000000E+00  0.00000000E+00  0.00000000E+00  0.00000000E+00  0.00000000E+00  0.00000000E+00  0.00000000E+00  0.00000000E+00  0.00000000E+00  0.00000000E+00  0.00000000E+00  0.00000000E+00  0.00000000E+00  0.00000000E+00  0.00000000E+00  0.00000000E+00  0.00000000E+00  0.00000000E+00  0.00000000E+00  0.00000000E+00  0.00000000E+00  0.00000000E+00  0.00000000E+00  0.00000000E+00  0.00000000E+00  0.00000000E+00  0.00000000E+00  0.00000000E+00  0.00000000E+00  0.00000000E+00  0.00000000E+00  0.00000000E+00  0.00000000E+00  0.00000000E+00  0.00000000E+00  0.00000000E+00  0.00000000E+00  0.00000000E+00  0.00000000E+00  0.00000000E+00  0.00000000E+00  0.00000000E+00  0.00000000E+00  0.00000000E+00  0.00000000E+00  0.00000000E+00  0.00000000E+00  0.00000000E+00  0.00000000E+00  0.00000000E+00  0.00000000E+00  0.00000000E+00
  2.61566168E-01  2.61548997E-01  2.61425753E-01  2.60501832E-01  2.59490338E-01  2.58507555E-01  2.57011313E-01  2.55747023E-01  2.53625539E-01  2.51916841E-01  2.49357518E-01  2.46973199E-01  2.44506299E-01  2.41473847E-01  2.38417200E-01  2.35185517E-01  2.31700620E-01  2.28079879E-01  2.24204585E-01  2.20165359E-01  2.16069385E-01  2.11779930E-01  2.07434910E-01  2.02752869E-01  1.98021253E-01  1.93295788E-01  1.88323193E-01  1.83354381E-01  1.78192795E-01  1.73050661E-01  1.67766414E-01  1.62134572E-01  1.56975945E-01  1.51577455E-01  1.46096183E-01  1.40662055E-01  1.35138188E-01  1.29686308E-01  1.24228389E-01  1.18814525E-01  1.13379894E-01  1.08125274E-01  1.02802873E-01  9.75596408E-02  9.25277792E-02  8.74455338E-02  8.25750680E-02  7.77574029E-02  7.30329967E-02  6.83912126E-02  6.40523125E-02  5.97142348E-02  5.55455638E-02  5.15864738E-02  4.77346889E-02  4.40901481E-02  4.05392145E-02  3.71251845E-02  3.39951290E-02  3.09771086E-02  2.81334872E-02  2.54278003E-02  2.29334389E-02  2.06272968E-02  1.84220068E-02  1.64157297E-02  1.45468358E-02  1.28424550E-02  1.12638277E-02  9.85190333E-03  8.56654182E-03  7.39696689E-03  6.35590115E-03  5.41446456E-03  4.60018921E-03  3.86859566E-03  3.23216910E-03  2.68150668E-03  2.20353634E-03  1.78961259E-03  1.44211126E-03  1.15434005E-03  9.11351290E-04  7.10898689E-04  5.51393977E-04  4.16482727E-04  3.11739839E-04  2.30649803E-04  1.69654866E-04  1.21117924E-04  8.58156617E-05  6.04855069E-05  4.12670875E-05  2.75883925E-05  1.90066067E-05  1.24234839E-05  8.14132672E-06  5.01768487E-06  3.36872706E-06  1.78683270E-06  1.20614811E-06  7.03874337E-07  3.51915466E-07  2.27335386E-07  8.91542341E-08  9.19779915E-08  1.71516863E-08  1.02331821E-08  1.00136959E-09  0.00000000E+00  0.00000000E+00  0.00000000E+00  0.00000000E+00  0.00000000E+00  0.00000000E+00  0.00000000E+00  0.00000000E+00  0.00000000E+00  0.00000000E+00  0.00000000E+00  0.00000000E+00  0.00000000E+00  0.00000000E+00  0.00000000E+00  0.00000000E+00  0.00000000E+00  0.00000000E+00  0.00000000E+00  0.00000000E+00  0.00000000E+00  0.00000000E+00  0.00000000E+00  0.00000000E+00  0.00000000E+00  0.00000000E+00  0.00000000E+00  0.00000000E+00  0.00000000E+00  0.00000000E+00  0.00000000E+00  0.00000000E+00  0.00000000E+00  0.00000000E+00  0.00000000E+00  0.00000000E+00  0.00000000E+00  0.00000000E+00  0.00000000E+00  0.00000000E+00  0.00000000E+00  0.00000000E+00  0.00000000E+00  0.00000000E+00  0.00000000E+00  0.00000000E+00  0.00000000E+00  0.00000000E+00  0.00000000E+00  0.00000000E+00  0.00000000E+00  0.00000000E+00  0.00000000E+00  0.00000000E+00  0.00000000E+00  0.00000000E+00  0.00000000E+00  0.00000000E+00  0.00000000E+00  0.00000000E+00  0.00000000E+00  0.00000000E+00  0.00000000E+00  0.00000000E+00  0.00000000E+00  0.00000000E+00  0.00000000E+00  0.00000000E+00  0.00000000E+00  0.00000000E+00  0.00000000E+00  0.00000000E+00  0.00000000E+00  0.00000000E+00  0.00000000E+00  0.00000000E+00  0.00000000E+00  0.00000000E+00  0.00000000E+00  0.00000000E+00  0.00000000E+00  0.00000000E+00  0.00000000E+00  0.00000000E+00  0.00000000E+00  0.00000000E+00  0.00000000E+00  0.00000000E+00  0.00000000E+00  0.00000000E+00  0.00000000E+00
  2.62346139E-01  2.61433438E-01  2.61310614E-01  2.60609506E-01  2.59778278E-01  2.58604495E-01  2.57396037E-01  2.55816137E-01  2.53796261E-01  2.51899049E-01  2.49587500E-01  2.47154655E-01  2.44341672E-01  2.41380978E-01  2.38260531E-01  2.35235012E-01  2.31763590E-01  2.28149262E-01  2.24105272E-01  2.20310373E-01  2.16094430E-01  2.11874278E-01  2.07431823E-01  2.02944537E-01  1.98161690E-01  1.93518803E-01  1.88557430E-01  1.83551130E-01  1.78268561E-01  1.73180509E-01  1.67943273E-01  1.62562410E-01  1.57028756E-01  1.51634902E-01  1.46282169E-01  1.40673946E-01  1.35300354E-01  1.29757630E-01  1.24322800E-01  1.18922924E-01  1.13551168E-01  1.08166275E-01  1.02966396E-01  9.77716258E-02  9.26044057E-02  8.75629124E-02  8.26519794E-02  7.78077851E-02  7.31281874E-02  6.85237937E-02  6.40577851E-02  5.97261140E-02  5.55785739E-02  5.16471811E-02  4.77821779E-02  4.40766465E-02  4.05660932E-02  3.71868769E-02  3.40207990E-02  3.10095230E-02  2.81508906E-02  2.54772502E-02  2.29392700E-02  2.06363657E-02  1.84585610E-02  1.63903310E-02  1.45782464E-02  1.28586019E-02  1.12856850E-02  9.86213785E-03  8.55514071E-03  7.40030058E-03  6.34883502E-03  5.42492871E-03  4.60629094E-03  3.87465125E-03  3.23103764E-03  2.67780212E-03  2.19317744E-03  1.78628328E-03  1.43529032E-03  1.15172361E-03  9.07921734E-04  7.09308260E-04  5.48352144E-04  4.18794705E-04  3.12611167E-04  2.33016768E-04  1.70295468E-04  1.21401897E-04  8.62879348E-05  6.03345605E-05  4.19678095E-05  2.87705557E-05  1.89691765E-05  1.22423738E-05  7.62488021E-06  4.97217090E-06  3.26609927E-06  1.91915390E-06  1.17070387E-06  7.45815204E-07  4.07072884E-07  2.22139601E-07  8.74605390E-08  5.86112422E-08  8.40355159E-09  1.28664948E-08  1.24979506E-08  5.57271634E-10  0.00000000E+00  0.00000000E+00  0.00000000E+00  0.00000000E+00  0.00000000E+00  0.00000000E+00  0.00000000E+00  0.00000000E+00  0.00000000E+00  0.00000000E+00  0.00000000E+00  0.00000000E+00  0.00000000E+00  0.00000000E+00  0.00000000E+00  0.00000000E+00  0.00000000E+00  0.00000000E+00  0.00000000E+00  0.00000000E+00  0.00000000E+00  0.00000000E+00  0.00000000E+00  0.00000000E+00  0.00000000E+00  0.00000000E+00  0.00000000E+00  0.00000000E+00  0.00000000E+00  0.00000000E+00  0.00000000E+00  0.00000000E+00  0.00000000E+00  0.00000000E+00  0.00000000E+00  0.00000000E+00  0.00000000E+00  0.00000000E+00  0.00000000E+00  0.00000000E+00  0.00000000E+00  0.00000000E+00  0.00000000E+00  0.00000000E+00  0.00000000E+00  0.00000000E+00  0.00000000E+00  0.00000000E+00  0.00000000E+00  0.00000000E+00  0.00000000E+00  0.00000000E+00  0.00000000E+00  0.00000000E+00  0.00000000E+00  0.00000000E+00  0.00000000E+00  0.00000000E+00  0.00000000E+00  0.00000000E+00  0.00000000E+00  0.00000000E+00  0.00000000E+00  0.00000000E+00  0.00000000E+00  0.00000000E+00  0.00000000E+00  0.00000000E+00  0.00000000E+00  0.00000000E+00  0.00000000E+00  0.00000000E+00  0.00000000E+00  0.00000000E+00  0.00000000E+00  0.00000000E+00  0.00000000E+00  0.00000000E+00  0.00000000E+00  0.00000000E+00  0.00000000E+00  0.00000000E+00  0.00000000E+00  0.00000000E+00  0.00000000E+00  0.00000000E+00  0.00000000E+00  0.00000000E+00  0.00000000E+00  0.00000000E+00
  2.64277245E-01  2.63491566E-01  2.62911985E-01  2.62513313E-01  2.61611343E-01  2.60060129E-01  2.58735850E-01  2.57315127E-01  2.55501683E-01  2.53499930E-01  2.51120764E-01  2.48714079E-01  2.46051555E-01  2.43143377E-01  2.40197582E-01  2.36854364E-01  2.33329665E-01  2.29705535E-01  2.25956398E-01  2.22119896E-01  2.17800177E-01  2.13575935E-01  2.09003193E-01  2.04451979E-01  1.99758945E-01  1.94919962E-01  1.90115552E-01  1.84944830E-01  1.79872428E-01  1.74601483E-01  1.69324016E-01  1.63929694E-01  1.58562047E-01  1.53057637E-01  1.47604148E-01  1.42079139E-01  1.36585008E-01  1.31022141E-01  1.25565121E-01  1.20137559E-01  1.14741545E-01  1.09322333E-01  1.03990690E-01  9.87252144E-02  9.36302467E-02  8.85253558E-02  8.35604701E-02  7.87317443E-02  7.39659552E-02  6.93407283E-02  6.48750277E-02  6.05131334E-02  5.63000501E-02  5.22502422E-02  4.83776237E-02  4.46406356E-02  4.10786946E-02  3.77062845E-02  3.44728988E-02  3.14377506E-02  2.85582664E-02  2.58384020E-02  2.33078930E-02  2.08904123E-02  1.87124936E-02  1.66554485E-02  1.47864548E-02  1.30416195E-02  1.14542651E-02  1.00239820E-02  8.70208913E-03  7.52483135E-03  6.45492173E-03  5.51197950E-03  4.68212132E-03  3.92604766E-03  3.28270066E-03  2.71803499E-03  2.23711599E-03  1.81604642E-03  1.46318166E-03  1.16733297E-03  9.26511254E-04  7.23968738E-04  5.56431068E-04  4.26361650E-04  3.18936441E-04  2.37353365E-04  1.73111793E-04  1.24767904E-04  8.83801937E-05  6.17587145E-05  4.21345961E-05  2.84291639E-05  1.91215004E-05  1.22640671E-05  7.87224122E-06  4.98631799E-06  3.30802987E-06  2.14172645E-06  1.16749121E-06  7.07217549E-07  3.55289345E-07  1.73994301E-07  9.70082703E-08  5.83993270E-08  2.27453729E-08  7.13254357E-09  8.06741551E-09  6.32063201E-09  0.00000000E+00  0.00000000E+00  0.00000000E+00  0.00000000E+00  0.00000000E+00  0.00000000E+00  0.00000000E+00  0.00000000E+00  0.00000000E+00  0.00000000E+00  0.00000000E+00  0.00000000E+00  0.00000000E+00  0.00000000E+00  0.00000000E+00  0.00000000E+00  0.00000000E+00  0.00000000E+00  0.00000000E+00  0.00000000E+00  0.00000000E+00  0.00000000E+00  0.00000000E+00  0.00000000E+00  0.00000000E+00  0.00000000E+00  0.00000000E+00  0.00000000E+00  0.00000000E+00  0.00000000E+00  0.00000000E+00  0.00000000E+00  0.00000000E+00  0.00000000E+00  0.00000000E+00  0.00000000E+00  0.00000000E+00  0.00000000E+00  0.00000000E+00  0.00000000E+00  0.00000000E+00  0.00000000E+00  0.00000000E+00  0.00000000E+00  0.00000000E+00  0.00000000E+00  0.00000000E+00  0.00000000E+00  0.00000000E+00  0.00000000E+00  0.00000000E+00  0.00000000E+00  0.00000000E+00  0.00000000E+00  0.00000000E+00  0.00000000E+00  0.00000000E+00  0.00000000E+00  0.00000000E+00  0.00000000E+00  0.00000000E+00  0.00000000E+00  0.00000000E+00  0.00000000E+00  0.00000000E+00  0.00000000E+00  0.00000000E+00  0.00000000E+00  0.00000000E+00  0.00000000E+00  0.00000000E+00  0.00000000E+00  0.00000000E+00  0.00000000E+00  0.00000000E+00  0.00000000E+00  0.00000000E+00  0.00000000E+00  0.00000000E+00  0.00000000E+00  0.00000000E+00  0.00000000E+00  0.00000000E+00  0.00000000E+00  0.00000000E+00  0.00000000E+00  0.00000000E+00  0.00000000E+00  0.00000000E+00  0.00000000E+00
  2.63708080E-01  2.63263896E-01  2.63077945E-01  2.62347047E-01  2.61167164E-01  2.60247464E-01  2.58793781E-01  2.57260043E-01  2.55238857E-01  2.53544219E-01  2.51041925E-01  2.48565040E-01  2.45993305E-01  2.43152262E-01  2.39957742E-01  2.36642502E-01  2.33273764E-01  2.29518939E-01  2.25864949E-01  2.21759759E-01  2.17711562E-01  2.13302189E-01  2.08723391E-01  2.04233793E-01  1.99520943E-01  1.94736704E-01  1.89881839E-01  1.84890118E-01  1.79630674E-01  1.74391709E-01  1.69261054E-01  1.63791882E-01  1.58338875E-01  1.52934578E-01  1.47418207E-01  1.41985272E-01  1.36429543E-01  1.30861961E-01  1.25440645E-01  1.20035165E-01  1.14586388E-01  1.09180744E-01  1.03915664E-01  9.86494219E-02  9.35171106E-02  8.83992379E-02  8.34656137E-02  7.86233590E-02  7.39003685E-02  6.93024625E-02  6.48067381E-02  6.04187098E-02  5.62351015E-02  5.22014456E-02  4.83007541E-02  4.46003039E-02  4.10446001E-02  3.76297420E-02  3.44150530E-02  3.13655751E-02  2.84782086E-02  2.58073136E-02  2.32912898E-02  2.08876699E-02  1.86832657E-02  1.66500434E-02  1.47558362E-02  1.30287661E-02  1.14382602E-02  9.99074416E-03  8.69560730E-03  7.51556801E-03  6.44877789E-03  5.50934684E-03  4.65898807E-03  3.91769898E-03  3.27768914E-03  2.71383622E-03  2.22961654E-03  1.81816331E-03  1.46345386E-03  1.17038942E-03  9.21905434E-04  7.22852641E-04  5.55655099E-04  4.24679482E-04  3.18526129E-04  2.36286628E-04  1.71897435E-04  1.24416673E-04  8.85582925E-05  6.26932193E-05  4.32123171E-05  2.94032020E-05  1.92864886E-05  1.26207297E-05  8.39232071E-06  5.35407951E-06  3.30316486E-06  2.04953169E-06  1.19612721E-06  7.62170936E-07  3.63783654E-07  2.08549064E-07  1.35579090E-07  5.89708946E-08  4.45781735E-08  1.25730115E-08  7.32404199E-09  0.00000000E+00  1.22931285E-10  0.00000000E+00  0.00000000E+00  0.00000000E+00  0.00000000E+00  0.00000000E+00  0.00000000E+00  0.00000000E+00  0.00000000E+00  0.00000000E+00  0.00000000E+00  0.00000000E+00  0.00000000E+00  0.00000000E+00  0.00000000E+00  0.00000000E+00  0.00000000E+00  0.00000000E+00  0.00000000E+00  0.00000000E+00  0.00000000E+00  0.00000000E+00  0.00000000E+00  0.00000000E+00  0.00000000E+00  0.00000000E+00  0.00000000E+00  0.00000000E+00  0.00000000E+00  0.00000000E+00  0.00000000E+00  0.00000000E+00  0.00000000E+00  0.00000000E+00  0.00000000E+00  0.00000000E+00  0.00000000E+00  0.00000000E+00  0.00000000E+00  0.00000000E+00  0.00000000E+00  0.00000000E+00  0.00000000E+00  0.00000000E+00  0.00000000E+00  0.00000000E+00  0.00000000E+00  0.00000000E+00  0.00000000E+00  0.00000000E+00  0.00000000E+00  0.00000000E+00  0.00000000E+00  0.00000000E+00  0.00000000E+00  0.00000000E+00  0.00000000E+00  0.00000000E+00  0.00000000E+00  0.00000000E+00  0.00000000E+00  0.00000000E+00  0.00000000E+00  0.00000000E+00  0.00000000E+00  0.00000000E+00  0.00000000E+00  0.00000000E+00  0.00000000E+00  0.00000000E+00  0.00000000E+00  0.00000000E+00  0.00000000E+00  0.00000000E+00  0.00000000E+00  0.00000000E+00  0.00000000E+00  0.00000000E+00  0.00000000E+00  0.00000000E+00  0.00000000E+00  0.00000000E+00  0.00000000E+00  0.00000000E+00  0.00000000E+00  0.00000000E+00  0.00000000E+00  0.00000000E+00  0.00000000E+00  0.00000000E+00
  2.65378836E-01  2.65357202E-01  2.64746390E-01  2.64336700E-01  2.63977670E-01  2.62574787E-01  2.61331807E-01  2.59608600E-01  2.57938571E-01  2.55637826E-01  2.53664784E-01  2.50970940E-01  2.48498753E-01  2.45453285E-01  2.42472308E-01  2.39220189E-01  2.35599387E-01  2.31923054E-01  2.28143545E-01  2.24313652E-01  2.20082704E-01  2.15765676E-01  2.11375725E-01  2.06815850E-01  2.02052455E-01  1.97253794E-01  1.92249463E-01  1.87202896E-01  1.82044649E-01  1.76776488E-01  1.71537785E-01  1.66125430E-01  1.60678058E-01  1.55224806E-01  1.49659066E-01  1.44220061E-01  1.38672906E-01  1.33071980E-01  1.27493020E-01  1.22045438E-01  1.16605910E-01  1.11173590E-01  1.05880266E-01  1.00559114E-01  9.52775969E-02  9.01706694E-02  8.51249358E-02  8.02065437E-02  7.54049786E-02  7.06928698E-02  6.61429782E-02  6.17421623E-02  5.74877658E-02  5.34044125E-02  4.93798710E-02  4.56200285E-02  4.20135945E-02  3.85333403E-02  3.52678745E-02  3.21603588E-02  2.92262393E-02  2.64508440E-02  2.38418153E-02  2.14342764E-02  1.91771643E-02  1.71142386E-02  1.51750226E-02  1.33774559E-02  1.17751553E-02  1.02743000E-02  8.94881735E-03  7.72664614E-03  6.64038958E-03  5.65706315E-03  4.79869512E-03  4.03898501E-03  3.37824817E-03  2.79281887E-03  2.29754593E-03  1.86835984E-03  1.51218457E-03  1.20200700E-03  9.54615629E-04  7.43791045E-04  5.72815335E-04  4.34773634E-04  3.28614963E-04  2.44890021E-04  1.78967454E-04  1.26993085E-04  9.05249543E-05  6.35840250E-05  4.35184932E-05  2.95933140E-05  1.96971203E-05  1.35946260E-05  8.81396267E-06  5.46883568E-06  3.59640627E-06  2.10549285E-06  1.33468532E-06  6.58294071E-07  3.54735783E-07  2.67907065E-07  6.17575958E-08  4.53484881E-08  3.16051768E-08  8.08030326E-09  7.19273825E-09  4.83399991E-09  3.62339674E-09  3.04313551E-10  0.00000000E+00  0.00000000E+00  0.00000000E+00  0.00000000E+00  0.00000000E+00  0.00000000E+00  0.00000000E+00  0.00000000E+00  0.00000000E+00  0.00000000E+00  0.00000000E+00  0.00000000E+00  0.00000000E+00  0.00000000E+00  0.00000000E+00  0.00000000E+00  0.00000000E+00  0.00000000E+00  0.00000000E+00  0.00000000E+00  0.00000000E+00  0.00000000E+00  0.00000000E+00  0.00000000E+00  0.00000000E+00  0.00000000E+00  0.00000000E+00  0.00000000E+00  0.00000000E+00  0.00000000E+00  0.00000000E+00  0.00000000E+00  0.00000000E+00  0.00000000E+00  0.00000000E+00  0.00000000E+00  0.00000000E+00  0.00000000E+00  0.00000000E+00  0.00000000E+00  0.00000000E+00  0.00000000E+00  0.00000000E+00  0.00000000E+00  0.00000000E+00  0.00000000E+00  0.00000000E+00  0.00000000E+00  0.00000000E+00  0.00000000E+00  0.00000000E+00  0.00000000E+00  0.00000000E+00  0.00000000E+00  0.00000000E+00  0.00000000E+00  0.00000000E+00  0.00000000E+00  0.00000000E+00  0.00000000E+00  0.00000000E+00  0.00000000E+00  0.00000000E+00  0.00000000E+00  0.00000000E+00  0.00000000E+00  0.00000000E+00  0.00000000E+00  0.00000000E+00  0.00000000E+00  0.00000000E+00  0.00000000E+00  0.00000000E+00  0.00000000E+00  0.00000000E+00  0.00000000E+00  0.00000000E+00  0.00000000E+00  0.00000000E+00  0.00000000E+00  0.00000000E+00  0.00000000E+00  0.00000000E+00  0.00000000E+00  0.00000000E+00  0.00000000E+00  0.00000000E+00  0.00000000E+00
  2.62618730E-01  2.62123222E-01  2.61711794E-01  2.60604658E-01  2.59927551E-01  2.58698213E-01  2.56949609E-01  2.55857579E-01  2.53828185E-01  2.51799056E-01  2.49646703E-01  2.47057943E-01  2.44384287E-01  2.41561103E-01  2.38432507E-01  2.35204213E-01  2.31717636E-01  2.27934463E-01  2.24117148E-01  2.20385785E-01  2.16187549E-01  2.11931329E-01  2.07437233E-01  2.02984168E-01  1.98191416E-01  1.93252299E-01  1.88455682E-01  1.83413100E-01  1.78138381E-01  1.72992606E-01  1.67723393E-01  1.62394622E-01  1.57049887E-01  1.51654017E-01  1.46121163E-01  1.40708908E-01  1.35180771E-01  1.29660912E-01  1.24257412E-01  1.18820011E-01  1.13407783E-01  1.08087472E-01  1.02835557E-01  9.76477422E-02  9.25288928E-02  8.74293777E-02  8.25608982E-02  7.76942401E-02  7.29640433E-02  6.84222100E-02  6.39863377E-02  5.96866774E-02  5.55564279E-02  5.15130012E-02  4.77136799E-02  4.39927413E-02  4.04869982E-02  3.71325257E-02  3.39540880E-02  3.09524714E-02  2.81357224E-02  2.54253292E-02  2.29023056E-02  2.05778759E-02  1.83999418E-02  1.63751975E-02  1.45287961E-02  1.28318925E-02  1.12560252E-02  9.83087093E-03  8.54279279E-03  7.37954814E-03  6.34187001E-03  5.42273104E-03  4.58641604E-03  3.86142490E-03  3.22119506E-03  2.66867215E-03  2.19263529E-03  1.78703367E-03  1.44390023E-03  1.14923569E-03  9.09985085E-04  7.11986597E-04  5.48937172E-04  4.18196085E-04  3.10624617E-04  2.31740728E-04  1.68685988E-04  1.22108179E-04  8.68332732E-05  6.08380275E-05  4.08798727E-05  2.84241220E-05  1.92379507E-05  1.23017858E-05  7.91173591E-06  5.22778009E-06  3.09442159E-06  1.79067075E-06  1.29494066E-06  7.84612221E-07  3.70746789E-07  2.04753564E-07  9.98041348E-08  4.64987398E-08  3.44509020E-08  1.16928320E-08  1.50292721E-09  0.00000000E+00  0.00000000E+00  0.00000000E+00  0.00000000E+00  0.00000000E+00  0.00000000E+00  0.00000000E+00  0.00000000E+00  0.00000000E+00  0.00000000E+00  0.00000000E+00  0.00000000E+00  0.00000000E+00  0.00000000E+00  0.00000000E+00  0.00000000E+00  0.00000000E+00  0.00000000E+00  0.00000000E+00  0.00000000E+00  0.00000000E+00  0.00000000E+00  0.00000000E+00  0.00000000E+00  0.00000000E+00  0.00000000E+00  0.00000000E+00  0.00000000E+00  0.00000000E+00  0.00000000E+00  0.00000000E+00  0.00000000E+00  0.00000000E+00  0.00000000E+00  0.00000000E+00  0.00000000E+00  0.00000000E+00  0.00000000E+00  0.00000000E+00  0.00000000E+00  0.00000000E+00  0.00000000E+00  0.00000000E+00  0.00000000E+00  0.00000000E+00  0.00000000E+00  0.00000000E+00  0.00000000E+00  0.00000000E+00  0.00000000E+00  0.00000000E+00  0.00000000E+00  0.00000000E+00  0.00000000E+00  0.00000000E+00  0.00000000E+00  0.00000000E+00  0.00000000E+00  0.00000000E+00  0.00000000E+00  0.00000000E+00  0.00000000E+00  0.00000000E+00  0.00000000E+00  0.00000000E+00  0.00000000E+00  0.00000000E+00  0.00000000E+00  0.00000000E+00  0.00000000E+00  0.00000000E+00  0.00000000E+00  0.00000000E+00  0.00000000E+00  0.00000000E+00  0.00000000E+00  0.00000000E+00  0.00000000E+00  0.00000000E+00  0.00000000E+00  0.00000000E+00  0.00000000E+00  0.00000000E+00  0.00000000E+00  0.00000000E+00  0.00000000E+00  0.00000000E+00  0.00000000E+00  0.00000000E+00  0.00000000E+00  0.00000000E+00
  2.61476099E-01  2.61595786E-01  2.61019923E-01  2.60458148E-01  2.59611405E-01  2.58363144E-01  2.56966398E-01  2.55461952E-01  2.53609069E-01  2.51638831E-01  2.49523942E-01  2.46873489E-01  2.44308656E-01  2.41371368E-01  2.38446253E-01  2.35259274E-01  2.31650820E-01  2.27870304E-01  2.24056405E-01  2.20214989E-01  2.16023923E-01  2.11644966E-01  2.07316805E-01  2.02709114E-01  1.97910186E-01  1.93211193E-01  1.88351799E-01  1.83329650E-01  1.78159867E-01  1.72993579E-01  1.67751467E-01  1.62416614E-01  1.56944052E-01  1.51615725E-01  1.46124244E-01  1.40650209E-01  1.35105952E-01  1.29722497E-01  1.24285935E-01  1.18851577E-01  1.13438177E-01  1.08196855E-01  1.02870133E-01  9.76408758E-02  9.25353278E-02  8.75362443E-02  8.25732605E-02  7.77357697E-02  7.30115428E-02  6.84746578E-02  6.40177893E-02  5.97287951E-02  5.55443184E-02  5.15626398E-02  4.77387508E-02  4.40745011E-02  4.05259670E-02  3.71514913E-02  3.39523236E-02  3.09884057E-02  2.81391435E-02  2.54454301E-02  2.29568203E-02  2.06050599E-02  1.84488378E-02  1.64257921E-02  1.45491545E-02  1.28678389E-02  1.12808178E-02  9.85246971E-03  8.56300983E-03  7.39845284E-03  6.35242813E-03  5.41021711E-03  4.59457547E-03  3.86056633E-03  3.22777651E-03  2.67284833E-03  2.19728868E-03  1.78215616E-03  1.44236364E-03  1.15086064E-03  9.05765073E-04  7.07016322E-04  5.44597874E-04  4.14512133E-04  3.12178410E-04  2.31577608E-04  1.72299670E-04  1.22414960E-04  8.70702859E-05  6.17845547E-05  4.19234214E-05  2.85898033E-05  1.92635676E-05  1.24050530E-05  8.46335814E-06  5.17956588E-06  3.46001961E-06  2.12515782E-06  1.29627355E-06  6.71724556E-07  3.79558316E-07  2.03856451E-07  1.29448374E-07  4.95634832E-08  3.07978981E-08  5.49584332E-09  0.00000000E+00  6.38773160E-09  1.84366721E-10  0.00000000E+00  0.00000000E+00  0.00000000E+00  0.00000000E+00  0.00000000E+00  0.00000000E+00  0.00000000E+00  0.00000000E+00  0.00000000E+00  0.00000000E+00  0.00000000E+00  0.00000000E+00  0.00000000E+00  0.00000000E+00  0.00000000E+00  0.00000000E+00  0.00000000E+00  0.00000000E+00  0.00000000E+00  0.00000000E+00  0.00000000E+00  0.00000000E+00  0.00000000E+00  0.00000000E+00  0.00000000E+00  0.00000000E+00  0.00000000E+00  0.00000000E+00  0.00000000E+00  0.00000000E+00  0.00000000E+00  0.00000000E+00  0.00000000E+00  0.00000000E+00  0.00000000E+00  0.00000000E+00  0.00000000E+00  0.00000000E+00  0.00000000E+00  0.00000000E+00  0.00000000E+00  0.00000000E+00  0.00000000E+00  0.00000000E+00  0.00000000E+00  0.00000000E+00  0.00000000E+00  0.00000000E+00  0.00000000E+00  0.00000000E+00  0.00000000E+00  0.00000000E+00  0.00000000E+00  0.00000000E+00  0.00000000E+00  0.00000000E+00  0.00000000E+00  0.00000000E+00  0.00000000E+00  0.00000000E+00  0.00000000E+00  0.00000000E+00  0.00000000E+00  0.00000000E+00  0.00000000E+00  0.00000000E+00  0.00000000E+00  0.00000000E+00  0.00000000E+00  0.00000000E+00  0.00000000E+00  0.00000000E+00  0.00000000E+00  0.00000000E+00  0.00000000E+00  0.00000000E+00  0.00000000E+00  0.00000000E+00  0.00000000E+00  0.00000000E+00  0.00000000E+00  0.00000000E+00  0.00000000E+00  0.00000000E+00  0.00000000E+00  0.00000000E+00  0.00000000E+00  0.00000000E+00  0.00000000E+00
  2.62143407E-01  2.61929812E-01  2.61700588E-01  2.60870009E-01  2.59878015E-01  2.58755149E-01  2.57356819E-01  2.55772518E-01  2.53944194E-01  2.51862650E-01  2.49496230E-01  2.47091404E-01  2.44361371E-01  2.41442588E-01  2.38527479E-01  2.35170572E-01  2.31672003E-01  2.28035812E-01  2.24233626E-01  2.20464212E-01  2.16220471E-01  2.11874819E-01  2.07483379E-01  2.02884488E-01  1.98101524E-01  1.93405966E-01  1.88369429E-01  1.83379970E-01  1.78181396E-01  1.73081475E-01  1.67742843E-01  1.62406839E-01  1.57055836E-01  1.51516691E-01  1.46261705E-01  1.40621477E-01  1.35191023E-01  1.29685376E-01  1.24312770E-01  1.18899240E-01  1.13485638E-01  1.08175140E-01  1.02853289E-01  9.77284157E-02  9.25257117E-02  8.75396462E-02  8.26071510E-02  7.77554294E-02  7.31089946E-02  6.85205008E-02  6.40416405E-02  5.97557807E-02  5.55780783E-02  5.15923014E-02  4.77272543E-02  4.40550407E-02  4.05336043E-02  3.71534490E-02  3.39669324E-02  3.09423924E-02  2.81445727E-02  2.54448676E-02  2.29418412E-02  2.05961348E-02  1.84201494E-02  1.64180669E-02  1.45599268E-02  1.28412819E-02  1.12774038E-02  9.84027357E-03  8.53985135E-03  7.37431758E-03  6.35533747E-03  5.42174743E-03  4.58920675E-03  3.85663662E-03  3.22894209E-03  2.67064016E-03  2.19132024E-03  1.78662789E-03  1.44063619E-03  1.15112794E-03  9.08165414E-04  7.07932790E-04  5.48628649E-04  4.16590151E-04  3.13326889E-04  2.32910765E-04  1.69408870E-04  1.22880571E-04  8.68345946E-05  5.91448864E-05  4.16093695E-05  2.88073425E-05  1.92501064E-05  1.25097668E-05  8.39962453E-06  5.41635673E-06  3.21733140E-06  2.15560470E-06  1.18646089E-06  7.22025037E-07  3.88543430E-07  2.32961026E-07  1.03500964E-07  6.55560744E-08  3.26616390E-08  7.01507205E-09  3.31866759E-09  0.00000000E+00  0.00000000E+00  0.00000000E+00  0.00000000E+00  0.00000000E+00  0.00000000E+00  0.00000000E+00  0.00000000E+00  0.00000000E+00  0.00000000E+00  0.00000000E+00  0.00000000E+00  0.00000000E+00  0.00000000E+00  0.00000000E+00  0.00000000E+00  0.00000000E+00  0.00000000E+00  0.00000000E+00  0.00000000E+00  0.00000000E+00  0.00000000E+00  0.00000000E+00  0.00000000E+00  0.00000000E+00  0.00000000E+00  0.00000000E+00  0.00000000E+00  0.00000000E+00  0.00000000E+00  0.00000000E+00  0.00000000E+00  0.00000000E+00  0.00000000E+00  0.00000000E+00  0.00000000E+00  0.00000000E+00  0.00000000E+00  0.00000000E+00  0.00000000E+00  0.00000000E+00  0.00000000E+00  0.00000000E+00  0.00000000E+00  0.00000000E+00  0.00000000E+00  0.00000000E+00  0.00000000E+00  0.00000000E+00  0.00000000E+00  0.00000000E+00  0.00000000E+00  0.00000000E+00  0.00000000E+00  0.00000000E+00  0.00000000E+00  0.00000000E+00  0.00000000E+00  0.00000000E+00  0.00000000E+00  0.00000000E+00  0.00000000E+00  0.00000000E+00  0.00000000E+00  0.00000000E+00  0.00000000E+00  0.00000000E+00  0.00000000E+00  0.00000000E+00  0.00000000E+00  0.00000000E+00  0.00000000E+00  0.00000000E+00  0.00000000E+00  0.00000000E+00  0.00000000E+00  0.00000000E+00  0.00000000E+00  0.00000000E+00  0.00000000E+00  0.00000000E+00  0.00000000E+00  0.00000000E+00  0.00000000E+00  0.00000000E+00  0.00000000E+00  0.00000000E+00  0.00000000E+00  0.00000000E+00  0.00000000E+00  0.00000000E+00
  2.67251160E-01  2.67423749E-01  2.66782239E-01  2.65730751E-01  2.64584704E-01  2.63698635E-01  2.62392783E-01  2.60646777E-01  2.58715606E-01  2.56849818E-01  2.54721924E-01  2.52190653E-01  2.49394736E-01  2.46611272E-01  2.43592515E-01  2.40201767E-01  2.36747244E-01  2.33366904E-01  2.29271983E-01  2.25312576E-01  2.21417439E-01  2.17022035E-01  2.12667602E-01  2.08133520E-01  2.03218379E-01  1.98497149E-01  1.93445044E-01  1.88452150E-01  1.83138065E-01  1.78009865E-01  1.72621801E-01  1.67298948E-01  1.61810056E-01  1.56407801E-01  1.50835595E-01  1.45269111E-01  1.39622484E-01  1.34141709E-01  1.28564544E-01  1.23043264E-01  1.17557125E-01  1.12106989E-01  1.06725099E-01  1.01455649E-01  9.61556011E-02  9.09095159E-02  8.59173182E-02  8.09676049E-02  7.61560258E-02  7.14117314E-02  6.67923725E-02  6.23952076E-02  5.80592180E-02  5.39083693E-02  4.99402836E-02  4.61149647E-02  4.24894676E-02  3.89784218E-02  3.56913749E-02  3.25340711E-02  2.95566976E-02  2.67660571E-02  2.41492728E-02  2.17109479E-02  1.94248939E-02  1.73115752E-02  1.53575194E-02  1.35728502E-02  1.19317155E-02  1.04169587E-02  9.05338951E-03  7.83775424E-03  6.73032886E-03  5.74109234E-03  4.86178625E-03  4.10649357E-03  3.43385464E-03  2.83546787E-03  2.33859010E-03  1.90385546E-03  1.53512785E-03  1.22509471E-03  9.66844718E-04  7.56622777E-04  5.81878265E-04  4.42086196E-04  3.37313370E-04  2.47550210E-04  1.80510269E-04  1.29849131E-04  9.22454450E-05  6.47022844E-05  4.46567746E-05  3.06963514E-05  2.01086288E-05  1.31516794E-05  9.20061509E-06  5.59440502E-06  3.71102085E-06  2.12495443E-06  1.22472532E-06  8.07858825E-07  5.08973933E-07  2.49236237E-07  1.15162526E-07  5.97422373E-08  2.18338693E-08  1.35350392E-08  7.70778480E-09  2.17324222E-09  0.00000000E+00  0.00000000E+00  0.00000000E+00  0.00000000E+00  0.00000000E+00  0.00000000E+00  0.00000000E+00  0.00000000E+00  0.00000000E+00  0.00000000E+00  0.00000000E+00  0.00000000E+00  0.00000000E+00  0.00000000E+00  0.00000000E+00  0.00000000E+00  0.00000000E+00  0.00000000E+00  0.00000000E+00  0.00000000E+00  0.00000000E+00  0.00000000E+00  0.00000000E+00  0.00000000E+00  0.00000000E+00  0.00000000E+00  0.00000000E+00  0.00000000E+00  0.00000000E+00  0.00000000E+00  0.00000000E+00  0.00000000E+00  0.00000000E+00  0.00000000E+00  0.00000000E+00  0.00000000E+00  0.00000000E+00  0.00000000E+00  0.00000000E+00  0.00000000E+00  0.00000000E+00  0.00000000E+00  0.00000000E+00  0.00000000E+00  0.00000000E+00  0.00000000E+00  0.00000000E+00  0.00000000E+00  0.00000000E+00  0.00000000E+00  0.00000000E+00  0.00000000E+00  0.00000000E+00  0.00000000E+00  0.00000000E+00  0.00000000E+00  0.00000000E+00  0.00000000E+00  0.00000000E+00  0.00000000E+00  0.00000000E+00  0.00000000E+00  0.00000000E+00  0.00000000E+00  0.00000000E+00  0.00000000E+00  0.00000000E+00  0.00000000E+00  0.00000000E+00  0.00000000E+00  0.00000000E+00  0.00000000E+00  0.00000000E+00  0.00000000E+00  0.00000000E+00  0.00000000E+00  0.00000000E+00  0.00000000E+00  0.00000000E+00  0.00000000E+00  0.00000000E+00  0.00000000E+00  0.00000000E+00  0.00000000E+00  0.00000000E+00  0.00000000E+00  0.00000000E+00  0.00000000E+00  0.00000000E+00  0.00000000E+00
  2.66335115E-01  2.65196339E-01  2.64467569E-01  2.64050764E-01  2.63270561E-01  2.61897589E-01  2.60580286E-01  2.58701873E-01  2.57020731E-01  2.55138435E-01  2.52927122E-01  2.50578879E-01  2.47863794E-01  2.44649627E-01  2.41767769E-01  2.38661444E-01  2.35107025E-01  2.31471776E-01  2.27645235E-01  2.23765924E-01  2.19568714E-01  2.15228864E-01  2.10802115E-01  2.06177245E-01  2.01486967E-01  1.96665021E-01  1.91578495E-01  1.86789599E-01  1.81452009E-01  1.76243334E-01  1.70916879E-01  1.65692632E-01  1.60224316E-01  1.54705920E-01  1.49160370E-01  1.43658779E-01  1.38204846E-01  1.32557098E-01  1.27078760E-01  1.21630144E-01  1.16109804E-01  1.10815666E-01  1.05439268E-01  1.00083186E-01  9.48994598E-02  8.97725765E-02  8.47760458E-02  7.98466840E-02  7.50011376E-02  7.03487850E-02  6.59014067E-02  6.14359125E-02  5.72240730E-02  5.31020558E-02  4.91909221E-02  4.53481348E-02  4.17626384E-02  3.83408799E-02  3.50853310E-02  3.19658827E-02  2.90661777E-02  2.63358659E-02  2.37362574E-02  2.13112409E-02  1.90760861E-02  1.70040055E-02  1.50734627E-02  1.33141307E-02  1.16940442E-02  1.02040493E-02  8.86934731E-03  7.67045203E-03  6.59477790E-03  5.62348880E-03  4.77270237E-03  4.02132918E-03  3.36167159E-03  2.78271407E-03  2.29711807E-03  1.85985193E-03  1.50554704E-03  1.20480538E-03  9.48618202E-04  7.36492342E-04  5.70796582E-04  4.33634620E-04  3.27727627E-04  2.44445813E-04  1.78225258E-04  1.25787022E-04  9.03394306E-05  6.25272053E-05  4.35422071E-05  3.01957340E-05  1.99634482E-05  1.35788063E-05  8.95365801E-06  5.39710358E-06  3.49695827E-06  2.04995720E-06  1.33518676E-06  7.90581154E-07  4.37217980E-07  2.18663764E-07  1.58558799E-07  6.69967624E-08  3.73956378E-08  1.49202629E-08  6.13859913E-09  0.00000000E+00  0.00000000E+00  0.00000000E+00  0.00000000E+00  0.00000000E+00  0.00000000E+00  0.00000000E+00  0.00000000E+00  0.00000000E+00  0.00000000E+00  0.00000000E+00  0.00000000E+00  0.00000000E+00  0.00000000E+00  0.00000000E+00  0.00000000E+00  0.00000000E+00  0.00000000E+00  0.00000000E+00  0.00000000E+00  0.00000000E+00  0.00000000E+00  0.00000000E+00  0.00000000E+00  0.00000000E+00  0.00000000E+00  0.00000000E+00  0.00000000E+00  0.00000000E+00  0.00000000E+00  0.00000000E+00  0.00000000E+00  0.00000000E+00  0.00000000E+00  0.00000000E+00  0.00000000E+00  0.00000000E+00  0.00000000E+00  0.00000000E+00  0.00000000E+00  0.00000000E+00  0.00000000E+00  0.00000000E+00  0.00000000E+00  0.00000000E+00  0.00000000E+00  0.00000000E+00  0.00000000E+00  0.00000000E+00  0.00000000E+00  0.00000000E+00  0.00000000E+00  0.00000000E+00  0.00000000E+00  0.00000000E+00  0.00000000E+00  0.00000000E+00  0.00000000E+00  0.00000000E+00  0.00000000E+00  0.00000000E+00  0.00000000E+00  0.00000000E+00  0.00000000E+00  0.00000000E+00  0.00000000E+00  0.00000000E+00  0.00000000E+00  0.00000000E+00  0.00000000E+00  0.00000000E+00  0.00000000E+00  0.00000000E+00  0.00000000E+00  0.00000000E+00  0.00000000E+00  0.00000000E+00  0.00000000E+00  0.00000000E+00  0.00000000E+00  0.00000000E+00  0.00000000E+00  0.00000000E+00  0.00000000E+00  0.00000000E+00  0.00000000E+00  0.00000000E+00  0.00000000E+00  0.00000000E+00  0.00000000E+00  0.00000000E+00
  2.61206008E-01  2.61799052E-01  2.61203534E-01  2.60656855E-01  2.59883137E-01  2.58501683E-01  2.57082953E-01  2.55582655E-01  2.53784567E-01  2.51766997E-01  2.49323658E-01  2.47034570E-01  2.44204286E-01  2.41478063E-01  2.38453212E-01  2.35026109E-01  2.31809955E-01  2.28109340E-01  2.24361311E-01  2.20301163E-01  2.16099087E-01  2.11759193E-01  2.07388426E-01  2.02726428E-01  1.98129229E-01  1.93444620E-01  1.88383423E-01  1.83453400E-01  1.78198684E-01  1.72980893E-01  1.67733310E-01  1.62434640E-01  1.57011743E-01  1.51535530E-01  1.46165639E-01  1.40727431E-01  1.35147837E-01  1.29714342E-01  1.24364728E-01  1.18807212E-01  1.13463543E-01  1.08169823E-01  1.02812376E-01  9.76869001E-02  9.25178247E-02  8.74749660E-02  8.26106035E-02  7.77807825E-02  7.29891565E-02  6.84504701E-02  6.40202956E-02  5.96791465E-02  5.55526846E-02  5.15421650E-02  4.76666024E-02  4.40141067E-02  4.05083903E-02  3.71265534E-02  3.39530920E-02  3.09154808E-02  2.80801281E-02  2.54023392E-02  2.29037268E-02  2.05774368E-02  1.84156590E-02  1.63854865E-02  1.45468292E-02  1.28251887E-02  1.12666765E-02  9.84812155E-03  8.54908065E-03  7.37701078E-03  6.33143001E-03  5.40527442E-03  4.58484854E-03  3.85789816E-03  3.22453130E-03  2.67026018E-03  2.18858120E-03  1.78493957E-03  1.43441097E-03  1.15084711E-03  9.07328764E-04  7.08238641E-04  5.46293911E-04  4.15659300E-04  3.11471398E-04  2.32755110E-04  1.69913017E-04  1.22434792E-04  8.68036221E-05  6.14432386E-05  4.15233212E-05  2.88301237E-05  1.89497900E-05  1.23729537E-05  8.38255405E-06  5.26191781E-06  3.31737418E-06  2.09781616E-06  1.36875413E-06  6.24896463E-07  3.39104736E-07  1.98479809E-07  6.43791331E-08  5.52749634E-08  3.66527021E-08  7.26234935E-09  1.58924824E-08  0.00000000E+00  0.00000000E+00  0.00000000E+00  0.00000000E+00  0.00000000E+00  0.00000000E+00  0.00000000E+00  0.00000000E+00  0.00000000E+00  0.00000000E+00  0.00000000E+00  0.00000000E+00  0.00000000E+00  0.00000000E+00  0.00000000E+00  0.00000000E+00  0.00000000E+00  0.00000000E+00  0.00000000E+00  0.00000000E+00  0.00000000E+00  0.00000000E+00  0.00000000E+00  0.00000000E+00  0.00000000E+00  0.00000000E+00  0.00000000E+00  0.00000000E+00  0.00000000E+00  0.00000000E+00  0.00000000E+00  0.00000000E+00  0.00000000E+00  0.00000000E+00  0.00000000E+00  0.00000000E+00  0.00000000E+00  0.00000000E+00  0.00000000E+00  0.00000000E+00  0.00000000E+00  0.00000000E+00  0.00000000E+00  0.00000000E+00  0.00000000E+00  0.00000000E+00  0.00000000E+00  0.00000000E+00  0.00000000E+00  0.00000000E+00  0.00000000E+00  0.00000000E+00  0.00000000E+00  0.00000000E+00  0.00000000E+00  0.00000000E+00  0.00000000E+00  0.00000000E+00  0.00000000E+00  0.00000000E+00  0.00000000E+00  0.00000000E+00  0.00000000E+00  0.00000000E+00  0.00000000E+00  0.00000000E+00  0.00000000E+00  0.00000000E+00  0.00000000E+00  0.00000000E+00  0.00000000E+00  0.00000000E+00  0.00000000E+00  0.00000000E+00  0.00000000E+00  0.00000000E+00  0.00000000E+00  0.00000000E+00  0.00000000E+00  0.00000000E+00  0.00000000E+00  0.00000000E+00  0.00000000E+00  0.00000000E+00  0.00000000E+00  0.00000000E+00  0.00000000E+00  0.00000000E+00  0.00000000E+00  0.00000000E+00  0.00000000E+00
  2.63177240E-01  2.62556403E-01  2.62218918E-01  2.61211998E-01  2.60500758E-01  2.59348726E-01  2.57730832E-01  2.56292784E-01  2.54510195E-01  2.52565104E-01  2.50419545E-01  2.47845033E-01  2.45253421E-01  2.42322300E-01  2.39214477E-01  2.36164821E-01  2.32606211E-01  2.28939370E-01  2.25005755E-01  2.21122306E-01  2.17105432E-01  2.12710057E-01  2.08237796E-01  2.03745971E-01  1.99050826E-01  1.94308724E-01  1.89257122E-01  1.84096897E-01  1.79104602E-01  1.73948426E-01  1.68647518E-01  1.63276012E-01  1.57963240E-01  1.52445235E-01  1.47031532E-01  1.41535744E-01  1.36031357E-01  1.30464575E-01  1.25127230E-01  1.19651771E-01  1.14227395E-01  1.08919933E-01  1.03580878E-01  9.83060843E-02  9.31663852E-02  8.81515327E-02  8.31991760E-02  7.83520899E-02  7.36298749E-02  6.90273534E-02  6.45791773E-02  6.02280695E-02  5.60665149E-02  5.20206955E-02  4.81276682E-02  4.44445697E-02  4.08922617E-02  3.74965093E-02  3.43241744E-02  3.12829137E-02  2.84094003E-02  2.56937489E-02  2.32101644E-02  2.08431863E-02  1.86133045E-02  1.65848933E-02  1.47132499E-02  1.29615335E-02  1.13888603E-02  9.94820673E-03  8.65574637E-03  7.46347611E-03  6.41698085E-03  5.47393995E-03  4.64145880E-03  3.90476631E-03  3.26479481E-03  2.70333898E-03  2.21875599E-03  1.81062382E-03  1.45539568E-03  1.16536808E-03  9.18922088E-04  7.18610825E-04  5.54439510E-04  4.20780497E-04  3.15773832E-04  2.35143352E-04  1.70922724E-04  1.23951455E-04  8.76610610E-05  6.10761194E-05  4.22328999E-05  2.88963267E-05  1.98031934E-05  1.27124681E-05  8.81015568E-06  5.24730109E-06  3.28284349E-06  2.05130205E-06  1.34220049E-06  6.21397131E-07  3.42691253E-07  1.97031990E-07  1.04424492E-07  3.87236824E-08  2.47237723E-08  2.37362440E-08  2.81459164E-09  2.35506064E-09  1.22828836E-09  0.00000000E+00  0.00000000E+00  0.00000000E+00  0.00000000E+00  0.00000000E+00  0.00000000E+00  0.00000000E+00  0.00000000E+00  0.00000000E+00  0.00000000E+00  0.00000000E+00  0.00000000E+00  0.00000000E+00  0.00000000E+00  0.00000000E+00  0.00000000E+00  0.00000000E+00  0.00000000E+00  0.00000000E+00  0.00000000E+00  0.00000000E+00  0.00000000E+00  0.00000000E+00  0.00000000E+00  0.00000000E+00  0.00000000E+00  0.00000000E+00  0.00000000E+00  0.00000000E+00  0.00000000E+00  0.00000000E+00  0.00000000E+00  0.00000000E+00  0.00000000E+00  0.00000000E+00  0.00000000E+00  0.00000000E+00  0.00000000E+00  0.00000000E+00  0.00000000E+00  0.00000000E+00  0.00000000E+00  0.00000000E+00  0.00000000E+00  0.00000000E+00  0.00000000E+00  0.00000000E+00  0.00000000E+00  0.00000000E+00  0.00000000E+00  0.00000000E+00  0.00000000E+00  0.00000000E+00  0.00000000E+00  0.00000000E+00  0.00000000E+00  0.00000000E+00  0.00000000E+00  0.00000000E+00  0.00000000E+00  0.00000000E+00  0.00000000E+00  0.00000000E+00  0.00000000E+00  0.00000000E+00  0.00000000E+00  0.00000000E+00  0.00000000E+00  0.00000000E+00  0.00000000E+00  0.00000000E+00  0.00000000E+00  0.00000000E+00  0.00000000E+00  0.00000000E+00  0.00000000E+00  0.00000000E+00  0.00000000E+00  0.00000000E+00  0.00000000E+00  0.00000000E+00  0.00000000E+00  0.00000000E+00  0.00000000E+00  0.00000000E+00  0.00000000E+00  0.00000000E+00  0.00000000E+00  0.00000000E+00
  2.64411877E-01  2.63244141E-01  2.63176420E-01  2.62660301E-01  2.61521016E-01  2.60326589E-01  2.58943100E-01  2.57519319E-01  2.55577822E-01  2.53499813E-01  2.51316409E-01  2.48855181E-01  2.46003225E-01  2.43369364E-01  2.40162336E-01  2.36925598E-01  2.33488585E-01  2.29806969E-01  2.25933570E-01  2.21943911E-01  2.17850913E-01  2.13591685E-01  2.09143624E-01  2.04455028E-01  1.99739223E-01  1.94903475E-01  1.89990594E-01  1.85047936E-01  1.79844099E-01  1.74729445E-01  1.69399928E-01  1.64094722E-01  1.58573635E-01  1.53166639E-01  1.47733681E-01  1.42237487E-01  1.36687739E-01  1.31246378E-01  1.25687806E-01  1.20306908E-01  1.14820875E-01  1.09493121E-01  1.04188066E-01  9.88737533E-02  9.37324438E-02  8.87477684E-02  8.37211911E-02  7.87802422E-02  7.41205725E-02  6.94580042E-02  6.49003012E-02  6.06483184E-02  5.63853530E-02  5.23629584E-02  4.84784915E-02  4.47322635E-02  4.11864650E-02  3.77774641E-02  3.45299293E-02  3.15216735E-02  2.86112086E-02  2.58901515E-02  2.33426225E-02  2.09695851E-02  1.87732276E-02  1.66988819E-02  1.48301056E-02  1.30845917E-02  1.14821009E-02  1.00335592E-02  8.72002450E-03  7.52976209E-03  6.47842969E-03  5.52418551E-03  4.68001646E-03  3.94065097E-03  3.29025825E-03  2.72984456E-03  2.24347748E-03  1.82640768E-03  1.47581635E-03  1.17683608E-03  9.29382828E-04  7.24185442E-04  5.61138016E-04  4.26385657E-04  3.17891745E-04  2.37444088E-04  1.71968703E-04  1.23211714E-04  8.84188100E-05  6.25875500E-05  4.12330784E-05  2.86659752E-05  1.91984463E-05  1.30349514E-05  8.43569172E-06  5.20576323E-06  3.41495713E-06  2.05748756E-06  1.32113354E-06  7.22479108E-07  4.17052863E-07  2.19964145E-07  1.17053838E-07  5.09227979E-08  5.86714003E-09  1.23201042E-08  9.13926672E-09  0.00000000E+00  0.00000000E+00  0.00000000E+00  0.00000000E+00  0.00000000E+00  0.00000000E+00  0.00000000E+00  0.00000000E+00  0.00000000E+00  0.00000000E+00  0.00000000E+00  0.00000000E+00  0.00000000E+00  0.00000000E+00  0.00000000E+00  0.00000000E+00  0.00000000E+00  0.00000000E+00  0.00000000E+00  0.00000000E+00  0.00000000E+00  0.00000000E+00  0.00000000E+00  0.00000000E+00  0.00000000E+00  0.00000000E+00  0.00000000E+00  0.00000000E+00  0.00000000E+00  0.00000000E+00  0.00000000E+00  0.00000000E+00  0.00000000E+00  0.00000000E+00  0.00000000E+00  0.00000000E+00  0.00000000E+00  0.00000000E+00  0.00000000E+00  0.00000000E+00  0.00000000E+00  0.00000000E+00  0.00000000E+00  0.00000000E+00  0.00000000E+00  0.00000000E+00  0.00000000E+00  0.00000000E+00  0.00000000E+00  0.00000000E+00  0.00000000E+00  0.00000000E+00  0.00000000E+00  0.00000000E+00  0.00000000E+00  0.00000000E+00  0.00000000E+00  0.00000000E+00  0.00000000E+00  0.00000000E+00  0.00000000E+00  0.00000000E+00  0.00000000E+00  0.00000000E+00  0.00000000E+00  0.00000000E+00  0.00000000E+00  0.00000000E+00  0.00000000E+00  0.00000000E+00  0.00000000E+00  0.00000000E+00  0.00000000E+00  0.00000000E+00  0.00000000E+00  0.00000000E+00  0.00000000E+00  0.00000000E+00  0.00000000E+00  0.00000000E+00  0.00000000E+00  0.00000000E+00  0.00000000E+00  0.00000000E+00  0.00000000E+00  0.00000000E+00  0.00000000E+00  0.00000000E+00  0.00000000E+00  0.00000000E+00  0.00000000E+00
  2.62020044E-01  2.61990483E-01  2.61533916E-01  2.60818304E-01  2.59914047E-01  2.58717860E-01  2.57435135E-01  2.55909096E-01  2.54046151E-01  2.52161676E-01  2.49965173E-01  2.47434238E-01  2.44535072E-01  2.41643881E-01  2.38484038E-01  2.35250149E-01  2.31684601E-01  2.28210240E-01  2.24374414E-01  2.20434309E-01  2.16328969E-01  2.11980864E-01  2.07518084E-01  2.02928255E-01  1.98150799E-01  1.93262567E-01  1.88380644E-01  1.83280709E-01  1.78308777E-01  1.72938894E-01  1.67802659E-01  1.62447760E-01  1.56988149E-01  1.51675708E-01  1.46112766E-01  1.40656552E-01  1.35188220E-01  1.29716632E-01  1.24283814E-01  1.18789740E-01  1.13419284E-01  1.08094216E-01  1.02852725E-01  9.76118941E-02  9.25106819E-02  8.73919105E-02  8.25013350E-02  7.76664778E-02  7.30259369E-02  6.84271957E-02  6.39622642E-02  5.96689983E-02  5.55124025E-02  5.15601648E-02  4.76673929E-02  4.40171966E-02  4.04674642E-02  3.71205464E-02  3.39109639E-02  3.09380575E-02  2.80806945E-02  2.53877348E-02  2.28865482E-02  2.05559282E-02  1.83872475E-02  1.63688985E-02  1.45211358E-02  1.27881711E-02  1.12510112E-02  9.82081239E-03  8.52583085E-03  7.36986020E-03  6.32913213E-03  5.40092554E-03  4.57810143E-03  3.85287292E-03  3.21221081E-03  2.66389912E-03  2.18745911E-03  1.78497589E-03  1.44038031E-03  1.14738465E-03  9.02562674E-04  7.07101498E-04  5.44217681E-04  4.14350849E-04  3.13162285E-04  2.31446778E-04  1.68575755E-04  1.20916556E-04  8.53845639E-05  5.97666810E-05  4.16159481E-05  2.78214677E-05  1.91665119E-05  1.23773713E-05  8.02580438E-06  5.48307031E-06  3.07192204E-06  1.99861578E-06  1.17507727E-06  7.54997481E-07  3.72126749E-07  1.79804976E-07  1.16817099E-07  6.22953912E-08  1.52363631E-08  9.85256149E-09  3.19134281E-09  0.00000000E+00  5.59129151E-09  7.30700490E-10  0.00000000E+00  0.00000000E+00  0.00000000E+00  0.00000000E+00  0.00000000E+00  0.00000000E+00  0.00000000E+00  0.00000000E+00  0.00000000E+00  0.00000000E+00  0.00000000E+00  0.00000000E+00  0.00000000E+00  0.00000000E+00  0.00000000E+00  0.00000000E+00  0.00000000E+00  0.00000000E+00  0.00000000E+00  0.00000000E+00  0.00000000E+00  0.00000000E+00  0.00000000E+00  0.00000000E+00  0.00000000E+00  0.00000000E+00  0.00000000E+00  0.00000000E+00  0.00000000E+00  0.00000000E+00  0.00000000E+00  0.00000000E+00  0.00000000E+00  0.00000000E+00  0.00000000E+00  0.00000000E+00  0.00000000E+00  0.00000000E+00  0.00000000E+00  0.00000000E+00  0.00000000E+00  0.00000000E+00  0.00000000E+00  0.00000000E+00  0.00000000E+00  0.00000000E+00  0.00000000E+00  0.00000000E+00  0.00000000E+00  0.00000000E+00  0.00000000E+00  0.00000000E+00  0.00000000E+00  0.00000000E+00  0.00000000E+00  0.00000000E+00  0.00000000E+00  0.00000000E+00  0.00000000E+00  0.00000000E+00  0.00000000E+00  0.00000000E+00  0.00000000E+00  0.00000000E+00  0.00000000E+00  0.00000000E+00  0.00000000E+00  0.00000000E+00  0.00000000E+00  0.00000000E+00  0.00000000E+00  0.00000000E+00  0.00000000E+00  0.00000000E+00  0.00000000E+00  0.00000000E+00  0.00000000E+00  0.00000000E+00  0.00000000E+00  0.00000000E+00  0.00000000E+00  0.00000000E+00  0.00000000E+00  0.00000000E+00  0.00000000E+00  0.00000000E+00  0.00000000E+00  0.00000000E+00
  2.63389075E-01  2.63249579E-01  2.62715660E-01  2.62237404E-01  2.61087267E-01  2.60166733E-01  2.58554744E-01  2.56766899E-01  2.55276140E-01  2.53207905E-01  2.50989998E-01  2.48496526E-01  2.45863742E-01  2.42920723E-01  2.39812357E-01  2.36600321E-01  2.33037139E-01  2.29538589E-01  2.25671874E-01  2.21726047E-01  2.17537224E-01  2.13274047E-01  2.08763563E-01  2.04318997E-01  1.99615753E-01  1.94748873E-01  1.89684816E-01  1.84753010E-01  1.79634602E-01  1.74307481E-01  1.69037801E-01  1.63685798E-01  1.58384759E-01  1.52877425E-01  1.47403950E-01  1.41850630E-01  1.36405054E-01  1.30981678E-01  1.25440216E-01  1.19969051E-01  1.14572131E-01  1.09133426E-01  1.03880959E-01  9.86468062E-02  9.34417762E-02  8.83721190E-02  8.35036765E-02  7.85912443E-02  7.38836860E-02  6.91567578E-02  6.47958475E-02  6.04505565E-02  5.62007831E-02  5.22115767E-02  4.82688167E-02  4.46198532E-02  4.10394945E-02  3.76803332E-02  3.44314954E-02  3.13721151E-02  2.84864679E-02  2.58068789E-02  2.32624601E-02  2.09090901E-02  1.87019243E-02  1.66366854E-02  1.47648443E-02  1.30163704E-02  1.14445378E-02  1.00021977E-02  8.67763736E-03  7.50271692E-03  6.44539638E-03  5.50069445E-03  4.66192747E-03  3.92318811E-03  3.27539461E-03  2.72110970E-03  2.23518347E-03  1.81510027E-03  1.46313242E-03  1.16792368E-03  9.26919491E-04  7.21519216E-04  5.56758065E-04  4.25364861E-04  3.18695992E-04  2.36055264E-04  1.72393933E-04  1.25353816E-04  8.70443901E-05  6.13354728E-05  4.22422217E-05  2.92093026E-05  1.92988495E-05  1.27102374E-05  8.72820047E-06  5.47886239E-06  3.33315974E-06  2.02188804E-06  1.13281955E-06  7.15997979E-07  3.89307329E-07  1.89129534E-07  8.02984407E-08  6.70431968E-08  3.10058118E-08  7.20531269E-09  6.57530656E-09  0.00000000E+00  0.00000000E+00  0.00000000E+00  0.00000000E+00  0.00000000E+00  0.00000000E+00  0.00000000E+00  0.00000000E+00  0.00000000E+00  0.00000000E+00  0.00000000E+00  0.00000000E+00  0.00000000E+00  0.00000000E+00  0.00000000E+00  0.00000000E+00  0.00000000E+00  0.00000000E+00  0.00000000E+00  0.00000000E+00  0.00000000E+00  0.00000000E+00  0.00000000E+00  0.00000000E+00  0.00000000E+00  0.00000000E+00  0.00000000E+00  0.00000000E+00  0.00000000E+00  0.00000000E+00  0.00000000E+00  0.00000000E+00  0.00000000E+00  0.00000000E+00  0.00000000E+00  0.00000000E+00  0.00000000E+00  0.00000000E+00  0.00000000E+00  0.00000000E+00  0.00000000E+00  0.00000000E+00  0.00000000E+00  0.00000000E+00  0.00000000E+00  0.00000000E+00  0.00000000E+00  0.00000000E+00  0.00000000E+00  0.00000000E+00  0.00000000E+00  0.00000000E+00  0.00000000E+00  0.00000000E+00  0.00000000E+00  0.00000000E+00  0.00000000E+00  0.00000000E+00  0.00000000E+00  0.00000000E+00  0.00000000E+00  0.00000000E+00  0.00000000E+00  0.00000000E+00  0.00000000E+00  0.00000000E+00  0.00000000E+00  0.00000000E+00  0.00000000E+00  0.00000000E+00  0.00000000E+00  0.00000000E+00  0.00000000E+00  0.00000000E+00  0.00000000E+00  0.00000000E+00  0.00000000E+00  0.00000000E+00  0.00000000E+00  0.00000000E+00  0.00000000E+00  0.00000000E+00  0.00000000E+00  0.00000000E+00  0.00000000E+00  0.00000000E+00  0.00000000E+00  0.00000000E+00  0.00000000E+00  0.00000000E+00  0.00000000E+00
  2.62286219E-01  2.61841031E-01  2.61731760E-01  2.60800977E-01  2.59579490E-01  2.58934764E-01  2.57148757E-01  2.55703647E-01  2.53846492E-01  2.51718878E-01  2.49682882E-01  2.47109723E-01  2.44421712E-01  2.41574749E-01  2.38374186E-01  2.35097992E-01  2.31716166E-01  2.28062931E-01  2.24304662E-01  2.20327999E-01  2.16103542E-01  2.11943708E-01  2.07521880E-01  2.02916680E-01  1.98142282E-01  1.93245229E-01  1.88351295E-01  1.83339268E-01  1.78300460E-01  1.73043543E-01  1.67799137E-01  1.62418768E-01  1.57028720E-01  1.51682398E-01  1.46196717E-01  1.40640940E-01  1.35166278E-01  1.29732881E-01  1.24250911E-01  1.18832999E-01  1.13500724E-01  1.08031190E-01  1.02900315E-01  9.76414115E-02  9.24982422E-02  8.75283934E-02  8.25260772E-02  7.76885544E-02  7.29797312E-02  6.84366614E-02  6.39716690E-02  5.96964967E-02  5.54975374E-02  5.15707656E-02  4.76953078E-02  4.40023846E-02  4.05083797E-02  3.71134416E-02  3.39448661E-02  3.09243258E-02  2.80852981E-02  2.54279522E-02  2.29207795E-02  2.05700208E-02  1.83940921E-02  1.63804397E-02  1.45265219E-02  1.28296486E-02  1.12484219E-02  9.83636233E-03  8.53764736E-03  7.37627359E-03  6.33119947E-03  5.38518160E-03  4.57537742E-03  3.85534982E-03  3.20968392E-03  2.66595307E-03  2.18615518E-03  1.78702176E-03  1.43728296E-03  1.14869872E-03  9.06514918E-04  7.07516932E-04  5.40404560E-04  4.16501923E-04  3.12401611E-04  2.31204474E-04  1.68005253E-04  1.23708702E-04  8.54487646E-05  6.06907849E-05  4.21403619E-05  2.79165808E-05  1.91706396E-05  1.23055003E-05  7.71448097E-06  5.35257413E-06  3.41274811E-06  2.14067936E-06  1.17114348E-06  7.82244134E-07  3.47748747E-07  2.02689579E-07  1.17244728E-07  4.35741272E-08  3.83900932E-08  8.01026197E-09  7.93643465E-09  1.30033915E-09  3.12938761E-09  0.00000000E+00  0.00000000E+00  0.00000000E+00  0.00000000E+00  0.00000000E+00  0.00000000E+00  0.00000000E+00  0.00000000E+00  0.00000000E+00  0.00000000E+00  0.00000000E+00  0.00000000E+00  0.00000000E+00  0.00000000E+00  0.00000000E+00  0.00000000E+00  0.00000000E+00  0.00000000E+00  0.00000000E+00  0.00000000E+00  0.00000000E+00  0.00000000E+00  0.00000000E+00  0.00000000E+00  0.00000000E+00  0.00000000E+00  0.00000000E+00  0.00000000E+00  0.00000000E+00  0.00000000E+00  0.00000000E+00  0.00000000E+00  0.00000000E+00  0.00000000E+00  0.00000000E+00  0.00000000E+00  0.00000000E+00  0.00000000E+00  0.00000000E+00  0.00000000E+00  0.00000000E+00  0.00000000E+00  0.00000000E+00  0.00000000E+00  0.00000000E+00  0.00000000E+00  0.00000000E+00  0.00000000E+00  0.00000000E+00  0.00000000E+00  0.00000000E+00  0.00000000E+00  0.00000000E+00  0.00000000E+00  0.00000000E+00  0.00000000E+00  0.00000000E+00  0.00000000E+00  0.00000000E+00  0.00000000E+00  0.00000000E+00  0.00000000E+00  0.00000000E+00  0.00000000E+00  0.00000000E+00  0.00000000E+00  0.00000000E+00  0.00000000E+00  0.00000000E+00  0.00000000E+00  0.00000000E+00  0.00000000E+00  0.00000000E+00  0.00000000E+00  0.00000000E+00  0.00000000E+00  0.00000000E+00  0.00000000E+00  0.00000000E+00  0.00000000E+00  0.00000000E+00  0.00000000E+00  0.00000000E+00  0.00000000E+00  0.00000000E+00  0.00000000E+00  0.00000000E+00  0.00000000E+00  0.00000000E+00
  2.62550195E-01  2.61927849E-01  2.61486348E-01  2.60899389E-01  2.59976868E-01  2.58592843E-01  2.57282402E-01  2.55697611E-01  2.53861039E-01  2.51850724E-01  2.49616951E-01  2.47092019E-01  2.44360309E-01  2.41598851E-01  2.38464963E-01  2.35221771E-01  2.31793213E-01  2.28079218E-01  2.24112179E-01  2.20249423E-01  2.16059473E-01  2.11815701E-01  2.07363918E-01  2.02889611E-01  1.98109965E-01  1.93300954E-01  1.88383383E-01  1.83222990E-01  1.78254082E-01  1.73029644E-01  1.67702094E-01  1.62356407E-01  1.57055722E-01  1.51531712E-01  1.46162559E-01  1.40718555E-01  1.35088587E-01  1.29679853E-01  1.24246899E-01  1.18808105E-01  1.13396035E-01  1.08147009E-01  1.02851125E-01  9.76221688E-02  9.24786032E-02  8.74641644E-02  8.25310902E-02  7.77152975E-02  7.30199882E-02  6.84007391E-02  6.40405100E-02  5.96933862E-02  5.55603489E-02  5.15355112E-02  4.77230899E-02  4.40037490E-02  4.04998161E-02  3.71604047E-02  3.39504390E-02  3.09632944E-02  2.81007590E-02  2.54472201E-02  2.29178134E-02  2.05888880E-02  1.84184585E-02  1.64122885E-02  1.45395180E-02  1.28205867E-02  1.12694047E-02  9.83285407E-03  8.56022452E-03  7.39299085E-03  6.33008868E-03  5.41610128E-03  4.58668829E-03  3.86620244E-03  3.22824192E-03  2.66999709E-03  2.19094250E-03  1.78800927E-03  1.43899700E-03  1.14975497E-03  9.04546964E-04  7.07902983E-04  5.44222241E-04  4.16802357E-04  3.12434095E-04  2.31944821E-04  1.69197281E-04  1.23053380E-04  8.59551181E-05  6.06735449E-05  4.14729418E-05  2.77716239E-05  1.85225301E-05  1.22445581E-05  8.25943833E-06  5.53737616E-06  3.25277268E-06  1.99330252E-06  1.22099209E-06  6.74738706E-07  3.90000552E-07  2.57816381E-07  1.36805841E-07  4.01055444E-08  3.83260175E-08  7.51808663E-09  1.17678450E-08  1.79867504E-09  0.00000000E+00  0.00000000E+00  0.00000000E+00  0.00000000E+00  0.00000000E+00  0.00000000E+00  0.00000000E+00  0.00000000E+00  0.00000000E+00  0.00000000E+00  0.00000000E+00  0.00000000E+00  0.00000000E+00  0.00000000E+00  0.00000000E+00  0.00000000E+00  0.00000000E+00  0.00000000E+00  0.00000000E+00  0.00000000E+00  0.00000000E+00  0.00000000E+00  0.00000000E+00  0.00000000E+00  0.00000000E+00  0.00000000E+00  0.00000000E+00  0.00000000E+00  0.00000000E+00  0.00000000E+00  0.00000000E+00  0.00000000E+00  0.00000000E+00  0.00000000E+00  0.00000000E+00  0.00000000E+00  0.00000000E+00  0.00000000E+00  0.00000000E+00  0.00000000E+00  0.00000000E+00  0.00000000E+00  0.00000000E+00  0.00000000E+00  0.00000000E+00  0.00000000E+00  0.00000000E+00  0.00000000E+00  0.00000000E+00  0.00000000E+00  0.00000000E+00  0.00000000E+00  0.00000000E+00  0.00000000E+00  0.00000000E+00  0.00000000E+00  0.00000000E+00  0.00000000E+00  0.00000000E+00  0.00000000E+00  0.00000000E+00  0.00000000E+00  0.00000000E+00  0.00000000E+00  0.00000000E+00  0.00000000E+00  0.00000000E+00  0.00000000E+00  0.00000000E+00  0.00000000E+00  0.00000000E+00  0.00000000E+00  0.00000000E+00  0.00000000E+00  0.00000000E+00  0.00000000E+00  0.00000000E+00  0.00000000E+00  0.00000000E+00  0.00000000E+00  0.00000000E+00  0.00000000E+00  0.00000000E+00  0.00000000E+00  0.00000000E+00  0.00000000E+00  0.00000000E+00  0.00000000E+00  0.00000000E+00  0.00000000E+00
  2.65090152E-01  2.64671010E-01  2.64291692E-01  2.63088809E-01  2.62901731E-01  2.61638887E-01  2.60034125E-01  2.58604094E-01  2.56705166E-01  2.54700836E-01  2.52448430E-01  2.50091434E-01  2.47552343E-01  2.44489525E-01  2.41534351E-01  2.38102451E-01  2.34764408E-01  2.31306663E-01  2.27367078E-01  2.23413258E-01  2.19280762E-01  2.14917606E-01  2.10549236E-01  2.06045064E-01  2.01173981E-01  1.96254559E-01  1.91434338E-01  1.86399347E-01  1.81175757E-01  1.75993578E-01  1.70728952E-01  1.65336035E-01  1.60000295E-01  1.54555300E-01  1.49025091E-01  1.43477636E-01  1.37862806E-01  1.32407485E-01  1.26958362E-01  1.21379885E-01  1.15913526E-01  1.10470464E-01  1.05236899E-01  9.99330517E-02  9.47353568E-02  8.95752677E-02  8.45785384E-02  7.97608841E-02  7.48892729E-02  7.02430580E-02  6.57198858E-02  6.13553361E-02  5.71524960E-02  5.30306922E-02  4.90862175E-02  4.53202245E-02  4.17149575E-02  3.82642871E-02  3.50386684E-02  3.19448256E-02  2.90414222E-02  2.62696117E-02  2.36647451E-02  2.12665499E-02  1.90492989E-02  1.69596490E-02  1.50499136E-02  1.33033512E-02  1.16774092E-02  1.02144766E-02  8.85666339E-03  7.65810861E-03  6.57316920E-03  5.62582522E-03  4.76643811E-03  3.99959134E-03  3.35420792E-03  2.77725011E-03  2.28355926E-03  1.85772228E-03  1.50126242E-03  1.19572031E-03  9.50782373E-04  7.39543681E-04  5.69008215E-04  4.36161721E-04  3.24401749E-04  2.42355048E-04  1.77979229E-04  1.27035182E-04  9.12255957E-05  6.24387096E-05  4.37375870E-05  2.92620607E-05  1.96578953E-05  1.34979508E-05  8.51027861E-06  5.30816615E-06  3.50165663E-06  2.10423946E-06  1.17892165E-06  8.11164473E-07  3.60281065E-07  1.86005485E-07  1.32146264E-07  5.85966359E-08  3.86126655E-08  8.64806348E-09  2.56425307E-09  3.90421024E-09  0.00000000E+00  0.00000000E+00  0.00000000E+00  0.00000000E+00  0.00000000E+00  0.00000000E+00  0.00000000E+00  0.00000000E+00  0.00000000E+00  0.00000000E+00  0.00000000E+00  0.00000000E+00  0.00000000E+00  0.00000000E+00  0.00000000E+00  0.00000000E+00  0.00000000E+00  0.00000000E+00  0.00000000E+00  0.00000000E+00  0.00000000E+00  0.00000000E+00  0.00000000E+00  0.00000000E+00  0.00000000E+00  0.00000000E+00  0.00000000E+00  0.00000000E+00  0.00000000E+00  0.00000000E+00  0.00000000E+00  0.00000000E+00  0.00000000E+00  0.00000000E+00  0.00000000E+00  0.00000000E+00  0.00000000E+00  0.00000000E+00  0.00000000E+00  0.00000000E+00  0.00000000E+00  0.00000000E+00  0.00000000E+00  0.00000000E+00  0.00000000E+00  0.00000000E+00  0.00000000E+00  0.00000000E+00  0.00000000E+00  0.00000000E+00  0.00000000E+00  0.00000000E+00  0.00000000E+00  0.00000000E+00  0.00000000E+00  0.00000000E+00  0.00000000E+00  0.00000000E+00  0.00000000E+00  0.00000000E+00  0.00000000E+00  0.00000000E+00  0.00000000E+00  0.00000000E+00  0.00000000E+00  0.00000000E+00  0.00000000E+00  0.00000000E+00  0.00000000E+00  0.00000000E+00  0.00000000E+00  0.00000000E+00  0.00000000E+00  0.00000000E+00  0.00000000E+00  0.00000000E+00  0.00000000E+00  0.00000000E+00  0.00000000E+00  0.00000000E+00  0.00000000E+00  0.00000000E+00  0.00000000E+00  0.00000000E+00  0.00000000E+00  0.00000000E+00  0.00000000E+00  0.00000000E+00  0.00000000E+00  0.00000000E+00
  2.64717844E-01  2.64377869E-01  2.64248641E-01  2.63664223E-01  2.62210877E-01  2.61199781E-01  2.59880628E-01  2.58207944E-01  2.56361162E-01  2.54495893E-01  2.52226945E-01  2.49557066E-01  2.47016599E-01  2.44250231E-01  2.40979130E-01  2.37742995E-01  2.34458133E-01  2.30727190E-01  2.27086888E-01  2.22901470E-01  2.18846026E-01  2.14534798E-01  2.10078153E-01  2.05441571E-01  2.00681761E-01  1.95952321E-01  1.90986616E-01  1.85889024E-01  1.80874381E-01  1.75554209E-01  1.70276999E-01  1.64868131E-01  1.59453493E-01  1.53962654E-01  1.48590698E-01  1.42945702E-01  1.37466225E-01  1.31940746E-01  1.26462531E-01  1.20956896E-01  1.15553197E-01  1.10229486E-01  1.04799106E-01  9.95762132E-02  9.43079445E-02  8.93153291E-02  8.42618706E-02  7.93415065E-02  7.45568166E-02  7.00023440E-02  6.54780590E-02  6.10716836E-02  5.68563635E-02  5.27237462E-02  4.88801710E-02  4.51078895E-02  4.14859347E-02  3.80823976E-02  3.48219869E-02  3.17614356E-02  2.88392363E-02  2.61065025E-02  2.35452721E-02  2.11574974E-02  1.89386104E-02  1.68633438E-02  1.49551065E-02  1.32076037E-02  1.16103619E-02  1.01278378E-02  8.80465819E-03  7.60684658E-03  6.54504787E-03  5.57838487E-03  4.74205436E-03  3.97710515E-03  3.33712808E-03  2.76482917E-03  2.26516428E-03  1.84802038E-03  1.48678281E-03  1.19317671E-03  9.39509156E-04  7.32588859E-04  5.68597741E-04  4.29920686E-04  3.20802966E-04  2.40142512E-04  1.75121104E-04  1.25656472E-04  9.01953570E-05  6.27465858E-05  4.23709474E-05  2.89583840E-05  1.98170077E-05  1.32381197E-05  8.25005111E-06  5.54037017E-06  3.56144506E-06  2.07347851E-06  1.29216479E-06  6.99718793E-07  3.74412628E-07  2.29652476E-07  1.12393281E-07  8.16748711E-08  1.43680296E-08  6.38965209E-09  9.46480154E-09  0.00000000E+00  0.00000000E+00  0.00000000E+00  0.00000000E+00  0.00000000E+00  0.00000000E+00  0.00000000E+00  0.00000000E+00  0.00000000E+00  0.00000000E+00  0.00000000E+00  0.00000000E+00  0.00000000E+00  0.00000000E+00  0.00000000E+00  0.00000000E+00  0.00000000E+00  0.00000000E+00  0.00000000E+00  0.00000000E+00  0.00000000E+00  0.00000000E+00  0.00000000E+00  0.00000000E+00  0.00000000E+00  0.00000000E+00  0.00000000E+00  0.00000000E+00  0.00000000E+00  0.00000000E+00  0.00000000E+00  0.00000000E+00  0.00000000E+00  0.00000000E+00  0.00000000E+00  0.00000000E+00  0.00000000E+00  0.00000000E+00  0.00000000E+00  0.00000000E+00  0.00000000E+00  0.00000000E+00  0.00000000E+00  0.00000000E+00  0.00000000E+00  0.00000000E+00  0.00000000E+00  0.00000000E+00  0.00000000E+00  0.00000000E+00  0.00000000E+00  0.00000000E+00  0.00000000E+00  0.00000000E+00  0.00000000E+00  0.00000000E+00  0.00000000E+00  0.00000000E+00  0.00000000E+00  0.00000000E+00  0.00000000E+00  0.00000000E+00  0.00000000E+00  0.00000000E+00  0.00000000E+00  0.00000000E+00  0.00000000E+00  0.00000000E+00  0.00000000E+00  0.00000000E+00  0.00000000E+00  0.00000000E+00  0.00000000E+00  0.00000000E+00  0.00000000E+00  0.00000000E+00  0.00000000E+00  0.00000000E+00  0.00000000E+00  0.00000000E+00  0.00000000E+00  0.00000000E+00  0.00000000E+00  0.00000000E+00  0.00000000E+00  0.00000000E+00  0.00000000E+00  0.00000000E+00  0.00000000E+00  0.00000000E+00  0.00000000E+00
  2.64634496E-01  2.64675201E-01  2.64102061E-01  2.63544523E-01  2.62627563E-01  2.61159530E-01  2.60036050E-01  2.58443498E-01  2.56900089E-01  2.54496701E-01  2.52418504E-01  2.49993738E-01  2.47345444E-01  2.44294774E-01  2.41274809E-01  2.37857536E-01  2.34506641E-01  2.30808395E-01  2.27043535E-01  2.23072789E-01  2.18970778E-01  2.14703788E-01  2.10175027E-01  2.05543118E-01  2.00818386E-01  1.96172101E-01  1.91194822E-01  1.86135051E-01  1.80943344E-01  1.75797197E-01  1.70585650E-01  1.65062948E-01  1.59651745E-01  1.54230506E-01  1.48700508E-01  1.43130782E-01  1.37641534E-01  1.32148178E-01  1.26640703E-01  1.21201939E-01  1.15767757E-01  1.10351352E-01  1.04979849E-01  9.97615042E-02  9.45159719E-02  8.94089696E-02  8.44729104E-02  7.94740664E-02  7.47014685E-02  7.00818599E-02  6.55443829E-02  6.11306379E-02  5.69055844E-02  5.28399654E-02  4.89336369E-02  4.51636802E-02  4.15801099E-02  3.81738175E-02  3.48828778E-02  3.18057220E-02  2.89227207E-02  2.61585932E-02  2.36061430E-02  2.12048417E-02  1.89754599E-02  1.69042089E-02  1.49863701E-02  1.32430777E-02  1.16220645E-02  1.01631778E-02  8.81426630E-03  7.61758327E-03  6.55350748E-03  5.60070722E-03  4.74035733E-03  3.99612194E-03  3.32889807E-03  2.76821089E-03  2.27312335E-03  1.84764222E-03  1.48927509E-03  1.19176542E-03  9.35049994E-04  7.37448806E-04  5.65859250E-04  4.30489455E-04  3.25489517E-04  2.38747454E-04  1.76787305E-04  1.27639697E-04  8.93011366E-05  6.31836415E-05  4.40635123E-05  2.94880580E-05  1.94591765E-05  1.29962522E-05  8.23011159E-06  5.29101876E-06  3.42765307E-06  2.14163659E-06  1.17630080E-06  8.18427938E-07  4.10320848E-07  1.88159538E-07  1.29457450E-07  4.27863486E-08  3.21230644E-08  1.54701192E-08  1.87684132E-09  7.37681483E-09  0.00000000E+00  0.00000000E+00  0.00000000E+00  0.00000000E+00  0.00000000E+00  0.00000000E+00  0.00000000E+00  0.00000000E+00  0.00000000E+00  0.00000000E+00  0.00000000E+00  0.00000000E+00  0.00000000E+00  0.00000000E+00  0.00000000E+00  0.00000000E+00  0.00000000E+00  0.00000000E+00  0.00000000E+00  0.00000000E+00  0.00000000E+00  0.00000000E+00  0.00000000E+00  0.00000000E+00  0.00000000E+00  0.00000000E+00  0.00000000E+00  0.00000000E+00  0.00000000E+00  0.00000000E+00  0.00000000E+00  0.00000000E+00  0.00000000E+00  0.00000000E+00  0.00000000E+00  0.00000000E+00  0.00000000E+00  0.00000000E+00  0.00000000E+00  0.00000000E+00  0.00000000E+00  0.00000000E+00  0.00000000E+00  0.00000000E+00  0.00000000E+00  0.00000000E+00  0.00000000E+00  0.00000000E+00  0.00000000E+00  0.00000000E+00  0.00000000E+00  0.00000000E+00  0.00000000E+00  0.00000000E+00  0.00000000E+00  0.00000000E+00  0.00000000E+00  0.00000000E+00  0.00000000E+00  0.00000000E+00  0.00000000E+00  0.00000000E+00  0.00000000E+00  0.00000000E+00  0.00000000E+00  0.00000000E+00  0.00000000E+00  0.00000000E+00  0.00000000E+00  0.00000000E+00  0.00000000E+00  0.00000000E+00  0.00000000E+00  0.00000000E+00  0.00000000E+00  0.00000000E+00  0.00000000E+00  0.00000000E+00  0.00000000E+00  0.00000000E+00  0.00000000E+00  0.00000000E+00  0.00000000E+00  0.00000000E+00  0.00000000E+00  0.00000000E+00  0.00000000E+00  0.00000000E+00  0.00000000E+00  0.00000000E+00
  2.65252817E-01  2.64311709E-01  2.63790707E-01  2.62945916E-01  2.62269460E-01  2.61083604E-01  2.59763203E-01  2.58131758E-01  2.56164244E-01  2.53996378E-01  2.51798650E-01  2.49279966E-01  2.46641595E-01  2.43735108E-01  2.40684618E-01  2.37592473E-01  2.33926513E-01  2.30219127E-01  2.26561358E-01  2.22547139E-01  2.18403977E-01  2.14083163E-01  2.09518224E-01  2.05046576E-01  2.00291513E-01  1.95459839E-01  1.90485004E-01  1.85434743E-01  1.80355271E-01  1.75129793E-01  1.69864489E-01  1.64426719E-01  1.59120171E-01  1.53573825E-01  1.48102735E-01  1.42542034E-01  1.37017554E-01  1.31496914E-01  1.26014516E-01  1.20529158E-01  1.15145825E-01  1.09650100E-01  1.04384255E-01  9.91419473E-02  9.40122415E-02  8.89078064E-02  8.39444437E-02  7.90860578E-02  7.42954551E-02  6.96430181E-02  6.51133084E-02  6.08143484E-02  5.65676123E-02  5.24754484E-02  4.85717604E-02  4.49031753E-02  4.12782750E-02  3.79054965E-02  3.46685536E-02  3.15895995E-02  2.86858831E-02  2.60110404E-02  2.34274744E-02  2.10627768E-02  1.88326558E-02  1.67670232E-02  1.48727543E-02  1.31130426E-02  1.15337827E-02  1.00725721E-02  8.75824312E-03  7.56425101E-03  6.49963443E-03  5.54450615E-03  4.69457539E-03  3.95234831E-03  3.30084621E-03  2.74055874E-03  2.25544202E-03  1.82924893E-03  1.47509794E-03  1.17569868E-03  9.33564493E-04  7.28470493E-04  5.61802305E-04  4.27115427E-04  3.21387363E-04  2.36826980E-04  1.73496209E-04  1.26225976E-04  8.81552766E-05  6.17575202E-05  4.34009371E-05  2.95400767E-05  1.98900520E-05  1.30730156E-05  8.75302752E-06  5.55150704E-06  3.29710171E-06  2.11093093E-06  1.18832482E-06  7.48598467E-07  3.95723474E-07  1.99193476E-07  8.30034472E-08  7.29600760E-08  5.63554002E-08  6.75020852E-09  0.00000000E+00  0.00000000E+00  0.00000000E+00  0.00000000E+00  0.00000000E+00  0.00000000E+00  0.00000000E+00  0.00000000E+00  0.00000000E+00  0.00000000E+00  0.00000000E+00  0.00000000E+00  0.00000000E+00  0.00000000E+00  0.00000000E+00  0.00000000E+00  0.00000000E+00  0.00000000E+00  0.00000000E+00  0.00000000E+00  0.00000000E+00  0.00000000E+00  0.00000000E+00  0.00000000E+00  0.00000000E+00  0.00000000E+00  0.00000000E+00  0.00000000E+00  0.00000000E+00  0.00000000E+00  0.00000000E+00  0.00000000E+00  0.00000000E+00  0.00000000E+00  0.00000000E+00  0.00000000E+00  0.00000000E+00  0.00000000E+00  0.00000000E+00  0.00000000E+00  0.00000000E+00  0.00000000E+00  0.00000000E+00  0.00000000E+00  0.00000000E+00  0.00000000E+00  0.00000000E+00  0.00000000E+00  0.00000000E+00  0.00000000E+00  0.00000000E+00  0.00000000E+00  0.00000000E+00  0.00000000E+00  0.00000000E+00  0.00000000E+00  0.00000000E+00  0.00000000E+00  0.00000000E+00  0.00000000E+00  0.00000000E+00  0.00000000E+00  0.00000000E+00  0.00000000E+00  0.00000000E+00  0.00000000E+00  0.00000000E+00  0.00000000E+00  0.00000000E+00  0.00000000E+00  0.00000000E+00  0.00000000E+00  0.00000000E+00  0.00000000E+00  0.00000000E+00  0.00000000E+00  0.00000000E+00  0.00000000E+00  0.00000000E+00  0.00000000E+00  0.00000000E+00  0.00000000E+00  0.00000000E+00  0.00000000E+00  0.00000000E+00  0.00000000E+00  0.00000000E+00  0.00000000E+00  0.00000000E+00  0.00000000E+00  0.00000000E+00  0.00000000E+00
  2.62197150E-01  2.62045490E-01  2.61146425E-01  2.60503066E-01  2.59827380E-01  2.58551859E-01  2.57198753E-01  2.55759708E-01  2.53767930E-01  2.51459709E-01  2.49612814E-01  2.47071705E-01  2.44136363E-01  2.41490746E-01  2.38482304E-01  2.35184032E-01  2.31617195E-01  2.27999042E-01  2.24188010E-01  2.20297484E-01  2.16037089E-01  2.11767947E-01  2.07506501E-01  2.02773075E-01  1.98102918E-01  1.93220569E-01  1.88298591E-01  1.83312349E-01  1.78288506E-01  1.73016558E-01  1.67755097E-01  1.62348842E-01  1.56968450E-01  1.51631365E-01  1.46153196E-01  1.40652686E-01  1.35225329E-01  1.29723732E-01  1.24259632E-01  1.18882055E-01  1.13472958E-01  1.08052066E-01  1.02853950E-01  9.76458235E-02  9.24946603E-02  8.75030021E-02  8.25348934E-02  7.77355474E-02  7.30137712E-02  6.84943655E-02  6.40256381E-02  5.97067777E-02  5.55989154E-02  5.15523218E-02  4.77197122E-02  4.40294277E-02  4.05013051E-02  3.71881866E-02  3.39701896E-02  3.09592567E-02  2.81017272E-02  2.54217451E-02  2.29122535E-02  2.05923057E-02  1.84362471E-02  1.64028972E-02  1.45250775E-02  1.28227304E-02  1.12557019E-02  9.82745090E-03  8.55665918E-03  7.38453427E-03  6.33294930E-03  5.41502129E-03  4.57350694E-03  3.85837364E-03  3.21960508E-03  2.67331768E-03  2.19128532E-03  1.78062397E-03  1.44035985E-03  1.14661532E-03  9.05524582E-04  7.04397985E-04  5.47072276E-04  4.15935845E-04  3.12011989E-04  2.29516545E-04  1.68269680E-04  1.20016962E-04  8.59513492E-05  6.06369533E-05  4.13639646E-05  2.85934676E-05  1.90700002E-05  1.23770053E-05  7.69289940E-06  5.27317572E-06  3.36039225E-06  1.86699704E-06  1.14592164E-06  6.99795611E-07  4.20250055E-07  2.38498087E-07  9.85316491E-08  6.26815591E-08  3.28014408E-08  1.56159316E-08  4.07158052E-09  0.00000000E+00  0.00000000E+00  1.09717789E-09  0.00000000E+00  0.00000000E+00  0.00000000E+00  0.00000000E+00  0.00000000E+00  0.00000000E+00  0.00000000E+00  0.00000000E+00  0.00000000E+00  0.00000000E+00  0.00000000E+00  0.00000000E+00  0.00000000E+00  0.00000000E+00  0.00000000E+00  0.00000000E+00  0.00000000E+00  0.00000000E+00  0.00000000E+00  0.00000000E+00  0.00000000E+00  0.00000000E+00  0.00000000E+00  0.00000000E+00  0.00000000E+00  0.00000000E+00  0.00000000E+00  0.00000000E+00  0.00000000E+00  0.00000000E+00  0.00000000E+00  0.00000000E+00  0.00000000E+00  0.00000000E+00  0.00000000E+00  0.00000000E+00  0.00000000E+00  0.00000000E+00  0.00000000E+00  0.00000000E+00  0.00000000E+00  0.00000000E+00  0.00000000E+00  0.00000000E+00  0.00000000E+00  0.00000000E+00  0.00000000E+00  0.00000000E+00  0.00000000E+00  0.00000000E+00  0.00000000E+00  0.00000000E+00  0.00000000E+00  0.00000000E+00  0.00000000E+00  0.00000000E+00  0.00000000E+00  0.00000000E+00  0.00000000E+00  0.00000000E+00  0.00000000E+00  0.00000000E+00  0.00000000E+00  0.00000000E+00  0.00000000E+00  0.00000000E+00  0.00000000E+00  0.00000000E+00  0.00000000E+00  0.00000000E+00  0.00000000E+00  0.00000000E+00  0.00000000E+00  0.00000000E+00  0.00000000E+00  0.00000000E+00  0.00000000E+00  0.00000000E+00  0.00000000E+00  0.00000000E+00  0.00000000E+00  0.00000000E+00  0.00000000E+00  0.00000000E+00  0.00000000E+00  0.00000000E+00  0.00000000E+00  0.00000000E+00
  2.66769976E-01  2.66106544E-01  2.65551767E-01  2.64773198E-01  2.63994041E-01  2.62612416E-01  2.61604377E-01  2.59991641E-01  2.58078639E-01  2.56096804E-01  2.53505056E-01  2.51328909E-01  2.48723543E-01  2.45758879E-01  2.42557024E-01  2.39284718E-01  2.36021863E-01  2.32236360E-01  2.28440175E-01  2.24483272E-01  2.20347007E-01  2.16101635E-01  2.11731061E-01  2.07074970E-01  2.02364640E-01  1.97541751E-01  1.92472691E-01  1.87432090E-01  1.82269365E-01  1.76962318E-01  1.71733411E-01  1.66320488E-01  1.60885637E-01  1.55425470E-01  1.49991890E-01  1.44346549E-01  1.38869128E-01  1.33326178E-01  1.27757090E-01  1.22277173E-01  1.16781737E-01  1.11384938E-01  1.05985615E-01  1.00715089E-01  9.54717971E-02  9.03431943E-02  8.52083941E-02  8.03578860E-02  7.55178164E-02  7.08406720E-02  6.62496505E-02  6.18501970E-02  5.75969619E-02  5.34639038E-02  4.95199324E-02  4.57357677E-02  4.21016086E-02  3.86140930E-02  3.53379231E-02  3.22180848E-02  2.92823540E-02  2.65171486E-02  2.39072079E-02  2.14560518E-02  1.92254093E-02  1.71470220E-02  1.51953654E-02  1.34078431E-02  1.18011845E-02  1.02866797E-02  8.95763270E-03  7.74187020E-03  6.64836880E-03  5.67231446E-03  4.81666734E-03  4.05146252E-03  3.38899218E-03  2.80840324E-03  2.30652287E-03  1.87639234E-03  1.51578076E-03  1.21541756E-03  9.55446887E-04  7.49232962E-04  5.75602201E-04  4.36385001E-04  3.28502400E-04  2.44001522E-04  1.79555528E-04  1.27674018E-04  9.23622643E-05  6.40905347E-05  4.45595815E-05  3.00701668E-05  2.06238173E-05  1.36390822E-05  8.21345241E-06  5.63126988E-06  3.54129717E-06  2.14620335E-06  1.39906972E-06  7.57972693E-07  4.09851087E-07  2.51094394E-07  1.03356557E-07  3.66962931E-08  1.46425520E-08  9.83908430E-09  9.87338100E-09  1.17646234E-09  0.00000000E+00  0.00000000E+00  0.00000000E+00  0.00000000E+00  0.00000000E+00  0.00000000E+00  0.00000000E+00  0.00000000E+00  0.00000000E+00  0.00000000E+00  0.00000000E+00  0.00000000E+00  0.00000000E+00  0.00000000E+00  0.00000000E+00  0.00000000E+00  0.00000000E+00  0.00000000E+00  0.00000000E+00  0.00000000E+00  0.00000000E+00  0.00000000E+00  0.00000000E+00  0.00000000E+00  0.00000000E+00  0.00000000E+00  0.00000000E+00  0.00000000E+00  0.00000000E+00  0.00000000E+00  0.00000000E+00  0.00000000E+00  0.00000000E+00  0.00000000E+00  0.00000000E+00  0.00000000E+00  0.00000000E+00  0.00000000E+00  0.00000000E+00  0.00000000E+00  0.00000000E+00  0.00000000E+00  0.00000000E+00  0.00000000E+00  0.00000000E+00  0.00000000E+00  0.00000000E+00  0.00000000E+00  0.00000000E+00  0.00000000E+00  0.00000000E+00  0.00000000E+00  0.00000000E+00  0.00000000E+00  0.00000000E+00  0.00000000E+00  0.00000000E+00  0.00000000E+00  0.00000000E+00  0.00000000E+00  0.00000000E+00  0.00000000E+00  0.00000000E+00  0.00000000E+00  0.00000000E+00  0.00000000E+00  0.00000000E+00  0.00000000E+00  0.00000000E+00  0.00000000E+00  0.00000000E+00  0.00000000E+00  0.00000000E+00  0.00000000E+00  0.00000000E+00  0.00000000E+00  0.00000000E+00  0.00000000E+00  0.00000000E+00  0.00000000E+00  0.00000000E+00  0.00000000E+00  0.00000000E+00  0.00000000E+00  0.00000000E+00  0.00000000E+00  0.00000000E+00  0.00000000E+00  0.00000000E+00  0.00000000E+00
  2.61935920E-01  2.62566598E-01  2.61468982E-01  2.60743467E-01  2.59872311E-01  2.58764030E-01  2.57034835E-01  2.55535697E-01  2.53907253E-01  2.51534820E-01  2.49538151E-01  2.47007009E-01  2.44409763E-01  2.41373425E-01  2.38401279E-01  2.35125822E-01  2.31748288E-01  2.28164934E-01  2.24255946E-01  2.20296466E-01  2.16207830E-01  2.11750767E-01  2.07556627E-01  2.02767791E-01  1.98079391E-01  1.93254429E-01  1.88361917E-01  1.83280655E-01  1.78170633E-01  1.73014862E-01  1.67745499E-01  1.62340483E-01  1.57019028E-01  1.51629579E-01  1.46096855E-01  1.40675100E-01  1.35137983E-01  1.29756378E-01  1.24237514E-01  1.18808747E-01  1.13428748E-01  1.08089130E-01  1.02835222E-01  9.76522172E-02  9.24876167E-02  8.74768411E-02  8.25239375E-02  7.76921900E-02  7.30668192E-02  6.84072876E-02  6.39901117E-02  5.97100837E-02  5.55821966E-02  5.15809144E-02  4.76977073E-02  4.40407279E-02  4.05262754E-02  3.71328044E-02  3.39817903E-02  3.09631118E-02  2.80974626E-02  2.54372191E-02  2.29232601E-02  2.05875923E-02  1.84071906E-02  1.63957402E-02  1.45401670E-02  1.28472382E-02  1.12665555E-02  9.84625480E-03  8.53734746E-03  7.37656728E-03  6.33891775E-03  5.41205152E-03  4.59308255E-03  3.85922783E-03  3.23129766E-03  2.66757985E-03  2.19642779E-03  1.78705383E-03  1.43703867E-03  1.15184831E-03  9.06969547E-04  7.09952818E-04  5.47582121E-04  4.17055604E-04  3.11679872E-04  2.31071872E-04  1.68868958E-04  1.19701473E-04  8.62454227E-05  5.92095297E-05  4.22919904E-05  2.84576083E-05  1.89457420E-05  1.22756396E-05  8.29549000E-06  5.32682821E-06  3.29381541E-06  2.03054900E-06  1.17506861E-06  6.75896932E-07  3.76569681E-07  2.61333708E-07  1.34673591E-07  4.33942257E-08  2.31810127E-08  5.29970203E-09  4.62575483E-09  2.47757324E-09  2.39377298E-09  0.00000000E+00  0.00000000E+00  0.00000000E+00  0.00000000E+00  0.00000000E+00  0.00000000E+00  0.00000000E+00  0.00000000E+00  0.00000000E+00  0.00000000E+00  0.00000000E+00  0.00000000E+00  0.00000000E+00  0.00000000E+00  0.00000000E+00  0.00000000E+00  0.00000000E+00  0.00000000E+00  0.00000000E+00  0.00000000E+00  0.00000000E+00  0.00000000E+00  0.00000000E+00  0.00000000E+00  0.00000000E+00  0.00000000E+00  0.00000000E+00  0.00000000E+00  0.00000000E+00  0.00000000E+00  0.00000000E+00  0.00000000E+00  0.00000000E+00  0.00000000E+00  0.00000000E+00  0.00000000E+00  0.00000000E+00  0.00000000E+00  0.00000000E+00  0.00000000E+00  0.00000000E+00  0.00000000E+00  0.00000000E+00  0.00000000E+00  0.00000000E+00  0.00000000E+00  0.00000000E+00  0.00000000E+00  0.00000000E+00  0.00000000E+00  0.00000000E+00  0.00000000E+00  0.00000000E+00  0.00000000E+00  0.00000000E+00  0.00000000E+00  0.00000000E+00  0.00000000E+00  0.00000000E+00  0.00000000E+00  0.00000000E+00  0.00000000E+00  0.00000000E+00  0.00000000E+00  0.00000000E+00  0.00000000E+00  0.00000000E+00  0.00000000E+00  0.00000000E+00  0.00000000E+00  0.00000000E+00  0.00000000E+00  0.00000000E+00  0.00000000E+00  0.00000000E+00  0.00000000E+00  0.00000000E+00  0.00000000E+00  0.00000000E+00  0.00000000E+00  0.00000000E+00  0.00000000E+00  0.00000000E+00  0.00000000E+00  0.00000000E+00  0.00000000E+00  0.00000000E+00  0.00000000E+00  0.00000000E+00
  2.65663835E-01  2.65551564E-01  2.64754181E-01  2.64103892E-01  2.63301380E-01  2.62090178E-01  2.60755679E-01  2.59049488E-01  2.57562614E-01  2.55403271E-01  2.53076307E-01  2.50574823E-01  2.47696538E-01  2.45069760E-01  2.41986102E-01  2.38699885E-01  2.35240077E-01  2.31617755E-01  2.27852031E-01  2.23759695E-01  2.19619467E-01  2.15460537E-01  2.11078514E-01  2.06318991E-01  2.01683859E-01  1.96875366E-01  1.91902880E-01  1.86715583E-01  1.81646250E-01  1.76461847E-01  1.71121169E-01  1.65716376E-01  1.60342024E-01  1.54822396E-01  1.49278415E-01  1.43830255E-01  1.38194946E-01  1.32812930E-01  1.27232803E-01  1.21798810E-01  1.16293079E-01  1.10892973E-01  1.05557785E-01  1.00231108E-01  9.50407375E-02  8.99535046E-02  8.49291838E-02  7.99616983E-02  7.51969510E-02  7.05237171E-02  6.59949296E-02  6.15859802E-02  5.73432869E-02  5.32018342E-02  4.93148608E-02  4.54792328E-02  4.19011785E-02  3.84458205E-02  3.51522644E-02  3.20841396E-02  2.91603740E-02  2.63764074E-02  2.38258893E-02  2.13799321E-02  1.91507358E-02  1.70588356E-02  1.51105439E-02  1.33442493E-02  1.17310876E-02  1.02413987E-02  8.91288428E-03  7.69132190E-03  6.61565745E-03  5.63588742E-03  4.78325360E-03  4.03218943E-03  3.37401822E-03  2.78970158E-03  2.29380549E-03  1.86846565E-03  1.50674754E-03  1.19881660E-03  9.54292510E-04  7.44137141E-04  5.75304246E-04  4.36677934E-04  3.27154985E-04  2.44054720E-04  1.77066695E-04  1.28152434E-04  9.15580479E-05  6.32707273E-05  4.39036805E-05  3.01057528E-05  2.04099775E-05  1.34060661E-05  8.58696130E-06  5.84893439E-06  3.44039883E-06  2.16956292E-06  1.37061663E-06  7.48754318E-07  4.12041501E-07  1.93595730E-07  1.29540365E-07  4.86080949E-08  2.58934867E-08  9.54075165E-09  0.00000000E+00  2.85336823E-09  0.00000000E+00  0.00000000E+00  0.00000000E+00  0.00000000E+00  0.00000000E+00  0.00000000E+00  0.00000000E+00  0.00000000E+00  0.00000000E+00  0.00000000E+00  0.00000000E+00  0.00000000E+00  0.00000000E+00  0.00000000E+00  0.00000000E+00  0.00000000E+00  0.00000000E+00  0.00000000E+00  0.00000000E+00  0.00000000E+00  0.00000000E+00  0.00000000E+00  0.00000000E+00  0.00000000E+00  0.00000000E+00  0.00000000E+00  0.00000000E+00  0.00000000E+00  0.00000000E+00  0.00000000E+00  0.00000000E+00  0.00000000E+00  0.00000000E+00  0.00000000E+00  0.00000000E+00  0.00000000E+00  0.00000000E+00  0.00000000E+00  0.00000000E+00  0.00000000E+00  0.00000000E+00  0.00000000E+00  0.00000000E+00  0.00000000E+00  0.00000000E+00  0.00000000E+00  0.00000000E+00  0.00000000E+00  0.00000000E+00  0.00000000E+00  0.00000000E+00  0.00000000E+00  0.00000000E+00  0.00000000E+00  0.00000000E+00  0.00000000E+00  0.00000000E+00  0.00000000E+00  0.00000000E+00  0.00000000E+00  0.00000000E+00  0.00000000E+00  0.00000000E+00  0.00000000E+00  0.00000000E+00  0.00000000E+00  0.00000000E+00  0.00000000E+00  0.00000000E+00  0.00000000E+00  0.00000000E+00  0.00000000E+00  0.00000000E+00  0.00000000E+00  0.00000000E+00  0.00000000E+00  0.00000000E+00  0.00000000E+00  0.00000000E+00  0.00000000E+00  0.00000000E+00  0.00000000E+00  0.00000000E+00  0.00000000E+00  0.00000000E+00  0.00000000E+00  0.00000000E+00  0.00000000E+00  0.00000000E+00  0.00000000E+00
  2.62905674E-01  2.61703828E-01  2.61033945E-01  2.60697696E-01  2.59673529E-01  2.58573398E-01  2.57327920E-01  2.55627952E-01  2.53544471E-01  2.52037175E-01  2.49518691E-01  2.46885305E-01  2.44428573E-01  2.41558486E-01  2.38446806E-01  2.35020574E-01  2.31590782E-01  2.28099734E-01  2.24309826E-01  2.20231877E-01  2.16198822E-01  2.11868408E-01  2.07476907E-01  2.02864687E-01  1.98135345E-01  1.93367122E-01  1.88304686E-01  1.83327672E-01  1.78274357E-01  1.73025549E-01  1.67688634E-01  1.62320473E-01  1.57023241E-01  1.51444716E-01  1.46151510E-01  1.40588635E-01  1.35198869E-01  1.29673703E-01  1.24192017E-01  1.18778992E-01  1.13504994E-01  1.08169791E-01  1.02782658E-01  9.75903739E-02  9.24860920E-02  8.74432944E-02  8.25035620E-02  7.77728619E-02  7.30458277E-02  6.84539996E-02  6.40062445E-02  5.96876197E-02  5.55495097E-02  5.15581694E-02  4.77176060E-02  4.40454422E-02  4.05032410E-02  3.71692617E-02  3.39613425E-02  3.09704294E-02  2.81217541E-02  2.54477226E-02  2.29131378E-02  2.05967840E-02  1.84296572E-02  1.64111436E-02  1.45570091E-02  1.28245789E-02  1.12738797E-02  9.84745422E-03  8.54245929E-03  7.38208984E-03  6.34677822E-03  5.40823099E-03  4.59387744E-03  3.85815031E-03  3.22071877E-03  2.67157523E-03  2.18880741E-03  1.78781147E-03  1.43858984E-03  1.15148029E-03  9.05720718E-04  7.10017822E-04  5.44577954E-04  4.16721362E-04  3.13276827E-04  2.32118526E-04  1.68158421E-04  1.21624377E-04  8.59414123E-05  5.98238036E-05  4.12475470E-05  2.78353282E-05  1.92100389E-05  1.25156248E-05  8.09240760E-06  5.37829749E-06  3.54058882E-06  1.85008348E-06  1.12549662E-06  7.27029046E-07  3.87438937E-07  2.17774931E-07  7.15507037E-08  7.51171304E-08  2.71399221E-08  1.04772723E-08  1.14437920E-08  2.91227475E-09  0.00000000E+00  0.00000000E+00  0.00000000E+00  0.00000000E+00  0.00000000E+00  0.00000000E+00  0.00000000E+00  0.00000000E+00  0.00000000E+00  0.00000000E+00  0.00000000E+00  0.00000000E+00  0.00000000E+00  0.00000000E+00  0.00000000E+00  0.00000000E+00  0.00000000E+00  0.00000000E+00  0.00000000E+00  0.00000000E+00  0.00000000E+00  0.00000000E+00  0.00000000E+00  0.00000000E+00  0.00000000E+00  0.00000000E+00  0.00000000E+00  0.00000000E+00  0.00000000E+00  0.00000000E+00  0.00000000E+00  0.00000000E+00  0.00000000E+00  0.00000000E+00  0.00000000E+00  0.00000000E+00  0.00000000E+00  0.00000000E+00  0.00000000E+00  0.00000000E+00  0.00000000E+00  0.00000000E+00  0.00000000E+00  0.00000000E+00  0.00000000E+00  0.00000000E+00  0.00000000E+00  0.00000000E+00  0.00000000E+00  0.00000000E+00  0.00000000E+00  0.00000000E+00  0.00000000E+00  0.00000000E+00  0.00000000E+00  0.00000000E+00  0.00000000E+00  0.00000000E+00  0.00000000E+00  0.00000000E+00  0.00000000E+00  0.00000000E+00  0.00000000E+00  0.00000000E+00  0.00000000E+00  0.00000000E+00  0.00000000E+00  0.00000000E+00  0.00000000E+00  0.00000000E+00  0.00000000E+00  0.00000000E+00  0.00000000E+00  0.00000000E+00  0.00000000E+00  0.00000000E+00  0.00000000E+00  0.00000000E+00  0.00000000E+00  0.00000000E+00  0.00000000E+00  0.00000000E+00  0.00000000E+00  0.00000000E+00  0.00000000E+00  0.00000000E+00  0.00000000E+00  0.00000000E+00  0.00000000E+00  0.00000000E+00
  2.62964422E-01  2.62525781E-01  2.62430357E-01  2.61856037E-01  2.60673757E-01  2.59539941E-01  2.58450330E-01  2.56417196E-01  2.54628205E-01  2.52661407E-01  2.50468161E-01  2.48122777E-01  2.45212046E-01  2.42471323E-01  2.39331906E-01  2.36179157E-01  2.32609890E-01  2.29057762E-01  2.25202739E-01  2.21261202E-01  2.17053924E-01  2.12765738E-01  2.08427712E-01  2.03857534E-01  1.99004555E-01  1.94137982E-01  1.89348684E-01  1.84214475E-01  1.79108254E-01  1.73956327E-01  1.68568855E-01  1.63315237E-01  1.57874675E-01  1.52404804E-01  1.47039153E-01  1.41522209E-01  1.35938522E-01  1.30454033E-01  1.25004339E-01  1.19573993E-01  1.14182217E-01  1.08895585E-01  1.03548610E-01  9.82736839E-02  9.31986846E-02  8.80865946E-02  8.31570776E-02  7.83062142E-02  7.35777164E-02  6.90033954E-02  6.45306739E-02  6.01833515E-02  5.60027700E-02  5.19161760E-02  4.81291992E-02  4.44042400E-02  4.08477959E-02  3.74546531E-02  3.42593463E-02  3.12171383E-02  2.83905858E-02  2.56788753E-02  2.31468834E-02  2.07912538E-02  1.85982360E-02  1.65814265E-02  1.46852056E-02  1.29679902E-02  1.13950650E-02  9.92919698E-03  8.64750283E-03  7.47571808E-03  6.41541370E-03  5.47167800E-03  4.64409982E-03  3.91270057E-03  3.26616795E-03  2.69657282E-03  2.21490955E-03  1.80927356E-03  1.45673752E-03  1.16184079E-03  9.20070441E-04  7.16328447E-04  5.50969934E-04  4.24114209E-04  3.17320532E-04  2.33772448E-04  1.71631718E-04  1.25342796E-04  8.65733949E-05  6.14349746E-05  4.30806864E-05  2.88764388E-05  1.95794245E-05  1.29921060E-05  8.39855059E-06  5.21109861E-06  3.28495371E-06  2.07879153E-06  1.23820688E-06  6.93100755E-07  4.75361767E-07  2.17874343E-07  1.39651417E-07  5.93661780E-08  2.20293360E-08  9.80517058E-09  3.82324401E-09  3.16729107E-09  0.00000000E+00  0.00000000E+00  0.00000000E+00  0.00000000E+00  0.00000000E+00  0.00000000E+00  0.00000000E+00  0.00000000E+00  0.00000000E+00  0.00000000E+00  0.00000000E+00  0.00000000E+00  0.00000000E+00  0.00000000E+00  0.00000000E+00  0.00000000E+00  0.00000000E+00  0.00000000E+00  0.00000000E+00  0.00000000E+00  0.00000000E+00  0.00000000E+00  0.00000000E+00  0.00000000E+00  0.00000000E+00  0.00000000E+00  0.00000000E+00  0.00000000E+00  0.00000000E+00  0.00000000E+00  0.00000000E+00  0.00000000E+00  0.00000000E+00  0.00000000E+00  0.00000000E+00  0.00000000E+00  0.00000000E+00  0.00000000E+00  0.00000000E+00  0.00000000E+00  0.00000000E+00  0.00000000E+00  0.00000000E+00  0.00000000E+00  0.00000000E+00  0.00000000E+00  0.00000000E+00  0.00000000E+00  0.00000000E+00  0.00000000E+00  0.00000000E+00  0.00000000E+00  0.00000000E+00  0.00000000E+00  0.00000000E+00  0.00000000E+00  0.00000000E+00  0.00000000E+00  0.00000000E+00  0.00000000E+00  0.00000000E+00  0.00000000E+00  0.00000000E+00  0.00000000E+00  0.00000000E+00  0.00000000E+00  0.00000000E+00  0.00000000E+00  0.00000000E+00  0.00000000E+00  0.00000000E+00  0.00000000E+00  0.00000000E+00  0.00000000E+00  0.00000000E+00  0.00000000E+00  0.00000000E+00  0.00000000E+00  0.00000000E+00  0.00000000E+00  0.00000000E+00  0.00000000E+00  0.00000000E+00  0.00000000E+00  0.00000000E+00  0.00000000E+00  0.00000000E+00  0.00000000E+00  0.00000000E+00  0.00000000E+00
  2.62328236E-01  2.62159129E-01  2.61467922E-01  2.60458973E-01  2.60017671E-01  2.58688358E-01  2.57429534E-01  2.55710991E-01  2.54060034E-01  2.51791295E-01  2.49379563E-01  2.47022833E-01  2.44349181E-01  2.41501883E-01  2.38353044E-01  2.35121635E-01  2.31698576E-01  2.28037172E-01  2.24158893E-01  2.20200208E-01  2.16008549E-01  2.11754001E-01  2.07317925E-01  2.02846598E-01  1.98052395E-01  1.93242936E-01  1.88311693E-01  1.83342574E-01  1.78102717E-01  1.72977399E-01  1.67700608E-01  1.62346323E-01  1.56924788E-01  1.51581580E-01  1.46115035E-01  1.40646788E-01  1.35176783E-01  1.29735809E-01  1.24262138E-01  1.18828988E-01  1.13512377E-01  1.08136675E-01  1.02840639E-01  9.76863820E-02  9.25722395E-02  8.74593330E-02  8.25445846E-02  7.76718334E-02  7.30293726E-02  6.84790493E-02  6.39945305E-02  5.97427974E-02  5.55698184E-02  5.15665162E-02  4.77130786E-02  4.39995542E-02  4.05263646E-02  3.71439421E-02  3.39827045E-02  3.09566315E-02  2.81228815E-02  2.54218156E-02  2.29279190E-02  2.05920592E-02  1.84005190E-02  1.64064018E-02  1.45676813E-02  1.28436120E-02  1.12749859E-02  9.85298137E-03  8.54172975E-03  7.39324200E-03  6.33985703E-03  5.41262295E-03  4.58602502E-03  3.85814337E-03  3.22379021E-03  2.66599665E-03  2.19532022E-03  1.78473352E-03  1.44265659E-03  1.15350685E-03  9.09062271E-04  7.10994851E-04  5.47646435E-04  4.14971000E-04  3.13505373E-04  2.30500234E-04  1.68131380E-04  1.23111283E-04  8.74012294E-05  6.07684311E-05  4.16872549E-05  2.87686067E-05  1.88468850E-05  1.30106973E-05  8.60801100E-06  5.14621658E-06  3.44831643E-06  2.08960758E-06  1.16995873E-06  7.47929778E-07  3.21622834E-07  2.00563711E-07  1.03965266E-07  5.12004569E-08  3.86132401E-08  1.65388785E-08  4.94095140E-09  0.00000000E+00  0.00000000E+00  0.00000000E+00  0.00000000E+00  0.00000000E+00  0.00000000E+00  0.00000000E+00  0.00000000E+00  0.00000000E+00  0.00000000E+00  0.00000000E+00  0.00000000E+00  0.00000000E+00  0.00000000E+00  0.00000000E+00  0.00000000E+00  0.00000000E+00  0.00000000E+00  0.00000000E+00  0.00000000E+00  0.00000000E+00  0.00000000E+00  0.00000000E+00  0.00000000E+00  0.00000000E+00  0.00000000E+00  0.00000000E+00  0.00000000E+00  0.00000000E+00  0.00000000E+00  0.00000000E+00  0.00000000E+00  0.00000000E+00  0.00000000E+00  0.00000000E+00  0.00000000E+00  0.00000000E+00  0.00000000E+00  0.00000000E+00  0.00000000E+00  0.00000000E+00  0.00000000E+00  0.00000000E+00  0.00000000E+00  0.00000000E+00  0.00000000E+00  0.00000000E+00  0.00000000E+00  0.00000000E+00  0.00000000E+00  0.00000000E+00  0.00000000E+00  0.00000000E+00  0.00000000E+00  0.00000000E+00  0.00000000E+00  0.00000000E+00  0.00000000E+00  0.00000000E+00  0.00000000E+00  0.00000000E+00  0.00000000E+00  0.00000000E+00  0.00000000E+00  0.00000000E+00  0.00000000E+00  0.00000000E+00  0.00000000E+00  0.00000000E+00  0.00000000E+00  0.00000000E+00  0.00000000E+00  0.00000000E+00  0.00000000E+00  0.00000000E+00  0.00000000E+00  0.00000000E+00  0.00000000E+00  0.00000000E+00  0.00000000E+00  0.00000000E+00  0.00000000E+00  0.00000000E+00  0.00000000E+00  0.00000000E+00  0.00000000E+00  0.00000000E+00  0.00000000E+00  0.00000000E+00  0.00000000E+00  0.00000000E+00
  2.60913706E-01  2.62327160E-01  2.61150556E-01  2.60962960E-01  2.59826981E-01  2.58724460E-01  2.57156974E-01  2.55718809E-01  2.53705608E-01  2.51664740E-01  2.49497320E-01  2.46945999E-01  2.44388566E-01  2.41528065E-01  2.38366568E-01  2.35212320E-01  2.31682770E-01  2.28124423E-01  2.24367646E-01  2.20309193E-01  2.16266024E-01  2.11838792E-01  2.07478981E-01  2.02787534E-01  1.98001237E-01  1.93339660E-01  1.88456789E-01  1.83297185E-01  1.78237418E-01  1.73002873E-01  1.67769709E-01  1.62464947E-01  1.57064935E-01  1.51467428E-01  1.46060015E-01  1.40700777E-01  1.35163406E-01  1.29733297E-01  1.24219947E-01  1.18780851E-01  1.13345388E-01  1.08052306E-01  1.02796839E-01  9.76256852E-02  9.25189749E-02  8.74712661E-02  8.24699067E-02  7.77439985E-02  7.30570863E-02  6.84119355E-02  6.39871303E-02  5.97187150E-02  5.55632179E-02  5.15451780E-02  4.76928813E-02  4.40015792E-02  4.04961960E-02  3.71481160E-02  3.39713118E-02  3.09760170E-02  2.81257206E-02  2.54424092E-02  2.29322373E-02  2.06010027E-02  1.84233056E-02  1.64194071E-02  1.45422782E-02  1.28460307E-02  1.12766095E-02  9.85040481E-03  8.54014817E-03  7.37449303E-03  6.35292302E-03  5.41447191E-03  4.57848693E-03  3.85155714E-03  3.21536921E-03  2.67286909E-03  2.18832110E-03  1.78300308E-03  1.44104350E-03  1.15147036E-03  9.04156223E-04  7.05231443E-04  5.49641748E-04  4.15153221E-04  3.11832426E-04  2.30503767E-04  1.70385121E-04  1.21359509E-04  8.59567164E-05  6.14505188E-05  4.12897273E-05  2.85883971E-05  1.91524402E-05  1.26310125E-05  8.20050876E-06  5.11711300E-06  3.27004785E-06  1.91994957E-06  1.19059794E-06  6.97291531E-07  4.21254452E-07  2.19359923E-07  9.35762553E-08  6.17713803E-08  3.15846995E-08  1.25795693E-08  5.26102914E-09  0.00000000E+00  0.00000000E+00  0.00000000E+00  0.00000000E+00  0.00000000E+00  0.00000000E+00  0.00000000E+00  0.00000000E+00  0.00000000E+00  0.00000000E+00  0.00000000E+00  0.00000000E+00  0.00000000E+00  0.00000000E+00  0.00000000E+00  0.00000000E+00  0.00000000E+00  0.00000000E+00  0.00000000E+00  0.00000000E+00  0.00000000E+00  0.00000000E+00  0.00000000E+00  0.00000000E+00  0.00000000E+00  0.00000000E+00  0.00000000E+00  0.00000000E+00  0.00000000E+00  0.00000000E+00  0.00000000E+00  0.00000000E+00  0.00000000E+00  0.00000000E+00  0.00000000E+00  0.00000000E+00  0.00000000E+00  0.00000000E+00  0.00000000E+00  0.00000000E+00  0.00000000E+00  0.00000000E+00  0.00000000E+00  0.00000000E+00  0.00000000E+00  0.00000000E+00  0.00000000E+00  0.00000000E+00  0.00000000E+00  0.00000000E+00  0.00000000E+00  0.00000000E+00  0.00000000E+00  0.00000000E+00  0.00000000E+00  0.00000000E+00  0.00000000E+00  0.00000000E+00  0.00000000E+00  0.00000000E+00  0.00000000E+00  0.00000000E+00  0.00000000E+00  0.00000000E+00  0.00000000E+00  0.00000000E+00  0.00000000E+00  0.00000000E+00  0.00000000E+00  0.00000000E+00  0.00000000E+00  0.00000000E+00  0.00000000E+00  0.00000000E+00  0.00000000E+00  0.00000000E+00  0.00000000E+00  0.00000000E+00  0.00000000E+00  0.00000000E+00  0.00000000E+00  0.00000000E+00  0.00000000E+00  0.00000000E+00  0.00000000E+00  0.00000000E+00  0.00000000E+00  0.00000000E+00  0.00000000E+00  0.00000000E+00  0.00000000E+00
  2.61925923E-01  2.61694028E-01  2.61476642E-01  2.60699911E-01  2.59859936E-01  2.58799621E-01  2.57436765E-01  2.55645163E-01  2.53754581E-01  2.52030328E-01  2.49667546E-01  2.46987963E-01  2.44438254E-01  2.41608275E-01  2.38386575E-01  2.35151867E-01  2.31795743E-01  2.28122385E-01  2.24277935E-01  2.20411166E-01  2.16271860E-01  2.11875197E-01  2.07277941E-01  2.02730722E-01  1.98119787E-01  1.93315652E-01  1.88366893E-01  1.83383307E-01  1.78217487E-01  1.72962210E-01  1.67684533E-01  1.62336044E-01  1.56969525E-01  1.51561555E-01  1.46171938E-01  1.40662900E-01  1.35123592E-01  1.29627049E-01  1.24350354E-01  1.18795582E-01  1.13445078E-01  1.08108607E-01  1.02875147E-01  9.76372340E-02  9.25092424E-02  8.74438083E-02  8.25542664E-02  7.76844259E-02  7.30065652E-02  6.84356794E-02  6.40336252E-02  5.96743225E-02  5.55494847E-02  5.15242066E-02  4.77071571E-02  4.40396535E-02  4.04938467E-02  3.71273653E-02  3.39720618E-02  3.09519132E-02  2.81257373E-02  2.54066952E-02  2.29284275E-02  2.06099506E-02  1.84081268E-02  1.64106286E-02  1.45315932E-02  1.28286372E-02  1.12761040E-02  9.84521048E-03  8.54319563E-03  7.38171384E-03  6.34746912E-03  5.40485338E-03  4.57664278E-03  3.85389840E-03  3.22204632E-03  2.66318619E-03  2.18482259E-03  1.78497836E-03  1.43373932E-03  1.14314289E-03  9.05948664E-04  7.04796221E-04  5.40799238E-04  4.15828677E-04  3.10180229E-04  2.28979957E-04  1.66931479E-04  1.20640090E-04  8.65021643E-05  6.04271020E-05  4.14818583E-05  2.80344043E-05  1.81638197E-05  1.25921200E-05  8.32349072E-06  5.32861467E-06  3.32478268E-06  1.96529568E-06  1.27375343E-06  7.31489049E-07  3.41871662E-07  1.99643442E-07  7.90153438E-08  3.36712519E-08  2.56528650E-08  1.00900183E-08  0.00000000E+00  0.00000000E+00  7.97556595E-10  0.00000000E+00  0.00000000E+00  0.00000000E+00  0.00000000E+00  0.00000000E+00  0.00000000E+00  0.00000000E+00  0.00000000E+00  0.00000000E+00  0.00000000E+00  0.00000000E+00  0.00000000E+00  0.00000000E+00  0.00000000E+00  0.00000000E+00  0.00000000E+00  0.00000000E+00  0.00000000E+00  0.00000000E+00  0.00000000E+00  0.00000000E+00  0.00000000E+00  0.00000000E+00  0.00000000E+00  0.00000000E+00  0.00000000E+00  0.00000000E+00  0.00000000E+00  0.00000000E+00  0.00000000E+00  0.00000000E+00  0.00000000E+00  0.00000000E+00  0.00000000E+00  0.00000000E+00  0.00000000E+00  0.00000000E+00  0.00000000E+00  0.00000000E+00  0.00000000E+00  0.00000000E+00  0.00000000E+00  0.00000000E+00  0.00000000E+00  0.00000000E+00  0.00000000E+00  0.00000000E+00  0.00000000E+00  0.00000000E+00  0.00000000E+00  0.00000000E+00  0.00000000E+00  0.00000000E+00  0.00000000E+00  0.00000000E+00  0.00000000E+00  0.00000000E+00  0.00000000E+00  0.00000000E+00  0.00000000E+00  0.00000000E+00  0.00000000E+00  0.00000000E+00  0.00000000E+00  0.00000000E+00  0.00000000E+00  0.00000000E+00  0.00000000E+00  0.00000000E+00  0.00000000E+00  0.00000000E+00  0.00000000E+00  0.00000000E+00  0.00000000E+00  0.00000000E+00  0.00000000E+00  0.00000000E+00  0.00000000E+00  0.00000000E+00  0.00000000E+00  0.00000000E+00  0.00000000E+00  0.00000000E+00  0.00000000E+00  0.00000000E+00  0.00000000E+00  0.00000000E+00  0.00000000E+00  0.00000000E+00
  2.62826247E-01  2.61847469E-01  2.61122628E-01  2.60733120E-01  2.59900774E-01  2.58707920E-01  2.57329572E-01  2.55395166E-01  2.53675650E-01  2.51810734E-01  2.49326010E-01  2.46991262E-01  2.44277070E-01  2.41519038E-01  2.38324028E-01  2.35085031E-01  2.31596670E-01  2.28055937E-01  2.24207071E-01  2.20220360E-01  2.15960640E-01  2.11881280E-01  2.07339228E-01  2.02734314E-01  1.98060523E-01  1.93112638E-01  1.88284062E-01  1.83283370E-01  1.78104074E-01  1.73033673E-01  1.67624631E-01  1.62334769E-01  1.56920837E-01  1.51563155E-01  1.46113103E-01  1.40638197E-01  1.35153841E-01  1.29713916E-01  1.24231281E-01  1.18903481E-01  1.13413985E-01  1.08097889E-01  1.02818012E-01  9.76366363E-02  9.25000526E-02  8.74526860E-02  8.25191282E-02  7.77578349E-02  7.30575316E-02  6.84476697E-02  6.40360587E-02  5.97440292E-02  5.55968966E-02  5.15566568E-02  4.77331985E-02  4.40338065E-02  4.05084037E-02  3.71709071E-02  3.40088852E-02  3.09804497E-02  2.81439648E-02  2.54432383E-02  2.29560308E-02  2.06099927E-02  1.84296269E-02  1.64193991E-02  1.45551821E-02  1.28608515E-02  1.12853280E-02  9.86782956E-03  8.56707994E-03  7.40485794E-03  6.34944739E-03  5.42813443E-03  4.59553543E-03  3.86769077E-03  3.22786414E-03  2.67829596E-03  2.19763953E-03  1.78973181E-03  1.44200835E-03  1.14679891E-03  9.14077984E-04  7.07259778E-04  5.45092008E-04  4.15106821E-04  3.12902679E-04  2.31822418E-04  1.70597432E-04  1.20891603E-04  8.62556763E-05  6.11013838E-05  4.19177876E-05  2.80552676E-05  1.91306778E-05  1.26678744E-05  8.19204041E-06  5.18360307E-06  3.02375730E-06  1.83870789E-06  1.17591976E-06  7.36292907E-07  3.57456080E-07  2.10640625E-07  7.41184622E-08  6.83883130E-08  1.70482820E-08  6.26247055E-09  2.56964474E-09  0.00000000E+00  0.00000000E+00  0.00000000E+00  0.00000000E+00  0.00000000E+00  0.00000000E+00  0.00000000E+00  0.00000000E+00  0.00000000E+00  0.00000000E+00  0.00000000E+00  0.00000000E+00  0.00000000E+00  0.00000000E+00  0.00000000E+00  0.00000000E+00  0.00000000E+00  0.00000000E+00  0.00000000E+00  0.00000000E+00  0.00000000E+00  0.00000000E+00  0.00000000E+00  0.00000000E+00  0.00000000E+00  0.00000000E+00  0.00000000E+00  0.00000000E+00  0.00000000E+00  0.00000000E+00  0.00000000E+00  0.00000000E+00  0.00000000E+00  0.00000000E+00  0.00000000E+00  0.00000000E+00  0.00000000E+00  0.00000000E+00  0.00000000E+00  0.00000000E+00  0.00000000E+00  0.00000000E+00  0.00000000E+00  0.00000000E+00  0.00000000E+00  0.00000000E+00  0.00000000E+00  0.00000000E+00  0.00000000E+00  0.00000000E+00  0.00000000E+00  0.00000000E+00  0.00000000E+00  0.00000000E+00  0.00000000E+00  0.00000000E+00  0.00000000E+00  0.00000000E+00  0.00000000E+00  0.00000000E+00  0.00000000E+00  0.00000000E+00  0.00000000E+00  0.00000000E+00  0.00000000E+00  0.00000000E+00  0.00000000E+00  0.00000000E+00  0.00000000E+00  0.00000000E+00  0.00000000E+00  0.00000000E+00  0.00000000E+00  0.00000000E+00  0.00000000E+00  0.00000000E+00  0.00000000E+00  0.00000000E+00  0.00000000E+00  0.00000000E+00  0.00000000E+00  0.00000000E+00  0.00000000E+00  0.00000000E+00  0.00000000E+00  0.00000000E+00  0.00000000E+00  0.00000000E+00  0.00000000E+00  0.00000000E+00  0.00000000E+00
  2.61971219E-01  2.61617351E-01  2.61304176E-01  2.60911579E-01  2.59896159E-01  2.58895433E-01  2.57364673E-01  2.55633174E-01  2.53796026E-01  2.51889834E-01  2.49551768E-01  2.47136006E-01  2.44423148E-01  2.41409323E-01  2.38281882E-01  2.35236666E-01  2.31563175E-01  2.28192513E-01  2.24217287E-01  2.20237990E-01  2.16228578E-01  2.11835240E-01  2.07438307E-01  2.02712364E-01  1.98027177E-01  1.93283743E-01  1.88424226E-01  1.83334725E-01  1.78211119E-01  1.72978616E-01  1.67817320E-01  1.62466056E-01  1.56975791E-01  1.51591623E-01  1.46143172E-01  1.40586527E-01  1.35251070E-01  1.29690005E-01  1.24223047E-01  1.18804207E-01  1.13385716E-01  1.08117326E-01  1.02777187E-01  9.76334611E-02  9.25205287E-02  8.75005331E-02  8.25182657E-02  7.77653391E-02  7.30436052E-02  6.84342282E-02  6.40212065E-02  5.96772013E-02  5.55906643E-02  5.15668136E-02  4.76929697E-02  4.39906545E-02  4.05115644E-02  3.71582619E-02  3.39562334E-02  3.09443501E-02  2.81040635E-02  2.54309534E-02  2.29143442E-02  2.05872737E-02  1.84096487E-02  1.64210696E-02  1.45294113E-02  1.28175634E-02  1.12607326E-02  9.83360275E-03  8.55045414E-03  7.38004888E-03  6.34913068E-03  5.41517138E-03  4.58385308E-03  3.84603588E-03  3.22147871E-03  2.66936585E-03  2.19037599E-03  1.78784133E-03  1.44276321E-03  1.15283307E-03  9.06781775E-04  7.08601131E-04  5.42391629E-04  4.14152512E-04  3.13480935E-04  2.30772816E-04  1.69801212E-04  1.21562708E-04  8.71327449E-05  5.94298031E-05  4.22276672E-05  2.78930530E-05  1.88313147E-05  1.28085877E-05  7.87963780E-06  5.19800339E-06  3.07349201E-06  2.10327427E-06  1.19173189E-06  6.76810671E-07  4.26387057E-07  2.02054084E-07  9.68997918E-08  5.53812806E-08  1.33636424E-08  1.97006289E-08  3.13811194E-09  7.33831000E-09  6.16262707E-11  0.00000000E+00  0.00000000E+00  0.00000000E+00  0.00000000E+00  0.00000000E+00  0.00000000E+00  0.00000000E+00  0.00000000E+00  0.00000000E+00  0.00000000E+00  0.00000000E+00  0.00000000E+00  0.00000000E+00  0.00000000E+00  0.00000000E+00  0.00000000E+00  0.00000000E+00  0.00000000E+00  0.00000000E+00  0.00000000E+00  0.00000000E+00  0.00000000E+00  0.00000000E+00  0.00000000E+00  0.00000000E+00  0.00000000E+00  0.00000000E+00  0.00000000E+00  0.00000000E+00  0.00000000E+00  0.00000000E+00  0.00000000E+00  0.00000000E+00  0.00000000E+00  0.00000000E+00  0.00000000E+00  0.00000000E+00  0.00000000E+00  0.00000000E+00  0.00000000E+00  0.00000000E+00  0.00000000E+00  0.00000000E+00  0.00000000E+00  0.00000000E+00  0.00000000E+00  0.00000000E+00  0.00000000E+00  0.00000000E+00  0.00000000E+00  0.00000000E+00  0.00000000E+00  0.00000000E+00  0.00000000E+00  0.00000000E+00  0.00000000E+00  0.00000000E+00  0.00000000E+00  0.00000000E+00  0.00000000E+00  0.00000000E+00  0.00000000E+00  0.00000000E+00  0.00000000E+00  0.00000000E+00  0.00000000E+00  0.00000000E+00  0.00000000E+00  0.00000000E+00  0.00000000E+00  0.00000000E+00  0.00000000E+00  0.00000000E+00  0.00000000E+00  0.00000000E+00  0.00000000E+00  0.00000000E+00  0.00000000E+00  0.00000000E+00  0.00000000E+00  0.00000000E+00  0.00000000E+00  0.00000000E+00  0.00000000E+00  0.00000000E+00  0.00000000E+00  0.00000000E+00  0.00000000E+00  0.00000000E+00
  2.61898502E-01  2.62058079E-01  2.61479512E-01  2.60510981E-01  2.59584920E-01  2.58711955E-01  2.57275093E-01  2.55674498E-01  2.53769761E-01  2.51953101E-01  2.49303723E-01  2.47268664E-01  2.44386507E-01  2.41398540E-01  2.38251429E-01  2.35033799E-01  2.31710702E-01  2.28073835E-01  2.24360139E-01  2.20239121E-01  2.16204501E-01  2.11996840E-01  2.07437072E-01  2.02853059E-01  1.98148120E-01  1.93306856E-01  1.88442672E-01  1.83339399E-01  1.78298036E-01  1.72972278E-01  1.67724183E-01  1.62337800E-01  1.56930804E-01  1.51624729E-01  1.46128914E-01  1.40670774E-01  1.35142745E-01  1.29739872E-01  1.24228900E-01  1.18871271E-01  1.13468119E-01  1.08127558E-01  1.02851535E-01  9.76059038E-02  9.24735362E-02  8.75035997E-02  8.26433174E-02  7.77322914E-02  7.30091437E-02  6.84019988E-02  6.40232084E-02  5.96791623E-02  5.55404994E-02  5.15206198E-02  4.77022957E-02  4.40225798E-02  4.04830179E-02  3.71190500E-02  3.39571963E-02  3.09282128E-02  2.80775989E-02  2.54232429E-02  2.29262825E-02  2.06223479E-02  1.84065095E-02  1.64054082E-02  1.45441224E-02  1.28288390E-02  1.12500150E-02  9.83718496E-03  8.54975411E-03  7.38894813E-03  6.33859166E-03  5.40665630E-03  4.58192222E-03  3.86040225E-03  3.21775071E-03  2.66525765E-03  2.18885508E-03  1.78684452E-03  1.43342314E-03  1.14504082E-03  9.06792561E-04  7.08038646E-04  5.45980723E-04  4.13873910E-04  3.10698180E-04  2.30338803E-04  1.68747661E-04  1.21656734E-04  8.58608234E-05  6.07134745E-05  4.10390489E-05  2.86718609E-05  1.87049238E-05  1.27262577E-05  8.24448064E-06  5.33395291E-06  3.34884339E-06  2.07924298E-06  1.10634961E-06  7.38741868E-07  4.01731953E-07  2.25302251E-07  1.17349743E-07  4.62892395E-08  2.13988127E-08  4.54280443E-09  8.81433157E-09  0.00000000E+00  1.10486759E-09  0.00000000E+00  0.00000000E+00  0.00000000E+00  0.00000000E+00  0.00000000E+00  0.00000000E+00  0.00000000E+00  0.00000000E+00  0.00000000E+00  0.00000000E+00  0.00000000E+00  0.00000000E+00  0.00000000E+00  0.00000000E+00  0.00000000E+00  0.00000000E+00  0.00000000E+00  0.00000000E+00  0.00000000E+00  0.00000000E+00  0.00000000E+00  0.00000000E+00  0.00000000E+00  0.00000000E+00  0.00000000E+00  0.00000000E+00  0.00000000E+00  0.00000000E+00  0.00000000E+00  0.00000000E+00  0.00000000E+00  0.00000000E+00  0.00000000E+00  0.00000000E+00  0.00000000E+00  0.00000000E+00  0.00000000E+00  0.00000000E+00  0.00000000E+00  0.00000000E+00  0.00000000E+00  0.00000000E+00  0.00000000E+00  0.00000000E+00  0.00000000E+00  0.00000000E+00  0.00000000E+00  0.00000000E+00  0.00000000E+00  0.00000000E+00  0.00000000E+00  0.00000000E+00  0.00000000E+00  0.00000000E+00  0.00000000E+00  0.00000000E+00  0.00000000E+00  0.00000000E+00  0.00000000E+00  0.00000000E+00  0.00000000E+00  0.00000000E+00  0.00000000E+00  0.00000000E+00  0.00000000E+00  0.00000000E+00  0.00000000E+00  0.00000000E+00  0.00000000E+00  0.00000000E+00  0.00000000E+00  0.00000000E+00  0.00000000E+00  0.00000000E+00  0.00000000E+00  0.00000000E+00  0.00000000E+00  0.00000000E+00  0.00000000E+00  0.00000000E+00  0.00000000E+00  0.00000000E+00  0.00000000E+00  0.00000000E+00  0.00000000E+00  0.00000000E+00  0.00000000E+00  0.00000000E+00  0.00000000E+00
  2.64110293E-01  2.63681691E-01  2.63596753E-01  2.62379417E-01  2.61617869E-01  2.60702636E-01  2.59038782E-01  2.57261463E-01  2.55633755E-01  2.53361310E-01  2.51251423E-01  2.48863561E-01  2.46268166E-01  2.43297236E-01  2.40295834E-01  2.36981105E-01  2.33546299E-01  2.29936780E-01  2.26068837E-01  2.22070328E-01  2.18037874E-01  2.13544590E-01  2.09192000E-01  2.04601383E-01  1.99996768E-01  1.95144103E-01  1.90164130E-01  1.85171865E-01  1.79954446E-01  1.74751243E-01  1.69495121E-01  1.64171480E-01  1.58700902E-01  1.53261528E-01  1.47873348E-01  1.42307494E-01  1.36717127E-01  1.31308378E-01  1.25785317E-01  1.20378383E-01  1.14941204E-01  1.09551714E-01  1.04215830E-01  9.89891024E-02  9.38616927E-02  8.87265280E-02  8.37295549E-02  7.89271080E-02  7.41391121E-02  6.95385195E-02  6.50434797E-02  6.06545965E-02  5.64950230E-02  5.24298984E-02  4.85732064E-02  4.47453596E-02  4.11991612E-02  3.78230018E-02  3.45795619E-02  3.14950689E-02  2.86213733E-02  2.59197717E-02  2.33513487E-02  2.10194939E-02  1.87671912E-02  1.67522054E-02  1.48318256E-02  1.30792031E-02  1.15090089E-02  1.00555781E-02  8.74457081E-03  7.54279279E-03  6.49074882E-03  5.52704699E-03  4.68761082E-03  3.94622669E-03  3.30047577E-03  2.73250217E-03  2.25365210E-03  1.83367207E-03  1.47340670E-03  1.17682649E-03  9.30018494E-04  7.25947792E-04  5.61839190E-04  4.26658211E-04  3.22321203E-04  2.38284501E-04  1.75258010E-04  1.27055401E-04  8.89264906E-05  6.08465645E-05  4.27434581E-05  2.88522137E-05  1.93919667E-05  1.30060115E-05  8.55929298E-06  5.30837456E-06  3.43293220E-06  2.00222364E-06  1.18348951E-06  6.55750926E-07  4.00157465E-07  2.37932166E-07  8.06308881E-08  6.99556888E-08  1.74681498E-08  1.02949702E-08  3.69205554E-09  0.00000000E+00  0.00000000E+00  0.00000000E+00  0.00000000E+00  0.00000000E+00  0.00000000E+00  0.00000000E+00  0.00000000E+00  0.00000000E+00  0.00000000E+00  0.00000000E+00  0.00000000E+00  0.00000000E+00  0.00000000E+00  0.00000000E+00  0.00000000E+00  0.00000000E+00  0.00000000E+00  0.00000000E+00  0.00000000E+00  0.00000000E+00  0.00000000E+00  0.00000000E+00  0.00000000E+00  0.00000000E+00  0.00000000E+00  0.00000000E+00  0.00000000E+00  0.00000000E+00  0.00000000E+00  0.00000000E+00  0.00000000E+00  0.00000000E+00  0.00000000E+00  0.00000000E+00  0.00000000E+00  0.00000000E+00  0.00000000E+00  0.00000000E+00  0.00000000E+00  0.00000000E+00  0.00000000E+00  0.00000000E+00  0.00000000E+00  0.00000000E+00  0.00000000E+00  0.00000000E+00  0.00000000E+00  0.00000000E+00  0.00000000E+00  0.00000000E+00  0.00000000E+00  0.00000000E+00  0.00000000E+00  0.00000000E+00  0.00000000E+00  0.00000000E+00  0.00000000E+00  0.00000000E+00  0.00000000E+00  0.00000000E+00  0.00000000E+00  0.00000000E+00  0.00000000E+00  0.00000000E+00  0.00000000E+00  0.00000000E+00  0.00000000E+00  0.00000000E+00  0.00000000E+00  0.00000000E+00  0.00000000E+00  0.00000000E+00  0.00000000E+00  0.00000000E+00  0.00000000E+00  0.00000000E+00  0.00000000E+00  0.00000000E+00  0.00000000E+00  0.00000000E+00  0.00000000E+00  0.00000000E+00  0.00000000E+00  0.00000000E+00  0.00000000E+00  0.00000000E+00  0.00000000E+00  0.00000000E+00  0.00000000E+00  0.00000000E+00
  2.61878280E-01  2.62004802E-01  2.61276929E-01  2.61015533E-01  2.59613847E-01  2.58633098E-01  2.57250752E-01  2.55653021E-01  2.53653924E-01  2.51687826E-01  2.49482905E-01  2.46900499E-01  2.44344688E-01  2.41544400E-01  2.38473288E-01  2.35179972E-01  2.31723226E-01  2.28041577E-01  2.24316947E-01  2.20240864E-01  2.16173999E-01  2.11913440E-01  2.07388414E-01  2.02838592E-01  1.98191594E-01  1.93300335E-01  1.88348888E-01  1.83234856E-01  1.78358470E-01  1.73112858E-01  1.67667043E-01  1.62368679E-01  1.56952676E-01  1.51608384E-01  1.46160598E-01  1.40705525E-01  1.35175657E-01  1.29720994E-01  1.24258036E-01  1.18806285E-01  1.13496628E-01  1.08078412E-01  1.02842409E-01  9.76250344E-02  9.25104637E-02  8.74805806E-02  8.24933598E-02  7.76796368E-02  7.30476072E-02  6.84735949E-02  6.39769622E-02  5.97035565E-02  5.55606702E-02  5.15484221E-02  4.76823391E-02  4.40396815E-02  4.04801007E-02  3.71188942E-02  3.39697731E-02  3.09344021E-02  2.81107447E-02  2.54559763E-02  2.29191148E-02  2.05458814E-02  1.84131304E-02  1.64232812E-02  1.45395582E-02  1.28372406E-02  1.12602739E-02  9.84492728E-03  8.54776570E-03  7.39313414E-03  6.32440238E-03  5.40979275E-03  4.59035194E-03  3.85797987E-03  3.21892800E-03  2.66061369E-03  2.19579971E-03  1.78521127E-03  1.43495487E-03  1.15339341E-03  9.08057414E-04  7.08118146E-04  5.44120747E-04  4.12541598E-04  3.12440387E-04  2.34168605E-04  1.67824621E-04  1.22091732E-04  8.51022177E-05  6.02886401E-05  4.15437216E-05  2.87593927E-05  1.94593881E-05  1.26986591E-05  8.25512914E-06  4.98893479E-06  3.28187207E-06  2.16262689E-06  1.04477594E-06  7.87603733E-07  4.03674083E-07  1.84763362E-07  8.12301542E-08  3.89427368E-08  3.01602604E-08  8.84388581E-10  3.00424298E-09  5.39546262E-09  1.04474475E-09  5.35958743E-09  0.00000000E+00  0.00000000E+00  0.00000000E+00  0.00000000E+00  0.00000000E+00  0.00000000E+00  0.00000000E+00  0.00000000E+00  0.00000000E+00  0.00000000E+00  0.00000000E+00  0.00000000E+00  0.00000000E+00  0.00000000E+00  0.00000000E+00  0.00000000E+00  0.00000000E+00  0.00000000E+00  0.00000000E+00  0.00000000E+00  0.00000000E+00  0.00000000E+00  0.00000000E+00  0.00000000E+00  0.00000000E+00  0.00000000E+00  0.00000000E+00  0.00000000E+00  0.00000000E+00  0.00000000E+00  0.00000000E+00  0.00000000E+00  0.00000000E+00  0.00000000E+00  0.00000000E+00  0.00000000E+00  0.00000000E+00  0.00000000E+00  0.00000000E+00  0.00000000E+00  0.00000000E+00  0.00000000E+00  0.00000000E+00  0.00000000E+00  0.00000000E+00  0.00000000E+00  0.00000000E+00  0.00000000E+00  0.00000000E+00  0.00000000E+00  0.00000000E+00  0.00000000E+00  0.00000000E+00  0.00000000E+00  0.00000000E+00  0.00000000E+00  0.00000000E+00  0.00000000E+00  0.00000000E+00  0.00000000E+00  0.00000000E+00  0.00000000E+00  0.00000000E+00  0.00000000E+00  0.00000000E+00  0.00000000E+00  0.00000000E+00  0.00000000E+00  0.00000000E+00  0.00000000E+00  0.00000000E+00  0.00000000E+00  0.00000000E+00  0.00000000E+00  0.00000000E+00  0.00000000E+00  0.00000000E+00  0.00000000E+00  0.00000000E+00  0.00000000E+00  0.00000000E+00  0.00000000E+00  0.00000000E+00  0.00000000E+00  0.00000000E+00  0.00000000E+00  0.00000000E+00  0.00000000E+00
  2.63327490E-01  2.62920096E-01  2.63049967E-01  2.62387551E-01  2.60803530E-01  2.60185736E-01  2.58711281E-01  2.56912935E-01  2.55370701E-01  2.53190047E-01  2.50897249E-01  2.48435139E-01  2.45650051E-01  2.42984081E-01  2.39843512E-01  2.36709010E-01  2.33195293E-01  2.29528862E-01  2.25645436E-01  2.21662601E-01  2.17680957E-01  2.13330357E-01  2.08897323E-01  2.04278783E-01  1.99651354E-01  1.94768679E-01  1.89818889E-01  1.84715638E-01  1.79639138E-01  1.74462595E-01  1.69242606E-01  1.63807212E-01  1.58396631E-01  1.52946156E-01  1.47442162E-01  1.41918816E-01  1.36489353E-01  1.30966744E-01  1.25496769E-01  1.20036264E-01  1.14625606E-01  1.09222979E-01  1.03918508E-01  9.86752270E-02  9.35311348E-02  8.84447885E-02  8.35042091E-02  7.86537672E-02  7.38596010E-02  6.92886508E-02  6.47384471E-02  6.04387647E-02  5.62206115E-02  5.22155172E-02  4.83107794E-02  4.45849175E-02  4.10507776E-02  3.76819646E-02  3.44381073E-02  3.13865846E-02  2.85010653E-02  2.58224414E-02  2.32579310E-02  2.08960598E-02  1.86852573E-02  1.66458738E-02  1.47657753E-02  1.30289223E-02  1.14462499E-02  1.00022578E-02  8.70257794E-03  7.50279693E-03  6.43767971E-03  5.50279321E-03  4.66184234E-03  3.92194352E-03  3.27333647E-03  2.71643723E-03  2.23181423E-03  1.82360477E-03  1.46633739E-03  1.17176274E-03  9.24566925E-04  7.25213578E-04  5.58192697E-04  4.24437367E-04  3.18436895E-04  2.35711382E-04  1.71968168E-04  1.23872409E-04  8.86859754E-05  6.19489925E-05  4.29378760E-05  2.85373881E-05  1.92803860E-05  1.23955197E-05  8.21433180E-06  5.66509341E-06  3.35082613E-06  2.04469344E-06  1.24976253E-06  6.88225211E-07  4.53542991E-07  2.40838197E-07  1.27708985E-07  2.88641233E-08  1.80385991E-08  1.15970074E-08  1.82083908E-09  4.85270387E-09  0.00000000E+00  0.00000000E+00  0.00000000E+00  0.00000000E+00  0.00000000E+00  0.00000000E+00  0.00000000E+00  0.00000000E+00  0.00000000E+00  0.00000000E+00  0.00000000E+00  0.00000000E+00  0.00000000E+00  0.00000000E+00  0.00000000E+00  0.00000000E+00  0.00000000E+00  0.00000000E+00  0.00000000E+00  0.00000000E+00  0.00000000E+00  0.00000000E+00  0.00000000E+00  0.00000000E+00  0.00000000E+00  0.00000000E+00  0.00000000E+00  0.00000000E+00  0.00000000E+00  0.00000000E+00  0.00000000E+00  0.00000000E+00  0.00000000E+00  0.00000000E+00  0.00000000E+00  0.00000000E+00  0.00000000E+00  0.00000000E+00  0.00000000E+00  0.00000000E+00  0.00000000E+00  0.00000000E+00  0.00000000E+00  0.00000000E+00  0.00000000E+00  0.00000000E+00  0.00000000E+00  0.00000000E+00  0.00000000E+00  0.00000000E+00  0.00000000E+00  0.00000000E+00  0.00000000E+00  0.00000000E+00  0.00000000E+00  0.00000000E+00  0.00000000E+00  0.00000000E+00  0.00000000E+00  0.00000000E+00  0.00000000E+00  0.00000000E+00  0.00000000E+00  0.00000000E+00  0.00000000E+00  0.00000000E+00  0.00000000E+00  0.00000000E+00  0.00000000E+00  0.00000000E+00  0.00000000E+00  0.00000000E+00  0.00000000E+00  0.00000000E+00  0.00000000E+00  0.00000000E+00  0.00000000E+00  0.00000000E+00  0.00000000E+00  0.00000000E+00  0.00000000E+00  0.00000000E+00  0.00000000E+00  0.00000000E+00  0.00000000E+00  0.00000000E+00  0.00000000E+00  0.00000000E+00  0.00000000E+00  0.00000000E+00
  2.61842082E-01  2.62526479E-01  2.61520951E-01  2.60335388E-01  2.59712682E-01  2.58752404E-01  2.57096314E-01  2.55664187E-01  2.54026078E-01  2.51578138E-01  2.49630680E-01  2.46815376E-01  2.44243472E-01  2.41414038E-01  2.38394641E-01  2.35135638E-01  2.31621415E-01  2.27967125E-01  2.24295438E-01  2.20170500E-01  2.16178416E-01  2.11815717E-01  2.07424907E-01  2.02814686E-01  1.98127819E-01  1.93301188E-01  1.88322166E-01  1.83349006E-01  1.78292659E-01  1.73043317E-01  1.67754186E-01  1.62356281E-01  1.56993896E-01  1.51518280E-01  1.46094673E-01  1.40750067E-01  1.35266286E-01  1.29693257E-01  1.24251228E-01  1.18807529E-01  1.13454465E-01  1.08173730E-01  1.02859890E-01  9.76291299E-02  9.24938743E-02  8.74477457E-02  8.25824418E-02  7.76955200E-02  7.30134450E-02  6.84567845E-02  6.40091311E-02  5.97101965E-02  5.55505879E-02  5.15541233E-02  4.76823101E-02  4.39920987E-02  4.04942434E-02  3.71770115E-02  3.39860824E-02  3.09496286E-02  2.81160773E-02  2.54362915E-02  2.29390294E-02  2.06034739E-02  1.83960647E-02  1.64076475E-02  1.45510195E-02  1.28365778E-02  1.12574776E-02  9.83657119E-03  8.54622540E-03  7.39933496E-03  6.35015195E-03  5.40176675E-03  4.58434462E-03  3.85772401E-03  3.22043177E-03  2.66883297E-03  2.19052987E-03  1.78024830E-03  1.43708399E-03  1.14964731E-03  9.03620390E-04  7.08914425E-04  5.44498891E-04  4.13729952E-04  3.11383939E-04  2.30953452E-04  1.69356938E-04  1.21209897E-04  8.54456454E-05  5.97322076E-05  4.16448285E-05  2.75852996E-05  1.90859193E-05  1.23374633E-05  8.29462706E-06  5.16915888E-06  3.40073922E-06  2.00310308E-06  1.06525925E-06  6.53184807E-07  3.57339117E-07  2.31268837E-07  1.32095087E-07  6.99244552E-08  1.87348288E-08  7.70199752E-09  1.31353474E-09  0.00000000E+00  0.00000000E+00  0.00000000E+00  0.00000000E+00  0.00000000E+00  0.00000000E+00  0.00000000E+00  0.00000000E+00  0.00000000E+00  0.00000000E+00  0.00000000E+00  0.00000000E+00  0.00000000E+00  0.00000000E+00  0.00000000E+00  0.00000000E+00  0.00000000E+00  0.00000000E+00  0.00000000E+00  0.00000000E+00  0.00000000E+00  0.00000000E+00  0.00000000E+00  0.00000000E+00  0.00000000E+00  0.00000000E+00  0.00000000E+00  0.00000000E+00  0.00000000E+00  0.00000000E+00  0.00000000E+00  0.00000000E+00  0.00000000E+00  0.00000000E+00  0.00000000E+00  0.00000000E+00  0.00000000E+00  0.00000000E+00  0.00000000E+00  0.00000000E+00  0.00000000E+00  0.00000000E+00  0.00000000E+00  0.00000000E+00  0.00000000E+00  0.00000000E+00  0.00000000E+00  0.00000000E+00  0.00000000E+00  0.00000000E+00  0.00000000E+00  0.00000000E+00  0.00000000E+00  0.00000000E+00  0.00000000E+00  0.00000000E+00  0.00000000E+00  0.00000000E+00  0.00000000E+00  0.00000000E+00  0.00000000E+00  0.00000000E+00  0.00000000E+00  0.00000000E+00  0.00000000E+00  0.00000000E+00  0.00000000E+00  0.00000000E+00  0.00000000E+00  0.00000000E+00  0.00000000E+00  0.00000000E+00  0.00000000E+00  0.00000000E+00  0.00000000E+00  0.00000000E+00  0.00000000E+00  0.00000000E+00  0.00000000E+00  0.00000000E+00  0.00000000E+00  0.00000000E+00  0.00000000E+00  0.00000000E+00  0.00000000E+00  0.00000000E+00  0.00000000E+00  0.00000000E+00  0.00000000E+00  0.00000000E+00  0.00000000E+00
  2.65386293E-01  2.65538900E-01  2.65846881E-01  2.64552934E-01  2.63622032E-01  2.62836299E-01  2.61218308E-01  2.59503783E-01  2.57772572E-01  2.55635775E-01  2.53735597E-01  2.50941734E-01  2.48230302E-01  2.45365590E-01  2.42348335E-01  2.39167035E-01  2.35620400E-01  2.32126665E-01  2.28397603E-01  2.24303828E-01  2.20099739E-01  2.15852099E-01  2.11311270E-01  2.06798554E-01  2.02034850E-01  1.97314532E-01  1.92318772E-01  1.87256073E-01  1.82077527E-01  1.76885108E-01  1.71559489E-01  1.66145873E-01  1.60745712E-01  1.55269334E-01  1.49727757E-01  1.44130356E-01  1.38633132E-01  1.33116986E-01  1.27584786E-01  1.22032004E-01  1.16618873E-01  1.11147740E-01  1.05864993E-01  1.00546752E-01  9.53301342E-02  9.02006181E-02  8.51570052E-02  8.02609543E-02  7.54349644E-02  7.07303258E-02  6.61592108E-02  6.17852388E-02  5.75406017E-02  5.34432679E-02  4.94493390E-02  4.56657526E-02  4.20336911E-02  3.86017114E-02  3.52809145E-02  3.21888988E-02  2.92514799E-02  2.64923168E-02  2.38863783E-02  2.14734308E-02  1.92165463E-02  1.71009727E-02  1.52027407E-02  1.33988686E-02  1.17790339E-02  1.02899144E-02  8.94804675E-03  7.74219487E-03  6.62918963E-03  5.66457088E-03  4.81104365E-03  4.04807871E-03  3.38157392E-03  2.80059725E-03  2.30655611E-03  1.87644597E-03  1.51408420E-03  1.21157234E-03  9.57366363E-04  7.48607454E-04  5.74530919E-04  4.35009505E-04  3.28129129E-04  2.43351709E-04  1.77592466E-04  1.29314226E-04  9.17153958E-05  6.33194384E-05  4.41300087E-05  3.01174477E-05  2.03049560E-05  1.33764559E-05  8.62011156E-06  5.37392874E-06  3.53670024E-06  2.11169313E-06  1.28628170E-06  7.28360203E-07  4.21875704E-07  2.70541832E-07  1.16054382E-07  4.58142020E-08  2.31707453E-08  2.08051293E-08  1.27188922E-08  1.11748415E-08  1.72257737E-09  6.09688661E-10  0.00000000E+00  0.00000000E+00  0.00000000E+00  0.00000000E+00  0.00000000E+00  0.00000000E+00  0.00000000E+00  0.00000000E+00  0.00000000E+00  0.00000000E+00  0.00000000E+00  0.00000000E+00  0.00000000E+00  0.00000000E+00  0.00000000E+00  0.00000000E+00  0.00000000E+00  0.00000000E+00  0.00000000E+00  0.00000000E+00  0.00000000E+00  0.00000000E+00  0.00000000E+00  0.00000000E+00  0.00000000E+00  0.00000000E+00  0.00000000E+00  0.00000000E+00  0.00000000E+00  0.00000000E+00  0.00000000E+00  0.00000000E+00  0.00000000E+00  0.00000000E+00  0.00000000E+00  0.00000000E+00  0.00000000E+00  0.00000000E+00  0.00000000E+00  0.00000000E+00  0.00000000E+00  0.00000000E+00  0.00000000E+00  0.00000000E+00  0.00000000E+00  0.00000000E+00  0.00000000E+00  0.00000000E+00  0.00000000E+00  0.00000000E+00  0.00000000E+00  0.00000000E+00  0.00000000E+00  0.00000000E+00  0.00000000E+00  0.00000000E+00  0.00000000E+00  0.00000000E+00  0.00000000E+00  0.00000000E+00  0.00000000E+00  0.00000000E+00  0.00000000E+00  0.00000000E+00  0.00000000E+00  0.00000000E+00  0.00000000E+00  0.00000000E+00  0.00000000E+00  0.00000000E+00  0.00000000E+00  0.00000000E+00  0.00000000E+00  0.00000000E+00  0.00000000E+00  0.00000000E+00  0.00000000E+00  0.00000000E+00  0.00000000E+00  0.00000000E+00  0.00000000E+00  0.00000000E+00  0.00000000E+00  0.00000000E+00  0.00000000E+00  0.00000000E+00  0.00000000E+00  0.00000000E+00
  2.65386293E-01  2.65538900E-01  2.65846881E-01  2.64552934E-01  2.63622032E-01  2.62836299E-01  2.61218308E-01  2.59503783E-01  2.57772572E-01  2.55635775E-01  2.53735597E-01  2.50941734E-01  2.48230302E-01  2.45365590E-01  2.42348335E-01  2.39167035E-01  2.35620400E-01  2.32126665E-01  2.28397603E-01  2.24303828E-01  2.20099739E-01  2.15852099E-01  2.11311270E-01  2.06798554E-01  2.02034850E-01  1.97314532E-01  1.92318772E-01  1.87256073E-01  1.82077527E-01  1.76885108E-01  1.71559489E-01  1.66145873E-01  1.60745712E-01  1.55269334E-01  1.49727757E-01  1.44130356E-01  1.38633132E-01  1.33116986E-01  1.27584786E-01  1.22032004E-01  1.16618873E-01  1.11147740E-01  1.05864993E-01  1.00546752E-01  9.53301342E-02  9.02006181E-02  8.51570052E-02  8.02609543E-02  7.54349644E-02  7.07303258E-02  6.61592108E-02  6.17852388E-02  5.75406017E-02  5.34432679E-02  4.94493390E-02  4.56657526E-02  4.20336911E-02  3.86017114E-02  3.52809145E-02  3.21888988E-02  2.92514799E-02  2.64923168E-02  2.38863783E-02  2.14734308E-02  1.92165463E-02  1.71009727E-02  1.52027407E-02  1.33988686E-02  1.17790339E-02  1.02899144E-02  8.94804675E-03  7.74219487E-03  6.62918963E-03  5.66457088E-03  4.81104365E-03  4.04807871E-03  3.38157392E-03  2.80059725E-03  2.30655611E-03  1.87644597E-03  1.51408420E-03  1.21157234E-03  9.57366363E-04  7.48607454E-04  5.74530919E-04  4.35009505E-04  3.28129129E-04  2.43351709E-04  1.77592466E-04  1.29314226E-04  9.17153958E-05  6.33194384E-05  4.41300087E-05  3.01174477E-05  2.03049560E-05  1.33764559E-05  8.62011156E-06  5.37392874E-06  3.53670024E-06  2.11169313E-06  1.28628170E-06  7.28360203E-07  4.21875704E-07  2.70541832E-07  1.16054382E-07  4.58142020E-08  2.31707453E-08  2.08051293E-08  1.27188922E-08  1.11748415E-08  1.72257737E-09  6.09688661E-10  0.00000000E+00  0.00000000E+00  0.00000000E+00  0.00000000E+00  0.00000000E+00  0.00000000E+00  0.00000000E+00  0.00000000E+00  0.00000000E+00  0.00000000E+00  0.00000000E+00  0.00000000E+00  0.00000000E+00  0.00000000E+00  0.00000000E+00  0.00000000E+00  0.00000000E+00  0.00000000E+00  0.00000000E+00  0.00000000E+00  0.00000000E+00  0.00000000E+00  0.00000000E+00  0.00000000E+00  0.00000000E+00  0.00000000E+00  0.00000000E+00  0.00000000E+00  0.00000000E+00  0.00000000E+00  0.00000000E+00  0.00000000E+00  0.00000000E+00  0.00000000E+00  0.00000000E+00  0.00000000E+00  0.00000000E+00  0.00000000E+00  0.00000000E+00  0.00000000E+00  0.00000000E+00  0.00000000E+00  0.00000000E+00  0.00000000E+00  0.00000000E+00  0.00000000E+00  0.00000000E+00  0.00000000E+00  0.00000000E+00  0.00000000E+00  0.00000000E+00  0.00000000E+00  0.00000000E+00  0.00000000E+00  0.00000000E+00  0.00000000E+00  0.00000000E+00  0.00000000E+00  0.00000000E+00  0.00000000E+00  0.00000000E+00  0.00000000E+00  0.00000000E+00  0.00000000E+00  0.00000000E+00  0.00000000E+00  0.00000000E+00  0.00000000E+00  0.00000000E+00  0.00000000E+00  0.00000000E+00  0.00000000E+00  0.00000000E+00  0.00000000E+00  0.00000000E+00  0.00000000E+00  0.00000000E+00  0.00000000E+00  0.00000000E+00  0.00000000E+00  0.00000000E+00  0.00000000E+00  0.00000000E+00  0.00000000E+00  0.00000000E+00  0.00000000E+00  0.00000000E+00  0.00000000E+00
  2.61729027E-01  2.61547890E-01  2.61858365E-01  2.60604036E-01  2.60022836E-01  2.58846097E-01  2.57354413E-01  2.55948362E-01  2.53900742E-01  2.52020577E-01  2.49894932E-01  2.47308585E-01  2.44523974E-01  2.41621429E-01  2.38545471E-01  2.35447987E-01  2.31857777E-01  2.28140522E-01  2.24343263E-01  2.20299527E-01  2.16348859E-01  2.11965061E-01  2.07461995E-01  2.02920647E-01  1.98224078E-01  1.93351951E-01  1.88517118E-01  1.83297783E-01  1.78343959E-01  1.73102694E-01  1.67732106E-01  1.62455989E-01  1.57024041E-01  1.51565331E-01  1.46107216E-01  1.40646218E-01  1.35162407E-01  1.29755079E-01  1.24285134E-01  1.18864472E-01  1.13410521E-01  1.08115266E-01  1.02812091E-01  9.76062723E-02  9.24551815E-02  8.74279241E-02  8.25103096E-02  7.76774349E-02  7.29371535E-02  6.83610429E-02  6.39948043E-02  5.96490479E-02  5.55131224E-02  5.14670667E-02  4.76379700E-02  4.39865057E-02  4.04651723E-02  3.71186130E-02  3.39213025E-02  3.09051067E-02  2.80850643E-02  2.53924071E-02  2.29256230E-02  2.05769503E-02  1.83753752E-02  1.63883058E-02  1.45075659E-02  1.28199063E-02  1.12654561E-02  9.82799640E-03  8.55407077E-03  7.36896500E-03  6.32253220E-03  5.40963180E-03  4.58631196E-03  3.85728475E-03  3.21893654E-03  2.66996925E-03  2.18847676E-03  1.77861008E-03  1.43181803E-03  1.14732047E-03  8.99796687E-04  7.05724021E-04  5.42064257E-04  4.12337436E-04  3.11250235E-04  2.30733409E-04  1.67787932E-04  1.21385459E-04  8.64774644E-05  6.02234370E-05  4.15083541E-05  2.78565172E-05  1.92857596E-05  1.25845789E-05  7.81119873E-06  5.24130292E-06  3.21215552E-06  1.87855300E-06  1.11721494E-06  6.60604507E-07  3.95108146E-07  1.42293488E-07  9.07244577E-08  5.19217170E-08  1.35285957E-08  9.29341508E-09  2.06704849E-09  5.39972443E-09  0.00000000E+00  0.00000000E+00  0.00000000E+00  0.00000000E+00  0.00000000E+00  0.00000000E+00  0.00000000E+00  0.00000000E+00  0.00000000E+00  0.00000000E+00  0.00000000E+00  0.00000000E+00  0.00000000E+00  0.00000000E+00  0.00000000E+00  0.00000000E+00  0.00000000E+00  0.00000000E+00  0.00000000E+00  0.00000000E+00  0.00000000E+00  0.00000000E+00  0.00000000E+00  0.00000000E+00  0.00000000E+00  0.00000000E+00  0.00000000E+00  0.00000000E+00  0.00000000E+00  0.00000000E+00  0.00000000E+00  0.00000000E+00  0.00000000E+00  0.00000000E+00  0.00000000E+00  0.00000000E+00  0.00000000E+00  0.00000000E+00  0.00000000E+00  0.00000000E+00  0.00000000E+00  0.00000000E+00  0.00000000E+00  0.00000000E+00  0.00000000E+00  0.00000000E+00  0.00000000E+00  0.00000000E+00  0.00000000E+00  0.00000000E+00  0.00000000E+00  0.00000000E+00  0.00000000E+00  0.00000000E+00  0.00000000E+00  0.00000000E+00  0.00000000E+00  0.00000000E+00  0.00000000E+00  0.00000000E+00  0.00000000E+00  0.00000000E+00  0.00000000E+00  0.00000000E+00  0.00000000E+00  0.00000000E+00  0.00000000E+00  0.00000000E+00  0.00000000E+00  0.00000000E+00  0.00000000E+00  0.00000000E+00  0.00000000E+00  0.00000000E+00  0.00000000E+00  0.00000000E+00  0.00000000E+00  0.00000000E+00  0.00000000E+00  0.00000000E+00  0.00000000E+00  0.00000000E+00  0.00000000E+00  0.00000000E+00  0.00000000E+00  0.00000000E+00  0.00000000E+00  0.00000000E+00  0.00000000E+00  0.00000000E+00
  2.62729154E-01  2.62276189E-01  2.61303579E-01  2.61014495E-01  2.59829043E-01  2.58425467E-01  2.57427496E-01  2.55875199E-01  2.54101929E-01  2.51983380E-01  2.49766653E-01  2.47183930E-01  2.44350790E-01  2.41812800E-01  2.38617156E-01  2.35223004E-01  2.31769631E-01  2.28180520E-01  2.24247178E-01  2.20231274E-01  2.16151834E-01  2.11833134E-01  2.07557302E-01  2.02821175E-01  1.98087999E-01  1.93310527E-01  1.88310691E-01  1.83371241E-01  1.78075743E-01  1.72932130E-01  1.67669118E-01  1.62462469E-01  1.57001483E-01  1.51552278E-01  1.46154511E-01  1.40673632E-01  1.35154511E-01  1.29639303E-01  1.24204990E-01  1.18827277E-01  1.13428578E-01  1.08126816E-01  1.02782396E-01  9.76296057E-02  9.24779336E-02  8.74578409E-02  8.25789490E-02  7.76699104E-02  7.29947606E-02  6.84142711E-02  6.39748831E-02  5.97129605E-02  5.55449777E-02  5.15287731E-02  4.76875945E-02  4.39652053E-02  4.04907525E-02  3.71484236E-02  3.39686345E-02  3.09441995E-02  2.81051367E-02  2.54558366E-02  2.29049033E-02  2.06087754E-02  1.84003224E-02  1.63863568E-02  1.45345450E-02  1.28251671E-02  1.12670257E-02  9.82597900E-03  8.54677830E-03  7.38711244E-03  6.34825786E-03  5.42361546E-03  4.58812003E-03  3.86472548E-03  3.22708516E-03  2.66789330E-03  2.19231543E-03  1.78834704E-03  1.43553482E-03  1.14986190E-03  9.06183110E-04  7.07508567E-04  5.44482701E-04  4.14520620E-04  3.11335199E-04  2.32388304E-04  1.69154237E-04  1.21452292E-04  8.64896820E-05  6.06727856E-05  4.17160806E-05  2.83027762E-05  1.93400732E-05  1.20701133E-05  8.21255836E-06  5.20727147E-06  3.24683126E-06  2.18317600E-06  1.16898069E-06  8.03378180E-07  3.53808888E-07  1.82997704E-07  8.20837026E-08  4.77928037E-08  2.40862033E-08  2.14633055E-09  2.06400315E-09  0.00000000E+00  0.00000000E+00  0.00000000E+00  0.00000000E+00  0.00000000E+00  0.00000000E+00  0.00000000E+00  0.00000000E+00  0.00000000E+00  0.00000000E+00  0.00000000E+00  0.00000000E+00  0.00000000E+00  0.00000000E+00  0.00000000E+00  0.00000000E+00  0.00000000E+00  0.00000000E+00  0.00000000E+00  0.00000000E+00  0.00000000E+00  0.00000000E+00  0.00000000E+00  0.00000000E+00  0.00000000E+00  0.00000000E+00  0.00000000E+00  0.00000000E+00  0.00000000E+00  0.00000000E+00  0.00000000E+00  0.00000000E+00  0.00000000E+00  0.00000000E+00  0.00000000E+00  0.00000000E+00  0.00000000E+00  0.00000000E+00  0.00000000E+00  0.00000000E+00  0.00000000E+00  0.00000000E+00  0.00000000E+00  0.00000000E+00  0.00000000E+00  0.00000000E+00  0.00000000E+00  0.00000000E+00  0.00000000E+00  0.00000000E+00  0.00000000E+00  0.00000000E+00  0.00000000E+00  0.00000000E+00  0.00000000E+00  0.00000000E+00  0.00000000E+00  0.00000000E+00  0.00000000E+00  0.00000000E+00  0.00000000E+00  0.00000000E+00  0.00000000E+00  0.00000000E+00  0.00000000E+00  0.00000000E+00  0.00000000E+00  0.00000000E+00  0.00000000E+00  0.00000000E+00  0.00000000E+00  0.00000000E+00  0.00000000E+00  0.00000000E+00  0.00000000E+00  0.00000000E+00  0.00000000E+00  0.00000000E+00  0.00000000E+00  0.00000000E+00  0.00000000E+00  0.00000000E+00  0.00000000E+00  0.00000000E+00  0.00000000E+00  0.00000000E+00  0.00000000E+00  0.00000000E+00  0.00000000E+00  0.00000000E+00  0.00000000E+00
  2.64800724E-01  2.65298094E-01  2.64613143E-01  2.64022069E-01  2.62874097E-01  2.61788785E-01  2.60524188E-01  2.58991457E-01  2.57050698E-01  2.55231607E-01  2.52936269E-01  2.50463972E-01  2.47680502E-01  2.44674644E-01  2.41840551E-01  2.38455204E-01  2.35147423E-01  2.31470859E-01  2.27556040E-01  2.23647442E-01  2.19520718E-01  2.15263530E-01  2.10977445E-01  2.06313747E-01  2.01553167E-01  1.96666159E-01  1.91661531E-01  1.86713378E-01  1.81618532E-01  1.76193594E-01  1.71067545E-01  1.65678643E-01  1.60217049E-01  1.54809127E-01  1.49261334E-01  1.43716949E-01  1.38243570E-01  1.32606451E-01  1.27130680E-01  1.21676109E-01  1.16195153E-01  1.10830367E-01  1.05422793E-01  1.00154752E-01  9.49742646E-02  8.98935210E-02  8.48073817E-02  7.99053382E-02  7.51420291E-02  7.04548024E-02  6.59221535E-02  6.14994377E-02  5.72867141E-02  5.31632905E-02  4.92083432E-02  4.54818309E-02  4.18218064E-02  3.83759031E-02  3.51278844E-02  3.20194948E-02  2.91106816E-02  2.63600847E-02  2.37579689E-02  2.13396563E-02  1.91097431E-02  1.70152935E-02  1.50995781E-02  1.33242428E-02  1.17015243E-02  1.02364878E-02  8.89659425E-03  7.68548376E-03  6.60898133E-03  5.64157337E-03  4.76902380E-03  4.02098140E-03  3.36246071E-03  2.78493552E-03  2.28782291E-03  1.86882553E-03  1.50570218E-03  1.19761082E-03  9.49957553E-04  7.44655850E-04  5.68520435E-04  4.38821402E-04  3.28777124E-04  2.43312934E-04  1.79421719E-04  1.26983701E-04  9.08175634E-05  6.28002372E-05  4.33591129E-05  3.01488628E-05  1.99384411E-05  1.32199862E-05  8.82291768E-06  5.28558482E-06  3.33171721E-06  2.12647138E-06  1.25231427E-06  7.06632921E-07  3.85682881E-07  2.30094263E-07  1.29833558E-07  5.79809501E-08  2.81113152E-08  1.63934136E-08  6.64743688E-09  1.42919607E-09  6.15766159E-11  0.00000000E+00  0.00000000E+00  0.00000000E+00  0.00000000E+00  0.00000000E+00  0.00000000E+00  0.00000000E+00  0.00000000E+00  0.00000000E+00  0.00000000E+00  0.00000000E+00  0.00000000E+00  0.00000000E+00  0.00000000E+00  0.00000000E+00  0.00000000E+00  0.00000000E+00  0.00000000E+00  0.00000000E+00  0.00000000E+00  0.00000000E+00  0.00000000E+00  0.00000000E+00  0.00000000E+00  0.00000000E+00  0.00000000E+00  0.00000000E+00  0.00000000E+00  0.00000000E+00  0.00000000E+00  0.00000000E+00  0.00000000E+00  0.00000000E+00  0.00000000E+00  0.00000000E+00  0.00000000E+00  0.00000000E+00  0.00000000E+00  0.00000000E+00  0.00000000E+00  0.00000000E+00  0.00000000E+00  0.00000000E+00  0.00000000E+00  0.00000000E+00  0.00000000E+00  0.00000000E+00  0.00000000E+00  0.00000000E+00  0.00000000E+00  0.00000000E+00  0.00000000E+00  0.00000000E+00  0.00000000E+00  0.00000000E+00  0.00000000E+00  0.00000000E+00  0.00000000E+00  0.00000000E+00  0.00000000E+00  0.00000000E+00  0.00000000E+00  0.00000000E+00  0.00000000E+00  0.00000000E+00  0.00000000E+00  0.00000000E+00  0.00000000E+00  0.00000000E+00  0.00000000E+00  0.00000000E+00  0.00000000E+00  0.00000000E+00  0.00000000E+00  0.00000000E+00  0.00000000E+00  0.00000000E+00  0.00000000E+00  0.00000000E+00  0.00000000E+00  0.00000000E+00  0.00000000E+00  0.00000000E+00  0.00000000E+00  0.00000000E+00  0.00000000E+00  0.00000000E+00  0.00000000E+00  0.00000000E+00
  2.64044102E-01  2.64394212E-01  2.64145690E-01  2.62996337E-01  2.62337941E-01  2.61112573E-01  2.59833963E-01  2.58167166E-01  2.56421440E-01  2.54435093E-01  2.52028911E-01  2.49584127E-01  2.46981013E-01  2.43789593E-01  2.40887598E-01  2.37710201E-01  2.34339703E-01  2.30501402E-01  2.26769616E-01  2.22648628E-01  2.18481243E-01  2.14309123E-01  2.09820772E-01  2.05141945E-01  2.00466104E-01  1.95676057E-01  1.90761818E-01  1.85883170E-01  1.80563422E-01  1.75368854E-01  1.70071713E-01  1.64669583E-01  1.59224089E-01  1.53792122E-01  1.48266255E-01  1.42893886E-01  1.37332787E-01  1.31813546E-01  1.26206977E-01  1.20787437E-01  1.15325521E-01  1.09904329E-01  1.04652056E-01  9.93954182E-02  9.41784180E-02  8.90702458E-02  8.41127649E-02  7.91835071E-02  7.43891867E-02  6.98264876E-02  6.53057379E-02  6.09352344E-02  5.67384804E-02  5.26505150E-02  4.87160735E-02  4.49767795E-02  4.13648008E-02  3.79733659E-02  3.47095124E-02  3.16430208E-02  2.87799544E-02  2.60240091E-02  2.34582661E-02  2.10823165E-02  1.88581758E-02  1.68027911E-02  1.48979627E-02  1.31530547E-02  1.15588037E-02  1.00914054E-02  8.76784731E-03  7.57801744E-03  6.50950015E-03  5.54859367E-03  4.70799762E-03  3.97076391E-03  3.31626847E-03  2.74455987E-03  2.25912651E-03  1.83827712E-03  1.47492648E-03  1.19006859E-03  9.27704885E-04  7.26851499E-04  5.63800406E-04  4.27016582E-04  3.23591860E-04  2.40032830E-04  1.74624476E-04  1.25671892E-04  8.95947428E-05  6.17195717E-05  4.34752537E-05  2.91750782E-05  1.92491842E-05  1.28526613E-05  8.33100712E-06  5.81701565E-06  3.48112300E-06  2.03621414E-06  1.28790455E-06  8.04477949E-07  4.31071923E-07  1.68298605E-07  9.26261323E-08  3.40117564E-08  3.01257162E-08  1.48280911E-08  4.75126990E-09  0.00000000E+00  6.26128888E-09  0.00000000E+00  0.00000000E+00  0.00000000E+00  0.00000000E+00  0.00000000E+00  0.00000000E+00  0.00000000E+00  0.00000000E+00  0.00000000E+00  0.00000000E+00  0.00000000E+00  0.00000000E+00  0.00000000E+00  0.00000000E+00  0.00000000E+00  0.00000000E+00  0.00000000E+00  0.00000000E+00  0.00000000E+00  0.00000000E+00  0.00000000E+00  0.00000000E+00  0.00000000E+00  0.00000000E+00  0.00000000E+00  0.00000000E+00  0.00000000E+00  0.00000000E+00  0.00000000E+00  0.00000000E+00  0.00000000E+00  0.00000000E+00  0.00000000E+00  0.00000000E+00  0.00000000E+00  0.00000000E+00  0.00000000E+00  0.00000000E+00  0.00000000E+00  0.00000000E+00  0.00000000E+00  0.00000000E+00  0.00000000E+00  0.00000000E+00  0.00000000E+00  0.00000000E+00  0.00000000E+00  0.00000000E+00  0.00000000E+00  0.00000000E+00  0.00000000E+00  0.00000000E+00  0.00000000E+00  0.00000000E+00  0.00000000E+00  0.00000000E+00  0.00000000E+00  0.00000000E+00  0.00000000E+00  0.00000000E+00  0.00000000E+00  0.00000000E+00  0.00000000E+00  0.00000000E+00  0.00000000E+00  0.00000000E+00  0.00000000E+00  0.00000000E+00  0.00000000E+00  0.00000000E+00  0.00000000E+00  0.00000000E+00  0.00000000E+00  0.00000000E+00  0.00000000E+00  0.00000000E+00  0.00000000E+00  0.00000000E+00  0.00000000E+00  0.00000000E+00  0.00000000E+00  0.00000000E+00  0.00000000E+00  0.00000000E+00  0.00000000E+00  0.00000000E+00  0.00000000E+00  0.00000000E+00  0.00000000E+00
  2.63290802E-01  2.63195201E-01  2.63190632E-01  2.62337271E-01  2.61563001E-01  2.60395417E-01  2.58960537E-01  2.57335045E-01  2.55780380E-01  2.53467555E-01  2.51461728E-01  2.48749009E-01  2.46193648E-01  2.43254816E-01  2.40235697E-01  2.37014920E-01  2.33563206E-01  2.29993334E-01  2.26022385E-01  2.22196658E-01  2.17935685E-01  2.13675480E-01  2.09300396E-01  2.04710216E-01  2.00035195E-01  1.95055818E-01  1.90279227E-01  1.85207929E-01  1.80079076E-01  1.74792233E-01  1.69650537E-01  1.64143459E-01  1.58781161E-01  1.53342532E-01  1.47811801E-01  1.42319321E-01  1.36881098E-01  1.31388909E-01  1.25917134E-01  1.20335301E-01  1.14933885E-01  1.09602287E-01  1.04266996E-01  9.89897625E-02  9.39570737E-02  8.87895510E-02  8.37863385E-02  7.89416677E-02  7.41618608E-02  6.95570715E-02  6.50720958E-02  6.07361864E-02  5.64912173E-02  5.24372576E-02  4.85549685E-02  4.47965392E-02  4.12306354E-02  3.78453485E-02  3.46178139E-02  3.15521430E-02  2.86409817E-02  2.59259673E-02  2.33774649E-02  2.10062341E-02  1.87920653E-02  1.67645377E-02  1.48364044E-02  1.31147577E-02  1.15086275E-02  1.00707030E-02  8.75472086E-03  7.55492123E-03  6.49989250E-03  5.54083935E-03  4.70342226E-03  3.94878547E-03  3.31193180E-03  2.74061655E-03  2.25243818E-03  1.83231895E-03  1.47643965E-03  1.17661625E-03  9.34015712E-04  7.30795732E-04  5.58569969E-04  4.27093139E-04  3.22082518E-04  2.35125687E-04  1.73671804E-04  1.27796038E-04  8.88997609E-05  6.21344129E-05  4.28035144E-05  3.00864029E-05  1.94739758E-05  1.28933536E-05  8.59108225E-06  5.32471575E-06  3.35908772E-06  2.11471563E-06  1.10160278E-06  7.49133452E-07  3.60411458E-07  2.02216151E-07  1.40560659E-07  6.54624188E-08  4.96719723E-08  5.68535516E-10  2.69130100E-09  2.54268929E-09  0.00000000E+00  0.00000000E+00  0.00000000E+00  0.00000000E+00  0.00000000E+00  0.00000000E+00  0.00000000E+00  0.00000000E+00  0.00000000E+00  0.00000000E+00  0.00000000E+00  0.00000000E+00  0.00000000E+00  0.00000000E+00  0.00000000E+00  0.00000000E+00  0.00000000E+00  0.00000000E+00  0.00000000E+00  0.00000000E+00  0.00000000E+00  0.00000000E+00  0.00000000E+00  0.00000000E+00  0.00000000E+00  0.00000000E+00  0.00000000E+00  0.00000000E+00  0.00000000E+00  0.00000000E+00  0.00000000E+00  0.00000000E+00  0.00000000E+00  0.00000000E+00  0.00000000E+00  0.00000000E+00  0.00000000E+00  0.00000000E+00  0.00000000E+00  0.00000000E+00  0.00000000E+00  0.00000000E+00  0.00000000E+00  0.00000000E+00  0.00000000E+00  0.00000000E+00  0.00000000E+00  0.00000000E+00  0.00000000E+00  0.00000000E+00  0.00000000E+00  0.00000000E+00  0.00000000E+00  0.00000000E+00  0.00000000E+00  0.00000000E+00  0.00000000E+00  0.00000000E+00  0.00000000E+00  0.00000000E+00  0.00000000E+00  0.00000000E+00  0.00000000E+00  0.00000000E+00  0.00000000E+00  0.00000000E+00  0.00000000E+00  0.00000000E+00  0.00000000E+00  0.00000000E+00  0.00000000E+00  0.00000000E+00  0.00000000E+00  0.00000000E+00  0.00000000E+00  0.00000000E+00  0.00000000E+00  0.00000000E+00  0.00000000E+00  0.00000000E+00  0.00000000E+00  0.00000000E+00  0.00000000E+00  0.00000000E+00  0.00000000E+00  0.00000000E+00  0.00000000E+00  0.00000000E+00  0.00000000E+00  0.00000000E+00
  2.62912358E-01  2.61908610E-01  2.61302307E-01  2.60858253E-01  2.59681671E-01  2.58700466E-01  2.57488401E-01  2.55780830E-01  2.54007441E-01  2.51838927E-01  2.49630184E-01  2.47055791E-01  2.44595253E-01  2.41316161E-01  2.38459355E-01  2.35339948E-01  2.31636516E-01  2.28036702E-01  2.24377330E-01  2.20359706E-01  2.16111901E-01  2.11833952E-01  2.07518082E-01  2.02897237E-01  1.98236702E-01  1.93317714E-01  1.88468633E-01  1.83404402E-01  1.78261255E-01  1.73022856E-01  1.67734737E-01  1.62369740E-01  1.56937388E-01  1.51549549E-01  1.46208896E-01  1.40702497E-01  1.35167202E-01  1.29693884E-01  1.24208039E-01  1.18834141E-01  1.13427316E-01  1.08125914E-01  1.02810355E-01  9.75918612E-02  9.24866796E-02  8.74565863E-02  8.25379665E-02  7.76772626E-02  7.30106113E-02  6.84942389E-02  6.39872247E-02  5.96984314E-02  5.55035859E-02  5.15214550E-02  4.76741864E-02  4.40027647E-02  4.04925411E-02  3.71240671E-02  3.39610933E-02  3.09209032E-02  2.81123956E-02  2.54120186E-02  2.29273892E-02  2.05899130E-02  1.83866857E-02  1.63824648E-02  1.45373235E-02  1.28148495E-02  1.12562370E-02  9.83456098E-03  8.54471976E-03  7.36715596E-03  6.34220382E-03  5.39896039E-03  4.58650171E-03  3.85267540E-03  3.21338955E-03  2.67852009E-03  2.18939112E-03  1.78412437E-03  1.44220899E-03  1.14812175E-03  9.05535083E-04  7.11553178E-04  5.45483038E-04  4.15566646E-04  3.13106961E-04  2.31055653E-04  1.68158133E-04  1.22159095E-04  8.61481350E-05  6.03416559E-05  4.23468721E-05  2.77114109E-05  1.89117912E-05  1.24332453E-05  8.12969260E-06  5.45602882E-06  3.21640273E-06  1.80613169E-06  1.11313430E-06  6.80679686E-07  3.30430706E-07  2.23820394E-07  1.06195273E-07  4.18824662E-08  1.44670495E-08  1.14912333E-08  8.57027084E-09  6.94236784E-09  0.00000000E+00  0.00000000E+00  0.00000000E+00  0.00000000E+00  0.00000000E+00  0.00000000E+00  0.00000000E+00  0.00000000E+00  0.00000000E+00  0.00000000E+00  0.00000000E+00  0.00000000E+00  0.00000000E+00  0.00000000E+00  0.00000000E+00  0.00000000E+00  0.00000000E+00  0.00000000E+00  0.00000000E+00  0.00000000E+00  0.00000000E+00  0.00000000E+00  0.00000000E+00  0.00000000E+00  0.00000000E+00  0.00000000E+00  0.00000000E+00  0.00000000E+00  0.00000000E+00  0.00000000E+00  0.00000000E+00  0.00000000E+00  0.00000000E+00  0.00000000E+00  0.00000000E+00  0.00000000E+00  0.00000000E+00  0.00000000E+00  0.00000000E+00  0.00000000E+00  0.00000000E+00  0.00000000E+00  0.00000000E+00  0.00000000E+00  0.00000000E+00  0.00000000E+00  0.00000000E+00  0.00000000E+00  0.00000000E+00  0.00000000E+00  0.00000000E+00  0.00000000E+00  0.00000000E+00  0.00000000E+00  0.00000000E+00  0.00000000E+00  0.00000000E+00  0.00000000E+00  0.00000000E+00  0.00000000E+00  0.00000000E+00  0.00000000E+00  0.00000000E+00  0.00000000E+00  0.00000000E+00  0.00000000E+00  0.00000000E+00  0.00000000E+00  0.00000000E+00  0.00000000E+00  0.00000000E+00  0.00000000E+00  0.00000000E+00  0.00000000E+00  0.00000000E+00  0.00000000E+00  0.00000000E+00  0.00000000E+00  0.00000000E+00  0.00000000E+00  0.00000000E+00  0.00000000E+00  0.00000000E+00  0.00000000E+00  0.00000000E+00  0.00000000E+00  0.00000000E+00  0.00000000E+00  0.00000000E+00  0.00000000E+00
  2.62287358E-01  2.61922831E-01  2.61785711E-01  2.61186183E-01  2.60022814E-01  2.59052028E-01  2.57447824E-01  2.56243080E-01  2.54224220E-01  2.52083310E-01  2.49832665E-01  2.47575292E-01  2.44809532E-01  2.41853009E-01  2.38861703E-01  2.35614053E-01  2.32173953E-01  2.28503282E-01  2.24642512E-01  2.20879995E-01  2.16626037E-01  2.12324339E-01  2.07844064E-01  2.03140611E-01  1.98646350E-01  1.93766639E-01  1.88815601E-01  1.83853276E-01  1.78681512E-01  1.73512281E-01  1.68175868E-01  1.62868867E-01  1.57449158E-01  1.52022926E-01  1.46674328E-01  1.41134918E-01  1.35601312E-01  1.30243346E-01  1.24694824E-01  1.19230310E-01  1.13898280E-01  1.08487816E-01  1.03260036E-01  9.80193306E-02  9.28761886E-02  8.78700814E-02  8.29154862E-02  7.80991794E-02  7.33613952E-02  6.87679346E-02  6.43267687E-02  6.00267249E-02  5.58188690E-02  5.18413944E-02  4.79595342E-02  4.42429171E-02  4.07495934E-02  3.73573826E-02  3.41533929E-02  3.11227802E-02  2.82769006E-02  2.55766287E-02  2.30642995E-02  2.07283342E-02  1.85192761E-02  1.64908272E-02  1.46463265E-02  1.29196431E-02  1.13261283E-02  9.90094192E-03  8.60749381E-03  7.42564835E-03  6.37887715E-03  5.44489220E-03  4.61857521E-03  3.87363530E-03  3.23507494E-03  2.68819852E-03  2.20657714E-03  1.79774493E-03  1.44247840E-03  1.15719269E-03  9.13373667E-04  7.12132464E-04  5.49561138E-04  4.20064051E-04  3.12143674E-04  2.33319449E-04  1.69587890E-04  1.22694948E-04  8.72242827E-05  6.05599589E-05  4.10811824E-05  2.84526645E-05  1.90796126E-05  1.27884731E-05  8.37534313E-06  5.11759370E-06  3.22516049E-06  1.90848400E-06  1.26992448E-06  7.64532295E-07  3.80498052E-07  1.86731864E-07  1.18753444E-07  4.48936485E-08  2.55314714E-08  5.70540662E-10  2.57517457E-09  1.86706610E-10  0.00000000E+00  0.00000000E+00  0.00000000E+00  0.00000000E+00  0.00000000E+00  0.00000000E+00  0.00000000E+00  0.00000000E+00  0.00000000E+00  0.00000000E+00  0.00000000E+00  0.00000000E+00  0.00000000E+00  0.00000000E+00  0.00000000E+00  0.00000000E+00  0.00000000E+00  0.00000000E+00  0.00000000E+00  0.00000000E+00  0.00000000E+00  0.00000000E+00  0.00000000E+00  0.00000000E+00  0.00000000E+00  0.00000000E+00  0.00000000E+00  0.00000000E+00  0.00000000E+00  0.00000000E+00  0.00000000E+00  0.00000000E+00  0.00000000E+00  0.00000000E+00  0.00000000E+00  0.00000000E+00  0.00000000E+00  0.00000000E+00  0.00000000E+00  0.00000000E+00  0.00000000E+00  0.00000000E+00  0.00000000E+00  0.00000000E+00  0.00000000E+00  0.00000000E+00  0.00000000E+00  0.00000000E+00  0.00000000E+00  0.00000000E+00  0.00000000E+00  0.00000000E+00  0.00000000E+00  0.00000000E+00  0.00000000E+00  0.00000000E+00  0.00000000E+00  0.00000000E+00  0.00000000E+00  0.00000000E+00  0.00000000E+00  0.00000000E+00  0.00000000E+00  0.00000000E+00  0.00000000E+00  0.00000000E+00  0.00000000E+00  0.00000000E+00  0.00000000E+00  0.00000000E+00  0.00000000E+00  0.00000000E+00  0.00000000E+00  0.00000000E+00  0.00000000E+00  0.00000000E+00  0.00000000E+00  0.00000000E+00  0.00000000E+00  0.00000000E+00  0.00000000E+00  0.00000000E+00  0.00000000E+00  0.00000000E+00  0.00000000E+00  0.00000000E+00  0.00000000E+00  0.00000000E+00  0.00000000E+00  0.00000000E+00
  2.62673083E-01  2.62974927E-01  2.62758075E-01  2.61794076E-01  2.60954186E-01  2.59876358E-01  2.58201002E-01  2.56760775E-01  2.54985794E-01  2.52894867E-01  2.50861638E-01  2.48199908E-01  2.45646019E-01  2.42640729E-01  2.39585630E-01  2.36360438E-01  2.32973268E-01  2.29186315E-01  2.25439718E-01  2.21594833E-01  2.17388011E-01  2.13086720E-01  2.08577983E-01  2.04013431E-01  1.99259389E-01  1.94489728E-01  1.89503292E-01  1.84453568E-01  1.79311192E-01  1.74155334E-01  1.68881222E-01  1.63490569E-01  1.58053253E-01  1.52652196E-01  1.47190536E-01  1.41703996E-01  1.36276132E-01  1.30752411E-01  1.25187086E-01  1.19813490E-01  1.14404958E-01  1.08982899E-01  1.03754493E-01  9.85508330E-02  9.33735870E-02  8.83548226E-02  8.33369007E-02  7.84917506E-02  7.37938473E-02  6.91920885E-02  6.46733118E-02  6.03210326E-02  5.61815661E-02  5.20942893E-02  4.82281066E-02  4.45443817E-02  4.09743961E-02  3.75976204E-02  3.44002175E-02  3.13154445E-02  2.84802937E-02  2.58093870E-02  2.32283341E-02  2.08709202E-02  1.86746341E-02  1.66362629E-02  1.47390192E-02  1.30066213E-02  1.14209443E-02  9.97862610E-03  8.66682883E-03  7.50530429E-03  6.44230714E-03  5.48532988E-03  4.65798505E-03  3.91528824E-03  3.26933081E-03  2.71375504E-03  2.22962349E-03  1.80905779E-03  1.46300359E-03  1.16531935E-03  9.18352013E-04  7.20412058E-04  5.52185309E-04  4.22920779E-04  3.17293605E-04  2.35914509E-04  1.73209858E-04  1.24510423E-04  8.73033236E-05  6.18431232E-05  4.24061172E-05  2.83766653E-05  1.97032555E-05  1.23556949E-05  8.31803473E-06  5.60039379E-06  3.41988072E-06  2.07585673E-06  1.29770768E-06  6.52337972E-07  4.36925459E-07  2.01361854E-07  9.25388591E-08  6.98775122E-08  1.53042656E-08  9.95990940E-09  7.54250675E-10  0.00000000E+00  5.55449310E-10  0.00000000E+00  0.00000000E+00  0.00000000E+00  0.00000000E+00  0.00000000E+00  0.00000000E+00  0.00000000E+00  0.00000000E+00  0.00000000E+00  0.00000000E+00  0.00000000E+00  0.00000000E+00  0.00000000E+00  0.00000000E+00  0.00000000E+00  0.00000000E+00  0.00000000E+00  0.00000000E+00  0.00000000E+00  0.00000000E+00  0.00000000E+00  0.00000000E+00  0.00000000E+00  0.00000000E+00  0.00000000E+00  0.00000000E+00  0.00000000E+00  0.00000000E+00  0.00000000E+00  0.00000000E+00  0.00000000E+00  0.00000000E+00  0.00000000E+00  0.00000000E+00  0.00000000E+00  0.00000000E+00  0.00000000E+00  0.00000000E+00  0.00000000E+00  0.00000000E+00  0.00000000E+00  0.00000000E+00  0.00000000E+00  0.00000000E+00  0.00000000E+00  0.00000000E+00  0.00000000E+00  0.00000000E+00  0.00000000E+00  0.00000000E+00  0.00000000E+00  0.00000000E+00  0.00000000E+00  0.00000000E+00  0.00000000E+00  0.00000000E+00  0.00000000E+00  0.00000000E+00  0.00000000E+00  0.00000000E+00  0.00000000E+00  0.00000000E+00  0.00000000E+00  0.00000000E+00  0.00000000E+00  0.00000000E+00  0.00000000E+00  0.00000000E+00  0.00000000E+00  0.00000000E+00  0.00000000E+00  0.00000000E+00  0.00000000E+00  0.00000000E+00  0.00000000E+00  0.00000000E+00  0.00000000E+00  0.00000000E+00  0.00000000E+00  0.00000000E+00  0.00000000E+00  0.00000000E+00  0.00000000E+00  0.00000000E+00  0.00000000E+00  0.00000000E+00  0.00000000E+00  0.00000000E+00  0.00000000E+00
