# PIMCID: 2837db30-7e69-4934-be99-7ae85e7a13b3
#      0.000E+00       1.450E-02       2.900E-02       4.350E-02       5.800E-02       7.250E-02       8.700E-02       1.015E-01       1.160E-01       1.305E-01       1.450E-01       1.595E-01       1.740E-01       1.885E-01       2.030E-01       2.175E-01       2.320E-01       2.465E-01       2.610E-01       2.755E-01       2.900E-01       3.045E-01       3.190E-01       3.335E-01       3.480E-01       3.625E-01       3.770E-01       3.915E-01       4.060E-01       4.205E-01       4.350E-01       4.495E-01       4.640E-01       4.785E-01       4.930E-01       5.075E-01       5.220E-01       5.365E-01       5.510E-01       5.655E-01       5.800E-01       5.945E-01       6.090E-01       6.235E-01       6.380E-01       6.525E-01       6.670E-01       6.815E-01       6.960E-01       7.105E-01       7.250E-01       7.395E-01       7.540E-01       7.685E-01       7.830E-01       7.975E-01       8.120E-01       8.265E-01       8.410E-01       8.555E-01       8.700E-01       8.845E-01       8.990E-01       9.135E-01       9.280E-01       9.425E-01       9.570E-01       9.715E-01       9.860E-01       1.000E+00       1.015E+00       1.029E+00       1.044E+00       1.058E+00       1.073E+00       1.087E+00       1.102E+00       1.116E+00       1.131E+00       1.145E+00       1.160E+00       1.174E+00       1.189E+00       1.204E+00       1.218E+00       1.232E+00       1.247E+00       1.261E+00       1.276E+00       1.290E+00       1.305E+00       1.319E+00       1.334E+00       1.348E+00       1.363E+00       1.377E+00       1.392E+00       1.406E+00       1.421E+00       1.435E+00       1.450E+00       1.464E+00       1.479E+00       1.493E+00       1.508E+00       1.522E+00       1.537E+00       1.551E+00       1.566E+00       1.580E+00       1.595E+00       1.609E+00       1.624E+00       1.638E+00       1.653E+00       1.667E+00       1.682E+00       1.696E+00       1.711E+00       1.725E+00       1.740E+00       1.754E+00       1.769E+00       1.783E+00       1.798E+00       1.812E+00       1.827E+00       1.841E+00       1.856E+00       1.870E+00       1.885E+00       1.899E+00       1.914E+00       1.928E+00       1.943E+00       1.957E+00       1.972E+00       1.986E+00       2.001E+00       2.015E+00       2.030E+00       2.044E+00       2.059E+00       2.073E+00       2.088E+00       2.103E+00       2.117E+00       2.131E+00       2.146E+00       2.160E+00       2.175E+00       2.189E+00       2.204E+00       2.218E+00       2.233E+00       2.248E+00       2.262E+00       2.276E+00       2.291E+00       2.305E+00       2.320E+00       2.334E+00       2.349E+00       2.363E+00       2.378E+00       2.392E+00       2.407E+00       2.421E+00       2.436E+00       2.450E+00       2.465E+00       2.479E+00       2.494E+00       2.508E+00       2.523E+00       2.537E+00       2.552E+00       2.567E+00       2.581E+00       2.595E+00       2.610E+00       2.624E+00       2.639E+00       2.653E+00       2.668E+00       2.682E+00       2.697E+00       2.712E+00       2.726E+00       2.740E+00       2.755E+00       2.769E+00       2.784E+00       2.798E+00       2.813E+00       2.827E+00       2.842E+00       2.856E+00       2.871E+00       2.885E+00
  2.61435262E-01  2.61361299E-01  2.61155473E-01  2.60258375E-01  2.59566066E-01  2.58651221E-01  2.57090837E-01  2.55546714E-01  2.53865165E-01  2.51680511E-01  2.49542228E-01  2.46872291E-01  2.44461013E-01  2.41513697E-01  2.38400175E-01  2.35123925E-01  2.31691685E-01  2.28011541E-01  2.24386166E-01  2.20261661E-01  2.15948326E-01  2.11800024E-01  2.07271957E-01  2.02865221E-01  1.98135145E-01  1.93391841E-01  1.88342483E-01  1.83317138E-01  1.78197144E-01  1.73127359E-01  1.67745832E-01  1.62426470E-01  1.56892073E-01  1.51548302E-01  1.46088407E-01  1.40691595E-01  1.35189035E-01  1.29716666E-01  1.24240228E-01  1.18854707E-01  1.13472364E-01  1.08106615E-01  1.02885040E-01  9.76829082E-02  9.24707503E-02  8.75246304E-02  8.25647772E-02  7.77597162E-02  7.30384108E-02  6.84735723E-02  6.40430676E-02  5.96973586E-02  5.55432988E-02  5.15543429E-02  4.77216490E-02  4.40224519E-02  4.04664707E-02  3.71521028E-02  3.39383824E-02  3.09508154E-02  2.80931087E-02  2.54225760E-02  2.29177379E-02  2.05963112E-02  1.84137621E-02  1.63865015E-02  1.45379639E-02  1.28433784E-02  1.12550580E-02  9.84512286E-03  8.55336380E-03  7.39266211E-03  6.34361768E-03  5.41036801E-03  4.57815264E-03  3.86549604E-03  3.21946578E-03  2.66807088E-03  2.19433787E-03  1.78789747E-03  1.43999505E-03  1.14651607E-03  9.08039591E-04  7.11385929E-04  5.46446066E-04  4.17655382E-04  3.10891043E-04  2.31915702E-04  1.70455357E-04  1.20789315E-04  8.77106842E-05  6.03435564E-05  4.13539862E-05  2.81339354E-05  1.86818488E-05  1.24470585E-05  8.33009671E-06  5.00587954E-06  3.07788671E-06  2.19575706E-06  1.21342119E-06  7.58953179E-07  3.40108877E-07  1.99320620E-07  1.15288901E-07  6.87649866E-08  1.29687654E-08  9.15461938E-09  1.93428856E-09  5.43906761E-10  0.00000000E+00  0.00000000E+00  0.00000000E+00  0.00000000E+00  0.00000000E+00  0.00000000E+00  0.00000000E+00  0.00000000E+00  0.00000000E+00  0.00000000E+00  0.00000000E+00  0.00000000E+00  0.00000000E+00  0.00000000E+00  0.00000000E+00  0.00000000E+00  0.00000000E+00  0.00000000E+00  0.00000000E+00  0.00000000E+00  0.00000000E+00  0.00000000E+00  0.00000000E+00  0.00000000E+00  0.00000000E+00  0.00000000E+00  0.00000000E+00  0.00000000E+00  0.00000000E+00  0.00000000E+00  0.00000000E+00  0.00000000E+00  0.00000000E+00  0.00000000E+00  0.00000000E+00  0.00000000E+00  0.00000000E+00  0.00000000E+00  0.00000000E+00  0.00000000E+00  0.00000000E+00  0.00000000E+00  0.00000000E+00  0.00000000E+00  0.00000000E+00  0.00000000E+00  0.00000000E+00  0.00000000E+00  0.00000000E+00  0.00000000E+00  0.00000000E+00  0.00000000E+00  0.00000000E+00  0.00000000E+00  0.00000000E+00  0.00000000E+00  0.00000000E+00  0.00000000E+00  0.00000000E+00  0.00000000E+00  0.00000000E+00  0.00000000E+00  0.00000000E+00  0.00000000E+00  0.00000000E+00  0.00000000E+00  0.00000000E+00  0.00000000E+00  0.00000000E+00  0.00000000E+00  0.00000000E+00  0.00000000E+00  0.00000000E+00  0.00000000E+00  0.00000000E+00  0.00000000E+00  0.00000000E+00  0.00000000E+00  0.00000000E+00  0.00000000E+00  0.00000000E+00  0.00000000E+00  0.00000000E+00  0.00000000E+00  0.00000000E+00  0.00000000E+00  0.00000000E+00  0.00000000E+00  0.00000000E+00  0.00000000E+00
  2.62648778E-01  2.62397397E-01  2.61554495E-01  2.60678779E-01  2.59926278E-01  2.58839156E-01  2.57301132E-01  2.55914720E-01  2.54084710E-01  2.51689711E-01  2.49564206E-01  2.47264598E-01  2.44324891E-01  2.41609591E-01  2.38387532E-01  2.35185178E-01  2.31755281E-01  2.28086466E-01  2.24164165E-01  2.20304762E-01  2.16180492E-01  2.11908675E-01  2.07391048E-01  2.02907678E-01  1.98218497E-01  1.93304733E-01  1.88364203E-01  1.83389373E-01  1.78299064E-01  1.73020384E-01  1.67693226E-01  1.62454361E-01  1.56865805E-01  1.51586693E-01  1.46217570E-01  1.40739663E-01  1.35210223E-01  1.29665518E-01  1.24169202E-01  1.18893989E-01  1.13375203E-01  1.08128014E-01  1.02779402E-01  9.76333214E-02  9.25202808E-02  8.74520367E-02  8.25405466E-02  7.76665736E-02  7.29747710E-02  6.83836635E-02  6.39914920E-02  5.96568511E-02  5.55316945E-02  5.15232926E-02  4.76982382E-02  4.39954580E-02  4.05010620E-02  3.71504694E-02  3.39480559E-02  3.09463230E-02  2.81071311E-02  2.54276230E-02  2.29458753E-02  2.05914085E-02  1.84026520E-02  1.64236010E-02  1.45342099E-02  1.28234228E-02  1.12684069E-02  9.83582254E-03  8.53530576E-03  7.36973596E-03  6.33929441E-03  5.40300199E-03  4.58709040E-03  3.85286760E-03  3.21616815E-03  2.66648185E-03  2.19338773E-03  1.78567052E-03  1.43598881E-03  1.14992748E-03  9.04308420E-04  7.09226469E-04  5.46193925E-04  4.14729055E-04  3.10727698E-04  2.31723666E-04  1.68678080E-04  1.21114423E-04  8.62573653E-05  6.18296795E-05  4.13888459E-05  2.84482151E-05  1.91952197E-05  1.25731193E-05  8.33240992E-06  5.25593247E-06  3.30704497E-06  1.90801468E-06  1.10051974E-06  7.42236165E-07  3.58637548E-07  2.26620511E-07  8.81814153E-08  5.05429655E-08  1.91893219E-08  7.90574986E-09  6.26106926E-09  2.90726252E-09  0.00000000E+00  0.00000000E+00  0.00000000E+00  0.00000000E+00  0.00000000E+00  0.00000000E+00  0.00000000E+00  0.00000000E+00  0.00000000E+00  0.00000000E+00  0.00000000E+00  0.00000000E+00  0.00000000E+00  0.00000000E+00  0.00000000E+00  0.00000000E+00  0.00000000E+00  0.00000000E+00  0.00000000E+00  0.00000000E+00  0.00000000E+00  0.00000000E+00  0.00000000E+00  0.00000000E+00  0.00000000E+00  0.00000000E+00  0.00000000E+00  0.00000000E+00  0.00000000E+00  0.00000000E+00  0.00000000E+00  0.00000000E+00  0.00000000E+00  0.00000000E+00  0.00000000E+00  0.00000000E+00  0.00000000E+00  0.00000000E+00  0.00000000E+00  0.00000000E+00  0.00000000E+00  0.00000000E+00  0.00000000E+00  0.00000000E+00  0.00000000E+00  0.00000000E+00  0.00000000E+00  0.00000000E+00  0.00000000E+00  0.00000000E+00  0.00000000E+00  0.00000000E+00  0.00000000E+00  0.00000000E+00  0.00000000E+00  0.00000000E+00  0.00000000E+00  0.00000000E+00  0.00000000E+00  0.00000000E+00  0.00000000E+00  0.00000000E+00  0.00000000E+00  0.00000000E+00  0.00000000E+00  0.00000000E+00  0.00000000E+00  0.00000000E+00  0.00000000E+00  0.00000000E+00  0.00000000E+00  0.00000000E+00  0.00000000E+00  0.00000000E+00  0.00000000E+00  0.00000000E+00  0.00000000E+00  0.00000000E+00  0.00000000E+00  0.00000000E+00  0.00000000E+00  0.00000000E+00  0.00000000E+00  0.00000000E+00  0.00000000E+00  0.00000000E+00  0.00000000E+00  0.00000000E+00  0.00000000E+00  0.00000000E+00
  2.62709232E-01  2.62160561E-01  2.61089572E-01  2.60819046E-01  2.59714704E-01  2.58735473E-01  2.57129750E-01  2.55376856E-01  2.53965873E-01  2.51823577E-01  2.49567651E-01  2.46905709E-01  2.44418209E-01  2.41526739E-01  2.38277493E-01  2.35152288E-01  2.31729526E-01  2.27900073E-01  2.24161167E-01  2.20256708E-01  2.16208603E-01  2.11685202E-01  2.07470327E-01  2.02836662E-01  1.98018594E-01  1.93207070E-01  1.88300504E-01  1.83296101E-01  1.78148405E-01  1.72888269E-01  1.67706689E-01  1.62311116E-01  1.57082822E-01  1.51462554E-01  1.46051632E-01  1.40669874E-01  1.35191468E-01  1.29717956E-01  1.24257902E-01  1.18790780E-01  1.13433658E-01  1.08121989E-01  1.02872834E-01  9.76371910E-02  9.25345234E-02  8.75304148E-02  8.26076857E-02  7.77561353E-02  7.30624695E-02  6.84871334E-02  6.39813059E-02  5.97272269E-02  5.55730725E-02  5.15564981E-02  4.77018530E-02  4.40436158E-02  4.05017703E-02  3.72210525E-02  3.40023207E-02  3.09617407E-02  2.81189836E-02  2.54561420E-02  2.29061911E-02  2.05732773E-02  1.84225589E-02  1.64137561E-02  1.45438478E-02  1.28246432E-02  1.12532613E-02  9.85079882E-03  8.53624933E-03  7.39373521E-03  6.33963541E-03  5.41113332E-03  4.57754251E-03  3.85873339E-03  3.22494206E-03  2.67494845E-03  2.19040717E-03  1.79220433E-03  1.44468776E-03  1.14996849E-03  9.08292913E-04  7.10571539E-04  5.47089845E-04  4.16029744E-04  3.11977509E-04  2.32370550E-04  1.69121225E-04  1.22251688E-04  8.75575941E-05  6.07493444E-05  4.19167828E-05  2.85599583E-05  1.87951923E-05  1.22256158E-05  8.20485161E-06  5.41466032E-06  3.33481685E-06  2.02766590E-06  1.23658464E-06  7.65958223E-07  4.28385169E-07  2.50239920E-07  8.89589937E-08  4.61226849E-08  2.04275050E-08  6.05282286E-09  2.16414795E-09  6.45898807E-10  1.56173071E-09  0.00000000E+00  0.00000000E+00  0.00000000E+00  0.00000000E+00  0.00000000E+00  0.00000000E+00  0.00000000E+00  0.00000000E+00  0.00000000E+00  0.00000000E+00  0.00000000E+00  0.00000000E+00  0.00000000E+00  0.00000000E+00  0.00000000E+00  0.00000000E+00  0.00000000E+00  0.00000000E+00  0.00000000E+00  0.00000000E+00  0.00000000E+00  0.00000000E+00  0.00000000E+00  0.00000000E+00  0.00000000E+00  0.00000000E+00  0.00000000E+00  0.00000000E+00  0.00000000E+00  0.00000000E+00  0.00000000E+00  0.00000000E+00  0.00000000E+00  0.00000000E+00  0.00000000E+00  0.00000000E+00  0.00000000E+00  0.00000000E+00  0.00000000E+00  0.00000000E+00  0.00000000E+00  0.00000000E+00  0.00000000E+00  0.00000000E+00  0.00000000E+00  0.00000000E+00  0.00000000E+00  0.00000000E+00  0.00000000E+00  0.00000000E+00  0.00000000E+00  0.00000000E+00  0.00000000E+00  0.00000000E+00  0.00000000E+00  0.00000000E+00  0.00000000E+00  0.00000000E+00  0.00000000E+00  0.00000000E+00  0.00000000E+00  0.00000000E+00  0.00000000E+00  0.00000000E+00  0.00000000E+00  0.00000000E+00  0.00000000E+00  0.00000000E+00  0.00000000E+00  0.00000000E+00  0.00000000E+00  0.00000000E+00  0.00000000E+00  0.00000000E+00  0.00000000E+00  0.00000000E+00  0.00000000E+00  0.00000000E+00  0.00000000E+00  0.00000000E+00  0.00000000E+00  0.00000000E+00  0.00000000E+00  0.00000000E+00  0.00000000E+00  0.00000000E+00  0.00000000E+00  0.00000000E+00  0.00000000E+00
  2.61483223E-01  2.61432697E-01  2.61744081E-01  2.60620981E-01  2.59919929E-01  2.58652017E-01  2.57209446E-01  2.55758654E-01  2.53784434E-01  2.51821495E-01  2.49560330E-01  2.47036315E-01  2.44490156E-01  2.41692107E-01  2.38586947E-01  2.35074763E-01  2.31805975E-01  2.28141404E-01  2.24282894E-01  2.20357871E-01  2.16106324E-01  2.11905511E-01  2.07520055E-01  2.02868703E-01  1.98097865E-01  1.93268635E-01  1.88377831E-01  1.83264549E-01  1.78352127E-01  1.73092096E-01  1.67658641E-01  1.62365652E-01  1.57001893E-01  1.51589447E-01  1.46200782E-01  1.40709030E-01  1.35164439E-01  1.29649875E-01  1.24224848E-01  1.18815278E-01  1.13341368E-01  1.08098709E-01  1.02835764E-01  9.76533286E-02  9.24833231E-02  8.74158239E-02  8.25212236E-02  7.77500665E-02  7.29721061E-02  6.84216981E-02  6.40066876E-02  5.97119075E-02  5.55159841E-02  5.15379018E-02  4.76923902E-02  4.40330053E-02  4.04814638E-02  3.71528751E-02  3.39428129E-02  3.09407971E-02  2.80900448E-02  2.54487927E-02  2.29422070E-02  2.05765231E-02  1.84140475E-02  1.64102591E-02  1.45241704E-02  1.28166641E-02  1.12666052E-02  9.82590186E-03  8.54214251E-03  7.37394345E-03  6.34394017E-03  5.40915086E-03  4.58104484E-03  3.85105148E-03  3.22351957E-03  2.67283685E-03  2.19182045E-03  1.78651686E-03  1.44327505E-03  1.14958876E-03  9.11775246E-04  7.03356637E-04  5.45579923E-04  4.16558782E-04  3.14439690E-04  2.32539756E-04  1.70689119E-04  1.22343831E-04  8.68640480E-05  6.02941334E-05  4.16289884E-05  2.84911428E-05  1.89791659E-05  1.28056513E-05  7.91108962E-06  5.20632204E-06  3.28546702E-06  2.06052857E-06  1.14603163E-06  6.38418775E-07  4.09492857E-07  1.61268975E-07  1.35013040E-07  3.69455656E-08  1.89898702E-08  1.52873859E-08  5.50070404E-09  6.19958592E-10  0.00000000E+00  0.00000000E+00  0.00000000E+00  0.00000000E+00  0.00000000E+00  0.00000000E+00  0.00000000E+00  0.00000000E+00  0.00000000E+00  0.00000000E+00  0.00000000E+00  0.00000000E+00  0.00000000E+00  0.00000000E+00  0.00000000E+00  0.00000000E+00  0.00000000E+00  0.00000000E+00  0.00000000E+00  0.00000000E+00  0.00000000E+00  0.00000000E+00  0.00000000E+00  0.00000000E+00  0.00000000E+00  0.00000000E+00  0.00000000E+00  0.00000000E+00  0.00000000E+00  0.00000000E+00  0.00000000E+00  0.00000000E+00  0.00000000E+00  0.00000000E+00  0.00000000E+00  0.00000000E+00  0.00000000E+00  0.00000000E+00  0.00000000E+00  0.00000000E+00  0.00000000E+00  0.00000000E+00  0.00000000E+00  0.00000000E+00  0.00000000E+00  0.00000000E+00  0.00000000E+00  0.00000000E+00  0.00000000E+00  0.00000000E+00  0.00000000E+00  0.00000000E+00  0.00000000E+00  0.00000000E+00  0.00000000E+00  0.00000000E+00  0.00000000E+00  0.00000000E+00  0.00000000E+00  0.00000000E+00  0.00000000E+00  0.00000000E+00  0.00000000E+00  0.00000000E+00  0.00000000E+00  0.00000000E+00  0.00000000E+00  0.00000000E+00  0.00000000E+00  0.00000000E+00  0.00000000E+00  0.00000000E+00  0.00000000E+00  0.00000000E+00  0.00000000E+00  0.00000000E+00  0.00000000E+00  0.00000000E+00  0.00000000E+00  0.00000000E+00  0.00000000E+00  0.00000000E+00  0.00000000E+00  0.00000000E+00  0.00000000E+00  0.00000000E+00  0.00000000E+00  0.00000000E+00  0.00000000E+00  0.00000000E+00
  2.62456139E-01  2.62264313E-01  2.61409799E-01  2.60342059E-01  2.59763001E-01  2.58654425E-01  2.57701618E-01  2.55857289E-01  2.54129926E-01  2.52097649E-01  2.49511745E-01  2.47236531E-01  2.44486688E-01  2.41723360E-01  2.38620172E-01  2.35001688E-01  2.31794084E-01  2.28093430E-01  2.24403120E-01  2.20226531E-01  2.16188440E-01  2.11910346E-01  2.07583480E-01  2.02884492E-01  1.98246893E-01  1.93429145E-01  1.88399214E-01  1.83263810E-01  1.78233643E-01  1.72970983E-01  1.67708839E-01  1.62371339E-01  1.56924128E-01  1.51622037E-01  1.46121609E-01  1.40674863E-01  1.35153860E-01  1.29760470E-01  1.24230313E-01  1.18784654E-01  1.13492752E-01  1.08117882E-01  1.02869187E-01  9.75736886E-02  9.25120444E-02  8.74857790E-02  8.25588956E-02  7.77236749E-02  7.29818000E-02  6.84370820E-02  6.39252219E-02  5.97311439E-02  5.55462333E-02  5.14628405E-02  4.76537691E-02  4.39687376E-02  4.04870530E-02  3.71404538E-02  3.39633648E-02  3.09467063E-02  2.80812114E-02  2.54093219E-02  2.29078399E-02  2.05571813E-02  1.84077233E-02  1.63690360E-02  1.45142490E-02  1.28165701E-02  1.12557931E-02  9.82035717E-03  8.53191987E-03  7.38029426E-03  6.33550056E-03  5.41872402E-03  4.57578997E-03  3.85622708E-03  3.21625951E-03  2.66348862E-03  2.18979859E-03  1.78984998E-03  1.43822063E-03  1.14464347E-03  9.06363768E-04  7.08438086E-04  5.48200054E-04  4.16870438E-04  3.14578376E-04  2.30945753E-04  1.68448494E-04  1.20001220E-04  8.60223552E-05  5.98987111E-05  4.12805458E-05  2.81209365E-05  1.83055026E-05  1.28292509E-05  8.27516129E-06  5.48686994E-06  3.24129644E-06  2.03755800E-06  1.10489091E-06  6.23938355E-07  3.52951600E-07  1.98343430E-07  1.22015445E-07  3.82800104E-08  1.96095210E-08  1.40715260E-08  3.82360015E-09  2.24228084E-09  8.17283203E-10  5.56842901E-10  0.00000000E+00  0.00000000E+00  0.00000000E+00  0.00000000E+00  0.00000000E+00  0.00000000E+00  0.00000000E+00  0.00000000E+00  0.00000000E+00  0.00000000E+00  0.00000000E+00  0.00000000E+00  0.00000000E+00  0.00000000E+00  0.00000000E+00  0.00000000E+00  0.00000000E+00  0.00000000E+00  0.00000000E+00  0.00000000E+00  0.00000000E+00  0.00000000E+00  0.00000000E+00  0.00000000E+00  0.00000000E+00  0.00000000E+00  0.00000000E+00  0.00000000E+00  0.00000000E+00  0.00000000E+00  0.00000000E+00  0.00000000E+00  0.00000000E+00  0.00000000E+00  0.00000000E+00  0.00000000E+00  0.00000000E+00  0.00000000E+00  0.00000000E+00  0.00000000E+00  0.00000000E+00  0.00000000E+00  0.00000000E+00  0.00000000E+00  0.00000000E+00  0.00000000E+00  0.00000000E+00  0.00000000E+00  0.00000000E+00  0.00000000E+00  0.00000000E+00  0.00000000E+00  0.00000000E+00  0.00000000E+00  0.00000000E+00  0.00000000E+00  0.00000000E+00  0.00000000E+00  0.00000000E+00  0.00000000E+00  0.00000000E+00  0.00000000E+00  0.00000000E+00  0.00000000E+00  0.00000000E+00  0.00000000E+00  0.00000000E+00  0.00000000E+00  0.00000000E+00  0.00000000E+00  0.00000000E+00  0.00000000E+00  0.00000000E+00  0.00000000E+00  0.00000000E+00  0.00000000E+00  0.00000000E+00  0.00000000E+00  0.00000000E+00  0.00000000E+00  0.00000000E+00  0.00000000E+00  0.00000000E+00  0.00000000E+00  0.00000000E+00  0.00000000E+00  0.00000000E+00  0.00000000E+00
  2.63126311E-01  2.61968775E-01  2.61534918E-01  2.60731562E-01  2.59738627E-01  2.58622562E-01  2.57420119E-01  2.55609690E-01  2.53865516E-01  2.51886691E-01  2.49590341E-01  2.47346784E-01  2.44391954E-01  2.41438269E-01  2.38523955E-01  2.35268642E-01  2.31927506E-01  2.28188908E-01  2.24322775E-01  2.20369499E-01  2.16183267E-01  2.11940972E-01  2.07463428E-01  2.02856292E-01  1.98257094E-01  1.93233315E-01  1.88438759E-01  1.83387359E-01  1.78181035E-01  1.73078893E-01  1.67593928E-01  1.62536945E-01  1.56949299E-01  1.51582730E-01  1.46055148E-01  1.40628300E-01  1.35191095E-01  1.29622768E-01  1.24263014E-01  1.18813989E-01  1.13440068E-01  1.08077429E-01  1.02799975E-01  9.75621233E-02  9.24766596E-02  8.75183928E-02  8.25986315E-02  7.76682589E-02  7.29356243E-02  6.84077499E-02  6.39996610E-02  5.97173294E-02  5.55548793E-02  5.15156115E-02  4.76622179E-02  4.39369757E-02  4.04395609E-02  3.71138113E-02  3.39581818E-02  3.09508919E-02  2.81450593E-02  2.54301724E-02  2.29139260E-02  2.05918532E-02  1.83960872E-02  1.63986875E-02  1.45547634E-02  1.28333975E-02  1.12613046E-02  9.84903251E-03  8.53937024E-03  7.38858981E-03  6.34743335E-03  5.40428915E-03  4.58492034E-03  3.85354714E-03  3.21856071E-03  2.68005428E-03  2.19165759E-03  1.78083289E-03  1.44133987E-03  1.14407970E-03  9.08409114E-04  7.12774646E-04  5.47083038E-04  4.16186885E-04  3.12498396E-04  2.35427255E-04  1.69196953E-04  1.21675875E-04  8.59412658E-05  5.85250476E-05  4.19037646E-05  2.77519151E-05  1.87400592E-05  1.26574758E-05  8.03271948E-06  5.05195392E-06  3.46307660E-06  1.93154523E-06  1.11884613E-06  6.75386993E-07  4.19443659E-07  2.17381524E-07  8.08597708E-08  6.96661842E-08  2.67922855E-08  6.60288085E-09  7.66277011E-09  0.00000000E+00  0.00000000E+00  0.00000000E+00  0.00000000E+00  0.00000000E+00  0.00000000E+00  0.00000000E+00  0.00000000E+00  0.00000000E+00  0.00000000E+00  0.00000000E+00  0.00000000E+00  0.00000000E+00  0.00000000E+00  0.00000000E+00  0.00000000E+00  0.00000000E+00  0.00000000E+00  0.00000000E+00  0.00000000E+00  0.00000000E+00  0.00000000E+00  0.00000000E+00  0.00000000E+00  0.00000000E+00  0.00000000E+00  0.00000000E+00  0.00000000E+00  0.00000000E+00  0.00000000E+00  0.00000000E+00  0.00000000E+00  0.00000000E+00  0.00000000E+00  0.00000000E+00  0.00000000E+00  0.00000000E+00  0.00000000E+00  0.00000000E+00  0.00000000E+00  0.00000000E+00  0.00000000E+00  0.00000000E+00  0.00000000E+00  0.00000000E+00  0.00000000E+00  0.00000000E+00  0.00000000E+00  0.00000000E+00  0.00000000E+00  0.00000000E+00  0.00000000E+00  0.00000000E+00  0.00000000E+00  0.00000000E+00  0.00000000E+00  0.00000000E+00  0.00000000E+00  0.00000000E+00  0.00000000E+00  0.00000000E+00  0.00000000E+00  0.00000000E+00  0.00000000E+00  0.00000000E+00  0.00000000E+00  0.00000000E+00  0.00000000E+00  0.00000000E+00  0.00000000E+00  0.00000000E+00  0.00000000E+00  0.00000000E+00  0.00000000E+00  0.00000000E+00  0.00000000E+00  0.00000000E+00  0.00000000E+00  0.00000000E+00  0.00000000E+00  0.00000000E+00  0.00000000E+00  0.00000000E+00  0.00000000E+00  0.00000000E+00  0.00000000E+00  0.00000000E+00  0.00000000E+00  0.00000000E+00  0.00000000E+00  0.00000000E+00
  2.62641282E-01  2.62595607E-01  2.61653431E-01  2.60984421E-01  2.60037658E-01  2.58651982E-01  2.57406554E-01  2.55918002E-01  2.53869901E-01  2.51786632E-01  2.49792730E-01  2.47257778E-01  2.44479175E-01  2.41511214E-01  2.38385719E-01  2.35284435E-01  2.31965627E-01  2.28160433E-01  2.24311959E-01  2.20299970E-01  2.16115080E-01  2.11815654E-01  2.07496449E-01  2.02956643E-01  1.98190021E-01  1.93441265E-01  1.88431702E-01  1.83390832E-01  1.78344835E-01  1.73091624E-01  1.67752418E-01  1.62329402E-01  1.57088130E-01  1.51578778E-01  1.46040389E-01  1.40694595E-01  1.35132404E-01  1.29585651E-01  1.24174955E-01  1.18749912E-01  1.13478774E-01  1.08100869E-01  1.02819495E-01  9.76625584E-02  9.24897084E-02  8.74563719E-02  8.25317601E-02  7.77201659E-02  7.29885747E-02  6.84390567E-02  6.39968566E-02  5.96900845E-02  5.55663517E-02  5.15667340E-02  4.76634941E-02  4.39819128E-02  4.04785496E-02  3.70843895E-02  3.39426290E-02  3.09172321E-02  2.80705260E-02  2.54120769E-02  2.28870867E-02  2.05619547E-02  1.83993754E-02  1.63810765E-02  1.45108700E-02  1.28143463E-02  1.12565343E-02  9.83541059E-03  8.54211116E-03  7.38206275E-03  6.34953495E-03  5.40074305E-03  4.57369101E-03  3.84806919E-03  3.22285160E-03  2.66588957E-03  2.19070881E-03  1.77861710E-03  1.44307693E-03  1.15037178E-03  9.07728711E-04  7.08118693E-04  5.46330443E-04  4.17986153E-04  3.11468918E-04  2.32137805E-04  1.69026054E-04  1.20809845E-04  8.56116098E-05  5.99472147E-05  4.16547360E-05  2.83820081E-05  1.87872537E-05  1.27315621E-05  8.14353692E-06  5.24600474E-06  3.11401571E-06  1.84136047E-06  1.11694237E-06  7.19423464E-07  4.12803532E-07  2.48828461E-07  9.94865658E-08  5.09271853E-08  1.69052132E-08  8.16264701E-09  1.18039621E-08  2.77492123E-09  0.00000000E+00  0.00000000E+00  0.00000000E+00  0.00000000E+00  0.00000000E+00  0.00000000E+00  0.00000000E+00  0.00000000E+00  0.00000000E+00  0.00000000E+00  0.00000000E+00  0.00000000E+00  0.00000000E+00  0.00000000E+00  0.00000000E+00  0.00000000E+00  0.00000000E+00  0.00000000E+00  0.00000000E+00  0.00000000E+00  0.00000000E+00  0.00000000E+00  0.00000000E+00  0.00000000E+00  0.00000000E+00  0.00000000E+00  0.00000000E+00  0.00000000E+00  0.00000000E+00  0.00000000E+00  0.00000000E+00  0.00000000E+00  0.00000000E+00  0.00000000E+00  0.00000000E+00  0.00000000E+00  0.00000000E+00  0.00000000E+00  0.00000000E+00  0.00000000E+00  0.00000000E+00  0.00000000E+00  0.00000000E+00  0.00000000E+00  0.00000000E+00  0.00000000E+00  0.00000000E+00  0.00000000E+00  0.00000000E+00  0.00000000E+00  0.00000000E+00  0.00000000E+00  0.00000000E+00  0.00000000E+00  0.00000000E+00  0.00000000E+00  0.00000000E+00  0.00000000E+00  0.00000000E+00  0.00000000E+00  0.00000000E+00  0.00000000E+00  0.00000000E+00  0.00000000E+00  0.00000000E+00  0.00000000E+00  0.00000000E+00  0.00000000E+00  0.00000000E+00  0.00000000E+00  0.00000000E+00  0.00000000E+00  0.00000000E+00  0.00000000E+00  0.00000000E+00  0.00000000E+00  0.00000000E+00  0.00000000E+00  0.00000000E+00  0.00000000E+00  0.00000000E+00  0.00000000E+00  0.00000000E+00  0.00000000E+00  0.00000000E+00  0.00000000E+00  0.00000000E+00  0.00000000E+00  0.00000000E+00  0.00000000E+00
  2.62103929E-01  2.61969592E-01  2.61488201E-01  2.60801821E-01  2.60036365E-01  2.58607863E-01  2.57259569E-01  2.56011379E-01  2.53977168E-01  2.52125016E-01  2.49745430E-01  2.47250423E-01  2.44619908E-01  2.41565691E-01  2.38539605E-01  2.35275974E-01  2.31765043E-01  2.28288792E-01  2.24297142E-01  2.20260996E-01  2.16271718E-01  2.11983364E-01  2.07551829E-01  2.02804622E-01  1.98156938E-01  1.93241607E-01  1.88576810E-01  1.83409777E-01  1.78179091E-01  1.72996946E-01  1.67744718E-01  1.62458022E-01  1.57059687E-01  1.51614165E-01  1.46195794E-01  1.40647519E-01  1.35134083E-01  1.29714059E-01  1.24207724E-01  1.18768349E-01  1.13408420E-01  1.08097960E-01  1.02829747E-01  9.75653023E-02  9.25415534E-02  8.74657332E-02  8.25482582E-02  7.76868867E-02  7.29720115E-02  6.84067955E-02  6.39771452E-02  5.97110041E-02  5.54869943E-02  5.14831445E-02  4.76573188E-02  4.39521197E-02  4.04681345E-02  3.70829398E-02  3.39467479E-02  3.09332265E-02  2.80784952E-02  2.53861866E-02  2.28844853E-02  2.05619713E-02  1.84047838E-02  1.63979918E-02  1.45247176E-02  1.28015579E-02  1.12675409E-02  9.85166456E-03  8.53481288E-03  7.38430930E-03  6.34655176E-03  5.41264036E-03  4.57734990E-03  3.86022048E-03  3.22548679E-03  2.66991471E-03  2.19096040E-03  1.78984686E-03  1.44022947E-03  1.14771917E-03  9.03118458E-04  7.05085384E-04  5.44167894E-04  4.17444948E-04  3.13117576E-04  2.29246222E-04  1.70075106E-04  1.22230070E-04  8.77016303E-05  6.01280908E-05  4.08638164E-05  2.75660000E-05  1.87415251E-05  1.25464967E-05  8.04350355E-06  5.34573287E-06  3.25616223E-06  1.93695661E-06  1.30924602E-06  7.37330721E-07  4.07933285E-07  2.13868399E-07  9.00290167E-08  4.54879164E-08  1.04068356E-08  6.56572105E-09  3.86654903E-09  4.40074645E-10  0.00000000E+00  0.00000000E+00  0.00000000E+00  0.00000000E+00  0.00000000E+00  0.00000000E+00  0.00000000E+00  0.00000000E+00  0.00000000E+00  0.00000000E+00  0.00000000E+00  0.00000000E+00  0.00000000E+00  0.00000000E+00  0.00000000E+00  0.00000000E+00  0.00000000E+00  0.00000000E+00  0.00000000E+00  0.00000000E+00  0.00000000E+00  0.00000000E+00  0.00000000E+00  0.00000000E+00  0.00000000E+00  0.00000000E+00  0.00000000E+00  0.00000000E+00  0.00000000E+00  0.00000000E+00  0.00000000E+00  0.00000000E+00  0.00000000E+00  0.00000000E+00  0.00000000E+00  0.00000000E+00  0.00000000E+00  0.00000000E+00  0.00000000E+00  0.00000000E+00  0.00000000E+00  0.00000000E+00  0.00000000E+00  0.00000000E+00  0.00000000E+00  0.00000000E+00  0.00000000E+00  0.00000000E+00  0.00000000E+00  0.00000000E+00  0.00000000E+00  0.00000000E+00  0.00000000E+00  0.00000000E+00  0.00000000E+00  0.00000000E+00  0.00000000E+00  0.00000000E+00  0.00000000E+00  0.00000000E+00  0.00000000E+00  0.00000000E+00  0.00000000E+00  0.00000000E+00  0.00000000E+00  0.00000000E+00  0.00000000E+00  0.00000000E+00  0.00000000E+00  0.00000000E+00  0.00000000E+00  0.00000000E+00  0.00000000E+00  0.00000000E+00  0.00000000E+00  0.00000000E+00  0.00000000E+00  0.00000000E+00  0.00000000E+00  0.00000000E+00  0.00000000E+00  0.00000000E+00  0.00000000E+00  0.00000000E+00  0.00000000E+00  0.00000000E+00  0.00000000E+00  0.00000000E+00  0.00000000E+00  0.00000000E+00
  2.62582336E-01  2.62442514E-01  2.61675639E-01  2.60885825E-01  2.60063875E-01  2.59039558E-01  2.57511657E-01  2.55432369E-01  2.54015915E-01  2.52049888E-01  2.49555016E-01  2.47199888E-01  2.44433430E-01  2.41642474E-01  2.38489159E-01  2.35202967E-01  2.31862193E-01  2.28120491E-01  2.24286293E-01  2.20385318E-01  2.16250529E-01  2.11891691E-01  2.07399957E-01  2.02807643E-01  1.98150272E-01  1.93281910E-01  1.88413866E-01  1.83260045E-01  1.78285886E-01  1.73037231E-01  1.67682290E-01  1.62370729E-01  1.57118114E-01  1.51558437E-01  1.46052967E-01  1.40632336E-01  1.35260163E-01  1.29775991E-01  1.24240193E-01  1.18914429E-01  1.13420446E-01  1.08041251E-01  1.02867957E-01  9.76593353E-02  9.25123880E-02  8.73949476E-02  8.24682630E-02  7.76816410E-02  7.30102531E-02  6.83741421E-02  6.39983661E-02  5.96675003E-02  5.55686077E-02  5.15283023E-02  4.76759826E-02  4.40002311E-02  4.04711030E-02  3.71177732E-02  3.39153451E-02  3.09486122E-02  2.81158721E-02  2.54206999E-02  2.29116671E-02  2.05852311E-02  1.84041452E-02  1.63807623E-02  1.45296652E-02  1.28347629E-02  1.12523838E-02  9.82104323E-03  8.54564747E-03  7.37519088E-03  6.34116020E-03  5.39857047E-03  4.57348840E-03  3.85757955E-03  3.22402740E-03  2.66755402E-03  2.18928853E-03  1.78345022E-03  1.43925021E-03  1.14810541E-03  9.00658138E-04  7.07601299E-04  5.47715446E-04  4.15930754E-04  3.10068454E-04  2.29096439E-04  1.68575717E-04  1.21922366E-04  8.66790758E-05  5.99997568E-05  4.16745004E-05  2.90517122E-05  1.89928582E-05  1.27796017E-05  8.16549222E-06  5.30884839E-06  3.26269420E-06  1.99950309E-06  1.19270372E-06  6.48718294E-07  4.00578426E-07  2.24023720E-07  8.44768582E-08  5.00720099E-08  1.40887263E-08  4.59133827E-09  1.92358635E-09  6.87712390E-09  0.00000000E+00  0.00000000E+00  0.00000000E+00  0.00000000E+00  0.00000000E+00  0.00000000E+00  0.00000000E+00  0.00000000E+00  0.00000000E+00  0.00000000E+00  0.00000000E+00  0.00000000E+00  0.00000000E+00  0.00000000E+00  0.00000000E+00  0.00000000E+00  0.00000000E+00  0.00000000E+00  0.00000000E+00  0.00000000E+00  0.00000000E+00  0.00000000E+00  0.00000000E+00  0.00000000E+00  0.00000000E+00  0.00000000E+00  0.00000000E+00  0.00000000E+00  0.00000000E+00  0.00000000E+00  0.00000000E+00  0.00000000E+00  0.00000000E+00  0.00000000E+00  0.00000000E+00  0.00000000E+00  0.00000000E+00  0.00000000E+00  0.00000000E+00  0.00000000E+00  0.00000000E+00  0.00000000E+00  0.00000000E+00  0.00000000E+00  0.00000000E+00  0.00000000E+00  0.00000000E+00  0.00000000E+00  0.00000000E+00  0.00000000E+00  0.00000000E+00  0.00000000E+00  0.00000000E+00  0.00000000E+00  0.00000000E+00  0.00000000E+00  0.00000000E+00  0.00000000E+00  0.00000000E+00  0.00000000E+00  0.00000000E+00  0.00000000E+00  0.00000000E+00  0.00000000E+00  0.00000000E+00  0.00000000E+00  0.00000000E+00  0.00000000E+00  0.00000000E+00  0.00000000E+00  0.00000000E+00  0.00000000E+00  0.00000000E+00  0.00000000E+00  0.00000000E+00  0.00000000E+00  0.00000000E+00  0.00000000E+00  0.00000000E+00  0.00000000E+00  0.00000000E+00  0.00000000E+00  0.00000000E+00  0.00000000E+00  0.00000000E+00  0.00000000E+00  0.00000000E+00  0.00000000E+00  0.00000000E+00  0.00000000E+00
  2.62587157E-01  2.62045774E-01  2.61212233E-01  2.60568508E-01  2.59596513E-01  2.58804863E-01  2.57401081E-01  2.55705696E-01  2.53857779E-01  2.51796669E-01  2.49625080E-01  2.47065608E-01  2.44359989E-01  2.41650912E-01  2.38461048E-01  2.35357060E-01  2.31731901E-01  2.28004854E-01  2.24174966E-01  2.20244844E-01  2.16202189E-01  2.11915386E-01  2.07396594E-01  2.02872317E-01  1.98201376E-01  1.93340338E-01  1.88421087E-01  1.83397091E-01  1.78199824E-01  1.73049396E-01  1.67791147E-01  1.62483398E-01  1.57125073E-01  1.51587053E-01  1.46122239E-01  1.40737397E-01  1.35235782E-01  1.29746730E-01  1.24306038E-01  1.18777480E-01  1.13418408E-01  1.08120426E-01  1.02759805E-01  9.76637830E-02  9.24861573E-02  8.74007060E-02  8.25556261E-02  7.76942656E-02  7.29798471E-02  6.84275344E-02  6.40125968E-02  5.96946553E-02  5.55211254E-02  5.15104404E-02  4.76843695E-02  4.40130212E-02  4.04764220E-02  3.71627624E-02  3.39512577E-02  3.09316068E-02  2.80719938E-02  2.54262680E-02  2.29223290E-02  2.05663433E-02  1.84031702E-02  1.63951187E-02  1.45193118E-02  1.28035393E-02  1.12676556E-02  9.82155303E-03  8.55266164E-03  7.36464622E-03  6.33731401E-03  5.39728193E-03  4.57581740E-03  3.86068880E-03  3.21309020E-03  2.66581922E-03  2.18773061E-03  1.78417079E-03  1.43820723E-03  1.14732323E-03  9.00701749E-04  7.08052549E-04  5.46108880E-04  4.15534603E-04  3.14459229E-04  2.31741751E-04  1.67691935E-04  1.21018535E-04  8.47137377E-05  6.02326534E-05  4.12184763E-05  2.83647740E-05  1.84629683E-05  1.21643188E-05  8.05122863E-06  5.19253068E-06  3.12344402E-06  2.20925423E-06  1.26641810E-06  6.85675954E-07  3.97023061E-07  2.08791598E-07  7.79709138E-08  5.96876300E-08  3.17261378E-08  2.90011821E-09  1.50658775E-08  4.25789704E-09  0.00000000E+00  0.00000000E+00  0.00000000E+00  0.00000000E+00  0.00000000E+00  0.00000000E+00  0.00000000E+00  0.00000000E+00  0.00000000E+00  0.00000000E+00  0.00000000E+00  0.00000000E+00  0.00000000E+00  0.00000000E+00  0.00000000E+00  0.00000000E+00  0.00000000E+00  0.00000000E+00  0.00000000E+00  0.00000000E+00  0.00000000E+00  0.00000000E+00  0.00000000E+00  0.00000000E+00  0.00000000E+00  0.00000000E+00  0.00000000E+00  0.00000000E+00  0.00000000E+00  0.00000000E+00  0.00000000E+00  0.00000000E+00  0.00000000E+00  0.00000000E+00  0.00000000E+00  0.00000000E+00  0.00000000E+00  0.00000000E+00  0.00000000E+00  0.00000000E+00  0.00000000E+00  0.00000000E+00  0.00000000E+00  0.00000000E+00  0.00000000E+00  0.00000000E+00  0.00000000E+00  0.00000000E+00  0.00000000E+00  0.00000000E+00  0.00000000E+00  0.00000000E+00  0.00000000E+00  0.00000000E+00  0.00000000E+00  0.00000000E+00  0.00000000E+00  0.00000000E+00  0.00000000E+00  0.00000000E+00  0.00000000E+00  0.00000000E+00  0.00000000E+00  0.00000000E+00  0.00000000E+00  0.00000000E+00  0.00000000E+00  0.00000000E+00  0.00000000E+00  0.00000000E+00  0.00000000E+00  0.00000000E+00  0.00000000E+00  0.00000000E+00  0.00000000E+00  0.00000000E+00  0.00000000E+00  0.00000000E+00  0.00000000E+00  0.00000000E+00  0.00000000E+00  0.00000000E+00  0.00000000E+00  0.00000000E+00  0.00000000E+00  0.00000000E+00  0.00000000E+00  0.00000000E+00  0.00000000E+00  0.00000000E+00
  2.61258384E-01  2.61911818E-01  2.61365918E-01  2.60744979E-01  2.60077394E-01  2.58569171E-01  2.57289969E-01  2.55455691E-01  2.53878877E-01  2.51802715E-01  2.49501980E-01  2.47070358E-01  2.44558406E-01  2.41455667E-01  2.38340296E-01  2.35036059E-01  2.31728440E-01  2.28043876E-01  2.24316799E-01  2.20077562E-01  2.16242801E-01  2.11913667E-01  2.07410955E-01  2.02868905E-01  1.98113723E-01  1.93314175E-01  1.88432935E-01  1.83298594E-01  1.78224047E-01  1.73093684E-01  1.67774212E-01  1.62282908E-01  1.57029020E-01  1.51550868E-01  1.46232511E-01  1.40659875E-01  1.35073572E-01  1.29764142E-01  1.24344489E-01  1.18860241E-01  1.13481146E-01  1.08124780E-01  1.02822986E-01  9.76649897E-02  9.25394108E-02  8.75096225E-02  8.25448009E-02  7.77084624E-02  7.30063525E-02  6.84574428E-02  6.39404226E-02  5.96810948E-02  5.55559460E-02  5.15281802E-02  4.77184751E-02  4.39985461E-02  4.04881100E-02  3.71467820E-02  3.39452064E-02  3.09490805E-02  2.80927341E-02  2.54239374E-02  2.29220424E-02  2.05970941E-02  1.83884399E-02  1.63791612E-02  1.45268190E-02  1.28130758E-02  1.12579723E-02  9.83283424E-03  8.53011812E-03  7.39112489E-03  6.33145077E-03  5.41522656E-03  4.59185970E-03  3.84745310E-03  3.21958277E-03  2.67273413E-03  2.18817457E-03  1.78917925E-03  1.44022384E-03  1.14749066E-03  9.07984756E-04  7.07742081E-04  5.44969267E-04  4.14225296E-04  3.14190384E-04  2.33582057E-04  1.69569503E-04  1.21644935E-04  8.83947003E-05  6.05258992E-05  4.16693359E-05  2.84859208E-05  1.95543518E-05  1.24440029E-05  8.37291504E-06  5.25321723E-06  3.39951520E-06  1.93145059E-06  1.27339965E-06  6.78468177E-07  4.08782874E-07  2.40442140E-07  7.95333509E-08  3.92427137E-08  1.87486104E-08  9.33957188E-09  3.53504223E-09  8.49934104E-10  2.29702470E-10  0.00000000E+00  0.00000000E+00  0.00000000E+00  0.00000000E+00  0.00000000E+00  0.00000000E+00  0.00000000E+00  0.00000000E+00  0.00000000E+00  0.00000000E+00  0.00000000E+00  0.00000000E+00  0.00000000E+00  0.00000000E+00  0.00000000E+00  0.00000000E+00  0.00000000E+00  0.00000000E+00  0.00000000E+00  0.00000000E+00  0.00000000E+00  0.00000000E+00  0.00000000E+00  0.00000000E+00  0.00000000E+00  0.00000000E+00  0.00000000E+00  0.00000000E+00  0.00000000E+00  0.00000000E+00  0.00000000E+00  0.00000000E+00  0.00000000E+00  0.00000000E+00  0.00000000E+00  0.00000000E+00  0.00000000E+00  0.00000000E+00  0.00000000E+00  0.00000000E+00  0.00000000E+00  0.00000000E+00  0.00000000E+00  0.00000000E+00  0.00000000E+00  0.00000000E+00  0.00000000E+00  0.00000000E+00  0.00000000E+00  0.00000000E+00  0.00000000E+00  0.00000000E+00  0.00000000E+00  0.00000000E+00  0.00000000E+00  0.00000000E+00  0.00000000E+00  0.00000000E+00  0.00000000E+00  0.00000000E+00  0.00000000E+00  0.00000000E+00  0.00000000E+00  0.00000000E+00  0.00000000E+00  0.00000000E+00  0.00000000E+00  0.00000000E+00  0.00000000E+00  0.00000000E+00  0.00000000E+00  0.00000000E+00  0.00000000E+00  0.00000000E+00  0.00000000E+00  0.00000000E+00  0.00000000E+00  0.00000000E+00  0.00000000E+00  0.00000000E+00  0.00000000E+00  0.00000000E+00  0.00000000E+00  0.00000000E+00  0.00000000E+00  0.00000000E+00  0.00000000E+00  0.00000000E+00  0.00000000E+00
  2.61904613E-01  2.61923302E-01  2.61768500E-01  2.60550229E-01  2.59662525E-01  2.58638305E-01  2.57407152E-01  2.55545434E-01  2.53875655E-01  2.51803561E-01  2.49626970E-01  2.47301397E-01  2.44361347E-01  2.41748137E-01  2.38485454E-01  2.35324698E-01  2.31853498E-01  2.28343549E-01  2.24231840E-01  2.20407046E-01  2.16171232E-01  2.11827711E-01  2.07416089E-01  2.02772312E-01  1.98099729E-01  1.93378418E-01  1.88376019E-01  1.83376116E-01  1.78258972E-01  1.73015621E-01  1.67729985E-01  1.62528429E-01  1.57055712E-01  1.51631940E-01  1.46102967E-01  1.40687721E-01  1.35164033E-01  1.29712529E-01  1.24311841E-01  1.18822169E-01  1.13450120E-01  1.08100238E-01  1.02829539E-01  9.75671744E-02  9.25246346E-02  8.74997172E-02  8.25301677E-02  7.76822162E-02  7.29974591E-02  6.83892199E-02  6.39525858E-02  5.96374683E-02  5.55143322E-02  5.15284842E-02  4.76555796E-02  4.40093464E-02  4.04665327E-02  3.71324392E-02  3.39642327E-02  3.09517341E-02  2.80668629E-02  2.54568518E-02  2.29073073E-02  2.05923181E-02  1.83946861E-02  1.63747677E-02  1.45407598E-02  1.28013906E-02  1.12564168E-02  9.83200931E-03  8.53129389E-03  7.37399267E-03  6.33777104E-03  5.39656511E-03  4.57725649E-03  3.85943958E-03  3.22121436E-03  2.66649600E-03  2.18660920E-03  1.78378804E-03  1.43504024E-03  1.14985560E-03  9.05631242E-04  7.10665127E-04  5.45637331E-04  4.12887854E-04  3.10663082E-04  2.30535437E-04  1.70695240E-04  1.23121628E-04  8.64114283E-05  6.14648206E-05  4.12564112E-05  2.85955936E-05  1.94882737E-05  1.23005514E-05  8.28626294E-06  5.38135486E-06  3.44106551E-06  1.89766214E-06  1.30695407E-06  6.94358651E-07  3.97182613E-07  2.46975863E-07  7.43671720E-08  5.81784340E-08  2.82046675E-08  1.04289823E-08  4.82722118E-09  4.00749314E-09  2.66456470E-09  0.00000000E+00  0.00000000E+00  0.00000000E+00  0.00000000E+00  0.00000000E+00  0.00000000E+00  0.00000000E+00  0.00000000E+00  0.00000000E+00  0.00000000E+00  0.00000000E+00  0.00000000E+00  0.00000000E+00  0.00000000E+00  0.00000000E+00  0.00000000E+00  0.00000000E+00  0.00000000E+00  0.00000000E+00  0.00000000E+00  0.00000000E+00  0.00000000E+00  0.00000000E+00  0.00000000E+00  0.00000000E+00  0.00000000E+00  0.00000000E+00  0.00000000E+00  0.00000000E+00  0.00000000E+00  0.00000000E+00  0.00000000E+00  0.00000000E+00  0.00000000E+00  0.00000000E+00  0.00000000E+00  0.00000000E+00  0.00000000E+00  0.00000000E+00  0.00000000E+00  0.00000000E+00  0.00000000E+00  0.00000000E+00  0.00000000E+00  0.00000000E+00  0.00000000E+00  0.00000000E+00  0.00000000E+00  0.00000000E+00  0.00000000E+00  0.00000000E+00  0.00000000E+00  0.00000000E+00  0.00000000E+00  0.00000000E+00  0.00000000E+00  0.00000000E+00  0.00000000E+00  0.00000000E+00  0.00000000E+00  0.00000000E+00  0.00000000E+00  0.00000000E+00  0.00000000E+00  0.00000000E+00  0.00000000E+00  0.00000000E+00  0.00000000E+00  0.00000000E+00  0.00000000E+00  0.00000000E+00  0.00000000E+00  0.00000000E+00  0.00000000E+00  0.00000000E+00  0.00000000E+00  0.00000000E+00  0.00000000E+00  0.00000000E+00  0.00000000E+00  0.00000000E+00  0.00000000E+00  0.00000000E+00  0.00000000E+00  0.00000000E+00  0.00000000E+00  0.00000000E+00  0.00000000E+00  0.00000000E+00
  2.61292595E-01  2.61353816E-01  2.61488373E-01  2.60842767E-01  2.59904669E-01  2.58463641E-01  2.57018353E-01  2.55684795E-01  2.53756186E-01  2.51836714E-01  2.49592847E-01  2.47038415E-01  2.44466931E-01  2.41472030E-01  2.38340667E-01  2.35099074E-01  2.31643279E-01  2.28123756E-01  2.24207616E-01  2.20244816E-01  2.16195805E-01  2.11672874E-01  2.07506197E-01  2.02767530E-01  1.98178286E-01  1.93339777E-01  1.88315113E-01  1.83395989E-01  1.78313131E-01  1.72974047E-01  1.67717444E-01  1.62387205E-01  1.57034405E-01  1.51592418E-01  1.46121966E-01  1.40635176E-01  1.35197113E-01  1.29741700E-01  1.24243077E-01  1.18782124E-01  1.13437812E-01  1.08092905E-01  1.02869373E-01  9.75745545E-02  9.25051481E-02  8.74289117E-02  8.25175394E-02  7.76474031E-02  7.30242511E-02  6.84500963E-02  6.39635174E-02  5.96977136E-02  5.55420363E-02  5.15328445E-02  4.77357296E-02  4.40292536E-02  4.04932623E-02  3.71311068E-02  3.39897673E-02  3.09310772E-02  2.81235716E-02  2.54416145E-02  2.29223211E-02  2.06212115E-02  1.84175689E-02  1.64093016E-02  1.45357399E-02  1.28197732E-02  1.12784916E-02  9.85379624E-03  8.55027266E-03  7.39335815E-03  6.35515079E-03  5.41623365E-03  4.59875268E-03  3.86896282E-03  3.23471874E-03  2.66678218E-03  2.18919600E-03  1.78764830E-03  1.43961672E-03  1.15263274E-03  9.11912500E-04  7.09321734E-04  5.45201336E-04  4.18402375E-04  3.14523737E-04  2.33076195E-04  1.69424883E-04  1.23875388E-04  8.72297920E-05  5.99775112E-05  4.14874891E-05  2.86707248E-05  1.95083652E-05  1.29346480E-05  8.43575205E-06  5.30677475E-06  3.29546568E-06  2.05433813E-06  1.12212566E-06  5.98040199E-07  4.02625515E-07  2.21067967E-07  7.39454338E-08  5.33569419E-08  1.55898321E-08  2.77689229E-09  3.30155858E-09  2.85599055E-10  9.26229101E-10  0.00000000E+00  0.00000000E+00  0.00000000E+00  0.00000000E+00  0.00000000E+00  0.00000000E+00  0.00000000E+00  0.00000000E+00  0.00000000E+00  0.00000000E+00  0.00000000E+00  0.00000000E+00  0.00000000E+00  0.00000000E+00  0.00000000E+00  0.00000000E+00  0.00000000E+00  0.00000000E+00  0.00000000E+00  0.00000000E+00  0.00000000E+00  0.00000000E+00  0.00000000E+00  0.00000000E+00  0.00000000E+00  0.00000000E+00  0.00000000E+00  0.00000000E+00  0.00000000E+00  0.00000000E+00  0.00000000E+00  0.00000000E+00  0.00000000E+00  0.00000000E+00  0.00000000E+00  0.00000000E+00  0.00000000E+00  0.00000000E+00  0.00000000E+00  0.00000000E+00  0.00000000E+00  0.00000000E+00  0.00000000E+00  0.00000000E+00  0.00000000E+00  0.00000000E+00  0.00000000E+00  0.00000000E+00  0.00000000E+00  0.00000000E+00  0.00000000E+00  0.00000000E+00  0.00000000E+00  0.00000000E+00  0.00000000E+00  0.00000000E+00  0.00000000E+00  0.00000000E+00  0.00000000E+00  0.00000000E+00  0.00000000E+00  0.00000000E+00  0.00000000E+00  0.00000000E+00  0.00000000E+00  0.00000000E+00  0.00000000E+00  0.00000000E+00  0.00000000E+00  0.00000000E+00  0.00000000E+00  0.00000000E+00  0.00000000E+00  0.00000000E+00  0.00000000E+00  0.00000000E+00  0.00000000E+00  0.00000000E+00  0.00000000E+00  0.00000000E+00  0.00000000E+00  0.00000000E+00  0.00000000E+00  0.00000000E+00  0.00000000E+00  0.00000000E+00  0.00000000E+00  0.00000000E+00  0.00000000E+00
  2.62313998E-01  2.62119245E-01  2.61707908E-01  2.60842485E-01  2.59991507E-01  2.58908702E-01  2.57506019E-01  2.55765019E-01  2.53893473E-01  2.51869927E-01  2.49547378E-01  2.47006776E-01  2.44646138E-01  2.41647315E-01  2.38453329E-01  2.35105337E-01  2.31635897E-01  2.28146019E-01  2.24439264E-01  2.20293424E-01  2.16220250E-01  2.11792497E-01  2.07439660E-01  2.02854288E-01  1.98127521E-01  1.93367617E-01  1.88461726E-01  1.83397009E-01  1.78177893E-01  1.73128432E-01  1.67603596E-01  1.62497246E-01  1.57097307E-01  1.51532850E-01  1.46089150E-01  1.40691394E-01  1.35195816E-01  1.29694562E-01  1.24289958E-01  1.18894047E-01  1.13442876E-01  1.08089082E-01  1.02855580E-01  9.76296096E-02  9.24568945E-02  8.74971526E-02  8.25373433E-02  7.76982496E-02  7.30417778E-02  6.84155704E-02  6.39599933E-02  5.96933284E-02  5.55117472E-02  5.15297781E-02  4.76893035E-02  4.39601364E-02  4.04675057E-02  3.71018713E-02  3.39665124E-02  3.09218749E-02  2.81006079E-02  2.53993569E-02  2.29277844E-02  2.05803395E-02  1.84143495E-02  1.63956761E-02  1.45155001E-02  1.28211465E-02  1.12366705E-02  9.82033180E-03  8.52877311E-03  7.37505741E-03  6.32588099E-03  5.39387126E-03  4.58140708E-03  3.85515198E-03  3.21896699E-03  2.66288445E-03  2.18807991E-03  1.78045623E-03  1.44208735E-03  1.15240877E-03  9.07868877E-04  7.09107176E-04  5.48099780E-04  4.15838160E-04  3.13283231E-04  2.28631502E-04  1.69644861E-04  1.22062648E-04  8.61961023E-05  5.95062509E-05  4.09842355E-05  2.83665100E-05  1.89027651E-05  1.19903598E-05  8.11013703E-06  5.31175171E-06  3.09504235E-06  2.08446774E-06  1.24057854E-06  6.91953480E-07  4.76357631E-07  2.48143260E-07  1.14844416E-07  7.71847278E-08  1.55109125E-08  9.25700296E-09  3.79969806E-09  0.00000000E+00  0.00000000E+00  0.00000000E+00  0.00000000E+00  0.00000000E+00  0.00000000E+00  0.00000000E+00  0.00000000E+00  0.00000000E+00  0.00000000E+00  0.00000000E+00  0.00000000E+00  0.00000000E+00  0.00000000E+00  0.00000000E+00  0.00000000E+00  0.00000000E+00  0.00000000E+00  0.00000000E+00  0.00000000E+00  0.00000000E+00  0.00000000E+00  0.00000000E+00  0.00000000E+00  0.00000000E+00  0.00000000E+00  0.00000000E+00  0.00000000E+00  0.00000000E+00  0.00000000E+00  0.00000000E+00  0.00000000E+00  0.00000000E+00  0.00000000E+00  0.00000000E+00  0.00000000E+00  0.00000000E+00  0.00000000E+00  0.00000000E+00  0.00000000E+00  0.00000000E+00  0.00000000E+00  0.00000000E+00  0.00000000E+00  0.00000000E+00  0.00000000E+00  0.00000000E+00  0.00000000E+00  0.00000000E+00  0.00000000E+00  0.00000000E+00  0.00000000E+00  0.00000000E+00  0.00000000E+00  0.00000000E+00  0.00000000E+00  0.00000000E+00  0.00000000E+00  0.00000000E+00  0.00000000E+00  0.00000000E+00  0.00000000E+00  0.00000000E+00  0.00000000E+00  0.00000000E+00  0.00000000E+00  0.00000000E+00  0.00000000E+00  0.00000000E+00  0.00000000E+00  0.00000000E+00  0.00000000E+00  0.00000000E+00  0.00000000E+00  0.00000000E+00  0.00000000E+00  0.00000000E+00  0.00000000E+00  0.00000000E+00  0.00000000E+00  0.00000000E+00  0.00000000E+00  0.00000000E+00  0.00000000E+00  0.00000000E+00  0.00000000E+00  0.00000000E+00  0.00000000E+00  0.00000000E+00  0.00000000E+00  0.00000000E+00
  2.62344079E-01  2.61617668E-01  2.61171733E-01  2.60696020E-01  2.59529154E-01  2.58332722E-01  2.57091542E-01  2.55521301E-01  2.53855245E-01  2.51918237E-01  2.49475484E-01  2.46861150E-01  2.44426694E-01  2.41554440E-01  2.38405271E-01  2.35107772E-01  2.31581818E-01  2.28075259E-01  2.24300353E-01  2.20219331E-01  2.16169258E-01  2.11826652E-01  2.07392968E-01  2.02782516E-01  1.98067599E-01  1.93281597E-01  1.88353769E-01  1.83354900E-01  1.78343039E-01  1.72960805E-01  1.67796591E-01  1.62404139E-01  1.56938834E-01  1.51626713E-01  1.46073213E-01  1.40638787E-01  1.35225807E-01  1.29657917E-01  1.24315524E-01  1.18883826E-01  1.13432011E-01  1.08056267E-01  1.02856173E-01  9.76823679E-02  9.25168944E-02  8.74878366E-02  8.25876316E-02  7.77965447E-02  7.30123499E-02  6.84351677E-02  6.40215653E-02  5.97122789E-02  5.55593560E-02  5.15706213E-02  4.76844214E-02  4.40132415E-02  4.05176048E-02  3.71779144E-02  3.39436657E-02  3.09302779E-02  2.80890994E-02  2.54400919E-02  2.29328287E-02  2.06023875E-02  1.84142868E-02  1.63976078E-02  1.45248925E-02  1.27985175E-02  1.12521762E-02  9.83207109E-03  8.54359426E-03  7.37371718E-03  6.33041507E-03  5.42111185E-03  4.58849234E-03  3.85091984E-03  3.22320948E-03  2.66601066E-03  2.20097375E-03  1.78006659E-03  1.43847384E-03  1.15152891E-03  9.13434162E-04  7.11210018E-04  5.49688028E-04  4.17756283E-04  3.12060515E-04  2.32355220E-04  1.69065935E-04  1.21923048E-04  8.55588844E-05  6.03132460E-05  4.19559956E-05  2.81579485E-05  1.85654532E-05  1.28423969E-05  7.89535434E-06  5.00887766E-06  3.19497698E-06  2.01361259E-06  1.22200039E-06  7.26634701E-07  4.20427581E-07  1.84841660E-07  9.64524906E-08  6.00702442E-08  4.04503989E-08  2.34336158E-09  2.60872335E-09  9.56412775E-10  4.86686260E-10  0.00000000E+00  0.00000000E+00  0.00000000E+00  0.00000000E+00  0.00000000E+00  0.00000000E+00  0.00000000E+00  0.00000000E+00  0.00000000E+00  0.00000000E+00  0.00000000E+00  0.00000000E+00  0.00000000E+00  0.00000000E+00  0.00000000E+00  0.00000000E+00  0.00000000E+00  0.00000000E+00  0.00000000E+00  0.00000000E+00  0.00000000E+00  0.00000000E+00  0.00000000E+00  0.00000000E+00  0.00000000E+00  0.00000000E+00  0.00000000E+00  0.00000000E+00  0.00000000E+00  0.00000000E+00  0.00000000E+00  0.00000000E+00  0.00000000E+00  0.00000000E+00  0.00000000E+00  0.00000000E+00  0.00000000E+00  0.00000000E+00  0.00000000E+00  0.00000000E+00  0.00000000E+00  0.00000000E+00  0.00000000E+00  0.00000000E+00  0.00000000E+00  0.00000000E+00  0.00000000E+00  0.00000000E+00  0.00000000E+00  0.00000000E+00  0.00000000E+00  0.00000000E+00  0.00000000E+00  0.00000000E+00  0.00000000E+00  0.00000000E+00  0.00000000E+00  0.00000000E+00  0.00000000E+00  0.00000000E+00  0.00000000E+00  0.00000000E+00  0.00000000E+00  0.00000000E+00  0.00000000E+00  0.00000000E+00  0.00000000E+00  0.00000000E+00  0.00000000E+00  0.00000000E+00  0.00000000E+00  0.00000000E+00  0.00000000E+00  0.00000000E+00  0.00000000E+00  0.00000000E+00  0.00000000E+00  0.00000000E+00  0.00000000E+00  0.00000000E+00  0.00000000E+00  0.00000000E+00  0.00000000E+00  0.00000000E+00  0.00000000E+00  0.00000000E+00  0.00000000E+00  0.00000000E+00  0.00000000E+00
  2.62193039E-01  2.62361704E-01  2.61725181E-01  2.61062732E-01  2.60041742E-01  2.58464039E-01  2.57227833E-01  2.55702251E-01  2.54152545E-01  2.51889243E-01  2.49667461E-01  2.47145055E-01  2.44454067E-01  2.41767711E-01  2.38458082E-01  2.35170900E-01  2.31838059E-01  2.28138171E-01  2.24491595E-01  2.20341746E-01  2.16311899E-01  2.11917960E-01  2.07552270E-01  2.02855086E-01  1.98209213E-01  1.93391574E-01  1.88449094E-01  1.83357637E-01  1.78341903E-01  1.73097087E-01  1.67838742E-01  1.62389703E-01  1.57076083E-01  1.51537776E-01  1.46105732E-01  1.40694885E-01  1.35172080E-01  1.29795968E-01  1.24305609E-01  1.18833926E-01  1.13383119E-01  1.08028696E-01  1.02861163E-01  9.76148200E-02  9.25136549E-02  8.74439046E-02  8.25612634E-02  7.76902708E-02  7.29363682E-02  6.83700713E-02  6.39611936E-02  5.96463453E-02  5.54849389E-02  5.14997588E-02  4.77017030E-02  4.39701872E-02  4.04560986E-02  3.71363677E-02  3.39054972E-02  3.08882756E-02  2.80413862E-02  2.53936921E-02  2.28940007E-02  2.05461779E-02  1.83745154E-02  1.63665397E-02  1.45402151E-02  1.28311804E-02  1.12567794E-02  9.84201841E-03  8.53438517E-03  7.36596370E-03  6.32942464E-03  5.40534867E-03  4.57113093E-03  3.85650306E-03  3.22950663E-03  2.66981619E-03  2.19443517E-03  1.79551775E-03  1.44252296E-03  1.15117161E-03  9.08882098E-04  7.07451798E-04  5.44353368E-04  4.16664243E-04  3.12740394E-04  2.31164657E-04  1.68251358E-04  1.22065384E-04  8.71877612E-05  6.04589419E-05  4.20174917E-05  2.87325647E-05  1.88108533E-05  1.28195659E-05  8.03404192E-06  5.02193006E-06  3.22584872E-06  2.07092571E-06  1.17178458E-06  6.87740093E-07  4.27831070E-07  2.39566986E-07  1.14428319E-07  6.67850936E-08  8.36633632E-09  1.30134885E-08  5.59679389E-09  2.25455281E-09  7.70396418E-10  0.00000000E+00  0.00000000E+00  0.00000000E+00  0.00000000E+00  0.00000000E+00  0.00000000E+00  0.00000000E+00  0.00000000E+00  0.00000000E+00  0.00000000E+00  0.00000000E+00  0.00000000E+00  0.00000000E+00  0.00000000E+00  0.00000000E+00  0.00000000E+00  0.00000000E+00  0.00000000E+00  0.00000000E+00  0.00000000E+00  0.00000000E+00  0.00000000E+00  0.00000000E+00  0.00000000E+00  0.00000000E+00  0.00000000E+00  0.00000000E+00  0.00000000E+00  0.00000000E+00  0.00000000E+00  0.00000000E+00  0.00000000E+00  0.00000000E+00  0.00000000E+00  0.00000000E+00  0.00000000E+00  0.00000000E+00  0.00000000E+00  0.00000000E+00  0.00000000E+00  0.00000000E+00  0.00000000E+00  0.00000000E+00  0.00000000E+00  0.00000000E+00  0.00000000E+00  0.00000000E+00  0.00000000E+00  0.00000000E+00  0.00000000E+00  0.00000000E+00  0.00000000E+00  0.00000000E+00  0.00000000E+00  0.00000000E+00  0.00000000E+00  0.00000000E+00  0.00000000E+00  0.00000000E+00  0.00000000E+00  0.00000000E+00  0.00000000E+00  0.00000000E+00  0.00000000E+00  0.00000000E+00  0.00000000E+00  0.00000000E+00  0.00000000E+00  0.00000000E+00  0.00000000E+00  0.00000000E+00  0.00000000E+00  0.00000000E+00  0.00000000E+00  0.00000000E+00  0.00000000E+00  0.00000000E+00  0.00000000E+00  0.00000000E+00  0.00000000E+00  0.00000000E+00  0.00000000E+00  0.00000000E+00  0.00000000E+00  0.00000000E+00  0.00000000E+00  0.00000000E+00  0.00000000E+00  0.00000000E+00
  2.61947128E-01  2.61773434E-01  2.61052336E-01  2.60493355E-01  2.59616649E-01  2.58368533E-01  2.57422293E-01  2.55592337E-01  2.54099373E-01  2.51809833E-01  2.49431973E-01  2.46973014E-01  2.44576386E-01  2.41701598E-01  2.38553232E-01  2.35021935E-01  2.31751083E-01  2.28051755E-01  2.24105926E-01  2.20203775E-01  2.16112472E-01  2.11803767E-01  2.07369073E-01  2.02864557E-01  1.98033945E-01  1.93369276E-01  1.88367350E-01  1.83330962E-01  1.78355548E-01  1.73089758E-01  1.67781400E-01  1.62513832E-01  1.57068179E-01  1.51604520E-01  1.46170241E-01  1.40683195E-01  1.35198423E-01  1.29740490E-01  1.24246212E-01  1.18828805E-01  1.13406721E-01  1.08060706E-01  1.02806276E-01  9.76681684E-02  9.25612965E-02  8.74768383E-02  8.25710978E-02  7.76963158E-02  7.30092401E-02  6.84865559E-02  6.39839172E-02  5.97316365E-02  5.55503101E-02  5.14927461E-02  4.76942072E-02  4.40181476E-02  4.04816848E-02  3.71209871E-02  3.39446430E-02  3.09541447E-02  2.80911514E-02  2.54238082E-02  2.29269948E-02  2.05818020E-02  1.84083683E-02  1.64004578E-02  1.45264205E-02  1.28126332E-02  1.12629298E-02  9.83310493E-03  8.52991779E-03  7.37665398E-03  6.33559053E-03  5.39538658E-03  4.57775085E-03  3.85004626E-03  3.21928953E-03  2.66244417E-03  2.19182823E-03  1.78154844E-03  1.43732008E-03  1.14973197E-03  9.04739889E-04  7.04245538E-04  5.45206692E-04  4.15625806E-04  3.13065651E-04  2.31035231E-04  1.69957575E-04  1.21299715E-04  8.62991675E-05  6.02888276E-05  4.15570768E-05  2.88692771E-05  1.90476573E-05  1.24649835E-05  8.45797233E-06  5.26133322E-06  3.25770269E-06  1.83265755E-06  1.00125445E-06  6.66345860E-07  3.71173215E-07  1.74442458E-07  1.17340400E-07  3.17158122E-08  1.62183419E-08  1.18978978E-08  2.84180781E-09  2.21618235E-09  2.48033100E-09  0.00000000E+00  4.56794292E-10  0.00000000E+00  0.00000000E+00  0.00000000E+00  0.00000000E+00  0.00000000E+00  0.00000000E+00  0.00000000E+00  0.00000000E+00  0.00000000E+00  0.00000000E+00  0.00000000E+00  0.00000000E+00  0.00000000E+00  0.00000000E+00  0.00000000E+00  0.00000000E+00  0.00000000E+00  0.00000000E+00  0.00000000E+00  0.00000000E+00  0.00000000E+00  0.00000000E+00  0.00000000E+00  0.00000000E+00  0.00000000E+00  0.00000000E+00  0.00000000E+00  0.00000000E+00  0.00000000E+00  0.00000000E+00  0.00000000E+00  0.00000000E+00  0.00000000E+00  0.00000000E+00  0.00000000E+00  0.00000000E+00  0.00000000E+00  0.00000000E+00  0.00000000E+00  0.00000000E+00  0.00000000E+00  0.00000000E+00  0.00000000E+00  0.00000000E+00  0.00000000E+00  0.00000000E+00  0.00000000E+00  0.00000000E+00  0.00000000E+00  0.00000000E+00  0.00000000E+00  0.00000000E+00  0.00000000E+00  0.00000000E+00  0.00000000E+00  0.00000000E+00  0.00000000E+00  0.00000000E+00  0.00000000E+00  0.00000000E+00  0.00000000E+00  0.00000000E+00  0.00000000E+00  0.00000000E+00  0.00000000E+00  0.00000000E+00  0.00000000E+00  0.00000000E+00  0.00000000E+00  0.00000000E+00  0.00000000E+00  0.00000000E+00  0.00000000E+00  0.00000000E+00  0.00000000E+00  0.00000000E+00  0.00000000E+00  0.00000000E+00  0.00000000E+00  0.00000000E+00  0.00000000E+00  0.00000000E+00  0.00000000E+00  0.00000000E+00  0.00000000E+00  0.00000000E+00  0.00000000E+00
  2.62543705E-01  2.62082265E-01  2.61717427E-01  2.60836509E-01  2.59990507E-01  2.58475094E-01  2.57137315E-01  2.55652952E-01  2.53709380E-01  2.51509150E-01  2.49335626E-01  2.47272024E-01  2.44430012E-01  2.41392216E-01  2.38380069E-01  2.35199853E-01  2.31774153E-01  2.27941741E-01  2.24207638E-01  2.20225556E-01  2.16063240E-01  2.11759485E-01  2.07325194E-01  2.02732389E-01  1.98027902E-01  1.93282161E-01  1.88342395E-01  1.83385802E-01  1.78277885E-01  1.72900412E-01  1.67798996E-01  1.62379208E-01  1.56920024E-01  1.51609686E-01  1.46134698E-01  1.40697389E-01  1.35200712E-01  1.29691146E-01  1.24275865E-01  1.18878671E-01  1.13474874E-01  1.08196818E-01  1.02858695E-01  9.77220903E-02  9.25568219E-02  8.74168941E-02  8.25424298E-02  7.77047247E-02  7.30384206E-02  6.84246949E-02  6.40088369E-02  5.96787622E-02  5.55352787E-02  5.15821866E-02  4.76927094E-02  4.40021812E-02  4.04946976E-02  3.71651416E-02  3.39164995E-02  3.09370142E-02  2.81079526E-02  2.54395876E-02  2.29361747E-02  2.05969151E-02  1.84219216E-02  1.63972010E-02  1.45427689E-02  1.28423970E-02  1.12773508E-02  9.84183888E-03  8.54784015E-03  7.38126675E-03  6.34952621E-03  5.39918570E-03  4.58833943E-03  3.86357238E-03  3.22827943E-03  2.67865603E-03  2.19469594E-03  1.78669579E-03  1.44190952E-03  1.14751700E-03  9.13723999E-04  7.07335202E-04  5.47250226E-04  4.14940936E-04  3.11785958E-04  2.33013421E-04  1.69328678E-04  1.22185795E-04  8.61312005E-05  6.21375663E-05  4.24483465E-05  2.79861841E-05  1.94842240E-05  1.22627588E-05  8.05573380E-06  5.13352982E-06  3.22796400E-06  2.04640491E-06  1.15159426E-06  6.58878619E-07  4.31056440E-07  1.75122018E-07  1.28394883E-07  6.45157260E-08  9.70159535E-09  1.40912135E-08  3.28185655E-09  0.00000000E+00  2.37722195E-10  1.83236790E-10  0.00000000E+00  0.00000000E+00  0.00000000E+00  0.00000000E+00  0.00000000E+00  0.00000000E+00  0.00000000E+00  0.00000000E+00  0.00000000E+00  0.00000000E+00  0.00000000E+00  0.00000000E+00  0.00000000E+00  0.00000000E+00  0.00000000E+00  0.00000000E+00  0.00000000E+00  0.00000000E+00  0.00000000E+00  0.00000000E+00  0.00000000E+00  0.00000000E+00  0.00000000E+00  0.00000000E+00  0.00000000E+00  0.00000000E+00  0.00000000E+00  0.00000000E+00  0.00000000E+00  0.00000000E+00  0.00000000E+00  0.00000000E+00  0.00000000E+00  0.00000000E+00  0.00000000E+00  0.00000000E+00  0.00000000E+00  0.00000000E+00  0.00000000E+00  0.00000000E+00  0.00000000E+00  0.00000000E+00  0.00000000E+00  0.00000000E+00  0.00000000E+00  0.00000000E+00  0.00000000E+00  0.00000000E+00  0.00000000E+00  0.00000000E+00  0.00000000E+00  0.00000000E+00  0.00000000E+00  0.00000000E+00  0.00000000E+00  0.00000000E+00  0.00000000E+00  0.00000000E+00  0.00000000E+00  0.00000000E+00  0.00000000E+00  0.00000000E+00  0.00000000E+00  0.00000000E+00  0.00000000E+00  0.00000000E+00  0.00000000E+00  0.00000000E+00  0.00000000E+00  0.00000000E+00  0.00000000E+00  0.00000000E+00  0.00000000E+00  0.00000000E+00  0.00000000E+00  0.00000000E+00  0.00000000E+00  0.00000000E+00  0.00000000E+00  0.00000000E+00  0.00000000E+00  0.00000000E+00  0.00000000E+00  0.00000000E+00  0.00000000E+00  0.00000000E+00  0.00000000E+00  0.00000000E+00
  2.61868584E-01  2.61828683E-01  2.61560658E-01  2.61001857E-01  2.59784765E-01  2.58692824E-01  2.57519967E-01  2.55366067E-01  2.54173894E-01  2.51945117E-01  2.49383044E-01  2.47108974E-01  2.44258512E-01  2.41398976E-01  2.38365436E-01  2.35176083E-01  2.31799602E-01  2.28028072E-01  2.24299821E-01  2.20283810E-01  2.16046653E-01  2.11804519E-01  2.07395179E-01  2.02788235E-01  1.98090995E-01  1.93305725E-01  1.88293672E-01  1.83285625E-01  1.78185162E-01  1.73015822E-01  1.67688831E-01  1.62356083E-01  1.56970475E-01  1.51570286E-01  1.46112343E-01  1.40702947E-01  1.35140716E-01  1.29671668E-01  1.24308936E-01  1.18896660E-01  1.13476738E-01  1.08032007E-01  1.02833272E-01  9.76476165E-02  9.25316701E-02  8.75235499E-02  8.25008357E-02  7.77864071E-02  7.29881138E-02  6.84237490E-02  6.39776468E-02  5.96792874E-02  5.55353969E-02  5.15413266E-02  4.77181866E-02  4.39972307E-02  4.04849144E-02  3.71680350E-02  3.39656255E-02  3.09504439E-02  2.81108354E-02  2.54373768E-02  2.29320196E-02  2.05776867E-02  1.84338752E-02  1.64120181E-02  1.45526843E-02  1.28379179E-02  1.12577069E-02  9.84514994E-03  8.56236113E-03  7.39542243E-03  6.34988941E-03  5.40309193E-03  4.59780880E-03  3.85671732E-03  3.22580770E-03  2.66726621E-03  2.19294048E-03  1.79343376E-03  1.43988128E-03  1.14885143E-03  9.06079703E-04  7.08928596E-04  5.46327562E-04  4.18313385E-04  3.13735811E-04  2.32152024E-04  1.70106765E-04  1.22537491E-04  8.68482914E-05  6.06891159E-05  4.14661969E-05  2.87436566E-05  1.88879024E-05  1.27701518E-05  8.09073571E-06  5.41914412E-06  3.25665784E-06  1.94827839E-06  1.31684256E-06  6.75243913E-07  3.47013488E-07  2.21100454E-07  8.71394141E-08  2.83101602E-08  1.75411419E-08  1.00329159E-08  1.24717010E-08  6.00908025E-10  0.00000000E+00  0.00000000E+00  0.00000000E+00  0.00000000E+00  0.00000000E+00  0.00000000E+00  0.00000000E+00  0.00000000E+00  0.00000000E+00  0.00000000E+00  0.00000000E+00  0.00000000E+00  0.00000000E+00  0.00000000E+00  0.00000000E+00  0.00000000E+00  0.00000000E+00  0.00000000E+00  0.00000000E+00  0.00000000E+00  0.00000000E+00  0.00000000E+00  0.00000000E+00  0.00000000E+00  0.00000000E+00  0.00000000E+00  0.00000000E+00  0.00000000E+00  0.00000000E+00  0.00000000E+00  0.00000000E+00  0.00000000E+00  0.00000000E+00  0.00000000E+00  0.00000000E+00  0.00000000E+00  0.00000000E+00  0.00000000E+00  0.00000000E+00  0.00000000E+00  0.00000000E+00  0.00000000E+00  0.00000000E+00  0.00000000E+00  0.00000000E+00  0.00000000E+00  0.00000000E+00  0.00000000E+00  0.00000000E+00  0.00000000E+00  0.00000000E+00  0.00000000E+00  0.00000000E+00  0.00000000E+00  0.00000000E+00  0.00000000E+00  0.00000000E+00  0.00000000E+00  0.00000000E+00  0.00000000E+00  0.00000000E+00  0.00000000E+00  0.00000000E+00  0.00000000E+00  0.00000000E+00  0.00000000E+00  0.00000000E+00  0.00000000E+00  0.00000000E+00  0.00000000E+00  0.00000000E+00  0.00000000E+00  0.00000000E+00  0.00000000E+00  0.00000000E+00  0.00000000E+00  0.00000000E+00  0.00000000E+00  0.00000000E+00  0.00000000E+00  0.00000000E+00  0.00000000E+00  0.00000000E+00  0.00000000E+00  0.00000000E+00  0.00000000E+00  0.00000000E+00  0.00000000E+00  0.00000000E+00  0.00000000E+00
  2.61517946E-01  2.61869256E-01  2.61288094E-01  2.60697587E-01  2.59683178E-01  2.58386246E-01  2.57135523E-01  2.55624942E-01  2.53629008E-01  2.51871055E-01  2.49488005E-01  2.47091665E-01  2.44264935E-01  2.41344914E-01  2.38310743E-01  2.35291936E-01  2.31625822E-01  2.28140124E-01  2.24323663E-01  2.20443730E-01  2.16094088E-01  2.11922779E-01  2.07434663E-01  2.02857010E-01  1.98170717E-01  1.93230852E-01  1.88504293E-01  1.83287764E-01  1.78174211E-01  1.72873626E-01  1.67748253E-01  1.62301296E-01  1.56960248E-01  1.51423582E-01  1.46163081E-01  1.40593010E-01  1.35178566E-01  1.29755321E-01  1.24351874E-01  1.18861417E-01  1.13434907E-01  1.08031898E-01  1.02852889E-01  9.76362764E-02  9.25164213E-02  8.75474256E-02  8.25049857E-02  7.76853896E-02  7.30230180E-02  6.83867695E-02  6.40159517E-02  5.97148433E-02  5.55661470E-02  5.15885589E-02  4.77034809E-02  4.40306111E-02  4.04963798E-02  3.71405045E-02  3.39707321E-02  3.09415382E-02  2.81097366E-02  2.54573379E-02  2.29178525E-02  2.05975302E-02  1.84067286E-02  1.64210307E-02  1.45413808E-02  1.28322546E-02  1.12539124E-02  9.84726248E-03  8.55357724E-03  7.38057716E-03  6.35283377E-03  5.41019066E-03  4.59398115E-03  3.85880948E-03  3.22128347E-03  2.67659499E-03  2.20016520E-03  1.78585451E-03  1.44360290E-03  1.15147326E-03  9.08790860E-04  7.07866392E-04  5.48815219E-04  4.16389945E-04  3.12804076E-04  2.33885417E-04  1.71059002E-04  1.22162840E-04  8.68892052E-05  6.02948678E-05  4.18963845E-05  2.87334173E-05  1.87947397E-05  1.28599450E-05  8.26506770E-06  5.24451615E-06  3.26564565E-06  2.02597929E-06  1.16420271E-06  7.43617976E-07  3.78254095E-07  1.90367965E-07  8.38891869E-08  4.39766644E-08  4.08627327E-08  3.44950024E-08  1.09198646E-08  1.89872645E-09  0.00000000E+00  0.00000000E+00  0.00000000E+00  0.00000000E+00  0.00000000E+00  0.00000000E+00  0.00000000E+00  0.00000000E+00  0.00000000E+00  0.00000000E+00  0.00000000E+00  0.00000000E+00  0.00000000E+00  0.00000000E+00  0.00000000E+00  0.00000000E+00  0.00000000E+00  0.00000000E+00  0.00000000E+00  0.00000000E+00  0.00000000E+00  0.00000000E+00  0.00000000E+00  0.00000000E+00  0.00000000E+00  0.00000000E+00  0.00000000E+00  0.00000000E+00  0.00000000E+00  0.00000000E+00  0.00000000E+00  0.00000000E+00  0.00000000E+00  0.00000000E+00  0.00000000E+00  0.00000000E+00  0.00000000E+00  0.00000000E+00  0.00000000E+00  0.00000000E+00  0.00000000E+00  0.00000000E+00  0.00000000E+00  0.00000000E+00  0.00000000E+00  0.00000000E+00  0.00000000E+00  0.00000000E+00  0.00000000E+00  0.00000000E+00  0.00000000E+00  0.00000000E+00  0.00000000E+00  0.00000000E+00  0.00000000E+00  0.00000000E+00  0.00000000E+00  0.00000000E+00  0.00000000E+00  0.00000000E+00  0.00000000E+00  0.00000000E+00  0.00000000E+00  0.00000000E+00  0.00000000E+00  0.00000000E+00  0.00000000E+00  0.00000000E+00  0.00000000E+00  0.00000000E+00  0.00000000E+00  0.00000000E+00  0.00000000E+00  0.00000000E+00  0.00000000E+00  0.00000000E+00  0.00000000E+00  0.00000000E+00  0.00000000E+00  0.00000000E+00  0.00000000E+00  0.00000000E+00  0.00000000E+00  0.00000000E+00  0.00000000E+00  0.00000000E+00  0.00000000E+00  0.00000000E+00  0.00000000E+00  0.00000000E+00
  2.61824735E-01  2.62058445E-01  2.61543015E-01  2.60976915E-01  2.59828113E-01  2.58901762E-01  2.57171176E-01  2.55463702E-01  2.53899151E-01  2.51724546E-01  2.49438479E-01  2.47116870E-01  2.44247574E-01  2.41357611E-01  2.38453823E-01  2.35079268E-01  2.31802017E-01  2.28105839E-01  2.24199220E-01  2.20203118E-01  2.16097386E-01  2.11855006E-01  2.07467947E-01  2.02805569E-01  1.98089814E-01  1.93348054E-01  1.88229583E-01  1.83354259E-01  1.78172444E-01  1.73007265E-01  1.67694975E-01  1.62427089E-01  1.57017109E-01  1.51556082E-01  1.46129014E-01  1.40670775E-01  1.35174693E-01  1.29766340E-01  1.24293946E-01  1.18851182E-01  1.13476967E-01  1.08105138E-01  1.02941992E-01  9.76426069E-02  9.24645600E-02  8.74543940E-02  8.25813229E-02  7.77257231E-02  7.30051467E-02  6.84665248E-02  6.40151915E-02  5.96667828E-02  5.55954686E-02  5.15284022E-02  4.77217069E-02  4.40001284E-02  4.05040455E-02  3.71712488E-02  3.39777131E-02  3.09314333E-02  2.80670563E-02  2.53928984E-02  2.29616550E-02  2.05911135E-02  1.84251079E-02  1.63865376E-02  1.45127011E-02  1.28107270E-02  1.12713135E-02  9.83584424E-03  8.54500289E-03  7.37129445E-03  6.33970487E-03  5.41864464E-03  4.58385486E-03  3.84930151E-03  3.22572561E-03  2.67289336E-03  2.19548953E-03  1.78229419E-03  1.44170446E-03  1.15534943E-03  9.08578738E-04  7.06952879E-04  5.44604387E-04  4.14484254E-04  3.13647891E-04  2.33590877E-04  1.69209509E-04  1.20896185E-04  8.58352516E-05  6.05457511E-05  4.20747171E-05  2.85919373E-05  1.91408557E-05  1.25782300E-05  8.23536635E-06  5.19567117E-06  3.44506570E-06  2.02736785E-06  1.22155237E-06  6.57431485E-07  3.31253439E-07  2.11335723E-07  1.27901658E-07  4.19069981E-08  3.20277492E-08  1.77391321E-08  6.22470505E-09  3.99096722E-09  0.00000000E+00  4.98830227E-09  0.00000000E+00  0.00000000E+00  0.00000000E+00  0.00000000E+00  0.00000000E+00  0.00000000E+00  0.00000000E+00  0.00000000E+00  0.00000000E+00  0.00000000E+00  0.00000000E+00  0.00000000E+00  0.00000000E+00  0.00000000E+00  0.00000000E+00  0.00000000E+00  0.00000000E+00  0.00000000E+00  0.00000000E+00  0.00000000E+00  0.00000000E+00  0.00000000E+00  0.00000000E+00  0.00000000E+00  0.00000000E+00  0.00000000E+00  0.00000000E+00  0.00000000E+00  0.00000000E+00  0.00000000E+00  0.00000000E+00  0.00000000E+00  0.00000000E+00  0.00000000E+00  0.00000000E+00  0.00000000E+00  0.00000000E+00  0.00000000E+00  0.00000000E+00  0.00000000E+00  0.00000000E+00  0.00000000E+00  0.00000000E+00  0.00000000E+00  0.00000000E+00  0.00000000E+00  0.00000000E+00  0.00000000E+00  0.00000000E+00  0.00000000E+00  0.00000000E+00  0.00000000E+00  0.00000000E+00  0.00000000E+00  0.00000000E+00  0.00000000E+00  0.00000000E+00  0.00000000E+00  0.00000000E+00  0.00000000E+00  0.00000000E+00  0.00000000E+00  0.00000000E+00  0.00000000E+00  0.00000000E+00  0.00000000E+00  0.00000000E+00  0.00000000E+00  0.00000000E+00  0.00000000E+00  0.00000000E+00  0.00000000E+00  0.00000000E+00  0.00000000E+00  0.00000000E+00  0.00000000E+00  0.00000000E+00  0.00000000E+00  0.00000000E+00  0.00000000E+00  0.00000000E+00  0.00000000E+00  0.00000000E+00  0.00000000E+00  0.00000000E+00  0.00000000E+00  0.00000000E+00  0.00000000E+00
  2.66688925E-01  2.66441307E-01  2.66133937E-01  2.66020806E-01  2.64747643E-01  2.63715345E-01  2.62021606E-01  2.60480365E-01  2.58876388E-01  2.56463475E-01  2.54660398E-01  2.52137843E-01  2.49605435E-01  2.46510391E-01  2.43473442E-01  2.40301934E-01  2.36836752E-01  2.33171176E-01  2.29512483E-01  2.25340140E-01  2.21341930E-01  2.17035338E-01  2.12534592E-01  2.07913944E-01  2.03233112E-01  1.98421647E-01  1.93361083E-01  1.88422440E-01  1.83173124E-01  1.77968398E-01  1.72574537E-01  1.67212949E-01  1.61888858E-01  1.56363756E-01  1.50837682E-01  1.45244037E-01  1.39764850E-01  1.34196984E-01  1.28668125E-01  1.23049611E-01  1.17570834E-01  1.12124738E-01  1.06701805E-01  1.01367937E-01  9.61907466E-02  9.10057276E-02  8.58926809E-02  8.09575312E-02  7.60744332E-02  7.14240158E-02  6.68167989E-02  6.23915054E-02  5.80490024E-02  5.39264178E-02  4.99685029E-02  4.61223063E-02  4.24649684E-02  3.89915056E-02  3.57046136E-02  3.25292467E-02  2.95802344E-02  2.67603435E-02  2.41539144E-02  2.17400840E-02  1.94265416E-02  1.73366091E-02  1.53791767E-02  1.35856910E-02  1.19361673E-02  1.04155707E-02  9.05752754E-03  7.83345348E-03  6.74046515E-03  5.74106162E-03  4.86515522E-03  4.10192192E-03  3.43416324E-03  2.84429832E-03  2.33762126E-03  1.90044117E-03  1.53654886E-03  1.22525875E-03  9.73283661E-04  7.58775268E-04  5.84002864E-04  4.47968182E-04  3.36391282E-04  2.49008918E-04  1.83147917E-04  1.31253895E-04  9.20998634E-05  6.53872742E-05  4.50261040E-05  3.06342356E-05  2.05742249E-05  1.35636191E-05  8.98163854E-06  5.65599442E-06  3.62166608E-06  2.18118570E-06  1.34750297E-06  6.22825936E-07  4.66914476E-07  2.07577675E-07  1.08764071E-07  4.96111075E-08  1.00851868E-08  6.63448188E-09  6.04956291E-09  1.19367327E-09  0.00000000E+00  0.00000000E+00  0.00000000E+00  0.00000000E+00  0.00000000E+00  0.00000000E+00  0.00000000E+00  0.00000000E+00  0.00000000E+00  0.00000000E+00  0.00000000E+00  0.00000000E+00  0.00000000E+00  0.00000000E+00  0.00000000E+00  0.00000000E+00  0.00000000E+00  0.00000000E+00  0.00000000E+00  0.00000000E+00  0.00000000E+00  0.00000000E+00  0.00000000E+00  0.00000000E+00  0.00000000E+00  0.00000000E+00  0.00000000E+00  0.00000000E+00  0.00000000E+00  0.00000000E+00  0.00000000E+00  0.00000000E+00  0.00000000E+00  0.00000000E+00  0.00000000E+00  0.00000000E+00  0.00000000E+00  0.00000000E+00  0.00000000E+00  0.00000000E+00  0.00000000E+00  0.00000000E+00  0.00000000E+00  0.00000000E+00  0.00000000E+00  0.00000000E+00  0.00000000E+00  0.00000000E+00  0.00000000E+00  0.00000000E+00  0.00000000E+00  0.00000000E+00  0.00000000E+00  0.00000000E+00  0.00000000E+00  0.00000000E+00  0.00000000E+00  0.00000000E+00  0.00000000E+00  0.00000000E+00  0.00000000E+00  0.00000000E+00  0.00000000E+00  0.00000000E+00  0.00000000E+00  0.00000000E+00  0.00000000E+00  0.00000000E+00  0.00000000E+00  0.00000000E+00  0.00000000E+00  0.00000000E+00  0.00000000E+00  0.00000000E+00  0.00000000E+00  0.00000000E+00  0.00000000E+00  0.00000000E+00  0.00000000E+00  0.00000000E+00  0.00000000E+00  0.00000000E+00  0.00000000E+00  0.00000000E+00  0.00000000E+00  0.00000000E+00  0.00000000E+00  0.00000000E+00  0.00000000E+00  0.00000000E+00
  2.62536756E-01  2.61788076E-01  2.61305140E-01  2.60973922E-01  2.59688601E-01  2.58690816E-01  2.57299026E-01  2.55739716E-01  2.54020601E-01  2.51749819E-01  2.49565877E-01  2.47222530E-01  2.44314063E-01  2.41605186E-01  2.38414392E-01  2.35269924E-01  2.31677690E-01  2.28243454E-01  2.24202317E-01  2.20356960E-01  2.16195296E-01  2.12048728E-01  2.07473087E-01  2.02859874E-01  1.98133680E-01  1.93235593E-01  1.88434088E-01  1.83357094E-01  1.78126258E-01  1.73014005E-01  1.67771291E-01  1.62406223E-01  1.56974688E-01  1.51554977E-01  1.46085987E-01  1.40651950E-01  1.35137301E-01  1.29657168E-01  1.24249672E-01  1.18842597E-01  1.13378415E-01  1.08043999E-01  1.02759481E-01  9.75748590E-02  9.24771280E-02  8.74494645E-02  8.25447122E-02  7.77108176E-02  7.30223245E-02  6.84238211E-02  6.39810443E-02  5.97072672E-02  5.55455539E-02  5.15579945E-02  4.76999980E-02  4.40107960E-02  4.05091881E-02  3.71443507E-02  3.39488856E-02  3.09210347E-02  2.81045926E-02  2.54364721E-02  2.29289308E-02  2.05960165E-02  1.84406084E-02  1.63977201E-02  1.45360856E-02  1.28404806E-02  1.12801227E-02  9.83486345E-03  8.54604781E-03  7.38506158E-03  6.33927366E-03  5.41400960E-03  4.58637776E-03  3.85665198E-03  3.22693646E-03  2.67049182E-03  2.18782731E-03  1.78952877E-03  1.43906149E-03  1.14821197E-03  9.09363155E-04  7.13549393E-04  5.47439285E-04  4.17529823E-04  3.13255224E-04  2.32066787E-04  1.69034804E-04  1.20101589E-04  8.60364743E-05  6.01832716E-05  4.19832790E-05  2.89192825E-05  1.90293575E-05  1.28215323E-05  8.00002570E-06  5.42434159E-06  3.16955255E-06  1.95456904E-06  1.15371064E-06  7.99863391E-07  3.42307603E-07  2.00726365E-07  1.05523396E-07  3.87846556E-08  4.26629076E-08  7.17130503E-09  3.17522208E-09  7.22084338E-10  0.00000000E+00  0.00000000E+00  0.00000000E+00  0.00000000E+00  0.00000000E+00  0.00000000E+00  0.00000000E+00  0.00000000E+00  0.00000000E+00  0.00000000E+00  0.00000000E+00  0.00000000E+00  0.00000000E+00  0.00000000E+00  0.00000000E+00  0.00000000E+00  0.00000000E+00  0.00000000E+00  0.00000000E+00  0.00000000E+00  0.00000000E+00  0.00000000E+00  0.00000000E+00  0.00000000E+00  0.00000000E+00  0.00000000E+00  0.00000000E+00  0.00000000E+00  0.00000000E+00  0.00000000E+00  0.00000000E+00  0.00000000E+00  0.00000000E+00  0.00000000E+00  0.00000000E+00  0.00000000E+00  0.00000000E+00  0.00000000E+00  0.00000000E+00  0.00000000E+00  0.00000000E+00  0.00000000E+00  0.00000000E+00  0.00000000E+00  0.00000000E+00  0.00000000E+00  0.00000000E+00  0.00000000E+00  0.00000000E+00  0.00000000E+00  0.00000000E+00  0.00000000E+00  0.00000000E+00  0.00000000E+00  0.00000000E+00  0.00000000E+00  0.00000000E+00  0.00000000E+00  0.00000000E+00  0.00000000E+00  0.00000000E+00  0.00000000E+00  0.00000000E+00  0.00000000E+00  0.00000000E+00  0.00000000E+00  0.00000000E+00  0.00000000E+00  0.00000000E+00  0.00000000E+00  0.00000000E+00  0.00000000E+00  0.00000000E+00  0.00000000E+00  0.00000000E+00  0.00000000E+00  0.00000000E+00  0.00000000E+00  0.00000000E+00  0.00000000E+00  0.00000000E+00  0.00000000E+00  0.00000000E+00  0.00000000E+00  0.00000000E+00  0.00000000E+00  0.00000000E+00  0.00000000E+00  0.00000000E+00  0.00000000E+00
  2.61738012E-01  2.62007157E-01  2.61503718E-01  2.60719748E-01  2.59919845E-01  2.58523328E-01  2.57296876E-01  2.55921636E-01  2.54021904E-01  2.51818693E-01  2.49646583E-01  2.46990503E-01  2.44404731E-01  2.41583757E-01  2.38571064E-01  2.35281874E-01  2.31673787E-01  2.28057711E-01  2.24409751E-01  2.20367691E-01  2.16199482E-01  2.11860499E-01  2.07386173E-01  2.02940015E-01  1.98151112E-01  1.93332188E-01  1.88421181E-01  1.83222309E-01  1.78214005E-01  1.73100634E-01  1.67708088E-01  1.62333834E-01  1.57017483E-01  1.51667737E-01  1.46112015E-01  1.40656811E-01  1.35187352E-01  1.29722587E-01  1.24299871E-01  1.18865076E-01  1.13422043E-01  1.08086147E-01  1.02891917E-01  9.75931087E-02  9.25283061E-02  8.74784051E-02  8.25582061E-02  7.77112573E-02  7.30219737E-02  6.83894945E-02  6.40079705E-02  5.96580122E-02  5.55287589E-02  5.14968185E-02  4.76633871E-02  4.40367584E-02  4.04747530E-02  3.71129798E-02  3.39295681E-02  3.09302441E-02  2.81050582E-02  2.54120939E-02  2.29156149E-02  2.05831915E-02  1.84032854E-02  1.63818497E-02  1.45310133E-02  1.28194463E-02  1.12550961E-02  9.83403948E-03  8.55028495E-03  7.37280769E-03  6.33107575E-03  5.40318418E-03  4.58059770E-03  3.86307144E-03  3.22295154E-03  2.66585896E-03  2.18727314E-03  1.77917073E-03  1.44331132E-03  1.14112725E-03  9.06547523E-04  7.04420245E-04  5.44875219E-04  4.15278791E-04  3.12429255E-04  2.29701977E-04  1.71441495E-04  1.23105586E-04  8.57101164E-05  6.07226998E-05  4.11718456E-05  2.85578720E-05  1.88985457E-05  1.22631212E-05  8.07259712E-06  5.24052114E-06  3.43960149E-06  1.89808766E-06  1.19588117E-06  6.24434296E-07  3.62990941E-07  2.34298257E-07  1.24534622E-07  4.08561679E-08  9.55452580E-09  6.64722366E-09  0.00000000E+00  4.35924321E-09  8.01877750E-10  0.00000000E+00  0.00000000E+00  0.00000000E+00  0.00000000E+00  0.00000000E+00  0.00000000E+00  0.00000000E+00  0.00000000E+00  0.00000000E+00  0.00000000E+00  0.00000000E+00  0.00000000E+00  0.00000000E+00  0.00000000E+00  0.00000000E+00  0.00000000E+00  0.00000000E+00  0.00000000E+00  0.00000000E+00  0.00000000E+00  0.00000000E+00  0.00000000E+00  0.00000000E+00  0.00000000E+00  0.00000000E+00  0.00000000E+00  0.00000000E+00  0.00000000E+00  0.00000000E+00  0.00000000E+00  0.00000000E+00  0.00000000E+00  0.00000000E+00  0.00000000E+00  0.00000000E+00  0.00000000E+00  0.00000000E+00  0.00000000E+00  0.00000000E+00  0.00000000E+00  0.00000000E+00  0.00000000E+00  0.00000000E+00  0.00000000E+00  0.00000000E+00  0.00000000E+00  0.00000000E+00  0.00000000E+00  0.00000000E+00  0.00000000E+00  0.00000000E+00  0.00000000E+00  0.00000000E+00  0.00000000E+00  0.00000000E+00  0.00000000E+00  0.00000000E+00  0.00000000E+00  0.00000000E+00  0.00000000E+00  0.00000000E+00  0.00000000E+00  0.00000000E+00  0.00000000E+00  0.00000000E+00  0.00000000E+00  0.00000000E+00  0.00000000E+00  0.00000000E+00  0.00000000E+00  0.00000000E+00  0.00000000E+00  0.00000000E+00  0.00000000E+00  0.00000000E+00  0.00000000E+00  0.00000000E+00  0.00000000E+00  0.00000000E+00  0.00000000E+00  0.00000000E+00  0.00000000E+00  0.00000000E+00  0.00000000E+00  0.00000000E+00  0.00000000E+00  0.00000000E+00  0.00000000E+00  0.00000000E+00
  2.61800349E-01  2.61656532E-01  2.61599252E-01  2.60975714E-01  2.59961420E-01  2.58669316E-01  2.57389408E-01  2.55988147E-01  2.54074673E-01  2.51908269E-01  2.49647702E-01  2.47080632E-01  2.44534907E-01  2.41710316E-01  2.38470846E-01  2.35351563E-01  2.31790116E-01  2.28256451E-01  2.24450760E-01  2.20273664E-01  2.16326803E-01  2.11915374E-01  2.07437130E-01  2.02850734E-01  1.98220449E-01  1.93315674E-01  1.88269975E-01  1.83391265E-01  1.78189677E-01  1.73178279E-01  1.67660438E-01  1.62356897E-01  1.56968705E-01  1.51501778E-01  1.46103355E-01  1.40627567E-01  1.35156100E-01  1.29586330E-01  1.24243576E-01  1.18803632E-01  1.13472399E-01  1.08090577E-01  1.02865141E-01  9.75974812E-02  9.25040027E-02  8.74572163E-02  8.24976981E-02  7.76570460E-02  7.29667786E-02  6.84364820E-02  6.39630416E-02  5.96559723E-02  5.55312592E-02  5.15434056E-02  4.77214012E-02  4.40066487E-02  4.04986376E-02  3.71241039E-02  3.39818689E-02  3.09333206E-02  2.80879126E-02  2.54210321E-02  2.29253151E-02  2.05756428E-02  1.83954845E-02  1.63687204E-02  1.45165211E-02  1.28281828E-02  1.12573111E-02  9.82634047E-03  8.54078598E-03  7.37960517E-03  6.33280567E-03  5.40963739E-03  4.58063100E-03  3.85652098E-03  3.22059259E-03  2.67103938E-03  2.19737277E-03  1.79375734E-03  1.44158085E-03  1.15005439E-03  9.11939514E-04  7.06348454E-04  5.44472465E-04  4.14173639E-04  3.13211328E-04  2.31594376E-04  1.69616940E-04  1.22460334E-04  8.67425959E-05  6.08555215E-05  4.20125477E-05  2.81172262E-05  1.86908722E-05  1.26461340E-05  8.16881477E-06  5.19494957E-06  3.13960669E-06  2.16218176E-06  1.20600749E-06  7.25038658E-07  3.98652030E-07  2.53244434E-07  1.27330346E-07  5.10761029E-08  2.17562361E-08  2.07652970E-09  3.07306529E-09  0.00000000E+00  0.00000000E+00  0.00000000E+00  0.00000000E+00  0.00000000E+00  0.00000000E+00  0.00000000E+00  0.00000000E+00  0.00000000E+00  0.00000000E+00  0.00000000E+00  0.00000000E+00  0.00000000E+00  0.00000000E+00  0.00000000E+00  0.00000000E+00  0.00000000E+00  0.00000000E+00  0.00000000E+00  0.00000000E+00  0.00000000E+00  0.00000000E+00  0.00000000E+00  0.00000000E+00  0.00000000E+00  0.00000000E+00  0.00000000E+00  0.00000000E+00  0.00000000E+00  0.00000000E+00  0.00000000E+00  0.00000000E+00  0.00000000E+00  0.00000000E+00  0.00000000E+00  0.00000000E+00  0.00000000E+00  0.00000000E+00  0.00000000E+00  0.00000000E+00  0.00000000E+00  0.00000000E+00  0.00000000E+00  0.00000000E+00  0.00000000E+00  0.00000000E+00  0.00000000E+00  0.00000000E+00  0.00000000E+00  0.00000000E+00  0.00000000E+00  0.00000000E+00  0.00000000E+00  0.00000000E+00  0.00000000E+00  0.00000000E+00  0.00000000E+00  0.00000000E+00  0.00000000E+00  0.00000000E+00  0.00000000E+00  0.00000000E+00  0.00000000E+00  0.00000000E+00  0.00000000E+00  0.00000000E+00  0.00000000E+00  0.00000000E+00  0.00000000E+00  0.00000000E+00  0.00000000E+00  0.00000000E+00  0.00000000E+00  0.00000000E+00  0.00000000E+00  0.00000000E+00  0.00000000E+00  0.00000000E+00  0.00000000E+00  0.00000000E+00  0.00000000E+00  0.00000000E+00  0.00000000E+00  0.00000000E+00  0.00000000E+00  0.00000000E+00  0.00000000E+00  0.00000000E+00  0.00000000E+00  0.00000000E+00  0.00000000E+00
  2.62661573E-01  2.62244597E-01  2.61250796E-01  2.60810100E-01  2.59725332E-01  2.58467139E-01  2.57436216E-01  2.55559061E-01  2.53588784E-01  2.51595256E-01  2.49375475E-01  2.47078325E-01  2.44132394E-01  2.41472347E-01  2.38460248E-01  2.35203411E-01  2.31591893E-01  2.27967126E-01  2.24196310E-01  2.20182716E-01  2.16098505E-01  2.11813192E-01  2.07426924E-01  2.02895371E-01  1.98090961E-01  1.93262360E-01  1.88399886E-01  1.83333373E-01  1.78315388E-01  1.73018078E-01  1.67778403E-01  1.62416105E-01  1.57004279E-01  1.51724358E-01  1.46131950E-01  1.40647746E-01  1.35222773E-01  1.29749251E-01  1.24290419E-01  1.18824854E-01  1.13566634E-01  1.08059762E-01  1.02818219E-01  9.76752832E-02  9.25348319E-02  8.74449530E-02  8.25415672E-02  7.77220818E-02  7.30121021E-02  6.84414166E-02  6.40270685E-02  5.97208936E-02  5.55543136E-02  5.15484637E-02  4.77419107E-02  4.40620950E-02  4.05029904E-02  3.71460225E-02  3.39465263E-02  3.09169678E-02  2.81187330E-02  2.54145795E-02  2.29197364E-02  2.05991959E-02  1.83915057E-02  1.63804338E-02  1.45285046E-02  1.28256693E-02  1.12461311E-02  9.83194758E-03  8.54322741E-03  7.37142320E-03  6.33840991E-03  5.40841011E-03  4.58271855E-03  3.86428672E-03  3.21585814E-03  2.66295788E-03  2.18373524E-03  1.78526016E-03  1.43974766E-03  1.15192296E-03  9.05521342E-04  7.09295180E-04  5.45516485E-04  4.14709469E-04  3.11414124E-04  2.30756074E-04  1.68925789E-04  1.21775050E-04  8.52744397E-05  5.96146312E-05  4.26562423E-05  2.84622377E-05  1.90404707E-05  1.25350699E-05  8.08813131E-06  5.35184069E-06  3.10231109E-06  1.85626543E-06  1.09226595E-06  6.99987687E-07  3.63306869E-07  2.43944325E-07  9.23970174E-08  3.37664130E-08  3.23317178E-08  7.22344229E-09  1.08136601E-08  0.00000000E+00  0.00000000E+00  0.00000000E+00  0.00000000E+00  0.00000000E+00  0.00000000E+00  0.00000000E+00  0.00000000E+00  0.00000000E+00  0.00000000E+00  0.00000000E+00  0.00000000E+00  0.00000000E+00  0.00000000E+00  0.00000000E+00  0.00000000E+00  0.00000000E+00  0.00000000E+00  0.00000000E+00  0.00000000E+00  0.00000000E+00  0.00000000E+00  0.00000000E+00  0.00000000E+00  0.00000000E+00  0.00000000E+00  0.00000000E+00  0.00000000E+00  0.00000000E+00  0.00000000E+00  0.00000000E+00  0.00000000E+00  0.00000000E+00  0.00000000E+00  0.00000000E+00  0.00000000E+00  0.00000000E+00  0.00000000E+00  0.00000000E+00  0.00000000E+00  0.00000000E+00  0.00000000E+00  0.00000000E+00  0.00000000E+00  0.00000000E+00  0.00000000E+00  0.00000000E+00  0.00000000E+00  0.00000000E+00  0.00000000E+00  0.00000000E+00  0.00000000E+00  0.00000000E+00  0.00000000E+00  0.00000000E+00  0.00000000E+00  0.00000000E+00  0.00000000E+00  0.00000000E+00  0.00000000E+00  0.00000000E+00  0.00000000E+00  0.00000000E+00  0.00000000E+00  0.00000000E+00  0.00000000E+00  0.00000000E+00  0.00000000E+00  0.00000000E+00  0.00000000E+00  0.00000000E+00  0.00000000E+00  0.00000000E+00  0.00000000E+00  0.00000000E+00  0.00000000E+00  0.00000000E+00  0.00000000E+00  0.00000000E+00  0.00000000E+00  0.00000000E+00  0.00000000E+00  0.00000000E+00  0.00000000E+00  0.00000000E+00  0.00000000E+00  0.00000000E+00  0.00000000E+00  0.00000000E+00  0.00000000E+00  0.00000000E+00
  2.62671062E-01  2.62028323E-01  2.62246866E-01  2.60739047E-01  2.59705096E-01  2.58672767E-01  2.57309203E-01  2.55998763E-01  2.53765229E-01  2.51919976E-01  2.49723681E-01  2.47098127E-01  2.44550997E-01  2.41687350E-01  2.38622762E-01  2.35208524E-01  2.31722557E-01  2.28119823E-01  2.24407709E-01  2.20343053E-01  2.16188533E-01  2.11969990E-01  2.07531037E-01  2.02927605E-01  1.98116175E-01  1.93293524E-01  1.88306100E-01  1.83354120E-01  1.78259028E-01  1.73115855E-01  1.67650578E-01  1.62432431E-01  1.57041717E-01  1.51579047E-01  1.46221646E-01  1.40596108E-01  1.35132794E-01  1.29780173E-01  1.24299327E-01  1.18806945E-01  1.13423221E-01  1.08169034E-01  1.02817636E-01  9.76139679E-02  9.24247112E-02  8.74807163E-02  8.25174409E-02  7.76835826E-02  7.29643257E-02  6.84237687E-02  6.39669316E-02  5.96992660E-02  5.54793896E-02  5.15569075E-02  4.76742017E-02  4.40021821E-02  4.04739668E-02  3.71168925E-02  3.39562843E-02  3.09420439E-02  2.80713132E-02  2.53786856E-02  2.29088896E-02  2.05909015E-02  1.83992711E-02  1.63890295E-02  1.45355695E-02  1.28051702E-02  1.12634520E-02  9.82052564E-03  8.52932768E-03  7.37778318E-03  6.32402942E-03  5.40870941E-03  4.57922975E-03  3.84889404E-03  3.21520773E-03  2.66861540E-03  2.18916049E-03  1.78786436E-03  1.43704741E-03  1.14703360E-03  9.06384232E-04  7.05314389E-04  5.45605943E-04  4.17286204E-04  3.11795030E-04  2.31783558E-04  1.69579317E-04  1.22479557E-04  8.68969975E-05  6.08735854E-05  4.13405385E-05  2.83955734E-05  1.88857100E-05  1.25801726E-05  8.28728470E-06  5.29585011E-06  3.33193601E-06  2.19452177E-06  1.14310491E-06  8.04720755E-07  3.46016149E-07  2.06721952E-07  7.56309371E-08  3.67613976E-08  2.83060576E-08  1.43102025E-08  0.00000000E+00  0.00000000E+00  0.00000000E+00  0.00000000E+00  0.00000000E+00  0.00000000E+00  0.00000000E+00  0.00000000E+00  0.00000000E+00  0.00000000E+00  0.00000000E+00  0.00000000E+00  0.00000000E+00  0.00000000E+00  0.00000000E+00  0.00000000E+00  0.00000000E+00  0.00000000E+00  0.00000000E+00  0.00000000E+00  0.00000000E+00  0.00000000E+00  0.00000000E+00  0.00000000E+00  0.00000000E+00  0.00000000E+00  0.00000000E+00  0.00000000E+00  0.00000000E+00  0.00000000E+00  0.00000000E+00  0.00000000E+00  0.00000000E+00  0.00000000E+00  0.00000000E+00  0.00000000E+00  0.00000000E+00  0.00000000E+00  0.00000000E+00  0.00000000E+00  0.00000000E+00  0.00000000E+00  0.00000000E+00  0.00000000E+00  0.00000000E+00  0.00000000E+00  0.00000000E+00  0.00000000E+00  0.00000000E+00  0.00000000E+00  0.00000000E+00  0.00000000E+00  0.00000000E+00  0.00000000E+00  0.00000000E+00  0.00000000E+00  0.00000000E+00  0.00000000E+00  0.00000000E+00  0.00000000E+00  0.00000000E+00  0.00000000E+00  0.00000000E+00  0.00000000E+00  0.00000000E+00  0.00000000E+00  0.00000000E+00  0.00000000E+00  0.00000000E+00  0.00000000E+00  0.00000000E+00  0.00000000E+00  0.00000000E+00  0.00000000E+00  0.00000000E+00  0.00000000E+00  0.00000000E+00  0.00000000E+00  0.00000000E+00  0.00000000E+00  0.00000000E+00  0.00000000E+00  0.00000000E+00  0.00000000E+00  0.00000000E+00  0.00000000E+00  0.00000000E+00  0.00000000E+00  0.00000000E+00  0.00000000E+00  0.00000000E+00  0.00000000E+00
  2.61461388E-01  2.62070763E-01  2.61245396E-01  2.60903431E-01  2.59842966E-01  2.58815281E-01  2.57420214E-01  2.55898955E-01  2.53923013E-01  2.51819882E-01  2.49575621E-01  2.47374193E-01  2.44491388E-01  2.41749568E-01  2.38439861E-01  2.35164295E-01  2.31788469E-01  2.28169620E-01  2.24427454E-01  2.20357788E-01  2.16220309E-01  2.11900650E-01  2.07591084E-01  2.02801106E-01  1.98049497E-01  1.93430375E-01  1.88330147E-01  1.83481578E-01  1.78215619E-01  1.73018573E-01  1.67800148E-01  1.62342790E-01  1.57026013E-01  1.51650381E-01  1.46109375E-01  1.40643388E-01  1.35200306E-01  1.29728248E-01  1.24237217E-01  1.18768308E-01  1.13430861E-01  1.08099861E-01  1.02843460E-01  9.75996368E-02  9.24665579E-02  8.74413498E-02  8.25064731E-02  7.76880165E-02  7.29975644E-02  6.84074086E-02  6.40176598E-02  5.97003601E-02  5.55701356E-02  5.14912400E-02  4.76294927E-02  4.39877441E-02  4.04983914E-02  3.71265716E-02  3.39629015E-02  3.09287987E-02  2.80918170E-02  2.54571696E-02  2.29107186E-02  2.05681871E-02  1.83993833E-02  1.63792309E-02  1.45227788E-02  1.28058279E-02  1.12433484E-02  9.82668558E-03  8.53385676E-03  7.37695833E-03  6.33536772E-03  5.39781088E-03  4.57321462E-03  3.84492991E-03  3.21633404E-03  2.66071073E-03  2.19197154E-03  1.78210614E-03  1.43877584E-03  1.15083884E-03  9.06908773E-04  7.05669441E-04  5.46344433E-04  4.16633592E-04  3.13801094E-04  2.30630287E-04  1.68828737E-04  1.22616457E-04  8.56248743E-05  6.04814320E-05  4.22815344E-05  2.84309867E-05  1.93538621E-05  1.27917552E-05  8.01329253E-06  5.15401136E-06  3.21789689E-06  2.11562081E-06  1.15817359E-06  6.08578850E-07  5.02228908E-07  1.47985658E-07  9.60217619E-08  4.39410769E-08  3.43701979E-08  1.26337549E-08  2.87453993E-10  1.34646362E-09  4.41338249E-09  0.00000000E+00  0.00000000E+00  0.00000000E+00  0.00000000E+00  0.00000000E+00  0.00000000E+00  0.00000000E+00  0.00000000E+00  0.00000000E+00  0.00000000E+00  0.00000000E+00  0.00000000E+00  0.00000000E+00  0.00000000E+00  0.00000000E+00  0.00000000E+00  0.00000000E+00  0.00000000E+00  0.00000000E+00  0.00000000E+00  0.00000000E+00  0.00000000E+00  0.00000000E+00  0.00000000E+00  0.00000000E+00  0.00000000E+00  0.00000000E+00  0.00000000E+00  0.00000000E+00  0.00000000E+00  0.00000000E+00  0.00000000E+00  0.00000000E+00  0.00000000E+00  0.00000000E+00  0.00000000E+00  0.00000000E+00  0.00000000E+00  0.00000000E+00  0.00000000E+00  0.00000000E+00  0.00000000E+00  0.00000000E+00  0.00000000E+00  0.00000000E+00  0.00000000E+00  0.00000000E+00  0.00000000E+00  0.00000000E+00  0.00000000E+00  0.00000000E+00  0.00000000E+00  0.00000000E+00  0.00000000E+00  0.00000000E+00  0.00000000E+00  0.00000000E+00  0.00000000E+00  0.00000000E+00  0.00000000E+00  0.00000000E+00  0.00000000E+00  0.00000000E+00  0.00000000E+00  0.00000000E+00  0.00000000E+00  0.00000000E+00  0.00000000E+00  0.00000000E+00  0.00000000E+00  0.00000000E+00  0.00000000E+00  0.00000000E+00  0.00000000E+00  0.00000000E+00  0.00000000E+00  0.00000000E+00  0.00000000E+00  0.00000000E+00  0.00000000E+00  0.00000000E+00  0.00000000E+00  0.00000000E+00  0.00000000E+00  0.00000000E+00  0.00000000E+00  0.00000000E+00  0.00000000E+00  0.00000000E+00
  2.63111782E-01  2.61220558E-01  2.61295081E-01  2.60588856E-01  2.59850261E-01  2.58535796E-01  2.57225670E-01  2.55612710E-01  2.54015099E-01  2.51964249E-01  2.49719082E-01  2.47181652E-01  2.44450047E-01  2.41638916E-01  2.38462856E-01  2.35248628E-01  2.31791484E-01  2.28198076E-01  2.24456489E-01  2.20322341E-01  2.16334818E-01  2.11872697E-01  2.07464759E-01  2.02932909E-01  1.98239215E-01  1.93347106E-01  1.88410593E-01  1.83369118E-01  1.78224960E-01  1.73034973E-01  1.67738824E-01  1.62481522E-01  1.56960390E-01  1.51626146E-01  1.46121632E-01  1.40674196E-01  1.35147847E-01  1.29692037E-01  1.24321427E-01  1.18801855E-01  1.13505330E-01  1.08106181E-01  1.02852639E-01  9.76459305E-02  9.25048564E-02  8.74834572E-02  8.25235611E-02  7.77100253E-02  7.29927934E-02  6.84393441E-02  6.39569271E-02  5.96756037E-02  5.55175369E-02  5.15375829E-02  4.76785879E-02  4.39780418E-02  4.04799944E-02  3.71537354E-02  3.39448231E-02  3.09050338E-02  2.80664352E-02  2.53951523E-02  2.28998718E-02  2.05708924E-02  1.83898140E-02  1.63824244E-02  1.45171529E-02  1.27963138E-02  1.12288844E-02  9.80905319E-03  8.55128006E-03  7.36499353E-03  6.31123473E-03  5.40452679E-03  4.57363816E-03  3.85457918E-03  3.21174135E-03  2.66624886E-03  2.18436578E-03  1.78690733E-03  1.44491789E-03  1.14766615E-03  9.07845090E-04  7.09908277E-04  5.42704242E-04  4.14849042E-04  3.11514475E-04  2.30334910E-04  1.68970701E-04  1.22039199E-04  8.62648952E-05  6.02380355E-05  4.18455205E-05  2.80185990E-05  1.92416340E-05  1.24506164E-05  8.28159003E-06  5.28115227E-06  3.30479020E-06  1.85200987E-06  1.20352642E-06  7.22947172E-07  4.17717503E-07  2.17236793E-07  9.85272515E-08  4.27523712E-08  2.33925884E-08  1.08114847E-08  2.68447563E-09  3.87372797E-10  7.06315576E-09  0.00000000E+00  0.00000000E+00  0.00000000E+00  0.00000000E+00  0.00000000E+00  0.00000000E+00  0.00000000E+00  0.00000000E+00  0.00000000E+00  0.00000000E+00  0.00000000E+00  0.00000000E+00  0.00000000E+00  0.00000000E+00  0.00000000E+00  0.00000000E+00  0.00000000E+00  0.00000000E+00  0.00000000E+00  0.00000000E+00  0.00000000E+00  0.00000000E+00  0.00000000E+00  0.00000000E+00  0.00000000E+00  0.00000000E+00  0.00000000E+00  0.00000000E+00  0.00000000E+00  0.00000000E+00  0.00000000E+00  0.00000000E+00  0.00000000E+00  0.00000000E+00  0.00000000E+00  0.00000000E+00  0.00000000E+00  0.00000000E+00  0.00000000E+00  0.00000000E+00  0.00000000E+00  0.00000000E+00  0.00000000E+00  0.00000000E+00  0.00000000E+00  0.00000000E+00  0.00000000E+00  0.00000000E+00  0.00000000E+00  0.00000000E+00  0.00000000E+00  0.00000000E+00  0.00000000E+00  0.00000000E+00  0.00000000E+00  0.00000000E+00  0.00000000E+00  0.00000000E+00  0.00000000E+00  0.00000000E+00  0.00000000E+00  0.00000000E+00  0.00000000E+00  0.00000000E+00  0.00000000E+00  0.00000000E+00  0.00000000E+00  0.00000000E+00  0.00000000E+00  0.00000000E+00  0.00000000E+00  0.00000000E+00  0.00000000E+00  0.00000000E+00  0.00000000E+00  0.00000000E+00  0.00000000E+00  0.00000000E+00  0.00000000E+00  0.00000000E+00  0.00000000E+00  0.00000000E+00  0.00000000E+00  0.00000000E+00  0.00000000E+00  0.00000000E+00  0.00000000E+00  0.00000000E+00  0.00000000E+00
  2.61820526E-01  2.61389089E-01  2.61904903E-01  2.60854230E-01  2.60235365E-01  2.58863279E-01  2.57465157E-01  2.55792066E-01  2.53831171E-01  2.51946694E-01  2.49498052E-01  2.47134539E-01  2.44208777E-01  2.41363066E-01  2.38323389E-01  2.35015320E-01  2.31815448E-01  2.28110033E-01  2.24278659E-01  2.20261870E-01  2.16136867E-01  2.11759263E-01  2.07331450E-01  2.02859634E-01  1.98055740E-01  1.93403748E-01  1.88339295E-01  1.83321248E-01  1.78143133E-01  1.73028295E-01  1.67637464E-01  1.62432147E-01  1.56997019E-01  1.51456882E-01  1.46169030E-01  1.40581540E-01  1.35203066E-01  1.29684605E-01  1.24227093E-01  1.18828246E-01  1.13426908E-01  1.08061514E-01  1.02808034E-01  9.76466893E-02  9.25640422E-02  8.74982522E-02  8.25468113E-02  7.77154231E-02  7.30305073E-02  6.84372394E-02  6.40744182E-02  5.96941054E-02  5.55396478E-02  5.15693439E-02  4.76792572E-02  4.40319493E-02  4.04944600E-02  3.71236792E-02  3.39636785E-02  3.09459333E-02  2.81397884E-02  2.54317934E-02  2.29285559E-02  2.06093938E-02  1.84225769E-02  1.63938613E-02  1.45117747E-02  1.28435194E-02  1.12757513E-02  9.85058746E-03  8.54965358E-03  7.38240883E-03  6.35041145E-03  5.40678548E-03  4.59637440E-03  3.86090933E-03  3.21664759E-03  2.66897511E-03  2.19187257E-03  1.78936633E-03  1.44336260E-03  1.15341927E-03  9.06908324E-04  7.09373562E-04  5.43096550E-04  4.17292856E-04  3.09786800E-04  2.31675137E-04  1.69398929E-04  1.22928451E-04  8.61105618E-05  6.05595273E-05  4.10608419E-05  2.80477253E-05  1.91755249E-05  1.24947427E-05  8.28922887E-06  5.12624247E-06  3.13166652E-06  1.84207793E-06  1.23883497E-06  6.47257265E-07  3.95939130E-07  1.95432863E-07  1.09329066E-07  5.09393869E-08  2.52569056E-08  2.66413327E-09  1.31978953E-09  1.53851371E-09  0.00000000E+00  0.00000000E+00  0.00000000E+00  0.00000000E+00  0.00000000E+00  0.00000000E+00  0.00000000E+00  0.00000000E+00  0.00000000E+00  0.00000000E+00  0.00000000E+00  0.00000000E+00  0.00000000E+00  0.00000000E+00  0.00000000E+00  0.00000000E+00  0.00000000E+00  0.00000000E+00  0.00000000E+00  0.00000000E+00  0.00000000E+00  0.00000000E+00  0.00000000E+00  0.00000000E+00  0.00000000E+00  0.00000000E+00  0.00000000E+00  0.00000000E+00  0.00000000E+00  0.00000000E+00  0.00000000E+00  0.00000000E+00  0.00000000E+00  0.00000000E+00  0.00000000E+00  0.00000000E+00  0.00000000E+00  0.00000000E+00  0.00000000E+00  0.00000000E+00  0.00000000E+00  0.00000000E+00  0.00000000E+00  0.00000000E+00  0.00000000E+00  0.00000000E+00  0.00000000E+00  0.00000000E+00  0.00000000E+00  0.00000000E+00  0.00000000E+00  0.00000000E+00  0.00000000E+00  0.00000000E+00  0.00000000E+00  0.00000000E+00  0.00000000E+00  0.00000000E+00  0.00000000E+00  0.00000000E+00  0.00000000E+00  0.00000000E+00  0.00000000E+00  0.00000000E+00  0.00000000E+00  0.00000000E+00  0.00000000E+00  0.00000000E+00  0.00000000E+00  0.00000000E+00  0.00000000E+00  0.00000000E+00  0.00000000E+00  0.00000000E+00  0.00000000E+00  0.00000000E+00  0.00000000E+00  0.00000000E+00  0.00000000E+00  0.00000000E+00  0.00000000E+00  0.00000000E+00  0.00000000E+00  0.00000000E+00  0.00000000E+00  0.00000000E+00  0.00000000E+00  0.00000000E+00  0.00000000E+00  0.00000000E+00
  2.66827887E-01  2.67142704E-01  2.66491189E-01  2.65937568E-01  2.65138282E-01  2.64016299E-01  2.62419406E-01  2.60956719E-01  2.59013808E-01  2.56893306E-01  2.54618092E-01  2.52292220E-01  2.49733008E-01  2.46638603E-01  2.43548970E-01  2.40401091E-01  2.36916656E-01  2.33265411E-01  2.29441217E-01  2.25450721E-01  2.21383834E-01  2.17003269E-01  2.12573285E-01  2.08028313E-01  2.03248817E-01  1.98535565E-01  1.93431566E-01  1.88325697E-01  1.83159575E-01  1.77982877E-01  1.72653959E-01  1.67192334E-01  1.61768035E-01  1.56265901E-01  1.50715502E-01  1.45248777E-01  1.39647649E-01  1.34103333E-01  1.28540295E-01  1.23007109E-01  1.17608782E-01  1.12088560E-01  1.06718755E-01  1.01357200E-01  9.61048427E-02  9.09091267E-02  8.59163204E-02  8.09295530E-02  7.61444952E-02  7.13782104E-02  6.68422227E-02  6.23605181E-02  5.81080535E-02  5.39162823E-02  4.99771452E-02  4.61435687E-02  4.24600225E-02  3.89927790E-02  3.56366301E-02  3.25200065E-02  2.95876012E-02  2.67668130E-02  2.41697616E-02  2.17523443E-02  1.94133737E-02  1.72933284E-02  1.53759597E-02  1.35482896E-02  1.19399223E-02  1.04314331E-02  9.06554161E-03  7.83125161E-03  6.71906355E-03  5.74411974E-03  4.87040757E-03  4.10090682E-03  3.43373636E-03  2.84517668E-03  2.34366798E-03  1.90748088E-03  1.54099645E-03  1.22497655E-03  9.71242054E-04  7.59773532E-04  5.88138911E-04  4.44703356E-04  3.33950434E-04  2.49436577E-04  1.81240908E-04  1.29781239E-04  9.26130425E-05  6.55620939E-05  4.44108623E-05  3.03020358E-05  2.01629060E-05  1.36955231E-05  8.96399766E-06  5.70139610E-06  3.62164020E-06  2.14218617E-06  1.29297869E-06  8.60083358E-07  4.56094352E-07  2.40111810E-07  1.01367816E-07  2.36819033E-08  1.86030952E-08  1.69314519E-08  2.96955868E-09  0.00000000E+00  2.83907914E-09  0.00000000E+00  0.00000000E+00  0.00000000E+00  0.00000000E+00  0.00000000E+00  0.00000000E+00  0.00000000E+00  0.00000000E+00  0.00000000E+00  0.00000000E+00  0.00000000E+00  0.00000000E+00  0.00000000E+00  0.00000000E+00  0.00000000E+00  0.00000000E+00  0.00000000E+00  0.00000000E+00  0.00000000E+00  0.00000000E+00  0.00000000E+00  0.00000000E+00  0.00000000E+00  0.00000000E+00  0.00000000E+00  0.00000000E+00  0.00000000E+00  0.00000000E+00  0.00000000E+00  0.00000000E+00  0.00000000E+00  0.00000000E+00  0.00000000E+00  0.00000000E+00  0.00000000E+00  0.00000000E+00  0.00000000E+00  0.00000000E+00  0.00000000E+00  0.00000000E+00  0.00000000E+00  0.00000000E+00  0.00000000E+00  0.00000000E+00  0.00000000E+00  0.00000000E+00  0.00000000E+00  0.00000000E+00  0.00000000E+00  0.00000000E+00  0.00000000E+00  0.00000000E+00  0.00000000E+00  0.00000000E+00  0.00000000E+00  0.00000000E+00  0.00000000E+00  0.00000000E+00  0.00000000E+00  0.00000000E+00  0.00000000E+00  0.00000000E+00  0.00000000E+00  0.00000000E+00  0.00000000E+00  0.00000000E+00  0.00000000E+00  0.00000000E+00  0.00000000E+00  0.00000000E+00  0.00000000E+00  0.00000000E+00  0.00000000E+00  0.00000000E+00  0.00000000E+00  0.00000000E+00  0.00000000E+00  0.00000000E+00  0.00000000E+00  0.00000000E+00  0.00000000E+00  0.00000000E+00  0.00000000E+00  0.00000000E+00  0.00000000E+00  0.00000000E+00  0.00000000E+00  0.00000000E+00  0.00000000E+00
  2.62881990E-01  2.61826806E-01  2.61355740E-01  2.60932126E-01  2.59530691E-01  2.58382734E-01  2.57107420E-01  2.55424673E-01  2.53809792E-01  2.51818753E-01  2.49647060E-01  2.46825756E-01  2.44261202E-01  2.41357823E-01  2.38263495E-01  2.35247799E-01  2.31562580E-01  2.27974963E-01  2.24232813E-01  2.20195523E-01  2.15989792E-01  2.11865671E-01  2.07489678E-01  2.02880742E-01  1.98028695E-01  1.93422625E-01  1.88247313E-01  1.83422507E-01  1.78145891E-01  1.72909357E-01  1.67663032E-01  1.62346829E-01  1.57024502E-01  1.51547732E-01  1.46041948E-01  1.40490182E-01  1.35158985E-01  1.29697288E-01  1.24251840E-01  1.18856595E-01  1.13460549E-01  1.08171736E-01  1.02823871E-01  9.76662844E-02  9.25201678E-02  8.74803921E-02  8.25817878E-02  7.77352455E-02  7.30394846E-02  6.84918671E-02  6.40088229E-02  5.97416193E-02  5.55703979E-02  5.15639659E-02  4.77038196E-02  4.40618364E-02  4.05427466E-02  3.71434702E-02  3.39913320E-02  3.09637971E-02  2.81251535E-02  2.54743159E-02  2.29339355E-02  2.05835303E-02  1.84408517E-02  1.64161694E-02  1.45494401E-02  1.28222471E-02  1.12740288E-02  9.83545871E-03  8.55331346E-03  7.40212938E-03  6.34421965E-03  5.40967366E-03  4.59623454E-03  3.85823544E-03  3.22482802E-03  2.67097040E-03  2.19645198E-03  1.78067418E-03  1.43672100E-03  1.14567508E-03  9.05404369E-04  7.07229102E-04  5.48224039E-04  4.14636810E-04  3.13540435E-04  2.30988432E-04  1.68375834E-04  1.21635010E-04  8.68478985E-05  6.19393484E-05  4.19283135E-05  2.81571204E-05  1.92135580E-05  1.24638159E-05  8.01674607E-06  5.25482263E-06  3.24341129E-06  1.98767509E-06  1.27845720E-06  6.80268863E-07  3.99769630E-07  2.28902452E-07  9.77072565E-08  6.59665659E-08  2.05346667E-08  1.15428649E-08  1.83708148E-09  0.00000000E+00  1.98167364E-09  0.00000000E+00  2.94462024E-09  0.00000000E+00  0.00000000E+00  0.00000000E+00  0.00000000E+00  0.00000000E+00  0.00000000E+00  0.00000000E+00  0.00000000E+00  0.00000000E+00  0.00000000E+00  0.00000000E+00  0.00000000E+00  0.00000000E+00  0.00000000E+00  0.00000000E+00  0.00000000E+00  0.00000000E+00  0.00000000E+00  0.00000000E+00  0.00000000E+00  0.00000000E+00  0.00000000E+00  0.00000000E+00  0.00000000E+00  0.00000000E+00  0.00000000E+00  0.00000000E+00  0.00000000E+00  0.00000000E+00  0.00000000E+00  0.00000000E+00  0.00000000E+00  0.00000000E+00  0.00000000E+00  0.00000000E+00  0.00000000E+00  0.00000000E+00  0.00000000E+00  0.00000000E+00  0.00000000E+00  0.00000000E+00  0.00000000E+00  0.00000000E+00  0.00000000E+00  0.00000000E+00  0.00000000E+00  0.00000000E+00  0.00000000E+00  0.00000000E+00  0.00000000E+00  0.00000000E+00  0.00000000E+00  0.00000000E+00  0.00000000E+00  0.00000000E+00  0.00000000E+00  0.00000000E+00  0.00000000E+00  0.00000000E+00  0.00000000E+00  0.00000000E+00  0.00000000E+00  0.00000000E+00  0.00000000E+00  0.00000000E+00  0.00000000E+00  0.00000000E+00  0.00000000E+00  0.00000000E+00  0.00000000E+00  0.00000000E+00  0.00000000E+00  0.00000000E+00  0.00000000E+00  0.00000000E+00  0.00000000E+00  0.00000000E+00  0.00000000E+00  0.00000000E+00  0.00000000E+00  0.00000000E+00  0.00000000E+00  0.00000000E+00  0.00000000E+00  0.00000000E+00  0.00000000E+00  0.00000000E+00
  2.61806589E-01  2.61516597E-01  2.61586917E-01  2.60522857E-01  2.59897690E-01  2.58626854E-01  2.57225771E-01  2.55846888E-01  2.53967937E-01  2.51971681E-01  2.49231932E-01  2.46875848E-01  2.44484578E-01  2.41607813E-01  2.38565611E-01  2.35015076E-01  2.31886490E-01  2.28011752E-01  2.24371250E-01  2.20196506E-01  2.16115417E-01  2.11912766E-01  2.07522475E-01  2.03056511E-01  1.98235916E-01  1.93336637E-01  1.88425263E-01  1.83387721E-01  1.78358226E-01  1.73066513E-01  1.67846216E-01  1.62421105E-01  1.57006489E-01  1.51588826E-01  1.46121148E-01  1.40721780E-01  1.35155414E-01  1.29735365E-01  1.24311138E-01  1.18634834E-01  1.13427097E-01  1.08041336E-01  1.02796725E-01  9.75873431E-02  9.24674128E-02  8.74700444E-02  8.26038365E-02  7.77228104E-02  7.30182994E-02  6.84184220E-02  6.39750831E-02  5.97107570E-02  5.54946910E-02  5.15708175E-02  4.76781804E-02  4.40106108E-02  4.04273879E-02  3.71118604E-02  3.39307119E-02  3.09451438E-02  2.80719838E-02  2.54512669E-02  2.29265043E-02  2.05771788E-02  1.84165113E-02  1.63696900E-02  1.45527791E-02  1.28404172E-02  1.12495500E-02  9.84502962E-03  8.52934412E-03  7.37000062E-03  6.32270971E-03  5.42096539E-03  4.57076328E-03  3.84841401E-03  3.21723755E-03  2.66626559E-03  2.19128583E-03  1.78937513E-03  1.42925699E-03  1.15000325E-03  9.13096927E-04  7.07673444E-04  5.47026781E-04  4.15817011E-04  3.11752949E-04  2.30842452E-04  1.69817973E-04  1.23501783E-04  8.61693508E-05  6.01863782E-05  4.22018311E-05  2.84536709E-05  1.80179683E-05  1.31286811E-05  8.45349479E-06  5.30601787E-06  3.17220349E-06  2.02534274E-06  1.09591993E-06  6.81886452E-07  4.33052994E-07  1.85647585E-07  9.32077589E-08  4.97967416E-08  7.64772907E-09  0.00000000E+00  0.00000000E+00  0.00000000E+00  0.00000000E+00  0.00000000E+00  4.90120441E-09  0.00000000E+00  0.00000000E+00  0.00000000E+00  0.00000000E+00  0.00000000E+00  0.00000000E+00  0.00000000E+00  0.00000000E+00  0.00000000E+00  0.00000000E+00  0.00000000E+00  0.00000000E+00  0.00000000E+00  0.00000000E+00  0.00000000E+00  0.00000000E+00  0.00000000E+00  0.00000000E+00  0.00000000E+00  0.00000000E+00  0.00000000E+00  0.00000000E+00  0.00000000E+00  0.00000000E+00  0.00000000E+00  0.00000000E+00  0.00000000E+00  0.00000000E+00  0.00000000E+00  0.00000000E+00  0.00000000E+00  0.00000000E+00  0.00000000E+00  0.00000000E+00  0.00000000E+00  0.00000000E+00  0.00000000E+00  0.00000000E+00  0.00000000E+00  0.00000000E+00  0.00000000E+00  0.00000000E+00  0.00000000E+00  0.00000000E+00  0.00000000E+00  0.00000000E+00  0.00000000E+00  0.00000000E+00  0.00000000E+00  0.00000000E+00  0.00000000E+00  0.00000000E+00  0.00000000E+00  0.00000000E+00  0.00000000E+00  0.00000000E+00  0.00000000E+00  0.00000000E+00  0.00000000E+00  0.00000000E+00  0.00000000E+00  0.00000000E+00  0.00000000E+00  0.00000000E+00  0.00000000E+00  0.00000000E+00  0.00000000E+00  0.00000000E+00  0.00000000E+00  0.00000000E+00  0.00000000E+00  0.00000000E+00  0.00000000E+00  0.00000000E+00  0.00000000E+00  0.00000000E+00  0.00000000E+00  0.00000000E+00  0.00000000E+00  0.00000000E+00  0.00000000E+00  0.00000000E+00  0.00000000E+00  0.00000000E+00  0.00000000E+00  0.00000000E+00  0.00000000E+00
  2.63122886E-01  2.61533112E-01  2.61475853E-01  2.60488492E-01  2.60102122E-01  2.58550033E-01  2.57476431E-01  2.56054643E-01  2.54082256E-01  2.52126307E-01  2.49694081E-01  2.47211007E-01  2.44369907E-01  2.41777135E-01  2.38486208E-01  2.35223830E-01  2.31908013E-01  2.28072665E-01  2.24545323E-01  2.20399595E-01  2.16089797E-01  2.11890719E-01  2.07474184E-01  2.02844180E-01  1.98212846E-01  1.93375372E-01  1.88484848E-01  1.83456090E-01  1.78302598E-01  1.72976075E-01  1.67782118E-01  1.62424559E-01  1.57028438E-01  1.51581390E-01  1.46068455E-01  1.40634458E-01  1.35150073E-01  1.29736984E-01  1.24317261E-01  1.18797950E-01  1.13411310E-01  1.08130448E-01  1.02762720E-01  9.76093876E-02  9.24870079E-02  8.74628985E-02  8.24572505E-02  7.77369510E-02  7.29971010E-02  6.83954307E-02  6.39691259E-02  5.96615435E-02  5.55033243E-02  5.14941749E-02  4.76241178E-02  4.39693217E-02  4.04463028E-02  3.71194458E-02  3.39222932E-02  3.09203464E-02  2.81193666E-02  2.54288205E-02  2.29167594E-02  2.05877137E-02  1.83874498E-02  1.63827387E-02  1.45339628E-02  1.28186617E-02  1.12514246E-02  9.82794076E-03  8.53634733E-03  7.37494535E-03  6.32486416E-03  5.41075212E-03  4.57768120E-03  3.84980155E-03  3.21955423E-03  2.66402990E-03  2.19288476E-03  1.78736052E-03  1.44131606E-03  1.15496759E-03  9.03524759E-04  7.08278737E-04  5.45677631E-04  4.17269114E-04  3.13729744E-04  2.31007359E-04  1.68098443E-04  1.21695156E-04  8.53277906E-05  6.07243565E-05  4.12386588E-05  2.80024999E-05  1.85716553E-05  1.23899631E-05  8.14186066E-06  5.40416050E-06  3.23583308E-06  1.92504345E-06  1.16959310E-06  7.02903726E-07  4.36416890E-07  2.23089655E-07  8.35591273E-08  4.61069630E-08  1.90352783E-08  9.53445609E-09  2.58345721E-09  0.00000000E+00  2.12672644E-09  0.00000000E+00  0.00000000E+00  0.00000000E+00  0.00000000E+00  0.00000000E+00  0.00000000E+00  0.00000000E+00  0.00000000E+00  0.00000000E+00  0.00000000E+00  0.00000000E+00  0.00000000E+00  0.00000000E+00  0.00000000E+00  0.00000000E+00  0.00000000E+00  0.00000000E+00  0.00000000E+00  0.00000000E+00  0.00000000E+00  0.00000000E+00  0.00000000E+00  0.00000000E+00  0.00000000E+00  0.00000000E+00  0.00000000E+00  0.00000000E+00  0.00000000E+00  0.00000000E+00  0.00000000E+00  0.00000000E+00  0.00000000E+00  0.00000000E+00  0.00000000E+00  0.00000000E+00  0.00000000E+00  0.00000000E+00  0.00000000E+00  0.00000000E+00  0.00000000E+00  0.00000000E+00  0.00000000E+00  0.00000000E+00  0.00000000E+00  0.00000000E+00  0.00000000E+00  0.00000000E+00  0.00000000E+00  0.00000000E+00  0.00000000E+00  0.00000000E+00  0.00000000E+00  0.00000000E+00  0.00000000E+00  0.00000000E+00  0.00000000E+00  0.00000000E+00  0.00000000E+00  0.00000000E+00  0.00000000E+00  0.00000000E+00  0.00000000E+00  0.00000000E+00  0.00000000E+00  0.00000000E+00  0.00000000E+00  0.00000000E+00  0.00000000E+00  0.00000000E+00  0.00000000E+00  0.00000000E+00  0.00000000E+00  0.00000000E+00  0.00000000E+00  0.00000000E+00  0.00000000E+00  0.00000000E+00  0.00000000E+00  0.00000000E+00  0.00000000E+00  0.00000000E+00  0.00000000E+00  0.00000000E+00  0.00000000E+00  0.00000000E+00  0.00000000E+00  0.00000000E+00  0.00000000E+00  0.00000000E+00
  2.62821986E-01  2.61757242E-01  2.61108210E-01  2.60648873E-01  2.59778692E-01  2.58449441E-01  2.57036916E-01  2.55459535E-01  2.53718967E-01  2.51631315E-01  2.49585110E-01  2.46969362E-01  2.44317116E-01  2.41567727E-01  2.38458121E-01  2.35184492E-01  2.31546671E-01  2.28314292E-01  2.24310723E-01  2.20204562E-01  2.16137542E-01  2.11855595E-01  2.07429851E-01  2.02903533E-01  1.98134361E-01  1.93382428E-01  1.88327762E-01  1.83335561E-01  1.78206702E-01  1.73063248E-01  1.67639658E-01  1.62333539E-01  1.57028143E-01  1.51596892E-01  1.46231251E-01  1.40663034E-01  1.35094804E-01  1.29682014E-01  1.24288416E-01  1.18869658E-01  1.13504029E-01  1.08087423E-01  1.02887389E-01  9.76680612E-02  9.25133954E-02  8.74817317E-02  8.25647502E-02  7.77550331E-02  7.30009325E-02  6.84418508E-02  6.39668771E-02  5.96854198E-02  5.55564627E-02  5.15414810E-02  4.76798986E-02  4.40323197E-02  4.04641292E-02  3.71509138E-02  3.39438573E-02  3.09686156E-02  2.81332356E-02  2.54174431E-02  2.29466394E-02  2.05802953E-02  1.84158621E-02  1.64044555E-02  1.45289578E-02  1.28075135E-02  1.12616554E-02  9.82673407E-03  8.55351615E-03  7.37917212E-03  6.33645507E-03  5.40690453E-03  4.57931928E-03  3.86000200E-03  3.21210383E-03  2.67178120E-03  2.19268586E-03  1.78628291E-03  1.43962778E-03  1.14747239E-03  9.09943617E-04  7.08404200E-04  5.44160319E-04  4.16765865E-04  3.09550762E-04  2.30180053E-04  1.68657410E-04  1.20236607E-04  8.66739191E-05  6.02828919E-05  4.23197810E-05  2.84757681E-05  1.94518317E-05  1.23302966E-05  8.34838074E-06  5.34532337E-06  3.39898484E-06  1.95418994E-06  1.24867112E-06  7.42103251E-07  4.22998577E-07  2.25513600E-07  8.03929750E-08  4.46677819E-08  3.09211797E-08  3.67915608E-09  2.32675329E-09  0.00000000E+00  0.00000000E+00  0.00000000E+00  0.00000000E+00  0.00000000E+00  0.00000000E+00  0.00000000E+00  0.00000000E+00  0.00000000E+00  0.00000000E+00  0.00000000E+00  0.00000000E+00  0.00000000E+00  0.00000000E+00  0.00000000E+00  0.00000000E+00  0.00000000E+00  0.00000000E+00  0.00000000E+00  0.00000000E+00  0.00000000E+00  0.00000000E+00  0.00000000E+00  0.00000000E+00  0.00000000E+00  0.00000000E+00  0.00000000E+00  0.00000000E+00  0.00000000E+00  0.00000000E+00  0.00000000E+00  0.00000000E+00  0.00000000E+00  0.00000000E+00  0.00000000E+00  0.00000000E+00  0.00000000E+00  0.00000000E+00  0.00000000E+00  0.00000000E+00  0.00000000E+00  0.00000000E+00  0.00000000E+00  0.00000000E+00  0.00000000E+00  0.00000000E+00  0.00000000E+00  0.00000000E+00  0.00000000E+00  0.00000000E+00  0.00000000E+00  0.00000000E+00  0.00000000E+00  0.00000000E+00  0.00000000E+00  0.00000000E+00  0.00000000E+00  0.00000000E+00  0.00000000E+00  0.00000000E+00  0.00000000E+00  0.00000000E+00  0.00000000E+00  0.00000000E+00  0.00000000E+00  0.00000000E+00  0.00000000E+00  0.00000000E+00  0.00000000E+00  0.00000000E+00  0.00000000E+00  0.00000000E+00  0.00000000E+00  0.00000000E+00  0.00000000E+00  0.00000000E+00  0.00000000E+00  0.00000000E+00  0.00000000E+00  0.00000000E+00  0.00000000E+00  0.00000000E+00  0.00000000E+00  0.00000000E+00  0.00000000E+00  0.00000000E+00  0.00000000E+00  0.00000000E+00  0.00000000E+00  0.00000000E+00  0.00000000E+00
  2.61967676E-01  2.61592455E-01  2.61374676E-01  2.60525916E-01  2.59323080E-01  2.58581890E-01  2.57142577E-01  2.55508818E-01  2.53850166E-01  2.51799707E-01  2.49534914E-01  2.47017097E-01  2.44368599E-01  2.41428127E-01  2.38412547E-01  2.35250978E-01  2.31591595E-01  2.28113375E-01  2.24291995E-01  2.20190941E-01  2.16121371E-01  2.11979077E-01  2.07592784E-01  2.02763765E-01  1.98096939E-01  1.93335475E-01  1.88376264E-01  1.83363249E-01  1.78211632E-01  1.73004401E-01  1.67771579E-01  1.62443277E-01  1.57005771E-01  1.51663955E-01  1.46123900E-01  1.40662074E-01  1.35264340E-01  1.29636869E-01  1.24256658E-01  1.18826547E-01  1.13425182E-01  1.08116954E-01  1.02811783E-01  9.76273318E-02  9.25382258E-02  8.75090314E-02  8.25498823E-02  7.76789297E-02  7.29808138E-02  6.84636660E-02  6.40115192E-02  5.96994181E-02  5.55509644E-02  5.15460245E-02  4.77250708E-02  4.40157295E-02  4.04975098E-02  3.71412856E-02  3.39651907E-02  3.09573087E-02  2.81091478E-02  2.54549789E-02  2.29201179E-02  2.05735712E-02  1.84118323E-02  1.63845773E-02  1.45099591E-02  1.28096025E-02  1.12517680E-02  9.83284105E-03  8.54667997E-03  7.38612411E-03  6.33596633E-03  5.40760080E-03  4.58264383E-03  3.86515893E-03  3.21610252E-03  2.66676870E-03  2.19319789E-03  1.78517335E-03  1.44006325E-03  1.15024111E-03  9.02893650E-04  7.08257719E-04  5.48576361E-04  4.13177095E-04  3.15030274E-04  2.31747078E-04  1.70245139E-04  1.21765952E-04  8.63029394E-05  5.99470145E-05  4.17273457E-05  2.88085260E-05  1.88882538E-05  1.26095780E-05  8.08783793E-06  4.99819266E-06  3.26391411E-06  1.96722767E-06  1.15139707E-06  6.49958995E-07  3.50388803E-07  2.28316541E-07  1.18485532E-07  3.95615638E-08  2.14550045E-08  1.92051441E-08  3.16278513E-09  2.14022524E-09  0.00000000E+00  0.00000000E+00  0.00000000E+00  0.00000000E+00  0.00000000E+00  0.00000000E+00  0.00000000E+00  0.00000000E+00  0.00000000E+00  0.00000000E+00  0.00000000E+00  0.00000000E+00  0.00000000E+00  0.00000000E+00  0.00000000E+00  0.00000000E+00  0.00000000E+00  0.00000000E+00  0.00000000E+00  0.00000000E+00  0.00000000E+00  0.00000000E+00  0.00000000E+00  0.00000000E+00  0.00000000E+00  0.00000000E+00  0.00000000E+00  0.00000000E+00  0.00000000E+00  0.00000000E+00  0.00000000E+00  0.00000000E+00  0.00000000E+00  0.00000000E+00  0.00000000E+00  0.00000000E+00  0.00000000E+00  0.00000000E+00  0.00000000E+00  0.00000000E+00  0.00000000E+00  0.00000000E+00  0.00000000E+00  0.00000000E+00  0.00000000E+00  0.00000000E+00  0.00000000E+00  0.00000000E+00  0.00000000E+00  0.00000000E+00  0.00000000E+00  0.00000000E+00  0.00000000E+00  0.00000000E+00  0.00000000E+00  0.00000000E+00  0.00000000E+00  0.00000000E+00  0.00000000E+00  0.00000000E+00  0.00000000E+00  0.00000000E+00  0.00000000E+00  0.00000000E+00  0.00000000E+00  0.00000000E+00  0.00000000E+00  0.00000000E+00  0.00000000E+00  0.00000000E+00  0.00000000E+00  0.00000000E+00  0.00000000E+00  0.00000000E+00  0.00000000E+00  0.00000000E+00  0.00000000E+00  0.00000000E+00  0.00000000E+00  0.00000000E+00  0.00000000E+00  0.00000000E+00  0.00000000E+00  0.00000000E+00  0.00000000E+00  0.00000000E+00  0.00000000E+00  0.00000000E+00  0.00000000E+00  0.00000000E+00
  2.61433992E-01  2.61837319E-01  2.61315460E-01  2.60658646E-01  2.59924816E-01  2.58969210E-01  2.57394590E-01  2.55748218E-01  2.53700182E-01  2.52001996E-01  2.49521826E-01  2.47189061E-01  2.44630118E-01  2.41650300E-01  2.38659703E-01  2.35260462E-01  2.31828296E-01  2.28096501E-01  2.24313992E-01  2.20468426E-01  2.16094284E-01  2.11882593E-01  2.07458349E-01  2.02821230E-01  1.98224038E-01  1.93279198E-01  1.88421200E-01  1.83406170E-01  1.78269100E-01  1.73000437E-01  1.67761758E-01  1.62329468E-01  1.57030255E-01  1.51532619E-01  1.46078620E-01  1.40709651E-01  1.35109005E-01  1.29692979E-01  1.24288707E-01  1.18760010E-01  1.13450534E-01  1.08094356E-01  1.02840469E-01  9.75916861E-02  9.24713461E-02  8.74886875E-02  8.24857326E-02  7.76973407E-02  7.30080548E-02  6.84209763E-02  6.39282230E-02  5.97080578E-02  5.55240376E-02  5.15063750E-02  4.77010443E-02  4.39967182E-02  4.05130634E-02  3.70936609E-02  3.39097770E-02  3.09531597E-02  2.80814974E-02  2.54179953E-02  2.29166783E-02  2.06031116E-02  1.84125438E-02  1.63932459E-02  1.45251914E-02  1.28349721E-02  1.12621487E-02  9.83880038E-03  8.54985356E-03  7.38030213E-03  6.33431379E-03  5.39801241E-03  4.58761678E-03  3.85503189E-03  3.22714363E-03  2.66285173E-03  2.18877174E-03  1.78583211E-03  1.44263950E-03  1.15154364E-03  9.12600950E-04  7.09852028E-04  5.47429990E-04  4.18455337E-04  3.13341982E-04  2.32590978E-04  1.69651314E-04  1.20918795E-04  8.74695856E-05  6.03638647E-05  4.16037632E-05  2.84379344E-05  1.84321952E-05  1.24562970E-05  8.07426354E-06  5.31261577E-06  3.39741722E-06  1.96083473E-06  1.22750476E-06  6.93510744E-07  3.51612889E-07  2.21462760E-07  1.12861611E-07  4.52522627E-08  2.23606293E-08  7.06886798E-09  3.25451539E-09  0.00000000E+00  0.00000000E+00  0.00000000E+00  0.00000000E+00  0.00000000E+00  0.00000000E+00  0.00000000E+00  0.00000000E+00  0.00000000E+00  0.00000000E+00  0.00000000E+00  0.00000000E+00  0.00000000E+00  0.00000000E+00  0.00000000E+00  0.00000000E+00  0.00000000E+00  0.00000000E+00  0.00000000E+00  0.00000000E+00  0.00000000E+00  0.00000000E+00  0.00000000E+00  0.00000000E+00  0.00000000E+00  0.00000000E+00  0.00000000E+00  0.00000000E+00  0.00000000E+00  0.00000000E+00  0.00000000E+00  0.00000000E+00  0.00000000E+00  0.00000000E+00  0.00000000E+00  0.00000000E+00  0.00000000E+00  0.00000000E+00  0.00000000E+00  0.00000000E+00  0.00000000E+00  0.00000000E+00  0.00000000E+00  0.00000000E+00  0.00000000E+00  0.00000000E+00  0.00000000E+00  0.00000000E+00  0.00000000E+00  0.00000000E+00  0.00000000E+00  0.00000000E+00  0.00000000E+00  0.00000000E+00  0.00000000E+00  0.00000000E+00  0.00000000E+00  0.00000000E+00  0.00000000E+00  0.00000000E+00  0.00000000E+00  0.00000000E+00  0.00000000E+00  0.00000000E+00  0.00000000E+00  0.00000000E+00  0.00000000E+00  0.00000000E+00  0.00000000E+00  0.00000000E+00  0.00000000E+00  0.00000000E+00  0.00000000E+00  0.00000000E+00  0.00000000E+00  0.00000000E+00  0.00000000E+00  0.00000000E+00  0.00000000E+00  0.00000000E+00  0.00000000E+00  0.00000000E+00  0.00000000E+00  0.00000000E+00  0.00000000E+00  0.00000000E+00  0.00000000E+00  0.00000000E+00  0.00000000E+00  0.00000000E+00  0.00000000E+00
  2.62337517E-01  2.61719712E-01  2.61565959E-01  2.61244189E-01  2.59834835E-01  2.58883083E-01  2.57304466E-01  2.55541856E-01  2.54245654E-01  2.51953129E-01  2.49739928E-01  2.47394578E-01  2.44420539E-01  2.41650472E-01  2.38620315E-01  2.35260576E-01  2.31829580E-01  2.28171930E-01  2.24402044E-01  2.20373032E-01  2.16242102E-01  2.11907530E-01  2.07344910E-01  2.02975973E-01  1.98174645E-01  1.93379109E-01  1.88432086E-01  1.83383765E-01  1.78290845E-01  1.73071331E-01  1.67738122E-01  1.62373479E-01  1.56976518E-01  1.51610819E-01  1.46080465E-01  1.40639601E-01  1.35165260E-01  1.29656004E-01  1.24226933E-01  1.18787724E-01  1.13369179E-01  1.08066434E-01  1.02798076E-01  9.76145703E-02  9.25011752E-02  8.74604013E-02  8.25049703E-02  7.76720428E-02  7.30044391E-02  6.84505512E-02  6.39306624E-02  5.96489787E-02  5.55187990E-02  5.15259659E-02  4.76698624E-02  4.39978618E-02  4.04679827E-02  3.71107649E-02  3.39699092E-02  3.09493338E-02  2.80789244E-02  2.54266924E-02  2.29193912E-02  2.05812130E-02  1.84019625E-02  1.63722385E-02  1.45231634E-02  1.28292573E-02  1.12458257E-02  9.84070151E-03  8.52651500E-03  7.38309984E-03  6.33239161E-03  5.41368420E-03  4.57998260E-03  3.84831361E-03  3.21948610E-03  2.66248055E-03  2.19086052E-03  1.78601436E-03  1.43553620E-03  1.14783495E-03  9.06633281E-04  7.10389921E-04  5.48139566E-04  4.16183036E-04  3.13097731E-04  2.33466526E-04  1.70760309E-04  1.23358098E-04  8.85269636E-05  5.96287506E-05  4.24490356E-05  2.79001449E-05  1.90303200E-05  1.28343466E-05  8.47946713E-06  5.26999242E-06  3.41318736E-06  1.95484765E-06  1.14820658E-06  6.97642138E-07  3.62389972E-07  1.97297777E-07  5.83055820E-08  4.71506793E-08  1.91581761E-08  2.00779747E-08  7.51165109E-10  0.00000000E+00  0.00000000E+00  0.00000000E+00  8.49363399E-10  0.00000000E+00  0.00000000E+00  0.00000000E+00  0.00000000E+00  0.00000000E+00  0.00000000E+00  0.00000000E+00  0.00000000E+00  0.00000000E+00  0.00000000E+00  0.00000000E+00  0.00000000E+00  0.00000000E+00  0.00000000E+00  0.00000000E+00  0.00000000E+00  0.00000000E+00  0.00000000E+00  0.00000000E+00  0.00000000E+00  0.00000000E+00  0.00000000E+00  0.00000000E+00  0.00000000E+00  0.00000000E+00  0.00000000E+00  0.00000000E+00  0.00000000E+00  0.00000000E+00  0.00000000E+00  0.00000000E+00  0.00000000E+00  0.00000000E+00  0.00000000E+00  0.00000000E+00  0.00000000E+00  0.00000000E+00  0.00000000E+00  0.00000000E+00  0.00000000E+00  0.00000000E+00  0.00000000E+00  0.00000000E+00  0.00000000E+00  0.00000000E+00  0.00000000E+00  0.00000000E+00  0.00000000E+00  0.00000000E+00  0.00000000E+00  0.00000000E+00  0.00000000E+00  0.00000000E+00  0.00000000E+00  0.00000000E+00  0.00000000E+00  0.00000000E+00  0.00000000E+00  0.00000000E+00  0.00000000E+00  0.00000000E+00  0.00000000E+00  0.00000000E+00  0.00000000E+00  0.00000000E+00  0.00000000E+00  0.00000000E+00  0.00000000E+00  0.00000000E+00  0.00000000E+00  0.00000000E+00  0.00000000E+00  0.00000000E+00  0.00000000E+00  0.00000000E+00  0.00000000E+00  0.00000000E+00  0.00000000E+00  0.00000000E+00  0.00000000E+00  0.00000000E+00  0.00000000E+00  0.00000000E+00  0.00000000E+00  0.00000000E+00  0.00000000E+00  0.00000000E+00
  2.62834724E-01  2.61756060E-01  2.61842420E-01  2.61044687E-01  2.60379152E-01  2.58768510E-01  2.57464412E-01  2.55906342E-01  2.53996147E-01  2.52145762E-01  2.49582508E-01  2.47086599E-01  2.44602429E-01  2.41494440E-01  2.38574162E-01  2.35188609E-01  2.31866830E-01  2.28043005E-01  2.24377432E-01  2.20296985E-01  2.16032298E-01  2.11860441E-01  2.07332211E-01  2.02878939E-01  1.98079415E-01  1.93256358E-01  1.88482830E-01  1.83385670E-01  1.78174966E-01  1.73019615E-01  1.67768193E-01  1.62398636E-01  1.56983722E-01  1.51548209E-01  1.46099607E-01  1.40597450E-01  1.35167599E-01  1.29723552E-01  1.24274389E-01  1.18816254E-01  1.13485100E-01  1.08094929E-01  1.02847363E-01  9.76591338E-02  9.25249161E-02  8.74559378E-02  8.24930157E-02  7.77365541E-02  7.29930453E-02  6.84156512E-02  6.40236654E-02  5.96704340E-02  5.55363526E-02  5.15663932E-02  4.76695922E-02  4.40150715E-02  4.04970938E-02  3.71070988E-02  3.39265664E-02  3.09230044E-02  2.80768269E-02  2.54185597E-02  2.29132843E-02  2.05823637E-02  1.83857497E-02  1.63707696E-02  1.45327606E-02  1.28028124E-02  1.12588926E-02  9.83287833E-03  8.54167416E-03  7.38250911E-03  6.32756795E-03  5.41690755E-03  4.57688311E-03  3.85150683E-03  3.21932182E-03  2.67004818E-03  2.19585644E-03  1.78650202E-03  1.44087975E-03  1.14813702E-03  9.05604057E-04  7.10801624E-04  5.48043315E-04  4.15322168E-04  3.13092340E-04  2.30871068E-04  1.70679341E-04  1.21474600E-04  8.71279992E-05  5.96299695E-05  4.23935939E-05  2.83383136E-05  1.86717845E-05  1.31006779E-05  8.13426199E-06  5.37892098E-06  3.24286836E-06  1.98529675E-06  1.07948321E-06  6.94295077E-07  3.36609060E-07  2.16881754E-07  9.38717398E-08  4.71044583E-08  2.75586840E-08  3.14120700E-09  3.21599764E-09  1.59331390E-09  9.16777608E-10  0.00000000E+00  0.00000000E+00  0.00000000E+00  0.00000000E+00  0.00000000E+00  0.00000000E+00  0.00000000E+00  0.00000000E+00  0.00000000E+00  0.00000000E+00  0.00000000E+00  0.00000000E+00  0.00000000E+00  0.00000000E+00  0.00000000E+00  0.00000000E+00  0.00000000E+00  0.00000000E+00  0.00000000E+00  0.00000000E+00  0.00000000E+00  0.00000000E+00  0.00000000E+00  0.00000000E+00  0.00000000E+00  0.00000000E+00  0.00000000E+00  0.00000000E+00  0.00000000E+00  0.00000000E+00  0.00000000E+00  0.00000000E+00  0.00000000E+00  0.00000000E+00  0.00000000E+00  0.00000000E+00  0.00000000E+00  0.00000000E+00  0.00000000E+00  0.00000000E+00  0.00000000E+00  0.00000000E+00  0.00000000E+00  0.00000000E+00  0.00000000E+00  0.00000000E+00  0.00000000E+00  0.00000000E+00  0.00000000E+00  0.00000000E+00  0.00000000E+00  0.00000000E+00  0.00000000E+00  0.00000000E+00  0.00000000E+00  0.00000000E+00  0.00000000E+00  0.00000000E+00  0.00000000E+00  0.00000000E+00  0.00000000E+00  0.00000000E+00  0.00000000E+00  0.00000000E+00  0.00000000E+00  0.00000000E+00  0.00000000E+00  0.00000000E+00  0.00000000E+00  0.00000000E+00  0.00000000E+00  0.00000000E+00  0.00000000E+00  0.00000000E+00  0.00000000E+00  0.00000000E+00  0.00000000E+00  0.00000000E+00  0.00000000E+00  0.00000000E+00  0.00000000E+00  0.00000000E+00  0.00000000E+00  0.00000000E+00  0.00000000E+00  0.00000000E+00  0.00000000E+00  0.00000000E+00  0.00000000E+00
  2.61706362E-01  2.61477434E-01  2.61013597E-01  2.60481101E-01  2.59491234E-01  2.58838985E-01  2.57416841E-01  2.55355775E-01  2.54117344E-01  2.51832850E-01  2.49293121E-01  2.47146420E-01  2.44438678E-01  2.41810931E-01  2.38523932E-01  2.35230774E-01  2.31794254E-01  2.28085644E-01  2.24256808E-01  2.20303348E-01  2.16157399E-01  2.11826277E-01  2.07397663E-01  2.02955764E-01  1.98058673E-01  1.93293220E-01  1.88365649E-01  1.83401476E-01  1.78291482E-01  1.72995326E-01  1.67744206E-01  1.62369319E-01  1.57068568E-01  1.51667810E-01  1.46163759E-01  1.40704865E-01  1.35117350E-01  1.29700271E-01  1.24310097E-01  1.18724549E-01  1.13410219E-01  1.08101999E-01  1.02900542E-01  9.76297905E-02  9.24571418E-02  8.74921280E-02  8.25760921E-02  7.77274270E-02  7.30475646E-02  6.84933415E-02  6.40140467E-02  5.96887407E-02  5.55547016E-02  5.15415189E-02  4.76908334E-02  4.39784730E-02  4.04678415E-02  3.71011593E-02  3.39384416E-02  3.09216758E-02  2.80907259E-02  2.54392436E-02  2.29519855E-02  2.05749143E-02  1.84008708E-02  1.63663001E-02  1.45347662E-02  1.28194663E-02  1.12640083E-02  9.83633422E-03  8.53529480E-03  7.38879033E-03  6.32269049E-03  5.40215251E-03  4.57511066E-03  3.85310585E-03  3.21545968E-03  2.66416770E-03  2.18731082E-03  1.78304601E-03  1.43498363E-03  1.14148359E-03  9.09103441E-04  7.03522069E-04  5.49195435E-04  4.15193086E-04  3.10853413E-04  2.31096983E-04  1.69302124E-04  1.21147348E-04  8.46589275E-05  6.02535191E-05  4.07709505E-05  2.78922982E-05  1.87105168E-05  1.28841753E-05  8.11542507E-06  5.42051618E-06  3.42307869E-06  1.76776390E-06  1.14107048E-06  6.43028313E-07  2.96848287E-07  1.96527595E-07  1.07446829E-07  6.60800310E-08  2.06285650E-08  4.79025165E-09  2.83734350E-10  0.00000000E+00  0.00000000E+00  0.00000000E+00  0.00000000E+00  0.00000000E+00  0.00000000E+00  0.00000000E+00  0.00000000E+00  0.00000000E+00  0.00000000E+00  0.00000000E+00  0.00000000E+00  0.00000000E+00  0.00000000E+00  0.00000000E+00  0.00000000E+00  0.00000000E+00  0.00000000E+00  0.00000000E+00  0.00000000E+00  0.00000000E+00  0.00000000E+00  0.00000000E+00  0.00000000E+00  0.00000000E+00  0.00000000E+00  0.00000000E+00  0.00000000E+00  0.00000000E+00  0.00000000E+00  0.00000000E+00  0.00000000E+00  0.00000000E+00  0.00000000E+00  0.00000000E+00  0.00000000E+00  0.00000000E+00  0.00000000E+00  0.00000000E+00  0.00000000E+00  0.00000000E+00  0.00000000E+00  0.00000000E+00  0.00000000E+00  0.00000000E+00  0.00000000E+00  0.00000000E+00  0.00000000E+00  0.00000000E+00  0.00000000E+00  0.00000000E+00  0.00000000E+00  0.00000000E+00  0.00000000E+00  0.00000000E+00  0.00000000E+00  0.00000000E+00  0.00000000E+00  0.00000000E+00  0.00000000E+00  0.00000000E+00  0.00000000E+00  0.00000000E+00  0.00000000E+00  0.00000000E+00  0.00000000E+00  0.00000000E+00  0.00000000E+00  0.00000000E+00  0.00000000E+00  0.00000000E+00  0.00000000E+00  0.00000000E+00  0.00000000E+00  0.00000000E+00  0.00000000E+00  0.00000000E+00  0.00000000E+00  0.00000000E+00  0.00000000E+00  0.00000000E+00  0.00000000E+00  0.00000000E+00  0.00000000E+00  0.00000000E+00  0.00000000E+00  0.00000000E+00  0.00000000E+00  0.00000000E+00  0.00000000E+00  0.00000000E+00
  2.62058291E-01  2.61704349E-01  2.61660826E-01  2.60609654E-01  2.59684765E-01  2.58484540E-01  2.57211017E-01  2.55514786E-01  2.53927186E-01  2.51589636E-01  2.49493601E-01  2.47092443E-01  2.44515289E-01  2.41400262E-01  2.38378351E-01  2.35147491E-01  2.31793942E-01  2.28112600E-01  2.24287090E-01  2.20275407E-01  2.16138184E-01  2.11827222E-01  2.07385065E-01  2.02782492E-01  1.98158784E-01  1.93283650E-01  1.88246052E-01  1.83357563E-01  1.78250580E-01  1.72962676E-01  1.67719713E-01  1.62412399E-01  1.57014768E-01  1.51554171E-01  1.46147919E-01  1.40625128E-01  1.35206929E-01  1.29707906E-01  1.24345478E-01  1.18817897E-01  1.13409963E-01  1.08055122E-01  1.02841772E-01  9.76242976E-02  9.25382579E-02  8.74552045E-02  8.25334654E-02  7.77434255E-02  7.30506440E-02  6.84587407E-02  6.40332196E-02  5.97097235E-02  5.55421570E-02  5.15342642E-02  4.77172016E-02  4.40441080E-02  4.05018066E-02  3.71510777E-02  3.39490584E-02  3.09351426E-02  2.80913952E-02  2.54139673E-02  2.29274434E-02  2.05883167E-02  1.84223587E-02  1.63996216E-02  1.45320013E-02  1.28337098E-02  1.12638330E-02  9.83100252E-03  8.53778573E-03  7.38046222E-03  6.34736051E-03  5.41289845E-03  4.59167688E-03  3.86173619E-03  3.23122900E-03  2.67817336E-03  2.18587447E-03  1.78910951E-03  1.44187453E-03  1.15147117E-03  9.10131205E-04  7.10269066E-04  5.45063150E-04  4.14248193E-04  3.11803021E-04  2.30661874E-04  1.69719059E-04  1.21204965E-04  8.65583452E-05  6.09365972E-05  4.17814709E-05  2.84514508E-05  1.92411657E-05  1.31670360E-05  8.19354415E-06  5.18399703E-06  3.15314693E-06  1.86711414E-06  1.14642967E-06  6.70453678E-07  3.89104193E-07  2.29840311E-07  1.06129136E-07  4.69756559E-08  3.07474838E-08  8.05788854E-09  1.49202122E-09  0.00000000E+00  3.46977546E-09  8.66031983E-10  0.00000000E+00  0.00000000E+00  0.00000000E+00  0.00000000E+00  0.00000000E+00  0.00000000E+00  0.00000000E+00  0.00000000E+00  0.00000000E+00  0.00000000E+00  0.00000000E+00  0.00000000E+00  0.00000000E+00  0.00000000E+00  0.00000000E+00  0.00000000E+00  0.00000000E+00  0.00000000E+00  0.00000000E+00  0.00000000E+00  0.00000000E+00  0.00000000E+00  0.00000000E+00  0.00000000E+00  0.00000000E+00  0.00000000E+00  0.00000000E+00  0.00000000E+00  0.00000000E+00  0.00000000E+00  0.00000000E+00  0.00000000E+00  0.00000000E+00  0.00000000E+00  0.00000000E+00  0.00000000E+00  0.00000000E+00  0.00000000E+00  0.00000000E+00  0.00000000E+00  0.00000000E+00  0.00000000E+00  0.00000000E+00  0.00000000E+00  0.00000000E+00  0.00000000E+00  0.00000000E+00  0.00000000E+00  0.00000000E+00  0.00000000E+00  0.00000000E+00  0.00000000E+00  0.00000000E+00  0.00000000E+00  0.00000000E+00  0.00000000E+00  0.00000000E+00  0.00000000E+00  0.00000000E+00  0.00000000E+00  0.00000000E+00  0.00000000E+00  0.00000000E+00  0.00000000E+00  0.00000000E+00  0.00000000E+00  0.00000000E+00  0.00000000E+00  0.00000000E+00  0.00000000E+00  0.00000000E+00  0.00000000E+00  0.00000000E+00  0.00000000E+00  0.00000000E+00  0.00000000E+00  0.00000000E+00  0.00000000E+00  0.00000000E+00  0.00000000E+00  0.00000000E+00  0.00000000E+00  0.00000000E+00  0.00000000E+00  0.00000000E+00  0.00000000E+00  0.00000000E+00  0.00000000E+00
  2.62122756E-01  2.61943407E-01  2.61175539E-01  2.60849050E-01  2.59526124E-01  2.58306104E-01  2.57229446E-01  2.55535126E-01  2.53880859E-01  2.52121644E-01  2.49599452E-01  2.47172462E-01  2.44184797E-01  2.41530258E-01  2.38531527E-01  2.35199625E-01  2.31674120E-01  2.28212227E-01  2.24443944E-01  2.20439230E-01  2.16188225E-01  2.11726763E-01  2.07445943E-01  2.02843826E-01  1.98095722E-01  1.93336160E-01  1.88304775E-01  1.83358986E-01  1.78316882E-01  1.73055368E-01  1.67793822E-01  1.62356065E-01  1.56973195E-01  1.51445623E-01  1.46191638E-01  1.40581647E-01  1.35158672E-01  1.29696442E-01  1.24246385E-01  1.18740603E-01  1.13464345E-01  1.08124965E-01  1.02901020E-01  9.76490997E-02  9.25225667E-02  8.74608377E-02  8.25305912E-02  7.76767001E-02  7.30350685E-02  6.84065916E-02  6.39443813E-02  5.96707053E-02  5.55902750E-02  5.15396629E-02  4.76991718E-02  4.40549220E-02  4.04715997E-02  3.71299708E-02  3.39563307E-02  3.09586265E-02  2.81333523E-02  2.54222995E-02  2.29448277E-02  2.05803007E-02  1.84003091E-02  1.63728980E-02  1.45390606E-02  1.28156934E-02  1.12471555E-02  9.82416950E-03  8.55733747E-03  7.37417514E-03  6.32756400E-03  5.41097221E-03  4.58342078E-03  3.86474291E-03  3.22998060E-03  2.67828342E-03  2.19421797E-03  1.78410940E-03  1.44335417E-03  1.14391057E-03  9.07974790E-04  7.10043995E-04  5.51241450E-04  4.19176295E-04  3.12024539E-04  2.32833777E-04  1.69704145E-04  1.21544970E-04  8.69607388E-05  6.09822819E-05  4.13081644E-05  2.87190352E-05  1.88918841E-05  1.29620650E-05  7.72813152E-06  5.16737281E-06  3.07947464E-06  2.08114577E-06  1.18789295E-06  7.32731846E-07  3.64326088E-07  1.93618458E-07  8.25385158E-08  4.44321170E-08  1.39244306E-08  5.06858105E-09  7.92108762E-09  2.05196050E-10  1.34712136E-09  0.00000000E+00  0.00000000E+00  0.00000000E+00  0.00000000E+00  0.00000000E+00  0.00000000E+00  0.00000000E+00  0.00000000E+00  0.00000000E+00  0.00000000E+00  0.00000000E+00  0.00000000E+00  0.00000000E+00  0.00000000E+00  0.00000000E+00  0.00000000E+00  0.00000000E+00  0.00000000E+00  0.00000000E+00  0.00000000E+00  0.00000000E+00  0.00000000E+00  0.00000000E+00  0.00000000E+00  0.00000000E+00  0.00000000E+00  0.00000000E+00  0.00000000E+00  0.00000000E+00  0.00000000E+00  0.00000000E+00  0.00000000E+00  0.00000000E+00  0.00000000E+00  0.00000000E+00  0.00000000E+00  0.00000000E+00  0.00000000E+00  0.00000000E+00  0.00000000E+00  0.00000000E+00  0.00000000E+00  0.00000000E+00  0.00000000E+00  0.00000000E+00  0.00000000E+00  0.00000000E+00  0.00000000E+00  0.00000000E+00  0.00000000E+00  0.00000000E+00  0.00000000E+00  0.00000000E+00  0.00000000E+00  0.00000000E+00  0.00000000E+00  0.00000000E+00  0.00000000E+00  0.00000000E+00  0.00000000E+00  0.00000000E+00  0.00000000E+00  0.00000000E+00  0.00000000E+00  0.00000000E+00  0.00000000E+00  0.00000000E+00  0.00000000E+00  0.00000000E+00  0.00000000E+00  0.00000000E+00  0.00000000E+00  0.00000000E+00  0.00000000E+00  0.00000000E+00  0.00000000E+00  0.00000000E+00  0.00000000E+00  0.00000000E+00  0.00000000E+00  0.00000000E+00  0.00000000E+00  0.00000000E+00  0.00000000E+00  0.00000000E+00  0.00000000E+00  0.00000000E+00  0.00000000E+00  0.00000000E+00
  2.62340417E-01  2.62255017E-01  2.61718116E-01  2.60442489E-01  2.60010964E-01  2.58631801E-01  2.57257797E-01  2.55633695E-01  2.53803994E-01  2.52020605E-01  2.49614258E-01  2.47150677E-01  2.44589992E-01  2.41605199E-01  2.38477723E-01  2.35211471E-01  2.31782100E-01  2.28227464E-01  2.24284279E-01  2.20310827E-01  2.16044296E-01  2.11817375E-01  2.07446837E-01  2.03025394E-01  1.98094668E-01  1.93431950E-01  1.88378894E-01  1.83330378E-01  1.78319354E-01  1.72903968E-01  1.67768366E-01  1.62440508E-01  1.56990690E-01  1.51623324E-01  1.46083350E-01  1.40682972E-01  1.35185581E-01  1.29747856E-01  1.24163838E-01  1.18875748E-01  1.13432975E-01  1.08087667E-01  1.02885385E-01  9.76074350E-02  9.25012833E-02  8.73707903E-02  8.25013210E-02  7.76532547E-02  7.29449150E-02  6.84626763E-02  6.39619307E-02  5.97222883E-02  5.55942663E-02  5.14944473E-02  4.76680472E-02  4.39910072E-02  4.04796782E-02  3.71368732E-02  3.39450868E-02  3.09190676E-02  2.81158982E-02  2.54297501E-02  2.29252772E-02  2.05787972E-02  1.84040840E-02  1.63784845E-02  1.45361094E-02  1.28247835E-02  1.12658890E-02  9.82982963E-03  8.55852620E-03  7.38778697E-03  6.33115253E-03  5.40239063E-03  4.58214458E-03  3.85021599E-03  3.21552390E-03  2.67827634E-03  2.18931364E-03  1.78261820E-03  1.44181084E-03  1.15074884E-03  9.08457678E-04  7.09472508E-04  5.45205511E-04  4.17802147E-04  3.12216755E-04  2.33522006E-04  1.69535580E-04  1.23969047E-04  8.70699397E-05  6.07853471E-05  4.25175973E-05  2.79146449E-05  1.92086067E-05  1.23863081E-05  8.35209094E-06  5.41603847E-06  3.47309072E-06  2.20695683E-06  1.23360347E-06  6.96243276E-07  3.55164891E-07  1.96788931E-07  8.74960704E-08  3.12822298E-08  3.00630755E-08  1.89126020E-08  2.36175152E-09  1.28581484E-10  0.00000000E+00  7.82905559E-10  0.00000000E+00  0.00000000E+00  0.00000000E+00  0.00000000E+00  0.00000000E+00  0.00000000E+00  0.00000000E+00  0.00000000E+00  0.00000000E+00  0.00000000E+00  0.00000000E+00  0.00000000E+00  0.00000000E+00  0.00000000E+00  0.00000000E+00  0.00000000E+00  0.00000000E+00  0.00000000E+00  0.00000000E+00  0.00000000E+00  0.00000000E+00  0.00000000E+00  0.00000000E+00  0.00000000E+00  0.00000000E+00  0.00000000E+00  0.00000000E+00  0.00000000E+00  0.00000000E+00  0.00000000E+00  0.00000000E+00  0.00000000E+00  0.00000000E+00  0.00000000E+00  0.00000000E+00  0.00000000E+00  0.00000000E+00  0.00000000E+00  0.00000000E+00  0.00000000E+00  0.00000000E+00  0.00000000E+00  0.00000000E+00  0.00000000E+00  0.00000000E+00  0.00000000E+00  0.00000000E+00  0.00000000E+00  0.00000000E+00  0.00000000E+00  0.00000000E+00  0.00000000E+00  0.00000000E+00  0.00000000E+00  0.00000000E+00  0.00000000E+00  0.00000000E+00  0.00000000E+00  0.00000000E+00  0.00000000E+00  0.00000000E+00  0.00000000E+00  0.00000000E+00  0.00000000E+00  0.00000000E+00  0.00000000E+00  0.00000000E+00  0.00000000E+00  0.00000000E+00  0.00000000E+00  0.00000000E+00  0.00000000E+00  0.00000000E+00  0.00000000E+00  0.00000000E+00  0.00000000E+00  0.00000000E+00  0.00000000E+00  0.00000000E+00  0.00000000E+00  0.00000000E+00  0.00000000E+00  0.00000000E+00  0.00000000E+00  0.00000000E+00  0.00000000E+00  0.00000000E+00  0.00000000E+00
  2.61535284E-01  2.62037817E-01  2.61059004E-01  2.60384572E-01  2.59531829E-01  2.58445493E-01  2.56915114E-01  2.55468361E-01  2.53565958E-01  2.51523711E-01  2.49264852E-01  2.47039603E-01  2.44187082E-01  2.41297706E-01  2.38227813E-01  2.35020172E-01  2.31463743E-01  2.28019510E-01  2.24294509E-01  2.20188993E-01  2.16005222E-01  2.11760101E-01  2.07415995E-01  2.02774832E-01  1.98021755E-01  1.93378898E-01  1.88436242E-01  1.83375225E-01  1.78258399E-01  1.73020485E-01  1.67702698E-01  1.62398208E-01  1.57084707E-01  1.51576233E-01  1.46207947E-01  1.40709312E-01  1.35198347E-01  1.29727956E-01  1.24300342E-01  1.18830829E-01  1.13479786E-01  1.08145386E-01  1.02781776E-01  9.76560732E-02  9.25615623E-02  8.75102524E-02  8.25466412E-02  7.76999753E-02  7.30386912E-02  6.84810145E-02  6.40053929E-02  5.97280381E-02  5.55792991E-02  5.15674501E-02  4.77513849E-02  4.40627091E-02  4.05186840E-02  3.71873123E-02  3.39845968E-02  3.09606456E-02  2.81176706E-02  2.54488991E-02  2.29523812E-02  2.05781463E-02  1.84017075E-02  1.64070624E-02  1.45471768E-02  1.28332198E-02  1.12504136E-02  9.84469076E-03  8.54060235E-03  7.39088068E-03  6.34433286E-03  5.40709551E-03  4.57273797E-03  3.85431215E-03  3.21944133E-03  2.66546015E-03  2.19168973E-03  1.78797002E-03  1.43630131E-03  1.14829925E-03  9.05355767E-04  7.06666517E-04  5.45053904E-04  4.16627473E-04  3.11931557E-04  2.30889144E-04  1.67845449E-04  1.21261547E-04  8.67422075E-05  6.08796150E-05  4.18429113E-05  2.83186463E-05  1.86833446E-05  1.20524652E-05  8.06450280E-06  5.28427306E-06  3.48994019E-06  2.17040572E-06  1.11168323E-06  7.91793393E-07  3.81487570E-07  1.84755436E-07  1.13350777E-07  4.81108466E-08  2.87534469E-08  1.33038885E-08  1.29228157E-09  6.76093393E-09  0.00000000E+00  0.00000000E+00  0.00000000E+00  0.00000000E+00  0.00000000E+00  0.00000000E+00  0.00000000E+00  0.00000000E+00  0.00000000E+00  0.00000000E+00  0.00000000E+00  0.00000000E+00  0.00000000E+00  0.00000000E+00  0.00000000E+00  0.00000000E+00  0.00000000E+00  0.00000000E+00  0.00000000E+00  0.00000000E+00  0.00000000E+00  0.00000000E+00  0.00000000E+00  0.00000000E+00  0.00000000E+00  0.00000000E+00  0.00000000E+00  0.00000000E+00  0.00000000E+00  0.00000000E+00  0.00000000E+00  0.00000000E+00  0.00000000E+00  0.00000000E+00  0.00000000E+00  0.00000000E+00  0.00000000E+00  0.00000000E+00  0.00000000E+00  0.00000000E+00  0.00000000E+00  0.00000000E+00  0.00000000E+00  0.00000000E+00  0.00000000E+00  0.00000000E+00  0.00000000E+00  0.00000000E+00  0.00000000E+00  0.00000000E+00  0.00000000E+00  0.00000000E+00  0.00000000E+00  0.00000000E+00  0.00000000E+00  0.00000000E+00  0.00000000E+00  0.00000000E+00  0.00000000E+00  0.00000000E+00  0.00000000E+00  0.00000000E+00  0.00000000E+00  0.00000000E+00  0.00000000E+00  0.00000000E+00  0.00000000E+00  0.00000000E+00  0.00000000E+00  0.00000000E+00  0.00000000E+00  0.00000000E+00  0.00000000E+00  0.00000000E+00  0.00000000E+00  0.00000000E+00  0.00000000E+00  0.00000000E+00  0.00000000E+00  0.00000000E+00  0.00000000E+00  0.00000000E+00  0.00000000E+00  0.00000000E+00  0.00000000E+00  0.00000000E+00  0.00000000E+00  0.00000000E+00  0.00000000E+00  0.00000000E+00
  2.62536997E-01  2.61745027E-01  2.61814808E-01  2.61169022E-01  2.59773412E-01  2.58922075E-01  2.57599731E-01  2.55844007E-01  2.53938286E-01  2.52077934E-01  2.49821867E-01  2.47201894E-01  2.44359522E-01  2.41826107E-01  2.38646590E-01  2.35343508E-01  2.31924596E-01  2.28186400E-01  2.24350536E-01  2.20305202E-01  2.16265848E-01  2.11975626E-01  2.07555858E-01  2.02963343E-01  1.98125220E-01  1.93373702E-01  1.88443115E-01  1.83314641E-01  1.78330808E-01  1.72985130E-01  1.67745014E-01  1.62368404E-01  1.57011558E-01  1.51582957E-01  1.46039978E-01  1.40654731E-01  1.35225895E-01  1.29739533E-01  1.24277156E-01  1.18808876E-01  1.13371756E-01  1.08178181E-01  1.02896842E-01  9.75983384E-02  9.24999979E-02  8.74328662E-02  8.24922588E-02  7.76701401E-02  7.29740807E-02  6.83929825E-02  6.39354749E-02  5.96514409E-02  5.54726303E-02  5.15338664E-02  4.76731944E-02  4.39969173E-02  4.04584199E-02  3.71036223E-02  3.38928572E-02  3.09091269E-02  2.80734628E-02  2.54164025E-02  2.28900873E-02  2.05907059E-02  1.84019769E-02  1.63934559E-02  1.45137294E-02  1.28242230E-02  1.12483319E-02  9.82217683E-03  8.53874361E-03  7.36618846E-03  6.32188174E-03  5.39004821E-03  4.58566208E-03  3.84668761E-03  3.21341970E-03  2.66936508E-03  2.19183633E-03  1.77459014E-03  1.44038131E-03  1.14748350E-03  9.08621708E-04  7.08518936E-04  5.45436085E-04  4.15901102E-04  3.11635919E-04  2.29648838E-04  1.70146213E-04  1.20940277E-04  8.60824028E-05  6.11441984E-05  4.26996773E-05  2.84084744E-05  1.92241908E-05  1.28015813E-05  8.68783838E-06  5.47702015E-06  3.06567530E-06  2.05799076E-06  1.11606077E-06  7.73179118E-07  3.73374992E-07  1.96454300E-07  8.86855672E-08  3.69381454E-08  1.94465738E-08  1.91346165E-08  6.02509103E-09  1.15798720E-09  0.00000000E+00  0.00000000E+00  0.00000000E+00  0.00000000E+00  0.00000000E+00  0.00000000E+00  0.00000000E+00  0.00000000E+00  0.00000000E+00  0.00000000E+00  0.00000000E+00  0.00000000E+00  0.00000000E+00  0.00000000E+00  0.00000000E+00  0.00000000E+00  0.00000000E+00  0.00000000E+00  0.00000000E+00  0.00000000E+00  0.00000000E+00  0.00000000E+00  0.00000000E+00  0.00000000E+00  0.00000000E+00  0.00000000E+00  0.00000000E+00  0.00000000E+00  0.00000000E+00  0.00000000E+00  0.00000000E+00  0.00000000E+00  0.00000000E+00  0.00000000E+00  0.00000000E+00  0.00000000E+00  0.00000000E+00  0.00000000E+00  0.00000000E+00  0.00000000E+00  0.00000000E+00  0.00000000E+00  0.00000000E+00  0.00000000E+00  0.00000000E+00  0.00000000E+00  0.00000000E+00  0.00000000E+00  0.00000000E+00  0.00000000E+00  0.00000000E+00  0.00000000E+00  0.00000000E+00  0.00000000E+00  0.00000000E+00  0.00000000E+00  0.00000000E+00  0.00000000E+00  0.00000000E+00  0.00000000E+00  0.00000000E+00  0.00000000E+00  0.00000000E+00  0.00000000E+00  0.00000000E+00  0.00000000E+00  0.00000000E+00  0.00000000E+00  0.00000000E+00  0.00000000E+00  0.00000000E+00  0.00000000E+00  0.00000000E+00  0.00000000E+00  0.00000000E+00  0.00000000E+00  0.00000000E+00  0.00000000E+00  0.00000000E+00  0.00000000E+00  0.00000000E+00  0.00000000E+00  0.00000000E+00  0.00000000E+00  0.00000000E+00  0.00000000E+00  0.00000000E+00  0.00000000E+00  0.00000000E+00  0.00000000E+00
  2.63657062E-01  2.63575716E-01  2.62963826E-01  2.62638794E-01  2.61615664E-01  2.60541459E-01  2.59239277E-01  2.57641001E-01  2.55834399E-01  2.53667926E-01  2.51631885E-01  2.49064234E-01  2.46402042E-01  2.43376784E-01  2.40432152E-01  2.37176751E-01  2.33591055E-01  2.29975909E-01  2.26420666E-01  2.22297006E-01  2.18205016E-01  2.13959795E-01  2.09366691E-01  2.04966326E-01  2.00213420E-01  1.95350009E-01  1.90424550E-01  1.85364253E-01  1.80149388E-01  1.74961708E-01  1.69704618E-01  1.64322307E-01  1.58955247E-01  1.53489153E-01  1.47971044E-01  1.42443106E-01  1.37054723E-01  1.31500478E-01  1.25974098E-01  1.20530293E-01  1.15130166E-01  1.09597265E-01  1.04377102E-01  9.91285136E-02  9.39725778E-02  8.88647600E-02  8.38924077E-02  7.90096426E-02  7.43034073E-02  6.96176186E-02  6.51400789E-02  6.07641411E-02  5.65248765E-02  5.24357447E-02  4.86116106E-02  4.48331903E-02  4.13054064E-02  3.78535748E-02  3.46447392E-02  3.15882804E-02  2.86678384E-02  2.59701703E-02  2.33972011E-02  2.10044331E-02  1.88310993E-02  1.67447658E-02  1.48718045E-02  1.31014210E-02  1.15116583E-02  1.00863909E-02  8.74529177E-03  7.57870010E-03  6.49450534E-03  5.54775102E-03  4.69901083E-03  3.94779186E-03  3.29502037E-03  2.74082940E-03  2.24740958E-03  1.83150361E-03  1.48320705E-03  1.17730426E-03  9.36077297E-04  7.25667744E-04  5.59889025E-04  4.26278131E-04  3.21744444E-04  2.39225261E-04  1.74820164E-04  1.25398038E-04  8.80774277E-05  6.30304557E-05  4.29355129E-05  2.90882153E-05  1.95254623E-05  1.27940300E-05  8.91251187E-06  5.49970385E-06  3.47667651E-06  2.12944669E-06  1.30843194E-06  6.13647892E-07  3.64961944E-07  1.65891003E-07  1.08848034E-07  4.72133222E-08  2.50363350E-08  4.72320804E-09  3.03263931E-09  0.00000000E+00  0.00000000E+00  0.00000000E+00  0.00000000E+00  0.00000000E+00  0.00000000E+00  0.00000000E+00  0.00000000E+00  0.00000000E+00  0.00000000E+00  0.00000000E+00  0.00000000E+00  0.00000000E+00  0.00000000E+00  0.00000000E+00  0.00000000E+00  0.00000000E+00  0.00000000E+00  0.00000000E+00  0.00000000E+00  0.00000000E+00  0.00000000E+00  0.00000000E+00  0.00000000E+00  0.00000000E+00  0.00000000E+00  0.00000000E+00  0.00000000E+00  0.00000000E+00  0.00000000E+00  0.00000000E+00  0.00000000E+00  0.00000000E+00  0.00000000E+00  0.00000000E+00  0.00000000E+00  0.00000000E+00  0.00000000E+00  0.00000000E+00  0.00000000E+00  0.00000000E+00  0.00000000E+00  0.00000000E+00  0.00000000E+00  0.00000000E+00  0.00000000E+00  0.00000000E+00  0.00000000E+00  0.00000000E+00  0.00000000E+00  0.00000000E+00  0.00000000E+00  0.00000000E+00  0.00000000E+00  0.00000000E+00  0.00000000E+00  0.00000000E+00  0.00000000E+00  0.00000000E+00  0.00000000E+00  0.00000000E+00  0.00000000E+00  0.00000000E+00  0.00000000E+00  0.00000000E+00  0.00000000E+00  0.00000000E+00  0.00000000E+00  0.00000000E+00  0.00000000E+00  0.00000000E+00  0.00000000E+00  0.00000000E+00  0.00000000E+00  0.00000000E+00  0.00000000E+00  0.00000000E+00  0.00000000E+00  0.00000000E+00  0.00000000E+00  0.00000000E+00  0.00000000E+00  0.00000000E+00  0.00000000E+00  0.00000000E+00  0.00000000E+00  0.00000000E+00  0.00000000E+00  0.00000000E+00  0.00000000E+00  0.00000000E+00
  2.62452497E-01  2.61753028E-01  2.61337088E-01  2.60891263E-01  2.59580505E-01  2.58723482E-01  2.57346507E-01  2.55743488E-01  2.53873070E-01  2.52034866E-01  2.49497954E-01  2.46949443E-01  2.44562296E-01  2.41425181E-01  2.38412154E-01  2.35215108E-01  2.31711685E-01  2.28126342E-01  2.24365687E-01  2.20389417E-01  2.16196781E-01  2.11668964E-01  2.07255946E-01  2.02848817E-01  1.98051443E-01  1.93282161E-01  1.88424878E-01  1.83328480E-01  1.78118108E-01  1.72996167E-01  1.67696759E-01  1.62396314E-01  1.57018770E-01  1.51531583E-01  1.46109299E-01  1.40675997E-01  1.35223604E-01  1.29706015E-01  1.24282606E-01  1.18795118E-01  1.13418509E-01  1.08104546E-01  1.02794163E-01  9.76211542E-02  9.25903844E-02  8.75251640E-02  8.25483332E-02  7.77384846E-02  7.30305609E-02  6.84245111E-02  6.40608768E-02  5.97484426E-02  5.55463581E-02  5.15326980E-02  4.77142584E-02  4.39937563E-02  4.04829722E-02  3.71363868E-02  3.39972279E-02  3.09410932E-02  2.80917694E-02  2.54104838E-02  2.29193221E-02  2.05647517E-02  1.84310050E-02  1.63946434E-02  1.45426718E-02  1.28231943E-02  1.12480662E-02  9.83933561E-03  8.53641028E-03  7.38494397E-03  6.32753212E-03  5.40845589E-03  4.59215399E-03  3.85602742E-03  3.22333558E-03  2.66917436E-03  2.18407575E-03  1.79077010E-03  1.43765789E-03  1.14574724E-03  9.03534042E-04  7.07092625E-04  5.46257255E-04  4.16632460E-04  3.11745020E-04  2.30213394E-04  1.68839902E-04  1.22259666E-04  8.58160967E-05  5.98142522E-05  4.18153284E-05  2.92985736E-05  1.88952078E-05  1.23513336E-05  7.87986833E-06  5.13028323E-06  3.43367383E-06  1.98315215E-06  1.29895744E-06  6.70493058E-07  3.64183056E-07  1.61843895E-07  1.04647950E-07  5.68522252E-08  2.44231230E-08  1.80488568E-09  8.37108701E-09  0.00000000E+00  5.80205232E-09  0.00000000E+00  0.00000000E+00  0.00000000E+00  0.00000000E+00  0.00000000E+00  0.00000000E+00  0.00000000E+00  0.00000000E+00  0.00000000E+00  0.00000000E+00  0.00000000E+00  0.00000000E+00  0.00000000E+00  0.00000000E+00  0.00000000E+00  0.00000000E+00  0.00000000E+00  0.00000000E+00  0.00000000E+00  0.00000000E+00  0.00000000E+00  0.00000000E+00  0.00000000E+00  0.00000000E+00  0.00000000E+00  0.00000000E+00  0.00000000E+00  0.00000000E+00  0.00000000E+00  0.00000000E+00  0.00000000E+00  0.00000000E+00  0.00000000E+00  0.00000000E+00  0.00000000E+00  0.00000000E+00  0.00000000E+00  0.00000000E+00  0.00000000E+00  0.00000000E+00  0.00000000E+00  0.00000000E+00  0.00000000E+00  0.00000000E+00  0.00000000E+00  0.00000000E+00  0.00000000E+00  0.00000000E+00  0.00000000E+00  0.00000000E+00  0.00000000E+00  0.00000000E+00  0.00000000E+00  0.00000000E+00  0.00000000E+00  0.00000000E+00  0.00000000E+00  0.00000000E+00  0.00000000E+00  0.00000000E+00  0.00000000E+00  0.00000000E+00  0.00000000E+00  0.00000000E+00  0.00000000E+00  0.00000000E+00  0.00000000E+00  0.00000000E+00  0.00000000E+00  0.00000000E+00  0.00000000E+00  0.00000000E+00  0.00000000E+00  0.00000000E+00  0.00000000E+00  0.00000000E+00  0.00000000E+00  0.00000000E+00  0.00000000E+00  0.00000000E+00  0.00000000E+00  0.00000000E+00  0.00000000E+00  0.00000000E+00  0.00000000E+00  0.00000000E+00  0.00000000E+00  0.00000000E+00  0.00000000E+00
  2.62468388E-01  2.61283923E-01  2.61208123E-01  2.60843582E-01  2.59471467E-01  2.58791908E-01  2.57221057E-01  2.55549549E-01  2.53931501E-01  2.51799170E-01  2.49487130E-01  2.46896816E-01  2.44558518E-01  2.41534220E-01  2.38402259E-01  2.35173079E-01  2.31919266E-01  2.28200703E-01  2.24364062E-01  2.20170122E-01  2.16212312E-01  2.11850993E-01  2.07414143E-01  2.02883853E-01  1.98143501E-01  1.93376170E-01  1.88417734E-01  1.83369060E-01  1.78199847E-01  1.73009317E-01  1.67668816E-01  1.62437809E-01  1.57026078E-01  1.51590922E-01  1.46145370E-01  1.40705571E-01  1.35163543E-01  1.29756823E-01  1.24293498E-01  1.18804895E-01  1.13494293E-01  1.08120887E-01  1.02838573E-01  9.76383676E-02  9.24601481E-02  8.74720371E-02  8.26197307E-02  7.77862711E-02  7.29947780E-02  6.85014505E-02  6.40335729E-02  5.96610380E-02  5.55436514E-02  5.14987982E-02  4.76386986E-02  4.40017552E-02  4.04869015E-02  3.70940398E-02  3.39441261E-02  3.09486116E-02  2.80889935E-02  2.54256173E-02  2.29222696E-02  2.05613573E-02  1.84120136E-02  1.63927574E-02  1.45179477E-02  1.28375256E-02  1.12542637E-02  9.81913250E-03  8.53697334E-03  7.36512434E-03  6.32648181E-03  5.40364826E-03  4.58410465E-03  3.84100949E-03  3.21360349E-03  2.66894142E-03  2.18862706E-03  1.78155368E-03  1.43486578E-03  1.14789746E-03  9.04593535E-04  7.03847912E-04  5.46417176E-04  4.16398248E-04  3.14947624E-04  2.31167822E-04  1.68426876E-04  1.21651472E-04  8.66431417E-05  6.07938355E-05  4.15016940E-05  2.84110689E-05  1.87754733E-05  1.20803195E-05  8.07114611E-06  5.30395826E-06  3.39318531E-06  2.01894914E-06  1.23645904E-06  7.01123928E-07  4.12040946E-07  1.47822962E-07  9.10675496E-08  2.87494189E-08  2.43189453E-08  1.57161137E-08  6.05988306E-10  5.22134058E-11  0.00000000E+00  4.61491582E-10  0.00000000E+00  0.00000000E+00  0.00000000E+00  0.00000000E+00  0.00000000E+00  0.00000000E+00  0.00000000E+00  0.00000000E+00  0.00000000E+00  0.00000000E+00  0.00000000E+00  0.00000000E+00  0.00000000E+00  0.00000000E+00  0.00000000E+00  0.00000000E+00  0.00000000E+00  0.00000000E+00  0.00000000E+00  0.00000000E+00  0.00000000E+00  0.00000000E+00  0.00000000E+00  0.00000000E+00  0.00000000E+00  0.00000000E+00  0.00000000E+00  0.00000000E+00  0.00000000E+00  0.00000000E+00  0.00000000E+00  0.00000000E+00  0.00000000E+00  0.00000000E+00  0.00000000E+00  0.00000000E+00  0.00000000E+00  0.00000000E+00  0.00000000E+00  0.00000000E+00  0.00000000E+00  0.00000000E+00  0.00000000E+00  0.00000000E+00  0.00000000E+00  0.00000000E+00  0.00000000E+00  0.00000000E+00  0.00000000E+00  0.00000000E+00  0.00000000E+00  0.00000000E+00  0.00000000E+00  0.00000000E+00  0.00000000E+00  0.00000000E+00  0.00000000E+00  0.00000000E+00  0.00000000E+00  0.00000000E+00  0.00000000E+00  0.00000000E+00  0.00000000E+00  0.00000000E+00  0.00000000E+00  0.00000000E+00  0.00000000E+00  0.00000000E+00  0.00000000E+00  0.00000000E+00  0.00000000E+00  0.00000000E+00  0.00000000E+00  0.00000000E+00  0.00000000E+00  0.00000000E+00  0.00000000E+00  0.00000000E+00  0.00000000E+00  0.00000000E+00  0.00000000E+00  0.00000000E+00  0.00000000E+00  0.00000000E+00  0.00000000E+00  0.00000000E+00  0.00000000E+00  0.00000000E+00
